bank_id,comparison,panel,seed,map_seed,mode,repetition,success_delta,efficient_success_delta,steps_delta,noop_rate_delta
1,balanced_minus_collected,panel_0,0,1040000,greedy,0,0,0,-15,0.39999999999999997
1,balanced_minus_collected,panel_0,0,1040001,greedy,0,0,0,0,-0.03125
1,balanced_minus_collected,panel_0,0,1040002,greedy,0,0,0,0,0.0
1,balanced_minus_collected,panel_0,0,1040003,greedy,0,0,1,-19,-0.76
1,balanced_minus_collected,panel_0,0,1040004,greedy,0,0,0,-22,0.0
1,balanced_minus_collected,panel_0,0,1040005,greedy,0,0,0,0,0.0
1,balanced_minus_collected,panel_0,0,1040006,greedy,0,-1,-1,31,0.96875
1,balanced_minus_collected,panel_0,0,1040007,greedy,0,0,1,-20,0.0
1,balanced_minus_collected,panel_0,0,1040008,greedy,0,0,0,-14,0.0
1,balanced_minus_collected,panel_0,0,1040009,greedy,0,0,-1,27,0.7931034482758621
1,balanced_minus_collected,panel_0,0,1040010,greedy,0,1,0,-15,0.5183823529411765
1,balanced_minus_collected,panel_0,0,1040011,greedy,0,0,0,0,0.0
1,balanced_minus_collected,panel_0,0,1040012,greedy,0,0,-1,26,0.37037037037037035
1,balanced_minus_collected,panel_0,0,1040013,greedy,0,0,0,0,-0.09375
1,balanced_minus_collected,panel_0,0,1040014,greedy,0,0,0,0,0.3125
1,balanced_minus_collected,panel_0,0,1040015,greedy,0,0,0,-5,-0.5694789081885856
1,balanced_minus_collected,panel_0,0,1040017,greedy,0,0,1,-25,-0.5483870967741935
1,balanced_minus_collected,panel_0,0,1040018,greedy,0,0,1,-19,-0.7307692307692307
1,balanced_minus_collected,panel_0,0,1040019,greedy,0,-1,0,0,0.125
1,balanced_minus_collected,panel_0,0,1040020,greedy,0,-1,0,6,-0.20673076923076927
1,balanced_minus_collected,panel_0,0,1040021,greedy,0,1,1,-29,-1.0
1,balanced_minus_collected,panel_0,0,1040022,greedy,0,0,-1,19,0.7916666666666666
1,balanced_minus_collected,panel_0,0,1040023,greedy,0,0,1,-23,-0.9583333333333334
1,balanced_minus_collected,panel_0,0,1040024,greedy,0,0,-1,8,0.7272727272727273
1,balanced_minus_collected,panel_0,0,1040025,greedy,0,0,-1,17,0.37777777777777777
1,balanced_minus_collected,panel_0,0,1040026,greedy,0,0,0,0,0.0
1,balanced_minus_collected,panel_0,0,1040027,greedy,0,1,0,-2,0.3375
1,balanced_minus_collected,panel_0,0,1040028,greedy,0,0,1,-23,-0.8846153846153846
1,balanced_minus_collected,panel_0,0,1040029,greedy,0,-1,-1,28,0.875
1,balanced_minus_collected,panel_0,0,1040030,greedy,0,1,0,-8,-0.20833333333333337
1,balanced_minus_collected,panel_0,0,1040031,greedy,0,0,-1,25,-0.3333333333333333
1,balanced_minus_collected,panel_0,0,1040032,greedy,0,0,-1,20,0.5
1,balanced_minus_collected,panel_0,0,1040033,greedy,0,1,1,-26,0.08333333333333331
1,balanced_minus_collected,panel_0,0,1040034,greedy,0,0,1,-24,-0.13793103448275862
1,balanced_minus_collected,panel_0,0,1040035,greedy,0,0,-1,25,0.4074074074074074
1,balanced_minus_collected,panel_0,0,1040036,greedy,0,0,0,0,0.0
1,balanced_minus_collected,panel_0,0,1040037,greedy,0,0,0,0,0.53125
1,balanced_minus_collected,panel_0,0,1040038,greedy,0,1,1,-30,-0.9375
1,balanced_minus_collected,panel_0,0,1040039,greedy,0,0,0,0,0.0
1,balanced_minus_collected,panel_0,0,1040040,greedy,0,0,0,0,0.0
1,balanced_minus_collected,panel_0,0,1040041,greedy,0,0,1,-19,-0.8260869565217391
1,balanced_minus_collected,panel_0,0,1040042,greedy,0,0,1,-25,-0.8333333333333334
1,balanced_minus_collected,panel_0,0,1040043,greedy,0,0,0,7,-0.12
1,balanced_minus_collected,panel_0,0,1040044,greedy,0,0,1,-20,-0.8333333333333334
1,balanced_minus_collected,panel_0,0,1040045,greedy,0,0,0,0,0.0
1,balanced_minus_collected,panel_0,0,1040046,greedy,0,0,0,-19,-0.3657407407407407
1,balanced_minus_collected,panel_0,0,1040047,greedy,0,0,0,1,0.25925925925925924
1,balanced_minus_collected,panel_0,0,1040048,greedy,0,0,0,0,0.0
1,balanced_minus_collected,panel_0,0,1040049,greedy,0,1,0,0,-0.28125
1,balanced_minus_collected,panel_0,0,1040050,greedy,0,1,0,-12,-0.25
1,balanced_minus_collected,panel_0,0,1040051,greedy,0,0,-1,25,0.5555555555555556
1,balanced_minus_collected,panel_0,0,1040052,greedy,0,0,0,0,0.0
1,balanced_minus_collected,panel_0,0,1040053,greedy,0,1,1,-27,-1.0
1,balanced_minus_collected,panel_0,0,1040054,greedy,0,0,0,0,-0.0625
1,balanced_minus_collected,panel_0,0,1040055,greedy,0,0,0,21,0.5555555555555556
1,balanced_minus_collected,panel_0,0,1040056,greedy,0,0,0,0,0.0
1,balanced_minus_collected,panel_0,0,1040057,greedy,0,0,0,0,0.0
1,balanced_minus_collected,panel_0,0,1040058,greedy,0,0,0,-2,0.0
1,balanced_minus_collected,panel_0,0,1040059,greedy,0,0,-1,22,0.8571428571428571
1,balanced_minus_collected,panel_0,0,1040060,greedy,0,0,0,0,0.0
1,balanced_minus_collected,panel_0,0,1040061,greedy,0,0,0,-4,0.19034482758620686
1,balanced_minus_collected,panel_0,0,1040062,greedy,0,0,-1,16,0.3333333333333333
1,balanced_minus_collected,panel_0,0,1040063,greedy,0,1,0,-27,-0.4
1,balanced_minus_collected,panel_0,0,1040064,greedy,0,0,0,-8,-0.7142857142857143
1,balanced_minus_collected,panel_0,1,1040000,greedy,0,1,1,-28,-0.90625
1,balanced_minus_collected,panel_0,1,1040001,greedy,0,0,0,0,0.15625
1,balanced_minus_collected,panel_0,1,1040002,greedy,0,0,-1,19,0.4583333333333333
1,balanced_minus_collected,panel_0,1,1040003,greedy,0,0,-1,20,0.0
1,balanced_minus_collected,panel_0,1,1040004,greedy,0,0,0,0,0.0
1,balanced_minus_collected,panel_0,1,1040005,greedy,0,0,0,4,-0.3216783216783217
1,balanced_minus_collected,panel_0,1,1040006,greedy,0,0,1,-25,-0.8846153846153846
1,balanced_minus_collected,panel_0,1,1040007,greedy,0,0,0,0,0.0
1,balanced_minus_collected,panel_0,1,1040008,greedy,0,0,0,0,0.0
1,balanced_minus_collected,panel_0,1,1040009,greedy,0,0,0,7,0.358974358974359
1,balanced_minus_collected,panel_0,1,1040010,greedy,0,1,0,-1,-0.0776209677419355
1,balanced_minus_collected,panel_0,1,1040011,greedy,0,0,-1,23,0.4482758620689655
1,balanced_minus_collected,panel_0,1,1040012,greedy,0,0,0,0,0.0
1,balanced_minus_collected,panel_0,1,1040013,greedy,0,0,0,0,-0.09375
1,balanced_minus_collected,panel_0,1,1040014,greedy,0,0,-1,8,0.0
1,balanced_minus_collected,panel_0,1,1040015,greedy,0,0,0,-18,-0.19285714285714295
1,balanced_minus_collected,panel_0,1,1040017,greedy,0,0,0,16,-0.006734006734006703
1,balanced_minus_collected,panel_0,1,1040018,greedy,0,0,0,-9,-0.18571428571428572
1,balanced_minus_collected,panel_0,1,1040019,greedy,0,0,0,0,0.25
1,balanced_minus_collected,panel_0,1,1040020,greedy,0,0,0,-3,0.5963636363636363
1,balanced_minus_collected,panel_0,1,1040021,greedy,0,1,1,-29,-1.0
1,balanced_minus_collected,panel_0,1,1040022,greedy,0,-1,0,7,-0.56375
1,balanced_minus_collected,panel_0,1,1040023,greedy,0,-1,0,26,-0.05208333333333337
1,balanced_minus_collected,panel_0,1,1040024,greedy,0,0,0,0,0.0
1,balanced_minus_collected,panel_0,1,1040025,greedy,0,1,1,-26,-0.71875
1,balanced_minus_collected,panel_0,1,1040026,greedy,0,0,-1,22,0.75
1,balanced_minus_collected,panel_0,1,1040027,greedy,0,0,0,7,0.03888888888888886
1,balanced_minus_collected,panel_0,1,1040028,greedy,0,0,-1,20,0.782608695652174
1,balanced_minus_collected,panel_0,1,1040029,greedy,0,-1,0,18,0.3660714285714286
1,balanced_minus_collected,panel_0,1,1040030,greedy,0,-1,-1,29,1.0
1,balanced_minus_collected,panel_0,1,1040031,greedy,0,0,-1,25,0.2413793103448276
1,balanced_minus_collected,panel_0,1,1040032,greedy,0,0,0,18,0.0
1,balanced_minus_collected,panel_0,1,1040033,greedy,0,0,-1,22,0.07142857142857142
1,balanced_minus_collected,panel_0,1,1040034,greedy,0,0,-1,22,0.07407407407407407
1,balanced_minus_collected,panel_0,1,1040035,greedy,0,0,-1,22,0.23076923076923078
1,balanced_minus_collected,panel_0,1,1040036,greedy,0,1,0,-11,-0.7023809523809523
1,balanced_minus_collected,panel_0,1,1040037,greedy,0,0,0,0,-0.03125
1,balanced_minus_collected,panel_0,1,1040038,greedy,0,-1,-1,30,0.15625
1,balanced_minus_collected,panel_0,1,1040039,greedy,0,0,0,6,0.72
1,balanced_minus_collected,panel_0,1,1040040,greedy,0,0,0,0,0.0
1,balanced_minus_collected,panel_0,1,1040041,greedy,0,1,1,-28,-0.90625
1,balanced_minus_collected,panel_0,1,1040042,greedy,0,0,1,-20,-0.8
1,balanced_minus_collected,panel_0,1,1040043,greedy,0,1,1,-26,-0.6041666666666667
1,balanced_minus_collected,panel_0,1,1040044,greedy,0,0,-1,20,0.4232804232804233
1,balanced_minus_collected,panel_0,1,1040045,greedy,0,0,0,-2,-0.050000000000000044
1,balanced_minus_collected,panel_0,1,1040046,greedy,0,-1,-1,29,0.875
1,balanced_minus_collected,panel_0,1,1040047,greedy,0,0,1,-9,-0.6923076923076923
1,balanced_minus_collected,panel_0,1,1040048,greedy,0,0,0,0,0.0
1,balanced_minus_collected,panel_0,1,1040049,greedy,0,1,1,-25,-0.875
1,balanced_minus_collected,panel_0,1,1040050,greedy,0,0,0,0,0.0
1,balanced_minus_collected,panel_0,1,1040051,greedy,0,0,0,0,0.0
1,balanced_minus_collected,panel_0,1,1040052,greedy,0,0,0,0,0.0
1,balanced_minus_collected,panel_0,1,1040053,greedy,0,-1,-1,24,0.46875
1,balanced_minus_collected,panel_0,1,1040054,greedy,0,1,0,-21,-0.2102272727272727
1,balanced_minus_collected,panel_0,1,1040055,greedy,0,0,1,-5,-0.7142857142857143
1,balanced_minus_collected,panel_0,1,1040056,greedy,0,0,-1,6,0.6153846153846154
1,balanced_minus_collected,panel_0,1,1040057,greedy,0,0,1,-9,-0.9
1,balanced_minus_collected,panel_0,1,1040058,greedy,0,0,1,-26,-0.5517241379310345
1,balanced_minus_collected,panel_0,1,1040059,greedy,0,0,1,-12,-0.75
1,balanced_minus_collected,panel_0,1,1040060,greedy,0,0,0,0,0.0
1,balanced_minus_collected,panel_0,1,1040061,greedy,0,-1,0,17,0.16874999999999996
1,balanced_minus_collected,panel_0,1,1040062,greedy,0,0,0,0,0.0
1,balanced_minus_collected,panel_0,1,1040063,greedy,0,0,0,0,-0.09999999999999998
1,balanced_minus_collected,panel_0,1,1040064,greedy,0,0,0,0,0.0
1,balanced_minus_collected,panel_0,2,1040000,greedy,0,-1,0,18,0.90625
1,balanced_minus_collected,panel_0,2,1040001,greedy,0,0,0,0,0.0
1,balanced_minus_collected,panel_0,2,1040002,greedy,0,0,0,0,0.0
1,balanced_minus_collected,panel_0,2,1040003,greedy,0,0,0,-2,-0.1955555555555556
1,balanced_minus_collected,panel_0,2,1040004,greedy,0,0,-1,6,0.0
1,balanced_minus_collected,panel_0,2,1040005,greedy,0,0,1,-10,-0.9090909090909091
1,balanced_minus_collected,panel_0,2,1040006,greedy,0,0,0,0,0.0
1,balanced_minus_collected,panel_0,2,1040007,greedy,0,0,0,19,0.380952380952381
1,balanced_minus_collected,panel_0,2,1040008,greedy,0,0,0,0,0.0
1,balanced_minus_collected,panel_0,2,1040009,greedy,0,0,1,-4,0.0
1,balanced_minus_collected,panel_0,2,1040010,greedy,0,-1,0,10,0.1335227272727273
1,balanced_minus_collected,panel_0,2,1040011,greedy,0,0,0,-16,-0.7692307692307693
1,balanced_minus_collected,panel_0,2,1040012,greedy,0,0,0,0,0.0
1,balanced_minus_collected,panel_0,2,1040013,greedy,0,1,0,-16,-0.21875
1,balanced_minus_collected,panel_0,2,1040014,greedy,0,0,-1,23,0.4230769230769231
1,balanced_minus_collected,panel_0,2,1040015,greedy,0,1,0,-10,-0.18181818181818182
1,balanced_minus_collected,panel_0,2,1040017,greedy,0,0,1,-11,-0.7647058823529411
1,balanced_minus_collected,panel_0,2,1040018,greedy,0,0,1,-21,-0.6785714285714286
1,balanced_minus_collected,panel_0,2,1040019,greedy,0,-1,0,6,0.9375
1,balanced_minus_collected,panel_0,2,1040020,greedy,0,0,0,0,0.25
1,balanced_minus_collected,panel_0,2,1040021,greedy,0,-1,-1,27,0.6
1,balanced_minus_collected,panel_0,2,1040022,greedy,0,0,-1,24,0.41379310344827586
1,balanced_minus_collected,panel_0,2,1040023,greedy,0,0,1,-2,-0.6666666666666666
1,balanced_minus_collected,panel_0,2,1040024,greedy,0,0,1,-21,-0.7083333333333334
1,balanced_minus_collected,panel_0,2,1040025,greedy,0,0,0,0,0.125
1,balanced_minus_collected,panel_0,2,1040026,greedy,0,0,0,0,0.0
1,balanced_minus_collected,panel_0,2,1040027,greedy,0,0,0,-17,-0.5059523809523809
1,balanced_minus_collected,panel_0,2,1040028,greedy,0,1,1,-29,-0.9375
1,balanced_minus_collected,panel_0,2,1040029,greedy,0,0,0,-9,-0.11180124223602483
1,balanced_minus_collected,panel_0,2,1040030,greedy,0,-1,-1,29,1.0
1,balanced_minus_collected,panel_0,2,1040031,greedy,0,0,-1,17,0.2631578947368421
1,balanced_minus_collected,panel_0,2,1040032,greedy,0,0,0,0,0.0
1,balanced_minus_collected,panel_0,2,1040033,greedy,0,-1,0,12,-0.19999999999999996
1,balanced_minus_collected,panel_0,2,1040034,greedy,0,0,0,-13,-0.4230769230769231
1,balanced_minus_collected,panel_0,2,1040035,greedy,0,0,1,-24,-0.07692307692307693
1,balanced_minus_collected,panel_0,2,1040036,greedy,0,0,0,-3,0.08361204013377926
1,balanced_minus_collected,panel_0,2,1040037,greedy,0,0,0,0,-0.1875
1,balanced_minus_collected,panel_0,2,1040038,greedy,0,1,0,-4,-0.1607142857142857
1,balanced_minus_collected,panel_0,2,1040039,greedy,0,0,0,0,0.0
1,balanced_minus_collected,panel_0,2,1040040,greedy,0,0,0,0,0.0
1,balanced_minus_collected,panel_0,2,1040041,greedy,0,0,0,0,0.0
1,balanced_minus_collected,panel_0,2,1040042,greedy,0,0,0,0,0.0
1,balanced_minus_collected,panel_0,2,1040043,greedy,0,0,1,-16,0.0
1,balanced_minus_collected,panel_0,2,1040044,greedy,0,0,1,-13,-0.7647058823529411
1,balanced_minus_collected,panel_0,2,1040045,greedy,0,0,0,0,0.0
1,balanced_minus_collected,panel_0,2,1040046,greedy,0,0,-1,20,0.0
1,balanced_minus_collected,panel_0,2,1040047,greedy,0,-1,0,6,0.0
1,balanced_minus_collected,panel_0,2,1040048,greedy,0,0,-1,3,0.6
1,balanced_minus_collected,panel_0,2,1040049,greedy,0,1,0,-7,-0.875
1,balanced_minus_collected,panel_0,2,1040050,greedy,0,0,0,0,0.0
1,balanced_minus_collected,panel_0,2,1040051,greedy,0,-1,-1,30,0.96875
1,balanced_minus_collected,panel_0,2,1040052,greedy,0,0,0,0,-0.125
1,balanced_minus_collected,panel_0,2,1040053,greedy,0,-1,-1,27,1.0
1,balanced_minus_collected,panel_0,2,1040054,greedy,0,-1,0,7,0.12
1,balanced_minus_collected,panel_0,2,1040055,greedy,0,0,0,-2,0.0
1,balanced_minus_collected,panel_0,2,1040056,greedy,0,0,1,-18,-0.782608695652174
1,balanced_minus_collected,panel_0,2,1040057,greedy,0,1,0,-8,-0.01041666666666663
1,balanced_minus_collected,panel_0,2,1040058,greedy,0,0,0,0,0.0
1,balanced_minus_collected,panel_0,2,1040059,greedy,0,0,-1,20,0.0
1,balanced_minus_collected,panel_0,2,1040060,greedy,0,0,0,0,0.0
1,balanced_minus_collected,panel_0,2,1040061,greedy,0,1,0,-6,-0.2692307692307693
1,balanced_minus_collected,panel_0,2,1040062,greedy,0,0,0,-2,0.0
1,balanced_minus_collected,panel_0,2,1040063,greedy,0,0,1,-3,-0.6
1,balanced_minus_collected,panel_0,2,1040064,greedy,0,0,-1,19,0.8260869565217391
1,balanced_minus_collected,panel_1,0,1041000,greedy,0,0,-1,25,0.6538461538461539
1,balanced_minus_collected,panel_1,0,1041001,greedy,0,-1,0,0,0.0625
1,balanced_minus_collected,panel_1,0,1041002,greedy,0,0,-1,22,0.26666666666666666
1,balanced_minus_collected,panel_1,0,1041003,greedy,0,0,0,0,0.0
1,balanced_minus_collected,panel_1,0,1041004,greedy,0,0,0,-8,-0.09275362318840585
1,balanced_minus_collected,panel_1,0,1041005,greedy,0,0,0,0,0.0
1,balanced_minus_collected,panel_1,0,1041006,greedy,0,0,0,0,0.0
1,balanced_minus_collected,panel_1,0,1041007,greedy,0,0,1,-3,-0.6
1,balanced_minus_collected,panel_1,0,1041008,greedy,0,0,0,-13,-0.5021551724137931
1,balanced_minus_collected,panel_1,0,1041009,greedy,0,0,0,0,0.0
1,balanced_minus_collected,panel_1,0,1041010,greedy,0,0,0,0,0.0
1,balanced_minus_collected,panel_1,0,1041011,greedy,0,0,0,0,0.0
1,balanced_minus_collected,panel_1,0,1041012,greedy,0,0,0,0,0.21875
1,balanced_minus_collected,panel_1,0,1041013,greedy,0,0,0,0,-0.5
1,balanced_minus_collected,panel_1,0,1041014,greedy,0,0,0,0,0.0
1,balanced_minus_collected,panel_1,0,1041015,greedy,0,0,0,2,0.0
1,balanced_minus_collected,panel_1,0,1041016,greedy,0,0,0,2,0.4065934065934066
1,balanced_minus_collected,panel_1,0,1041017,greedy,0,1,0,-6,-0.12019230769230771
1,balanced_minus_collected,panel_1,0,1041018,greedy,0,0,1,-12,-0.9230769230769231
1,balanced_minus_collected,panel_1,0,1041019,greedy,0,0,0,0,0.0
1,balanced_minus_collected,panel_1,0,1041020,greedy,0,0,0,0,0.0
1,balanced_minus_collected,panel_1,0,1041021,greedy,0,0,0,0,0.125
1,balanced_minus_collected,panel_1,0,1041022,greedy,0,0,0,0,0.0
1,balanced_minus_collected,panel_1,0,1041023,greedy,0,1,0,-15,-0.2941176470588235
1,balanced_minus_collected,panel_1,0,1041024,greedy,0,0,0,0,-0.09375
1,balanced_minus_collected,panel_1,0,1041025,greedy,0,1,0,-14,-0.2777777777777778
1,balanced_minus_collected,panel_1,0,1041026,greedy,0,0,0,-2,-0.5
1,balanced_minus_collected,panel_1,0,1041027,greedy,0,0,0,-5,-0.05892255892255893
1,balanced_minus_collected,panel_1,0,1041028,greedy,0,0,1,-22,-0.48
1,balanced_minus_collected,panel_1,0,1041029,greedy,0,0,0,0,0.0
1,balanced_minus_collected,panel_1,0,1041030,greedy,0,0,0,0,0.09375
1,balanced_minus_collected,panel_1,0,1041031,greedy,0,0,0,0,0.0
1,balanced_minus_collected,panel_1,0,1041032,greedy,0,1,0,-12,0.14375000000000004
1,balanced_minus_collected,panel_1,0,1041033,greedy,0,1,1,-27,-0.96875
1,balanced_minus_collected,panel_1,0,1041034,greedy,0,0,1,-18,-0.6086956521739131
1,balanced_minus_collected,panel_1,0,1041035,greedy,0,0,0,0,0.0
1,balanced_minus_collected,panel_1,0,1041036,greedy,0,0,0,0,0.0
1,balanced_minus_collected,panel_1,0,1041037,greedy,0,0,0,0,0.0
1,balanced_minus_collected,panel_1,0,1041038,greedy,0,0,0,0,-0.03125
1,balanced_minus_collected,panel_1,0,1041039,greedy,0,0,-1,10,0.6666666666666666
1,balanced_minus_collected,panel_1,0,1041040,greedy,0,-1,-1,26,1.0
1,balanced_minus_collected,panel_1,0,1041041,greedy,0,0,1,-25,-0.32142857142857145
1,balanced_minus_collected,panel_1,0,1041042,greedy,0,0,0,-8,-0.05714285714285705
1,balanced_minus_collected,panel_1,0,1041043,greedy,0,1,0,-6,-0.42307692307692313
1,balanced_minus_collected,panel_1,0,1041044,greedy,0,0,0,0,0.0
1,balanced_minus_collected,panel_1,0,1041045,greedy,0,-1,0,14,0.1840277777777778
1,balanced_minus_collected,panel_1,0,1041046,greedy,0,0,0,0,0.0625
1,balanced_minus_collected,panel_1,0,1041047,greedy,0,0,0,-2,0.0
1,balanced_minus_collected,panel_1,0,1041048,greedy,0,-1,-1,25,0.78125
1,balanced_minus_collected,panel_1,0,1041049,greedy,0,0,0,0,0.0
1,balanced_minus_collected,panel_1,0,1041050,greedy,0,1,1,-29,-0.375
1,balanced_minus_collected,panel_1,0,1041051,greedy,0,-1,-1,27,0.96875
1,balanced_minus_collected,panel_1,0,1041052,greedy,0,0,0,0,0.0
1,balanced_minus_collected,panel_1,0,1041053,greedy,0,1,0,-12,-0.30625
1,balanced_minus_collected,panel_1,0,1041054,greedy,0,1,1,-26,-0.875
1,balanced_minus_collected,panel_1,0,1041055,greedy,0,0,0,0,0.0
1,balanced_minus_collected,panel_1,0,1041056,greedy,0,0,0,0,0.0
1,balanced_minus_collected,panel_1,0,1041057,greedy,0,0,0,0,0.125
1,balanced_minus_collected,panel_1,0,1041058,greedy,0,0,0,1,0.47435897435897434
1,balanced_minus_collected,panel_1,0,1041059,greedy,0,0,0,-4,0.0
1,balanced_minus_collected,panel_1,0,1041060,greedy,0,0,0,0,0.0
1,balanced_minus_collected,panel_1,0,1041061,greedy,0,0,-1,24,0.9230769230769231
1,balanced_minus_collected,panel_1,0,1041062,greedy,0,1,1,-28,-0.96875
1,balanced_minus_collected,panel_1,0,1041063,greedy,0,0,0,0,0.3125
1,balanced_minus_collected,panel_1,1,1041000,greedy,0,0,1,-2,0.0
1,balanced_minus_collected,panel_1,1,1041001,greedy,0,0,0,0,0.0625
1,balanced_minus_collected,panel_1,1,1041002,greedy,0,0,0,0,0.0
1,balanced_minus_collected,panel_1,1,1041003,greedy,0,-1,0,21,0.0
1,balanced_minus_collected,panel_1,1,1041004,greedy,0,0,-1,27,0.8709677419354839
1,balanced_minus_collected,panel_1,1,1041005,greedy,0,-1,0,7,-0.3175
1,balanced_minus_collected,panel_1,1,1041006,greedy,0,0,0,0,0.0
1,balanced_minus_collected,panel_1,1,1041007,greedy,0,-1,-1,30,0.53125
1,balanced_minus_collected,panel_1,1,1041008,greedy,0,0,0,0,0.0
1,balanced_minus_collected,panel_1,1,1041009,greedy,0,-1,-1,27,0.9375
1,balanced_minus_collected,panel_1,1,1041010,greedy,0,0,0,0,-0.15625
1,balanced_minus_collected,panel_1,1,1041011,greedy,0,0,0,0,0.0
1,balanced_minus_collected,panel_1,1,1041012,greedy,0,0,0,0,-0.21875
1,balanced_minus_collected,panel_1,1,1041013,greedy,0,0,0,11,-0.4117647058823529
1,balanced_minus_collected,panel_1,1,1041014,greedy,0,1,1,-31,-1.0
1,balanced_minus_collected,panel_1,1,1041015,greedy,0,0,0,0,0.0
1,balanced_minus_collected,panel_1,1,1041016,greedy,0,0,0,-1,-0.009230769230769265
1,balanced_minus_collected,panel_1,1,1041017,greedy,0,-1,0,10,0.17045454545454547
1,balanced_minus_collected,panel_1,1,1041018,greedy,0,0,0,0,0.0
1,balanced_minus_collected,panel_1,1,1041019,greedy,0,-1,0,7,0.10624999999999996
1,balanced_minus_collected,panel_1,1,1041020,greedy,0,0,0,0,0.0
1,balanced_minus_collected,panel_1,1,1041021,greedy,0,0,0,0,-0.0625
1,balanced_minus_collected,panel_1,1,1041022,greedy,0,0,0,-5,-0.012406947890818754
1,balanced_minus_collected,panel_1,1,1041023,greedy,0,0,0,0,0.0
1,balanced_minus_collected,panel_1,1,1041024,greedy,0,0,0,0,-0.0625
1,balanced_minus_collected,panel_1,1,1041025,greedy,0,1,0,-6,-0.03605769230769229
1,balanced_minus_collected,panel_1,1,1041026,greedy,0,0,0,0,0.0
1,balanced_minus_collected,panel_1,1,1041027,greedy,0,0,-1,17,0.625
1,balanced_minus_collected,panel_1,1,1041028,greedy,0,0,0,1,-0.22644927536231882
1,balanced_minus_collected,panel_1,1,1041029,greedy,0,0,1,-26,-0.9285714285714286
1,balanced_minus_collected,panel_1,1,1041030,greedy,0,1,0,-10,-0.2727272727272727
1,balanced_minus_collected,panel_1,1,1041031,greedy,0,0,0,-8,0.7272727272727273
1,balanced_minus_collected,panel_1,1,1041032,greedy,0,-1,0,11,0.1919642857142857
1,balanced_minus_collected,panel_1,1,1041033,greedy,0,0,0,-2,0.0
1,balanced_minus_collected,panel_1,1,1041034,greedy,0,0,1,-17,-0.85
1,balanced_minus_collected,panel_1,1,1041035,greedy,0,0,0,0,0.0
1,balanced_minus_collected,panel_1,1,1041036,greedy,0,0,-1,26,0.0
1,balanced_minus_collected,panel_1,1,1041037,greedy,0,0,0,-6,0.5807692307692307
1,balanced_minus_collected,panel_1,1,1041038,greedy,0,0,0,0,-0.1875
1,balanced_minus_collected,panel_1,1,1041039,greedy,0,0,1,-24,-0.7586206896551724
1,balanced_minus_collected,panel_1,1,1041040,greedy,0,0,0,4,-0.034965034965035
1,balanced_minus_collected,panel_1,1,1041041,greedy,0,0,0,-2,0.0
1,balanced_minus_collected,panel_1,1,1041042,greedy,0,0,1,-25,-0.5376344086021505
1,balanced_minus_collected,panel_1,1,1041043,greedy,0,0,0,0,0.09375
1,balanced_minus_collected,panel_1,1,1041044,greedy,0,0,0,4,0.0
1,balanced_minus_collected,panel_1,1,1041045,greedy,0,0,0,3,-0.03240740740740744
1,balanced_minus_collected,panel_1,1,1041046,greedy,0,-1,0,19,0.24278846153846156
1,balanced_minus_collected,panel_1,1,1041047,greedy,0,0,1,-10,0.0
1,balanced_minus_collected,panel_1,1,1041048,greedy,0,0,0,0,0.34375
1,balanced_minus_collected,panel_1,1,1041049,greedy,0,0,1,-25,-0.9615384615384616
1,balanced_minus_collected,panel_1,1,1041050,greedy,0,0,1,-11,-0.35714285714285715
1,balanced_minus_collected,panel_1,1,1041051,greedy,0,0,0,0,0.0
1,balanced_minus_collected,panel_1,1,1041052,greedy,0,0,0,0,0.0
1,balanced_minus_collected,panel_1,1,1041053,greedy,0,-1,-1,26,0.90625
1,balanced_minus_collected,panel_1,1,1041054,greedy,0,0,-1,18,0.0
1,balanced_minus_collected,panel_1,1,1041055,greedy,0,0,-1,7,0.7777777777777778
1,balanced_minus_collected,panel_1,1,1041056,greedy,0,0,0,1,0.3333333333333333
1,balanced_minus_collected,panel_1,1,1041057,greedy,0,-1,0,9,0.26086956521739135
1,balanced_minus_collected,panel_1,1,1041058,greedy,0,0,0,-5,-0.03591954022988508
1,balanced_minus_collected,panel_1,1,1041059,greedy,0,1,0,-3,-0.615301724137931
1,balanced_minus_collected,panel_1,1,1041060,greedy,0,0,0,0,0.0
1,balanced_minus_collected,panel_1,1,1041061,greedy,0,0,0,4,0.0910344827586207
1,balanced_minus_collected,panel_1,1,1041062,greedy,0,1,1,-28,-0.96875
1,balanced_minus_collected,panel_1,1,1041063,greedy,0,0,-1,18,0.6057692307692307
1,balanced_minus_collected,panel_1,2,1041000,greedy,0,0,-1,14,0.0
1,balanced_minus_collected,panel_1,2,1041001,greedy,0,-1,-1,27,0.90625
1,balanced_minus_collected,panel_1,2,1041002,greedy,0,-1,-1,26,0.84375
1,balanced_minus_collected,panel_1,2,1041003,greedy,0,0,0,0,0.0
1,balanced_minus_collected,panel_1,2,1041004,greedy,0,1,0,-22,-0.56875
1,balanced_minus_collected,panel_1,2,1041005,greedy,0,0,1,-12,-0.8
1,balanced_minus_collected,panel_1,2,1041006,greedy,0,0,0,0,0.0
1,balanced_minus_collected,panel_1,2,1041007,greedy,0,0,0,18,0.08333333333333333
1,balanced_minus_collected,panel_1,2,1041008,greedy,0,0,0,0,0.0
1,balanced_minus_collected,panel_1,2,1041009,greedy,0,0,0,0,0.0
1,balanced_minus_collected,panel_1,2,1041010,greedy,0,0,0,0,-0.15625
1,balanced_minus_collected,panel_1,2,1041011,greedy,0,0,0,0,0.0
1,balanced_minus_collected,panel_1,2,1041012,greedy,0,1,0,-2,-0.4375
1,balanced_minus_collected,panel_1,2,1041013,greedy,0,-1,-1,28,0.75
1,balanced_minus_collected,panel_1,2,1041014,greedy,0,0,0,0,0.0
1,balanced_minus_collected,panel_1,2,1041015,greedy,0,0,-1,8,0.0
1,balanced_minus_collected,panel_1,2,1041016,greedy,0,0,1,-9,-0.32727272727272727
1,balanced_minus_collected,panel_1,2,1041017,greedy,0,-1,0,1,-0.048387096774193505
1,balanced_minus_collected,panel_1,2,1041018,greedy,0,0,1,-11,-0.9166666666666666
1,balanced_minus_collected,panel_1,2,1041019,greedy,0,0,1,-8,-0.18181818181818182
1,balanced_minus_collected,panel_1,2,1041020,greedy,0,0,0,7,0.8620689655172413
1,balanced_minus_collected,panel_1,2,1041021,greedy,0,1,1,-24,-0.90625
1,balanced_minus_collected,panel_1,2,1041022,greedy,0,0,0,-2,-0.027972027972027913
1,balanced_minus_collected,panel_1,2,1041023,greedy,0,1,0,-5,-0.4814814814814815
1,balanced_minus_collected,panel_1,2,1041024,greedy,0,0,0,0,0.15625
1,balanced_minus_collected,panel_1,2,1041025,greedy,0,0,0,8,0.008547008547008517
1,balanced_minus_collected,panel_1,2,1041026,greedy,0,-1,-1,30,0.96875
1,balanced_minus_collected,panel_1,2,1041027,greedy,0,0,0,0,-0.03125
1,balanced_minus_collected,panel_1,2,1041028,greedy,0,0,-1,14,0.8235294117647058
1,balanced_minus_collected,panel_1,2,1041029,greedy,0,0,-1,8,0.8
1,balanced_minus_collected,panel_1,2,1041030,greedy,0,0,0,-7,0.0703703703703703
1,balanced_minus_collected,panel_1,2,1041031,greedy,0,0,0,0,0.0
1,balanced_minus_collected,panel_1,2,1041032,greedy,0,0,1,-12,-0.75
1,balanced_minus_collected,panel_1,2,1041033,greedy,0,0,0,0,0.0
1,balanced_minus_collected,panel_1,2,1041034,greedy,0,0,1,-17,-0.85
1,balanced_minus_collected,panel_1,2,1041035,greedy,0,0,0,0,0.0
1,balanced_minus_collected,panel_1,2,1041036,greedy,0,0,0,0,0.0
1,balanced_minus_collected,panel_1,2,1041037,greedy,0,0,0,-1,-0.25
1,balanced_minus_collected,panel_1,2,1041038,greedy,0,0,0,0,0.03125
1,balanced_minus_collected,panel_1,2,1041039,greedy,0,0,0,0,-0.1875
1,balanced_minus_collected,panel_1,2,1041040,greedy,0,1,1,-23,-0.5416666666666667
1,balanced_minus_collected,panel_1,2,1041041,greedy,0,0,-1,28,0.8387096774193549
1,balanced_minus_collected,panel_1,2,1041042,greedy,0,0,-1,13,0.7647058823529411
1,balanced_minus_collected,panel_1,2,1041043,greedy,0,1,0,-6,-0.17548076923076927
1,balanced_minus_collected,panel_1,2,1041044,greedy,0,0,1,-27,-0.7241379310344828
1,balanced_minus_collected,panel_1,2,1041045,greedy,0,0,1,-16,0.0
1,balanced_minus_collected,panel_1,2,1041046,greedy,0,-1,0,7,0.11499999999999999
1,balanced_minus_collected,panel_1,2,1041047,greedy,0,0,0,0,0.0
1,balanced_minus_collected,panel_1,2,1041048,greedy,0,0,0,0,0.09375
1,balanced_minus_collected,panel_1,2,1041049,greedy,0,0,0,0,0.0
1,balanced_minus_collected,panel_1,2,1041050,greedy,0,0,-1,24,0.0
1,balanced_minus_collected,panel_1,2,1041051,greedy,0,0,-1,16,0.5263157894736842
1,balanced_minus_collected,panel_1,2,1041052,greedy,0,0,0,0,0.5625
1,balanced_minus_collected,panel_1,2,1041053,greedy,0,-1,0,11,0.5729166666666667
1,balanced_minus_collected,panel_1,2,1041054,greedy,0,0,1,-22,-0.5333333333333333
1,balanced_minus_collected,panel_1,2,1041055,greedy,0,0,-1,26,0.0
1,balanced_minus_collected,panel_1,2,1041056,greedy,0,0,0,0,0.0
1,balanced_minus_collected,panel_1,2,1041057,greedy,0,0,0,0,0.0
1,balanced_minus_collected,panel_1,2,1041058,greedy,0,1,0,-2,0.4458333333333333
1,balanced_minus_collected,panel_1,2,1041059,greedy,0,0,0,-1,-0.45502645502645506
1,balanced_minus_collected,panel_1,2,1041060,greedy,0,0,-1,20,0.0
1,balanced_minus_collected,panel_1,2,1041061,greedy,0,0,1,-4,-0.6666666666666666
1,balanced_minus_collected,panel_1,2,1041062,greedy,0,0,-1,20,0.0
1,balanced_minus_collected,panel_1,2,1041063,greedy,0,1,0,-16,-0.1875
1,balanced_minus_collected,panel_2,0,1042000,greedy,0,0,0,0,-0.09375
1,balanced_minus_collected,panel_2,0,1042001,greedy,0,0,1,-20,-0.9523809523809523
1,balanced_minus_collected,panel_2,0,1042002,greedy,0,0,0,0,0.3125
1,balanced_minus_collected,panel_2,0,1042003,greedy,0,1,0,-5,-0.7210648148148149
1,balanced_minus_collected,panel_2,0,1042004,greedy,0,0,0,0,0.0
1,balanced_minus_collected,panel_2,0,1042005,greedy,0,0,0,0,0.0
1,balanced_minus_collected,panel_2,0,1042006,greedy,0,0,-1,6,0.7272727272727273
1,balanced_minus_collected,panel_2,0,1042007,greedy,0,0,0,0,0.0
1,balanced_minus_collected,panel_2,0,1042008,greedy,0,-1,-1,30,0.0
1,balanced_minus_collected,panel_2,0,1042010,greedy,0,0,1,-12,0.2823529411764706
1,balanced_minus_collected,panel_2,0,1042011,greedy,0,0,0,0,0.0
1,balanced_minus_collected,panel_2,0,1042012,greedy,0,0,1,-26,-0.8275862068965517
1,balanced_minus_collected,panel_2,0,1042013,greedy,0,0,0,7,-0.031862745098039214
1,balanced_minus_collected,panel_2,0,1042014,greedy,0,1,0,-29,-0.33333333333333337
1,balanced_minus_collected,panel_2,0,1042015,greedy,0,0,1,-6,-0.4
1,balanced_minus_collected,panel_2,0,1042017,greedy,0,0,1,-10,0.0
1,balanced_minus_collected,panel_2,0,1042018,greedy,0,0,0,0,0.0
1,balanced_minus_collected,panel_2,0,1042019,greedy,0,0,0,0,0.0
1,balanced_minus_collected,panel_2,0,1042020,greedy,0,-1,-1,28,0.3125
1,balanced_minus_collected,panel_2,0,1042021,greedy,0,0,-1,2,0.0
1,balanced_minus_collected,panel_2,0,1042022,greedy,0,-1,0,10,0.31534090909090906
1,balanced_minus_collected,panel_2,0,1042023,greedy,0,0,-1,5,0.3571428571428571
1,balanced_minus_collected,panel_2,0,1042024,greedy,0,0,0,4,0.4
1,balanced_minus_collected,panel_2,0,1042025,greedy,0,0,0,-2,-0.3333333333333333
1,balanced_minus_collected,panel_2,0,1042026,greedy,0,0,0,-3,-0.43
1,balanced_minus_collected,panel_2,0,1042027,greedy,0,0,-1,25,0.32142857142857145
1,balanced_minus_collected,panel_2,0,1042028,greedy,0,-1,0,1,-0.21572580645161288
1,balanced_minus_collected,panel_2,0,1042029,greedy,0,0,0,0,0.0
1,balanced_minus_collected,panel_2,0,1042030,greedy,0,0,-1,23,0.4230769230769231
1,balanced_minus_collected,panel_2,0,1042031,greedy,0,0,0,-6,-0.025000000000000022
1,balanced_minus_collected,panel_2,0,1042032,greedy,0,0,0,0,0.0
1,balanced_minus_collected,panel_2,0,1042033,greedy,0,0,0,-11,-0.7894736842105263
1,balanced_minus_collected,panel_2,0,1042034,greedy,0,0,-1,4,0.0
1,balanced_minus_collected,panel_2,0,1042035,greedy,0,-1,0,11,0.1428571428571429
1,balanced_minus_collected,panel_2,0,1042036,greedy,0,0,0,19,0.25
1,balanced_minus_collected,panel_2,0,1042037,greedy,0,0,-1,22,0.7586206896551724
1,balanced_minus_collected,panel_2,0,1042038,greedy,0,0,0,0,0.0
1,balanced_minus_collected,panel_2,0,1042039,greedy,0,-1,0,4,0.22321428571428573
1,balanced_minus_collected,panel_2,0,1042040,greedy,0,0,0,0,0.0
1,balanced_minus_collected,panel_2,0,1042041,greedy,0,0,-1,5,0.7142857142857143
1,balanced_minus_collected,panel_2,0,1042042,greedy,0,0,1,-21,-0.16761363636363635
1,balanced_minus_collected,panel_2,0,1042043,greedy,0,0,0,-7,-0.6948924731182795
1,balanced_minus_collected,panel_2,0,1042044,greedy,0,-1,0,20,0.33333333333333337
1,balanced_minus_collected,panel_2,0,1042045,greedy,0,0,0,0,0.0
1,balanced_minus_collected,panel_2,0,1042046,greedy,0,0,0,0,-0.0625
1,balanced_minus_collected,panel_2,0,1042047,greedy,0,0,0,-8,-0.4572230014025245
1,balanced_minus_collected,panel_2,0,1042048,greedy,0,1,1,-26,-0.46875
1,balanced_minus_collected,panel_2,0,1042049,greedy,0,0,0,0,0.0
1,balanced_minus_collected,panel_2,0,1042050,greedy,0,0,0,0,0.0
1,balanced_minus_collected,panel_2,0,1042051,greedy,0,0,0,0,0.0
1,balanced_minus_collected,panel_2,0,1042052,greedy,0,0,-1,21,0.9545454545454546
1,balanced_minus_collected,panel_2,0,1042053,greedy,0,0,0,0,0.0
1,balanced_minus_collected,panel_2,0,1042054,greedy,0,0,1,-14,0.0
1,balanced_minus_collected,panel_2,0,1042055,greedy,0,0,0,0,0.0
1,balanced_minus_collected,panel_2,0,1042056,greedy,0,1,0,-23,-0.3506944444444444
1,balanced_minus_collected,panel_2,0,1042057,greedy,0,0,1,-21,-0.84
1,balanced_minus_collected,panel_2,0,1042058,greedy,0,0,0,-2,-0.2857142857142857
1,balanced_minus_collected,panel_2,0,1042059,greedy,0,0,0,0,0.0
1,balanced_minus_collected,panel_2,0,1042060,greedy,0,0,0,-2,0.06260869565217397
1,balanced_minus_collected,panel_2,0,1042061,greedy,0,0,1,-18,-0.75
1,balanced_minus_collected,panel_2,0,1042062,greedy,0,0,1,-24,-0.8148148148148148
1,balanced_minus_collected,panel_2,0,1042063,greedy,0,0,0,-1,-0.14285714285714285
1,balanced_minus_collected,panel_2,0,1042064,greedy,0,0,0,0,0.125
1,balanced_minus_collected,panel_2,0,1042065,greedy,0,1,1,-28,-0.75
1,balanced_minus_collected,panel_2,1,1042000,greedy,0,0,1,-19,-0.29166666666666663
1,balanced_minus_collected,panel_2,1,1042001,greedy,0,0,-1,26,0.0
1,balanced_minus_collected,panel_2,1,1042002,greedy,0,0,0,-2,0.24523809523809526
1,balanced_minus_collected,panel_2,1,1042003,greedy,0,-1,0,6,-0.1923076923076923
1,balanced_minus_collected,panel_2,1,1042004,greedy,0,1,0,-25,0.0
1,balanced_minus_collected,panel_2,1,1042005,greedy,0,0,-1,12,0.30000000000000004
1,balanced_minus_collected,panel_2,1,1042006,greedy,0,0,0,-2,0.0
1,balanced_minus_collected,panel_2,1,1042007,greedy,0,0,-1,27,0.16666666666666666
1,balanced_minus_collected,panel_2,1,1042008,greedy,0,0,-1,28,0.6
1,balanced_minus_collected,panel_2,1,1042010,greedy,0,0,-1,25,0.6071428571428571
1,balanced_minus_collected,panel_2,1,1042011,greedy,0,0,-1,24,0.37037037037037035
1,balanced_minus_collected,panel_2,1,1042012,greedy,0,0,0,1,-0.45692307692307693
1,balanced_minus_collected,panel_2,1,1042013,greedy,0,0,0,11,-0.10483870967741937
1,balanced_minus_collected,panel_2,1,1042014,greedy,0,0,-1,20,0.9523809523809523
1,balanced_minus_collected,panel_2,1,1042015,greedy,0,0,0,0,0.0
1,balanced_minus_collected,panel_2,1,1042017,greedy,0,0,-1,26,0.5977011494252873
1,balanced_minus_collected,panel_2,1,1042018,greedy,0,0,0,-1,0.5455665024630542
1,balanced_minus_collected,panel_2,1,1042019,greedy,0,0,0,0,0.0
1,balanced_minus_collected,panel_2,1,1042020,greedy,0,0,0,4,0.8461538461538461
1,balanced_minus_collected,panel_2,1,1042021,greedy,0,0,0,0,0.0
1,balanced_minus_collected,panel_2,1,1042022,greedy,0,0,0,1,-0.04838709677419356
1,balanced_minus_collected,panel_2,1,1042023,greedy,0,0,1,-19,-0.95
1,balanced_minus_collected,panel_2,1,1042024,greedy,0,1,0,-10,-0.2727272727272727
1,balanced_minus_collected,panel_2,1,1042025,greedy,0,0,0,2,0.02777777777777779
1,balanced_minus_collected,panel_2,1,1042026,greedy,0,0,0,-12,-0.20740740740740737
1,balanced_minus_collected,panel_2,1,1042027,greedy,0,-1,-1,29,0.0
1,balanced_minus_collected,panel_2,1,1042028,greedy,0,0,0,0,0.0
1,balanced_minus_collected,panel_2,1,1042029,greedy,0,0,0,0,0.0
1,balanced_minus_collected,panel_2,1,1042030,greedy,0,0,0,0,0.0
1,balanced_minus_collected,panel_2,1,1042031,greedy,0,0,1,-28,-0.25
1,balanced_minus_collected,panel_2,1,1042032,greedy,0,0,0,0,0.0
1,balanced_minus_collected,panel_2,1,1042033,greedy,0,-1,-1,30,0.6875
1,balanced_minus_collected,panel_2,1,1042034,greedy,0,0,0,-18,0.7214285714285714
1,balanced_minus_collected,panel_2,1,1042035,greedy,0,0,0,3,0.011936339522546469
1,balanced_minus_collected,panel_2,1,1042036,greedy,0,0,0,0,0.0
1,balanced_minus_collected,panel_2,1,1042037,greedy,0,0,-1,16,0.4177777777777778
1,balanced_minus_collected,panel_2,1,1042038,greedy,0,0,-1,2,0.0
1,balanced_minus_collected,panel_2,1,1042039,greedy,0,-1,0,7,0.28874999999999995
1,balanced_minus_collected,panel_2,1,1042040,greedy,0,0,0,0,0.0
1,balanced_minus_collected,panel_2,1,1042041,greedy,0,0,0,16,0.0888888888888889
1,balanced_minus_collected,panel_2,1,1042042,greedy,0,0,0,0,0.03125
1,balanced_minus_collected,panel_2,1,1042043,greedy,0,1,0,-6,-0.11538461538461542
1,balanced_minus_collected,panel_2,1,1042044,greedy,0,0,-1,27,0.8709677419354839
1,balanced_minus_collected,panel_2,1,1042045,greedy,0,-1,0,5,-0.2152777777777778
1,balanced_minus_collected,panel_2,1,1042046,greedy,0,0,0,0,-0.09375
1,balanced_minus_collected,panel_2,1,1042047,greedy,0,0,-1,4,0.0
1,balanced_minus_collected,panel_2,1,1042048,greedy,0,0,0,13,0.7727272727272727
1,balanced_minus_collected,panel_2,1,1042049,greedy,0,0,0,0,0.0
1,balanced_minus_collected,panel_2,1,1042050,greedy,0,0,0,0,0.0
1,balanced_minus_collected,panel_2,1,1042051,greedy,0,0,0,15,0.9259259259259259
1,balanced_minus_collected,panel_2,1,1042052,greedy,0,0,0,4,0.7559523809523809
1,balanced_minus_collected,panel_2,1,1042053,greedy,0,-1,0,3,-0.017241379310344862
1,balanced_minus_collected,panel_2,1,1042054,greedy,0,0,0,0,0.0
1,balanced_minus_collected,panel_2,1,1042055,greedy,0,0,-1,12,0.8
1,balanced_minus_collected,panel_2,1,1042056,greedy,0,0,0,3,0.02006688963210701
1,balanced_minus_collected,panel_2,1,1042057,greedy,0,0,-1,19,0.043478260869565216
1,balanced_minus_collected,panel_2,1,1042058,greedy,0,0,1,-11,-0.5625
1,balanced_minus_collected,panel_2,1,1042059,greedy,0,0,0,0,0.0
1,balanced_minus_collected,panel_2,1,1042060,greedy,0,0,0,6,0.8095952023988007
1,balanced_minus_collected,panel_2,1,1042061,greedy,0,0,-1,6,0.0
1,balanced_minus_collected,panel_2,1,1042062,greedy,0,0,1,-8,0.0
1,balanced_minus_collected,panel_2,1,1042063,greedy,0,-1,0,0,0.125
1,balanced_minus_collected,panel_2,1,1042064,greedy,0,0,0,0,0.125
1,balanced_minus_collected,panel_2,1,1042065,greedy,0,0,0,16,-0.380952380952381
1,balanced_minus_collected,panel_2,2,1042000,greedy,0,0,0,5,-0.42059553349875933
1,balanced_minus_collected,panel_2,2,1042001,greedy,0,0,0,0,0.0
1,balanced_minus_collected,panel_2,2,1042002,greedy,0,-1,0,6,0.4375
1,balanced_minus_collected,panel_2,2,1042003,greedy,0,0,0,4,0.0
1,balanced_minus_collected,panel_2,2,1042004,greedy,0,0,0,0,0.0
1,balanced_minus_collected,panel_2,2,1042005,greedy,0,0,-1,23,0.3333333333333333
1,balanced_minus_collected,panel_2,2,1042006,greedy,0,0,-1,28,0.0
1,balanced_minus_collected,panel_2,2,1042007,greedy,0,0,0,0,0.0
1,balanced_minus_collected,panel_2,2,1042008,greedy,0,0,0,0,0.0
1,balanced_minus_collected,panel_2,2,1042010,greedy,0,0,0,-1,-0.4428571428571429
1,balanced_minus_collected,panel_2,2,1042011,greedy,0,0,0,2,0.0
1,balanced_minus_collected,panel_2,2,1042012,greedy,0,-1,-1,29,0.96875
1,balanced_minus_collected,panel_2,2,1042013,greedy,0,1,0,-25,0.5714285714285714
1,balanced_minus_collected,panel_2,2,1042014,greedy,0,0,-1,3,0.75
1,balanced_minus_collected,panel_2,2,1042015,greedy,0,0,0,-3,0.04857142857142857
1,balanced_minus_collected,panel_2,2,1042017,greedy,0,0,0,0,0.0
1,balanced_minus_collected,panel_2,2,1042018,greedy,0,-1,0,6,0.21875
1,balanced_minus_collected,panel_2,2,1042019,greedy,0,0,0,-19,0.02197802197802201
1,balanced_minus_collected,panel_2,2,1042020,greedy,0,0,0,9,0.48148148148148145
1,balanced_minus_collected,panel_2,2,1042021,greedy,0,0,-1,25,0.038461538461538464
1,balanced_minus_collected,panel_2,2,1042022,greedy,0,0,0,0,-0.4375
1,balanced_minus_collected,panel_2,2,1042023,greedy,0,0,0,-21,-0.011111111111111183
1,balanced_minus_collected,panel_2,2,1042024,greedy,0,-1,-1,21,0.13920454545454547
1,balanced_minus_collected,panel_2,2,1042025,greedy,0,0,0,0,0.0
1,balanced_minus_collected,panel_2,2,1042026,greedy,0,-1,-1,23,0.8125
1,balanced_minus_collected,panel_2,2,1042027,greedy,0,0,0,0,0.0
1,balanced_minus_collected,panel_2,2,1042028,greedy,0,0,0,0,0.0
1,balanced_minus_collected,panel_2,2,1042029,greedy,0,-1,-1,29,0.375
1,balanced_minus_collected,panel_2,2,1042030,greedy,0,0,-1,28,0.0
1,balanced_minus_collected,panel_2,2,1042031,greedy,0,1,0,-22,-1.0
1,balanced_minus_collected,panel_2,2,1042032,greedy,0,0,0,0,0.09375
1,balanced_minus_collected,panel_2,2,1042033,greedy,0,0,0,0,0.0
1,balanced_minus_collected,panel_2,2,1042034,greedy,0,-1,-1,31,0.03125
1,balanced_minus_collected,panel_2,2,1042035,greedy,0,0,0,-16,-0.6896551724137931
1,balanced_minus_collected,panel_2,2,1042036,greedy,0,0,0,0,0.0
1,balanced_minus_collected,panel_2,2,1042037,greedy,0,0,0,-6,0.0
1,balanced_minus_collected,panel_2,2,1042038,greedy,0,0,0,0,0.0
1,balanced_minus_collected,panel_2,2,1042039,greedy,0,1,0,-8,0.1875
1,balanced_minus_collected,panel_2,2,1042040,greedy,0,0,0,0,0.0
1,balanced_minus_collected,panel_2,2,1042041,greedy,0,0,-1,22,0.9166666666666666
1,balanced_minus_collected,panel_2,2,1042042,greedy,0,1,0,-6,-0.17548076923076927
1,balanced_minus_collected,panel_2,2,1042043,greedy,0,0,0,4,0.02285714285714291
1,balanced_minus_collected,panel_2,2,1042044,greedy,0,0,1,-22,-0.6923076923076923
1,balanced_minus_collected,panel_2,2,1042045,greedy,0,-1,0,6,0.46153846153846156
1,balanced_minus_collected,panel_2,2,1042046,greedy,0,0,0,0,0.0
1,balanced_minus_collected,panel_2,2,1042047,greedy,0,0,0,0,0.0
1,balanced_minus_collected,panel_2,2,1042048,greedy,0,0,1,-21,-0.5416666666666666
1,balanced_minus_collected,panel_2,2,1042049,greedy,0,0,-1,25,0.8846153846153846
1,balanced_minus_collected,panel_2,2,1042050,greedy,0,0,0,0,0.0
1,balanced_minus_collected,panel_2,2,1042051,greedy,0,0,0,0,0.0
1,balanced_minus_collected,panel_2,2,1042052,greedy,0,0,-1,16,0.9411764705882353
1,balanced_minus_collected,panel_2,2,1042053,greedy,0,0,-1,21,0.84
1,balanced_minus_collected,panel_2,2,1042054,greedy,0,0,0,0,0.0
1,balanced_minus_collected,panel_2,2,1042055,greedy,0,0,-1,16,0.631578947368421
1,balanced_minus_collected,panel_2,2,1042056,greedy,0,0,1,-20,-0.8333333333333334
1,balanced_minus_collected,panel_2,2,1042057,greedy,0,0,1,-20,-0.8333333333333334
1,balanced_minus_collected,panel_2,2,1042058,greedy,0,0,1,-22,-0.8148148148148148
1,balanced_minus_collected,panel_2,2,1042059,greedy,0,0,0,0,0.0
1,balanced_minus_collected,panel_2,2,1042060,greedy,0,0,-1,9,0.75
1,balanced_minus_collected,panel_2,2,1042061,greedy,0,0,-1,26,0.4
1,balanced_minus_collected,panel_2,2,1042062,greedy,0,0,0,0,0.0
1,balanced_minus_collected,panel_2,2,1042063,greedy,0,-1,0,9,0.13586956521739135
1,balanced_minus_collected,panel_2,2,1042064,greedy,0,0,0,0,0.09375
1,balanced_minus_collected,panel_2,2,1042065,greedy,0,1,1,-27,-0.7375
1,balanced_minus_collected,panel_3,0,1043000,greedy,0,0,0,0,0.0
1,balanced_minus_collected,panel_3,0,1043001,greedy,0,0,-1,9,0.75
1,balanced_minus_collected,panel_3,0,1043002,greedy,0,0,0,0,0.0
1,balanced_minus_collected,panel_3,0,1043003,greedy,0,0,0,0,0.0
1,balanced_minus_collected,panel_3,0,1043004,greedy,0,0,0,0,0.0
1,balanced_minus_collected,panel_3,0,1043005,greedy,0,0,-1,28,0.9333333333333333
1,balanced_minus_collected,panel_3,0,1043006,greedy,0,1,1,-30,-0.875
1,balanced_minus_collected,panel_3,0,1043007,greedy,0,0,0,19,0.84
1,balanced_minus_collected,panel_3,0,1043008,greedy,0,0,0,0,0.0
1,balanced_minus_collected,panel_3,0,1043009,greedy,0,0,0,-6,-0.23750000000000004
1,balanced_minus_collected,panel_3,0,1043010,greedy,0,0,1,-24,-0.35714285714285715
1,balanced_minus_collected,panel_3,0,1043011,greedy,0,0,0,8,0.1364522417153996
1,balanced_minus_collected,panel_3,0,1043012,greedy,0,-1,0,12,0.17500000000000004
1,balanced_minus_collected,panel_3,0,1043013,greedy,0,0,0,0,0.0
1,balanced_minus_collected,panel_3,0,1043014,greedy,0,-1,-1,29,0.96875
1,balanced_minus_collected,panel_3,0,1043015,greedy,0,-1,0,6,0.45913461538461536
1,balanced_minus_collected,panel_3,0,1043016,greedy,0,0,-1,3,0.6
1,balanced_minus_collected,panel_3,0,1043017,greedy,0,0,1,-16,-0.8888888888888888
1,balanced_minus_collected,panel_3,0,1043018,greedy,0,0,0,0,0.0
1,balanced_minus_collected,panel_3,0,1043019,greedy,0,0,0,0,0.0
1,balanced_minus_collected,panel_3,0,1043020,greedy,0,0,0,0,0.0
1,balanced_minus_collected,panel_3,0,1043021,greedy,0,0,1,-18,-0.7619047619047619
1,balanced_minus_collected,panel_3,0,1043022,greedy,0,0,1,-4,-0.6666666666666666
1,balanced_minus_collected,panel_3,0,1043023,greedy,0,1,0,-9,-0.5027173913043479
1,balanced_minus_collected,panel_3,0,1043024,greedy,0,0,0,0,-0.125
1,balanced_minus_collected,panel_3,0,1043025,greedy,0,0,1,-2,0.0
1,balanced_minus_collected,panel_3,0,1043026,greedy,0,0,0,0,0.15625
1,balanced_minus_collected,panel_3,0,1043027,greedy,0,1,0,-13,0.2171052631578947
1,balanced_minus_collected,panel_3,0,1043028,greedy,0,0,1,-17,-0.68
1,balanced_minus_collected,panel_3,0,1043029,greedy,0,0,-1,5,0.8333333333333334
1,balanced_minus_collected,panel_3,0,1043030,greedy,0,0,0,0,0.0
1,balanced_minus_collected,panel_3,0,1043031,greedy,0,0,0,2,0.0
1,balanced_minus_collected,panel_3,0,1043032,greedy,0,0,1,-21,-0.8076923076923077
1,balanced_minus_collected,panel_3,0,1043033,greedy,0,-1,0,5,0.15393518518518523
1,balanced_minus_collected,panel_3,0,1043034,greedy,0,0,-1,4,0.0
1,balanced_minus_collected,panel_3,0,1043035,greedy,0,0,0,0,0.0
1,balanced_minus_collected,panel_3,0,1043036,greedy,0,0,1,-26,-0.5185185185185185
1,balanced_minus_collected,panel_3,0,1043037,greedy,0,0,1,-20,-0.9090909090909091
1,balanced_minus_collected,panel_3,0,1043038,greedy,0,0,0,2,0.23243933588761168
1,balanced_minus_collected,panel_3,0,1043039,greedy,0,0,0,-20,-0.21164021164021163
1,balanced_minus_collected,panel_3,0,1043040,greedy,0,0,0,0,0.0625
1,balanced_minus_collected,panel_3,0,1043041,greedy,0,0,0,-2,0.0
1,balanced_minus_collected,panel_3,0,1043042,greedy,0,1,0,-9,0.013586956521739135
1,balanced_minus_collected,panel_3,0,1043043,greedy,0,1,1,-30,-0.6875
1,balanced_minus_collected,panel_3,0,1043044,greedy,0,-1,0,9,0.08559782608695654
1,balanced_minus_collected,panel_3,0,1043045,greedy,0,0,0,5,-0.35763888888888884
1,balanced_minus_collected,panel_3,0,1043046,greedy,0,0,0,2,0.03409090909090906
1,balanced_minus_collected,panel_3,0,1043047,greedy,0,0,0,0,0.0
1,balanced_minus_collected,panel_3,0,1043048,greedy,0,0,0,0,0.0
1,balanced_minus_collected,panel_3,0,1043050,greedy,0,0,0,-7,-0.08115942028985501
1,balanced_minus_collected,panel_3,0,1043051,greedy,0,0,1,-9,-0.8181818181818182
1,balanced_minus_collected,panel_3,0,1043052,greedy,0,0,0,-23,-0.21904761904761905
1,balanced_minus_collected,panel_3,0,1043053,greedy,0,0,1,-17,-0.24350649350649345
1,balanced_minus_collected,panel_3,0,1043054,greedy,0,-1,0,6,0.9230769230769231
1,balanced_minus_collected,panel_3,0,1043055,greedy,0,0,0,10,0.88
1,balanced_minus_collected,panel_3,0,1043056,greedy,0,0,0,3,0.1485411140583554
1,balanced_minus_collected,panel_3,0,1043057,greedy,0,0,1,-18,-0.38461538461538464
1,balanced_minus_collected,panel_3,0,1043058,greedy,0,0,0,0,0.0
1,balanced_minus_collected,panel_3,0,1043059,greedy,0,0,0,0,0.0
1,balanced_minus_collected,panel_3,0,1043060,greedy,0,0,1,-23,-0.75
1,balanced_minus_collected,panel_3,0,1043061,greedy,0,0,0,0,0.0625
1,balanced_minus_collected,panel_3,0,1043062,greedy,0,0,0,0,0.0
1,balanced_minus_collected,panel_3,0,1043063,greedy,0,0,0,0,0.0
1,balanced_minus_collected,panel_3,0,1043064,greedy,0,0,1,-22,-0.5576923076923077
1,balanced_minus_collected,panel_3,1,1043000,greedy,0,0,0,0,0.03125
1,balanced_minus_collected,panel_3,1,1043001,greedy,0,0,-1,25,0.03571428571428571
1,balanced_minus_collected,panel_3,1,1043002,greedy,0,0,0,-2,0.0
1,balanced_minus_collected,panel_3,1,1043003,greedy,0,0,-1,21,0.125
1,balanced_minus_collected,panel_3,1,1043004,greedy,0,0,0,0,0.0
1,balanced_minus_collected,panel_3,1,1043005,greedy,0,0,1,-20,-0.9090909090909091
1,balanced_minus_collected,panel_3,1,1043006,greedy,0,0,0,0,0.0
1,balanced_minus_collected,panel_3,1,1043007,greedy,0,0,-1,25,0.09523809523809523
1,balanced_minus_collected,panel_3,1,1043008,greedy,0,0,1,-4,0.0
1,balanced_minus_collected,panel_3,1,1043009,greedy,0,0,0,0,0.0
1,balanced_minus_collected,panel_3,1,1043010,greedy,0,-1,0,14,-0.09027777777777779
1,balanced_minus_collected,panel_3,1,1043011,greedy,0,0,-1,29,0.8709677419354839
1,balanced_minus_collected,panel_3,1,1043012,greedy,0,1,0,-15,0.0845588235294118
1,balanced_minus_collected,panel_3,1,1043013,greedy,0,0,1,-26,-0.8571428571428571
1,balanced_minus_collected,panel_3,1,1043014,greedy,0,0,1,-19,-0.8636363636363636
1,balanced_minus_collected,panel_3,1,1043015,greedy,0,-1,0,6,0.13701923076923073
1,balanced_minus_collected,panel_3,1,1043016,greedy,0,-1,-1,30,1.0
1,balanced_minus_collected,panel_3,1,1043017,greedy,0,0,0,15,-0.13333333333333341
1,balanced_minus_collected,panel_3,1,1043018,greedy,0,0,0,0,0.0
1,balanced_minus_collected,panel_3,1,1043019,greedy,0,0,0,0,0.0
1,balanced_minus_collected,panel_3,1,1043020,greedy,0,0,0,0,0.0
1,balanced_minus_collected,panel_3,1,1043021,greedy,0,0,0,-5,-0.1339285714285714
1,balanced_minus_collected,panel_3,1,1043022,greedy,0,0,0,-1,0.15333333333333332
1,balanced_minus_collected,panel_3,1,1043023,greedy,0,-1,0,0,-0.21875
1,balanced_minus_collected,panel_3,1,1043024,greedy,0,0,0,0,-0.15625
1,balanced_minus_collected,panel_3,1,1043025,greedy,0,0,0,-8,0.0
1,balanced_minus_collected,panel_3,1,1043026,greedy,0,-1,0,6,0.028846153846153855
1,balanced_minus_collected,panel_3,1,1043027,greedy,0,-1,-1,29,0.3125
1,balanced_minus_collected,panel_3,1,1043028,greedy,0,-1,0,11,0.2857142857142857
1,balanced_minus_collected,panel_3,1,1043029,greedy,0,0,1,-2,0.0
1,balanced_minus_collected,panel_3,1,1043030,greedy,0,0,0,0,0.0
1,balanced_minus_collected,panel_3,1,1043031,greedy,0,-1,-1,29,0.9375
1,balanced_minus_collected,panel_3,1,1043032,greedy,0,0,-1,18,0.6956521739130435
1,balanced_minus_collected,panel_3,1,1043033,greedy,0,0,-1,27,0.84375
1,balanced_minus_collected,panel_3,1,1043034,greedy,0,0,1,-30,-0.1935483870967742
1,balanced_minus_collected,panel_3,1,1043035,greedy,0,0,0,0,0.0
1,balanced_minus_collected,panel_3,1,1043036,greedy,0,0,1,-5,-0.8333333333333334
1,balanced_minus_collected,panel_3,1,1043037,greedy,0,-1,-1,30,0.96875
1,balanced_minus_collected,panel_3,1,1043038,greedy,0,0,0,1,-0.4232804232804233
1,balanced_minus_collected,panel_3,1,1043039,greedy,0,0,1,-22,-0.9166666666666666
1,balanced_minus_collected,panel_3,1,1043040,greedy,0,0,0,0,0.53125
1,balanced_minus_collected,panel_3,1,1043041,greedy,0,0,-1,26,0.0
1,balanced_minus_collected,panel_3,1,1043042,greedy,0,-1,-1,28,0.78125
1,balanced_minus_collected,panel_3,1,1043043,greedy,0,0,-1,22,0.9166666666666666
1,balanced_minus_collected,panel_3,1,1043044,greedy,0,-1,0,5,0.6956018518518519
1,balanced_minus_collected,panel_3,1,1043045,greedy,0,0,0,1,-0.6846153846153846
1,balanced_minus_collected,panel_3,1,1043046,greedy,0,0,0,2,-0.26962962962962966
1,balanced_minus_collected,panel_3,1,1043047,greedy,0,0,0,0,0.0
1,balanced_minus_collected,panel_3,1,1043048,greedy,0,0,-1,29,0.9354838709677419
1,balanced_minus_collected,panel_3,1,1043050,greedy,0,-1,0,8,0.23958333333333337
1,balanced_minus_collected,panel_3,1,1043051,greedy,0,0,-1,26,0.0
1,balanced_minus_collected,panel_3,1,1043052,greedy,0,0,0,0,-0.34782608695652173
1,balanced_minus_collected,panel_3,1,1043053,greedy,0,1,0,-4,-0.1651785714285714
1,balanced_minus_collected,panel_3,1,1043054,greedy,0,0,0,0,-0.15625
1,balanced_minus_collected,panel_3,1,1043055,greedy,0,0,0,0,0.0
1,balanced_minus_collected,panel_3,1,1043056,greedy,0,0,0,2,0.01777777777777778
1,balanced_minus_collected,panel_3,1,1043057,greedy,0,0,-1,21,0.52
1,balanced_minus_collected,panel_3,1,1043058,greedy,0,0,0,0,0.0
1,balanced_minus_collected,panel_3,1,1043059,greedy,0,0,0,0,0.0
1,balanced_minus_collected,panel_3,1,1043060,greedy,0,0,0,0,0.0
1,balanced_minus_collected,panel_3,1,1043061,greedy,0,1,0,-8,-0.04166666666666663
1,balanced_minus_collected,panel_3,1,1043062,greedy,0,0,0,0,-0.5
1,balanced_minus_collected,panel_3,1,1043063,greedy,0,0,0,7,0.46125
1,balanced_minus_collected,panel_3,1,1043064,greedy,0,0,0,3,0.7976588628762542
1,balanced_minus_collected,panel_3,2,1043000,greedy,0,0,0,0,-0.09375
1,balanced_minus_collected,panel_3,2,1043001,greedy,0,0,0,0,0.0
1,balanced_minus_collected,panel_3,2,1043002,greedy,0,0,0,0,0.0
1,balanced_minus_collected,panel_3,2,1043003,greedy,0,0,0,0,0.0
1,balanced_minus_collected,panel_3,2,1043004,greedy,0,0,0,2,0.0
1,balanced_minus_collected,panel_3,2,1043005,greedy,0,0,1,-21,-0.9130434782608695
1,balanced_minus_collected,panel_3,2,1043006,greedy,0,0,0,0,0.0
1,balanced_minus_collected,panel_3,2,1043007,greedy,0,0,-1,24,0.9230769230769231
1,balanced_minus_collected,panel_3,2,1043008,greedy,0,0,-1,11,0.8461538461538461
1,balanced_minus_collected,panel_3,2,1043009,greedy,0,0,-1,22,0.9565217391304348
1,balanced_minus_collected,panel_3,2,1043010,greedy,0,0,0,5,0.07326007326007322
1,balanced_minus_collected,panel_3,2,1043011,greedy,0,1,0,-24,-0.21875
1,balanced_minus_collected,panel_3,2,1043012,greedy,0,-1,0,10,0.022727272727272707
1,balanced_minus_collected,panel_3,2,1043013,greedy,0,0,0,0,0.0
1,balanced_minus_collected,panel_3,2,1043014,greedy,0,0,-1,6,0.6666666666666666
1,balanced_minus_collected,panel_3,2,1043015,greedy,0,-1,0,7,0.36875
1,balanced_minus_collected,panel_3,2,1043016,greedy,0,0,0,6,0.023076923076923106
1,balanced_minus_collected,panel_3,2,1043017,greedy,0,0,0,13,0.04
1,balanced_minus_collected,panel_3,2,1043018,greedy,0,0,-1,18,0.9
1,balanced_minus_collected,panel_3,2,1043019,greedy,0,0,-1,7,0.7777777777777778
1,balanced_minus_collected,panel_3,2,1043020,greedy,0,0,0,0,0.0
1,balanced_minus_collected,panel_3,2,1043021,greedy,0,0,0,0,0.0
1,balanced_minus_collected,panel_3,2,1043022,greedy,0,0,0,-22,0.2939068100358423
1,balanced_minus_collected,panel_3,2,1043023,greedy,0,0,-1,21,0.5
1,balanced_minus_collected,panel_3,2,1043024,greedy,0,0,0,0,0.0
1,balanced_minus_collected,panel_3,2,1043025,greedy,0,0,0,0,0.0
1,balanced_minus_collected,panel_3,2,1043026,greedy,0,0,0,0,-0.09375
1,balanced_minus_collected,panel_3,2,1043027,greedy,0,0,0,0,0.5
1,balanced_minus_collected,panel_3,2,1043028,greedy,0,0,0,0,0.125
1,balanced_minus_collected,panel_3,2,1043029,greedy,0,0,-1,4,0.0
1,balanced_minus_collected,panel_3,2,1043030,greedy,0,0,0,0,0.0
1,balanced_minus_collected,panel_3,2,1043031,greedy,0,0,0,2,0.0
1,balanced_minus_collected,panel_3,2,1043032,greedy,0,0,1,-6,-0.36363636363636365
1,balanced_minus_collected,panel_3,2,1043033,greedy,0,1,0,-4,-0.5758928571428572
1,balanced_minus_collected,panel_3,2,1043034,greedy,0,0,1,-16,-0.11764705882352941
1,balanced_minus_collected,panel_3,2,1043035,greedy,0,0,0,0,0.0
1,balanced_minus_collected,panel_3,2,1043036,greedy,0,0,0,0,0.0
1,balanced_minus_collected,panel_3,2,1043037,greedy,0,0,0,0,0.0
1,balanced_minus_collected,panel_3,2,1043038,greedy,0,0,0,0,0.0
1,balanced_minus_collected,panel_3,2,1043039,greedy,0,0,0,-2,0.6666666666666666
1,balanced_minus_collected,panel_3,2,1043040,greedy,0,0,0,0,0.25
1,balanced_minus_collected,panel_3,2,1043041,greedy,0,0,-1,16,0.8888888888888888
1,balanced_minus_collected,panel_3,2,1043042,greedy,0,0,0,0,-0.03125
1,balanced_minus_collected,panel_3,2,1043043,greedy,0,0,-1,2,0.6666666666666666
1,balanced_minus_collected,panel_3,2,1043044,greedy,0,-1,0,5,0.24305555555555558
1,balanced_minus_collected,panel_3,2,1043045,greedy,0,0,-1,26,0.0
1,balanced_minus_collected,panel_3,2,1043046,greedy,0,0,0,0,-0.1875
1,balanced_minus_collected,panel_3,2,1043047,greedy,0,0,0,-1,-0.5555555555555556
1,balanced_minus_collected,panel_3,2,1043048,greedy,0,0,0,0,0.0
1,balanced_minus_collected,panel_3,2,1043050,greedy,0,-1,-1,26,0.22916666666666669
1,balanced_minus_collected,panel_3,2,1043051,greedy,0,0,0,0,0.0
1,balanced_minus_collected,panel_3,2,1043052,greedy,0,0,-1,22,0.25
1,balanced_minus_collected,panel_3,2,1043053,greedy,0,0,0,0,0.03125
1,balanced_minus_collected,panel_3,2,1043054,greedy,0,0,0,0,0.0
1,balanced_minus_collected,panel_3,2,1043055,greedy,0,0,-1,27,0.75
1,balanced_minus_collected,panel_3,2,1043056,greedy,0,1,0,-6,-0.3076923076923077
1,balanced_minus_collected,panel_3,2,1043057,greedy,0,0,0,5,0.2424242424242424
1,balanced_minus_collected,panel_3,2,1043058,greedy,0,0,0,0,0.0
1,balanced_minus_collected,panel_3,2,1043059,greedy,0,0,0,0,0.0
1,balanced_minus_collected,panel_3,2,1043060,greedy,0,0,-1,20,0.64
1,balanced_minus_collected,panel_3,2,1043061,greedy,0,0,0,0,-0.375
1,balanced_minus_collected,panel_3,2,1043062,greedy,0,1,0,-10,0.045454545454545456
1,balanced_minus_collected,panel_3,2,1043063,greedy,0,0,-1,10,0.0
1,balanced_minus_collected,panel_3,2,1043064,greedy,0,1,0,-19,-0.09855769230769229
1,balanced_minus_collected,panel_4,0,1044000,greedy,0,1,0,-13,-0.16940789473684215
1,balanced_minus_collected,panel_4,0,1044001,greedy,0,0,1,-22,-0.7692307692307693
1,balanced_minus_collected,panel_4,0,1044002,greedy,0,1,0,-9,-0.2785326086956522
1,balanced_minus_collected,panel_4,0,1044003,greedy,0,0,1,-17,-0.04
1,balanced_minus_collected,panel_4,0,1044004,greedy,0,0,1,-11,-0.9166666666666666
1,balanced_minus_collected,panel_4,0,1044005,greedy,0,0,0,-4,-0.017857142857142905
1,balanced_minus_collected,panel_4,0,1044006,greedy,0,-1,0,17,-0.2833333333333333
1,balanced_minus_collected,panel_4,0,1044007,greedy,0,1,1,-24,-0.3125
1,balanced_minus_collected,panel_4,0,1044008,greedy,0,1,0,-4,-0.4330357142857143
1,balanced_minus_collected,panel_4,0,1044009,greedy,0,0,1,-18,0.0
1,balanced_minus_collected,panel_4,0,1044010,greedy,0,1,0,-19,-0.2908653846153846
1,balanced_minus_collected,panel_4,0,1044011,greedy,0,0,0,2,0.15000000000000002
1,balanced_minus_collected,panel_4,0,1044012,greedy,0,0,0,-3,-0.2142857142857143
1,balanced_minus_collected,panel_4,0,1044013,greedy,0,0,0,11,-0.32371794871794873
1,balanced_minus_collected,panel_4,0,1044014,greedy,0,-1,0,2,-0.016666666666666663
1,balanced_minus_collected,panel_4,0,1044015,greedy,0,0,0,0,0.0
1,balanced_minus_collected,panel_4,0,1044016,greedy,0,0,1,-6,-0.25
1,balanced_minus_collected,panel_4,0,1044017,greedy,0,0,0,0,-0.03125
1,balanced_minus_collected,panel_4,0,1044018,greedy,0,0,0,0,0.0
1,balanced_minus_collected,panel_4,0,1044019,greedy,0,0,0,0,0.0
1,balanced_minus_collected,panel_4,0,1044020,greedy,0,0,1,-9,-0.8181818181818182
1,balanced_minus_collected,panel_4,0,1044021,greedy,0,1,0,-6,-0.26682692307692313
1,balanced_minus_collected,panel_4,0,1044022,greedy,0,0,0,11,-0.47435897435897434
1,balanced_minus_collected,panel_4,0,1044023,greedy,0,0,0,0,0.0
1,balanced_minus_collected,panel_4,0,1044025,greedy,0,-1,0,4,0.3928571428571429
1,balanced_minus_collected,panel_4,0,1044026,greedy,0,1,1,-21,-0.32670454545454547
1,balanced_minus_collected,panel_4,0,1044027,greedy,0,0,-1,24,0.0
1,balanced_minus_collected,panel_4,0,1044028,greedy,0,0,0,0,0.0
1,balanced_minus_collected,panel_4,0,1044029,greedy,0,0,1,-18,-0.4444444444444445
1,balanced_minus_collected,panel_4,0,1044030,greedy,0,0,0,-2,0.13913043478260867
1,balanced_minus_collected,panel_4,0,1044031,greedy,0,0,1,-7,-0.7
1,balanced_minus_collected,panel_4,0,1044032,greedy,0,0,0,2,0.0
1,balanced_minus_collected,panel_4,0,1044033,greedy,0,0,0,0,0.0
1,balanced_minus_collected,panel_4,0,1044034,greedy,0,0,-1,10,0.7142857142857143
1,balanced_minus_collected,panel_4,0,1044035,greedy,0,0,0,0,0.0
1,balanced_minus_collected,panel_4,0,1044036,greedy,0,0,0,0,0.0
1,balanced_minus_collected,panel_4,0,1044037,greedy,0,0,0,15,0.1428571428571429
1,balanced_minus_collected,panel_4,0,1044038,greedy,0,0,-1,21,0.7307692307692307
1,balanced_minus_collected,panel_4,0,1044039,greedy,0,0,0,-20,-0.13333333333333333
1,balanced_minus_collected,panel_4,0,1044040,greedy,0,0,0,0,-0.625
1,balanced_minus_collected,panel_4,0,1044041,greedy,0,0,0,4,0.03310344827586209
1,balanced_minus_collected,panel_4,0,1044042,greedy,0,-1,0,1,0.13004032258064513
1,balanced_minus_collected,panel_4,0,1044043,greedy,0,0,0,0,0.0
1,balanced_minus_collected,panel_4,0,1044044,greedy,0,0,1,-14,-0.5555555555555556
1,balanced_minus_collected,panel_4,0,1044045,greedy,0,0,0,0,0.0
1,balanced_minus_collected,panel_4,0,1044046,greedy,0,0,-1,13,0.43333333333333335
1,balanced_minus_collected,panel_4,0,1044047,greedy,0,1,0,-4,-0.2767857142857143
1,balanced_minus_collected,panel_4,0,1044048,greedy,0,0,0,9,0.158371040723982
1,balanced_minus_collected,panel_4,0,1044049,greedy,0,0,-1,4,0.0
1,balanced_minus_collected,panel_4,0,1044050,greedy,0,0,1,-20,-0.39999999999999997
1,balanced_minus_collected,panel_4,0,1044051,greedy,0,0,0,0,0.0
1,balanced_minus_collected,panel_4,0,1044052,greedy,0,0,0,0,-0.28125
1,balanced_minus_collected,panel_4,0,1044053,greedy,0,0,1,-25,-0.6129032258064516
1,balanced_minus_collected,panel_4,0,1044054,greedy,0,1,0,-7,-0.07874999999999999
1,balanced_minus_collected,panel_4,0,1044055,greedy,0,1,0,-4,-0.1785714285714286
1,balanced_minus_collected,panel_4,0,1044056,greedy,0,0,0,0,0.0
1,balanced_minus_collected,panel_4,0,1044057,greedy,0,0,1,-9,-0.6428571428571429
1,balanced_minus_collected,panel_4,0,1044058,greedy,0,0,0,1,0.007936507936507908
1,balanced_minus_collected,panel_4,0,1044059,greedy,0,0,0,-17,0.3296296296296296
1,balanced_minus_collected,panel_4,0,1044060,greedy,0,0,0,-16,0.16666666666666666
1,balanced_minus_collected,panel_4,0,1044061,greedy,0,-1,-1,29,0.9375
1,balanced_minus_collected,panel_4,0,1044062,greedy,0,1,1,-24,-0.84375
1,balanced_minus_collected,panel_4,0,1044063,greedy,0,0,1,-8,0.0
1,balanced_minus_collected,panel_4,0,1044064,greedy,0,0,1,-27,-0.75
1,balanced_minus_collected,panel_4,1,1044000,greedy,0,0,0,18,0.25
1,balanced_minus_collected,panel_4,1,1044001,greedy,0,0,-1,22,0.3076923076923077
1,balanced_minus_collected,panel_4,1,1044002,greedy,0,1,1,-26,-0.375
1,balanced_minus_collected,panel_4,1,1044003,greedy,0,-1,0,7,0.72
1,balanced_minus_collected,panel_4,1,1044004,greedy,0,0,0,0,0.0
1,balanced_minus_collected,panel_4,1,1044005,greedy,0,0,0,-1,0.32246376811594196
1,balanced_minus_collected,panel_4,1,1044006,greedy,0,0,-1,17,0.7083333333333334
1,balanced_minus_collected,panel_4,1,1044007,greedy,0,0,0,0,0.21875
1,balanced_minus_collected,panel_4,1,1044008,greedy,0,0,1,-21,-0.875
1,balanced_minus_collected,panel_4,1,1044009,greedy,0,0,-1,22,0.8148148148148148
1,balanced_minus_collected,panel_4,1,1044010,greedy,0,-1,0,13,-0.06907894736842102
1,balanced_minus_collected,panel_4,1,1044011,greedy,0,0,-1,26,0.6206896551724138
1,balanced_minus_collected,panel_4,1,1044012,greedy,0,0,-1,21,0.8076923076923077
1,balanced_minus_collected,panel_4,1,1044013,greedy,0,0,-1,22,-0.2857142857142857
1,balanced_minus_collected,panel_4,1,1044014,greedy,0,0,0,0,0.0
1,balanced_minus_collected,panel_4,1,1044015,greedy,0,0,0,-2,0.0
1,balanced_minus_collected,panel_4,1,1044016,greedy,0,1,0,-9,-0.7758152173913043
1,balanced_minus_collected,panel_4,1,1044017,greedy,0,0,0,0,0.09375
1,balanced_minus_collected,panel_4,1,1044018,greedy,0,0,0,10,-0.40909090909090906
1,balanced_minus_collected,panel_4,1,1044019,greedy,0,0,0,0,0.16000000000000003
1,balanced_minus_collected,panel_4,1,1044020,greedy,0,0,-1,19,0.8095238095238095
1,balanced_minus_collected,panel_4,1,1044021,greedy,0,-1,0,4,-0.125
1,balanced_minus_collected,panel_4,1,1044022,greedy,0,0,1,-15,-0.75
1,balanced_minus_collected,panel_4,1,1044023,greedy,0,0,-1,24,0.14814814814814814
1,balanced_minus_collected,panel_4,1,1044025,greedy,0,0,0,-3,-0.5
1,balanced_minus_collected,panel_4,1,1044026,greedy,0,0,0,0,-0.21875
1,balanced_minus_collected,panel_4,1,1044027,greedy,0,0,0,0,0.0
1,balanced_minus_collected,panel_4,1,1044028,greedy,0,0,0,0,0.0
1,balanced_minus_collected,panel_4,1,1044029,greedy,0,-1,-1,26,0.8125
1,balanced_minus_collected,panel_4,1,1044030,greedy,0,0,-1,18,0.7692307692307693
1,balanced_minus_collected,panel_4,1,1044031,greedy,0,0,1,-23,-0.34615384615384615
1,balanced_minus_collected,panel_4,1,1044032,greedy,0,0,0,0,0.0
1,balanced_minus_collected,panel_4,1,1044033,greedy,0,0,0,5,-0.7546583850931677
1,balanced_minus_collected,panel_4,1,1044034,greedy,0,0,-1,14,-0.3333333333333333
1,balanced_minus_collected,panel_4,1,1044035,greedy,0,1,0,-6,-0.6153846153846154
1,balanced_minus_collected,panel_4,1,1044036,greedy,0,0,0,2,0.0
1,balanced_minus_collected,panel_4,1,1044037,greedy,0,0,0,13,0.22807017543859653
1,balanced_minus_collected,panel_4,1,1044038,greedy,0,0,0,0,0.375
1,balanced_minus_collected,panel_4,1,1044039,greedy,0,0,1,-20,-0.45454545454545453
1,balanced_minus_collected,panel_4,1,1044040,greedy,0,-1,-1,29,0.96875
1,balanced_minus_collected,panel_4,1,1044041,greedy,0,0,0,3,0.3333333333333333
1,balanced_minus_collected,panel_4,1,1044042,greedy,0,-1,-1,27,0.09375
1,balanced_minus_collected,panel_4,1,1044043,greedy,0,0,0,-3,0.5909090909090909
1,balanced_minus_collected,panel_4,1,1044044,greedy,0,1,0,-1,-0.2933467741935484
1,balanced_minus_collected,panel_4,1,1044045,greedy,0,0,1,-24,-0.37037037037037035
1,balanced_minus_collected,panel_4,1,1044046,greedy,0,0,1,-13,-0.8125
1,balanced_minus_collected,panel_4,1,1044047,greedy,0,0,0,0,0.5625
1,balanced_minus_collected,panel_4,1,1044048,greedy,0,0,0,0,-0.1875
1,balanced_minus_collected,panel_4,1,1044049,greedy,0,0,-1,9,0.8181818181818182
1,balanced_minus_collected,panel_4,1,1044050,greedy,0,0,0,3,-0.3194444444444444
1,balanced_minus_collected,panel_4,1,1044051,greedy,0,0,0,0,0.0
1,balanced_minus_collected,panel_4,1,1044052,greedy,0,0,0,0,0.0625
1,balanced_minus_collected,panel_4,1,1044053,greedy,0,0,-1,23,0.6296296296296297
1,balanced_minus_collected,panel_4,1,1044054,greedy,0,1,0,-4,-0.0625
1,balanced_minus_collected,panel_4,1,1044055,greedy,0,0,-1,19,0.376984126984127
1,balanced_minus_collected,panel_4,1,1044056,greedy,0,0,-1,5,0.7142857142857143
1,balanced_minus_collected,panel_4,1,1044057,greedy,0,0,0,18,0.8275862068965517
1,balanced_minus_collected,panel_4,1,1044058,greedy,0,-1,-1,26,0.46875
1,balanced_minus_collected,panel_4,1,1044059,greedy,0,0,1,-18,-0.38095238095238093
1,balanced_minus_collected,panel_4,1,1044060,greedy,0,0,1,-27,-0.9
1,balanced_minus_collected,panel_4,1,1044061,greedy,0,0,0,0,0.7407407407407407
1,balanced_minus_collected,panel_4,1,1044062,greedy,0,-1,0,7,0.19499999999999995
1,balanced_minus_collected,panel_4,1,1044063,greedy,0,0,0,-18,-0.8461538461538461
1,balanced_minus_collected,panel_4,1,1044064,greedy,0,0,0,0,0.0
1,balanced_minus_collected,panel_4,2,1044000,greedy,0,0,-1,16,0.7619047619047619
1,balanced_minus_collected,panel_4,2,1044001,greedy,0,0,0,0,0.0
1,balanced_minus_collected,panel_4,2,1044002,greedy,0,0,0,0,-0.42857142857142855
1,balanced_minus_collected,panel_4,2,1044003,greedy,0,0,-1,21,0.44
1,balanced_minus_collected,panel_4,2,1044004,greedy,0,0,-1,2,0.6666666666666666
1,balanced_minus_collected,panel_4,2,1044005,greedy,0,-1,0,15,0.1966911764705882
1,balanced_minus_collected,panel_4,2,1044006,greedy,0,0,-1,18,0.72
1,balanced_minus_collected,panel_4,2,1044007,greedy,0,0,0,0,0.0
1,balanced_minus_collected,panel_4,2,1044008,greedy,0,1,1,-29,-0.96875
1,balanced_minus_collected,panel_4,2,1044009,greedy,0,0,0,1,-0.0800865800865801
1,balanced_minus_collected,panel_4,2,1044010,greedy,0,-1,0,6,-0.4639423076923077
1,balanced_minus_collected,panel_4,2,1044011,greedy,0,0,1,-21,-0.7916666666666666
1,balanced_minus_collected,panel_4,2,1044012,greedy,0,-1,-1,25,0.2455357142857143
1,balanced_minus_collected,panel_4,2,1044013,greedy,0,0,1,-17,-0.19230769230769232
1,balanced_minus_collected,panel_4,2,1044014,greedy,0,0,-1,26,0.7857142857142857
1,balanced_minus_collected,panel_4,2,1044015,greedy,0,0,-1,15,0.17647058823529413
1,balanced_minus_collected,panel_4,2,1044016,greedy,0,0,1,-16,0.0
1,balanced_minus_collected,panel_4,2,1044017,greedy,0,1,0,-6,-0.43028846153846156
1,balanced_minus_collected,panel_4,2,1044018,greedy,0,0,0,-3,0.38909090909090904
1,balanced_minus_collected,panel_4,2,1044019,greedy,0,0,0,0,0.0
1,balanced_minus_collected,panel_4,2,1044020,greedy,0,0,-1,21,0.7391304347826086
1,balanced_minus_collected,panel_4,2,1044021,greedy,0,-1,0,17,0.19374999999999998
1,balanced_minus_collected,panel_4,2,1044022,greedy,0,0,-1,21,0.7307692307692307
1,balanced_minus_collected,panel_4,2,1044023,greedy,0,0,-1,26,0.8275862068965517
1,balanced_minus_collected,panel_4,2,1044025,greedy,0,0,1,-7,-0.4772727272727273
1,balanced_minus_collected,panel_4,2,1044026,greedy,0,0,0,0,0.1875
1,balanced_minus_collected,panel_4,2,1044027,greedy,0,0,0,2,0.0
1,balanced_minus_collected,panel_4,2,1044028,greedy,0,0,0,0,0.0
1,balanced_minus_collected,panel_4,2,1044029,greedy,0,0,-1,16,0.6666666666666666
1,balanced_minus_collected,panel_4,2,1044030,greedy,0,0,-1,18,0.0
1,balanced_minus_collected,panel_4,2,1044031,greedy,0,0,0,0,0.0
1,balanced_minus_collected,panel_4,2,1044032,greedy,0,0,1,-22,-0.5
1,balanced_minus_collected,panel_4,2,1044033,greedy,0,0,0,0,0.0
1,balanced_minus_collected,panel_4,2,1044034,greedy,0,0,0,0,0.0
1,balanced_minus_collected,panel_4,2,1044035,greedy,0,0,0,9,-0.55
1,balanced_minus_collected,panel_4,2,1044036,greedy,0,0,-1,4,0.0
1,balanced_minus_collected,panel_4,2,1044037,greedy,0,0,0,2,-0.9090909090909091
1,balanced_minus_collected,panel_4,2,1044038,greedy,0,0,0,6,-0.5889423076923077
1,balanced_minus_collected,panel_4,2,1044039,greedy,0,0,0,2,0.0
1,balanced_minus_collected,panel_4,2,1044040,greedy,0,0,0,3,0.16578249336870032
1,balanced_minus_collected,panel_4,2,1044041,greedy,0,0,0,-2,-0.25
1,balanced_minus_collected,panel_4,2,1044042,greedy,0,0,-1,18,0.2608695652173913
1,balanced_minus_collected,panel_4,2,1044043,greedy,0,0,0,0,0.0
1,balanced_minus_collected,panel_4,2,1044044,greedy,0,0,-1,20,0.3333333333333333
1,balanced_minus_collected,panel_4,2,1044045,greedy,0,0,0,1,0.75
1,balanced_minus_collected,panel_4,2,1044046,greedy,0,0,-1,17,0.3695652173913043
1,balanced_minus_collected,panel_4,2,1044047,greedy,0,-1,-1,25,0.03125
1,balanced_minus_collected,panel_4,2,1044048,greedy,0,0,-1,16,0.0
1,balanced_minus_collected,panel_4,2,1044049,greedy,0,0,-1,6,0.0
1,balanced_minus_collected,panel_4,2,1044050,greedy,0,-1,0,10,0.19318181818181823
1,balanced_minus_collected,panel_4,2,1044051,greedy,0,0,0,0,0.0
1,balanced_minus_collected,panel_4,2,1044052,greedy,0,0,0,-2,-0.02782608695652178
1,balanced_minus_collected,panel_4,2,1044053,greedy,0,0,0,-10,0.6666666666666667
1,balanced_minus_collected,panel_4,2,1044054,greedy,0,1,0,-3,-0.2607758620689655
1,balanced_minus_collected,panel_4,2,1044055,greedy,0,1,0,-12,-0.38749999999999996
1,balanced_minus_collected,panel_4,2,1044056,greedy,0,0,0,0,0.0
1,balanced_minus_collected,panel_4,2,1044057,greedy,0,0,-1,18,0.0
1,balanced_minus_collected,panel_4,2,1044058,greedy,0,0,0,-10,0.3932411674347158
1,balanced_minus_collected,panel_4,2,1044059,greedy,0,1,0,-5,0.16666666666666663
1,balanced_minus_collected,panel_4,2,1044060,greedy,0,0,1,-21,-0.875
1,balanced_minus_collected,panel_4,2,1044061,greedy,0,1,0,-17,-0.4375
1,balanced_minus_collected,panel_4,2,1044062,greedy,0,1,1,-22,-0.6125
1,balanced_minus_collected,panel_4,2,1044063,greedy,0,0,0,-2,0.0
1,balanced_minus_collected,panel_4,2,1044064,greedy,0,0,1,-8,0.0
1,balanced_minus_collected,panel_5,0,1045000,greedy,0,0,0,0,0.0
1,balanced_minus_collected,panel_5,0,1045001,greedy,0,0,1,-8,-0.5454545454545454
1,balanced_minus_collected,panel_5,0,1045002,greedy,0,0,1,-23,-0.8846153846153846
1,balanced_minus_collected,panel_5,0,1045003,greedy,0,0,1,-26,-0.7407407407407407
1,balanced_minus_collected,panel_5,0,1045004,greedy,0,0,0,0,0.0
1,balanced_minus_collected,panel_5,0,1045005,greedy,0,0,-1,8,0.0
1,balanced_minus_collected,panel_5,0,1045006,greedy,0,1,1,-25,-0.71875
1,balanced_minus_collected,panel_5,0,1045007,greedy,0,0,0,-7,-0.028225806451612878
1,balanced_minus_collected,panel_5,0,1045008,greedy,0,0,0,-7,-0.7142857142857142
1,balanced_minus_collected,panel_5,0,1045009,greedy,0,0,1,-16,-0.6666666666666666
1,balanced_minus_collected,panel_5,0,1045010,greedy,0,0,0,0,0.03125
1,balanced_minus_collected,panel_5,0,1045011,greedy,0,0,-1,19,0.5416666666666666
1,balanced_minus_collected,panel_5,0,1045012,greedy,0,0,-1,27,0.5172413793103449
1,balanced_minus_collected,panel_5,0,1045013,greedy,0,0,0,0,-0.46875
1,balanced_minus_collected,panel_5,0,1045014,greedy,0,0,-1,14,0.0
1,balanced_minus_collected,panel_5,0,1045015,greedy,0,0,0,0,0.0
1,balanced_minus_collected,panel_5,0,1045016,greedy,0,0,-1,2,0.6666666666666666
1,balanced_minus_collected,panel_5,0,1045017,greedy,0,0,0,0,0.0
1,balanced_minus_collected,panel_5,0,1045018,greedy,0,0,1,-25,-0.6071428571428571
1,balanced_minus_collected,panel_5,0,1045019,greedy,0,1,0,-17,-0.14166666666666672
1,balanced_minus_collected,panel_5,0,1045020,greedy,0,0,-1,26,0.8666666666666667
1,balanced_minus_collected,panel_5,0,1045021,greedy,0,-1,0,1,0.06552419354838712
1,balanced_minus_collected,panel_5,0,1045022,greedy,0,0,0,0,0.0
1,balanced_minus_collected,panel_5,0,1045023,greedy,0,0,1,-12,-0.8571428571428571
1,balanced_minus_collected,panel_5,0,1045024,greedy,0,1,0,-14,-0.29513888888888884
1,balanced_minus_collected,panel_5,0,1045025,greedy,0,-1,-1,29,0.0
1,balanced_minus_collected,panel_5,0,1045026,greedy,0,0,-1,23,0.6296296296296297
1,balanced_minus_collected,panel_5,0,1045027,greedy,0,0,0,-1,-0.16666666666666666
1,balanced_minus_collected,panel_5,0,1045028,greedy,0,0,0,0,0.0
1,balanced_minus_collected,panel_5,0,1045029,greedy,0,0,0,0,0.0
1,balanced_minus_collected,panel_5,0,1045030,greedy,0,0,1,-15,0.040000000000000036
1,balanced_minus_collected,panel_5,0,1045031,greedy,0,0,1,-6,0.0
1,balanced_minus_collected,panel_5,0,1045032,greedy,0,0,1,-19,-0.44
1,balanced_minus_collected,panel_5,0,1045033,greedy,0,-1,0,7,0.21750000000000003
1,balanced_minus_collected,panel_5,0,1045034,greedy,0,0,-1,22,0.0
1,balanced_minus_collected,panel_5,0,1045035,greedy,0,0,0,0,0.0
1,balanced_minus_collected,panel_5,0,1045036,greedy,0,0,0,0,0.0
1,balanced_minus_collected,panel_5,0,1045037,greedy,0,1,1,-23,-0.6840277777777778
1,balanced_minus_collected,panel_5,0,1045038,greedy,0,1,1,-30,-1.0
1,balanced_minus_collected,panel_5,0,1045039,greedy,0,1,0,-8,-0.17708333333333337
1,balanced_minus_collected,panel_5,0,1045040,greedy,0,0,1,-19,-0.9047619047619048
1,balanced_minus_collected,panel_5,0,1045041,greedy,0,0,0,0,0.0
1,balanced_minus_collected,panel_5,0,1045042,greedy,0,1,0,-16,-0.125
1,balanced_minus_collected,panel_5,0,1045043,greedy,0,0,0,0,0.0
1,balanced_minus_collected,panel_5,0,1045044,greedy,0,0,0,0,0.0
1,balanced_minus_collected,panel_5,0,1045045,greedy,0,0,1,-19,-0.27878787878787875
1,balanced_minus_collected,panel_5,0,1045046,greedy,0,0,0,1,0.16666666666666666
1,balanced_minus_collected,panel_5,0,1045047,greedy,0,0,-1,15,0.9375
1,balanced_minus_collected,panel_5,0,1045048,greedy,0,0,0,0,0.0
1,balanced_minus_collected,panel_5,0,1045049,greedy,0,-1,0,5,0.3819444444444444
1,balanced_minus_collected,panel_5,0,1045050,greedy,0,0,1,-20,-0.56
1,balanced_minus_collected,panel_5,0,1045051,greedy,0,1,0,-25,-0.3973214285714286
1,balanced_minus_collected,panel_5,0,1045052,greedy,0,1,0,-23,-0.84375
1,balanced_minus_collected,panel_5,0,1045053,greedy,0,1,1,-29,-0.40625
1,balanced_minus_collected,panel_5,0,1045054,greedy,0,0,0,15,0.18000000000000005
1,balanced_minus_collected,panel_5,0,1045055,greedy,0,0,-1,27,0.6785714285714286
1,balanced_minus_collected,panel_5,0,1045056,greedy,0,1,0,-1,-0.049395161290322565
1,balanced_minus_collected,panel_5,0,1045057,greedy,0,0,1,-28,-0.9655172413793104
1,balanced_minus_collected,panel_5,0,1045058,greedy,0,0,-1,17,0.7391304347826086
1,balanced_minus_collected,panel_5,0,1045059,greedy,0,0,1,-17,-0.7391304347826086
1,balanced_minus_collected,panel_5,0,1045060,greedy,0,1,1,-28,-0.90625
1,balanced_minus_collected,panel_5,0,1045061,greedy,0,-1,-1,30,1.0
1,balanced_minus_collected,panel_5,0,1045062,greedy,0,0,0,0,0.125
1,balanced_minus_collected,panel_5,0,1045063,greedy,0,0,0,0,0.0625
1,balanced_minus_collected,panel_5,1,1045000,greedy,0,0,0,0,0.0
1,balanced_minus_collected,panel_5,1,1045001,greedy,0,0,-1,6,0.0
1,balanced_minus_collected,panel_5,1,1045002,greedy,0,0,0,0,0.0
1,balanced_minus_collected,panel_5,1,1045003,greedy,0,0,0,0,0.0
1,balanced_minus_collected,panel_5,1,1045004,greedy,0,0,-1,27,0.36666666666666664
1,balanced_minus_collected,panel_5,1,1045005,greedy,0,0,1,-6,0.0
1,balanced_minus_collected,panel_5,1,1045006,greedy,0,-1,0,4,0.4419642857142857
1,balanced_minus_collected,panel_5,1,1045007,greedy,0,-1,0,4,-0.0803571428571429
1,balanced_minus_collected,panel_5,1,1045008,greedy,0,0,-1,18,0.45454545454545453
1,balanced_minus_collected,panel_5,1,1045009,greedy,0,0,0,2,0.02197802197802201
1,balanced_minus_collected,panel_5,1,1045010,greedy,0,0,0,12,-0.5353846153846155
1,balanced_minus_collected,panel_5,1,1045011,greedy,0,0,-1,23,0.6071428571428571
1,balanced_minus_collected,panel_5,1,1045012,greedy,0,0,-1,25,0.6296296296296297
1,balanced_minus_collected,panel_5,1,1045013,greedy,0,0,0,-8,0.02857142857142858
1,balanced_minus_collected,panel_5,1,1045014,greedy,0,0,1,-6,0.0
1,balanced_minus_collected,panel_5,1,1045015,greedy,0,0,1,-19,-0.7916666666666666
1,balanced_minus_collected,panel_5,1,1045016,greedy,0,0,0,0,0.0
1,balanced_minus_collected,panel_5,1,1045017,greedy,0,0,1,-23,-0.8076923076923077
1,balanced_minus_collected,panel_5,1,1045018,greedy,0,0,0,21,0.2333333333333334
1,balanced_minus_collected,panel_5,1,1045019,greedy,0,-1,0,4,0.25
1,balanced_minus_collected,panel_5,1,1045020,greedy,0,0,0,3,0.01851851851851849
1,balanced_minus_collected,panel_5,1,1045021,greedy,0,0,0,-3,-0.5
1,balanced_minus_collected,panel_5,1,1045022,greedy,0,0,-1,6,0.4444444444444444
1,balanced_minus_collected,panel_5,1,1045023,greedy,0,0,0,0,0.0
1,balanced_minus_collected,panel_5,1,1045024,greedy,0,0,0,0,0.0
1,balanced_minus_collected,panel_5,1,1045025,greedy,0,-1,-1,29,0.84375
1,balanced_minus_collected,panel_5,1,1045026,greedy,0,0,0,-4,-0.04040404040404044
1,balanced_minus_collected,panel_5,1,1045027,greedy,0,0,1,-22,-0.5185185185185185
1,balanced_minus_collected,panel_5,1,1045028,greedy,0,0,1,-6,0.0
1,balanced_minus_collected,panel_5,1,1045029,greedy,0,0,0,0,0.0
1,balanced_minus_collected,panel_5,1,1045030,greedy,0,-1,-1,26,0.5625
1,balanced_minus_collected,panel_5,1,1045031,greedy,0,0,0,2,-0.38461538461538464
1,balanced_minus_collected,panel_5,1,1045032,greedy,0,0,0,0,0.0
1,balanced_minus_collected,panel_5,1,1045033,greedy,0,0,1,-14,-0.6666666666666666
1,balanced_minus_collected,panel_5,1,1045034,greedy,0,0,0,-6,0.1527777777777778
1,balanced_minus_collected,panel_5,1,1045035,greedy,0,-1,-1,31,0.21875
1,balanced_minus_collected,panel_5,1,1045036,greedy,0,0,0,0,0.0
1,balanced_minus_collected,panel_5,1,1045037,greedy,0,0,0,0,0.0
1,balanced_minus_collected,panel_5,1,1045038,greedy,0,0,0,0,-0.09375
1,balanced_minus_collected,panel_5,1,1045039,greedy,0,1,1,-22,-0.34375
1,balanced_minus_collected,panel_5,1,1045040,greedy,0,0,-1,29,0.6129032258064516
1,balanced_minus_collected,panel_5,1,1045041,greedy,0,0,-1,26,0.0
1,balanced_minus_collected,panel_5,1,1045042,greedy,0,0,-1,24,0.8571428571428571
1,balanced_minus_collected,panel_5,1,1045043,greedy,0,0,0,0,0.0
1,balanced_minus_collected,panel_5,1,1045044,greedy,0,0,0,-2,0.0
1,balanced_minus_collected,panel_5,1,1045045,greedy,0,0,-1,22,0.7857142857142857
1,balanced_minus_collected,panel_5,1,1045046,greedy,0,0,1,-17,-0.3632478632478633
1,balanced_minus_collected,panel_5,1,1045047,greedy,0,0,0,15,0.19736842105263153
1,balanced_minus_collected,panel_5,1,1045048,greedy,0,0,0,0,0.0
1,balanced_minus_collected,panel_5,1,1045049,greedy,0,-1,-1,26,0.9375
1,balanced_minus_collected,panel_5,1,1045050,greedy,0,0,0,0,0.0
1,balanced_minus_collected,panel_5,1,1045051,greedy,0,0,1,-8,-0.7272727272727273
1,balanced_minus_collected,panel_5,1,1045052,greedy,0,1,1,-27,-1.0
1,balanced_minus_collected,panel_5,1,1045053,greedy,0,-1,0,2,0.03749999999999998
1,balanced_minus_collected,panel_5,1,1045054,greedy,0,-1,0,21,-0.2585227272727273
1,balanced_minus_collected,panel_5,1,1045055,greedy,0,0,0,0,0.0
1,balanced_minus_collected,panel_5,1,1045056,greedy,0,0,0,-2,-0.24725274725274726
1,balanced_minus_collected,panel_5,1,1045057,greedy,0,0,1,-1,0.5
1,balanced_minus_collected,panel_5,1,1045058,greedy,0,0,-1,26,0.3333333333333333
1,balanced_minus_collected,panel_5,1,1045059,greedy,0,0,0,-3,0.037135278514588865
1,balanced_minus_collected,panel_5,1,1045060,greedy,0,-1,-1,28,0.90625
1,balanced_minus_collected,panel_5,1,1045061,greedy,0,0,1,-26,-0.21428571428571427
1,balanced_minus_collected,panel_5,1,1045062,greedy,0,0,0,0,-0.4375
1,balanced_minus_collected,panel_5,1,1045063,greedy,0,0,0,0,0.0
1,balanced_minus_collected,panel_5,2,1045000,greedy,0,0,0,0,0.0
1,balanced_minus_collected,panel_5,2,1045001,greedy,0,0,0,0,0.0
1,balanced_minus_collected,panel_5,2,1045002,greedy,0,0,0,0,0.0
1,balanced_minus_collected,panel_5,2,1045003,greedy,0,0,0,0,0.0
1,balanced_minus_collected,panel_5,2,1045004,greedy,0,0,-1,21,0.2916666666666667
1,balanced_minus_collected,panel_5,2,1045005,greedy,0,0,-1,2,0.0
1,balanced_minus_collected,panel_5,2,1045006,greedy,0,0,0,0,0.0
1,balanced_minus_collected,panel_5,2,1045007,greedy,0,0,0,5,0.8125
1,balanced_minus_collected,panel_5,2,1045008,greedy,0,-1,-1,28,0.59375
1,balanced_minus_collected,panel_5,2,1045009,greedy,0,0,-1,13,0.6190476190476191
1,balanced_minus_collected,panel_5,2,1045010,greedy,0,0,0,0,0.0
1,balanced_minus_collected,panel_5,2,1045011,greedy,0,0,0,-6,-0.3576923076923077
1,balanced_minus_collected,panel_5,2,1045012,greedy,0,0,-1,4,0.0
1,balanced_minus_collected,panel_5,2,1045013,greedy,0,0,0,0,0.09375
1,balanced_minus_collected,panel_5,2,1045014,greedy,0,0,-1,22,0.0
1,balanced_minus_collected,panel_5,2,1045015,greedy,0,0,-1,16,0.0
1,balanced_minus_collected,panel_5,2,1045016,greedy,0,0,1,-20,-0.9523809523809523
1,balanced_minus_collected,panel_5,2,1045017,greedy,0,0,0,-3,-0.058441558441558406
1,balanced_minus_collected,panel_5,2,1045018,greedy,0,0,-1,24,0.07407407407407407
1,balanced_minus_collected,panel_5,2,1045019,greedy,0,0,0,0,0.1875
1,balanced_minus_collected,panel_5,2,1045020,greedy,0,0,0,0,0.0
1,balanced_minus_collected,panel_5,2,1045021,greedy,0,0,0,0,0.0
1,balanced_minus_collected,panel_5,2,1045022,greedy,0,0,-1,19,0.8636363636363636
1,balanced_minus_collected,panel_5,2,1045023,greedy,0,-1,-1,30,0.375
1,balanced_minus_collected,panel_5,2,1045024,greedy,0,0,0,2,0.01602564102564108
1,balanced_minus_collected,panel_5,2,1045025,greedy,0,0,1,-4,-0.6666666666666666
1,balanced_minus_collected,panel_5,2,1045026,greedy,0,0,0,0,0.0
1,balanced_minus_collected,panel_5,2,1045027,greedy,0,0,0,0,0.0
1,balanced_minus_collected,panel_5,2,1045028,greedy,0,0,0,0,0.0
1,balanced_minus_collected,panel_5,2,1045029,greedy,0,-1,-1,29,0.46875
1,balanced_minus_collected,panel_5,2,1045030,greedy,0,-1,-1,26,0.46875
1,balanced_minus_collected,panel_5,2,1045031,greedy,0,0,-1,6,0.5
1,balanced_minus_collected,panel_5,2,1045032,greedy,0,0,1,-10,-0.7142857142857143
1,balanced_minus_collected,panel_5,2,1045033,greedy,0,-1,0,14,0.35763888888888884
1,balanced_minus_collected,panel_5,2,1045034,greedy,0,0,0,0,0.0
1,balanced_minus_collected,panel_5,2,1045035,greedy,0,0,0,0,0.0
1,balanced_minus_collected,panel_5,2,1045036,greedy,0,0,0,-2,0.061111111111111116
1,balanced_minus_collected,panel_5,2,1045037,greedy,0,0,1,-10,-0.5882352941176471
1,balanced_minus_collected,panel_5,2,1045038,greedy,0,0,1,-25,-0.9259259259259259
1,balanced_minus_collected,panel_5,2,1045039,greedy,0,0,-1,2,0.08333333333333337
1,balanced_minus_collected,panel_5,2,1045040,greedy,0,0,-1,28,0.2
1,balanced_minus_collected,panel_5,2,1045041,greedy,0,0,0,2,-0.20512820512820507
1,balanced_minus_collected,panel_5,2,1045042,greedy,0,0,-1,16,0.8
1,balanced_minus_collected,panel_5,2,1045043,greedy,0,0,0,0,0.0
1,balanced_minus_collected,panel_5,2,1045044,greedy,0,0,0,8,0.7454844006568144
1,balanced_minus_collected,panel_5,2,1045045,greedy,0,0,-1,18,0.6666666666666666
1,balanced_minus_collected,panel_5,2,1045046,greedy,0,0,0,0,-0.21875
1,balanced_minus_collected,panel_5,2,1045047,greedy,0,0,0,0,0.0
1,balanced_minus_collected,panel_5,2,1045048,greedy,0,0,0,0,0.0
1,balanced_minus_collected,panel_5,2,1045049,greedy,0,0,0,0,0.46875
1,balanced_minus_collected,panel_5,2,1045050,greedy,0,0,0,4,-0.2447552447552448
1,balanced_minus_collected,panel_5,2,1045051,greedy,0,0,1,-10,-0.7692307692307693
1,balanced_minus_collected,panel_5,2,1045052,greedy,0,0,-1,20,0.782608695652174
1,balanced_minus_collected,panel_5,2,1045053,greedy,0,0,0,2,-0.33716475095785436
1,balanced_minus_collected,panel_5,2,1045054,greedy,0,1,0,-1,0.2782258064516129
1,balanced_minus_collected,panel_5,2,1045055,greedy,0,0,0,0,0.0
1,balanced_minus_collected,panel_5,2,1045056,greedy,0,0,0,0,0.34482758620689646
1,balanced_minus_collected,panel_5,2,1045057,greedy,0,0,-1,6,0.0
1,balanced_minus_collected,panel_5,2,1045058,greedy,0,0,0,0,-0.78125
1,balanced_minus_collected,panel_5,2,1045059,greedy,0,1,1,-26,-0.3125
1,balanced_minus_collected,panel_5,2,1045060,greedy,0,-1,-1,26,0.5
1,balanced_minus_collected,panel_5,2,1045061,greedy,0,0,0,0,0.0
1,balanced_minus_collected,panel_5,2,1045062,greedy,0,0,0,0,0.78125
1,balanced_minus_collected,panel_5,2,1045063,greedy,0,-1,-1,27,0.6875
1,balanced_minus_collected,panel_6,0,1046000,greedy,0,0,0,0,0.0625
1,balanced_minus_collected,panel_6,0,1046001,greedy,0,-1,0,4,0.049107142857142905
1,balanced_minus_collected,panel_6,0,1046002,greedy,0,0,1,-19,-0.9047619047619048
1,balanced_minus_collected,panel_6,0,1046003,greedy,0,0,0,10,0.0
1,balanced_minus_collected,panel_6,0,1046004,greedy,0,0,1,-9,-0.8181818181818182
1,balanced_minus_collected,panel_6,0,1046005,greedy,0,0,1,-14,0.0
1,balanced_minus_collected,panel_6,0,1046006,greedy,0,0,0,0,0.0
1,balanced_minus_collected,panel_6,0,1046007,greedy,0,0,0,0,0.0
1,balanced_minus_collected,panel_6,0,1046008,greedy,0,0,0,-5,-0.78125
1,balanced_minus_collected,panel_6,0,1046009,greedy,0,0,1,-12,-0.8571428571428571
1,balanced_minus_collected,panel_6,0,1046010,greedy,0,0,0,-1,0.06307692307692314
1,balanced_minus_collected,panel_6,0,1046011,greedy,0,0,-1,21,0.875
1,balanced_minus_collected,panel_6,0,1046012,greedy,0,0,1,-24,-0.8571428571428571
1,balanced_minus_collected,panel_6,0,1046013,greedy,0,0,0,0,0.0
1,balanced_minus_collected,panel_6,0,1046014,greedy,0,0,1,-23,-0.04022988505747127
1,balanced_minus_collected,panel_6,0,1046015,greedy,0,0,1,-27,-0.9642857142857143
1,balanced_minus_collected,panel_6,0,1046016,greedy,0,0,0,-19,-0.1826923076923077
1,balanced_minus_collected,panel_6,0,1046017,greedy,0,0,0,0,0.0
1,balanced_minus_collected,panel_6,0,1046018,greedy,0,0,0,-4,0.8333333333333334
1,balanced_minus_collected,panel_6,0,1046019,greedy,0,0,0,0,0.0
1,balanced_minus_collected,panel_6,0,1046020,greedy,0,0,-1,24,0.7692307692307693
1,balanced_minus_collected,panel_6,0,1046021,greedy,0,0,-1,22,0.019704433497536977
1,balanced_minus_collected,panel_6,0,1046022,greedy,0,0,1,-24,-0.96
1,balanced_minus_collected,panel_6,0,1046023,greedy,0,0,1,-20,-0.4
1,balanced_minus_collected,panel_6,0,1046024,greedy,0,0,-1,24,0.0
1,balanced_minus_collected,panel_6,0,1046025,greedy,0,0,1,-19,-0.8260869565217391
1,balanced_minus_collected,panel_6,0,1046026,greedy,0,0,-1,25,0.5172413793103449
1,balanced_minus_collected,panel_6,0,1046027,greedy,0,0,0,0,-0.21875
1,balanced_minus_collected,panel_6,0,1046028,greedy,0,0,0,0,0.0
1,balanced_minus_collected,panel_6,0,1046029,greedy,0,1,0,-13,-0.21217105263157898
1,balanced_minus_collected,panel_6,0,1046030,greedy,0,0,0,0,0.0
1,balanced_minus_collected,panel_6,0,1046031,greedy,0,0,0,0,0.0
1,balanced_minus_collected,panel_6,0,1046032,greedy,0,0,1,-12,-0.8571428571428571
1,balanced_minus_collected,panel_6,0,1046033,greedy,0,0,1,-20,-0.56
1,balanced_minus_collected,panel_6,0,1046034,greedy,0,0,0,0,0.0
1,balanced_minus_collected,panel_6,0,1046035,greedy,0,0,-1,26,-0.038709677419354854
1,balanced_minus_collected,panel_6,0,1046036,greedy,0,0,0,0,0.0
1,balanced_minus_collected,panel_6,0,1046037,greedy,0,1,0,-20,-0.41666666666666663
1,balanced_minus_collected,panel_6,0,1046038,greedy,0,0,1,-21,-0.84
1,balanced_minus_collected,panel_6,0,1046039,greedy,0,0,1,-11,-0.6875
1,balanced_minus_collected,panel_6,0,1046040,greedy,0,0,1,-25,-0.5172413793103449
1,balanced_minus_collected,panel_6,0,1046041,greedy,0,0,1,-6,-0.09999999999999998
1,balanced_minus_collected,panel_6,0,1046042,greedy,0,0,1,-17,-0.8095238095238095
1,balanced_minus_collected,panel_6,0,1046043,greedy,0,0,0,-3,-0.02571428571428569
1,balanced_minus_collected,panel_6,0,1046044,greedy,0,1,1,-28,-0.90625
1,balanced_minus_collected,panel_6,0,1046045,greedy,0,0,1,-4,0.0
1,balanced_minus_collected,panel_6,0,1046046,greedy,0,-1,0,20,0.04166666666666663
1,balanced_minus_collected,panel_6,0,1046047,greedy,0,0,0,0,0.0
1,balanced_minus_collected,panel_6,0,1046048,greedy,0,0,-1,20,0.4
1,balanced_minus_collected,panel_6,0,1046049,greedy,0,0,1,-11,-0.6470588235294118
1,balanced_minus_collected,panel_6,0,1046050,greedy,0,0,0,0,0.0
1,balanced_minus_collected,panel_6,0,1046051,greedy,0,0,-1,24,0.3571428571428571
1,balanced_minus_collected,panel_6,0,1046052,greedy,0,1,0,-11,-0.17559523809523814
1,balanced_minus_collected,panel_6,0,1046053,greedy,0,0,0,0,0.0
1,balanced_minus_collected,panel_6,0,1046054,greedy,0,0,-1,13,0.7333333333333333
1,balanced_minus_collected,panel_6,0,1046055,greedy,0,-1,-1,29,0.90625
1,balanced_minus_collected,panel_6,0,1046056,greedy,0,0,0,-2,0.0
1,balanced_minus_collected,panel_6,0,1046057,greedy,0,0,0,0,0.0
1,balanced_minus_collected,panel_6,0,1046058,greedy,0,0,0,0,0.0
1,balanced_minus_collected,panel_6,0,1046059,greedy,0,0,0,0,0.0
1,balanced_minus_collected,panel_6,0,1046060,greedy,0,0,0,0,0.0
1,balanced_minus_collected,panel_6,0,1046061,greedy,0,0,0,0,-0.09375
1,balanced_minus_collected,panel_6,0,1046062,greedy,0,0,0,0,0.5454545454545454
1,balanced_minus_collected,panel_6,0,1046063,greedy,0,0,0,19,0.1157407407407407
1,balanced_minus_collected,panel_6,1,1046000,greedy,0,-1,-1,25,0.22767857142857145
1,balanced_minus_collected,panel_6,1,1046001,greedy,0,0,0,0,0.3125
1,balanced_minus_collected,panel_6,1,1046002,greedy,0,0,0,0,0.0
1,balanced_minus_collected,panel_6,1,1046003,greedy,0,0,0,-4,-0.04571428571428571
1,balanced_minus_collected,panel_6,1,1046004,greedy,0,0,-1,26,0.35714285714285715
1,balanced_minus_collected,panel_6,1,1046005,greedy,0,0,0,0,0.0
1,balanced_minus_collected,panel_6,1,1046006,greedy,0,0,0,0,-0.4375
1,balanced_minus_collected,panel_6,1,1046007,greedy,0,1,0,-4,0.125
1,balanced_minus_collected,panel_6,1,1046008,greedy,0,0,0,2,0.4
1,balanced_minus_collected,panel_6,1,1046009,greedy,0,0,0,2,-0.7142857142857143
1,balanced_minus_collected,panel_6,1,1046010,greedy,0,0,0,0,-0.03125
1,balanced_minus_collected,panel_6,1,1046011,greedy,0,0,0,7,0.10606060606060608
1,balanced_minus_collected,panel_6,1,1046012,greedy,0,0,0,0,-0.1875
1,balanced_minus_collected,panel_6,1,1046013,greedy,0,-1,0,5,0.21412037037037035
1,balanced_minus_collected,panel_6,1,1046014,greedy,0,0,-1,8,0.46153846153846156
1,balanced_minus_collected,panel_6,1,1046015,greedy,0,1,1,-31,-1.0
1,balanced_minus_collected,panel_6,1,1046016,greedy,0,0,0,-1,-0.0444444444444444
1,balanced_minus_collected,panel_6,1,1046017,greedy,0,0,0,0,-0.375
1,balanced_minus_collected,panel_6,1,1046018,greedy,0,0,1,-27,-0.6551724137931034
1,balanced_minus_collected,panel_6,1,1046019,greedy,0,0,0,0,0.0
1,balanced_minus_collected,panel_6,1,1046020,greedy,0,0,0,0,0.0
1,balanced_minus_collected,panel_6,1,1046021,greedy,0,0,0,11,0.11282051282051286
1,balanced_minus_collected,panel_6,1,1046022,greedy,0,0,-1,5,0.8333333333333334
1,balanced_minus_collected,panel_6,1,1046023,greedy,0,0,0,0,0.0
1,balanced_minus_collected,panel_6,1,1046024,greedy,0,0,0,0,0.0
1,balanced_minus_collected,panel_6,1,1046025,greedy,0,-1,0,4,-0.0982142857142857
1,balanced_minus_collected,panel_6,1,1046026,greedy,0,0,-1,24,0.5714285714285714
1,balanced_minus_collected,panel_6,1,1046027,greedy,0,1,1,-27,-0.65625
1,balanced_minus_collected,panel_6,1,1046028,greedy,0,0,0,0,0.0
1,balanced_minus_collected,panel_6,1,1046029,greedy,0,0,0,7,0.7083333333333334
1,balanced_minus_collected,panel_6,1,1046030,greedy,0,0,0,-6,0.07500000000000001
1,balanced_minus_collected,panel_6,1,1046031,greedy,0,-1,0,4,0.0714285714285714
1,balanced_minus_collected,panel_6,1,1046032,greedy,0,0,-1,20,0.2727272727272727
1,balanced_minus_collected,panel_6,1,1046033,greedy,0,0,1,-18,-0.8181818181818182
1,balanced_minus_collected,panel_6,1,1046034,greedy,0,-1,0,7,0.44375
1,balanced_minus_collected,panel_6,1,1046035,greedy,0,0,0,0,0.0
1,balanced_minus_collected,panel_6,1,1046036,greedy,0,0,1,-24,-0.4666666666666667
1,balanced_minus_collected,panel_6,1,1046037,greedy,0,-1,0,5,0.07986111111111116
1,balanced_minus_collected,panel_6,1,1046038,greedy,0,-1,0,4,0.16071428571428573
1,balanced_minus_collected,panel_6,1,1046039,greedy,0,0,-1,10,0.0
1,balanced_minus_collected,panel_6,1,1046040,greedy,0,0,0,0,0.0
1,balanced_minus_collected,panel_6,1,1046041,greedy,0,0,0,0,-0.71875
1,balanced_minus_collected,panel_6,1,1046042,greedy,0,0,0,3,0.4971428571428571
1,balanced_minus_collected,panel_6,1,1046043,greedy,0,0,1,-20,-0.6923076923076923
1,balanced_minus_collected,panel_6,1,1046044,greedy,0,0,1,-15,-0.6842105263157895
1,balanced_minus_collected,panel_6,1,1046045,greedy,0,0,0,0,0.0
1,balanced_minus_collected,panel_6,1,1046046,greedy,0,-1,-1,30,0.3125
1,balanced_minus_collected,panel_6,1,1046047,greedy,0,0,-1,4,0.6666666666666666
1,balanced_minus_collected,panel_6,1,1046048,greedy,0,0,0,0,0.0
1,balanced_minus_collected,panel_6,1,1046049,greedy,0,0,-1,14,0.5
1,balanced_minus_collected,panel_6,1,1046050,greedy,0,0,-1,24,0.23076923076923078
1,balanced_minus_collected,panel_6,1,1046051,greedy,0,0,-1,4,0.19999999999999996
1,balanced_minus_collected,panel_6,1,1046052,greedy,0,0,-1,19,0.5416666666666666
1,balanced_minus_collected,panel_6,1,1046053,greedy,0,0,0,0,0.0
1,balanced_minus_collected,panel_6,1,1046054,greedy,0,-1,-1,30,1.0
1,balanced_minus_collected,panel_6,1,1046055,greedy,0,1,1,-29,-0.96875
1,balanced_minus_collected,panel_6,1,1046056,greedy,0,0,-1,25,0.39285714285714285
1,balanced_minus_collected,panel_6,1,1046057,greedy,0,-1,-1,29,0.8125
1,balanced_minus_collected,panel_6,1,1046058,greedy,0,0,1,-25,-0.6000000000000001
1,balanced_minus_collected,panel_6,1,1046059,greedy,0,0,-1,23,0.8846153846153846
1,balanced_minus_collected,panel_6,1,1046060,greedy,0,0,0,-2,-0.2857142857142857
1,balanced_minus_collected,panel_6,1,1046061,greedy,0,-1,-1,27,0.90625
1,balanced_minus_collected,panel_6,1,1046062,greedy,0,0,0,-4,0.6964285714285714
1,balanced_minus_collected,panel_6,1,1046063,greedy,0,-1,-1,29,0.6875
1,balanced_minus_collected,panel_6,2,1046000,greedy,0,0,0,2,0.12148148148148147
1,balanced_minus_collected,panel_6,2,1046001,greedy,0,0,0,0,-0.125
1,balanced_minus_collected,panel_6,2,1046002,greedy,0,0,0,0,0.0
1,balanced_minus_collected,panel_6,2,1046003,greedy,0,-1,0,6,-0.20673076923076927
1,balanced_minus_collected,panel_6,2,1046004,greedy,0,0,0,0,0.0
1,balanced_minus_collected,panel_6,2,1046005,greedy,0,0,-1,2,0.0
1,balanced_minus_collected,panel_6,2,1046006,greedy,0,0,0,0,-0.09375
1,balanced_minus_collected,panel_6,2,1046007,greedy,0,0,0,0,0.0625
1,balanced_minus_collected,panel_6,2,1046008,greedy,0,0,1,-22,-0.8
1,balanced_minus_collected,panel_6,2,1046009,greedy,0,0,0,-7,0.5870445344129555
1,balanced_minus_collected,panel_6,2,1046010,greedy,0,1,0,-7,-0.66625
1,balanced_minus_collected,panel_6,2,1046011,greedy,0,0,0,-1,-0.25
1,balanced_minus_collected,panel_6,2,1046012,greedy,0,0,0,5,-0.2894736842105263
1,balanced_minus_collected,panel_6,2,1046013,greedy,0,0,0,1,0.14285714285714285
1,balanced_minus_collected,panel_6,2,1046014,greedy,0,0,1,-21,-0.34615384615384615
1,balanced_minus_collected,panel_6,2,1046015,greedy,0,0,0,0,0.0
1,balanced_minus_collected,panel_6,2,1046016,greedy,0,-1,0,12,0.30000000000000004
1,balanced_minus_collected,panel_6,2,1046017,greedy,0,0,0,0,-0.125
1,balanced_minus_collected,panel_6,2,1046018,greedy,0,0,-1,4,0.0
1,balanced_minus_collected,panel_6,2,1046019,greedy,0,0,0,-2,-0.4
1,balanced_minus_collected,panel_6,2,1046020,greedy,0,0,-1,22,0.9166666666666666
1,balanced_minus_collected,panel_6,2,1046021,greedy,0,0,-1,24,0.5
1,balanced_minus_collected,panel_6,2,1046022,greedy,0,0,-1,6,0.0
1,balanced_minus_collected,panel_6,2,1046023,greedy,0,0,1,-7,0.25
1,balanced_minus_collected,panel_6,2,1046024,greedy,0,0,0,-3,0.44019138755980863
1,balanced_minus_collected,panel_6,2,1046025,greedy,0,-1,0,14,0.9375
1,balanced_minus_collected,panel_6,2,1046026,greedy,0,-1,0,3,0.5150862068965517
1,balanced_minus_collected,panel_6,2,1046027,greedy,0,-1,0,7,0.19374999999999998
1,balanced_minus_collected,panel_6,2,1046028,greedy,0,0,0,0,0.0
1,balanced_minus_collected,panel_6,2,1046029,greedy,0,-1,0,3,-0.03340517241379315
1,balanced_minus_collected,panel_6,2,1046030,greedy,0,0,0,0,0.0
1,balanced_minus_collected,panel_6,2,1046031,greedy,0,0,1,-23,-0.6
1,balanced_minus_collected,panel_6,2,1046032,greedy,0,0,0,5,-0.19252873563218387
1,balanced_minus_collected,panel_6,2,1046033,greedy,0,0,-1,8,0.0
1,balanced_minus_collected,panel_6,2,1046034,greedy,0,0,0,0,-0.4375
1,balanced_minus_collected,panel_6,2,1046035,greedy,0,0,-1,18,0.8181818181818182
1,balanced_minus_collected,panel_6,2,1046036,greedy,0,-1,-1,26,0.6875
1,balanced_minus_collected,panel_6,2,1046037,greedy,0,0,0,0,-0.4375
1,balanced_minus_collected,panel_6,2,1046038,greedy,0,0,0,11,0.09090909090909088
1,balanced_minus_collected,panel_6,2,1046039,greedy,0,0,0,0,0.0
1,balanced_minus_collected,panel_6,2,1046040,greedy,0,0,0,0,0.0
1,balanced_minus_collected,panel_6,2,1046041,greedy,0,0,0,-13,0.07692307692307693
1,balanced_minus_collected,panel_6,2,1046042,greedy,0,0,0,-4,0.1785714285714286
1,balanced_minus_collected,panel_6,2,1046043,greedy,0,-1,0,4,0.6428571428571428
1,balanced_minus_collected,panel_6,2,1046044,greedy,0,0,1,-26,0.0
1,balanced_minus_collected,panel_6,2,1046045,greedy,0,0,0,0,0.0
1,balanced_minus_collected,panel_6,2,1046046,greedy,0,0,0,-15,0.03260869565217392
1,balanced_minus_collected,panel_6,2,1046047,greedy,0,1,1,-30,-0.78125
1,balanced_minus_collected,panel_6,2,1046048,greedy,0,0,0,-4,-0.04166666666666663
1,balanced_minus_collected,panel_6,2,1046049,greedy,0,0,0,-3,-0.29629629629629634
1,balanced_minus_collected,panel_6,2,1046050,greedy,0,0,-1,6,0.0
1,balanced_minus_collected,panel_6,2,1046051,greedy,0,0,-1,12,0.8
1,balanced_minus_collected,panel_6,2,1046052,greedy,0,0,0,-3,-0.0185185185185186
1,balanced_minus_collected,panel_6,2,1046053,greedy,0,0,-1,6,0.8571428571428571
1,balanced_minus_collected,panel_6,2,1046054,greedy,0,0,0,0,0.0
1,balanced_minus_collected,panel_6,2,1046055,greedy,0,0,-1,22,0.8
1,balanced_minus_collected,panel_6,2,1046056,greedy,0,-1,-1,29,0.15625
1,balanced_minus_collected,panel_6,2,1046057,greedy,0,0,0,0,0.0
1,balanced_minus_collected,panel_6,2,1046058,greedy,0,1,0,0,-0.125
1,balanced_minus_collected,panel_6,2,1046059,greedy,0,0,0,0,0.0
1,balanced_minus_collected,panel_6,2,1046060,greedy,0,-1,0,4,0.29464285714285715
1,balanced_minus_collected,panel_6,2,1046061,greedy,0,0,0,0,0.0
1,balanced_minus_collected,panel_6,2,1046062,greedy,0,0,0,0,0.0
1,balanced_minus_collected,panel_6,2,1046063,greedy,0,0,0,2,-0.1356521739130434
1,balanced_minus_collected,panel_7,0,1047000,greedy,0,0,0,11,0.8214285714285714
1,balanced_minus_collected,panel_7,0,1047001,greedy,0,-1,0,8,0.125
1,balanced_minus_collected,panel_7,0,1047002,greedy,0,1,0,-1,-0.2651209677419355
1,balanced_minus_collected,panel_7,0,1047003,greedy,0,0,0,0,0.0
1,balanced_minus_collected,panel_7,0,1047004,greedy,0,-1,-1,26,0.6875
1,balanced_minus_collected,panel_7,0,1047005,greedy,0,0,0,-16,-0.1523809523809524
1,balanced_minus_collected,panel_7,0,1047006,greedy,0,1,1,-28,-0.9375
1,balanced_minus_collected,panel_7,0,1047007,greedy,0,1,1,-27,-0.40625
1,balanced_minus_collected,panel_7,0,1047008,greedy,0,0,-1,15,0.9375
1,balanced_minus_collected,panel_7,0,1047009,greedy,0,0,0,7,0.19855072463768114
1,balanced_minus_collected,panel_7,0,1047010,greedy,0,1,0,-2,0.10416666666666663
1,balanced_minus_collected,panel_7,0,1047011,greedy,0,0,0,0,0.0
1,balanced_minus_collected,panel_7,0,1047012,greedy,0,1,1,-27,-0.96875
1,balanced_minus_collected,panel_7,0,1047013,greedy,0,0,0,-13,-0.038461538461538464
1,balanced_minus_collected,panel_7,0,1047014,greedy,0,0,0,0,0.0
1,balanced_minus_collected,panel_7,0,1047015,greedy,0,0,0,2,0.75
1,balanced_minus_collected,panel_7,0,1047016,greedy,0,0,0,0,0.0
1,balanced_minus_collected,panel_7,0,1047017,greedy,0,0,0,0,0.0
1,balanced_minus_collected,panel_7,0,1047018,greedy,0,0,0,0,0.0
1,balanced_minus_collected,panel_7,0,1047019,greedy,0,1,0,-4,-0.1160714285714286
1,balanced_minus_collected,panel_7,0,1047020,greedy,0,1,0,-16,-0.90625
1,balanced_minus_collected,panel_7,0,1047021,greedy,0,0,0,0,0.0
1,balanced_minus_collected,panel_7,0,1047022,greedy,0,0,0,0,-0.46875
1,balanced_minus_collected,panel_7,0,1047023,greedy,0,0,0,0,0.0
1,balanced_minus_collected,panel_7,0,1047024,greedy,0,0,0,0,0.0
1,balanced_minus_collected,panel_7,0,1047025,greedy,0,0,1,-10,-0.7692307692307693
1,balanced_minus_collected,panel_7,0,1047026,greedy,0,0,1,-27,-0.3103448275862069
1,balanced_minus_collected,panel_7,0,1047027,greedy,0,0,-1,23,0.8076923076923077
1,balanced_minus_collected,panel_7,0,1047028,greedy,0,0,0,-23,-0.7307692307692307
1,balanced_minus_collected,panel_7,0,1047029,greedy,0,1,0,-18,-0.2946428571428571
1,balanced_minus_collected,panel_7,0,1047030,greedy,0,0,0,15,0.13461538461538458
1,balanced_minus_collected,panel_7,0,1047031,greedy,0,0,0,0,0.0
1,balanced_minus_collected,panel_7,0,1047032,greedy,0,-1,0,10,0.1647727272727273
1,balanced_minus_collected,panel_7,0,1047033,greedy,0,0,0,0,0.0
1,balanced_minus_collected,panel_7,0,1047034,greedy,0,1,0,-25,-0.1116071428571429
1,balanced_minus_collected,panel_7,0,1047035,greedy,0,0,0,14,-0.36363636363636365
1,balanced_minus_collected,panel_7,0,1047036,greedy,0,0,0,0,-0.125
1,balanced_minus_collected,panel_7,0,1047037,greedy,0,-1,-1,28,0.96875
1,balanced_minus_collected,panel_7,0,1047038,greedy,0,0,0,0,0.0
1,balanced_minus_collected,panel_7,0,1047039,greedy,0,0,1,-17,-0.7391304347826086
1,balanced_minus_collected,panel_7,0,1047040,greedy,0,-1,0,13,0.21052631578947367
1,balanced_minus_collected,panel_7,0,1047041,greedy,0,1,0,-6,-0.3533653846153846
1,balanced_minus_collected,panel_7,0,1047042,greedy,0,0,0,-7,-0.028340080971659964
1,balanced_minus_collected,panel_7,0,1047043,greedy,0,0,0,0,0.0
1,balanced_minus_collected,panel_7,0,1047044,greedy,0,0,0,0,0.0
1,balanced_minus_collected,panel_7,0,1047045,greedy,0,0,0,0,-0.09375
1,balanced_minus_collected,panel_7,0,1047046,greedy,0,1,1,-27,-0.9375
1,balanced_minus_collected,panel_7,0,1047047,greedy,0,1,0,-3,-0.2823275862068966
1,balanced_minus_collected,panel_7,0,1047048,greedy,0,1,1,-29,-0.4375
1,balanced_minus_collected,panel_7,0,1047049,greedy,0,0,1,-4,0.0
1,balanced_minus_collected,panel_7,0,1047050,greedy,0,0,1,-24,-0.8148148148148148
1,balanced_minus_collected,panel_7,0,1047051,greedy,0,0,0,0,-0.125
1,balanced_minus_collected,panel_7,0,1047052,greedy,0,0,0,-16,-0.8461538461538461
1,balanced_minus_collected,panel_7,0,1047053,greedy,0,0,1,-7,-0.28571428571428575
1,balanced_minus_collected,panel_7,0,1047054,greedy,0,0,0,0,-0.0625
1,balanced_minus_collected,panel_7,0,1047055,greedy,0,0,0,11,0.35128205128205126
1,balanced_minus_collected,panel_7,0,1047056,greedy,0,0,0,0,0.0
1,balanced_minus_collected,panel_7,0,1047057,greedy,0,0,0,-2,-0.4
1,balanced_minus_collected,panel_7,0,1047058,greedy,0,0,-1,14,0.40579710144927533
1,balanced_minus_collected,panel_7,0,1047059,greedy,0,1,1,-26,-0.90625
1,balanced_minus_collected,panel_7,0,1047060,greedy,0,0,0,-7,-0.15860215053763438
1,balanced_minus_collected,panel_7,0,1047062,greedy,0,0,0,2,0.10434782608695659
1,balanced_minus_collected,panel_7,0,1047063,greedy,0,0,0,0,0.0
1,balanced_minus_collected,panel_7,0,1047064,greedy,0,0,1,-27,-0.5666666666666667
1,balanced_minus_collected,panel_7,1,1047000,greedy,0,1,1,-27,-0.75
1,balanced_minus_collected,panel_7,1,1047001,greedy,0,0,0,0,0.0
1,balanced_minus_collected,panel_7,1,1047002,greedy,0,0,0,-19,0.36060606060606065
1,balanced_minus_collected,panel_7,1,1047003,greedy,0,0,-1,10,0.6666666666666666
1,balanced_minus_collected,panel_7,1,1047004,greedy,0,0,1,-22,-0.7142857142857143
1,balanced_minus_collected,panel_7,1,1047005,greedy,0,-1,0,6,0.028846153846153855
1,balanced_minus_collected,panel_7,1,1047006,greedy,0,0,1,-18,0.0
1,balanced_minus_collected,panel_7,1,1047007,greedy,0,-1,-1,27,0.59375
1,balanced_minus_collected,panel_7,1,1047008,greedy,0,0,0,0,0.0
1,balanced_minus_collected,panel_7,1,1047009,greedy,0,-1,-1,23,0.5277777777777778
1,balanced_minus_collected,panel_7,1,1047010,greedy,0,0,-1,7,-0.2727272727272727
1,balanced_minus_collected,panel_7,1,1047011,greedy,0,1,1,-30,-0.96875
1,balanced_minus_collected,panel_7,1,1047012,greedy,0,-1,0,6,0.1610576923076923
1,balanced_minus_collected,panel_7,1,1047013,greedy,0,0,0,0,0.0
1,balanced_minus_collected,panel_7,1,1047014,greedy,0,0,1,-4,0.0
1,balanced_minus_collected,panel_7,1,1047015,greedy,0,0,0,0,0.0
1,balanced_minus_collected,panel_7,1,1047016,greedy,0,0,0,0,0.0
1,balanced_minus_collected,panel_7,1,1047017,greedy,0,0,-1,23,0.8214285714285714
1,balanced_minus_collected,panel_7,1,1047018,greedy,0,0,0,0,0.15625
1,balanced_minus_collected,panel_7,1,1047019,greedy,0,1,0,-11,-0.20684523809523814
1,balanced_minus_collected,panel_7,1,1047020,greedy,0,0,1,-6,-0.75
1,balanced_minus_collected,panel_7,1,1047021,greedy,0,0,0,0,0.0
1,balanced_minus_collected,panel_7,1,1047022,greedy,0,0,0,6,0.2610526315789473
1,balanced_minus_collected,panel_7,1,1047023,greedy,0,0,0,-7,-0.06222222222222218
1,balanced_minus_collected,panel_7,1,1047024,greedy,0,0,-1,15,0.29411764705882354
1,balanced_minus_collected,panel_7,1,1047025,greedy,0,-1,0,9,0.08559782608695654
1,balanced_minus_collected,panel_7,1,1047026,greedy,0,0,1,-11,-0.6923076923076923
1,balanced_minus_collected,panel_7,1,1047027,greedy,0,-1,0,5,0.1967592592592593
1,balanced_minus_collected,panel_7,1,1047028,greedy,0,0,0,-5,0.06776556776556775
1,balanced_minus_collected,panel_7,1,1047029,greedy,0,-1,0,5,0.18518518518518523
1,balanced_minus_collected,panel_7,1,1047030,greedy,0,0,0,0,0.0
1,balanced_minus_collected,panel_7,1,1047031,greedy,0,0,0,2,0.5
1,balanced_minus_collected,panel_7,1,1047032,greedy,0,-1,0,8,0.1875
1,balanced_minus_collected,panel_7,1,1047033,greedy,0,0,0,0,0.0
1,balanced_minus_collected,panel_7,1,1047034,greedy,0,0,-1,25,0.7307692307692307
1,balanced_minus_collected,panel_7,1,1047035,greedy,0,-1,-1,27,0.21875
1,balanced_minus_collected,panel_7,1,1047036,greedy,0,0,0,0,0.4375
1,balanced_minus_collected,panel_7,1,1047037,greedy,0,0,1,-8,-0.75
1,balanced_minus_collected,panel_7,1,1047038,greedy,0,0,0,0,0.0
1,balanced_minus_collected,panel_7,1,1047039,greedy,0,0,-1,19,0.1111111111111111
1,balanced_minus_collected,panel_7,1,1047040,greedy,0,0,-1,26,0.0
1,balanced_minus_collected,panel_7,1,1047041,greedy,0,-1,-1,20,0.375
1,balanced_minus_collected,panel_7,1,1047042,greedy,0,0,-1,3,0.6
1,balanced_minus_collected,panel_7,1,1047043,greedy,0,0,0,-1,-0.004615384615384577
1,balanced_minus_collected,panel_7,1,1047044,greedy,0,0,0,0,0.0
1,balanced_minus_collected,panel_7,1,1047045,greedy,0,-1,-1,25,0.90625
1,balanced_minus_collected,panel_7,1,1047046,greedy,0,0,-1,18,0.16
1,balanced_minus_collected,panel_7,1,1047047,greedy,0,0,0,0,0.5
1,balanced_minus_collected,panel_7,1,1047048,greedy,0,0,0,0,0.0
1,balanced_minus_collected,panel_7,1,1047049,greedy,0,0,0,0,0.0
1,balanced_minus_collected,panel_7,1,1047050,greedy,0,0,1,-18,-0.09523809523809523
1,balanced_minus_collected,panel_7,1,1047051,greedy,0,0,0,0,0.0
1,balanced_minus_collected,panel_7,1,1047052,greedy,0,1,0,-4,0.04464285714285715
1,balanced_minus_collected,panel_7,1,1047053,greedy,0,0,-1,8,0.0
1,balanced_minus_collected,panel_7,1,1047054,greedy,0,1,0,-21,-0.33238636363636365
1,balanced_minus_collected,panel_7,1,1047055,greedy,0,0,-1,20,0.6086956521739131
1,balanced_minus_collected,panel_7,1,1047056,greedy,0,0,-1,26,0.7857142857142857
1,balanced_minus_collected,panel_7,1,1047057,greedy,0,0,0,2,0.0
1,balanced_minus_collected,panel_7,1,1047058,greedy,0,1,0,-3,-0.2068965517241379
1,balanced_minus_collected,panel_7,1,1047059,greedy,0,0,0,-12,0.0444444444444444
1,balanced_minus_collected,panel_7,1,1047060,greedy,0,0,0,0,0.15625
1,balanced_minus_collected,panel_7,1,1047062,greedy,0,-1,0,4,-0.09375
1,balanced_minus_collected,panel_7,1,1047063,greedy,0,0,0,0,0.0
1,balanced_minus_collected,panel_7,1,1047064,greedy,0,0,0,-12,0.5714285714285714
1,balanced_minus_collected,panel_7,2,1047000,greedy,0,-1,0,6,0.34615384615384615
1,balanced_minus_collected,panel_7,2,1047001,greedy,0,1,0,-8,-0.20833333333333337
1,balanced_minus_collected,panel_7,2,1047002,greedy,0,1,0,-19,0.6129807692307693
1,balanced_minus_collected,panel_7,2,1047003,greedy,0,0,-1,24,0.6153846153846154
1,balanced_minus_collected,panel_7,2,1047004,greedy,0,0,-1,21,0.25925925925925924
1,balanced_minus_collected,panel_7,2,1047005,greedy,0,1,1,-28,-0.90625
1,balanced_minus_collected,panel_7,2,1047006,greedy,0,0,1,-21,-0.36
1,balanced_minus_collected,panel_7,2,1047007,greedy,0,0,0,1,0.10615384615384615
1,balanced_minus_collected,panel_7,2,1047008,greedy,0,0,0,0,0.0
1,balanced_minus_collected,panel_7,2,1047009,greedy,0,-1,0,11,0.11458333333333337
1,balanced_minus_collected,panel_7,2,1047010,greedy,0,1,0,-3,-0.15732758620689657
1,balanced_minus_collected,panel_7,2,1047011,greedy,0,0,0,0,0.0
1,balanced_minus_collected,panel_7,2,1047012,greedy,0,0,0,0,-0.0625
1,balanced_minus_collected,panel_7,2,1047013,greedy,0,0,1,-18,-0.47619047619047616
1,balanced_minus_collected,panel_7,2,1047014,greedy,0,0,0,0,0.0
1,balanced_minus_collected,panel_7,2,1047015,greedy,0,0,0,0,0.0
1,balanced_minus_collected,panel_7,2,1047016,greedy,0,0,1,-8,0.0
1,balanced_minus_collected,panel_7,2,1047017,greedy,0,0,0,2,0.017391304347826098
1,balanced_minus_collected,panel_7,2,1047018,greedy,0,0,0,0,0.03125
1,balanced_minus_collected,panel_7,2,1047019,greedy,0,0,0,-2,-0.022727272727272707
1,balanced_minus_collected,panel_7,2,1047020,greedy,0,1,0,-10,-0.96875
1,balanced_minus_collected,panel_7,2,1047021,greedy,0,0,0,0,0.0
1,balanced_minus_collected,panel_7,2,1047022,greedy,0,0,0,0,0.0
1,balanced_minus_collected,panel_7,2,1047023,greedy,0,0,0,0,0.0
1,balanced_minus_collected,panel_7,2,1047024,greedy,0,0,-1,11,0.8461538461538461
1,balanced_minus_collected,panel_7,2,1047025,greedy,0,-1,-1,29,0.9375
1,balanced_minus_collected,panel_7,2,1047026,greedy,0,0,0,0,0.0
1,balanced_minus_collected,panel_7,2,1047027,greedy,0,0,0,0,0.0
1,balanced_minus_collected,panel_7,2,1047028,greedy,0,0,-1,4,0.0
1,balanced_minus_collected,panel_7,2,1047029,greedy,0,0,0,1,-0.15166666666666662
1,balanced_minus_collected,panel_7,2,1047030,greedy,0,0,1,-6,0.0
1,balanced_minus_collected,panel_7,2,1047031,greedy,0,0,0,0,0.0
1,balanced_minus_collected,panel_7,2,1047032,greedy,0,1,1,-27,-0.4375
1,balanced_minus_collected,panel_7,2,1047033,greedy,0,0,0,0,0.0
1,balanced_minus_collected,panel_7,2,1047034,greedy,0,0,0,0,0.0
1,balanced_minus_collected,panel_7,2,1047035,greedy,0,0,-1,9,0.6428571428571429
1,balanced_minus_collected,panel_7,2,1047036,greedy,0,0,0,0,-0.15625
1,balanced_minus_collected,panel_7,2,1047037,greedy,0,0,1,-24,-0.21428571428571427
1,balanced_minus_collected,panel_7,2,1047038,greedy,0,0,-1,26,0.8148148148148148
1,balanced_minus_collected,panel_7,2,1047039,greedy,0,0,0,0,0.0
1,balanced_minus_collected,panel_7,2,1047040,greedy,0,0,0,-4,0.0
1,balanced_minus_collected,panel_7,2,1047041,greedy,0,0,0,-1,-0.09782608695652173
1,balanced_minus_collected,panel_7,2,1047042,greedy,0,1,1,-30,-0.53125
1,balanced_minus_collected,panel_7,2,1047043,greedy,0,0,0,0,0.0
1,balanced_minus_collected,panel_7,2,1047044,greedy,0,0,-1,22,0.56
1,balanced_minus_collected,panel_7,2,1047045,greedy,0,0,0,0,-0.40625
1,balanced_minus_collected,panel_7,2,1047046,greedy,0,-1,-1,25,0.4375
1,balanced_minus_collected,panel_7,2,1047047,greedy,0,0,0,0,-0.08333333333333334
1,balanced_minus_collected,panel_7,2,1047048,greedy,0,0,-1,23,0.6538461538461539
1,balanced_minus_collected,panel_7,2,1047049,greedy,0,0,0,0,0.0
1,balanced_minus_collected,panel_7,2,1047050,greedy,0,0,1,-23,-0.11538461538461539
1,balanced_minus_collected,panel_7,2,1047051,greedy,0,0,0,0,0.0
1,balanced_minus_collected,panel_7,2,1047052,greedy,0,-1,0,7,0.22999999999999998
1,balanced_minus_collected,panel_7,2,1047053,greedy,0,0,1,-22,-0.46153846153846156
1,balanced_minus_collected,panel_7,2,1047054,greedy,0,-1,0,16,0.59375
1,balanced_minus_collected,panel_7,2,1047055,greedy,0,0,1,-17,-0.65
1,balanced_minus_collected,panel_7,2,1047056,greedy,0,0,0,0,0.0
1,balanced_minus_collected,panel_7,2,1047057,greedy,0,0,0,0,0.0
1,balanced_minus_collected,panel_7,2,1047058,greedy,0,0,0,-2,-0.02564102564102566
1,balanced_minus_collected,panel_7,2,1047059,greedy,0,1,0,-8,-0.8541666666666666
1,balanced_minus_collected,panel_7,2,1047060,greedy,0,0,0,0,0.21875
1,balanced_minus_collected,panel_7,2,1047062,greedy,0,-1,0,5,0.12268518518518523
1,balanced_minus_collected,panel_7,2,1047063,greedy,0,0,0,0,0.0
1,balanced_minus_collected,panel_7,2,1047064,greedy,0,0,1,-16,0.0
2,balanced_minus_collected,panel_0,0,1040000,greedy,0,-1,0,22,0.30625
2,balanced_minus_collected,panel_0,0,1040001,greedy,0,0,0,0,0.0
2,balanced_minus_collected,panel_0,0,1040002,greedy,0,0,0,2,0.0
2,balanced_minus_collected,panel_0,0,1040003,greedy,0,0,1,-16,-0.5454545454545454
2,balanced_minus_collected,panel_0,0,1040004,greedy,0,0,0,0,0.0
2,balanced_minus_collected,panel_0,0,1040005,greedy,0,0,1,-26,-0.9629629629629629
2,balanced_minus_collected,panel_0,0,1040006,greedy,0,0,0,0,0.0
2,balanced_minus_collected,panel_0,0,1040007,greedy,0,0,0,-2,0.0
2,balanced_minus_collected,panel_0,0,1040008,greedy,0,0,1,-25,-0.34615384615384615
2,balanced_minus_collected,panel_0,0,1040009,greedy,0,0,1,-21,-0.6521739130434783
2,balanced_minus_collected,panel_0,0,1040010,greedy,0,0,0,0,0.46875
2,balanced_minus_collected,panel_0,0,1040011,greedy,0,1,0,-11,-0.6354166666666667
2,balanced_minus_collected,panel_0,0,1040012,greedy,0,0,0,0,0.0
2,balanced_minus_collected,panel_0,0,1040013,greedy,0,0,0,0,-0.125
2,balanced_minus_collected,panel_0,0,1040014,greedy,0,0,1,-22,0.0
2,balanced_minus_collected,panel_0,0,1040015,greedy,0,1,0,-10,-0.10511363636363635
2,balanced_minus_collected,panel_0,0,1040017,greedy,0,0,-1,13,0.6470588235294118
2,balanced_minus_collected,panel_0,0,1040018,greedy,0,-1,0,6,0.7451923076923077
2,balanced_minus_collected,panel_0,0,1040019,greedy,0,1,0,-8,-0.4375
2,balanced_minus_collected,panel_0,0,1040020,greedy,0,1,1,-26,-0.875
2,balanced_minus_collected,panel_0,0,1040021,greedy,0,1,1,-29,-1.0
2,balanced_minus_collected,panel_0,0,1040022,greedy,0,-1,0,4,0.1875
2,balanced_minus_collected,panel_0,0,1040023,greedy,0,0,-1,31,0.96875
2,balanced_minus_collected,panel_0,0,1040024,greedy,0,0,0,0,0.0
2,balanced_minus_collected,panel_0,0,1040025,greedy,0,0,0,0,0.09375
2,balanced_minus_collected,panel_0,0,1040026,greedy,0,0,0,-6,-0.03896103896103886
2,balanced_minus_collected,panel_0,0,1040027,greedy,0,0,1,-22,-0.8
2,balanced_minus_collected,panel_0,0,1040028,greedy,0,0,0,-16,-0.08754208754208748
2,balanced_minus_collected,panel_0,0,1040029,greedy,0,0,0,4,0.033333333333333326
2,balanced_minus_collected,panel_0,0,1040030,greedy,0,0,0,-15,0.019230769230769273
2,balanced_minus_collected,panel_0,0,1040031,greedy,0,0,0,2,0.0
2,balanced_minus_collected,panel_0,0,1040032,greedy,0,1,1,-30,-0.96875
2,balanced_minus_collected,panel_0,0,1040033,greedy,0,0,0,0,0.7586206896551724
2,balanced_minus_collected,panel_0,0,1040034,greedy,0,0,0,-3,-0.125
2,balanced_minus_collected,panel_0,0,1040035,greedy,0,1,1,-30,-0.96875
2,balanced_minus_collected,panel_0,0,1040036,greedy,0,1,1,-26,-0.22916666666666669
2,balanced_minus_collected,panel_0,0,1040037,greedy,0,1,0,-3,-0.21336206896551724
2,balanced_minus_collected,panel_0,0,1040038,greedy,0,1,0,-25,0.0580357142857143
2,balanced_minus_collected,panel_0,0,1040039,greedy,0,0,0,0,0.0
2,balanced_minus_collected,panel_0,0,1040040,greedy,0,0,-1,22,0.9166666666666666
2,balanced_minus_collected,panel_0,0,1040041,greedy,0,0,1,-26,0.0
2,balanced_minus_collected,panel_0,0,1040042,greedy,0,0,-1,18,0.43478260869565216
2,balanced_minus_collected,panel_0,0,1040043,greedy,0,0,1,-16,0.0
2,balanced_minus_collected,panel_0,0,1040044,greedy,0,0,1,-9,-0.6923076923076923
2,balanced_minus_collected,panel_0,0,1040045,greedy,0,0,-1,21,0.625
2,balanced_minus_collected,panel_0,0,1040046,greedy,0,0,1,-21,-0.5416666666666666
2,balanced_minus_collected,panel_0,0,1040047,greedy,0,0,0,0,0.0
2,balanced_minus_collected,panel_0,0,1040048,greedy,0,0,-1,25,0.9259259259259259
2,balanced_minus_collected,panel_0,0,1040049,greedy,0,1,0,-13,-0.368421052631579
2,balanced_minus_collected,panel_0,0,1040050,greedy,0,0,0,0,-0.03125
2,balanced_minus_collected,panel_0,0,1040051,greedy,0,0,-1,26,0.9285714285714286
2,balanced_minus_collected,panel_0,0,1040052,greedy,0,0,0,0,0.0
2,balanced_minus_collected,panel_0,0,1040053,greedy,0,0,0,0,0.0
2,balanced_minus_collected,panel_0,0,1040054,greedy,0,0,0,0,0.125
2,balanced_minus_collected,panel_0,0,1040055,greedy,0,0,-1,13,0.8666666666666667
2,balanced_minus_collected,panel_0,0,1040056,greedy,0,0,0,0,0.0
2,balanced_minus_collected,panel_0,0,1040057,greedy,0,0,0,20,0.031746031746031744
2,balanced_minus_collected,panel_0,0,1040058,greedy,0,0,0,0,0.0
2,balanced_minus_collected,panel_0,0,1040059,greedy,0,0,0,-8,-0.4666666666666667
2,balanced_minus_collected,panel_0,0,1040060,greedy,0,0,1,-18,0.0
2,balanced_minus_collected,panel_0,0,1040061,greedy,0,-1,0,5,-0.04513888888888884
2,balanced_minus_collected,panel_0,0,1040062,greedy,0,0,0,0,0.0
2,balanced_minus_collected,panel_0,0,1040063,greedy,0,0,1,-16,-0.7777777777777778
2,balanced_minus_collected,panel_0,0,1040064,greedy,0,1,1,-28,-0.90625
2,balanced_minus_collected,panel_0,1,1040000,greedy,0,0,0,0,0.0
2,balanced_minus_collected,panel_0,1,1040001,greedy,0,0,0,0,0.125
2,balanced_minus_collected,panel_0,1,1040002,greedy,0,0,0,0,0.0
2,balanced_minus_collected,panel_0,1,1040003,greedy,0,0,1,-11,-0.5294117647058824
2,balanced_minus_collected,panel_0,1,1040004,greedy,0,0,-1,24,0.0
2,balanced_minus_collected,panel_0,1,1040005,greedy,0,0,0,0,0.0
2,balanced_minus_collected,panel_0,1,1040006,greedy,0,0,0,0,0.0
2,balanced_minus_collected,panel_0,1,1040007,greedy,0,0,1,-8,-0.6666666666666666
2,balanced_minus_collected,panel_0,1,1040008,greedy,0,0,1,-2,0.0
2,balanced_minus_collected,panel_0,1,1040009,greedy,0,0,0,-1,0.07619047619047618
2,balanced_minus_collected,panel_0,1,1040010,greedy,0,0,0,0,0.15625
2,balanced_minus_collected,panel_0,1,1040011,greedy,0,0,0,1,-0.19310344827586212
2,balanced_minus_collected,panel_0,1,1040012,greedy,0,0,0,0,0.0
2,balanced_minus_collected,panel_0,1,1040013,greedy,0,0,0,0,-0.0625
2,balanced_minus_collected,panel_0,1,1040014,greedy,0,0,0,0,0.0
2,balanced_minus_collected,panel_0,1,1040015,greedy,0,-1,0,9,0.09918478260869568
2,balanced_minus_collected,panel_0,1,1040017,greedy,0,0,0,-4,0.0
2,balanced_minus_collected,panel_0,1,1040018,greedy,0,1,1,-25,-0.9375
2,balanced_minus_collected,panel_0,1,1040019,greedy,0,1,0,-21,0.011363636363636354
2,balanced_minus_collected,panel_0,1,1040020,greedy,0,-1,0,8,0.3958333333333333
2,balanced_minus_collected,panel_0,1,1040021,greedy,0,0,0,0,0.0
2,balanced_minus_collected,panel_0,1,1040022,greedy,0,-1,-1,23,0.4618055555555556
2,balanced_minus_collected,panel_0,1,1040023,greedy,0,-1,0,7,0.12375000000000003
2,balanced_minus_collected,panel_0,1,1040024,greedy,0,0,0,17,0.875
2,balanced_minus_collected,panel_0,1,1040025,greedy,0,0,0,0,-0.15625
2,balanced_minus_collected,panel_0,1,1040026,greedy,0,0,0,-2,0.0
2,balanced_minus_collected,panel_0,1,1040027,greedy,0,0,0,-4,-0.5942857142857143
2,balanced_minus_collected,panel_0,1,1040028,greedy,0,0,0,0,0.0
2,balanced_minus_collected,panel_0,1,1040029,greedy,0,1,0,0,-0.0625
2,balanced_minus_collected,panel_0,1,1040030,greedy,0,0,0,0,-0.48000000000000004
2,balanced_minus_collected,panel_0,1,1040031,greedy,0,0,0,0,0.0
2,balanced_minus_collected,panel_0,1,1040032,greedy,0,0,0,0,0.0
2,balanced_minus_collected,panel_0,1,1040033,greedy,0,0,0,-3,-0.01851851851851849
2,balanced_minus_collected,panel_0,1,1040034,greedy,0,0,1,-18,-0.5925925925925926
2,balanced_minus_collected,panel_0,1,1040035,greedy,0,0,1,-27,-0.7931034482758621
2,balanced_minus_collected,panel_0,1,1040036,greedy,0,0,1,-24,-0.2857142857142857
2,balanced_minus_collected,panel_0,1,1040037,greedy,0,1,0,-9,-0.017663043478260865
2,balanced_minus_collected,panel_0,1,1040038,greedy,0,1,1,-30,-0.6875
2,balanced_minus_collected,panel_0,1,1040039,greedy,0,0,1,-19,0.09340659340659338
2,balanced_minus_collected,panel_0,1,1040040,greedy,0,0,1,-20,-0.9090909090909091
2,balanced_minus_collected,panel_0,1,1040041,greedy,0,0,0,0,-0.4
2,balanced_minus_collected,panel_0,1,1040042,greedy,0,0,-1,24,0.5517241379310345
2,balanced_minus_collected,panel_0,1,1040043,greedy,0,0,0,0,0.0
2,balanced_minus_collected,panel_0,1,1040044,greedy,0,0,1,-12,-0.75
2,balanced_minus_collected,panel_0,1,1040045,greedy,0,0,0,0,0.0
2,balanced_minus_collected,panel_0,1,1040046,greedy,0,0,0,6,-0.5714285714285714
2,balanced_minus_collected,panel_0,1,1040047,greedy,0,0,0,0,0.0
2,balanced_minus_collected,panel_0,1,1040048,greedy,0,1,1,-30,0.0
2,balanced_minus_collected,panel_0,1,1040049,greedy,0,1,0,-16,-0.5
2,balanced_minus_collected,panel_0,1,1040050,greedy,0,0,0,0,0.09375
2,balanced_minus_collected,panel_0,1,1040051,greedy,0,0,1,-18,-0.6
2,balanced_minus_collected,panel_0,1,1040052,greedy,0,0,0,0,0.0
2,balanced_minus_collected,panel_0,1,1040053,greedy,0,0,0,0,0.0
2,balanced_minus_collected,panel_0,1,1040054,greedy,0,0,0,0,0.0
2,balanced_minus_collected,panel_0,1,1040055,greedy,0,0,0,0,0.0
2,balanced_minus_collected,panel_0,1,1040056,greedy,0,0,0,0,0.0
2,balanced_minus_collected,panel_0,1,1040057,greedy,0,0,1,-13,-0.9285714285714286
2,balanced_minus_collected,panel_0,1,1040058,greedy,0,0,-1,8,0.0
2,balanced_minus_collected,panel_0,1,1040059,greedy,0,0,0,-2,-0.16666666666666669
2,balanced_minus_collected,panel_0,1,1040060,greedy,0,0,0,0,0.0
2,balanced_minus_collected,panel_0,1,1040061,greedy,0,0,0,18,-0.125
2,balanced_minus_collected,panel_0,1,1040062,greedy,0,0,-1,28,0.6666666666666666
2,balanced_minus_collected,panel_0,1,1040063,greedy,0,1,1,-30,-1.0
2,balanced_minus_collected,panel_0,1,1040064,greedy,0,0,-1,12,0.0
2,balanced_minus_collected,panel_0,2,1040000,greedy,0,0,0,14,-0.43304843304843305
2,balanced_minus_collected,panel_0,2,1040001,greedy,0,0,0,0,0.8125
2,balanced_minus_collected,panel_0,2,1040002,greedy,0,0,1,-10,0.0
2,balanced_minus_collected,panel_0,2,1040003,greedy,0,-1,-1,26,0.53125
2,balanced_minus_collected,panel_0,2,1040004,greedy,0,0,0,0,0.0
2,balanced_minus_collected,panel_0,2,1040005,greedy,0,1,1,-31,-0.90625
2,balanced_minus_collected,panel_0,2,1040006,greedy,0,0,0,0,0.0
2,balanced_minus_collected,panel_0,2,1040007,greedy,0,0,0,-2,-0.6
2,balanced_minus_collected,panel_0,2,1040008,greedy,0,0,0,-2,0.0
2,balanced_minus_collected,panel_0,2,1040009,greedy,0,0,-1,24,0.0
2,balanced_minus_collected,panel_0,2,1040010,greedy,0,0,0,-17,-0.13133640552995385
2,balanced_minus_collected,panel_0,2,1040011,greedy,0,1,0,-21,-0.33238636363636365
2,balanced_minus_collected,panel_0,2,1040012,greedy,0,0,1,-6,0.0
2,balanced_minus_collected,panel_0,2,1040013,greedy,0,0,0,0,0.03125
2,balanced_minus_collected,panel_0,2,1040014,greedy,0,0,0,0,0.0
2,balanced_minus_collected,panel_0,2,1040015,greedy,0,0,0,5,0.12271062271062272
2,balanced_minus_collected,panel_0,2,1040017,greedy,0,1,0,-5,-0.837962962962963
2,balanced_minus_collected,panel_0,2,1040018,greedy,0,0,0,13,0.14523809523809528
2,balanced_minus_collected,panel_0,2,1040019,greedy,0,1,0,-22,-0.21250000000000002
2,balanced_minus_collected,panel_0,2,1040020,greedy,0,0,0,-3,0.3111111111111111
2,balanced_minus_collected,panel_0,2,1040021,greedy,0,-1,-1,28,0.75
2,balanced_minus_collected,panel_0,2,1040022,greedy,0,0,0,0,0.15625
2,balanced_minus_collected,panel_0,2,1040023,greedy,0,0,0,0,0.0
2,balanced_minus_collected,panel_0,2,1040024,greedy,0,1,0,-15,-0.9375
2,balanced_minus_collected,panel_0,2,1040025,greedy,0,1,0,-8,-0.23958333333333337
2,balanced_minus_collected,panel_0,2,1040026,greedy,0,0,-1,10,0.8333333333333334
2,balanced_minus_collected,panel_0,2,1040027,greedy,0,1,0,0,-0.0625
2,balanced_minus_collected,panel_0,2,1040028,greedy,0,0,-1,25,0.8214285714285714
2,balanced_minus_collected,panel_0,2,1040029,greedy,0,0,0,1,0.42857142857142855
2,balanced_minus_collected,panel_0,2,1040030,greedy,0,0,1,-9,-0.75
2,balanced_minus_collected,panel_0,2,1040031,greedy,0,0,-1,3,0.6
2,balanced_minus_collected,panel_0,2,1040032,greedy,0,0,1,-21,-0.8260869565217391
2,balanced_minus_collected,panel_0,2,1040033,greedy,0,0,-1,7,0.6923076923076923
2,balanced_minus_collected,panel_0,2,1040034,greedy,0,0,1,-23,-0.4642857142857143
2,balanced_minus_collected,panel_0,2,1040035,greedy,0,0,0,0,0.0
2,balanced_minus_collected,panel_0,2,1040036,greedy,0,0,0,19,-0.1298076923076923
2,balanced_minus_collected,panel_0,2,1040037,greedy,0,-1,0,8,0.17708333333333337
2,balanced_minus_collected,panel_0,2,1040038,greedy,0,0,1,-10,-0.8333333333333334
2,balanced_minus_collected,panel_0,2,1040039,greedy,0,0,0,0,0.0
2,balanced_minus_collected,panel_0,2,1040040,greedy,0,0,0,0,0.0
2,balanced_minus_collected,panel_0,2,1040041,greedy,0,0,1,-19,-0.6521739130434783
2,balanced_minus_collected,panel_0,2,1040042,greedy,0,0,1,-17,-0.3632478632478633
2,balanced_minus_collected,panel_0,2,1040043,greedy,0,0,-1,24,0.0
2,balanced_minus_collected,panel_0,2,1040044,greedy,0,0,1,-22,-0.8461538461538461
2,balanced_minus_collected,panel_0,2,1040045,greedy,0,0,1,-19,-0.8636363636363636
2,balanced_minus_collected,panel_0,2,1040046,greedy,0,0,1,-5,0.5
2,balanced_minus_collected,panel_0,2,1040047,greedy,0,0,0,0,0.0
2,balanced_minus_collected,panel_0,2,1040048,greedy,0,0,1,-21,-0.6521739130434783
2,balanced_minus_collected,panel_0,2,1040049,greedy,0,1,0,-4,-0.2678571428571429
2,balanced_minus_collected,panel_0,2,1040050,greedy,0,-1,0,6,0.2692307692307693
2,balanced_minus_collected,panel_0,2,1040051,greedy,0,0,0,0,0.0
2,balanced_minus_collected,panel_0,2,1040052,greedy,0,0,0,0,0.0
2,balanced_minus_collected,panel_0,2,1040053,greedy,0,0,0,0,0.0
2,balanced_minus_collected,panel_0,2,1040054,greedy,0,-1,0,0,0.09375
2,balanced_minus_collected,panel_0,2,1040055,greedy,0,0,1,-25,-0.4074074074074074
2,balanced_minus_collected,panel_0,2,1040056,greedy,0,0,0,0,0.0
2,balanced_minus_collected,panel_0,2,1040057,greedy,0,0,0,0,0.0
2,balanced_minus_collected,panel_0,2,1040058,greedy,0,0,0,0,0.0
2,balanced_minus_collected,panel_0,2,1040059,greedy,0,0,0,0,0.3333333333333333
2,balanced_minus_collected,panel_0,2,1040060,greedy,0,0,1,-26,-0.6428571428571429
2,balanced_minus_collected,panel_0,2,1040061,greedy,0,0,-1,12,0.8
2,balanced_minus_collected,panel_0,2,1040062,greedy,0,0,0,0,0.0
2,balanced_minus_collected,panel_0,2,1040063,greedy,0,0,0,0,0.0
2,balanced_minus_collected,panel_0,2,1040064,greedy,0,0,0,6,0.20952380952380956
2,balanced_minus_collected,panel_1,0,1041000,greedy,0,0,0,0,0.0
2,balanced_minus_collected,panel_1,0,1041001,greedy,0,1,0,-7,-0.18625000000000003
2,balanced_minus_collected,panel_1,0,1041002,greedy,0,0,1,-20,-0.6923076923076923
2,balanced_minus_collected,panel_1,0,1041003,greedy,0,0,1,-22,-0.88
2,balanced_minus_collected,panel_1,0,1041004,greedy,0,-1,0,0,0.0625
2,balanced_minus_collected,panel_1,0,1041005,greedy,0,0,1,-15,-0.7222222222222222
2,balanced_minus_collected,panel_1,0,1041006,greedy,0,0,0,0,0.0
2,balanced_minus_collected,panel_1,0,1041007,greedy,0,0,0,-2,0.0
2,balanced_minus_collected,panel_1,0,1041008,greedy,0,0,0,0,0.0
2,balanced_minus_collected,panel_1,0,1041009,greedy,0,1,1,-27,-0.9375
2,balanced_minus_collected,panel_1,0,1041010,greedy,0,-1,0,11,0.08630952380952384
2,balanced_minus_collected,panel_1,0,1041011,greedy,0,0,0,0,0.0
2,balanced_minus_collected,panel_1,0,1041012,greedy,0,-1,0,7,0.32875
2,balanced_minus_collected,panel_1,0,1041013,greedy,0,1,0,0,-0.5625
2,balanced_minus_collected,panel_1,0,1041014,greedy,0,0,0,0,0.0
2,balanced_minus_collected,panel_1,0,1041015,greedy,0,0,0,0,0.0
2,balanced_minus_collected,panel_1,0,1041016,greedy,0,0,0,4,-0.4195804195804196
2,balanced_minus_collected,panel_1,0,1041017,greedy,0,-1,0,4,-0.3214285714285714
2,balanced_minus_collected,panel_1,0,1041018,greedy,0,0,0,-2,-0.11813186813186816
2,balanced_minus_collected,panel_1,0,1041019,greedy,0,0,0,0,0.0
2,balanced_minus_collected,panel_1,0,1041020,greedy,0,0,-1,24,0.9230769230769231
2,balanced_minus_collected,panel_1,0,1041021,greedy,0,0,0,4,0.3333333333333333
2,balanced_minus_collected,panel_1,0,1041022,greedy,0,0,-1,11,0.8461538461538461
2,balanced_minus_collected,panel_1,0,1041023,greedy,0,0,1,-17,-0.42500000000000004
2,balanced_minus_collected,panel_1,0,1041024,greedy,0,-1,0,2,-0.7395833333333334
2,balanced_minus_collected,panel_1,0,1041025,greedy,0,0,0,0,0.09375
2,balanced_minus_collected,panel_1,0,1041026,greedy,0,0,-1,30,0.9375
2,balanced_minus_collected,panel_1,0,1041027,greedy,0,-1,0,4,0.25
2,balanced_minus_collected,panel_1,0,1041028,greedy,0,0,-1,8,0.36363636363636365
2,balanced_minus_collected,panel_1,0,1041029,greedy,0,0,-1,29,0.9354838709677419
2,balanced_minus_collected,panel_1,0,1041030,greedy,0,0,0,-2,-0.08571428571428574
2,balanced_minus_collected,panel_1,0,1041031,greedy,0,0,0,-2,-0.4
2,balanced_minus_collected,panel_1,0,1041032,greedy,0,0,1,-23,-0.3333333333333333
2,balanced_minus_collected,panel_1,0,1041033,greedy,0,0,0,0,0.0
2,balanced_minus_collected,panel_1,0,1041034,greedy,0,0,0,-5,-0.8125
2,balanced_minus_collected,panel_1,0,1041035,greedy,0,0,0,0,0.0
2,balanced_minus_collected,panel_1,0,1041036,greedy,0,0,-1,6,0.0
2,balanced_minus_collected,panel_1,0,1041037,greedy,0,0,0,2,-0.17543859649122806
2,balanced_minus_collected,panel_1,0,1041038,greedy,0,0,0,0,-0.3125
2,balanced_minus_collected,panel_1,0,1041039,greedy,0,0,0,-2,0.5785714285714286
2,balanced_minus_collected,panel_1,0,1041040,greedy,0,0,1,-20,-0.11494252873563221
2,balanced_minus_collected,panel_1,0,1041041,greedy,0,0,1,-23,-0.7307692307692307
2,balanced_minus_collected,panel_1,0,1041042,greedy,0,0,-1,26,0.8666666666666667
2,balanced_minus_collected,panel_1,0,1041043,greedy,0,1,0,-5,-0.40740740740740744
2,balanced_minus_collected,panel_1,0,1041044,greedy,0,0,0,0,0.0
2,balanced_minus_collected,panel_1,0,1041045,greedy,0,0,1,-15,-0.75
2,balanced_minus_collected,panel_1,0,1041046,greedy,0,0,0,-8,-0.17582417582417587
2,balanced_minus_collected,panel_1,0,1041047,greedy,0,0,0,0,0.0
2,balanced_minus_collected,panel_1,0,1041048,greedy,0,0,0,0,0.0
2,balanced_minus_collected,panel_1,0,1041049,greedy,0,0,-1,6,0.8571428571428571
2,balanced_minus_collected,panel_1,0,1041050,greedy,0,0,0,0,0.0
2,balanced_minus_collected,panel_1,0,1041051,greedy,0,1,0,-5,-0.18518518518518523
2,balanced_minus_collected,panel_1,0,1041052,greedy,0,0,0,0,0.0
2,balanced_minus_collected,panel_1,0,1041053,greedy,0,0,0,0,-0.30769230769230765
2,balanced_minus_collected,panel_1,0,1041054,greedy,0,0,-1,19,0.68
2,balanced_minus_collected,panel_1,0,1041055,greedy,0,0,1,-5,-0.7142857142857143
2,balanced_minus_collected,panel_1,0,1041056,greedy,0,0,0,0,0.0
2,balanced_minus_collected,panel_1,0,1041057,greedy,0,0,0,0,0.0
2,balanced_minus_collected,panel_1,0,1041058,greedy,0,1,1,-27,-0.875
2,balanced_minus_collected,panel_1,0,1041059,greedy,0,0,1,-8,-0.5714285714285714
2,balanced_minus_collected,panel_1,0,1041060,greedy,0,0,0,0,0.0
2,balanced_minus_collected,panel_1,0,1041061,greedy,0,-1,-1,30,1.0
2,balanced_minus_collected,panel_1,0,1041062,greedy,0,0,-1,18,0.0
2,balanced_minus_collected,panel_1,0,1041063,greedy,0,0,0,0,0.0
2,balanced_minus_collected,panel_1,1,1041000,greedy,0,0,1,-24,0.0
2,balanced_minus_collected,panel_1,1,1041001,greedy,0,0,0,3,0.0185185185185186
2,balanced_minus_collected,panel_1,1,1041002,greedy,0,0,1,-22,0.0
2,balanced_minus_collected,panel_1,1,1041003,greedy,0,0,1,-13,-0.6875
2,balanced_minus_collected,panel_1,1,1041004,greedy,0,0,0,0,0.0
2,balanced_minus_collected,panel_1,1,1041005,greedy,0,1,1,-29,-0.71875
2,balanced_minus_collected,panel_1,1,1041006,greedy,0,0,0,0,-0.03125
2,balanced_minus_collected,panel_1,1,1041007,greedy,0,0,1,-8,0.0
2,balanced_minus_collected,panel_1,1,1041008,greedy,0,0,1,-20,0.0
2,balanced_minus_collected,panel_1,1,1041009,greedy,0,0,-1,20,0.4
2,balanced_minus_collected,panel_1,1,1041010,greedy,0,0,0,0,0.0625
2,balanced_minus_collected,panel_1,1,1041011,greedy,0,0,0,0,0.0
2,balanced_minus_collected,panel_1,1,1041012,greedy,0,1,1,-23,-0.4652777777777778
2,balanced_minus_collected,panel_1,1,1041013,greedy,0,1,1,-28,-0.75
2,balanced_minus_collected,panel_1,1,1041014,greedy,0,0,0,0,0.0
2,balanced_minus_collected,panel_1,1,1041015,greedy,0,0,1,-24,-0.14285714285714285
2,balanced_minus_collected,panel_1,1,1041016,greedy,0,0,0,0,-0.03125
2,balanced_minus_collected,panel_1,1,1041017,greedy,0,1,0,-2,-0.20416666666666672
2,balanced_minus_collected,panel_1,1,1041018,greedy,0,-1,-1,31,0.375
2,balanced_minus_collected,panel_1,1,1041019,greedy,0,0,0,0,0.0
2,balanced_minus_collected,panel_1,1,1041020,greedy,0,-1,-1,30,0.90625
2,balanced_minus_collected,panel_1,1,1041021,greedy,0,-1,-1,16,0.4375
2,balanced_minus_collected,panel_1,1,1041022,greedy,0,0,0,0,0.0
2,balanced_minus_collected,panel_1,1,1041023,greedy,0,1,1,-24,-0.40625
2,balanced_minus_collected,panel_1,1,1041024,greedy,0,0,0,0,-0.09375
2,balanced_minus_collected,panel_1,1,1041025,greedy,0,1,1,-27,-0.59375
2,balanced_minus_collected,panel_1,1,1041026,greedy,0,0,0,21,-0.1777777777777778
2,balanced_minus_collected,panel_1,1,1041027,greedy,0,1,0,-4,0.40625
2,balanced_minus_collected,panel_1,1,1041028,greedy,0,0,0,12,-0.4222222222222222
2,balanced_minus_collected,panel_1,1,1041029,greedy,0,0,0,0,0.0
2,balanced_minus_collected,panel_1,1,1041030,greedy,0,0,0,0,0.0
2,balanced_minus_collected,panel_1,1,1041031,greedy,0,0,-1,26,0.5517241379310345
2,balanced_minus_collected,panel_1,1,1041032,greedy,0,0,0,-4,-0.1996779388083736
2,balanced_minus_collected,panel_1,1,1041033,greedy,0,0,1,-20,-0.56
2,balanced_minus_collected,panel_1,1,1041034,greedy,0,0,1,-27,-0.8333333333333334
2,balanced_minus_collected,panel_1,1,1041035,greedy,0,0,0,0,0.0
2,balanced_minus_collected,panel_1,1,1041036,greedy,0,0,0,0,0.0
2,balanced_minus_collected,panel_1,1,1041037,greedy,0,1,0,-6,-0.08413461538461542
2,balanced_minus_collected,panel_1,1,1041038,greedy,0,0,0,0,0.40625
2,balanced_minus_collected,panel_1,1,1041039,greedy,0,1,0,-19,-0.2596153846153846
2,balanced_minus_collected,panel_1,1,1041040,greedy,0,0,0,2,0.027272727272727337
2,balanced_minus_collected,panel_1,1,1041041,greedy,0,-1,0,18,-0.3169642857142857
2,balanced_minus_collected,panel_1,1,1041042,greedy,0,-1,0,12,0.23750000000000004
2,balanced_minus_collected,panel_1,1,1041043,greedy,0,0,0,0,-0.03125
2,balanced_minus_collected,panel_1,1,1041044,greedy,0,0,-1,23,0.76
2,balanced_minus_collected,panel_1,1,1041045,greedy,0,0,0,9,-0.130952380952381
2,balanced_minus_collected,panel_1,1,1041046,greedy,0,0,0,0,0.0
2,balanced_minus_collected,panel_1,1,1041047,greedy,0,0,0,0,0.0
2,balanced_minus_collected,panel_1,1,1041048,greedy,0,-1,0,10,0.31534090909090906
2,balanced_minus_collected,panel_1,1,1041049,greedy,0,0,1,-21,-0.3181818181818182
2,balanced_minus_collected,panel_1,1,1041050,greedy,0,0,1,-27,-0.9
2,balanced_minus_collected,panel_1,1,1041051,greedy,0,-1,0,3,1.0
2,balanced_minus_collected,panel_1,1,1041052,greedy,0,0,0,0,0.0
2,balanced_minus_collected,panel_1,1,1041053,greedy,0,0,0,0,-0.0625
2,balanced_minus_collected,panel_1,1,1041054,greedy,0,0,1,-21,-0.6296296296296297
2,balanced_minus_collected,panel_1,1,1041055,greedy,0,0,1,-4,-0.6666666666666666
2,balanced_minus_collected,panel_1,1,1041056,greedy,0,0,-1,26,0.9285714285714286
2,balanced_minus_collected,panel_1,1,1041057,greedy,0,0,0,0,0.0
2,balanced_minus_collected,panel_1,1,1041058,greedy,0,0,0,6,0.03870967741935483
2,balanced_minus_collected,panel_1,1,1041059,greedy,0,1,0,-3,0.1368534482758621
2,balanced_minus_collected,panel_1,1,1041060,greedy,0,0,0,0,0.0
2,balanced_minus_collected,panel_1,1,1041061,greedy,0,0,1,-22,-0.9166666666666666
2,balanced_minus_collected,panel_1,1,1041062,greedy,0,0,0,0,0.0
2,balanced_minus_collected,panel_1,1,1041063,greedy,0,1,1,-25,-1.0
2,balanced_minus_collected,panel_1,2,1041000,greedy,0,0,0,0,0.0
2,balanced_minus_collected,panel_1,2,1041001,greedy,0,-1,0,4,0.0848214285714286
2,balanced_minus_collected,panel_1,2,1041002,greedy,0,0,0,11,0.1885714285714286
2,balanced_minus_collected,panel_1,2,1041003,greedy,0,0,0,0,0.0
2,balanced_minus_collected,panel_1,2,1041004,greedy,0,0,1,-17,-0.26
2,balanced_minus_collected,panel_1,2,1041005,greedy,0,0,0,0,0.21875
2,balanced_minus_collected,panel_1,2,1041006,greedy,0,0,0,0,0.0
2,balanced_minus_collected,panel_1,2,1041007,greedy,0,0,1,-4,0.0
2,balanced_minus_collected,panel_1,2,1041008,greedy,0,0,1,-8,0.0
2,balanced_minus_collected,panel_1,2,1041009,greedy,0,0,0,0,0.0
2,balanced_minus_collected,panel_1,2,1041010,greedy,0,0,0,0,-0.03125
2,balanced_minus_collected,panel_1,2,1041011,greedy,0,0,0,0,0.0
2,balanced_minus_collected,panel_1,2,1041012,greedy,0,0,0,0,-0.0625
2,balanced_minus_collected,panel_1,2,1041013,greedy,0,-1,0,12,0.050000000000000044
2,balanced_minus_collected,panel_1,2,1041014,greedy,0,0,-1,8,0.0
2,balanced_minus_collected,panel_1,2,1041015,greedy,0,0,-1,12,0.0
2,balanced_minus_collected,panel_1,2,1041016,greedy,0,0,-1,20,0.6153846153846154
2,balanced_minus_collected,panel_1,2,1041017,greedy,0,0,0,0,-0.0625
2,balanced_minus_collected,panel_1,2,1041018,greedy,0,0,0,0,0.0
2,balanced_minus_collected,panel_1,2,1041019,greedy,0,0,-1,19,0.7727272727272727
2,balanced_minus_collected,panel_1,2,1041020,greedy,0,0,0,-2,0.0
2,balanced_minus_collected,panel_1,2,1041021,greedy,0,-1,0,8,0.20833333333333337
2,balanced_minus_collected,panel_1,2,1041022,greedy,0,0,-1,23,0.6
2,balanced_minus_collected,panel_1,2,1041023,greedy,0,0,1,-13,-0.7222222222222222
2,balanced_minus_collected,panel_1,2,1041024,greedy,0,0,0,0,0.5
2,balanced_minus_collected,panel_1,2,1041025,greedy,0,0,0,0,0.3125
2,balanced_minus_collected,panel_1,2,1041026,greedy,0,0,1,-4,-0.6666666666666666
2,balanced_minus_collected,panel_1,2,1041027,greedy,0,0,0,0,0.03125
2,balanced_minus_collected,panel_1,2,1041028,greedy,0,0,-1,13,0.6875
2,balanced_minus_collected,panel_1,2,1041029,greedy,0,0,-1,15,0.8823529411764706
2,balanced_minus_collected,panel_1,2,1041030,greedy,0,-1,0,4,0.4285714285714286
2,balanced_minus_collected,panel_1,2,1041031,greedy,0,0,1,-22,-0.88
2,balanced_minus_collected,panel_1,2,1041032,greedy,0,1,0,-22,-0.96875
2,balanced_minus_collected,panel_1,2,1041033,greedy,0,1,1,-27,-0.96875
2,balanced_minus_collected,panel_1,2,1041034,greedy,0,0,0,-3,-0.5
2,balanced_minus_collected,panel_1,2,1041035,greedy,0,0,0,0,0.0
2,balanced_minus_collected,panel_1,2,1041036,greedy,0,0,0,0,0.0
2,balanced_minus_collected,panel_1,2,1041037,greedy,0,0,0,0,0.0
2,balanced_minus_collected,panel_1,2,1041038,greedy,0,0,0,0,0.28125
2,balanced_minus_collected,panel_1,2,1041039,greedy,0,0,1,-17,-0.5909090909090909
2,balanced_minus_collected,panel_1,2,1041040,greedy,0,0,0,4,-0.03589743589743599
2,balanced_minus_collected,panel_1,2,1041041,greedy,0,0,0,0,0.0
2,balanced_minus_collected,panel_1,2,1041042,greedy,0,1,0,-12,-0.64375
2,balanced_minus_collected,panel_1,2,1041043,greedy,0,0,0,0,-0.0625
2,balanced_minus_collected,panel_1,2,1041044,greedy,0,0,0,-12,-0.08149405772495755
2,balanced_minus_collected,panel_1,2,1041045,greedy,0,0,0,0,0.4444444444444444
2,balanced_minus_collected,panel_1,2,1041046,greedy,0,-1,0,6,-0.5504807692307693
2,balanced_minus_collected,panel_1,2,1041047,greedy,0,0,0,3,0.015050167224080258
2,balanced_minus_collected,panel_1,2,1041048,greedy,0,0,0,0,0.03125
2,balanced_minus_collected,panel_1,2,1041049,greedy,0,0,0,0,0.0
2,balanced_minus_collected,panel_1,2,1041050,greedy,0,0,0,-1,-0.25
2,balanced_minus_collected,panel_1,2,1041051,greedy,0,0,0,0,-0.75
2,balanced_minus_collected,panel_1,2,1041052,greedy,0,0,0,0,0.0
2,balanced_minus_collected,panel_1,2,1041053,greedy,0,0,0,0,0.0
2,balanced_minus_collected,panel_1,2,1041054,greedy,0,0,1,-22,-0.47311827956989244
2,balanced_minus_collected,panel_1,2,1041055,greedy,0,0,0,0,0.0
2,balanced_minus_collected,panel_1,2,1041056,greedy,0,0,-1,9,0.8181818181818182
2,balanced_minus_collected,panel_1,2,1041057,greedy,0,0,0,0,0.34375
2,balanced_minus_collected,panel_1,2,1041058,greedy,0,0,-1,19,0.7916666666666666
2,balanced_minus_collected,panel_1,2,1041059,greedy,0,0,1,-24,-0.8
2,balanced_minus_collected,panel_1,2,1041060,greedy,0,0,0,0,0.0
2,balanced_minus_collected,panel_1,2,1041061,greedy,0,0,0,0,0.0
2,balanced_minus_collected,panel_1,2,1041062,greedy,0,0,0,11,0.22685185185185186
2,balanced_minus_collected,panel_1,2,1041063,greedy,0,1,0,-10,-0.40909090909090906
2,balanced_minus_collected,panel_2,0,1042000,greedy,0,0,0,0,0.03125
2,balanced_minus_collected,panel_2,0,1042001,greedy,0,-1,0,28,-0.5
2,balanced_minus_collected,panel_2,0,1042002,greedy,0,0,0,1,0.16666666666666666
2,balanced_minus_collected,panel_2,0,1042003,greedy,0,0,0,0,0.0
2,balanced_minus_collected,panel_2,0,1042004,greedy,0,0,0,0,0.0
2,balanced_minus_collected,panel_2,0,1042005,greedy,0,0,0,0,0.0
2,balanced_minus_collected,panel_2,0,1042006,greedy,0,0,-1,10,0.6666666666666666
2,balanced_minus_collected,panel_2,0,1042007,greedy,0,0,0,-8,-0.18787878787878787
2,balanced_minus_collected,panel_2,0,1042008,greedy,0,0,1,-19,-0.8095238095238095
2,balanced_minus_collected,panel_2,0,1042010,greedy,0,0,0,0,0.0
2,balanced_minus_collected,panel_2,0,1042011,greedy,0,0,0,0,0.0
2,balanced_minus_collected,panel_2,0,1042012,greedy,0,1,0,-1,0.6532258064516129
2,balanced_minus_collected,panel_2,0,1042013,greedy,0,0,0,-2,-0.13181818181818172
2,balanced_minus_collected,panel_2,0,1042014,greedy,0,0,0,10,0.03344481605351168
2,balanced_minus_collected,panel_2,0,1042015,greedy,0,1,1,-28,-0.96875
2,balanced_minus_collected,panel_2,0,1042017,greedy,0,0,-1,2,0.6666666666666666
2,balanced_minus_collected,panel_2,0,1042018,greedy,0,0,1,-17,-0.42500000000000004
2,balanced_minus_collected,panel_2,0,1042019,greedy,0,0,0,11,0.8095238095238095
2,balanced_minus_collected,panel_2,0,1042020,greedy,0,-1,-1,28,0.625
2,balanced_minus_collected,panel_2,0,1042021,greedy,0,0,0,0,0.0
2,balanced_minus_collected,panel_2,0,1042022,greedy,0,0,1,-19,-0.7307692307692307
2,balanced_minus_collected,panel_2,0,1042023,greedy,0,0,-1,6,0.8571428571428571
2,balanced_minus_collected,panel_2,0,1042024,greedy,0,0,0,2,0.016483516483516425
2,balanced_minus_collected,panel_2,0,1042025,greedy,0,-1,0,3,0.044181034482758674
2,balanced_minus_collected,panel_2,0,1042026,greedy,0,-1,0,11,0.2098214285714286
2,balanced_minus_collected,panel_2,0,1042027,greedy,0,0,0,2,0.0
2,balanced_minus_collected,panel_2,0,1042028,greedy,0,0,0,0,0.0
2,balanced_minus_collected,panel_2,0,1042029,greedy,0,1,1,-29,-0.125
2,balanced_minus_collected,panel_2,0,1042030,greedy,0,0,-1,24,0.7407407407407407
2,balanced_minus_collected,panel_2,0,1042031,greedy,0,0,0,0,0.0
2,balanced_minus_collected,panel_2,0,1042032,greedy,0,-1,0,5,0.2222222222222222
2,balanced_minus_collected,panel_2,0,1042033,greedy,0,0,1,-6,0.0
2,balanced_minus_collected,panel_2,0,1042034,greedy,0,0,0,0,0.0
2,balanced_minus_collected,panel_2,0,1042035,greedy,0,0,0,-3,-0.5
2,balanced_minus_collected,panel_2,0,1042036,greedy,0,0,1,-12,0.0
2,balanced_minus_collected,panel_2,0,1042037,greedy,0,0,1,-14,-0.036363636363636376
2,balanced_minus_collected,panel_2,0,1042038,greedy,0,0,0,0,0.0
2,balanced_minus_collected,panel_2,0,1042039,greedy,0,0,0,0,0.0
2,balanced_minus_collected,panel_2,0,1042040,greedy,0,0,0,0,0.0
2,balanced_minus_collected,panel_2,0,1042041,greedy,0,1,1,-28,-0.46875
2,balanced_minus_collected,panel_2,0,1042042,greedy,0,0,0,0,0.34375
2,balanced_minus_collected,panel_2,0,1042043,greedy,0,0,0,0,0.5
2,balanced_minus_collected,panel_2,0,1042044,greedy,0,-1,0,8,0.09375
2,balanced_minus_collected,panel_2,0,1042045,greedy,0,0,0,0,0.71875
2,balanced_minus_collected,panel_2,0,1042046,greedy,0,0,0,0,-0.125
2,balanced_minus_collected,panel_2,0,1042047,greedy,0,-1,0,3,0.06896551724137934
2,balanced_minus_collected,panel_2,0,1042048,greedy,0,1,1,-29,-0.96875
2,balanced_minus_collected,panel_2,0,1042049,greedy,0,0,0,0,0.0
2,balanced_minus_collected,panel_2,0,1042050,greedy,0,0,-1,10,0.0
2,balanced_minus_collected,panel_2,0,1042051,greedy,0,0,0,0,0.0
2,balanced_minus_collected,panel_2,0,1042052,greedy,0,0,1,-21,-0.9545454545454546
2,balanced_minus_collected,panel_2,0,1042053,greedy,0,0,0,0,0.0
2,balanced_minus_collected,panel_2,0,1042054,greedy,0,0,0,0,0.0
2,balanced_minus_collected,panel_2,0,1042055,greedy,0,0,0,0,0.0
2,balanced_minus_collected,panel_2,0,1042056,greedy,0,0,-1,20,0.75
2,balanced_minus_collected,panel_2,0,1042057,greedy,0,0,0,-1,-0.006666666666666599
2,balanced_minus_collected,panel_2,0,1042058,greedy,0,-1,-1,23,0.4305555555555556
2,balanced_minus_collected,panel_2,0,1042059,greedy,0,0,0,0,0.0
2,balanced_minus_collected,panel_2,0,1042060,greedy,0,1,1,-29,-0.96875
2,balanced_minus_collected,panel_2,0,1042061,greedy,0,0,-1,24,0.7333333333333333
2,balanced_minus_collected,panel_2,0,1042062,greedy,0,0,-1,26,0.8275862068965517
2,balanced_minus_collected,panel_2,0,1042063,greedy,0,-1,0,4,0.1517857142857143
2,balanced_minus_collected,panel_2,0,1042064,greedy,0,0,0,0,-0.0625
2,balanced_minus_collected,panel_2,0,1042065,greedy,0,1,0,-1,-0.0040322580645161255
2,balanced_minus_collected,panel_2,1,1042000,greedy,0,1,0,-11,-0.3348214285714286
2,balanced_minus_collected,panel_2,1,1042001,greedy,0,0,0,0,0.0
2,balanced_minus_collected,panel_2,1,1042002,greedy,0,0,0,11,0.2586206896551724
2,balanced_minus_collected,panel_2,1,1042003,greedy,0,0,-1,10,0.0
2,balanced_minus_collected,panel_2,1,1042004,greedy,0,0,0,20,0.0
2,balanced_minus_collected,panel_2,1,1042005,greedy,0,0,0,0,0.0
2,balanced_minus_collected,panel_2,1,1042006,greedy,0,0,0,10,0.4827586206896552
2,balanced_minus_collected,panel_2,1,1042007,greedy,0,0,0,0,0.0
2,balanced_minus_collected,panel_2,1,1042008,greedy,0,0,0,0,0.0
2,balanced_minus_collected,panel_2,1,1042010,greedy,0,1,0,-6,0.009615384615384581
2,balanced_minus_collected,panel_2,1,1042011,greedy,0,0,0,2,0.0
2,balanced_minus_collected,panel_2,1,1042012,greedy,0,-1,0,12,0.81875
2,balanced_minus_collected,panel_2,1,1042013,greedy,0,0,1,-23,-0.8846153846153846
2,balanced_minus_collected,panel_2,1,1042014,greedy,0,0,-1,16,0.9411764705882353
2,balanced_minus_collected,panel_2,1,1042015,greedy,0,0,1,-23,-0.7777777777777778
2,balanced_minus_collected,panel_2,1,1042017,greedy,0,0,0,0,0.0
2,balanced_minus_collected,panel_2,1,1042018,greedy,0,1,0,-13,-0.16940789473684215
2,balanced_minus_collected,panel_2,1,1042019,greedy,0,0,1,-28,-0.8666666666666667
2,balanced_minus_collected,panel_2,1,1042020,greedy,0,0,0,-6,-0.2272727272727273
2,balanced_minus_collected,panel_2,1,1042021,greedy,0,0,0,0,0.0
2,balanced_minus_collected,panel_2,1,1042022,greedy,0,1,0,-8,-0.22916666666666663
2,balanced_minus_collected,panel_2,1,1042023,greedy,0,0,1,-26,-0.9629629629629629
2,balanced_minus_collected,panel_2,1,1042024,greedy,0,0,1,-18,-0.75
2,balanced_minus_collected,panel_2,1,1042025,greedy,0,1,0,-5,-0.08564814814814814
2,balanced_minus_collected,panel_2,1,1042026,greedy,0,1,0,-4,-0.09375
2,balanced_minus_collected,panel_2,1,1042027,greedy,0,0,0,2,0.0
2,balanced_minus_collected,panel_2,1,1042028,greedy,0,0,-1,23,0.8846153846153846
2,balanced_minus_collected,panel_2,1,1042029,greedy,0,0,0,0,0.0
2,balanced_minus_collected,panel_2,1,1042030,greedy,0,0,0,0,0.0
2,balanced_minus_collected,panel_2,1,1042031,greedy,0,0,1,-17,-0.7142857142857143
2,balanced_minus_collected,panel_2,1,1042032,greedy,0,-1,0,8,0.33333333333333337
2,balanced_minus_collected,panel_2,1,1042033,greedy,0,0,1,-23,-0.52
2,balanced_minus_collected,panel_2,1,1042034,greedy,0,0,1,-23,-0.4583333333333333
2,balanced_minus_collected,panel_2,1,1042035,greedy,0,0,1,-18,0.0
2,balanced_minus_collected,panel_2,1,1042036,greedy,0,0,0,0,0.0
2,balanced_minus_collected,panel_2,1,1042037,greedy,0,0,0,-2,-0.020740740740740726
2,balanced_minus_collected,panel_2,1,1042038,greedy,0,0,0,0,0.0
2,balanced_minus_collected,panel_2,1,1042039,greedy,0,0,0,0,0.53125
2,balanced_minus_collected,panel_2,1,1042040,greedy,0,0,1,-26,-0.9285714285714286
2,balanced_minus_collected,panel_2,1,1042041,greedy,0,0,1,-4,0.0
2,balanced_minus_collected,panel_2,1,1042042,greedy,0,0,0,0,0.21875
2,balanced_minus_collected,panel_2,1,1042043,greedy,0,1,0,-5,-0.18518518518518523
2,balanced_minus_collected,panel_2,1,1042044,greedy,0,0,0,7,-0.22267206477732793
2,balanced_minus_collected,panel_2,1,1042045,greedy,0,0,0,0,0.125
2,balanced_minus_collected,panel_2,1,1042046,greedy,0,0,0,0,0.625
2,balanced_minus_collected,panel_2,1,1042047,greedy,0,0,0,-11,-0.9130434782608695
2,balanced_minus_collected,panel_2,1,1042048,greedy,0,0,1,-5,-0.375
2,balanced_minus_collected,panel_2,1,1042049,greedy,0,0,0,0,0.0
2,balanced_minus_collected,panel_2,1,1042050,greedy,0,0,0,0,0.0
2,balanced_minus_collected,panel_2,1,1042051,greedy,0,0,0,0,0.0
2,balanced_minus_collected,panel_2,1,1042052,greedy,0,0,-1,25,0.8076923076923077
2,balanced_minus_collected,panel_2,1,1042053,greedy,0,0,-1,23,0.8518518518518519
2,balanced_minus_collected,panel_2,1,1042054,greedy,0,0,-1,20,0.0
2,balanced_minus_collected,panel_2,1,1042055,greedy,0,0,0,6,0.37481259370314846
2,balanced_minus_collected,panel_2,1,1042056,greedy,0,0,-1,14,0.380952380952381
2,balanced_minus_collected,panel_2,1,1042057,greedy,0,0,0,-1,-0.005698005698005715
2,balanced_minus_collected,panel_2,1,1042058,greedy,0,-1,0,8,0.39583333333333337
2,balanced_minus_collected,panel_2,1,1042059,greedy,0,0,1,-8,0.0
2,balanced_minus_collected,panel_2,1,1042060,greedy,0,0,-1,24,0.0
2,balanced_minus_collected,panel_2,1,1042061,greedy,0,1,1,-26,-0.875
2,balanced_minus_collected,panel_2,1,1042062,greedy,0,0,1,-22,-0.8
2,balanced_minus_collected,panel_2,1,1042063,greedy,0,0,0,-2,-0.21538461538461534
2,balanced_minus_collected,panel_2,1,1042064,greedy,0,0,0,0,0.0
2,balanced_minus_collected,panel_2,1,1042065,greedy,0,0,0,-2,-0.010217113665389466
2,balanced_minus_collected,panel_2,2,1042000,greedy,0,-1,0,3,0.1411637931034483
2,balanced_minus_collected,panel_2,2,1042001,greedy,0,0,0,4,0.0055172413793104225
2,balanced_minus_collected,panel_2,2,1042002,greedy,0,0,-1,23,0.6785714285714286
2,balanced_minus_collected,panel_2,2,1042003,greedy,0,0,0,0,0.0
2,balanced_minus_collected,panel_2,2,1042004,greedy,0,0,1,-12,0.0
2,balanced_minus_collected,panel_2,2,1042005,greedy,0,0,0,-15,-0.52
2,balanced_minus_collected,panel_2,2,1042006,greedy,0,0,1,-7,-0.3
2,balanced_minus_collected,panel_2,2,1042007,greedy,0,0,0,16,0.0
2,balanced_minus_collected,panel_2,2,1042008,greedy,0,0,0,0,0.0
2,balanced_minus_collected,panel_2,2,1042010,greedy,0,0,1,-27,-0.8333333333333334
2,balanced_minus_collected,panel_2,2,1042011,greedy,0,0,0,0,0.0
2,balanced_minus_collected,panel_2,2,1042012,greedy,0,0,0,12,0.05625000000000002
2,balanced_minus_collected,panel_2,2,1042013,greedy,0,0,-1,17,0.75
2,balanced_minus_collected,panel_2,2,1042014,greedy,0,0,0,8,0.09523809523809523
2,balanced_minus_collected,panel_2,2,1042015,greedy,0,0,0,7,0.6470588235294118
2,balanced_minus_collected,panel_2,2,1042017,greedy,0,0,-1,12,0.0
2,balanced_minus_collected,panel_2,2,1042018,greedy,0,-1,0,5,-0.40856481481481477
2,balanced_minus_collected,panel_2,2,1042019,greedy,0,0,0,2,0.0
2,balanced_minus_collected,panel_2,2,1042020,greedy,0,0,0,-1,-0.07142857142857145
2,balanced_minus_collected,panel_2,2,1042021,greedy,0,0,0,0,0.0
2,balanced_minus_collected,panel_2,2,1042022,greedy,0,0,1,-15,0.013888888888888867
2,balanced_minus_collected,panel_2,2,1042023,greedy,0,0,-1,20,0.0
2,balanced_minus_collected,panel_2,2,1042024,greedy,0,0,0,-4,-0.0714285714285714
2,balanced_minus_collected,panel_2,2,1042025,greedy,0,0,1,-21,-0.84
2,balanced_minus_collected,panel_2,2,1042026,greedy,0,0,0,0,0.0
2,balanced_minus_collected,panel_2,2,1042027,greedy,0,0,1,-20,-0.782608695652174
2,balanced_minus_collected,panel_2,2,1042028,greedy,0,0,0,0,0.0
2,balanced_minus_collected,panel_2,2,1042029,greedy,0,-1,-1,29,0.78125
2,balanced_minus_collected,panel_2,2,1042030,greedy,0,0,0,-16,-0.896551724137931
2,balanced_minus_collected,panel_2,2,1042031,greedy,0,0,0,0,0.0
2,balanced_minus_collected,panel_2,2,1042032,greedy,0,0,0,0,-0.25
2,balanced_minus_collected,panel_2,2,1042033,greedy,0,0,1,-23,-0.44
2,balanced_minus_collected,panel_2,2,1042034,greedy,0,0,0,0,0.0
2,balanced_minus_collected,panel_2,2,1042035,greedy,0,0,0,-12,-0.11076923076923073
2,balanced_minus_collected,panel_2,2,1042036,greedy,0,0,1,-19,-0.95
2,balanced_minus_collected,panel_2,2,1042037,greedy,0,1,0,-16,-0.65625
2,balanced_minus_collected,panel_2,2,1042038,greedy,0,0,1,-23,-0.5416666666666666
2,balanced_minus_collected,panel_2,2,1042039,greedy,0,-1,0,10,0.48295454545454547
2,balanced_minus_collected,panel_2,2,1042040,greedy,0,0,-1,26,0.14285714285714285
2,balanced_minus_collected,panel_2,2,1042041,greedy,0,1,0,-22,-0.19999999999999996
2,balanced_minus_collected,panel_2,2,1042042,greedy,0,-1,0,9,0.27309782608695654
2,balanced_minus_collected,panel_2,2,1042043,greedy,0,0,0,10,-0.15476190476190477
2,balanced_minus_collected,panel_2,2,1042044,greedy,0,1,0,-5,-0.1909722222222222
2,balanced_minus_collected,panel_2,2,1042045,greedy,0,1,0,0,0.0
2,balanced_minus_collected,panel_2,2,1042046,greedy,0,0,0,0,-0.03125
2,balanced_minus_collected,panel_2,2,1042047,greedy,0,0,-1,14,0.875
2,balanced_minus_collected,panel_2,2,1042048,greedy,0,0,1,-24,-0.7407407407407407
2,balanced_minus_collected,panel_2,2,1042049,greedy,0,0,0,0,0.0
2,balanced_minus_collected,panel_2,2,1042050,greedy,0,0,0,0,0.0
2,balanced_minus_collected,panel_2,2,1042051,greedy,0,0,0,0,0.0
2,balanced_minus_collected,panel_2,2,1042052,greedy,0,0,1,-23,-0.875
2,balanced_minus_collected,panel_2,2,1042053,greedy,0,1,0,-4,0.013392857142857095
2,balanced_minus_collected,panel_2,2,1042054,greedy,0,0,1,-25,-0.1111111111111111
2,balanced_minus_collected,panel_2,2,1042055,greedy,0,0,-1,6,0.6666666666666666
2,balanced_minus_collected,panel_2,2,1042056,greedy,0,0,0,-13,-0.12380952380952381
2,balanced_minus_collected,panel_2,2,1042057,greedy,0,0,1,-12,0.0
2,balanced_minus_collected,panel_2,2,1042058,greedy,0,0,1,-24,-0.8275862068965517
2,balanced_minus_collected,panel_2,2,1042059,greedy,0,0,0,0,0.0
2,balanced_minus_collected,panel_2,2,1042060,greedy,0,0,-1,25,0.8214285714285714
2,balanced_minus_collected,panel_2,2,1042061,greedy,0,0,0,0,0.28125
2,balanced_minus_collected,panel_2,2,1042062,greedy,0,0,1,-19,-0.7727272727272727
2,balanced_minus_collected,panel_2,2,1042063,greedy,0,0,-1,20,0.7692307692307693
2,balanced_minus_collected,panel_2,2,1042064,greedy,0,0,0,0,0.0
2,balanced_minus_collected,panel_2,2,1042065,greedy,0,0,0,-1,0.5287356321839081
2,balanced_minus_collected,panel_3,0,1043000,greedy,0,0,0,0,0.09375
2,balanced_minus_collected,panel_3,0,1043001,greedy,0,0,1,-4,0.0
2,balanced_minus_collected,panel_3,0,1043002,greedy,0,0,0,0,0.0
2,balanced_minus_collected,panel_3,0,1043003,greedy,0,0,0,0,0.0
2,balanced_minus_collected,panel_3,0,1043004,greedy,0,0,-1,16,0.8421052631578947
2,balanced_minus_collected,panel_3,0,1043005,greedy,0,0,1,-25,-0.5555555555555556
2,balanced_minus_collected,panel_3,0,1043006,greedy,0,0,0,0,0.0
2,balanced_minus_collected,panel_3,0,1043007,greedy,0,0,1,-20,-0.45454545454545453
2,balanced_minus_collected,panel_3,0,1043008,greedy,0,0,0,-4,-0.11794871794871786
2,balanced_minus_collected,panel_3,0,1043009,greedy,0,0,0,0,0.0
2,balanced_minus_collected,panel_3,0,1043010,greedy,0,-1,-1,28,0.9375
2,balanced_minus_collected,panel_3,0,1043011,greedy,0,0,0,8,-0.4132553606237817
2,balanced_minus_collected,panel_3,0,1043012,greedy,0,1,1,-26,-0.84375
2,balanced_minus_collected,panel_3,0,1043013,greedy,0,0,0,0,0.0
2,balanced_minus_collected,panel_3,0,1043014,greedy,0,0,1,-13,-0.8125
2,balanced_minus_collected,panel_3,0,1043015,greedy,0,0,0,0,-0.09375
2,balanced_minus_collected,panel_3,0,1043016,greedy,0,-1,-1,30,1.0
2,balanced_minus_collected,panel_3,0,1043017,greedy,0,0,1,-6,0.0
2,balanced_minus_collected,panel_3,0,1043018,greedy,0,0,0,-5,-0.01831501831501836
2,balanced_minus_collected,panel_3,0,1043019,greedy,0,0,0,-15,-0.36
2,balanced_minus_collected,panel_3,0,1043020,greedy,0,0,0,0,0.0
2,balanced_minus_collected,panel_3,0,1043021,greedy,0,-1,0,5,-0.32638888888888884
2,balanced_minus_collected,panel_3,0,1043022,greedy,0,0,0,0,0.09375
2,balanced_minus_collected,panel_3,0,1043023,greedy,0,1,0,-4,-0.25
2,balanced_minus_collected,panel_3,0,1043024,greedy,0,0,0,0,0.4375
2,balanced_minus_collected,panel_3,0,1043025,greedy,0,0,0,0,0.0
2,balanced_minus_collected,panel_3,0,1043026,greedy,0,0,0,0,-0.09375
2,balanced_minus_collected,panel_3,0,1043027,greedy,0,0,0,0,0.25
2,balanced_minus_collected,panel_3,0,1043028,greedy,0,1,1,-26,-0.9375
2,balanced_minus_collected,panel_3,0,1043029,greedy,0,-1,-1,31,1.0
2,balanced_minus_collected,panel_3,0,1043030,greedy,0,0,0,0,0.0
2,balanced_minus_collected,panel_3,0,1043031,greedy,0,0,1,-22,-0.16
2,balanced_minus_collected,panel_3,0,1043032,greedy,0,0,-1,21,0.2692307692307692
2,balanced_minus_collected,panel_3,0,1043033,greedy,0,-1,0,18,0.2633928571428571
2,balanced_minus_collected,panel_3,0,1043034,greedy,0,0,1,-23,-0.125
2,balanced_minus_collected,panel_3,0,1043035,greedy,0,0,0,0,0.0
2,balanced_minus_collected,panel_3,0,1043036,greedy,0,0,-1,4,0.8
2,balanced_minus_collected,panel_3,0,1043037,greedy,0,0,1,-23,-0.92
2,balanced_minus_collected,panel_3,0,1043038,greedy,0,0,0,-17,-0.15668202764976957
2,balanced_minus_collected,panel_3,0,1043039,greedy,0,1,0,-4,-0.1428571428571429
2,balanced_minus_collected,panel_3,0,1043040,greedy,0,0,0,0,-0.46875
2,balanced_minus_collected,panel_3,0,1043041,greedy,0,0,0,-2,0.0
2,balanced_minus_collected,panel_3,0,1043042,greedy,0,0,0,0,0.75
2,balanced_minus_collected,panel_3,0,1043043,greedy,0,1,1,-30,-0.96875
2,balanced_minus_collected,panel_3,0,1043044,greedy,0,-1,-1,25,0.15625
2,balanced_minus_collected,panel_3,0,1043045,greedy,0,0,1,-12,0.0
2,balanced_minus_collected,panel_3,0,1043046,greedy,0,0,0,0,0.15625
2,balanced_minus_collected,panel_3,0,1043047,greedy,0,0,1,-22,-0.8333333333333334
2,balanced_minus_collected,panel_3,0,1043048,greedy,0,0,1,-28,-0.9333333333333333
2,balanced_minus_collected,panel_3,0,1043050,greedy,0,0,0,-12,-0.14769230769230768
2,balanced_minus_collected,panel_3,0,1043051,greedy,0,0,1,-23,-0.28
2,balanced_minus_collected,panel_3,0,1043052,greedy,0,0,0,3,0.04629629629629628
2,balanced_minus_collected,panel_3,0,1043053,greedy,0,1,0,-11,-0.17708333333333337
2,balanced_minus_collected,panel_3,0,1043054,greedy,0,0,1,-19,-0.76
2,balanced_minus_collected,panel_3,0,1043055,greedy,0,0,0,0,0.0
2,balanced_minus_collected,panel_3,0,1043056,greedy,0,-1,0,5,0.2962962962962963
2,balanced_minus_collected,panel_3,0,1043057,greedy,0,0,0,0,0.0
2,balanced_minus_collected,panel_3,0,1043058,greedy,0,0,1,-26,0.0
2,balanced_minus_collected,panel_3,0,1043059,greedy,0,0,0,0,0.0
2,balanced_minus_collected,panel_3,0,1043060,greedy,0,-1,0,3,-0.039870689655172376
2,balanced_minus_collected,panel_3,0,1043061,greedy,0,-1,-1,24,0.5
2,balanced_minus_collected,panel_3,0,1043062,greedy,0,-1,-1,27,1.0
2,balanced_minus_collected,panel_3,0,1043063,greedy,0,0,0,0,0.0
2,balanced_minus_collected,panel_3,0,1043064,greedy,0,-1,-1,29,0.90625
2,balanced_minus_collected,panel_3,1,1043000,greedy,0,0,0,0,-0.0625
2,balanced_minus_collected,panel_3,1,1043001,greedy,0,0,0,0,0.0
2,balanced_minus_collected,panel_3,1,1043002,greedy,0,0,0,0,0.0
2,balanced_minus_collected,panel_3,1,1043003,greedy,0,0,0,0,0.0
2,balanced_minus_collected,panel_3,1,1043004,greedy,0,0,-1,25,0.6071428571428571
2,balanced_minus_collected,panel_3,1,1043005,greedy,0,1,0,-11,-0.9523809523809523
2,balanced_minus_collected,panel_3,1,1043006,greedy,0,0,0,0,0.0
2,balanced_minus_collected,panel_3,1,1043007,greedy,0,0,0,0,0.0
2,balanced_minus_collected,panel_3,1,1043008,greedy,0,0,-1,12,0.0
2,balanced_minus_collected,panel_3,1,1043009,greedy,0,0,-1,2,0.0
2,balanced_minus_collected,panel_3,1,1043010,greedy,0,0,0,4,0.4220689655172413
2,balanced_minus_collected,panel_3,1,1043011,greedy,0,0,0,-4,0.057931034482758714
2,balanced_minus_collected,panel_3,1,1043012,greedy,0,-1,0,1,-0.36895161290322576
2,balanced_minus_collected,panel_3,1,1043013,greedy,0,0,0,0,0.0
2,balanced_minus_collected,panel_3,1,1043014,greedy,0,0,0,2,0.00766283524904221
2,balanced_minus_collected,panel_3,1,1043015,greedy,0,1,1,-26,-0.84375
2,balanced_minus_collected,panel_3,1,1043016,greedy,0,-1,0,1,0.06451612903225812
2,balanced_minus_collected,panel_3,1,1043017,greedy,0,0,1,-22,0.0
2,balanced_minus_collected,panel_3,1,1043018,greedy,0,0,0,0,0.0
2,balanced_minus_collected,panel_3,1,1043019,greedy,0,0,0,0,0.0
2,balanced_minus_collected,panel_3,1,1043020,greedy,0,0,0,0,0.0
2,balanced_minus_collected,panel_3,1,1043021,greedy,0,0,1,-16,0.0
2,balanced_minus_collected,panel_3,1,1043022,greedy,0,-1,0,5,0.2962962962962963
2,balanced_minus_collected,panel_3,1,1043023,greedy,0,0,0,0,0.4375
2,balanced_minus_collected,panel_3,1,1043024,greedy,0,-1,-1,27,1.0
2,balanced_minus_collected,panel_3,1,1043025,greedy,0,0,1,-13,-0.5
2,balanced_minus_collected,panel_3,1,1043026,greedy,0,0,0,0,0.125
2,balanced_minus_collected,panel_3,1,1043027,greedy,0,0,0,0,0.5
2,balanced_minus_collected,panel_3,1,1043028,greedy,0,-1,0,4,0.1607142857142857
2,balanced_minus_collected,panel_3,1,1043029,greedy,0,0,1,-6,-0.8571428571428571
2,balanced_minus_collected,panel_3,1,1043030,greedy,0,0,0,0,0.0
2,balanced_minus_collected,panel_3,1,1043031,greedy,0,0,0,0,0.0
2,balanced_minus_collected,panel_3,1,1043032,greedy,0,0,1,-19,-0.625
2,balanced_minus_collected,panel_3,1,1043033,greedy,0,0,0,0,-0.0625
2,balanced_minus_collected,panel_3,1,1043034,greedy,0,0,0,0,0.0
2,balanced_minus_collected,panel_3,1,1043035,greedy,0,0,0,0,0.0
2,balanced_minus_collected,panel_3,1,1043036,greedy,0,0,1,-8,-0.8888888888888888
2,balanced_minus_collected,panel_3,1,1043037,greedy,0,0,0,-24,-0.7333333333333333
2,balanced_minus_collected,panel_3,1,1043038,greedy,0,1,0,-14,-0.2222222222222222
2,balanced_minus_collected,panel_3,1,1043039,greedy,0,-1,0,1,0.5806451612903225
2,balanced_minus_collected,panel_3,1,1043040,greedy,0,0,0,0,-0.375
2,balanced_minus_collected,panel_3,1,1043041,greedy,0,1,0,-5,-0.04282407407407407
2,balanced_minus_collected,panel_3,1,1043042,greedy,0,0,0,0,-0.46875
2,balanced_minus_collected,panel_3,1,1043043,greedy,0,0,-1,18,0.9
2,balanced_minus_collected,panel_3,1,1043044,greedy,0,1,0,-5,-0.4305555555555556
2,balanced_minus_collected,panel_3,1,1043045,greedy,0,0,0,-7,-0.8214285714285714
2,balanced_minus_collected,panel_3,1,1043046,greedy,0,0,0,0,0.3125
2,balanced_minus_collected,panel_3,1,1043047,greedy,0,0,0,0,0.0
2,balanced_minus_collected,panel_3,1,1043048,greedy,0,0,0,4,0.011034482758620623
2,balanced_minus_collected,panel_3,1,1043050,greedy,0,0,-1,24,-0.13824884792626724
2,balanced_minus_collected,panel_3,1,1043051,greedy,0,0,1,-29,-0.9354838709677419
2,balanced_minus_collected,panel_3,1,1043052,greedy,0,0,1,-24,-0.9230769230769231
2,balanced_minus_collected,panel_3,1,1043053,greedy,0,1,0,-2,0.11041666666666672
2,balanced_minus_collected,panel_3,1,1043054,greedy,0,-1,0,8,0.25
2,balanced_minus_collected,panel_3,1,1043055,greedy,0,0,0,-21,-0.375
2,balanced_minus_collected,panel_3,1,1043056,greedy,0,0,0,0,0.0
2,balanced_minus_collected,panel_3,1,1043057,greedy,0,1,0,-19,-0.33413461538461536
2,balanced_minus_collected,panel_3,1,1043058,greedy,0,0,0,0,0.0
2,balanced_minus_collected,panel_3,1,1043059,greedy,0,0,0,0,0.0
2,balanced_minus_collected,panel_3,1,1043060,greedy,0,0,-1,22,0.7407407407407407
2,balanced_minus_collected,panel_3,1,1043061,greedy,0,0,0,0,0.0
2,balanced_minus_collected,panel_3,1,1043062,greedy,0,1,0,-4,0.2008928571428571
2,balanced_minus_collected,panel_3,1,1043063,greedy,0,0,0,0,0.0
2,balanced_minus_collected,panel_3,1,1043064,greedy,0,0,0,0,0.15625
2,balanced_minus_collected,panel_3,2,1043000,greedy,0,0,0,0,0.0
2,balanced_minus_collected,panel_3,2,1043001,greedy,0,-1,-1,29,0.625
2,balanced_minus_collected,panel_3,2,1043002,greedy,0,0,-1,25,0.6296296296296297
2,balanced_minus_collected,panel_3,2,1043003,greedy,0,0,1,-23,-0.8846153846153846
2,balanced_minus_collected,panel_3,2,1043004,greedy,0,0,0,0,0.0
2,balanced_minus_collected,panel_3,2,1043005,greedy,0,0,0,4,0.07619047619047614
2,balanced_minus_collected,panel_3,2,1043006,greedy,0,0,0,0,0.0
2,balanced_minus_collected,panel_3,2,1043007,greedy,0,0,1,-26,-0.35714285714285715
2,balanced_minus_collected,panel_3,2,1043008,greedy,0,0,-1,19,0.8095238095238095
2,balanced_minus_collected,panel_3,2,1043009,greedy,0,0,1,-14,0.0
2,balanced_minus_collected,panel_3,2,1043010,greedy,0,0,0,0,0.0
2,balanced_minus_collected,panel_3,2,1043011,greedy,0,0,-1,18,0.9
2,balanced_minus_collected,panel_3,2,1043012,greedy,0,0,0,0,-0.09375
2,balanced_minus_collected,panel_3,2,1043013,greedy,0,0,1,-25,-0.7037037037037037
2,balanced_minus_collected,panel_3,2,1043014,greedy,0,0,0,0,0.0
2,balanced_minus_collected,panel_3,2,1043015,greedy,0,0,0,3,0.023872679045092826
2,balanced_minus_collected,panel_3,2,1043016,greedy,0,0,-1,20,0.9090909090909091
2,balanced_minus_collected,panel_3,2,1043017,greedy,0,0,1,-25,-0.8518518518518519
2,balanced_minus_collected,panel_3,2,1043018,greedy,0,0,-1,20,0.7272727272727273
2,balanced_minus_collected,panel_3,2,1043019,greedy,0,0,0,0,0.0
2,balanced_minus_collected,panel_3,2,1043020,greedy,0,0,0,0,0.0
2,balanced_minus_collected,panel_3,2,1043021,greedy,0,0,-1,19,0.7727272727272727
2,balanced_minus_collected,panel_3,2,1043022,greedy,0,0,0,0,0.125
2,balanced_minus_collected,panel_3,2,1043023,greedy,0,0,0,0,0.09375
2,balanced_minus_collected,panel_3,2,1043024,greedy,0,0,0,0,-0.1875
2,balanced_minus_collected,panel_3,2,1043025,greedy,0,0,1,-22,-0.08695652173913043
2,balanced_minus_collected,panel_3,2,1043026,greedy,0,0,0,0,0.0
2,balanced_minus_collected,panel_3,2,1043027,greedy,0,0,0,0,-0.09375
2,balanced_minus_collected,panel_3,2,1043028,greedy,0,0,0,0,0.0
2,balanced_minus_collected,panel_3,2,1043029,greedy,0,0,1,-15,-0.9375
2,balanced_minus_collected,panel_3,2,1043030,greedy,0,0,0,0,0.0
2,balanced_minus_collected,panel_3,2,1043031,greedy,0,0,0,0,0.0
2,balanced_minus_collected,panel_3,2,1043032,greedy,0,0,0,-2,0.0
2,balanced_minus_collected,panel_3,2,1043033,greedy,0,0,0,4,-0.04190476190476189
2,balanced_minus_collected,panel_3,2,1043034,greedy,0,0,0,0,0.0
2,balanced_minus_collected,panel_3,2,1043035,greedy,0,0,0,0,0.0
2,balanced_minus_collected,panel_3,2,1043036,greedy,0,0,-1,5,0.8333333333333334
2,balanced_minus_collected,panel_3,2,1043037,greedy,0,0,-1,4,0.0
2,balanced_minus_collected,panel_3,2,1043038,greedy,0,0,0,4,-0.8181818181818182
2,balanced_minus_collected,panel_3,2,1043039,greedy,0,1,1,-30,-0.96875
2,balanced_minus_collected,panel_3,2,1043040,greedy,0,0,0,0,0.375
2,balanced_minus_collected,panel_3,2,1043041,greedy,0,0,0,0,0.0
2,balanced_minus_collected,panel_3,2,1043042,greedy,0,-1,-1,28,1.0
2,balanced_minus_collected,panel_3,2,1043043,greedy,0,0,0,3,0.025210084033613467
2,balanced_minus_collected,panel_3,2,1043044,greedy,0,0,1,-24,-0.6206896551724138
2,balanced_minus_collected,panel_3,2,1043045,greedy,0,0,0,15,0.7666666666666667
2,balanced_minus_collected,panel_3,2,1043046,greedy,0,0,0,3,0.1157407407407407
2,balanced_minus_collected,panel_3,2,1043047,greedy,0,0,1,-19,-0.7142857142857143
2,balanced_minus_collected,panel_3,2,1043048,greedy,0,0,0,3,0.453781512605042
2,balanced_minus_collected,panel_3,2,1043050,greedy,0,0,1,-7,-0.6363636363636364
2,balanced_minus_collected,panel_3,2,1043051,greedy,0,0,0,-15,0.8461538461538461
2,balanced_minus_collected,panel_3,2,1043052,greedy,0,0,0,2,0.0
2,balanced_minus_collected,panel_3,2,1043053,greedy,0,-1,-1,25,0.90625
2,balanced_minus_collected,panel_3,2,1043054,greedy,0,1,0,-2,-0.4
2,balanced_minus_collected,panel_3,2,1043055,greedy,0,0,0,0,0.0
2,balanced_minus_collected,panel_3,2,1043056,greedy,0,-1,0,2,0.23541666666666672
2,balanced_minus_collected,panel_3,2,1043057,greedy,0,0,-1,26,0.8666666666666667
2,balanced_minus_collected,panel_3,2,1043058,greedy,0,0,0,0,0.0
2,balanced_minus_collected,panel_3,2,1043059,greedy,0,0,0,0,0.0
2,balanced_minus_collected,panel_3,2,1043060,greedy,0,0,0,7,0.002450980392156854
2,balanced_minus_collected,panel_3,2,1043061,greedy,0,0,0,0,-0.15625
2,balanced_minus_collected,panel_3,2,1043062,greedy,0,0,0,0,-0.09375
2,balanced_minus_collected,panel_3,2,1043063,greedy,0,0,0,0,0.0
2,balanced_minus_collected,panel_3,2,1043064,greedy,0,0,0,9,0.21250000000000002
2,balanced_minus_collected,panel_4,0,1044000,greedy,0,0,1,-22,-0.2222222222222222
2,balanced_minus_collected,panel_4,0,1044001,greedy,0,-1,-1,28,1.0
2,balanced_minus_collected,panel_4,0,1044002,greedy,0,-1,-1,26,0.875
2,balanced_minus_collected,panel_4,0,1044003,greedy,0,1,0,-22,-0.4
2,balanced_minus_collected,panel_4,0,1044004,greedy,0,-1,-1,31,1.0
2,balanced_minus_collected,panel_4,0,1044005,greedy,0,0,-1,8,0.6666666666666666
2,balanced_minus_collected,panel_4,0,1044006,greedy,0,1,1,-25,-0.53125
2,balanced_minus_collected,panel_4,0,1044007,greedy,0,1,0,-11,-0.3973214285714286
2,balanced_minus_collected,panel_4,0,1044008,greedy,0,0,0,19,0.15934065934065933
2,balanced_minus_collected,panel_4,0,1044009,greedy,0,0,0,-17,-0.24425287356321834
2,balanced_minus_collected,panel_4,0,1044010,greedy,0,0,0,-4,0.7276785714285714
2,balanced_minus_collected,panel_4,0,1044011,greedy,0,0,1,-9,-0.75
2,balanced_minus_collected,panel_4,0,1044012,greedy,0,0,1,-25,-0.8333333333333334
2,balanced_minus_collected,panel_4,0,1044013,greedy,0,1,1,-23,0.10069444444444442
2,balanced_minus_collected,panel_4,0,1044014,greedy,0,0,-1,23,0.12
2,balanced_minus_collected,panel_4,0,1044015,greedy,0,0,0,0,0.0
2,balanced_minus_collected,panel_4,0,1044016,greedy,0,0,0,0,0.0
2,balanced_minus_collected,panel_4,0,1044017,greedy,0,0,0,0,0.03125
2,balanced_minus_collected,panel_4,0,1044018,greedy,0,0,-1,25,0.5555555555555556
2,balanced_minus_collected,panel_4,0,1044019,greedy,0,0,1,-27,-0.1
2,balanced_minus_collected,panel_4,0,1044020,greedy,0,0,1,-17,-0.8947368421052632
2,balanced_minus_collected,panel_4,0,1044021,greedy,0,0,0,-1,0.4692118226600985
2,balanced_minus_collected,panel_4,0,1044022,greedy,0,0,0,-1,-0.00988142292490124
2,balanced_minus_collected,panel_4,0,1044023,greedy,0,-1,-1,29,0.5
2,balanced_minus_collected,panel_4,0,1044025,greedy,0,1,0,-9,-0.13043478260869568
2,balanced_minus_collected,panel_4,0,1044026,greedy,0,-1,0,0,-0.125
2,balanced_minus_collected,panel_4,0,1044027,greedy,0,0,-1,25,0.10344827586206896
2,balanced_minus_collected,panel_4,0,1044028,greedy,0,0,0,-2,0.0
2,balanced_minus_collected,panel_4,0,1044029,greedy,0,0,-1,24,0.6666666666666666
2,balanced_minus_collected,panel_4,0,1044030,greedy,0,-1,0,6,0.23076923076923073
2,balanced_minus_collected,panel_4,0,1044031,greedy,0,0,1,-20,-0.8695652173913043
2,balanced_minus_collected,panel_4,0,1044032,greedy,0,0,0,0,0.0
2,balanced_minus_collected,panel_4,0,1044033,greedy,0,0,0,0,0.0
2,balanced_minus_collected,panel_4,0,1044034,greedy,0,0,0,0,0.0
2,balanced_minus_collected,panel_4,0,1044035,greedy,0,0,0,-11,0.04102564102564099
2,balanced_minus_collected,panel_4,0,1044036,greedy,0,0,0,0,0.0
2,balanced_minus_collected,panel_4,0,1044037,greedy,0,0,1,-30,-0.625
2,balanced_minus_collected,panel_4,0,1044038,greedy,0,1,1,-26,-0.8020833333333334
2,balanced_minus_collected,panel_4,0,1044039,greedy,0,0,0,0,0.0
2,balanced_minus_collected,panel_4,0,1044040,greedy,0,1,0,-5,-0.2592592592592593
2,balanced_minus_collected,panel_4,0,1044041,greedy,0,0,-1,22,0.6428571428571429
2,balanced_minus_collected,panel_4,0,1044042,greedy,0,0,0,2,0.0
2,balanced_minus_collected,panel_4,0,1044043,greedy,0,0,1,-25,-0.7307692307692307
2,balanced_minus_collected,panel_4,0,1044044,greedy,0,0,1,-8,-0.6666666666666666
2,balanced_minus_collected,panel_4,0,1044045,greedy,0,0,0,0,0.15384615384615385
2,balanced_minus_collected,panel_4,0,1044046,greedy,0,1,0,-3,-0.3243534482758621
2,balanced_minus_collected,panel_4,0,1044047,greedy,0,0,0,0,0.15625
2,balanced_minus_collected,panel_4,0,1044048,greedy,0,-1,-1,30,1.0
2,balanced_minus_collected,panel_4,0,1044049,greedy,0,0,0,0,0.0
2,balanced_minus_collected,panel_4,0,1044050,greedy,0,0,0,0,0.03125
2,balanced_minus_collected,panel_4,0,1044051,greedy,0,0,0,0,0.0
2,balanced_minus_collected,panel_4,0,1044052,greedy,0,-1,0,5,-0.24305555555555558
2,balanced_minus_collected,panel_4,0,1044053,greedy,0,0,-1,8,0.6666666666666666
2,balanced_minus_collected,panel_4,0,1044054,greedy,0,1,1,-25,-0.4375
2,balanced_minus_collected,panel_4,0,1044055,greedy,0,0,1,-19,-0.7083333333333334
2,balanced_minus_collected,panel_4,0,1044056,greedy,0,1,1,-29,-0.6666666666666667
2,balanced_minus_collected,panel_4,0,1044057,greedy,0,0,1,-20,-0.8
2,balanced_minus_collected,panel_4,0,1044058,greedy,0,0,0,0,-0.0625
2,balanced_minus_collected,panel_4,0,1044059,greedy,0,1,0,-15,0.0
2,balanced_minus_collected,panel_4,0,1044060,greedy,0,0,0,-2,0.0
2,balanced_minus_collected,panel_4,0,1044061,greedy,0,0,0,0,0.0
2,balanced_minus_collected,panel_4,0,1044062,greedy,0,0,0,4,-0.16666666666666663
2,balanced_minus_collected,panel_4,0,1044063,greedy,0,0,0,2,0.0
2,balanced_minus_collected,panel_4,0,1044064,greedy,0,0,0,0,0.0
2,balanced_minus_collected,panel_4,1,1044000,greedy,0,0,0,0,0.0
2,balanced_minus_collected,panel_4,1,1044001,greedy,0,0,0,0,0.0
2,balanced_minus_collected,panel_4,1,1044002,greedy,0,-1,0,6,0.33653846153846156
2,balanced_minus_collected,panel_4,1,1044003,greedy,0,1,0,-20,0.04166666666666663
2,balanced_minus_collected,panel_4,1,1044004,greedy,0,0,1,-22,-0.9565217391304348
2,balanced_minus_collected,panel_4,1,1044005,greedy,0,1,0,-7,0.135
2,balanced_minus_collected,panel_4,1,1044006,greedy,0,0,1,-20,-0.2962962962962963
2,balanced_minus_collected,panel_4,1,1044007,greedy,0,0,0,0,-0.0625
2,balanced_minus_collected,panel_4,1,1044008,greedy,0,0,-1,29,0.90625
2,balanced_minus_collected,panel_4,1,1044009,greedy,0,1,0,-3,-0.1918103448275862
2,balanced_minus_collected,panel_4,1,1044010,greedy,0,1,1,-27,-0.59375
2,balanced_minus_collected,panel_4,1,1044011,greedy,0,0,0,2,-0.19285714285714295
2,balanced_minus_collected,panel_4,1,1044012,greedy,0,0,1,-18,0.0
2,balanced_minus_collected,panel_4,1,1044013,greedy,0,0,1,-19,-0.7083333333333334
2,balanced_minus_collected,panel_4,1,1044014,greedy,0,0,0,0,0.0
2,balanced_minus_collected,panel_4,1,1044015,greedy,0,0,0,0,0.0
2,balanced_minus_collected,panel_4,1,1044016,greedy,0,-1,0,17,-0.3041666666666667
2,balanced_minus_collected,panel_4,1,1044017,greedy,0,0,0,0,0.71875
2,balanced_minus_collected,panel_4,1,1044018,greedy,0,0,1,-19,-0.21739130434782608
2,balanced_minus_collected,panel_4,1,1044019,greedy,0,0,-1,20,0.6956521739130435
2,balanced_minus_collected,panel_4,1,1044020,greedy,0,0,0,0,0.0
2,balanced_minus_collected,panel_4,1,1044021,greedy,0,0,0,0,0.1875
2,balanced_minus_collected,panel_4,1,1044022,greedy,0,1,1,-27,-0.96875
2,balanced_minus_collected,panel_4,1,1044023,greedy,0,0,0,0,0.0
2,balanced_minus_collected,panel_4,1,1044025,greedy,0,0,0,3,-0.1342592592592593
2,balanced_minus_collected,panel_4,1,1044026,greedy,0,0,0,0,0.3125
2,balanced_minus_collected,panel_4,1,1044027,greedy,0,0,0,2,0.0
2,balanced_minus_collected,panel_4,1,1044028,greedy,0,0,1,-19,-0.8095238095238095
2,balanced_minus_collected,panel_4,1,1044029,greedy,0,1,1,-26,-0.5625
2,balanced_minus_collected,panel_4,1,1044030,greedy,0,-1,-1,21,0.48295454545454547
2,balanced_minus_collected,panel_4,1,1044031,greedy,0,0,0,0,0.0
2,balanced_minus_collected,panel_4,1,1044032,greedy,0,0,-1,23,0.52
2,balanced_minus_collected,panel_4,1,1044033,greedy,0,0,1,-20,0.0
2,balanced_minus_collected,panel_4,1,1044034,greedy,0,0,0,2,0.0
2,balanced_minus_collected,panel_4,1,1044035,greedy,0,0,0,1,-0.2165242165242165
2,balanced_minus_collected,panel_4,1,1044036,greedy,0,0,0,0,0.0
2,balanced_minus_collected,panel_4,1,1044037,greedy,0,0,0,-2,0.0
2,balanced_minus_collected,panel_4,1,1044038,greedy,0,0,0,0,0.03125
2,balanced_minus_collected,panel_4,1,1044039,greedy,0,0,0,0,0.0
2,balanced_minus_collected,panel_4,1,1044040,greedy,0,0,0,0,0.0625
2,balanced_minus_collected,panel_4,1,1044041,greedy,0,0,1,-25,-0.8064516129032258
2,balanced_minus_collected,panel_4,1,1044042,greedy,0,0,0,0,0.0
2,balanced_minus_collected,panel_4,1,1044043,greedy,0,0,0,0,0.0
2,balanced_minus_collected,panel_4,1,1044044,greedy,0,0,0,-6,-0.09716599190283404
2,balanced_minus_collected,panel_4,1,1044045,greedy,0,0,0,0,0.0
2,balanced_minus_collected,panel_4,1,1044046,greedy,0,0,-1,28,0.9032258064516129
2,balanced_minus_collected,panel_4,1,1044047,greedy,0,-1,0,1,0.5877016129032258
2,balanced_minus_collected,panel_4,1,1044048,greedy,0,1,1,-30,-0.9375
2,balanced_minus_collected,panel_4,1,1044049,greedy,0,0,0,0,0.0
2,balanced_minus_collected,panel_4,1,1044050,greedy,0,1,0,-5,-0.27083333333333337
2,balanced_minus_collected,panel_4,1,1044051,greedy,0,0,0,0,0.0
2,balanced_minus_collected,panel_4,1,1044052,greedy,0,0,0,0,-0.0625
2,balanced_minus_collected,panel_4,1,1044053,greedy,0,1,1,-28,-0.90625
2,balanced_minus_collected,panel_4,1,1044054,greedy,0,-1,0,5,0.28240740740740744
2,balanced_minus_collected,panel_4,1,1044055,greedy,0,0,1,-18,-0.625
2,balanced_minus_collected,panel_4,1,1044056,greedy,0,0,1,-22,-0.9166666666666666
2,balanced_minus_collected,panel_4,1,1044057,greedy,0,0,-1,21,0.75
2,balanced_minus_collected,panel_4,1,1044058,greedy,0,0,0,0,0.5625
2,balanced_minus_collected,panel_4,1,1044059,greedy,0,0,0,0,0.0
2,balanced_minus_collected,panel_4,1,1044060,greedy,0,0,0,0,0.0
2,balanced_minus_collected,panel_4,1,1044061,greedy,0,0,0,0,0.0
2,balanced_minus_collected,panel_4,1,1044062,greedy,0,1,0,-1,-0.13306451612903225
2,balanced_minus_collected,panel_4,1,1044063,greedy,0,0,0,0,0.0
2,balanced_minus_collected,panel_4,1,1044064,greedy,0,0,0,0,0.0
2,balanced_minus_collected,panel_4,2,1044000,greedy,0,0,1,-23,-0.6785714285714286
2,balanced_minus_collected,panel_4,2,1044001,greedy,0,0,0,6,-0.5307346326836582
2,balanced_minus_collected,panel_4,2,1044002,greedy,0,0,0,0,0.0625
2,balanced_minus_collected,panel_4,2,1044003,greedy,0,0,0,0,0.0
2,balanced_minus_collected,panel_4,2,1044004,greedy,0,0,1,-20,-0.9523809523809523
2,balanced_minus_collected,panel_4,2,1044005,greedy,0,0,0,7,0.35714285714285715
2,balanced_minus_collected,panel_4,2,1044006,greedy,0,0,0,1,0.011666666666666603
2,balanced_minus_collected,panel_4,2,1044007,greedy,0,0,0,0,0.09375
2,balanced_minus_collected,panel_4,2,1044008,greedy,0,-1,-1,27,0.6875
2,balanced_minus_collected,panel_4,2,1044009,greedy,0,0,1,-19,-0.375
2,balanced_minus_collected,panel_4,2,1044010,greedy,0,0,0,0,0.0625
2,balanced_minus_collected,panel_4,2,1044011,greedy,0,0,0,0,0.0
2,balanced_minus_collected,panel_4,2,1044012,greedy,0,0,1,-22,-0.5185185185185185
2,balanced_minus_collected,panel_4,2,1044013,greedy,0,0,-1,6,0.5454545454545454
2,balanced_minus_collected,panel_4,2,1044014,greedy,0,0,-1,18,0.0
2,balanced_minus_collected,panel_4,2,1044015,greedy,0,0,0,0,0.0
2,balanced_minus_collected,panel_4,2,1044016,greedy,0,0,0,-6,0.5651612903225807
2,balanced_minus_collected,panel_4,2,1044017,greedy,0,-1,-1,26,0.9375
2,balanced_minus_collected,panel_4,2,1044018,greedy,0,0,0,2,0.0
2,balanced_minus_collected,panel_4,2,1044019,greedy,0,0,0,0,0.0
2,balanced_minus_collected,panel_4,2,1044020,greedy,0,0,1,-5,-0.7142857142857143
2,balanced_minus_collected,panel_4,2,1044021,greedy,0,-1,0,11,0.17708333333333337
2,balanced_minus_collected,panel_4,2,1044022,greedy,0,0,0,0,0.0
2,balanced_minus_collected,panel_4,2,1044023,greedy,0,0,0,-2,0.12362637362637363
2,balanced_minus_collected,panel_4,2,1044025,greedy,0,-1,0,3,0.1411637931034483
2,balanced_minus_collected,panel_4,2,1044026,greedy,0,0,0,0,0.4375
2,balanced_minus_collected,panel_4,2,1044027,greedy,0,0,1,-27,-0.6551724137931034
2,balanced_minus_collected,panel_4,2,1044028,greedy,0,0,0,0,0.0
2,balanced_minus_collected,panel_4,2,1044029,greedy,0,0,0,5,0.2679900744416873
2,balanced_minus_collected,panel_4,2,1044030,greedy,0,0,-1,13,0.47368421052631576
2,balanced_minus_collected,panel_4,2,1044031,greedy,0,0,1,-18,-0.7619047619047619
2,balanced_minus_collected,panel_4,2,1044032,greedy,0,0,0,0,0.0
2,balanced_minus_collected,panel_4,2,1044033,greedy,0,0,0,0,0.0
2,balanced_minus_collected,panel_4,2,1044034,greedy,0,0,1,-6,0.0
2,balanced_minus_collected,panel_4,2,1044035,greedy,0,0,1,-10,-0.7142857142857143
2,balanced_minus_collected,panel_4,2,1044036,greedy,0,0,0,0,0.0
2,balanced_minus_collected,panel_4,2,1044037,greedy,0,0,0,4,0.022408963585434205
2,balanced_minus_collected,panel_4,2,1044038,greedy,0,0,0,0,0.3478260869565218
2,balanced_minus_collected,panel_4,2,1044039,greedy,0,0,0,-2,0.0
2,balanced_minus_collected,panel_4,2,1044040,greedy,0,-1,0,4,-0.2901785714285714
2,balanced_minus_collected,panel_4,2,1044041,greedy,0,1,0,-4,0.1919642857142857
2,balanced_minus_collected,panel_4,2,1044042,greedy,0,0,1,-11,-0.16666666666666663
2,balanced_minus_collected,panel_4,2,1044043,greedy,0,0,1,-4,0.0
2,balanced_minus_collected,panel_4,2,1044044,greedy,0,0,0,8,-0.15984405458089668
2,balanced_minus_collected,panel_4,2,1044045,greedy,0,0,0,0,0.0
2,balanced_minus_collected,panel_4,2,1044046,greedy,0,0,0,5,0.5
2,balanced_minus_collected,panel_4,2,1044047,greedy,0,0,0,0,-0.59375
2,balanced_minus_collected,panel_4,2,1044048,greedy,0,0,-1,28,0.9333333333333333
2,balanced_minus_collected,panel_4,2,1044049,greedy,0,0,1,-6,0.0
2,balanced_minus_collected,panel_4,2,1044050,greedy,0,0,0,0,0.53125
2,balanced_minus_collected,panel_4,2,1044051,greedy,0,0,1,-23,-0.9583333333333334
2,balanced_minus_collected,panel_4,2,1044052,greedy,0,0,0,0,-0.0625
2,balanced_minus_collected,panel_4,2,1044053,greedy,0,0,-1,22,0.8461538461538461
2,balanced_minus_collected,panel_4,2,1044054,greedy,0,-1,0,0,0.21875
2,balanced_minus_collected,panel_4,2,1044055,greedy,0,0,0,-8,-0.5582047685834501
2,balanced_minus_collected,panel_4,2,1044056,greedy,0,0,1,-26,-0.9285714285714286
2,balanced_minus_collected,panel_4,2,1044057,greedy,0,0,0,-1,-0.16666666666666666
2,balanced_minus_collected,panel_4,2,1044058,greedy,0,1,0,-15,0.02941176470588236
2,balanced_minus_collected,panel_4,2,1044059,greedy,0,0,-1,24,0.8888888888888888
2,balanced_minus_collected,panel_4,2,1044060,greedy,0,0,-1,9,0.75
2,balanced_minus_collected,panel_4,2,1044061,greedy,0,0,0,0,0.0
2,balanced_minus_collected,panel_4,2,1044062,greedy,0,0,0,-2,-0.0331262939958592
2,balanced_minus_collected,panel_4,2,1044063,greedy,0,0,0,0,0.0
2,balanced_minus_collected,panel_4,2,1044064,greedy,0,0,0,0,0.0
2,balanced_minus_collected,panel_5,0,1045000,greedy,0,0,0,0,0.0
2,balanced_minus_collected,panel_5,0,1045001,greedy,0,0,0,0,0.0
2,balanced_minus_collected,panel_5,0,1045002,greedy,0,0,1,-21,-0.875
2,balanced_minus_collected,panel_5,0,1045003,greedy,0,0,0,0,0.0
2,balanced_minus_collected,panel_5,0,1045004,greedy,0,0,0,0,0.0
2,balanced_minus_collected,panel_5,0,1045005,greedy,0,0,0,0,0.0
2,balanced_minus_collected,panel_5,0,1045006,greedy,0,1,1,-27,-0.90625
2,balanced_minus_collected,panel_5,0,1045007,greedy,0,0,0,0,0.0
2,balanced_minus_collected,panel_5,0,1045008,greedy,0,1,1,-25,-0.32142857142857145
2,balanced_minus_collected,panel_5,0,1045009,greedy,0,0,0,0,0.0
2,balanced_minus_collected,panel_5,0,1045010,greedy,0,-1,0,9,-0.5149456521739131
2,balanced_minus_collected,panel_5,0,1045011,greedy,0,0,0,12,-0.1517857142857143
2,balanced_minus_collected,panel_5,0,1045012,greedy,0,0,0,0,0.0
2,balanced_minus_collected,panel_5,0,1045013,greedy,0,0,0,0,-0.03125
2,balanced_minus_collected,panel_5,0,1045014,greedy,0,0,0,0,0.0
2,balanced_minus_collected,panel_5,0,1045015,greedy,0,-1,0,4,0.4642857142857143
2,balanced_minus_collected,panel_5,0,1045016,greedy,0,0,0,0,0.0
2,balanced_minus_collected,panel_5,0,1045017,greedy,0,0,0,-2,0.0
2,balanced_minus_collected,panel_5,0,1045018,greedy,0,0,1,-13,-0.43333333333333335
2,balanced_minus_collected,panel_5,0,1045019,greedy,0,-1,0,11,0.2232142857142857
2,balanced_minus_collected,panel_5,0,1045020,greedy,0,0,0,0,0.0
2,balanced_minus_collected,panel_5,0,1045021,greedy,0,0,0,0,0.0
2,balanced_minus_collected,panel_5,0,1045022,greedy,0,0,1,-23,-0.19230769230769232
2,balanced_minus_collected,panel_5,0,1045023,greedy,0,0,0,0,0.0
2,balanced_minus_collected,panel_5,0,1045024,greedy,0,1,0,-21,-0.96875
2,balanced_minus_collected,panel_5,0,1045025,greedy,0,-1,0,4,0.013392857142857095
2,balanced_minus_collected,panel_5,0,1045026,greedy,0,-1,-1,25,0.5089285714285714
2,balanced_minus_collected,panel_5,0,1045027,greedy,0,0,-1,21,0.5
2,balanced_minus_collected,panel_5,0,1045028,greedy,0,0,0,0,0.0
2,balanced_minus_collected,panel_5,0,1045029,greedy,0,0,-1,6,0.6666666666666666
2,balanced_minus_collected,panel_5,0,1045030,greedy,0,0,-1,21,0.6296296296296297
2,balanced_minus_collected,panel_5,0,1045031,greedy,0,0,0,0,0.0
2,balanced_minus_collected,panel_5,0,1045032,greedy,0,0,-1,4,0.0
2,balanced_minus_collected,panel_5,0,1045033,greedy,0,1,1,-25,-0.9375
2,balanced_minus_collected,panel_5,0,1045034,greedy,0,0,0,0,0.0
2,balanced_minus_collected,panel_5,0,1045035,greedy,0,0,1,-7,-0.875
2,balanced_minus_collected,panel_5,0,1045036,greedy,0,-1,0,6,0.09855769230769229
2,balanced_minus_collected,panel_5,0,1045037,greedy,0,1,0,-16,-0.4375
2,balanced_minus_collected,panel_5,0,1045038,greedy,0,0,0,-2,0.0
2,balanced_minus_collected,panel_5,0,1045039,greedy,0,0,0,20,0.26041666666666663
2,balanced_minus_collected,panel_5,0,1045040,greedy,0,0,1,-24,-0.3076923076923077
2,balanced_minus_collected,panel_5,0,1045041,greedy,0,0,0,-2,-0.6923076923076923
2,balanced_minus_collected,panel_5,0,1045042,greedy,0,0,1,-21,-0.21428571428571436
2,balanced_minus_collected,panel_5,0,1045043,greedy,0,1,0,-9,-0.720108695652174
2,balanced_minus_collected,panel_5,0,1045044,greedy,0,0,0,3,0.033333333333333326
2,balanced_minus_collected,panel_5,0,1045045,greedy,0,0,1,-25,-0.6129032258064516
2,balanced_minus_collected,panel_5,0,1045046,greedy,0,0,0,0,0.0
2,balanced_minus_collected,panel_5,0,1045047,greedy,0,0,1,-5,-0.8333333333333334
2,balanced_minus_collected,panel_5,0,1045048,greedy,0,0,0,0,0.0
2,balanced_minus_collected,panel_5,0,1045049,greedy,0,0,0,-3,-0.3333333333333333
2,balanced_minus_collected,panel_5,0,1045050,greedy,0,0,-1,18,0.782608695652174
2,balanced_minus_collected,panel_5,0,1045051,greedy,0,0,0,0,0.15625
2,balanced_minus_collected,panel_5,0,1045052,greedy,0,1,0,-7,-0.12
2,balanced_minus_collected,panel_5,0,1045053,greedy,0,0,1,-25,-0.8214285714285714
2,balanced_minus_collected,panel_5,0,1045054,greedy,0,0,0,0,0.25
2,balanced_minus_collected,panel_5,0,1045055,greedy,0,-1,-1,31,0.90625
2,balanced_minus_collected,panel_5,0,1045056,greedy,0,0,0,1,-0.1415384615384616
2,balanced_minus_collected,panel_5,0,1045057,greedy,0,0,0,0,0.0
2,balanced_minus_collected,panel_5,0,1045058,greedy,0,0,0,-14,0.48576850094876667
2,balanced_minus_collected,panel_5,0,1045059,greedy,0,0,0,0,0.0
2,balanced_minus_collected,panel_5,0,1045060,greedy,0,0,1,-14,-0.380952380952381
2,balanced_minus_collected,panel_5,0,1045061,greedy,0,0,0,0,0.0
2,balanced_minus_collected,panel_5,0,1045062,greedy,0,0,0,0,0.0
2,balanced_minus_collected,panel_5,0,1045063,greedy,0,0,-1,21,0.5
2,balanced_minus_collected,panel_5,1,1045000,greedy,0,0,0,0,0.0
2,balanced_minus_collected,panel_5,1,1045001,greedy,0,0,0,0,0.0
2,balanced_minus_collected,panel_5,1,1045002,greedy,0,0,0,0,0.0
2,balanced_minus_collected,panel_5,1,1045003,greedy,0,0,-1,24,0.64
2,balanced_minus_collected,panel_5,1,1045004,greedy,0,0,0,-21,-0.4642857142857143
2,balanced_minus_collected,panel_5,1,1045005,greedy,0,0,0,-10,0.0
2,balanced_minus_collected,panel_5,1,1045006,greedy,0,0,0,0,-0.03125
2,balanced_minus_collected,panel_5,1,1045007,greedy,0,-1,0,7,-0.28625
2,balanced_minus_collected,panel_5,1,1045008,greedy,0,0,1,-8,0.0
2,balanced_minus_collected,panel_5,1,1045009,greedy,0,1,0,-3,-0.11961206896551724
2,balanced_minus_collected,panel_5,1,1045010,greedy,0,0,0,0,0.75
2,balanced_minus_collected,panel_5,1,1045011,greedy,0,0,1,-13,-0.6111111111111112
2,balanced_minus_collected,panel_5,1,1045012,greedy,0,0,0,0,0.0
2,balanced_minus_collected,panel_5,1,1045013,greedy,0,0,0,0,0.0625
2,balanced_minus_collected,panel_5,1,1045014,greedy,0,0,0,0,0.0
2,balanced_minus_collected,panel_5,1,1045015,greedy,0,0,0,0,0.0
2,balanced_minus_collected,panel_5,1,1045016,greedy,0,0,0,0,0.0
2,balanced_minus_collected,panel_5,1,1045017,greedy,0,0,0,0,0.0
2,balanced_minus_collected,panel_5,1,1045018,greedy,0,-1,0,6,0.1923076923076923
2,balanced_minus_collected,panel_5,1,1045019,greedy,0,0,0,-4,-0.5
2,balanced_minus_collected,panel_5,1,1045020,greedy,0,1,0,-7,-0.38625
2,balanced_minus_collected,panel_5,1,1045021,greedy,0,0,1,-22,-0.2666666666666666
2,balanced_minus_collected,panel_5,1,1045022,greedy,0,0,1,-20,-0.5217391304347826
2,balanced_minus_collected,panel_5,1,1045023,greedy,0,0,-1,23,0.92
2,balanced_minus_collected,panel_5,1,1045024,greedy,0,0,1,-3,-0.13888888888888895
2,balanced_minus_collected,panel_5,1,1045025,greedy,0,1,0,-9,0.025815217391304324
2,balanced_minus_collected,panel_5,1,1045026,greedy,0,0,0,0,0.0
2,balanced_minus_collected,panel_5,1,1045027,greedy,0,0,1,-6,0.0
2,balanced_minus_collected,panel_5,1,1045028,greedy,0,0,0,0,0.0
2,balanced_minus_collected,panel_5,1,1045029,greedy,0,0,1,-14,0.0
2,balanced_minus_collected,panel_5,1,1045030,greedy,0,-1,0,18,0.3660714285714286
2,balanced_minus_collected,panel_5,1,1045031,greedy,0,0,0,0,0.0
2,balanced_minus_collected,panel_5,1,1045032,greedy,0,0,0,-1,-0.8518518518518519
2,balanced_minus_collected,panel_5,1,1045033,greedy,0,-1,0,5,0.30208333333333337
2,balanced_minus_collected,panel_5,1,1045034,greedy,0,0,0,0,0.0
2,balanced_minus_collected,panel_5,1,1045035,greedy,0,0,0,0,0.0
2,balanced_minus_collected,panel_5,1,1045036,greedy,0,0,0,0,-0.0625
2,balanced_minus_collected,panel_5,1,1045037,greedy,0,0,0,0,0.0625
2,balanced_minus_collected,panel_5,1,1045038,greedy,0,0,0,0,0.0
2,balanced_minus_collected,panel_5,1,1045039,greedy,0,0,-1,25,-0.1294642857142857
2,balanced_minus_collected,panel_5,1,1045040,greedy,0,0,1,-22,-0.9166666666666666
2,balanced_minus_collected,panel_5,1,1045041,greedy,0,0,0,0,0.0
2,balanced_minus_collected,panel_5,1,1045042,greedy,0,0,0,0,0.0
2,balanced_minus_collected,panel_5,1,1045043,greedy,0,0,0,0,0.0
2,balanced_minus_collected,panel_5,1,1045044,greedy,0,0,0,0,0.0
2,balanced_minus_collected,panel_5,1,1045045,greedy,0,0,-1,22,0.42857142857142855
2,balanced_minus_collected,panel_5,1,1045046,greedy,0,0,1,-22,-0.8148148148148148
2,balanced_minus_collected,panel_5,1,1045047,greedy,0,0,-1,15,0.9375
2,balanced_minus_collected,panel_5,1,1045048,greedy,0,0,0,0,0.0
2,balanced_minus_collected,panel_5,1,1045049,greedy,0,1,0,-10,-0.6022727272727273
2,balanced_minus_collected,panel_5,1,1045050,greedy,0,0,0,0,0.0
2,balanced_minus_collected,panel_5,1,1045051,greedy,0,0,1,-22,-0.88
2,balanced_minus_collected,panel_5,1,1045052,greedy,0,1,1,-29,-1.0
2,balanced_minus_collected,panel_5,1,1045053,greedy,0,0,1,-1,0.5
2,balanced_minus_collected,panel_5,1,1045054,greedy,0,0,1,-27,-0.6333333333333333
2,balanced_minus_collected,panel_5,1,1045055,greedy,0,0,0,0,0.0
2,balanced_minus_collected,panel_5,1,1045056,greedy,0,0,1,-21,-0.4923076923076923
2,balanced_minus_collected,panel_5,1,1045057,greedy,0,0,1,-14,0.0
2,balanced_minus_collected,panel_5,1,1045058,greedy,0,1,0,-2,-0.5145833333333334
2,balanced_minus_collected,panel_5,1,1045059,greedy,0,0,1,-20,-0.7142857142857143
2,balanced_minus_collected,panel_5,1,1045060,greedy,0,0,0,0,0.03125
2,balanced_minus_collected,panel_5,1,1045061,greedy,0,0,0,0,0.0
2,balanced_minus_collected,panel_5,1,1045062,greedy,0,0,0,0,0.09375
2,balanced_minus_collected,panel_5,1,1045063,greedy,0,0,1,-8,0.0
2,balanced_minus_collected,panel_5,2,1045000,greedy,0,0,1,-2,0.0
2,balanced_minus_collected,panel_5,2,1045001,greedy,0,0,0,0,0.0
2,balanced_minus_collected,panel_5,2,1045002,greedy,0,0,-1,29,0.90625
2,balanced_minus_collected,panel_5,2,1045003,greedy,0,0,0,0,0.0
2,balanced_minus_collected,panel_5,2,1045004,greedy,0,0,0,-2,0.0
2,balanced_minus_collected,panel_5,2,1045005,greedy,0,0,0,0,0.0
2,balanced_minus_collected,panel_5,2,1045006,greedy,0,1,0,0,-0.375
2,balanced_minus_collected,panel_5,2,1045007,greedy,0,0,0,8,0.03125
2,balanced_minus_collected,panel_5,2,1045008,greedy,0,0,1,-24,-0.07142857142857142
2,balanced_minus_collected,panel_5,2,1045009,greedy,0,-1,0,8,0.34375
2,balanced_minus_collected,panel_5,2,1045010,greedy,0,1,0,-4,0.008928571428571397
2,balanced_minus_collected,panel_5,2,1045011,greedy,0,0,0,0,0.0
2,balanced_minus_collected,panel_5,2,1045012,greedy,0,0,0,0,0.0
2,balanced_minus_collected,panel_5,2,1045013,greedy,0,-1,0,0,0.03125
2,balanced_minus_collected,panel_5,2,1045014,greedy,0,0,0,0,0.0
2,balanced_minus_collected,panel_5,2,1045015,greedy,0,0,-1,18,0.2608695652173913
2,balanced_minus_collected,panel_5,2,1045016,greedy,0,0,0,0,0.0
2,balanced_minus_collected,panel_5,2,1045017,greedy,0,0,-1,25,0.8928571428571429
2,balanced_minus_collected,panel_5,2,1045018,greedy,0,0,0,-10,-0.17543859649122806
2,balanced_minus_collected,panel_5,2,1045019,greedy,0,0,0,-11,-0.07719298245614037
2,balanced_minus_collected,panel_5,2,1045020,greedy,0,0,0,-9,-0.12587412587412594
2,balanced_minus_collected,panel_5,2,1045021,greedy,0,0,0,-9,0.2349624060150376
2,balanced_minus_collected,panel_5,2,1045022,greedy,0,0,1,-26,-0.896551724137931
2,balanced_minus_collected,panel_5,2,1045023,greedy,0,0,-1,24,0.9230769230769231
2,balanced_minus_collected,panel_5,2,1045024,greedy,0,0,0,1,0.18500000000000005
2,balanced_minus_collected,panel_5,2,1045025,greedy,0,0,1,-23,-0.2692307692307692
2,balanced_minus_collected,panel_5,2,1045026,greedy,0,0,0,-13,-0.030303030303030276
2,balanced_minus_collected,panel_5,2,1045027,greedy,0,0,-1,12,0.18181818181818177
2,balanced_minus_collected,panel_5,2,1045028,greedy,0,0,0,0,0.0
2,balanced_minus_collected,panel_5,2,1045029,greedy,0,-1,-1,29,0.15625
2,balanced_minus_collected,panel_5,2,1045030,greedy,0,0,1,-16,-0.4266666666666667
2,balanced_minus_collected,panel_5,2,1045031,greedy,0,0,0,0,0.0
2,balanced_minus_collected,panel_5,2,1045032,greedy,0,0,0,-2,0.0
2,balanced_minus_collected,panel_5,2,1045033,greedy,0,0,0,0,0.0
2,balanced_minus_collected,panel_5,2,1045034,greedy,0,0,0,0,0.0
2,balanced_minus_collected,panel_5,2,1045035,greedy,0,-1,-1,31,0.46875
2,balanced_minus_collected,panel_5,2,1045036,greedy,0,1,0,-4,-0.1741071428571429
2,balanced_minus_collected,panel_5,2,1045037,greedy,0,1,0,-3,-0.24137931034482762
2,balanced_minus_collected,panel_5,2,1045038,greedy,0,0,0,-3,0.3333333333333333
2,balanced_minus_collected,panel_5,2,1045039,greedy,0,0,-1,24,0.0
2,balanced_minus_collected,panel_5,2,1045040,greedy,0,0,-1,16,0.0
2,balanced_minus_collected,panel_5,2,1045041,greedy,0,0,0,2,0.0
2,balanced_minus_collected,panel_5,2,1045042,greedy,0,0,0,-4,-0.19047619047619047
2,balanced_minus_collected,panel_5,2,1045043,greedy,0,0,1,-20,-0.9090909090909091
2,balanced_minus_collected,panel_5,2,1045044,greedy,0,0,-1,7,0.7777777777777778
2,balanced_minus_collected,panel_5,2,1045045,greedy,0,0,0,0,0.0
2,balanced_minus_collected,panel_5,2,1045046,greedy,0,0,0,0,0.0
2,balanced_minus_collected,panel_5,2,1045047,greedy,0,0,1,-24,-0.96
2,balanced_minus_collected,panel_5,2,1045048,greedy,0,0,0,0,0.0
2,balanced_minus_collected,panel_5,2,1045049,greedy,0,0,-1,14,0.0
2,balanced_minus_collected,panel_5,2,1045050,greedy,0,0,1,-18,-0.625
2,balanced_minus_collected,panel_5,2,1045051,greedy,0,0,0,7,-0.18333333333333335
2,balanced_minus_collected,panel_5,2,1045052,greedy,0,-1,-1,29,0.9375
2,balanced_minus_collected,panel_5,2,1045053,greedy,0,-1,0,5,0.11111111111111116
2,balanced_minus_collected,panel_5,2,1045054,greedy,0,0,0,-1,-0.06989247311827951
2,balanced_minus_collected,panel_5,2,1045055,greedy,0,0,0,0,0.0
2,balanced_minus_collected,panel_5,2,1045056,greedy,0,1,0,-6,-0.03605769230769229
2,balanced_minus_collected,panel_5,2,1045057,greedy,0,0,1,-7,-0.875
2,balanced_minus_collected,panel_5,2,1045058,greedy,0,0,1,-21,-0.36
2,balanced_minus_collected,panel_5,2,1045059,greedy,0,1,0,-9,-0.626358695652174
2,balanced_minus_collected,panel_5,2,1045060,greedy,0,0,-1,26,0.8666666666666667
2,balanced_minus_collected,panel_5,2,1045061,greedy,0,0,0,-2,0.0
2,balanced_minus_collected,panel_5,2,1045062,greedy,0,0,0,0,0.125
2,balanced_minus_collected,panel_5,2,1045063,greedy,0,0,1,-26,-0.7741935483870968
2,balanced_minus_collected,panel_6,0,1046000,greedy,0,0,0,1,-0.5443349753694581
2,balanced_minus_collected,panel_6,0,1046001,greedy,0,0,0,0,0.0
2,balanced_minus_collected,panel_6,0,1046002,greedy,0,0,0,-14,-0.012820512820512775
2,balanced_minus_collected,panel_6,0,1046003,greedy,0,0,0,0,0.3125
2,balanced_minus_collected,panel_6,0,1046004,greedy,0,0,0,0,0.0
2,balanced_minus_collected,panel_6,0,1046005,greedy,0,0,1,-8,0.0
2,balanced_minus_collected,panel_6,0,1046006,greedy,0,0,0,0,0.0
2,balanced_minus_collected,panel_6,0,1046007,greedy,0,0,0,0,0.125
2,balanced_minus_collected,panel_6,0,1046008,greedy,0,0,1,-25,-0.10714285714285714
2,balanced_minus_collected,panel_6,0,1046009,greedy,0,0,-1,18,0.7
2,balanced_minus_collected,panel_6,0,1046010,greedy,0,1,0,-5,-0.2280092592592593
2,balanced_minus_collected,panel_6,0,1046011,greedy,0,0,1,-24,-0.5925925925925926
2,balanced_minus_collected,panel_6,0,1046012,greedy,0,0,-1,23,0.5857142857142856
2,balanced_minus_collected,panel_6,0,1046013,greedy,0,0,-1,21,0.7777777777777778
2,balanced_minus_collected,panel_6,0,1046014,greedy,0,0,0,0,0.0
2,balanced_minus_collected,panel_6,0,1046015,greedy,0,0,0,15,0.09740259740259749
2,balanced_minus_collected,panel_6,0,1046016,greedy,0,0,0,0,0.0
2,balanced_minus_collected,panel_6,0,1046017,greedy,0,0,0,0,0.53125
2,balanced_minus_collected,panel_6,0,1046018,greedy,0,0,0,0,0.0
2,balanced_minus_collected,panel_6,0,1046019,greedy,0,0,0,2,0.0
2,balanced_minus_collected,panel_6,0,1046020,greedy,0,0,1,-10,-0.6666666666666666
2,balanced_minus_collected,panel_6,0,1046021,greedy,0,0,1,-23,-0.7777777777777778
2,balanced_minus_collected,panel_6,0,1046022,greedy,0,0,1,-23,-0.9583333333333334
2,balanced_minus_collected,panel_6,0,1046023,greedy,0,0,1,-16,0.0
2,balanced_minus_collected,panel_6,0,1046024,greedy,0,0,1,-21,-0.30434782608695654
2,balanced_minus_collected,panel_6,0,1046025,greedy,0,1,0,-3,-0.1443965517241379
2,balanced_minus_collected,panel_6,0,1046026,greedy,0,0,1,-24,0.0
2,balanced_minus_collected,panel_6,0,1046027,greedy,0,0,0,0,0.59375
2,balanced_minus_collected,panel_6,0,1046028,greedy,0,0,0,0,0.0
2,balanced_minus_collected,panel_6,0,1046029,greedy,0,0,0,0,0.0
2,balanced_minus_collected,panel_6,0,1046030,greedy,0,0,0,0,0.0
2,balanced_minus_collected,panel_6,0,1046031,greedy,0,0,1,-24,-0.9230769230769231
2,balanced_minus_collected,panel_6,0,1046032,greedy,0,0,0,0,0.0
2,balanced_minus_collected,panel_6,0,1046033,greedy,0,0,1,-22,0.0
2,balanced_minus_collected,panel_6,0,1046034,greedy,0,-1,0,0,0.25
2,balanced_minus_collected,panel_6,0,1046035,greedy,0,0,0,0,0.0
2,balanced_minus_collected,panel_6,0,1046036,greedy,0,0,0,2,0.014285714285714346
2,balanced_minus_collected,panel_6,0,1046037,greedy,0,0,0,0,-0.07999999999999996
2,balanced_minus_collected,panel_6,0,1046038,greedy,0,0,-1,25,0.6551724137931034
2,balanced_minus_collected,panel_6,0,1046039,greedy,0,0,0,-16,-0.7407407407407407
2,balanced_minus_collected,panel_6,0,1046040,greedy,0,0,0,0,0.0
2,balanced_minus_collected,panel_6,0,1046041,greedy,0,1,1,-26,-0.46875
2,balanced_minus_collected,panel_6,0,1046042,greedy,0,0,0,6,-0.11111111111111116
2,balanced_minus_collected,panel_6,0,1046043,greedy,0,1,1,-24,-1.0
2,balanced_minus_collected,panel_6,0,1046044,greedy,0,0,0,0,0.0
2,balanced_minus_collected,panel_6,0,1046045,greedy,0,0,0,0,0.0
2,balanced_minus_collected,panel_6,0,1046046,greedy,0,0,1,-24,-0.6153846153846154
2,balanced_minus_collected,panel_6,0,1046047,greedy,0,0,0,0,0.0
2,balanced_minus_collected,panel_6,0,1046048,greedy,0,0,0,3,0.07211538461538458
2,balanced_minus_collected,panel_6,0,1046049,greedy,0,0,1,-17,-0.7391304347826086
2,balanced_minus_collected,panel_6,0,1046050,greedy,0,0,1,-8,0.0
2,balanced_minus_collected,panel_6,0,1046051,greedy,0,-1,-1,29,0.96875
2,balanced_minus_collected,panel_6,0,1046052,greedy,0,1,0,-7,-0.13749999999999996
2,balanced_minus_collected,panel_6,0,1046053,greedy,0,-1,-1,31,0.4375
2,balanced_minus_collected,panel_6,0,1046054,greedy,0,0,1,-24,-0.7692307692307693
2,balanced_minus_collected,panel_6,0,1046055,greedy,0,0,1,-26,-0.8275862068965517
2,balanced_minus_collected,panel_6,0,1046056,greedy,0,0,0,0,0.0
2,balanced_minus_collected,panel_6,0,1046057,greedy,0,0,-1,10,0.6153846153846154
2,balanced_minus_collected,panel_6,0,1046058,greedy,0,-1,-1,27,0.26875
2,balanced_minus_collected,panel_6,0,1046059,greedy,0,0,1,-11,-0.7857142857142857
2,balanced_minus_collected,panel_6,0,1046060,greedy,0,0,0,0,-0.15625
2,balanced_minus_collected,panel_6,0,1046061,greedy,0,-1,0,9,-0.47010869565217395
2,balanced_minus_collected,panel_6,0,1046062,greedy,0,0,-1,26,0.896551724137931
2,balanced_minus_collected,panel_6,0,1046063,greedy,0,0,-1,22,0.32
2,balanced_minus_collected,panel_6,1,1046000,greedy,0,0,0,3,0.01591511936339518
2,balanced_minus_collected,panel_6,1,1046001,greedy,0,0,0,0,-0.09375
2,balanced_minus_collected,panel_6,1,1046002,greedy,0,0,0,0,0.0
2,balanced_minus_collected,panel_6,1,1046003,greedy,0,0,0,0,0.25
2,balanced_minus_collected,panel_6,1,1046004,greedy,0,0,0,0,0.0
2,balanced_minus_collected,panel_6,1,1046005,greedy,0,0,0,0,0.0
2,balanced_minus_collected,panel_6,1,1046006,greedy,0,0,0,0,0.1875
2,balanced_minus_collected,panel_6,1,1046007,greedy,0,0,0,0,0.59375
2,balanced_minus_collected,panel_6,1,1046008,greedy,0,0,0,11,0.8214285714285714
2,balanced_minus_collected,panel_6,1,1046009,greedy,0,-1,-1,30,0.875
2,balanced_minus_collected,panel_6,1,1046010,greedy,0,0,-1,23,0.5666666666666667
2,balanced_minus_collected,panel_6,1,1046011,greedy,0,0,0,0,0.0
2,balanced_minus_collected,panel_6,1,1046012,greedy,0,0,-1,17,0.6190476190476191
2,balanced_minus_collected,panel_6,1,1046013,greedy,0,0,0,3,0.3333333333333333
2,balanced_minus_collected,panel_6,1,1046014,greedy,0,0,-1,8,0.0
2,balanced_minus_collected,panel_6,1,1046015,greedy,0,0,0,-1,-0.5
2,balanced_minus_collected,panel_6,1,1046016,greedy,0,0,-1,22,0.6923076923076923
2,balanced_minus_collected,panel_6,1,1046017,greedy,0,0,0,0,0.0
2,balanced_minus_collected,panel_6,1,1046018,greedy,0,0,0,0,0.0
2,balanced_minus_collected,panel_6,1,1046019,greedy,0,0,-1,24,0.8888888888888888
2,balanced_minus_collected,panel_6,1,1046020,greedy,0,0,0,2,0.0
2,balanced_minus_collected,panel_6,1,1046021,greedy,0,1,1,-25,-0.5089285714285714
2,balanced_minus_collected,panel_6,1,1046022,greedy,0,0,0,0,0.0
2,balanced_minus_collected,panel_6,1,1046023,greedy,0,0,0,0,0.0
2,balanced_minus_collected,panel_6,1,1046024,greedy,0,0,0,14,0.0
2,balanced_minus_collected,panel_6,1,1046025,greedy,0,0,0,2,0.4
2,balanced_minus_collected,panel_6,1,1046026,greedy,0,0,1,-26,0.0
2,balanced_minus_collected,panel_6,1,1046027,greedy,0,1,0,0,0.375
2,balanced_minus_collected,panel_6,1,1046028,greedy,0,0,0,0,0.0
2,balanced_minus_collected,panel_6,1,1046029,greedy,0,1,1,-22,-0.48125
2,balanced_minus_collected,panel_6,1,1046030,greedy,0,0,1,-25,-0.5357142857142857
2,balanced_minus_collected,panel_6,1,1046031,greedy,0,0,0,0,0.0
2,balanced_minus_collected,panel_6,1,1046032,greedy,0,0,-1,24,0.46153846153846156
2,balanced_minus_collected,panel_6,1,1046033,greedy,0,1,1,-28,-1.0
2,balanced_minus_collected,panel_6,1,1046034,greedy,0,-1,0,6,0.28365384615384615
2,balanced_minus_collected,panel_6,1,1046035,greedy,0,0,-1,19,0.36
2,balanced_minus_collected,panel_6,1,1046036,greedy,0,1,1,-26,-0.8125
2,balanced_minus_collected,panel_6,1,1046037,greedy,0,0,1,-22,-0.8
2,balanced_minus_collected,panel_6,1,1046038,greedy,0,0,-1,24,0.0
2,balanced_minus_collected,panel_6,1,1046039,greedy,0,0,-1,12,0.0
2,balanced_minus_collected,panel_6,1,1046040,greedy,0,0,0,2,0.0
2,balanced_minus_collected,panel_6,1,1046041,greedy,0,0,0,0,0.21875
2,balanced_minus_collected,panel_6,1,1046042,greedy,0,0,0,0,0.0
2,balanced_minus_collected,panel_6,1,1046043,greedy,0,0,0,4,0.20238095238095233
2,balanced_minus_collected,panel_6,1,1046044,greedy,0,0,1,-20,0.0
2,balanced_minus_collected,panel_6,1,1046045,greedy,0,0,0,0,0.0
2,balanced_minus_collected,panel_6,1,1046046,greedy,0,1,0,-26,-0.34375
2,balanced_minus_collected,panel_6,1,1046047,greedy,0,0,0,-1,-0.018181818181818188
2,balanced_minus_collected,panel_6,1,1046048,greedy,0,0,0,-1,0.3632478632478633
2,balanced_minus_collected,panel_6,1,1046049,greedy,0,0,0,0,0.0
2,balanced_minus_collected,panel_6,1,1046050,greedy,0,0,0,0,0.0
2,balanced_minus_collected,panel_6,1,1046051,greedy,0,0,1,-7,-0.7
2,balanced_minus_collected,panel_6,1,1046052,greedy,0,0,0,-3,-0.18981481481481477
2,balanced_minus_collected,panel_6,1,1046053,greedy,0,0,0,8,0.5565217391304348
2,balanced_minus_collected,panel_6,1,1046054,greedy,0,0,0,0,0.0
2,balanced_minus_collected,panel_6,1,1046055,greedy,0,0,0,0,0.0
2,balanced_minus_collected,panel_6,1,1046056,greedy,0,0,1,-23,-0.6071428571428571
2,balanced_minus_collected,panel_6,1,1046057,greedy,0,0,0,0,0.0
2,balanced_minus_collected,panel_6,1,1046058,greedy,0,0,0,0,0.34375
2,balanced_minus_collected,panel_6,1,1046059,greedy,0,1,1,-29,-0.65625
2,balanced_minus_collected,panel_6,1,1046060,greedy,0,0,0,19,0.28787878787878796
2,balanced_minus_collected,panel_6,1,1046061,greedy,0,0,0,-3,0.16666666666666666
2,balanced_minus_collected,panel_6,1,1046062,greedy,0,0,0,0,0.0
2,balanced_minus_collected,panel_6,1,1046063,greedy,0,0,0,1,0.4071428571428571
2,balanced_minus_collected,panel_6,2,1046000,greedy,0,0,0,2,0.0
2,balanced_minus_collected,panel_6,2,1046001,greedy,0,-1,0,10,0.19318181818181823
2,balanced_minus_collected,panel_6,2,1046002,greedy,0,0,0,0,0.0
2,balanced_minus_collected,panel_6,2,1046003,greedy,0,1,0,0,0.46875
2,balanced_minus_collected,panel_6,2,1046004,greedy,0,0,1,-4,0.0
2,balanced_minus_collected,panel_6,2,1046005,greedy,0,0,0,0,0.0
2,balanced_minus_collected,panel_6,2,1046006,greedy,0,-1,0,3,0.6551724137931034
2,balanced_minus_collected,panel_6,2,1046007,greedy,0,0,0,0,-0.0625
2,balanced_minus_collected,panel_6,2,1046008,greedy,0,0,0,-2,0.0
2,balanced_minus_collected,panel_6,2,1046009,greedy,0,0,-1,8,0.0
2,balanced_minus_collected,panel_6,2,1046010,greedy,0,-1,0,15,0.96875
2,balanced_minus_collected,panel_6,2,1046011,greedy,0,0,0,0,0.0
2,balanced_minus_collected,panel_6,2,1046012,greedy,0,0,-1,13,0.7647058823529411
2,balanced_minus_collected,panel_6,2,1046013,greedy,0,0,-1,24,0.8
2,balanced_minus_collected,panel_6,2,1046014,greedy,0,0,1,-15,-0.75
2,balanced_minus_collected,panel_6,2,1046015,greedy,0,0,-1,2,0.6666666666666666
2,balanced_minus_collected,panel_6,2,1046016,greedy,0,0,1,-20,-0.8333333333333334
2,balanced_minus_collected,panel_6,2,1046017,greedy,0,0,0,0,0.5
2,balanced_minus_collected,panel_6,2,1046018,greedy,0,0,1,-3,-0.6
2,balanced_minus_collected,panel_6,2,1046019,greedy,0,-1,-1,29,0.1875
2,balanced_minus_collected,panel_6,2,1046020,greedy,0,0,0,-2,0.0
2,balanced_minus_collected,panel_6,2,1046021,greedy,0,0,0,0,0.0
2,balanced_minus_collected,panel_6,2,1046022,greedy,0,0,0,0,0.0
2,balanced_minus_collected,panel_6,2,1046023,greedy,0,0,0,0,0.0
2,balanced_minus_collected,panel_6,2,1046024,greedy,0,-1,-1,30,0.03125
2,balanced_minus_collected,panel_6,2,1046025,greedy,0,0,0,6,0.2222222222222222
2,balanced_minus_collected,panel_6,2,1046026,greedy,0,-1,0,4,0.1696428571428571
2,balanced_minus_collected,panel_6,2,1046027,greedy,0,1,0,-5,-0.24305555555555558
2,balanced_minus_collected,panel_6,2,1046028,greedy,0,0,0,0,0.0
2,balanced_minus_collected,panel_6,2,1046029,greedy,0,0,0,0,0.0625
2,balanced_minus_collected,panel_6,2,1046030,greedy,0,0,0,0,0.0
2,balanced_minus_collected,panel_6,2,1046031,greedy,0,0,-1,7,0.7777777777777778
2,balanced_minus_collected,panel_6,2,1046032,greedy,0,0,-1,13,0.8666666666666667
2,balanced_minus_collected,panel_6,2,1046033,greedy,0,0,0,3,-0.05428571428571427
2,balanced_minus_collected,panel_6,2,1046034,greedy,0,0,0,0,0.125
2,balanced_minus_collected,panel_6,2,1046035,greedy,0,0,1,-20,-0.5833333333333334
2,balanced_minus_collected,panel_6,2,1046036,greedy,0,-1,0,9,0.13586956521739135
2,balanced_minus_collected,panel_6,2,1046037,greedy,0,-1,0,14,0.16666666666666663
2,balanced_minus_collected,panel_6,2,1046038,greedy,0,0,-1,28,0.875
2,balanced_minus_collected,panel_6,2,1046039,greedy,0,0,0,0,0.0
2,balanced_minus_collected,panel_6,2,1046040,greedy,0,0,0,2,0.0
2,balanced_minus_collected,panel_6,2,1046041,greedy,0,-1,0,7,0.515
2,balanced_minus_collected,panel_6,2,1046042,greedy,0,0,0,-1,-0.008658008658008698
2,balanced_minus_collected,panel_6,2,1046043,greedy,0,1,1,-26,-1.0
2,balanced_minus_collected,panel_6,2,1046044,greedy,0,0,-1,22,0.0
2,balanced_minus_collected,panel_6,2,1046045,greedy,0,0,-1,23,0.5769230769230769
2,balanced_minus_collected,panel_6,2,1046046,greedy,0,0,0,2,-0.7564102564102564
2,balanced_minus_collected,panel_6,2,1046047,greedy,0,1,1,-30,-0.59375
2,balanced_minus_collected,panel_6,2,1046048,greedy,0,0,1,-19,-0.7916666666666666
2,balanced_minus_collected,panel_6,2,1046049,greedy,0,0,0,-3,-0.02777777777777779
2,balanced_minus_collected,panel_6,2,1046050,greedy,0,0,1,-6,0.0
2,balanced_minus_collected,panel_6,2,1046051,greedy,0,0,0,3,0.015050167224080258
2,balanced_minus_collected,panel_6,2,1046052,greedy,0,1,0,-18,0.2053571428571429
2,balanced_minus_collected,panel_6,2,1046053,greedy,0,0,-1,25,0.9615384615384616
2,balanced_minus_collected,panel_6,2,1046054,greedy,0,-1,0,4,0.2544642857142857
2,balanced_minus_collected,panel_6,2,1046055,greedy,0,1,0,-3,-0.00969827586206895
2,balanced_minus_collected,panel_6,2,1046056,greedy,0,0,0,0,0.0
2,balanced_minus_collected,panel_6,2,1046057,greedy,0,0,0,-16,-0.037267080745341685
2,balanced_minus_collected,panel_6,2,1046058,greedy,0,1,1,-28,-0.875
2,balanced_minus_collected,panel_6,2,1046059,greedy,0,0,-1,24,0.8888888888888888
2,balanced_minus_collected,panel_6,2,1046060,greedy,0,-1,0,14,0.2465277777777778
2,balanced_minus_collected,panel_6,2,1046061,greedy,0,-1,0,5,0.96875
2,balanced_minus_collected,panel_6,2,1046062,greedy,0,0,-1,26,0.37419354838709673
2,balanced_minus_collected,panel_6,2,1046063,greedy,0,0,1,-12,-0.8
2,balanced_minus_collected,panel_7,0,1047000,greedy,0,0,0,-1,-0.40313390313390307
2,balanced_minus_collected,panel_7,0,1047001,greedy,0,0,1,-3,-0.22499999999999998
2,balanced_minus_collected,panel_7,0,1047002,greedy,0,1,1,-29,-0.90625
2,balanced_minus_collected,panel_7,0,1047003,greedy,0,0,1,-9,-0.8181818181818182
2,balanced_minus_collected,panel_7,0,1047004,greedy,0,0,0,-2,-0.25
2,balanced_minus_collected,panel_7,0,1047005,greedy,0,0,0,0,0.0
2,balanced_minus_collected,panel_7,0,1047006,greedy,0,1,1,-28,-0.9375
2,balanced_minus_collected,panel_7,0,1047007,greedy,0,-1,-1,27,0.90625
2,balanced_minus_collected,panel_7,0,1047008,greedy,0,0,-1,10,0.9090909090909091
2,balanced_minus_collected,panel_7,0,1047009,greedy,0,-1,0,3,-0.045258620689655193
2,balanced_minus_collected,panel_7,0,1047010,greedy,0,0,0,0,0.0
2,balanced_minus_collected,panel_7,0,1047011,greedy,0,0,0,0,0.0
2,balanced_minus_collected,panel_7,0,1047012,greedy,0,0,0,0,0.03125
2,balanced_minus_collected,panel_7,0,1047013,greedy,0,0,1,-26,-0.5517241379310345
2,balanced_minus_collected,panel_7,0,1047014,greedy,0,0,0,-2,0.0
2,balanced_minus_collected,panel_7,0,1047015,greedy,0,0,1,-25,-0.7777777777777778
2,balanced_minus_collected,panel_7,0,1047016,greedy,0,0,-1,25,0.34615384615384615
2,balanced_minus_collected,panel_7,0,1047017,greedy,0,0,0,5,0.03101736972704716
2,balanced_minus_collected,panel_7,0,1047018,greedy,0,0,0,0,-0.03125
2,balanced_minus_collected,panel_7,0,1047019,greedy,0,-1,0,8,0.17708333333333337
2,balanced_minus_collected,panel_7,0,1047020,greedy,0,1,1,-30,-0.59375
2,balanced_minus_collected,panel_7,0,1047021,greedy,0,0,0,0,0.0
2,balanced_minus_collected,panel_7,0,1047022,greedy,0,1,0,-3,-0.5711206896551724
2,balanced_minus_collected,panel_7,0,1047023,greedy,0,1,1,-28,-1.0
2,balanced_minus_collected,panel_7,0,1047024,greedy,0,0,-1,4,0.75
2,balanced_minus_collected,panel_7,0,1047025,greedy,0,0,0,11,0.0023148148148147696
2,balanced_minus_collected,panel_7,0,1047026,greedy,0,0,-1,3,0.2142857142857143
2,balanced_minus_collected,panel_7,0,1047027,greedy,0,0,-1,24,0.08275862068965517
2,balanced_minus_collected,panel_7,0,1047028,greedy,0,0,0,0,0.0
2,balanced_minus_collected,panel_7,0,1047029,greedy,0,0,0,0,0.0
2,balanced_minus_collected,panel_7,0,1047030,greedy,0,0,-1,20,0.2328042328042328
2,balanced_minus_collected,panel_7,0,1047031,greedy,0,0,-1,4,0.0
2,balanced_minus_collected,panel_7,0,1047032,greedy,0,0,1,-14,-0.7368421052631579
2,balanced_minus_collected,panel_7,0,1047033,greedy,0,0,1,-25,-0.8846153846153846
2,balanced_minus_collected,panel_7,0,1047034,greedy,0,0,0,0,0.0
2,balanced_minus_collected,panel_7,0,1047035,greedy,0,0,0,3,0.1064814814814814
2,balanced_minus_collected,panel_7,0,1047036,greedy,0,0,0,0,0.75
2,balanced_minus_collected,panel_7,0,1047037,greedy,0,0,0,-3,0.37818181818181823
2,balanced_minus_collected,panel_7,0,1047038,greedy,0,1,1,-31,-0.1875
2,balanced_minus_collected,panel_7,0,1047039,greedy,0,0,0,0,0.0
2,balanced_minus_collected,panel_7,0,1047040,greedy,0,1,1,-24,-0.46875
2,balanced_minus_collected,panel_7,0,1047041,greedy,0,0,0,0,0.0
2,balanced_minus_collected,panel_7,0,1047042,greedy,0,0,1,-4,-0.6666666666666666
2,balanced_minus_collected,panel_7,0,1047043,greedy,0,0,0,0,0.0
2,balanced_minus_collected,panel_7,0,1047044,greedy,0,0,0,-12,-0.37037037037037035
2,balanced_minus_collected,panel_7,0,1047045,greedy,0,1,0,-4,0.1473214285714286
2,balanced_minus_collected,panel_7,0,1047046,greedy,0,0,-1,14,-0.32954545454545453
2,balanced_minus_collected,panel_7,0,1047047,greedy,0,1,1,-24,-0.90625
2,balanced_minus_collected,panel_7,0,1047048,greedy,0,0,0,0,0.0
2,balanced_minus_collected,panel_7,0,1047049,greedy,0,0,0,0,0.0
2,balanced_minus_collected,panel_7,0,1047050,greedy,0,0,0,-18,0.2962962962962963
2,balanced_minus_collected,panel_7,0,1047051,greedy,0,0,0,0,0.0
2,balanced_minus_collected,panel_7,0,1047052,greedy,0,1,0,-20,-0.02083333333333337
2,balanced_minus_collected,panel_7,0,1047053,greedy,0,0,1,-19,-0.13043478260869565
2,balanced_minus_collected,panel_7,0,1047054,greedy,0,0,0,0,-0.5625
2,balanced_minus_collected,panel_7,0,1047055,greedy,0,0,0,0,0.0
2,balanced_minus_collected,panel_7,0,1047056,greedy,0,0,1,-28,-0.7333333333333333
2,balanced_minus_collected,panel_7,0,1047057,greedy,0,0,1,-22,-0.64
2,balanced_minus_collected,panel_7,0,1047058,greedy,0,0,1,-18,-0.75
2,balanced_minus_collected,panel_7,0,1047059,greedy,0,0,1,-22,-0.6875
2,balanced_minus_collected,panel_7,0,1047060,greedy,0,0,0,0,0.0
2,balanced_minus_collected,panel_7,0,1047062,greedy,0,1,0,0,-0.03125
2,balanced_minus_collected,panel_7,0,1047063,greedy,0,0,0,0,0.0
2,balanced_minus_collected,panel_7,0,1047064,greedy,0,1,0,-6,0.060096153846153855
2,balanced_minus_collected,panel_7,1,1047000,greedy,0,-1,0,3,-0.07112068965517238
2,balanced_minus_collected,panel_7,1,1047001,greedy,0,0,0,-2,-0.5722222222222222
2,balanced_minus_collected,panel_7,1,1047002,greedy,0,0,1,-19,-0.6195652173913043
2,balanced_minus_collected,panel_7,1,1047003,greedy,0,0,1,-30,-0.8125
2,balanced_minus_collected,panel_7,1,1047004,greedy,0,0,0,-2,0.0
2,balanced_minus_collected,panel_7,1,1047005,greedy,0,0,0,-1,-0.3162393162393162
2,balanced_minus_collected,panel_7,1,1047006,greedy,0,0,0,0,0.0
2,balanced_minus_collected,panel_7,1,1047007,greedy,0,0,0,-2,0.28148148148148155
2,balanced_minus_collected,panel_7,1,1047008,greedy,0,0,0,0,0.0
2,balanced_minus_collected,panel_7,1,1047009,greedy,0,0,0,0,0.0
2,balanced_minus_collected,panel_7,1,1047010,greedy,0,0,0,5,0.08771929824561397
2,balanced_minus_collected,panel_7,1,1047011,greedy,0,0,0,0,0.0
2,balanced_minus_collected,panel_7,1,1047012,greedy,0,0,1,-20,-0.5641025641025641
2,balanced_minus_collected,panel_7,1,1047013,greedy,0,0,0,0,0.0
2,balanced_minus_collected,panel_7,1,1047014,greedy,0,0,0,0,0.0
2,balanced_minus_collected,panel_7,1,1047015,greedy,0,0,-1,22,0.9166666666666666
2,balanced_minus_collected,panel_7,1,1047016,greedy,0,0,0,0,0.0
2,balanced_minus_collected,panel_7,1,1047017,greedy,0,0,0,2,0.028846153846153855
2,balanced_minus_collected,panel_7,1,1047018,greedy,0,0,0,0,0.0
2,balanced_minus_collected,panel_7,1,1047019,greedy,0,1,1,-22,-0.46875
2,balanced_minus_collected,panel_7,1,1047020,greedy,0,0,-1,18,0.0
2,balanced_minus_collected,panel_7,1,1047021,greedy,0,0,0,0,0.0
2,balanced_minus_collected,panel_7,1,1047022,greedy,0,-1,0,4,0.1160714285714286
2,balanced_minus_collected,panel_7,1,1047023,greedy,0,1,1,-28,-1.0
2,balanced_minus_collected,panel_7,1,1047024,greedy,0,0,-1,25,0.18518518518518517
2,balanced_minus_collected,panel_7,1,1047025,greedy,0,0,1,-14,-0.8235294117647058
2,balanced_minus_collected,panel_7,1,1047026,greedy,0,0,-1,18,0.9
2,balanced_minus_collected,panel_7,1,1047027,greedy,0,0,1,-7,-0.3
2,balanced_minus_collected,panel_7,1,1047028,greedy,0,0,-1,22,0.9565217391304348
2,balanced_minus_collected,panel_7,1,1047029,greedy,0,0,1,-26,-0.8387096774193549
2,balanced_minus_collected,panel_7,1,1047030,greedy,0,0,-1,23,0.8214285714285714
2,balanced_minus_collected,panel_7,1,1047031,greedy,0,0,0,0,0.0
2,balanced_minus_collected,panel_7,1,1047032,greedy,0,1,0,-2,0.23541666666666672
2,balanced_minus_collected,panel_7,1,1047033,greedy,0,0,0,4,0.10833333333333339
2,balanced_minus_collected,panel_7,1,1047034,greedy,0,0,1,-18,-0.21052631578947367
2,balanced_minus_collected,panel_7,1,1047035,greedy,0,0,0,-9,-0.84375
2,balanced_minus_collected,panel_7,1,1047036,greedy,0,0,0,0,0.1875
2,balanced_minus_collected,panel_7,1,1047037,greedy,0,0,0,-16,-0.125
2,balanced_minus_collected,panel_7,1,1047038,greedy,0,0,0,0,0.0
2,balanced_minus_collected,panel_7,1,1047039,greedy,0,0,0,0,0.0
2,balanced_minus_collected,panel_7,1,1047040,greedy,0,0,-1,21,0.5555555555555556
2,balanced_minus_collected,panel_7,1,1047041,greedy,0,0,0,0,0.0
2,balanced_minus_collected,panel_7,1,1047042,greedy,0,0,0,0,0.0
2,balanced_minus_collected,panel_7,1,1047043,greedy,0,0,0,-20,-0.2678571428571429
2,balanced_minus_collected,panel_7,1,1047044,greedy,0,0,0,0,0.0
2,balanced_minus_collected,panel_7,1,1047045,greedy,0,0,0,0,0.3125
2,balanced_minus_collected,panel_7,1,1047046,greedy,0,0,0,0,0.0
2,balanced_minus_collected,panel_7,1,1047047,greedy,0,1,0,-7,-0.05625000000000002
2,balanced_minus_collected,panel_7,1,1047048,greedy,0,0,1,-24,-0.6666666666666666
2,balanced_minus_collected,panel_7,1,1047049,greedy,0,0,0,0,0.0
2,balanced_minus_collected,panel_7,1,1047050,greedy,0,0,-1,25,0.32142857142857145
2,balanced_minus_collected,panel_7,1,1047051,greedy,0,0,0,0,0.0
2,balanced_minus_collected,panel_7,1,1047052,greedy,0,0,0,0,-0.0625
2,balanced_minus_collected,panel_7,1,1047053,greedy,0,0,1,-10,0.0
2,balanced_minus_collected,panel_7,1,1047054,greedy,0,0,-1,20,0.8333333333333334
2,balanced_minus_collected,panel_7,1,1047055,greedy,0,-1,0,8,0.125
2,balanced_minus_collected,panel_7,1,1047056,greedy,0,0,0,-5,0.36538461538461536
2,balanced_minus_collected,panel_7,1,1047057,greedy,0,0,0,0,-0.24
2,balanced_minus_collected,panel_7,1,1047058,greedy,0,0,-1,15,0.5238095238095238
2,balanced_minus_collected,panel_7,1,1047059,greedy,0,-1,0,6,0.16826923076923073
2,balanced_minus_collected,panel_7,1,1047060,greedy,0,0,0,0,-0.03125
2,balanced_minus_collected,panel_7,1,1047062,greedy,0,0,0,19,-0.0026881720430107503
2,balanced_minus_collected,panel_7,1,1047063,greedy,0,0,0,0,0.3125
2,balanced_minus_collected,panel_7,1,1047064,greedy,0,0,0,5,0.23958333333333337
2,balanced_minus_collected,panel_7,2,1047000,greedy,0,-1,0,14,0.5
2,balanced_minus_collected,panel_7,2,1047001,greedy,0,0,1,-8,0.0
2,balanced_minus_collected,panel_7,2,1047002,greedy,0,-1,0,8,-0.15625
2,balanced_minus_collected,panel_7,2,1047003,greedy,0,0,-1,22,0.0
2,balanced_minus_collected,panel_7,2,1047004,greedy,0,-1,-1,26,0.75
2,balanced_minus_collected,panel_7,2,1047005,greedy,0,0,1,-17,-0.8095238095238095
2,balanced_minus_collected,panel_7,2,1047006,greedy,0,1,1,-28,-0.9375
2,balanced_minus_collected,panel_7,2,1047007,greedy,0,0,0,3,0.40450928381962864
2,balanced_minus_collected,panel_7,2,1047008,greedy,0,0,0,-18,-0.8888888888888888
2,balanced_minus_collected,panel_7,2,1047009,greedy,0,0,0,0,0.06666666666666665
2,balanced_minus_collected,panel_7,2,1047010,greedy,0,-1,0,3,0.08836206896551724
2,balanced_minus_collected,panel_7,2,1047011,greedy,0,0,0,0,0.0
2,balanced_minus_collected,panel_7,2,1047012,greedy,0,-1,0,3,0.1411637931034483
2,balanced_minus_collected,panel_7,2,1047013,greedy,0,0,0,-1,-0.25
2,balanced_minus_collected,panel_7,2,1047014,greedy,0,-1,-1,27,0.875
2,balanced_minus_collected,panel_7,2,1047015,greedy,0,0,-1,23,0.92
2,balanced_minus_collected,panel_7,2,1047016,greedy,0,0,-1,23,0.7916666666666666
2,balanced_minus_collected,panel_7,2,1047017,greedy,0,0,-1,17,0.7727272727272727
2,balanced_minus_collected,panel_7,2,1047018,greedy,0,0,0,0,0.0
2,balanced_minus_collected,panel_7,2,1047019,greedy,0,-1,0,7,0.10624999999999996
2,balanced_minus_collected,panel_7,2,1047020,greedy,0,0,1,-27,-0.7241379310344828
2,balanced_minus_collected,panel_7,2,1047021,greedy,0,0,1,-2,0.0
2,balanced_minus_collected,panel_7,2,1047022,greedy,0,-1,0,3,0.23275862068965514
2,balanced_minus_collected,panel_7,2,1047023,greedy,0,1,1,-28,-0.9375
2,balanced_minus_collected,panel_7,2,1047024,greedy,0,0,0,0,0.0
2,balanced_minus_collected,panel_7,2,1047025,greedy,0,-1,0,5,0.04861111111111116
2,balanced_minus_collected,panel_7,2,1047026,greedy,0,0,0,1,0.3333333333333333
2,balanced_minus_collected,panel_7,2,1047027,greedy,0,0,0,0,0.0
2,balanced_minus_collected,panel_7,2,1047028,greedy,0,0,0,0,0.0
2,balanced_minus_collected,panel_7,2,1047029,greedy,0,0,-1,6,0.5454545454545454
2,balanced_minus_collected,panel_7,2,1047030,greedy,0,0,0,0,-0.6875
2,balanced_minus_collected,panel_7,2,1047031,greedy,0,0,1,-21,-0.9130434782608695
2,balanced_minus_collected,panel_7,2,1047032,greedy,0,1,0,-4,-0.0848214285714286
2,balanced_minus_collected,panel_7,2,1047033,greedy,0,0,0,0,0.0
2,balanced_minus_collected,panel_7,2,1047034,greedy,0,0,1,-22,-0.9565217391304348
2,balanced_minus_collected,panel_7,2,1047035,greedy,0,0,-1,8,0.38095238095238093
2,balanced_minus_collected,panel_7,2,1047036,greedy,0,0,0,0,-0.4375
2,balanced_minus_collected,panel_7,2,1047037,greedy,0,1,0,-3,0.3103448275862069
2,balanced_minus_collected,panel_7,2,1047038,greedy,0,0,0,0,0.0
2,balanced_minus_collected,panel_7,2,1047039,greedy,0,0,1,-20,0.0
2,balanced_minus_collected,panel_7,2,1047040,greedy,0,0,0,0,0.0
2,balanced_minus_collected,panel_7,2,1047041,greedy,0,-1,-1,22,0.56875
2,balanced_minus_collected,panel_7,2,1047042,greedy,0,0,-1,14,0.875
2,balanced_minus_collected,panel_7,2,1047043,greedy,0,0,1,-28,-0.9032258064516129
2,balanced_minus_collected,panel_7,2,1047044,greedy,0,0,-1,19,0.7727272727272727
2,balanced_minus_collected,panel_7,2,1047045,greedy,0,-1,0,8,0.13541666666666663
2,balanced_minus_collected,panel_7,2,1047046,greedy,0,0,0,0,0.0
2,balanced_minus_collected,panel_7,2,1047047,greedy,0,-1,0,4,0.2544642857142857
2,balanced_minus_collected,panel_7,2,1047048,greedy,0,0,1,-18,0.0
2,balanced_minus_collected,panel_7,2,1047049,greedy,0,0,0,0,0.0
2,balanced_minus_collected,panel_7,2,1047050,greedy,0,0,-1,18,0.7619047619047619
2,balanced_minus_collected,panel_7,2,1047051,greedy,0,0,0,0,0.125
2,balanced_minus_collected,panel_7,2,1047052,greedy,0,-1,0,4,0.44642857142857145
2,balanced_minus_collected,panel_7,2,1047053,greedy,0,0,1,-19,-0.13043478260869565
2,balanced_minus_collected,panel_7,2,1047054,greedy,0,-1,0,0,-0.09375
2,balanced_minus_collected,panel_7,2,1047055,greedy,0,1,0,-12,-0.08750000000000002
2,balanced_minus_collected,panel_7,2,1047056,greedy,0,0,0,0,0.0
2,balanced_minus_collected,panel_7,2,1047057,greedy,0,0,0,-9,-0.6071428571428571
2,balanced_minus_collected,panel_7,2,1047058,greedy,0,0,1,-19,-0.76
2,balanced_minus_collected,panel_7,2,1047059,greedy,0,-1,-1,26,0.9375
2,balanced_minus_collected,panel_7,2,1047060,greedy,0,-1,0,0,0.375
2,balanced_minus_collected,panel_7,2,1047062,greedy,0,0,-1,23,0.6071428571428571
2,balanced_minus_collected,panel_7,2,1047063,greedy,0,0,0,0,-0.375
2,balanced_minus_collected,panel_7,2,1047064,greedy,0,-1,-1,29,0.375
3,balanced_minus_collected,panel_0,0,1040000,greedy,0,0,0,0,0.0
3,balanced_minus_collected,panel_0,0,1040001,greedy,0,0,0,0,-0.03125
3,balanced_minus_collected,panel_0,0,1040002,greedy,0,0,0,0,0.0
3,balanced_minus_collected,panel_0,0,1040003,greedy,0,-1,0,1,-0.6814516129032258
3,balanced_minus_collected,panel_0,0,1040004,greedy,0,0,0,0,0.0
3,balanced_minus_collected,panel_0,0,1040005,greedy,0,0,-1,2,0.0
3,balanced_minus_collected,panel_0,0,1040006,greedy,0,0,1,-8,0.0
3,balanced_minus_collected,panel_0,0,1040007,greedy,0,0,0,-3,-0.42857142857142855
3,balanced_minus_collected,panel_0,0,1040008,greedy,0,0,0,13,-0.5
3,balanced_minus_collected,panel_0,0,1040009,greedy,0,0,0,0,0.0
3,balanced_minus_collected,panel_0,0,1040010,greedy,0,0,0,0,0.0625
3,balanced_minus_collected,panel_0,0,1040011,greedy,0,-1,0,2,0.08124999999999999
3,balanced_minus_collected,panel_0,0,1040012,greedy,0,0,0,0,0.0
3,balanced_minus_collected,panel_0,0,1040013,greedy,0,-1,0,11,0.14434523809523814
3,balanced_minus_collected,panel_0,0,1040014,greedy,0,0,1,-24,-0.4444444444444444
3,balanced_minus_collected,panel_0,0,1040015,greedy,0,0,0,3,-0.6555555555555554
3,balanced_minus_collected,panel_0,0,1040017,greedy,0,0,0,-18,0.0
3,balanced_minus_collected,panel_0,0,1040018,greedy,0,0,0,3,-0.16487068965517238
3,balanced_minus_collected,panel_0,0,1040019,greedy,0,1,0,-5,0.31712962962962965
3,balanced_minus_collected,panel_0,0,1040020,greedy,0,0,1,-26,-0.8125
3,balanced_minus_collected,panel_0,0,1040021,greedy,0,1,0,-5,-0.04861111111111116
3,balanced_minus_collected,panel_0,0,1040022,greedy,0,0,0,1,-0.06833333333333336
3,balanced_minus_collected,panel_0,0,1040023,greedy,0,1,1,-31,-0.03125
3,balanced_minus_collected,panel_0,0,1040024,greedy,0,0,-1,24,0.0
3,balanced_minus_collected,panel_0,0,1040025,greedy,0,1,0,-9,-0.3410326086956522
3,balanced_minus_collected,panel_0,0,1040026,greedy,0,0,1,-23,-0.28
3,balanced_minus_collected,panel_0,0,1040027,greedy,0,0,0,10,0.5436507936507936
3,balanced_minus_collected,panel_0,0,1040028,greedy,0,0,-1,27,0.9
3,balanced_minus_collected,panel_0,0,1040029,greedy,0,-1,-1,28,0.625
3,balanced_minus_collected,panel_0,0,1040030,greedy,0,0,-1,19,0.05833333333333329
3,balanced_minus_collected,panel_0,0,1040031,greedy,0,0,1,-6,-0.75
3,balanced_minus_collected,panel_0,0,1040032,greedy,0,0,1,-5,-0.14285714285714285
3,balanced_minus_collected,panel_0,0,1040033,greedy,0,0,0,10,0.06666666666666665
3,balanced_minus_collected,panel_0,0,1040034,greedy,0,0,-1,15,0.55
3,balanced_minus_collected,panel_0,0,1040035,greedy,0,0,1,-26,-0.9285714285714286
3,balanced_minus_collected,panel_0,0,1040036,greedy,0,0,1,-24,-0.8571428571428571
3,balanced_minus_collected,panel_0,0,1040037,greedy,0,0,1,-18,-0.8181818181818182
3,balanced_minus_collected,panel_0,0,1040038,greedy,0,0,0,0,0.0
3,balanced_minus_collected,panel_0,0,1040039,greedy,0,0,-1,13,0.7222222222222222
3,balanced_minus_collected,panel_0,0,1040040,greedy,0,0,1,-24,-0.5384615384615384
3,balanced_minus_collected,panel_0,0,1040041,greedy,0,0,0,0,0.0
3,balanced_minus_collected,panel_0,0,1040042,greedy,0,0,1,-9,-0.6428571428571429
3,balanced_minus_collected,panel_0,0,1040043,greedy,0,0,0,3,-0.6981818181818182
3,balanced_minus_collected,panel_0,0,1040044,greedy,0,0,1,-24,-0.8571428571428571
3,balanced_minus_collected,panel_0,0,1040045,greedy,0,0,1,-23,-0.8846153846153846
3,balanced_minus_collected,panel_0,0,1040046,greedy,0,0,-1,27,0.9
3,balanced_minus_collected,panel_0,0,1040047,greedy,0,1,0,-6,0.3629807692307693
3,balanced_minus_collected,panel_0,0,1040048,greedy,0,0,1,-12,-0.8571428571428571
3,balanced_minus_collected,panel_0,0,1040049,greedy,0,1,0,-9,-0.30434782608695654
3,balanced_minus_collected,panel_0,0,1040050,greedy,0,-1,-1,24,0.53125
3,balanced_minus_collected,panel_0,0,1040051,greedy,0,0,1,-23,-0.92
3,balanced_minus_collected,panel_0,0,1040052,greedy,0,0,0,0,0.0
3,balanced_minus_collected,panel_0,0,1040053,greedy,0,0,0,-6,0.1768421052631578
3,balanced_minus_collected,panel_0,0,1040054,greedy,0,0,0,0,0.0
3,balanced_minus_collected,panel_0,0,1040055,greedy,0,0,-1,22,0.5833333333333334
3,balanced_minus_collected,panel_0,0,1040056,greedy,0,0,-1,21,0.8076923076923077
3,balanced_minus_collected,panel_0,0,1040057,greedy,0,0,1,-26,-0.9629629629629629
3,balanced_minus_collected,panel_0,0,1040058,greedy,0,0,0,0,0.0
3,balanced_minus_collected,panel_0,0,1040059,greedy,0,1,0,-10,-0.15056818181818177
3,balanced_minus_collected,panel_0,0,1040060,greedy,0,0,1,-6,0.0
3,balanced_minus_collected,panel_0,0,1040061,greedy,0,1,0,-17,-1.0
3,balanced_minus_collected,panel_0,0,1040062,greedy,0,0,0,0,0.0
3,balanced_minus_collected,panel_0,0,1040063,greedy,0,0,0,0,0.0
3,balanced_minus_collected,panel_0,0,1040064,greedy,0,0,1,-7,-0.23333333333333328
3,balanced_minus_collected,panel_0,1,1040000,greedy,0,0,0,0,0.0
3,balanced_minus_collected,panel_0,1,1040001,greedy,0,-1,0,7,0.6575
3,balanced_minus_collected,panel_0,1,1040002,greedy,0,0,0,0,0.0
3,balanced_minus_collected,panel_0,1,1040003,greedy,0,0,0,0,0.0
3,balanced_minus_collected,panel_0,1,1040004,greedy,0,0,0,0,0.0
3,balanced_minus_collected,panel_0,1,1040005,greedy,0,0,0,0,0.0
3,balanced_minus_collected,panel_0,1,1040006,greedy,0,0,0,0,0.0
3,balanced_minus_collected,panel_0,1,1040007,greedy,0,0,1,-26,-0.6666666666666666
3,balanced_minus_collected,panel_0,1,1040008,greedy,0,0,-1,24,0.0
3,balanced_minus_collected,panel_0,1,1040009,greedy,0,0,0,0,0.0
3,balanced_minus_collected,panel_0,1,1040010,greedy,0,-1,0,7,-0.26875000000000004
3,balanced_minus_collected,panel_0,1,1040011,greedy,0,-1,0,7,0.28874999999999995
3,balanced_minus_collected,panel_0,1,1040012,greedy,0,0,0,0,0.0
3,balanced_minus_collected,panel_0,1,1040013,greedy,0,0,0,0,0.5
3,balanced_minus_collected,panel_0,1,1040014,greedy,0,0,0,0,0.0
3,balanced_minus_collected,panel_0,1,1040015,greedy,0,0,0,4,0.013392857142857095
3,balanced_minus_collected,panel_0,1,1040017,greedy,0,1,1,-28,-0.96875
3,balanced_minus_collected,panel_0,1,1040018,greedy,0,0,0,3,-0.017241379310344807
3,balanced_minus_collected,panel_0,1,1040019,greedy,0,1,0,-1,-0.8407258064516129
3,balanced_minus_collected,panel_0,1,1040020,greedy,0,0,0,6,0.043269230769230727
3,balanced_minus_collected,panel_0,1,1040021,greedy,0,0,0,-18,-0.3085714285714286
3,balanced_minus_collected,panel_0,1,1040022,greedy,0,0,0,-1,0.2834757834757835
3,balanced_minus_collected,panel_0,1,1040023,greedy,0,0,1,-11,-0.9166666666666666
3,balanced_minus_collected,panel_0,1,1040024,greedy,0,0,0,4,0.6060606060606061
3,balanced_minus_collected,panel_0,1,1040025,greedy,0,0,-1,12,0.023715415019762875
3,balanced_minus_collected,panel_0,1,1040026,greedy,0,0,0,0,0.0
3,balanced_minus_collected,panel_0,1,1040027,greedy,0,-1,-1,29,0.78125
3,balanced_minus_collected,panel_0,1,1040028,greedy,0,0,1,-13,-0.8125
3,balanced_minus_collected,panel_0,1,1040029,greedy,0,-1,0,0,0.0625
3,balanced_minus_collected,panel_0,1,1040030,greedy,0,1,0,-7,-0.28
3,balanced_minus_collected,panel_0,1,1040031,greedy,0,0,0,-12,-0.09486166007905128
3,balanced_minus_collected,panel_0,1,1040032,greedy,0,0,-1,24,0.8461538461538461
3,balanced_minus_collected,panel_0,1,1040033,greedy,0,0,-1,24,0.8571428571428571
3,balanced_minus_collected,panel_0,1,1040034,greedy,0,0,0,12,0.5217391304347826
3,balanced_minus_collected,panel_0,1,1040035,greedy,0,-1,0,18,1.0
3,balanced_minus_collected,panel_0,1,1040036,greedy,0,0,1,-26,0.0
3,balanced_minus_collected,panel_0,1,1040037,greedy,0,0,-1,20,0.0
3,balanced_minus_collected,panel_0,1,1040038,greedy,0,0,0,0,0.0
3,balanced_minus_collected,panel_0,1,1040039,greedy,0,0,0,0,0.0
3,balanced_minus_collected,panel_0,1,1040040,greedy,0,0,0,22,0.8571428571428571
3,balanced_minus_collected,panel_0,1,1040041,greedy,0,0,0,0,0.0
3,balanced_minus_collected,panel_0,1,1040042,greedy,0,-1,0,8,0.6770833333333333
3,balanced_minus_collected,panel_0,1,1040043,greedy,0,0,1,-18,0.0
3,balanced_minus_collected,panel_0,1,1040044,greedy,0,0,0,1,0.030303030303030276
3,balanced_minus_collected,panel_0,1,1040045,greedy,0,0,0,0,0.0
3,balanced_minus_collected,panel_0,1,1040046,greedy,0,0,0,0,0.0
3,balanced_minus_collected,panel_0,1,1040047,greedy,0,0,-1,23,0.8518518518518519
3,balanced_minus_collected,panel_0,1,1040048,greedy,0,0,0,0,0.0
3,balanced_minus_collected,panel_0,1,1040049,greedy,0,-1,0,6,0.29807692307692313
3,balanced_minus_collected,panel_0,1,1040050,greedy,0,0,0,0,0.03125
3,balanced_minus_collected,panel_0,1,1040051,greedy,0,0,0,0,0.0
3,balanced_minus_collected,panel_0,1,1040052,greedy,0,0,0,0,0.0
3,balanced_minus_collected,panel_0,1,1040053,greedy,0,1,0,-20,-0.41666666666666663
3,balanced_minus_collected,panel_0,1,1040054,greedy,0,0,0,4,0.019323671497584516
3,balanced_minus_collected,panel_0,1,1040055,greedy,0,-1,-1,30,0.0
3,balanced_minus_collected,panel_0,1,1040056,greedy,0,0,1,-21,-0.7307692307692307
3,balanced_minus_collected,panel_0,1,1040057,greedy,0,0,0,0,0.0
3,balanced_minus_collected,panel_0,1,1040058,greedy,0,0,0,0,0.0
3,balanced_minus_collected,panel_0,1,1040059,greedy,0,-1,0,4,0.6116071428571428
3,balanced_minus_collected,panel_0,1,1040060,greedy,0,0,0,2,0.0
3,balanced_minus_collected,panel_0,1,1040061,greedy,0,0,0,0,-0.1428571428571428
3,balanced_minus_collected,panel_0,1,1040062,greedy,0,0,0,0,0.0
3,balanced_minus_collected,panel_0,1,1040063,greedy,0,0,1,-10,-0.8333333333333334
3,balanced_minus_collected,panel_0,1,1040064,greedy,0,0,0,-3,-0.05769230769230771
3,balanced_minus_collected,panel_0,2,1040000,greedy,0,1,1,-28,-0.90625
3,balanced_minus_collected,panel_0,2,1040001,greedy,0,-1,0,7,0.72
3,balanced_minus_collected,panel_0,2,1040002,greedy,0,0,1,-8,0.0
3,balanced_minus_collected,panel_0,2,1040003,greedy,0,0,0,-2,-0.08571428571428574
3,balanced_minus_collected,panel_0,2,1040004,greedy,0,0,0,0,0.0
3,balanced_minus_collected,panel_0,2,1040005,greedy,0,0,0,0,0.0
3,balanced_minus_collected,panel_0,2,1040006,greedy,0,0,1,-26,-0.07407407407407407
3,balanced_minus_collected,panel_0,2,1040007,greedy,0,0,0,-4,-0.5
3,balanced_minus_collected,panel_0,2,1040008,greedy,0,0,-1,2,0.0
3,balanced_minus_collected,panel_0,2,1040009,greedy,0,0,-1,26,0.8571428571428571
3,balanced_minus_collected,panel_0,2,1040010,greedy,0,0,0,0,0.0
3,balanced_minus_collected,panel_0,2,1040011,greedy,0,0,1,-23,-0.6296296296296297
3,balanced_minus_collected,panel_0,2,1040012,greedy,0,0,0,0,0.0
3,balanced_minus_collected,panel_0,2,1040013,greedy,0,0,0,0,0.6875
3,balanced_minus_collected,panel_0,2,1040014,greedy,0,-1,-1,29,0.875
3,balanced_minus_collected,panel_0,2,1040015,greedy,0,0,0,-3,-0.011936339522546469
3,balanced_minus_collected,panel_0,2,1040017,greedy,0,1,0,-4,-0.1205357142857143
3,balanced_minus_collected,panel_0,2,1040018,greedy,0,0,0,8,-0.04285714285714293
3,balanced_minus_collected,panel_0,2,1040019,greedy,0,0,0,0,-0.25
3,balanced_minus_collected,panel_0,2,1040020,greedy,0,0,0,0,0.0
3,balanced_minus_collected,panel_0,2,1040021,greedy,0,0,1,-25,-0.8928571428571429
3,balanced_minus_collected,panel_0,2,1040022,greedy,0,0,0,0,-0.125
3,balanced_minus_collected,panel_0,2,1040023,greedy,0,0,-1,28,0.9655172413793104
3,balanced_minus_collected,panel_0,2,1040024,greedy,0,0,0,5,0.7533333333333334
3,balanced_minus_collected,panel_0,2,1040025,greedy,0,0,0,0,0.0625
3,balanced_minus_collected,panel_0,2,1040026,greedy,0,0,0,-2,0.0
3,balanced_minus_collected,panel_0,2,1040027,greedy,0,0,0,-2,-0.1696428571428571
3,balanced_minus_collected,panel_0,2,1040028,greedy,0,0,0,-1,-0.005434782608695676
3,balanced_minus_collected,panel_0,2,1040029,greedy,0,-1,-1,28,0.5625
3,balanced_minus_collected,panel_0,2,1040030,greedy,0,0,1,-27,-0.8333333333333334
3,balanced_minus_collected,panel_0,2,1040031,greedy,0,1,0,-11,0.46726190476190477
3,balanced_minus_collected,panel_0,2,1040032,greedy,0,0,0,0,0.0
3,balanced_minus_collected,panel_0,2,1040033,greedy,0,0,-1,20,0.8333333333333334
3,balanced_minus_collected,panel_0,2,1040034,greedy,0,0,0,0,0.0
3,balanced_minus_collected,panel_0,2,1040035,greedy,0,0,0,10,-0.19047619047619047
3,balanced_minus_collected,panel_0,2,1040036,greedy,0,0,0,0,0.0
3,balanced_minus_collected,panel_0,2,1040037,greedy,0,1,0,-6,-0.5072115384615384
3,balanced_minus_collected,panel_0,2,1040038,greedy,0,-1,0,15,0.11764705882352944
3,balanced_minus_collected,panel_0,2,1040039,greedy,0,0,0,4,0.0
3,balanced_minus_collected,panel_0,2,1040040,greedy,0,0,0,0,0.0
3,balanced_minus_collected,panel_0,2,1040041,greedy,0,0,-1,22,0.46153846153846156
3,balanced_minus_collected,panel_0,2,1040042,greedy,0,0,-1,19,0.625
3,balanced_minus_collected,panel_0,2,1040043,greedy,0,0,0,14,-0.560919540229885
3,balanced_minus_collected,panel_0,2,1040044,greedy,0,1,1,-28,-0.6875
3,balanced_minus_collected,panel_0,2,1040045,greedy,0,0,0,-3,-0.5
3,balanced_minus_collected,panel_0,2,1040046,greedy,0,1,1,-29,-0.65625
3,balanced_minus_collected,panel_0,2,1040047,greedy,0,0,1,-9,-0.6923076923076923
3,balanced_minus_collected,panel_0,2,1040048,greedy,0,0,0,0,0.0
3,balanced_minus_collected,panel_0,2,1040049,greedy,0,-1,0,8,0.16666666666666663
3,balanced_minus_collected,panel_0,2,1040050,greedy,0,1,0,-11,-0.23809523809523814
3,balanced_minus_collected,panel_0,2,1040051,greedy,0,0,-1,25,0.9259259259259259
3,balanced_minus_collected,panel_0,2,1040052,greedy,0,0,0,0,0.0
3,balanced_minus_collected,panel_0,2,1040053,greedy,0,1,0,-2,-0.43333333333333335
3,balanced_minus_collected,panel_0,2,1040054,greedy,0,1,1,-29,-1.0
3,balanced_minus_collected,panel_0,2,1040055,greedy,0,0,1,-14,-0.875
3,balanced_minus_collected,panel_0,2,1040056,greedy,0,0,-1,23,0.8214285714285714
3,balanced_minus_collected,panel_0,2,1040057,greedy,0,0,0,-1,-0.5
3,balanced_minus_collected,panel_0,2,1040058,greedy,0,0,1,-22,0.0
3,balanced_minus_collected,panel_0,2,1040059,greedy,0,0,0,-2,0.8461538461538461
3,balanced_minus_collected,panel_0,2,1040060,greedy,0,0,0,0,0.0
3,balanced_minus_collected,panel_0,2,1040061,greedy,0,0,0,4,-0.6171428571428571
3,balanced_minus_collected,panel_0,2,1040062,greedy,0,0,0,0,0.0
3,balanced_minus_collected,panel_0,2,1040063,greedy,0,0,1,-28,-0.9333333333333333
3,balanced_minus_collected,panel_0,2,1040064,greedy,0,0,1,-14,-0.3333333333333333
3,balanced_minus_collected,panel_1,0,1041000,greedy,0,0,0,0,0.0
3,balanced_minus_collected,panel_1,0,1041001,greedy,0,-1,0,17,-0.44791666666666663
3,balanced_minus_collected,panel_1,0,1041002,greedy,0,0,0,6,0.5
3,balanced_minus_collected,panel_1,0,1041003,greedy,0,0,-1,26,0.0
3,balanced_minus_collected,panel_1,0,1041004,greedy,0,1,0,-5,-0.23379629629629628
3,balanced_minus_collected,panel_1,0,1041005,greedy,0,0,0,0,0.0
3,balanced_minus_collected,panel_1,0,1041006,greedy,0,0,0,0,0.0
3,balanced_minus_collected,panel_1,0,1041007,greedy,0,0,-1,10,0.8571428571428571
3,balanced_minus_collected,panel_1,0,1041008,greedy,0,0,-1,26,0.20689655172413793
3,balanced_minus_collected,panel_1,0,1041009,greedy,0,0,-1,2,0.101010101010101
3,balanced_minus_collected,panel_1,0,1041010,greedy,0,0,0,0,0.03125
3,balanced_minus_collected,panel_1,0,1041011,greedy,0,0,0,0,0.0
3,balanced_minus_collected,panel_1,0,1041012,greedy,0,1,0,-5,-0.33333333333333337
3,balanced_minus_collected,panel_1,0,1041013,greedy,0,0,-1,25,0.1724137931034483
3,balanced_minus_collected,panel_1,0,1041014,greedy,0,0,0,0,0.0
3,balanced_minus_collected,panel_1,0,1041015,greedy,0,0,0,1,0.00952380952380949
3,balanced_minus_collected,panel_1,0,1041016,greedy,0,0,-1,24,0.0
3,balanced_minus_collected,panel_1,0,1041017,greedy,0,0,0,0,0.5
3,balanced_minus_collected,panel_1,0,1041018,greedy,0,0,0,1,0.08876811594202905
3,balanced_minus_collected,panel_1,0,1041019,greedy,0,0,0,0,0.0
3,balanced_minus_collected,panel_1,0,1041020,greedy,0,0,1,-22,-0.8333333333333334
3,balanced_minus_collected,panel_1,0,1041021,greedy,0,0,0,0,-0.03125
3,balanced_minus_collected,panel_1,0,1041022,greedy,0,0,0,-2,0.0
3,balanced_minus_collected,panel_1,0,1041023,greedy,0,-1,0,18,0.6116071428571428
3,balanced_minus_collected,panel_1,0,1041024,greedy,0,0,0,0,-0.53125
3,balanced_minus_collected,panel_1,0,1041025,greedy,0,0,0,0,-0.0625
3,balanced_minus_collected,panel_1,0,1041026,greedy,0,0,0,0,0.0
3,balanced_minus_collected,panel_1,0,1041027,greedy,0,0,0,0,0.21875
3,balanced_minus_collected,panel_1,0,1041028,greedy,0,0,-1,20,0.88
3,balanced_minus_collected,panel_1,0,1041029,greedy,0,0,0,-6,-0.021164021164021163
3,balanced_minus_collected,panel_1,0,1041030,greedy,0,0,1,-25,-0.8064516129032258
3,balanced_minus_collected,panel_1,0,1041031,greedy,0,0,0,-2,0.0
3,balanced_minus_collected,panel_1,0,1041032,greedy,0,0,0,-4,0.0
3,balanced_minus_collected,panel_1,0,1041033,greedy,0,0,0,6,-0.6153846153846154
3,balanced_minus_collected,panel_1,0,1041034,greedy,0,0,0,-14,-0.23863636363636365
3,balanced_minus_collected,panel_1,0,1041035,greedy,0,0,0,0,0.0
3,balanced_minus_collected,panel_1,0,1041036,greedy,0,0,0,0,0.0
3,balanced_minus_collected,panel_1,0,1041037,greedy,0,1,0,0,-0.125
3,balanced_minus_collected,panel_1,0,1041038,greedy,0,0,0,0,0.125
3,balanced_minus_collected,panel_1,0,1041039,greedy,0,0,0,12,0.125
3,balanced_minus_collected,panel_1,0,1041040,greedy,0,1,0,-2,-0.07499999999999996
3,balanced_minus_collected,panel_1,0,1041041,greedy,0,0,0,0,0.17391304347826086
3,balanced_minus_collected,panel_1,0,1041042,greedy,0,0,-1,15,0.7894736842105263
3,balanced_minus_collected,panel_1,0,1041043,greedy,0,1,0,-5,-0.18518518518518523
3,balanced_minus_collected,panel_1,0,1041044,greedy,0,0,0,5,0.18045112781954886
3,balanced_minus_collected,panel_1,0,1041045,greedy,0,0,0,1,-0.7409420289855073
3,balanced_minus_collected,panel_1,0,1041046,greedy,0,0,0,0,-0.03125
3,balanced_minus_collected,panel_1,0,1041047,greedy,0,0,-1,21,-0.5
3,balanced_minus_collected,panel_1,0,1041048,greedy,0,0,0,0,-0.15625
3,balanced_minus_collected,panel_1,0,1041049,greedy,0,0,0,0,0.0
3,balanced_minus_collected,panel_1,0,1041050,greedy,0,0,0,19,0.15322580645161288
3,balanced_minus_collected,panel_1,0,1041051,greedy,0,0,-1,22,0.0
3,balanced_minus_collected,panel_1,0,1041052,greedy,0,0,0,0,-0.1875
3,balanced_minus_collected,panel_1,0,1041053,greedy,0,0,-1,23,0.7931034482758621
3,balanced_minus_collected,panel_1,0,1041054,greedy,0,0,0,0,0.4
3,balanced_minus_collected,panel_1,0,1041055,greedy,0,0,0,0,0.0
3,balanced_minus_collected,panel_1,0,1041056,greedy,0,0,0,0,0.0
3,balanced_minus_collected,panel_1,0,1041057,greedy,0,0,0,0,0.03125
3,balanced_minus_collected,panel_1,0,1041058,greedy,0,0,0,0,0.0
3,balanced_minus_collected,panel_1,0,1041059,greedy,0,1,1,-24,-0.59375
3,balanced_minus_collected,panel_1,0,1041060,greedy,0,0,0,0,0.0
3,balanced_minus_collected,panel_1,0,1041061,greedy,0,0,0,0,0.0
3,balanced_minus_collected,panel_1,0,1041062,greedy,0,0,-1,21,0.84
3,balanced_minus_collected,panel_1,0,1041063,greedy,0,-1,0,13,0.305921052631579
3,balanced_minus_collected,panel_1,1,1041000,greedy,0,0,0,0,0.0
3,balanced_minus_collected,panel_1,1,1041001,greedy,0,1,0,-8,-0.39583333333333337
3,balanced_minus_collected,panel_1,1,1041002,greedy,0,0,0,0,0.0
3,balanced_minus_collected,panel_1,1,1041003,greedy,0,0,0,0,0.0
3,balanced_minus_collected,panel_1,1,1041004,greedy,0,0,0,-1,-0.00952380952380949
3,balanced_minus_collected,panel_1,1,1041005,greedy,0,-1,-1,28,0.71875
3,balanced_minus_collected,panel_1,1,1041006,greedy,0,0,0,0,0.03125
3,balanced_minus_collected,panel_1,1,1041007,greedy,0,0,0,0,0.0
3,balanced_minus_collected,panel_1,1,1041008,greedy,0,0,-1,24,0.37037037037037035
3,balanced_minus_collected,panel_1,1,1041009,greedy,0,0,0,0,0.0
3,balanced_minus_collected,panel_1,1,1041010,greedy,0,0,0,0,-0.3125
3,balanced_minus_collected,panel_1,1,1041011,greedy,0,0,0,0,0.0
3,balanced_minus_collected,panel_1,1,1041012,greedy,0,-1,0,8,0.25
3,balanced_minus_collected,panel_1,1,1041013,greedy,0,0,0,0,0.0
3,balanced_minus_collected,panel_1,1,1041014,greedy,0,0,0,0,0.0
3,balanced_minus_collected,panel_1,1,1041015,greedy,0,0,1,-12,-0.75
3,balanced_minus_collected,panel_1,1,1041016,greedy,0,1,0,-7,-0.21250000000000002
3,balanced_minus_collected,panel_1,1,1041017,greedy,0,0,0,-3,-0.062211981566820285
3,balanced_minus_collected,panel_1,1,1041018,greedy,0,0,0,4,0.017857142857142905
3,balanced_minus_collected,panel_1,1,1041019,greedy,0,0,1,-10,-0.7692307692307693
3,balanced_minus_collected,panel_1,1,1041020,greedy,0,0,-1,17,0.47368421052631576
3,balanced_minus_collected,panel_1,1,1041021,greedy,0,1,0,-5,-0.5416666666666667
3,balanced_minus_collected,panel_1,1,1041022,greedy,0,0,0,1,0.0043290043290042934
3,balanced_minus_collected,panel_1,1,1041023,greedy,0,1,0,-21,-0.2982954545454546
3,balanced_minus_collected,panel_1,1,1041024,greedy,0,0,0,0,0.5625
3,balanced_minus_collected,panel_1,1,1041025,greedy,0,0,1,-24,-0.7586206896551724
3,balanced_minus_collected,panel_1,1,1041026,greedy,0,0,1,-6,-0.75
3,balanced_minus_collected,panel_1,1,1041027,greedy,0,-1,-1,25,0.65625
3,balanced_minus_collected,panel_1,1,1041028,greedy,0,0,0,0,0.0
3,balanced_minus_collected,panel_1,1,1041029,greedy,0,0,-1,12,0.8571428571428571
3,balanced_minus_collected,panel_1,1,1041030,greedy,0,-1,0,4,0.7321428571428572
3,balanced_minus_collected,panel_1,1,1041031,greedy,0,0,-1,4,0.0
3,balanced_minus_collected,panel_1,1,1041032,greedy,0,0,-1,27,0.8709677419354839
3,balanced_minus_collected,panel_1,1,1041033,greedy,0,0,0,0,0.0
3,balanced_minus_collected,panel_1,1,1041034,greedy,0,0,1,-20,0.0
3,balanced_minus_collected,panel_1,1,1041035,greedy,0,0,0,0,0.0
3,balanced_minus_collected,panel_1,1,1041036,greedy,0,0,1,-9,-0.6923076923076923
3,balanced_minus_collected,panel_1,1,1041037,greedy,0,0,-1,26,0.896551724137931
3,balanced_minus_collected,panel_1,1,1041038,greedy,0,0,0,0,-0.25
3,balanced_minus_collected,panel_1,1,1041039,greedy,0,0,1,-13,-0.75
3,balanced_minus_collected,panel_1,1,1041040,greedy,0,-1,0,18,0.3973214285714286
3,balanced_minus_collected,panel_1,1,1041041,greedy,0,0,0,0,0.0
3,balanced_minus_collected,panel_1,1,1041042,greedy,0,0,0,-6,0.21894736842105267
3,balanced_minus_collected,panel_1,1,1041043,greedy,0,0,0,0,-0.0625
3,balanced_minus_collected,panel_1,1,1041044,greedy,0,0,0,14,-0.12560386473429952
3,balanced_minus_collected,panel_1,1,1041045,greedy,0,0,0,18,0.46394984326018807
3,balanced_minus_collected,panel_1,1,1041046,greedy,0,0,0,0,-0.125
3,balanced_minus_collected,panel_1,1,1041047,greedy,0,0,0,0,0.0
3,balanced_minus_collected,panel_1,1,1041048,greedy,0,0,0,5,-0.25
3,balanced_minus_collected,panel_1,1,1041049,greedy,0,0,0,0,0.0
3,balanced_minus_collected,panel_1,1,1041050,greedy,0,0,-1,27,0.9
3,balanced_minus_collected,panel_1,1,1041051,greedy,0,0,0,-14,-0.8888888888888888
3,balanced_minus_collected,panel_1,1,1041052,greedy,0,0,0,0,0.0
3,balanced_minus_collected,panel_1,1,1041053,greedy,0,1,0,-10,0.008522727272727293
3,balanced_minus_collected,panel_1,1,1041054,greedy,0,1,1,-20,-0.375
3,balanced_minus_collected,panel_1,1,1041055,greedy,0,1,1,-30,-0.90625
3,balanced_minus_collected,panel_1,1,1041056,greedy,0,0,0,0,0.0
3,balanced_minus_collected,panel_1,1,1041057,greedy,0,0,0,0,0.0
3,balanced_minus_collected,panel_1,1,1041058,greedy,0,0,-1,11,0.6111111111111112
3,balanced_minus_collected,panel_1,1,1041059,greedy,0,1,0,0,-0.28125
3,balanced_minus_collected,panel_1,1,1041060,greedy,0,0,0,0,0.0
3,balanced_minus_collected,panel_1,1,1041061,greedy,0,0,0,-25,-0.2666666666666667
3,balanced_minus_collected,panel_1,1,1041062,greedy,0,-1,0,5,0.4131944444444444
3,balanced_minus_collected,panel_1,1,1041063,greedy,0,1,0,0,-0.21875
3,balanced_minus_collected,panel_1,2,1041000,greedy,0,0,0,0,0.0
3,balanced_minus_collected,panel_1,2,1041001,greedy,0,-1,-1,27,0.90625
3,balanced_minus_collected,panel_1,2,1041002,greedy,0,0,0,-1,-0.14285714285714285
3,balanced_minus_collected,panel_1,2,1041003,greedy,0,0,0,0,0.0
3,balanced_minus_collected,panel_1,2,1041004,greedy,0,1,0,-7,-0.06625000000000003
3,balanced_minus_collected,panel_1,2,1041005,greedy,0,1,0,-12,-0.125
3,balanced_minus_collected,panel_1,2,1041006,greedy,0,-1,0,7,0.6487499999999999
3,balanced_minus_collected,panel_1,2,1041007,greedy,0,0,-1,6,0.75
3,balanced_minus_collected,panel_1,2,1041008,greedy,0,0,0,0,0.0
3,balanced_minus_collected,panel_1,2,1041009,greedy,0,0,0,3,0.375
3,balanced_minus_collected,panel_1,2,1041010,greedy,0,0,0,0,-0.0625
3,balanced_minus_collected,panel_1,2,1041011,greedy,0,0,0,0,0.0
3,balanced_minus_collected,panel_1,2,1041012,greedy,0,1,1,-20,-0.75
3,balanced_minus_collected,panel_1,2,1041013,greedy,0,0,0,0,-0.21875
3,balanced_minus_collected,panel_1,2,1041014,greedy,0,0,1,-24,-0.16
3,balanced_minus_collected,panel_1,2,1041015,greedy,0,0,1,-20,-0.2857142857142857
3,balanced_minus_collected,panel_1,2,1041016,greedy,0,0,0,5,-0.14666666666666672
3,balanced_minus_collected,panel_1,2,1041017,greedy,0,1,0,-10,-0.6931818181818181
3,balanced_minus_collected,panel_1,2,1041018,greedy,0,0,0,0,0.0
3,balanced_minus_collected,panel_1,2,1041019,greedy,0,0,0,-2,0.0
3,balanced_minus_collected,panel_1,2,1041020,greedy,0,0,0,-14,0.34942528735632183
3,balanced_minus_collected,panel_1,2,1041021,greedy,0,0,0,0,0.09375
3,balanced_minus_collected,panel_1,2,1041022,greedy,0,0,0,-3,-0.4537037037037037
3,balanced_minus_collected,panel_1,2,1041023,greedy,0,1,0,-6,-0.5144230769230769
3,balanced_minus_collected,panel_1,2,1041024,greedy,0,-1,0,14,-0.06597222222222221
3,balanced_minus_collected,panel_1,2,1041025,greedy,0,0,0,0,0.0
3,balanced_minus_collected,panel_1,2,1041026,greedy,0,0,0,0,0.0
3,balanced_minus_collected,panel_1,2,1041027,greedy,0,0,1,-13,0.23863636363636365
3,balanced_minus_collected,panel_1,2,1041028,greedy,0,-1,0,25,0.3348214285714286
3,balanced_minus_collected,panel_1,2,1041029,greedy,0,0,0,0,0.0
3,balanced_minus_collected,panel_1,2,1041030,greedy,0,1,1,-26,-0.96875
3,balanced_minus_collected,panel_1,2,1041031,greedy,0,0,0,0,0.0
3,balanced_minus_collected,panel_1,2,1041032,greedy,0,1,0,0,0.4375
3,balanced_minus_collected,panel_1,2,1041033,greedy,0,-1,-1,22,0.40625
3,balanced_minus_collected,panel_1,2,1041034,greedy,0,0,-1,22,0.1071428571428571
3,balanced_minus_collected,panel_1,2,1041035,greedy,0,0,0,0,0.0
3,balanced_minus_collected,panel_1,2,1041036,greedy,0,0,-1,28,0.0
3,balanced_minus_collected,panel_1,2,1041037,greedy,0,1,1,-29,-1.0
3,balanced_minus_collected,panel_1,2,1041038,greedy,0,0,0,0,-0.3125
3,balanced_minus_collected,panel_1,2,1041039,greedy,0,0,-1,22,0.6666666666666666
3,balanced_minus_collected,panel_1,2,1041040,greedy,0,0,-1,21,0.7777777777777778
3,balanced_minus_collected,panel_1,2,1041041,greedy,0,0,1,-24,-0.8888888888888888
3,balanced_minus_collected,panel_1,2,1041042,greedy,0,0,0,0,0.0
3,balanced_minus_collected,panel_1,2,1041043,greedy,0,1,0,-7,-0.42625
3,balanced_minus_collected,panel_1,2,1041044,greedy,0,0,0,-15,-0.9047619047619048
3,balanced_minus_collected,panel_1,2,1041045,greedy,0,0,0,-12,-0.782608695652174
3,balanced_minus_collected,panel_1,2,1041046,greedy,0,1,0,-3,-0.2068965517241379
3,balanced_minus_collected,panel_1,2,1041047,greedy,0,0,1,-22,0.0
3,balanced_minus_collected,panel_1,2,1041048,greedy,0,0,0,0,0.0
3,balanced_minus_collected,panel_1,2,1041049,greedy,0,0,0,0,0.0
3,balanced_minus_collected,panel_1,2,1041050,greedy,0,0,0,-2,-0.4
3,balanced_minus_collected,panel_1,2,1041051,greedy,0,0,0,0,0.15625
3,balanced_minus_collected,panel_1,2,1041052,greedy,0,0,0,0,-0.0625
3,balanced_minus_collected,panel_1,2,1041053,greedy,0,0,0,2,0.09777777777777774
3,balanced_minus_collected,panel_1,2,1041054,greedy,0,0,-1,21,0.7777777777777778
3,balanced_minus_collected,panel_1,2,1041055,greedy,0,0,0,2,0.8059259259259259
3,balanced_minus_collected,panel_1,2,1041056,greedy,0,0,0,0,0.0
3,balanced_minus_collected,panel_1,2,1041057,greedy,0,0,0,0,0.0
3,balanced_minus_collected,panel_1,2,1041058,greedy,0,0,-1,26,0.7741935483870968
3,balanced_minus_collected,panel_1,2,1041059,greedy,0,0,-1,24,0.6875
3,balanced_minus_collected,panel_1,2,1041060,greedy,0,0,0,-2,0.0
3,balanced_minus_collected,panel_1,2,1041061,greedy,0,0,0,-19,-0.31666666666666665
3,balanced_minus_collected,panel_1,2,1041062,greedy,0,1,1,-28,-0.96875
3,balanced_minus_collected,panel_1,2,1041063,greedy,0,0,0,6,-0.09718670076726343
3,balanced_minus_collected,panel_2,0,1042000,greedy,0,-1,-1,27,0.0625
3,balanced_minus_collected,panel_2,0,1042001,greedy,0,0,-1,14,0.9333333333333333
3,balanced_minus_collected,panel_2,0,1042002,greedy,0,0,0,0,0.25
3,balanced_minus_collected,panel_2,0,1042003,greedy,0,1,1,-28,-0.90625
3,balanced_minus_collected,panel_2,0,1042004,greedy,0,0,0,12,0.0
3,balanced_minus_collected,panel_2,0,1042005,greedy,0,0,-1,9,0.23076923076923078
3,balanced_minus_collected,panel_2,0,1042006,greedy,0,0,-1,20,0.88
3,balanced_minus_collected,panel_2,0,1042007,greedy,0,0,1,-11,-0.7857142857142857
3,balanced_minus_collected,panel_2,0,1042008,greedy,0,0,0,0,0.0
3,balanced_minus_collected,panel_2,0,1042010,greedy,0,0,0,0,0.0
3,balanced_minus_collected,panel_2,0,1042011,greedy,0,0,0,0,0.0
3,balanced_minus_collected,panel_2,0,1042012,greedy,0,0,0,6,-0.32792207792207795
3,balanced_minus_collected,panel_2,0,1042013,greedy,0,0,0,0,0.0
3,balanced_minus_collected,panel_2,0,1042014,greedy,0,0,0,0,0.0
3,balanced_minus_collected,panel_2,0,1042015,greedy,0,0,0,1,0.2
3,balanced_minus_collected,panel_2,0,1042017,greedy,0,0,0,2,0.0
3,balanced_minus_collected,panel_2,0,1042018,greedy,0,-1,0,10,0.22443181818181823
3,balanced_minus_collected,panel_2,0,1042019,greedy,0,0,0,-17,-0.3090909090909091
3,balanced_minus_collected,panel_2,0,1042020,greedy,0,0,0,6,0.6666666666666666
3,balanced_minus_collected,panel_2,0,1042021,greedy,0,0,0,0,0.0
3,balanced_minus_collected,panel_2,0,1042022,greedy,0,-1,0,16,0.34375
3,balanced_minus_collected,panel_2,0,1042023,greedy,0,-1,0,28,-0.28125
3,balanced_minus_collected,panel_2,0,1042024,greedy,0,1,0,-4,-0.2544642857142857
3,balanced_minus_collected,panel_2,0,1042025,greedy,0,0,0,0,0.2962962962962963
3,balanced_minus_collected,panel_2,0,1042026,greedy,0,0,0,7,-0.1300940438871473
3,balanced_minus_collected,panel_2,0,1042027,greedy,0,0,1,-6,0.0
3,balanced_minus_collected,panel_2,0,1042028,greedy,0,0,0,-16,0.2619047619047619
3,balanced_minus_collected,panel_2,0,1042029,greedy,0,0,0,0,0.0
3,balanced_minus_collected,panel_2,0,1042030,greedy,0,0,0,8,0.2735042735042734
3,balanced_minus_collected,panel_2,0,1042031,greedy,0,0,0,1,0.008547008547008517
3,balanced_minus_collected,panel_2,0,1042032,greedy,0,0,0,0,0.03125
3,balanced_minus_collected,panel_2,0,1042033,greedy,0,0,0,0,0.0
3,balanced_minus_collected,panel_2,0,1042034,greedy,0,0,1,-24,-0.8
3,balanced_minus_collected,panel_2,0,1042035,greedy,0,0,0,0,0.0
3,balanced_minus_collected,panel_2,0,1042036,greedy,0,0,0,0,0.0
3,balanced_minus_collected,panel_2,0,1042037,greedy,0,0,0,0,-0.125
3,balanced_minus_collected,panel_2,0,1042038,greedy,0,0,-1,26,0.0
3,balanced_minus_collected,panel_2,0,1042039,greedy,0,0,0,0,0.15625
3,balanced_minus_collected,panel_2,0,1042040,greedy,0,0,1,-14,-0.75
3,balanced_minus_collected,panel_2,0,1042041,greedy,0,0,-1,4,0.6666666666666666
3,balanced_minus_collected,panel_2,0,1042042,greedy,0,0,0,0,0.09375
3,balanced_minus_collected,panel_2,0,1042043,greedy,0,0,0,-13,-0.423076923076923
3,balanced_minus_collected,panel_2,0,1042044,greedy,0,0,0,0,-0.125
3,balanced_minus_collected,panel_2,0,1042045,greedy,0,-1,0,10,0.8153409090909091
3,balanced_minus_collected,panel_2,0,1042046,greedy,0,0,0,0,0.0625
3,balanced_minus_collected,panel_2,0,1042047,greedy,0,0,-1,5,0.7142857142857143
3,balanced_minus_collected,panel_2,0,1042048,greedy,0,1,1,-29,-0.96875
3,balanced_minus_collected,panel_2,0,1042049,greedy,0,0,0,0,0.0
3,balanced_minus_collected,panel_2,0,1042050,greedy,0,0,0,0,0.0
3,balanced_minus_collected,panel_2,0,1042051,greedy,0,0,0,-2,0.0
3,balanced_minus_collected,panel_2,0,1042052,greedy,0,0,1,-22,-0.43478260869565216
3,balanced_minus_collected,panel_2,0,1042053,greedy,0,0,0,-5,-0.5333333333333332
3,balanced_minus_collected,panel_2,0,1042054,greedy,0,0,0,0,0.0
3,balanced_minus_collected,panel_2,0,1042055,greedy,0,0,0,-2,0.0
3,balanced_minus_collected,panel_2,0,1042056,greedy,0,0,1,-26,-0.8666666666666667
3,balanced_minus_collected,panel_2,0,1042057,greedy,0,0,1,-6,0.0
3,balanced_minus_collected,panel_2,0,1042058,greedy,0,1,1,-27,-0.96875
3,balanced_minus_collected,panel_2,0,1042059,greedy,0,0,0,0,0.0
3,balanced_minus_collected,panel_2,0,1042060,greedy,0,0,0,0,0.0
3,balanced_minus_collected,panel_2,0,1042061,greedy,0,0,0,0,0.03125
3,balanced_minus_collected,panel_2,0,1042062,greedy,0,0,0,2,0.37037037037037035
3,balanced_minus_collected,panel_2,0,1042063,greedy,0,-1,0,18,0.3660714285714286
3,balanced_minus_collected,panel_2,0,1042064,greedy,0,0,0,0,0.0
3,balanced_minus_collected,panel_2,0,1042065,greedy,0,0,0,13,0.12380952380952381
3,balanced_minus_collected,panel_2,1,1042000,greedy,0,0,0,3,-0.09792626728110598
3,balanced_minus_collected,panel_2,1,1042001,greedy,0,1,0,-15,-0.05882352941176472
3,balanced_minus_collected,panel_2,1,1042002,greedy,0,1,0,0,-0.65625
3,balanced_minus_collected,panel_2,1,1042003,greedy,0,0,1,-21,-0.76
3,balanced_minus_collected,panel_2,1,1042004,greedy,0,0,0,0,0.0
3,balanced_minus_collected,panel_2,1,1042005,greedy,0,0,-1,6,0.6
3,balanced_minus_collected,panel_2,1,1042006,greedy,0,0,-1,24,0.2222222222222222
3,balanced_minus_collected,panel_2,1,1042007,greedy,0,0,1,-10,0.0
3,balanced_minus_collected,panel_2,1,1042008,greedy,0,0,0,0,0.0
3,balanced_minus_collected,panel_2,1,1042010,greedy,0,1,1,-29,-0.9375
3,balanced_minus_collected,panel_2,1,1042011,greedy,0,0,0,0,0.0
3,balanced_minus_collected,panel_2,1,1042012,greedy,0,0,1,-3,-0.3214285714285714
3,balanced_minus_collected,panel_2,1,1042013,greedy,0,0,0,0,0.0
3,balanced_minus_collected,panel_2,1,1042014,greedy,0,0,0,0,0.0
3,balanced_minus_collected,panel_2,1,1042015,greedy,0,0,0,0,0.0
3,balanced_minus_collected,panel_2,1,1042017,greedy,0,0,0,0,0.0
3,balanced_minus_collected,panel_2,1,1042018,greedy,0,1,1,-27,-0.78125
3,balanced_minus_collected,panel_2,1,1042019,greedy,0,0,0,2,0.0
3,balanced_minus_collected,panel_2,1,1042020,greedy,0,0,0,0,0.0
3,balanced_minus_collected,panel_2,1,1042021,greedy,0,0,0,0,0.0
3,balanced_minus_collected,panel_2,1,1042022,greedy,0,1,0,-10,-0.22443181818181823
3,balanced_minus_collected,panel_2,1,1042023,greedy,0,0,0,-17,-0.05519480519480524
3,balanced_minus_collected,panel_2,1,1042024,greedy,0,0,0,17,-0.1384615384615384
3,balanced_minus_collected,panel_2,1,1042025,greedy,0,1,1,-28,-0.84375
3,balanced_minus_collected,panel_2,1,1042026,greedy,0,1,1,-25,-0.90625
3,balanced_minus_collected,panel_2,1,1042027,greedy,0,0,0,9,0.08082706766917291
3,balanced_minus_collected,panel_2,1,1042028,greedy,0,0,0,0,0.0
3,balanced_minus_collected,panel_2,1,1042029,greedy,0,0,1,-25,-0.6071428571428571
3,balanced_minus_collected,panel_2,1,1042030,greedy,0,-1,0,24,-0.34375
3,balanced_minus_collected,panel_2,1,1042031,greedy,0,0,1,-28,-0.625
3,balanced_minus_collected,panel_2,1,1042032,greedy,0,0,0,0,-0.03125
3,balanced_minus_collected,panel_2,1,1042033,greedy,0,0,0,0,0.0
3,balanced_minus_collected,panel_2,1,1042034,greedy,0,1,0,-29,0.0
3,balanced_minus_collected,panel_2,1,1042035,greedy,0,0,1,-21,-0.47
3,balanced_minus_collected,panel_2,1,1042036,greedy,0,0,-1,2,0.6666666666666666
3,balanced_minus_collected,panel_2,1,1042037,greedy,0,1,0,-1,-0.10080645161290325
3,balanced_minus_collected,panel_2,1,1042038,greedy,0,0,0,0,0.0
3,balanced_minus_collected,panel_2,1,1042039,greedy,0,0,0,0,0.53125
3,balanced_minus_collected,panel_2,1,1042040,greedy,0,0,0,0,0.0
3,balanced_minus_collected,panel_2,1,1042041,greedy,0,0,0,2,0.0
3,balanced_minus_collected,panel_2,1,1042042,greedy,0,1,0,-7,-0.38125
3,balanced_minus_collected,panel_2,1,1042043,greedy,0,0,1,-21,-0.875
3,balanced_minus_collected,panel_2,1,1042044,greedy,0,-1,0,10,0.2414772727272727
3,balanced_minus_collected,panel_2,1,1042045,greedy,0,0,0,0,0.03125
3,balanced_minus_collected,panel_2,1,1042046,greedy,0,0,0,0,-0.09375
3,balanced_minus_collected,panel_2,1,1042047,greedy,0,1,1,-30,-1.0
3,balanced_minus_collected,panel_2,1,1042048,greedy,0,0,1,-22,-0.4888888888888888
3,balanced_minus_collected,panel_2,1,1042049,greedy,0,0,0,0,0.0
3,balanced_minus_collected,panel_2,1,1042050,greedy,0,0,0,0,0.0
3,balanced_minus_collected,panel_2,1,1042051,greedy,0,0,1,-6,0.0
3,balanced_minus_collected,panel_2,1,1042052,greedy,0,0,0,0,0.0
3,balanced_minus_collected,panel_2,1,1042053,greedy,0,0,1,-14,0.0
3,balanced_minus_collected,panel_2,1,1042054,greedy,0,0,-1,24,0.0
3,balanced_minus_collected,panel_2,1,1042055,greedy,0,0,-1,6,0.6666666666666666
3,balanced_minus_collected,panel_2,1,1042056,greedy,0,0,0,8,0.07529411764705884
3,balanced_minus_collected,panel_2,1,1042057,greedy,0,0,0,8,0.11721611721611724
3,balanced_minus_collected,panel_2,1,1042058,greedy,0,0,0,11,0.09649122807017552
3,balanced_minus_collected,panel_2,1,1042059,greedy,0,0,0,0,0.0
3,balanced_minus_collected,panel_2,1,1042060,greedy,0,0,0,0,0.0
3,balanced_minus_collected,panel_2,1,1042061,greedy,0,-1,0,12,-0.08125000000000004
3,balanced_minus_collected,panel_2,1,1042062,greedy,0,0,0,-2,0.0
3,balanced_minus_collected,panel_2,1,1042063,greedy,0,1,0,-8,-0.1875
3,balanced_minus_collected,panel_2,1,1042064,greedy,0,1,1,-19,-0.6153846153846154
3,balanced_minus_collected,panel_2,1,1042065,greedy,0,0,0,-3,-0.02006688963210701
3,balanced_minus_collected,panel_2,2,1042000,greedy,0,0,0,0,0.3125
3,balanced_minus_collected,panel_2,2,1042001,greedy,0,0,0,-10,-0.35317460317460314
3,balanced_minus_collected,panel_2,2,1042002,greedy,0,0,1,-17,-0.6818181818181818
3,balanced_minus_collected,panel_2,2,1042003,greedy,0,0,-1,20,0.5
3,balanced_minus_collected,panel_2,2,1042004,greedy,0,0,-1,26,0.2222222222222222
3,balanced_minus_collected,panel_2,2,1042005,greedy,0,0,0,3,0.5672727272727273
3,balanced_minus_collected,panel_2,2,1042006,greedy,0,0,0,0,0.0
3,balanced_minus_collected,panel_2,2,1042007,greedy,0,0,0,0,0.0
3,balanced_minus_collected,panel_2,2,1042008,greedy,0,0,0,-2,0.0
3,balanced_minus_collected,panel_2,2,1042010,greedy,0,0,-1,26,0.896551724137931
3,balanced_minus_collected,panel_2,2,1042011,greedy,0,0,0,0,0.0
3,balanced_minus_collected,panel_2,2,1042012,greedy,0,0,0,18,0.16927899686520376
3,balanced_minus_collected,panel_2,2,1042013,greedy,0,0,1,-23,-0.8076923076923077
3,balanced_minus_collected,panel_2,2,1042014,greedy,0,0,-1,25,0.9615384615384616
3,balanced_minus_collected,panel_2,2,1042015,greedy,0,0,0,0,0.0
3,balanced_minus_collected,panel_2,2,1042017,greedy,0,0,0,0,0.0
3,balanced_minus_collected,panel_2,2,1042018,greedy,0,0,0,0,-0.4375
3,balanced_minus_collected,panel_2,2,1042019,greedy,0,0,-1,21,0.30434782608695654
3,balanced_minus_collected,panel_2,2,1042020,greedy,0,0,0,20,0.2666666666666667
3,balanced_minus_collected,panel_2,2,1042021,greedy,0,0,1,-2,0.0
3,balanced_minus_collected,panel_2,2,1042022,greedy,0,1,0,-4,-0.49107142857142855
3,balanced_minus_collected,panel_2,2,1042023,greedy,0,0,-1,3,0.75
3,balanced_minus_collected,panel_2,2,1042024,greedy,0,1,0,-3,-0.2068965517241379
3,balanced_minus_collected,panel_2,2,1042025,greedy,0,1,0,-7,-0.09750000000000003
3,balanced_minus_collected,panel_2,2,1042026,greedy,0,0,-1,4,0.14583333333333331
3,balanced_minus_collected,panel_2,2,1042027,greedy,0,0,-1,6,0.0
3,balanced_minus_collected,panel_2,2,1042028,greedy,0,0,0,0,0.0
3,balanced_minus_collected,panel_2,2,1042029,greedy,0,0,1,-26,-0.7586206896551724
3,balanced_minus_collected,panel_2,2,1042030,greedy,0,0,1,-28,-0.7741935483870968
3,balanced_minus_collected,panel_2,2,1042031,greedy,0,0,0,1,-0.3333333333333333
3,balanced_minus_collected,panel_2,2,1042032,greedy,0,1,0,-4,-1.0
3,balanced_minus_collected,panel_2,2,1042033,greedy,0,0,0,2,0.0
3,balanced_minus_collected,panel_2,2,1042034,greedy,0,0,0,0,0.0
3,balanced_minus_collected,panel_2,2,1042035,greedy,0,0,0,0,0.0
3,balanced_minus_collected,panel_2,2,1042036,greedy,0,0,0,0,0.0
3,balanced_minus_collected,panel_2,2,1042037,greedy,0,-1,0,6,0.20673076923076927
3,balanced_minus_collected,panel_2,2,1042038,greedy,0,0,0,18,0.8888888888888888
3,balanced_minus_collected,panel_2,2,1042039,greedy,0,0,0,0,-0.09375
3,balanced_minus_collected,panel_2,2,1042040,greedy,0,0,-1,6,0.75
3,balanced_minus_collected,panel_2,2,1042041,greedy,0,0,0,0,0.0
3,balanced_minus_collected,panel_2,2,1042042,greedy,0,0,0,0,0.0625
3,balanced_minus_collected,panel_2,2,1042043,greedy,0,1,0,-8,-0.45833333333333337
3,balanced_minus_collected,panel_2,2,1042044,greedy,0,0,0,5,-0.039999999999999925
3,balanced_minus_collected,panel_2,2,1042045,greedy,0,0,0,0,0.125
3,balanced_minus_collected,panel_2,2,1042046,greedy,0,0,0,0,0.03125
3,balanced_minus_collected,panel_2,2,1042047,greedy,0,0,-1,28,0.9375
3,balanced_minus_collected,panel_2,2,1042048,greedy,0,0,0,0,0.1875
3,balanced_minus_collected,panel_2,2,1042049,greedy,0,0,1,-27,-0.6071428571428571
3,balanced_minus_collected,panel_2,2,1042050,greedy,0,0,0,0,0.0
3,balanced_minus_collected,panel_2,2,1042051,greedy,0,0,-1,25,0.9259259259259259
3,balanced_minus_collected,panel_2,2,1042052,greedy,0,0,0,0,0.0
3,balanced_minus_collected,panel_2,2,1042053,greedy,0,0,0,-16,0.6
3,balanced_minus_collected,panel_2,2,1042054,greedy,0,0,-1,8,0.0
3,balanced_minus_collected,panel_2,2,1042055,greedy,0,0,0,1,-0.07083333333333333
3,balanced_minus_collected,panel_2,2,1042056,greedy,0,1,0,-8,-0.16666666666666663
3,balanced_minus_collected,panel_2,2,1042057,greedy,0,1,0,-3,-0.21336206896551724
3,balanced_minus_collected,panel_2,2,1042058,greedy,0,1,0,-4,-0.0625
3,balanced_minus_collected,panel_2,2,1042059,greedy,0,0,0,0,0.0
3,balanced_minus_collected,panel_2,2,1042060,greedy,0,-1,-1,29,0.96875
3,balanced_minus_collected,panel_2,2,1042061,greedy,0,0,-1,14,0.7777777777777778
3,balanced_minus_collected,panel_2,2,1042062,greedy,0,0,-1,10,0.0
3,balanced_minus_collected,panel_2,2,1042063,greedy,0,1,1,-26,-0.9375
3,balanced_minus_collected,panel_2,2,1042064,greedy,0,0,0,0,0.0625
3,balanced_minus_collected,panel_2,2,1042065,greedy,0,0,0,0,0.0
3,balanced_minus_collected,panel_3,0,1043000,greedy,0,0,0,0,-0.15625
3,balanced_minus_collected,panel_3,0,1043001,greedy,0,0,1,-22,0.0
3,balanced_minus_collected,panel_3,0,1043002,greedy,0,0,0,0,0.0
3,balanced_minus_collected,panel_3,0,1043003,greedy,0,0,1,-19,-0.8636363636363636
3,balanced_minus_collected,panel_3,0,1043004,greedy,0,0,0,0,0.0
3,balanced_minus_collected,panel_3,0,1043005,greedy,0,0,0,10,-0.6533575317604355
3,balanced_minus_collected,panel_3,0,1043006,greedy,0,0,-1,28,0.0
3,balanced_minus_collected,panel_3,0,1043007,greedy,0,0,0,0,0.0
3,balanced_minus_collected,panel_3,0,1043008,greedy,0,0,1,-3,-0.6
3,balanced_minus_collected,panel_3,0,1043009,greedy,0,0,-1,27,0.8928571428571429
3,balanced_minus_collected,panel_3,0,1043010,greedy,0,0,-1,26,0.8666666666666667
3,balanced_minus_collected,panel_3,0,1043011,greedy,0,0,-1,13,0.4666666666666667
3,balanced_minus_collected,panel_3,0,1043012,greedy,0,0,0,0,-0.625
3,balanced_minus_collected,panel_3,0,1043013,greedy,0,0,0,0,0.0
3,balanced_minus_collected,panel_3,0,1043014,greedy,0,0,0,0,0.0
3,balanced_minus_collected,panel_3,0,1043015,greedy,0,0,0,-1,-0.07586206896551728
3,balanced_minus_collected,panel_3,0,1043016,greedy,0,0,1,-8,-0.8
3,balanced_minus_collected,panel_3,0,1043017,greedy,0,0,-1,2,-0.5
3,balanced_minus_collected,panel_3,0,1043018,greedy,0,1,0,-27,-0.36875
3,balanced_minus_collected,panel_3,0,1043019,greedy,0,0,0,0,0.0
3,balanced_minus_collected,panel_3,0,1043020,greedy,0,0,0,0,0.0
3,balanced_minus_collected,panel_3,0,1043021,greedy,0,0,1,-26,0.03125
3,balanced_minus_collected,panel_3,0,1043022,greedy,0,0,0,0,-0.375
3,balanced_minus_collected,panel_3,0,1043023,greedy,0,0,0,0,-0.75
3,balanced_minus_collected,panel_3,0,1043024,greedy,0,1,1,-24,-0.34375
3,balanced_minus_collected,panel_3,0,1043025,greedy,0,0,-1,25,0.7307692307692307
3,balanced_minus_collected,panel_3,0,1043026,greedy,0,1,0,0,-0.15625
3,balanced_minus_collected,panel_3,0,1043027,greedy,0,-1,0,4,0.25
3,balanced_minus_collected,panel_3,0,1043028,greedy,0,0,0,0,0.0625
3,balanced_minus_collected,panel_3,0,1043029,greedy,0,0,1,-12,-0.9230769230769231
3,balanced_minus_collected,panel_3,0,1043030,greedy,0,0,0,0,0.0
3,balanced_minus_collected,panel_3,0,1043031,greedy,0,0,1,-22,0.0
3,balanced_minus_collected,panel_3,0,1043032,greedy,0,0,0,-12,0.0
3,balanced_minus_collected,panel_3,0,1043033,greedy,0,0,1,-10,-0.1871345029239766
3,balanced_minus_collected,panel_3,0,1043034,greedy,0,0,0,14,0.0
3,balanced_minus_collected,panel_3,0,1043035,greedy,0,0,0,0,0.0
3,balanced_minus_collected,panel_3,0,1043036,greedy,0,0,1,-10,-0.9090909090909091
3,balanced_minus_collected,panel_3,0,1043037,greedy,0,0,1,-25,-0.3333333333333333
3,balanced_minus_collected,panel_3,0,1043038,greedy,0,-1,0,11,0.34970238095238093
3,balanced_minus_collected,panel_3,0,1043039,greedy,0,0,-1,10,0.8333333333333334
3,balanced_minus_collected,panel_3,0,1043040,greedy,0,-1,0,0,0.25
3,balanced_minus_collected,panel_3,0,1043041,greedy,0,0,-1,28,0.8666666666666667
3,balanced_minus_collected,panel_3,0,1043042,greedy,0,0,0,0,0.3125
3,balanced_minus_collected,panel_3,0,1043043,greedy,0,0,1,-12,-0.8571428571428571
3,balanced_minus_collected,panel_3,0,1043044,greedy,0,-1,-1,25,0.6205357142857143
3,balanced_minus_collected,panel_3,0,1043045,greedy,0,0,-1,26,0.5161290322580645
3,balanced_minus_collected,panel_3,0,1043046,greedy,0,0,0,0,-0.4375
3,balanced_minus_collected,panel_3,0,1043047,greedy,0,0,1,-18,-0.8
3,balanced_minus_collected,panel_3,0,1043048,greedy,0,0,1,-24,-0.6923076923076923
3,balanced_minus_collected,panel_3,0,1043050,greedy,0,1,0,-6,-0.09134615384615385
3,balanced_minus_collected,panel_3,0,1043051,greedy,0,0,0,0,0.0
3,balanced_minus_collected,panel_3,0,1043052,greedy,0,0,-1,27,0.8620689655172413
3,balanced_minus_collected,panel_3,0,1043053,greedy,0,-1,0,8,0.19791666666666663
3,balanced_minus_collected,panel_3,0,1043054,greedy,0,-1,-1,26,1.0
3,balanced_minus_collected,panel_3,0,1043055,greedy,0,0,0,0,0.0
3,balanced_minus_collected,panel_3,0,1043056,greedy,0,1,0,-5,-0.1909722222222222
3,balanced_minus_collected,panel_3,0,1043057,greedy,0,0,-1,18,-0.5
3,balanced_minus_collected,panel_3,0,1043058,greedy,0,0,0,0,0.0
3,balanced_minus_collected,panel_3,0,1043059,greedy,0,0,-1,4,0.0
3,balanced_minus_collected,panel_3,0,1043060,greedy,0,0,0,0,0.0
3,balanced_minus_collected,panel_3,0,1043061,greedy,0,0,0,0,0.6875
3,balanced_minus_collected,panel_3,0,1043062,greedy,0,0,0,0,0.0625
3,balanced_minus_collected,panel_3,0,1043063,greedy,0,0,1,-4,0.0
3,balanced_minus_collected,panel_3,0,1043064,greedy,0,0,1,-25,-0.8928571428571429
3,balanced_minus_collected,panel_3,1,1043000,greedy,0,0,0,0,0.0625
3,balanced_minus_collected,panel_3,1,1043001,greedy,0,0,0,0,0.0
3,balanced_minus_collected,panel_3,1,1043002,greedy,0,0,0,0,0.0
3,balanced_minus_collected,panel_3,1,1043003,greedy,0,0,0,0,0.0
3,balanced_minus_collected,panel_3,1,1043004,greedy,0,0,0,0,0.0
3,balanced_minus_collected,panel_3,1,1043005,greedy,0,0,1,-20,-0.9090909090909091
3,balanced_minus_collected,panel_3,1,1043006,greedy,0,0,1,-8,0.0
3,balanced_minus_collected,panel_3,1,1043007,greedy,0,0,0,0,0.0
3,balanced_minus_collected,panel_3,1,1043008,greedy,0,0,0,0,0.0
3,balanced_minus_collected,panel_3,1,1043009,greedy,0,0,0,-2,0.7596153846153846
3,balanced_minus_collected,panel_3,1,1043010,greedy,0,1,0,-14,-0.6354166666666667
3,balanced_minus_collected,panel_3,1,1043011,greedy,0,1,1,-30,-1.0
3,balanced_minus_collected,panel_3,1,1043012,greedy,0,0,1,-16,-0.4266666666666667
3,balanced_minus_collected,panel_3,1,1043013,greedy,0,0,0,19,0.007936507936507908
3,balanced_minus_collected,panel_3,1,1043014,greedy,0,0,-1,24,0.8888888888888888
3,balanced_minus_collected,panel_3,1,1043015,greedy,0,-1,0,5,0.39351851851851855
3,balanced_minus_collected,panel_3,1,1043016,greedy,0,1,1,-30,-1.0
3,balanced_minus_collected,panel_3,1,1043017,greedy,0,1,0,-19,0.7524038461538461
3,balanced_minus_collected,panel_3,1,1043018,greedy,0,0,1,-9,-0.8181818181818182
3,balanced_minus_collected,panel_3,1,1043019,greedy,0,0,0,0,0.0
3,balanced_minus_collected,panel_3,1,1043020,greedy,0,0,0,0,0.0
3,balanced_minus_collected,panel_3,1,1043021,greedy,0,1,0,-6,-0.1298076923076923
3,balanced_minus_collected,panel_3,1,1043022,greedy,0,0,1,-27,-0.9310344827586207
3,balanced_minus_collected,panel_3,1,1043023,greedy,0,0,1,-21,-0.8076923076923077
3,balanced_minus_collected,panel_3,1,1043024,greedy,0,0,0,0,-0.25
3,balanced_minus_collected,panel_3,1,1043025,greedy,0,0,0,0,0.0
3,balanced_minus_collected,panel_3,1,1043026,greedy,0,0,0,0,-0.0625
3,balanced_minus_collected,panel_3,1,1043027,greedy,0,0,1,-4,-0.5714285714285714
3,balanced_minus_collected,panel_3,1,1043028,greedy,0,1,0,-1,-0.19354838709677424
3,balanced_minus_collected,panel_3,1,1043029,greedy,0,0,0,0,0.0
3,balanced_minus_collected,panel_3,1,1043030,greedy,0,0,0,0,0.0
3,balanced_minus_collected,panel_3,1,1043031,greedy,0,0,0,0,0.0
3,balanced_minus_collected,panel_3,1,1043032,greedy,0,0,0,-12,0.15384615384615385
3,balanced_minus_collected,panel_3,1,1043033,greedy,0,-1,0,6,0.20673076923076927
3,balanced_minus_collected,panel_3,1,1043034,greedy,0,0,0,0,0.0
3,balanced_minus_collected,panel_3,1,1043035,greedy,0,0,1,-27,-0.9310344827586207
3,balanced_minus_collected,panel_3,1,1043036,greedy,0,0,0,0,0.0
3,balanced_minus_collected,panel_3,1,1043037,greedy,0,0,1,-23,-0.44
3,balanced_minus_collected,panel_3,1,1043038,greedy,0,0,-1,24,0.7857142857142857
3,balanced_minus_collected,panel_3,1,1043039,greedy,0,0,-1,28,0.9333333333333333
3,balanced_minus_collected,panel_3,1,1043040,greedy,0,0,0,0,-0.5625
3,balanced_minus_collected,panel_3,1,1043041,greedy,0,0,-1,25,0.9259259259259259
3,balanced_minus_collected,panel_3,1,1043042,greedy,0,1,0,-6,-0.5841346153846154
3,balanced_minus_collected,panel_3,1,1043043,greedy,0,0,0,18,0.04571428571428571
3,balanced_minus_collected,panel_3,1,1043044,greedy,0,0,1,-13,-0.15
3,balanced_minus_collected,panel_3,1,1043045,greedy,0,0,0,-15,-0.7916666666666666
3,balanced_minus_collected,panel_3,1,1043046,greedy,0,0,0,-1,-0.12137681159420291
3,balanced_minus_collected,panel_3,1,1043047,greedy,0,0,0,0,0.0
3,balanced_minus_collected,panel_3,1,1043048,greedy,0,1,0,-3,-0.5398706896551724
3,balanced_minus_collected,panel_3,1,1043050,greedy,0,0,-1,11,0.1842105263157895
3,balanced_minus_collected,panel_3,1,1043051,greedy,0,0,0,0,0.0
3,balanced_minus_collected,panel_3,1,1043052,greedy,0,0,0,-8,-0.024242424242424288
3,balanced_minus_collected,panel_3,1,1043053,greedy,0,0,0,-5,0.17914438502673796
3,balanced_minus_collected,panel_3,1,1043054,greedy,0,1,1,-22,-0.56875
3,balanced_minus_collected,panel_3,1,1043055,greedy,0,0,0,0,0.0
3,balanced_minus_collected,panel_3,1,1043056,greedy,0,0,0,0,-0.28125
3,balanced_minus_collected,panel_3,1,1043057,greedy,0,0,-1,18,0.5384615384615384
3,balanced_minus_collected,panel_3,1,1043058,greedy,0,0,0,0,0.0
3,balanced_minus_collected,panel_3,1,1043059,greedy,0,0,0,0,0.0
3,balanced_minus_collected,panel_3,1,1043060,greedy,0,0,1,-10,-0.6666666666666666
3,balanced_minus_collected,panel_3,1,1043061,greedy,0,-1,0,4,-0.3571428571428571
3,balanced_minus_collected,panel_3,1,1043062,greedy,0,-1,0,3,0.24137931034482762
3,balanced_minus_collected,panel_3,1,1043063,greedy,0,0,0,0,0.0
3,balanced_minus_collected,panel_3,1,1043064,greedy,0,0,1,-22,-0.32692307692307687
3,balanced_minus_collected,panel_3,2,1043000,greedy,0,0,0,0,0.0
3,balanced_minus_collected,panel_3,2,1043001,greedy,0,0,1,-23,-0.11538461538461539
3,balanced_minus_collected,panel_3,2,1043002,greedy,0,0,0,0,0.0
3,balanced_minus_collected,panel_3,2,1043003,greedy,0,0,0,2,0.0
3,balanced_minus_collected,panel_3,2,1043004,greedy,0,0,0,-2,0.0
3,balanced_minus_collected,panel_3,2,1043005,greedy,0,0,0,0,0.0
3,balanced_minus_collected,panel_3,2,1043006,greedy,0,0,0,0,0.0
3,balanced_minus_collected,panel_3,2,1043007,greedy,0,-1,0,6,0.014423076923076872
3,balanced_minus_collected,panel_3,2,1043008,greedy,0,0,0,0,0.0
3,balanced_minus_collected,panel_3,2,1043009,greedy,0,0,0,0,0.0
3,balanced_minus_collected,panel_3,2,1043010,greedy,0,0,1,-24,-0.5333333333333334
3,balanced_minus_collected,panel_3,2,1043011,greedy,0,0,1,-23,-0.92
3,balanced_minus_collected,panel_3,2,1043012,greedy,0,-1,0,10,0.875
3,balanced_minus_collected,panel_3,2,1043013,greedy,0,0,0,0,0.0
3,balanced_minus_collected,panel_3,2,1043014,greedy,0,1,1,-29,-0.875
3,balanced_minus_collected,panel_3,2,1043015,greedy,0,0,0,0,0.28125
3,balanced_minus_collected,panel_3,2,1043016,greedy,0,0,0,-13,-0.8947368421052632
3,balanced_minus_collected,panel_3,2,1043017,greedy,0,0,1,-4,-0.6666666666666666
3,balanced_minus_collected,panel_3,2,1043018,greedy,0,0,0,0,0.0
3,balanced_minus_collected,panel_3,2,1043019,greedy,0,0,0,0,0.0
3,balanced_minus_collected,panel_3,2,1043020,greedy,0,0,-1,24,0.8461538461538461
3,balanced_minus_collected,panel_3,2,1043021,greedy,0,-1,0,21,-0.07102272727272729
3,balanced_minus_collected,panel_3,2,1043022,greedy,0,-1,0,24,0.09375
3,balanced_minus_collected,panel_3,2,1043023,greedy,0,1,0,-4,-0.2589285714285714
3,balanced_minus_collected,panel_3,2,1043024,greedy,0,0,0,0,0.03125
3,balanced_minus_collected,panel_3,2,1043025,greedy,0,0,0,0,0.0
3,balanced_minus_collected,panel_3,2,1043026,greedy,0,0,0,0,-0.03125
3,balanced_minus_collected,panel_3,2,1043027,greedy,0,1,1,-27,-0.31875
3,balanced_minus_collected,panel_3,2,1043028,greedy,0,0,0,0,0.0
3,balanced_minus_collected,panel_3,2,1043029,greedy,0,0,0,12,-0.44307692307692315
3,balanced_minus_collected,panel_3,2,1043030,greedy,0,0,0,0,0.0
3,balanced_minus_collected,panel_3,2,1043031,greedy,0,0,0,0,0.0
3,balanced_minus_collected,panel_3,2,1043032,greedy,0,1,0,-4,-0.15625
3,balanced_minus_collected,panel_3,2,1043033,greedy,0,0,0,-10,-0.13333333333333341
3,balanced_minus_collected,panel_3,2,1043034,greedy,0,0,-1,2,0.0
3,balanced_minus_collected,panel_3,2,1043035,greedy,0,0,0,0,0.0
3,balanced_minus_collected,panel_3,2,1043036,greedy,0,0,1,-30,-0.967741935483871
3,balanced_minus_collected,panel_3,2,1043037,greedy,0,0,0,0,0.0
3,balanced_minus_collected,panel_3,2,1043038,greedy,0,0,0,-1,-0.32193732193732194
3,balanced_minus_collected,panel_3,2,1043039,greedy,0,0,-1,6,0.0
3,balanced_minus_collected,panel_3,2,1043040,greedy,0,0,0,0,-0.0625
3,balanced_minus_collected,panel_3,2,1043041,greedy,0,0,0,-2,0.0
3,balanced_minus_collected,panel_3,2,1043042,greedy,0,0,0,0,0.03125
3,balanced_minus_collected,panel_3,2,1043043,greedy,0,0,1,-23,-0.92
3,balanced_minus_collected,panel_3,2,1043044,greedy,0,0,-1,7,0.5833333333333334
3,balanced_minus_collected,panel_3,2,1043045,greedy,0,-1,0,14,0.375
3,balanced_minus_collected,panel_3,2,1043046,greedy,0,-1,0,6,0.6514423076923077
3,balanced_minus_collected,panel_3,2,1043047,greedy,0,0,0,0,0.0
3,balanced_minus_collected,panel_3,2,1043048,greedy,0,0,-1,13,0.8666666666666667
3,balanced_minus_collected,panel_3,2,1043050,greedy,0,1,1,-28,-0.96875
3,balanced_minus_collected,panel_3,2,1043051,greedy,0,0,0,0,0.0
3,balanced_minus_collected,panel_3,2,1043052,greedy,0,0,-1,29,0.6129032258064516
3,balanced_minus_collected,panel_3,2,1043053,greedy,0,0,0,1,-0.3603988603988604
3,balanced_minus_collected,panel_3,2,1043054,greedy,0,0,1,-21,-0.25925925925925924
3,balanced_minus_collected,panel_3,2,1043055,greedy,0,0,0,0,0.0
3,balanced_minus_collected,panel_3,2,1043056,greedy,0,1,0,-2,-0.07499999999999996
3,balanced_minus_collected,panel_3,2,1043057,greedy,0,1,1,-28,-0.46875
3,balanced_minus_collected,panel_3,2,1043058,greedy,0,-1,0,6,-0.4230769230769231
3,balanced_minus_collected,panel_3,2,1043059,greedy,0,0,0,0,0.0
3,balanced_minus_collected,panel_3,2,1043060,greedy,0,1,0,-12,-0.125
3,balanced_minus_collected,panel_3,2,1043061,greedy,0,1,1,-28,-0.75
3,balanced_minus_collected,panel_3,2,1043062,greedy,0,0,0,0,0.0
3,balanced_minus_collected,panel_3,2,1043063,greedy,0,0,0,0,0.0
3,balanced_minus_collected,panel_3,2,1043064,greedy,0,-1,0,22,0.26875000000000004
3,balanced_minus_collected,panel_4,0,1044000,greedy,0,1,0,-21,-0.3295454545454546
3,balanced_minus_collected,panel_4,0,1044001,greedy,0,-1,0,3,0.865301724137931
3,balanced_minus_collected,panel_4,0,1044002,greedy,0,-1,0,3,0.5021551724137931
3,balanced_minus_collected,panel_4,0,1044003,greedy,0,1,0,-17,0.20208333333333328
3,balanced_minus_collected,panel_4,0,1044004,greedy,0,0,1,-16,-0.9411764705882353
3,balanced_minus_collected,panel_4,0,1044005,greedy,0,1,1,-28,-0.78125
3,balanced_minus_collected,panel_4,0,1044006,greedy,0,0,0,-4,0.09557945041816007
3,balanced_minus_collected,panel_4,0,1044007,greedy,0,1,0,-11,-0.20684523809523814
3,balanced_minus_collected,panel_4,0,1044008,greedy,0,1,0,-12,-0.11875000000000002
3,balanced_minus_collected,panel_4,0,1044009,greedy,0,1,1,-27,-0.5625
3,balanced_minus_collected,panel_4,0,1044010,greedy,0,1,1,-27,-0.65625
3,balanced_minus_collected,panel_4,0,1044011,greedy,0,0,1,-14,-0.7368421052631579
3,balanced_minus_collected,panel_4,0,1044012,greedy,0,0,0,5,0.07440476190476186
3,balanced_minus_collected,panel_4,0,1044013,greedy,0,-1,0,6,0.019230769230769273
3,balanced_minus_collected,panel_4,0,1044014,greedy,0,0,-1,30,0.875
3,balanced_minus_collected,panel_4,0,1044015,greedy,0,0,1,-24,0.0
3,balanced_minus_collected,panel_4,0,1044016,greedy,0,0,0,0,0.0
3,balanced_minus_collected,panel_4,0,1044017,greedy,0,0,0,0,0.15625
3,balanced_minus_collected,panel_4,0,1044018,greedy,0,0,-1,10,0.8333333333333334
3,balanced_minus_collected,panel_4,0,1044019,greedy,0,0,0,4,0.0461538461538461
3,balanced_minus_collected,panel_4,0,1044020,greedy,0,0,0,0,0.0
3,balanced_minus_collected,panel_4,0,1044021,greedy,0,1,0,-16,-0.28125
3,balanced_minus_collected,panel_4,0,1044022,greedy,0,0,-1,22,0.0
3,balanced_minus_collected,panel_4,0,1044023,greedy,0,1,1,-29,-0.8125
3,balanced_minus_collected,panel_4,0,1044025,greedy,0,1,0,-6,-0.1610576923076923
3,balanced_minus_collected,panel_4,0,1044026,greedy,0,-1,-1,26,0.84375
3,balanced_minus_collected,panel_4,0,1044027,greedy,0,0,-1,4,0.0
3,balanced_minus_collected,panel_4,0,1044028,greedy,0,0,0,0,0.0
3,balanced_minus_collected,panel_4,0,1044029,greedy,0,1,1,-26,-0.9375
3,balanced_minus_collected,panel_4,0,1044030,greedy,0,0,1,-21,-0.7777777777777778
3,balanced_minus_collected,panel_4,0,1044031,greedy,0,0,-1,24,0.07407407407407407
3,balanced_minus_collected,panel_4,0,1044032,greedy,0,0,-1,24,0.6923076923076923
3,balanced_minus_collected,panel_4,0,1044033,greedy,0,0,0,0,0.0
3,balanced_minus_collected,panel_4,0,1044034,greedy,0,0,0,0,0.0
3,balanced_minus_collected,panel_4,0,1044035,greedy,0,0,1,-10,-0.7142857142857143
3,balanced_minus_collected,panel_4,0,1044036,greedy,0,0,0,0,0.0
3,balanced_minus_collected,panel_4,0,1044037,greedy,0,0,-1,22,0.9166666666666666
3,balanced_minus_collected,panel_4,0,1044038,greedy,0,0,0,0,0.0
3,balanced_minus_collected,panel_4,0,1044039,greedy,0,0,-1,24,0.6428571428571429
3,balanced_minus_collected,panel_4,0,1044040,greedy,0,0,0,19,0.26388888888888884
3,balanced_minus_collected,panel_4,0,1044041,greedy,0,0,1,-14,-0.1923076923076923
3,balanced_minus_collected,panel_4,0,1044042,greedy,0,0,-1,20,0.8
3,balanced_minus_collected,panel_4,0,1044043,greedy,0,0,-1,5,0.5
3,balanced_minus_collected,panel_4,0,1044044,greedy,0,0,0,0,0.0
3,balanced_minus_collected,panel_4,0,1044045,greedy,0,0,0,-3,-0.5
3,balanced_minus_collected,panel_4,0,1044046,greedy,0,0,0,-1,-0.017241379310344807
3,balanced_minus_collected,panel_4,0,1044047,greedy,0,0,0,2,-0.511904761904762
3,balanced_minus_collected,panel_4,0,1044048,greedy,0,0,0,2,0.0
3,balanced_minus_collected,panel_4,0,1044049,greedy,0,0,0,0,0.0
3,balanced_minus_collected,panel_4,0,1044050,greedy,0,0,0,0,0.4375
3,balanced_minus_collected,panel_4,0,1044051,greedy,0,0,0,0,0.0
3,balanced_minus_collected,panel_4,0,1044052,greedy,0,0,0,0,-0.15625
3,balanced_minus_collected,panel_4,0,1044053,greedy,0,0,0,0,0.0
3,balanced_minus_collected,panel_4,0,1044054,greedy,0,1,1,-23,-0.6875
3,balanced_minus_collected,panel_4,0,1044055,greedy,0,1,0,-2,-0.2104166666666667
3,balanced_minus_collected,panel_4,0,1044056,greedy,0,0,1,-26,-0.8571428571428571
3,balanced_minus_collected,panel_4,0,1044057,greedy,0,0,0,0,0.0
3,balanced_minus_collected,panel_4,0,1044058,greedy,0,0,0,-5,0.3623188405797101
3,balanced_minus_collected,panel_4,0,1044059,greedy,0,0,0,5,-0.7857142857142857
3,balanced_minus_collected,panel_4,0,1044060,greedy,0,0,1,-25,-0.03571428571428571
3,balanced_minus_collected,panel_4,0,1044061,greedy,0,0,1,-4,0.0
3,balanced_minus_collected,panel_4,0,1044062,greedy,0,0,1,-15,-0.6521739130434783
3,balanced_minus_collected,panel_4,0,1044063,greedy,0,0,0,8,-0.16666666666666669
3,balanced_minus_collected,panel_4,0,1044064,greedy,0,0,0,0,0.0
3,balanced_minus_collected,panel_4,1,1044000,greedy,0,0,-1,22,0.8148148148148148
3,balanced_minus_collected,panel_4,1,1044001,greedy,0,0,0,0,0.0
3,balanced_minus_collected,panel_4,1,1044002,greedy,0,0,1,-21,-0.3419354838709677
3,balanced_minus_collected,panel_4,1,1044003,greedy,0,0,1,-21,-0.28
3,balanced_minus_collected,panel_4,1,1044004,greedy,0,1,0,-16,-0.0625
3,balanced_minus_collected,panel_4,1,1044005,greedy,0,-1,-1,28,0.4375
3,balanced_minus_collected,panel_4,1,1044006,greedy,0,0,1,-21,-0.75
3,balanced_minus_collected,panel_4,1,1044007,greedy,0,-1,0,7,0.24875000000000003
3,balanced_minus_collected,panel_4,1,1044008,greedy,0,0,0,0,0.0
3,balanced_minus_collected,panel_4,1,1044009,greedy,0,0,0,-7,0.006072874493927127
3,balanced_minus_collected,panel_4,1,1044010,greedy,0,-1,0,17,0.11458333333333337
3,balanced_minus_collected,panel_4,1,1044011,greedy,0,0,0,-1,-0.08119658119658113
3,balanced_minus_collected,panel_4,1,1044012,greedy,0,-1,-1,27,0.25
3,balanced_minus_collected,panel_4,1,1044013,greedy,0,1,1,-27,-0.78125
3,balanced_minus_collected,panel_4,1,1044014,greedy,0,1,1,-30,-0.84375
3,balanced_minus_collected,panel_4,1,1044015,greedy,0,0,0,0,0.0
3,balanced_minus_collected,panel_4,1,1044016,greedy,0,0,0,-16,-0.16666666666666666
3,balanced_minus_collected,panel_4,1,1044017,greedy,0,0,0,0,-0.34375
3,balanced_minus_collected,panel_4,1,1044018,greedy,0,0,0,0,0.0
3,balanced_minus_collected,panel_4,1,1044019,greedy,0,0,0,0,0.0
3,balanced_minus_collected,panel_4,1,1044020,greedy,0,0,1,-23,-0.6
3,balanced_minus_collected,panel_4,1,1044021,greedy,0,0,0,2,0.25
3,balanced_minus_collected,panel_4,1,1044022,greedy,0,0,0,9,-0.04749999999999999
3,balanced_minus_collected,panel_4,1,1044023,greedy,0,0,0,0,0.0
3,balanced_minus_collected,panel_4,1,1044025,greedy,0,0,0,-7,-0.03571428571428581
3,balanced_minus_collected,panel_4,1,1044026,greedy,0,0,-1,19,0.44
3,balanced_minus_collected,panel_4,1,1044027,greedy,0,0,1,-22,-0.9230769230769231
3,balanced_minus_collected,panel_4,1,1044028,greedy,0,0,0,0,0.0
3,balanced_minus_collected,panel_4,1,1044029,greedy,0,0,-1,12,0.0
3,balanced_minus_collected,panel_4,1,1044030,greedy,0,1,0,-3,-0.2068965517241379
3,balanced_minus_collected,panel_4,1,1044031,greedy,0,0,0,0,0.0
3,balanced_minus_collected,panel_4,1,1044032,greedy,0,0,1,-19,-0.9047619047619048
3,balanced_minus_collected,panel_4,1,1044033,greedy,0,0,0,0,0.0
3,balanced_minus_collected,panel_4,1,1044034,greedy,0,0,0,0,0.0
3,balanced_minus_collected,panel_4,1,1044035,greedy,0,0,0,0,0.0
3,balanced_minus_collected,panel_4,1,1044036,greedy,0,0,0,-2,0.0
3,balanced_minus_collected,panel_4,1,1044037,greedy,0,0,1,-18,-0.9
3,balanced_minus_collected,panel_4,1,1044038,greedy,0,-1,-1,27,0.9375
3,balanced_minus_collected,panel_4,1,1044039,greedy,0,-1,0,12,0.36875
3,balanced_minus_collected,panel_4,1,1044040,greedy,0,1,1,-29,-0.78125
3,balanced_minus_collected,panel_4,1,1044041,greedy,0,0,0,0,0.0
3,balanced_minus_collected,panel_4,1,1044042,greedy,0,0,0,-5,-0.5
3,balanced_minus_collected,panel_4,1,1044043,greedy,0,0,0,0,0.0
3,balanced_minus_collected,panel_4,1,1044044,greedy,0,0,0,-4,0.3446054750402577
3,balanced_minus_collected,panel_4,1,1044045,greedy,0,0,0,0,0.0
3,balanced_minus_collected,panel_4,1,1044046,greedy,0,-1,0,7,0.12
3,balanced_minus_collected,panel_4,1,1044047,greedy,0,0,0,0,0.125
3,balanced_minus_collected,panel_4,1,1044048,greedy,0,0,0,9,0.92
3,balanced_minus_collected,panel_4,1,1044049,greedy,0,0,0,0,0.0
3,balanced_minus_collected,panel_4,1,1044050,greedy,0,-1,0,12,0.8875
3,balanced_minus_collected,panel_4,1,1044051,greedy,0,0,1,-20,-0.9523809523809523
3,balanced_minus_collected,panel_4,1,1044052,greedy,0,0,0,0,0.4375
3,balanced_minus_collected,panel_4,1,1044053,greedy,0,0,0,-3,0.05555555555555558
3,balanced_minus_collected,panel_4,1,1044054,greedy,0,0,0,0,0.3125
3,balanced_minus_collected,panel_4,1,1044055,greedy,0,1,1,-27,-0.78125
3,balanced_minus_collected,panel_4,1,1044056,greedy,0,0,-1,12,0.8571428571428571
3,balanced_minus_collected,panel_4,1,1044057,greedy,0,0,-1,10,0.6666666666666666
3,balanced_minus_collected,panel_4,1,1044058,greedy,0,0,1,-16,-0.41666666666666663
3,balanced_minus_collected,panel_4,1,1044059,greedy,0,0,1,-24,-0.896551724137931
3,balanced_minus_collected,panel_4,1,1044060,greedy,0,0,1,-24,0.0
3,balanced_minus_collected,panel_4,1,1044061,greedy,0,0,0,0,0.0
3,balanced_minus_collected,panel_4,1,1044062,greedy,0,0,-1,14,0.28571428571428575
3,balanced_minus_collected,panel_4,1,1044063,greedy,0,0,-1,5,0.14285714285714285
3,balanced_minus_collected,panel_4,1,1044064,greedy,0,0,0,0,0.0
3,balanced_minus_collected,panel_4,2,1044000,greedy,0,-1,0,11,-0.22916666666666663
3,balanced_minus_collected,panel_4,2,1044001,greedy,0,0,0,0,0.0
3,balanced_minus_collected,panel_4,2,1044002,greedy,0,1,1,-26,-0.65625
3,balanced_minus_collected,panel_4,2,1044003,greedy,0,1,1,-28,-1.0
3,balanced_minus_collected,panel_4,2,1044004,greedy,0,0,0,1,0.0014245014245013454
3,balanced_minus_collected,panel_4,2,1044005,greedy,0,0,1,-22,-0.8461538461538461
3,balanced_minus_collected,panel_4,2,1044006,greedy,0,0,0,-2,-0.40384615384615385
3,balanced_minus_collected,panel_4,2,1044007,greedy,0,0,0,8,-0.32183908045977005
3,balanced_minus_collected,panel_4,2,1044008,greedy,0,0,0,7,0.2142857142857143
3,balanced_minus_collected,panel_4,2,1044009,greedy,0,0,0,0,0.09090909090909094
3,balanced_minus_collected,panel_4,2,1044010,greedy,0,1,0,-3,-0.125
3,balanced_minus_collected,panel_4,2,1044011,greedy,0,0,1,-16,-0.7368421052631579
3,balanced_minus_collected,panel_4,2,1044012,greedy,0,0,0,7,0.06481481481481477
3,balanced_minus_collected,panel_4,2,1044013,greedy,0,0,0,-1,-0.42083333333333334
3,balanced_minus_collected,panel_4,2,1044014,greedy,0,0,0,0,0.0
3,balanced_minus_collected,panel_4,2,1044015,greedy,0,0,0,-2,0.0
3,balanced_minus_collected,panel_4,2,1044016,greedy,0,1,1,-30,-0.96875
3,balanced_minus_collected,panel_4,2,1044017,greedy,0,1,0,-5,-0.2222222222222222
3,balanced_minus_collected,panel_4,2,1044018,greedy,0,0,0,15,-0.12962962962962965
3,balanced_minus_collected,panel_4,2,1044019,greedy,0,0,-1,6,0.0
3,balanced_minus_collected,panel_4,2,1044020,greedy,0,0,1,-26,-0.9285714285714286
3,balanced_minus_collected,panel_4,2,1044021,greedy,0,-1,0,5,0.34490740740740744
3,balanced_minus_collected,panel_4,2,1044022,greedy,0,0,0,0,-0.125
3,balanced_minus_collected,panel_4,2,1044023,greedy,0,0,1,-23,-0.6538461538461539
3,balanced_minus_collected,panel_4,2,1044025,greedy,0,0,0,-17,-0.505
3,balanced_minus_collected,panel_4,2,1044026,greedy,0,-1,0,18,0.4285714285714286
3,balanced_minus_collected,panel_4,2,1044027,greedy,0,0,0,2,0.0
3,balanced_minus_collected,panel_4,2,1044028,greedy,0,0,0,0,0.0
3,balanced_minus_collected,panel_4,2,1044029,greedy,0,0,0,2,0.5650723025583981
3,balanced_minus_collected,panel_4,2,1044030,greedy,0,-1,-1,26,0.9375
3,balanced_minus_collected,panel_4,2,1044031,greedy,0,0,0,0,0.0
3,balanced_minus_collected,panel_4,2,1044032,greedy,0,0,0,0,0.0
3,balanced_minus_collected,panel_4,2,1044033,greedy,0,0,0,0,0.0
3,balanced_minus_collected,panel_4,2,1044034,greedy,0,-1,-1,28,0.9375
3,balanced_minus_collected,panel_4,2,1044035,greedy,0,0,0,-5,-0.028735632183907955
3,balanced_minus_collected,panel_4,2,1044036,greedy,0,0,1,-22,0.0
3,balanced_minus_collected,panel_4,2,1044037,greedy,0,0,1,-10,0.0
3,balanced_minus_collected,panel_4,2,1044038,greedy,0,0,0,9,0.3775862068965517
3,balanced_minus_collected,panel_4,2,1044039,greedy,0,0,0,0,0.0
3,balanced_minus_collected,panel_4,2,1044040,greedy,0,0,1,-20,-0.8695652173913043
3,balanced_minus_collected,panel_4,2,1044041,greedy,0,-1,-1,24,0.90625
3,balanced_minus_collected,panel_4,2,1044042,greedy,0,0,1,-19,-0.7083333333333334
3,balanced_minus_collected,panel_4,2,1044043,greedy,0,0,0,0,0.0
3,balanced_minus_collected,panel_4,2,1044044,greedy,0,0,-1,22,0.0
3,balanced_minus_collected,panel_4,2,1044045,greedy,0,0,0,0,0.0
3,balanced_minus_collected,panel_4,2,1044046,greedy,0,0,0,1,0.004615384615384577
3,balanced_minus_collected,panel_4,2,1044047,greedy,0,0,0,0,-0.09375
3,balanced_minus_collected,panel_4,2,1044048,greedy,0,0,1,-10,0.0
3,balanced_minus_collected,panel_4,2,1044049,greedy,0,0,0,0,0.0
3,balanced_minus_collected,panel_4,2,1044050,greedy,0,0,0,0,0.21875
3,balanced_minus_collected,panel_4,2,1044051,greedy,0,0,1,-2,0.0
3,balanced_minus_collected,panel_4,2,1044052,greedy,0,-1,0,2,0.13749999999999996
3,balanced_minus_collected,panel_4,2,1044053,greedy,0,-1,0,3,0.27586206896551724
3,balanced_minus_collected,panel_4,2,1044054,greedy,0,1,0,-5,-0.1342592592592593
3,balanced_minus_collected,panel_4,2,1044055,greedy,0,0,0,-4,0.0
3,balanced_minus_collected,panel_4,2,1044056,greedy,0,0,1,-4,-0.6666666666666666
3,balanced_minus_collected,panel_4,2,1044057,greedy,0,0,0,-2,0.0
3,balanced_minus_collected,panel_4,2,1044058,greedy,0,0,0,0,-0.03125
3,balanced_minus_collected,panel_4,2,1044059,greedy,0,0,0,0,0.0
3,balanced_minus_collected,panel_4,2,1044060,greedy,0,0,0,0,0.0
3,balanced_minus_collected,panel_4,2,1044061,greedy,0,1,1,-29,-0.125
3,balanced_minus_collected,panel_4,2,1044062,greedy,0,0,0,0,0.0625
3,balanced_minus_collected,panel_4,2,1044063,greedy,0,0,0,0,0.3333333333333333
3,balanced_minus_collected,panel_4,2,1044064,greedy,0,0,0,0,0.0
3,balanced_minus_collected,panel_5,0,1045000,greedy,0,0,0,0,0.0
3,balanced_minus_collected,panel_5,0,1045001,greedy,0,0,0,0,0.0
3,balanced_minus_collected,panel_5,0,1045002,greedy,0,0,0,0,0.0
3,balanced_minus_collected,panel_5,0,1045003,greedy,0,0,0,0,0.0
3,balanced_minus_collected,panel_5,0,1045004,greedy,0,0,1,-12,-0.26666666666666666
3,balanced_minus_collected,panel_5,0,1045005,greedy,0,0,0,0,0.0
3,balanced_minus_collected,panel_5,0,1045006,greedy,0,0,-1,24,0.8275862068965517
3,balanced_minus_collected,panel_5,0,1045007,greedy,0,-1,-1,29,0.03125
3,balanced_minus_collected,panel_5,0,1045008,greedy,0,0,1,-20,-0.5384615384615384
3,balanced_minus_collected,panel_5,0,1045009,greedy,0,0,1,-12,-0.6
3,balanced_minus_collected,panel_5,0,1045010,greedy,0,-1,0,5,0.1655092592592593
3,balanced_minus_collected,panel_5,0,1045011,greedy,0,0,1,-18,-0.4326923076923077
3,balanced_minus_collected,panel_5,0,1045012,greedy,0,0,-1,17,0.8947368421052632
3,balanced_minus_collected,panel_5,0,1045013,greedy,0,-1,0,23,0.30208333333333337
3,balanced_minus_collected,panel_5,0,1045014,greedy,0,0,0,0,0.0
3,balanced_minus_collected,panel_5,0,1045015,greedy,0,0,0,-5,-0.0845410628019323
3,balanced_minus_collected,panel_5,0,1045016,greedy,0,0,-1,15,0.9375
3,balanced_minus_collected,panel_5,0,1045017,greedy,0,0,-1,10,0.0
3,balanced_minus_collected,panel_5,0,1045018,greedy,0,-1,0,5,0.4814814814814815
3,balanced_minus_collected,panel_5,0,1045019,greedy,0,0,0,-2,0.10897435897435898
3,balanced_minus_collected,panel_5,0,1045020,greedy,0,0,1,-17,-0.42857142857142855
3,balanced_minus_collected,panel_5,0,1045021,greedy,0,0,-1,12,0.8
3,balanced_minus_collected,panel_5,0,1045022,greedy,0,0,0,0,0.0
3,balanced_minus_collected,panel_5,0,1045023,greedy,0,0,1,-6,0.0
3,balanced_minus_collected,panel_5,0,1045024,greedy,0,1,0,-4,-0.1875
3,balanced_minus_collected,panel_5,0,1045025,greedy,0,0,1,-10,-0.7692307692307693
3,balanced_minus_collected,panel_5,0,1045026,greedy,0,1,0,-7,-0.12875000000000003
3,balanced_minus_collected,panel_5,0,1045027,greedy,0,0,0,0,0.0
3,balanced_minus_collected,panel_5,0,1045028,greedy,0,0,0,0,0.0
3,balanced_minus_collected,panel_5,0,1045029,greedy,0,0,1,-18,0.0
3,balanced_minus_collected,panel_5,0,1045030,greedy,0,0,0,-1,0.30666666666666664
3,balanced_minus_collected,panel_5,0,1045031,greedy,0,0,0,-2,0.0
3,balanced_minus_collected,panel_5,0,1045032,greedy,0,0,0,-8,0.0
3,balanced_minus_collected,panel_5,0,1045033,greedy,0,1,1,-23,-0.5277777777777778
3,balanced_minus_collected,panel_5,0,1045034,greedy,0,0,-1,26,0.7407407407407407
3,balanced_minus_collected,panel_5,0,1045035,greedy,0,0,0,0,0.0
3,balanced_minus_collected,panel_5,0,1045036,greedy,0,1,0,-21,-0.3920454545454546
3,balanced_minus_collected,panel_5,0,1045037,greedy,0,0,0,0,0.0
3,balanced_minus_collected,panel_5,0,1045038,greedy,0,0,0,0,0.0
3,balanced_minus_collected,panel_5,0,1045039,greedy,0,0,0,0,0.0
3,balanced_minus_collected,panel_5,0,1045040,greedy,0,0,0,0,0.0
3,balanced_minus_collected,panel_5,0,1045041,greedy,0,0,0,0,0.0
3,balanced_minus_collected,panel_5,0,1045042,greedy,0,0,0,4,-0.1296551724137931
3,balanced_minus_collected,panel_5,0,1045043,greedy,0,0,0,6,0.21818181818181825
3,balanced_minus_collected,panel_5,0,1045044,greedy,0,0,1,-11,-0.8461538461538461
3,balanced_minus_collected,panel_5,0,1045045,greedy,0,0,-1,18,0.75
3,balanced_minus_collected,panel_5,0,1045046,greedy,0,1,0,-7,-0.10624999999999996
3,balanced_minus_collected,panel_5,0,1045047,greedy,0,0,1,-14,-0.9333333333333333
3,balanced_minus_collected,panel_5,0,1045048,greedy,0,0,0,0,0.0
3,balanced_minus_collected,panel_5,0,1045049,greedy,0,0,0,0,0.3125
3,balanced_minus_collected,panel_5,0,1045050,greedy,0,1,1,-27,-0.90625
3,balanced_minus_collected,panel_5,0,1045051,greedy,0,0,0,-2,-0.4
3,balanced_minus_collected,panel_5,0,1045052,greedy,0,0,0,2,0.008888888888888835
3,balanced_minus_collected,panel_5,0,1045053,greedy,0,1,0,-8,-0.7291666666666666
3,balanced_minus_collected,panel_5,0,1045054,greedy,0,1,0,-11,-0.1116071428571429
3,balanced_minus_collected,panel_5,0,1045055,greedy,0,0,0,0,0.0
3,balanced_minus_collected,panel_5,0,1045056,greedy,0,-1,0,0,-0.28125
3,balanced_minus_collected,panel_5,0,1045057,greedy,0,0,1,-9,-0.9
3,balanced_minus_collected,panel_5,0,1045058,greedy,0,0,0,0,-0.4375
3,balanced_minus_collected,panel_5,0,1045059,greedy,0,0,0,5,0.45454545454545453
3,balanced_minus_collected,panel_5,0,1045060,greedy,0,-1,-1,28,0.9375
3,balanced_minus_collected,panel_5,0,1045061,greedy,0,-1,-1,30,0.625
3,balanced_minus_collected,panel_5,0,1045062,greedy,0,1,0,-7,0.20625000000000004
3,balanced_minus_collected,panel_5,0,1045063,greedy,0,0,-1,22,0.37037037037037035
3,balanced_minus_collected,panel_5,1,1045000,greedy,0,0,0,0,0.0
3,balanced_minus_collected,panel_5,1,1045001,greedy,0,0,0,0,0.0
3,balanced_minus_collected,panel_5,1,1045002,greedy,0,0,0,0,0.0
3,balanced_minus_collected,panel_5,1,1045003,greedy,0,0,1,-6,0.0
3,balanced_minus_collected,panel_5,1,1045004,greedy,0,0,0,0,0.0
3,balanced_minus_collected,panel_5,1,1045005,greedy,0,0,0,0,0.0
3,balanced_minus_collected,panel_5,1,1045006,greedy,0,0,0,-1,0.14833333333333332
3,balanced_minus_collected,panel_5,1,1045007,greedy,0,0,0,0,-0.3125
3,balanced_minus_collected,panel_5,1,1045008,greedy,0,-1,-1,28,1.0
3,balanced_minus_collected,panel_5,1,1045009,greedy,0,0,0,-4,-0.07322654462242562
3,balanced_minus_collected,panel_5,1,1045010,greedy,0,0,0,0,0.0
3,balanced_minus_collected,panel_5,1,1045011,greedy,0,0,0,-7,-0.16481481481481475
3,balanced_minus_collected,panel_5,1,1045012,greedy,0,0,0,0,0.0
3,balanced_minus_collected,panel_5,1,1045013,greedy,0,0,0,0,0.0
3,balanced_minus_collected,panel_5,1,1045014,greedy,0,0,0,0,0.0
3,balanced_minus_collected,panel_5,1,1045015,greedy,0,0,-1,13,0.7222222222222222
3,balanced_minus_collected,panel_5,1,1045016,greedy,0,0,0,0,0.0
3,balanced_minus_collected,panel_5,1,1045017,greedy,0,0,-1,18,0.47619047619047616
3,balanced_minus_collected,panel_5,1,1045018,greedy,0,1,1,-29,-0.9375
3,balanced_minus_collected,panel_5,1,1045019,greedy,0,-1,0,6,0.125
3,balanced_minus_collected,panel_5,1,1045020,greedy,0,0,1,-9,-0.6923076923076923
3,balanced_minus_collected,panel_5,1,1045021,greedy,0,0,1,-18,0.0
3,balanced_minus_collected,panel_5,1,1045022,greedy,0,0,1,-21,-0.875
3,balanced_minus_collected,panel_5,1,1045023,greedy,0,0,1,-5,-0.7142857142857143
3,balanced_minus_collected,panel_5,1,1045024,greedy,0,1,0,-13,-0.20065789473684215
3,balanced_minus_collected,panel_5,1,1045025,greedy,0,0,0,0,0.0
3,balanced_minus_collected,panel_5,1,1045026,greedy,0,1,0,-16,-0.21875
3,balanced_minus_collected,panel_5,1,1045027,greedy,0,0,-1,9,0.6428571428571429
3,balanced_minus_collected,panel_5,1,1045028,greedy,0,0,0,0,0.0
3,balanced_minus_collected,panel_5,1,1045029,greedy,0,0,0,0,0.0
3,balanced_minus_collected,panel_5,1,1045030,greedy,0,0,0,-3,-0.022222222222222254
3,balanced_minus_collected,panel_5,1,1045031,greedy,0,0,0,0,0.0
3,balanced_minus_collected,panel_5,1,1045032,greedy,0,0,0,-1,0.2
3,balanced_minus_collected,panel_5,1,1045033,greedy,0,0,0,0,0.03125
3,balanced_minus_collected,panel_5,1,1045034,greedy,0,0,0,0,0.0
3,balanced_minus_collected,panel_5,1,1045035,greedy,0,0,-1,14,0.9333333333333333
3,balanced_minus_collected,panel_5,1,1045036,greedy,0,-1,0,12,-0.03125
3,balanced_minus_collected,panel_5,1,1045037,greedy,0,0,1,-18,-0.32
3,balanced_minus_collected,panel_5,1,1045038,greedy,0,0,0,-1,-0.3333333333333333
3,balanced_minus_collected,panel_5,1,1045039,greedy,0,0,-1,21,0.19230769230769232
3,balanced_minus_collected,panel_5,1,1045040,greedy,0,0,-1,28,0.3333333333333333
3,balanced_minus_collected,panel_5,1,1045041,greedy,0,0,0,0,0.0
3,balanced_minus_collected,panel_5,1,1045042,greedy,0,0,1,-24,-0.35714285714285715
3,balanced_minus_collected,panel_5,1,1045043,greedy,0,0,0,0,0.0
3,balanced_minus_collected,panel_5,1,1045044,greedy,0,0,0,0,0.0
3,balanced_minus_collected,panel_5,1,1045045,greedy,0,0,0,0,-0.15625
3,balanced_minus_collected,panel_5,1,1045046,greedy,0,1,1,-27,-0.65625
3,balanced_minus_collected,panel_5,1,1045047,greedy,0,0,-1,20,0.9523809523809523
3,balanced_minus_collected,panel_5,1,1045048,greedy,0,0,0,0,0.0
3,balanced_minus_collected,panel_5,1,1045049,greedy,0,0,1,-25,-0.6129032258064516
3,balanced_minus_collected,panel_5,1,1045050,greedy,0,1,1,-27,-0.875
3,balanced_minus_collected,panel_5,1,1045051,greedy,0,0,1,-7,-0.7
3,balanced_minus_collected,panel_5,1,1045052,greedy,0,-1,-1,29,0.9375
3,balanced_minus_collected,panel_5,1,1045053,greedy,0,0,0,-1,-0.8846153846153846
3,balanced_minus_collected,panel_5,1,1045054,greedy,0,1,0,-10,-0.042613636363636354
3,balanced_minus_collected,panel_5,1,1045055,greedy,0,0,0,0,0.0
3,balanced_minus_collected,panel_5,1,1045056,greedy,0,0,0,8,-0.23391812865497075
3,balanced_minus_collected,panel_5,1,1045057,greedy,0,0,0,0,0.0
3,balanced_minus_collected,panel_5,1,1045058,greedy,0,1,0,-10,-0.30113636363636365
3,balanced_minus_collected,panel_5,1,1045059,greedy,0,1,0,-16,-0.46875
3,balanced_minus_collected,panel_5,1,1045060,greedy,0,0,0,0,0.03125
3,balanced_minus_collected,panel_5,1,1045061,greedy,0,0,1,-28,-0.9333333333333333
3,balanced_minus_collected,panel_5,1,1045062,greedy,0,0,0,0,0.0
3,balanced_minus_collected,panel_5,1,1045063,greedy,0,0,-1,14,0.5263157894736842
3,balanced_minus_collected,panel_5,2,1045000,greedy,0,0,1,-12,0.0
3,balanced_minus_collected,panel_5,2,1045001,greedy,0,0,0,-2,0.0
3,balanced_minus_collected,panel_5,2,1045002,greedy,0,0,0,0,0.0
3,balanced_minus_collected,panel_5,2,1045003,greedy,0,0,0,-20,-0.20833333333333337
3,balanced_minus_collected,panel_5,2,1045004,greedy,0,0,0,0,0.0
3,balanced_minus_collected,panel_5,2,1045005,greedy,0,0,0,0,0.0
3,balanced_minus_collected,panel_5,2,1045006,greedy,0,0,0,0,0.40625
3,balanced_minus_collected,panel_5,2,1045007,greedy,0,0,0,-5,-0.03289473684210531
3,balanced_minus_collected,panel_5,2,1045008,greedy,0,1,0,-2,-0.23958333333333337
3,balanced_minus_collected,panel_5,2,1045009,greedy,0,0,0,0,0.0
3,balanced_minus_collected,panel_5,2,1045010,greedy,0,0,0,0,-0.125
3,balanced_minus_collected,panel_5,2,1045011,greedy,0,0,0,8,-0.0625
3,balanced_minus_collected,panel_5,2,1045012,greedy,0,0,0,0,0.0
3,balanced_minus_collected,panel_5,2,1045013,greedy,0,-1,0,3,0.07219827586206895
3,balanced_minus_collected,panel_5,2,1045014,greedy,0,0,1,-26,-0.07407407407407407
3,balanced_minus_collected,panel_5,2,1045015,greedy,0,0,-1,23,0.75
3,balanced_minus_collected,panel_5,2,1045016,greedy,0,0,0,0,0.0
3,balanced_minus_collected,panel_5,2,1045017,greedy,0,0,-1,20,0.07999999999999996
3,balanced_minus_collected,panel_5,2,1045018,greedy,0,0,1,-29,-0.90625
3,balanced_minus_collected,panel_5,2,1045019,greedy,0,0,0,0,-0.15625
3,balanced_minus_collected,panel_5,2,1045020,greedy,0,0,0,0,0.0
3,balanced_minus_collected,panel_5,2,1045021,greedy,0,0,0,7,0.1948924731182795
3,balanced_minus_collected,panel_5,2,1045022,greedy,0,0,1,-8,-0.7272727272727273
3,balanced_minus_collected,panel_5,2,1045023,greedy,0,0,1,-13,-0.8666666666666667
3,balanced_minus_collected,panel_5,2,1045024,greedy,0,0,0,4,0.022321428571428603
3,balanced_minus_collected,panel_5,2,1045025,greedy,0,0,0,0,0.0
3,balanced_minus_collected,panel_5,2,1045026,greedy,0,1,0,-7,-0.38625
3,balanced_minus_collected,panel_5,2,1045027,greedy,0,0,-1,18,0.0
3,balanced_minus_collected,panel_5,2,1045028,greedy,0,0,1,-24,-0.56
3,balanced_minus_collected,panel_5,2,1045029,greedy,0,0,0,0,0.0
3,balanced_minus_collected,panel_5,2,1045030,greedy,0,0,0,-6,-0.5
3,balanced_minus_collected,panel_5,2,1045031,greedy,0,0,0,0,0.0
3,balanced_minus_collected,panel_5,2,1045032,greedy,0,0,-1,26,0.26666666666666666
3,balanced_minus_collected,panel_5,2,1045033,greedy,0,0,0,0,-0.28125
3,balanced_minus_collected,panel_5,2,1045034,greedy,0,0,-1,26,0.8148148148148148
3,balanced_minus_collected,panel_5,2,1045035,greedy,0,0,1,-21,-0.3695652173913043
3,balanced_minus_collected,panel_5,2,1045036,greedy,0,-1,0,12,0.25625
3,balanced_minus_collected,panel_5,2,1045037,greedy,0,0,0,6,0.08842105263157896
3,balanced_minus_collected,panel_5,2,1045038,greedy,0,0,1,-5,-0.7142857142857143
3,balanced_minus_collected,panel_5,2,1045039,greedy,0,0,0,-1,-0.1490147783251231
3,balanced_minus_collected,panel_5,2,1045040,greedy,0,0,-1,24,0.3076923076923077
3,balanced_minus_collected,panel_5,2,1045041,greedy,0,0,0,0,0.0
3,balanced_minus_collected,panel_5,2,1045042,greedy,0,0,0,-2,-0.30651340996168575
3,balanced_minus_collected,panel_5,2,1045043,greedy,0,0,0,0,0.0
3,balanced_minus_collected,panel_5,2,1045044,greedy,0,0,1,-3,-0.6
3,balanced_minus_collected,panel_5,2,1045045,greedy,0,0,0,-6,0.004210526315789442
3,balanced_minus_collected,panel_5,2,1045046,greedy,0,0,0,0,0.0
3,balanced_minus_collected,panel_5,2,1045047,greedy,0,0,0,19,0.10439560439560447
3,balanced_minus_collected,panel_5,2,1045048,greedy,0,0,0,0,0.0
3,balanced_minus_collected,panel_5,2,1045049,greedy,0,1,0,-7,-0.355
3,balanced_minus_collected,panel_5,2,1045050,greedy,0,0,1,-20,-0.24
3,balanced_minus_collected,panel_5,2,1045051,greedy,0,-1,0,13,0.06414473684210531
3,balanced_minus_collected,panel_5,2,1045052,greedy,0,0,0,-17,-0.7148148148148148
3,balanced_minus_collected,panel_5,2,1045053,greedy,0,0,0,-18,-0.14857142857142858
3,balanced_minus_collected,panel_5,2,1045054,greedy,0,0,0,8,-0.3142857142857143
3,balanced_minus_collected,panel_5,2,1045055,greedy,0,0,-1,2,0.0
3,balanced_minus_collected,panel_5,2,1045056,greedy,0,0,0,21,0.11111111111111105
3,balanced_minus_collected,panel_5,2,1045057,greedy,0,0,1,-2,0.0
3,balanced_minus_collected,panel_5,2,1045058,greedy,0,0,1,-21,-0.84
3,balanced_minus_collected,panel_5,2,1045059,greedy,0,0,0,-1,-0.022167487684729037
3,balanced_minus_collected,panel_5,2,1045060,greedy,0,0,1,-17,-0.8095238095238095
3,balanced_minus_collected,panel_5,2,1045061,greedy,0,0,1,-10,-0.8333333333333334
3,balanced_minus_collected,panel_5,2,1045062,greedy,0,0,0,0,-0.0625
3,balanced_minus_collected,panel_5,2,1045063,greedy,0,0,0,-4,0.0
3,balanced_minus_collected,panel_6,0,1046000,greedy,0,1,0,-5,-0.4085648148148148
3,balanced_minus_collected,panel_6,0,1046001,greedy,0,0,0,0,0.09375
3,balanced_minus_collected,panel_6,0,1046002,greedy,0,0,0,0,0.0
3,balanced_minus_collected,panel_6,0,1046003,greedy,0,1,0,-1,0.18346774193548387
3,balanced_minus_collected,panel_6,0,1046004,greedy,0,0,0,0,0.0
3,balanced_minus_collected,panel_6,0,1046005,greedy,0,0,0,0,0.0
3,balanced_minus_collected,panel_6,0,1046006,greedy,0,0,0,0,0.0
3,balanced_minus_collected,panel_6,0,1046007,greedy,0,0,0,0,0.125
3,balanced_minus_collected,panel_6,0,1046008,greedy,0,1,0,-14,-0.9444444444444444
3,balanced_minus_collected,panel_6,0,1046009,greedy,0,0,0,0,0.0
3,balanced_minus_collected,panel_6,0,1046010,greedy,0,0,0,0,0.0625
3,balanced_minus_collected,panel_6,0,1046011,greedy,0,0,0,15,0.11083743842364535
3,balanced_minus_collected,panel_6,0,1046012,greedy,0,0,0,1,0.2
3,balanced_minus_collected,panel_6,0,1046013,greedy,0,0,0,0,0.0
3,balanced_minus_collected,panel_6,0,1046014,greedy,0,0,0,-4,0.0
3,balanced_minus_collected,panel_6,0,1046015,greedy,0,0,0,9,0.025000000000000022
3,balanced_minus_collected,panel_6,0,1046016,greedy,0,1,1,-28,-1.0
3,balanced_minus_collected,panel_6,0,1046017,greedy,0,0,0,0,0.0
3,balanced_minus_collected,panel_6,0,1046018,greedy,0,0,0,0,0.0
3,balanced_minus_collected,panel_6,0,1046019,greedy,0,0,-1,24,0.37037037037037035
3,balanced_minus_collected,panel_6,0,1046020,greedy,0,0,0,0,0.0
3,balanced_minus_collected,panel_6,0,1046021,greedy,0,0,0,0,0.0
3,balanced_minus_collected,panel_6,0,1046022,greedy,0,1,1,-31,-0.4375
3,balanced_minus_collected,panel_6,0,1046023,greedy,0,0,0,5,-0.15333333333333335
3,balanced_minus_collected,panel_6,0,1046024,greedy,0,0,1,-24,0.0
3,balanced_minus_collected,panel_6,0,1046025,greedy,0,-1,-1,25,0.10267857142857145
3,balanced_minus_collected,panel_6,0,1046026,greedy,0,1,0,-20,-0.5625
3,balanced_minus_collected,panel_6,0,1046027,greedy,0,1,0,-15,0.2996323529411765
3,balanced_minus_collected,panel_6,0,1046028,greedy,0,0,1,-22,-0.08
3,balanced_minus_collected,panel_6,0,1046029,greedy,0,0,0,0,0.0
3,balanced_minus_collected,panel_6,0,1046030,greedy,0,0,0,0,0.0
3,balanced_minus_collected,panel_6,0,1046031,greedy,0,0,1,-29,-0.9354838709677419
3,balanced_minus_collected,panel_6,0,1046032,greedy,0,0,0,-11,-0.5555555555555556
3,balanced_minus_collected,panel_6,0,1046033,greedy,0,0,1,-26,-0.06666666666666667
3,balanced_minus_collected,panel_6,0,1046034,greedy,0,0,0,0,-0.0625
3,balanced_minus_collected,panel_6,0,1046035,greedy,0,0,-1,21,0.36
3,balanced_minus_collected,panel_6,0,1046036,greedy,0,-1,-1,22,0.875
3,balanced_minus_collected,panel_6,0,1046037,greedy,0,-1,0,4,0.21875
3,balanced_minus_collected,panel_6,0,1046038,greedy,0,0,0,-2,-0.02777777777777779
3,balanced_minus_collected,panel_6,0,1046039,greedy,0,0,0,0,0.0
3,balanced_minus_collected,panel_6,0,1046040,greedy,0,0,0,-2,0.0
3,balanced_minus_collected,panel_6,0,1046041,greedy,0,0,0,4,0.4
3,balanced_minus_collected,panel_6,0,1046042,greedy,0,0,1,-22,-0.7857142857142857
3,balanced_minus_collected,panel_6,0,1046043,greedy,0,0,0,14,0.10826210826210825
3,balanced_minus_collected,panel_6,0,1046044,greedy,0,0,1,-24,-0.7857142857142857
3,balanced_minus_collected,panel_6,0,1046045,greedy,0,0,-1,22,0.64
3,balanced_minus_collected,panel_6,0,1046046,greedy,0,0,0,-13,0.7142857142857143
3,balanced_minus_collected,panel_6,0,1046047,greedy,0,0,0,0,0.0
3,balanced_minus_collected,panel_6,0,1046048,greedy,0,0,1,-17,-0.3181818181818182
3,balanced_minus_collected,panel_6,0,1046049,greedy,0,0,0,0,0.0
3,balanced_minus_collected,panel_6,0,1046050,greedy,0,0,0,0,0.0
3,balanced_minus_collected,panel_6,0,1046051,greedy,0,0,-1,25,0.25
3,balanced_minus_collected,panel_6,0,1046052,greedy,0,0,1,-20,-0.16
3,balanced_minus_collected,panel_6,0,1046053,greedy,0,0,1,-21,-0.9545454545454546
3,balanced_minus_collected,panel_6,0,1046054,greedy,0,0,0,0,0.0
3,balanced_minus_collected,panel_6,0,1046055,greedy,0,-1,-1,29,0.96875
3,balanced_minus_collected,panel_6,0,1046056,greedy,0,0,0,0,0.0
3,balanced_minus_collected,panel_6,0,1046057,greedy,0,0,-1,25,0.17857142857142858
3,balanced_minus_collected,panel_6,0,1046058,greedy,0,1,1,-28,-0.90625
3,balanced_minus_collected,panel_6,0,1046059,greedy,0,0,-1,23,0.8846153846153846
3,balanced_minus_collected,panel_6,0,1046060,greedy,0,0,-1,6,0.0
3,balanced_minus_collected,panel_6,0,1046061,greedy,0,-1,0,3,0.6616379310344828
3,balanced_minus_collected,panel_6,0,1046062,greedy,0,0,0,8,0.4444444444444444
3,balanced_minus_collected,panel_6,0,1046063,greedy,0,0,1,-17,-0.85
3,balanced_minus_collected,panel_6,1,1046000,greedy,0,1,0,-21,-0.36363636363636365
3,balanced_minus_collected,panel_6,1,1046001,greedy,0,0,0,0,0.25
3,balanced_minus_collected,panel_6,1,1046002,greedy,0,0,1,-8,-0.4
3,balanced_minus_collected,panel_6,1,1046003,greedy,0,0,1,-24,-0.6428571428571429
3,balanced_minus_collected,panel_6,1,1046004,greedy,0,0,1,-24,0.0
3,balanced_minus_collected,panel_6,1,1046005,greedy,0,0,0,0,0.0
3,balanced_minus_collected,panel_6,1,1046006,greedy,0,0,0,0,-0.15625
3,balanced_minus_collected,panel_6,1,1046007,greedy,0,0,0,0,-0.03125
3,balanced_minus_collected,panel_6,1,1046008,greedy,0,0,0,7,-0.8333333333333334
3,balanced_minus_collected,panel_6,1,1046009,greedy,0,0,-1,16,0.8888888888888888
3,balanced_minus_collected,panel_6,1,1046010,greedy,0,0,0,0,0.0
3,balanced_minus_collected,panel_6,1,1046011,greedy,0,0,0,0,0.0
3,balanced_minus_collected,panel_6,1,1046012,greedy,0,1,1,-26,-0.6041666666666667
3,balanced_minus_collected,panel_6,1,1046013,greedy,0,0,0,0,0.0
3,balanced_minus_collected,panel_6,1,1046014,greedy,0,0,0,0,0.0
3,balanced_minus_collected,panel_6,1,1046015,greedy,0,0,1,-12,-0.9230769230769231
3,balanced_minus_collected,panel_6,1,1046016,greedy,0,1,0,-4,-0.5
3,balanced_minus_collected,panel_6,1,1046017,greedy,0,0,0,0,-0.1875
3,balanced_minus_collected,panel_6,1,1046018,greedy,0,0,0,-7,-0.06140350877192979
3,balanced_minus_collected,panel_6,1,1046019,greedy,0,0,0,0,0.0
3,balanced_minus_collected,panel_6,1,1046020,greedy,0,-1,-1,28,0.6875
3,balanced_minus_collected,panel_6,1,1046021,greedy,0,0,1,-24,0.0
3,balanced_minus_collected,panel_6,1,1046022,greedy,0,0,-1,25,0.9615384615384616
3,balanced_minus_collected,panel_6,1,1046023,greedy,0,0,1,-6,0.0
3,balanced_minus_collected,panel_6,1,1046024,greedy,0,0,-1,23,0.2
3,balanced_minus_collected,panel_6,1,1046025,greedy,0,0,1,-24,0.0
3,balanced_minus_collected,panel_6,1,1046026,greedy,0,1,1,-28,-0.625
3,balanced_minus_collected,panel_6,1,1046027,greedy,0,-1,-1,27,0.6875
3,balanced_minus_collected,panel_6,1,1046028,greedy,0,0,0,0,0.0
3,balanced_minus_collected,panel_6,1,1046029,greedy,0,1,0,-2,-0.07708333333333328
3,balanced_minus_collected,panel_6,1,1046030,greedy,0,0,0,-3,-0.5
3,balanced_minus_collected,panel_6,1,1046031,greedy,0,0,1,-27,-0.9354838709677419
3,balanced_minus_collected,panel_6,1,1046032,greedy,0,0,-1,21,0.7391304347826086
3,balanced_minus_collected,panel_6,1,1046033,greedy,0,0,-1,16,0.4
3,balanced_minus_collected,panel_6,1,1046034,greedy,0,0,0,0,-0.0625
3,balanced_minus_collected,panel_6,1,1046035,greedy,0,0,0,2,0.0
3,balanced_minus_collected,panel_6,1,1046036,greedy,0,1,0,-8,-0.20833333333333337
3,balanced_minus_collected,panel_6,1,1046037,greedy,0,-1,0,7,0.96875
3,balanced_minus_collected,panel_6,1,1046038,greedy,0,0,0,-8,-0.04488078541374474
3,balanced_minus_collected,panel_6,1,1046039,greedy,0,0,-1,24,0.4827586206896552
3,balanced_minus_collected,panel_6,1,1046040,greedy,0,0,1,-22,0.0
3,balanced_minus_collected,panel_6,1,1046041,greedy,0,0,0,1,0.5555555555555556
3,balanced_minus_collected,panel_6,1,1046042,greedy,0,-1,0,12,0.4
3,balanced_minus_collected,panel_6,1,1046043,greedy,0,0,-1,19,0.36
3,balanced_minus_collected,panel_6,1,1046044,greedy,0,0,0,0,0.0
3,balanced_minus_collected,panel_6,1,1046045,greedy,0,0,0,0,0.0
3,balanced_minus_collected,panel_6,1,1046046,greedy,0,0,-1,28,0.6666666666666666
3,balanced_minus_collected,panel_6,1,1046047,greedy,0,0,1,-20,0.0
3,balanced_minus_collected,panel_6,1,1046048,greedy,0,0,0,-3,-0.375
3,balanced_minus_collected,panel_6,1,1046049,greedy,0,0,0,5,0.0802139037433155
3,balanced_minus_collected,panel_6,1,1046050,greedy,0,-1,0,7,0.05249999999999999
3,balanced_minus_collected,panel_6,1,1046051,greedy,0,0,-1,7,0.35
3,balanced_minus_collected,panel_6,1,1046052,greedy,0,0,0,-12,-0.125
3,balanced_minus_collected,panel_6,1,1046053,greedy,0,0,1,-13,-0.7857142857142857
3,balanced_minus_collected,panel_6,1,1046054,greedy,0,0,0,0,0.0
3,balanced_minus_collected,panel_6,1,1046055,greedy,0,0,0,0,-0.5
3,balanced_minus_collected,panel_6,1,1046056,greedy,0,0,-1,23,0.8076923076923077
3,balanced_minus_collected,panel_6,1,1046057,greedy,0,0,0,-2,0.0
3,balanced_minus_collected,panel_6,1,1046058,greedy,0,0,0,0,-0.25
3,balanced_minus_collected,panel_6,1,1046059,greedy,0,0,0,0,0.0
3,balanced_minus_collected,panel_6,1,1046060,greedy,0,0,0,0,0.0
3,balanced_minus_collected,panel_6,1,1046061,greedy,0,0,-1,20,0.5185185185185185
3,balanced_minus_collected,panel_6,1,1046062,greedy,0,0,0,0,0.0
3,balanced_minus_collected,panel_6,1,1046063,greedy,0,0,-1,10,0.7692307692307693
3,balanced_minus_collected,panel_6,2,1046000,greedy,0,1,1,-28,-0.53125
3,balanced_minus_collected,panel_6,2,1046001,greedy,0,1,1,-25,-0.96875
3,balanced_minus_collected,panel_6,2,1046002,greedy,0,0,0,0,0.0
3,balanced_minus_collected,panel_6,2,1046003,greedy,0,0,0,0,-0.40625
3,balanced_minus_collected,panel_6,2,1046004,greedy,0,0,1,-7,-0.7777777777777778
3,balanced_minus_collected,panel_6,2,1046005,greedy,0,0,-1,25,0.2692307692307692
3,balanced_minus_collected,panel_6,2,1046006,greedy,0,0,0,0,0.0625
3,balanced_minus_collected,panel_6,2,1046007,greedy,0,-1,0,6,-0.043269230769230727
3,balanced_minus_collected,panel_6,2,1046008,greedy,0,0,0,2,0.0
3,balanced_minus_collected,panel_6,2,1046009,greedy,0,0,1,-22,-0.9166666666666666
3,balanced_minus_collected,panel_6,2,1046010,greedy,0,0,0,0,-0.03125
3,balanced_minus_collected,panel_6,2,1046011,greedy,0,0,0,-2,-0.4
3,balanced_minus_collected,panel_6,2,1046012,greedy,0,0,-1,24,0.7857142857142857
3,balanced_minus_collected,panel_6,2,1046013,greedy,0,0,0,2,0.45565217391304347
3,balanced_minus_collected,panel_6,2,1046014,greedy,0,0,1,-18,0.0
3,balanced_minus_collected,panel_6,2,1046015,greedy,0,0,-1,9,0.9
3,balanced_minus_collected,panel_6,2,1046016,greedy,0,0,0,-2,0.0
3,balanced_minus_collected,panel_6,2,1046017,greedy,0,1,0,0,-0.125
3,balanced_minus_collected,panel_6,2,1046018,greedy,0,0,0,0,0.0
3,balanced_minus_collected,panel_6,2,1046019,greedy,0,0,1,-27,-0.3
3,balanced_minus_collected,panel_6,2,1046020,greedy,0,0,-1,23,0.84
3,balanced_minus_collected,panel_6,2,1046021,greedy,0,0,1,-19,-0.8260869565217391
3,balanced_minus_collected,panel_6,2,1046022,greedy,0,0,0,0,0.0
3,balanced_minus_collected,panel_6,2,1046023,greedy,0,0,0,0,0.0
3,balanced_minus_collected,panel_6,2,1046024,greedy,0,0,0,0,0.0
3,balanced_minus_collected,panel_6,2,1046025,greedy,0,0,0,-2,0.0
3,balanced_minus_collected,panel_6,2,1046026,greedy,0,0,0,0,0.25
3,balanced_minus_collected,panel_6,2,1046027,greedy,0,0,0,0,-0.34375
3,balanced_minus_collected,panel_6,2,1046028,greedy,0,0,1,-24,0.0
3,balanced_minus_collected,panel_6,2,1046029,greedy,0,1,0,-5,-0.1030092592592593
3,balanced_minus_collected,panel_6,2,1046030,greedy,0,0,1,-7,-0.7
3,balanced_minus_collected,panel_6,2,1046031,greedy,0,0,0,-8,0.18571428571428572
3,balanced_minus_collected,panel_6,2,1046032,greedy,0,0,1,-30,-0.875
3,balanced_minus_collected,panel_6,2,1046033,greedy,0,0,-1,21,0.42857142857142855
3,balanced_minus_collected,panel_6,2,1046034,greedy,0,0,0,0,0.28125
3,balanced_minus_collected,panel_6,2,1046035,greedy,0,0,-1,20,0.8333333333333334
3,balanced_minus_collected,panel_6,2,1046036,greedy,0,0,0,0,0.0
3,balanced_minus_collected,panel_6,2,1046037,greedy,0,0,0,-14,-0.096551724137931
3,balanced_minus_collected,panel_6,2,1046038,greedy,0,0,0,-5,-0.03472222222222221
3,balanced_minus_collected,panel_6,2,1046039,greedy,0,0,0,8,0.11594202898550732
3,balanced_minus_collected,panel_6,2,1046040,greedy,0,0,-1,12,0.0
3,balanced_minus_collected,panel_6,2,1046041,greedy,0,0,1,-15,-0.047619047619047616
3,balanced_minus_collected,panel_6,2,1046042,greedy,0,0,0,1,0.08923076923076922
3,balanced_minus_collected,panel_6,2,1046043,greedy,0,0,-1,19,0.6
3,balanced_minus_collected,panel_6,2,1046044,greedy,0,0,1,-19,-0.6521739130434783
3,balanced_minus_collected,panel_6,2,1046045,greedy,0,0,0,-2,0.0
3,balanced_minus_collected,panel_6,2,1046046,greedy,0,0,0,-2,0.0
3,balanced_minus_collected,panel_6,2,1046047,greedy,0,0,1,-30,-0.375
3,balanced_minus_collected,panel_6,2,1046048,greedy,0,0,1,-25,-0.7666666666666667
3,balanced_minus_collected,panel_6,2,1046049,greedy,0,0,-1,16,0.42236024844720493
3,balanced_minus_collected,panel_6,2,1046050,greedy,0,0,0,0,0.0
3,balanced_minus_collected,panel_6,2,1046051,greedy,0,0,0,0,0.0
3,balanced_minus_collected,panel_6,2,1046052,greedy,0,0,0,7,0.043749999999999956
3,balanced_minus_collected,panel_6,2,1046053,greedy,0,0,0,0,0.0
3,balanced_minus_collected,panel_6,2,1046054,greedy,0,0,0,0,0.0
3,balanced_minus_collected,panel_6,2,1046055,greedy,0,0,0,2,0.009615384615384581
3,balanced_minus_collected,panel_6,2,1046056,greedy,0,0,1,-7,-0.5
3,balanced_minus_collected,panel_6,2,1046057,greedy,0,0,0,0,0.0
3,balanced_minus_collected,panel_6,2,1046058,greedy,0,1,0,-18,0.6205357142857143
3,balanced_minus_collected,panel_6,2,1046059,greedy,0,0,0,12,-0.20879120879120883
3,balanced_minus_collected,panel_6,2,1046060,greedy,0,0,0,0,0.0
3,balanced_minus_collected,panel_6,2,1046061,greedy,0,0,0,-19,-0.15454545454545454
3,balanced_minus_collected,panel_6,2,1046062,greedy,0,0,1,-18,-0.8571428571428571
3,balanced_minus_collected,panel_6,2,1046063,greedy,0,0,0,17,0.8214285714285714
3,balanced_minus_collected,panel_7,0,1047000,greedy,0,-1,-1,22,0.5
3,balanced_minus_collected,panel_7,0,1047001,greedy,0,-1,0,5,0.33333333333333337
3,balanced_minus_collected,panel_7,0,1047002,greedy,0,0,0,0,0.5
3,balanced_minus_collected,panel_7,0,1047003,greedy,0,0,0,6,-0.8888888888888888
3,balanced_minus_collected,panel_7,0,1047004,greedy,0,0,-1,22,0.0
3,balanced_minus_collected,panel_7,0,1047005,greedy,0,0,0,0,0.0
3,balanced_minus_collected,panel_7,0,1047006,greedy,0,1,1,-28,-0.9375
3,balanced_minus_collected,panel_7,0,1047007,greedy,0,1,1,-27,-0.78125
3,balanced_minus_collected,panel_7,0,1047008,greedy,0,0,0,0,0.0
3,balanced_minus_collected,panel_7,0,1047009,greedy,0,-1,0,6,0.18990384615384615
3,balanced_minus_collected,panel_7,0,1047010,greedy,0,0,0,0,0.0
3,balanced_minus_collected,panel_7,0,1047011,greedy,0,0,0,0,0.0
3,balanced_minus_collected,panel_7,0,1047012,greedy,0,1,0,-15,-0.10661764705882348
3,balanced_minus_collected,panel_7,0,1047013,greedy,0,0,0,21,0.8928571428571429
3,balanced_minus_collected,panel_7,0,1047014,greedy,0,0,0,0,0.0
3,balanced_minus_collected,panel_7,0,1047015,greedy,0,0,0,0,0.0
3,balanced_minus_collected,panel_7,0,1047016,greedy,0,0,0,0,0.0
3,balanced_minus_collected,panel_7,0,1047017,greedy,0,0,0,-2,-0.2857142857142857
3,balanced_minus_collected,panel_7,0,1047018,greedy,0,0,0,0,-0.3125
3,balanced_minus_collected,panel_7,0,1047019,greedy,0,0,-1,17,0.675
3,balanced_minus_collected,panel_7,0,1047020,greedy,0,0,1,-21,-0.6521739130434783
3,balanced_minus_collected,panel_7,0,1047021,greedy,0,0,0,0,0.0
3,balanced_minus_collected,panel_7,0,1047022,greedy,0,1,0,-26,-0.71875
3,balanced_minus_collected,panel_7,0,1047023,greedy,0,0,0,0,0.0
3,balanced_minus_collected,panel_7,0,1047024,greedy,0,0,0,0,0.0
3,balanced_minus_collected,panel_7,0,1047025,greedy,0,0,0,9,0.050751879699248215
3,balanced_minus_collected,panel_7,0,1047026,greedy,0,0,0,0,0.0
3,balanced_minus_collected,panel_7,0,1047027,greedy,0,0,0,-2,0.0
3,balanced_minus_collected,panel_7,0,1047028,greedy,0,0,-1,4,0.0
3,balanced_minus_collected,panel_7,0,1047029,greedy,0,0,1,-27,-0.84375
3,balanced_minus_collected,panel_7,0,1047030,greedy,0,0,-1,5,0.19841269841269848
3,balanced_minus_collected,panel_7,0,1047031,greedy,0,0,-1,22,0.75
3,balanced_minus_collected,panel_7,0,1047032,greedy,0,-1,-1,27,0.46875
3,balanced_minus_collected,panel_7,0,1047033,greedy,0,0,-1,20,0.9523809523809523
3,balanced_minus_collected,panel_7,0,1047034,greedy,0,0,1,-11,-0.9166666666666666
3,balanced_minus_collected,panel_7,0,1047035,greedy,0,0,0,-4,-0.7646356033452808
3,balanced_minus_collected,panel_7,0,1047036,greedy,0,1,0,-5,-0.6215277777777778
3,balanced_minus_collected,panel_7,0,1047037,greedy,0,0,0,8,0.33333333333333337
3,balanced_minus_collected,panel_7,0,1047038,greedy,0,0,1,-9,-0.9
3,balanced_minus_collected,panel_7,0,1047039,greedy,0,0,-1,10,0.5
3,balanced_minus_collected,panel_7,0,1047040,greedy,0,1,0,-19,0.16346153846153844
3,balanced_minus_collected,panel_7,0,1047041,greedy,0,0,-1,22,0.7857142857142857
3,balanced_minus_collected,panel_7,0,1047042,greedy,0,0,0,0,0.0
3,balanced_minus_collected,panel_7,0,1047043,greedy,0,0,0,5,0.0401069518716578
3,balanced_minus_collected,panel_7,0,1047044,greedy,0,0,0,0,0.0
3,balanced_minus_collected,panel_7,0,1047045,greedy,0,0,0,0,0.0625
3,balanced_minus_collected,panel_7,0,1047046,greedy,0,0,0,1,0.16666666666666666
3,balanced_minus_collected,panel_7,0,1047047,greedy,0,0,0,2,0.0165631469979296
3,balanced_minus_collected,panel_7,0,1047048,greedy,0,0,0,0,0.0
3,balanced_minus_collected,panel_7,0,1047049,greedy,0,0,0,0,0.0
3,balanced_minus_collected,panel_7,0,1047050,greedy,0,0,0,0,0.0
3,balanced_minus_collected,panel_7,0,1047051,greedy,0,0,0,0,0.0
3,balanced_minus_collected,panel_7,0,1047052,greedy,0,0,0,0,0.5
3,balanced_minus_collected,panel_7,0,1047053,greedy,0,0,0,2,0.0
3,balanced_minus_collected,panel_7,0,1047054,greedy,0,0,-1,22,0.8461538461538461
3,balanced_minus_collected,panel_7,0,1047055,greedy,0,0,1,-11,0.25
3,balanced_minus_collected,panel_7,0,1047056,greedy,0,0,0,0,0.0
3,balanced_minus_collected,panel_7,0,1047057,greedy,0,0,0,0,0.0
3,balanced_minus_collected,panel_7,0,1047058,greedy,0,0,0,-4,0.0
3,balanced_minus_collected,panel_7,0,1047059,greedy,0,0,1,-10,-0.625
3,balanced_minus_collected,panel_7,0,1047060,greedy,0,0,0,0,0.3125
3,balanced_minus_collected,panel_7,0,1047062,greedy,0,-1,-1,27,0.90625
3,balanced_minus_collected,panel_7,0,1047063,greedy,0,0,0,0,0.0
3,balanced_minus_collected,panel_7,0,1047064,greedy,0,1,1,-29,-1.0
3,balanced_minus_collected,panel_7,1,1047000,greedy,0,-1,0,7,0.16874999999999996
3,balanced_minus_collected,panel_7,1,1047001,greedy,0,1,0,-15,-0.2941176470588235
3,balanced_minus_collected,panel_7,1,1047002,greedy,0,-1,0,2,0.7083333333333334
3,balanced_minus_collected,panel_7,1,1047003,greedy,0,0,1,-7,-0.7777777777777778
3,balanced_minus_collected,panel_7,1,1047004,greedy,0,0,0,-5,0.16000000000000003
3,balanced_minus_collected,panel_7,1,1047005,greedy,0,0,0,4,0.5
3,balanced_minus_collected,panel_7,1,1047006,greedy,0,1,1,-28,-0.9375
3,balanced_minus_collected,panel_7,1,1047007,greedy,0,1,1,-27,-0.875
3,balanced_minus_collected,panel_7,1,1047008,greedy,0,0,-1,6,0.0
3,balanced_minus_collected,panel_7,1,1047009,greedy,0,0,0,0,0.09090909090909083
3,balanced_minus_collected,panel_7,1,1047010,greedy,0,0,0,0,0.09375
3,balanced_minus_collected,panel_7,1,1047011,greedy,0,0,-1,9,0.8181818181818182
3,balanced_minus_collected,panel_7,1,1047012,greedy,0,0,0,13,-0.17045454545454541
3,balanced_minus_collected,panel_7,1,1047013,greedy,0,0,0,-10,0.6666666666666666
3,balanced_minus_collected,panel_7,1,1047014,greedy,0,0,1,-2,0.0
3,balanced_minus_collected,panel_7,1,1047015,greedy,0,0,0,0,0.0
3,balanced_minus_collected,panel_7,1,1047016,greedy,0,0,0,0,0.0
3,balanced_minus_collected,panel_7,1,1047017,greedy,0,0,-1,22,0.2222222222222222
3,balanced_minus_collected,panel_7,1,1047018,greedy,0,0,0,0,-0.1875
3,balanced_minus_collected,panel_7,1,1047019,greedy,0,0,0,-3,-0.1157407407407407
3,balanced_minus_collected,panel_7,1,1047020,greedy,0,0,0,-2,-0.5356521739130434
3,balanced_minus_collected,panel_7,1,1047021,greedy,0,0,0,0,0.0
3,balanced_minus_collected,panel_7,1,1047022,greedy,0,0,0,-4,0.10482758620689658
3,balanced_minus_collected,panel_7,1,1047023,greedy,0,0,0,2,0.3333333333333333
3,balanced_minus_collected,panel_7,1,1047024,greedy,0,0,-1,4,0.6666666666666666
3,balanced_minus_collected,panel_7,1,1047025,greedy,0,1,0,-18,0.3794642857142857
3,balanced_minus_collected,panel_7,1,1047026,greedy,0,0,-1,12,0.8571428571428571
3,balanced_minus_collected,panel_7,1,1047027,greedy,0,0,0,0,0.0
3,balanced_minus_collected,panel_7,1,1047028,greedy,0,0,0,0,0.0
3,balanced_minus_collected,panel_7,1,1047029,greedy,0,0,0,0,0.0
3,balanced_minus_collected,panel_7,1,1047030,greedy,0,0,1,-18,-0.6956521739130435
3,balanced_minus_collected,panel_7,1,1047031,greedy,0,0,1,-5,-0.7142857142857143
3,balanced_minus_collected,panel_7,1,1047032,greedy,0,0,0,-1,-0.03205128205128205
3,balanced_minus_collected,panel_7,1,1047033,greedy,0,0,-1,21,0.4090909090909091
3,balanced_minus_collected,panel_7,1,1047034,greedy,0,0,0,0,0.0
3,balanced_minus_collected,panel_7,1,1047035,greedy,0,0,1,-20,-0.41025641025641024
3,balanced_minus_collected,panel_7,1,1047036,greedy,0,0,0,0,-0.09375
3,balanced_minus_collected,panel_7,1,1047037,greedy,0,0,-1,10,0.7142857142857143
3,balanced_minus_collected,panel_7,1,1047038,greedy,0,0,0,0,0.0
3,balanced_minus_collected,panel_7,1,1047039,greedy,0,0,1,-23,-0.7241379310344828
3,balanced_minus_collected,panel_7,1,1047040,greedy,0,0,-1,8,0.0
3,balanced_minus_collected,panel_7,1,1047041,greedy,0,0,0,-6,-0.06923076923076932
3,balanced_minus_collected,panel_7,1,1047042,greedy,0,0,0,1,0.3333333333333333
3,balanced_minus_collected,panel_7,1,1047043,greedy,0,0,0,0,0.0
3,balanced_minus_collected,panel_7,1,1047044,greedy,0,0,0,0,0.0
3,balanced_minus_collected,panel_7,1,1047045,greedy,0,0,0,0,0.4375
3,balanced_minus_collected,panel_7,1,1047046,greedy,0,0,1,-18,-0.5142857142857143
3,balanced_minus_collected,panel_7,1,1047047,greedy,0,1,1,-28,-0.96875
3,balanced_minus_collected,panel_7,1,1047048,greedy,0,0,0,0,0.0
3,balanced_minus_collected,panel_7,1,1047049,greedy,0,0,1,-2,0.0
3,balanced_minus_collected,panel_7,1,1047050,greedy,0,0,-1,9,0.5192307692307693
3,balanced_minus_collected,panel_7,1,1047051,greedy,0,0,0,0,0.0
3,balanced_minus_collected,panel_7,1,1047052,greedy,0,0,0,0,0.0
3,balanced_minus_collected,panel_7,1,1047053,greedy,0,0,0,0,0.0
3,balanced_minus_collected,panel_7,1,1047054,greedy,0,1,1,-28,-0.53125
3,balanced_minus_collected,panel_7,1,1047055,greedy,0,0,0,-14,-0.05769230769230771
3,balanced_minus_collected,panel_7,1,1047056,greedy,0,0,0,0,0.0
3,balanced_minus_collected,panel_7,1,1047057,greedy,0,0,-1,22,0.64
3,balanced_minus_collected,panel_7,1,1047058,greedy,0,0,0,1,-0.2030769230769231
3,balanced_minus_collected,panel_7,1,1047059,greedy,0,0,0,8,0.07272727272727275
3,balanced_minus_collected,panel_7,1,1047060,greedy,0,0,0,0,-0.21875
3,balanced_minus_collected,panel_7,1,1047062,greedy,0,0,1,-24,-0.3870967741935484
3,balanced_minus_collected,panel_7,1,1047063,greedy,0,0,0,0,-0.375
3,balanced_minus_collected,panel_7,1,1047064,greedy,0,-1,0,9,-0.4008152173913043
3,balanced_minus_collected,panel_7,2,1047000,greedy,0,-1,0,6,0.2692307692307693
3,balanced_minus_collected,panel_7,2,1047001,greedy,0,0,1,-13,-0.8125
3,balanced_minus_collected,panel_7,2,1047002,greedy,0,0,0,0,-0.09375
3,balanced_minus_collected,panel_7,2,1047003,greedy,0,0,-1,22,0.9166666666666666
3,balanced_minus_collected,panel_7,2,1047004,greedy,0,-1,-1,26,0.75
3,balanced_minus_collected,panel_7,2,1047005,greedy,0,0,0,0,0.0
3,balanced_minus_collected,panel_7,2,1047006,greedy,0,0,0,0,0.0
3,balanced_minus_collected,panel_7,2,1047007,greedy,0,0,1,-22,-0.3584229390681004
3,balanced_minus_collected,panel_7,2,1047008,greedy,0,0,-1,13,0.9285714285714286
3,balanced_minus_collected,panel_7,2,1047009,greedy,0,-1,-1,25,0.875
3,balanced_minus_collected,panel_7,2,1047010,greedy,0,-1,0,6,0.2451923076923077
3,balanced_minus_collected,panel_7,2,1047011,greedy,0,0,1,-16,-0.8888888888888888
3,balanced_minus_collected,panel_7,2,1047012,greedy,0,0,-1,13,0.3086956521739131
3,balanced_minus_collected,panel_7,2,1047013,greedy,0,0,0,4,0.7586206896551724
3,balanced_minus_collected,panel_7,2,1047014,greedy,0,0,0,2,0.0
3,balanced_minus_collected,panel_7,2,1047015,greedy,0,0,0,0,0.0
3,balanced_minus_collected,panel_7,2,1047016,greedy,0,0,0,0,0.0
3,balanced_minus_collected,panel_7,2,1047017,greedy,0,0,1,-21,-0.7307692307692307
3,balanced_minus_collected,panel_7,2,1047018,greedy,0,0,0,0,0.1875
3,balanced_minus_collected,panel_7,2,1047019,greedy,0,0,1,-7,-0.25
3,balanced_minus_collected,panel_7,2,1047020,greedy,0,0,-1,17,0.8947368421052632
3,balanced_minus_collected,panel_7,2,1047021,greedy,0,0,1,-11,-0.75
3,balanced_minus_collected,panel_7,2,1047022,greedy,0,-1,-1,28,0.375
3,balanced_minus_collected,panel_7,2,1047023,greedy,0,0,0,0,0.08333333333333337
3,balanced_minus_collected,panel_7,2,1047024,greedy,0,0,0,0,0.0
3,balanced_minus_collected,panel_7,2,1047025,greedy,0,1,1,-27,-0.5375
3,balanced_minus_collected,panel_7,2,1047026,greedy,0,0,0,-5,0.34920634920634924
3,balanced_minus_collected,panel_7,2,1047027,greedy,0,0,0,0,0.0
3,balanced_minus_collected,panel_7,2,1047028,greedy,0,0,1,-14,-0.9333333333333333
3,balanced_minus_collected,panel_7,2,1047029,greedy,0,0,0,0,0.0
3,balanced_minus_collected,panel_7,2,1047030,greedy,0,0,1,-25,-0.8333333333333334
3,balanced_minus_collected,panel_7,2,1047031,greedy,0,0,0,0,0.0
3,balanced_minus_collected,panel_7,2,1047032,greedy,0,0,0,-7,-0.06481481481481477
3,balanced_minus_collected,panel_7,2,1047033,greedy,0,0,0,0,0.0
3,balanced_minus_collected,panel_7,2,1047034,greedy,0,-1,-1,31,1.0
3,balanced_minus_collected,panel_7,2,1047035,greedy,0,0,0,7,0.04704301075268824
3,balanced_minus_collected,panel_7,2,1047036,greedy,0,-1,0,1,0.13407258064516125
3,balanced_minus_collected,panel_7,2,1047037,greedy,0,0,0,0,-0.125
3,balanced_minus_collected,panel_7,2,1047038,greedy,0,0,0,0,0.0
3,balanced_minus_collected,panel_7,2,1047039,greedy,0,0,0,3,0.09629629629629632
3,balanced_minus_collected,panel_7,2,1047040,greedy,0,0,0,2,0.3333333333333333
3,balanced_minus_collected,panel_7,2,1047041,greedy,0,0,0,0,0.0
3,balanced_minus_collected,panel_7,2,1047042,greedy,0,0,0,0,0.0
3,balanced_minus_collected,panel_7,2,1047043,greedy,0,0,0,16,0.21333333333333337
3,balanced_minus_collected,panel_7,2,1047044,greedy,0,0,0,0,0.0
3,balanced_minus_collected,panel_7,2,1047045,greedy,0,0,0,0,-0.0625
3,balanced_minus_collected,panel_7,2,1047046,greedy,0,1,1,-27,-0.9375
3,balanced_minus_collected,panel_7,2,1047047,greedy,0,1,0,-9,-0.22961956521739135
3,balanced_minus_collected,panel_7,2,1047048,greedy,0,0,0,0,0.0
3,balanced_minus_collected,panel_7,2,1047049,greedy,0,0,0,0,0.0
3,balanced_minus_collected,panel_7,2,1047050,greedy,0,0,1,-22,-0.8
3,balanced_minus_collected,panel_7,2,1047051,greedy,0,0,0,0,0.0625
3,balanced_minus_collected,panel_7,2,1047052,greedy,0,0,-1,7,-0.42857142857142855
3,balanced_minus_collected,panel_7,2,1047053,greedy,0,0,1,-26,-0.8666666666666667
3,balanced_minus_collected,panel_7,2,1047054,greedy,0,0,0,-5,0.17333333333333334
3,balanced_minus_collected,panel_7,2,1047055,greedy,0,0,0,0,0.0
3,balanced_minus_collected,panel_7,2,1047056,greedy,0,0,0,0,0.0
3,balanced_minus_collected,panel_7,2,1047057,greedy,0,0,0,0,0.0
3,balanced_minus_collected,panel_7,2,1047058,greedy,0,0,0,15,-0.06666666666666665
3,balanced_minus_collected,panel_7,2,1047059,greedy,0,1,1,-26,-0.875
3,balanced_minus_collected,panel_7,2,1047060,greedy,0,0,0,0,0.125
3,balanced_minus_collected,panel_7,2,1047062,greedy,0,1,0,-4,0.03125
3,balanced_minus_collected,panel_7,2,1047063,greedy,0,0,0,0,0.25
3,balanced_minus_collected,panel_7,2,1047064,greedy,0,0,1,-25,-0.8928571428571429
