bank_id,condition,policy,seed,checkpoint,checkpoint_complete,mode,panel,map_seed,task_hash,repetition,success,steps,base_return,shaped_return,noop_steps,moving_steps,moved_revisits,unique_positions,winnable_steps,optimal_winnable_actions,avoidable_failure_actions,action_regret_sum,q_abs_error_sum,q_error_steps,initial_abs_q_error,parameter_hash,reference_sample_id
shared,shared,random_actions,0,30000,1,reference,panel_0,1140000,bed384096705171103468c67fab1c50cddf090e8dd0ef6d27adef77e389105b8,0,0,32,-0.3200000000000001,-0.03279999999999994,8,24,15,10,30,12,1,1.9736312427710014,0.0,0,,random_actions,random_actions:panel_0:0:1140000:0
shared,shared,random_actions,0,30000,1,reference,panel_0,1140000,bed384096705171103468c67fab1c50cddf090e8dd0ef6d27adef77e389105b8,1,0,32,-0.3200000000000001,-0.029199999999999907,10,22,12,11,31,11,1,1.997228029791291,0.0,0,,random_actions,random_actions:panel_0:0:1140000:1
shared,shared,random_actions,0,30000,1,reference,panel_0,1140001,215e353fd2f5a4cf418ad037fceb9e966602bc07b29ed6c29fac00db2be5344f,0,0,32,-0.3200000000000001,0.009600000000000122,7,25,15,11,30,12,1,1.9351558611280015,0.0,0,,random_actions,random_actions:panel_0:0:1140001:0
shared,shared,random_actions,0,30000,1,reference,panel_0,1140001,215e353fd2f5a4cf418ad037fceb9e966602bc07b29ed6c29fac00db2be5344f,1,0,32,-0.3200000000000001,0.02160000000000009,10,22,11,12,28,10,1,1.8739445718850014,0.0,0,,random_actions,random_actions:panel_0:0:1140001:1
shared,shared,random_actions,0,30000,1,reference,panel_0,1140002,afd83dff8180d1aa3f122c468f2581986b3d1256c650a41a2d41be87cc476abb,0,1,29,0.71,0.9684000000000001,5,24,12,13,29,14,0,0.9336197495482915,0.0,0,,random_actions,random_actions:panel_0:0:1140002:0
shared,shared,random_actions,0,30000,1,reference,panel_0,1140002,afd83dff8180d1aa3f122c468f2581986b3d1256c650a41a2d41be87cc476abb,1,1,25,0.7499999999999999,0.9916,5,20,13,8,25,12,0,0.7858955550570015,0.0,0,,random_actions,random_actions:panel_0:0:1140002:1
shared,shared,random_actions,0,30000,1,reference,panel_0,1140003,b34f77e0cb58ca9d0a1d531c5ff10dabe78b8a2545fc7c82271e9abbb0b13531,0,0,32,-0.3200000000000001,0.15160000000000015,12,20,13,8,27,8,1,1.7463950913489588,0.0,0,,random_actions,random_actions:panel_0:0:1140003:0
shared,shared,random_actions,0,30000,1,reference,panel_0,1140003,b34f77e0cb58ca9d0a1d531c5ff10dabe78b8a2545fc7c82271e9abbb0b13531,1,0,32,-0.3200000000000001,0.12880000000000014,9,23,15,9,26,8,1,1.733256000494756,0.0,0,,random_actions,random_actions:panel_0:0:1140003:1
shared,shared,random_actions,0,30000,1,reference,panel_0,1140004,3290676bf233bcca0bae10b5ae407c68b97722ed2242486ef1df58aa46080822,0,0,32,-0.3200000000000001,0.08040000000000014,23,9,6,4,28,4,1,1.8237269454781908,0.0,0,,random_actions,random_actions:panel_0:0:1140004:0
shared,shared,random_actions,0,30000,1,reference,panel_0,1140004,3290676bf233bcca0bae10b5ae407c68b97722ed2242486ef1df58aa46080822,1,0,32,-0.3200000000000001,0.08880000000000013,19,13,9,5,27,4,1,1.787678707547798,0.0,0,,random_actions,random_actions:panel_0:0:1140004:1
shared,shared,random_actions,0,30000,1,reference,panel_0,1140005,4f97370d557c1739dafaf559c6d3e283251f6712d8786e0145c5a21e4f69e330,0,1,11,0.89,1.0304,2,9,5,5,11,6,0,0.31048973000000046,0.0,0,,random_actions,random_actions:panel_0:0:1140005:0
shared,shared,random_actions,0,30000,1,reference,panel_0,1140005,4f97370d557c1739dafaf559c6d3e283251f6712d8786e0145c5a21e4f69e330,1,1,16,0.84,0.9912000000000001,5,11,6,6,16,7,0,0.504225730000001,0.0,0,,random_actions,random_actions:panel_0:0:1140005:1
shared,shared,random_actions,0,30000,1,reference,panel_0,1140006,4ceee66dc266fe8138771db04580b0f73542e53ec1a4bed48cd72cd55153d54b,0,0,32,-0.3200000000000001,0.04920000000000013,7,25,16,10,30,12,1,1.9009129744081605,0.0,0,,random_actions,random_actions:panel_0:0:1140006:0
shared,shared,random_actions,0,30000,1,reference,panel_0,1140006,4ceee66dc266fe8138771db04580b0f73542e53ec1a4bed48cd72cd55153d54b,1,0,32,-0.3200000000000001,0.08520000000000015,18,14,11,4,27,5,1,1.7919288523009285,0.0,0,,random_actions,random_actions:panel_0:0:1140006:1
shared,shared,random_actions,0,30000,1,reference,panel_0,1140007,e0b51ce4164f909163596242d8129e17af02357583715e56537a67ea86855645,0,0,32,-0.3200000000000001,-0.10399999999999988,19,13,10,4,31,7,1,2.0660018700000027,0.0,0,,random_actions,random_actions:panel_0:0:1140007:0
shared,shared,random_actions,0,30000,1,reference,panel_0,1140007,e0b51ce4164f909163596242d8129e17af02357583715e56537a67ea86855645,1,0,32,-0.3200000000000001,-0.07399999999999995,12,20,9,12,29,9,1,1.989758973285002,0.0,0,,random_actions,random_actions:panel_0:0:1140007:1
shared,shared,random_actions,0,30000,1,reference,panel_0,1140008,7aa246f76c29c8277e78dcd9b266c1dfb3caa62f42942b08d0f72599d3db5ed3,0,1,4,0.96,1.0872,1,3,0,4,4,3,0,0.037353730000000085,0.0,0,,random_actions,random_actions:panel_0:0:1140008:0
shared,shared,random_actions,0,30000,1,reference,panel_0,1140008,7aa246f76c29c8277e78dcd9b266c1dfb3caa62f42942b08d0f72599d3db5ed3,1,0,32,-0.3200000000000001,-0.07879999999999984,18,14,9,6,29,6,1,1.9904667429000016,0.0,0,,random_actions,random_actions:panel_0:0:1140008:1
shared,shared,random_actions,0,30000,1,reference,panel_0,1140009,fe11601eb7169f8fbf8e215e0254cf61c7f0c6cb4a0c902b7bb8e5cf691a6931,0,1,29,0.71,0.9284000000000001,4,25,15,11,29,14,0,0.970422981257002,0.0,0,,random_actions,random_actions:panel_0:0:1140009:0
shared,shared,random_actions,0,30000,1,reference,panel_0,1140009,fe11601eb7169f8fbf8e215e0254cf61c7f0c6cb4a0c902b7bb8e5cf691a6931,1,0,32,-0.3200000000000001,-0.02959999999999982,10,22,14,9,27,7,1,1.89888942782316,0.0,0,,random_actions,random_actions:panel_0:0:1140009:1
shared,shared,random_actions,0,30000,1,reference,panel_0,1140010,d91114fb3468e2aafe820554e34ae1b8beff3dbb7d480ae5742d837acbbc3369,0,1,27,0.73,0.8892,7,20,10,11,27,11,0,0.9456417724000018,0.0,0,,random_actions,random_actions:panel_0:0:1140010:0
shared,shared,random_actions,0,30000,1,reference,panel_0,1140010,d91114fb3468e2aafe820554e34ae1b8beff3dbb7d480ae5742d837acbbc3369,1,1,30,0.7,0.8712,8,22,15,8,30,12,0,1.0565108905000025,0.0,0,,random_actions,random_actions:panel_0:0:1140010:1
shared,shared,random_actions,0,30000,1,reference,panel_0,1140011,cc9e8a802691d3ded9565951a85ebea0bf53878e9b60ae4f121e8edb28836474,0,0,32,-0.3200000000000001,0.022400000000000142,27,5,4,2,28,2,1,1.8737322717680034,0.0,0,,random_actions,random_actions:panel_0:0:1140011:0
shared,shared,random_actions,0,30000,1,reference,panel_0,1140011,cc9e8a802691d3ded9565951a85ebea0bf53878e9b60ae4f121e8edb28836474,1,1,26,0.74,0.9744,8,18,12,7,26,11,0,0.8337570886000013,0.0,0,,random_actions,random_actions:panel_0:0:1140011:1
shared,shared,random_actions,0,30000,1,reference,panel_0,1140012,50d50ec0adcffbb8b6d2e5f80c2864cc721acf42cea5258eec6658b5eb5ba0fc,0,1,11,0.89,1.0836000000000001,1,10,4,7,11,7,0,0.2606674853140002,0.0,0,,random_actions,random_actions:panel_0:0:1140012:0
shared,shared,random_actions,0,30000,1,reference,panel_0,1140012,50d50ec0adcffbb8b6d2e5f80c2864cc721acf42cea5258eec6658b5eb5ba0fc,1,1,25,0.7499999999999999,1.0012,7,18,11,8,25,11,0,0.7767552577140013,0.0,0,,random_actions,random_actions:panel_0:0:1140012:1
shared,shared,random_actions,0,30000,1,reference,panel_0,1140013,500b0bb49c685ba5b31b1b8bb8e4cf1e58b6d7e4fa45dda4e02a0d7a54547980,0,1,18,0.82,1.0036,7,11,4,8,18,7,0,0.5547375486000009,0.0,0,,random_actions,random_actions:panel_0:0:1140013:0
shared,shared,random_actions,0,30000,1,reference,panel_0,1140013,500b0bb49c685ba5b31b1b8bb8e4cf1e58b6d7e4fa45dda4e02a0d7a54547980,1,0,32,-0.3200000000000001,-0.0739999999999998,20,12,10,3,30,6,1,2.0107108272000014,0.0,0,,random_actions,random_actions:panel_0:0:1140013:1
shared,shared,random_actions,0,30000,1,reference,panel_0,1140014,c84c4d112793dcd86b61378878de101814d2e2f233091ccbe303f8a36a3db692,0,0,32,-0.3200000000000001,-0.054399999999999935,8,24,17,8,31,12,1,2.020905751514002,0.0,0,,random_actions,random_actions:panel_0:0:1140014:0
shared,shared,random_actions,0,30000,1,reference,panel_0,1140014,c84c4d112793dcd86b61378878de101814d2e2f233091ccbe303f8a36a3db692,1,0,32,-0.3200000000000001,0.0020000000000001406,14,18,11,8,28,7,1,1.8955729976990003,0.0,0,,random_actions,random_actions:panel_0:0:1140014:1
shared,shared,random_actions,0,30000,1,reference,panel_0,1140015,aff56a8363ebfdfbb22ab9f96812dc592e137e445e99379d7cc62732358a5c1d,0,1,14,0.86,1.0016,7,7,4,4,14,5,0,0.43197173000000066,0.0,0,,random_actions,random_actions:panel_0:0:1140015:0
shared,shared,random_actions,0,30000,1,reference,panel_0,1140015,aff56a8363ebfdfbb22ab9f96812dc592e137e445e99379d7cc62732358a5c1d,1,1,6,0.94,1.0732,1,5,1,5,6,4,0,0.1132164600000003,0.0,0,,random_actions,random_actions:panel_0:0:1140015:1
shared,shared,random_actions,0,30000,1,reference,panel_0,1140016,3bd71125233c4df79d0dd28729f0cfd3666fa3f050c53374634c96dc8a827d57,0,0,32,-0.3200000000000001,0.1224000000000002,20,12,7,6,27,5,1,1.769205904480639,0.0,0,,random_actions,random_actions:panel_0:0:1140016:0
shared,shared,random_actions,0,30000,1,reference,panel_0,1140016,3bd71125233c4df79d0dd28729f0cfd3666fa3f050c53374634c96dc8a827d57,1,0,32,-0.3200000000000001,0.10320000000000018,8,24,17,8,26,8,1,1.7580490550514507,0.0,0,,random_actions,random_actions:panel_0:0:1140016:1
shared,shared,random_actions,0,30000,1,reference,panel_0,1140017,0e1e22bf2958a79d619af23f3a400b79bfbfa444619df20e40ab4b8256593aed,0,1,23,0.7699999999999999,1.054,4,19,9,11,23,12,0,0.6665985204951607,0.0,0,,random_actions,random_actions:panel_0:0:1140017:0
shared,shared,random_actions,0,30000,1,reference,panel_0,1140017,0e1e22bf2958a79d619af23f3a400b79bfbfa444619df20e40ab4b8256593aed,1,0,32,-0.3200000000000001,0.060000000000000164,14,18,13,6,28,7,1,1.8410882494613197,0.0,0,,random_actions,random_actions:panel_0:0:1140017:1
shared,shared,random_actions,0,30000,1,reference,panel_0,1140018,77a4a789c9e7e59cd68ea66b413fc7c21b579a617fac660e33a23b42dd2c8dfc,0,0,32,-0.3200000000000001,0.07960000000000012,5,27,19,9,29,13,1,1.8473584271965806,0.0,0,,random_actions,random_actions:panel_0:0:1140018:0
shared,shared,random_actions,0,30000,1,reference,panel_0,1140018,77a4a789c9e7e59cd68ea66b413fc7c21b579a617fac660e33a23b42dd2c8dfc,1,0,32,-0.3200000000000001,0.07480000000000012,6,26,20,7,31,14,1,1.9037634997864508,0.0,0,,random_actions,random_actions:panel_0:0:1140018:1
shared,shared,random_actions,0,30000,1,reference,panel_0,1140019,50d60d920ab4dd5ecfbfa255479a46daf643e9f021bfe1e1619df774fd78aef9,0,1,28,0.72,0.8948,4,24,12,13,28,13,0,0.9720982513850016,0.0,0,,random_actions,random_actions:panel_0:0:1140019:0
shared,shared,random_actions,0,30000,1,reference,panel_0,1140019,50d60d920ab4dd5ecfbfa255479a46daf643e9f021bfe1e1619df774fd78aef9,1,1,11,0.89,0.9916,7,4,1,4,11,3,0,0.34777200000000097,0.0,0,,random_actions,random_actions:panel_0:0:1140019:1
shared,shared,random_actions,0,30000,1,reference,panel_0,1140020,224ce91a4b4f3e671ea2a681e0a52f6a3fb84100d20137f06961b8a1a99209b2,0,0,32,-0.3200000000000001,0.09760000000000013,15,17,12,6,28,7,1,1.8026485344690308,0.0,0,,random_actions,random_actions:panel_0:0:1140020:0
shared,shared,random_actions,0,30000,1,reference,panel_0,1140020,224ce91a4b4f3e671ea2a681e0a52f6a3fb84100d20137f06961b8a1a99209b2,1,0,32,-0.3200000000000001,0.0880000000000001,13,19,10,10,29,9,1,1.8399491966284516,0.0,0,,random_actions,random_actions:panel_0:0:1140020:1
shared,shared,random_actions,0,30000,1,reference,panel_0,1140021,71a8e5052077c5cac2b861676a99fdaffb3a0efa55e6ece94442d8386d931fec,0,0,32,-0.3200000000000001,0.0348000000000001,14,18,10,9,30,9,1,1.9105251254183204,0.0,0,,random_actions,random_actions:panel_0:0:1140021:0
shared,shared,random_actions,0,30000,1,reference,panel_0,1140021,71a8e5052077c5cac2b861676a99fdaffb3a0efa55e6ece94442d8386d931fec,1,1,29,0.71,1.0756000000000001,12,17,10,8,29,11,0,0.835170757443901,0.0,0,,random_actions,random_actions:panel_0:0:1140021:1
shared,shared,random_actions,0,30000,1,reference,panel_0,1140022,b341a8d59601ab5326b4c783b9b4ceab58b5e988101fa1175063a7165e9bc90e,0,1,2,0.98,1.0612,0,2,0,3,2,2,0,0.0,0.0,0,,random_actions,random_actions:panel_0:0:1140022:0
shared,shared,random_actions,0,30000,1,reference,panel_0,1140022,b341a8d59601ab5326b4c783b9b4ceab58b5e988101fa1175063a7165e9bc90e,1,1,5,0.95,1.0372000000000001,1,4,2,3,5,3,0,0.11671800000000021,0.0,0,,random_actions,random_actions:panel_0:0:1140022:1
shared,shared,random_actions,0,30000,1,reference,panel_0,1140023,e343d2cc018d1a9af08bd450ba7bed93775a6edb5ed11ac577476e5f1475761a,0,0,32,-0.3200000000000001,0.08080000000000015,9,23,10,14,27,10,1,1.796449698073146,0.0,0,,random_actions,random_actions:panel_0:0:1140023:0
shared,shared,random_actions,0,30000,1,reference,panel_0,1140023,e343d2cc018d1a9af08bd450ba7bed93775a6edb5ed11ac577476e5f1475761a,1,0,32,-0.3200000000000001,0.16480000000000028,9,23,15,9,29,11,1,1.7729365790942415,0.0,0,,random_actions,random_actions:panel_0:0:1140023:1
shared,shared,random_actions,0,30000,1,reference,panel_0,1140024,b5641ba1d6c3654cc47326d66ff7bbd32a9f1fae2d5bfe3ca2bd279b9afcd8e2,0,1,30,0.7,0.9424000000000001,7,23,15,9,30,13,0,0.9887221499850013,0.0,0,,random_actions,random_actions:panel_0:0:1140024:0
shared,shared,random_actions,0,30000,1,reference,panel_0,1140024,b5641ba1d6c3654cc47326d66ff7bbd32a9f1fae2d5bfe3ca2bd279b9afcd8e2,1,0,32,-0.3200000000000001,-0.04159999999999986,9,23,18,6,28,9,1,1.9318397341560005,0.0,0,,random_actions,random_actions:panel_0:0:1140024:1
shared,shared,random_actions,0,30000,1,reference,panel_0,1140025,1d35a154ed38f4e214e9486d7978679dc48c7f00c5abdd83ded6b18f161aa766,0,1,20,0.7999999999999999,0.9764,1,19,8,12,20,11,0,0.6434143988570011,0.0,0,,random_actions,random_actions:panel_0:0:1140025:0
shared,shared,random_actions,0,30000,1,reference,panel_0,1140025,1d35a154ed38f4e214e9486d7978679dc48c7f00c5abdd83ded6b18f161aa766,1,1,32,0.6799999999999999,0.9152000000000001,11,21,12,10,32,12,0,1.0769504601140016,0.0,0,,random_actions,random_actions:panel_0:0:1140025:1
shared,shared,random_actions,0,30000,1,reference,panel_0,1140026,2abcf88b8eac8a73f8d45f031654b26e7115ed6a94f4e907675d7d6850711f1a,0,0,32,-0.3200000000000001,-0.08399999999999987,18,14,8,7,30,6,1,2.0208205271941613,0.0,0,,random_actions,random_actions:panel_0:0:1140026:0
shared,shared,random_actions,0,30000,1,reference,panel_0,1140026,2abcf88b8eac8a73f8d45f031654b26e7115ed6a94f4e907675d7d6850711f1a,1,0,32,-0.3200000000000001,-0.08399999999999996,5,27,19,9,29,11,1,2.0003390037168716,0.0,0,,random_actions,random_actions:panel_0:0:1140026:1
shared,shared,random_actions,0,30000,1,reference,panel_0,1140027,85617377121d9f3a7040315a2709d034b11039b2bc80d972f1f7a3043fdfe41c,0,1,3,0.97,1.0936,0,3,0,4,3,3,0,0.0,0.0,0,,random_actions,random_actions:panel_0:0:1140027:0
shared,shared,random_actions,0,30000,1,reference,panel_0,1140027,85617377121d9f3a7040315a2709d034b11039b2bc80d972f1f7a3043fdfe41c,1,0,32,-0.3200000000000001,-0.09319999999999995,10,22,16,7,30,10,1,2.0312284224000026,0.0,0,,random_actions,random_actions:panel_0:0:1140027:1
shared,shared,random_actions,0,30000,1,reference,panel_0,1140028,3991a0993be21963eab52de55b88bc3840d3537826f6173cd5e082dc57e82225,0,0,32,-0.3200000000000001,-0.037999999999999895,11,21,12,10,27,7,1,1.900315724165162,0.0,0,,random_actions,random_actions:panel_0:0:1140028:0
shared,shared,random_actions,0,30000,1,reference,panel_0,1140028,3991a0993be21963eab52de55b88bc3840d3537826f6173cd5e082dc57e82225,1,1,17,0.83,1.0088000000000001,6,11,5,7,17,7,0,0.5185737467000008,0.0,0,,random_actions,random_actions:panel_0:0:1140028:1
shared,shared,random_actions,0,30000,1,reference,panel_0,1140029,8accb1dd748ed6144e1bb1761cce7ceb35fe0499c99a718b9facdcd2406542cc,0,1,16,0.84,1.036,6,10,4,7,16,7,0,0.46232130810000094,0.0,0,,random_actions,random_actions:panel_0:0:1140029:0
shared,shared,random_actions,0,30000,1,reference,panel_0,1140029,8accb1dd748ed6144e1bb1761cce7ceb35fe0499c99a718b9facdcd2406542cc,1,0,32,-0.3200000000000001,-0.024399999999999866,1,31,21,11,29,14,1,1.9412275429622912,0.0,0,,random_actions,random_actions:panel_0:0:1140029:1
shared,shared,random_actions,0,30000,1,reference,panel_0,1140030,db8e708a189fedc30469e66c71835894f1a47d5912887b95b8bcedacb9092aa8,0,0,32,-0.3200000000000001,-0.16679999999999995,13,19,15,5,31,9,1,2.1269233462000026,0.0,0,,random_actions,random_actions:panel_0:0:1140030:0
shared,shared,random_actions,0,30000,1,reference,panel_0,1140030,db8e708a189fedc30469e66c71835894f1a47d5912887b95b8bcedacb9092aa8,1,1,10,0.9,1.004,2,8,3,6,10,5,0,0.3047123081000006,0.0,0,,random_actions,random_actions:panel_0:0:1140030:1
shared,shared,random_actions,0,30000,1,reference,panel_0,1140031,ddf0e852b987ac221b43ff8ec058b5aa24c3618c81f9c988fcd3980f43cd1212,0,0,32,-0.3200000000000001,-0.0351999999999999,12,20,15,6,30,9,1,1.9779435191000017,0.0,0,,random_actions,random_actions:panel_0:0:1140031:0
shared,shared,random_actions,0,30000,1,reference,panel_0,1140031,ddf0e852b987ac221b43ff8ec058b5aa24c3618c81f9c988fcd3980f43cd1212,1,0,32,-0.3200000000000001,0.04040000000000016,14,18,13,6,28,7,1,1.8611785048970593,0.0,0,,random_actions,random_actions:panel_0:0:1140031:1
shared,shared,random_actions,0,30000,1,reference,panel_0,1140032,dc5cd2413d0be7b96a6ed60148890f2d279f4c3b4aad32aae10a4a291c1c694f,0,0,32,-0.3200000000000001,0.02960000000000018,13,19,13,7,27,8,1,1.8517181290284501,0.0,0,,random_actions,random_actions:panel_0:0:1140032:0
shared,shared,random_actions,0,30000,1,reference,panel_0,1140032,dc5cd2413d0be7b96a6ed60148890f2d279f4c3b4aad32aae10a4a291c1c694f,1,1,26,0.74,0.9804000000000002,10,16,8,9,26,10,0,0.8280458315140015,0.0,0,,random_actions,random_actions:panel_0:0:1140032:1
shared,shared,random_actions,0,30000,1,reference,panel_0,1140033,8e2ec246f249257fb97f1f43260d08df4c651419df6bda651417b1ba96c504b1,0,0,32,-0.3200000000000001,-0.1343999999999999,8,24,15,10,31,11,1,2.096843092900002,0.0,0,,random_actions,random_actions:panel_0:0:1140033:0
shared,shared,random_actions,0,30000,1,reference,panel_0,1140033,8e2ec246f249257fb97f1f43260d08df4c651419df6bda651417b1ba96c504b1,1,1,15,0.85,0.9744,5,10,2,9,15,6,0,0.48934478050000063,0.0,0,,random_actions,random_actions:panel_0:0:1140033:1
shared,shared,random_actions,0,30000,1,reference,panel_0,1140034,fd1081e154652485c50a358dd2663378f25e05e9dc513829ee4430693025e04b,0,1,3,0.97,1.0124,2,1,0,2,3,1,0,0.07940000000000014,0.0,0,,random_actions,random_actions:panel_0:0:1140034:0
shared,shared,random_actions,0,30000,1,reference,panel_0,1140034,fd1081e154652485c50a358dd2663378f25e05e9dc513829ee4430693025e04b,1,1,12,0.88,0.95,5,7,2,6,12,4,0,0.42020465000000096,0.0,0,,random_actions,random_actions:panel_0:0:1140034:1
shared,shared,random_actions,0,30000,1,reference,panel_0,1140035,2039058dc746b983ca668c63f7e7c9cd80b2c0f69f506c24964f45343f09a8b9,0,0,32,-0.3200000000000001,-0.17679999999999996,10,22,13,10,30,9,1,2.109681133157002,0.0,0,,random_actions,random_actions:panel_0:0:1140035:0
shared,shared,random_actions,0,30000,1,reference,panel_0,1140035,2039058dc746b983ca668c63f7e7c9cd80b2c0f69f506c24964f45343f09a8b9,1,1,16,0.84,0.9196,1,15,7,9,16,8,0,0.5743110381000012,0.0,0,,random_actions,random_actions:panel_0:0:1140035:1
shared,shared,random_actions,0,30000,1,reference,panel_0,1140036,bf5e52148b9df65a6731d652d3fb337ec8ed3a120e081b674ed62636101787fe,0,1,23,0.7699999999999999,0.9944000000000002,4,19,8,12,23,11,0,0.7209145681415526,0.0,0,,random_actions,random_actions:panel_0:0:1140036:0
shared,shared,random_actions,0,30000,1,reference,panel_0,1140036,bf5e52148b9df65a6731d652d3fb337ec8ed3a120e081b674ed62636101787fe,1,0,32,-0.3200000000000001,-0.08239999999999993,14,18,11,8,30,8,1,2.0178473087280024,0.0,0,,random_actions,random_actions:panel_0:0:1140036:1
shared,shared,random_actions,0,30000,1,reference,panel_0,1140037,81bc5a3cc3e28b291bc9b20685d7d57d9a9784668c4034629a15ffbd2423d011,0,0,32,-0.3200000000000001,0.014400000000000118,13,19,11,9,32,11,1,1.9860126761980026,0.0,0,,random_actions,random_actions:panel_0:0:1140037:0
shared,shared,random_actions,0,30000,1,reference,panel_0,1140037,81bc5a3cc3e28b291bc9b20685d7d57d9a9784668c4034629a15ffbd2423d011,1,0,32,-0.3200000000000001,0.0036000000000000892,17,15,5,11,31,9,1,1.9666347097420025,0.0,0,,random_actions,random_actions:panel_0:0:1140037:1
shared,shared,random_actions,0,30000,1,reference,panel_0,1140038,fecc3c8cc4ee724bc307449d9717dd7462147ec066e6b284de329b5ee0d8b422,0,0,32,-0.3200000000000001,0.2616000000000002,14,18,12,7,27,8,1,1.6498152632264271,0.0,0,,random_actions,random_actions:panel_0:0:1140038:0
shared,shared,random_actions,0,30000,1,reference,panel_0,1140038,fecc3c8cc4ee724bc307449d9717dd7462147ec066e6b284de329b5ee0d8b422,1,0,32,-0.3200000000000001,0.18240000000000017,8,24,15,10,28,12,1,1.7426633643784928,0.0,0,,random_actions,random_actions:panel_0:0:1140038:1
shared,shared,random_actions,0,30000,1,reference,panel_0,1140039,63243ebf0fe9099e0672c800e98577065957c7b421e095e5d26f1055c3803df1,0,0,32,-0.3200000000000001,0.040800000000000114,10,22,14,9,28,10,1,1.8560788989700008,0.0,0,,random_actions,random_actions:panel_0:0:1140039:0
shared,shared,random_actions,0,30000,1,reference,panel_0,1140039,63243ebf0fe9099e0672c800e98577065957c7b421e095e5d26f1055c3803df1,1,0,32,-0.3200000000000001,0.10080000000000017,13,19,14,6,28,8,1,1.8070465947634369,0.0,0,,random_actions,random_actions:panel_0:0:1140039:1
shared,shared,random_actions,0,30000,1,reference,panel_0,1140040,edbd90bd8aac3b9b38ea94f0e0617159dfb1ef85e3d72cfad79b0b1c5af45743,0,0,32,-0.3200000000000001,-0.08239999999999986,8,24,14,11,29,10,1,1.9932268949280019,0.0,0,,random_actions,random_actions:panel_0:0:1140040:0
shared,shared,random_actions,0,30000,1,reference,panel_0,1140040,edbd90bd8aac3b9b38ea94f0e0617159dfb1ef85e3d72cfad79b0b1c5af45743,1,0,32,-0.3200000000000001,-0.06199999999999989,10,22,14,9,30,10,1,2.0008291097280013,0.0,0,,random_actions,random_actions:panel_0:0:1140040:1
shared,shared,random_actions,0,30000,1,reference,panel_0,1140041,93d47683e6a2998d4947ca85d88db9c7f4839e968adc09fd51ec33fce5b65e47,0,0,32,-0.3200000000000001,-0.0812,13,19,10,10,32,10,1,2.073927927213003,0.0,0,,random_actions,random_actions:panel_0:0:1140041:0
shared,shared,random_actions,0,30000,1,reference,panel_0,1140041,93d47683e6a2998d4947ca85d88db9c7f4839e968adc09fd51ec33fce5b65e47,1,0,32,-0.3200000000000001,-0.006799999999999834,17,15,11,5,28,6,1,1.9017942240767698,0.0,0,,random_actions,random_actions:panel_0:0:1140041:1
shared,shared,random_actions,0,30000,1,reference,panel_0,1140042,fe9e07790d839deba27baab65b69aa34db6b17b2c9d02613f33f2baaf238e15d,0,1,19,0.8099999999999999,1.0288000000000002,7,12,4,9,19,8,0,0.5631017998710011,0.0,0,,random_actions,random_actions:panel_0:0:1140042:0
shared,shared,random_actions,0,30000,1,reference,panel_0,1140042,fe9e07790d839deba27baab65b69aa34db6b17b2c9d02613f33f2baaf238e15d,1,0,32,-0.3200000000000001,-0.04599999999999996,12,20,10,11,30,10,1,1.9860283296140022,0.0,0,,random_actions,random_actions:panel_0:0:1140042:1
shared,shared,random_actions,0,30000,1,reference,panel_0,1140043,de6f4871fdee2d6e0373ad70e85d7d829293b7bafa8ce559583ef67a3f717c1c,0,0,32,-0.3200000000000001,0.013200000000000128,15,17,12,6,31,10,1,1.9577738209990012,0.0,0,,random_actions,random_actions:panel_0:0:1140043:0
shared,shared,random_actions,0,30000,1,reference,panel_0,1140043,de6f4871fdee2d6e0373ad70e85d7d829293b7bafa8ce559583ef67a3f717c1c,1,1,21,0.7899999999999999,1.0536,8,13,6,8,21,9,0,0.6034706881000015,0.0,0,,random_actions,random_actions:panel_0:0:1140043:1
shared,shared,random_actions,0,30000,1,reference,panel_0,1140044,94d969e40987689365694957b2504633332aefdd216ded83f572cb976a79e0d9,0,0,32,-0.3200000000000001,0.006800000000000167,12,20,16,5,29,9,1,1.9164964460535807,0.0,0,,random_actions,random_actions:panel_0:0:1140044:0
shared,shared,random_actions,0,30000,1,reference,panel_0,1140044,94d969e40987689365694957b2504633332aefdd216ded83f572cb976a79e0d9,1,0,32,-0.3200000000000001,-0.027999999999999886,11,21,16,6,30,10,1,1.968977584157001,0.0,0,,random_actions,random_actions:panel_0:0:1140044:1
shared,shared,random_actions,0,30000,1,reference,panel_0,1140045,48f929bf38e3797abad36c54850d6efad2cce1307266543d669a35cdb9b50a37,0,0,32,-0.3200000000000001,-0.08839999999999985,11,21,16,6,29,9,1,1.9973647767000018,0.0,0,,random_actions,random_actions:panel_0:0:1140045:0
shared,shared,random_actions,0,30000,1,reference,panel_0,1140045,48f929bf38e3797abad36c54850d6efad2cce1307266543d669a35cdb9b50a37,1,1,24,0.7599999999999999,0.9532,5,19,9,11,24,11,0,0.7903443843000018,0.0,0,,random_actions,random_actions:panel_0:0:1140045:1
shared,shared,random_actions,0,30000,1,reference,panel_0,1140046,1017aaf8d7814906da01aed0e4c1de7c6c46919ff821e518d089f264ebcc7e26,0,0,32,-0.3200000000000001,0.1868000000000002,9,23,17,7,26,9,1,1.6913649025572006,0.0,0,,random_actions,random_actions:panel_0:0:1140046:0
shared,shared,random_actions,0,30000,1,reference,panel_0,1140046,1017aaf8d7814906da01aed0e4c1de7c6c46919ff821e518d089f264ebcc7e26,1,0,32,-0.3200000000000001,0.12680000000000013,14,18,5,14,29,9,1,1.8059214336664788,0.0,0,,random_actions,random_actions:panel_0:0:1140046:1
shared,shared,random_actions,0,30000,1,reference,panel_0,1140047,970e98de00c0b9857d786506e3c758baa2926ed08c92afb2d95bb8fd3e33fed7,0,1,30,0.7,1.0452000000000001,13,17,7,11,30,11,0,0.8947485026980303,0.0,0,,random_actions,random_actions:panel_0:0:1140047:0
shared,shared,random_actions,0,30000,1,reference,panel_0,1140047,970e98de00c0b9857d786506e3c758baa2926ed08c92afb2d95bb8fd3e33fed7,1,0,32,-0.3200000000000001,0.009600000000000102,8,24,14,11,31,13,1,1.9615717803661614,0.0,0,,random_actions,random_actions:panel_0:0:1140047:1
shared,shared,random_actions,0,30000,1,reference,panel_0,1140048,8f5951cf7be8106e9c0ac3a6bd59a87439e844e66a8ae823c313039fc1b132f2,0,0,32,-0.3200000000000001,-0.13119999999999987,11,21,15,7,29,7,1,2.045547353027002,0.0,0,,random_actions,random_actions:panel_0:0:1140048:0
shared,shared,random_actions,0,30000,1,reference,panel_0,1140048,8f5951cf7be8106e9c0ac3a6bd59a87439e844e66a8ae823c313039fc1b132f2,1,0,32,-0.3200000000000001,-0.17559999999999992,11,21,14,8,28,7,1,2.0597473586000024,0.0,0,,random_actions,random_actions:panel_0:0:1140048:1
shared,shared,random_actions,0,30000,1,reference,panel_0,1140049,1161d896ff45fa6c0cc4cfea1e73c71f45d1df742bb769849b56bcf7e206cc42,0,0,32,-0.3200000000000001,-0.12479999999999998,6,26,15,12,30,12,1,2.0597885003710026,0.0,0,,random_actions,random_actions:panel_0:0:1140049:0
shared,shared,random_actions,0,30000,1,reference,panel_0,1140049,1161d896ff45fa6c0cc4cfea1e73c71f45d1df742bb769849b56bcf7e206cc42,1,0,32,-0.3200000000000001,-0.06959999999999983,19,13,5,9,26,4,1,1.9222382828736397,0.0,0,,random_actions,random_actions:panel_0:0:1140049:1
shared,shared,random_actions,0,30000,1,reference,panel_0,1140050,df1c9adddf022ae9c964b76337bcdba2b4205652e6173697a21f0e3c065bec6e,0,1,20,0.7999999999999999,0.8928,3,17,11,7,20,9,0,0.7248812281000016,0.0,0,,random_actions,random_actions:panel_0:0:1140050:0
shared,shared,random_actions,0,30000,1,reference,panel_0,1140050,df1c9adddf022ae9c964b76337bcdba2b4205652e6173697a21f0e3c065bec6e,1,0,32,-0.3200000000000001,-0.07239999999999974,10,22,12,11,28,8,1,1.973248575457669,0.0,0,,random_actions,random_actions:panel_0:0:1140050:1
shared,shared,random_actions,0,30000,1,reference,panel_0,1140051,d5d92f8b172cd3b803a5e8c1554a7a2a3c4b337f675aef710c1ea4b7adab9703,0,0,32,-0.3200000000000001,-0.10519999999999996,12,20,13,8,32,11,1,2.0962823505000023,0.0,0,,random_actions,random_actions:panel_0:0:1140051:0
shared,shared,random_actions,0,30000,1,reference,panel_0,1140051,d5d92f8b172cd3b803a5e8c1554a7a2a3c4b337f675aef710c1ea4b7adab9703,1,0,32,-0.3200000000000001,-0.09200000000000001,6,26,16,11,29,11,1,1.9998812179710024,0.0,0,,random_actions,random_actions:panel_0:0:1140051:1
shared,shared,random_actions,0,30000,1,reference,panel_0,1140052,3e277ffe79f468f68634ff26bb141865e14f177591fb72db6b59fbc609fb6205,0,0,32,-0.3200000000000001,-0.10399999999999994,8,24,16,9,31,12,1,2.0663170086000022,0.0,0,,random_actions,random_actions:panel_0:0:1140052:0
shared,shared,random_actions,0,30000,1,reference,panel_0,1140052,3e277ffe79f468f68634ff26bb141865e14f177591fb72db6b59fbc609fb6205,1,0,32,-0.3200000000000001,-0.07519999999999988,6,26,13,14,32,14,1,2.0677408144140017,0.0,0,,random_actions,random_actions:panel_0:0:1140052:1
shared,shared,random_actions,0,30000,1,reference,panel_0,1140053,2e9da87ea79e479525dd47c01ee8e87a72f5646110ce066dbaeca9a51199006c,0,1,28,0.72,1.0192,16,12,6,7,28,8,0,0.8544441615120024,0.0,0,,random_actions,random_actions:panel_0:0:1140053:0
shared,shared,random_actions,0,30000,1,reference,panel_0,1140053,2e9da87ea79e479525dd47c01ee8e87a72f5646110ce066dbaeca9a51199006c,1,1,11,0.89,1.08,1,10,1,10,11,7,0,0.2638916962000004,0.0,0,,random_actions,random_actions:panel_0:0:1140053:1
shared,shared,random_actions,0,30000,1,reference,panel_0,1140054,7d5508357750a0b81c48cd8e4a043069c194f545e5b4f7816fe87851a236d415,0,0,32,-0.3200000000000001,0.06480000000000014,14,18,14,5,27,7,1,1.8111360282057403,0.0,0,,random_actions,random_actions:panel_0:0:1140054:0
shared,shared,random_actions,0,30000,1,reference,panel_0,1140054,7d5508357750a0b81c48cd8e4a043069c194f545e5b4f7816fe87851a236d415,1,0,32,-0.3200000000000001,0.02160000000000012,9,23,9,15,30,12,1,1.925815345680161,0.0,0,,random_actions,random_actions:panel_0:0:1140054:1
shared,shared,random_actions,0,30000,1,reference,panel_0,1140055,8a6a0d4ceb59b0d583850694ab0a06041bc8b2805a40b14946d5b9a9fc77e07e,0,1,3,0.97,1.0136,0,3,0,4,3,2,0,0.07820900000000008,0.0,0,,random_actions,random_actions:panel_0:0:1140055:0
shared,shared,random_actions,0,30000,1,reference,panel_0,1140055,8a6a0d4ceb59b0d583850694ab0a06041bc8b2805a40b14946d5b9a9fc77e07e,1,1,21,0.7899999999999999,0.8972,6,15,7,9,21,8,0,0.7521473715140014,0.0,0,,random_actions,random_actions:panel_0:0:1140055:1
shared,shared,random_actions,0,30000,1,reference,panel_0,1140056,a254d3cca9cfeac38dbc5a91bfa627a61650b963f3f868f2abf4d1b7a8d01a8a,0,1,9,0.91,1.0188000000000001,1,8,1,8,9,5,0,0.2592695443000005,0.0,0,,random_actions,random_actions:panel_0:0:1140056:0
shared,shared,random_actions,0,30000,1,reference,panel_0,1140056,a254d3cca9cfeac38dbc5a91bfa627a61650b963f3f868f2abf4d1b7a8d01a8a,1,1,10,0.9,1.0004,0,10,6,5,10,6,0,0.3081434600000006,0.0,0,,random_actions,random_actions:panel_0:0:1140056:1
shared,shared,random_actions,0,30000,1,reference,panel_0,1140057,a23d503774d88eb69f41e37841e3ede7d1b1ad7218278613cc1fda912b47b469,0,0,32,-0.3200000000000001,0.10080000000000017,17,15,9,7,26,6,1,1.7631944476865953,0.0,0,,random_actions,random_actions:panel_0:0:1140057:0
shared,shared,random_actions,0,30000,1,reference,panel_0,1140057,a23d503774d88eb69f41e37841e3ede7d1b1ad7218278613cc1fda912b47b469,1,0,32,-0.3200000000000001,0.0504000000000001,10,22,11,12,31,12,1,1.9252516328869012,0.0,0,,random_actions,random_actions:panel_0:0:1140057:1
shared,shared,random_actions,0,30000,1,reference,panel_0,1140058,8121b92577142f257656fa6204bda3122d446b379bd044304af0c8028afa4fc4,0,1,26,0.74,1.066,13,13,6,8,26,9,0,0.7494093962434499,0.0,0,,random_actions,random_actions:panel_0:0:1140058:0
shared,shared,random_actions,0,30000,1,reference,panel_0,1140058,8121b92577142f257656fa6204bda3122d446b379bd044304af0c8028afa4fc4,1,0,32,-0.3200000000000001,0.09600000000000011,27,5,3,3,27,1,1,1.7834285627946675,0.0,0,,random_actions,random_actions:panel_0:0:1140058:1
shared,shared,random_actions,0,30000,1,reference,panel_0,1140059,b9344eac8899c297e65a75ab3ba894d913aed069475029ebd01fab8d54e42479,0,0,32,-0.3200000000000001,-0.13319999999999999,6,26,17,10,30,11,1,2.0712761396140023,0.0,0,,random_actions,random_actions:panel_0:0:1140059:0
shared,shared,random_actions,0,30000,1,reference,panel_0,1140059,b9344eac8899c297e65a75ab3ba894d913aed069475029ebd01fab8d54e42479,1,1,4,0.96,1.046,2,2,0,3,4,2,0,0.07701800000000025,0.0,0,,random_actions,random_actions:panel_0:0:1140059:1
shared,shared,random_actions,0,30000,1,reference,panel_0,1140060,a69415479a4bc279d949658b6223e5c61ba1c84f59168cc5d386edbcb0ad5718,0,1,25,0.7499999999999999,0.9736,9,16,6,11,25,10,0,0.8030555700000016,0.0,0,,random_actions,random_actions:panel_0:0:1140060:0
shared,shared,random_actions,0,30000,1,reference,panel_0,1140060,a69415479a4bc279d949658b6223e5c61ba1c84f59168cc5d386edbcb0ad5718,1,0,32,-0.3200000000000001,-0.041199999999999876,14,18,13,6,29,8,1,1.9542693548000019,0.0,0,,random_actions,random_actions:panel_0:0:1140060:1
shared,shared,random_actions,0,30000,1,reference,panel_0,1140061,f66a0d751e878331840ee787d7e79d8540eecaddb46e97318a65c6eba1987c04,0,0,32,-0.3200000000000001,0.07880000000000006,12,20,12,9,30,12,1,1.8754556601729733,0.0,0,,random_actions,random_actions:panel_0:0:1140061:0
shared,shared,random_actions,0,30000,1,reference,panel_0,1140061,f66a0d751e878331840ee787d7e79d8540eecaddb46e97318a65c6eba1987c04,1,0,32,-0.3200000000000001,0.1676000000000001,10,22,14,9,27,10,1,1.7294729391073353,0.0,0,,random_actions,random_actions:panel_0:0:1140061:1
shared,shared,random_actions,0,30000,1,reference,panel_0,1140062,03ac19cbdfadc3fb55324a7704b4e4f25c9e149d90c77be789402ea8821d498b,0,0,32,-0.3200000000000001,0.028800000000000117,13,19,13,7,31,10,1,1.9441153460560008,0.0,0,,random_actions,random_actions:panel_0:0:1140062:0
shared,shared,random_actions,0,30000,1,reference,panel_0,1140062,03ac19cbdfadc3fb55324a7704b4e4f25c9e149d90c77be789402ea8821d498b,1,0,32,-0.3200000000000001,0.0828000000000002,9,23,13,11,27,9,1,1.7917039138465207,0.0,0,,random_actions,random_actions:panel_0:0:1140062:1
shared,shared,random_actions,0,30000,1,reference,panel_0,1140063,4332d60dc6ce9c5c69fd0ce4b204303bdff6959f7c4907d391b1e9ba6ada1f6d,0,0,32,-0.3200000000000001,0.022400000000000142,11,21,10,12,30,10,1,1.9244263114666829,0.0,0,,random_actions,random_actions:panel_0:0:1140063:0
shared,shared,random_actions,0,30000,1,reference,panel_0,1140063,4332d60dc6ce9c5c69fd0ce4b204303bdff6959f7c4907d391b1e9ba6ada1f6d,1,0,32,-0.3200000000000001,0.04160000000000014,16,16,8,9,26,6,1,1.8113539020547256,0.0,0,,random_actions,random_actions:panel_0:0:1140063:1
shared,shared,random_actions,1,30000,1,reference,panel_0,1140000,bed384096705171103468c67fab1c50cddf090e8dd0ef6d27adef77e389105b8,0,0,32,-0.3200000000000001,-0.08319999999999995,4,28,19,10,31,14,1,2.048607156200002,0.0,0,,random_actions,random_actions:panel_0:1:1140000:0
shared,shared,random_actions,1,30000,1,reference,panel_0,1140000,bed384096705171103468c67fab1c50cddf090e8dd0ef6d27adef77e389105b8,1,0,32,-0.3200000000000001,0.009200000000000153,10,22,14,9,27,9,1,1.8663147510372338,0.0,0,,random_actions,random_actions:panel_0:1:1140000:1
shared,shared,random_actions,1,30000,1,reference,panel_0,1140001,215e353fd2f5a4cf418ad037fceb9e966602bc07b29ed6c29fac00db2be5344f,0,0,32,-0.3200000000000001,0.03240000000000012,9,23,12,12,31,12,1,1.9413220591574514,0.0,0,,random_actions,random_actions:panel_0:1:1140001:0
shared,shared,random_actions,1,30000,1,reference,panel_0,1140001,215e353fd2f5a4cf418ad037fceb9e966602bc07b29ed6c29fac00db2be5344f,1,0,32,-0.3200000000000001,0.03840000000000013,7,25,15,11,30,13,1,1.9085901744738711,0.0,0,,random_actions,random_actions:panel_0:1:1140001:1
shared,shared,random_actions,1,30000,1,reference,panel_0,1140002,afd83dff8180d1aa3f122c468f2581986b3d1256c650a41a2d41be87cc476abb,0,1,19,0.8099999999999999,1.0168000000000001,3,16,6,11,19,10,0,0.574346768100001,0.0,0,,random_actions,random_actions:panel_0:1:1140002:0
shared,shared,random_actions,1,30000,1,reference,panel_0,1140002,afd83dff8180d1aa3f122c468f2581986b3d1256c650a41a2d41be87cc476abb,1,0,32,-0.3200000000000001,0.020000000000000073,9,23,17,7,28,10,1,1.8770910818158706,0.0,0,,random_actions,random_actions:panel_0:1:1140002:1
shared,shared,random_actions,1,30000,1,reference,panel_0,1140003,b34f77e0cb58ca9d0a1d531c5ff10dabe78b8a2545fc7c82271e9abbb0b13531,0,0,32,-0.3200000000000001,0.16360000000000027,9,23,13,11,26,9,1,1.7135984625122025,0.0,0,,random_actions,random_actions:panel_0:1:1140003:0
shared,shared,random_actions,1,30000,1,reference,panel_0,1140003,b34f77e0cb58ca9d0a1d531c5ff10dabe78b8a2545fc7c82271e9abbb0b13531,1,0,32,-0.3200000000000001,0.17320000000000027,9,23,18,6,26,9,1,1.7010090913470588,0.0,0,,random_actions,random_actions:panel_0:1:1140003:1
shared,shared,random_actions,1,30000,1,reference,panel_0,1140004,3290676bf233bcca0bae10b5ae407c68b97722ed2242486ef1df58aa46080822,0,0,32,-0.3200000000000001,1.1102230246251565e-16,9,23,11,13,29,11,1,1.919605388728002,0.0,0,,random_actions,random_actions:panel_0:1:1140004:0
shared,shared,random_actions,1,30000,1,reference,panel_0,1140004,3290676bf233bcca0bae10b5ae407c68b97722ed2242486ef1df58aa46080822,1,0,32,-0.3200000000000001,0.06360000000000016,7,25,18,8,27,10,1,1.8089620411197402,0.0,0,,random_actions,random_actions:panel_0:1:1140004:1
shared,shared,random_actions,1,30000,1,reference,panel_0,1140005,4f97370d557c1739dafaf559c6d3e283251f6712d8786e0145c5a21e4f69e330,0,0,32,-0.3200000000000001,-0.07519999999999986,9,23,12,12,31,12,1,2.0394486309990008,0.0,0,,random_actions,random_actions:panel_0:1:1140005:0
shared,shared,random_actions,1,30000,1,reference,panel_0,1140005,4f97370d557c1739dafaf559c6d3e283251f6712d8786e0145c5a21e4f69e330,1,1,3,0.97,1.0936,0,3,0,4,3,3,0,0.0,0.0,0,,random_actions,random_actions:panel_0:1:1140005:1
shared,shared,random_actions,1,30000,1,reference,panel_0,1140006,4ceee66dc266fe8138771db04580b0f73542e53ec1a4bed48cd72cd55153d54b,0,0,32,-0.3200000000000001,0.09000000000000014,23,9,5,5,29,4,1,1.8395089143743775,0.0,0,,random_actions,random_actions:panel_0:1:1140006:0
shared,shared,random_actions,1,30000,1,reference,panel_0,1140006,4ceee66dc266fe8138771db04580b0f73542e53ec1a4bed48cd72cd55153d54b,1,0,32,-0.3200000000000001,0.03960000000000011,7,25,18,8,28,11,1,1.8560788989700008,0.0,0,,random_actions,random_actions:panel_0:1:1140006:1
shared,shared,random_actions,1,30000,1,reference,panel_0,1140007,e0b51ce4164f909163596242d8129e17af02357583715e56537a67ea86855645,0,0,32,-0.3200000000000001,-0.11359999999999999,9,23,19,5,31,11,1,2.076470760000003,0.0,0,,random_actions,random_actions:panel_0:1:1140007:0
shared,shared,random_actions,1,30000,1,reference,panel_0,1140007,e0b51ce4164f909163596242d8129e17af02357583715e56537a67ea86855645,1,1,20,0.7999999999999999,0.9704,9,11,5,7,20,7,0,0.6490195700000014,0.0,0,,random_actions,random_actions:panel_0:1:1140007:1
shared,shared,random_actions,1,30000,1,reference,panel_0,1140008,7aa246f76c29c8277e78dcd9b266c1dfb3caa62f42942b08d0f72599d3db5ed3,0,1,17,0.83,1.0136,4,13,8,6,17,8,0,0.5139873248000008,0.0,0,,random_actions,random_actions:panel_0:1:1140008:0
shared,shared,random_actions,1,30000,1,reference,panel_0,1140008,7aa246f76c29c8277e78dcd9b266c1dfb3caa62f42942b08d0f72599d3db5ed3,1,0,32,-0.3200000000000001,-0.09799999999999996,10,22,14,9,31,11,1,2.0617999029000016,0.0,0,,random_actions,random_actions:panel_0:1:1140008:1
shared,shared,random_actions,1,30000,1,reference,panel_0,1140009,fe11601eb7169f8fbf8e215e0254cf61c7f0c6cb4a0c902b7bb8e5cf691a6931,0,0,32,-0.3200000000000001,-0.04879999999999986,7,25,14,12,31,12,1,2.015989878816944,0.0,0,,random_actions,random_actions:panel_0:1:1140009:0
shared,shared,random_actions,1,30000,1,reference,panel_0,1140009,fe11601eb7169f8fbf8e215e0254cf61c7f0c6cb4a0c902b7bb8e5cf691a6931,1,0,32,-0.3200000000000001,-0.07279999999999978,12,20,15,6,29,9,1,1.9848973017570013,0.0,0,,random_actions,random_actions:panel_0:1:1140009:1
shared,shared,random_actions,1,30000,1,reference,panel_0,1140010,d91114fb3468e2aafe820554e34ae1b8beff3dbb7d480ae5742d837acbbc3369,0,1,15,0.85,0.9744,3,12,6,7,15,7,0,0.48909895810000126,0.0,0,,random_actions,random_actions:panel_0:1:1140010:0
shared,shared,random_actions,1,30000,1,reference,panel_0,1140010,d91114fb3468e2aafe820554e34ae1b8beff3dbb7d480ae5742d837acbbc3369,1,1,22,0.7799999999999999,0.9092,8,14,8,7,22,8,0,0.7703586500000018,0.0,0,,random_actions,random_actions:panel_0:1:1140010:1
shared,shared,random_actions,1,30000,1,reference,panel_0,1140011,cc9e8a802691d3ded9565951a85ebea0bf53878e9b60ae4f121e8edb28836474,0,0,32,-0.3200000000000001,-0.00639999999999985,12,20,10,11,28,8,1,1.897882497956001,0.0,0,,random_actions,random_actions:panel_0:1:1140011:0
shared,shared,random_actions,1,30000,1,reference,panel_0,1140011,cc9e8a802691d3ded9565951a85ebea0bf53878e9b60ae4f121e8edb28836474,1,0,32,-0.3200000000000001,0.024800000000000127,6,26,16,11,25,9,1,1.8078823349140443,0.0,0,,random_actions,random_actions:panel_0:1:1140011:1
shared,shared,random_actions,1,30000,1,reference,panel_0,1140012,50d50ec0adcffbb8b6d2e5f80c2864cc721acf42cea5258eec6658b5eb5ba0fc,0,1,13,0.87,1.0672000000000001,5,8,3,6,13,6,0,0.3385634262000008,0.0,0,,random_actions,random_actions:panel_0:1:1140012:0
shared,shared,random_actions,1,30000,1,reference,panel_0,1140012,50d50ec0adcffbb8b6d2e5f80c2864cc721acf42cea5258eec6658b5eb5ba0fc,1,1,13,0.87,1.0648,3,10,4,7,13,7,0,0.34087503810000075,0.0,0,,random_actions,random_actions:panel_0:1:1140012:1
shared,shared,random_actions,1,30000,1,reference,panel_0,1140013,500b0bb49c685ba5b31b1b8bb8e4cf1e58b6d7e4fa45dda4e02a0d7a54547980,0,0,32,-0.3200000000000001,-0.09919999999999986,15,17,8,10,31,8,1,2.062920514800002,0.0,0,,random_actions,random_actions:panel_0:1:1140013:0
shared,shared,random_actions,1,30000,1,reference,panel_0,1140013,500b0bb49c685ba5b31b1b8bb8e4cf1e58b6d7e4fa45dda4e02a0d7a54547980,1,0,32,-0.3200000000000001,-0.08719999999999989,15,17,9,9,30,8,1,2.025556046700002,0.0,0,,random_actions,random_actions:panel_0:1:1140013:1
shared,shared,random_actions,1,30000,1,reference,panel_0,1140014,c84c4d112793dcd86b61378878de101814d2e2f233091ccbe303f8a36a3db692,0,0,32,-0.3200000000000001,0.008000000000000146,6,26,20,7,28,11,1,1.8849333480144508,0.0,0,,random_actions,random_actions:panel_0:1:1140014:0
shared,shared,random_actions,1,30000,1,reference,panel_0,1140014,c84c4d112793dcd86b61378878de101814d2e2f233091ccbe303f8a36a3db692,1,1,25,0.7499999999999999,0.9916,5,20,12,9,25,12,0,0.7857926205000016,0.0,0,,random_actions,random_actions:panel_0:1:1140014:1
shared,shared,random_actions,1,30000,1,reference,panel_0,1140015,aff56a8363ebfdfbb22ab9f96812dc592e137e445e99379d7cc62732358a5c1d,0,1,28,0.72,0.9324000000000001,7,21,15,7,28,12,0,0.9353472448000016,0.0,0,,random_actions,random_actions:panel_0:1:1140015:0
shared,shared,random_actions,1,30000,1,reference,panel_0,1140015,aff56a8363ebfdfbb22ab9f96812dc592e137e445e99379d7cc62732358a5c1d,1,0,32,-0.3200000000000001,-0.09679999999999993,4,28,20,9,31,14,1,2.0593485867000023,0.0,0,,random_actions,random_actions:panel_0:1:1140015:1
shared,shared,random_actions,1,30000,1,reference,panel_0,1140016,3bd71125233c4df79d0dd28729f0cfd3666fa3f050c53374634c96dc8a827d57,0,0,32,-0.3200000000000001,0.04200000000000015,15,17,9,9,27,7,1,1.8398756707535817,0.0,0,,random_actions,random_actions:panel_0:1:1140016:0
shared,shared,random_actions,1,30000,1,reference,panel_0,1140016,3bd71125233c4df79d0dd28729f0cfd3666fa3f050c53374634c96dc8a827d57,1,0,32,-0.3200000000000001,0.10080000000000014,12,20,11,10,26,8,1,1.7611163334310889,0.0,0,,random_actions,random_actions:panel_0:1:1140016:1
shared,shared,random_actions,1,30000,1,reference,panel_0,1140017,0e1e22bf2958a79d619af23f3a400b79bfbfa444619df20e40ab4b8256593aed,0,0,32,-0.3200000000000001,0.05040000000000011,8,24,18,7,27,11,1,1.8276456983371607,0.0,0,,random_actions,random_actions:panel_0:1:1140017:0
shared,shared,random_actions,1,30000,1,reference,panel_0,1140017,0e1e22bf2958a79d619af23f3a400b79bfbfa444619df20e40ab4b8256593aed,1,0,32,-0.3200000000000001,0.04560000000000018,13,19,13,7,28,9,1,1.8507417606738708,0.0,0,,random_actions,random_actions:panel_0:1:1140017:1
shared,shared,random_actions,1,30000,1,reference,panel_0,1140018,77a4a789c9e7e59cd68ea66b413fc7c21b579a617fac660e33a23b42dd2c8dfc,0,0,32,-0.3200000000000001,0.05200000000000013,14,18,11,8,31,11,1,1.9236432621420017,0.0,0,,random_actions,random_actions:panel_0:1:1140018:0
shared,shared,random_actions,1,30000,1,reference,panel_0,1140018,77a4a789c9e7e59cd68ea66b413fc7c21b579a617fac660e33a23b42dd2c8dfc,1,0,32,-0.3200000000000001,0.13960000000000017,5,27,17,11,25,9,1,1.7002430681569987,0.0,0,,random_actions,random_actions:panel_0:1:1140018:1
shared,shared,random_actions,1,30000,1,reference,panel_0,1140019,50d60d920ab4dd5ecfbfa255479a46daf643e9f021bfe1e1619df774fd78aef9,0,0,32,-0.3200000000000001,-0.1452,4,28,16,13,31,13,1,2.1070997788570027,0.0,0,,random_actions,random_actions:panel_0:1:1140019:0
shared,shared,random_actions,1,30000,1,reference,panel_0,1140019,50d60d920ab4dd5ecfbfa255479a46daf643e9f021bfe1e1619df774fd78aef9,1,0,32,-0.3200000000000001,-0.1739999999999999,18,14,11,4,32,7,1,2.162416000000003,0.0,0,,random_actions,random_actions:panel_0:1:1140019:1
shared,shared,random_actions,1,30000,1,reference,panel_0,1140020,224ce91a4b4f3e671ea2a681e0a52f6a3fb84100d20137f06961b8a1a99209b2,0,0,32,-0.3200000000000001,0.06640000000000011,16,16,8,9,30,8,1,1.8857723664309005,0.0,0,,random_actions,random_actions:panel_0:1:1140020:0
shared,shared,random_actions,1,30000,1,reference,panel_0,1140020,224ce91a4b4f3e671ea2a681e0a52f6a3fb84100d20137f06961b8a1a99209b2,1,1,8,0.9199999999999999,1.1876,2,6,0,7,8,6,0,0.07249985455700025,0.0,0,,random_actions,random_actions:panel_0:1:1140020:1
shared,shared,random_actions,1,30000,1,reference,panel_0,1140021,71a8e5052077c5cac2b861676a99fdaffb3a0efa55e6ece94442d8386d931fec,0,0,32,-0.3200000000000001,0.03360000000000016,17,15,6,10,28,7,1,1.8607284609965813,0.0,0,,random_actions,random_actions:panel_0:1:1140021:0
shared,shared,random_actions,1,30000,1,reference,panel_0,1140021,71a8e5052077c5cac2b861676a99fdaffb3a0efa55e6ece94442d8386d931fec,1,0,32,-0.3200000000000001,0.024000000000000153,8,24,12,13,31,13,1,1.9481895947941616,0.0,0,,random_actions,random_actions:panel_0:1:1140021:1
shared,shared,random_actions,1,30000,1,reference,panel_0,1140022,b341a8d59601ab5326b4c783b9b4ceab58b5e988101fa1175063a7165e9bc90e,0,1,18,0.82,0.9480000000000001,6,12,6,7,18,7,0,0.6081285700000013,0.0,0,,random_actions,random_actions:panel_0:1:1140022:0
shared,shared,random_actions,1,30000,1,reference,panel_0,1140022,b341a8d59601ab5326b4c783b9b4ceab58b5e988101fa1175063a7165e9bc90e,1,1,16,0.84,0.9476,2,14,9,6,16,8,0,0.5462720000000008,0.0,0,,random_actions,random_actions:panel_0:1:1140022:1
shared,shared,random_actions,1,30000,1,reference,panel_0,1140023,e343d2cc018d1a9af08bd450ba7bed93775a6edb5ed11ac577476e5f1475761a,0,0,32,-0.3200000000000001,0.1336000000000002,9,23,15,9,29,11,1,1.802443376988953,0.0,0,,random_actions,random_actions:panel_0:1:1140023:0
shared,shared,random_actions,1,30000,1,reference,panel_0,1140023,e343d2cc018d1a9af08bd450ba7bed93775a6edb5ed11ac577476e5f1475761a,1,0,32,-0.3200000000000001,0.09160000000000015,17,15,5,11,30,9,1,1.8616318964261294,0.0,0,,random_actions,random_actions:panel_0:1:1140023:1
shared,shared,random_actions,1,30000,1,reference,panel_0,1140024,b5641ba1d6c3654cc47326d66ff7bbd32a9f1fae2d5bfe3ca2bd279b9afcd8e2,0,0,32,-0.3200000000000001,-0.059599999999999875,5,27,21,7,30,12,1,2.0007944516280016,0.0,0,,random_actions,random_actions:panel_0:1:1140024:0
shared,shared,random_actions,1,30000,1,reference,panel_0,1140024,b5641ba1d6c3654cc47326d66ff7bbd32a9f1fae2d5bfe3ca2bd279b9afcd8e2,1,1,3,0.97,1.0936,0,3,0,4,3,3,0,0.0,0.0,0,,random_actions,random_actions:panel_0:1:1140024:1
shared,shared,random_actions,1,30000,1,reference,panel_0,1140025,1d35a154ed38f4e214e9486d7978679dc48c7f00c5abdd83ded6b18f161aa766,0,1,9,0.91,1.0504,2,7,2,6,9,5,0,0.22877919000000047,0.0,0,,random_actions,random_actions:panel_0:1:1140025:0
shared,shared,random_actions,1,30000,1,reference,panel_0,1140025,1d35a154ed38f4e214e9486d7978679dc48c7f00c5abdd83ded6b18f161aa766,1,1,27,0.73,0.9412,10,17,11,7,27,10,0,0.8955779286000018,0.0,0,,random_actions,random_actions:panel_0:1:1140025:1
shared,shared,random_actions,1,30000,1,reference,panel_0,1140026,2abcf88b8eac8a73f8d45f031654b26e7115ed6a94f4e907675d7d6850711f1a,0,1,2,0.98,1.0612,0,2,0,3,2,2,0,0.0,0.0,0,,random_actions,random_actions:panel_0:1:1140026:0
shared,shared,random_actions,1,30000,1,reference,panel_0,1140026,2abcf88b8eac8a73f8d45f031654b26e7115ed6a94f4e907675d7d6850711f1a,1,1,7,0.9299999999999999,1.0244,3,4,0,5,7,3,0,0.1913897300000006,0.0,0,,random_actions,random_actions:panel_0:1:1140026:1
shared,shared,random_actions,1,30000,1,reference,panel_0,1140027,85617377121d9f3a7040315a2709d034b11039b2bc80d972f1f7a3043fdfe41c,0,1,17,0.83,0.9992000000000001,4,13,5,9,17,8,0,0.5276783462000012,0.0,0,,random_actions,random_actions:panel_0:1:1140027:0
shared,shared,random_actions,1,30000,1,reference,panel_0,1140027,85617377121d9f3a7040315a2709d034b11039b2bc80d972f1f7a3043fdfe41c,1,1,15,0.85,1.0,4,11,5,7,15,7,0,0.46456146000000087,0.0,0,,random_actions,random_actions:panel_0:1:1140027:1
shared,shared,random_actions,1,30000,1,reference,panel_0,1140028,3991a0993be21963eab52de55b88bc3840d3537826f6173cd5e082dc57e82225,0,0,32,-0.3200000000000001,-0.09799999999999988,12,20,12,9,30,10,1,2.0336083107570024,0.0,0,,random_actions,random_actions:panel_0:1:1140028:0
shared,shared,random_actions,1,30000,1,reference,panel_0,1140028,3991a0993be21963eab52de55b88bc3840d3537826f6173cd5e082dc57e82225,1,0,32,-0.3200000000000001,-0.024799999999999822,11,21,12,10,27,9,1,1.8967511073878707,0.0,0,,random_actions,random_actions:panel_0:1:1140028:1
shared,shared,random_actions,1,30000,1,reference,panel_0,1140029,8accb1dd748ed6144e1bb1761cce7ceb35fe0499c99a718b9facdcd2406542cc,0,0,32,-0.3200000000000001,-0.048399999999999915,9,23,16,8,29,10,1,1.9613039093570017,0.0,0,,random_actions,random_actions:panel_0:1:1140029:0
shared,shared,random_actions,1,30000,1,reference,panel_0,1140029,8accb1dd748ed6144e1bb1761cce7ceb35fe0499c99a718b9facdcd2406542cc,1,1,7,0.9299999999999999,1.1092,1,6,1,6,7,5,0,0.11107924265700009,0.0,0,,random_actions,random_actions:panel_0:1:1140029:1
shared,shared,random_actions,1,30000,1,reference,panel_0,1140030,db8e708a189fedc30469e66c71835894f1a47d5912887b95b8bcedacb9092aa8,0,1,5,0.95,1.036,1,4,2,3,5,3,0,0.11790900000000015,0.0,0,,random_actions,random_actions:panel_0:1:1140030:0
shared,shared,random_actions,1,30000,1,reference,panel_0,1140030,db8e708a189fedc30469e66c71835894f1a47d5912887b95b8bcedacb9092aa8,1,1,12,0.88,0.9756,6,6,1,6,12,4,0,0.3946180000000006,0.0,0,,random_actions,random_actions:panel_0:1:1140030:1
shared,shared,random_actions,1,30000,1,reference,panel_0,1140031,ddf0e852b987ac221b43ff8ec058b5aa24c3618c81f9c988fcd3980f43cd1212,0,1,24,0.7599999999999999,1.0616,8,16,6,11,24,10,0,0.6906583296054366,0.0,0,,random_actions,random_actions:panel_0:1:1140031:0
shared,shared,random_actions,1,30000,1,reference,panel_0,1140031,ddf0e852b987ac221b43ff8ec058b5aa24c3618c81f9c988fcd3980f43cd1212,1,1,26,0.74,0.9480000000000001,14,12,7,6,26,8,0,0.8593559662000011,0.0,0,,random_actions,random_actions:panel_0:1:1140031:1
shared,shared,random_actions,1,30000,1,reference,panel_0,1140032,dc5cd2413d0be7b96a6ed60148890f2d279f4c3b4aad32aae10a4a291c1c694f,0,0,32,-0.3200000000000001,0.014000000000000193,15,17,9,9,29,8,1,1.904882534789016,0.0,0,,random_actions,random_actions:panel_0:1:1140032:0
shared,shared,random_actions,1,30000,1,reference,panel_0,1140032,dc5cd2413d0be7b96a6ed60148890f2d279f4c3b4aad32aae10a4a291c1c694f,1,0,32,-0.3200000000000001,-0.009999999999999898,6,26,13,14,29,11,1,1.9337889173231613,0.0,0,,random_actions,random_actions:panel_0:1:1140032:1
shared,shared,random_actions,1,30000,1,reference,panel_0,1140033,8e2ec246f249257fb97f1f43260d08df4c651419df6bda651417b1ba96c504b1,0,0,32,-0.3200000000000001,-0.11399999999999988,12,20,11,10,29,8,1,2.027889789100002,0.0,0,,random_actions,random_actions:panel_0:1:1140033:0
shared,shared,random_actions,1,30000,1,reference,panel_0,1140033,8e2ec246f249257fb97f1f43260d08df4c651419df6bda651417b1ba96c504b1,1,0,32,-0.3200000000000001,-0.12959999999999994,14,18,9,10,28,6,1,2.0206030887280018,0.0,0,,random_actions,random_actions:panel_0:1:1140033:1
shared,shared,random_actions,1,30000,1,reference,panel_0,1140034,fd1081e154652485c50a358dd2663378f25e05e9dc513829ee4430693025e04b,0,0,32,-0.3200000000000001,-0.18639999999999995,9,23,14,10,31,10,1,2.1480632786000022,0.0,0,,random_actions,random_actions:panel_0:1:1140034:0
shared,shared,random_actions,1,30000,1,reference,panel_0,1140034,fd1081e154652485c50a358dd2663378f25e05e9dc513829ee4430693025e04b,1,1,6,0.94,0.992,1,5,2,4,6,3,0,0.19258073000000042,0.0,0,,random_actions,random_actions:panel_0:1:1140034:1
shared,shared,random_actions,1,30000,1,reference,panel_0,1140035,2039058dc746b983ca668c63f7e7c9cd80b2c0f69f506c24964f45343f09a8b9,0,1,18,0.82,0.9116000000000001,5,13,7,7,18,7,0,0.6445013924000009,0.0,0,,random_actions,random_actions:panel_0:1:1140035:0
shared,shared,random_actions,1,30000,1,reference,panel_0,1140035,2039058dc746b983ca668c63f7e7c9cd80b2c0f69f506c24964f45343f09a8b9,1,0,32,-0.3200000000000001,-0.17319999999999977,17,15,10,6,32,7,1,2.163250573400001,0.0,0,,random_actions,random_actions:panel_0:1:1140035:1
shared,shared,random_actions,1,30000,1,reference,panel_0,1140036,bf5e52148b9df65a6731d652d3fb337ec8ed3a120e081b674ed62636101787fe,0,1,27,0.73,0.9556000000000001,14,13,7,7,27,8,0,0.882058118214001,0.0,0,,random_actions,random_actions:panel_0:1:1140036:0
shared,shared,random_actions,1,30000,1,reference,panel_0,1140036,bf5e52148b9df65a6731d652d3fb337ec8ed3a120e081b674ed62636101787fe,1,1,12,0.88,1.0252000000000001,3,9,5,5,12,6,0,0.34665246000000083,0.0,0,,random_actions,random_actions:panel_0:1:1140036:1
shared,shared,random_actions,1,30000,1,reference,panel_0,1140037,81bc5a3cc3e28b291bc9b20685d7d57d9a9784668c4034629a15ffbd2423d011,0,0,32,-0.3200000000000001,0.00960000000000008,6,26,17,10,30,13,1,1.9375704075850018,0.0,0,,random_actions,random_actions:panel_0:1:1140037:0
shared,shared,random_actions,1,30000,1,reference,panel_0,1140037,81bc5a3cc3e28b291bc9b20685d7d57d9a9784668c4034629a15ffbd2423d011,1,1,31,0.69,1.0196,6,25,17,9,31,15,0,0.949157663156002,0.0,0,,random_actions,random_actions:panel_0:1:1140037:1
shared,shared,random_actions,1,30000,1,reference,panel_0,1140038,fecc3c8cc4ee724bc307449d9717dd7462147ec066e6b284de329b5ee0d8b422,0,0,32,-0.3200000000000001,0.18600000000000022,6,26,14,13,29,13,1,1.7562308788646654,0.0,0,,random_actions,random_actions:panel_0:1:1140038:0
shared,shared,random_actions,1,30000,1,reference,panel_0,1140038,fecc3c8cc4ee724bc307449d9717dd7462147ec066e6b284de329b5ee0d8b422,1,0,32,-0.3200000000000001,0.2160000000000002,9,23,16,8,28,11,1,1.706045308082086,0.0,0,,random_actions,random_actions:panel_0:1:1140038:1
shared,shared,random_actions,1,30000,1,reference,panel_0,1140039,63243ebf0fe9099e0672c800e98577065957c7b421e095e5d26f1055c3803df1,0,0,32,-0.3200000000000001,0.05640000000000013,11,21,12,10,27,8,1,1.8153861729588705,0.0,0,,random_actions,random_actions:panel_0:1:1140039:0
shared,shared,random_actions,1,30000,1,reference,panel_0,1140039,63243ebf0fe9099e0672c800e98577065957c7b421e095e5d26f1055c3803df1,1,0,32,-0.3200000000000001,0.024000000000000132,8,24,18,7,30,12,1,1.922004969852161,0.0,0,,random_actions,random_actions:panel_0:1:1140039:1
shared,shared,random_actions,1,30000,1,reference,panel_0,1140040,edbd90bd8aac3b9b38ea94f0e0617159dfb1ef85e3d72cfad79b0b1c5af45743,0,0,32,-0.3200000000000001,-0.07279999999999996,13,19,12,8,28,7,1,1.9567021842990027,0.0,0,,random_actions,random_actions:panel_0:1:1140040:0
shared,shared,random_actions,1,30000,1,reference,panel_0,1140040,edbd90bd8aac3b9b38ea94f0e0617159dfb1ef85e3d72cfad79b0b1c5af45743,1,0,32,-0.3200000000000001,-0.04159999999999993,10,22,16,7,28,8,1,1.926438384798002,0.0,0,,random_actions,random_actions:panel_0:1:1140040:1
shared,shared,random_actions,1,30000,1,reference,panel_0,1140041,93d47683e6a2998d4947ca85d88db9c7f4839e968adc09fd51ec33fce5b65e47,0,1,3,0.97,1.0936,0,3,0,4,3,3,0,0.0,0.0,0,,random_actions,random_actions:panel_0:1:1140041:0
shared,shared,random_actions,1,30000,1,reference,panel_0,1140041,93d47683e6a2998d4947ca85d88db9c7f4839e968adc09fd51ec33fce5b65e47,1,0,32,-0.3200000000000001,0.007600000000000107,21,11,6,6,27,4,1,1.8676570776806387,0.0,0,,random_actions,random_actions:panel_0:1:1140041:1
shared,shared,random_actions,1,30000,1,reference,panel_0,1140042,fe9e07790d839deba27baab65b69aa34db6b17b2c9d02613f33f2baaf238e15d,0,0,32,-0.3200000000000001,-0.056799999999999976,3,29,19,11,30,14,1,1.9939797386000022,0.0,0,,random_actions,random_actions:panel_0:1:1140042:0
shared,shared,random_actions,1,30000,1,reference,panel_0,1140042,fe9e07790d839deba27baab65b69aa34db6b17b2c9d02613f33f2baaf238e15d,1,0,32,-0.3200000000000001,-0.027999999999999886,11,21,11,11,29,10,1,1.9441806963140014,0.0,0,,random_actions,random_actions:panel_0:1:1140042:1
shared,shared,random_actions,1,30000,1,reference,panel_0,1140043,de6f4871fdee2d6e0373ad70e85d7d829293b7bafa8ce559583ef67a3f717c1c,0,0,32,-0.3200000000000001,0.044400000000000155,20,12,9,4,30,6,1,1.9007489168260023,0.0,0,,random_actions,random_actions:panel_0:1:1140043:0
shared,shared,random_actions,1,30000,1,reference,panel_0,1140043,de6f4871fdee2d6e0373ad70e85d7d829293b7bafa8ce559583ef67a3f717c1c,1,0,32,-0.3200000000000001,0.0336000000000001,23,9,7,3,28,4,1,1.8627689520130017,0.0,0,,random_actions,random_actions:panel_0:1:1140043:1
shared,shared,random_actions,1,30000,1,reference,panel_0,1140044,94d969e40987689365694957b2504633332aefdd216ded83f572cb976a79e0d9,0,0,32,-0.3200000000000001,-0.014799999999999869,15,17,6,12,28,6,1,1.9033164259280007,0.0,0,,random_actions,random_actions:panel_0:1:1140044:0
shared,shared,random_actions,1,30000,1,reference,panel_0,1140044,94d969e40987689365694957b2504633332aefdd216ded83f572cb976a79e0d9,1,0,32,-0.3200000000000001,0.004400000000000126,22,10,7,4,29,4,1,1.9177485057294494,0.0,0,,random_actions,random_actions:panel_0:1:1140044:1
shared,shared,random_actions,1,30000,1,reference,panel_0,1140045,48f929bf38e3797abad36c54850d6efad2cce1307266543d669a35cdb9b50a37,0,0,32,-0.3200000000000001,-0.12079999999999996,11,21,12,10,32,11,1,2.1111622281000026,0.0,0,,random_actions,random_actions:panel_0:1:1140045:0
shared,shared,random_actions,1,30000,1,reference,panel_0,1140045,48f929bf38e3797abad36c54850d6efad2cce1307266543d669a35cdb9b50a37,1,0,32,-0.3200000000000001,-0.09559999999999994,11,21,15,7,32,11,1,2.087038046700002,0.0,0,,random_actions,random_actions:panel_0:1:1140045:1
shared,shared,random_actions,1,30000,1,reference,panel_0,1140046,1017aaf8d7814906da01aed0e4c1de7c6c46919ff821e518d089f264ebcc7e26,0,0,32,-0.3200000000000001,0.1616000000000001,10,22,12,11,28,10,1,1.7516491223276245,0.0,0,,random_actions,random_actions:panel_0:1:1140046:0
shared,shared,random_actions,1,30000,1,reference,panel_0,1140046,1017aaf8d7814906da01aed0e4c1de7c6c46919ff821e518d089f264ebcc7e26,1,0,32,-0.3200000000000001,0.17600000000000016,10,22,14,9,25,8,1,1.675422236567304,0.0,0,,random_actions,random_actions:panel_0:1:1140046:1
shared,shared,random_actions,1,30000,1,reference,panel_0,1140047,970e98de00c0b9857d786506e3c758baa2926ed08c92afb2d95bb8fd3e33fed7,0,1,15,0.85,1.1112000000000002,6,9,3,7,15,7,0,0.36131142417100026,0.0,0,,random_actions,random_actions:panel_0:1:1140047:0
shared,shared,random_actions,1,30000,1,reference,panel_0,1140047,970e98de00c0b9857d786506e3c758baa2926ed08c92afb2d95bb8fd3e33fed7,1,0,32,-0.3200000000000001,0.012000000000000122,6,26,18,9,30,13,1,1.9339669727710014,0.0,0,,random_actions,random_actions:panel_0:1:1140047:1
shared,shared,random_actions,1,30000,1,reference,panel_0,1140048,8f5951cf7be8106e9c0ac3a6bd59a87439e844e66a8ae823c313039fc1b132f2,0,1,17,0.83,0.912,4,13,9,5,17,7,0,0.6127496500000015,0.0,0,,random_actions,random_actions:panel_0:1:1140048:0
shared,shared,random_actions,1,30000,1,reference,panel_0,1140048,8f5951cf7be8106e9c0ac3a6bd59a87439e844e66a8ae823c313039fc1b132f2,1,1,1,0.99,1.03,0,1,0,2,1,1,0,0.0,0.0,0,,random_actions,random_actions:panel_0:1:1140048:1
shared,shared,random_actions,1,30000,1,reference,panel_0,1140049,1161d896ff45fa6c0cc4cfea1e73c71f45d1df742bb769849b56bcf7e206cc42,0,0,32,-0.3200000000000001,-0.10799999999999982,11,21,13,9,29,9,1,2.019233761885001,0.0,0,,random_actions,random_actions:panel_0:1:1140049:0
shared,shared,random_actions,1,30000,1,reference,panel_0,1140049,1161d896ff45fa6c0cc4cfea1e73c71f45d1df742bb769849b56bcf7e206cc42,1,1,23,0.7699999999999999,0.9232000000000001,7,16,7,10,23,9,0,0.7881735486000013,0.0,0,,random_actions,random_actions:panel_0:1:1140049:1
shared,shared,random_actions,1,30000,1,reference,panel_0,1140050,df1c9adddf022ae9c964b76337bcdba2b4205652e6173697a21f0e3c065bec6e,0,1,1,0.99,1.03,0,1,0,2,1,1,0,0.0,0.0,0,,random_actions,random_actions:panel_0:1:1140050:0
shared,shared,random_actions,1,30000,1,reference,panel_0,1140050,df1c9adddf022ae9c964b76337bcdba2b4205652e6173697a21f0e3c065bec6e,1,0,32,-0.3200000000000001,-0.1684,5,27,15,13,28,10,1,2.0540392850570024,0.0,0,,random_actions,random_actions:panel_0:1:1140050:1
shared,shared,random_actions,1,30000,1,reference,panel_0,1140051,d5d92f8b172cd3b803a5e8c1554a7a2a3c4b337f675aef710c1ea4b7adab9703,0,1,15,0.85,1.0228000000000002,4,11,5,7,15,7,0,0.44267635860000065,0.0,0,,random_actions,random_actions:panel_0:1:1140051:0
shared,shared,random_actions,1,30000,1,reference,panel_0,1140051,d5d92f8b172cd3b803a5e8c1554a7a2a3c4b337f675aef710c1ea4b7adab9703,1,0,32,-0.3200000000000001,-0.07879999999999988,13,19,14,6,30,9,1,2.014176637200002,0.0,0,,random_actions,random_actions:panel_0:1:1140051:1
shared,shared,random_actions,1,30000,1,reference,panel_0,1140052,3e277ffe79f468f68634ff26bb141865e14f177591fb72db6b59fbc609fb6205,0,0,32,-0.3200000000000001,-0.007999999999999757,10,22,14,9,27,8,1,1.8778977781378274,0.0,0,,random_actions,random_actions:panel_0:1:1140052:0
shared,shared,random_actions,1,30000,1,reference,panel_0,1140052,3e277ffe79f468f68634ff26bb141865e14f177591fb72db6b59fbc609fb6205,1,1,9,0.91,1.0456,2,7,4,4,9,5,0,0.23347173000000043,0.0,0,,random_actions,random_actions:panel_0:1:1140052:1
shared,shared,random_actions,1,30000,1,reference,panel_0,1140053,2e9da87ea79e479525dd47c01ee8e87a72f5646110ce066dbaeca9a51199006c,0,1,6,0.94,1.1156000000000001,0,6,2,5,6,5,0,0.07358684810000016,0.0,0,,random_actions,random_actions:panel_0:1:1140053:0
shared,shared,random_actions,1,30000,1,reference,panel_0,1140053,2e9da87ea79e479525dd47c01ee8e87a72f5646110ce066dbaeca9a51199006c,1,0,32,-0.3200000000000001,0.0128000000000002,7,25,15,11,29,12,1,1.9067114870651602,0.0,0,,random_actions,random_actions:panel_0:1:1140053:1
shared,shared,random_actions,1,30000,1,reference,panel_0,1140054,7d5508357750a0b81c48cd8e4a043069c194f545e5b4f7816fe87851a236d415,0,0,32,-0.3200000000000001,0.04320000000000013,9,23,17,7,30,12,1,1.9021344725714506,0.0,0,,random_actions,random_actions:panel_0:1:1140054:0
shared,shared,random_actions,1,30000,1,reference,panel_0,1140054,7d5508357750a0b81c48cd8e4a043069c194f545e5b4f7816fe87851a236d415,1,0,32,-0.3200000000000001,0.06000000000000015,9,23,14,10,29,10,1,1.8630008619400313,0.0,0,,random_actions,random_actions:panel_0:1:1140054:1
shared,shared,random_actions,1,30000,1,reference,panel_0,1140055,8a6a0d4ceb59b0d583850694ab0a06041bc8b2805a40b14946d5b9a9fc77e07e,0,1,21,0.7899999999999999,0.8912,2,19,13,7,21,10,0,0.7577535824000015,0.0,0,,random_actions,random_actions:panel_0:1:1140055:0
shared,shared,random_actions,1,30000,1,reference,panel_0,1140055,8a6a0d4ceb59b0d583850694ab0a06041bc8b2805a40b14946d5b9a9fc77e07e,1,1,1,0.99,1.03,0,1,0,2,1,1,0,0.0,0.0,0,,random_actions,random_actions:panel_0:1:1140055:1
shared,shared,random_actions,1,30000,1,reference,panel_0,1140056,a254d3cca9cfeac38dbc5a91bfa627a61650b963f3f868f2abf4d1b7a8d01a8a,0,0,32,-0.3200000000000001,-0.12719999999999992,3,29,22,8,31,14,1,2.0886836710000023,0.0,0,,random_actions,random_actions:panel_0:1:1140056:0
shared,shared,random_actions,1,30000,1,reference,panel_0,1140056,a254d3cca9cfeac38dbc5a91bfa627a61650b963f3f868f2abf4d1b7a8d01a8a,1,1,31,0.69,0.8852000000000002,9,22,11,12,31,12,0,1.0745369534000013,0.0,0,,random_actions,random_actions:panel_0:1:1140056:1
shared,shared,random_actions,1,30000,1,reference,panel_0,1140057,a23d503774d88eb69f41e37841e3ede7d1b1ad7218278613cc1fda912b47b469,0,0,32,-0.3200000000000001,9.71445146547012e-17,8,24,15,10,29,11,1,1.915355180625582,0.0,0,,random_actions,random_actions:panel_0:1:1140057:0
shared,shared,random_actions,1,30000,1,reference,panel_0,1140057,a23d503774d88eb69f41e37841e3ede7d1b1ad7218278613cc1fda912b47b469,1,0,32,-0.3200000000000001,0.07200000000000012,10,22,16,7,29,10,1,1.8554561182009008,0.0,0,,random_actions,random_actions:panel_0:1:1140057:1
shared,shared,random_actions,1,30000,1,reference,panel_0,1140058,8121b92577142f257656fa6204bda3122d446b379bd044304af0c8028afa4fc4,0,0,32,-0.3200000000000001,0.05040000000000015,14,18,14,5,29,9,1,1.8717640469980306,0.0,0,,random_actions,random_actions:panel_0:1:1140058:0
shared,shared,random_actions,1,30000,1,reference,panel_0,1140058,8121b92577142f257656fa6204bda3122d446b379bd044304af0c8028afa4fc4,1,1,19,0.8099999999999999,1.0748000000000002,6,13,6,8,19,9,0,0.5211605760710009,0.0,0,,random_actions,random_actions:panel_0:1:1140058:1
shared,shared,random_actions,1,30000,1,reference,panel_0,1140059,b9344eac8899c297e65a75ab3ba894d913aed069475029ebd01fab8d54e42479,0,1,30,0.7,0.8916000000000002,14,16,9,8,30,9,0,1.037217881500001,0.0,0,,random_actions,random_actions:panel_0:1:1140059:0
shared,shared,random_actions,1,30000,1,reference,panel_0,1140059,b9344eac8899c297e65a75ab3ba894d913aed069475029ebd01fab8d54e42479,1,0,32,-0.3200000000000001,-0.10919999999999996,11,21,12,10,27,7,1,1.9798647896140023,0.0,0,,random_actions,random_actions:panel_0:1:1140059:1
shared,shared,random_actions,1,30000,1,reference,panel_0,1140060,a69415479a4bc279d949658b6223e5c61ba1c84f59168cc5d386edbcb0ad5718,0,1,26,0.74,0.9768000000000001,6,20,13,8,26,12,0,0.831409746700001,0.0,0,,random_actions,random_actions:panel_0:1:1140060:0
shared,shared,random_actions,1,30000,1,reference,panel_0,1140060,a69415479a4bc279d949658b6223e5c61ba1c84f59168cc5d386edbcb0ad5718,1,0,32,-0.3200000000000001,-0.06759999999999994,7,25,19,7,29,12,1,1.9806694181000024,0.0,0,,random_actions,random_actions:panel_0:1:1140060:1
shared,shared,random_actions,1,30000,1,reference,panel_0,1140061,f66a0d751e878331840ee787d7e79d8540eecaddb46e97318a65c6eba1987c04,0,0,32,-0.3200000000000001,0.18800000000000017,11,21,15,7,28,10,1,1.7315763432080025,0.0,0,,random_actions,random_actions:panel_0:1:1140061:0
shared,shared,random_actions,1,30000,1,reference,panel_0,1140061,f66a0d751e878331840ee787d7e79d8540eecaddb46e97318a65c6eba1987c04,1,0,32,-0.3200000000000001,0.15800000000000014,8,24,14,11,30,13,1,1.8026684642699153,0.0,0,,random_actions,random_actions:panel_0:1:1140061:1
shared,shared,random_actions,1,30000,1,reference,panel_0,1140062,03ac19cbdfadc3fb55324a7704b4e4f25c9e149d90c77be789402ea8821d498b,0,1,11,0.89,1.1308,4,7,1,7,11,6,0,0.2176046098710004,0.0,0,,random_actions,random_actions:panel_0:1:1140062:0
shared,shared,random_actions,1,30000,1,reference,panel_0,1140062,03ac19cbdfadc3fb55324a7704b4e4f25c9e149d90c77be789402ea8821d498b,1,1,22,0.7799999999999999,1.0784,7,15,9,7,22,10,0,0.6118177834130017,0.0,0,,random_actions,random_actions:panel_0:1:1140062:1
shared,shared,random_actions,1,30000,1,reference,panel_0,1140063,4332d60dc6ce9c5c69fd0ce4b204303bdff6959f7c4907d391b1e9ba6ada1f6d,0,1,12,0.88,1.0652000000000001,8,4,0,5,12,4,0,0.30933446000000075,0.0,0,,random_actions,random_actions:panel_0:1:1140063:0
shared,shared,random_actions,1,30000,1,reference,panel_0,1140063,4332d60dc6ce9c5c69fd0ce4b204303bdff6959f7c4907d391b1e9ba6ada1f6d,1,1,8,0.9199999999999999,1.098,4,4,0,5,8,4,0,0.15291646000000036,0.0,0,,random_actions,random_actions:panel_0:1:1140063:1
shared,shared,random_actions,2,30000,1,reference,panel_0,1140000,bed384096705171103468c67fab1c50cddf090e8dd0ef6d27adef77e389105b8,0,0,32,-0.3200000000000001,-0.025599999999999914,10,22,13,10,30,11,1,1.9645623732710011,0.0,0,,random_actions,random_actions:panel_0:2:1140000:0
shared,shared,random_actions,2,30000,1,reference,panel_0,1140000,bed384096705171103468c67fab1c50cddf090e8dd0ef6d27adef77e389105b8,1,1,26,0.74,0.9972000000000001,4,22,12,11,26,13,0,0.8121114746710008,0.0,0,,random_actions,random_actions:panel_0:2:1140000:1
shared,shared,random_actions,2,30000,1,reference,panel_0,1140001,215e353fd2f5a4cf418ad037fceb9e966602bc07b29ed6c29fac00db2be5344f,0,0,32,-0.3200000000000001,0.019200000000000078,12,20,9,12,27,8,1,1.8511920668255812,0.0,0,,random_actions,random_actions:panel_0:2:1140001:0
shared,shared,random_actions,2,30000,1,reference,panel_0,1140001,215e353fd2f5a4cf418ad037fceb9e966602bc07b29ed6c29fac00db2be5344f,1,0,32,-0.3200000000000001,0.016800000000000093,7,25,15,11,28,11,1,1.881890781191292,0.0,0,,random_actions,random_actions:panel_0:2:1140001:1
shared,shared,random_actions,2,30000,1,reference,panel_0,1140002,afd83dff8180d1aa3f122c468f2581986b3d1256c650a41a2d41be87cc476abb,0,0,32,-0.3200000000000001,0.016400000000000137,10,22,16,7,27,8,1,1.85626784453474,0.0,0,,random_actions,random_actions:panel_0:2:1140002:0
shared,shared,random_actions,2,30000,1,reference,panel_0,1140002,afd83dff8180d1aa3f122c468f2581986b3d1256c650a41a2d41be87cc476abb,1,0,32,-0.3200000000000001,-0.032799999999999815,22,10,6,5,30,5,1,1.9722711434000009,0.0,0,,random_actions,random_actions:panel_0:2:1140002:1
shared,shared,random_actions,2,30000,1,reference,panel_0,1140003,b34f77e0cb58ca9d0a1d531c5ff10dabe78b8a2545fc7c82271e9abbb0b13531,0,0,32,-0.3200000000000001,0.15520000000000023,11,21,11,11,25,8,1,1.6967932180519285,0.0,0,,random_actions,random_actions:panel_0:2:1140003:0
shared,shared,random_actions,2,30000,1,reference,panel_0,1140003,b34f77e0cb58ca9d0a1d531c5ff10dabe78b8a2545fc7c82271e9abbb0b13531,1,0,32,-0.3200000000000001,0.16600000000000023,5,27,19,9,27,12,1,1.7238581661686503,0.0,0,,random_actions,random_actions:panel_0:2:1140003:1
shared,shared,random_actions,2,30000,1,reference,panel_0,1140004,3290676bf233bcca0bae10b5ae407c68b97722ed2242486ef1df58aa46080822,0,0,32,-0.3200000000000001,0.04320000000000013,9,23,11,13,29,11,1,1.8815184444738706,0.0,0,,random_actions,random_actions:panel_0:2:1140004:0
shared,shared,random_actions,2,30000,1,reference,panel_0,1140004,3290676bf233bcca0bae10b5ae407c68b97722ed2242486ef1df58aa46080822,1,0,32,-0.3200000000000001,0.0156000000000001,12,20,7,14,31,11,1,1.957155560929451,0.0,0,,random_actions,random_actions:panel_0:2:1140004:1
shared,shared,random_actions,2,30000,1,reference,panel_0,1140005,4f97370d557c1739dafaf559c6d3e283251f6712d8786e0145c5a21e4f69e330,0,1,3,0.97,1.0936,0,3,0,4,3,3,0,0.0,0.0,0,,random_actions,random_actions:panel_0:2:1140005:0
shared,shared,random_actions,2,30000,1,reference,panel_0,1140005,4f97370d557c1739dafaf559c6d3e283251f6712d8786e0145c5a21e4f69e330,1,1,20,0.7999999999999999,0.9728,7,13,8,6,20,8,0,0.6466375700000014,0.0,0,,random_actions,random_actions:panel_0:2:1140005:1
shared,shared,random_actions,2,30000,1,reference,panel_0,1140006,4ceee66dc266fe8138771db04580b0f73542e53ec1a4bed48cd72cd55153d54b,0,0,32,-0.3200000000000001,0.0780000000000001,23,9,5,5,27,4,1,1.8027019668627688,0.0,0,,random_actions,random_actions:panel_0:2:1140006:0
shared,shared,random_actions,2,30000,1,reference,panel_0,1140006,4ceee66dc266fe8138771db04580b0f73542e53ec1a4bed48cd72cd55153d54b,1,1,10,0.9,1.1360000000000001,1,9,2,8,10,7,0,0.18119920885700014,0.0,0,,random_actions,random_actions:panel_0:2:1140006:1
shared,shared,random_actions,2,30000,1,reference,panel_0,1140007,e0b51ce4164f909163596242d8129e17af02357583715e56537a67ea86855645,0,0,32,-0.3200000000000001,-0.059599999999999945,15,17,9,9,29,7,1,1.9705972541700025,0.0,0,,random_actions,random_actions:panel_0:2:1140007:0
shared,shared,random_actions,2,30000,1,reference,panel_0,1140007,e0b51ce4164f909163596242d8129e17af02357583715e56537a67ea86855645,1,1,25,0.7499999999999999,0.9396,10,15,4,12,25,9,0,0.834596148100002,0.0,0,,random_actions,random_actions:panel_0:2:1140007:1
shared,shared,random_actions,2,30000,1,reference,panel_0,1140008,7aa246f76c29c8277e78dcd9b266c1dfb3caa62f42942b08d0f72599d3db5ed3,0,0,32,-0.3200000000000001,-0.10279999999999993,14,18,11,8,31,9,1,2.0651270805000026,0.0,0,,random_actions,random_actions:panel_0:2:1140008:0
shared,shared,random_actions,2,30000,1,reference,panel_0,1140008,7aa246f76c29c8277e78dcd9b266c1dfb3caa62f42942b08d0f72599d3db5ed3,1,0,32,-0.3200000000000001,-0.09079999999999988,16,16,10,7,30,7,1,2.0278676586000017,0.0,0,,random_actions,random_actions:panel_0:2:1140008:1
shared,shared,random_actions,2,30000,1,reference,panel_0,1140009,fe11601eb7169f8fbf8e215e0254cf61c7f0c6cb4a0c902b7bb8e5cf691a6931,0,1,11,0.89,1.0448,2,9,4,6,11,6,0,0.2966232743000006,0.0,0,,random_actions,random_actions:panel_0:2:1140009:0
shared,shared,random_actions,2,30000,1,reference,panel_0,1140009,fe11601eb7169f8fbf8e215e0254cf61c7f0c6cb4a0c902b7bb8e5cf691a6931,1,0,32,-0.3200000000000001,0.00040000000000006697,9,23,14,10,25,7,1,1.8346182014712749,0.0,0,,random_actions,random_actions:panel_0:2:1140009:1
shared,shared,random_actions,2,30000,1,reference,panel_0,1140010,d91114fb3468e2aafe820554e34ae1b8beff3dbb7d480ae5742d837acbbc3369,0,1,9,0.91,1.0104,1,8,4,5,9,5,0,0.2672881900000006,0.0,0,,random_actions,random_actions:panel_0:2:1140010:0
shared,shared,random_actions,2,30000,1,reference,panel_0,1140010,d91114fb3468e2aafe820554e34ae1b8beff3dbb7d480ae5742d837acbbc3369,1,1,12,0.88,0.9828,4,8,3,6,12,5,0,0.38754346000000073,0.0,0,,random_actions,random_actions:panel_0:2:1140010:1
shared,shared,random_actions,2,30000,1,reference,panel_0,1140011,cc9e8a802691d3ded9565951a85ebea0bf53878e9b60ae4f121e8edb28836474,0,1,20,0.7999999999999999,1.0224000000000002,6,14,5,10,20,9,0,0.6002496286000006,0.0,0,,random_actions,random_actions:panel_0:2:1140011:0
shared,shared,random_actions,2,30000,1,reference,panel_0,1140011,cc9e8a802691d3ded9565951a85ebea0bf53878e9b60ae4f121e8edb28836474,1,1,15,0.85,1.0664,5,10,5,6,15,7,0,0.4019261348000003,0.0,0,,random_actions,random_actions:panel_0:2:1140011:1
shared,shared,random_actions,2,30000,1,reference,panel_0,1140012,50d50ec0adcffbb8b6d2e5f80c2864cc721acf42cea5258eec6658b5eb5ba0fc,0,0,32,-0.3200000000000001,-0.048399999999999894,6,26,18,9,32,14,1,2.043338829485002,0.0,0,,random_actions,random_actions:panel_0:2:1140012:0
shared,shared,random_actions,2,30000,1,reference,panel_0,1140012,50d50ec0adcffbb8b6d2e5f80c2864cc721acf42cea5258eec6658b5eb5ba0fc,1,0,32,-0.3200000000000001,-0.051999999999999866,10,22,14,9,31,12,1,2.017958869742002,0.0,0,,random_actions,random_actions:panel_0:2:1140012:1
shared,shared,random_actions,2,30000,1,reference,panel_0,1140013,500b0bb49c685ba5b31b1b8bb8e4cf1e58b6d7e4fa45dda4e02a0d7a54547980,0,0,32,-0.3200000000000001,-0.0883999999999999,12,20,15,6,30,9,1,2.0257672110000016,0.0,0,,random_actions,random_actions:panel_0:2:1140013:0
shared,shared,random_actions,2,30000,1,reference,panel_0,1140013,500b0bb49c685ba5b31b1b8bb8e4cf1e58b6d7e4fa45dda4e02a0d7a54547980,1,1,11,0.89,1.0436,2,9,3,7,11,6,0,0.2977438862000007,0.0,0,,random_actions,random_actions:panel_0:2:1140013:1
shared,shared,random_actions,2,30000,1,reference,panel_0,1140014,c84c4d112793dcd86b61378878de101814d2e2f233091ccbe303f8a36a3db692,0,1,16,0.84,1.0504,2,14,5,10,16,9,0,0.44848739885700084,0.0,0,,random_actions,random_actions:panel_0:2:1140014:0
shared,shared,random_actions,2,30000,1,reference,panel_0,1140014,c84c4d112793dcd86b61378878de101814d2e2f233091ccbe303f8a36a3db692,1,0,32,-0.3200000000000001,-0.0027999999999998304,10,22,13,10,29,11,1,1.920059014537161,0.0,0,,random_actions,random_actions:panel_0:2:1140014:1
shared,shared,random_actions,2,30000,1,reference,panel_0,1140015,aff56a8363ebfdfbb22ab9f96812dc592e137e445e99379d7cc62732358a5c1d,0,0,32,-0.3200000000000001,-0.11119999999999992,14,18,8,11,31,9,1,2.0730406800000023,0.0,0,,random_actions,random_actions:panel_0:2:1140015:0
shared,shared,random_actions,2,30000,1,reference,panel_0,1140015,aff56a8363ebfdfbb22ab9f96812dc592e137e445e99379d7cc62732358a5c1d,1,1,8,0.9199999999999999,1.0568,1,7,2,6,8,5,0,0.19142546000000038,0.0,0,,random_actions,random_actions:panel_0:2:1140015:1
shared,shared,random_actions,2,30000,1,reference,panel_0,1140016,3bd71125233c4df79d0dd28729f0cfd3666fa3f050c53374634c96dc8a827d57,0,0,32,-0.3200000000000001,0.07920000000000016,17,15,11,5,28,7,1,1.8250056846821758,0.0,0,,random_actions,random_actions:panel_0:2:1140016:0
shared,shared,random_actions,2,30000,1,reference,panel_0,1140016,3bd71125233c4df79d0dd28729f0cfd3666fa3f050c53374634c96dc8a827d57,1,0,32,-0.3200000000000001,0.09840000000000015,12,20,15,6,26,6,1,1.7537663004920305,0.0,0,,random_actions,random_actions:panel_0:2:1140016:1
shared,shared,random_actions,2,30000,1,reference,panel_0,1140017,0e1e22bf2958a79d619af23f3a400b79bfbfa444619df20e40ab4b8256593aed,0,0,32,-0.3200000000000001,0.0060000000000001025,8,24,14,11,30,12,1,1.936549642205292,0.0,0,,random_actions,random_actions:panel_0:2:1140017:0
shared,shared,random_actions,2,30000,1,reference,panel_0,1140017,0e1e22bf2958a79d619af23f3a400b79bfbfa444619df20e40ab4b8256593aed,1,0,32,-0.3200000000000001,0.039600000000000135,11,21,15,7,29,10,1,1.8837260499168709,0.0,0,,random_actions,random_actions:panel_0:2:1140017:1
shared,shared,random_actions,2,30000,1,reference,panel_0,1140018,77a4a789c9e7e59cd68ea66b413fc7c21b579a617fac660e33a23b42dd2c8dfc,0,0,32,-0.3200000000000001,0.19240000000000032,10,22,14,9,25,8,1,1.663992365037791,0.0,0,,random_actions,random_actions:panel_0:2:1140018:0
shared,shared,random_actions,2,30000,1,reference,panel_0,1140018,77a4a789c9e7e59cd68ea66b413fc7c21b579a617fac660e33a23b42dd2c8dfc,1,1,25,0.7499999999999999,1.1172000000000002,5,20,12,9,25,13,0,0.6730130573411757,0.0,0,,random_actions,random_actions:panel_0:2:1140018:1
shared,shared,random_actions,2,30000,1,reference,panel_0,1140019,50d60d920ab4dd5ecfbfa255479a46daf643e9f021bfe1e1619df774fd78aef9,0,1,5,0.95,1.0372000000000001,1,4,2,3,5,3,0,0.11671800000000021,0.0,0,,random_actions,random_actions:panel_0:2:1140019:0
shared,shared,random_actions,2,30000,1,reference,panel_0,1140019,50d60d920ab4dd5ecfbfa255479a46daf643e9f021bfe1e1619df774fd78aef9,1,1,4,0.96,1.046,2,2,0,3,4,2,0,0.07701800000000025,0.0,0,,random_actions,random_actions:panel_0:2:1140019:1
shared,shared,random_actions,2,30000,1,reference,panel_0,1140020,224ce91a4b4f3e671ea2a681e0a52f6a3fb84100d20137f06961b8a1a99209b2,0,1,26,0.74,1.0688,4,22,12,11,26,14,0,0.7489852288545813,0.0,0,,random_actions,random_actions:panel_0:2:1140020:0
shared,shared,random_actions,2,30000,1,reference,panel_0,1140020,224ce91a4b4f3e671ea2a681e0a52f6a3fb84100d20137f06961b8a1a99209b2,1,0,32,-0.3200000000000001,0.10960000000000011,9,23,20,4,29,11,1,1.8234721363033202,0.0,0,,random_actions,random_actions:panel_0:2:1140020:1
shared,shared,random_actions,2,30000,1,reference,panel_0,1140021,71a8e5052077c5cac2b861676a99fdaffb3a0efa55e6ece94442d8386d931fec,0,1,10,0.9,1.1384,3,7,2,6,10,6,0,0.1789916034140001,0.0,0,,random_actions,random_actions:panel_0:2:1140021:0
shared,shared,random_actions,2,30000,1,reference,panel_0,1140021,71a8e5052077c5cac2b861676a99fdaffb3a0efa55e6ece94442d8386d931fec,1,0,32,-0.3200000000000001,0.03720000000000012,12,20,14,7,29,10,1,1.881616242700451,0.0,0,,random_actions,random_actions:panel_0:2:1140021:1
shared,shared,random_actions,2,30000,1,reference,panel_0,1140022,b341a8d59601ab5326b4c783b9b4ceab58b5e988101fa1175063a7165e9bc90e,0,1,18,0.82,0.9420000000000001,4,14,9,6,18,8,0,0.6139406500000013,0.0,0,,random_actions,random_actions:panel_0:2:1140022:0
shared,shared,random_actions,2,30000,1,reference,panel_0,1140022,b341a8d59601ab5326b4c783b9b4ceab58b5e988101fa1175063a7165e9bc90e,1,1,26,0.74,0.898,4,22,10,13,26,12,0,0.9059417724000018,0.0,0,,random_actions,random_actions:panel_0:2:1140022:1
shared,shared,random_actions,2,30000,1,reference,panel_0,1140023,e343d2cc018d1a9af08bd450ba7bed93775a6edb5ed11ac577476e5f1475761a,0,0,32,-0.3200000000000001,0.1600000000000002,6,26,18,9,26,9,1,1.712544078775492,0.0,0,,random_actions,random_actions:panel_0:2:1140023:0
shared,shared,random_actions,2,30000,1,reference,panel_0,1140023,e343d2cc018d1a9af08bd450ba7bed93775a6edb5ed11ac577476e5f1475761a,1,0,32,-0.3200000000000001,0.14560000000000015,8,24,15,10,28,12,1,1.7689568416902905,0.0,0,,random_actions,random_actions:panel_0:2:1140023:1
shared,shared,random_actions,2,30000,1,reference,panel_0,1140024,b5641ba1d6c3654cc47326d66ff7bbd32a9f1fae2d5bfe3ca2bd279b9afcd8e2,0,1,31,0.69,0.8976000000000001,10,21,11,11,31,12,0,1.062499476700002,0.0,0,,random_actions,random_actions:panel_0:2:1140024:0
shared,shared,random_actions,2,30000,1,reference,panel_0,1140024,b5641ba1d6c3654cc47326d66ff7bbd32a9f1fae2d5bfe3ca2bd279b9afcd8e2,1,1,27,0.73,0.9520000000000001,8,19,11,9,27,11,0,0.885730869228001,0.0,0,,random_actions,random_actions:panel_0:2:1140024:1
shared,shared,random_actions,2,30000,1,reference,panel_0,1140025,1d35a154ed38f4e214e9486d7978679dc48c7f00c5abdd83ded6b18f161aa766,0,1,15,0.85,1.0156,2,13,7,7,15,8,0,0.44960801075700085,0.0,0,,random_actions,random_actions:panel_0:2:1140025:0
shared,shared,random_actions,2,30000,1,reference,panel_0,1140025,1d35a154ed38f4e214e9486d7978679dc48c7f00c5abdd83ded6b18f161aa766,1,0,32,-0.3200000000000001,-0.08119999999999998,9,23,16,8,31,11,1,2.0456544139140025,0.0,0,,random_actions,random_actions:panel_0:2:1140025:1
shared,shared,random_actions,2,30000,1,reference,panel_0,1140026,2abcf88b8eac8a73f8d45f031654b26e7115ed6a94f4e907675d7d6850711f1a,0,0,32,-0.3200000000000001,-0.12119999999999993,5,27,18,10,31,13,1,2.083450475811582,0.0,0,,random_actions,random_actions:panel_0:2:1140026:0
shared,shared,random_actions,2,30000,1,reference,panel_0,1140026,2abcf88b8eac8a73f8d45f031654b26e7115ed6a94f4e907675d7d6850711f1a,1,1,18,0.82,0.9384000000000001,10,8,4,5,18,5,0,0.6174064600000017,0.0,0,,random_actions,random_actions:panel_0:2:1140026:1
shared,shared,random_actions,2,30000,1,reference,panel_0,1140027,85617377121d9f3a7040315a2709d034b11039b2bc80d972f1f7a3043fdfe41c,0,0,32,-0.3200000000000001,-0.09919999999999993,8,24,16,9,29,11,1,2.0100055743000023,0.0,0,,random_actions,random_actions:panel_0:2:1140027:0
shared,shared,random_actions,2,30000,1,reference,panel_0,1140027,85617377121d9f3a7040315a2709d034b11039b2bc80d972f1f7a3043fdfe41c,1,1,25,0.7499999999999999,0.9372,8,17,9,9,25,10,0,0.8369077600000018,0.0,0,,random_actions,random_actions:panel_0:2:1140027:1
shared,shared,random_actions,2,30000,1,reference,panel_0,1140028,3991a0993be21963eab52de55b88bc3840d3537826f6173cd5e082dc57e82225,0,0,32,-0.3200000000000001,-0.05479999999999985,5,27,15,13,28,12,1,1.9498735300482917,0.0,0,,random_actions,random_actions:panel_0:2:1140028:0
shared,shared,random_actions,2,30000,1,reference,panel_0,1140028,3991a0993be21963eab52de55b88bc3840d3537826f6173cd5e082dc57e82225,1,0,32,-0.3200000000000001,-0.054799999999999904,4,28,19,10,28,11,1,1.9411797245395812,0.0,0,,random_actions,random_actions:panel_0:2:1140028:1
shared,shared,random_actions,2,30000,1,reference,panel_0,1140029,8accb1dd748ed6144e1bb1761cce7ceb35fe0499c99a718b9facdcd2406542cc,0,0,32,-0.3200000000000001,0.02480000000000021,13,19,10,10,27,8,1,1.849511532136161,0.0,0,,random_actions,random_actions:panel_0:2:1140029:0
shared,shared,random_actions,2,30000,1,reference,panel_0,1140029,8accb1dd748ed6144e1bb1761cce7ceb35fe0499c99a718b9facdcd2406542cc,1,0,32,-0.3200000000000001,-0.009999999999999884,8,24,12,13,31,12,1,1.979939225551161,0.0,0,,random_actions,random_actions:panel_0:2:1140029:1
shared,shared,random_actions,2,30000,1,reference,panel_0,1140030,db8e708a189fedc30469e66c71835894f1a47d5912887b95b8bcedacb9092aa8,0,1,4,0.96,1.0472000000000001,0,4,1,4,4,3,0,0.07586273000000021,0.0,0,,random_actions,random_actions:panel_0:2:1140030:0
shared,shared,random_actions,2,30000,1,reference,panel_0,1140030,db8e708a189fedc30469e66c71835894f1a47d5912887b95b8bcedacb9092aa8,1,1,7,0.9299999999999999,1.0184,3,4,2,3,7,3,0,0.1973090000000003,0.0,0,,random_actions,random_actions:panel_0:2:1140030:1
shared,shared,random_actions,2,30000,1,reference,panel_0,1140031,ddf0e852b987ac221b43ff8ec058b5aa24c3618c81f9c988fcd3980f43cd1212,0,0,32,-0.3200000000000001,0.0380000000000002,15,17,13,5,28,7,1,1.8610470571211903,0.0,0,,random_actions,random_actions:panel_0:2:1140031:0
shared,shared,random_actions,2,30000,1,reference,panel_0,1140031,ddf0e852b987ac221b43ff8ec058b5aa24c3618c81f9c988fcd3980f43cd1212,1,0,32,-0.3200000000000001,0.03680000000000018,11,21,12,10,27,7,1,1.8356078761704793,0.0,0,,random_actions,random_actions:panel_0:2:1140031:1
shared,shared,random_actions,2,30000,1,reference,panel_0,1140032,dc5cd2413d0be7b96a6ed60148890f2d279f4c3b4aad32aae10a4a291c1c694f,0,0,32,-0.3200000000000001,0.008000000000000156,13,19,11,9,32,11,1,1.9917712994788568,0.0,0,,random_actions,random_actions:panel_0:2:1140032:0
shared,shared,random_actions,2,30000,1,reference,panel_0,1140032,dc5cd2413d0be7b96a6ed60148890f2d279f4c3b4aad32aae10a4a291c1c694f,1,1,28,0.72,1.0396,10,18,8,11,28,11,0,0.836551361205364,0.0,0,,random_actions,random_actions:panel_0:2:1140032:1
shared,shared,random_actions,2,30000,1,reference,panel_0,1140033,8e2ec246f249257fb97f1f43260d08df4c651419df6bda651417b1ba96c504b1,0,0,32,-0.3200000000000001,-0.14399999999999985,17,15,11,5,30,6,1,2.0767058443000024,0.0,0,,random_actions,random_actions:panel_0:2:1140033:0
shared,shared,random_actions,2,30000,1,reference,panel_0,1140033,8e2ec246f249257fb97f1f43260d08df4c651419df6bda651417b1ba96c504b1,1,1,19,0.8099999999999999,0.9452,5,14,7,8,19,8,0,0.6421204643000012,0.0,0,,random_actions,random_actions:panel_0:2:1140033:1
shared,shared,random_actions,2,30000,1,reference,panel_0,1140034,fd1081e154652485c50a358dd2663378f25e05e9dc513829ee4430693025e04b,0,0,32,-0.3200000000000001,-0.16599999999999993,9,23,14,10,30,10,1,2.101629941000002,0.0,0,,random_actions,random_actions:panel_0:2:1140034:0
shared,shared,random_actions,2,30000,1,reference,panel_0,1140034,fd1081e154652485c50a358dd2663378f25e05e9dc513829ee4430693025e04b,1,1,4,0.96,1.0036,3,1,0,2,4,1,0,0.1191000000000002,0.0,0,,random_actions,random_actions:panel_0:2:1140034:1
shared,shared,random_actions,2,30000,1,reference,panel_0,1140035,2039058dc746b983ca668c63f7e7c9cd80b2c0f69f506c24964f45343f09a8b9,0,1,1,0.99,1.03,0,1,0,2,1,1,0,0.0,0.0,0,,random_actions,random_actions:panel_0:2:1140035:0
shared,shared,random_actions,2,30000,1,reference,panel_0,1140035,2039058dc746b983ca668c63f7e7c9cd80b2c0f69f506c24964f45343f09a8b9,1,0,32,-0.3200000000000001,-0.10839999999999966,8,24,13,12,29,9,1,2.023998191857001,0.0,0,,random_actions,random_actions:panel_0:2:1140035:1
shared,shared,random_actions,2,30000,1,reference,panel_0,1140036,bf5e52148b9df65a6731d652d3fb337ec8ed3a120e081b674ed62636101787fe,0,1,28,0.72,0.936,7,21,14,8,28,12,0,0.9319822577140021,0.0,0,,random_actions,random_actions:panel_0:2:1140036:0
shared,shared,random_actions,2,30000,1,reference,panel_0,1140036,bf5e52148b9df65a6731d652d3fb337ec8ed3a120e081b674ed62636101787fe,1,1,29,0.71,0.9476000000000001,16,13,7,7,29,8,0,0.9525898869560022,0.0,0,,random_actions,random_actions:panel_0:2:1140036:1
shared,shared,random_actions,2,30000,1,reference,panel_0,1140037,81bc5a3cc3e28b291bc9b20685d7d57d9a9784668c4034629a15ffbd2423d011,0,0,32,-0.3200000000000001,0.036000000000000115,11,21,14,8,28,9,1,1.8571995108700012,0.0,0,,random_actions,random_actions:panel_0:2:1140037:0
shared,shared,random_actions,2,30000,1,reference,panel_0,1140037,81bc5a3cc3e28b291bc9b20685d7d57d9a9784668c4034629a15ffbd2423d011,1,1,21,0.7899999999999999,1.086,6,15,8,8,21,10,0,0.573275165056001,0.0,0,,random_actions,random_actions:panel_0:2:1140037:1
shared,shared,random_actions,2,30000,1,reference,panel_0,1140038,fecc3c8cc4ee724bc307449d9717dd7462147ec066e6b284de329b5ee0d8b422,0,0,32,-0.3200000000000001,0.1932000000000002,12,20,12,9,27,10,1,1.701381311874842,0.0,0,,random_actions,random_actions:panel_0:2:1140038:0
shared,shared,random_actions,2,30000,1,reference,panel_0,1140038,fecc3c8cc4ee724bc307449d9717dd7462147ec066e6b284de329b5ee0d8b422,1,0,32,-0.3200000000000001,0.21120000000000017,14,18,10,9,27,9,1,1.6877346807880729,0.0,0,,random_actions,random_actions:panel_0:2:1140038:1
shared,shared,random_actions,2,30000,1,reference,panel_0,1140039,63243ebf0fe9099e0672c800e98577065957c7b421e095e5d26f1055c3803df1,0,1,32,0.6799999999999999,1.0120000000000002,5,27,16,12,32,16,0,0.9875627200482917,0.0,0,,random_actions,random_actions:panel_0:2:1140039:0
shared,shared,random_actions,2,30000,1,reference,panel_0,1140039,63243ebf0fe9099e0672c800e98577065957c7b421e095e5d26f1055c3803df1,1,0,32,-0.3200000000000001,0.012000000000000136,9,23,13,11,32,13,1,1.9875963384052917,0.0,0,,random_actions,random_actions:panel_0:2:1140039:1
shared,shared,random_actions,2,30000,1,reference,panel_0,1140040,edbd90bd8aac3b9b38ea94f0e0617159dfb1ef85e3d72cfad79b0b1c5af45743,0,0,32,-0.3200000000000001,-0.09319999999999991,11,21,14,8,30,9,1,2.030108882400002,0.0,0,,random_actions,random_actions:panel_0:2:1140040:0
shared,shared,random_actions,2,30000,1,reference,panel_0,1140040,edbd90bd8aac3b9b38ea94f0e0617159dfb1ef85e3d72cfad79b0b1c5af45743,1,0,32,-0.3200000000000001,-0.07159999999999986,11,21,16,6,30,10,1,2.009795044671002,0.0,0,,random_actions,random_actions:panel_0:2:1140040:1
shared,shared,random_actions,2,30000,1,reference,panel_0,1140041,93d47683e6a2998d4947ca85d88db9c7f4839e968adc09fd51ec33fce5b65e47,0,0,32,-0.3200000000000001,-0.036799999999999916,16,16,7,10,28,6,1,1.9315680570158729,0.0,0,,random_actions,random_actions:panel_0:2:1140041:0
shared,shared,random_actions,2,30000,1,reference,panel_0,1140041,93d47683e6a2998d4947ca85d88db9c7f4839e968adc09fd51ec33fce5b65e47,1,0,32,-0.3200000000000001,-0.01999999999999985,10,22,16,7,27,8,1,1.8913793109917407,0.0,0,,random_actions,random_actions:panel_0:2:1140041:1
shared,shared,random_actions,2,30000,1,reference,panel_0,1140042,fe9e07790d839deba27baab65b69aa34db6b17b2c9d02613f33f2baaf238e15d,0,0,32,-0.3200000000000001,-0.04359999999999989,8,24,15,10,29,11,1,1.958921941514002,0.0,0,,random_actions,random_actions:panel_0:2:1140042:0
shared,shared,random_actions,2,30000,1,reference,panel_0,1140042,fe9e07790d839deba27baab65b69aa34db6b17b2c9d02613f33f2baaf238e15d,1,0,32,-0.3200000000000001,-0.0375999999999999,8,24,17,8,31,12,1,2.004802295300002,0.0,0,,random_actions,random_actions:panel_0:2:1140042:1
shared,shared,random_actions,2,30000,1,reference,panel_0,1140043,de6f4871fdee2d6e0373ad70e85d7d829293b7bafa8ce559583ef67a3f717c1c,0,0,32,-0.3200000000000001,0.04920000000000013,24,8,6,3,28,4,1,1.8494897009980016,0.0,0,,random_actions,random_actions:panel_0:2:1140043:0
shared,shared,random_actions,2,30000,1,reference,panel_0,1140043,de6f4871fdee2d6e0373ad70e85d7d829293b7bafa8ce559583ef67a3f717c1c,1,0,32,-0.3200000000000001,0.04680000000000015,24,8,5,4,30,4,1,1.9031256537970038,0.0,0,,random_actions,random_actions:panel_0:2:1140043:1
shared,shared,random_actions,2,30000,1,reference,panel_0,1140044,94d969e40987689365694957b2504633332aefdd216ded83f572cb976a79e0d9,0,0,32,-0.3200000000000001,0.004400000000000154,18,14,7,8,28,6,1,1.8881291090308712,0.0,0,,random_actions,random_actions:panel_0:2:1140044:0
shared,shared,random_actions,2,30000,1,reference,panel_0,1140044,94d969e40987689365694957b2504633332aefdd216ded83f572cb976a79e0d9,1,0,32,-0.3200000000000001,0.009200000000000139,16,16,10,7,30,7,1,1.9356059050284797,0.0,0,,random_actions,random_actions:panel_0:2:1140044:1
shared,shared,random_actions,2,30000,1,reference,panel_0,1140045,48f929bf38e3797abad36c54850d6efad2cce1307266543d669a35cdb9b50a37,0,1,22,0.7799999999999999,0.9636,5,17,10,8,22,10,0,0.7179831943000015,0.0,0,,random_actions,random_actions:panel_0:2:1140045:0
shared,shared,random_actions,2,30000,1,reference,panel_0,1140045,48f929bf38e3797abad36c54850d6efad2cce1307266543d669a35cdb9b50a37,1,1,19,0.8099999999999999,0.9756,4,15,10,6,19,9,0,0.6128200381000013,0.0,0,,random_actions,random_actions:panel_0:2:1140045:1
shared,shared,random_actions,2,30000,1,reference,panel_0,1140046,1017aaf8d7814906da01aed0e4c1de7c6c46919ff821e518d089f264ebcc7e26,0,0,32,-0.3200000000000001,0.2084000000000002,15,17,12,6,29,9,1,1.7396776831229532,0.0,0,,random_actions,random_actions:panel_0:2:1140046:0
shared,shared,random_actions,2,30000,1,reference,panel_0,1140046,1017aaf8d7814906da01aed0e4c1de7c6c46919ff821e518d089f264ebcc7e26,1,0,32,-0.3200000000000001,0.11240000000000014,15,17,9,9,31,11,1,1.8720859786137982,0.0,0,,random_actions,random_actions:panel_0:2:1140046:1
shared,shared,random_actions,2,30000,1,reference,panel_0,1140047,970e98de00c0b9857d786506e3c758baa2926ed08c92afb2d95bb8fd3e33fed7,0,0,32,-0.3200000000000001,0.022800000000000126,11,21,12,10,31,12,1,1.949106417066161,0.0,0,,random_actions,random_actions:panel_0:2:1140047:0
shared,shared,random_actions,2,30000,1,reference,panel_0,1140047,970e98de00c0b9857d786506e3c758baa2926ed08c92afb2d95bb8fd3e33fed7,1,1,9,0.91,1.1400000000000001,2,7,1,7,9,6,0,0.1460867026570004,0.0,0,,random_actions,random_actions:panel_0:2:1140047:1
shared,shared,random_actions,2,30000,1,reference,panel_0,1140048,8f5951cf7be8106e9c0ac3a6bd59a87439e844e66a8ae823c313039fc1b132f2,0,0,32,-0.3200000000000001,-0.16599999999999993,8,24,17,8,29,9,1,2.072382112271002,0.0,0,,random_actions,random_actions:panel_0:2:1140048:0
shared,shared,random_actions,2,30000,1,reference,panel_0,1140048,8f5951cf7be8106e9c0ac3a6bd59a87439e844e66a8ae823c313039fc1b132f2,1,1,6,0.94,0.9872000000000001,3,3,0,4,6,2,0,0.1973090000000003,0.0,0,,random_actions,random_actions:panel_0:2:1140048:1
shared,shared,random_actions,2,30000,1,reference,panel_0,1140049,1161d896ff45fa6c0cc4cfea1e73c71f45d1df742bb769849b56bcf7e206cc42,0,0,32,-0.3200000000000001,-0.06959999999999994,13,19,13,7,28,7,1,1.9594777901752916,0.0,0,,random_actions,random_actions:panel_0:2:1140049:0
shared,shared,random_actions,2,30000,1,reference,panel_0,1140049,1161d896ff45fa6c0cc4cfea1e73c71f45d1df742bb769849b56bcf7e206cc42,1,1,16,0.84,0.9788,4,12,5,8,16,7,0,0.5165016544280014,0.0,0,,random_actions,random_actions:panel_0:2:1140049:1
shared,shared,random_actions,2,30000,1,reference,panel_0,1140050,df1c9adddf022ae9c964b76337bcdba2b4205652e6173697a21f0e3c065bec6e,0,1,18,0.82,0.914,5,13,4,10,18,7,0,0.6422233988570013,0.0,0,,random_actions,random_actions:panel_0:2:1140050:0
shared,shared,random_actions,2,30000,1,reference,panel_0,1140050,df1c9adddf022ae9c964b76337bcdba2b4205652e6173697a21f0e3c065bec6e,1,1,11,0.89,0.9564,2,9,4,6,11,5,0,0.38285092000000076,0.0,0,,random_actions,random_actions:panel_0:2:1140050:1
shared,shared,random_actions,2,30000,1,reference,panel_0,1140051,d5d92f8b172cd3b803a5e8c1554a7a2a3c4b337f675aef710c1ea4b7adab9703,0,0,32,-0.3200000000000001,-0.07159999999999987,14,18,10,9,30,8,1,2.007418307700001,0.0,0,,random_actions,random_actions:panel_0:2:1140051:0
shared,shared,random_actions,2,30000,1,reference,panel_0,1140051,d5d92f8b172cd3b803a5e8c1554a7a2a3c4b337f675aef710c1ea4b7adab9703,1,1,23,0.7699999999999999,0.9752000000000001,6,17,10,8,23,10,0,0.738249409100001,0.0,0,,random_actions,random_actions:panel_0:2:1140051:1
shared,shared,random_actions,2,30000,1,reference,panel_0,1140052,3e277ffe79f468f68634ff26bb141865e14f177591fb72db6b59fbc609fb6205,0,0,32,-0.3200000000000001,-0.09319999999999995,7,25,13,13,29,11,1,2.003106468600002,0.0,0,,random_actions,random_actions:panel_0:2:1140052:0
shared,shared,random_actions,2,30000,1,reference,panel_0,1140052,3e277ffe79f468f68634ff26bb141865e14f177591fb72db6b59fbc609fb6205,1,0,32,-0.3200000000000001,-0.08239999999999999,8,24,14,11,31,12,1,2.047084964734292,0.0,0,,random_actions,random_actions:panel_0:2:1140052:1
shared,shared,random_actions,2,30000,1,reference,panel_0,1140053,2e9da87ea79e479525dd47c01ee8e87a72f5646110ce066dbaeca9a51199006c,0,1,27,0.73,0.9632000000000001,1,26,17,10,27,15,0,0.8754156881000021,0.0,0,,random_actions,random_actions:panel_0:2:1140053:0
shared,shared,random_actions,2,30000,1,reference,panel_0,1140053,2e9da87ea79e479525dd47c01ee8e87a72f5646110ce066dbaeca9a51199006c,1,1,26,0.74,0.9984000000000001,4,22,11,12,26,13,0,0.8110539395482915,0.0,0,,random_actions,random_actions:panel_0:2:1140053:1
shared,shared,random_actions,2,30000,1,reference,panel_0,1140054,7d5508357750a0b81c48cd8e4a043069c194f545e5b4f7816fe87851a236d415,0,0,32,-0.3200000000000001,0.04800000000000011,14,18,13,6,30,9,1,1.900227446432321,0.0,0,,random_actions,random_actions:panel_0:2:1140054:0
shared,shared,random_actions,2,30000,1,reference,panel_0,1140054,7d5508357750a0b81c48cd8e4a043069c194f545e5b4f7816fe87851a236d415,1,0,32,-0.3200000000000001,0.07440000000000019,13,19,15,5,27,7,1,1.8036249028236102,0.0,0,,random_actions,random_actions:panel_0:2:1140054:1
shared,shared,random_actions,2,30000,1,reference,panel_0,1140055,8a6a0d4ceb59b0d583850694ab0a06041bc8b2805a40b14946d5b9a9fc77e07e,0,1,3,0.97,1.0124,2,1,0,2,3,1,0,0.07940000000000014,0.0,0,,random_actions,random_actions:panel_0:2:1140055:0
shared,shared,random_actions,2,30000,1,reference,panel_0,1140055,8a6a0d4ceb59b0d583850694ab0a06041bc8b2805a40b14946d5b9a9fc77e07e,1,1,6,0.94,0.9872000000000001,3,3,1,3,6,2,0,0.1973090000000003,0.0,0,,random_actions,random_actions:panel_0:2:1140055:1
shared,shared,random_actions,2,30000,1,reference,panel_0,1140056,a254d3cca9cfeac38dbc5a91bfa627a61650b963f3f868f2abf4d1b7a8d01a8a,0,0,32,-0.3200000000000001,-0.05879999999999966,11,21,8,14,29,8,1,1.976686865696871,0.0,0,,random_actions,random_actions:panel_0:2:1140056:0
shared,shared,random_actions,2,30000,1,reference,panel_0,1140056,a254d3cca9cfeac38dbc5a91bfa627a61650b963f3f868f2abf4d1b7a8d01a8a,1,0,32,-0.3200000000000001,-0.0887999999999998,8,24,16,9,32,12,1,2.082166950673871,0.0,0,,random_actions,random_actions:panel_0:2:1140056:1
shared,shared,random_actions,2,30000,1,reference,panel_0,1140057,a23d503774d88eb69f41e37841e3ede7d1b1ad7218278613cc1fda912b47b469,0,0,32,-0.3200000000000001,0.09960000000000013,14,18,10,9,26,6,1,1.7619799498010014,0.0,0,,random_actions,random_actions:panel_0:2:1140057:0
shared,shared,random_actions,2,30000,1,reference,panel_0,1140057,a23d503774d88eb69f41e37841e3ede7d1b1ad7218278613cc1fda912b47b469,1,0,32,-0.3200000000000001,0.08400000000000016,10,22,14,9,29,10,1,1.842894464463408,0.0,0,,random_actions,random_actions:panel_0:2:1140057:1
shared,shared,random_actions,2,30000,1,reference,panel_0,1140058,8121b92577142f257656fa6204bda3122d446b379bd044304af0c8028afa4fc4,0,0,32,-0.3200000000000001,9.71445146547012e-17,9,23,18,6,30,11,1,1.9442615003710015,0.0,0,,random_actions,random_actions:panel_0:2:1140058:0
shared,shared,random_actions,2,30000,1,reference,panel_0,1140058,8121b92577142f257656fa6204bda3122d446b379bd044304af0c8028afa4fc4,1,0,32,-0.3200000000000001,-0.016799999999999912,8,24,15,10,31,13,1,1.9868586385951608,0.0,0,,random_actions,random_actions:panel_0:2:1140058:1
shared,shared,random_actions,2,30000,1,reference,panel_0,1140059,b9344eac8899c297e65a75ab3ba894d913aed069475029ebd01fab8d54e42479,0,1,28,0.72,0.8792000000000001,10,18,13,6,28,10,0,0.9864255824000023,0.0,0,,random_actions,random_actions:panel_0:2:1140059:0
shared,shared,random_actions,2,30000,1,reference,panel_0,1140059,b9344eac8899c297e65a75ab3ba894d913aed069475029ebd01fab8d54e42479,1,0,32,-0.3200000000000001,-0.11759999999999989,16,16,4,13,31,8,1,2.079917365748292,0.0,0,,random_actions,random_actions:panel_0:2:1140059:1
shared,shared,random_actions,2,30000,1,reference,panel_0,1140060,a69415479a4bc279d949658b6223e5c61ba1c84f59168cc5d386edbcb0ad5718,0,1,29,0.71,0.9684000000000001,13,16,6,11,29,10,0,0.9331732577140016,0.0,0,,random_actions,random_actions:panel_0:2:1140060:0
shared,shared,random_actions,2,30000,1,reference,panel_0,1140060,a69415479a4bc279d949658b6223e5c61ba1c84f59168cc5d386edbcb0ad5718,1,1,14,0.86,1.0548000000000002,4,10,3,8,14,7,0,0.3816956500000007,0.0,0,,random_actions,random_actions:panel_0:2:1140060:1
shared,shared,random_actions,2,30000,1,reference,panel_0,1140061,f66a0d751e878331840ee787d7e79d8540eecaddb46e97318a65c6eba1987c04,0,0,32,-0.3200000000000001,0.2108000000000002,20,12,9,4,26,6,1,1.6678787376179,0.0,0,,random_actions,random_actions:panel_0:2:1140061:0
shared,shared,random_actions,2,30000,1,reference,panel_0,1140061,f66a0d751e878331840ee787d7e79d8540eecaddb46e97318a65c6eba1987c04,1,0,32,-0.3200000000000001,0.1196000000000001,11,21,10,12,31,12,1,1.866819137620031,0.0,0,,random_actions,random_actions:panel_0:2:1140061:1
shared,shared,random_actions,2,30000,1,reference,panel_0,1140062,03ac19cbdfadc3fb55324a7704b4e4f25c9e149d90c77be789402ea8821d498b,0,0,32,-0.3200000000000001,0.05640000000000018,11,21,13,9,31,12,1,1.918640147578857,0.0,0,,random_actions,random_actions:panel_0:2:1140062:0
shared,shared,random_actions,2,30000,1,reference,panel_0,1140062,03ac19cbdfadc3fb55324a7704b4e4f25c9e149d90c77be789402ea8821d498b,1,1,9,0.91,1.1352,4,5,0,6,9,5,0,0.15077924265700027,0.0,0,,random_actions,random_actions:panel_0:2:1140062:1
shared,shared,random_actions,2,30000,1,reference,panel_0,1140063,4332d60dc6ce9c5c69fd0ce4b204303bdff6959f7c4907d391b1e9ba6ada1f6d,0,0,32,-0.3200000000000001,-0.006399999999999906,12,20,13,8,28,8,1,1.8997408525700308,0.0,0,,random_actions,random_actions:panel_0:2:1140063:0
shared,shared,random_actions,2,30000,1,reference,panel_0,1140063,4332d60dc6ce9c5c69fd0ce4b204303bdff6959f7c4907d391b1e9ba6ada1f6d,1,0,32,-0.3200000000000001,0.022400000000000163,14,18,10,9,31,10,1,1.9491763201932617,0.0,0,,random_actions,random_actions:panel_0:2:1140063:1
shared,shared,shortest_path,0,30000,1,reference,panel_0,1140000,bed384096705171103468c67fab1c50cddf090e8dd0ef6d27adef77e389105b8,0,1,4,0.96,1.1272,0,4,0,5,4,4,0,0.0,0.0,0,,shortest_path,shortest_path:panel_0:0:1140000:0
shared,shared,shortest_path,0,30000,1,reference,panel_0,1140001,215e353fd2f5a4cf418ad037fceb9e966602bc07b29ed6c29fac00db2be5344f,0,1,5,0.95,1.162,0,5,0,6,5,5,0,0.0,0.0,0,,shortest_path,shortest_path:panel_0:0:1140001:0
shared,shared,shortest_path,0,30000,1,reference,panel_0,1140002,afd83dff8180d1aa3f122c468f2581986b3d1256c650a41a2d41be87cc476abb,0,1,4,0.96,1.1272,0,4,0,5,4,4,0,0.0,0.0,0,,shortest_path,shortest_path:panel_0:0:1140002:0
shared,shared,shortest_path,0,30000,1,reference,panel_0,1140003,b34f77e0cb58ca9d0a1d531c5ff10dabe78b8a2545fc7c82271e9abbb0b13531,0,1,6,0.94,1.198,0,6,0,7,6,6,0,0.0,0.0,0,,shortest_path,shortest_path:panel_0:0:1140003:0
shared,shared,shortest_path,0,30000,1,reference,panel_0,1140004,3290676bf233bcca0bae10b5ae407c68b97722ed2242486ef1df58aa46080822,0,1,5,0.95,1.162,0,5,0,6,5,5,0,0.0,0.0,0,,shortest_path,shortest_path:panel_0:0:1140004:0
shared,shared,shortest_path,0,30000,1,reference,panel_0,1140005,4f97370d557c1739dafaf559c6d3e283251f6712d8786e0145c5a21e4f69e330,0,1,3,0.97,1.0936,0,3,0,4,3,3,0,0.0,0.0,0,,shortest_path,shortest_path:panel_0:0:1140005:0
shared,shared,shortest_path,0,30000,1,reference,panel_0,1140006,4ceee66dc266fe8138771db04580b0f73542e53ec1a4bed48cd72cd55153d54b,0,1,5,0.95,1.162,0,5,0,6,5,5,0,0.0,0.0,0,,shortest_path,shortest_path:panel_0:0:1140006:0
shared,shared,shortest_path,0,30000,1,reference,panel_0,1140007,e0b51ce4164f909163596242d8129e17af02357583715e56537a67ea86855645,0,1,3,0.97,1.0936,0,3,0,4,3,3,0,0.0,0.0,0,,shortest_path,shortest_path:panel_0:0:1140007:0
shared,shared,shortest_path,0,30000,1,reference,panel_0,1140008,7aa246f76c29c8277e78dcd9b266c1dfb3caa62f42942b08d0f72599d3db5ed3,0,1,3,0.97,1.0936,0,3,0,4,3,3,0,0.0,0.0,0,,shortest_path,shortest_path:panel_0:0:1140008:0
shared,shared,shortest_path,0,30000,1,reference,panel_0,1140009,fe11601eb7169f8fbf8e215e0254cf61c7f0c6cb4a0c902b7bb8e5cf691a6931,0,1,3,0.97,1.0936,0,3,0,4,3,3,0,0.0,0.0,0,,shortest_path,shortest_path:panel_0:0:1140009:0
shared,shared,shortest_path,0,30000,1,reference,panel_0,1140010,d91114fb3468e2aafe820554e34ae1b8beff3dbb7d480ae5742d837acbbc3369,0,1,2,0.98,1.0612,0,2,0,3,2,2,0,0.0,0.0,0,,shortest_path,shortest_path:panel_0:0:1140010:0
shared,shared,shortest_path,0,30000,1,reference,panel_0,1140011,cc9e8a802691d3ded9565951a85ebea0bf53878e9b60ae4f121e8edb28836474,0,1,4,0.96,1.1272,0,4,0,5,4,4,0,0.0,0.0,0,,shortest_path,shortest_path:panel_0:0:1140011:0
shared,shared,shortest_path,0,30000,1,reference,panel_0,1140012,50d50ec0adcffbb8b6d2e5f80c2864cc721acf42cea5258eec6658b5eb5ba0fc,0,1,4,0.96,1.1272,0,4,0,5,4,4,0,0.0,0.0,0,,shortest_path,shortest_path:panel_0:0:1140012:0
shared,shared,shortest_path,0,30000,1,reference,panel_0,1140013,500b0bb49c685ba5b31b1b8bb8e4cf1e58b6d7e4fa45dda4e02a0d7a54547980,0,1,3,0.97,1.0936,0,3,0,4,3,3,0,0.0,0.0,0,,shortest_path,shortest_path:panel_0:0:1140013:0
shared,shared,shortest_path,0,30000,1,reference,panel_0,1140014,c84c4d112793dcd86b61378878de101814d2e2f233091ccbe303f8a36a3db692,0,1,4,0.96,1.1272,0,4,0,5,4,4,0,0.0,0.0,0,,shortest_path,shortest_path:panel_0:0:1140014:0
shared,shared,shortest_path,0,30000,1,reference,panel_0,1140015,aff56a8363ebfdfbb22ab9f96812dc592e137e445e99379d7cc62732358a5c1d,0,1,3,0.97,1.0936,0,3,0,4,3,3,0,0.0,0.0,0,,shortest_path,shortest_path:panel_0:0:1140015:0
shared,shared,shortest_path,0,30000,1,reference,panel_0,1140016,3bd71125233c4df79d0dd28729f0cfd3666fa3f050c53374634c96dc8a827d57,0,1,5,0.95,1.162,0,5,0,6,5,5,0,0.0,0.0,0,,shortest_path,shortest_path:panel_0:0:1140016:0
shared,shared,shortest_path,0,30000,1,reference,panel_0,1140017,0e1e22bf2958a79d619af23f3a400b79bfbfa444619df20e40ab4b8256593aed,0,1,5,0.95,1.162,0,5,0,6,5,5,0,0.0,0.0,0,,shortest_path,shortest_path:panel_0:0:1140017:0
shared,shared,shortest_path,0,30000,1,reference,panel_0,1140018,77a4a789c9e7e59cd68ea66b413fc7c21b579a617fac660e33a23b42dd2c8dfc,0,1,6,0.94,1.198,0,6,0,7,6,6,0,0.0,0.0,0,,shortest_path,shortest_path:panel_0:0:1140018:0
shared,shared,shortest_path,0,30000,1,reference,panel_0,1140019,50d60d920ab4dd5ecfbfa255479a46daf643e9f021bfe1e1619df774fd78aef9,0,1,2,0.98,1.0612,0,2,0,3,2,2,0,0.0,0.0,0,,shortest_path,shortest_path:panel_0:0:1140019:0
shared,shared,shortest_path,0,30000,1,reference,panel_0,1140020,224ce91a4b4f3e671ea2a681e0a52f6a3fb84100d20137f06961b8a1a99209b2,0,1,6,0.94,1.198,0,6,0,7,6,6,0,0.0,0.0,0,,shortest_path,shortest_path:panel_0:0:1140020:0
shared,shared,shortest_path,0,30000,1,reference,panel_0,1140021,71a8e5052077c5cac2b861676a99fdaffb3a0efa55e6ece94442d8386d931fec,0,1,5,0.95,1.162,0,5,0,6,5,5,0,0.0,0.0,0,,shortest_path,shortest_path:panel_0:0:1140021:0
shared,shared,shortest_path,0,30000,1,reference,panel_0,1140022,b341a8d59601ab5326b4c783b9b4ceab58b5e988101fa1175063a7165e9bc90e,0,1,2,0.98,1.0612,0,2,0,3,2,2,0,0.0,0.0,0,,shortest_path,shortest_path:panel_0:0:1140022:0
shared,shared,shortest_path,0,30000,1,reference,panel_0,1140023,e343d2cc018d1a9af08bd450ba7bed93775a6edb5ed11ac577476e5f1475761a,0,1,6,0.94,1.198,0,6,0,7,6,6,0,0.0,0.0,0,,shortest_path,shortest_path:panel_0:0:1140023:0
shared,shared,shortest_path,0,30000,1,reference,panel_0,1140024,b5641ba1d6c3654cc47326d66ff7bbd32a9f1fae2d5bfe3ca2bd279b9afcd8e2,0,1,3,0.97,1.0936,0,3,0,4,3,3,0,0.0,0.0,0,,shortest_path,shortest_path:panel_0:0:1140024:0
shared,shared,shortest_path,0,30000,1,reference,panel_0,1140025,1d35a154ed38f4e214e9486d7978679dc48c7f00c5abdd83ded6b18f161aa766,0,1,3,0.97,1.0936,0,3,0,4,3,3,0,0.0,0.0,0,,shortest_path,shortest_path:panel_0:0:1140025:0
shared,shared,shortest_path,0,30000,1,reference,panel_0,1140026,2abcf88b8eac8a73f8d45f031654b26e7115ed6a94f4e907675d7d6850711f1a,0,1,2,0.98,1.0612,0,2,0,3,2,2,0,0.0,0.0,0,,shortest_path,shortest_path:panel_0:0:1140026:0
shared,shared,shortest_path,0,30000,1,reference,panel_0,1140027,85617377121d9f3a7040315a2709d034b11039b2bc80d972f1f7a3043fdfe41c,0,1,3,0.97,1.0936,0,3,0,4,3,3,0,0.0,0.0,0,,shortest_path,shortest_path:panel_0:0:1140027:0
shared,shared,shortest_path,0,30000,1,reference,panel_0,1140028,3991a0993be21963eab52de55b88bc3840d3537826f6173cd5e082dc57e82225,0,1,3,0.97,1.0936,0,3,0,4,3,3,0,0.0,0.0,0,,shortest_path,shortest_path:panel_0:0:1140028:0
shared,shared,shortest_path,0,30000,1,reference,panel_0,1140029,8accb1dd748ed6144e1bb1761cce7ceb35fe0499c99a718b9facdcd2406542cc,0,1,4,0.96,1.1272,0,4,0,5,4,4,0,0.0,0.0,0,,shortest_path,shortest_path:panel_0:0:1140029:0
shared,shared,shortest_path,0,30000,1,reference,panel_0,1140030,db8e708a189fedc30469e66c71835894f1a47d5912887b95b8bcedacb9092aa8,0,1,2,0.98,1.0612,0,2,0,3,2,2,0,0.0,0.0,0,,shortest_path,shortest_path:panel_0:0:1140030:0
shared,shared,shortest_path,0,30000,1,reference,panel_0,1140031,ddf0e852b987ac221b43ff8ec058b5aa24c3618c81f9c988fcd3980f43cd1212,0,1,4,0.96,1.1272,0,4,0,5,4,4,0,0.0,0.0,0,,shortest_path,shortest_path:panel_0:0:1140031:0
shared,shared,shortest_path,0,30000,1,reference,panel_0,1140032,dc5cd2413d0be7b96a6ed60148890f2d279f4c3b4aad32aae10a4a291c1c694f,0,1,4,0.96,1.1272,0,4,0,5,4,4,0,0.0,0.0,0,,shortest_path,shortest_path:panel_0:0:1140032:0
shared,shared,shortest_path,0,30000,1,reference,panel_0,1140033,8e2ec246f249257fb97f1f43260d08df4c651419df6bda651417b1ba96c504b1,0,1,2,0.98,1.0612,0,2,0,3,2,2,0,0.0,0.0,0,,shortest_path,shortest_path:panel_0:0:1140033:0
shared,shared,shortest_path,0,30000,1,reference,panel_0,1140034,fd1081e154652485c50a358dd2663378f25e05e9dc513829ee4430693025e04b,0,1,1,0.99,1.03,0,1,0,2,1,1,0,0.0,0.0,0,,shortest_path,shortest_path:panel_0:0:1140034:0
shared,shared,shortest_path,0,30000,1,reference,panel_0,1140035,2039058dc746b983ca668c63f7e7c9cd80b2c0f69f506c24964f45343f09a8b9,0,1,1,0.99,1.03,0,1,0,2,1,1,0,0.0,0.0,0,,shortest_path,shortest_path:panel_0:0:1140035:0
shared,shared,shortest_path,0,30000,1,reference,panel_0,1140036,bf5e52148b9df65a6731d652d3fb337ec8ed3a120e081b674ed62636101787fe,0,1,3,0.97,1.0936,0,3,0,4,3,3,0,0.0,0.0,0,,shortest_path,shortest_path:panel_0:0:1140036:0
shared,shared,shortest_path,0,30000,1,reference,panel_0,1140037,81bc5a3cc3e28b291bc9b20685d7d57d9a9784668c4034629a15ffbd2423d011,0,1,5,0.95,1.162,0,5,0,6,5,5,0,0.0,0.0,0,,shortest_path,shortest_path:panel_0:0:1140037:0
shared,shared,shortest_path,0,30000,1,reference,panel_0,1140038,fecc3c8cc4ee724bc307449d9717dd7462147ec066e6b284de329b5ee0d8b422,0,1,8,0.9199999999999999,1.2736,0,8,0,9,8,8,0,0.0,0.0,0,,shortest_path,shortest_path:panel_0:0:1140038:0
shared,shared,shortest_path,0,30000,1,reference,panel_0,1140039,63243ebf0fe9099e0672c800e98577065957c7b421e095e5d26f1055c3803df1,0,1,5,0.95,1.162,0,5,0,6,5,5,0,0.0,0.0,0,,shortest_path,shortest_path:panel_0:0:1140039:0
shared,shared,shortest_path,0,30000,1,reference,panel_0,1140040,edbd90bd8aac3b9b38ea94f0e0617159dfb1ef85e3d72cfad79b0b1c5af45743,0,1,3,0.97,1.0936,0,3,0,4,3,3,0,0.0,0.0,0,,shortest_path,shortest_path:panel_0:0:1140040:0
shared,shared,shortest_path,0,30000,1,reference,panel_0,1140041,93d47683e6a2998d4947ca85d88db9c7f4839e968adc09fd51ec33fce5b65e47,0,1,3,0.97,1.0936,0,3,0,4,3,3,0,0.0,0.0,0,,shortest_path,shortest_path:panel_0:0:1140041:0
shared,shared,shortest_path,0,30000,1,reference,panel_0,1140042,fe9e07790d839deba27baab65b69aa34db6b17b2c9d02613f33f2baaf238e15d,0,1,4,0.96,1.1272,0,4,0,5,4,4,0,0.0,0.0,0,,shortest_path,shortest_path:panel_0:0:1140042:0
shared,shared,shortest_path,0,30000,1,reference,panel_0,1140043,de6f4871fdee2d6e0373ad70e85d7d829293b7bafa8ce559583ef67a3f717c1c,0,1,5,0.95,1.162,0,5,0,6,5,5,0,0.0,0.0,0,,shortest_path,shortest_path:panel_0:0:1140043:0
shared,shared,shortest_path,0,30000,1,reference,panel_0,1140044,94d969e40987689365694957b2504633332aefdd216ded83f572cb976a79e0d9,0,1,4,0.96,1.1272,0,4,0,5,4,4,0,0.0,0.0,0,,shortest_path,shortest_path:panel_0:0:1140044:0
shared,shared,shortest_path,0,30000,1,reference,panel_0,1140045,48f929bf38e3797abad36c54850d6efad2cce1307266543d669a35cdb9b50a37,0,1,3,0.97,1.0936,0,3,0,4,3,3,0,0.0,0.0,0,,shortest_path,shortest_path:panel_0:0:1140045:0
shared,shared,shortest_path,0,30000,1,reference,panel_0,1140046,1017aaf8d7814906da01aed0e4c1de7c6c46919ff821e518d089f264ebcc7e26,0,1,7,0.9299999999999999,1.2352,0,7,0,8,7,7,0,0.0,0.0,0,,shortest_path,shortest_path:panel_0:0:1140046:0
shared,shared,shortest_path,0,30000,1,reference,panel_0,1140047,970e98de00c0b9857d786506e3c758baa2926ed08c92afb2d95bb8fd3e33fed7,0,1,5,0.95,1.162,0,5,0,6,5,5,0,0.0,0.0,0,,shortest_path,shortest_path:panel_0:0:1140047:0
shared,shared,shortest_path,0,30000,1,reference,panel_0,1140048,8f5951cf7be8106e9c0ac3a6bd59a87439e844e66a8ae823c313039fc1b132f2,0,1,1,0.99,1.03,0,1,0,2,1,1,0,0.0,0.0,0,,shortest_path,shortest_path:panel_0:0:1140048:0
shared,shared,shortest_path,0,30000,1,reference,panel_0,1140049,1161d896ff45fa6c0cc4cfea1e73c71f45d1df742bb769849b56bcf7e206cc42,0,1,2,0.98,1.0612,0,2,0,3,2,2,0,0.0,0.0,0,,shortest_path,shortest_path:panel_0:0:1140049:0
shared,shared,shortest_path,0,30000,1,reference,panel_0,1140050,df1c9adddf022ae9c964b76337bcdba2b4205652e6173697a21f0e3c065bec6e,0,1,1,0.99,1.03,0,1,0,2,1,1,0,0.0,0.0,0,,shortest_path,shortest_path:panel_0:0:1140050:0
shared,shared,shortest_path,0,30000,1,reference,panel_0,1140051,d5d92f8b172cd3b803a5e8c1554a7a2a3c4b337f675aef710c1ea4b7adab9703,0,1,3,0.97,1.0936,0,3,0,4,3,3,0,0.0,0.0,0,,shortest_path,shortest_path:panel_0:0:1140051:0
shared,shared,shortest_path,0,30000,1,reference,panel_0,1140052,3e277ffe79f468f68634ff26bb141865e14f177591fb72db6b59fbc609fb6205,0,1,3,0.97,1.0936,0,3,0,4,3,3,0,0.0,0.0,0,,shortest_path,shortest_path:panel_0:0:1140052:0
shared,shared,shortest_path,0,30000,1,reference,panel_0,1140053,2e9da87ea79e479525dd47c01ee8e87a72f5646110ce066dbaeca9a51199006c,0,1,4,0.96,1.1272,0,4,0,5,4,4,0,0.0,0.0,0,,shortest_path,shortest_path:panel_0:0:1140053:0
shared,shared,shortest_path,0,30000,1,reference,panel_0,1140054,7d5508357750a0b81c48cd8e4a043069c194f545e5b4f7816fe87851a236d415,0,1,5,0.95,1.162,0,5,0,6,5,5,0,0.0,0.0,0,,shortest_path,shortest_path:panel_0:0:1140054:0
shared,shared,shortest_path,0,30000,1,reference,panel_0,1140055,8a6a0d4ceb59b0d583850694ab0a06041bc8b2805a40b14946d5b9a9fc77e07e,0,1,1,0.99,1.03,0,1,0,2,1,1,0,0.0,0.0,0,,shortest_path,shortest_path:panel_0:0:1140055:0
shared,shared,shortest_path,0,30000,1,reference,panel_0,1140056,a254d3cca9cfeac38dbc5a91bfa627a61650b963f3f868f2abf4d1b7a8d01a8a,0,1,2,0.98,1.0612,0,2,0,3,2,2,0,0.0,0.0,0,,shortest_path,shortest_path:panel_0:0:1140056:0
shared,shared,shortest_path,0,30000,1,reference,panel_0,1140057,a23d503774d88eb69f41e37841e3ede7d1b1ad7218278613cc1fda912b47b469,0,1,5,0.95,1.162,0,5,0,6,5,5,0,0.0,0.0,0,,shortest_path,shortest_path:panel_0:0:1140057:0
shared,shared,shortest_path,0,30000,1,reference,panel_0,1140058,8121b92577142f257656fa6204bda3122d446b379bd044304af0c8028afa4fc4,0,1,5,0.95,1.162,0,5,0,6,5,5,0,0.0,0.0,0,,shortest_path,shortest_path:panel_0:0:1140058:0
shared,shared,shortest_path,0,30000,1,reference,panel_0,1140059,b9344eac8899c297e65a75ab3ba894d913aed069475029ebd01fab8d54e42479,0,1,2,0.98,1.0612,0,2,0,3,2,2,0,0.0,0.0,0,,shortest_path,shortest_path:panel_0:0:1140059:0
shared,shared,shortest_path,0,30000,1,reference,panel_0,1140060,a69415479a4bc279d949658b6223e5c61ba1c84f59168cc5d386edbcb0ad5718,0,1,4,0.96,1.1272,0,4,0,5,4,4,0,0.0,0.0,0,,shortest_path,shortest_path:panel_0:0:1140060:0
shared,shared,shortest_path,0,30000,1,reference,panel_0,1140061,f66a0d751e878331840ee787d7e79d8540eecaddb46e97318a65c6eba1987c04,0,1,7,0.9299999999999999,1.2352,0,7,0,8,7,7,0,0.0,0.0,0,,shortest_path,shortest_path:panel_0:0:1140061:0
shared,shared,shortest_path,0,30000,1,reference,panel_0,1140062,03ac19cbdfadc3fb55324a7704b4e4f25c9e149d90c77be789402ea8821d498b,0,1,5,0.95,1.162,0,5,0,6,5,5,0,0.0,0.0,0,,shortest_path,shortest_path:panel_0:0:1140062:0
shared,shared,shortest_path,0,30000,1,reference,panel_0,1140063,4332d60dc6ce9c5c69fd0ce4b204303bdff6959f7c4907d391b1e9ba6ada1f6d,0,1,4,0.96,1.1272,0,4,0,5,4,4,0,0.0,0.0,0,,shortest_path,shortest_path:panel_0:0:1140063:0
shared,shared,random_actions,0,30000,1,reference,panel_1,1141000,5deab250e6608143333ce42bee7cf5bec0d4ac107b6af9944dfb3ffced413dc5,0,1,3,0.97,1.0936,0,3,0,4,3,3,0,0.0,0.0,0,,random_actions,random_actions:panel_1:0:1141000:0
shared,shared,random_actions,0,30000,1,reference,panel_1,1141000,5deab250e6608143333ce42bee7cf5bec0d4ac107b6af9944dfb3ffced413dc5,1,1,6,0.94,1.0744,1,5,1,5,6,4,0,0.11209584810000028,0.0,0,,random_actions,random_actions:panel_1:0:1141000:1
shared,shared,random_actions,0,30000,1,reference,panel_1,1141001,4ddf4082c04712e9806470b5e075da0abd97073afb5c0e861b1a73bdc1de8162,0,0,32,-0.3200000000000001,0.04480000000000006,13,19,12,8,28,9,1,1.8553159122685816,0.0,0,,random_actions,random_actions:panel_1:0:1141001:0
shared,shared,random_actions,0,30000,1,reference,panel_1,1141001,4ddf4082c04712e9806470b5e075da0abd97073afb5c0e861b1a73bdc1de8162,1,0,32,-0.3200000000000001,0.037600000000000064,11,21,14,8,30,11,1,1.9113587112570016,0.0,0,,random_actions,random_actions:panel_1:0:1141001:1
shared,shared,random_actions,0,30000,1,reference,panel_1,1141003,eb7dbfdcd9fc32516b7e7b9adeea9986ad356988ec394ef971537a3794a060d8,0,0,32,-0.3200000000000001,0.27720000000000034,21,11,8,4,25,5,1,1.5948168137393408,0.0,0,,random_actions,random_actions:panel_1:0:1141003:0
shared,shared,random_actions,0,30000,1,reference,panel_1,1141003,eb7dbfdcd9fc32516b7e7b9adeea9986ad356988ec394ef971537a3794a060d8,1,0,32,-0.3200000000000001,0.18240000000000012,9,23,13,11,29,12,1,1.7658188115552882,0.0,0,,random_actions,random_actions:panel_1:0:1141003:1
shared,shared,random_actions,0,30000,1,reference,panel_1,1141004,baef19db3a9395327f0592da62a62f4d4d25ad4ef95b0bcbc1499c84bab0a2e9,0,1,22,0.7799999999999999,1.0592000000000001,7,15,4,12,22,10,0,0.6300922332178708,0.0,0,,random_actions,random_actions:panel_1:0:1141004:0
shared,shared,random_actions,0,30000,1,reference,panel_1,1141004,baef19db3a9395327f0592da62a62f4d4d25ad4ef95b0bcbc1499c84bab0a2e9,1,0,32,-0.3200000000000001,0.08640000000000009,15,17,12,6,27,8,1,1.7951246133173488,0.0,0,,random_actions,random_actions:panel_1:0:1141004:1
shared,shared,random_actions,0,30000,1,reference,panel_1,1141005,e1eac101407b161a975477484ca0f5f0782cfd620b11aaa55510a64141fdf2a3,0,1,25,0.7499999999999999,1.0,9,16,10,7,25,10,0,0.7778432910000012,0.0,0,,random_actions,random_actions:panel_1:0:1141005:0
shared,shared,random_actions,0,30000,1,reference,panel_1,1141005,e1eac101407b161a975477484ca0f5f0782cfd620b11aaa55510a64141fdf2a3,1,1,7,0.9299999999999999,1.1092,3,4,0,5,7,4,0,0.11097523620000005,0.0,0,,random_actions,random_actions:panel_1:0:1141005:1
shared,shared,random_actions,0,30000,1,reference,panel_1,1141006,1a166505fe6fd2bed9d5b1095107d282bb6ecd7613f37eb73d89a6d19b88c788,0,1,7,0.9299999999999999,0.9772000000000001,6,1,0,2,7,1,0,0.2382000000000004,0.0,0,,random_actions,random_actions:panel_1:0:1141006:0
shared,shared,random_actions,0,30000,1,reference,panel_1,1141006,1a166505fe6fd2bed9d5b1095107d282bb6ecd7613f37eb73d89a6d19b88c788,1,1,2,0.98,1.0212,1,1,0,2,2,1,0,0.03970000000000007,0.0,0,,random_actions,random_actions:panel_1:0:1141006:1
shared,shared,random_actions,0,30000,1,reference,panel_1,1141008,3d7982fcce59ea71f612576510ef7a48d5e51b90dc8e1cc3003e87f7ca09b47e,0,0,32,-0.3200000000000001,0.054000000000000145,9,23,14,10,29,10,1,1.86863656243861,0.0,0,,random_actions,random_actions:panel_1:0:1141008:0
shared,shared,random_actions,0,30000,1,reference,panel_1,1141008,3d7982fcce59ea71f612576510ef7a48d5e51b90dc8e1cc3003e87f7ca09b47e,1,0,32,-0.3200000000000001,0.06720000000000013,16,16,10,7,28,7,1,1.8313695186361896,0.0,0,,random_actions,random_actions:panel_1:0:1141008:1
shared,shared,random_actions,0,30000,1,reference,panel_1,1141009,75a7ad9f984f600a7240e70f37ab3a8198a3bcc774c28eee6f4b5d9164f2e773,0,0,32,-0.3200000000000001,0.006000000000000089,16,16,8,9,29,8,1,1.9102213806280022,0.0,0,,random_actions,random_actions:panel_1:0:1141009:0
shared,shared,random_actions,0,30000,1,reference,panel_1,1141009,75a7ad9f984f600a7240e70f37ab3a8198a3bcc774c28eee6f4b5d9164f2e773,1,0,32,-0.3200000000000001,0.02160000000000012,16,16,13,4,28,7,1,1.873773360871001,0.0,0,,random_actions,random_actions:panel_1:0:1141009:1
shared,shared,random_actions,0,30000,1,reference,panel_1,1141010,cd7120e733ead88ff25a4aadce914abe41d3130b82494a8765e1fa277d360aee,0,0,32,-0.3200000000000001,0.08680000000000014,9,23,15,9,28,11,1,1.8136163598309434,0.0,0,,random_actions,random_actions:panel_1:0:1141010:0
shared,shared,random_actions,0,30000,1,reference,panel_1,1141010,cd7120e733ead88ff25a4aadce914abe41d3130b82494a8765e1fa277d360aee,1,0,32,-0.3200000000000001,0.13000000000000012,14,18,11,8,28,8,1,1.785974205737784,0.0,0,,random_actions,random_actions:panel_1:0:1141010:1
shared,shared,random_actions,0,30000,1,reference,panel_1,1141011,ef81364767373afaedc5ae35427724abd9a791622566d0ff72a28a2614fbf9d8,0,1,26,0.74,0.8376000000000001,15,11,7,5,26,6,0,0.9653906962000021,0.0,0,,random_actions,random_actions:panel_1:0:1141011:0
shared,shared,random_actions,0,30000,1,reference,panel_1,1141011,ef81364767373afaedc5ae35427724abd9a791622566d0ff72a28a2614fbf9d8,1,1,9,0.91,0.9644,4,5,3,3,9,3,0,0.31283600000000056,0.0,0,,random_actions,random_actions:panel_1:0:1141011:1
shared,shared,random_actions,0,30000,1,reference,panel_1,1141012,ec817cc0808f74fcb313fd0b53fabe6978669cdbc611fe80a56d80bd08587b29,0,0,32,-0.3200000000000001,0.16120000000000023,14,18,12,7,27,7,1,1.7339936407145218,0.0,0,,random_actions,random_actions:panel_1:0:1141012:0
shared,shared,random_actions,0,30000,1,reference,panel_1,1141012,ec817cc0808f74fcb313fd0b53fabe6978669cdbc611fe80a56d80bd08587b29,1,0,32,-0.3200000000000001,0.1432000000000002,9,23,14,10,28,10,1,1.7712535296944185,0.0,0,,random_actions,random_actions:panel_1:0:1141012:1
shared,shared,random_actions,0,30000,1,reference,panel_1,1141013,d3965546233e39a74a3fa16237340c155b1b38e92b8b1af96babc8bce9c83ca1,0,1,9,0.91,1.0444,0,9,2,8,9,6,0,0.23462700000000025,0.0,0,,random_actions,random_actions:panel_1:0:1141013:0
shared,shared,random_actions,0,30000,1,reference,panel_1,1141013,d3965546233e39a74a3fa16237340c155b1b38e92b8b1af96babc8bce9c83ca1,1,1,24,0.7599999999999999,0.952,13,11,5,7,24,7,0,0.7913956800000018,0.0,0,,random_actions,random_actions:panel_1:0:1141013:1
shared,shared,random_actions,0,30000,1,reference,panel_1,1141014,1ab25dae77ffaaa9cd1a9126e9658b994579e76caf562683eef93bbc410cb272,0,1,12,0.88,0.9804,2,10,5,6,12,6,0,0.3898540000000006,0.0,0,,random_actions,random_actions:panel_1:0:1141014:0
shared,shared,random_actions,0,30000,1,reference,panel_1,1141014,1ab25dae77ffaaa9cd1a9126e9658b994579e76caf562683eef93bbc410cb272,1,1,4,0.96,1.046,2,2,0,3,4,2,0,0.07701800000000025,0.0,0,,random_actions,random_actions:panel_1:0:1141014:1
shared,shared,random_actions,0,30000,1,reference,panel_1,1141015,74fdd0f8c6f739e475e6cc3bcf9c1affb6cc114a41529ed7788d146c485ab6e3,0,1,10,0.9,1.05,1,9,2,8,10,6,0,0.2603901562000006,0.0,0,,random_actions,random_actions:panel_1:0:1141015:0
shared,shared,random_actions,0,30000,1,reference,panel_1,1141015,74fdd0f8c6f739e475e6cc3bcf9c1affb6cc114a41529ed7788d146c485ab6e3,1,0,32,-0.3200000000000001,-0.08599999999999991,10,22,15,8,29,9,1,1.996208434800002,0.0,0,,random_actions,random_actions:panel_1:0:1141015:1
shared,shared,random_actions,0,30000,1,reference,panel_1,1141016,289f2d5cfb2c44750ac0756092344cc4cc504f6d7dd2a3cacf9b29c4c94d64e3,0,0,32,-0.3200000000000001,0.0008000000000001339,10,22,13,10,27,9,1,1.875152295984552,0.0,0,,random_actions,random_actions:panel_1:0:1141016:0
shared,shared,random_actions,0,30000,1,reference,panel_1,1141016,289f2d5cfb2c44750ac0756092344cc4cc504f6d7dd2a3cacf9b29c4c94d64e3,1,1,18,0.82,1.0436,0,18,8,11,18,11,0,0.5176548761342911,0.0,0,,random_actions,random_actions:panel_1:0:1141016:1
shared,shared,random_actions,0,30000,1,reference,panel_1,1141017,c9bf93d1c68ff6c7e3965f0a4bc6e2482b4dcc8c514e7bd8cdf925065edf58a6,0,0,32,-0.3200000000000001,-0.011999999999999941,4,28,18,11,30,14,1,1.9534680258772918,0.0,0,,random_actions,random_actions:panel_1:0:1141017:0
shared,shared,random_actions,0,30000,1,reference,panel_1,1141017,c9bf93d1c68ff6c7e3965f0a4bc6e2482b4dcc8c514e7bd8cdf925065edf58a6,1,0,32,-0.3200000000000001,0.03480000000000013,10,22,13,10,29,10,1,1.882639056373871,0.0,0,,random_actions,random_actions:panel_1:0:1141017:1
shared,shared,random_actions,0,30000,1,reference,panel_1,1141018,e227cdb98e266e91c39677a5aebaf6fc84af426b2da65568afdeef6c9a551c9e,0,0,32,-0.3200000000000001,0.08080000000000012,5,27,17,11,29,13,1,1.8496016992902913,0.0,0,,random_actions,random_actions:panel_1:0:1141018:0
shared,shared,random_actions,0,30000,1,reference,panel_1,1141018,e227cdb98e266e91c39677a5aebaf6fc84af426b2da65568afdeef6c9a551c9e,1,0,32,-0.3200000000000001,0.0868000000000001,8,24,15,10,31,13,1,1.8930302732608424,0.0,0,,random_actions,random_actions:panel_1:0:1141018:1
shared,shared,random_actions,0,30000,1,reference,panel_1,1141019,5203c0d51bca6ccee78957104eedddb52443684deab154ec2d6350b05231d9ec,0,1,28,0.72,1.0256,9,19,11,9,28,12,0,0.8496017575850013,0.0,0,,random_actions,random_actions:panel_1:0:1141019:0
shared,shared,random_actions,0,30000,1,reference,panel_1,1141019,5203c0d51bca6ccee78957104eedddb52443684deab154ec2d6350b05231d9ec,1,1,21,0.7899999999999999,1.0668000000000002,6,15,4,12,21,10,0,0.5913141606280012,0.0,0,,random_actions,random_actions:panel_1:0:1141019:1
shared,shared,random_actions,0,30000,1,reference,panel_1,1141020,46c7dab1cce347d44d26148dd719d5e7c6a295b4febb3c7dcc7d0be3e64a3072,0,0,32,-0.3200000000000001,0.10480000000000014,11,21,13,9,28,9,1,1.7962570124361896,0.0,0,,random_actions,random_actions:panel_1:0:1141020:0
shared,shared,random_actions,0,30000,1,reference,panel_1,1141020,46c7dab1cce347d44d26148dd719d5e7c6a295b4febb3c7dcc7d0be3e64a3072,1,0,32,-0.3200000000000001,0.1168000000000001,12,20,16,5,29,9,1,1.814971846797059,0.0,0,,random_actions,random_actions:panel_1:0:1141020:1
shared,shared,random_actions,0,30000,1,reference,panel_1,1141021,350d7a481b2b029ff15902f21428dbf41896adb1050946120ca543727e912495,0,1,32,0.6799999999999999,0.9276000000000001,10,22,12,11,32,13,0,1.0658592007570025,0.0,0,,random_actions,random_actions:panel_1:0:1141021:0
shared,shared,random_actions,0,30000,1,reference,panel_1,1141021,350d7a481b2b029ff15902f21428dbf41896adb1050946120ca543727e912495,1,0,32,-0.3200000000000001,0.0068000000000001115,16,16,12,5,28,7,1,1.8880659377120024,0.0,0,,random_actions,random_actions:panel_1:0:1141021:1
shared,shared,random_actions,0,30000,1,reference,panel_1,1141022,5064ec795fa4980689929dc90e8ae882e073994bccedcb2bcf3e62ba1252e725,0,0,32,-0.3200000000000001,-0.06959999999999984,13,19,7,13,28,6,1,1.9543719461753204,0.0,0,,random_actions,random_actions:panel_1:0:1141022:0
shared,shared,random_actions,0,30000,1,reference,panel_1,1141022,5064ec795fa4980689929dc90e8ae882e073994bccedcb2bcf3e62ba1252e725,1,1,2,0.98,1.0612,0,2,0,3,2,2,0,0.0,0.0,0,,random_actions,random_actions:panel_1:0:1141022:1
shared,shared,random_actions,0,30000,1,reference,panel_1,1141023,760a1401d61468b8a3285960dbbbcd251fb5959be8a337c2b3a1913c7430c784,0,0,32,-0.3200000000000001,0.039600000000000135,24,8,5,4,30,4,1,1.9075429441690028,0.0,0,,random_actions,random_actions:panel_1:0:1141023:0
shared,shared,random_actions,0,30000,1,reference,panel_1,1141023,760a1401d61468b8a3285960dbbbcd251fb5959be8a337c2b3a1913c7430c784,1,0,32,-0.3200000000000001,0.055200000000000166,18,14,13,2,29,6,1,1.8692273178400023,0.0,0,,random_actions,random_actions:panel_1:0:1141023:1
shared,shared,random_actions,0,30000,1,reference,panel_1,1141024,ef387b1b83185496aeaeef440a4c5a6813e936fa4969f9a3048e0376f8008099,0,0,32,-0.3200000000000001,-0.15599999999999997,7,25,17,9,31,12,1,2.1162064900000024,0.0,0,,random_actions,random_actions:panel_1:0:1141024:0
shared,shared,random_actions,0,30000,1,reference,panel_1,1141024,ef387b1b83185496aeaeef440a4c5a6813e936fa4969f9a3048e0376f8008099,1,1,8,0.9199999999999999,1.0168,0,8,2,7,8,5,0,0.2299344600000005,0.0,0,,random_actions,random_actions:panel_1:0:1141024:1
shared,shared,random_actions,0,30000,1,reference,panel_1,1141025,fa765e8ece096293d001ee3808b885b9fa3d75364f534b5a2b929b18ebd86579,0,1,2,0.98,1.0612,0,2,0,3,2,2,0,0.0,0.0,0,,random_actions,random_actions:panel_1:0:1141025:0
shared,shared,random_actions,0,30000,1,reference,panel_1,1141025,fa765e8ece096293d001ee3808b885b9fa3d75364f534b5a2b929b18ebd86579,1,1,10,0.9,1.0016,6,4,1,4,10,3,0,0.30691673000000097,0.0,0,,random_actions,random_actions:panel_1:0:1141025:1
shared,shared,random_actions,0,30000,1,reference,panel_1,1141026,685e511878c2db384da9f769f43c5a98364a684f60efc69335a3a315bff5aa99,0,1,11,0.89,1.0788,1,10,5,6,11,7,0,0.2649419200000007,0.0,0,,random_actions,random_actions:panel_1:0:1141026:0
shared,shared,random_actions,0,30000,1,reference,panel_1,1141026,685e511878c2db384da9f769f43c5a98364a684f60efc69335a3a315bff5aa99,1,0,32,-0.3200000000000001,-0.0015999999999998654,8,24,12,13,31,12,1,1.9716504675182922,0.0,0,,random_actions,random_actions:panel_1:0:1141026:1
shared,shared,random_actions,0,30000,1,reference,panel_1,1141027,d95364ce6b35dde0638fd69fb8b7d46a23839b999adeb2dc4e432393b5988ef2,0,0,32,-0.3200000000000001,-0.13959999999999992,7,25,19,7,32,12,1,2.131617188213002,0.0,0,,random_actions,random_actions:panel_1:0:1141027:0
shared,shared,random_actions,0,30000,1,reference,panel_1,1141027,d95364ce6b35dde0638fd69fb8b7d46a23839b999adeb2dc4e432393b5988ef2,1,0,32,-0.3200000000000001,-0.15519999999999995,10,22,13,10,29,9,1,2.066065074925582,0.0,0,,random_actions,random_actions:panel_1:0:1141027:1
shared,shared,random_actions,0,30000,1,reference,panel_1,1141028,26707f08a99d56c2e805efbcaca7af551d295e391a64db041af95e4aee020f1b,0,1,14,0.86,0.9288000000000001,9,5,2,4,14,3,0,0.5029990000000013,0.0,0,,random_actions,random_actions:panel_1:0:1141028:0
shared,shared,random_actions,0,30000,1,reference,panel_1,1141028,26707f08a99d56c2e805efbcaca7af551d295e391a64db041af95e4aee020f1b,1,0,32,-0.3200000000000001,-0.11680000000000007,9,23,15,9,29,8,1,2.032640141315872,0.0,0,,random_actions,random_actions:panel_1:0:1141028:1
shared,shared,random_actions,0,30000,1,reference,panel_1,1141029,807823957e2676bc40c356ad5de01cd5b72733f4eee50bf4f9bad69e2acfad57,0,0,32,-0.3200000000000001,-0.09279999999999944,20,12,5,8,27,3,1,1.963940803252639,0.0,0,,random_actions,random_actions:panel_1:0:1141029:0
shared,shared,random_actions,0,30000,1,reference,panel_1,1141029,807823957e2676bc40c356ad5de01cd5b72733f4eee50bf4f9bad69e2acfad57,1,0,32,-0.3200000000000001,-0.1443999999999997,20,12,7,6,29,3,1,2.0540384720000002,0.0,0,,random_actions,random_actions:panel_1:0:1141029:1
shared,shared,random_actions,0,30000,1,reference,panel_1,1141030,7d8fb0b92bfbe758bca641325314942dcab9caa6bdd8fa9306d7dc919ac6ff95,0,0,32,-0.3200000000000001,0.10480000000000009,12,20,14,7,27,9,1,1.7783299654183198,0.0,0,,random_actions,random_actions:panel_1:0:1141030:0
shared,shared,random_actions,0,30000,1,reference,panel_1,1141030,7d8fb0b92bfbe758bca641325314942dcab9caa6bdd8fa9306d7dc919ac6ff95,1,0,32,-0.3200000000000001,0.08920000000000015,7,25,14,12,31,14,1,1.8915104780222327,0.0,0,,random_actions,random_actions:panel_1:0:1141030:1
shared,shared,random_actions,0,30000,1,reference,panel_1,1141031,61d2038f44021f4a7f0fe25a7847933f65c87275fb1d7a4426d58fedacc581c1,0,0,32,-0.3200000000000001,0.06120000000000014,10,22,13,10,28,10,1,1.8383868002546544,0.0,0,,random_actions,random_actions:panel_1:0:1141031:0
shared,shared,random_actions,0,30000,1,reference,panel_1,1141031,61d2038f44021f4a7f0fe25a7847933f65c87275fb1d7a4426d58fedacc581c1,1,0,32,-0.3200000000000001,0.07800000000000015,16,16,10,7,28,7,1,1.8232527204518998,0.0,0,,random_actions,random_actions:panel_1:0:1141031:1
shared,shared,random_actions,0,30000,1,reference,panel_1,1141032,ba2c8384b57ef5ee61eed0ca9ac9407f56cc9292e7fcca288dbae20ff88eb704,0,0,32,-0.3200000000000001,-0.0835999999999999,11,21,15,7,29,9,1,1.9965214939140017,0.0,0,,random_actions,random_actions:panel_1:0:1141032:0
shared,shared,random_actions,0,30000,1,reference,panel_1,1141032,ba2c8384b57ef5ee61eed0ca9ac9407f56cc9292e7fcca288dbae20ff88eb704,1,0,32,-0.3200000000000001,-0.024799999999999822,10,22,9,14,28,9,1,1.917148685657002,0.0,0,,random_actions,random_actions:panel_1:0:1141032:1
shared,shared,random_actions,0,30000,1,reference,panel_1,1141033,3a4938fb7d12379dc1b5bbbaf2b0fad9b93453937fc34e360fd107332c3397b9,0,0,32,-0.3200000000000001,0.14600000000000013,13,19,11,9,31,12,1,1.8416054186108712,0.0,0,,random_actions,random_actions:panel_1:0:1141033:0
shared,shared,random_actions,0,30000,1,reference,panel_1,1141033,3a4938fb7d12379dc1b5bbbaf2b0fad9b93453937fc34e360fd107332c3397b9,1,0,32,-0.3200000000000001,0.08000000000000013,8,24,13,12,28,11,1,1.8202625403483634,0.0,0,,random_actions,random_actions:panel_1:0:1141033:1
shared,shared,random_actions,0,30000,1,reference,panel_1,1141034,3f9a286426f8771a4f6e295e358a53afc85ce52c6d1f0384f4322da28c167dc5,0,1,3,0.97,1.0136,0,3,1,3,3,2,0,0.07820900000000008,0.0,0,,random_actions,random_actions:panel_1:0:1141034:0
shared,shared,random_actions,0,30000,1,reference,panel_1,1141034,3f9a286426f8771a4f6e295e358a53afc85ce52c6d1f0384f4322da28c167dc5,1,0,32,-0.3200000000000001,-0.18159999999999998,12,20,10,11,29,7,1,2.093323107971002,0.0,0,,random_actions,random_actions:panel_1:0:1141034:1
shared,shared,random_actions,0,30000,1,reference,panel_1,1141035,1a8b884fa4586237390f80895adfa40f91ed022da49e208bd137955330fc6038,0,1,29,0.71,0.9056000000000001,10,19,12,8,29,11,0,0.9920990300000023,0.0,0,,random_actions,random_actions:panel_1:0:1141035:0
shared,shared,random_actions,0,30000,1,reference,panel_1,1141035,1a8b884fa4586237390f80895adfa40f91ed022da49e208bd137955330fc6038,1,1,7,0.9299999999999999,1.0608,0,7,2,6,7,5,0,0.15641800000000017,0.0,0,,random_actions,random_actions:panel_1:0:1141035:1
shared,shared,random_actions,0,30000,1,reference,panel_1,1141036,cc643171d0b814c4384418af84f7106a8d76a136e8b4646fc700d706dfe3948c,0,0,32,-0.3200000000000001,-0.06559999999999994,12,20,8,13,30,9,1,2.004533399613002,0.0,0,,random_actions,random_actions:panel_1:0:1141036:0
shared,shared,random_actions,0,30000,1,reference,panel_1,1141036,cc643171d0b814c4384418af84f7106a8d76a136e8b4646fc700d706dfe3948c,1,0,32,-0.3200000000000001,-0.07519999999999989,6,26,14,13,31,13,1,2.039948419857002,0.0,0,,random_actions,random_actions:panel_1:0:1141036:1
shared,shared,random_actions,0,30000,1,reference,panel_1,1141037,76cc357e4d50112a54635c7f16e18113811455cf4050b77cfd2d0cb4bffcac22,0,1,12,0.88,1.0252000000000001,7,5,2,4,12,4,0,0.34665246000000083,0.0,0,,random_actions,random_actions:panel_1:0:1141037:0
shared,shared,random_actions,0,30000,1,reference,panel_1,1141037,76cc357e4d50112a54635c7f16e18113811455cf4050b77cfd2d0cb4bffcac22,1,0,32,-0.3200000000000001,-0.10520000000000002,6,26,14,13,28,11,1,1.990990675314002,0.0,0,,random_actions,random_actions:panel_1:0:1141037:1
shared,shared,random_actions,0,30000,1,reference,panel_1,1141038,8ddc148263f097ff9d8b18dae7207cfcafa8a35ca703da5d0279190d78a3eda7,0,1,7,0.9299999999999999,0.9844,2,5,2,4,7,3,0,0.23108973000000055,0.0,0,,random_actions,random_actions:panel_1:0:1141038:0
shared,shared,random_actions,0,30000,1,reference,panel_1,1141038,8ddc148263f097ff9d8b18dae7207cfcafa8a35ca703da5d0279190d78a3eda7,1,1,20,0.7999999999999999,0.8892,3,17,4,14,20,9,0,0.7283481100000014,0.0,0,,random_actions,random_actions:panel_1:0:1141038:1
shared,shared,random_actions,0,30000,1,reference,panel_1,1141039,a886ab4a1b2d941e41a2741f6e1f75d5061f4b42a7dfa7d62972b070af3600db,0,0,32,-0.3200000000000001,-0.050799999999999915,1,31,19,13,31,16,1,2.016494763914002,0.0,0,,random_actions,random_actions:panel_1:0:1141039:0
shared,shared,random_actions,0,30000,1,reference,panel_1,1141039,a886ab4a1b2d941e41a2741f6e1f75d5061f4b42a7dfa7d62972b070af3600db,1,0,32,-0.3200000000000001,0.009200000000000146,11,21,11,11,29,9,1,1.9058221694613198,0.0,0,,random_actions,random_actions:panel_1:0:1141039:1
shared,shared,random_actions,0,30000,1,reference,panel_1,1141040,b2bc13b9adb7c7845baecdd846cc501c626f13832c9dc1c2bdab708c740a5c5a,0,1,15,0.85,1.0824,2,13,4,10,15,9,0,0.38876911810000037,0.0,0,,random_actions,random_actions:panel_1:0:1141040:0
shared,shared,random_actions,0,30000,1,reference,panel_1,1141040,b2bc13b9adb7c7845baecdd846cc501c626f13832c9dc1c2bdab708c740a5c5a,1,1,10,0.9,1.1384,3,7,1,7,10,6,0,0.17902522177100066,0.0,0,,random_actions,random_actions:panel_1:0:1141040:1
shared,shared,random_actions,0,30000,1,reference,panel_1,1141041,f05396fc15beb943b74226032449ccbb022e95db4224c2615ab0c5a00c3c5d93,0,1,10,0.9,1.0488,3,7,0,8,10,5,0,0.26154542620000054,0.0,0,,random_actions,random_actions:panel_1:0:1141041:0
shared,shared,random_actions,0,30000,1,reference,panel_1,1141041,f05396fc15beb943b74226032449ccbb022e95db4224c2615ab0c5a00c3c5d93,1,0,32,-0.3200000000000001,-0.10159999999999983,15,17,6,12,32,9,1,2.0929551729000013,0.0,0,,random_actions,random_actions:panel_1:0:1141041:1
shared,shared,random_actions,0,30000,1,reference,panel_1,1141042,088a3e8c0f6b8320720cd992ae5a6967bab74bd2f9862dd899477a65ea08abb8,0,0,32,-0.3200000000000001,-0.006399999999999864,7,25,20,6,31,13,1,1.9765283898942336,0.0,0,,random_actions,random_actions:panel_1:0:1141042:0
shared,shared,random_actions,0,30000,1,reference,panel_1,1141042,088a3e8c0f6b8320720cd992ae5a6967bab74bd2f9862dd899477a65ea08abb8,1,1,11,0.89,1.0776000000000001,7,4,0,5,11,4,0,0.2662022362000005,0.0,0,,random_actions,random_actions:panel_1:0:1141042:1
shared,shared,random_actions,0,30000,1,reference,panel_1,1141043,bcfabcea4b0b2f5ecb159e15b744b057ddcc168de81dc980456ca0d4b04902de,0,0,32,-0.3200000000000001,0.3700000000000005,7,25,16,10,24,9,1,1.5151326494731665,0.0,0,,random_actions,random_actions:panel_1:0:1141043:0
shared,shared,random_actions,0,30000,1,reference,panel_1,1141043,bcfabcea4b0b2f5ecb159e15b744b057ddcc168de81dc980456ca0d4b04902de,1,0,32,-0.3200000000000001,0.41560000000000075,9,23,14,10,22,6,1,1.4388603429615636,0.0,0,,random_actions,random_actions:panel_1:0:1141043:1
shared,shared,random_actions,0,30000,1,reference,panel_1,1141044,867ea61e4abad1e0d1d2e93a0740616449716eac531b8582f2fc27447c27292a,0,1,26,0.74,0.9984000000000002,18,8,4,5,26,6,0,0.8106452572000006,0.0,0,,random_actions,random_actions:panel_1:0:1141044:0
shared,shared,random_actions,0,30000,1,reference,panel_1,1141044,867ea61e4abad1e0d1d2e93a0740616449716eac531b8582f2fc27447c27292a,1,0,32,-0.3200000000000001,-0.02079999999999982,24,8,7,2,29,4,1,1.936165202,0.0,0,,random_actions,random_actions:panel_1:0:1141044:1
shared,shared,random_actions,0,30000,1,reference,panel_1,1141045,68a77cc80baf9950d9b6a0cd2f52ed5af5bf6669cb2f8c36048951f4a1febbc2,0,0,32,-0.3200000000000001,-0.06679999999999989,6,26,18,9,28,10,1,1.9520149073280013,0.0,0,,random_actions,random_actions:panel_1:0:1141045:0
shared,shared,random_actions,0,30000,1,reference,panel_1,1141045,68a77cc80baf9950d9b6a0cd2f52ed5af5bf6669cb2f8c36048951f4a1febbc2,1,0,32,-0.3200000000000001,-0.051199999999999815,10,22,12,11,28,8,1,1.935338122770002,0.0,0,,random_actions,random_actions:panel_1:0:1141045:1
shared,shared,random_actions,0,30000,1,reference,panel_1,1141046,e22e38f13e13a6015eb5d03323b5c1b89ea83b73f6420dcdad9485499410f43e,0,0,32,-0.3200000000000001,-0.0327999999999999,10,22,14,9,31,12,1,1.9995753083420018,0.0,0,,random_actions,random_actions:panel_1:0:1141046:0
shared,shared,random_actions,0,30000,1,reference,panel_1,1141046,e22e38f13e13a6015eb5d03323b5c1b89ea83b73f6420dcdad9485499410f43e,1,0,32,-0.3200000000000001,-0.01359999999999989,0,32,23,10,29,14,1,1.9320536272622912,0.0,0,,random_actions,random_actions:panel_1:0:1141046:1
shared,shared,random_actions,0,30000,1,reference,panel_1,1141047,009ed0535427c334ecef8fecedc76e0a199a535698381e93760d9ad8682826cb,0,1,8,0.9199999999999999,1.052,1,7,2,6,8,5,0,0.19611800000000024,0.0,0,,random_actions,random_actions:panel_1:0:1141047:0
shared,shared,random_actions,0,30000,1,reference,panel_1,1141047,009ed0535427c334ecef8fecedc76e0a199a535698381e93760d9ad8682826cb,1,1,15,0.85,1.0264,6,9,4,6,15,6,0,0.4393817596140005,0.0,0,,random_actions,random_actions:panel_1:0:1141047:1
shared,shared,random_actions,0,30000,1,reference,panel_1,1141048,b51e9da9f52dc0f14a23f3d9911af35883057b018a39d1b44f9b28e10191ffe3,0,1,4,0.96,1.046,2,2,0,3,4,2,0,0.07701800000000025,0.0,0,,random_actions,random_actions:panel_1:0:1141048:0
shared,shared,random_actions,0,30000,1,reference,panel_1,1141048,b51e9da9f52dc0f14a23f3d9911af35883057b018a39d1b44f9b28e10191ffe3,1,1,12,0.88,0.9792000000000001,4,8,5,4,12,5,0,0.39104500000000064,0.0,0,,random_actions,random_actions:panel_1:0:1141048:1
shared,shared,random_actions,0,30000,1,reference,panel_1,1141049,a2617cc0d239759351c9094411b04ffc3f94116e83666e05cc51f40291daeb9d,0,0,32,-0.3200000000000001,-0.038799999999999876,8,24,14,11,30,12,1,1.9787324651192917,0.0,0,,random_actions,random_actions:panel_1:0:1141049:0
shared,shared,random_actions,0,30000,1,reference,panel_1,1141049,a2617cc0d239759351c9094411b04ffc3f94116e83666e05cc51f40291daeb9d,1,0,32,-0.3200000000000001,0.0008000000000001478,12,20,14,7,30,9,1,1.94248222225358,0.0,0,,random_actions,random_actions:panel_1:0:1141049:1
shared,shared,random_actions,0,30000,1,reference,panel_1,1141050,67b820800611f56c1bdf185530c6696d225e8838ff0b5595d54bebccf5b7ed38,0,1,8,0.9199999999999999,1.1004,2,6,1,6,8,5,0,0.15057019000000038,0.0,0,,random_actions,random_actions:panel_1:0:1141050:0
shared,shared,random_actions,0,30000,1,reference,panel_1,1141050,67b820800611f56c1bdf185530c6696d225e8838ff0b5595d54bebccf5b7ed38,1,0,32,-0.3200000000000001,-0.02319999999999986,5,27,19,9,28,11,1,1.9161190749255819,0.0,0,,random_actions,random_actions:panel_1:0:1141050:1
shared,shared,random_actions,0,30000,1,reference,panel_1,1141051,2be69b8da539fa8bde3e9b8e92cf1f3e2c839d92129615671eccab2422aedcc6,0,0,32,-0.3200000000000001,-0.05719999999999981,9,23,15,9,28,10,1,1.9518447360570015,0.0,0,,random_actions,random_actions:panel_1:0:1141051:0
shared,shared,random_actions,0,30000,1,reference,panel_1,1141051,2be69b8da539fa8bde3e9b8e92cf1f3e2c839d92129615671eccab2422aedcc6,1,1,13,0.87,1.0356,0,13,5,9,13,8,0,0.3680025169570007,0.0,0,,random_actions,random_actions:panel_1:0:1141051:1
shared,shared,random_actions,0,30000,1,reference,panel_1,1141052,05f5556d931fde6433fa86570f6aaea8cf10919b3374429dec56e8593076769c,0,0,32,-0.3200000000000001,0.10000000000000014,23,9,4,6,29,5,1,1.8309516604298721,0.0,0,,random_actions,random_actions:panel_1:0:1141052:0
shared,shared,random_actions,0,30000,1,reference,panel_1,1141052,05f5556d931fde6433fa86570f6aaea8cf10919b3374429dec56e8593076769c,1,0,32,-0.3200000000000001,0.08560000000000012,15,17,8,10,28,8,1,1.8166748878144792,0.0,0,,random_actions,random_actions:panel_1:0:1141052:1
shared,shared,random_actions,0,30000,1,reference,panel_1,1141053,2592f7acfec105ca05fe99e6fed38191c41f47ab19b8a0f0cf4bf1d12d9b0dd2,0,0,32,-0.3200000000000001,0.056000000000000216,9,23,14,10,27,9,1,1.8179938860487677,0.0,0,,random_actions,random_actions:panel_1:0:1141053:0
shared,shared,random_actions,0,30000,1,reference,panel_1,1141053,2592f7acfec105ca05fe99e6fed38191c41f47ab19b8a0f0cf4bf1d12d9b0dd2,1,0,32,-0.3200000000000001,0.03680000000000011,11,21,15,7,27,7,1,1.8398254111173205,0.0,0,,random_actions,random_actions:panel_1:0:1141053:1
shared,shared,random_actions,0,30000,1,reference,panel_1,1141054,fccb4060e6043a029a64acb7d6b4aab6becbad49512043a786978d6ff0faf3db,0,0,32,-0.3200000000000001,0.19760000000000016,14,18,14,5,26,8,1,1.678232785912393,0.0,0,,random_actions,random_actions:panel_1:0:1141054:0
shared,shared,random_actions,0,30000,1,reference,panel_1,1141054,fccb4060e6043a029a64acb7d6b4aab6becbad49512043a786978d6ff0faf3db,1,0,32,-0.3200000000000001,0.18560000000000015,14,18,12,7,27,8,1,1.7124002016533493,0.0,0,,random_actions,random_actions:panel_1:0:1141054:1
shared,shared,random_actions,0,30000,1,reference,panel_1,1141055,837e8bf88514153bd0e1e2ab4729b8339bb4697cb1586872da57b4e00d24306f,0,0,32,-0.3200000000000001,0.003600000000000096,19,13,8,6,32,8,1,1.9960687560700021,0.0,0,,random_actions,random_actions:panel_1:0:1141055:0
shared,shared,random_actions,0,30000,1,reference,panel_1,1141055,837e8bf88514153bd0e1e2ab4729b8339bb4697cb1586872da57b4e00d24306f,1,1,19,0.8099999999999999,1.0724,8,11,6,6,19,8,0,0.523646582528001,0.0,0,,random_actions,random_actions:panel_1:0:1141055:1
shared,shared,random_actions,0,30000,1,reference,panel_1,1141056,cecb7135802e7ddb29448d388faa34f9b8423b573fc68d652c193435d22f2089,0,1,5,0.95,1.0348,3,2,0,3,5,2,0,0.1191000000000002,0.0,0,,random_actions,random_actions:panel_1:0:1141056:0
shared,shared,random_actions,0,30000,1,reference,panel_1,1141056,cecb7135802e7ddb29448d388faa34f9b8423b573fc68d652c193435d22f2089,1,1,6,0.94,1.0308,4,2,0,3,6,2,0,0.1540360000000005,0.0,0,,random_actions,random_actions:panel_1:0:1141056:1
shared,shared,random_actions,0,30000,1,reference,panel_1,1141057,98575f120bbccb2ad8902d8e83e926175855bb3e85fb5a1a1a8574a5341ab9e1,0,0,32,-0.3200000000000001,-0.06719999999999982,5,27,17,11,27,9,1,1.9310109711854508,0.0,0,,random_actions,random_actions:panel_1:0:1141057:0
shared,shared,random_actions,0,30000,1,reference,panel_1,1141057,98575f120bbccb2ad8902d8e83e926175855bb3e85fb5a1a1a8574a5341ab9e1,1,1,22,0.7799999999999999,0.9296000000000001,2,20,8,13,22,11,0,0.7509238250570015,0.0,0,,random_actions,random_actions:panel_1:0:1141057:1
shared,shared,random_actions,0,30000,1,reference,panel_1,1141059,61df0b0864bfda909c132eec3e3797cfc28c403eb6fbfc726eff541c72e2e324,0,1,14,0.86,0.9796,4,10,6,5,14,6,0,0.45293515620000113,0.0,0,,random_actions,random_actions:panel_1:0:1141059:0
shared,shared,random_actions,0,30000,1,reference,panel_1,1141059,61df0b0864bfda909c132eec3e3797cfc28c403eb6fbfc726eff541c72e2e324,1,1,25,0.7499999999999999,0.8972,5,20,12,9,25,11,0,0.8754514181000019,0.0,0,,random_actions,random_actions:panel_1:0:1141059:1
shared,shared,random_actions,0,30000,1,reference,panel_1,1141060,c7321739484e3f62ccb9febe3b0bf5fc25c5cdefd7cb342f50c23b5e174ceeaa,0,1,1,0.99,1.03,0,1,0,2,1,1,0,0.0,0.0,0,,random_actions,random_actions:panel_1:0:1141060:0
shared,shared,random_actions,0,30000,1,reference,panel_1,1141060,c7321739484e3f62ccb9febe3b0bf5fc25c5cdefd7cb342f50c23b5e174ceeaa,1,1,29,0.71,0.8004,12,17,11,7,29,9,0,1.0949260000000018,0.0,0,,random_actions,random_actions:panel_1:0:1141060:1
shared,shared,random_actions,0,30000,1,reference,panel_1,1141061,7b31fa6e2559c54ef5ef2a6f8ce84a22ce65d88f67184bebede16a6ca7cdea73,0,1,13,0.87,1.0164,0,13,9,5,13,8,0,0.3863524600000007,0.0,0,,random_actions,random_actions:panel_1:0:1141061:0
shared,shared,random_actions,0,30000,1,reference,panel_1,1141061,7b31fa6e2559c54ef5ef2a6f8ce84a22ce65d88f67184bebede16a6ca7cdea73,1,0,32,-0.3200000000000001,-0.08359999999999995,12,20,9,12,28,9,1,1.9723991331570017,0.0,0,,random_actions,random_actions:panel_1:0:1141061:1
shared,shared,random_actions,0,30000,1,reference,panel_1,1141062,b873b10588783e5dcb3fb6e4ff034673f82ebdb1058471de0f422d7725cfe8dc,0,1,15,0.85,1.1184,6,9,1,9,15,7,0,0.35515841321544994,0.0,0,,random_actions,random_actions:panel_1:0:1141062:0
shared,shared,random_actions,0,30000,1,reference,panel_1,1141062,b873b10588783e5dcb3fb6e4ff034673f82ebdb1058471de0f422d7725cfe8dc,1,1,24,0.7599999999999999,1.0716,5,19,9,11,24,12,0,0.6822573611411753,0.0,0,,random_actions,random_actions:panel_1:0:1141062:1
shared,shared,random_actions,0,30000,1,reference,panel_1,1141063,b2a22f644b0d52136ab6e2304d2f4130b28beebdd838a682b1f2540714da05be,0,0,32,-0.3200000000000001,0.2616000000000003,15,17,11,7,26,8,1,1.620798043545081,0.0,0,,random_actions,random_actions:panel_1:0:1141063:0
shared,shared,random_actions,0,30000,1,reference,panel_1,1141063,b2a22f644b0d52136ab6e2304d2f4130b28beebdd838a682b1f2540714da05be,1,0,32,-0.3200000000000001,0.2772000000000003,15,17,14,4,25,7,1,1.5927713092901228,0.0,0,,random_actions,random_actions:panel_1:0:1141063:1
shared,shared,random_actions,0,30000,1,reference,panel_1,1141064,fdcd13e42f379170822f5c923778147281017ced29c2346c6d9d55e68d0793d9,0,0,32,-0.3200000000000001,0.0204000000000001,13,19,14,6,31,10,1,1.9519942874560021,0.0,0,,random_actions,random_actions:panel_1:0:1141064:0
shared,shared,random_actions,0,30000,1,reference,panel_1,1141064,fdcd13e42f379170822f5c923778147281017ced29c2346c6d9d55e68d0793d9,1,0,32,-0.3200000000000001,0.026400000000000153,6,26,15,12,30,13,1,1.9174909209965811,0.0,0,,random_actions,random_actions:panel_1:0:1141064:1
shared,shared,random_actions,0,30000,1,reference,panel_1,1141065,95ab41a4136c6beea99ad7a6baf3e5b7eafacf321cc2a61d23a6aa8f2f3c3a88,0,0,32,-0.3200000000000001,-0.08279999999999982,5,27,15,13,27,10,1,1.9460974018192911,0.0,0,,random_actions,random_actions:panel_1:0:1141065:0
shared,shared,random_actions,0,30000,1,reference,panel_1,1141065,95ab41a4136c6beea99ad7a6baf3e5b7eafacf321cc2a61d23a6aa8f2f3c3a88,1,1,11,0.89,0.9928,9,2,0,3,11,2,0,0.34658100000000114,0.0,0,,random_actions,random_actions:panel_1:0:1141065:1
shared,shared,random_actions,0,30000,1,reference,panel_1,1141066,caf65d535bd9a3fd8d8001dfa8bb14926adcfeb9d17ec55a633b682238f820e9,0,0,32,-0.3200000000000001,-0.10799999999999982,8,24,16,9,28,9,1,1.9942008816280006,0.0,0,,random_actions,random_actions:panel_1:0:1141066:0
shared,shared,random_actions,0,30000,1,reference,panel_1,1141066,caf65d535bd9a3fd8d8001dfa8bb14926adcfeb9d17ec55a633b682238f820e9,1,1,4,0.96,1.046,2,2,0,3,4,2,0,0.07701800000000025,0.0,0,,random_actions,random_actions:panel_1:0:1141066:1
shared,shared,random_actions,1,30000,1,reference,panel_1,1141000,5deab250e6608143333ce42bee7cf5bec0d4ac107b6af9944dfb3ffced413dc5,0,1,19,0.8099999999999999,0.9708,8,11,6,6,19,7,0,0.6174779200000013,0.0,0,,random_actions,random_actions:panel_1:1:1141000:0
shared,shared,random_actions,1,30000,1,reference,panel_1,1141000,5deab250e6608143333ce42bee7cf5bec0d4ac107b6af9944dfb3ffced413dc5,1,1,4,0.96,1.0872,1,3,0,4,4,3,0,0.037353730000000085,0.0,0,,random_actions,random_actions:panel_1:1:1141000:1
shared,shared,random_actions,1,30000,1,reference,panel_1,1141001,4ddf4082c04712e9806470b5e075da0abd97073afb5c0e861b1a73bdc1de8162,0,1,18,0.82,1.1536000000000002,8,10,3,8,18,8,0,0.41885128243723324,0.0,0,,random_actions,random_actions:panel_1:1:1141001:0
shared,shared,random_actions,1,30000,1,reference,panel_1,1141001,4ddf4082c04712e9806470b5e075da0abd97073afb5c0e861b1a73bdc1de8162,1,0,32,-0.3200000000000001,0.05440000000000009,8,24,17,8,30,12,1,1.8981435767622916,0.0,0,,random_actions,random_actions:panel_1:1:1141001:1
shared,shared,random_actions,1,30000,1,reference,panel_1,1141003,eb7dbfdcd9fc32516b7e7b9adeea9986ad356988ec394ef971537a3794a060d8,0,0,32,-0.3200000000000001,0.19560000000000022,11,21,13,9,29,11,1,1.7523236939095188,0.0,0,,random_actions,random_actions:panel_1:1:1141003:0
shared,shared,random_actions,1,30000,1,reference,panel_1,1141003,eb7dbfdcd9fc32516b7e7b9adeea9986ad356988ec394ef971537a3794a060d8,1,0,32,-0.3200000000000001,0.23400000000000018,12,20,12,9,26,8,1,1.6423112675554175,0.0,0,,random_actions,random_actions:panel_1:1:1141003:1
shared,shared,random_actions,1,30000,1,reference,panel_1,1141004,baef19db3a9395327f0592da62a62f4d4d25ad4ef95b0bcbc1499c84bab0a2e9,0,0,32,-0.3200000000000001,0.06360000000000013,16,16,6,11,31,9,1,1.9122699676806394,0.0,0,,random_actions,random_actions:panel_1:1:1141004:0
shared,shared,random_actions,1,30000,1,reference,panel_1,1141004,baef19db3a9395327f0592da62a62f4d4d25ad4ef95b0bcbc1499c84bab0a2e9,1,0,32,-0.3200000000000001,0.0840000000000001,10,22,18,5,27,9,1,1.7961463872477696,0.0,0,,random_actions,random_actions:panel_1:1:1141004:1
shared,shared,random_actions,1,30000,1,reference,panel_1,1141005,e1eac101407b161a975477484ca0f5f0782cfd620b11aaa55510a64141fdf2a3,0,0,32,-0.3200000000000001,-0.0375999999999999,11,21,14,8,30,10,1,1.9757716115000012,0.0,0,,random_actions,random_actions:panel_1:1:1141005:0
shared,shared,random_actions,1,30000,1,reference,panel_1,1141005,e1eac101407b161a975477484ca0f5f0782cfd620b11aaa55510a64141fdf2a3,1,0,32,-0.3200000000000001,-0.05559999999999994,14,18,9,10,31,9,1,2.022065244800001,0.0,0,,random_actions,random_actions:panel_1:1:1141005:1
shared,shared,random_actions,1,30000,1,reference,panel_1,1141006,1a166505fe6fd2bed9d5b1095107d282bb6ecd7613f37eb73d89a6d19b88c788,0,1,5,0.95,0.9948,4,1,0,2,5,1,0,0.15880000000000027,0.0,0,,random_actions,random_actions:panel_1:1:1141006:0
shared,shared,random_actions,1,30000,1,reference,panel_1,1141006,1a166505fe6fd2bed9d5b1095107d282bb6ecd7613f37eb73d89a6d19b88c788,1,1,5,0.95,0.9948,4,1,0,2,5,1,0,0.15880000000000027,0.0,0,,random_actions,random_actions:panel_1:1:1141006:1
shared,shared,random_actions,1,30000,1,reference,panel_1,1141008,3d7982fcce59ea71f612576510ef7a48d5e51b90dc8e1cc3003e87f7ca09b47e,0,0,32,-0.3200000000000001,0.08640000000000012,21,11,6,6,27,4,1,1.794102839386928,0.0,0,,random_actions,random_actions:panel_1:1:1141008:0
shared,shared,random_actions,1,30000,1,reference,panel_1,1141008,3d7982fcce59ea71f612576510ef7a48d5e51b90dc8e1cc3003e87f7ca09b47e,1,1,9,0.91,1.1364,0,9,2,8,9,7,0,0.1495882426570001,0.0,0,,random_actions,random_actions:panel_1:1:1141008:1
shared,shared,random_actions,1,30000,1,reference,panel_1,1141009,75a7ad9f984f600a7240e70f37ab3a8198a3bcc774c28eee6f4b5d9164f2e773,0,0,32,-0.3200000000000001,0.05400000000000016,24,8,6,3,29,4,1,1.8692945545540034,0.0,0,,random_actions,random_actions:panel_1:1:1141009:0
shared,shared,random_actions,1,30000,1,reference,panel_1,1141009,75a7ad9f984f600a7240e70f37ab3a8198a3bcc774c28eee6f4b5d9164f2e773,1,1,20,0.7999999999999999,1.0612000000000001,5,15,6,10,20,10,0,0.5651696688570012,0.0,0,,random_actions,random_actions:panel_1:1:1141009:1
shared,shared,random_actions,1,30000,1,reference,panel_1,1141010,cd7120e733ead88ff25a4aadce914abe41d3130b82494a8765e1fa277d360aee,0,0,32,-0.3200000000000001,0.15160000000000015,20,12,9,4,27,5,1,1.7390144051919867,0.0,0,,random_actions,random_actions:panel_1:1:1141010:0
shared,shared,random_actions,1,30000,1,reference,panel_1,1141010,cd7120e733ead88ff25a4aadce914abe41d3130b82494a8765e1fa277d360aee,1,1,15,0.85,1.1428,5,10,0,11,15,8,0,0.3341503269570004,0.0,0,,random_actions,random_actions:panel_1:1:1141010:1
shared,shared,random_actions,1,30000,1,reference,panel_1,1141011,ef81364767373afaedc5ae35427724abd9a791622566d0ff72a28a2614fbf9d8,0,0,32,-0.3200000000000001,-0.1827999999999999,12,20,13,8,29,7,1,2.093118278600002,0.0,0,,random_actions,random_actions:panel_1:1:1141011:0
shared,shared,random_actions,1,30000,1,reference,panel_1,1141011,ef81364767373afaedc5ae35427724abd9a791622566d0ff72a28a2614fbf9d8,1,1,22,0.7799999999999999,0.8584,9,13,10,4,22,7,0,0.8206704600000013,0.0,0,,random_actions,random_actions:panel_1:1:1141011:1
shared,shared,random_actions,1,30000,1,reference,panel_1,1141012,ec817cc0808f74fcb313fd0b53fabe6978669cdbc611fe80a56d80bd08587b29,0,0,32,-0.3200000000000001,0.1192000000000001,7,25,18,8,28,11,1,1.7907864395192918,0.0,0,,random_actions,random_actions:panel_1:1:1141012:0
shared,shared,random_actions,1,30000,1,reference,panel_1,1141012,ec817cc0808f74fcb313fd0b53fabe6978669cdbc611fe80a56d80bd08587b29,1,0,32,-0.3200000000000001,0.16120000000000018,14,18,13,6,27,7,1,1.729933314382825,0.0,0,,random_actions,random_actions:panel_1:1:1141012:1
shared,shared,random_actions,1,30000,1,reference,panel_1,1141013,d3965546233e39a74a3fa16237340c155b1b38e92b8b1af96babc8bce9c83ca1,0,1,29,0.71,0.9224000000000001,14,15,8,8,29,9,0,0.9758527181000024,0.0,0,,random_actions,random_actions:panel_1:1:1141013:0
shared,shared,random_actions,1,30000,1,reference,panel_1,1141013,d3965546233e39a74a3fa16237340c155b1b38e92b8b1af96babc8bce9c83ca1,1,1,8,0.9199999999999999,1.0616,5,3,0,4,8,3,0,0.18676865000000042,0.0,0,,random_actions,random_actions:panel_1:1:1141013:1
shared,shared,random_actions,1,30000,1,reference,panel_1,1141014,1ab25dae77ffaaa9cd1a9126e9658b994579e76caf562683eef93bbc410cb272,0,1,2,0.98,1.0612,0,2,0,3,2,2,0,0.0,0.0,0,,random_actions,random_actions:panel_1:1:1141014:0
shared,shared,random_actions,1,30000,1,reference,panel_1,1141014,1ab25dae77ffaaa9cd1a9126e9658b994579e76caf562683eef93bbc410cb272,1,0,32,-0.3200000000000001,-0.13199999999999978,19,13,5,9,29,5,1,2.0417551729000016,0.0,0,,random_actions,random_actions:panel_1:1:1141014:1
shared,shared,random_actions,1,30000,1,reference,panel_1,1141015,74fdd0f8c6f739e475e6cc3bcf9c1affb6cc114a41529ed7788d146c485ab6e3,0,0,32,-0.3200000000000001,-0.09319999999999995,11,21,10,12,32,11,1,2.085248546571002,0.0,0,,random_actions,random_actions:panel_1:1:1141015:0
shared,shared,random_actions,1,30000,1,reference,panel_1,1141015,74fdd0f8c6f739e475e6cc3bcf9c1affb6cc114a41529ed7788d146c485ab6e3,1,1,22,0.7799999999999999,0.9816,5,17,9,9,22,10,0,0.7009954622710017,0.0,0,,random_actions,random_actions:panel_1:1:1141015:1
shared,shared,random_actions,1,30000,1,reference,panel_1,1141016,289f2d5cfb2c44750ac0756092344cc4cc504f6d7dd2a3cacf9b29c4c94d64e3,0,0,32,-0.3200000000000001,0.02360000000000015,15,17,11,7,28,6,1,1.87293977503232,0.0,0,,random_actions,random_actions:panel_1:1:1141016:0
shared,shared,random_actions,1,30000,1,reference,panel_1,1141016,289f2d5cfb2c44750ac0756092344cc4cc504f6d7dd2a3cacf9b29c4c94d64e3,1,1,29,0.71,0.9624000000000001,7,22,14,9,29,13,0,0.938810943157002,0.0,0,,random_actions,random_actions:panel_1:1:1141016:1
shared,shared,random_actions,1,30000,1,reference,panel_1,1141017,c9bf93d1c68ff6c7e3965f0a4bc6e2482b4dcc8c514e7bd8cdf925065edf58a6,0,0,32,-0.3200000000000001,0.0024000000000000965,6,26,18,9,30,13,1,1.9442278820140018,0.0,0,,random_actions,random_actions:panel_1:1:1141017:0
shared,shared,random_actions,1,30000,1,reference,panel_1,1141017,c9bf93d1c68ff6c7e3965f0a4bc6e2482b4dcc8c514e7bd8cdf925065edf58a6,1,1,20,0.7999999999999999,1.0588000000000002,1,19,7,13,20,12,0,0.5675516688570008,0.0,0,,random_actions,random_actions:panel_1:1:1141017:1
shared,shared,random_actions,1,30000,1,reference,panel_1,1141018,e227cdb98e266e91c39677a5aebaf6fc84af426b2da65568afdeef6c9a551c9e,0,1,28,0.72,1.0632000000000001,6,22,11,12,28,14,0,0.8170709122685811,0.0,0,,random_actions,random_actions:panel_1:1:1141018:0
shared,shared,random_actions,1,30000,1,reference,panel_1,1141018,e227cdb98e266e91c39677a5aebaf6fc84af426b2da65568afdeef6c9a551c9e,1,0,32,-0.3200000000000001,0.11320000000000016,12,20,12,9,28,10,1,1.7931541591111757,0.0,0,,random_actions,random_actions:panel_1:1:1141018:1
shared,shared,random_actions,1,30000,1,reference,panel_1,1141019,5203c0d51bca6ccee78957104eedddb52443684deab154ec2d6350b05231d9ec,0,0,32,-0.3200000000000001,-0.039599999999999955,7,25,15,11,31,13,1,2.009081550757002,0.0,0,,random_actions,random_actions:panel_1:1:1141019:0
shared,shared,random_actions,1,30000,1,reference,panel_1,1141019,5203c0d51bca6ccee78957104eedddb52443684deab154ec2d6350b05231d9ec,1,0,32,-0.3200000000000001,0.027600000000000117,12,20,15,6,28,8,1,1.8627363733990008,0.0,0,,random_actions,random_actions:panel_1:1:1141019:1
shared,shared,random_actions,1,30000,1,reference,panel_1,1141020,46c7dab1cce347d44d26148dd719d5e7c6a295b4febb3c7dcc7d0be3e64a3072,0,0,32,-0.3200000000000001,0.030400000000000066,12,20,9,12,31,11,1,1.945182757971002,0.0,0,,random_actions,random_actions:panel_1:1:1141020:0
shared,shared,random_actions,1,30000,1,reference,panel_1,1141020,46c7dab1cce347d44d26148dd719d5e7c6a295b4febb3c7dcc7d0be3e64a3072,1,0,32,-0.3200000000000001,0.05440000000000009,9,23,11,13,29,11,1,1.8693434384661611,0.0,0,,random_actions,random_actions:panel_1:1:1141020:1
shared,shared,random_actions,1,30000,1,reference,panel_1,1141021,350d7a481b2b029ff15902f21428dbf41896adb1050946120ca543727e912495,0,0,32,-0.3200000000000001,0.006800000000000153,9,23,11,13,28,9,1,1.8820790326323205,0.0,0,,random_actions,random_actions:panel_1:1:1141021:0
shared,shared,random_actions,1,30000,1,reference,panel_1,1141021,350d7a481b2b029ff15902f21428dbf41896adb1050946120ca543727e912495,1,1,19,0.8099999999999999,1.0516,5,14,8,7,19,9,0,0.5415255342990014,0.0,0,,random_actions,random_actions:panel_1:1:1141021:1
shared,shared,random_actions,1,30000,1,reference,panel_1,1141022,5064ec795fa4980689929dc90e8ae882e073994bccedcb2bcf3e62ba1252e725,0,1,3,0.97,1.0524,1,2,0,3,3,2,0,0.03970000000000007,0.0,0,,random_actions,random_actions:panel_1:1:1141022:0
shared,shared,random_actions,1,30000,1,reference,panel_1,1141022,5064ec795fa4980689929dc90e8ae882e073994bccedcb2bcf3e62ba1252e725,1,1,8,0.9199999999999999,1.0144,2,6,2,5,8,4,0,0.2322807300000005,0.0,0,,random_actions,random_actions:panel_1:1:1141022:1
shared,shared,random_actions,1,30000,1,reference,panel_1,1141023,760a1401d61468b8a3285960dbbbcd251fb5959be8a337c2b3a1913c7430c784,0,1,30,0.7,1.0188000000000001,17,13,8,6,30,9,0,0.9182901965710012,0.0,0,,random_actions,random_actions:panel_1:1:1141023:0
shared,shared,random_actions,1,30000,1,reference,panel_1,1141023,760a1401d61468b8a3285960dbbbcd251fb5959be8a337c2b3a1913c7430c784,1,0,32,-0.3200000000000001,-0.003599999999999902,16,16,12,5,32,10,1,2.002378481128002,0.0,0,,random_actions,random_actions:panel_1:1:1141023:1
shared,shared,random_actions,1,30000,1,reference,panel_1,1141024,ef387b1b83185496aeaeef440a4c5a6813e936fa4969f9a3048e0376f8008099,0,0,32,-0.3200000000000001,-0.13319999999999993,9,23,17,7,31,11,1,2.0945640596140027,0.0,0,,random_actions,random_actions:panel_1:1:1141024:0
shared,shared,random_actions,1,30000,1,reference,panel_1,1141024,ef387b1b83185496aeaeef440a4c5a6813e936fa4969f9a3048e0376f8008099,1,1,20,0.7999999999999999,0.9592,6,14,7,8,20,8,0,0.6603828632850015,0.0,0,,random_actions,random_actions:panel_1:1:1141024:1
shared,shared,random_actions,1,30000,1,reference,panel_1,1141025,fa765e8ece096293d001ee3808b885b9fa3d75364f534b5a2b929b18ebd86579,0,0,32,-0.3200000000000001,-0.10199999999999992,2,30,19,12,28,11,1,1.9905942954280014,0.0,0,,random_actions,random_actions:panel_1:1:1141025:0
shared,shared,random_actions,1,30000,1,reference,panel_1,1141025,fa765e8ece096293d001ee3808b885b9fa3d75364f534b5a2b929b18ebd86579,1,1,8,0.9199999999999999,1.0132,2,6,3,4,8,4,0,0.23343600000000042,0.0,0,,random_actions,random_actions:panel_1:1:1141025:1
shared,shared,random_actions,1,30000,1,reference,panel_1,1141026,685e511878c2db384da9f769f43c5a98364a684f60efc69335a3a315bff5aa99,0,1,15,0.85,1.058,1,14,5,10,15,9,0,0.4099783988570007,0.0,0,,random_actions,random_actions:panel_1:1:1141026:0
shared,shared,random_actions,1,30000,1,reference,panel_1,1141026,685e511878c2db384da9f769f43c5a98364a684f60efc69335a3a315bff5aa99,1,0,32,-0.3200000000000001,0.02000000000000013,13,19,12,8,30,9,1,1.92752619965261,0.0,0,,random_actions,random_actions:panel_1:1:1141026:1
shared,shared,random_actions,1,30000,1,reference,panel_1,1141027,d95364ce6b35dde0638fd69fb8b7d46a23839b999adeb2dc4e432393b5988ef2,0,1,1,0.99,1.03,0,1,0,2,1,1,0,0.0,0.0,0,,random_actions,random_actions:panel_1:1:1141027:0
shared,shared,random_actions,1,30000,1,reference,panel_1,1141027,d95364ce6b35dde0638fd69fb8b7d46a23839b999adeb2dc4e432393b5988ef2,1,1,2,0.98,1.0212,1,1,0,2,2,1,0,0.03970000000000007,0.0,0,,random_actions,random_actions:panel_1:1:1141027:1
shared,shared,random_actions,1,30000,1,reference,panel_1,1141028,26707f08a99d56c2e805efbcaca7af551d295e391a64db041af95e4aee020f1b,0,1,17,0.83,0.9108,4,13,8,6,17,7,0,0.6139406500000013,0.0,0,,random_actions,random_actions:panel_1:1:1141028:0
shared,shared,random_actions,1,30000,1,reference,panel_1,1141028,26707f08a99d56c2e805efbcaca7af551d295e391a64db041af95e4aee020f1b,1,1,4,0.96,1.006,1,3,1,3,4,2,0,0.11671800000000021,0.0,0,,random_actions,random_actions:panel_1:1:1141028:1
shared,shared,random_actions,1,30000,1,reference,panel_1,1141029,807823957e2676bc40c356ad5de01cd5b72733f4eee50bf4f9bad69e2acfad57,0,1,10,0.9,0.9688000000000001,3,7,2,6,10,4,0,0.33982481430000044,0.0,0,,random_actions,random_actions:panel_1:1:1141029:0
shared,shared,random_actions,1,30000,1,reference,panel_1,1141029,807823957e2676bc40c356ad5de01cd5b72733f4eee50bf4f9bad69e2acfad57,1,0,32,-0.3200000000000001,-0.1743999999999999,8,24,15,10,31,11,1,2.135352092900002,0.0,0,,random_actions,random_actions:panel_1:1:1141029:1
shared,shared,random_actions,1,30000,1,reference,panel_1,1141030,7d8fb0b92bfbe758bca641325314942dcab9caa6bdd8fa9306d7dc919ac6ff95,0,1,29,0.71,1.1300000000000001,11,18,7,12,29,12,0,0.7887358869269393,0.0,0,,random_actions,random_actions:panel_1:1:1141030:0
shared,shared,random_actions,1,30000,1,reference,panel_1,1141030,7d8fb0b92bfbe758bca641325314942dcab9caa6bdd8fa9306d7dc919ac6ff95,1,0,32,-0.3200000000000001,0.1516000000000002,9,23,17,7,27,10,1,1.7432952031630315,0.0,0,,random_actions,random_actions:panel_1:1:1141030:1
shared,shared,random_actions,1,30000,1,reference,panel_1,1141031,61d2038f44021f4a7f0fe25a7847933f65c87275fb1d7a4426d58fedacc581c1,0,0,32,-0.3200000000000001,0.04920000000000012,13,19,12,8,30,9,1,1.8988022200898418,0.0,0,,random_actions,random_actions:panel_1:1:1141031:0
shared,shared,random_actions,1,30000,1,reference,panel_1,1141031,61d2038f44021f4a7f0fe25a7847933f65c87275fb1d7a4426d58fedacc581c1,1,0,32,-0.3200000000000001,0.06600000000000017,13,19,9,11,30,10,1,1.882260439390509,0.0,0,,random_actions,random_actions:panel_1:1:1141031:1
shared,shared,random_actions,1,30000,1,reference,panel_1,1141032,ba2c8384b57ef5ee61eed0ca9ac9407f56cc9292e7fcca288dbae20ff88eb704,0,1,8,0.9199999999999999,1.0592000000000001,3,5,2,4,8,4,0,0.1890791900000005,0.0,0,,random_actions,random_actions:panel_1:1:1141032:0
shared,shared,random_actions,1,30000,1,reference,panel_1,1141032,ba2c8384b57ef5ee61eed0ca9ac9407f56cc9292e7fcca288dbae20ff88eb704,1,1,13,0.87,1.0152,2,11,7,5,13,7,0,0.38754346000000073,0.0,0,,random_actions,random_actions:panel_1:1:1141032:1
shared,shared,random_actions,1,30000,1,reference,panel_1,1141033,3a4938fb7d12379dc1b5bbbaf2b0fad9b93453937fc34e360fd107332c3397b9,0,0,32,-0.3200000000000001,0.16160000000000016,13,19,11,9,29,10,1,1.7738829413982913,0.0,0,,random_actions,random_actions:panel_1:1:1141033:0
shared,shared,random_actions,1,30000,1,reference,panel_1,1141033,3a4938fb7d12379dc1b5bbbaf2b0fad9b93453937fc34e360fd107332c3397b9,1,0,32,-0.3200000000000001,0.10400000000000012,12,20,8,13,29,10,1,1.8268768622880158,0.0,0,,random_actions,random_actions:panel_1:1:1141033:1
shared,shared,random_actions,1,30000,1,reference,panel_1,1141034,3f9a286426f8771a4f6e295e358a53afc85ce52c6d1f0384f4322da28c167dc5,0,0,32,-0.3200000000000001,-0.19840000000000008,7,25,15,11,30,11,1,2.1314275700000023,0.0,0,,random_actions,random_actions:panel_1:1:1141034:0
shared,shared,random_actions,1,30000,1,reference,panel_1,1141034,3f9a286426f8771a4f6e295e358a53afc85ce52c6d1f0384f4322da28c167dc5,1,1,1,0.99,1.03,0,1,0,2,1,1,0,0.0,0.0,0,,random_actions,random_actions:panel_1:1:1141034:1
shared,shared,random_actions,1,30000,1,reference,panel_1,1141035,1a8b884fa4586237390f80895adfa40f91ed022da49e208bd137955330fc6038,0,1,19,0.8099999999999999,0.9828000000000001,6,13,5,9,19,8,0,0.6059577343000009,0.0,0,,random_actions,random_actions:panel_1:1:1141035:0
shared,shared,random_actions,1,30000,1,reference,panel_1,1141035,1a8b884fa4586237390f80895adfa40f91ed022da49e208bd137955330fc6038,1,1,8,0.9199999999999999,1.0544,1,7,3,5,8,5,0,0.19377173000000025,0.0,0,,random_actions,random_actions:panel_1:1:1141035:1
shared,shared,random_actions,1,30000,1,reference,panel_1,1141036,cc643171d0b814c4384418af84f7106a8d76a136e8b4646fc700d706dfe3948c,0,0,32,-0.3200000000000001,-0.07159999999999996,5,27,20,8,31,13,1,2.0366538208710017,0.0,0,,random_actions,random_actions:panel_1:1:1141036:0
shared,shared,random_actions,1,30000,1,reference,panel_1,1141036,cc643171d0b814c4384418af84f7106a8d76a136e8b4646fc700d706dfe3948c,1,0,32,-0.3200000000000001,-0.049999999999999795,4,28,16,13,27,10,1,1.913738839416871,0.0,0,,random_actions,random_actions:panel_1:1:1141036:1
shared,shared,random_actions,1,30000,1,reference,panel_1,1141037,76cc357e4d50112a54635c7f16e18113811455cf4050b77cfd2d0cb4bffcac22,0,1,15,0.85,1.0072,4,11,4,8,15,7,0,0.4576276962000009,0.0,0,,random_actions,random_actions:panel_1:1:1141037:0
shared,shared,random_actions,1,30000,1,reference,panel_1,1141037,76cc357e4d50112a54635c7f16e18113811455cf4050b77cfd2d0cb4bffcac22,1,1,7,0.9299999999999999,1.0644,2,5,2,4,7,4,0,0.15291646000000025,0.0,0,,random_actions,random_actions:panel_1:1:1141037:1
shared,shared,random_actions,1,30000,1,reference,panel_1,1141038,8ddc148263f097ff9d8b18dae7207cfcafa8a35ca703da5d0279190d78a3eda7,0,1,2,0.98,1.0212,1,1,0,2,2,1,0,0.03970000000000007,0.0,0,,random_actions,random_actions:panel_1:1:1141038:0
shared,shared,random_actions,1,30000,1,reference,panel_1,1141038,8ddc148263f097ff9d8b18dae7207cfcafa8a35ca703da5d0279190d78a3eda7,1,1,2,0.98,1.0212,1,1,0,2,2,1,0,0.03970000000000007,0.0,0,,random_actions,random_actions:panel_1:1:1141038:1
shared,shared,random_actions,1,30000,1,reference,panel_1,1141039,a886ab4a1b2d941e41a2741f6e1f75d5061f4b42a7dfa7d62972b070af3600db,0,0,32,-0.3200000000000001,-0.06279999999999994,12,20,9,12,32,11,1,2.056862831000001,0.0,0,,random_actions,random_actions:panel_1:1:1141039:0
shared,shared,random_actions,1,30000,1,reference,panel_1,1141039,a886ab4a1b2d941e41a2741f6e1f75d5061f4b42a7dfa7d62972b070af3600db,1,1,11,0.89,1.0872000000000002,1,10,4,7,11,7,0,0.25706193885700035,0.0,0,,random_actions,random_actions:panel_1:1:1141039:1
shared,shared,random_actions,1,30000,1,reference,panel_1,1141040,b2bc13b9adb7c7845baecdd846cc501c626f13832c9dc1c2bdab708c740a5c5a,0,0,32,-0.3200000000000001,-0.00599999999999995,7,25,18,8,30,13,1,1.9488468825280023,0.0,0,,random_actions,random_actions:panel_1:1:1141040:0
shared,shared,random_actions,1,30000,1,reference,panel_1,1141040,b2bc13b9adb7c7845baecdd846cc501c626f13832c9dc1c2bdab708c740a5c5a,1,0,32,-0.3200000000000001,-0.011999999999999955,5,27,18,10,29,13,1,1.9272426988570022,0.0,0,,random_actions,random_actions:panel_1:1:1141040:1
shared,shared,random_actions,1,30000,1,reference,panel_1,1141041,f05396fc15beb943b74226032449ccbb022e95db4224c2615ab0c5a00c3c5d93,0,1,29,0.71,0.9188000000000001,8,21,13,9,29,12,0,0.9795979367000018,0.0,0,,random_actions,random_actions:panel_1:1:1141041:0
shared,shared,random_actions,1,30000,1,reference,panel_1,1141041,f05396fc15beb943b74226032449ccbb022e95db4224c2615ab0c5a00c3c5d93,1,0,32,-0.3200000000000001,-0.10039999999999992,10,22,15,8,31,11,1,2.0627797386000024,0.0,0,,random_actions,random_actions:panel_1:1:1141041:1
shared,shared,random_actions,1,30000,1,reference,panel_1,1141042,088a3e8c0f6b8320720cd992ae5a6967bab74bd2f9862dd899477a65ea08abb8,0,1,10,0.9,1.0792000000000002,2,8,2,7,10,6,0,0.23343600000000042,0.0,0,,random_actions,random_actions:panel_1:1:1141042:0
shared,shared,random_actions,1,30000,1,reference,panel_1,1141042,088a3e8c0f6b8320720cd992ae5a6967bab74bd2f9862dd899477a65ea08abb8,1,0,32,-0.3200000000000001,0.0704000000000003,12,20,12,9,27,7,1,1.8095419205470407,0.0,0,,random_actions,random_actions:panel_1:1:1141042:1
shared,shared,random_actions,1,30000,1,reference,panel_1,1141043,bcfabcea4b0b2f5ecb159e15b744b057ddcc168de81dc980456ca0d4b04902de,0,0,32,-0.3200000000000001,0.3400000000000003,10,22,14,9,25,8,1,1.552935512765073,0.0,0,,random_actions,random_actions:panel_1:1:1141043:0
shared,shared,random_actions,1,30000,1,reference,panel_1,1141043,bcfabcea4b0b2f5ecb159e15b744b057ddcc168de81dc980456ca0d4b04902de,1,0,32,-0.3200000000000001,0.24400000000000022,10,22,13,10,31,14,1,1.7601768355301568,0.0,0,,random_actions,random_actions:panel_1:1:1141043:1
shared,shared,random_actions,1,30000,1,reference,panel_1,1141044,867ea61e4abad1e0d1d2e93a0740616449716eac531b8582f2fc27447c27292a,0,0,32,-0.3200000000000001,-0.033999999999999864,20,12,9,4,30,6,1,1.9758419996000005,0.0,0,,random_actions,random_actions:panel_1:1:1141044:0
shared,shared,random_actions,1,30000,1,reference,panel_1,1141044,867ea61e4abad1e0d1d2e93a0740616449716eac531b8582f2fc27447c27292a,1,1,15,0.85,1.0652000000000001,7,8,4,5,15,6,0,0.4030814048000002,0.0,0,,random_actions,random_actions:panel_1:1:1141044:1
shared,shared,random_actions,1,30000,1,reference,panel_1,1141045,68a77cc80baf9950d9b6a0cd2f52ed5af5bf6669cb2f8c36048951f4a1febbc2,0,0,32,-0.3200000000000001,0.002800000000000219,13,19,11,9,26,6,1,1.849857888621929,0.0,0,,random_actions,random_actions:panel_1:1:1141045:0
shared,shared,random_actions,1,30000,1,reference,panel_1,1141045,68a77cc80baf9950d9b6a0cd2f52ed5af5bf6669cb2f8c36048951f4a1febbc2,1,1,6,0.94,1.0768,1,5,1,5,6,4,0,0.10981996620000012,0.0,0,,random_actions,random_actions:panel_1:1:1141045:1
shared,shared,random_actions,1,30000,1,reference,panel_1,1141046,e22e38f13e13a6015eb5d03323b5c1b89ea83b73f6420dcdad9485499410f43e,0,0,32,-0.3200000000000001,-0.0015999999999998515,7,25,15,11,28,11,1,1.8946215173270011,0.0,0,,random_actions,random_actions:panel_1:1:1141046:0
shared,shared,random_actions,1,30000,1,reference,panel_1,1141046,e22e38f13e13a6015eb5d03323b5c1b89ea83b73f6420dcdad9485499410f43e,1,1,28,0.72,0.9472,12,16,9,8,28,10,0,0.9220473081000023,0.0,0,,random_actions,random_actions:panel_1:1:1141046:1
shared,shared,random_actions,1,30000,1,reference,panel_1,1141047,009ed0535427c334ecef8fecedc76e0a199a535698381e93760d9ad8682826cb,0,1,22,0.7799999999999999,0.9816,15,7,3,5,22,5,0,0.7007559748000008,0.0,0,,random_actions,random_actions:panel_1:1:1141047:0
shared,shared,random_actions,1,30000,1,reference,panel_1,1141047,009ed0535427c334ecef8fecedc76e0a199a535698381e93760d9ad8682826cb,1,1,10,0.9,1.0536,5,5,1,5,10,4,0,0.2569936624000002,0.0,0,,random_actions,random_actions:panel_1:1:1141047:1
shared,shared,random_actions,1,30000,1,reference,panel_1,1141048,b51e9da9f52dc0f14a23f3d9911af35883057b018a39d1b44f9b28e10191ffe3,0,1,3,0.97,1.0536,1,2,0,3,3,2,0,0.038509000000000126,0.0,0,,random_actions,random_actions:panel_1:1:1141048:0
shared,shared,random_actions,1,30000,1,reference,panel_1,1141048,b51e9da9f52dc0f14a23f3d9911af35883057b018a39d1b44f9b28e10191ffe3,1,0,32,-0.3200000000000001,-0.1392,10,22,8,15,28,8,1,2.0286543442342917,0.0,0,,random_actions,random_actions:panel_1:1:1141048:1
shared,shared,random_actions,1,30000,1,reference,panel_1,1141049,a2617cc0d239759351c9094411b04ffc3f94116e83666e05cc51f40291daeb9d,0,0,32,-0.3200000000000001,0.047600000000000225,12,20,15,6,28,8,1,1.8507533956659863,0.0,0,,random_actions,random_actions:panel_1:1:1141049:0
shared,shared,random_actions,1,30000,1,reference,panel_1,1141049,a2617cc0d239759351c9094411b04ffc3f94116e83666e05cc51f40291daeb9d,1,1,4,0.96,1.1272,0,4,0,5,4,4,0,0.0,0.0,0,,random_actions,random_actions:panel_1:1:1141049:1
shared,shared,random_actions,1,30000,1,reference,panel_1,1141050,67b820800611f56c1bdf185530c6696d225e8838ff0b5595d54bebccf5b7ed38,0,0,32,-0.3200000000000001,-0.02799999999999986,3,29,20,10,29,13,1,1.9455082492280016,0.0,0,,random_actions,random_actions:panel_1:1:1141050:0
shared,shared,random_actions,1,30000,1,reference,panel_1,1141050,67b820800611f56c1bdf185530c6696d225e8838ff0b5595d54bebccf5b7ed38,1,0,32,-0.3200000000000001,0.023600000000000163,10,22,13,10,29,9,1,1.8962379432564798,0.0,0,,random_actions,random_actions:panel_1:1:1141050:1
shared,shared,random_actions,1,30000,1,reference,panel_1,1141051,2be69b8da539fa8bde3e9b8e92cf1f3e2c839d92129615671eccab2422aedcc6,0,0,32,-0.3200000000000001,-0.04159999999999982,6,26,17,10,29,11,1,1.9527631825105807,0.0,0,,random_actions,random_actions:panel_1:1:1141051:0
shared,shared,random_actions,1,30000,1,reference,panel_1,1141051,2be69b8da539fa8bde3e9b8e92cf1f3e2c839d92129615671eccab2422aedcc6,1,1,5,0.95,1.082,0,5,1,5,5,4,0,0.07358684810000016,0.0,0,,random_actions,random_actions:panel_1:1:1141051:1
shared,shared,random_actions,1,30000,1,reference,panel_1,1141052,05f5556d931fde6433fa86570f6aaea8cf10919b3374429dec56e8593076769c,0,0,32,-0.3200000000000001,0.10960000000000014,21,11,6,6,29,5,1,1.8213643773806112,0.0,0,,random_actions,random_actions:panel_1:1:1141052:0
shared,shared,random_actions,1,30000,1,reference,panel_1,1141052,05f5556d931fde6433fa86570f6aaea8cf10919b3374429dec56e8593076769c,1,0,32,-0.3200000000000001,0.07120000000000012,12,20,12,9,28,9,1,1.8255497266332914,0.0,0,,random_actions,random_actions:panel_1:1:1141052:1
shared,shared,random_actions,1,30000,1,reference,panel_1,1141053,2592f7acfec105ca05fe99e6fed38191c41f47ab19b8a0f0cf4bf1d12d9b0dd2,0,0,32,-0.3200000000000001,0.023600000000000135,20,12,3,10,29,5,1,1.8951745421406525,0.0,0,,random_actions,random_actions:panel_1:1:1141053:0
shared,shared,random_actions,1,30000,1,reference,panel_1,1141053,2592f7acfec105ca05fe99e6fed38191c41f47ab19b8a0f0cf4bf1d12d9b0dd2,1,0,32,-0.3200000000000001,0.057200000000000306,6,26,18,9,27,10,1,1.8200461807673505,0.0,0,,random_actions,random_actions:panel_1:1:1141053:1
shared,shared,random_actions,1,30000,1,reference,panel_1,1141054,fccb4060e6043a029a64acb7d6b4aab6becbad49512043a786978d6ff0faf3db,0,0,32,-0.3200000000000001,0.15800000000000014,8,24,14,11,30,13,1,1.8043868015924804,0.0,0,,random_actions,random_actions:panel_1:1:1141054:0
shared,shared,random_actions,1,30000,1,reference,panel_1,1141054,fccb4060e6043a029a64acb7d6b4aab6becbad49512043a786978d6ff0faf3db,1,0,32,-0.3200000000000001,0.16040000000000018,20,12,2,11,28,5,1,1.7463713036224227,0.0,0,,random_actions,random_actions:panel_1:1:1141054:1
shared,shared,random_actions,1,30000,1,reference,panel_1,1141055,837e8bf88514153bd0e1e2ab4729b8339bb4697cb1586872da57b4e00d24306f,0,0,32,-0.3200000000000001,0.020400000000000112,19,13,10,4,31,7,1,1.9519260109990015,0.0,0,,random_actions,random_actions:panel_1:1:1141055:0
shared,shared,random_actions,1,30000,1,reference,panel_1,1141055,837e8bf88514153bd0e1e2ab4729b8339bb4697cb1586872da57b4e00d24306f,1,0,32,-0.3200000000000001,0.04440000000000015,22,10,8,3,29,5,1,1.8769035093550017,0.0,0,,random_actions,random_actions:panel_1:1:1141055:1
shared,shared,random_actions,1,30000,1,reference,panel_1,1141056,cecb7135802e7ddb29448d388faa34f9b8423b573fc68d652c193435d22f2089,0,1,7,0.9299999999999999,1.0208,3,4,2,3,7,3,0,0.1949270000000004,0.0,0,,random_actions,random_actions:panel_1:1:1141056:0
shared,shared,random_actions,1,30000,1,reference,panel_1,1141056,cecb7135802e7ddb29448d388faa34f9b8423b573fc68d652c193435d22f2089,1,1,29,0.71,0.8488000000000001,19,10,8,3,29,6,0,1.0468890000000026,0.0,0,,random_actions,random_actions:panel_1:1:1141056:1
shared,shared,random_actions,1,30000,1,reference,panel_1,1141057,98575f120bbccb2ad8902d8e83e926175855bb3e85fb5a1a1a8574a5341ab9e1,0,1,26,0.74,0.9736000000000001,10,16,5,12,26,9,0,0.8370376641867118,0.0,0,,random_actions,random_actions:panel_1:1:1141057:0
shared,shared,random_actions,1,30000,1,reference,panel_1,1141057,98575f120bbccb2ad8902d8e83e926175855bb3e85fb5a1a1a8574a5341ab9e1,1,1,4,0.96,1.0448,0,4,1,4,4,3,0,0.07820900000000008,0.0,0,,random_actions,random_actions:panel_1:1:1141057:1
shared,shared,random_actions,1,30000,1,reference,panel_1,1141059,61df0b0864bfda909c132eec3e3797cfc28c403eb6fbfc726eff541c72e2e324,0,1,6,0.94,1.0296,2,4,2,3,6,3,0,0.15522700000000034,0.0,0,,random_actions,random_actions:panel_1:1:1141059:0
shared,shared,random_actions,1,30000,1,reference,panel_1,1141059,61df0b0864bfda909c132eec3e3797cfc28c403eb6fbfc726eff541c72e2e324,1,1,8,0.9199999999999999,1.0228000000000002,2,6,2,5,8,4,0,0.22419169620000046,0.0,0,,random_actions,random_actions:panel_1:1:1141059:1
shared,shared,random_actions,1,30000,1,reference,panel_1,1141060,c7321739484e3f62ccb9febe3b0bf5fc25c5cdefd7cb342f50c23b5e174ceeaa,0,1,5,0.95,0.9984000000000001,2,3,1,3,5,2,0,0.15522700000000034,0.0,0,,random_actions,random_actions:panel_1:1:1141060:0
shared,shared,random_actions,1,30000,1,reference,panel_1,1141060,c7321739484e3f62ccb9febe3b0bf5fc25c5cdefd7cb342f50c23b5e174ceeaa,1,1,6,0.94,0.9908,1,5,2,4,6,3,0,0.19377173000000036,0.0,0,,random_actions,random_actions:panel_1:1:1141060:1
shared,shared,random_actions,1,30000,1,reference,panel_1,1141061,7b31fa6e2559c54ef5ef2a6f8ce84a22ce65d88f67184bebede16a6ca7cdea73,0,1,15,0.85,1.012,6,9,5,5,15,6,0,0.4528658400000012,0.0,0,,random_actions,random_actions:panel_1:1:1141061:0
shared,shared,random_actions,1,30000,1,reference,panel_1,1141061,7b31fa6e2559c54ef5ef2a6f8ce84a22ce65d88f67184bebede16a6ca7cdea73,1,1,7,0.9299999999999999,1.0608,0,7,1,7,7,5,0,0.15641800000000017,0.0,0,,random_actions,random_actions:panel_1:1:1141061:1
shared,shared,random_actions,1,30000,1,reference,panel_1,1141062,b873b10588783e5dcb3fb6e4ff034673f82ebdb1058471de0f422d7725cfe8dc,0,0,32,-0.3200000000000001,0.061200000000000136,8,24,14,11,29,11,1,1.8591451522198421,0.0,0,,random_actions,random_actions:panel_1:1:1141062:0
shared,shared,random_actions,1,30000,1,reference,panel_1,1141062,b873b10588783e5dcb3fb6e4ff034673f82ebdb1058471de0f422d7725cfe8dc,1,0,32,-0.3200000000000001,0.06360000000000014,12,20,12,9,29,9,1,1.8599672019173936,0.0,0,,random_actions,random_actions:panel_1:1:1141062:1
shared,shared,random_actions,1,30000,1,reference,panel_1,1141063,b2a22f644b0d52136ab6e2304d2f4130b28beebdd838a682b1f2540714da05be,0,0,32,-0.3200000000000001,0.24720000000000023,15,17,12,6,26,6,1,1.6413240013220127,0.0,0,,random_actions,random_actions:panel_1:1:1141063:0
shared,shared,random_actions,1,30000,1,reference,panel_1,1141063,b2a22f644b0d52136ab6e2304d2f4130b28beebdd838a682b1f2540714da05be,1,0,32,-0.3200000000000001,0.21000000000000021,16,16,8,9,29,9,1,1.7346899970320249,0.0,0,,random_actions,random_actions:panel_1:1:1141063:1
shared,shared,random_actions,1,30000,1,reference,panel_1,1141064,fdcd13e42f379170822f5c923778147281017ced29c2346c6d9d55e68d0793d9,0,0,32,-0.3200000000000001,0.04200000000000015,10,22,13,10,27,9,1,1.83002041820674,0.0,0,,random_actions,random_actions:panel_1:1:1141064:0
shared,shared,random_actions,1,30000,1,reference,panel_1,1141064,fdcd13e42f379170822f5c923778147281017ced29c2346c6d9d55e68d0793d9,1,0,32,-0.3200000000000001,0.03960000000000013,18,14,6,9,30,7,1,1.9054596330700297,0.0,0,,random_actions,random_actions:panel_1:1:1141064:1
shared,shared,random_actions,1,30000,1,reference,panel_1,1141065,95ab41a4136c6beea99ad7a6baf3e5b7eafacf321cc2a61d23a6aa8f2f3c3a88,0,1,19,0.8099999999999999,0.9428000000000001,5,14,8,7,19,8,0,0.6443606162000016,0.0,0,,random_actions,random_actions:panel_1:1:1141065:0
shared,shared,random_actions,1,30000,1,reference,panel_1,1141065,95ab41a4136c6beea99ad7a6baf3e5b7eafacf321cc2a61d23a6aa8f2f3c3a88,1,1,30,0.7,0.8832000000000001,8,22,16,7,30,12,0,1.045096822900002,0.0,0,,random_actions,random_actions:panel_1:1:1141065:1
shared,shared,random_actions,1,30000,1,reference,panel_1,1141066,caf65d535bd9a3fd8d8001dfa8bb14926adcfeb9d17ec55a633b682238f820e9,0,0,32,-0.3200000000000001,-0.14639999999999992,7,25,15,11,31,12,1,2.107276285057002,0.0,0,,random_actions,random_actions:panel_1:1:1141066:0
shared,shared,random_actions,1,30000,1,reference,panel_1,1141066,caf65d535bd9a3fd8d8001dfa8bb14926adcfeb9d17ec55a633b682238f820e9,1,1,8,0.9199999999999999,1.0168000000000001,2,6,2,5,8,4,0,0.2299344600000005,0.0,0,,random_actions,random_actions:panel_1:1:1141066:1
shared,shared,random_actions,2,30000,1,reference,panel_1,1141000,5deab250e6608143333ce42bee7cf5bec0d4ac107b6af9944dfb3ffced413dc5,0,0,32,-0.3200000000000001,-0.05239999999999989,12,20,10,11,28,8,1,1.9407720507420012,0.0,0,,random_actions,random_actions:panel_1:2:1141000:0
shared,shared,random_actions,2,30000,1,reference,panel_1,1141000,5deab250e6608143333ce42bee7cf5bec0d4ac107b6af9944dfb3ffced413dc5,1,1,24,0.7599999999999999,0.9556,7,17,12,6,24,10,0,0.7880674305000018,0.0,0,,random_actions,random_actions:panel_1:2:1141000:1
shared,shared,random_actions,2,30000,1,reference,panel_1,1141001,4ddf4082c04712e9806470b5e075da0abd97073afb5c0e861b1a73bdc1de8162,0,0,32,-0.3200000000000001,0.18640000000000026,15,17,12,6,28,7,1,1.7371074622774743,0.0,0,,random_actions,random_actions:panel_1:2:1141001:0
shared,shared,random_actions,2,30000,1,reference,panel_1,1141001,4ddf4082c04712e9806470b5e075da0abd97073afb5c0e861b1a73bdc1de8162,1,1,21,0.7899999999999999,1.1044,9,12,2,11,21,9,0,0.5589556615748705,0.0,0,,random_actions,random_actions:panel_1:2:1141001:1
shared,shared,random_actions,2,30000,1,reference,panel_1,1141003,eb7dbfdcd9fc32516b7e7b9adeea9986ad356988ec394ef971537a3794a060d8,0,0,32,-0.3200000000000001,0.23640000000000022,16,16,9,8,27,8,1,1.6648180894160718,0.0,0,,random_actions,random_actions:panel_1:2:1141003:0
shared,shared,random_actions,2,30000,1,reference,panel_1,1141003,eb7dbfdcd9fc32516b7e7b9adeea9986ad356988ec394ef971537a3794a060d8,1,0,32,-0.3200000000000001,0.24120000000000022,10,22,15,8,27,11,1,1.670057427642158,0.0,0,,random_actions,random_actions:panel_1:2:1141003:1
shared,shared,random_actions,2,30000,1,reference,panel_1,1141004,baef19db3a9395327f0592da62a62f4d4d25ad4ef95b0bcbc1499c84bab0a2e9,0,0,32,-0.3200000000000001,-0.017999999999999926,5,27,16,12,32,15,1,2.016211350628002,0.0,0,,random_actions,random_actions:panel_1:2:1141004:0
shared,shared,random_actions,2,30000,1,reference,panel_1,1141004,baef19db3a9395327f0592da62a62f4d4d25ad4ef95b0bcbc1499c84bab0a2e9,1,0,32,-0.3200000000000001,0.08160000000000009,10,22,17,6,28,9,1,1.8205964040743494,0.0,0,,random_actions,random_actions:panel_1:2:1141004:1
shared,shared,random_actions,2,30000,1,reference,panel_1,1141005,e1eac101407b161a975477484ca0f5f0782cfd620b11aaa55510a64141fdf2a3,0,1,25,0.7499999999999999,0.9976,3,22,10,13,25,13,0,0.7800498567000017,0.0,0,,random_actions,random_actions:panel_1:2:1141005:0
shared,shared,random_actions,2,30000,1,reference,panel_1,1141005,e1eac101407b161a975477484ca0f5f0782cfd620b11aaa55510a64141fdf2a3,1,0,32,-0.3200000000000001,-0.07959999999999991,11,21,12,10,31,11,1,2.043950346200002,0.0,0,,random_actions,random_actions:panel_1:2:1141005:1
shared,shared,random_actions,2,30000,1,reference,panel_1,1141006,1a166505fe6fd2bed9d5b1095107d282bb6ecd7613f37eb73d89a6d19b88c788,0,1,4,0.96,1.0036,3,1,0,2,4,1,0,0.1191000000000002,0.0,0,,random_actions,random_actions:panel_1:2:1141006:0
shared,shared,random_actions,2,30000,1,reference,panel_1,1141006,1a166505fe6fd2bed9d5b1095107d282bb6ecd7613f37eb73d89a6d19b88c788,1,1,2,0.98,1.0212,1,1,0,2,2,1,0,0.03970000000000007,0.0,0,,random_actions,random_actions:panel_1:2:1141006:1
shared,shared,random_actions,2,30000,1,reference,panel_1,1141008,3d7982fcce59ea71f612576510ef7a48d5e51b90dc8e1cc3003e87f7ca09b47e,0,0,32,-0.3200000000000001,0.07680000000000015,8,24,19,6,28,10,1,1.8259335423704797,0.0,0,,random_actions,random_actions:panel_1:2:1141008:0
shared,shared,random_actions,2,30000,1,reference,panel_1,1141008,3d7982fcce59ea71f612576510ef7a48d5e51b90dc8e1cc3003e87f7ca09b47e,1,0,32,-0.3200000000000001,0.08040000000000011,10,22,16,7,27,9,1,1.7961789970540591,0.0,0,,random_actions,random_actions:panel_1:2:1141008:1
shared,shared,random_actions,2,30000,1,reference,panel_1,1141009,75a7ad9f984f600a7240e70f37ab3a8198a3bcc774c28eee6f4b5d9164f2e773,0,0,32,-0.3200000000000001,0.02160000000000012,12,20,17,4,28,9,1,1.8704787618850016,0.0,0,,random_actions,random_actions:panel_1:2:1141009:0
shared,shared,random_actions,2,30000,1,reference,panel_1,1141009,75a7ad9f984f600a7240e70f37ab3a8198a3bcc774c28eee6f4b5d9164f2e773,1,1,32,0.6799999999999999,1.0348000000000002,15,17,11,7,32,11,0,0.9667805689830029,0.0,0,,random_actions,random_actions:panel_1:2:1141009:1
shared,shared,random_actions,2,30000,1,reference,panel_1,1141010,cd7120e733ead88ff25a4aadce914abe41d3130b82494a8765e1fa277d360aee,0,0,32,-0.3200000000000001,0.14680000000000015,9,23,20,4,26,9,1,1.71855593461664,0.0,0,,random_actions,random_actions:panel_1:2:1141010:0
shared,shared,random_actions,2,30000,1,reference,panel_1,1141010,cd7120e733ead88ff25a4aadce914abe41d3130b82494a8765e1fa277d360aee,1,0,32,-0.3200000000000001,0.1372000000000002,13,19,13,7,29,9,1,1.7944278380467553,0.0,0,,random_actions,random_actions:panel_1:2:1141010:1
shared,shared,random_actions,2,30000,1,reference,panel_1,1141011,ef81364767373afaedc5ae35427724abd9a791622566d0ff72a28a2614fbf9d8,0,0,32,-0.3200000000000001,-0.13359999999999994,15,17,10,8,28,5,1,2.025264921059872,0.0,0,,random_actions,random_actions:panel_1:2:1141011:0
shared,shared,random_actions,2,30000,1,reference,panel_1,1141011,ef81364767373afaedc5ae35427724abd9a791622566d0ff72a28a2614fbf9d8,1,1,2,0.98,1.0212,1,1,0,2,2,1,0,0.03970000000000007,0.0,0,,random_actions,random_actions:panel_1:2:1141011:1
shared,shared,random_actions,2,30000,1,reference,panel_1,1141012,ec817cc0808f74fcb313fd0b53fabe6978669cdbc611fe80a56d80bd08587b29,0,1,23,0.7699999999999999,1.1552000000000002,11,12,1,12,23,9,0,0.5761062846678097,0.0,0,,random_actions,random_actions:panel_1:2:1141012:0
shared,shared,random_actions,2,30000,1,reference,panel_1,1141012,ec817cc0808f74fcb313fd0b53fabe6978669cdbc611fe80a56d80bd08587b29,1,0,32,-0.3200000000000001,0.1180000000000001,7,25,17,9,27,12,1,1.7676527236869726,0.0,0,,random_actions,random_actions:panel_1:2:1141012:1
shared,shared,random_actions,2,30000,1,reference,panel_1,1141013,d3965546233e39a74a3fa16237340c155b1b38e92b8b1af96babc8bce9c83ca1,0,1,22,0.7799999999999999,0.9600000000000001,7,15,8,8,22,9,0,0.7214154181000015,0.0,0,,random_actions,random_actions:panel_1:2:1141013:0
shared,shared,random_actions,2,30000,1,reference,panel_1,1141013,d3965546233e39a74a3fa16237340c155b1b38e92b8b1af96babc8bce9c83ca1,1,1,4,0.96,1.0872,1,3,0,4,4,3,0,0.037353730000000085,0.0,0,,random_actions,random_actions:panel_1:2:1141013:1
shared,shared,random_actions,2,30000,1,reference,panel_1,1141014,1ab25dae77ffaaa9cd1a9126e9658b994579e76caf562683eef93bbc410cb272,0,1,10,0.9,1.004,4,6,2,5,10,4,0,0.3046419200000007,0.0,0,,random_actions,random_actions:panel_1:2:1141014:0
shared,shared,random_actions,2,30000,1,reference,panel_1,1141014,1ab25dae77ffaaa9cd1a9126e9658b994579e76caf562683eef93bbc410cb272,1,1,3,0.97,1.0536,1,2,0,3,3,2,0,0.038509000000000126,0.0,0,,random_actions,random_actions:panel_1:2:1141014:1
shared,shared,random_actions,2,30000,1,reference,panel_1,1141015,74fdd0f8c6f739e475e6cc3bcf9c1affb6cc114a41529ed7788d146c485ab6e3,0,0,32,-0.3200000000000001,-0.08959999999999992,12,20,9,12,30,9,1,2.024505822900002,0.0,0,,random_actions,random_actions:panel_1:2:1141015:0
shared,shared,random_actions,2,30000,1,reference,panel_1,1141015,74fdd0f8c6f739e475e6cc3bcf9c1affb6cc114a41529ed7788d146c485ab6e3,1,0,32,-0.3200000000000001,-0.05479999999999988,14,18,10,9,30,8,1,1.9943407980192915,0.0,0,,random_actions,random_actions:panel_1:2:1141015:1
shared,shared,random_actions,2,30000,1,reference,panel_1,1141016,289f2d5cfb2c44750ac0756092344cc4cc504f6d7dd2a3cacf9b29c4c94d64e3,0,0,32,-0.3200000000000001,0.003200000000000147,10,22,12,11,31,11,1,1.9675338188347407,0.0,0,,random_actions,random_actions:panel_1:2:1141016:0
shared,shared,random_actions,2,30000,1,reference,panel_1,1141016,289f2d5cfb2c44750ac0756092344cc4cc504f6d7dd2a3cacf9b29c4c94d64e3,1,1,27,0.73,0.9848000000000001,5,22,13,10,27,13,0,0.8548970210000013,0.0,0,,random_actions,random_actions:panel_1:2:1141016:1
shared,shared,random_actions,2,30000,1,reference,panel_1,1141017,c9bf93d1c68ff6c7e3965f0a4bc6e2482b4dcc8c514e7bd8cdf925065edf58a6,0,0,32,-0.3200000000000001,0.06240000000000013,12,20,12,9,31,11,1,1.9129471757830592,0.0,0,,random_actions,random_actions:panel_1:2:1141017:0
shared,shared,random_actions,2,30000,1,reference,panel_1,1141017,c9bf93d1c68ff6c7e3965f0a4bc6e2482b4dcc8c514e7bd8cdf925065edf58a6,1,0,32,-0.3200000000000001,0.04680000000000015,10,22,13,10,29,11,1,1.8752644839057413,0.0,0,,random_actions,random_actions:panel_1:2:1141017:1
shared,shared,random_actions,2,30000,1,reference,panel_1,1141018,e227cdb98e266e91c39677a5aebaf6fc84af426b2da65568afdeef6c9a551c9e,0,1,8,0.9199999999999999,1.1864000000000001,0,8,2,7,8,7,0,0.07358684810000016,0.0,0,,random_actions,random_actions:panel_1:2:1141018:0
shared,shared,random_actions,2,30000,1,reference,panel_1,1141018,e227cdb98e266e91c39677a5aebaf6fc84af426b2da65568afdeef6c9a551c9e,1,0,32,-0.3200000000000001,0.12160000000000011,7,25,19,7,28,12,1,1.7845234001232337,0.0,0,,random_actions,random_actions:panel_1:2:1141018:1
shared,shared,random_actions,2,30000,1,reference,panel_1,1141019,5203c0d51bca6ccee78957104eedddb52443684deab154ec2d6350b05231d9ec,0,0,32,-0.3200000000000001,0.0132000000000001,10,22,13,10,28,9,1,1.878257887957001,0.0,0,,random_actions,random_actions:panel_1:2:1141019:0
shared,shared,random_actions,2,30000,1,reference,panel_1,1141019,5203c0d51bca6ccee78957104eedddb52443684deab154ec2d6350b05231d9ec,1,1,13,0.87,1.1228,6,7,1,7,13,6,0,0.287826470885001,0.0,0,,random_actions,random_actions:panel_1:2:1141019:1
shared,shared,random_actions,2,30000,1,reference,panel_1,1141020,46c7dab1cce347d44d26148dd719d5e7c6a295b4febb3c7dcc7d0be3e64a3072,0,1,15,0.85,1.1392,5,10,2,9,15,8,0,0.33744388620000054,0.0,0,,random_actions,random_actions:panel_1:2:1141020:0
shared,shared,random_actions,2,30000,1,reference,panel_1,1141020,46c7dab1cce347d44d26148dd719d5e7c6a295b4febb3c7dcc7d0be3e64a3072,1,0,32,-0.3200000000000001,0.10600000000000012,12,20,10,11,31,11,1,1.875932843123639,0.0,0,,random_actions,random_actions:panel_1:2:1141020:1
shared,shared,random_actions,2,30000,1,reference,panel_1,1141021,350d7a481b2b029ff15902f21428dbf41896adb1050946120ca543727e912495,0,0,32,-0.3200000000000001,0.008000000000000104,14,18,8,11,27,6,1,1.859597070428451,0.0,0,,random_actions,random_actions:panel_1:2:1141021:0
shared,shared,random_actions,2,30000,1,reference,panel_1,1141021,350d7a481b2b029ff15902f21428dbf41896adb1050946120ca543727e912495,1,0,32,-0.3200000000000001,-0.01839999999999989,8,24,12,13,27,9,1,1.8847731359420017,0.0,0,,random_actions,random_actions:panel_1:2:1141021:1
shared,shared,random_actions,2,30000,1,reference,panel_1,1141022,5064ec795fa4980689929dc90e8ae882e073994bccedcb2bcf3e62ba1252e725,0,1,17,0.83,0.9556,11,6,2,5,17,4,0,0.5696195700000013,0.0,0,,random_actions,random_actions:panel_1:2:1141022:0
shared,shared,random_actions,2,30000,1,reference,panel_1,1141022,5064ec795fa4980689929dc90e8ae882e073994bccedcb2bcf3e62ba1252e725,1,1,9,0.91,1.0008000000000001,5,4,2,3,9,3,0,0.2767090000000004,0.0,0,,random_actions,random_actions:panel_1:2:1141022:1
shared,shared,random_actions,2,30000,1,reference,panel_1,1141023,760a1401d61468b8a3285960dbbbcd251fb5959be8a337c2b3a1913c7430c784,0,0,32,-0.3200000000000001,-0.0011999999999998817,16,16,12,5,30,8,1,1.9434497242990023,0.0,0,,random_actions,random_actions:panel_1:2:1141023:0
shared,shared,random_actions,2,30000,1,reference,panel_1,1141023,760a1401d61468b8a3285960dbbbcd251fb5959be8a337c2b3a1913c7430c784,1,0,32,-0.3200000000000001,0.03240000000000007,18,14,11,4,28,7,1,1.8651141501130017,0.0,0,,random_actions,random_actions:panel_1:2:1141023:1
shared,shared,random_actions,2,30000,1,reference,panel_1,1141024,ef387b1b83185496aeaeef440a4c5a6813e936fa4969f9a3048e0376f8008099,0,1,7,0.9299999999999999,1.0244,1,6,3,4,7,4,0,0.19142546000000038,0.0,0,,random_actions,random_actions:panel_1:2:1141024:0
shared,shared,random_actions,2,30000,1,reference,panel_1,1141024,ef387b1b83185496aeaeef440a4c5a6813e936fa4969f9a3048e0376f8008099,1,0,32,-0.3200000000000001,-0.14159999999999995,4,28,18,11,29,12,1,2.0534844434140016,0.0,0,,random_actions,random_actions:panel_1:2:1141024:1
shared,shared,random_actions,2,30000,1,reference,panel_1,1141025,fa765e8ece096293d001ee3808b885b9fa3d75364f534b5a2b929b18ebd86579,0,0,32,-0.3200000000000001,-0.11999999999999966,22,10,5,6,32,5,1,2.1109444339000003,0.0,0,,random_actions,random_actions:panel_1:2:1141025:0
shared,shared,random_actions,2,30000,1,reference,panel_1,1141025,fa765e8ece096293d001ee3808b885b9fa3d75364f534b5a2b929b18ebd86579,1,0,32,-0.3200000000000001,-0.0743999999999998,16,16,9,8,27,5,1,1.9517341108685806,0.0,0,,random_actions,random_actions:panel_1:2:1141025:1
shared,shared,random_actions,2,30000,1,reference,panel_1,1141026,685e511878c2db384da9f769f43c5a98364a684f60efc69335a3a315bff5aa99,0,0,32,-0.3200000000000001,0.034400000000000125,18,14,10,5,27,4,1,1.8365970402946108,0.0,0,,random_actions,random_actions:panel_1:2:1141026:0
shared,shared,random_actions,2,30000,1,reference,panel_1,1141026,685e511878c2db384da9f769f43c5a98364a684f60efc69335a3a315bff5aa99,1,0,32,-0.3200000000000001,-0.002799999999999872,8,24,14,11,29,11,1,1.919006679094161,0.0,0,,random_actions,random_actions:panel_1:2:1141026:1
shared,shared,random_actions,2,30000,1,reference,panel_1,1141027,d95364ce6b35dde0638fd69fb8b7d46a23839b999adeb2dc4e432393b5988ef2,0,1,30,0.7,0.8648000000000001,11,19,12,8,30,10,0,1.064929445813002,0.0,0,,random_actions,random_actions:panel_1:2:1141027:0
shared,shared,random_actions,2,30000,1,reference,panel_1,1141027,d95364ce6b35dde0638fd69fb8b7d46a23839b999adeb2dc4e432393b5988ef2,1,1,2,0.98,1.0212,1,1,0,2,2,1,0,0.03970000000000007,0.0,0,,random_actions,random_actions:panel_1:2:1141027:1
shared,shared,random_actions,2,30000,1,reference,panel_1,1141028,26707f08a99d56c2e805efbcaca7af551d295e391a64db041af95e4aee020f1b,0,1,1,0.99,1.03,0,1,0,2,1,1,0,0.0,0.0,0,,random_actions,random_actions:panel_1:2:1141028:0
shared,shared,random_actions,2,30000,1,reference,panel_1,1141028,26707f08a99d56c2e805efbcaca7af551d295e391a64db041af95e4aee020f1b,1,1,12,0.88,0.9548000000000001,3,9,4,6,12,5,0,0.41561715620000084,0.0,0,,random_actions,random_actions:panel_1:2:1141028:1
shared,shared,random_actions,2,30000,1,reference,panel_1,1141029,807823957e2676bc40c356ad5de01cd5b72733f4eee50bf4f9bad69e2acfad57,0,1,1,0.99,1.03,0,1,0,2,1,1,0,0.0,0.0,0,,random_actions,random_actions:panel_1:2:1141029:0
shared,shared,random_actions,2,30000,1,reference,panel_1,1141029,807823957e2676bc40c356ad5de01cd5b72733f4eee50bf4f9bad69e2acfad57,1,1,1,0.99,1.03,0,1,0,2,1,1,0,0.0,0.0,0,,random_actions,random_actions:panel_1:2:1141029:1
shared,shared,random_actions,2,30000,1,reference,panel_1,1141030,7d8fb0b92bfbe758bca641325314942dcab9caa6bdd8fa9306d7dc919ac6ff95,0,0,32,-0.3200000000000001,0.11440000000000014,15,17,13,5,27,8,1,1.76739178472361,0.0,0,,random_actions,random_actions:panel_1:2:1141030:0
shared,shared,random_actions,2,30000,1,reference,panel_1,1141030,7d8fb0b92bfbe758bca641325314942dcab9caa6bdd8fa9306d7dc919ac6ff95,1,0,32,-0.3200000000000001,0.1468000000000002,12,20,12,9,26,8,1,1.7268654567561033,0.0,0,,random_actions,random_actions:panel_1:2:1141030:1
shared,shared,random_actions,2,30000,1,reference,panel_1,1141031,61d2038f44021f4a7f0fe25a7847933f65c87275fb1d7a4426d58fedacc581c1,0,0,32,-0.3200000000000001,0.09120000000000017,9,23,17,7,28,10,1,1.808228482842741,0.0,0,,random_actions,random_actions:panel_1:2:1141031:0
shared,shared,random_actions,2,30000,1,reference,panel_1,1141031,61d2038f44021f4a7f0fe25a7847933f65c87275fb1d7a4426d58fedacc581c1,1,0,32,-0.3200000000000001,0.07200000000000015,12,20,11,10,29,9,1,1.8540976192600886,0.0,0,,random_actions,random_actions:panel_1:2:1141031:1
shared,shared,random_actions,2,30000,1,reference,panel_1,1141032,ba2c8384b57ef5ee61eed0ca9ac9407f56cc9292e7fcca288dbae20ff88eb704,0,0,32,-0.3200000000000001,0.008800000000000197,8,24,14,11,27,8,1,1.864655049170103,0.0,0,,random_actions,random_actions:panel_1:2:1141032:0
shared,shared,random_actions,2,30000,1,reference,panel_1,1141032,ba2c8384b57ef5ee61eed0ca9ac9407f56cc9292e7fcca288dbae20ff88eb704,1,0,32,-0.3200000000000001,-0.03319999999999981,10,22,9,14,27,9,1,1.9032287121121034,0.0,0,,random_actions,random_actions:panel_1:2:1141032:1
shared,shared,random_actions,2,30000,1,reference,panel_1,1141033,3a4938fb7d12379dc1b5bbbaf2b0fad9b93453937fc34e360fd107332c3397b9,0,0,32,-0.3200000000000001,0.2084000000000002,22,10,8,3,27,4,1,1.6937040214131023,0.0,0,,random_actions,random_actions:panel_1:2:1141033:0
shared,shared,random_actions,2,30000,1,reference,panel_1,1141033,3a4938fb7d12379dc1b5bbbaf2b0fad9b93453937fc34e360fd107332c3397b9,1,0,32,-0.3200000000000001,0.19880000000000023,20,12,7,6,26,4,1,1.6720646410526387,0.0,0,,random_actions,random_actions:panel_1:2:1141033:1
shared,shared,random_actions,2,30000,1,reference,panel_1,1141034,3f9a286426f8771a4f6e295e358a53afc85ce52c6d1f0384f4322da28c167dc5,0,1,3,0.97,1.0136,0,3,1,3,3,2,0,0.07820900000000008,0.0,0,,random_actions,random_actions:panel_1:2:1141034:0
shared,shared,random_actions,2,30000,1,reference,panel_1,1141034,3f9a286426f8771a4f6e295e358a53afc85ce52c6d1f0384f4322da28c167dc5,1,1,23,0.7699999999999999,0.8832,4,19,9,11,23,10,0,0.8278031605000016,0.0,0,,random_actions,random_actions:panel_1:2:1141034:1
shared,shared,random_actions,2,30000,1,reference,panel_1,1141035,1a8b884fa4586237390f80895adfa40f91ed022da49e208bd137955330fc6038,0,1,15,0.85,1.0036,6,9,4,6,15,6,0,0.46102419000000106,0.0,0,,random_actions,random_actions:panel_1:2:1141035:0
shared,shared,random_actions,2,30000,1,reference,panel_1,1141035,1a8b884fa4586237390f80895adfa40f91ed022da49e208bd137955330fc6038,1,1,15,0.85,1.0012,2,13,6,8,15,8,0,0.4633704600000009,0.0,0,,random_actions,random_actions:panel_1:2:1141035:1
shared,shared,random_actions,2,30000,1,reference,panel_1,1141036,cc643171d0b814c4384418af84f7106a8d76a136e8b4646fc700d706dfe3948c,0,1,9,0.91,1.0576,4,5,0,6,9,4,0,0.22188115620000037,0.0,0,,random_actions,random_actions:panel_1:2:1141036:0
shared,shared,random_actions,2,30000,1,reference,panel_1,1141036,cc643171d0b814c4384418af84f7106a8d76a136e8b4646fc700d706dfe3948c,1,1,29,0.71,0.9176000000000001,10,19,10,10,29,11,0,0.9813100087280016,0.0,0,,random_actions,random_actions:panel_1:2:1141036:1
shared,shared,random_actions,2,30000,1,reference,panel_1,1141037,76cc357e4d50112a54635c7f16e18113811455cf4050b77cfd2d0cb4bffcac22,0,1,21,0.7899999999999999,0.9592,4,17,9,9,21,10,0,0.6910647681000014,0.0,0,,random_actions,random_actions:panel_1:2:1141037:0
shared,shared,random_actions,2,30000,1,reference,panel_1,1141037,76cc357e4d50112a54635c7f16e18113811455cf4050b77cfd2d0cb4bffcac22,1,1,21,0.7899999999999999,0.9916,8,13,4,10,21,8,0,0.6605215278420014,0.0,0,,random_actions,random_actions:panel_1:2:1141037:1
shared,shared,random_actions,2,30000,1,reference,panel_1,1141038,8ddc148263f097ff9d8b18dae7207cfcafa8a35ca703da5d0279190d78a3eda7,0,1,3,0.97,1.0124,2,1,0,2,3,1,0,0.07940000000000014,0.0,0,,random_actions,random_actions:panel_1:2:1141038:0
shared,shared,random_actions,2,30000,1,reference,panel_1,1141038,8ddc148263f097ff9d8b18dae7207cfcafa8a35ca703da5d0279190d78a3eda7,1,1,15,0.85,0.9224,6,9,5,5,15,5,0,0.5403884600000013,0.0,0,,random_actions,random_actions:panel_1:2:1141038:1
shared,shared,random_actions,2,30000,1,reference,panel_1,1141039,a886ab4a1b2d941e41a2741f6e1f75d5061f4b42a7dfa7d62972b070af3600db,0,1,9,0.91,1.094,1,8,2,7,9,6,0,0.1880289662000002,0.0,0,,random_actions,random_actions:panel_1:2:1141039:0
shared,shared,random_actions,2,30000,1,reference,panel_1,1141039,a886ab4a1b2d941e41a2741f6e1f75d5061f4b42a7dfa7d62972b070af3600db,1,1,14,0.86,1.056,2,12,4,9,14,8,0,0.3805046500000009,0.0,0,,random_actions,random_actions:panel_1:2:1141039:1
shared,shared,random_actions,2,30000,1,reference,panel_1,1141040,b2bc13b9adb7c7845baecdd846cc501c626f13832c9dc1c2bdab708c740a5c5a,0,0,32,-0.3200000000000001,0.006000000000000089,6,26,19,8,30,13,1,1.9386889078420024,0.0,0,,random_actions,random_actions:panel_1:2:1141040:0
shared,shared,random_actions,2,30000,1,reference,panel_1,1141040,b2bc13b9adb7c7845baecdd846cc501c626f13832c9dc1c2bdab708c740a5c5a,1,0,32,-0.3200000000000001,-0.009599999999999914,8,24,14,11,30,12,1,1.955076028099002,0.0,0,,random_actions,random_actions:panel_1:2:1141040:1
shared,shared,random_actions,2,30000,1,reference,panel_1,1141041,f05396fc15beb943b74226032449ccbb022e95db4224c2615ab0c5a00c3c5d93,0,0,32,-0.3200000000000001,-0.07999999999999993,12,20,15,6,30,9,1,2.0187284010000015,0.0,0,,random_actions,random_actions:panel_1:2:1141041:0
shared,shared,random_actions,2,30000,1,reference,panel_1,1141041,f05396fc15beb943b74226032449ccbb022e95db4224c2615ab0c5a00c3c5d93,1,1,27,0.73,0.9232,6,21,12,10,27,12,0,0.912874464300002,0.0,0,,random_actions,random_actions:panel_1:2:1141041:1
shared,shared,random_actions,2,30000,1,reference,panel_1,1141042,088a3e8c0f6b8320720cd992ae5a6967bab74bd2f9862dd899477a65ea08abb8,0,1,25,0.7499999999999999,1.0048000000000001,13,12,5,8,25,8,0,0.7738388741052912,0.0,0,,random_actions,random_actions:panel_1:2:1141042:0
shared,shared,random_actions,2,30000,1,reference,panel_1,1141042,088a3e8c0f6b8320720cd992ae5a6967bab74bd2f9862dd899477a65ea08abb8,1,1,7,0.9299999999999999,1.1056000000000001,1,6,2,5,7,5,0,0.11444211810000005,0.0,0,,random_actions,random_actions:panel_1:2:1141042:1
shared,shared,random_actions,2,30000,1,reference,panel_1,1141043,bcfabcea4b0b2f5ecb159e15b744b057ddcc168de81dc980456ca0d4b04902de,0,0,32,-0.3200000000000001,0.3448000000000003,9,23,17,7,25,9,1,1.5412363052963949,0.0,0,,random_actions,random_actions:panel_1:2:1141043:0
shared,shared,random_actions,2,30000,1,reference,panel_1,1141043,bcfabcea4b0b2f5ecb159e15b744b057ddcc168de81dc980456ca0d4b04902de,1,0,32,-0.3200000000000001,0.3676000000000003,8,24,19,6,23,8,1,1.4798904586546187,0.0,0,,random_actions,random_actions:panel_1:2:1141043:1
shared,shared,random_actions,2,30000,1,reference,panel_1,1141044,867ea61e4abad1e0d1d2e93a0740616449716eac531b8582f2fc27447c27292a,0,0,32,-0.3200000000000001,-0.042399999999999896,22,10,5,6,31,6,1,2.0084088815000003,0.0,0,,random_actions,random_actions:panel_1:2:1141044:0
shared,shared,random_actions,2,30000,1,reference,panel_1,1141044,867ea61e4abad1e0d1d2e93a0740616449716eac531b8582f2fc27447c27292a,1,1,10,0.9,1.0852,4,6,1,6,10,5,0,0.22762392000000042,0.0,0,,random_actions,random_actions:panel_1:2:1141044:1
shared,shared,random_actions,2,30000,1,reference,panel_1,1141045,68a77cc80baf9950d9b6a0cd2f52ed5af5bf6669cb2f8c36048951f4a1febbc2,0,0,32,-0.3200000000000001,-0.0031999999999997586,8,24,13,12,27,8,1,1.8779294096499295,0.0,0,,random_actions,random_actions:panel_1:2:1141045:0
shared,shared,random_actions,2,30000,1,reference,panel_1,1141045,68a77cc80baf9950d9b6a0cd2f52ed5af5bf6669cb2f8c36048951f4a1febbc2,1,0,32,-0.3200000000000001,0.016000000000000347,6,26,19,8,27,9,1,1.8603693294715966,0.0,0,,random_actions,random_actions:panel_1:2:1141045:1
shared,shared,random_actions,2,30000,1,reference,panel_1,1141046,e22e38f13e13a6015eb5d03323b5c1b89ea83b73f6420dcdad9485499410f43e,0,1,31,0.69,0.9784000000000002,9,22,13,10,31,13,0,0.9865492026420011,0.0,0,,random_actions,random_actions:panel_1:2:1141046:0
shared,shared,random_actions,2,30000,1,reference,panel_1,1141046,e22e38f13e13a6015eb5d03323b5c1b89ea83b73f6420dcdad9485499410f43e,1,1,7,0.9299999999999999,1.114,1,6,0,7,7,5,0,0.10652536721400019,0.0,0,,random_actions,random_actions:panel_1:2:1141046:1
shared,shared,random_actions,2,30000,1,reference,panel_1,1141047,009ed0535427c334ecef8fecedc76e0a199a535698381e93760d9ad8682826cb,0,0,32,-0.3200000000000001,-0.08959999999999989,9,23,14,10,29,10,1,2.000195316828002,0.0,0,,random_actions,random_actions:panel_1:2:1141047:0
shared,shared,random_actions,2,30000,1,reference,panel_1,1141047,009ed0535427c334ecef8fecedc76e0a199a535698381e93760d9ad8682826cb,1,0,32,-0.3200000000000001,-0.09079999999999992,11,21,13,9,29,9,1,2.0015932578420017,0.0,0,,random_actions,random_actions:panel_1:2:1141047:1
shared,shared,random_actions,2,30000,1,reference,panel_1,1141048,b51e9da9f52dc0f14a23f3d9911af35883057b018a39d1b44f9b28e10191ffe3,0,1,11,0.89,0.9844,7,4,2,3,11,3,0,0.3549180000000006,0.0,0,,random_actions,random_actions:panel_1:2:1141048:0
shared,shared,random_actions,2,30000,1,reference,panel_1,1141048,b51e9da9f52dc0f14a23f3d9911af35883057b018a39d1b44f9b28e10191ffe3,1,1,9,0.91,1.0032,5,4,1,4,9,3,0,0.27432700000000054,0.0,0,,random_actions,random_actions:panel_1:2:1141048:1
shared,shared,random_actions,2,30000,1,reference,panel_1,1141049,a2617cc0d239759351c9094411b04ffc3f94116e83666e05cc51f40291daeb9d,0,0,32,-0.3200000000000001,0.03680000000000011,11,21,12,10,26,7,1,1.82493534287774,0.0,0,,random_actions,random_actions:panel_1:2:1141049:0
shared,shared,random_actions,2,30000,1,reference,panel_1,1141049,a2617cc0d239759351c9094411b04ffc3f94116e83666e05cc51f40291daeb9d,1,0,32,-0.3200000000000001,-0.01599999999999986,10,22,15,8,29,9,1,1.9321198554255812,0.0,0,,random_actions,random_actions:panel_1:2:1141049:1
shared,shared,random_actions,2,30000,1,reference,panel_1,1141050,67b820800611f56c1bdf185530c6696d225e8838ff0b5595d54bebccf5b7ed38,0,1,16,0.84,1.0828000000000002,6,10,4,7,16,7,0,0.4186229532801605,0.0,0,,random_actions,random_actions:panel_1:2:1141050:0
shared,shared,random_actions,2,30000,1,reference,panel_1,1141050,67b820800611f56c1bdf185530c6696d225e8838ff0b5595d54bebccf5b7ed38,1,1,20,0.7999999999999999,1.0284,6,14,6,9,20,9,0,0.5949502052482912,0.0,0,,random_actions,random_actions:panel_1:2:1141050:1
shared,shared,random_actions,2,30000,1,reference,panel_1,1141051,2be69b8da539fa8bde3e9b8e92cf1f3e2c839d92129615671eccab2422aedcc6,0,1,3,0.97,1.0936,0,3,0,4,3,3,0,0.0,0.0,0,,random_actions,random_actions:panel_1:2:1141051:0
shared,shared,random_actions,2,30000,1,reference,panel_1,1141051,2be69b8da539fa8bde3e9b8e92cf1f3e2c839d92129615671eccab2422aedcc6,1,0,32,-0.3200000000000001,-0.07879999999999993,2,30,19,12,29,13,1,1.9899607458115816,0.0,0,,random_actions,random_actions:panel_1:2:1141051:1
shared,shared,random_actions,2,30000,1,reference,panel_1,1141052,05f5556d931fde6433fa86570f6aaea8cf10919b3374429dec56e8593076769c,0,0,32,-0.3200000000000001,0.04240000000000009,16,16,8,9,31,9,1,1.934072325554581,0.0,0,,random_actions,random_actions:panel_1:2:1141052:0
shared,shared,random_actions,2,30000,1,reference,panel_1,1141052,05f5556d931fde6433fa86570f6aaea8cf10919b3374429dec56e8593076769c,1,0,32,-0.3200000000000001,0.10960000000000013,16,16,11,6,30,8,1,1.8453402240767693,0.0,0,,random_actions,random_actions:panel_1:2:1141052:1
shared,shared,random_actions,2,30000,1,reference,panel_1,1141053,2592f7acfec105ca05fe99e6fed38191c41f47ab19b8a0f0cf4bf1d12d9b0dd2,0,0,32,-0.3200000000000001,0.01160000000000011,9,23,12,12,27,9,1,1.8607829019410302,0.0,0,,random_actions,random_actions:panel_1:2:1141053:0
shared,shared,random_actions,2,30000,1,reference,panel_1,1141053,2592f7acfec105ca05fe99e6fed38191c41f47ab19b8a0f0cf4bf1d12d9b0dd2,1,0,32,-0.3200000000000001,0.04760000000000025,7,25,19,7,27,10,1,1.8303340008985527,0.0,0,,random_actions,random_actions:panel_1:2:1141053:1
shared,shared,random_actions,2,30000,1,reference,panel_1,1141054,fccb4060e6043a029a64acb7d6b4aab6becbad49512043a786978d6ff0faf3db,0,0,32,-0.3200000000000001,0.11120000000000008,11,21,12,10,32,13,1,1.9027983320466104,0.0,0,,random_actions,random_actions:panel_1:2:1141054:0
shared,shared,random_actions,2,30000,1,reference,panel_1,1141054,fccb4060e6043a029a64acb7d6b4aab6becbad49512043a786978d6ff0faf3db,1,0,32,-0.3200000000000001,0.1868000000000002,16,16,9,8,29,9,1,1.7559208863404652,0.0,0,,random_actions,random_actions:panel_1:2:1141054:1
shared,shared,random_actions,2,30000,1,reference,panel_1,1141055,837e8bf88514153bd0e1e2ab4729b8339bb4697cb1586872da57b4e00d24306f,0,1,15,0.85,1.098,4,11,6,6,15,8,0,0.37395222177100085,0.0,0,,random_actions,random_actions:panel_1:2:1141055:0
shared,shared,random_actions,2,30000,1,reference,panel_1,1141055,837e8bf88514153bd0e1e2ab4729b8339bb4697cb1586872da57b4e00d24306f,1,0,32,-0.3200000000000001,-0.005999999999999915,11,21,14,8,32,12,1,2.0048981059420017,0.0,0,,random_actions,random_actions:panel_1:2:1141055:1
shared,shared,random_actions,2,30000,1,reference,panel_1,1141056,cecb7135802e7ddb29448d388faa34f9b8423b573fc68d652c193435d22f2089,0,0,32,-0.3200000000000001,-0.17279999999999995,15,17,11,7,31,8,1,2.1324874600000028,0.0,0,,random_actions,random_actions:panel_1:2:1141056:0
shared,shared,random_actions,2,30000,1,reference,panel_1,1141056,cecb7135802e7ddb29448d388faa34f9b8423b573fc68d652c193435d22f2089,1,1,13,0.87,0.9824,3,10,2,9,13,6,0,0.41904830810000104,0.0,0,,random_actions,random_actions:panel_1:2:1141056:1
shared,shared,random_actions,2,30000,1,reference,panel_1,1141057,98575f120bbccb2ad8902d8e83e926175855bb3e85fb5a1a1a8574a5341ab9e1,0,1,4,0.96,1.0472000000000001,0,4,1,4,4,3,0,0.07586273000000021,0.0,0,,random_actions,random_actions:panel_1:2:1141057:0
shared,shared,random_actions,2,30000,1,reference,panel_1,1141057,98575f120bbccb2ad8902d8e83e926175855bb3e85fb5a1a1a8574a5341ab9e1,1,0,32,-0.3200000000000001,-0.06599999999999989,5,27,17,11,28,10,1,1.955161417258871,0.0,0,,random_actions,random_actions:panel_1:2:1141057:1
shared,shared,random_actions,2,30000,1,reference,panel_1,1141059,61df0b0864bfda909c132eec3e3797cfc28c403eb6fbfc726eff541c72e2e324,0,1,4,0.96,1.0448,0,4,0,5,4,3,0,0.07820900000000008,0.0,0,,random_actions,random_actions:panel_1:2:1141059:0
shared,shared,random_actions,2,30000,1,reference,panel_1,1141059,61df0b0864bfda909c132eec3e3797cfc28c403eb6fbfc726eff541c72e2e324,1,0,32,-0.3200000000000001,-0.14279999999999993,9,23,17,7,31,11,1,2.103564620500003,0.0,0,,random_actions,random_actions:panel_1:2:1141059:1
shared,shared,random_actions,2,30000,1,reference,panel_1,1141060,c7321739484e3f62ccb9febe3b0bf5fc25c5cdefd7cb342f50c23b5e174ceeaa,0,0,32,-0.3200000000000001,-0.11559999999999987,11,21,15,7,27,7,1,1.9830449812511612,0.0,0,,random_actions,random_actions:panel_1:2:1141060:0
shared,shared,random_actions,2,30000,1,reference,panel_1,1141060,c7321739484e3f62ccb9febe3b0bf5fc25c5cdefd7cb342f50c23b5e174ceeaa,1,1,1,0.99,1.03,0,1,0,2,1,1,0,0.0,0.0,0,,random_actions,random_actions:panel_1:2:1141060:1
shared,shared,random_actions,2,30000,1,reference,panel_1,1141061,7b31fa6e2559c54ef5ef2a6f8ce84a22ce65d88f67184bebede16a6ca7cdea73,0,0,32,-0.3200000000000001,-0.11359999999999996,6,26,19,8,31,13,1,2.076752312400002,0.0,0,,random_actions,random_actions:panel_1:2:1141061:0
shared,shared,random_actions,2,30000,1,reference,panel_1,1141061,7b31fa6e2559c54ef5ef2a6f8ce84a22ce65d88f67184bebede16a6ca7cdea73,1,1,19,0.8099999999999999,0.9744,6,13,8,6,19,8,0,0.6139406500000013,0.0,0,,random_actions,random_actions:panel_1:2:1141061:1
shared,shared,random_actions,2,30000,1,reference,panel_1,1141062,b873b10588783e5dcb3fb6e4ff034673f82ebdb1058471de0f422d7725cfe8dc,0,0,32,-0.3200000000000001,0.028800000000000103,7,25,11,15,30,12,1,1.920766617922785,0.0,0,,random_actions,random_actions:panel_1:2:1141062:0
shared,shared,random_actions,2,30000,1,reference,panel_1,1141062,b873b10588783e5dcb3fb6e4ff034673f82ebdb1058471de0f422d7725cfe8dc,1,1,25,0.7499999999999999,1.0256,6,19,10,10,25,12,0,0.7555754353772915,0.0,0,,random_actions,random_actions:panel_1:2:1141062:1
shared,shared,random_actions,2,30000,1,reference,panel_1,1141063,b2a22f644b0d52136ab6e2304d2f4130b28beebdd838a682b1f2540714da05be,0,0,32,-0.3200000000000001,0.21120000000000022,13,19,12,8,28,9,1,1.7047788274926639,0.0,0,,random_actions,random_actions:panel_1:2:1141063:0
shared,shared,random_actions,2,30000,1,reference,panel_1,1141063,b2a22f644b0d52136ab6e2304d2f4130b28beebdd838a682b1f2540714da05be,1,0,32,-0.3200000000000001,0.21360000000000023,15,17,9,9,30,10,1,1.7563256911609681,0.0,0,,random_actions,random_actions:panel_1:2:1141063:1
shared,shared,random_actions,2,30000,1,reference,panel_1,1141064,fdcd13e42f379170822f5c923778147281017ced29c2346c6d9d55e68d0793d9,0,0,32,-0.3200000000000001,0.012000000000000108,7,25,15,11,30,12,1,1.9327098079570013,0.0,0,,random_actions,random_actions:panel_1:2:1141064:0
shared,shared,random_actions,2,30000,1,reference,panel_1,1141064,fdcd13e42f379170822f5c923778147281017ced29c2346c6d9d55e68d0793d9,1,0,32,-0.3200000000000001,0.06480000000000016,8,24,16,9,28,10,1,1.82919553155019,0.0,0,,random_actions,random_actions:panel_1:2:1141064:1
shared,shared,random_actions,2,30000,1,reference,panel_1,1141065,95ab41a4136c6beea99ad7a6baf3e5b7eafacf321cc2a61d23a6aa8f2f3c3a88,0,0,32,-0.3200000000000001,-0.15239999999999992,10,22,14,9,31,11,1,2.113262759614002,0.0,0,,random_actions,random_actions:panel_1:2:1141065:0
shared,shared,random_actions,2,30000,1,reference,panel_1,1141065,95ab41a4136c6beea99ad7a6baf3e5b7eafacf321cc2a61d23a6aa8f2f3c3a88,1,0,32,-0.3200000000000001,-0.1031999999999999,9,23,15,9,28,9,1,1.9906247935912917,0.0,0,,random_actions,random_actions:panel_1:2:1141065:1
shared,shared,random_actions,2,30000,1,reference,panel_1,1141066,caf65d535bd9a3fd8d8001dfa8bb14926adcfeb9d17ec55a633b682238f820e9,0,0,32,-0.3200000000000001,-0.11039999999999983,14,18,8,11,27,7,1,1.9778274187912919,0.0,0,,random_actions,random_actions:panel_1:2:1141066:0
shared,shared,random_actions,2,30000,1,reference,panel_1,1141066,caf65d535bd9a3fd8d8001dfa8bb14926adcfeb9d17ec55a633b682238f820e9,1,0,32,-0.3200000000000001,-0.11880000000000002,5,27,17,11,30,12,1,2.055571973974872,0.0,0,,random_actions,random_actions:panel_1:2:1141066:1
shared,shared,shortest_path,0,30000,1,reference,panel_1,1141000,5deab250e6608143333ce42bee7cf5bec0d4ac107b6af9944dfb3ffced413dc5,0,1,3,0.97,1.0936,0,3,0,4,3,3,0,0.0,0.0,0,,shortest_path,shortest_path:panel_1:0:1141000:0
shared,shared,shortest_path,0,30000,1,reference,panel_1,1141001,4ddf4082c04712e9806470b5e075da0abd97073afb5c0e861b1a73bdc1de8162,0,1,6,0.94,1.198,0,6,0,7,6,6,0,0.0,0.0,0,,shortest_path,shortest_path:panel_1:0:1141001:0
shared,shared,shortest_path,0,30000,1,reference,panel_1,1141003,eb7dbfdcd9fc32516b7e7b9adeea9986ad356988ec394ef971537a3794a060d8,0,1,8,0.9199999999999999,1.2736,0,8,0,9,8,8,0,0.0,0.0,0,,shortest_path,shortest_path:panel_1:0:1141003:0
shared,shared,shortest_path,0,30000,1,reference,panel_1,1141004,baef19db3a9395327f0592da62a62f4d4d25ad4ef95b0bcbc1499c84bab0a2e9,0,1,5,0.95,1.162,0,5,0,6,5,5,0,0.0,0.0,0,,shortest_path,shortest_path:panel_1:0:1141004:0
shared,shared,shortest_path,0,30000,1,reference,panel_1,1141005,e1eac101407b161a975477484ca0f5f0782cfd620b11aaa55510a64141fdf2a3,0,1,4,0.96,1.1272,0,4,0,5,4,4,0,0.0,0.0,0,,shortest_path,shortest_path:panel_1:0:1141005:0
shared,shared,shortest_path,0,30000,1,reference,panel_1,1141006,1a166505fe6fd2bed9d5b1095107d282bb6ecd7613f37eb73d89a6d19b88c788,0,1,1,0.99,1.03,0,1,0,2,1,1,0,0.0,0.0,0,,shortest_path,shortest_path:panel_1:0:1141006:0
shared,shared,shortest_path,0,30000,1,reference,panel_1,1141008,3d7982fcce59ea71f612576510ef7a48d5e51b90dc8e1cc3003e87f7ca09b47e,0,1,5,0.95,1.162,0,5,0,6,5,5,0,0.0,0.0,0,,shortest_path,shortest_path:panel_1:0:1141008:0
shared,shared,shortest_path,0,30000,1,reference,panel_1,1141009,75a7ad9f984f600a7240e70f37ab3a8198a3bcc774c28eee6f4b5d9164f2e773,0,1,5,0.95,1.162,0,5,0,6,5,5,0,0.0,0.0,0,,shortest_path,shortest_path:panel_1:0:1141009:0
shared,shared,shortest_path,0,30000,1,reference,panel_1,1141010,cd7120e733ead88ff25a4aadce914abe41d3130b82494a8765e1fa277d360aee,0,1,6,0.94,1.198,0,6,0,7,6,6,0,0.0,0.0,0,,shortest_path,shortest_path:panel_1:0:1141010:0
shared,shared,shortest_path,0,30000,1,reference,panel_1,1141011,ef81364767373afaedc5ae35427724abd9a791622566d0ff72a28a2614fbf9d8,0,1,1,0.99,1.03,0,1,0,2,1,1,0,0.0,0.0,0,,shortest_path,shortest_path:panel_1:0:1141011:0
shared,shared,shortest_path,0,30000,1,reference,panel_1,1141012,ec817cc0808f74fcb313fd0b53fabe6978669cdbc611fe80a56d80bd08587b29,0,1,6,0.94,1.198,0,6,0,7,6,6,0,0.0,0.0,0,,shortest_path,shortest_path:panel_1:0:1141012:0
shared,shared,shortest_path,0,30000,1,reference,panel_1,1141013,d3965546233e39a74a3fa16237340c155b1b38e92b8b1af96babc8bce9c83ca1,0,1,3,0.97,1.0936,0,3,0,4,3,3,0,0.0,0.0,0,,shortest_path,shortest_path:panel_1:0:1141013:0
shared,shared,shortest_path,0,30000,1,reference,panel_1,1141014,1ab25dae77ffaaa9cd1a9126e9658b994579e76caf562683eef93bbc410cb272,0,1,2,0.98,1.0612,0,2,0,3,2,2,0,0.0,0.0,0,,shortest_path,shortest_path:panel_1:0:1141014:0
shared,shared,shortest_path,0,30000,1,reference,panel_1,1141015,74fdd0f8c6f739e475e6cc3bcf9c1affb6cc114a41529ed7788d146c485ab6e3,0,1,3,0.97,1.0936,0,3,0,4,3,3,0,0.0,0.0,0,,shortest_path,shortest_path:panel_1:0:1141015:0
shared,shared,shortest_path,0,30000,1,reference,panel_1,1141016,289f2d5cfb2c44750ac0756092344cc4cc504f6d7dd2a3cacf9b29c4c94d64e3,0,1,4,0.96,1.1272,0,4,0,5,4,4,0,0.0,0.0,0,,shortest_path,shortest_path:panel_1:0:1141016:0
shared,shared,shortest_path,0,30000,1,reference,panel_1,1141017,c9bf93d1c68ff6c7e3965f0a4bc6e2482b4dcc8c514e7bd8cdf925065edf58a6,0,1,5,0.95,1.162,0,5,0,6,5,5,0,0.0,0.0,0,,shortest_path,shortest_path:panel_1:0:1141017:0
shared,shared,shortest_path,0,30000,1,reference,panel_1,1141018,e227cdb98e266e91c39677a5aebaf6fc84af426b2da65568afdeef6c9a551c9e,0,1,6,0.94,1.198,0,6,0,7,6,6,0,0.0,0.0,0,,shortest_path,shortest_path:panel_1:0:1141018:0
shared,shared,shortest_path,0,30000,1,reference,panel_1,1141019,5203c0d51bca6ccee78957104eedddb52443684deab154ec2d6350b05231d9ec,0,1,5,0.95,1.162,0,5,0,6,5,5,0,0.0,0.0,0,,shortest_path,shortest_path:panel_1:0:1141019:0
shared,shared,shortest_path,0,30000,1,reference,panel_1,1141020,46c7dab1cce347d44d26148dd719d5e7c6a295b4febb3c7dcc7d0be3e64a3072,0,1,6,0.94,1.198,0,6,0,7,6,6,0,0.0,0.0,0,,shortest_path,shortest_path:panel_1:0:1141020:0
shared,shared,shortest_path,0,30000,1,reference,panel_1,1141021,350d7a481b2b029ff15902f21428dbf41896adb1050946120ca543727e912495,0,1,4,0.96,1.1272,0,4,0,5,4,4,0,0.0,0.0,0,,shortest_path,shortest_path:panel_1:0:1141021:0
shared,shared,shortest_path,0,30000,1,reference,panel_1,1141022,5064ec795fa4980689929dc90e8ae882e073994bccedcb2bcf3e62ba1252e725,0,1,2,0.98,1.0612,0,2,0,3,2,2,0,0.0,0.0,0,,shortest_path,shortest_path:panel_1:0:1141022:0
shared,shared,shortest_path,0,30000,1,reference,panel_1,1141023,760a1401d61468b8a3285960dbbbcd251fb5959be8a337c2b3a1913c7430c784,0,1,5,0.95,1.162,0,5,0,6,5,5,0,0.0,0.0,0,,shortest_path,shortest_path:panel_1:0:1141023:0
shared,shared,shortest_path,0,30000,1,reference,panel_1,1141024,ef387b1b83185496aeaeef440a4c5a6813e936fa4969f9a3048e0376f8008099,0,1,2,0.98,1.0612,0,2,0,3,2,2,0,0.0,0.0,0,,shortest_path,shortest_path:panel_1:0:1141024:0
shared,shared,shortest_path,0,30000,1,reference,panel_1,1141025,fa765e8ece096293d001ee3808b885b9fa3d75364f534b5a2b929b18ebd86579,0,1,2,0.98,1.0612,0,2,0,3,2,2,0,0.0,0.0,0,,shortest_path,shortest_path:panel_1:0:1141025:0
shared,shared,shortest_path,0,30000,1,reference,panel_1,1141026,685e511878c2db384da9f769f43c5a98364a684f60efc69335a3a315bff5aa99,0,1,4,0.96,1.1272,0,4,0,5,4,4,0,0.0,0.0,0,,shortest_path,shortest_path:panel_1:0:1141026:0
shared,shared,shortest_path,0,30000,1,reference,panel_1,1141027,d95364ce6b35dde0638fd69fb8b7d46a23839b999adeb2dc4e432393b5988ef2,0,1,1,0.99,1.03,0,1,0,2,1,1,0,0.0,0.0,0,,shortest_path,shortest_path:panel_1:0:1141027:0
shared,shared,shortest_path,0,30000,1,reference,panel_1,1141028,26707f08a99d56c2e805efbcaca7af551d295e391a64db041af95e4aee020f1b,0,1,1,0.99,1.03,0,1,0,2,1,1,0,0.0,0.0,0,,shortest_path,shortest_path:panel_1:0:1141028:0
shared,shared,shortest_path,0,30000,1,reference,panel_1,1141029,807823957e2676bc40c356ad5de01cd5b72733f4eee50bf4f9bad69e2acfad57,0,1,1,0.99,1.03,0,1,0,2,1,1,0,0.0,0.0,0,,shortest_path,shortest_path:panel_1:0:1141029:0
shared,shared,shortest_path,0,30000,1,reference,panel_1,1141030,7d8fb0b92bfbe758bca641325314942dcab9caa6bdd8fa9306d7dc919ac6ff95,0,1,6,0.94,1.198,0,6,0,7,6,6,0,0.0,0.0,0,,shortest_path,shortest_path:panel_1:0:1141030:0
shared,shared,shortest_path,0,30000,1,reference,panel_1,1141031,61d2038f44021f4a7f0fe25a7847933f65c87275fb1d7a4426d58fedacc581c1,0,1,5,0.95,1.162,0,5,0,6,5,5,0,0.0,0.0,0,,shortest_path,shortest_path:panel_1:0:1141031:0
shared,shared,shortest_path,0,30000,1,reference,panel_1,1141032,ba2c8384b57ef5ee61eed0ca9ac9407f56cc9292e7fcca288dbae20ff88eb704,0,1,3,0.97,1.0936,0,3,0,4,3,3,0,0.0,0.0,0,,shortest_path,shortest_path:panel_1:0:1141032:0
shared,shared,shortest_path,0,30000,1,reference,panel_1,1141033,3a4938fb7d12379dc1b5bbbaf2b0fad9b93453937fc34e360fd107332c3397b9,0,1,7,0.9299999999999999,1.2352,0,7,0,8,7,7,0,0.0,0.0,0,,shortest_path,shortest_path:panel_1:0:1141033:0
shared,shared,shortest_path,0,30000,1,reference,panel_1,1141034,3f9a286426f8771a4f6e295e358a53afc85ce52c6d1f0384f4322da28c167dc5,0,1,1,0.99,1.03,0,1,0,2,1,1,0,0.0,0.0,0,,shortest_path,shortest_path:panel_1:0:1141034:0
shared,shared,shortest_path,0,30000,1,reference,panel_1,1141035,1a8b884fa4586237390f80895adfa40f91ed022da49e208bd137955330fc6038,0,1,3,0.97,1.0936,0,3,0,4,3,3,0,0.0,0.0,0,,shortest_path,shortest_path:panel_1:0:1141035:0
shared,shared,shortest_path,0,30000,1,reference,panel_1,1141036,cc643171d0b814c4384418af84f7106a8d76a136e8b4646fc700d706dfe3948c,0,1,3,0.97,1.0936,0,3,0,4,3,3,0,0.0,0.0,0,,shortest_path,shortest_path:panel_1:0:1141036:0
shared,shared,shortest_path,0,30000,1,reference,panel_1,1141037,76cc357e4d50112a54635c7f16e18113811455cf4050b77cfd2d0cb4bffcac22,0,1,3,0.97,1.0936,0,3,0,4,3,3,0,0.0,0.0,0,,shortest_path,shortest_path:panel_1:0:1141037:0
shared,shared,shortest_path,0,30000,1,reference,panel_1,1141038,8ddc148263f097ff9d8b18dae7207cfcafa8a35ca703da5d0279190d78a3eda7,0,1,1,0.99,1.03,0,1,0,2,1,1,0,0.0,0.0,0,,shortest_path,shortest_path:panel_1:0:1141038:0
shared,shared,shortest_path,0,30000,1,reference,panel_1,1141039,a886ab4a1b2d941e41a2741f6e1f75d5061f4b42a7dfa7d62972b070af3600db,0,1,4,0.96,1.1272,0,4,0,5,4,4,0,0.0,0.0,0,,shortest_path,shortest_path:panel_1:0:1141039:0
shared,shared,shortest_path,0,30000,1,reference,panel_1,1141040,b2bc13b9adb7c7845baecdd846cc501c626f13832c9dc1c2bdab708c740a5c5a,0,1,5,0.95,1.162,0,5,0,6,5,5,0,0.0,0.0,0,,shortest_path,shortest_path:panel_1:0:1141040:0
shared,shared,shortest_path,0,30000,1,reference,panel_1,1141041,f05396fc15beb943b74226032449ccbb022e95db4224c2615ab0c5a00c3c5d93,0,1,3,0.97,1.0936,0,3,0,4,3,3,0,0.0,0.0,0,,shortest_path,shortest_path:panel_1:0:1141041:0
shared,shared,shortest_path,0,30000,1,reference,panel_1,1141042,088a3e8c0f6b8320720cd992ae5a6967bab74bd2f9862dd899477a65ea08abb8,0,1,4,0.96,1.1272,0,4,0,5,4,4,0,0.0,0.0,0,,shortest_path,shortest_path:panel_1:0:1141042:0
shared,shared,shortest_path,0,30000,1,reference,panel_1,1141043,bcfabcea4b0b2f5ecb159e15b744b057ddcc168de81dc980456ca0d4b04902de,0,1,9,0.91,1.3132000000000001,0,9,0,10,9,9,0,0.0,0.0,0,,shortest_path,shortest_path:panel_1:0:1141043:0
shared,shared,shortest_path,0,30000,1,reference,panel_1,1141044,867ea61e4abad1e0d1d2e93a0740616449716eac531b8582f2fc27447c27292a,0,1,4,0.96,1.1272,0,4,0,5,4,4,0,0.0,0.0,0,,shortest_path,shortest_path:panel_1:0:1141044:0
shared,shared,shortest_path,0,30000,1,reference,panel_1,1141045,68a77cc80baf9950d9b6a0cd2f52ed5af5bf6669cb2f8c36048951f4a1febbc2,0,1,3,0.97,1.0936,0,3,0,4,3,3,0,0.0,0.0,0,,shortest_path,shortest_path:panel_1:0:1141045:0
shared,shared,shortest_path,0,30000,1,reference,panel_1,1141046,e22e38f13e13a6015eb5d03323b5c1b89ea83b73f6420dcdad9485499410f43e,0,1,4,0.96,1.1272,0,4,0,5,4,4,0,0.0,0.0,0,,shortest_path,shortest_path:panel_1:0:1141046:0
shared,shared,shortest_path,0,30000,1,reference,panel_1,1141047,009ed0535427c334ecef8fecedc76e0a199a535698381e93760d9ad8682826cb,0,1,3,0.97,1.0936,0,3,0,4,3,3,0,0.0,0.0,0,,shortest_path,shortest_path:panel_1:0:1141047:0
shared,shared,shortest_path,0,30000,1,reference,panel_1,1141048,b51e9da9f52dc0f14a23f3d9911af35883057b018a39d1b44f9b28e10191ffe3,0,1,2,0.98,1.0612,0,2,0,3,2,2,0,0.0,0.0,0,,shortest_path,shortest_path:panel_1:0:1141048:0
shared,shared,shortest_path,0,30000,1,reference,panel_1,1141049,a2617cc0d239759351c9094411b04ffc3f94116e83666e05cc51f40291daeb9d,0,1,4,0.96,1.1272,0,4,0,5,4,4,0,0.0,0.0,0,,shortest_path,shortest_path:panel_1:0:1141049:0
shared,shared,shortest_path,0,30000,1,reference,panel_1,1141050,67b820800611f56c1bdf185530c6696d225e8838ff0b5595d54bebccf5b7ed38,0,1,4,0.96,1.1272,0,4,0,5,4,4,0,0.0,0.0,0,,shortest_path,shortest_path:panel_1:0:1141050:0
shared,shared,shortest_path,0,30000,1,reference,panel_1,1141051,2be69b8da539fa8bde3e9b8e92cf1f3e2c839d92129615671eccab2422aedcc6,0,1,3,0.97,1.0936,0,3,0,4,3,3,0,0.0,0.0,0,,shortest_path,shortest_path:panel_1:0:1141051:0
shared,shared,shortest_path,0,30000,1,reference,panel_1,1141052,05f5556d931fde6433fa86570f6aaea8cf10919b3374429dec56e8593076769c,0,1,6,0.94,1.198,0,6,0,7,6,6,0,0.0,0.0,0,,shortest_path,shortest_path:panel_1:0:1141052:0
shared,shared,shortest_path,0,30000,1,reference,panel_1,1141053,2592f7acfec105ca05fe99e6fed38191c41f47ab19b8a0f0cf4bf1d12d9b0dd2,0,1,4,0.96,1.1272,0,4,0,5,4,4,0,0.0,0.0,0,,shortest_path,shortest_path:panel_1:0:1141053:0
shared,shared,shortest_path,0,30000,1,reference,panel_1,1141054,fccb4060e6043a029a64acb7d6b4aab6becbad49512043a786978d6ff0faf3db,0,1,7,0.9299999999999999,1.2352,0,7,0,8,7,7,0,0.0,0.0,0,,shortest_path,shortest_path:panel_1:0:1141054:0
shared,shared,shortest_path,0,30000,1,reference,panel_1,1141055,837e8bf88514153bd0e1e2ab4729b8339bb4697cb1586872da57b4e00d24306f,0,1,5,0.95,1.162,0,5,0,6,5,5,0,0.0,0.0,0,,shortest_path,shortest_path:panel_1:0:1141055:0
shared,shared,shortest_path,0,30000,1,reference,panel_1,1141056,cecb7135802e7ddb29448d388faa34f9b8423b573fc68d652c193435d22f2089,0,1,2,0.98,1.0612,0,2,0,3,2,2,0,0.0,0.0,0,,shortest_path,shortest_path:panel_1:0:1141056:0
shared,shared,shortest_path,0,30000,1,reference,panel_1,1141057,98575f120bbccb2ad8902d8e83e926175855bb3e85fb5a1a1a8574a5341ab9e1,0,1,2,0.98,1.0612,0,2,0,3,2,2,0,0.0,0.0,0,,shortest_path,shortest_path:panel_1:0:1141057:0
shared,shared,shortest_path,0,30000,1,reference,panel_1,1141059,61df0b0864bfda909c132eec3e3797cfc28c403eb6fbfc726eff541c72e2e324,0,1,2,0.98,1.0612,0,2,0,3,2,2,0,0.0,0.0,0,,shortest_path,shortest_path:panel_1:0:1141059:0
shared,shared,shortest_path,0,30000,1,reference,panel_1,1141060,c7321739484e3f62ccb9febe3b0bf5fc25c5cdefd7cb342f50c23b5e174ceeaa,0,1,1,0.99,1.03,0,1,0,2,1,1,0,0.0,0.0,0,,shortest_path,shortest_path:panel_1:0:1141060:0
shared,shared,shortest_path,0,30000,1,reference,panel_1,1141061,7b31fa6e2559c54ef5ef2a6f8ce84a22ce65d88f67184bebede16a6ca7cdea73,0,1,3,0.97,1.0936,0,3,0,4,3,3,0,0.0,0.0,0,,shortest_path,shortest_path:panel_1:0:1141061:0
shared,shared,shortest_path,0,30000,1,reference,panel_1,1141062,b873b10588783e5dcb3fb6e4ff034673f82ebdb1058471de0f422d7725cfe8dc,0,1,5,0.95,1.162,0,5,0,6,5,5,0,0.0,0.0,0,,shortest_path,shortest_path:panel_1:0:1141062:0
shared,shared,shortest_path,0,30000,1,reference,panel_1,1141063,b2a22f644b0d52136ab6e2304d2f4130b28beebdd838a682b1f2540714da05be,0,1,8,0.9199999999999999,1.2736,0,8,0,9,8,8,0,0.0,0.0,0,,shortest_path,shortest_path:panel_1:0:1141063:0
shared,shared,shortest_path,0,30000,1,reference,panel_1,1141064,fdcd13e42f379170822f5c923778147281017ced29c2346c6d9d55e68d0793d9,0,1,5,0.95,1.162,0,5,0,6,5,5,0,0.0,0.0,0,,shortest_path,shortest_path:panel_1:0:1141064:0
shared,shared,shortest_path,0,30000,1,reference,panel_1,1141065,95ab41a4136c6beea99ad7a6baf3e5b7eafacf321cc2a61d23a6aa8f2f3c3a88,0,1,2,0.98,1.0612,0,2,0,3,2,2,0,0.0,0.0,0,,shortest_path,shortest_path:panel_1:0:1141065:0
shared,shared,shortest_path,0,30000,1,reference,panel_1,1141066,caf65d535bd9a3fd8d8001dfa8bb14926adcfeb9d17ec55a633b682238f820e9,0,1,2,0.98,1.0612,0,2,0,3,2,2,0,0.0,0.0,0,,shortest_path,shortest_path:panel_1:0:1141066:0
shared,shared,random_actions,0,30000,1,reference,panel_2,1142000,3b44199a91cebe57885979656801de83cd337400c224c9484d28155a50f26af5,0,0,32,-0.3200000000000001,-0.17399999999999993,11,21,14,8,31,10,1,2.134869460000002,0.0,0,,random_actions,random_actions:panel_2:0:1142000:0
shared,shared,random_actions,0,30000,1,reference,panel_2,1142000,3b44199a91cebe57885979656801de83cd337400c224c9484d28155a50f26af5,1,1,4,0.96,1.046,2,2,0,3,4,2,0,0.07701800000000025,0.0,0,,random_actions,random_actions:panel_2:0:1142000:1
shared,shared,random_actions,0,30000,1,reference,panel_2,1142001,2fb5cc5a7185aea65ce7270a9a1caab7eaa29bf3855d87f40701cf7b084b263e,0,0,32,-0.3200000000000001,0.024400000000000366,13,19,13,7,26,6,1,1.8318968421148134,0.0,0,,random_actions,random_actions:panel_2:0:1142001:0
shared,shared,random_actions,0,30000,1,reference,panel_2,1142001,2fb5cc5a7185aea65ce7270a9a1caab7eaa29bf3855d87f40701cf7b084b263e,1,0,32,-0.3200000000000001,-0.02479999999999985,10,22,14,9,28,9,1,1.915955823610204,0.0,0,,random_actions,random_actions:panel_2:0:1142001:1
shared,shared,random_actions,0,30000,1,reference,panel_2,1142002,b1ec73aa6771a9d4edd35faaf8ced9c8653cac69c82a47a5ec9f2fd215d47680,0,1,17,0.83,1.0392000000000001,5,12,4,9,17,8,0,0.490533668857001,0.0,0,,random_actions,random_actions:panel_2:0:1142002:0
shared,shared,random_actions,0,30000,1,reference,panel_2,1142002,b1ec73aa6771a9d4edd35faaf8ced9c8653cac69c82a47a5ec9f2fd215d47680,1,1,28,0.72,0.9880000000000001,6,22,12,11,28,13,0,0.8834203292280012,0.0,0,,random_actions,random_actions:panel_2:0:1142002:1
shared,shared,random_actions,0,30000,1,reference,panel_2,1142003,bb33f68e20a8ade13bdeb341ae2d0b6345900edb66010da696677117b1951980,0,1,27,0.73,0.8312,6,21,15,7,27,11,0,1.0026751100000018,0.0,0,,random_actions,random_actions:panel_2:0:1142003:0
shared,shared,random_actions,0,30000,1,reference,panel_2,1142003,bb33f68e20a8ade13bdeb341ae2d0b6345900edb66010da696677117b1951980,1,1,1,0.99,1.03,0,1,0,2,1,1,0,0.0,0.0,0,,random_actions,random_actions:panel_2:0:1142003:1
shared,shared,random_actions,0,30000,1,reference,panel_2,1142004,d36d3f0f696592d60b51fe274907ad7c349060461283584f1c55fb34e8bca1da,0,0,32,-0.3200000000000001,-0.04479999999999994,8,24,15,10,31,12,1,2.0116289012570023,0.0,0,,random_actions,random_actions:panel_2:0:1142004:0
shared,shared,random_actions,0,30000,1,reference,panel_2,1142004,d36d3f0f696592d60b51fe274907ad7c349060461283584f1c55fb34e8bca1da,1,0,32,-0.3200000000000001,0.02000000000000013,14,18,12,7,29,8,1,1.901441585483031,0.0,0,,random_actions,random_actions:panel_2:0:1142004:1
shared,shared,random_actions,0,30000,1,reference,panel_2,1142005,d75767af4359bb829d28fdaa5ee472baaafd296d00835c06e3cfbe25f7d65197,0,0,32,-0.3200000000000001,-0.0979999999999999,11,21,12,10,30,9,1,2.035213160628002,0.0,0,,random_actions,random_actions:panel_2:0:1142005:0
shared,shared,random_actions,0,30000,1,reference,panel_2,1142005,d75767af4359bb829d28fdaa5ee472baaafd296d00835c06e3cfbe25f7d65197,1,0,32,-0.3200000000000001,-0.04039999999999987,10,22,13,10,31,11,1,2.0079824235878707,0.0,0,,random_actions,random_actions:panel_2:0:1142005:1
shared,shared,random_actions,0,30000,1,reference,panel_2,1142006,9fa47791851cb7497fea63d28c09c36acefb326942a81e9c6bcbacd8235fb966,0,0,32,-0.3200000000000001,-0.18880000000000002,3,29,22,8,31,13,1,2.1502687724000022,0.0,0,,random_actions,random_actions:panel_2:0:1142006:0
shared,shared,random_actions,0,30000,1,reference,panel_2,1142006,9fa47791851cb7497fea63d28c09c36acefb326942a81e9c6bcbacd8235fb966,1,1,29,0.71,0.8208000000000001,4,25,14,12,29,13,0,1.075105616200002,0.0,0,,random_actions,random_actions:panel_2:0:1142006:1
shared,shared,random_actions,0,30000,1,reference,panel_2,1142007,b0f69b3c1d689e75b59e3e30886bb0c6ee211a7c783b23394c178810343a0ac6,0,0,32,-0.3200000000000001,0.14080000000000018,10,22,15,8,26,9,1,1.7227754261518566,0.0,0,,random_actions,random_actions:panel_2:0:1142007:0
shared,shared,random_actions,0,30000,1,reference,panel_2,1142007,b0f69b3c1d689e75b59e3e30886bb0c6ee211a7c783b23394c178810343a0ac6,1,0,32,-0.3200000000000001,0.07600000000000014,7,25,16,10,29,12,1,1.8512258275618416,0.0,0,,random_actions,random_actions:panel_2:0:1142007:1
shared,shared,random_actions,0,30000,1,reference,panel_2,1142008,0d165eab1f7b761702aff7730d01d65748ee6919c6cd58f50247be81969772f1,0,0,32,-0.3200000000000001,-0.011199999999999793,8,24,13,12,29,11,1,1.9287254099192914,0.0,0,,random_actions,random_actions:panel_2:0:1142008:0
shared,shared,random_actions,0,30000,1,reference,panel_2,1142008,0d165eab1f7b761702aff7730d01d65748ee6919c6cd58f50247be81969772f1,1,0,32,-0.3200000000000001,-0.002799999999999872,16,16,10,7,30,8,1,1.946049325114147,0.0,0,,random_actions,random_actions:panel_2:0:1142008:1
shared,shared,random_actions,0,30000,1,reference,panel_2,1142009,78201b98aa900e570c4525ffd496ffe418d8a2c63ce653595432eac1ef571b2e,0,0,32,-0.3200000000000001,-0.12719999999999998,5,27,18,10,29,11,1,2.0394078631570025,0.0,0,,random_actions,random_actions:panel_2:0:1142009:0
shared,shared,random_actions,0,30000,1,reference,panel_2,1142009,78201b98aa900e570c4525ffd496ffe418d8a2c63ce653595432eac1ef571b2e,1,0,32,-0.3200000000000001,-0.11999999999999988,11,21,14,8,29,9,1,2.031561500371002,0.0,0,,random_actions,random_actions:panel_2:0:1142009:1
shared,shared,random_actions,0,30000,1,reference,panel_2,1142010,c8907a92ccc2bd0b5aaf7125a33288f3a22098be64ff52ec0e8b7b06a5a44841,0,0,32,-0.3200000000000001,-0.014799999999999897,7,25,14,12,30,12,1,1.9576312046004507,0.0,0,,random_actions,random_actions:panel_2:0:1142010:0
shared,shared,random_actions,0,30000,1,reference,panel_2,1142010,c8907a92ccc2bd0b5aaf7125a33288f3a22098be64ff52ec0e8b7b06a5a44841,1,0,32,-0.3200000000000001,0.0032000000000001194,13,19,11,9,28,8,1,1.890273543155002,0.0,0,,random_actions,random_actions:panel_2:0:1142010:1
shared,shared,random_actions,0,30000,1,reference,panel_2,1142011,e343d98a285e375dd0ec00233f818a4462ff9008ef8800838b84362f29f8d645,0,0,32,-0.3200000000000001,0.20880000000000024,9,23,14,10,26,9,1,1.6685895754167244,0.0,0,,random_actions,random_actions:panel_2:0:1142011:0
shared,shared,random_actions,0,30000,1,reference,panel_2,1142011,e343d98a285e375dd0ec00233f818a4462ff9008ef8800838b84362f29f8d645,1,0,32,-0.3200000000000001,0.26520000000000027,13,19,14,6,26,8,1,1.625943436180226,0.0,0,,random_actions,random_actions:panel_2:0:1142011:1
shared,shared,random_actions,0,30000,1,reference,panel_2,1142012,45d98de6be288ce470a6e48cb544cf287f584ff309e819813e017ef7660d4d7b,0,0,32,-0.3200000000000001,-0.11159999999999985,10,22,14,9,31,10,1,2.075262667391292,0.0,0,,random_actions,random_actions:panel_2:0:1142012:0
shared,shared,random_actions,0,30000,1,reference,panel_2,1142012,45d98de6be288ce470a6e48cb544cf287f584ff309e819813e017ef7660d4d7b,1,1,15,0.85,0.9624,7,8,4,5,15,5,0,0.5006884600000013,0.0,0,,random_actions,random_actions:panel_2:0:1142012:1
shared,shared,random_actions,0,30000,1,reference,panel_2,1142013,0bd9ecdeff4f6914d45dcc4bb79d3f0b449c2420931f880a36741fd3b1d0b703,0,1,1,0.99,1.03,0,1,0,2,1,1,0,0.0,0.0,0,,random_actions,random_actions:panel_2:0:1142013:0
shared,shared,random_actions,0,30000,1,reference,panel_2,1142013,0bd9ecdeff4f6914d45dcc4bb79d3f0b449c2420931f880a36741fd3b1d0b703,1,1,15,0.85,0.9440000000000002,6,9,4,6,15,5,0,0.5197647467000005,0.0,0,,random_actions,random_actions:panel_2:0:1142013:1
shared,shared,random_actions,0,30000,1,reference,panel_2,1142014,58fb0efc6f1c2eab7de9c5a248beb2a8976605369282448463140910034d4414,0,0,32,-0.3200000000000001,0.01640000000000013,5,27,17,11,29,12,1,1.8994010944666102,0.0,0,,random_actions,random_actions:panel_2:0:1142014:0
shared,shared,random_actions,0,30000,1,reference,panel_2,1142014,58fb0efc6f1c2eab7de9c5a248beb2a8976605369282448463140910034d4414,1,0,32,-0.3200000000000001,0.04400000000000018,10,22,16,7,28,8,1,1.855138842674089,0.0,0,,random_actions,random_actions:panel_2:0:1142014:1
shared,shared,random_actions,0,30000,1,reference,panel_2,1142015,0b712fdb4eb4aeaf053673f47684b605aed8013c0f497df298e3a0ebe14f62d8,0,0,32,-0.3200000000000001,-0.08479999999999993,11,21,15,7,29,9,1,1.9951939410000012,0.0,0,,random_actions,random_actions:panel_2:0:1142015:0
shared,shared,random_actions,0,30000,1,reference,panel_2,1142015,0b712fdb4eb4aeaf053673f47684b605aed8013c0f497df298e3a0ebe14f62d8,1,0,32,-0.3200000000000001,-0.07159999999999989,10,22,17,6,29,10,1,1.9836390972000018,0.0,0,,random_actions,random_actions:panel_2:0:1142015:1
shared,shared,random_actions,0,30000,1,reference,panel_2,1142016,6829aefd2534d157393c3a103a4c25365805152052b214617df67b1978a2ba8d,0,1,1,0.99,1.03,0,1,0,2,1,1,0,0.0,0.0,0,,random_actions,random_actions:panel_2:0:1142016:0
shared,shared,random_actions,0,30000,1,reference,panel_2,1142016,6829aefd2534d157393c3a103a4c25365805152052b214617df67b1978a2ba8d,1,1,26,0.74,0.8508,11,15,7,9,26,8,0,0.9525755362000021,0.0,0,,random_actions,random_actions:panel_2:0:1142016:1
shared,shared,random_actions,0,30000,1,reference,panel_2,1142017,051be5fdd50735b45e992fe0330039e1f0acd36ed2a4e8aafa81c6e46f8ce098,0,1,1,0.99,1.03,0,1,0,2,1,1,0,0.0,0.0,0,,random_actions,random_actions:panel_2:0:1142017:0
shared,shared,random_actions,0,30000,1,reference,panel_2,1142017,051be5fdd50735b45e992fe0330039e1f0acd36ed2a4e8aafa81c6e46f8ce098,1,0,32,-0.3200000000000001,-0.21039999999999995,18,14,12,3,32,7,1,2.198721650000003,0.0,0,,random_actions,random_actions:panel_2:0:1142017:1
shared,shared,random_actions,0,30000,1,reference,panel_2,1142018,9ea10797233a5593b7e01be930b639f517045a02f7b3bbdc0d8137113c7f16c1,0,0,32,-0.3200000000000001,-0.06399999999999993,12,20,13,8,31,10,1,2.030293982900001,0.0,0,,random_actions,random_actions:panel_2:0:1142018:0
shared,shared,random_actions,0,30000,1,reference,panel_2,1142018,9ea10797233a5593b7e01be930b639f517045a02f7b3bbdc0d8137113c7f16c1,1,1,8,0.9199999999999999,1.0932,2,6,2,5,8,5,0,0.15760900000000022,0.0,0,,random_actions,random_actions:panel_2:0:1142018:1
shared,shared,random_actions,0,30000,1,reference,panel_2,1142019,3244e6855ddd578178b8e81baf2f8755bd20c14103650e40510aefb39dc601b6,0,1,1,0.99,1.03,0,1,0,2,1,1,0,0.0,0.0,0,,random_actions,random_actions:panel_2:0:1142019:0
shared,shared,random_actions,0,30000,1,reference,panel_2,1142019,3244e6855ddd578178b8e81baf2f8755bd20c14103650e40510aefb39dc601b6,1,1,1,0.99,1.03,0,1,0,2,1,1,0,0.0,0.0,0,,random_actions,random_actions:panel_2:0:1142019:1
shared,shared,random_actions,0,30000,1,reference,panel_2,1142020,345002532c25551104d6370845a74acfe9a25d2bc755d81973f278cfc4030fc0,0,0,32,-0.3200000000000001,-0.20079999999999998,17,15,7,9,29,5,1,2.115108426200002,0.0,0,,random_actions,random_actions:panel_2:0:1142020:0
shared,shared,random_actions,0,30000,1,reference,panel_2,1142020,345002532c25551104d6370845a74acfe9a25d2bc755d81973f278cfc4030fc0,1,1,1,0.99,1.03,0,1,0,2,1,1,0,0.0,0.0,0,,random_actions,random_actions:panel_2:0:1142020:1
shared,shared,random_actions,0,30000,1,reference,panel_2,1142021,8306894d1c269474f2030f29987acc9fadc1df7acc7598c2268ea28f82ecd329,0,1,22,0.7799999999999999,0.9612,5,17,10,8,22,10,0,0.7202244181000016,0.0,0,,random_actions,random_actions:panel_2:0:1142021:0
shared,shared,random_actions,0,30000,1,reference,panel_2,1142021,8306894d1c269474f2030f29987acc9fadc1df7acc7598c2268ea28f82ecd329,1,1,27,0.73,0.934,10,17,9,9,27,10,0,0.9026492850570016,0.0,0,,random_actions,random_actions:panel_2:0:1142021:1
shared,shared,random_actions,0,30000,1,reference,panel_2,1142022,a1385e0e806986350cac5bc6479a1bbd074694e95d030f93a35089cb0f48c2c6,0,0,32,-0.3200000000000001,0.08920000000000014,6,26,15,12,29,12,1,1.8426797197411755,0.0,0,,random_actions,random_actions:panel_2:0:1142022:0
shared,shared,random_actions,0,30000,1,reference,panel_2,1142022,a1385e0e806986350cac5bc6479a1bbd074694e95d030f93a35089cb0f48c2c6,1,1,21,0.7899999999999999,1.1452000000000002,11,10,0,11,21,8,0,0.5214813298470586,0.0,0,,random_actions,random_actions:panel_2:0:1142022:1
shared,shared,random_actions,0,30000,1,reference,panel_2,1142023,9a05949e8c14b17acd2c0582d07b76c825bce1714d67be2745467e89dc494fa3,0,1,3,0.97,1.0136,0,3,1,3,3,2,0,0.07820900000000008,0.0,0,,random_actions,random_actions:panel_2:0:1142023:0
shared,shared,random_actions,0,30000,1,reference,panel_2,1142023,9a05949e8c14b17acd2c0582d07b76c825bce1714d67be2745467e89dc494fa3,1,1,5,0.95,0.9972000000000001,0,5,2,4,5,3,0,0.15641800000000017,0.0,0,,random_actions,random_actions:panel_2:0:1142023:1
shared,shared,random_actions,0,30000,1,reference,panel_2,1142024,6a1d247ca48b398dde1c25b6aecae86ae19b0fde83e240bb3b6971c3261f63cf,0,0,32,-0.3200000000000001,1.1102230246251565e-16,19,13,4,10,31,8,1,1.970405226825582,0.0,0,,random_actions,random_actions:panel_2:0:1142024:0
shared,shared,random_actions,0,30000,1,reference,panel_2,1142024,6a1d247ca48b398dde1c25b6aecae86ae19b0fde83e240bb3b6971c3261f63cf,1,0,32,-0.3200000000000001,-0.002399999999999916,15,17,11,7,30,9,1,1.944779388856002,0.0,0,,random_actions,random_actions:panel_2:0:1142024:1
shared,shared,random_actions,0,30000,1,reference,panel_2,1142025,72e7580f2795acd5bb0b623c4a2802ba9dceefd9b8f65aa3939bf72ae65580f3,0,0,32,-0.3200000000000001,-0.07079999999999986,13,19,11,9,29,7,1,1.9928490524585674,0.0,0,,random_actions,random_actions:panel_2:0:1142025:0
shared,shared,random_actions,0,30000,1,reference,panel_2,1142025,72e7580f2795acd5bb0b623c4a2802ba9dceefd9b8f65aa3939bf72ae65580f3,1,1,15,0.85,0.9528000000000001,7,8,5,4,15,5,0,0.5101807300000009,0.0,0,,random_actions,random_actions:panel_2:0:1142025:1
shared,shared,random_actions,0,30000,1,reference,panel_2,1142026,b0192b87de7e77f58e541b87308b93a20e1a542760de413b7e48a8deebe6613b,0,0,32,-0.3200000000000001,-0.10039999999999992,10,22,15,8,30,10,1,2.0347656924000024,0.0,0,,random_actions,random_actions:panel_2:0:1142026:0
shared,shared,random_actions,0,30000,1,reference,panel_2,1142026,b0192b87de7e77f58e541b87308b93a20e1a542760de413b7e48a8deebe6613b,1,0,32,-0.3200000000000001,-0.08479999999999994,9,23,15,9,31,11,1,2.0490897891000017,0.0,0,,random_actions,random_actions:panel_2:0:1142026:1
shared,shared,random_actions,0,30000,1,reference,panel_2,1142027,507c35d0be6eb3ea110c8491e0367173215086d947a0bd462f0963f0c8314a51,0,0,32,-0.3200000000000001,-0.06439999999999986,9,23,10,14,29,10,1,1.9763421608052911,0.0,0,,random_actions,random_actions:panel_2:0:1142027:0
shared,shared,random_actions,0,30000,1,reference,panel_2,1142027,507c35d0be6eb3ea110c8491e0367173215086d947a0bd462f0963f0c8314a51,1,1,9,0.91,1.0564,0,9,4,6,9,6,0,0.22303642620000053,0.0,0,,random_actions,random_actions:panel_2:0:1142027:1
shared,shared,random_actions,0,30000,1,reference,panel_2,1142028,70c953c00cd721b61f10ce5ada9af6f392181042f73064af5d9ac36a32db4238,0,0,32,-0.3200000000000001,-0.025599999999999803,20,12,7,6,29,5,1,1.9395963539000003,0.0,0,,random_actions,random_actions:panel_2:0:1142028:0
shared,shared,random_actions,0,30000,1,reference,panel_2,1142028,70c953c00cd721b61f10ce5ada9af6f392181042f73064af5d9ac36a32db4238,1,1,19,0.8099999999999999,1.042,3,16,9,8,19,10,0,0.5502204429000008,0.0,0,,random_actions,random_actions:panel_2:0:1142028:1
shared,shared,random_actions,0,30000,1,reference,panel_2,1142029,cd1f6cdb7d8d9ccf9a5adb18b724ec679005707734d42571171af2753a31b000,0,0,32,-0.3200000000000001,-0.10159999999999993,6,26,16,11,30,12,1,2.0360963967000014,0.0,0,,random_actions,random_actions:panel_2:0:1142029:0
shared,shared,random_actions,0,30000,1,reference,panel_2,1142029,cd1f6cdb7d8d9ccf9a5adb18b724ec679005707734d42571171af2753a31b000,1,0,32,-0.3200000000000001,-0.11720000000000001,12,20,14,7,30,10,1,2.052099030000002,0.0,0,,random_actions,random_actions:panel_2:0:1142029:1
shared,shared,random_actions,0,30000,1,reference,panel_2,1142030,136f92247bc8c9417f0a6e4caa52a3ed74da950c1e40496ea031717f95c480de,0,1,19,0.8099999999999999,1.07,6,13,2,12,19,9,0,0.5254024643000009,0.0,0,,random_actions,random_actions:panel_2:0:1142030:0
shared,shared,random_actions,0,30000,1,reference,panel_2,1142030,136f92247bc8c9417f0a6e4caa52a3ed74da950c1e40496ea031717f95c480de,1,0,32,-0.3200000000000001,0.02520000000000011,10,22,12,11,28,10,1,1.867392143656001,0.0,0,,random_actions,random_actions:panel_2:0:1142030:1
shared,shared,random_actions,0,30000,1,reference,panel_2,1142031,f729f940aee31ac96ab92d29a664554919a9c40f8d9ea37f1b86d9a88cfa8c4d,0,0,32,-0.3200000000000001,0.006000000000000089,12,20,14,7,31,11,1,1.964524870368582,0.0,0,,random_actions,random_actions:panel_2:0:1142031:0
shared,shared,random_actions,0,30000,1,reference,panel_2,1142031,f729f940aee31ac96ab92d29a664554919a9c40f8d9ea37f1b86d9a88cfa8c4d,1,0,32,-0.3200000000000001,0.11160000000000025,20,12,7,6,27,3,1,1.7718794118403713,0.0,0,,random_actions,random_actions:panel_2:0:1142031:1
shared,shared,random_actions,0,30000,1,reference,panel_2,1142033,775401569b8bf38d4bf1bc30d63436353ed8b6c5640b342b1694b484d53dc419,0,0,32,-0.3200000000000001,-0.007599999999999843,7,25,14,12,31,13,1,1.9765028418144512,0.0,0,,random_actions,random_actions:panel_2:0:1142033:0
shared,shared,random_actions,0,30000,1,reference,panel_2,1142033,775401569b8bf38d4bf1bc30d63436353ed8b6c5640b342b1694b484d53dc419,1,0,32,-0.3200000000000001,0.003200000000000161,6,26,16,11,30,12,1,1.9403754718815813,0.0,0,,random_actions,random_actions:panel_2:0:1142033:1
shared,shared,random_actions,0,30000,1,reference,panel_2,1142034,561005984aa0d51644f9d7b1e20be09f7f6cb039324b5b6fd24bf65add99a3d8,0,1,9,0.91,1.0904,3,6,2,5,9,5,0,0.1914254600000005,0.0,0,,random_actions,random_actions:panel_2:0:1142034:0
shared,shared,random_actions,0,30000,1,reference,panel_2,1142034,561005984aa0d51644f9d7b1e20be09f7f6cb039324b5b6fd24bf65add99a3d8,1,0,32,-0.3200000000000001,-0.08079999999999993,12,20,10,11,30,10,1,2.019437840000002,0.0,0,,random_actions,random_actions:panel_2:0:1142034:1
shared,shared,random_actions,0,30000,1,reference,panel_2,1142035,890068c8d8d8442fe4ac6f50ee2fadfa765224e1c94407d7727835e340f42535,0,1,1,0.99,1.03,0,1,0,2,1,1,0,0.0,0.0,0,,random_actions,random_actions:panel_2:0:1142035:0
shared,shared,random_actions,0,30000,1,reference,panel_2,1142035,890068c8d8d8442fe4ac6f50ee2fadfa765224e1c94407d7727835e340f42535,1,0,32,-0.3200000000000001,-0.18159999999999998,4,28,20,9,29,11,1,2.0894045024000025,0.0,0,,random_actions,random_actions:panel_2:0:1142035:1
shared,shared,random_actions,0,30000,1,reference,panel_2,1142036,c0ce4b5bb68bfea73acfa85df2c125a42c2f5b8c01285e744ae245d7c28a1642,0,0,32,-0.3200000000000001,0.15400000000000025,14,18,11,8,25,7,1,1.6958020973394212,0.0,0,,random_actions,random_actions:panel_2:0:1142036:0
shared,shared,random_actions,0,30000,1,reference,panel_2,1142036,c0ce4b5bb68bfea73acfa85df2c125a42c2f5b8c01285e744ae245d7c28a1642,1,0,32,-0.3200000000000001,0.15520000000000017,11,21,13,9,27,8,1,1.736008462597001,0.0,0,,random_actions,random_actions:panel_2:0:1142036:1
shared,shared,random_actions,0,30000,1,reference,panel_2,1142037,e824f452691e1284050f692cc11f298eab1f62639eef3017ae3599e66e37927b,0,1,16,0.84,1.0528000000000002,6,10,3,8,16,7,0,0.44610751050000064,0.0,0,,random_actions,random_actions:panel_2:0:1142037:0
shared,shared,random_actions,0,30000,1,reference,panel_2,1142037,e824f452691e1284050f692cc11f298eab1f62639eef3017ae3599e66e37927b,1,0,32,-0.3200000000000001,-0.0003999999999998727,18,14,9,6,28,6,1,1.894790648855003,0.0,0,,random_actions,random_actions:panel_2:0:1142037:1
shared,shared,random_actions,0,30000,1,reference,panel_2,1142038,f6dfaff7d9f7c066eb0b04043f2d08855283a6d90f4f790f9735aaa7e2d05b44,0,1,1,0.99,1.03,0,1,0,2,1,1,0,0.0,0.0,0,,random_actions,random_actions:panel_2:0:1142038:0
shared,shared,random_actions,0,30000,1,reference,panel_2,1142038,f6dfaff7d9f7c066eb0b04043f2d08855283a6d90f4f790f9735aaa7e2d05b44,1,1,6,0.94,0.986,5,1,0,2,6,1,0,0.19850000000000034,0.0,0,,random_actions,random_actions:panel_2:0:1142038:1
shared,shared,random_actions,0,30000,1,reference,panel_2,1142039,a336fdddcc777c59538a9a674da1189bb7df095fa167b1c9b68c7555c5968945,0,0,32,-0.3200000000000001,0.01480000000000009,23,9,6,4,27,3,1,1.861265555647798,0.0,0,,random_actions,random_actions:panel_2:0:1142039:0
shared,shared,random_actions,0,30000,1,reference,panel_2,1142039,a336fdddcc777c59538a9a674da1189bb7df095fa167b1c9b68c7555c5968945,1,1,31,0.69,0.9228000000000001,8,23,15,9,31,13,0,1.0385738530912922,0.0,0,,random_actions,random_actions:panel_2:0:1142039:1
shared,shared,random_actions,0,30000,1,reference,panel_2,1142040,87dc6b8626d6ab27685558e7e5d929c1d2ca09072d984b4458fb148c63c293ea,0,1,22,0.7799999999999999,0.9792000000000001,7,15,7,9,22,9,0,0.7033070741710014,0.0,0,,random_actions,random_actions:panel_2:0:1142040:0
shared,shared,random_actions,0,30000,1,reference,panel_2,1142040,87dc6b8626d6ab27685558e7e5d929c1d2ca09072d984b4458fb148c63c293ea,1,1,14,0.86,1.0076,7,7,2,6,14,5,0,0.42608819000000087,0.0,0,,random_actions,random_actions:panel_2:0:1142040:1
shared,shared,random_actions,0,30000,1,reference,panel_2,1142041,8031b90124db2193237423518309b0c89758ba33e8a6045ec489043a08c5f56a,0,1,9,0.91,0.968,2,7,3,5,9,4,0,0.30933446000000053,0.0,0,,random_actions,random_actions:panel_2:0:1142041:0
shared,shared,random_actions,0,30000,1,reference,panel_2,1142041,8031b90124db2193237423518309b0c89758ba33e8a6045ec489043a08c5f56a,1,1,1,0.99,1.03,0,1,0,2,1,1,0,0.0,0.0,0,,random_actions,random_actions:panel_2:0:1142041:1
shared,shared,random_actions,0,30000,1,reference,panel_2,1142042,0379cb35e85c883bca23ac01b8556241e4bf3d119a94958f13240df8617387b8,0,1,18,0.82,1.1392,6,12,4,9,18,9,0,0.4316688928975799,0.0,0,,random_actions,random_actions:panel_2:0:1142042:0
shared,shared,random_actions,0,30000,1,reference,panel_2,1142042,0379cb35e85c883bca23ac01b8556241e4bf3d119a94958f13240df8617387b8,1,1,23,0.7699999999999999,1.1,5,18,5,14,23,12,0,0.6254416314482911,0.0,0,,random_actions,random_actions:panel_2:0:1142042:1
shared,shared,random_actions,0,30000,1,reference,panel_2,1142043,fa2b6fb03565c142c7163d2081f0f9296aa029105253d2149408abcc830f062e,0,1,1,0.99,1.03,0,1,0,2,1,1,0,0.0,0.0,0,,random_actions,random_actions:panel_2:0:1142043:0
shared,shared,random_actions,0,30000,1,reference,panel_2,1142043,fa2b6fb03565c142c7163d2081f0f9296aa029105253d2149408abcc830f062e,1,0,32,-0.3200000000000001,-0.19240000000000002,7,25,16,10,29,10,1,2.097457806200002,0.0,0,,random_actions,random_actions:panel_2:0:1142043:1
shared,shared,random_actions,0,30000,1,reference,panel_2,1142044,49b674e454a986d5a355bacc7672e72f401cdc1c75470dfaaf16346895f26281,0,0,32,-0.3200000000000001,0.1640000000000001,12,20,13,8,28,9,1,1.7546175627376832,0.0,0,,random_actions,random_actions:panel_2:0:1142044:0
shared,shared,random_actions,0,30000,1,reference,panel_2,1142044,49b674e454a986d5a355bacc7672e72f401cdc1c75470dfaaf16346895f26281,1,0,32,-0.3200000000000001,0.16280000000000017,10,22,15,8,29,11,1,1.7726694218068857,0.0,0,,random_actions,random_actions:panel_2:0:1142044:1
shared,shared,random_actions,0,30000,1,reference,panel_2,1142045,1534bd168fbdb5d8ef1979cc3ee7d52b09d7acb95f07be52009d980de0f1dc14,0,0,32,-0.3200000000000001,0.18920000000000017,9,23,13,11,26,10,1,1.6803425316800018,0.0,0,,random_actions,random_actions:panel_2:0:1142045:0
shared,shared,random_actions,0,30000,1,reference,panel_2,1142045,1534bd168fbdb5d8ef1979cc3ee7d52b09d7acb95f07be52009d980de0f1dc14,1,0,32,-0.3200000000000001,0.1724000000000001,5,27,16,12,27,11,1,1.717577225800596,0.0,0,,random_actions,random_actions:panel_2:0:1142045:1
shared,shared,random_actions,0,30000,1,reference,panel_2,1142046,bb49b7f2637c33514fe8b9aa798d5406a51e5323066ca0e9a4fdf6d51adf51b2,0,1,25,0.7499999999999999,0.9420000000000001,8,17,10,8,25,10,0,0.8322856081000019,0.0,0,,random_actions,random_actions:panel_2:0:1142046:0
shared,shared,random_actions,0,30000,1,reference,panel_2,1142046,bb49b7f2637c33514fe8b9aa798d5406a51e5323066ca0e9a4fdf6d51adf51b2,1,0,32,-0.3200000000000001,-0.09199999999999993,14,18,12,7,30,9,1,2.027833000500002,0.0,0,,random_actions,random_actions:panel_2:0:1142046:1
shared,shared,random_actions,0,30000,1,reference,panel_2,1142047,07ca9478850a4b15581d9be692daa3423f46940d61899100777a1d5e53020641,0,0,32,-0.3200000000000001,0.11160000000000021,8,24,16,9,25,8,1,1.7299571305327386,0.0,0,,random_actions,random_actions:panel_2:0:1142047:0
shared,shared,random_actions,0,30000,1,reference,panel_2,1142047,07ca9478850a4b15581d9be692daa3423f46940d61899100777a1d5e53020641,1,0,32,-0.3200000000000001,0.12360000000000024,13,19,12,8,25,6,1,1.718516088695246,0.0,0,,random_actions,random_actions:panel_2:0:1142047:1
shared,shared,random_actions,0,30000,1,reference,panel_2,1142048,6366f9ca415a3817fee53a6c7d2ea4f2142387118d80ada1af844fa6b668fc77,0,0,32,-0.3200000000000001,0.1660000000000002,18,14,10,5,27,6,1,1.729809635170509,0.0,0,,random_actions,random_actions:panel_2:0:1142048:0
shared,shared,random_actions,0,30000,1,reference,panel_2,1142048,6366f9ca415a3817fee53a6c7d2ea4f2142387118d80ada1af844fa6b668fc77,1,0,32,-0.3200000000000001,0.10840000000000016,9,23,15,9,30,12,1,1.8450717755233785,0.0,0,,random_actions,random_actions:panel_2:0:1142048:1
shared,shared,random_actions,0,30000,1,reference,panel_2,1142049,2a8dd1abe3bd0e158b64b8d5be7a79a71d362e8cd75a64ecf2a371f349c05afb,0,1,12,0.88,0.9416,1,11,5,7,12,6,0,0.4283987300000006,0.0,0,,random_actions,random_actions:panel_2:0:1142049:0
shared,shared,random_actions,0,30000,1,reference,panel_2,1142049,2a8dd1abe3bd0e158b64b8d5be7a79a71d362e8cd75a64ecf2a371f349c05afb,1,1,1,0.99,1.03,0,1,0,2,1,1,0,0.0,0.0,0,,random_actions,random_actions:panel_2:0:1142049:1
shared,shared,random_actions,0,30000,1,reference,panel_2,1142050,3c6db5c8513a07c07eaba17b1a8e732ddf306585e9cc11d9320605261b68d4dd,0,1,9,0.91,1.1812,1,8,1,8,9,7,0,0.10995447082029008,0.0,0,,random_actions,random_actions:panel_2:0:1142050:0
shared,shared,random_actions,0,30000,1,reference,panel_2,1142050,3c6db5c8513a07c07eaba17b1a8e732ddf306585e9cc11d9320605261b68d4dd,1,0,32,-0.3200000000000001,0.04360000000000011,9,23,16,8,30,12,1,1.9072135493545814,0.0,0,,random_actions,random_actions:panel_2:0:1142050:1
shared,shared,random_actions,0,30000,1,reference,panel_2,1142051,be1e3f4fa0cf2659d8f71cb02ac060675484ccad6caaa5e534f0a459af4b4173,0,1,5,0.95,1.0808,2,3,0,4,5,3,0,0.07470746000000017,0.0,0,,random_actions,random_actions:panel_2:0:1142051:0
shared,shared,random_actions,0,30000,1,reference,panel_2,1142051,be1e3f4fa0cf2659d8f71cb02ac060675484ccad6caaa5e534f0a459af4b4173,1,1,10,0.9,1.0404,1,9,5,5,10,6,0,0.26963446000000046,0.0,0,,random_actions,random_actions:panel_2:0:1142051:1
shared,shared,random_actions,0,30000,1,reference,panel_2,1142052,5ce3da2be27c2c09506207c91e46dfdb40957546bf50b28b88efc4618eca0830,0,0,32,-0.3200000000000001,-0.005999999999999908,12,20,14,7,30,10,1,1.9476601058140015,0.0,0,,random_actions,random_actions:panel_2:0:1142052:0
shared,shared,random_actions,0,30000,1,reference,panel_2,1142052,5ce3da2be27c2c09506207c91e46dfdb40957546bf50b28b88efc4618eca0830,1,0,32,-0.3200000000000001,0.09960000000000013,16,16,13,4,27,7,1,1.786749871565307,0.0,0,,random_actions,random_actions:panel_2:0:1142052:1
shared,shared,random_actions,0,30000,1,reference,panel_2,1142053,68122c36d27936a7c464279b47f1d03fff033dacce2d29337a63a79cf6044654,0,0,32,-0.3200000000000001,-0.15239999999999998,14,18,10,9,30,8,1,2.0870350300000027,0.0,0,,random_actions,random_actions:panel_2:0:1142053:0
shared,shared,random_actions,0,30000,1,reference,panel_2,1142053,68122c36d27936a7c464279b47f1d03fff033dacce2d29337a63a79cf6044654,1,0,32,-0.3200000000000001,-0.16079999999999994,12,20,11,10,32,10,1,2.149636570000003,0.0,0,,random_actions,random_actions:panel_2:0:1142053:1
shared,shared,random_actions,0,30000,1,reference,panel_2,1142054,47c2099e4d3beeec4bfd03679237f53cc73781997e804baee63f2c528912dde3,0,1,29,0.71,0.8848,3,26,14,13,29,14,0,1.012398863157002,0.0,0,,random_actions,random_actions:panel_2:0:1142054:0
shared,shared,random_actions,0,30000,1,reference,panel_2,1142054,47c2099e4d3beeec4bfd03679237f53cc73781997e804baee63f2c528912dde3,1,1,4,0.96,1.0448,0,4,1,4,4,3,0,0.07820900000000008,0.0,0,,random_actions,random_actions:panel_2:0:1142054:1
shared,shared,random_actions,0,30000,1,reference,panel_2,1142055,eec8e9174e4e64fdd0cb0fa46af565ad9ad1d9135d961741f990ca50698b8dfd,0,0,32,-0.3200000000000001,-0.043599999999999875,12,20,12,9,31,11,1,2.0099371038482916,0.0,0,,random_actions,random_actions:panel_2:0:1142055:0
shared,shared,random_actions,0,30000,1,reference,panel_2,1142055,eec8e9174e4e64fdd0cb0fa46af565ad9ad1d9135d961741f990ca50698b8dfd,1,0,32,-0.3200000000000001,-0.014799999999999869,8,24,17,8,27,9,1,1.8870133511912912,0.0,0,,random_actions,random_actions:panel_2:0:1142055:1
shared,shared,random_actions,0,30000,1,reference,panel_2,1142056,bc31423bbd0b61e05d6bc417d9f0f4ea59d0cf5a37b844e26a0d2ad32d3ec9a9,0,0,32,-0.3200000000000001,0.06840000000000013,13,19,14,6,29,9,1,1.85443434427048,0.0,0,,random_actions,random_actions:panel_2:0:1142056:0
shared,shared,random_actions,0,30000,1,reference,panel_2,1142056,bc31423bbd0b61e05d6bc417d9f0f4ea59d0cf5a37b844e26a0d2ad32d3ec9a9,1,1,25,0.7499999999999999,1.0484000000000002,12,13,5,9,25,9,0,0.733902474671001,0.0,0,,random_actions,random_actions:panel_2:0:1142056:1
shared,shared,random_actions,0,30000,1,reference,panel_2,1142057,48ffb882e12df1d3696ecbbd4e5f192621b1afb1a533b8e5208cf8855ca56165,0,1,20,0.7999999999999999,0.934,6,14,9,6,20,8,0,0.683954498100002,0.0,0,,random_actions,random_actions:panel_2:0:1142057:0
shared,shared,random_actions,0,30000,1,reference,panel_2,1142057,48ffb882e12df1d3696ecbbd4e5f192621b1afb1a533b8e5208cf8855ca56165,1,1,12,0.88,0.9888,4,8,2,7,12,5,0,0.38169457810000096,0.0,0,,random_actions,random_actions:panel_2:0:1142057:1
shared,shared,random_actions,0,30000,1,reference,panel_2,1142058,c64fd917087ee04ee95f1c3b21250c257f38eae479cd47b1ef61109af8951b37,0,0,32,-0.3200000000000001,0.08880000000000023,10,22,12,11,28,10,1,1.811612164389869,0.0,0,,random_actions,random_actions:panel_2:0:1142058:0
shared,shared,random_actions,0,30000,1,reference,panel_2,1142058,c64fd917087ee04ee95f1c3b21250c257f38eae479cd47b1ef61109af8951b37,1,1,5,0.95,1.162,0,5,0,6,5,5,0,0.0,0.0,0,,random_actions,random_actions:panel_2:0:1142058:1
shared,shared,random_actions,0,30000,1,reference,panel_2,1142059,4cf1a569ee712d853f3d66f45f6cbd2416c8e08769e26c7f43ed3629ead16db3,0,1,29,0.71,1.0020000000000002,15,14,9,6,29,9,0,0.9018518597410027,0.0,0,,random_actions,random_actions:panel_2:0:1142059:0
shared,shared,random_actions,0,30000,1,reference,panel_2,1142059,4cf1a569ee712d853f3d66f45f6cbd2416c8e08769e26c7f43ed3629ead16db3,1,1,26,0.74,0.9648000000000001,8,18,10,9,26,11,0,0.842684110000002,0.0,0,,random_actions,random_actions:panel_2:0:1142059:1
shared,shared,random_actions,0,30000,1,reference,panel_2,1142060,0e933074c26ac3f217b37ce39b767af1b470ff8c4f431ff64a6ccdac4a5756d7,0,0,32,-0.3200000000000001,0.10960000000000013,10,22,14,9,28,10,1,1.795199663560393,0.0,0,,random_actions,random_actions:panel_2:0:1142060:0
shared,shared,random_actions,0,30000,1,reference,panel_2,1142060,0e933074c26ac3f217b37ce39b767af1b470ff8c4f431ff64a6ccdac4a5756d7,1,1,32,0.6799999999999999,1.0844,12,20,9,12,32,13,0,0.9233012693463213,0.0,0,,random_actions,random_actions:panel_2:0:1142060:1
shared,shared,random_actions,0,30000,1,reference,panel_2,1142061,616117682593b177c948b61b64283d404b679e8a540c599c4ba3eaded76912e1,0,1,31,0.69,0.9168000000000001,6,25,14,12,31,14,0,1.0446012573280008,0.0,0,,random_actions,random_actions:panel_2:0:1142061:0
shared,shared,random_actions,0,30000,1,reference,panel_2,1142061,616117682593b177c948b61b64283d404b679e8a540c599c4ba3eaded76912e1,1,0,32,-0.3200000000000001,-0.10039999999999996,7,25,14,12,32,13,1,2.091834593157002,0.0,0,,random_actions,random_actions:panel_2:0:1142061:1
shared,shared,random_actions,0,30000,1,reference,panel_2,1142062,c2d15d0d736e13f9fc0b6479cbb68afdd2288c4eac5f9d199d827d8d210ed892,0,0,32,-0.3200000000000001,-0.11159999999999992,6,26,16,11,29,11,1,2.024938747391291,0.0,0,,random_actions,random_actions:panel_2:0:1142062:0
shared,shared,random_actions,0,30000,1,reference,panel_2,1142062,c2d15d0d736e13f9fc0b6479cbb68afdd2288c4eac5f9d199d827d8d210ed892,1,0,32,-0.3200000000000001,-0.12119999999999982,14,18,11,8,30,8,1,2.0562554536570015,0.0,0,,random_actions,random_actions:panel_2:0:1142062:1
shared,shared,random_actions,0,30000,1,reference,panel_2,1142063,c75bd2457b65b7a93de324e828bcf8fe2c012e619578e9a73d5fd82d990d13b8,0,1,5,0.95,1.162,0,5,0,6,5,5,0,0.0,0.0,0,,random_actions,random_actions:panel_2:0:1142063:0
shared,shared,random_actions,0,30000,1,reference,panel_2,1142063,c75bd2457b65b7a93de324e828bcf8fe2c012e619578e9a73d5fd82d990d13b8,1,0,32,-0.3200000000000001,0.016800000000000113,10,22,12,11,32,13,1,1.983762187323161,0.0,0,,random_actions,random_actions:panel_2:0:1142063:1
shared,shared,random_actions,0,30000,1,reference,panel_2,1142064,4c1456e94bccc097203c3c1db8936703bcaa9542e1ed98e95ae74c5818c1cafb,0,0,32,-0.3200000000000001,0.061200000000000185,25,7,5,3,28,3,1,1.8374991536680034,0.0,0,,random_actions,random_actions:panel_2:0:1142064:0
shared,shared,random_actions,0,30000,1,reference,panel_2,1142064,4c1456e94bccc097203c3c1db8936703bcaa9542e1ed98e95ae74c5818c1cafb,1,0,32,-0.3200000000000001,0.06240000000000018,26,6,4,3,28,2,1,1.8364121601250036,0.0,0,,random_actions,random_actions:panel_2:0:1142064:1
shared,shared,random_actions,1,30000,1,reference,panel_2,1142000,3b44199a91cebe57885979656801de83cd337400c224c9484d28155a50f26af5,0,1,6,0.94,1.0308,0,6,1,6,6,4,0,0.1540717300000003,0.0,0,,random_actions,random_actions:panel_2:1:1142000:0
shared,shared,random_actions,1,30000,1,reference,panel_2,1142000,3b44199a91cebe57885979656801de83cd337400c224c9484d28155a50f26af5,1,1,6,0.94,1.0308,0,6,2,5,6,4,0,0.1540717300000003,0.0,0,,random_actions,random_actions:panel_2:1:1142000:1
shared,shared,random_actions,1,30000,1,reference,panel_2,1142001,2fb5cc5a7185aea65ce7270a9a1caab7eaa29bf3855d87f40701cf7b084b263e,0,0,32,-0.3200000000000001,0.008800000000000169,13,19,12,8,27,7,1,1.8699259593029436,0.0,0,,random_actions,random_actions:panel_2:1:1142001:0
shared,shared,random_actions,1,30000,1,reference,panel_2,1142001,2fb5cc5a7185aea65ce7270a9a1caab7eaa29bf3855d87f40701cf7b084b263e,1,0,32,-0.3200000000000001,0.035200000000000176,25,7,3,5,26,0,1,1.821348083020247,0.0,0,,random_actions,random_actions:panel_2:1:1142001:1
shared,shared,random_actions,1,30000,1,reference,panel_2,1142002,b1ec73aa6771a9d4edd35faaf8ced9c8653cac69c82a47a5ec9f2fd215d47680,0,0,32,-0.3200000000000001,0.03560000000000016,8,24,16,9,28,10,1,1.8614661233885377,0.0,0,,random_actions,random_actions:panel_2:1:1142002:0
shared,shared,random_actions,1,30000,1,reference,panel_2,1142002,b1ec73aa6771a9d4edd35faaf8ced9c8653cac69c82a47a5ec9f2fd215d47680,1,0,32,-0.3200000000000001,-0.023199999999999887,9,23,12,12,29,10,1,1.9409890318850014,0.0,0,,random_actions,random_actions:panel_2:1:1142002:1
shared,shared,random_actions,1,30000,1,reference,panel_2,1142003,bb33f68e20a8ade13bdeb341ae2d0b6345900edb66010da696677117b1951980,0,1,11,0.89,0.9492,2,9,5,5,11,5,0,0.3898897300000006,0.0,0,,random_actions,random_actions:panel_2:1:1142003:0
shared,shared,random_actions,1,30000,1,reference,panel_2,1142003,bb33f68e20a8ade13bdeb341ae2d0b6345900edb66010da696677117b1951980,1,1,12,0.88,0.95,7,5,2,4,12,3,0,0.42024038000000086,0.0,0,,random_actions,random_actions:panel_2:1:1142003:1
shared,shared,random_actions,1,30000,1,reference,panel_2,1142004,d36d3f0f696592d60b51fe274907ad7c349060461283584f1c55fb34e8bca1da,0,0,32,-0.3200000000000001,0.029600000000000126,19,13,8,6,27,5,1,1.8432514578791894,0.0,0,,random_actions,random_actions:panel_2:1:1142004:0
shared,shared,random_actions,1,30000,1,reference,panel_2,1142004,d36d3f0f696592d60b51fe274907ad7c349060461283584f1c55fb34e8bca1da,1,0,32,-0.3200000000000001,0.003200000000000147,12,20,10,11,29,9,1,1.9121158620752916,0.0,0,,random_actions,random_actions:panel_2:1:1142004:1
shared,shared,random_actions,1,30000,1,reference,panel_2,1142005,d75767af4359bb829d28fdaa5ee472baaafd296d00835c06e3cfbe25f7d65197,0,0,32,-0.3200000000000001,-0.028399999999999925,8,24,15,10,28,10,1,1.9220557837182914,0.0,0,,random_actions,random_actions:panel_2:1:1142005:0
shared,shared,random_actions,1,30000,1,reference,panel_2,1142005,d75767af4359bb829d28fdaa5ee472baaafd296d00835c06e3cfbe25f7d65197,1,0,32,-0.3200000000000001,-0.027199999999999835,13,19,12,8,29,8,1,1.9419248483361615,0.0,0,,random_actions,random_actions:panel_2:1:1142005:1
shared,shared,random_actions,1,30000,1,reference,panel_2,1142006,9fa47791851cb7497fea63d28c09c36acefb326942a81e9c6bcbacd8235fb966,0,1,20,0.7999999999999999,0.8976000000000001,5,15,7,9,20,8,0,0.7203294643000013,0.0,0,,random_actions,random_actions:panel_2:1:1142006:0
shared,shared,random_actions,1,30000,1,reference,panel_2,1142006,9fa47791851cb7497fea63d28c09c36acefb326942a81e9c6bcbacd8235fb966,1,1,32,0.6799999999999999,0.8052,5,27,13,15,32,14,0,1.1836652662000025,0.0,0,,random_actions,random_actions:panel_2:1:1142006:1
shared,shared,random_actions,1,30000,1,reference,panel_2,1142007,b0f69b3c1d689e75b59e3e30886bb0c6ee211a7c783b23394c178810343a0ac6,0,0,32,-0.3200000000000001,0.09040000000000015,16,16,11,6,28,7,1,1.8121695893550016,0.0,0,,random_actions,random_actions:panel_2:1:1142007:0
shared,shared,random_actions,1,30000,1,reference,panel_2,1142007,b0f69b3c1d689e75b59e3e30886bb0c6ee211a7c783b23394c178810343a0ac6,1,0,32,-0.3200000000000001,0.11440000000000015,9,23,12,12,26,9,1,1.7485095455551751,0.0,0,,random_actions,random_actions:panel_2:1:1142007:1
shared,shared,random_actions,1,30000,1,reference,panel_2,1142008,0d165eab1f7b761702aff7730d01d65748ee6919c6cd58f50247be81969772f1,0,0,32,-0.3200000000000001,-0.045999999999999944,6,26,15,12,30,13,1,1.985046382271002,0.0,0,,random_actions,random_actions:panel_2:1:1142008:0
shared,shared,random_actions,1,30000,1,reference,panel_2,1142008,0d165eab1f7b761702aff7730d01d65748ee6919c6cd58f50247be81969772f1,1,1,22,0.7799999999999999,1.0384,6,16,7,10,22,10,0,0.6486563760478415,0.0,0,,random_actions,random_actions:panel_2:1:1142008:1
shared,shared,random_actions,1,30000,1,reference,panel_2,1142009,78201b98aa900e570c4525ffd496ffe418d8a2c63ce653595432eac1ef571b2e,0,0,32,-0.3200000000000001,-0.15239999999999992,9,23,14,10,31,11,1,2.1128435824000027,0.0,0,,random_actions,random_actions:panel_2:1:1142009:0
shared,shared,random_actions,1,30000,1,reference,panel_2,1142009,78201b98aa900e570c4525ffd496ffe418d8a2c63ce653595432eac1ef571b2e,1,0,32,-0.3200000000000001,-0.13679999999999992,5,27,16,12,30,12,1,2.0723999029000018,0.0,0,,random_actions,random_actions:panel_2:1:1142009:1
shared,shared,random_actions,1,30000,1,reference,panel_2,1142010,c8907a92ccc2bd0b5aaf7125a33288f3a22098be64ff52ec0e8b7b06a5a44841,0,0,32,-0.3200000000000001,-0.0063999999999998225,10,22,12,11,28,8,1,1.9001909584700019,0.0,0,,random_actions,random_actions:panel_2:1:1142010:0
shared,shared,random_actions,1,30000,1,reference,panel_2,1142010,c8907a92ccc2bd0b5aaf7125a33288f3a22098be64ff52ec0e8b7b06a5a44841,1,0,32,-0.3200000000000001,0.0008000000000001894,12,20,16,5,30,10,1,1.9424842393550017,0.0,0,,random_actions,random_actions:panel_2:1:1142010:1
shared,shared,random_actions,1,30000,1,reference,panel_2,1142011,e343d98a285e375dd0ec00233f818a4462ff9008ef8800838b84362f29f8d645,0,1,19,0.8099999999999999,1.2524000000000002,5,14,3,12,19,11,0,0.3669508104386362,0.0,0,,random_actions,random_actions:panel_2:1:1142011:0
shared,shared,random_actions,1,30000,1,reference,panel_2,1142011,e343d98a285e375dd0ec00233f818a4462ff9008ef8800838b84362f29f8d645,1,1,8,0.9199999999999999,1.2736,0,8,0,9,8,8,0,0.0,0.0,0,,random_actions,random_actions:panel_2:1:1142011:1
shared,shared,random_actions,1,30000,1,reference,panel_2,1142012,45d98de6be288ce470a6e48cb544cf287f584ff309e819813e017ef7660d4d7b,0,0,32,-0.3200000000000001,-0.1104,9,23,13,11,28,9,1,2.0042863565710016,0.0,0,,random_actions,random_actions:panel_2:1:1142012:0
shared,shared,random_actions,1,30000,1,reference,panel_2,1142012,45d98de6be288ce470a6e48cb544cf287f584ff309e819813e017ef7660d4d7b,1,0,32,-0.3200000000000001,-0.12119999999999981,13,19,10,10,29,8,1,2.031459605557002,0.0,0,,random_actions,random_actions:panel_2:1:1142012:1
shared,shared,random_actions,1,30000,1,reference,panel_2,1142013,0bd9ecdeff4f6914d45dcc4bb79d3f0b449c2420931f880a36741fd3b1d0b703,0,1,2,0.98,1.0212,1,1,0,2,2,1,0,0.03970000000000007,0.0,0,,random_actions,random_actions:panel_2:1:1142013:0
shared,shared,random_actions,1,30000,1,reference,panel_2,1142013,0bd9ecdeff4f6914d45dcc4bb79d3f0b449c2420931f880a36741fd3b1d0b703,1,0,32,-0.3200000000000001,-0.17679999999999993,9,23,14,10,32,11,1,2.1666796458140025,0.0,0,,random_actions,random_actions:panel_2:1:1142013:1
shared,shared,random_actions,1,30000,1,reference,panel_2,1142014,58fb0efc6f1c2eab7de9c5a248beb2a8976605369282448463140910034d4414,0,0,32,-0.3200000000000001,0.08120000000000029,18,14,8,7,28,5,1,1.8189120318522547,0.0,0,,random_actions,random_actions:panel_2:1:1142014:0
shared,shared,random_actions,1,30000,1,reference,panel_2,1142014,58fb0efc6f1c2eab7de9c5a248beb2a8976605369282448463140910034d4414,1,1,6,0.94,1.1108,2,4,0,5,6,4,0,0.0782090000000002,0.0,0,,random_actions,random_actions:panel_2:1:1142014:1
shared,shared,random_actions,1,30000,1,reference,panel_2,1142015,0b712fdb4eb4aeaf053673f47684b605aed8013c0f497df298e3a0ebe14f62d8,0,1,14,0.86,1.0292000000000001,7,7,2,6,14,5,0,0.40528797050000054,0.0,0,,random_actions,random_actions:panel_2:1:1142015:0
shared,shared,random_actions,1,30000,1,reference,panel_2,1142015,0b712fdb4eb4aeaf053673f47684b605aed8013c0f497df298e3a0ebe14f62d8,1,1,5,0.95,1.0772,0,5,1,5,5,4,0,0.07820900000000008,0.0,0,,random_actions,random_actions:panel_2:1:1142015:1
shared,shared,random_actions,1,30000,1,reference,panel_2,1142016,6829aefd2534d157393c3a103a4c25365805152052b214617df67b1978a2ba8d,0,1,1,0.99,1.03,0,1,0,2,1,1,0,0.0,0.0,0,,random_actions,random_actions:panel_2:1:1142016:0
shared,shared,random_actions,1,30000,1,reference,panel_2,1142016,6829aefd2534d157393c3a103a4c25365805152052b214617df67b1978a2ba8d,1,1,27,0.73,0.8612000000000001,8,19,10,10,27,10,0,0.9743058568280017,0.0,0,,random_actions,random_actions:panel_2:1:1142016:1
shared,shared,random_actions,1,30000,1,reference,panel_2,1142017,051be5fdd50735b45e992fe0330039e1f0acd36ed2a4e8aafa81c6e46f8ce098,0,1,1,0.99,1.03,0,1,0,2,1,1,0,0.0,0.0,0,,random_actions,random_actions:panel_2:1:1142017:0
shared,shared,random_actions,1,30000,1,reference,panel_2,1142017,051be5fdd50735b45e992fe0330039e1f0acd36ed2a4e8aafa81c6e46f8ce098,1,1,21,0.7899999999999999,0.9092000000000001,6,15,8,8,21,8,0,0.7407616904342912,0.0,0,,random_actions,random_actions:panel_2:1:1142017:1
shared,shared,random_actions,1,30000,1,reference,panel_2,1142018,9ea10797233a5593b7e01be930b639f517045a02f7b3bbdc0d8137113c7f16c1,0,0,32,-0.3200000000000001,-0.018399999999999722,23,9,7,3,29,4,1,1.9339586362999999,0.0,0,,random_actions,random_actions:panel_2:1:1142018:0
shared,shared,random_actions,1,30000,1,reference,panel_2,1142018,9ea10797233a5593b7e01be930b639f517045a02f7b3bbdc0d8137113c7f16c1,1,1,6,0.94,1.1108,0,6,1,6,6,5,0,0.07820900000000008,0.0,0,,random_actions,random_actions:panel_2:1:1142018:1
shared,shared,random_actions,1,30000,1,reference,panel_2,1142019,3244e6855ddd578178b8e81baf2f8755bd20c14103650e40510aefb39dc601b6,0,0,32,-0.3200000000000001,-0.1864,15,17,10,8,30,7,1,2.1197676800000025,0.0,0,,random_actions,random_actions:panel_2:1:1142019:0
shared,shared,random_actions,1,30000,1,reference,panel_2,1142019,3244e6855ddd578178b8e81baf2f8755bd20c14103650e40510aefb39dc601b6,1,1,6,0.94,0.9884000000000001,1,5,2,4,6,3,0,0.19611800000000024,0.0,0,,random_actions,random_actions:panel_2:1:1142019:1
shared,shared,random_actions,1,30000,1,reference,panel_2,1142020,345002532c25551104d6370845a74acfe9a25d2bc755d81973f278cfc4030fc0,0,1,5,0.95,0.996,2,3,1,3,5,2,0,0.15760900000000022,0.0,0,,random_actions,random_actions:panel_2:1:1142020:0
shared,shared,random_actions,1,30000,1,reference,panel_2,1142020,345002532c25551104d6370845a74acfe9a25d2bc755d81973f278cfc4030fc0,1,1,2,0.98,1.0212,1,1,0,2,2,1,0,0.03970000000000007,0.0,0,,random_actions,random_actions:panel_2:1:1142020:1
shared,shared,random_actions,1,30000,1,reference,panel_2,1142021,8306894d1c269474f2030f29987acc9fadc1df7acc7598c2268ea28f82ecd329,0,0,32,-0.3200000000000001,-0.08839999999999991,10,22,13,10,30,10,1,2.023591112271002,0.0,0,,random_actions,random_actions:panel_2:1:1142021:0
shared,shared,random_actions,1,30000,1,reference,panel_2,1142021,8306894d1c269474f2030f29987acc9fadc1df7acc7598c2268ea28f82ecd329,1,1,13,0.87,1.0164,0,13,8,6,13,8,0,0.3863524600000007,0.0,0,,random_actions,random_actions:panel_2:1:1142021:1
shared,shared,random_actions,1,30000,1,reference,panel_2,1142022,a1385e0e806986350cac5bc6479a1bbd074694e95d030f93a35089cb0f48c2c6,0,1,11,0.89,1.1864000000000001,3,8,1,8,11,7,0,0.16841319965223223,0.0,0,,random_actions,random_actions:panel_2:1:1142022:0
shared,shared,random_actions,1,30000,1,reference,panel_2,1142022,a1385e0e806986350cac5bc6479a1bbd074694e95d030f93a35089cb0f48c2c6,1,0,32,-0.3200000000000001,0.0772000000000001,10,22,15,8,28,10,1,1.8257107576275522,0.0,0,,random_actions,random_actions:panel_2:1:1142022:1
shared,shared,random_actions,1,30000,1,reference,panel_2,1142023,9a05949e8c14b17acd2c0582d07b76c825bce1714d67be2745467e89dc494fa3,0,1,12,0.88,0.9524,3,9,5,5,12,5,0,0.417858380000001,0.0,0,,random_actions,random_actions:panel_2:1:1142023:0
shared,shared,random_actions,1,30000,1,reference,panel_2,1142023,9a05949e8c14b17acd2c0582d07b76c825bce1714d67be2745467e89dc494fa3,1,1,1,0.99,1.03,0,1,0,2,1,1,0,0.0,0.0,0,,random_actions,random_actions:panel_2:1:1142023:1
shared,shared,random_actions,1,30000,1,reference,panel_2,1142024,6a1d247ca48b398dde1c25b6aecae86ae19b0fde83e240bb3b6971c3261f63cf,0,0,32,-0.3200000000000001,-0.021599999999999918,9,23,15,9,32,13,1,2.019637270691292,0.0,0,,random_actions,random_actions:panel_2:1:1142024:0
shared,shared,random_actions,1,30000,1,reference,panel_2,1142024,6a1d247ca48b398dde1c25b6aecae86ae19b0fde83e240bb3b6971c3261f63cf,1,1,25,0.7499999999999999,1.0316,14,11,4,8,25,8,0,0.7498032131570015,0.0,0,,random_actions,random_actions:panel_2:1:1142024:1
shared,shared,random_actions,1,30000,1,reference,panel_2,1142025,72e7580f2795acd5bb0b623c4a2802ba9dceefd9b8f65aa3939bf72ae65580f3,0,1,3,0.97,1.0524,1,2,0,3,3,2,0,0.03970000000000007,0.0,0,,random_actions,random_actions:panel_2:1:1142025:0
shared,shared,random_actions,1,30000,1,reference,panel_2,1142025,72e7580f2795acd5bb0b623c4a2802ba9dceefd9b8f65aa3939bf72ae65580f3,1,0,32,-0.3200000000000001,-0.10799999999999986,12,20,10,11,30,9,1,2.043821597071001,0.0,0,,random_actions,random_actions:panel_2:1:1142025:1
shared,shared,random_actions,1,30000,1,reference,panel_2,1142026,b0192b87de7e77f58e541b87308b93a20e1a542760de413b7e48a8deebe6613b,0,0,32,-0.3200000000000001,-0.08359999999999991,14,18,15,4,30,8,1,2.0187284010000015,0.0,0,,random_actions,random_actions:panel_2:1:1142026:0
shared,shared,random_actions,1,30000,1,reference,panel_2,1142026,b0192b87de7e77f58e541b87308b93a20e1a542760de413b7e48a8deebe6613b,1,0,32,-0.3200000000000001,-0.07879999999999981,16,16,13,4,29,6,1,1.989276814800002,0.0,0,,random_actions,random_actions:panel_2:1:1142026:1
shared,shared,random_actions,1,30000,1,reference,panel_2,1142027,507c35d0be6eb3ea110c8491e0367173215086d947a0bd462f0963f0c8314a51,0,1,21,0.7899999999999999,0.9520000000000001,6,15,8,8,21,9,0,0.6979974600000014,0.0,0,,random_actions,random_actions:panel_2:1:1142027:0
shared,shared,random_actions,1,30000,1,reference,panel_2,1142027,507c35d0be6eb3ea110c8491e0367173215086d947a0bd462f0963f0c8314a51,1,0,32,-0.3200000000000001,-0.06799999999999995,2,30,18,13,28,12,1,1.9579951103052915,0.0,0,,random_actions,random_actions:panel_2:1:1142027:1
shared,shared,random_actions,1,30000,1,reference,panel_2,1142028,70c953c00cd721b61f10ce5ada9af6f392181042f73064af5d9ac36a32db4238,0,1,16,0.84,1.0588000000000002,8,8,1,8,16,6,0,0.4404351348000003,0.0,0,,random_actions,random_actions:panel_2:1:1142028:0
shared,shared,random_actions,1,30000,1,reference,panel_2,1142028,70c953c00cd721b61f10ce5ada9af6f392181042f73064af5d9ac36a32db4238,1,0,32,-0.3200000000000001,-0.009999999999999842,9,23,15,9,27,9,1,1.8774963928927408,0.0,0,,random_actions,random_actions:panel_2:1:1142028:1
shared,shared,random_actions,1,30000,1,reference,panel_2,1142029,cd1f6cdb7d8d9ccf9a5adb18b724ec679005707734d42571171af2753a31b000,0,1,23,0.7699999999999999,0.9356,6,17,10,8,23,10,0,0.7762779200000013,0.0,0,,random_actions,random_actions:panel_2:1:1142029:0
shared,shared,random_actions,1,30000,1,reference,panel_2,1142029,cd1f6cdb7d8d9ccf9a5adb18b724ec679005707734d42571171af2753a31b000,1,0,32,-0.3200000000000001,-0.10880000000000002,11,21,14,8,29,9,1,2.0157126081000025,0.0,0,,random_actions,random_actions:panel_2:1:1142029:1
shared,shared,random_actions,1,30000,1,reference,panel_2,1142030,136f92247bc8c9417f0a6e4caa52a3ed74da950c1e40496ea031717f95c480de,0,0,32,-0.3200000000000001,0.03000000000000011,12,20,11,10,28,9,1,1.8662001039130018,0.0,0,,random_actions,random_actions:panel_2:1:1142030:0
shared,shared,random_actions,1,30000,1,reference,panel_2,1142030,136f92247bc8c9417f0a6e4caa52a3ed74da950c1e40496ea031717f95c480de,1,0,32,-0.3200000000000001,0.024000000000000132,11,21,16,6,28,9,1,1.8682385778280008,0.0,0,,random_actions,random_actions:panel_2:1:1142030:1
shared,shared,random_actions,1,30000,1,reference,panel_2,1142031,f729f940aee31ac96ab92d29a664554919a9c40f8d9ea37f1b86d9a88cfa8c4d,0,0,32,-0.3200000000000001,0.04920000000000013,15,17,9,9,27,7,1,1.8310411835864504,0.0,0,,random_actions,random_actions:panel_2:1:1142031:0
shared,shared,random_actions,1,30000,1,reference,panel_2,1142031,f729f940aee31ac96ab92d29a664554919a9c40f8d9ea37f1b86d9a88cfa8c4d,1,0,32,-0.3200000000000001,0.15840000000000043,23,9,6,4,27,3,1,1.742945182908569,0.0,0,,random_actions,random_actions:panel_2:1:1142031:1
shared,shared,random_actions,1,30000,1,reference,panel_2,1142033,775401569b8bf38d4bf1bc30d63436353ed8b6c5640b342b1694b484d53dc419,0,0,32,-0.3200000000000001,0.016400000000000164,7,25,15,11,27,10,1,1.8528723592854508,0.0,0,,random_actions,random_actions:panel_2:1:1142033:0
shared,shared,random_actions,1,30000,1,reference,panel_2,1142033,775401569b8bf38d4bf1bc30d63436353ed8b6c5640b342b1694b484d53dc419,1,0,32,-0.3200000000000001,-0.01239999999999987,4,28,20,9,29,12,1,1.9286245236560013,0.0,0,,random_actions,random_actions:panel_2:1:1142033:1
shared,shared,random_actions,1,30000,1,reference,panel_2,1142034,561005984aa0d51644f9d7b1e20be09f7f6cb039324b5b6fd24bf65add99a3d8,0,0,32,-0.3200000000000001,-0.04599999999999995,10,22,17,6,32,12,1,2.040440012900002,0.0,0,,random_actions,random_actions:panel_2:1:1142034:0
shared,shared,random_actions,1,30000,1,reference,panel_2,1142034,561005984aa0d51644f9d7b1e20be09f7f6cb039324b5b6fd24bf65add99a3d8,1,1,21,0.7899999999999999,1.022,5,16,6,11,21,10,0,0.6319278315140013,0.0,0,,random_actions,random_actions:panel_2:1:1142034:1
shared,shared,random_actions,1,30000,1,reference,panel_2,1142035,890068c8d8d8442fe4ac6f50ee2fadfa765224e1c94407d7727835e340f42535,0,1,1,0.99,1.03,0,1,0,2,1,1,0,0.0,0.0,0,,random_actions,random_actions:panel_2:1:1142035:0
shared,shared,random_actions,1,30000,1,reference,panel_2,1142035,890068c8d8d8442fe4ac6f50ee2fadfa765224e1c94407d7727835e340f42535,1,1,2,0.98,1.0212,1,1,0,2,2,1,0,0.03970000000000007,0.0,0,,random_actions,random_actions:panel_2:1:1142035:1
shared,shared,random_actions,1,30000,1,reference,panel_2,1142036,c0ce4b5bb68bfea73acfa85df2c125a42c2f5b8c01285e744ae245d7c28a1642,0,0,32,-0.3200000000000001,0.08440000000000017,16,16,10,7,27,6,1,1.7982290676232335,0.0,0,,random_actions,random_actions:panel_2:1:1142036:0
shared,shared,random_actions,1,30000,1,reference,panel_2,1142036,c0ce4b5bb68bfea73acfa85df2c125a42c2f5b8c01285e744ae245d7c28a1642,1,0,32,-0.3200000000000001,0.13720000000000013,9,23,13,11,26,8,1,1.7303201698909871,0.0,0,,random_actions,random_actions:panel_2:1:1142036:1
shared,shared,random_actions,1,30000,1,reference,panel_2,1142037,e824f452691e1284050f692cc11f298eab1f62639eef3017ae3599e66e37927b,0,1,9,0.91,1.0952000000000002,1,8,4,5,9,6,0,0.18680330810000045,0.0,0,,random_actions,random_actions:panel_2:1:1142037:0
shared,shared,random_actions,1,30000,1,reference,panel_2,1142037,e824f452691e1284050f692cc11f298eab1f62639eef3017ae3599e66e37927b,1,0,32,-0.3200000000000001,0.014000000000000123,11,21,14,8,28,9,1,1.8805181371284507,0.0,0,,random_actions,random_actions:panel_2:1:1142037:1
shared,shared,random_actions,1,30000,1,reference,panel_2,1142038,f6dfaff7d9f7c066eb0b04043f2d08855283a6d90f4f790f9735aaa7e2d05b44,0,1,1,0.99,1.03,0,1,0,2,1,1,0,0.0,0.0,0,,random_actions,random_actions:panel_2:1:1142038:0
shared,shared,random_actions,1,30000,1,reference,panel_2,1142038,f6dfaff7d9f7c066eb0b04043f2d08855283a6d90f4f790f9735aaa7e2d05b44,1,1,2,0.98,1.0212,1,1,0,2,2,1,0,0.03970000000000007,0.0,0,,random_actions,random_actions:panel_2:1:1142038:1
shared,shared,random_actions,1,30000,1,reference,panel_2,1142039,a336fdddcc777c59538a9a674da1189bb7df095fa167b1c9b68c7555c5968945,0,0,32,-0.3200000000000001,-0.0415999999999999,10,22,16,7,29,9,1,1.9531320382714514,0.0,0,,random_actions,random_actions:panel_2:1:1142039:0
shared,shared,random_actions,1,30000,1,reference,panel_2,1142039,a336fdddcc777c59538a9a674da1189bb7df095fa167b1c9b68c7555c5968945,1,0,32,-0.3200000000000001,-0.012799999999999895,21,11,8,4,27,3,1,1.8839334052221899,0.0,0,,random_actions,random_actions:panel_2:1:1142039:1
shared,shared,random_actions,1,30000,1,reference,panel_2,1142040,87dc6b8626d6ab27685558e7e5d929c1d2ca09072d984b4458fb148c63c293ea,0,0,32,-0.3200000000000001,-0.03919999999999983,17,15,12,4,30,7,1,1.9789812615574502,0.0,0,,random_actions,random_actions:panel_2:1:1142040:0
shared,shared,random_actions,1,30000,1,reference,panel_2,1142040,87dc6b8626d6ab27685558e7e5d929c1d2ca09072d984b4458fb148c63c293ea,1,0,32,-0.3200000000000001,-0.10039999999999993,17,15,11,5,32,8,1,2.0914858362000026,0.0,0,,random_actions,random_actions:panel_2:1:1142040:1
shared,shared,random_actions,1,30000,1,reference,panel_2,1142041,8031b90124db2193237423518309b0c89758ba33e8a6045ec489043a08c5f56a,0,1,9,0.91,0.968,2,7,4,4,9,4,0,0.30933446000000053,0.0,0,,random_actions,random_actions:panel_2:1:1142041:0
shared,shared,random_actions,1,30000,1,reference,panel_2,1142041,8031b90124db2193237423518309b0c89758ba33e8a6045ec489043a08c5f56a,1,1,30,0.7,0.8324,7,23,14,10,30,12,0,1.0954033377140022,0.0,0,,random_actions,random_actions:panel_2:1:1142041:1
shared,shared,random_actions,1,30000,1,reference,panel_2,1142042,0379cb35e85c883bca23ac01b8556241e4bf3d119a94958f13240df8617387b8,0,0,32,-0.3200000000000001,0.12880000000000016,13,19,12,8,28,9,1,1.7815856129310887,0.0,0,,random_actions,random_actions:panel_2:1:1142042:0
shared,shared,random_actions,1,30000,1,reference,panel_2,1142042,0379cb35e85c883bca23ac01b8556241e4bf3d119a94958f13240df8617387b8,1,1,22,0.7799999999999999,1.098,10,12,4,9,22,9,0,0.5960036125912914,0.0,0,,random_actions,random_actions:panel_2:1:1142042:1
shared,shared,random_actions,1,30000,1,reference,panel_2,1142043,fa2b6fb03565c142c7163d2081f0f9296aa029105253d2149408abcc830f062e,0,1,4,0.96,1.0048000000000001,1,3,0,4,4,2,0,0.11790900000000015,0.0,0,,random_actions,random_actions:panel_2:1:1142043:0
shared,shared,random_actions,1,30000,1,reference,panel_2,1142043,fa2b6fb03565c142c7163d2081f0f9296aa029105253d2149408abcc830f062e,1,1,1,0.99,1.03,0,1,0,2,1,1,0,0.0,0.0,0,,random_actions,random_actions:panel_2:1:1142043:1
shared,shared,random_actions,1,30000,1,reference,panel_2,1142044,49b674e454a986d5a355bacc7672e72f401cdc1c75470dfaaf16346895f26281,0,0,32,-0.3200000000000001,0.19280000000000017,14,18,11,8,28,8,1,1.7305535909833933,0.0,0,,random_actions,random_actions:panel_2:1:1142044:0
shared,shared,random_actions,1,30000,1,reference,panel_2,1142044,49b674e454a986d5a355bacc7672e72f401cdc1c75470dfaaf16346895f26281,1,0,32,-0.3200000000000001,0.17480000000000012,14,18,14,5,28,9,1,1.743274350319059,0.0,0,,random_actions,random_actions:panel_2:1:1142044:1
shared,shared,random_actions,1,30000,1,reference,panel_2,1142045,1534bd168fbdb5d8ef1979cc3ee7d52b09d7acb95f07be52009d980de0f1dc14,0,0,32,-0.3200000000000001,0.19400000000000017,14,18,15,4,26,8,1,1.6802782903616102,0.0,0,,random_actions,random_actions:panel_2:1:1142045:0
shared,shared,random_actions,1,30000,1,reference,panel_2,1142045,1534bd168fbdb5d8ef1979cc3ee7d52b09d7acb95f07be52009d980de0f1dc14,1,0,32,-0.3200000000000001,0.16400000000000015,8,24,13,12,26,11,1,1.707863203414074,0.0,0,,random_actions,random_actions:panel_2:1:1142045:1
shared,shared,random_actions,1,30000,1,reference,panel_2,1142046,bb49b7f2637c33514fe8b9aa798d5406a51e5323066ca0e9a4fdf6d51adf51b2,0,0,32,-0.3200000000000001,-0.08239999999999988,18,14,10,5,31,7,1,2.0466384729000016,0.0,0,,random_actions,random_actions:panel_2:1:1142046:0
shared,shared,random_actions,1,30000,1,reference,panel_2,1142046,bb49b7f2637c33514fe8b9aa798d5406a51e5323066ca0e9a4fdf6d51adf51b2,1,1,29,0.71,0.9068,8,21,8,14,29,12,0,0.991120266200002,0.0,0,,random_actions,random_actions:panel_2:1:1142046:1
shared,shared,random_actions,1,30000,1,reference,panel_2,1142047,07ca9478850a4b15581d9be692daa3423f46940d61899100777a1d5e53020641,0,0,32,-0.3200000000000001,0.13080000000000028,10,22,13,10,28,9,1,1.7806976506214283,0.0,0,,random_actions,random_actions:panel_2:1:1142047:0
shared,shared,random_actions,1,30000,1,reference,panel_2,1142047,07ca9478850a4b15581d9be692daa3423f46940d61899100777a1d5e53020641,1,0,32,-0.3200000000000001,0.06960000000000013,9,23,14,10,29,11,1,1.8525183007522334,0.0,0,,random_actions,random_actions:panel_2:1:1142047:1
shared,shared,random_actions,1,30000,1,reference,panel_2,1142048,6366f9ca415a3817fee53a6c7d2ea4f2142387118d80ada1af844fa6b668fc77,0,0,32,-0.3200000000000001,0.11560000000000015,12,20,12,9,29,10,1,1.8154235531272191,0.0,0,,random_actions,random_actions:panel_2:1:1142048:0
shared,shared,random_actions,1,30000,1,reference,panel_2,1142048,6366f9ca415a3817fee53a6c7d2ea4f2142387118d80ada1af844fa6b668fc77,1,1,20,0.7999999999999999,1.1288,0,20,12,9,20,13,0,0.5040699094850004,0.0,0,,random_actions,random_actions:panel_2:1:1142048:1
shared,shared,random_actions,1,30000,1,reference,panel_2,1142049,2a8dd1abe3bd0e158b64b8d5be7a79a71d362e8cd75a64ecf2a371f349c05afb,0,1,1,0.99,1.03,0,1,0,2,1,1,0,0.0,0.0,0,,random_actions,random_actions:panel_2:1:1142049:0
shared,shared,random_actions,1,30000,1,reference,panel_2,1142049,2a8dd1abe3bd0e158b64b8d5be7a79a71d362e8cd75a64ecf2a371f349c05afb,1,1,17,0.83,0.9048,4,13,5,9,17,7,0,0.619894578100001,0.0,0,,random_actions,random_actions:panel_2:1:1142049:1
shared,shared,random_actions,1,30000,1,reference,panel_2,1142050,3c6db5c8513a07c07eaba17b1a8e732ddf306585e9cc11d9320605261b68d4dd,0,1,30,0.7,1.06,6,24,13,12,30,15,0,0.8827695227014507,0.0,0,,random_actions,random_actions:panel_2:1:1142050:0
shared,shared,random_actions,1,30000,1,reference,panel_2,1142050,3c6db5c8513a07c07eaba17b1a8e732ddf306585e9cc11d9320605261b68d4dd,1,0,32,-0.3200000000000001,0.10840000000000014,17,15,10,6,27,6,1,1.7707516033221893,0.0,0,,random_actions,random_actions:panel_2:1:1142050:1
shared,shared,random_actions,1,30000,1,reference,panel_2,1142051,be1e3f4fa0cf2659d8f71cb02ac060675484ccad6caaa5e534f0a459af4b4173,0,1,19,0.8099999999999999,0.9876,4,15,8,8,19,9,0,0.6013702405000009,0.0,0,,random_actions,random_actions:panel_2:1:1142051:0
shared,shared,random_actions,1,30000,1,reference,panel_2,1142051,be1e3f4fa0cf2659d8f71cb02ac060675484ccad6caaa5e534f0a459af4b4173,1,1,6,0.94,1.0756000000000001,1,5,1,5,6,4,0,0.11094057810000024,0.0,0,,random_actions,random_actions:panel_2:1:1142051:1
shared,shared,random_actions,1,30000,1,reference,panel_2,1142052,5ce3da2be27c2c09506207c91e46dfdb40957546bf50b28b88efc4618eca0830,0,0,32,-0.3200000000000001,0.11040000000000019,22,10,8,3,27,3,1,1.7743503188215959,0.0,0,,random_actions,random_actions:panel_2:1:1142052:0
shared,shared,random_actions,1,30000,1,reference,panel_2,1142052,5ce3da2be27c2c09506207c91e46dfdb40957546bf50b28b88efc4618eca0830,1,0,32,-0.3200000000000001,0.10200000000000017,22,10,6,5,28,4,1,1.8103362720219736,0.0,0,,random_actions,random_actions:panel_2:1:1142052:1
shared,shared,random_actions,1,30000,1,reference,panel_2,1142053,68122c36d27936a7c464279b47f1d03fff033dacce2d29337a63a79cf6044654,0,1,10,0.9,1.0004,0,10,5,6,10,6,0,0.3081434600000006,0.0,0,,random_actions,random_actions:panel_2:1:1142053:0
shared,shared,random_actions,1,30000,1,reference,panel_2,1142053,68122c36d27936a7c464279b47f1d03fff033dacce2d29337a63a79cf6044654,1,0,32,-0.3200000000000001,-0.16199999999999998,5,27,15,13,31,13,1,2.1220889581000026,0.0,0,,random_actions,random_actions:panel_2:1:1142053:1
shared,shared,random_actions,1,30000,1,reference,panel_2,1142054,47c2099e4d3beeec4bfd03679237f53cc73781997e804baee63f2c528912dde3,0,0,32,-0.3200000000000001,-0.14159999999999995,3,29,19,11,31,14,1,2.1025154686000023,0.0,0,,random_actions,random_actions:panel_2:1:1142054:0
shared,shared,random_actions,1,30000,1,reference,panel_2,1142054,47c2099e4d3beeec4bfd03679237f53cc73781997e804baee63f2c528912dde3,1,1,9,0.91,1.0044,3,6,4,3,9,4,0,0.2731360000000005,0.0,0,,random_actions,random_actions:panel_2:1:1142054:1
shared,shared,random_actions,1,30000,1,reference,panel_2,1142055,eec8e9174e4e64fdd0cb0fa46af565ad9ad1d9135d961741f990ca50698b8dfd,0,0,32,-0.3200000000000001,0.026000000000000197,10,22,10,13,30,11,1,1.9186081881314192,0.0,0,,random_actions,random_actions:panel_2:1:1142055:0
shared,shared,random_actions,1,30000,1,reference,panel_2,1142055,eec8e9174e4e64fdd0cb0fa46af565ad9ad1d9135d961741f990ca50698b8dfd,1,1,29,0.71,1.0080000000000002,9,20,8,13,29,12,0,0.8962110852965804,0.0,0,,random_actions,random_actions:panel_2:1:1142055:1
shared,shared,random_actions,1,30000,1,reference,panel_2,1142056,bc31423bbd0b61e05d6bc417d9f0f4ea59d0cf5a37b844e26a0d2ad32d3ec9a9,0,0,32,-0.3200000000000001,0.03240000000000019,13,19,9,11,29,9,1,1.8891946359888703,0.0,0,,random_actions,random_actions:panel_2:1:1142056:0
shared,shared,random_actions,1,30000,1,reference,panel_2,1142056,bc31423bbd0b61e05d6bc417d9f0f4ea59d0cf5a37b844e26a0d2ad32d3ec9a9,1,0,32,-0.3200000000000001,0.02160000000000014,12,20,13,8,29,9,1,1.8945643840912905,0.0,0,,random_actions,random_actions:panel_2:1:1142056:1
shared,shared,random_actions,1,30000,1,reference,panel_2,1142057,48ffb882e12df1d3696ecbbd4e5f192621b1afb1a533b8e5208cf8855ca56165,0,1,5,0.95,1.0372000000000001,1,4,2,3,5,3,0,0.11671800000000021,0.0,0,,random_actions,random_actions:panel_2:1:1142057:0
shared,shared,random_actions,1,30000,1,reference,panel_2,1142057,48ffb882e12df1d3696ecbbd4e5f192621b1afb1a533b8e5208cf8855ca56165,1,0,32,-0.3200000000000001,-0.08279999999999998,13,19,11,9,29,7,1,1.9983667891574517,0.0,0,,random_actions,random_actions:panel_2:1:1142057:1
shared,shared,random_actions,1,30000,1,reference,panel_2,1142058,c64fd917087ee04ee95f1c3b21250c257f38eae479cd47b1ef61109af8951b37,0,0,32,-0.3200000000000001,0.04440000000000016,9,23,12,12,27,9,1,1.8308068012535814,0.0,0,,random_actions,random_actions:panel_2:1:1142058:0
shared,shared,random_actions,1,30000,1,reference,panel_2,1142058,c64fd917087ee04ee95f1c3b21250c257f38eae479cd47b1ef61109af8951b37,1,0,32,-0.3200000000000001,0.049200000000000174,11,21,16,6,30,10,1,1.8985413113830019,0.0,0,,random_actions,random_actions:panel_2:1:1142058:1
shared,shared,random_actions,1,30000,1,reference,panel_2,1142059,4cf1a569ee712d853f3d66f45f6cbd2416c8e08769e26c7f43ed3629ead16db3,0,1,9,0.91,1.0892,1,8,1,8,9,6,0,0.19258073000000042,0.0,0,,random_actions,random_actions:panel_2:1:1142059:0
shared,shared,random_actions,1,30000,1,reference,panel_2,1142059,4cf1a569ee712d853f3d66f45f6cbd2416c8e08769e26c7f43ed3629ead16db3,1,1,29,0.71,0.9552,7,22,11,12,29,13,0,0.9458140553140019,0.0,0,,random_actions,random_actions:panel_2:1:1142059:1
shared,shared,random_actions,1,30000,1,reference,panel_2,1142060,0e933074c26ac3f217b37ce39b767af1b470ff8c4f431ff64a6ccdac4a5756d7,0,1,27,0.73,1.12,3,24,13,12,27,15,0,0.733584588785147,0.0,0,,random_actions,random_actions:panel_2:1:1142060:0
shared,shared,random_actions,1,30000,1,reference,panel_2,1142060,0e933074c26ac3f217b37ce39b767af1b470ff8c4f431ff64a6ccdac4a5756d7,1,0,32,-0.3200000000000001,0.04600000000000007,4,28,16,13,32,16,1,1.9585008049255814,0.0,0,,random_actions,random_actions:panel_2:1:1142060:1
shared,shared,random_actions,1,30000,1,reference,panel_2,1142061,616117682593b177c948b61b64283d404b679e8a540c599c4ba3eaded76912e1,0,1,21,0.7899999999999999,0.9952000000000001,6,15,7,9,21,9,0,0.6568130468280016,0.0,0,,random_actions,random_actions:panel_2:1:1142061:0
shared,shared,random_actions,1,30000,1,reference,panel_2,1142061,616117682593b177c948b61b64283d404b679e8a540c599c4ba3eaded76912e1,1,0,32,-0.3200000000000001,-0.02839999999999987,16,16,9,8,28,5,1,1.9165545878400025,0.0,0,,random_actions,random_actions:panel_2:1:1142061:1
shared,shared,random_actions,1,30000,1,reference,panel_2,1142062,c2d15d0d736e13f9fc0b6479cbb68afdd2288c4eac5f9d199d827d8d210ed892,0,0,32,-0.3200000000000001,-0.11879999999999986,9,23,15,9,28,9,1,2.0009234811280017,0.0,0,,random_actions,random_actions:panel_2:1:1142062:0
shared,shared,random_actions,1,30000,1,reference,panel_2,1142062,c2d15d0d736e13f9fc0b6479cbb68afdd2288c4eac5f9d199d827d8d210ed892,1,1,19,0.8099999999999999,0.9548000000000001,3,16,8,9,19,9,0,0.6330148250570011,0.0,0,,random_actions,random_actions:panel_2:1:1142062:1
shared,shared,random_actions,1,30000,1,reference,panel_2,1142063,c75bd2457b65b7a93de324e828bcf8fe2c012e619578e9a73d5fd82d990d13b8,0,0,32,-0.3200000000000001,0.049200000000000105,9,23,15,9,30,11,1,1.9011137071917408,0.0,0,,random_actions,random_actions:panel_2:1:1142063:0
shared,shared,random_actions,1,30000,1,reference,panel_2,1142063,c75bd2457b65b7a93de324e828bcf8fe2c012e619578e9a73d5fd82d990d13b8,1,0,32,-0.3200000000000001,0.0012000000000000899,8,24,11,14,30,13,1,1.942019236828002,0.0,0,,random_actions,random_actions:panel_2:1:1142063:1
shared,shared,random_actions,1,30000,1,reference,panel_2,1142064,4c1456e94bccc097203c3c1db8936703bcaa9542e1ed98e95ae74c5818c1cafb,0,0,32,-0.3200000000000001,0.05520000000000019,20,12,10,3,28,5,1,1.8429341213830022,0.0,0,,random_actions,random_actions:panel_2:1:1142064:0
shared,shared,random_actions,1,30000,1,reference,panel_2,1142064,4c1456e94bccc097203c3c1db8936703bcaa9542e1ed98e95ae74c5818c1cafb,1,0,32,-0.3200000000000001,-0.010799999999999907,12,20,12,9,31,11,1,1.9807427645560027,0.0,0,,random_actions,random_actions:panel_2:1:1142064:1
shared,shared,random_actions,2,30000,1,reference,panel_2,1142000,3b44199a91cebe57885979656801de83cd337400c224c9484d28155a50f26af5,0,0,32,-0.3200000000000001,-0.15599999999999997,11,21,14,8,31,10,1,2.116170760000003,0.0,0,,random_actions,random_actions:panel_2:2:1142000:0
shared,shared,random_actions,2,30000,1,reference,panel_2,1142000,3b44199a91cebe57885979656801de83cd337400c224c9484d28155a50f26af5,1,1,10,0.9,0.9956,2,8,5,4,10,5,0,0.31283600000000045,0.0,0,,random_actions,random_actions:panel_2:2:1142000:1
shared,shared,random_actions,2,30000,1,reference,panel_2,1142001,2fb5cc5a7185aea65ce7270a9a1caab7eaa29bf3855d87f40701cf7b084b263e,0,0,32,-0.3200000000000001,-0.04519999999999991,8,24,16,9,28,9,1,1.9319752473270015,0.0,0,,random_actions,random_actions:panel_2:2:1142001:0
shared,shared,random_actions,2,30000,1,reference,panel_2,1142001,2fb5cc5a7185aea65ce7270a9a1caab7eaa29bf3855d87f40701cf7b084b263e,1,1,13,0.87,1.0512000000000001,4,9,3,7,13,6,0,0.3538329085951599,0.0,0,,random_actions,random_actions:panel_2:2:1142001:1
shared,shared,random_actions,2,30000,1,reference,panel_2,1142002,b1ec73aa6771a9d4edd35faaf8ced9c8653cac69c82a47a5ec9f2fd215d47680,0,0,32,-0.3200000000000001,-0.013599999999999834,8,24,11,14,29,11,1,1.9313458576472917,0.0,0,,random_actions,random_actions:panel_2:2:1142002:0
shared,shared,random_actions,2,30000,1,reference,panel_2,1142002,b1ec73aa6771a9d4edd35faaf8ced9c8653cac69c82a47a5ec9f2fd215d47680,1,0,32,-0.3200000000000001,0.003200000000000147,13,19,13,7,29,8,1,1.9163976080840008,0.0,0,,random_actions,random_actions:panel_2:2:1142002:1
shared,shared,random_actions,2,30000,1,reference,panel_2,1142003,bb33f68e20a8ade13bdeb341ae2d0b6345900edb66010da696677117b1951980,0,1,23,0.7699999999999999,0.8484,12,11,7,5,23,6,0,0.8615614600000014,0.0,0,,random_actions,random_actions:panel_2:2:1142003:0
shared,shared,random_actions,2,30000,1,reference,panel_2,1142003,bb33f68e20a8ade13bdeb341ae2d0b6345900edb66010da696677117b1951980,1,1,7,0.9299999999999999,0.9796,2,5,2,4,7,3,0,0.2358180000000003,0.0,0,,random_actions,random_actions:panel_2:2:1142003:1
shared,shared,random_actions,2,30000,1,reference,panel_2,1142004,d36d3f0f696592d60b51fe274907ad7c349060461283584f1c55fb34e8bca1da,0,1,26,0.74,1.0128000000000001,6,20,10,11,26,12,0,0.7975646594825817,0.0,0,,random_actions,random_actions:panel_2:2:1142004:0
shared,shared,random_actions,2,30000,1,reference,panel_2,1142004,d36d3f0f696592d60b51fe274907ad7c349060461283584f1c55fb34e8bca1da,1,1,32,0.6799999999999999,0.9624000000000001,6,26,14,13,32,15,0,1.032866819291292,0.0,0,,random_actions,random_actions:panel_2:2:1142004:1
shared,shared,random_actions,2,30000,1,reference,panel_2,1142005,d75767af4359bb829d28fdaa5ee472baaafd296d00835c06e3cfbe25f7d65197,0,0,32,-0.3200000000000001,-0.05479999999999989,10,22,15,8,30,10,1,1.9920669644130011,0.0,0,,random_actions,random_actions:panel_2:2:1142005:0
shared,shared,random_actions,2,30000,1,reference,panel_2,1142005,d75767af4359bb829d28fdaa5ee472baaafd296d00835c06e3cfbe25f7d65197,1,0,32,-0.3200000000000001,-0.05599999999999995,8,24,16,9,30,11,1,1.9933220809332912,0.0,0,,random_actions,random_actions:panel_2:2:1142005:1
shared,shared,random_actions,2,30000,1,reference,panel_2,1142006,9fa47791851cb7497fea63d28c09c36acefb326942a81e9c6bcbacd8235fb966,0,1,4,0.96,1.006,1,3,1,3,4,2,0,0.11671800000000021,0.0,0,,random_actions,random_actions:panel_2:2:1142006:0
shared,shared,random_actions,2,30000,1,reference,panel_2,1142006,9fa47791851cb7497fea63d28c09c36acefb326942a81e9c6bcbacd8235fb966,1,1,1,0.99,1.03,0,1,0,2,1,1,0,0.0,0.0,0,,random_actions,random_actions:panel_2:2:1142006:1
shared,shared,random_actions,2,30000,1,reference,panel_2,1142007,b0f69b3c1d689e75b59e3e30886bb0c6ee211a7c783b23394c178810343a0ac6,0,0,32,-0.3200000000000001,0.06520000000000012,6,26,17,10,31,14,1,1.9122627807420012,0.0,0,,random_actions,random_actions:panel_2:2:1142007:0
shared,shared,random_actions,2,30000,1,reference,panel_2,1142007,b0f69b3c1d689e75b59e3e30886bb0c6ee211a7c783b23394c178810343a0ac6,1,1,11,0.89,1.1756,1,10,3,8,11,8,0,0.17843871801165256,0.0,0,,random_actions,random_actions:panel_2:2:1142007:1
shared,shared,random_actions,2,30000,1,reference,panel_2,1142008,0d165eab1f7b761702aff7730d01d65748ee6919c6cd58f50247be81969772f1,0,0,32,-0.3200000000000001,0.004400000000000126,18,14,11,4,28,5,1,1.89240984648887,0.0,0,,random_actions,random_actions:panel_2:2:1142008:0
shared,shared,random_actions,2,30000,1,reference,panel_2,1142008,0d165eab1f7b761702aff7730d01d65748ee6919c6cd58f50247be81969772f1,1,0,32,-0.3200000000000001,-0.009999999999999842,13,19,9,11,30,9,1,1.953655762639581,0.0,0,,random_actions,random_actions:panel_2:2:1142008:1
shared,shared,random_actions,2,30000,1,reference,panel_2,1142009,78201b98aa900e570c4525ffd496ffe418d8a2c63ce653595432eac1ef571b2e,0,0,32,-0.3200000000000001,-0.15360000000000001,3,29,22,8,31,14,1,2.1140703124000026,0.0,0,,random_actions,random_actions:panel_2:2:1142009:0
shared,shared,random_actions,2,30000,1,reference,panel_2,1142009,78201b98aa900e570c4525ffd496ffe418d8a2c63ce653595432eac1ef571b2e,1,0,32,-0.3200000000000001,-0.11519999999999984,8,24,15,10,29,10,1,2.0248367892280017,0.0,0,,random_actions,random_actions:panel_2:2:1142009:1
shared,shared,random_actions,2,30000,1,reference,panel_2,1142010,c8907a92ccc2bd0b5aaf7125a33288f3a22098be64ff52ec0e8b7b06a5a44841,0,1,22,0.7799999999999999,1.0324000000000002,6,16,8,9,22,10,0,0.6534175927710004,0.0,0,,random_actions,random_actions:panel_2:2:1142010:0
shared,shared,random_actions,2,30000,1,reference,panel_2,1142010,c8907a92ccc2bd0b5aaf7125a33288f3a22098be64ff52ec0e8b7b06a5a44841,1,0,32,-0.3200000000000001,-0.018399999999999826,11,21,12,10,32,12,1,2.0148309117560013,0.0,0,,random_actions,random_actions:panel_2:2:1142010:1
shared,shared,random_actions,2,30000,1,reference,panel_2,1142011,e343d98a285e375dd0ec00233f818a4462ff9008ef8800838b84362f29f8d645,0,0,32,-0.3200000000000001,0.1452000000000001,13,19,11,9,29,11,1,1.7905788331362622,0.0,0,,random_actions,random_actions:panel_2:2:1142011:0
shared,shared,random_actions,2,30000,1,reference,panel_2,1142011,e343d98a285e375dd0ec00233f818a4462ff9008ef8800838b84362f29f8d645,1,0,32,-0.3200000000000001,0.2208000000000002,11,21,14,8,27,10,1,1.67859225419426,0.0,0,,random_actions,random_actions:panel_2:2:1142011:1
shared,shared,random_actions,2,30000,1,reference,panel_2,1142012,45d98de6be288ce470a6e48cb544cf287f584ff309e819813e017ef7660d4d7b,0,1,3,0.97,1.0524,1,2,0,3,3,2,0,0.03970000000000007,0.0,0,,random_actions,random_actions:panel_2:2:1142012:0
shared,shared,random_actions,2,30000,1,reference,panel_2,1142012,45d98de6be288ce470a6e48cb544cf287f584ff309e819813e017ef7660d4d7b,1,0,32,-0.3200000000000001,-0.08159999999999978,8,24,13,12,28,9,1,1.9751012307395808,0.0,0,,random_actions,random_actions:panel_2:2:1142012:1
shared,shared,random_actions,2,30000,1,reference,panel_2,1142013,0bd9ecdeff4f6914d45dcc4bb79d3f0b449c2420931f880a36741fd3b1d0b703,0,1,19,0.8099999999999999,0.8884000000000001,10,9,5,5,19,5,0,0.6979260000000016,0.0,0,,random_actions,random_actions:panel_2:2:1142013:0
shared,shared,random_actions,2,30000,1,reference,panel_2,1142013,0bd9ecdeff4f6914d45dcc4bb79d3f0b449c2420931f880a36741fd3b1d0b703,1,1,1,0.99,1.03,0,1,0,2,1,1,0,0.0,0.0,0,,random_actions,random_actions:panel_2:2:1142013:1
shared,shared,random_actions,2,30000,1,reference,panel_2,1142014,58fb0efc6f1c2eab7de9c5a248beb2a8976605369282448463140910034d4414,0,0,32,-0.3200000000000001,0.010400000000000131,5,27,17,11,28,12,1,1.8839126440835519,0.0,0,,random_actions,random_actions:panel_2:2:1142014:0
shared,shared,random_actions,2,30000,1,reference,panel_2,1142014,58fb0efc6f1c2eab7de9c5a248beb2a8976605369282448463140910034d4414,1,1,26,0.74,0.9684000000000001,12,14,7,8,26,9,0,0.8395323988570015,0.0,0,,random_actions,random_actions:panel_2:2:1142014:1
shared,shared,random_actions,2,30000,1,reference,panel_2,1142015,0b712fdb4eb4aeaf053673f47684b605aed8013c0f497df298e3a0ebe14f62d8,0,0,32,-0.3200000000000001,-0.10399999999999997,9,23,13,11,30,11,1,2.0393521143000024,0.0,0,,random_actions,random_actions:panel_2:2:1142015:0
shared,shared,random_actions,2,30000,1,reference,panel_2,1142015,0b712fdb4eb4aeaf053673f47684b605aed8013c0f497df298e3a0ebe14f62d8,1,0,32,-0.3200000000000001,-0.0823999999999999,9,23,16,8,31,11,1,2.046778177200002,0.0,0,,random_actions,random_actions:panel_2:2:1142015:1
shared,shared,random_actions,2,30000,1,reference,panel_2,1142016,6829aefd2534d157393c3a103a4c25365805152052b214617df67b1978a2ba8d,0,1,1,0.99,1.03,0,1,0,2,1,1,0,0.0,0.0,0,,random_actions,random_actions:panel_2:2:1142016:0
shared,shared,random_actions,2,30000,1,reference,panel_2,1142016,6829aefd2534d157393c3a103a4c25365805152052b214617df67b1978a2ba8d,1,0,32,-0.3200000000000001,-0.14319999999999994,7,25,16,10,30,10,1,2.0804655091622912,0.0,0,,random_actions,random_actions:panel_2:2:1142016:1
shared,shared,random_actions,2,30000,1,reference,panel_2,1142017,051be5fdd50735b45e992fe0330039e1f0acd36ed2a4e8aafa81c6e46f8ce098,0,0,32,-0.3200000000000001,-0.05799999999999961,14,18,8,11,24,3,1,1.8670481125148917,0.0,0,,random_actions,random_actions:panel_2:2:1142017:0
shared,shared,random_actions,2,30000,1,reference,panel_2,1142017,051be5fdd50735b45e992fe0330039e1f0acd36ed2a4e8aafa81c6e46f8ce098,1,0,32,-0.3200000000000001,-0.019599999999999507,9,23,9,15,23,3,1,1.8457906957207229,0.0,0,,random_actions,random_actions:panel_2:2:1142017:1
shared,shared,random_actions,2,30000,1,reference,panel_2,1142018,9ea10797233a5593b7e01be930b639f517045a02f7b3bbdc0d8137113c7f16c1,0,0,32,-0.3200000000000001,-0.050799999999999956,13,19,7,13,30,9,1,1.993034561000001,0.0,0,,random_actions,random_actions:panel_2:2:1142018:0
shared,shared,random_actions,2,30000,1,reference,panel_2,1142018,9ea10797233a5593b7e01be930b639f517045a02f7b3bbdc0d8137113c7f16c1,1,0,32,-0.3200000000000001,-0.005199999999999844,11,21,10,12,29,10,1,1.9223737144738706,0.0,0,,random_actions,random_actions:panel_2:2:1142018:1
shared,shared,random_actions,2,30000,1,reference,panel_2,1142019,3244e6855ddd578178b8e81baf2f8755bd20c14103650e40510aefb39dc601b6,0,1,24,0.7599999999999999,0.8708000000000001,13,11,8,4,24,6,0,0.870759950000002,0.0,0,,random_actions,random_actions:panel_2:2:1142019:0
shared,shared,random_actions,2,30000,1,reference,panel_2,1142019,3244e6855ddd578178b8e81baf2f8755bd20c14103650e40510aefb39dc601b6,1,1,23,0.7699999999999999,0.8676,10,13,8,6,23,7,0,0.8426483800000022,0.0,0,,random_actions,random_actions:panel_2:2:1142019:1
shared,shared,random_actions,2,30000,1,reference,panel_2,1142020,345002532c25551104d6370845a74acfe9a25d2bc755d81973f278cfc4030fc0,0,0,32,-0.3200000000000001,-0.15999999999999986,9,23,11,13,27,9,1,2.026809564234292,0.0,0,,random_actions,random_actions:panel_2:2:1142020:0
shared,shared,random_actions,2,30000,1,reference,panel_2,1142020,345002532c25551104d6370845a74acfe9a25d2bc755d81973f278cfc4030fc0,1,1,1,0.99,1.03,0,1,0,2,1,1,0,0.0,0.0,0,,random_actions,random_actions:panel_2:2:1142020:1
shared,shared,random_actions,2,30000,1,reference,panel_2,1142021,8306894d1c269474f2030f29987acc9fadc1df7acc7598c2268ea28f82ecd329,0,1,7,0.9299999999999999,1.0704,0,7,2,6,7,5,0,0.14717369620000031,0.0,0,,random_actions,random_actions:panel_2:2:1142021:0
shared,shared,random_actions,2,30000,1,reference,panel_2,1142021,8306894d1c269474f2030f29987acc9fadc1df7acc7598c2268ea28f82ecd329,1,1,25,0.7499999999999999,0.9504,4,21,12,10,25,12,0,0.8243016205000018,0.0,0,,random_actions,random_actions:panel_2:2:1142021:1
shared,shared,random_actions,2,30000,1,reference,panel_2,1142022,a1385e0e806986350cac5bc6479a1bbd074694e95d030f93a35089cb0f48c2c6,0,1,29,0.71,1.064,7,22,9,14,29,14,0,0.8473217157482911,0.0,0,,random_actions,random_actions:panel_2:2:1142022:0
shared,shared,random_actions,2,30000,1,reference,panel_2,1142022,a1385e0e806986350cac5bc6479a1bbd074694e95d030f93a35089cb0f48c2c6,1,0,32,-0.3200000000000001,0.09160000000000014,9,23,14,10,30,12,1,1.8600673770160452,0.0,0,,random_actions,random_actions:panel_2:2:1142022:1
shared,shared,random_actions,2,30000,1,reference,panel_2,1142023,9a05949e8c14b17acd2c0582d07b76c825bce1714d67be2745467e89dc494fa3,0,1,11,0.89,0.9576,4,7,3,5,11,4,0,0.38165992000000093,0.0,0,,random_actions,random_actions:panel_2:2:1142023:0
shared,shared,random_actions,2,30000,1,reference,panel_2,1142023,9a05949e8c14b17acd2c0582d07b76c825bce1714d67be2745467e89dc494fa3,1,1,18,0.82,0.8996000000000001,7,11,7,5,18,6,0,0.6559154600000016,0.0,0,,random_actions,random_actions:panel_2:2:1142023:1
shared,shared,random_actions,2,30000,1,reference,panel_2,1142024,6a1d247ca48b398dde1c25b6aecae86ae19b0fde83e240bb3b6971c3261f63cf,0,0,32,-0.3200000000000001,0.042000000000000134,15,17,10,8,32,10,1,1.9601790802840298,0.0,0,,random_actions,random_actions:panel_2:2:1142024:0
shared,shared,random_actions,2,30000,1,reference,panel_2,1142024,6a1d247ca48b398dde1c25b6aecae86ae19b0fde83e240bb3b6971c3261f63cf,1,1,11,0.89,1.1236000000000002,4,7,2,6,11,6,0,0.22422531455700068,0.0,0,,random_actions,random_actions:panel_2:2:1142024:1
shared,shared,random_actions,2,30000,1,reference,panel_2,1142025,72e7580f2795acd5bb0b623c4a2802ba9dceefd9b8f65aa3939bf72ae65580f3,0,1,11,0.89,0.9916,3,8,3,6,11,5,0,0.34780773000000076,0.0,0,,random_actions,random_actions:panel_2:2:1142025:0
shared,shared,random_actions,2,30000,1,reference,panel_2,1142025,72e7580f2795acd5bb0b623c4a2802ba9dceefd9b8f65aa3939bf72ae65580f3,1,1,25,0.7499999999999999,0.9452000000000002,9,16,8,9,25,9,0,0.8304033320762914,0.0,0,,random_actions,random_actions:panel_2:2:1142025:1
shared,shared,random_actions,2,30000,1,reference,panel_2,1142026,b0192b87de7e77f58e541b87308b93a20e1a542760de413b7e48a8deebe6613b,0,1,25,0.7499999999999999,0.9480000000000001,4,21,14,8,25,12,0,0.8266121605000017,0.0,0,,random_actions,random_actions:panel_2:2:1142026:0
shared,shared,random_actions,2,30000,1,reference,panel_2,1142026,b0192b87de7e77f58e541b87308b93a20e1a542760de413b7e48a8deebe6613b,1,1,10,0.9,1.0488,3,7,2,6,10,5,0,0.2615107681000006,0.0,0,,random_actions,random_actions:panel_2:2:1142026:1
shared,shared,random_actions,2,30000,1,reference,panel_2,1142027,507c35d0be6eb3ea110c8491e0367173215086d947a0bd462f0963f0c8314a51,0,1,16,0.84,0.9996,7,9,4,6,16,6,0,0.4960663081000014,0.0,0,,random_actions,random_actions:panel_2:2:1142027:0
shared,shared,random_actions,2,30000,1,reference,panel_2,1142027,507c35d0be6eb3ea110c8491e0367173215086d947a0bd462f0963f0c8314a51,1,1,3,0.97,1.0936,0,3,0,4,3,3,0,0.0,0.0,0,,random_actions,random_actions:panel_2:2:1142027:1
shared,shared,random_actions,2,30000,1,reference,panel_2,1142028,70c953c00cd721b61f10ce5ada9af6f392181042f73064af5d9ac36a32db4238,0,0,32,-0.3200000000000001,-0.003999999999999837,13,19,9,11,30,9,1,1.9483186243434505,0.0,0,,random_actions,random_actions:panel_2:2:1142028:0
shared,shared,random_actions,2,30000,1,reference,panel_2,1142028,70c953c00cd721b61f10ce5ada9af6f392181042f73064af5d9ac36a32db4238,1,1,9,0.91,1.0952000000000002,3,6,2,5,9,5,0,0.18683796620000026,0.0,0,,random_actions,random_actions:panel_2:2:1142028:1
shared,shared,random_actions,2,30000,1,reference,panel_2,1142029,cd1f6cdb7d8d9ccf9a5adb18b724ec679005707734d42571171af2753a31b000,0,1,8,0.9199999999999999,1.0532000000000001,1,7,2,6,8,5,0,0.1949270000000003,0.0,0,,random_actions,random_actions:panel_2:2:1142029:0
shared,shared,random_actions,2,30000,1,reference,panel_2,1142029,cd1f6cdb7d8d9ccf9a5adb18b724ec679005707734d42571171af2753a31b000,1,0,32,-0.3200000000000001,-0.06799999999999996,11,21,10,12,28,8,1,1.9544966904990022,0.0,0,,random_actions,random_actions:panel_2:2:1142029:1
shared,shared,random_actions,2,30000,1,reference,panel_2,1142030,136f92247bc8c9417f0a6e4caa52a3ed74da950c1e40496ea031717f95c480de,0,1,31,0.69,0.9956,12,19,8,12,31,12,0,0.971611869614002,0.0,0,,random_actions,random_actions:panel_2:2:1142030:0
shared,shared,random_actions,2,30000,1,reference,panel_2,1142030,136f92247bc8c9417f0a6e4caa52a3ed74da950c1e40496ea031717f95c480de,1,1,29,0.71,1.03,10,19,6,14,29,12,0,0.8767964731560018,0.0,0,,random_actions,random_actions:panel_2:2:1142030:1
shared,shared,random_actions,2,30000,1,reference,panel_2,1142031,f729f940aee31ac96ab92d29a664554919a9c40f8d9ea37f1b86d9a88cfa8c4d,0,0,32,-0.3200000000000001,0.00960000000000008,6,26,15,12,28,12,1,1.8910709684710016,0.0,0,,random_actions,random_actions:panel_2:2:1142031:0
shared,shared,random_actions,2,30000,1,reference,panel_2,1142031,f729f940aee31ac96ab92d29a664554919a9c40f8d9ea37f1b86d9a88cfa8c4d,1,0,32,-0.3200000000000001,0.007200000000000095,9,23,14,10,30,12,1,1.9387877458115819,0.0,0,,random_actions,random_actions:panel_2:2:1142031:1
shared,shared,random_actions,2,30000,1,reference,panel_2,1142033,775401569b8bf38d4bf1bc30d63436353ed8b6c5640b342b1694b484d53dc419,0,0,32,-0.3200000000000001,-0.01839999999999986,4,28,18,11,28,12,1,1.9125575783420015,0.0,0,,random_actions,random_actions:panel_2:2:1142033:0
shared,shared,random_actions,2,30000,1,reference,panel_2,1142033,775401569b8bf38d4bf1bc30d63436353ed8b6c5640b342b1694b484d53dc419,1,1,26,0.74,1.0104000000000002,2,24,10,15,26,14,0,0.7997733046685811,0.0,0,,random_actions,random_actions:panel_2:2:1142033:1
shared,shared,random_actions,2,30000,1,reference,panel_2,1142034,561005984aa0d51644f9d7b1e20be09f7f6cb039324b5b6fd24bf65add99a3d8,0,0,32,-0.3200000000000001,-0.05079999999999993,8,24,15,10,28,10,1,1.9408228250570017,0.0,0,,random_actions,random_actions:panel_2:2:1142034:0
shared,shared,random_actions,2,30000,1,reference,panel_2,1142034,561005984aa0d51644f9d7b1e20be09f7f6cb039324b5b6fd24bf65add99a3d8,1,0,32,-0.3200000000000001,-0.05319999999999987,11,21,16,6,30,10,1,1.9904435405000023,0.0,0,,random_actions,random_actions:panel_2:2:1142034:1
shared,shared,random_actions,2,30000,1,reference,panel_2,1142035,890068c8d8d8442fe4ac6f50ee2fadfa765224e1c94407d7727835e340f42535,0,0,32,-0.3200000000000001,-0.1864,7,25,17,9,28,10,1,2.0702541224000015,0.0,0,,random_actions,random_actions:panel_2:2:1142035:0
shared,shared,random_actions,2,30000,1,reference,panel_2,1142035,890068c8d8d8442fe4ac6f50ee2fadfa765224e1c94407d7727835e340f42535,1,0,32,-0.3200000000000001,-0.15399999999999997,5,27,19,9,27,9,1,2.012943045185002,0.0,0,,random_actions,random_actions:panel_2:2:1142035:1
shared,shared,random_actions,2,30000,1,reference,panel_2,1142036,c0ce4b5bb68bfea73acfa85df2c125a42c2f5b8c01285e744ae245d7c28a1642,0,0,32,-0.3200000000000001,0.1636000000000002,8,24,16,9,27,10,1,1.7299342633281891,0.0,0,,random_actions,random_actions:panel_2:2:1142036:0
shared,shared,random_actions,2,30000,1,reference,panel_2,1142036,c0ce4b5bb68bfea73acfa85df2c125a42c2f5b8c01285e744ae245d7c28a1642,1,0,32,-0.3200000000000001,0.16840000000000022,15,17,14,4,26,8,1,1.704015982887408,0.0,0,,random_actions,random_actions:panel_2:2:1142036:1
shared,shared,random_actions,2,30000,1,reference,panel_2,1142037,e824f452691e1284050f692cc11f298eab1f62639eef3017ae3599e66e37927b,0,0,32,-0.3200000000000001,-0.018399999999999875,10,22,14,9,29,10,1,1.9332435241700023,0.0,0,,random_actions,random_actions:panel_2:2:1142037:0
shared,shared,random_actions,2,30000,1,reference,panel_2,1142037,e824f452691e1284050f692cc11f298eab1f62639eef3017ae3599e66e37927b,1,0,32,-0.3200000000000001,-0.04599999999999986,13,19,11,9,31,10,1,2.012318000756003,0.0,0,,random_actions,random_actions:panel_2:2:1142037:1
shared,shared,random_actions,2,30000,1,reference,panel_2,1142038,f6dfaff7d9f7c066eb0b04043f2d08855283a6d90f4f790f9735aaa7e2d05b44,0,1,2,0.98,1.0212,1,1,0,2,2,1,0,0.03970000000000007,0.0,0,,random_actions,random_actions:panel_2:2:1142038:0
shared,shared,random_actions,2,30000,1,reference,panel_2,1142038,f6dfaff7d9f7c066eb0b04043f2d08855283a6d90f4f790f9735aaa7e2d05b44,1,1,2,0.98,1.0212,1,1,0,2,2,1,0,0.03970000000000007,0.0,0,,random_actions,random_actions:panel_2:2:1142038:1
shared,shared,random_actions,2,30000,1,reference,panel_2,1142039,a336fdddcc777c59538a9a674da1189bb7df095fa167b1c9b68c7555c5968945,0,0,32,-0.3200000000000001,-0.045199999999999865,15,17,11,7,29,7,1,1.9577816314903203,0.0,0,,random_actions,random_actions:panel_2:2:1142039:0
shared,shared,random_actions,2,30000,1,reference,panel_2,1142039,a336fdddcc777c59538a9a674da1189bb7df095fa167b1c9b68c7555c5968945,1,1,7,0.9299999999999999,1.0656,2,5,1,5,7,4,0,0.15172546000000042,0.0,0,,random_actions,random_actions:panel_2:2:1142039:1
shared,shared,random_actions,2,30000,1,reference,panel_2,1142040,87dc6b8626d6ab27685558e7e5d929c1d2ca09072d984b4458fb148c63c293ea,0,0,32,-0.3200000000000001,-0.04399999999999976,15,17,14,4,28,6,1,1.938496168842001,0.0,0,,random_actions,random_actions:panel_2:2:1142040:0
shared,shared,random_actions,2,30000,1,reference,panel_2,1142040,87dc6b8626d6ab27685558e7e5d929c1d2ca09072d984b4458fb148c63c293ea,1,0,32,-0.3200000000000001,-0.035599999999999854,9,23,12,12,26,8,1,1.887657275833393,0.0,0,,random_actions,random_actions:panel_2:2:1142040:1
shared,shared,random_actions,2,30000,1,reference,panel_2,1142041,8031b90124db2193237423518309b0c89758ba33e8a6045ec489043a08c5f56a,0,0,32,-0.3200000000000001,-0.18880000000000008,5,27,18,10,31,12,1,2.1501637262000024,0.0,0,,random_actions,random_actions:panel_2:2:1142041:0
shared,shared,random_actions,2,30000,1,reference,panel_2,1142041,8031b90124db2193237423518309b0c89758ba33e8a6045ec489043a08c5f56a,1,1,32,0.6799999999999999,0.8268000000000001,9,23,13,11,32,12,0,1.1631444874570018,0.0,0,,random_actions,random_actions:panel_2:2:1142041:1
shared,shared,random_actions,2,30000,1,reference,panel_2,1142042,0379cb35e85c883bca23ac01b8556241e4bf3d119a94958f13240df8617387b8,0,0,32,-0.3200000000000001,0.12280000000000012,12,20,13,8,26,7,1,1.740510160603321,0.0,0,,random_actions,random_actions:panel_2:2:1142042:0
shared,shared,random_actions,2,30000,1,reference,panel_2,1142042,0379cb35e85c883bca23ac01b8556241e4bf3d119a94958f13240df8617387b8,1,0,32,-0.3200000000000001,0.09280000000000013,7,25,15,11,30,13,1,1.8586960080729,0.0,0,,random_actions,random_actions:panel_2:2:1142042:1
shared,shared,random_actions,2,30000,1,reference,panel_2,1142043,fa2b6fb03565c142c7163d2081f0f9296aa029105253d2149408abcc830f062e,0,0,32,-0.3200000000000001,-0.15879999999999983,17,15,9,7,29,5,1,2.066608881500001,0.0,0,,random_actions,random_actions:panel_2:2:1142043:0
shared,shared,random_actions,2,30000,1,reference,panel_2,1142043,fa2b6fb03565c142c7163d2081f0f9296aa029105253d2149408abcc830f062e,1,0,32,-0.3200000000000001,-0.17320000000000002,3,29,18,12,29,12,1,2.083627080500002,0.0,0,,random_actions,random_actions:panel_2:2:1142043:1
shared,shared,random_actions,2,30000,1,reference,panel_2,1142044,49b674e454a986d5a355bacc7672e72f401cdc1c75470dfaaf16346895f26281,0,0,32,-0.3200000000000001,0.1532000000000001,10,22,17,6,27,11,1,1.7345471515952038,0.0,0,,random_actions,random_actions:panel_2:2:1142044:0
shared,shared,random_actions,2,30000,1,reference,panel_2,1142044,49b674e454a986d5a355bacc7672e72f401cdc1c75470dfaaf16346895f26281,1,0,32,-0.3200000000000001,0.17960000000000012,9,23,19,5,27,10,1,1.7124002016533497,0.0,0,,random_actions,random_actions:panel_2:2:1142044:1
shared,shared,random_actions,2,30000,1,reference,panel_2,1142045,1534bd168fbdb5d8ef1979cc3ee7d52b09d7acb95f07be52009d980de0f1dc14,0,0,32,-0.3200000000000001,0.17360000000000014,13,19,14,6,27,8,1,1.7154358485208854,0.0,0,,random_actions,random_actions:panel_2:2:1142045:0
shared,shared,random_actions,2,30000,1,reference,panel_2,1142045,1534bd168fbdb5d8ef1979cc3ee7d52b09d7acb95f07be52009d980de0f1dc14,1,0,32,-0.3200000000000001,0.1544000000000001,9,23,12,12,27,11,1,1.7356361319831024,0.0,0,,random_actions,random_actions:panel_2:2:1142045:1
shared,shared,random_actions,2,30000,1,reference,panel_2,1142046,bb49b7f2637c33514fe8b9aa798d5406a51e5323066ca0e9a4fdf6d51adf51b2,0,1,17,0.83,1.004,6,11,5,7,17,7,0,0.5230919243000012,0.0,0,,random_actions,random_actions:panel_2:2:1142046:0
shared,shared,random_actions,2,30000,1,reference,panel_2,1142046,bb49b7f2637c33514fe8b9aa798d5406a51e5323066ca0e9a4fdf6d51adf51b2,1,0,32,-0.3200000000000001,-0.08599999999999992,22,10,6,5,30,5,1,2.022020920500002,0.0,0,,random_actions,random_actions:panel_2:2:1142046:1
shared,shared,random_actions,2,30000,1,reference,panel_2,1142047,07ca9478850a4b15581d9be692daa3423f46940d61899100777a1d5e53020641,0,1,28,0.72,1.0688000000000002,5,23,12,12,28,14,0,0.8097739866734216,0.0,0,,random_actions,random_actions:panel_2:2:1142047:0
shared,shared,random_actions,2,30000,1,reference,panel_2,1142047,07ca9478850a4b15581d9be692daa3423f46940d61899100777a1d5e53020641,1,1,26,0.74,1.0372000000000001,13,13,5,9,26,9,0,0.7757060736570006,0.0,0,,random_actions,random_actions:panel_2:2:1142047:1
shared,shared,random_actions,2,30000,1,reference,panel_2,1142048,6366f9ca415a3817fee53a6c7d2ea4f2142387118d80ada1af844fa6b668fc77,0,0,32,-0.3200000000000001,0.0748000000000001,4,28,16,13,30,15,1,1.8766473718981764,0.0,0,,random_actions,random_actions:panel_2:2:1142048:0
shared,shared,random_actions,2,30000,1,reference,panel_2,1142048,6366f9ca415a3817fee53a6c7d2ea4f2142387118d80ada1af844fa6b668fc77,1,0,32,-0.3200000000000001,0.07600000000000012,7,25,15,11,29,12,1,1.8504069283145235,0.0,0,,random_actions,random_actions:panel_2:2:1142048:1
shared,shared,random_actions,2,30000,1,reference,panel_2,1142049,2a8dd1abe3bd0e158b64b8d5be7a79a71d362e8cd75a64ecf2a371f349c05afb,0,1,1,0.99,1.03,0,1,0,2,1,1,0,0.0,0.0,0,,random_actions,random_actions:panel_2:2:1142049:0
shared,shared,random_actions,2,30000,1,reference,panel_2,1142049,2a8dd1abe3bd0e158b64b8d5be7a79a71d362e8cd75a64ecf2a371f349c05afb,1,1,10,0.9,0.958,1,9,5,5,10,5,0,0.35018973000000053,0.0,0,,random_actions,random_actions:panel_2:2:1142049:1
shared,shared,random_actions,2,30000,1,reference,panel_2,1142050,3c6db5c8513a07c07eaba17b1a8e732ddf306585e9cc11d9320605261b68d4dd,0,1,24,0.7599999999999999,1.09,4,20,10,11,24,13,0,0.6660500704975814,0.0,0,,random_actions,random_actions:panel_2:2:1142050:0
shared,shared,random_actions,2,30000,1,reference,panel_2,1142050,3c6db5c8513a07c07eaba17b1a8e732ddf306585e9cc11d9320605261b68d4dd,1,0,32,-0.3200000000000001,0.05680000000000011,7,25,15,11,30,13,1,1.8915787320724515,0.0,0,,random_actions,random_actions:panel_2:2:1142050:1
shared,shared,random_actions,2,30000,1,reference,panel_2,1142051,be1e3f4fa0cf2659d8f71cb02ac060675484ccad6caaa5e534f0a459af4b4173,0,0,32,-0.3200000000000001,-0.10519999999999992,10,22,16,7,31,11,1,2.067473350500002,0.0,0,,random_actions,random_actions:panel_2:2:1142051:0
shared,shared,random_actions,2,30000,1,reference,panel_2,1142051,be1e3f4fa0cf2659d8f71cb02ac060675484ccad6caaa5e534f0a459af4b4173,1,1,27,0.73,0.9112,8,19,11,9,27,11,0,0.924394650000002,0.0,0,,random_actions,random_actions:panel_2:2:1142051:1
shared,shared,random_actions,2,30000,1,reference,panel_2,1142052,5ce3da2be27c2c09506207c91e46dfdb40957546bf50b28b88efc4618eca0830,0,0,32,-0.3200000000000001,0.0156000000000001,7,25,20,6,29,11,1,1.903837043219292,0.0,0,,random_actions,random_actions:panel_2:2:1142052:0
shared,shared,random_actions,2,30000,1,reference,panel_2,1142052,5ce3da2be27c2c09506207c91e46dfdb40957546bf50b28b88efc4618eca0830,1,1,22,0.7799999999999999,1.0652000000000001,9,13,7,7,22,9,0,0.6239428041710012,0.0,0,,random_actions,random_actions:panel_2:2:1142052:1
shared,shared,random_actions,2,30000,1,reference,panel_2,1142053,68122c36d27936a7c464279b47f1d03fff033dacce2d29337a63a79cf6044654,0,0,32,-0.3200000000000001,-0.14279999999999998,10,22,17,6,31,10,1,2.1046852324000023,0.0,0,,random_actions,random_actions:panel_2:2:1142053:0
shared,shared,random_actions,2,30000,1,reference,panel_2,1142053,68122c36d27936a7c464279b47f1d03fff033dacce2d29337a63a79cf6044654,1,1,23,0.7699999999999999,0.9016000000000001,3,20,12,9,23,11,0,0.8088676500000016,0.0,0,,random_actions,random_actions:panel_2:2:1142053:1
shared,shared,random_actions,2,30000,1,reference,panel_2,1142054,47c2099e4d3beeec4bfd03679237f53cc73781997e804baee63f2c528912dde3,0,1,8,0.9199999999999999,1.0132,2,6,2,5,8,4,0,0.23343600000000042,0.0,0,,random_actions,random_actions:panel_2:2:1142054:0
shared,shared,random_actions,2,30000,1,reference,panel_2,1142054,47c2099e4d3beeec4bfd03679237f53cc73781997e804baee63f2c528912dde3,1,1,2,0.98,1.0612,0,2,0,3,2,2,0,0.0,0.0,0,,random_actions,random_actions:panel_2:2:1142054:1
shared,shared,random_actions,2,30000,1,reference,panel_2,1142055,eec8e9174e4e64fdd0cb0fa46af565ad9ad1d9135d961741f990ca50698b8dfd,0,0,32,-0.3200000000000001,0.02720000000000014,13,19,11,9,28,9,1,1.8697084390705236,0.0,0,,random_actions,random_actions:panel_2:2:1142055:0
shared,shared,random_actions,2,30000,1,reference,panel_2,1142055,eec8e9174e4e64fdd0cb0fa46af565ad9ad1d9135d961741f990ca50698b8dfd,1,0,32,-0.3200000000000001,0.04160000000000019,6,26,16,11,27,10,1,1.8433473307096824,0.0,0,,random_actions,random_actions:panel_2:2:1142055:1
shared,shared,random_actions,2,30000,1,reference,panel_2,1142056,bc31423bbd0b61e05d6bc417d9f0f4ea59d0cf5a37b844e26a0d2ad32d3ec9a9,0,0,32,-0.3200000000000001,0.07680000000000015,11,21,14,8,27,7,1,1.804809756042002,0.0,0,,random_actions,random_actions:panel_2:2:1142056:0
shared,shared,random_actions,2,30000,1,reference,panel_2,1142056,bc31423bbd0b61e05d6bc417d9f0f4ea59d0cf5a37b844e26a0d2ad32d3ec9a9,1,0,32,-0.3200000000000001,0.0348000000000002,4,28,17,12,30,14,1,1.9100104185758422,0.0,0,,random_actions,random_actions:panel_2:2:1142056:1
shared,shared,random_actions,2,30000,1,reference,panel_2,1142057,48ffb882e12df1d3696ecbbd4e5f192621b1afb1a533b8e5208cf8855ca56165,0,0,32,-0.3200000000000001,-0.04799999999999979,16,16,12,5,28,4,1,1.9435998713564802,0.0,0,,random_actions,random_actions:panel_2:2:1142057:0
shared,shared,random_actions,2,30000,1,reference,panel_2,1142057,48ffb882e12df1d3696ecbbd4e5f192621b1afb1a533b8e5208cf8855ca56165,1,1,8,0.9199999999999999,1.0156,2,6,2,5,8,4,0,0.23108973000000055,0.0,0,,random_actions,random_actions:panel_2:2:1142057:1
shared,shared,random_actions,2,30000,1,reference,panel_2,1142058,c64fd917087ee04ee95f1c3b21250c257f38eae479cd47b1ef61109af8951b37,0,0,32,-0.3200000000000001,0.015600000000000086,4,28,21,8,29,13,1,1.9047528257482915,0.0,0,,random_actions,random_actions:panel_2:2:1142058:0
shared,shared,random_actions,2,30000,1,reference,panel_2,1142058,c64fd917087ee04ee95f1c3b21250c257f38eae479cd47b1ef61109af8951b37,1,0,32,-0.3200000000000001,0.09360000000000018,9,23,15,9,27,9,1,1.786782481371597,0.0,0,,random_actions,random_actions:panel_2:2:1142058:1
shared,shared,random_actions,2,30000,1,reference,panel_2,1142059,4cf1a569ee712d853f3d66f45f6cbd2416c8e08769e26c7f43ed3629ead16db3,0,1,20,0.7999999999999999,1.0044000000000002,4,16,7,10,20,10,0,0.6174421900000012,0.0,0,,random_actions,random_actions:panel_2:2:1142059:0
shared,shared,random_actions,2,30000,1,reference,panel_2,1142059,4cf1a569ee712d853f3d66f45f6cbd2416c8e08769e26c7f43ed3629ead16db3,1,1,13,0.87,1.0624,1,12,5,8,13,8,0,0.3432213081000006,0.0,0,,random_actions,random_actions:panel_2:2:1142059:1
shared,shared,random_actions,2,30000,1,reference,panel_2,1142060,0e933074c26ac3f217b37ce39b767af1b470ff8c4f431ff64a6ccdac4a5756d7,0,0,32,-0.3200000000000001,0.12040000000000016,16,16,9,8,29,9,1,1.8097938443556252,0.0,0,,random_actions,random_actions:panel_2:2:1142060:0
shared,shared,random_actions,2,30000,1,reference,panel_2,1142060,0e933074c26ac3f217b37ce39b767af1b470ff8c4f431ff64a6ccdac4a5756d7,1,0,32,-0.3200000000000001,0.07600000000000012,9,23,10,14,29,12,1,1.8511167462232334,0.0,0,,random_actions,random_actions:panel_2:2:1142060:1
shared,shared,random_actions,2,30000,1,reference,panel_2,1142061,616117682593b177c948b61b64283d404b679e8a540c599c4ba3eaded76912e1,0,1,11,0.89,1.04,4,7,1,7,11,5,0,0.30114038000000076,0.0,0,,random_actions,random_actions:panel_2:2:1142061:0
shared,shared,random_actions,2,30000,1,reference,panel_2,1142061,616117682593b177c948b61b64283d404b679e8a540c599c4ba3eaded76912e1,1,0,32,-0.3200000000000001,-0.05239999999999986,7,25,17,9,29,10,1,1.9708735747332913,0.0,0,,random_actions,random_actions:panel_2:2:1142061:1
shared,shared,random_actions,2,30000,1,reference,panel_2,1142062,c2d15d0d736e13f9fc0b6479cbb68afdd2288c4eac5f9d199d827d8d210ed892,0,0,32,-0.3200000000000001,-0.11399999999999988,3,29,17,13,30,13,1,2.051090534925582,0.0,0,,random_actions,random_actions:panel_2:2:1142062:0
shared,shared,random_actions,2,30000,1,reference,panel_2,1142062,c2d15d0d736e13f9fc0b6479cbb68afdd2288c4eac5f9d199d827d8d210ed892,1,1,21,0.7899999999999999,0.9312,5,16,8,9,21,9,0,0.7180861288570015,0.0,0,,random_actions,random_actions:panel_2:2:1142062:1
shared,shared,random_actions,2,30000,1,reference,panel_2,1142063,c75bd2457b65b7a93de324e828bcf8fe2c012e619578e9a73d5fd82d990d13b8,0,1,9,0.91,1.1328,2,7,2,6,9,6,0,0.15291646000000025,0.0,0,,random_actions,random_actions:panel_2:2:1142063:0
shared,shared,random_actions,2,30000,1,reference,panel_2,1142063,c75bd2457b65b7a93de324e828bcf8fe2c012e619578e9a73d5fd82d990d13b8,1,1,9,0.91,1.1484,2,7,0,8,9,6,0,0.13847573075458008,0.0,0,,random_actions,random_actions:panel_2:2:1142063:1
shared,shared,random_actions,2,30000,1,reference,panel_2,1142064,4c1456e94bccc097203c3c1db8936703bcaa9542e1ed98e95ae74c5818c1cafb,0,0,32,-0.3200000000000001,0.0612000000000002,24,8,6,3,28,4,1,1.8385861472110032,0.0,0,,random_actions,random_actions:panel_2:2:1142064:0
shared,shared,random_actions,2,30000,1,reference,panel_2,1142064,4c1456e94bccc097203c3c1db8936703bcaa9542e1ed98e95ae74c5818c1cafb,1,0,32,-0.3200000000000001,0.026400000000000146,11,21,12,10,29,10,1,1.8959265639130014,0.0,0,,random_actions,random_actions:panel_2:2:1142064:1
shared,shared,shortest_path,0,30000,1,reference,panel_2,1142000,3b44199a91cebe57885979656801de83cd337400c224c9484d28155a50f26af5,0,1,2,0.98,1.0612,0,2,0,3,2,2,0,0.0,0.0,0,,shortest_path,shortest_path:panel_2:0:1142000:0
shared,shared,shortest_path,0,30000,1,reference,panel_2,1142001,2fb5cc5a7185aea65ce7270a9a1caab7eaa29bf3855d87f40701cf7b084b263e,0,1,3,0.97,1.0936,0,3,0,4,3,3,0,0.0,0.0,0,,shortest_path,shortest_path:panel_2:0:1142001:0
shared,shared,shortest_path,0,30000,1,reference,panel_2,1142002,b1ec73aa6771a9d4edd35faaf8ced9c8653cac69c82a47a5ec9f2fd215d47680,0,1,4,0.96,1.1272,0,4,0,5,4,4,0,0.0,0.0,0,,shortest_path,shortest_path:panel_2:0:1142002:0
shared,shared,shortest_path,0,30000,1,reference,panel_2,1142003,bb33f68e20a8ade13bdeb341ae2d0b6345900edb66010da696677117b1951980,0,1,1,0.99,1.03,0,1,0,2,1,1,0,0.0,0.0,0,,shortest_path,shortest_path:panel_2:0:1142003:0
shared,shared,shortest_path,0,30000,1,reference,panel_2,1142004,d36d3f0f696592d60b51fe274907ad7c349060461283584f1c55fb34e8bca1da,0,1,4,0.96,1.1272,0,4,0,5,4,4,0,0.0,0.0,0,,shortest_path,shortest_path:panel_2:0:1142004:0
shared,shared,shortest_path,0,30000,1,reference,panel_2,1142005,d75767af4359bb829d28fdaa5ee472baaafd296d00835c06e3cfbe25f7d65197,0,1,3,0.97,1.0936,0,3,0,4,3,3,0,0.0,0.0,0,,shortest_path,shortest_path:panel_2:0:1142005:0
shared,shared,shortest_path,0,30000,1,reference,panel_2,1142006,9fa47791851cb7497fea63d28c09c36acefb326942a81e9c6bcbacd8235fb966,0,1,1,0.99,1.03,0,1,0,2,1,1,0,0.0,0.0,0,,shortest_path,shortest_path:panel_2:0:1142006:0
shared,shared,shortest_path,0,30000,1,reference,panel_2,1142007,b0f69b3c1d689e75b59e3e30886bb0c6ee211a7c783b23394c178810343a0ac6,0,1,6,0.94,1.198,0,6,0,7,6,6,0,0.0,0.0,0,,shortest_path,shortest_path:panel_2:0:1142007:0
shared,shared,shortest_path,0,30000,1,reference,panel_2,1142008,0d165eab1f7b761702aff7730d01d65748ee6919c6cd58f50247be81969772f1,0,1,4,0.96,1.1272,0,4,0,5,4,4,0,0.0,0.0,0,,shortest_path,shortest_path:panel_2:0:1142008:0
shared,shared,shortest_path,0,30000,1,reference,panel_2,1142009,78201b98aa900e570c4525ffd496ffe418d8a2c63ce653595432eac1ef571b2e,0,1,2,0.98,1.0612,0,2,0,3,2,2,0,0.0,0.0,0,,shortest_path,shortest_path:panel_2:0:1142009:0
shared,shared,shortest_path,0,30000,1,reference,panel_2,1142010,c8907a92ccc2bd0b5aaf7125a33288f3a22098be64ff52ec0e8b7b06a5a44841,0,1,4,0.96,1.1272,0,4,0,5,4,4,0,0.0,0.0,0,,shortest_path,shortest_path:panel_2:0:1142010:0
shared,shared,shortest_path,0,30000,1,reference,panel_2,1142011,e343d98a285e375dd0ec00233f818a4462ff9008ef8800838b84362f29f8d645,0,1,8,0.9199999999999999,1.2736,0,8,0,9,8,8,0,0.0,0.0,0,,shortest_path,shortest_path:panel_2:0:1142011:0
shared,shared,shortest_path,0,30000,1,reference,panel_2,1142012,45d98de6be288ce470a6e48cb544cf287f584ff309e819813e017ef7660d4d7b,0,1,2,0.98,1.0612,0,2,0,3,2,2,0,0.0,0.0,0,,shortest_path,shortest_path:panel_2:0:1142012:0
shared,shared,shortest_path,0,30000,1,reference,panel_2,1142013,0bd9ecdeff4f6914d45dcc4bb79d3f0b449c2420931f880a36741fd3b1d0b703,0,1,1,0.99,1.03,0,1,0,2,1,1,0,0.0,0.0,0,,shortest_path,shortest_path:panel_2:0:1142013:0
shared,shared,shortest_path,0,30000,1,reference,panel_2,1142014,58fb0efc6f1c2eab7de9c5a248beb2a8976605369282448463140910034d4414,0,1,4,0.96,1.1272,0,4,0,5,4,4,0,0.0,0.0,0,,shortest_path,shortest_path:panel_2:0:1142014:0
shared,shared,shortest_path,0,30000,1,reference,panel_2,1142015,0b712fdb4eb4aeaf053673f47684b605aed8013c0f497df298e3a0ebe14f62d8,0,1,3,0.97,1.0936,0,3,0,4,3,3,0,0.0,0.0,0,,shortest_path,shortest_path:panel_2:0:1142015:0
shared,shared,shortest_path,0,30000,1,reference,panel_2,1142016,6829aefd2534d157393c3a103a4c25365805152052b214617df67b1978a2ba8d,0,1,1,0.99,1.03,0,1,0,2,1,1,0,0.0,0.0,0,,shortest_path,shortest_path:panel_2:0:1142016:0
shared,shared,shortest_path,0,30000,1,reference,panel_2,1142017,051be5fdd50735b45e992fe0330039e1f0acd36ed2a4e8aafa81c6e46f8ce098,0,1,1,0.99,1.03,0,1,0,2,1,1,0,0.0,0.0,0,,shortest_path,shortest_path:panel_2:0:1142017:0
shared,shared,shortest_path,0,30000,1,reference,panel_2,1142018,9ea10797233a5593b7e01be930b639f517045a02f7b3bbdc0d8137113c7f16c1,0,1,4,0.96,1.1272,0,4,0,5,4,4,0,0.0,0.0,0,,shortest_path,shortest_path:panel_2:0:1142018:0
shared,shared,shortest_path,0,30000,1,reference,panel_2,1142019,3244e6855ddd578178b8e81baf2f8755bd20c14103650e40510aefb39dc601b6,0,1,1,0.99,1.03,0,1,0,2,1,1,0,0.0,0.0,0,,shortest_path,shortest_path:panel_2:0:1142019:0
shared,shared,shortest_path,0,30000,1,reference,panel_2,1142020,345002532c25551104d6370845a74acfe9a25d2bc755d81973f278cfc4030fc0,0,1,1,0.99,1.03,0,1,0,2,1,1,0,0.0,0.0,0,,shortest_path,shortest_path:panel_2:0:1142020:0
shared,shared,shortest_path,0,30000,1,reference,panel_2,1142021,8306894d1c269474f2030f29987acc9fadc1df7acc7598c2268ea28f82ecd329,0,1,3,0.97,1.0936,0,3,0,4,3,3,0,0.0,0.0,0,,shortest_path,shortest_path:panel_2:0:1142021:0
shared,shared,shortest_path,0,30000,1,reference,panel_2,1142022,a1385e0e806986350cac5bc6479a1bbd074694e95d030f93a35089cb0f48c2c6,0,1,6,0.94,1.198,0,6,0,7,6,6,0,0.0,0.0,0,,shortest_path,shortest_path:panel_2:0:1142022:0
shared,shared,shortest_path,0,30000,1,reference,panel_2,1142023,9a05949e8c14b17acd2c0582d07b76c825bce1714d67be2745467e89dc494fa3,0,1,1,0.99,1.03,0,1,0,2,1,1,0,0.0,0.0,0,,shortest_path,shortest_path:panel_2:0:1142023:0
shared,shared,shortest_path,0,30000,1,reference,panel_2,1142024,6a1d247ca48b398dde1c25b6aecae86ae19b0fde83e240bb3b6971c3261f63cf,0,1,5,0.95,1.162,0,5,0,6,5,5,0,0.0,0.0,0,,shortest_path,shortest_path:panel_2:0:1142024:0
shared,shared,shortest_path,0,30000,1,reference,panel_2,1142025,72e7580f2795acd5bb0b623c4a2802ba9dceefd9b8f65aa3939bf72ae65580f3,0,1,2,0.98,1.0612,0,2,0,3,2,2,0,0.0,0.0,0,,shortest_path,shortest_path:panel_2:0:1142025:0
shared,shared,shortest_path,0,30000,1,reference,panel_2,1142026,b0192b87de7e77f58e541b87308b93a20e1a542760de413b7e48a8deebe6613b,0,1,3,0.97,1.0936,0,3,0,4,3,3,0,0.0,0.0,0,,shortest_path,shortest_path:panel_2:0:1142026:0
shared,shared,shortest_path,0,30000,1,reference,panel_2,1142027,507c35d0be6eb3ea110c8491e0367173215086d947a0bd462f0963f0c8314a51,0,1,3,0.97,1.0936,0,3,0,4,3,3,0,0.0,0.0,0,,shortest_path,shortest_path:panel_2:0:1142027:0
shared,shared,shortest_path,0,30000,1,reference,panel_2,1142028,70c953c00cd721b61f10ce5ada9af6f392181042f73064af5d9ac36a32db4238,0,1,4,0.96,1.1272,0,4,0,5,4,4,0,0.0,0.0,0,,shortest_path,shortest_path:panel_2:0:1142028:0
shared,shared,shortest_path,0,30000,1,reference,panel_2,1142029,cd1f6cdb7d8d9ccf9a5adb18b724ec679005707734d42571171af2753a31b000,0,1,3,0.97,1.0936,0,3,0,4,3,3,0,0.0,0.0,0,,shortest_path,shortest_path:panel_2:0:1142029:0
shared,shared,shortest_path,0,30000,1,reference,panel_2,1142030,136f92247bc8c9417f0a6e4caa52a3ed74da950c1e40496ea031717f95c480de,0,1,5,0.95,1.162,0,5,0,6,5,5,0,0.0,0.0,0,,shortest_path,shortest_path:panel_2:0:1142030:0
shared,shared,shortest_path,0,30000,1,reference,panel_2,1142031,f729f940aee31ac96ab92d29a664554919a9c40f8d9ea37f1b86d9a88cfa8c4d,0,1,5,0.95,1.162,0,5,0,6,5,5,0,0.0,0.0,0,,shortest_path,shortest_path:panel_2:0:1142031:0
shared,shared,shortest_path,0,30000,1,reference,panel_2,1142033,775401569b8bf38d4bf1bc30d63436353ed8b6c5640b342b1694b484d53dc419,0,1,4,0.96,1.1272,0,4,0,5,4,4,0,0.0,0.0,0,,shortest_path,shortest_path:panel_2:0:1142033:0
shared,shared,shortest_path,0,30000,1,reference,panel_2,1142034,561005984aa0d51644f9d7b1e20be09f7f6cb039324b5b6fd24bf65add99a3d8,0,1,4,0.96,1.1272,0,4,0,5,4,4,0,0.0,0.0,0,,shortest_path,shortest_path:panel_2:0:1142034:0
shared,shared,shortest_path,0,30000,1,reference,panel_2,1142035,890068c8d8d8442fe4ac6f50ee2fadfa765224e1c94407d7727835e340f42535,0,1,1,0.99,1.03,0,1,0,2,1,1,0,0.0,0.0,0,,shortest_path,shortest_path:panel_2:0:1142035:0
shared,shared,shortest_path,0,30000,1,reference,panel_2,1142036,c0ce4b5bb68bfea73acfa85df2c125a42c2f5b8c01285e744ae245d7c28a1642,0,1,6,0.94,1.198,0,6,0,7,6,6,0,0.0,0.0,0,,shortest_path,shortest_path:panel_2:0:1142036:0
shared,shared,shortest_path,0,30000,1,reference,panel_2,1142037,e824f452691e1284050f692cc11f298eab1f62639eef3017ae3599e66e37927b,0,1,4,0.96,1.1272,0,4,0,5,4,4,0,0.0,0.0,0,,shortest_path,shortest_path:panel_2:0:1142037:0
shared,shared,shortest_path,0,30000,1,reference,panel_2,1142038,f6dfaff7d9f7c066eb0b04043f2d08855283a6d90f4f790f9735aaa7e2d05b44,0,1,1,0.99,1.03,0,1,0,2,1,1,0,0.0,0.0,0,,shortest_path,shortest_path:panel_2:0:1142038:0
shared,shared,shortest_path,0,30000,1,reference,panel_2,1142039,a336fdddcc777c59538a9a674da1189bb7df095fa167b1c9b68c7555c5968945,0,1,3,0.97,1.0936,0,3,0,4,3,3,0,0.0,0.0,0,,shortest_path,shortest_path:panel_2:0:1142039:0
shared,shared,shortest_path,0,30000,1,reference,panel_2,1142040,87dc6b8626d6ab27685558e7e5d929c1d2ca09072d984b4458fb148c63c293ea,0,1,3,0.97,1.0936,0,3,0,4,3,3,0,0.0,0.0,0,,shortest_path,shortest_path:panel_2:0:1142040:0
shared,shared,shortest_path,0,30000,1,reference,panel_2,1142041,8031b90124db2193237423518309b0c89758ba33e8a6045ec489043a08c5f56a,0,1,1,0.99,1.03,0,1,0,2,1,1,0,0.0,0.0,0,,shortest_path,shortest_path:panel_2:0:1142041:0
shared,shared,shortest_path,0,30000,1,reference,panel_2,1142042,0379cb35e85c883bca23ac01b8556241e4bf3d119a94958f13240df8617387b8,0,1,6,0.94,1.198,0,6,0,7,6,6,0,0.0,0.0,0,,shortest_path,shortest_path:panel_2:0:1142042:0
shared,shared,shortest_path,0,30000,1,reference,panel_2,1142043,fa2b6fb03565c142c7163d2081f0f9296aa029105253d2149408abcc830f062e,0,1,1,0.99,1.03,0,1,0,2,1,1,0,0.0,0.0,0,,shortest_path,shortest_path:panel_2:0:1142043:0
shared,shared,shortest_path,0,30000,1,reference,panel_2,1142044,49b674e454a986d5a355bacc7672e72f401cdc1c75470dfaaf16346895f26281,0,1,7,0.9299999999999999,1.2352,0,7,0,8,7,7,0,0.0,0.0,0,,shortest_path,shortest_path:panel_2:0:1142044:0
shared,shared,shortest_path,0,30000,1,reference,panel_2,1142045,1534bd168fbdb5d8ef1979cc3ee7d52b09d7acb95f07be52009d980de0f1dc14,0,1,7,0.9299999999999999,1.2352,0,7,0,8,7,7,0,0.0,0.0,0,,shortest_path,shortest_path:panel_2:0:1142045:0
shared,shared,shortest_path,0,30000,1,reference,panel_2,1142046,bb49b7f2637c33514fe8b9aa798d5406a51e5323066ca0e9a4fdf6d51adf51b2,0,1,3,0.97,1.0936,0,3,0,4,3,3,0,0.0,0.0,0,,shortest_path,shortest_path:panel_2:0:1142046:0
shared,shared,shortest_path,0,30000,1,reference,panel_2,1142047,07ca9478850a4b15581d9be692daa3423f46940d61899100777a1d5e53020641,0,1,5,0.95,1.162,0,5,0,6,5,5,0,0.0,0.0,0,,shortest_path,shortest_path:panel_2:0:1142047:0
shared,shared,shortest_path,0,30000,1,reference,panel_2,1142048,6366f9ca415a3817fee53a6c7d2ea4f2142387118d80ada1af844fa6b668fc77,0,1,6,0.94,1.198,0,6,0,7,6,6,0,0.0,0.0,0,,shortest_path,shortest_path:panel_2:0:1142048:0
shared,shared,shortest_path,0,30000,1,reference,panel_2,1142049,2a8dd1abe3bd0e158b64b8d5be7a79a71d362e8cd75a64ecf2a371f349c05afb,0,1,1,0.99,1.03,0,1,0,2,1,1,0,0.0,0.0,0,,shortest_path,shortest_path:panel_2:0:1142049:0
shared,shared,shortest_path,0,30000,1,reference,panel_2,1142050,3c6db5c8513a07c07eaba17b1a8e732ddf306585e9cc11d9320605261b68d4dd,0,1,6,0.94,1.198,0,6,0,7,6,6,0,0.0,0.0,0,,shortest_path,shortest_path:panel_2:0:1142050:0
shared,shared,shortest_path,0,30000,1,reference,panel_2,1142051,be1e3f4fa0cf2659d8f71cb02ac060675484ccad6caaa5e534f0a459af4b4173,0,1,3,0.97,1.0936,0,3,0,4,3,3,0,0.0,0.0,0,,shortest_path,shortest_path:panel_2:0:1142051:0
shared,shared,shortest_path,0,30000,1,reference,panel_2,1142052,5ce3da2be27c2c09506207c91e46dfdb40957546bf50b28b88efc4618eca0830,0,1,5,0.95,1.162,0,5,0,6,5,5,0,0.0,0.0,0,,shortest_path,shortest_path:panel_2:0:1142052:0
shared,shared,shortest_path,0,30000,1,reference,panel_2,1142053,68122c36d27936a7c464279b47f1d03fff033dacce2d29337a63a79cf6044654,0,1,2,0.98,1.0612,0,2,0,3,2,2,0,0.0,0.0,0,,shortest_path,shortest_path:panel_2:0:1142053:0
shared,shared,shortest_path,0,30000,1,reference,panel_2,1142054,47c2099e4d3beeec4bfd03679237f53cc73781997e804baee63f2c528912dde3,0,1,2,0.98,1.0612,0,2,0,3,2,2,0,0.0,0.0,0,,shortest_path,shortest_path:panel_2:0:1142054:0
shared,shared,shortest_path,0,30000,1,reference,panel_2,1142055,eec8e9174e4e64fdd0cb0fa46af565ad9ad1d9135d961741f990ca50698b8dfd,0,1,4,0.96,1.1272,0,4,0,5,4,4,0,0.0,0.0,0,,shortest_path,shortest_path:panel_2:0:1142055:0
shared,shared,shortest_path,0,30000,1,reference,panel_2,1142056,bc31423bbd0b61e05d6bc417d9f0f4ea59d0cf5a37b844e26a0d2ad32d3ec9a9,0,1,5,0.95,1.162,0,5,0,6,5,5,0,0.0,0.0,0,,shortest_path,shortest_path:panel_2:0:1142056:0
shared,shared,shortest_path,0,30000,1,reference,panel_2,1142057,48ffb882e12df1d3696ecbbd4e5f192621b1afb1a533b8e5208cf8855ca56165,0,1,2,0.98,1.0612,0,2,0,3,2,2,0,0.0,0.0,0,,shortest_path,shortest_path:panel_2:0:1142057:0
shared,shared,shortest_path,0,30000,1,reference,panel_2,1142058,c64fd917087ee04ee95f1c3b21250c257f38eae479cd47b1ef61109af8951b37,0,1,5,0.95,1.162,0,5,0,6,5,5,0,0.0,0.0,0,,shortest_path,shortest_path:panel_2:0:1142058:0
shared,shared,shortest_path,0,30000,1,reference,panel_2,1142059,4cf1a569ee712d853f3d66f45f6cbd2416c8e08769e26c7f43ed3629ead16db3,0,1,4,0.96,1.1272,0,4,0,5,4,4,0,0.0,0.0,0,,shortest_path,shortest_path:panel_2:0:1142059:0
shared,shared,shortest_path,0,30000,1,reference,panel_2,1142060,0e933074c26ac3f217b37ce39b767af1b470ff8c4f431ff64a6ccdac4a5756d7,0,1,6,0.94,1.198,0,6,0,7,6,6,0,0.0,0.0,0,,shortest_path,shortest_path:panel_2:0:1142060:0
shared,shared,shortest_path,0,30000,1,reference,panel_2,1142061,616117682593b177c948b61b64283d404b679e8a540c599c4ba3eaded76912e1,0,1,3,0.97,1.0936,0,3,0,4,3,3,0,0.0,0.0,0,,shortest_path,shortest_path:panel_2:0:1142061:0
shared,shared,shortest_path,0,30000,1,reference,panel_2,1142062,c2d15d0d736e13f9fc0b6479cbb68afdd2288c4eac5f9d199d827d8d210ed892,0,1,2,0.98,1.0612,0,2,0,3,2,2,0,0.0,0.0,0,,shortest_path,shortest_path:panel_2:0:1142062:0
shared,shared,shortest_path,0,30000,1,reference,panel_2,1142063,c75bd2457b65b7a93de324e828bcf8fe2c012e619578e9a73d5fd82d990d13b8,0,1,5,0.95,1.162,0,5,0,6,5,5,0,0.0,0.0,0,,shortest_path,shortest_path:panel_2:0:1142063:0
shared,shared,shortest_path,0,30000,1,reference,panel_2,1142064,4c1456e94bccc097203c3c1db8936703bcaa9542e1ed98e95ae74c5818c1cafb,0,1,5,0.95,1.162,0,5,0,6,5,5,0,0.0,0.0,0,,shortest_path,shortest_path:panel_2:0:1142064:0
shared,shared,random_actions,0,30000,1,reference,panel_3,1143000,ed41d1a4765b292cf8e403e32ff7d02a3b2a554fe286682567726326f57add43,0,0,32,-0.3200000000000001,-0.0559999999999998,12,20,11,10,26,6,1,1.8982019978888713,0.0,0,,random_actions,random_actions:panel_3:0:1143000:0
shared,shared,random_actions,0,30000,1,reference,panel_3,1143000,ed41d1a4765b292cf8e403e32ff7d02a3b2a554fe286682567726326f57add43,1,0,32,-0.3200000000000001,0.00520000000000026,5,27,16,12,27,9,1,1.8753629441193644,0.0,0,,random_actions,random_actions:panel_3:0:1143000:1
shared,shared,random_actions,0,30000,1,reference,panel_3,1143001,7ba7f5dd3cbd5beac9312aea0c571b607c1bd4b265663787f5ae6f97be82d205,0,0,32,-0.3200000000000001,0.04320000000000017,23,9,4,6,32,6,1,1.9587283049260025,0.0,0,,random_actions,random_actions:panel_3:0:1143001:0
shared,shared,random_actions,0,30000,1,reference,panel_3,1143001,7ba7f5dd3cbd5beac9312aea0c571b607c1bd4b265663787f5ae6f97be82d205,1,1,23,0.7699999999999999,1.0288000000000002,10,13,4,10,23,9,0,0.6898023081000016,0.0,0,,random_actions,random_actions:panel_3:0:1143001:1
shared,shared,random_actions,0,30000,1,reference,panel_3,1143002,f0046b64e0c35a36241de37b0e559b8838099611b0044f06d12744b718fe6eb2,0,1,13,0.87,0.9304,6,7,5,3,13,4,0,0.4704450000000008,0.0,0,,random_actions,random_actions:panel_3:0:1143002:0
shared,shared,random_actions,0,30000,1,reference,panel_3,1143002,f0046b64e0c35a36241de37b0e559b8838099611b0044f06d12744b718fe6eb2,1,1,3,0.97,1.0124,2,1,0,2,3,1,0,0.07940000000000014,0.0,0,,random_actions,random_actions:panel_3:0:1143002:1
shared,shared,random_actions,0,30000,1,reference,panel_3,1143003,83db31c30d8b405c28202252c0950ec5ddbcb06fa8474c6de115136d04b602dd,0,0,32,-0.3200000000000001,0.04920000000000012,12,20,5,16,26,7,1,1.7991608099598995,0.0,0,,random_actions,random_actions:panel_3:0:1143003:0
shared,shared,random_actions,0,30000,1,reference,panel_3,1143003,83db31c30d8b405c28202252c0950ec5ddbcb06fa8474c6de115136d04b602dd,1,0,32,-0.3200000000000001,0.0012000000000000899,10,22,17,6,31,12,1,1.9698263420140014,0.0,0,,random_actions,random_actions:panel_3:0:1143003:1
shared,shared,random_actions,0,30000,1,reference,panel_3,1143004,67f50ce963d6b0c44defb16053cff62ccbac52cdb1912442c3689a49b65523ec,0,0,32,-0.3200000000000001,-0.1804,5,27,13,15,30,12,1,2.113529350628002,0.0,0,,random_actions,random_actions:panel_3:0:1143004:0
shared,shared,random_actions,0,30000,1,reference,panel_3,1143004,67f50ce963d6b0c44defb16053cff62ccbac52cdb1912442c3689a49b65523ec,1,1,30,0.7,0.8396000000000001,5,25,12,14,30,13,0,1.0884706458140019,0.0,0,,random_actions,random_actions:panel_3:0:1143004:1
shared,shared,random_actions,0,30000,1,reference,panel_3,1143005,cc6db32f247af49991958f9325a43913c25f4bb3483987470c213d039fdc7c6a,0,1,1,0.99,1.03,0,1,0,2,1,1,0,0.0,0.0,0,,random_actions,random_actions:panel_3:0:1143005:0
shared,shared,random_actions,0,30000,1,reference,panel_3,1143005,cc6db32f247af49991958f9325a43913c25f4bb3483987470c213d039fdc7c6a,1,1,3,0.97,1.0136,0,3,1,3,3,2,0,0.07820900000000008,0.0,0,,random_actions,random_actions:panel_3:0:1143005:1
shared,shared,random_actions,0,30000,1,reference,panel_3,1143006,4d07585f83806c89b1908c7ea388ce9587a3ec5b7943e944c767bd7bff3cbfef,0,1,5,0.95,1.0796000000000001,0,5,1,5,5,4,0,0.07586273000000021,0.0,0,,random_actions,random_actions:panel_3:0:1143006:0
shared,shared,random_actions,0,30000,1,reference,panel_3,1143006,4d07585f83806c89b1908c7ea388ce9587a3ec5b7943e944c767bd7bff3cbfef,1,0,32,-0.3200000000000001,-0.07039999999999991,7,25,19,7,28,10,1,1.9586030655570021,0.0,0,,random_actions,random_actions:panel_3:0:1143006:1
shared,shared,random_actions,0,30000,1,reference,panel_3,1143007,535d98e103a59b7573ac610d73ca0a8c61441aaa341f198cc6518de7083c8cef,0,0,32,-0.3200000000000001,0.027200000000000224,14,18,10,9,27,7,1,1.847466027686944,0.0,0,,random_actions,random_actions:panel_3:0:1143007:0
shared,shared,random_actions,0,30000,1,reference,panel_3,1143007,535d98e103a59b7573ac610d73ca0a8c61441aaa341f198cc6518de7083c8cef,1,0,32,-0.3200000000000001,0.004400000000000237,10,22,17,6,29,11,1,1.913235465424581,0.0,0,,random_actions,random_actions:panel_3:0:1143007:1
shared,shared,random_actions,0,30000,1,reference,panel_3,1143008,0f6589006adbde4b119a4076fd9e00c86982913d716d5ab8da632d607bca3c26,0,0,32,-0.3200000000000001,-0.1575999999999999,12,20,10,11,31,9,1,2.1197580785990024,0.0,0,,random_actions,random_actions:panel_3:0:1143008:0
shared,shared,random_actions,0,30000,1,reference,panel_3,1143008,0f6589006adbde4b119a4076fd9e00c86982913d716d5ab8da632d607bca3c26,1,0,32,-0.3200000000000001,-0.12879999999999991,7,25,16,10,28,9,1,2.0115382018168715,0.0,0,,random_actions,random_actions:panel_3:0:1143008:1
shared,shared,random_actions,0,30000,1,reference,panel_3,1143009,d62484a8ec5b8e45301b6c0779ecf4fa72ed48667cd71cd67089ed2d16f22b01,0,1,13,0.87,0.9728000000000001,5,8,3,6,13,5,0,0.4283630000000008,0.0,0,,random_actions,random_actions:panel_3:0:1143009:0
shared,shared,random_actions,0,30000,1,reference,panel_3,1143009,d62484a8ec5b8e45301b6c0779ecf4fa72ed48667cd71cd67089ed2d16f22b01,1,1,9,0.91,1.0128000000000001,3,6,3,4,9,4,0,0.2649419200000007,0.0,0,,random_actions,random_actions:panel_3:0:1143009:1
shared,shared,random_actions,0,30000,1,reference,panel_3,1143010,b76431b5c910652873fba5c2b7c798ba59c624aaf1822df3bc6789744b93b6e4,0,1,2,0.98,1.0612,0,2,0,3,2,2,0,0.0,0.0,0,,random_actions,random_actions:panel_3:0:1143010:0
shared,shared,random_actions,0,30000,1,reference,panel_3,1143010,b76431b5c910652873fba5c2b7c798ba59c624aaf1822df3bc6789744b93b6e4,1,1,28,0.72,0.872,4,24,17,8,28,13,0,0.9933593462000021,0.0,0,,random_actions,random_actions:panel_3:0:1143010:1
shared,shared,random_actions,0,30000,1,reference,panel_3,1143011,3de282d724515d0065e6c2f22b208c7c1109b9d92b07d33d38253429041f3208,0,0,32,-0.3200000000000001,0.10840000000000014,13,19,12,8,30,10,1,1.8483980060214797,0.0,0,,random_actions,random_actions:panel_3:0:1143011:0
shared,shared,random_actions,0,30000,1,reference,panel_3,1143011,3de282d724515d0065e6c2f22b208c7c1109b9d92b07d33d38253429041f3208,1,1,10,0.9,1.1868,4,6,0,7,10,6,0,0.1363669632811595,0.0,0,,random_actions,random_actions:panel_3:0:1143011:1
shared,shared,random_actions,0,30000,1,reference,panel_3,1143012,50e218d340a33901cf0d6001c84e844906ac5dfa61c9436b68e41865a83e8a86,0,1,14,0.86,1.0752000000000002,4,10,0,11,14,7,0,0.3629100979685804,0.0,0,,random_actions,random_actions:panel_3:0:1143012:0
shared,shared,random_actions,0,30000,1,reference,panel_3,1143012,50e218d340a33901cf0d6001c84e844906ac5dfa61c9436b68e41865a83e8a86,1,0,32,-0.3200000000000001,0.008000000000000146,9,23,17,7,29,11,1,1.9111929261144502,0.0,0,,random_actions,random_actions:panel_3:0:1143012:1
shared,shared,random_actions,0,30000,1,reference,panel_3,1143014,93f847e48e5de594df61975fc8dd782bca054c6c27ab678b960ed15457ddd6d9,0,1,10,0.9,0.9956,4,6,4,3,10,4,0,0.31283600000000056,0.0,0,,random_actions,random_actions:panel_3:0:1143014:0
shared,shared,random_actions,0,30000,1,reference,panel_3,1143014,93f847e48e5de594df61975fc8dd782bca054c6c27ab678b960ed15457ddd6d9,1,0,32,-0.3200000000000001,-0.10679999999999984,12,20,13,8,29,8,1,2.0166805508710017,0.0,0,,random_actions,random_actions:panel_3:0:1143014:1
shared,shared,random_actions,0,30000,1,reference,panel_3,1143015,c171ccb21defc0c297c0d61358e0ce9c9bb157ac536e8e9228d75a2ad6a2620b,0,1,8,0.9199999999999999,0.9708,5,3,1,3,8,2,0,0.2755180000000005,0.0,0,,random_actions,random_actions:panel_3:0:1143015:0
shared,shared,random_actions,0,30000,1,reference,panel_3,1143015,c171ccb21defc0c297c0d61358e0ce9c9bb157ac536e8e9228d75a2ad6a2620b,1,1,1,0.99,1.03,0,1,0,2,1,1,0,0.0,0.0,0,,random_actions,random_actions:panel_3:0:1143015:1
shared,shared,random_actions,0,30000,1,reference,panel_3,1143016,b9444a23a90eb28e1f5f811b4e5e4a9f662c48211471e4b3bb5989677390ca68,0,0,32,-0.3200000000000001,0.09880000000000014,2,30,22,9,29,14,1,1.8334191962855233,0.0,0,,random_actions,random_actions:panel_3:0:1143016:0
shared,shared,random_actions,0,30000,1,reference,panel_3,1143016,b9444a23a90eb28e1f5f811b4e5e4a9f662c48211471e4b3bb5989677390ca68,1,1,6,0.94,1.198,0,6,0,7,6,6,0,0.0,0.0,0,,random_actions,random_actions:panel_3:0:1143016:1
shared,shared,random_actions,0,30000,1,reference,panel_3,1143017,758cc64a4bd420a6ec1a6201e5126ac499d5ce287682782756aaca754564c815,0,0,32,-0.3200000000000001,-0.08519999999999994,13,19,11,9,28,6,1,1.9754405968878723,0.0,0,,random_actions,random_actions:panel_3:0:1143017:0
shared,shared,random_actions,0,30000,1,reference,panel_3,1143017,758cc64a4bd420a6ec1a6201e5126ac499d5ce287682782756aaca754564c815,1,0,32,-0.3200000000000001,-0.06959999999999979,7,25,15,11,27,9,1,1.9325912679874953,0.0,0,,random_actions,random_actions:panel_3:0:1143017:1
shared,shared,random_actions,0,30000,1,reference,panel_3,1143018,7adfd6d1f009beabf471d7774d2c8882c7a2302ba5a7ba8584c5b14da0596a30,0,0,32,-0.3200000000000001,0.14320000000000024,12,20,13,8,25,6,1,1.693243056742431,0.0,0,,random_actions,random_actions:panel_3:0:1143018:0
shared,shared,random_actions,0,30000,1,reference,panel_3,1143018,7adfd6d1f009beabf471d7774d2c8882c7a2302ba5a7ba8584c5b14da0596a30,1,0,32,-0.3200000000000001,0.10120000000000012,15,17,9,9,29,8,1,1.8306485528687826,0.0,0,,random_actions,random_actions:panel_3:0:1143018:1
shared,shared,random_actions,0,30000,1,reference,panel_3,1143019,27456174d6b202fad5c1530d7e088e369cb9726e00c525ba6b19a42774aae3e0,0,1,16,0.84,1.0176,5,11,6,6,16,7,0,0.4788748186000008,0.0,0,,random_actions,random_actions:panel_3:0:1143019:0
shared,shared,random_actions,0,30000,1,reference,panel_3,1143019,27456174d6b202fad5c1530d7e088e369cb9726e00c525ba6b19a42774aae3e0,1,0,32,-0.3200000000000001,-0.09439999999999998,12,20,14,7,32,11,1,2.0859878229000017,0.0,0,,random_actions,random_actions:panel_3:0:1143019:1
shared,shared,random_actions,0,30000,1,reference,panel_3,1143020,6127ce06260c1a2dfe292507df70f8472202f31e0d133293814d77080fa6fa58,0,0,32,-0.3200000000000001,0.02480000000000026,3,29,18,12,31,15,1,1.9470675829763646,0.0,0,,random_actions,random_actions:panel_3:0:1143020:0
shared,shared,random_actions,0,30000,1,reference,panel_3,1143020,6127ce06260c1a2dfe292507df70f8472202f31e0d133293814d77080fa6fa58,1,1,28,0.72,0.9580000000000001,8,20,12,9,28,12,0,0.9120994579710016,0.0,0,,random_actions,random_actions:panel_3:0:1143020:1
shared,shared,random_actions,0,30000,1,reference,panel_3,1143021,a4084ec29ba7334cc029452560a4bfe46759e7013fabe9b18666bf964fba85a7,0,1,2,0.98,1.0612,0,2,0,3,2,2,0,0.0,0.0,0,,random_actions,random_actions:panel_3:0:1143021:0
shared,shared,random_actions,0,30000,1,reference,panel_3,1143021,a4084ec29ba7334cc029452560a4bfe46759e7013fabe9b18666bf964fba85a7,1,0,32,-0.3200000000000001,-0.1104,5,27,19,9,27,9,1,1.9690265187888714,0.0,0,,random_actions,random_actions:panel_3:0:1143021:1
shared,shared,random_actions,0,30000,1,reference,panel_3,1143022,1986c68ce34dead5fdc89c74717b2a346705c9f8b1b50343bbc96f1e6820321a,0,0,32,-0.3200000000000001,0.11680000000000015,21,11,5,7,32,8,1,1.8946222707678277,0.0,0,,random_actions,random_actions:panel_3:0:1143022:0
shared,shared,random_actions,0,30000,1,reference,panel_3,1143022,1986c68ce34dead5fdc89c74717b2a346705c9f8b1b50343bbc96f1e6820321a,1,0,32,-0.3200000000000001,0.1636000000000002,22,10,7,4,27,4,1,1.7298096351705086,0.0,0,,random_actions,random_actions:panel_3:0:1143022:1
shared,shared,random_actions,0,30000,1,reference,panel_3,1143023,5fc1e0f6277e6e1b178aae5f101e636066b77897601f6bc68d61999590882d19,0,0,32,-0.3200000000000001,0.16240000000000027,9,23,15,9,26,8,1,1.7042642902574037,0.0,0,,random_actions,random_actions:panel_3:0:1143023:0
shared,shared,random_actions,0,30000,1,reference,panel_3,1143023,5fc1e0f6277e6e1b178aae5f101e636066b77897601f6bc68d61999590882d19,1,0,32,-0.3200000000000001,0.08440000000000011,10,22,11,12,31,12,1,1.8957810987651895,0.0,0,,random_actions,random_actions:panel_3:0:1143023:1
shared,shared,random_actions,0,30000,1,reference,panel_3,1143024,af6164ab1e36912b91e5d1ecb52511c818a921f2ffed1029e57bda92bd9ec771,0,0,32,-0.3200000000000001,-0.0011999999999999095,15,17,11,7,31,9,1,1.972102223914002,0.0,0,,random_actions,random_actions:panel_3:0:1143024:0
shared,shared,random_actions,0,30000,1,reference,panel_3,1143024,af6164ab1e36912b91e5d1ecb52511c818a921f2ffed1029e57bda92bd9ec771,1,0,32,-0.3200000000000001,0.004800000000000054,8,24,17,8,28,12,1,1.8912779094850012,0.0,0,,random_actions,random_actions:panel_3:0:1143024:1
shared,shared,random_actions,0,30000,1,reference,panel_3,1143025,1d861f376f8fe248d66c1b9451afbf0dabab4feb9532134522960a606ab40038,0,1,17,0.83,0.986,4,13,4,10,17,8,0,0.5403884600000012,0.0,0,,random_actions,random_actions:panel_3:0:1143025:0
shared,shared,random_actions,0,30000,1,reference,panel_3,1143025,1d861f376f8fe248d66c1b9451afbf0dabab4feb9532134522960a606ab40038,1,0,32,-0.3200000000000001,-0.11599999999999995,15,17,14,4,30,8,1,2.049788490000002,0.0,0,,random_actions,random_actions:panel_3:0:1143025:1
shared,shared,random_actions,0,30000,1,reference,panel_3,1143026,8f91c0a0f68f076faa2d6e49ec3b7a5cad4e8ee81382f329c399c665ff8edf3f,0,0,32,-0.3200000000000001,0.019600000000000284,3,29,20,10,26,10,1,1.8401717676030889,0.0,0,,random_actions,random_actions:panel_3:0:1143026:0
shared,shared,random_actions,0,30000,1,reference,panel_3,1143026,8f91c0a0f68f076faa2d6e49ec3b7a5cad4e8ee81382f329c399c665ff8edf3f,1,0,32,-0.3200000000000001,-0.023599999999999816,4,28,19,10,30,13,1,1.966849769108958,0.0,0,,random_actions,random_actions:panel_3:0:1143026:1
shared,shared,random_actions,0,30000,1,reference,panel_3,1143027,eb3b22bd3d86414daaba9361b51d6722118e2cab0c958021f6c997bcc1b1b554,0,1,6,0.94,0.9896,1,5,2,4,6,3,0,0.1949270000000003,0.0,0,,random_actions,random_actions:panel_3:0:1143027:0
shared,shared,random_actions,0,30000,1,reference,panel_3,1143027,eb3b22bd3d86414daaba9361b51d6722118e2cab0c958021f6c997bcc1b1b554,1,1,1,0.99,1.03,0,1,0,2,1,1,0,0.0,0.0,0,,random_actions,random_actions:panel_3:0:1143027:1
shared,shared,random_actions,0,30000,1,reference,panel_3,1143028,8d0b2d7d4f270fb6fbd486bc6d63ec1e6a6dbe546f03937e1c481d45dcde6bb9,0,1,3,0.97,1.0536,1,2,0,3,3,2,0,0.038509000000000126,0.0,0,,random_actions,random_actions:panel_3:0:1143028:0
shared,shared,random_actions,0,30000,1,reference,panel_3,1143028,8d0b2d7d4f270fb6fbd486bc6d63ec1e6a6dbe546f03937e1c481d45dcde6bb9,1,0,32,-0.3200000000000001,-0.07319999999999982,5,27,18,10,27,9,1,1.9365193838448707,0.0,0,,random_actions,random_actions:panel_3:0:1143028:1
shared,shared,random_actions,0,30000,1,reference,panel_3,1143029,d622bbd3ae3b3027c0b265b4823dc4acbd5cf1e83cdc95521d02944328ba8d66,0,0,32,-0.3200000000000001,-0.19480000000000003,14,18,14,5,31,8,1,2.1546797600000027,0.0,0,,random_actions,random_actions:panel_3:0:1143029:0
shared,shared,random_actions,0,30000,1,reference,panel_3,1143029,d622bbd3ae3b3027c0b265b4823dc4acbd5cf1e83cdc95521d02944328ba8d66,1,0,32,-0.3200000000000001,-0.13480000000000003,1,31,22,10,28,11,1,2.0259411527685818,0.0,0,,random_actions,random_actions:panel_3:0:1143029:1
shared,shared,random_actions,0,30000,1,reference,panel_3,1143030,e273b303b4c0ca5b9e57a8be1a57704503cf470b4839398b45ce032f621034c0,0,0,32,-0.3200000000000001,-0.06199999999999989,8,24,14,11,28,9,1,1.9524960894192915,0.0,0,,random_actions,random_actions:panel_3:0:1143030:0
shared,shared,random_actions,0,30000,1,reference,panel_3,1143030,e273b303b4c0ca5b9e57a8be1a57704503cf470b4839398b45ce032f621034c0,1,1,21,0.7899999999999999,1.0060000000000002,8,13,5,9,21,8,0,0.647436801380161,0.0,0,,random_actions,random_actions:panel_3:0:1143030:1
shared,shared,random_actions,0,30000,1,reference,panel_3,1143031,5fe53932d4a75f22999f5f8fd8d1ca8c9ec84d18f444863f61e6c328ab3161b3,0,0,32,-0.3200000000000001,-0.10519999999999995,8,24,16,9,30,11,1,2.0395937134140025,0.0,0,,random_actions,random_actions:panel_3:0:1143031:0
shared,shared,random_actions,0,30000,1,reference,panel_3,1143031,5fe53932d4a75f22999f5f8fd8d1ca8c9ec84d18f444863f61e6c328ab3161b3,1,0,32,-0.3200000000000001,-0.09199999999999994,11,21,12,10,29,10,1,2.003106468600002,0.0,0,,random_actions,random_actions:panel_3:0:1143031:1
shared,shared,random_actions,0,30000,1,reference,panel_3,1143032,c8545dc080e864809a7f38621068d0d4fd0b10df2173e5f31d5562fbacad6f64,0,0,32,-0.3200000000000001,-0.0847999999999999,13,19,15,5,30,9,1,2.0233158948000014,0.0,0,,random_actions,random_actions:panel_3:0:1143032:0
shared,shared,random_actions,0,30000,1,reference,panel_3,1143032,c8545dc080e864809a7f38621068d0d4fd0b10df2173e5f31d5562fbacad6f64,1,0,32,-0.3200000000000001,-0.054799999999999904,10,22,15,8,28,8,1,1.9412133428965817,0.0,0,,random_actions,random_actions:panel_3:0:1143032:1
shared,shared,random_actions,0,30000,1,reference,panel_3,1143033,53a53ad7539de9ecec02eb701a7bc0219ac4c2387057fae708183a4e365f1f4c,0,1,4,0.96,1.0872,1,3,0,4,4,3,0,0.037353730000000085,0.0,0,,random_actions,random_actions:panel_3:0:1143033:0
shared,shared,random_actions,0,30000,1,reference,panel_3,1143033,53a53ad7539de9ecec02eb701a7bc0219ac4c2387057fae708183a4e365f1f4c,1,1,7,0.9299999999999999,1.0644,2,5,2,4,7,4,0,0.15291646000000036,0.0,0,,random_actions,random_actions:panel_3:0:1143033:1
shared,shared,random_actions,0,30000,1,reference,panel_3,1143034,9fec15b3da8aa7801d17dc7348f3bc5e43943521d36115ba124d989d0ba0e26a,0,1,7,0.9299999999999999,1.0256,1,6,3,4,7,4,0,0.19023446000000055,0.0,0,,random_actions,random_actions:panel_3:0:1143034:0
shared,shared,random_actions,0,30000,1,reference,panel_3,1143034,9fec15b3da8aa7801d17dc7348f3bc5e43943521d36115ba124d989d0ba0e26a,1,0,32,-0.3200000000000001,-0.14159999999999995,8,24,16,9,29,9,1,2.0507547262000028,0.0,0,,random_actions,random_actions:panel_3:0:1143034:1
shared,shared,random_actions,0,30000,1,reference,panel_3,1143035,6287a5f24d1db38fb624ce10e89d2871ea73523862fcd2b9101480938d1d3eae,0,0,32,-0.3200000000000001,-0.10439999999999988,10,22,15,8,28,8,1,1.9958626322028716,0.0,0,,random_actions,random_actions:panel_3:0:1143035:0
shared,shared,random_actions,0,30000,1,reference,panel_3,1143035,6287a5f24d1db38fb624ce10e89d2871ea73523862fcd2b9101480938d1d3eae,1,1,11,0.89,0.988,1,10,6,5,11,6,0,0.35134500000000046,0.0,0,,random_actions,random_actions:panel_3:0:1143035:1
shared,shared,random_actions,0,30000,1,reference,panel_3,1143036,f9119877d46057a8d63be08bad4c5a4e075e5d373568e37aa9f3b78cf332f10d,0,1,19,0.8099999999999999,1.0468000000000002,5,14,6,9,19,9,0,0.546176136068581,0.0,0,,random_actions,random_actions:panel_3:0:1143036:0
shared,shared,random_actions,0,30000,1,reference,panel_3,1143036,f9119877d46057a8d63be08bad4c5a4e075e5d373568e37aa9f3b78cf332f10d,1,0,32,-0.3200000000000001,0.01160000000000011,15,17,13,5,28,7,1,1.8891508829612915,0.0,0,,random_actions,random_actions:panel_3:0:1143036:1
shared,shared,random_actions,0,30000,1,reference,panel_3,1143037,2260597dd492f4f9c3ee16cd4502baf1cbeba3b4472e729757646d6145f6826e,0,1,11,0.89,1.0328,2,9,2,8,11,6,0,0.3081434600000006,0.0,0,,random_actions,random_actions:panel_3:0:1143037:0
shared,shared,random_actions,0,30000,1,reference,panel_3,1143037,2260597dd492f4f9c3ee16cd4502baf1cbeba3b4472e729757646d6145f6826e,1,1,4,0.96,1.0872,1,3,0,4,4,3,0,0.037353730000000085,0.0,0,,random_actions,random_actions:panel_3:0:1143037:1
shared,shared,random_actions,0,30000,1,reference,panel_3,1143038,0d244ff5921457d75d4bfab878e62cc8ef7c0d24c28bbb7dcb5f03c83038050c,0,1,14,0.86,1.022,5,9,3,7,14,6,0,0.41218600430000074,0.0,0,,random_actions,random_actions:panel_3:0:1143038:0
shared,shared,random_actions,0,30000,1,reference,panel_3,1143038,0d244ff5921457d75d4bfab878e62cc8ef7c0d24c28bbb7dcb5f03c83038050c,1,0,32,-0.3200000000000001,-0.060799999999999896,12,20,14,7,31,10,1,2.0268362520762917,0.0,0,,random_actions,random_actions:panel_3:0:1143038:1
shared,shared,random_actions,0,30000,1,reference,panel_3,1143039,41d7eef9de33e39c4adae2a8618e6753945bca32fbd03536d774b07d207ca860,0,1,29,0.71,1.1148,12,17,9,9,29,12,0,0.8044633961087115,0.0,0,,random_actions,random_actions:panel_3:0:1143039:0
shared,shared,random_actions,0,30000,1,reference,panel_3,1143039,41d7eef9de33e39c4adae2a8618e6753945bca32fbd03536d774b07d207ca860,1,0,32,-0.3200000000000001,0.17600000000000013,13,19,15,5,27,9,1,1.7228817542904364,0.0,0,,random_actions,random_actions:panel_3:0:1143039:1
shared,shared,random_actions,0,30000,1,reference,panel_3,1143040,32a1002dceebf81475348ce31159cd95a8e3732f5733c555bbdd76252655b842,0,0,32,-0.3200000000000001,0.0024000000000001104,10,22,12,11,30,11,1,1.9420508068912918,0.0,0,,random_actions,random_actions:panel_3:0:1143040:0
shared,shared,random_actions,0,30000,1,reference,panel_3,1143040,32a1002dceebf81475348ce31159cd95a8e3732f5733c555bbdd76252655b842,1,0,32,-0.3200000000000001,0.020400000000000106,10,22,12,11,32,13,1,1.9809761483980308,0.0,0,,random_actions,random_actions:panel_3:0:1143040:1
shared,shared,random_actions,0,30000,1,reference,panel_3,1143041,a430a7e01abd9b3fc948d755d31468f32650619b1baf55ab54ccbf5d525b7dec,0,0,32,-0.3200000000000001,-0.06799999999999988,10,22,15,8,31,11,1,2.032170333528002,0.0,0,,random_actions,random_actions:panel_3:0:1143041:0
shared,shared,random_actions,0,30000,1,reference,panel_3,1143041,a430a7e01abd9b3fc948d755d31468f32650619b1baf55ab54ccbf5d525b7dec,1,1,28,0.72,0.9684000000000001,9,19,10,10,28,11,0,0.9020761235029434,0.0,0,,random_actions,random_actions:panel_3:0:1143041:1
shared,shared,random_actions,0,30000,1,reference,panel_3,1143042,0575f0c137a27fa90e41fafe23a216cbed8aad185d12a632f087ad9e43299ff3,0,0,32,-0.3200000000000001,-0.04239999999999991,7,25,12,14,30,12,1,1.9833556567622914,0.0,0,,random_actions,random_actions:panel_3:0:1143042:0
shared,shared,random_actions,0,30000,1,reference,panel_3,1143042,0575f0c137a27fa90e41fafe23a216cbed8aad185d12a632f087ad9e43299ff3,1,0,32,-0.3200000000000001,-0.053199999999999886,5,27,19,9,29,13,1,1.9671506796140017,0.0,0,,random_actions,random_actions:panel_3:0:1143042:1
shared,shared,random_actions,0,30000,1,reference,panel_3,1143043,278c7df982b3b24fb8308c04cbbd778c8eb8a867111673cef49bde9e0249e09c,0,1,31,0.69,0.9348000000000002,10,21,11,11,31,12,0,1.0270231692280016,0.0,0,,random_actions,random_actions:panel_3:0:1143043:0
shared,shared,random_actions,0,30000,1,reference,panel_3,1143043,278c7df982b3b24fb8308c04cbbd778c8eb8a867111673cef49bde9e0249e09c,1,0,32,-0.3200000000000001,-0.08119999999999993,4,28,22,7,30,13,1,2.016622690371002,0.0,0,,random_actions,random_actions:panel_3:0:1143043:1
shared,shared,random_actions,0,30000,1,reference,panel_3,1143044,a8418d0bde1778cb15deafcb25d8302177912abc52b4c9f49fe875f8ab866759,0,0,32,-0.3200000000000001,-0.0676,6,26,14,13,28,11,1,1.9568968862000018,0.0,0,,random_actions,random_actions:panel_3:0:1143044:0
shared,shared,random_actions,0,30000,1,reference,panel_3,1143044,a8418d0bde1778cb15deafcb25d8302177912abc52b4c9f49fe875f8ab866759,1,0,32,-0.3200000000000001,-0.03159999999999989,16,16,11,6,30,7,1,1.972340459600001,0.0,0,,random_actions,random_actions:panel_3:0:1143044:1
shared,shared,random_actions,0,30000,1,reference,panel_3,1143045,f8b278bb5dc41b0a953fc7e9e3c912bdcd476dbad2acc247f4ec265e806f8fe7,0,1,15,0.85,1.1984000000000001,4,11,1,11,15,9,0,0.2860469188319428,0.0,0,,random_actions,random_actions:panel_3:0:1143045:0
shared,shared,random_actions,0,30000,1,reference,panel_3,1143045,f8b278bb5dc41b0a953fc7e9e3c912bdcd476dbad2acc247f4ec265e806f8fe7,1,1,25,0.7499999999999999,1.1248,6,19,7,13,25,13,0,0.6683006539140006,0.0,0,,random_actions,random_actions:panel_3:0:1143045:1
shared,shared,random_actions,0,30000,1,reference,panel_3,1143046,d0e626c0f9628e9a555a94ff5915069feed9c6b01e4f61a9f7951af75ca53dd1,0,0,32,-0.3200000000000001,0.023600000000000232,7,25,14,12,27,10,1,1.8563330944038423,0.0,0,,random_actions,random_actions:panel_3:0:1143046:0
shared,shared,random_actions,0,30000,1,reference,panel_3,1143046,d0e626c0f9628e9a555a94ff5915069feed9c6b01e4f61a9f7951af75ca53dd1,1,0,32,-0.3200000000000001,-0.012399999999999883,8,24,15,10,27,10,1,1.8802876003052913,0.0,0,,random_actions,random_actions:panel_3:0:1143046:1
shared,shared,random_actions,0,30000,1,reference,panel_3,1143047,464a446edfb6706975c1edbb8a7bab3f4d6be5797f9cb821b386c2827a6c1c7b,0,1,31,0.69,0.9772000000000002,11,20,10,11,31,12,0,0.9885431318758435,0.0,0,,random_actions,random_actions:panel_3:0:1143047:0
shared,shared,random_actions,0,30000,1,reference,panel_3,1143047,464a446edfb6706975c1edbb8a7bab3f4d6be5797f9cb821b386c2827a6c1c7b,1,0,32,-0.3200000000000001,0.06800000000000023,12,20,9,12,25,7,1,1.7643642962263308,0.0,0,,random_actions,random_actions:panel_3:0:1143047:1
shared,shared,random_actions,0,30000,1,reference,panel_3,1143048,026be69e8f87e2b98f892f18c41006d5685d8e5a8f992b1b26e0a64f9b340176,0,0,32,-0.3200000000000001,0.031200000000000117,8,24,15,10,28,11,1,1.8693245316280012,0.0,0,,random_actions,random_actions:panel_3:0:1143048:0
shared,shared,random_actions,0,30000,1,reference,panel_3,1143048,026be69e8f87e2b98f892f18c41006d5685d8e5a8f992b1b26e0a64f9b340176,1,0,32,-0.3200000000000001,0.036000000000000115,4,28,18,11,29,13,1,1.8835589354902909,0.0,0,,random_actions,random_actions:panel_3:0:1143048:1
shared,shared,random_actions,0,30000,1,reference,panel_3,1143049,817f54db0353a66e19b04e48fc33d903cb845d4db0135fbeffe0d61149746e93,0,0,32,-0.3200000000000001,0.1208000000000001,8,24,13,12,30,13,1,1.8365678091528284,0.0,0,,random_actions,random_actions:panel_3:0:1143049:0
shared,shared,random_actions,0,30000,1,reference,panel_3,1143049,817f54db0353a66e19b04e48fc33d903cb845d4db0135fbeffe0d61149746e93,1,0,32,-0.3200000000000001,0.1196000000000001,9,23,13,11,31,13,1,1.865954680710205,0.0,0,,random_actions,random_actions:panel_3:0:1143049:1
shared,shared,random_actions,0,30000,1,reference,panel_3,1143050,01d66a492b556543638f9cdee998e89decf8d8c6dc5d10d792cd086b9717215d,0,1,10,0.9,1.0076,2,8,3,6,10,5,0,0.3012454262000006,0.0,0,,random_actions,random_actions:panel_3:0:1143050:0
shared,shared,random_actions,0,30000,1,reference,panel_3,1143050,01d66a492b556543638f9cdee998e89decf8d8c6dc5d10d792cd086b9717215d,1,0,32,-0.3200000000000001,-0.16319999999999996,12,20,15,6,31,9,1,2.1245045443000024,0.0,0,,random_actions,random_actions:panel_3:0:1143050:1
shared,shared,random_actions,0,30000,1,reference,panel_3,1143051,5d722b6a47599ffa8cb7b2f82202cdcd5f5d1b4225021f432d334ceebd49bf74,0,1,29,0.71,0.9564000000000001,3,26,15,12,29,15,0,0.944486502400002,0.0,0,,random_actions,random_actions:panel_3:0:1143051:0
shared,shared,random_actions,0,30000,1,reference,panel_3,1143051,5d722b6a47599ffa8cb7b2f82202cdcd5f5d1b4225021f432d334ceebd49bf74,1,0,32,-0.3200000000000001,-0.05799999999999993,9,23,16,8,30,12,1,1.9962566924000023,0.0,0,,random_actions,random_actions:panel_3:0:1143051:1
shared,shared,random_actions,0,30000,1,reference,panel_3,1143052,11cddbf99c02fa390c4a755e1f638172f34e5fb60a445161d5698a9738faa7b7,0,0,32,-0.3200000000000001,0.18080000000000016,14,18,14,5,27,8,1,1.7144457061025666,0.0,0,,random_actions,random_actions:panel_3:0:1143052:0
shared,shared,random_actions,0,30000,1,reference,panel_3,1143052,11cddbf99c02fa390c4a755e1f638172f34e5fb60a445161d5698a9738faa7b7,1,0,32,-0.3200000000000001,0.14840000000000012,15,17,10,8,29,8,1,1.790921051944566,0.0,0,,random_actions,random_actions:panel_3:0:1143052:1
shared,shared,random_actions,0,30000,1,reference,panel_3,1143053,4c4499845b0a01b5b45b406b8fa8b733821bf3d18f447b02b08409f296e24fe0,0,1,26,0.74,0.9424000000000001,8,18,6,13,26,10,0,0.8650300345333205,0.0,0,,random_actions,random_actions:panel_3:0:1143053:0
shared,shared,random_actions,0,30000,1,reference,panel_3,1143053,4c4499845b0a01b5b45b406b8fa8b733821bf3d18f447b02b08409f296e24fe0,1,0,32,-0.3200000000000001,-0.1187999999999999,7,25,18,8,30,11,1,2.055099143914002,0.0,0,,random_actions,random_actions:panel_3:0:1143053:1
shared,shared,random_actions,0,30000,1,reference,panel_3,1143054,58a05d5fc3a0e42df4a3ca5ed90b4affbf4f46cf7e17c34078cb01cd2cc2c1a0,0,0,32,-0.3200000000000001,0.03960000000000012,13,19,10,10,30,9,1,1.90783536149032,0.0,0,,random_actions,random_actions:panel_3:0:1143054:0
shared,shared,random_actions,0,30000,1,reference,panel_3,1143054,58a05d5fc3a0e42df4a3ca5ed90b4affbf4f46cf7e17c34078cb01cd2cc2c1a0,1,0,32,-0.3200000000000001,0.027600000000000173,16,16,11,6,31,9,1,1.9443844186458703,0.0,0,,random_actions,random_actions:panel_3:0:1143054:1
shared,shared,random_actions,0,30000,1,reference,panel_3,1143055,2e00a6411afec75a54b37f3ca7c651a58d11fa884f83ebdd45119679464ae0f5,0,1,24,0.7599999999999999,1.0872000000000002,11,13,4,10,24,9,0,0.6674456030430733,0.0,0,,random_actions,random_actions:panel_3:0:1143055:0
shared,shared,random_actions,0,30000,1,reference,panel_3,1143055,2e00a6411afec75a54b37f3ca7c651a58d11fa884f83ebdd45119679464ae0f5,1,0,32,-0.3200000000000001,-0.005999999999999936,5,27,14,14,31,14,1,1.9766907574570016,0.0,0,,random_actions,random_actions:panel_3:0:1143055:1
shared,shared,random_actions,0,30000,1,reference,panel_3,1143056,995642e2acbc59451c6cf9e99fe2fcbb2d720df5c4fc128693102a32a5d4ceee,0,1,6,0.94,1.1556,1,5,0,6,6,5,0,0.037353730000000085,0.0,0,,random_actions,random_actions:panel_3:0:1143056:0
shared,shared,random_actions,0,30000,1,reference,panel_3,1143056,995642e2acbc59451c6cf9e99fe2fcbb2d720df5c4fc128693102a32a5d4ceee,1,0,32,-0.3200000000000001,0.022800000000000042,17,15,10,6,28,7,1,1.8734773616410023,0.0,0,,random_actions,random_actions:panel_3:0:1143056:1
shared,shared,random_actions,0,30000,1,reference,panel_3,1143057,a147a9d82cb86ecc3d7a72b4e648d6859c1b81a55c901464cda16cdb18794a32,0,0,32,-0.3200000000000001,-0.0716,7,25,15,11,28,11,1,1.9615681103052918,0.0,0,,random_actions,random_actions:panel_3:0:1143057:0
shared,shared,random_actions,0,30000,1,reference,panel_3,1143057,a147a9d82cb86ecc3d7a72b4e648d6859c1b81a55c901464cda16cdb18794a32,1,0,32,-0.3200000000000001,-0.09919999999999994,12,20,9,12,31,10,1,2.061763133157002,0.0,0,,random_actions,random_actions:panel_3:0:1143057:1
shared,shared,random_actions,0,30000,1,reference,panel_3,1143058,43ab5b97b0c21c01d098239b8576a38022477888301d9c11dff76fda9f47071f,0,0,32,-0.3200000000000001,-0.03879999999999992,11,21,12,10,30,10,1,1.9797532304990018,0.0,0,,random_actions,random_actions:panel_3:0:1143058:0
shared,shared,random_actions,0,30000,1,reference,panel_3,1143058,43ab5b97b0c21c01d098239b8576a38022477888301d9c11dff76fda9f47071f,1,0,32,-0.3200000000000001,0.017600000000000143,21,11,9,3,28,5,1,1.8780802459400023,0.0,0,,random_actions,random_actions:panel_3:0:1143058:1
shared,shared,random_actions,0,30000,1,reference,panel_3,1143059,518a017c39932c7681ebc089ef33b0314e31b68be10e1baa6ff7066c17675266,0,0,32,-0.3200000000000001,-0.040399999999999894,7,25,15,11,29,11,1,1.9540845271941607,0.0,0,,random_actions,random_actions:panel_3:0:1143059:0
shared,shared,random_actions,0,30000,1,reference,panel_3,1143059,518a017c39932c7681ebc089ef33b0314e31b68be10e1baa6ff7066c17675266,1,1,6,0.94,1.0684,1,5,2,4,6,4,0,0.11790900000000015,0.0,0,,random_actions,random_actions:panel_3:0:1143059:1
shared,shared,random_actions,0,30000,1,reference,panel_3,1143060,914934ad68195dad6f2169d9084ab045731faf4ee4ef8d09fddb653b25f4c434,0,1,6,0.94,1.0344,2,4,1,4,6,3,0,0.15057019000000038,0.0,0,,random_actions,random_actions:panel_3:0:1143060:0
shared,shared,random_actions,0,30000,1,reference,panel_3,1143060,914934ad68195dad6f2169d9084ab045731faf4ee4ef8d09fddb653b25f4c434,1,1,29,0.71,0.892,9,20,10,11,29,11,0,1.005569105814002,0.0,0,,random_actions,random_actions:panel_3:0:1143060:1
shared,shared,random_actions,0,30000,1,reference,panel_3,1143061,ba670b81e5d115cb4d83dd45fc11c9a5f413d4e0fae1da0618640f668f3fc2bf,0,1,15,0.85,0.9756,3,12,6,7,15,7,0,0.48801300430000105,0.0,0,,random_actions,random_actions:panel_3:0:1143061:0
shared,shared,random_actions,0,30000,1,reference,panel_3,1143061,ba670b81e5d115cb4d83dd45fc11c9a5f413d4e0fae1da0618640f668f3fc2bf,1,0,32,-0.3200000000000001,-0.1247999999999999,11,21,13,9,30,9,1,2.060738941000002,0.0,0,,random_actions,random_actions:panel_3:0:1143061:1
shared,shared,random_actions,0,30000,1,reference,panel_3,1143062,ff72b946552760b1315f6ee74c7b5b1b1c37fb26c18ca58a88ce53c98321cae9,0,0,32,-0.3200000000000001,0.024000000000000146,3,29,21,9,30,14,1,1.9219081801762914,0.0,0,,random_actions,random_actions:panel_3:0:1143062:0
shared,shared,random_actions,0,30000,1,reference,panel_3,1143062,ff72b946552760b1315f6ee74c7b5b1b1c37fb26c18ca58a88ce53c98321cae9,1,0,32,-0.3200000000000001,0.042000000000000134,7,25,16,10,29,12,1,1.8813610026551757,0.0,0,,random_actions,random_actions:panel_3:0:1143062:1
shared,shared,random_actions,0,30000,1,reference,panel_3,1143063,6cf1c851a982d3e556024113592a50856a2f1255ea65c3c9e7c58593dd374cf1,0,1,8,0.9199999999999999,1.0192,4,4,1,4,8,3,0,0.22762392000000053,0.0,0,,random_actions,random_actions:panel_3:0:1143063:0
shared,shared,random_actions,0,30000,1,reference,panel_3,1143063,6cf1c851a982d3e556024113592a50856a2f1255ea65c3c9e7c58593dd374cf1,1,1,8,0.9199999999999999,1.0144,0,8,4,5,8,5,0,0.23228073000000038,0.0,0,,random_actions,random_actions:panel_3:0:1143063:1
shared,shared,random_actions,0,30000,1,reference,panel_3,1143064,a5a1d721e033457f0f54c84f41c7491320ec7c53c16ff86203563efb70a07d12,0,0,32,-0.3200000000000001,0.16960000000000025,20,12,8,5,26,4,1,1.705225677348535,0.0,0,,random_actions,random_actions:panel_3:0:1143064:0
shared,shared,random_actions,0,30000,1,reference,panel_3,1143064,a5a1d721e033457f0f54c84f41c7491320ec7c53c16ff86203563efb70a07d12,1,0,32,-0.3200000000000001,0.1048000000000002,14,18,11,8,30,10,1,1.8509934075387389,0.0,0,,random_actions,random_actions:panel_3:0:1143064:1
shared,shared,random_actions,1,30000,1,reference,panel_3,1143000,ed41d1a4765b292cf8e403e32ff7d02a3b2a554fe286682567726326f57add43,0,1,12,0.88,1.0288000000000002,3,9,3,7,12,6,0,0.34318557810000083,0.0,0,,random_actions,random_actions:panel_3:1:1143000:0
shared,shared,random_actions,1,30000,1,reference,panel_3,1143000,ed41d1a4765b292cf8e403e32ff7d02a3b2a554fe286682567726326f57add43,1,0,32,-0.3200000000000001,-0.06559999999999994,8,24,13,12,28,9,1,1.962170770371002,0.0,0,,random_actions,random_actions:panel_3:1:1143000:1
shared,shared,random_actions,1,30000,1,reference,panel_3,1143001,7ba7f5dd3cbd5beac9312aea0c571b607c1bd4b265663787f5ae6f97be82d205,0,0,32,-0.3200000000000001,0.05040000000000017,22,10,9,2,28,4,1,1.8472820955550016,0.0,0,,random_actions,random_actions:panel_3:1:1143001:0
shared,shared,random_actions,1,30000,1,reference,panel_3,1143001,7ba7f5dd3cbd5beac9312aea0c571b607c1bd4b265663787f5ae6f97be82d205,1,0,32,-0.3200000000000001,-0.02399999999999996,7,25,12,14,32,14,1,2.0217797198710024,0.0,0,,random_actions,random_actions:panel_3:1:1143001:1
shared,shared,random_actions,1,30000,1,reference,panel_3,1143002,f0046b64e0c35a36241de37b0e559b8838099611b0044f06d12744b718fe6eb2,0,1,1,0.99,1.03,0,1,0,2,1,1,0,0.0,0.0,0,,random_actions,random_actions:panel_3:1:1143002:0
shared,shared,random_actions,1,30000,1,reference,panel_3,1143002,f0046b64e0c35a36241de37b0e559b8838099611b0044f06d12744b718fe6eb2,1,1,8,0.9199999999999999,0.9696,5,3,1,3,8,2,0,0.2767090000000004,0.0,0,,random_actions,random_actions:panel_3:1:1143002:1
shared,shared,random_actions,1,30000,1,reference,panel_3,1143003,83db31c30d8b405c28202252c0950ec5ddbcb06fa8474c6de115136d04b602dd,0,0,32,-0.3200000000000001,0.06600000000000013,19,13,10,4,29,6,1,1.85987032053619,0.0,0,,random_actions,random_actions:panel_3:1:1143003:0
shared,shared,random_actions,1,30000,1,reference,panel_3,1143003,83db31c30d8b405c28202252c0950ec5ddbcb06fa8474c6de115136d04b602dd,1,0,32,-0.3200000000000001,0.07800000000000012,25,7,4,4,30,4,1,1.8719208395149294,0.0,0,,random_actions,random_actions:panel_3:1:1143003:1
shared,shared,random_actions,1,30000,1,reference,panel_3,1143004,67f50ce963d6b0c44defb16053cff62ccbac52cdb1912442c3689a49b65523ec,0,0,32,-0.3200000000000001,-0.1864,4,28,17,12,30,12,1,2.118925436957002,0.0,0,,random_actions,random_actions:panel_3:1:1143004:0
shared,shared,random_actions,1,30000,1,reference,panel_3,1143004,67f50ce963d6b0c44defb16053cff62ccbac52cdb1912442c3689a49b65523ec,1,1,1,0.99,1.03,0,1,0,2,1,1,0,0.0,0.0,0,,random_actions,random_actions:panel_3:1:1143004:1
shared,shared,random_actions,1,30000,1,reference,panel_3,1143005,cc6db32f247af49991958f9325a43913c25f4bb3483987470c213d039fdc7c6a,0,0,32,-0.3200000000000001,-0.17559999999999992,16,16,10,7,31,7,1,2.1376237515140026,0.0,0,,random_actions,random_actions:panel_3:1:1143005:0
shared,shared,random_actions,1,30000,1,reference,panel_3,1143005,cc6db32f247af49991958f9325a43913c25f4bb3483987470c213d039fdc7c6a,1,1,11,0.89,0.9468000000000001,6,5,3,3,11,3,0,0.3922360000000007,0.0,0,,random_actions,random_actions:panel_3:1:1143005:1
shared,shared,random_actions,1,30000,1,reference,panel_3,1143006,4d07585f83806c89b1908c7ea388ce9587a3ec5b7943e944c767bd7bff3cbfef,0,1,30,0.7,0.9388000000000001,13,17,7,11,30,10,0,0.9920514070710009,0.0,0,,random_actions,random_actions:panel_3:1:1143006:0
shared,shared,random_actions,1,30000,1,reference,panel_3,1143006,4d07585f83806c89b1908c7ea388ce9587a3ec5b7943e944c767bd7bff3cbfef,1,0,32,-0.3200000000000001,-0.06199999999999991,9,23,11,13,32,12,1,2.055719800113002,0.0,0,,random_actions,random_actions:panel_3:1:1143006:1
shared,shared,random_actions,1,30000,1,reference,panel_3,1143007,535d98e103a59b7573ac610d73ca0a8c61441aaa341f198cc6518de7083c8cef,0,0,32,-0.3200000000000001,-0.012399999999999856,11,21,15,7,30,10,1,1.9546439182130013,0.0,0,,random_actions,random_actions:panel_3:1:1143007:0
shared,shared,random_actions,1,30000,1,reference,panel_3,1143007,535d98e103a59b7573ac610d73ca0a8c61441aaa341f198cc6518de7083c8cef,1,0,32,-0.3200000000000001,0.03560000000000027,16,16,10,7,27,5,1,1.8378441479864946,0.0,0,,random_actions,random_actions:panel_3:1:1143007:1
shared,shared,random_actions,1,30000,1,reference,panel_3,1143008,0f6589006adbde4b119a4076fd9e00c86982913d716d5ab8da632d607bca3c26,0,1,1,0.99,1.03,0,1,0,2,1,1,0,0.0,0.0,0,,random_actions,random_actions:panel_3:1:1143008:0
shared,shared,random_actions,1,30000,1,reference,panel_3,1143008,0f6589006adbde4b119a4076fd9e00c86982913d716d5ab8da632d607bca3c26,1,0,32,-0.3200000000000001,-0.14679999999999993,7,25,14,12,30,10,1,2.0840027158130017,0.0,0,,random_actions,random_actions:panel_3:1:1143008:1
shared,shared,random_actions,1,30000,1,reference,panel_3,1143009,d62484a8ec5b8e45301b6c0779ecf4fa72ed48667cd71cd67089ed2d16f22b01,0,0,32,-0.3200000000000001,-0.1607999999999999,10,22,10,13,31,11,1,2.1209336881000023,0.0,0,,random_actions,random_actions:panel_3:1:1143009:0
shared,shared,random_actions,1,30000,1,reference,panel_3,1143009,d62484a8ec5b8e45301b6c0779ecf4fa72ed48667cd71cd67089ed2d16f22b01,1,0,32,-0.3200000000000001,-0.11759999999999976,13,19,13,7,30,8,1,2.0551012234000012,0.0,0,,random_actions,random_actions:panel_3:1:1143009:1
shared,shared,random_actions,1,30000,1,reference,panel_3,1143010,b76431b5c910652873fba5c2b7c798ba59c624aaf1822df3bc6789744b93b6e4,0,1,2,0.98,1.0612,0,2,0,3,2,2,0,0.0,0.0,0,,random_actions,random_actions:panel_3:1:1143010:0
shared,shared,random_actions,1,30000,1,reference,panel_3,1143010,b76431b5c910652873fba5c2b7c798ba59c624aaf1822df3bc6789744b93b6e4,1,1,32,0.6799999999999999,0.8716000000000002,10,22,12,11,32,12,0,1.1186815593570025,0.0,0,,random_actions,random_actions:panel_3:1:1143010:1
shared,shared,random_actions,1,30000,1,reference,panel_3,1143011,3de282d724515d0065e6c2f22b208c7c1109b9d92b07d33d38253429041f3208,0,0,32,-0.3200000000000001,0.10360000000000014,9,23,17,7,27,10,1,1.7828410491348126,0.0,0,,random_actions,random_actions:panel_3:1:1143011:0
shared,shared,random_actions,1,30000,1,reference,panel_3,1143011,3de282d724515d0065e6c2f22b208c7c1109b9d92b07d33d38253429041f3208,1,0,32,-0.3200000000000001,0.12160000000000011,12,20,16,5,27,9,1,1.7664016423052913,0.0,0,,random_actions,random_actions:panel_3:1:1143011:1
shared,shared,random_actions,1,30000,1,reference,panel_3,1143012,50e218d340a33901cf0d6001c84e844906ac5dfa61c9436b68e41865a83e8a86,0,1,17,0.83,1.0608,3,14,2,13,17,9,0,0.4702451296115807,0.0,0,,random_actions,random_actions:panel_3:1:1143012:0
shared,shared,random_actions,1,30000,1,reference,panel_3,1143012,50e218d340a33901cf0d6001c84e844906ac5dfa61c9436b68e41865a83e8a86,1,1,23,0.7699999999999999,1.0032,5,18,7,12,23,11,0,0.7123444369570012,0.0,0,,random_actions,random_actions:panel_3:1:1143012:1
shared,shared,random_actions,1,30000,1,reference,panel_3,1143014,93f847e48e5de594df61975fc8dd782bca054c6c27ab678b960ed15457ddd6d9,0,0,32,-0.3200000000000001,-0.08999999999999984,10,22,11,12,29,8,1,2.0028187064371616,0.0,0,,random_actions,random_actions:panel_3:1:1143014:0
shared,shared,random_actions,1,30000,1,reference,panel_3,1143014,93f847e48e5de594df61975fc8dd782bca054c6c27ab678b960ed15457ddd6d9,1,0,32,-0.3200000000000001,-0.10799999999999982,14,18,13,6,29,7,1,2.020181018971001,0.0,0,,random_actions,random_actions:panel_3:1:1143014:1
shared,shared,random_actions,1,30000,1,reference,panel_3,1143015,c171ccb21defc0c297c0d61358e0ce9c9bb157ac536e8e9228d75a2ad6a2620b,0,1,2,0.98,1.0212,1,1,0,2,2,1,0,0.03970000000000007,0.0,0,,random_actions,random_actions:panel_3:1:1143015:0
shared,shared,random_actions,1,30000,1,reference,panel_3,1143015,c171ccb21defc0c297c0d61358e0ce9c9bb157ac536e8e9228d75a2ad6a2620b,1,0,32,-0.3200000000000001,-0.17199999999999993,9,23,14,10,29,8,1,2.081628527714002,0.0,0,,random_actions,random_actions:panel_3:1:1143015:1
shared,shared,random_actions,1,30000,1,reference,panel_3,1143016,b9444a23a90eb28e1f5f811b4e5e4a9f662c48211471e4b3bb5989677390ca68,0,0,32,-0.3200000000000001,0.05200000000000012,14,18,7,12,31,10,1,1.9257688887479145,0.0,0,,random_actions,random_actions:panel_3:1:1143016:0
shared,shared,random_actions,1,30000,1,reference,panel_3,1143016,b9444a23a90eb28e1f5f811b4e5e4a9f662c48211471e4b3bb5989677390ca68,1,0,32,-0.3200000000000001,0.07840000000000011,6,26,15,12,30,13,1,1.876017515725132,0.0,0,,random_actions,random_actions:panel_3:1:1143016:1
shared,shared,random_actions,1,30000,1,reference,panel_3,1143017,758cc64a4bd420a6ec1a6201e5126ac499d5ce287682782756aaca754564c815,0,0,32,-0.3200000000000001,-0.14279999999999995,14,18,14,5,32,9,1,2.132164600000003,0.0,0,,random_actions,random_actions:panel_3:1:1143017:0
shared,shared,random_actions,1,30000,1,reference,panel_3,1143017,758cc64a4bd420a6ec1a6201e5126ac499d5ce287682782756aaca754564c815,1,0,32,-0.3200000000000001,-0.13679999999999992,17,15,8,8,30,6,1,2.070225947971002,0.0,0,,random_actions,random_actions:panel_3:1:1143017:1
shared,shared,random_actions,1,30000,1,reference,panel_3,1143018,7adfd6d1f009beabf471d7774d2c8882c7a2302ba5a7ba8584c5b14da0596a30,0,0,32,-0.3200000000000001,0.17080000000000028,13,19,13,7,26,7,1,1.705256359915274,0.0,0,,random_actions,random_actions:panel_3:1:1143018:0
shared,shared,random_actions,1,30000,1,reference,panel_3,1143018,7adfd6d1f009beabf471d7774d2c8882c7a2302ba5a7ba8584c5b14da0596a30,1,1,19,0.8099999999999999,1.1172,5,14,6,9,19,10,0,0.4838006378405807,0.0,0,,random_actions,random_actions:panel_3:1:1143018:1
shared,shared,random_actions,1,30000,1,reference,panel_3,1143019,27456174d6b202fad5c1530d7e088e369cb9726e00c525ba6b19a42774aae3e0,0,0,32,-0.3200000000000001,-0.10279999999999995,14,18,14,5,32,10,1,2.093866764300002,0.0,0,,random_actions,random_actions:panel_3:1:1143019:0
shared,shared,random_actions,1,30000,1,reference,panel_3,1143019,27456174d6b202fad5c1530d7e088e369cb9726e00c525ba6b19a42774aae3e0,1,0,32,-0.3200000000000001,-0.10639999999999998,8,24,18,7,30,12,1,2.041839160500002,0.0,0,,random_actions,random_actions:panel_3:1:1143019:1
shared,shared,random_actions,1,30000,1,reference,panel_3,1143020,6127ce06260c1a2dfe292507df70f8472202f31e0d133293814d77080fa6fa58,0,0,32,-0.3200000000000001,0.014000000000000144,9,23,13,11,31,12,1,1.9576598192827261,0.0,0,,random_actions,random_actions:panel_3:1:1143020:0
shared,shared,random_actions,1,30000,1,reference,panel_3,1143020,6127ce06260c1a2dfe292507df70f8472202f31e0d133293814d77080fa6fa58,1,0,32,-0.3200000000000001,-0.047199999999999936,6,26,16,11,29,11,1,1.9659596796140022,0.0,0,,random_actions,random_actions:panel_3:1:1143020:1
shared,shared,random_actions,1,30000,1,reference,panel_3,1143021,a4084ec29ba7334cc029452560a4bfe46759e7013fabe9b18666bf964fba85a7,0,0,32,-0.3200000000000001,-0.061199999999999644,17,15,9,7,27,4,1,1.9309416861777402,0.0,0,,random_actions,random_actions:panel_3:1:1143021:0
shared,shared,random_actions,1,30000,1,reference,panel_3,1143021,a4084ec29ba7334cc029452560a4bfe46759e7013fabe9b18666bf964fba85a7,1,1,20,0.7999999999999999,0.9616,6,14,4,11,20,8,0,0.6580029749280012,0.0,0,,random_actions,random_actions:panel_3:1:1143021:1
shared,shared,random_actions,1,30000,1,reference,panel_3,1143022,1986c68ce34dead5fdc89c74717b2a346705c9f8b1b50343bbc96f1e6820321a,0,0,32,-0.3200000000000001,0.14320000000000013,11,21,17,5,26,8,1,1.7226469435150744,0.0,0,,random_actions,random_actions:panel_3:1:1143022:0
shared,shared,random_actions,1,30000,1,reference,panel_3,1143022,1986c68ce34dead5fdc89c74717b2a346705c9f8b1b50343bbc96f1e6820321a,1,0,32,-0.3200000000000001,0.12520000000000014,6,26,20,7,28,11,1,1.7844907903169442,0.0,0,,random_actions,random_actions:panel_3:1:1143022:1
shared,shared,random_actions,1,30000,1,reference,panel_3,1143023,5fc1e0f6277e6e1b178aae5f101e636066b77897601f6bc68d61999590882d19,0,0,32,-0.3200000000000001,0.12760000000000016,11,21,9,13,27,8,1,1.7485048371165668,0.0,0,,random_actions,random_actions:panel_3:1:1143023:0
shared,shared,random_actions,1,30000,1,reference,panel_3,1143023,5fc1e0f6277e6e1b178aae5f101e636066b77897601f6bc68d61999590882d19,1,0,32,-0.3200000000000001,0.11920000000000011,9,23,13,11,26,10,1,1.7461092161570013,0.0,0,,random_actions,random_actions:panel_3:1:1143023:1
shared,shared,random_actions,1,30000,1,reference,panel_3,1143024,af6164ab1e36912b91e5d1ecb52511c818a921f2ffed1029e57bda92bd9ec771,0,0,32,-0.3200000000000001,0.04560000000000011,15,17,13,5,28,8,1,1.8527842999840012,0.0,0,,random_actions,random_actions:panel_3:1:1143024:0
shared,shared,random_actions,1,30000,1,reference,panel_3,1143024,af6164ab1e36912b91e5d1ecb52511c818a921f2ffed1029e57bda92bd9ec771,1,1,30,0.7,0.9708000000000001,11,19,12,8,30,12,0,0.9645159388570014,0.0,0,,random_actions,random_actions:panel_3:1:1143024:1
shared,shared,random_actions,1,30000,1,reference,panel_3,1143025,1d861f376f8fe248d66c1b9451afbf0dabab4feb9532134522960a606ab40038,0,1,9,0.91,1.0492000000000001,2,7,2,6,9,5,0,0.2299344600000005,0.0,0,,random_actions,random_actions:panel_3:1:1143025:0
shared,shared,random_actions,1,30000,1,reference,panel_3,1143025,1d861f376f8fe248d66c1b9451afbf0dabab4feb9532134522960a606ab40038,1,1,14,0.86,1.0076,1,13,9,5,14,8,0,0.42605246000000074,0.0,0,,random_actions,random_actions:panel_3:1:1143025:1
shared,shared,random_actions,1,30000,1,reference,panel_3,1143026,8f91c0a0f68f076faa2d6e49ec3b7a5cad4e8ee81382f329c399c665ff8edf3f,0,1,13,0.87,1.02,6,7,3,5,13,5,0,0.382849848100001,0.0,0,,random_actions,random_actions:panel_3:1:1143026:0
shared,shared,random_actions,1,30000,1,reference,panel_3,1143026,8f91c0a0f68f076faa2d6e49ec3b7a5cad4e8ee81382f329c399c665ff8edf3f,1,1,14,0.86,1.0304,3,11,3,9,14,7,0,0.4043060231570005,0.0,0,,random_actions,random_actions:panel_3:1:1143026:1
shared,shared,random_actions,1,30000,1,reference,panel_3,1143027,eb3b22bd3d86414daaba9361b51d6722118e2cab0c958021f6c997bcc1b1b554,0,1,7,0.9299999999999999,0.9784,4,3,1,3,7,2,0,0.23700900000000036,0.0,0,,random_actions,random_actions:panel_3:1:1143027:0
shared,shared,random_actions,1,30000,1,reference,panel_3,1143027,eb3b22bd3d86414daaba9361b51d6722118e2cab0c958021f6c997bcc1b1b554,1,1,7,0.9299999999999999,0.9808,2,5,1,5,7,3,0,0.23462700000000036,0.0,0,,random_actions,random_actions:panel_3:1:1143027:1
shared,shared,random_actions,1,30000,1,reference,panel_3,1143028,8d0b2d7d4f270fb6fbd486bc6d63ec1e6a6dbe546f03937e1c481d45dcde6bb9,0,1,17,0.83,0.9400000000000001,7,10,7,4,17,6,0,0.584852460000001,0.0,0,,random_actions,random_actions:panel_3:1:1143028:0
shared,shared,random_actions,1,30000,1,reference,panel_3,1143028,8d0b2d7d4f270fb6fbd486bc6d63ec1e6a6dbe546f03937e1c481d45dcde6bb9,1,1,12,0.88,0.9804,6,6,4,3,12,4,0,0.3898540000000008,0.0,0,,random_actions,random_actions:panel_3:1:1143028:1
shared,shared,random_actions,1,30000,1,reference,panel_3,1143029,d622bbd3ae3b3027c0b265b4823dc4acbd5cf1e83cdc95521d02944328ba8d66,0,1,1,0.99,1.03,0,1,0,2,1,1,0,0.0,0.0,0,,random_actions,random_actions:panel_3:1:1143029:0
shared,shared,random_actions,1,30000,1,reference,panel_3,1143029,d622bbd3ae3b3027c0b265b4823dc4acbd5cf1e83cdc95521d02944328ba8d66,1,1,5,0.95,0.9972000000000001,0,5,2,4,5,3,0,0.15641800000000017,0.0,0,,random_actions,random_actions:panel_3:1:1143029:1
shared,shared,random_actions,1,30000,1,reference,panel_3,1143030,e273b303b4c0ca5b9e57a8be1a57704503cf470b4839398b45ce032f621034c0,0,0,32,-0.3200000000000001,-0.08479999999999992,12,20,10,11,28,7,1,1.9672016358115818,0.0,0,,random_actions,random_actions:panel_3:1:1143030:0
shared,shared,random_actions,1,30000,1,reference,panel_3,1143030,e273b303b4c0ca5b9e57a8be1a57704503cf470b4839398b45ce032f621034c0,1,0,32,-0.3200000000000001,-0.031999999999999945,10,22,15,8,27,8,1,1.8979032893511616,0.0,0,,random_actions,random_actions:panel_3:1:1143030:1
shared,shared,random_actions,1,30000,1,reference,panel_3,1143031,5fe53932d4a75f22999f5f8fd8d1ca8c9ec84d18f444863f61e6c328ab3161b3,0,0,32,-0.3200000000000001,-0.08359999999999995,8,24,15,10,29,11,1,1.9975717177140022,0.0,0,,random_actions,random_actions:panel_3:1:1143031:0
shared,shared,random_actions,1,30000,1,reference,panel_3,1143031,5fe53932d4a75f22999f5f8fd8d1ca8c9ec84d18f444863f61e6c328ab3161b3,1,1,11,0.89,1.0316,2,9,3,7,11,6,0,0.30929873000000063,0.0,0,,random_actions,random_actions:panel_3:1:1143031:1
shared,shared,random_actions,1,30000,1,reference,panel_3,1143032,c8545dc080e864809a7f38621068d0d4fd0b10df2173e5f31d5562fbacad6f64,0,0,32,-0.3200000000000001,-0.0307999999999998,6,26,16,11,28,11,1,1.926845050044871,0.0,0,,random_actions,random_actions:panel_3:1:1143032:0
shared,shared,random_actions,1,30000,1,reference,panel_3,1143032,c8545dc080e864809a7f38621068d0d4fd0b10df2173e5f31d5562fbacad6f64,1,1,14,0.86,1.0208,3,11,6,6,14,7,0,0.41334127430000067,0.0,0,,random_actions,random_actions:panel_3:1:1143032:1
shared,shared,random_actions,1,30000,1,reference,panel_3,1143033,53a53ad7539de9ecec02eb701a7bc0219ac4c2387057fae708183a4e365f1f4c,0,1,10,0.9,1.0476,1,9,4,6,10,6,0,0.26266603810000066,0.0,0,,random_actions,random_actions:panel_3:1:1143033:0
shared,shared,random_actions,1,30000,1,reference,panel_3,1143033,53a53ad7539de9ecec02eb701a7bc0219ac4c2387057fae708183a4e365f1f4c,1,1,9,0.91,1.054,2,7,2,6,9,5,0,0.22531230810000058,0.0,0,,random_actions,random_actions:panel_3:1:1143033:1
shared,shared,random_actions,1,30000,1,reference,panel_3,1143034,9fec15b3da8aa7801d17dc7348f3bc5e43943521d36115ba124d989d0ba0e26a,0,1,19,0.8099999999999999,0.9356,7,12,5,8,19,7,0,0.6512943800000014,0.0,0,,random_actions,random_actions:panel_3:1:1143034:0
shared,shared,random_actions,1,30000,1,reference,panel_3,1143034,9fec15b3da8aa7801d17dc7348f3bc5e43943521d36115ba124d989d0ba0e26a,1,0,32,-0.3200000000000001,-0.0839999999999999,14,18,14,5,29,7,1,1.9956221737840023,0.0,0,,random_actions,random_actions:panel_3:1:1143034:1
shared,shared,random_actions,1,30000,1,reference,panel_3,1143035,6287a5f24d1db38fb624ce10e89d2871ea73523862fcd2b9101480938d1d3eae,0,1,2,0.98,1.0612,0,2,0,3,2,2,0,0.0,0.0,0,,random_actions,random_actions:panel_3:1:1143035:0
shared,shared,random_actions,1,30000,1,reference,panel_3,1143035,6287a5f24d1db38fb624ce10e89d2871ea73523862fcd2b9101480938d1d3eae,1,1,2,0.98,1.0612,0,2,0,3,2,2,0,0.0,0.0,0,,random_actions,random_actions:panel_3:1:1143035:1
shared,shared,random_actions,1,30000,1,reference,panel_3,1143036,f9119877d46057a8d63be08bad4c5a4e075e5d373568e37aa9f3b78cf332f10d,0,0,32,-0.3200000000000001,0.010400000000000124,11,21,10,12,30,10,1,1.9329281399543206,0.0,0,,random_actions,random_actions:panel_3:1:1143036:0
shared,shared,random_actions,1,30000,1,reference,panel_3,1143036,f9119877d46057a8d63be08bad4c5a4e075e5d373568e37aa9f3b78cf332f10d,1,0,32,-0.3200000000000001,0.03440000000000021,17,15,12,4,27,5,1,1.8431506330647114,0.0,0,,random_actions,random_actions:panel_3:1:1143036:1
shared,shared,random_actions,1,30000,1,reference,panel_3,1143037,2260597dd492f4f9c3ee16cd4502baf1cbeba3b4472e729757646d6145f6826e,0,1,15,0.85,1.0084,6,9,5,5,15,6,0,0.4563673800000011,0.0,0,,random_actions,random_actions:panel_3:1:1143037:0
shared,shared,random_actions,1,30000,1,reference,panel_3,1143037,2260597dd492f4f9c3ee16cd4502baf1cbeba3b4472e729757646d6145f6826e,1,1,20,0.7999999999999999,0.9668000000000001,9,11,4,8,20,7,0,0.6525211100000012,0.0,0,,random_actions,random_actions:panel_3:1:1143037:1
shared,shared,random_actions,1,30000,1,reference,panel_3,1143038,0d244ff5921457d75d4bfab878e62cc8ef7c0d24c28bbb7dcb5f03c83038050c,0,0,32,-0.3200000000000001,-0.02479999999999985,11,21,14,8,28,8,1,1.9188590141511601,0.0,0,,random_actions,random_actions:panel_3:1:1143038:0
shared,shared,random_actions,1,30000,1,reference,panel_3,1143038,0d244ff5921457d75d4bfab878e62cc8ef7c0d24c28bbb7dcb5f03c83038050c,1,0,32,-0.3200000000000001,-0.07159999999999982,15,17,14,4,29,7,1,1.982553143400001,0.0,0,,random_actions,random_actions:panel_3:1:1143038:1
shared,shared,random_actions,1,30000,1,reference,panel_3,1143039,41d7eef9de33e39c4adae2a8618e6753945bca32fbd03536d774b07d207ca860,0,0,32,-0.3200000000000001,0.17480000000000018,15,17,10,8,27,7,1,1.7081807101181323,0.0,0,,random_actions,random_actions:panel_3:1:1143039:0
shared,shared,random_actions,1,30000,1,reference,panel_3,1143039,41d7eef9de33e39c4adae2a8618e6753945bca32fbd03536d774b07d207ca860,1,0,32,-0.3200000000000001,0.08120000000000005,12,20,12,9,31,12,1,1.9001700325053648,0.0,0,,random_actions,random_actions:panel_3:1:1143039:1
shared,shared,random_actions,1,30000,1,reference,panel_3,1143040,32a1002dceebf81475348ce31159cd95a8e3732f5733c555bbdd76252655b842,0,0,32,-0.3200000000000001,0.030000000000000145,8,24,15,10,30,12,1,1.9141280455535816,0.0,0,,random_actions,random_actions:panel_3:1:1143040:0
shared,shared,random_actions,1,30000,1,reference,panel_3,1143040,32a1002dceebf81475348ce31159cd95a8e3732f5733c555bbdd76252655b842,1,0,32,-0.3200000000000001,0.06480000000000011,15,17,11,7,28,8,1,1.8377610406690301,0.0,0,,random_actions,random_actions:panel_3:1:1143040:1
shared,shared,random_actions,1,30000,1,reference,panel_3,1143041,a430a7e01abd9b3fc948d755d31468f32650619b1baf55ab54ccbf5d525b7dec,0,0,32,-0.3200000000000001,-0.006799999999999751,10,22,15,8,28,9,1,1.9061066233033932,0.0,0,,random_actions,random_actions:panel_3:1:1143041:0
shared,shared,random_actions,1,30000,1,reference,panel_3,1143041,a430a7e01abd9b3fc948d755d31468f32650619b1baf55ab54ccbf5d525b7dec,1,0,32,-0.3200000000000001,-0.07519999999999992,12,20,9,12,31,10,1,2.041205184404843,0.0,0,,random_actions,random_actions:panel_3:1:1143041:1
shared,shared,random_actions,1,30000,1,reference,panel_3,1143042,0575f0c137a27fa90e41fafe23a216cbed8aad185d12a632f087ad9e43299ff3,0,0,32,-0.3200000000000001,-0.014799999999999883,8,24,15,10,31,12,1,1.9845960355511607,0.0,0,,random_actions,random_actions:panel_3:1:1143042:0
shared,shared,random_actions,1,30000,1,reference,panel_3,1143042,0575f0c137a27fa90e41fafe23a216cbed8aad185d12a632f087ad9e43299ff3,1,1,4,0.96,1.1272,0,4,0,5,4,4,0,0.0,0.0,0,,random_actions,random_actions:panel_3:1:1143042:1
shared,shared,random_actions,1,30000,1,reference,panel_3,1143043,278c7df982b3b24fb8308c04cbbd778c8eb8a867111673cef49bde9e0249e09c,0,0,32,-0.3200000000000001,-0.015199999999999741,8,24,17,8,28,9,1,1.9081822716581907,0.0,0,,random_actions,random_actions:panel_3:1:1143043:0
shared,shared,random_actions,1,30000,1,reference,panel_3,1143043,278c7df982b3b24fb8308c04cbbd778c8eb8a867111673cef49bde9e0249e09c,1,0,32,-0.3200000000000001,-0.08359999999999985,12,20,16,5,29,9,1,1.9939325529000018,0.0,0,,random_actions,random_actions:panel_3:1:1143043:1
shared,shared,random_actions,1,30000,1,reference,panel_3,1143044,a8418d0bde1778cb15deafcb25d8302177912abc52b4c9f49fe875f8ab866759,0,1,7,0.9299999999999999,1.1116000000000001,3,4,0,5,7,4,0,0.10869935429999988,0.0,0,,random_actions,random_actions:panel_3:1:1143044:0
shared,shared,random_actions,1,30000,1,reference,panel_3,1143044,a8418d0bde1778cb15deafcb25d8302177912abc52b4c9f49fe875f8ab866759,1,0,32,-0.3200000000000001,-0.023199999999999832,9,23,11,13,26,8,1,1.8667765076706249,0.0,0,,random_actions,random_actions:panel_3:1:1143044:1
shared,shared,random_actions,1,30000,1,reference,panel_3,1143045,f8b278bb5dc41b0a953fc7e9e3c912bdcd476dbad2acc247f4ec265e806f8fe7,0,0,32,-0.3200000000000001,0.14480000000000012,22,10,6,5,28,5,1,1.7651297685926841,0.0,0,,random_actions,random_actions:panel_3:1:1143045:0
shared,shared,random_actions,1,30000,1,reference,panel_3,1143045,f8b278bb5dc41b0a953fc7e9e3c912bdcd476dbad2acc247f4ec265e806f8fe7,1,0,32,-0.3200000000000001,0.18680000000000016,19,13,9,5,26,5,1,1.6845294134089286,0.0,0,,random_actions,random_actions:panel_3:1:1143045:1
shared,shared,random_actions,1,30000,1,reference,panel_3,1143046,d0e626c0f9628e9a555a94ff5915069feed9c6b01e4f61a9f7951af75ca53dd1,0,1,9,0.91,1.0952000000000002,3,6,0,7,9,5,0,0.1869419726570003,0.0,0,,random_actions,random_actions:panel_3:1:1143046:0
shared,shared,random_actions,1,30000,1,reference,panel_3,1143046,d0e626c0f9628e9a555a94ff5915069feed9c6b01e4f61a9f7951af75ca53dd1,1,0,32,-0.3200000000000001,0.005600000000000271,9,23,8,16,29,11,1,1.9135520503648569,0.0,0,,random_actions,random_actions:panel_3:1:1143046:1
shared,shared,random_actions,1,30000,1,reference,panel_3,1143047,464a446edfb6706975c1edbb8a7bab3f4d6be5797f9cb821b386c2827a6c1c7b,0,0,32,-0.3200000000000001,0.0176000000000002,14,18,11,8,27,6,1,1.8540918091550305,0.0,0,,random_actions,random_actions:panel_3:1:1143047:0
shared,shared,random_actions,1,30000,1,reference,panel_3,1143047,464a446edfb6706975c1edbb8a7bab3f4d6be5797f9cb821b386c2827a6c1c7b,1,0,32,-0.3200000000000001,0.08000000000000027,10,22,12,11,28,9,1,1.830137346777215,0.0,0,,random_actions,random_actions:panel_3:1:1143047:1
shared,shared,random_actions,1,30000,1,reference,panel_3,1143048,026be69e8f87e2b98f892f18c41006d5685d8e5a8f992b1b26e0a64f9b340176,0,0,32,-0.3200000000000001,0.056400000000000144,9,23,14,10,29,10,1,1.8706770534550303,0.0,0,,random_actions,random_actions:panel_3:1:1143048:0
shared,shared,random_actions,1,30000,1,reference,panel_3,1143048,026be69e8f87e2b98f892f18c41006d5685d8e5a8f992b1b26e0a64f9b340176,1,0,32,-0.3200000000000001,0.0588000000000001,11,21,14,8,28,9,1,1.8421436417487407,0.0,0,,random_actions,random_actions:panel_3:1:1143048:1
shared,shared,random_actions,1,30000,1,reference,panel_3,1143049,817f54db0353a66e19b04e48fc33d903cb845d4db0135fbeffe0d61149746e93,0,1,26,0.74,1.1496000000000002,9,17,7,11,26,12,0,0.6772774191531323,0.0,0,,random_actions,random_actions:panel_3:1:1143049:0
shared,shared,random_actions,1,30000,1,reference,panel_3,1143049,817f54db0353a66e19b04e48fc33d903cb845d4db0135fbeffe0d61149746e93,1,0,32,-0.3200000000000001,0.1496000000000001,5,27,18,10,27,11,1,1.7354414211830302,0.0,0,,random_actions,random_actions:panel_3:1:1143049:1
shared,shared,random_actions,1,30000,1,reference,panel_3,1143050,01d66a492b556543638f9cdee998e89decf8d8c6dc5d10d792cd086b9717215d,0,0,32,-0.3200000000000001,-0.0803999999999998,12,20,12,9,27,7,1,1.9484731302395817,0.0,0,,random_actions,random_actions:panel_3:1:1143050:0
shared,shared,random_actions,1,30000,1,reference,panel_3,1143050,01d66a492b556543638f9cdee998e89decf8d8c6dc5d10d792cd086b9717215d,1,0,32,-0.3200000000000001,-0.11759999999999989,12,20,14,7,31,9,1,2.0809381311280024,0.0,0,,random_actions,random_actions:panel_3:1:1143050:1
shared,shared,random_actions,1,30000,1,reference,panel_3,1143051,5d722b6a47599ffa8cb7b2f82202cdcd5f5d1b4225021f432d334ceebd49bf74,0,0,32,-0.3200000000000001,0.006800000000000195,13,19,13,7,28,7,1,1.8857228190980009,0.0,0,,random_actions,random_actions:panel_3:1:1143051:0
shared,shared,random_actions,1,30000,1,reference,panel_3,1143051,5d722b6a47599ffa8cb7b2f82202cdcd5f5d1b4225021f432d334ceebd49bf74,1,0,32,-0.3200000000000001,-0.012399999999999883,4,28,16,13,28,12,1,1.9046072090990014,0.0,0,,random_actions,random_actions:panel_3:1:1143051:1
shared,shared,random_actions,1,30000,1,reference,panel_3,1143052,11cddbf99c02fa390c4a755e1f638172f34e5fb60a445161d5698a9738faa7b7,0,0,32,-0.3200000000000001,0.18200000000000016,22,10,3,8,28,5,1,1.734932218373305,0.0,0,,random_actions,random_actions:panel_3:1:1143052:0
shared,shared,random_actions,1,30000,1,reference,panel_3,1143052,11cddbf99c02fa390c4a755e1f638172f34e5fb60a445161d5698a9738faa7b7,1,0,32,-0.3200000000000001,0.16040000000000015,16,16,6,11,31,10,1,1.8298616243776968,0.0,0,,random_actions,random_actions:panel_3:1:1143052:1
shared,shared,random_actions,1,30000,1,reference,panel_3,1143053,4c4499845b0a01b5b45b406b8fa8b733821bf3d18f447b02b08409f296e24fe0,0,0,32,-0.3200000000000001,-0.047999999999999876,11,21,10,12,26,7,1,1.9057411623222171,0.0,0,,random_actions,random_actions:panel_3:1:1143053:0
shared,shared,random_actions,1,30000,1,reference,panel_3,1143053,4c4499845b0a01b5b45b406b8fa8b733821bf3d18f447b02b08409f296e24fe0,1,0,32,-0.3200000000000001,-0.1572,8,24,16,9,30,11,1,2.089628194300002,0.0,0,,random_actions,random_actions:panel_3:1:1143053:1
shared,shared,random_actions,1,30000,1,reference,panel_3,1143054,58a05d5fc3a0e42df4a3ca5ed90b4affbf4f46cf7e17c34078cb01cd2cc2c1a0,0,0,32,-0.3200000000000001,0.008400000000000091,16,16,10,7,32,10,1,1.9920131037130306,0.0,0,,random_actions,random_actions:panel_3:1:1143054:0
shared,shared,random_actions,1,30000,1,reference,panel_3,1143054,58a05d5fc3a0e42df4a3ca5ed90b4affbf4f46cf7e17c34078cb01cd2cc2c1a0,1,0,32,-0.3200000000000001,-0.029999999999999957,11,21,15,7,31,11,1,1.9998330236710025,0.0,0,,random_actions,random_actions:panel_3:1:1143054:1
shared,shared,random_actions,1,30000,1,reference,panel_3,1143055,2e00a6411afec75a54b37f3ca7c651a58d11fa884f83ebdd45119679464ae0f5,0,0,32,-0.3200000000000001,0.033600000000000144,11,21,14,8,30,11,1,1.9139945806762906,0.0,0,,random_actions,random_actions:panel_3:1:1143055:0
shared,shared,random_actions,1,30000,1,reference,panel_3,1143055,2e00a6411afec75a54b37f3ca7c651a58d11fa884f83ebdd45119679464ae0f5,1,1,9,0.91,1.1268,4,5,0,6,9,5,0,0.15880000000000027,0.0,0,,random_actions,random_actions:panel_3:1:1143055:1
shared,shared,random_actions,1,30000,1,reference,panel_3,1143056,995642e2acbc59451c6cf9e99fe2fcbb2d720df5c4fc128693102a32a5d4ceee,0,0,32,-0.3200000000000001,0.014400000000000107,13,19,13,7,32,11,1,1.9855977222700025,0.0,0,,random_actions,random_actions:panel_3:1:1143056:0
shared,shared,random_actions,1,30000,1,reference,panel_3,1143056,995642e2acbc59451c6cf9e99fe2fcbb2d720df5c4fc128693102a32a5d4ceee,1,0,32,-0.3200000000000001,-0.005999999999999894,14,18,10,9,30,10,1,1.948917270628002,0.0,0,,random_actions,random_actions:panel_3:1:1143056:1
shared,shared,random_actions,1,30000,1,reference,panel_3,1143057,a147a9d82cb86ecc3d7a72b4e648d6859c1b81a55c901464cda16cdb18794a32,0,1,22,0.7799999999999999,0.9984000000000001,5,17,8,10,22,10,0,0.6853710131560012,0.0,0,,random_actions,random_actions:panel_3:1:1143057:0
shared,shared,random_actions,1,30000,1,reference,panel_3,1143057,a147a9d82cb86ecc3d7a72b4e648d6859c1b81a55c901464cda16cdb18794a32,1,0,32,-0.3200000000000001,-0.07279999999999992,9,23,13,11,29,9,1,1.9875187892280017,0.0,0,,random_actions,random_actions:panel_3:1:1143057:1
shared,shared,random_actions,1,30000,1,reference,panel_3,1143058,43ab5b97b0c21c01d098239b8576a38022477888301d9c11dff76fda9f47071f,0,0,32,-0.3200000000000001,-0.02919999999999988,10,22,16,7,30,11,1,1.9682645515130024,0.0,0,,random_actions,random_actions:panel_3:1:1143058:0
shared,shared,random_actions,1,30000,1,reference,panel_3,1143058,43ab5b97b0c21c01d098239b8576a38022477888301d9c11dff76fda9f47071f,1,0,32,-0.3200000000000001,0.03200000000000022,2,30,20,11,30,14,1,1.9170436687213352,0.0,0,,random_actions,random_actions:panel_3:1:1143058:1
shared,shared,random_actions,1,30000,1,reference,panel_3,1143059,518a017c39932c7681ebc089ef33b0314e31b68be10e1baa6ff7066c17675266,0,0,32,-0.3200000000000001,-0.09439999999999997,6,26,17,10,28,10,1,1.975762008600002,0.0,0,,random_actions,random_actions:panel_3:1:1143059:0
shared,shared,random_actions,1,30000,1,reference,panel_3,1143059,518a017c39932c7681ebc089ef33b0314e31b68be10e1baa6ff7066c17675266,1,0,32,-0.3200000000000001,-0.07880000000000004,4,28,19,10,28,11,1,1.969984586700002,0.0,0,,random_actions,random_actions:panel_3:1:1143059:1
shared,shared,random_actions,1,30000,1,reference,panel_3,1143060,914934ad68195dad6f2169d9084ab045731faf4ee4ef8d09fddb653b25f4c434,0,1,32,0.6799999999999999,0.8656000000000001,10,22,12,11,32,12,0,1.124738422014002,0.0,0,,random_actions,random_actions:panel_3:1:1143060:0
shared,shared,random_actions,1,30000,1,reference,panel_3,1143060,914934ad68195dad6f2169d9084ab045731faf4ee4ef8d09fddb653b25f4c434,1,1,11,0.89,0.9916,1,10,6,5,11,6,0,0.34784346000000066,0.0,0,,random_actions,random_actions:panel_3:1:1143060:1
shared,shared,random_actions,1,30000,1,reference,panel_3,1143061,ba670b81e5d115cb4d83dd45fc11c9a5f413d4e0fae1da0618640f668f3fc2bf,0,1,2,0.98,1.0612,0,2,0,3,2,2,0,0.0,0.0,0,,random_actions,random_actions:panel_3:1:1143061:0
shared,shared,random_actions,1,30000,1,reference,panel_3,1143061,ba670b81e5d115cb4d83dd45fc11c9a5f413d4e0fae1da0618640f668f3fc2bf,1,0,32,-0.3200000000000001,-0.14159999999999995,12,20,15,6,31,9,1,2.103706468600002,0.0,0,,random_actions,random_actions:panel_3:1:1143061:1
shared,shared,random_actions,1,30000,1,reference,panel_3,1143062,ff72b946552760b1315f6ee74c7b5b1b1c37fb26c18ca58a88ce53c98321cae9,0,0,32,-0.3200000000000001,0.051600000000000146,10,22,14,9,30,11,1,1.897653532760538,0.0,0,,random_actions,random_actions:panel_3:1:1143062:0
shared,shared,random_actions,1,30000,1,reference,panel_3,1143062,ff72b946552760b1315f6ee74c7b5b1b1c37fb26c18ca58a88ce53c98321cae9,1,0,32,-0.3200000000000001,0.09480000000000019,9,23,16,8,27,9,1,1.788956468457596,0.0,0,,random_actions,random_actions:panel_3:1:1143062:1
shared,shared,random_actions,1,30000,1,reference,panel_3,1143063,6cf1c851a982d3e556024113592a50856a2f1255ea65c3c9e7c58593dd374cf1,0,1,12,0.88,0.9936,6,6,3,4,12,4,0,0.377003110000001,0.0,0,,random_actions,random_actions:panel_3:1:1143063:0
shared,shared,random_actions,1,30000,1,reference,panel_3,1143063,6cf1c851a982d3e556024113592a50856a2f1255ea65c3c9e7c58593dd374cf1,1,1,16,0.84,0.9764,6,10,6,5,16,6,0,0.518504430500001,0.0,0,,random_actions,random_actions:panel_3:1:1143063:1
shared,shared,random_actions,1,30000,1,reference,panel_3,1143064,a5a1d721e033457f0f54c84f41c7491320ec7c53c16ff86203563efb70a07d12,0,0,32,-0.3200000000000001,0.16360000000000027,6,26,19,8,27,11,1,1.7362912776640136,0.0,0,,random_actions,random_actions:panel_3:1:1143064:0
shared,shared,random_actions,1,30000,1,reference,panel_3,1143064,a5a1d721e033457f0f54c84f41c7491320ec7c53c16ff86203563efb70a07d12,1,0,32,-0.3200000000000001,0.08800000000000015,9,23,13,11,31,13,1,1.8929145658178408,0.0,0,,random_actions,random_actions:panel_3:1:1143064:1
shared,shared,random_actions,2,30000,1,reference,panel_3,1143000,ed41d1a4765b292cf8e403e32ff7d02a3b2a554fe286682567726326f57add43,0,0,32,-0.3200000000000001,0.0028000000000000524,15,17,11,7,25,4,1,1.8264313499934173,0.0,0,,random_actions,random_actions:panel_3:2:1143000:0
shared,shared,random_actions,2,30000,1,reference,panel_3,1143000,ed41d1a4765b292cf8e403e32ff7d02a3b2a554fe286682567726326f57add43,1,0,32,-0.3200000000000001,-0.03319999999999984,8,24,15,10,28,10,1,1.9286250710797845,0.0,0,,random_actions,random_actions:panel_3:2:1143000:1
shared,shared,random_actions,2,30000,1,reference,panel_3,1143001,7ba7f5dd3cbd5beac9312aea0c571b607c1bd4b265663787f5ae6f97be82d205,0,0,32,-0.3200000000000001,-0.019199999999999905,11,21,14,8,32,12,1,2.017192226071002,0.0,0,,random_actions,random_actions:panel_3:2:1143001:0
shared,shared,random_actions,2,30000,1,reference,panel_3,1143001,7ba7f5dd3cbd5beac9312aea0c571b607c1bd4b265663787f5ae6f97be82d205,1,0,32,-0.3200000000000001,0.044400000000000155,20,12,9,4,29,5,1,1.8735752920120015,0.0,0,,random_actions,random_actions:panel_3:2:1143001:1
shared,shared,random_actions,2,30000,1,reference,panel_3,1143002,f0046b64e0c35a36241de37b0e559b8838099611b0044f06d12744b718fe6eb2,0,1,19,0.8099999999999999,0.8788,12,7,5,3,19,4,0,0.7074540000000012,0.0,0,,random_actions,random_actions:panel_3:2:1143002:0
shared,shared,random_actions,2,30000,1,reference,panel_3,1143002,f0046b64e0c35a36241de37b0e559b8838099611b0044f06d12744b718fe6eb2,1,1,22,0.7799999999999999,0.8656,3,19,11,9,22,10,0,0.8135959200000012,0.0,0,,random_actions,random_actions:panel_3:2:1143002:1
shared,shared,random_actions,2,30000,1,reference,panel_3,1143003,83db31c30d8b405c28202252c0950ec5ddbcb06fa8474c6de115136d04b602dd,0,0,32,-0.3200000000000001,0.051600000000000174,10,22,9,14,27,8,1,1.822405411165711,0.0,0,,random_actions,random_actions:panel_3:2:1143003:0
shared,shared,random_actions,2,30000,1,reference,panel_3,1143003,83db31c30d8b405c28202252c0950ec5ddbcb06fa8474c6de115136d04b602dd,1,0,32,-0.3200000000000001,0.024000000000000105,14,18,12,7,31,10,1,1.9496812052903203,0.0,0,,random_actions,random_actions:panel_3:2:1143003:1
shared,shared,random_actions,2,30000,1,reference,panel_3,1143004,67f50ce963d6b0c44defb16053cff62ccbac52cdb1912442c3689a49b65523ec,0,0,32,-0.3200000000000001,-0.1744,7,25,14,12,31,11,1,2.1368844751850022,0.0,0,,random_actions,random_actions:panel_3:2:1143004:0
shared,shared,random_actions,2,30000,1,reference,panel_3,1143004,67f50ce963d6b0c44defb16053cff62ccbac52cdb1912442c3689a49b65523ec,1,0,32,-0.3200000000000001,-0.15639999999999998,3,29,18,12,28,11,1,2.041537152014002,0.0,0,,random_actions,random_actions:panel_3:2:1143004:1
shared,shared,random_actions,2,30000,1,reference,panel_3,1143005,cc6db32f247af49991958f9325a43913c25f4bb3483987470c213d039fdc7c6a,0,0,32,-0.3200000000000001,-0.11319999999999991,16,16,8,9,28,6,1,2.0039608482714515,0.0,0,,random_actions,random_actions:panel_3:2:1143005:0
shared,shared,random_actions,2,30000,1,reference,panel_3,1143005,cc6db32f247af49991958f9325a43913c25f4bb3483987470c213d039fdc7c6a,1,1,1,0.99,1.03,0,1,0,2,1,1,0,0.0,0.0,0,,random_actions,random_actions:panel_3:2:1143005:1
shared,shared,random_actions,2,30000,1,reference,panel_3,1143006,4d07585f83806c89b1908c7ea388ce9587a3ec5b7943e944c767bd7bff3cbfef,0,0,32,-0.3200000000000001,-0.06679999999999982,9,23,17,7,29,10,1,1.9782062089710015,0.0,0,,random_actions,random_actions:panel_3:2:1143006:0
shared,shared,random_actions,2,30000,1,reference,panel_3,1143006,4d07585f83806c89b1908c7ea388ce9587a3ec5b7943e944c767bd7bff3cbfef,1,1,14,0.86,1.0268000000000002,3,11,3,9,14,7,0,0.40763212885700073,0.0,0,,random_actions,random_actions:panel_3:2:1143006:1
shared,shared,random_actions,2,30000,1,reference,panel_3,1143007,535d98e103a59b7573ac610d73ca0a8c61441aaa341f198cc6518de7083c8cef,0,1,29,0.71,0.9972000000000001,9,20,11,10,29,12,0,0.9062681103700018,0.0,0,,random_actions,random_actions:panel_3:2:1143007:0
shared,shared,random_actions,2,30000,1,reference,panel_3,1143007,535d98e103a59b7573ac610d73ca0a8c61441aaa341f198cc6518de7083c8cef,1,0,32,-0.3200000000000001,-0.04359999999999986,12,20,9,12,28,9,1,1.939597166957002,0.0,0,,random_actions,random_actions:panel_3:2:1143007:1
shared,shared,random_actions,2,30000,1,reference,panel_3,1143008,0f6589006adbde4b119a4076fd9e00c86982913d716d5ab8da632d607bca3c26,0,1,3,0.97,1.0136,0,3,1,3,3,2,0,0.07820900000000008,0.0,0,,random_actions,random_actions:panel_3:2:1143008:0
shared,shared,random_actions,2,30000,1,reference,panel_3,1143008,0f6589006adbde4b119a4076fd9e00c86982913d716d5ab8da632d607bca3c26,1,1,1,0.99,1.03,0,1,0,2,1,1,0,0.0,0.0,0,,random_actions,random_actions:panel_3:2:1143008:1
shared,shared,random_actions,2,30000,1,reference,panel_3,1143009,d62484a8ec5b8e45301b6c0779ecf4fa72ed48667cd71cd67089ed2d16f22b01,0,0,32,-0.3200000000000001,-0.13679999999999984,18,14,6,9,32,7,1,2.1267727048000014,0.0,0,,random_actions,random_actions:panel_3:2:1143009:0
shared,shared,random_actions,2,30000,1,reference,panel_3,1143009,d62484a8ec5b8e45301b6c0779ecf4fa72ed48667cd71cd67089ed2d16f22b01,1,1,2,0.98,1.0612,0,2,0,3,2,2,0,0.0,0.0,0,,random_actions,random_actions:panel_3:2:1143009:1
shared,shared,random_actions,2,30000,1,reference,panel_3,1143010,b76431b5c910652873fba5c2b7c798ba59c624aaf1822df3bc6789744b93b6e4,0,1,11,0.89,0.9928,1,10,5,6,11,6,0,0.3466524600000007,0.0,0,,random_actions,random_actions:panel_3:2:1143010:0
shared,shared,random_actions,2,30000,1,reference,panel_3,1143010,b76431b5c910652873fba5c2b7c798ba59c624aaf1822df3bc6789744b93b6e4,1,1,23,0.7699999999999999,0.9268000000000001,9,14,5,10,23,8,0,0.7846709367000014,0.0,0,,random_actions,random_actions:panel_3:2:1143010:1
shared,shared,random_actions,2,30000,1,reference,panel_3,1143011,3de282d724515d0065e6c2f22b208c7c1109b9d92b07d33d38253429041f3208,0,0,32,-0.3200000000000001,0.1408000000000002,15,17,12,6,28,8,1,1.7678094613080018,0.0,0,,random_actions,random_actions:panel_3:2:1143011:0
shared,shared,random_actions,2,30000,1,reference,panel_3,1143011,3de282d724515d0065e6c2f22b208c7c1109b9d92b07d33d38253429041f3208,1,0,32,-0.3200000000000001,0.15760000000000018,17,15,12,4,29,7,1,1.7826942257337985,0.0,0,,random_actions,random_actions:panel_3:2:1143011:1
shared,shared,random_actions,2,30000,1,reference,panel_3,1143012,50e218d340a33901cf0d6001c84e844906ac5dfa61c9436b68e41865a83e8a86,0,1,22,0.7799999999999999,1.0312000000000001,8,14,5,10,22,9,0,0.6549132686622909,0.0,0,,random_actions,random_actions:panel_3:2:1143012:0
shared,shared,random_actions,2,30000,1,reference,panel_3,1143012,50e218d340a33901cf0d6001c84e844906ac5dfa61c9436b68e41865a83e8a86,1,0,32,-0.3200000000000001,0.0452000000000001,20,12,8,5,27,5,1,1.8323795053477696,0.0,0,,random_actions,random_actions:panel_3:2:1143012:1
shared,shared,random_actions,2,30000,1,reference,panel_3,1143014,93f847e48e5de594df61975fc8dd782bca054c6c27ab678b960ed15457ddd6d9,0,1,5,0.95,1.036,1,4,2,3,5,3,0,0.11790900000000015,0.0,0,,random_actions,random_actions:panel_3:2:1143014:0
shared,shared,random_actions,2,30000,1,reference,panel_3,1143014,93f847e48e5de594df61975fc8dd782bca054c6c27ab678b960ed15457ddd6d9,1,0,32,-0.3200000000000001,-0.09600000000000003,6,26,16,11,28,9,1,1.9876675436521616,0.0,0,,random_actions,random_actions:panel_3:2:1143014:1
shared,shared,random_actions,2,30000,1,reference,panel_3,1143015,c171ccb21defc0c297c0d61358e0ce9c9bb157ac536e8e9228d75a2ad6a2620b,0,0,32,-0.3200000000000001,-0.08679999999999971,11,21,13,9,28,7,1,1.98350060414006,0.0,0,,random_actions,random_actions:panel_3:2:1143015:0
shared,shared,random_actions,2,30000,1,reference,panel_3,1143015,c171ccb21defc0c297c0d61358e0ce9c9bb157ac536e8e9228d75a2ad6a2620b,1,0,32,-0.3200000000000001,-0.17200000000000004,8,24,17,8,30,10,1,2.1084208169570022,0.0,0,,random_actions,random_actions:panel_3:2:1143015:1
shared,shared,random_actions,2,30000,1,reference,panel_3,1143016,b9444a23a90eb28e1f5f811b4e5e4a9f662c48211471e4b3bb5989677390ca68,0,0,32,-0.3200000000000001,0.09760000000000014,7,25,14,12,29,12,1,1.8325033523077119,0.0,0,,random_actions,random_actions:panel_3:2:1143016:0
shared,shared,random_actions,2,30000,1,reference,panel_3,1143016,b9444a23a90eb28e1f5f811b4e5e4a9f662c48211471e4b3bb5989677390ca68,1,0,32,-0.3200000000000001,0.12520000000000014,15,17,11,7,27,7,1,1.7601079799478425,0.0,0,,random_actions,random_actions:panel_3:2:1143016:1
shared,shared,random_actions,2,30000,1,reference,panel_3,1143017,758cc64a4bd420a6ec1a6201e5126ac499d5ce287682782756aaca754564c815,0,0,32,-0.3200000000000001,-0.14400000000000002,5,27,21,7,30,12,1,2.0790521143000023,0.0,0,,random_actions,random_actions:panel_3:2:1143017:0
shared,shared,random_actions,2,30000,1,reference,panel_3,1143017,758cc64a4bd420a6ec1a6201e5126ac499d5ce287682782756aaca754564c815,1,0,32,-0.3200000000000001,-0.14039999999999997,12,20,12,9,29,7,1,2.0542930681000025,0.0,0,,random_actions,random_actions:panel_3:2:1143017:1
shared,shared,random_actions,2,30000,1,reference,panel_3,1143018,7adfd6d1f009beabf471d7774d2c8882c7a2302ba5a7ba8584c5b14da0596a30,0,0,32,-0.3200000000000001,0.1396000000000002,9,23,13,11,29,11,1,1.7997004509998649,0.0,0,,random_actions,random_actions:panel_3:2:1143018:0
shared,shared,random_actions,2,30000,1,reference,panel_3,1143018,7adfd6d1f009beabf471d7774d2c8882c7a2302ba5a7ba8584c5b14da0596a30,1,0,32,-0.3200000000000001,0.10840000000000016,10,22,13,10,29,11,1,1.820027662838115,0.0,0,,random_actions,random_actions:panel_3:2:1143018:1
shared,shared,random_actions,2,30000,1,reference,panel_3,1143019,27456174d6b202fad5c1530d7e088e369cb9726e00c525ba6b19a42774aae3e0,0,1,14,0.86,1.0112,3,11,3,9,14,7,0,0.4225509200000007,0.0,0,,random_actions,random_actions:panel_3:2:1143019:0
shared,shared,random_actions,2,30000,1,reference,panel_3,1143019,27456174d6b202fad5c1530d7e088e369cb9726e00c525ba6b19a42774aae3e0,1,1,31,0.69,0.9228000000000001,10,21,12,10,31,12,0,1.0383038353000014,0.0,0,,random_actions,random_actions:panel_3:2:1143019:1
shared,shared,random_actions,2,30000,1,reference,panel_3,1143020,6127ce06260c1a2dfe292507df70f8472202f31e0d133293814d77080fa6fa58,0,0,32,-0.3200000000000001,-0.017199999999999868,5,27,20,8,29,12,1,1.929777745362291,0.0,0,,random_actions,random_actions:panel_3:2:1143020:0
shared,shared,random_actions,2,30000,1,reference,panel_3,1143020,6127ce06260c1a2dfe292507df70f8472202f31e0d133293814d77080fa6fa58,1,0,32,-0.3200000000000001,-0.03039999999999987,14,18,11,8,30,9,1,1.9725799792280014,0.0,0,,random_actions,random_actions:panel_3:2:1143020:1
shared,shared,random_actions,2,30000,1,reference,panel_3,1143021,a4084ec29ba7334cc029452560a4bfe46759e7013fabe9b18666bf964fba85a7,0,1,20,0.7999999999999999,0.9772000000000001,4,16,9,8,20,9,0,0.6437345285965809,0.0,0,,random_actions,random_actions:panel_3:2:1143021:0
shared,shared,random_actions,2,30000,1,reference,panel_3,1143021,a4084ec29ba7334cc029452560a4bfe46759e7013fabe9b18666bf964fba85a7,1,0,32,-0.3200000000000001,-0.13319999999999982,18,14,8,7,30,6,1,2.0699800612570023,0.0,0,,random_actions,random_actions:panel_3:2:1143021:1
shared,shared,random_actions,2,30000,1,reference,panel_3,1143022,1986c68ce34dead5fdc89c74717b2a346705c9f8b1b50343bbc96f1e6820321a,0,0,32,-0.3200000000000001,0.1228000000000001,13,19,12,8,27,9,1,1.7632049029946832,0.0,0,,random_actions,random_actions:panel_3:2:1143022:0
shared,shared,random_actions,2,30000,1,reference,panel_3,1143022,1986c68ce34dead5fdc89c74717b2a346705c9f8b1b50343bbc96f1e6820321a,1,0,32,-0.3200000000000001,0.1336000000000001,15,17,10,8,27,7,1,1.7568143592560301,0.0,0,,random_actions,random_actions:panel_3:2:1143022:1
shared,shared,random_actions,2,30000,1,reference,panel_3,1143023,5fc1e0f6277e6e1b178aae5f101e636066b77897601f6bc68d61999590882d19,0,0,32,-0.3200000000000001,0.13720000000000016,12,20,10,11,26,7,1,1.7310513601908426,0.0,0,,random_actions,random_actions:panel_3:2:1143023:0
shared,shared,random_actions,2,30000,1,reference,panel_3,1143023,5fc1e0f6277e6e1b178aae5f101e636066b77897601f6bc68d61999590882d19,1,0,32,-0.3200000000000001,0.1024000000000001,10,22,15,8,27,10,1,1.78060584731832,0.0,0,,random_actions,random_actions:panel_3:2:1143023:1
shared,shared,random_actions,2,30000,1,reference,panel_3,1143024,af6164ab1e36912b91e5d1ecb52511c818a921f2ffed1029e57bda92bd9ec771,0,0,32,-0.3200000000000001,0.0180000000000001,8,24,17,8,30,12,1,1.9274124328990017,0.0,0,,random_actions,random_actions:panel_3:2:1143024:0
shared,shared,random_actions,2,30000,1,reference,panel_3,1143024,af6164ab1e36912b91e5d1ecb52511c818a921f2ffed1029e57bda92bd9ec771,1,0,32,-0.3200000000000001,0.020400000000000112,6,26,19,8,29,12,1,1.9002377683420013,0.0,0,,random_actions,random_actions:panel_3:2:1143024:1
shared,shared,random_actions,2,30000,1,reference,panel_3,1143025,1d861f376f8fe248d66c1b9451afbf0dabab4feb9532134522960a606ab40038,0,0,32,-0.3200000000000001,-0.04039999999999991,10,22,15,8,29,9,1,1.9575819072574507,0.0,0,,random_actions,random_actions:panel_3:2:1143025:0
shared,shared,random_actions,2,30000,1,reference,panel_3,1143025,1d861f376f8fe248d66c1b9451afbf0dabab4feb9532134522960a606ab40038,1,0,32,-0.3200000000000001,-0.07039999999999991,11,21,15,7,28,8,1,1.958739618471002,0.0,0,,random_actions,random_actions:panel_3:2:1143025:1
shared,shared,random_actions,2,30000,1,reference,panel_3,1143026,8f91c0a0f68f076faa2d6e49ec3b7a5cad4e8ee81382f329c399c665ff8edf3f,0,1,6,0.94,1.0768,1,5,0,6,6,4,0,0.10981996620000012,0.0,0,,random_actions,random_actions:panel_3:2:1143026:0
shared,shared,random_actions,2,30000,1,reference,panel_3,1143026,8f91c0a0f68f076faa2d6e49ec3b7a5cad4e8ee81382f329c399c665ff8edf3f,1,1,8,0.9199999999999999,1.0556,3,5,2,4,8,4,0,0.19258073000000042,0.0,0,,random_actions,random_actions:panel_3:2:1143026:1
shared,shared,random_actions,2,30000,1,reference,panel_3,1143027,eb3b22bd3d86414daaba9361b51d6722118e2cab0c958021f6c997bcc1b1b554,0,1,7,0.9299999999999999,0.9796,4,3,1,3,7,2,0,0.23581800000000042,0.0,0,,random_actions,random_actions:panel_3:2:1143027:0
shared,shared,random_actions,2,30000,1,reference,panel_3,1143027,eb3b22bd3d86414daaba9361b51d6722118e2cab0c958021f6c997bcc1b1b554,1,1,7,0.9299999999999999,0.982,2,5,0,6,7,3,0,0.23347173000000043,0.0,0,,random_actions,random_actions:panel_3:2:1143027:1
shared,shared,random_actions,2,30000,1,reference,panel_3,1143028,8d0b2d7d4f270fb6fbd486bc6d63ec1e6a6dbe546f03937e1c481d45dcde6bb9,0,1,8,0.9199999999999999,1.0144,6,2,0,3,8,2,0,0.2322450000000007,0.0,0,,random_actions,random_actions:panel_3:2:1143028:0
shared,shared,random_actions,2,30000,1,reference,panel_3,1143028,8d0b2d7d4f270fb6fbd486bc6d63ec1e6a6dbe546f03937e1c481d45dcde6bb9,1,0,32,-0.3200000000000001,-0.11039999999999987,13,19,8,12,31,9,1,2.073700238272451,0.0,0,,random_actions,random_actions:panel_3:2:1143028:1
shared,shared,random_actions,2,30000,1,reference,panel_3,1143029,d622bbd3ae3b3027c0b265b4823dc4acbd5cf1e83cdc95521d02944328ba8d66,0,1,5,0.95,0.9996,0,5,0,6,5,3,0,0.1540717300000003,0.0,0,,random_actions,random_actions:panel_3:2:1143029:0
shared,shared,random_actions,2,30000,1,reference,panel_3,1143029,d622bbd3ae3b3027c0b265b4823dc4acbd5cf1e83cdc95521d02944328ba8d66,1,1,2,0.98,1.0212,1,1,0,2,2,1,0,0.03970000000000007,0.0,0,,random_actions,random_actions:panel_3:2:1143029:1
shared,shared,random_actions,2,30000,1,reference,panel_3,1143030,e273b303b4c0ca5b9e57a8be1a57704503cf470b4839398b45ce032f621034c0,0,0,32,-0.3200000000000001,-0.02719999999999982,11,21,12,10,29,9,1,1.9408704645994512,0.0,0,,random_actions,random_actions:panel_3:2:1143030:0
shared,shared,random_actions,2,30000,1,reference,panel_3,1143030,e273b303b4c0ca5b9e57a8be1a57704503cf470b4839398b45ce032f621034c0,1,0,32,-0.3200000000000001,-0.021199999999999886,10,22,12,11,28,9,1,1.916652417258871,0.0,0,,random_actions,random_actions:panel_3:2:1143030:1
shared,shared,random_actions,2,30000,1,reference,panel_3,1143031,5fe53932d4a75f22999f5f8fd8d1ca8c9ec84d18f444863f61e6c328ab3161b3,0,0,32,-0.3200000000000001,-0.08239999999999997,6,26,18,9,30,12,1,2.0223318358140023,0.0,0,,random_actions,random_actions:panel_3:2:1143031:0
shared,shared,random_actions,2,30000,1,reference,panel_3,1143031,5fe53932d4a75f22999f5f8fd8d1ca8c9ec84d18f444863f61e6c328ab3161b3,1,0,32,-0.3200000000000001,-0.06799999999999996,5,27,21,7,31,13,1,2.033495774799002,0.0,0,,random_actions,random_actions:panel_3:2:1143031:1
shared,shared,random_actions,2,30000,1,reference,panel_3,1143032,c8545dc080e864809a7f38621068d0d4fd0b10df2173e5f31d5562fbacad6f64,0,0,32,-0.3200000000000001,-0.05719999999999978,11,21,11,11,27,7,1,1.9241979184710014,0.0,0,,random_actions,random_actions:panel_3:2:1143032:0
shared,shared,random_actions,2,30000,1,reference,panel_3,1143032,c8545dc080e864809a7f38621068d0d4fd0b10df2173e5f31d5562fbacad6f64,1,0,32,-0.3200000000000001,-0.09559999999999988,13,19,13,7,29,9,1,2.0066437386000016,0.0,0,,random_actions,random_actions:panel_3:2:1143032:1
shared,shared,random_actions,2,30000,1,reference,panel_3,1143033,53a53ad7539de9ecec02eb701a7bc0219ac4c2387057fae708183a4e365f1f4c,0,1,28,0.72,0.9228000000000001,5,23,13,11,28,13,0,0.9445894369570018,0.0,0,,random_actions,random_actions:panel_3:2:1143033:0
shared,shared,random_actions,2,30000,1,reference,panel_3,1143033,53a53ad7539de9ecec02eb701a7bc0219ac4c2387057fae708183a4e365f1f4c,1,0,32,-0.3200000000000001,-0.0859999999999999,13,19,12,8,31,10,1,2.049222118728002,0.0,0,,random_actions,random_actions:panel_3:2:1143033:1
shared,shared,random_actions,2,30000,1,reference,panel_3,1143034,9fec15b3da8aa7801d17dc7348f3bc5e43943521d36115ba124d989d0ba0e26a,0,0,32,-0.3200000000000001,-0.13919999999999993,9,23,15,9,29,9,1,2.0473582324000024,0.0,0,,random_actions,random_actions:panel_3:2:1143034:0
shared,shared,random_actions,2,30000,1,reference,panel_3,1143034,9fec15b3da8aa7801d17dc7348f3bc5e43943521d36115ba124d989d0ba0e26a,1,1,11,0.89,0.9916,3,8,3,6,11,5,0,0.34780773000000076,0.0,0,,random_actions,random_actions:panel_3:2:1143034:1
shared,shared,random_actions,2,30000,1,reference,panel_3,1143035,6287a5f24d1db38fb624ce10e89d2871ea73523862fcd2b9101480938d1d3eae,0,1,10,0.9,0.9992000000000001,2,8,3,6,10,5,0,0.30929873000000063,0.0,0,,random_actions,random_actions:panel_3:2:1143035:0
shared,shared,random_actions,2,30000,1,reference,panel_3,1143035,6287a5f24d1db38fb624ce10e89d2871ea73523862fcd2b9101480938d1d3eae,1,1,31,0.69,0.8624,7,24,16,9,31,13,0,1.0962823505000023,0.0,0,,random_actions,random_actions:panel_3:2:1143035:1
shared,shared,random_actions,2,30000,1,reference,panel_3,1143036,f9119877d46057a8d63be08bad4c5a4e075e5d373568e37aa9f3b78cf332f10d,0,0,32,-0.3200000000000001,0.07040000000000024,23,9,6,4,26,2,1,1.7900636599104216,0.0,0,,random_actions,random_actions:panel_3:2:1143036:0
shared,shared,random_actions,2,30000,1,reference,panel_3,1143036,f9119877d46057a8d63be08bad4c5a4e075e5d373568e37aa9f3b78cf332f10d,1,1,32,0.6799999999999999,1.0116,16,16,8,9,32,10,0,0.9881544853501907,0.0,0,,random_actions,random_actions:panel_3:2:1143036:1
shared,shared,random_actions,2,30000,1,reference,panel_3,1143037,2260597dd492f4f9c3ee16cd4502baf1cbeba3b4472e729757646d6145f6826e,0,1,10,0.9,1.038,1,9,4,6,10,6,0,0.27198073000000034,0.0,0,,random_actions,random_actions:panel_3:2:1143037:0
shared,shared,random_actions,2,30000,1,reference,panel_3,1143037,2260597dd492f4f9c3ee16cd4502baf1cbeba3b4472e729757646d6145f6826e,1,1,7,0.9299999999999999,1.0656,4,3,0,4,7,3,0,0.15172546000000042,0.0,0,,random_actions,random_actions:panel_3:2:1143037:1
shared,shared,random_actions,2,30000,1,reference,panel_3,1143038,0d244ff5921457d75d4bfab878e62cc8ef7c0d24c28bbb7dcb5f03c83038050c,0,1,21,0.7899999999999999,0.9784,8,13,8,6,21,8,0,0.6724711143000016,0.0,0,,random_actions,random_actions:panel_3:2:1143038:0
shared,shared,random_actions,2,30000,1,reference,panel_3,1143038,0d244ff5921457d75d4bfab878e62cc8ef7c0d24c28bbb7dcb5f03c83038050c,1,0,32,-0.3200000000000001,-0.09679999999999993,14,18,10,9,31,9,1,2.0594893629000017,0.0,0,,random_actions,random_actions:panel_3:2:1143038:1
shared,shared,random_actions,2,30000,1,reference,panel_3,1143039,41d7eef9de33e39c4adae2a8618e6753945bca32fbd03536d774b07d207ca860,0,1,27,0.73,1.1432,8,19,10,10,27,13,0,0.714231670430871,0.0,0,,random_actions,random_actions:panel_3:2:1143039:0
shared,shared,random_actions,2,30000,1,reference,panel_3,1143039,41d7eef9de33e39c4adae2a8618e6753945bca32fbd03536d774b07d207ca860,1,1,27,0.73,1.1072,8,19,7,13,27,13,0,0.7475609496140012,0.0,0,,random_actions,random_actions:panel_3:2:1143039:1
shared,shared,random_actions,2,30000,1,reference,panel_3,1143040,32a1002dceebf81475348ce31159cd95a8e3732f5733c555bbdd76252655b842,0,1,30,0.7,1.0524000000000002,7,23,14,10,30,14,0,0.8876455761777404,0.0,0,,random_actions,random_actions:panel_3:2:1143040:0
shared,shared,random_actions,2,30000,1,reference,panel_3,1143040,32a1002dceebf81475348ce31159cd95a8e3732f5733c555bbdd76252655b842,1,1,30,0.7,1.0212,7,23,12,12,30,14,0,0.9167339123332917,0.0,0,,random_actions,random_actions:panel_3:2:1143040:1
shared,shared,random_actions,2,30000,1,reference,panel_3,1143041,a430a7e01abd9b3fc948d755d31468f32650619b1baf55ab54ccbf5d525b7dec,0,0,32,-0.3200000000000001,-0.005599999999999744,7,25,14,12,27,9,1,1.8787604162135527,0.0,0,,random_actions,random_actions:panel_3:2:1143041:0
shared,shared,random_actions,2,30000,1,reference,panel_3,1143041,a430a7e01abd9b3fc948d755d31468f32650619b1baf55ab54ccbf5d525b7dec,1,1,32,0.6799999999999999,0.9236000000000002,5,27,14,14,32,15,0,1.0697431268705528,0.0,0,,random_actions,random_actions:panel_3:2:1143041:1
shared,shared,random_actions,2,30000,1,reference,panel_3,1143042,0575f0c137a27fa90e41fafe23a216cbed8aad185d12a632f087ad9e43299ff3,0,0,32,-0.3200000000000001,-0.0015999999999998238,12,20,13,8,28,9,1,1.8924770832028706,0.0,0,,random_actions,random_actions:panel_3:2:1143042:0
shared,shared,random_actions,2,30000,1,reference,panel_3,1143042,0575f0c137a27fa90e41fafe23a216cbed8aad185d12a632f087ad9e43299ff3,1,1,17,0.83,1.0272000000000001,3,14,6,9,17,9,0,0.501879460000001,0.0,0,,random_actions,random_actions:panel_3:2:1143042:1
shared,shared,random_actions,2,30000,1,reference,panel_3,1143043,278c7df982b3b24fb8308c04cbbd778c8eb8a867111673cef49bde9e0249e09c,0,0,32,-0.3200000000000001,-0.04039999999999991,12,20,10,11,29,9,1,1.9562595228308717,0.0,0,,random_actions,random_actions:panel_3:2:1143043:0
shared,shared,random_actions,2,30000,1,reference,panel_3,1143043,278c7df982b3b24fb8308c04cbbd778c8eb8a867111673cef49bde9e0249e09c,1,1,14,0.86,1.034,1,13,5,9,14,8,0,0.40094103607100073,0.0,0,,random_actions,random_actions:panel_3:2:1143043:1
shared,shared,random_actions,2,30000,1,reference,panel_3,1143044,a8418d0bde1778cb15deafcb25d8302177912abc52b4c9f49fe875f8ab866759,0,1,23,0.7699999999999999,1.0212,7,16,8,9,23,10,0,0.6952894682140006,0.0,0,,random_actions,random_actions:panel_3:2:1143044:0
shared,shared,random_actions,2,30000,1,reference,panel_3,1143044,a8418d0bde1778cb15deafcb25d8302177912abc52b4c9f49fe875f8ab866759,1,1,20,0.7999999999999999,1.0356,14,6,0,7,20,5,0,0.5877485352999997,0.0,0,,random_actions,random_actions:panel_3:2:1143044:1
shared,shared,random_actions,2,30000,1,reference,panel_3,1143045,f8b278bb5dc41b0a953fc7e9e3c912bdcd476dbad2acc247f4ec265e806f8fe7,0,0,32,-0.3200000000000001,0.16880000000000014,20,12,8,5,27,6,1,1.7269717848946828,0.0,0,,random_actions,random_actions:panel_3:2:1143045:0
shared,shared,random_actions,2,30000,1,reference,panel_3,1143045,f8b278bb5dc41b0a953fc7e9e3c912bdcd476dbad2acc247f4ec265e806f8fe7,1,0,32,-0.3200000000000001,0.1244000000000001,5,27,17,11,30,14,1,1.8364918469328422,0.0,0,,random_actions,random_actions:panel_3:2:1143045:1
shared,shared,random_actions,2,30000,1,reference,panel_3,1143046,d0e626c0f9628e9a555a94ff5915069feed9c6b01e4f61a9f7951af75ca53dd1,0,1,16,0.84,1.0264,8,8,4,5,16,6,0,0.47163600000000083,0.0,0,,random_actions,random_actions:panel_3:2:1143046:0
shared,shared,random_actions,2,30000,1,reference,panel_3,1143046,d0e626c0f9628e9a555a94ff5915069feed9c6b01e4f61a9f7951af75ca53dd1,1,0,32,-0.3200000000000001,0.058400000000000174,8,24,15,10,28,11,1,1.8422866649113785,0.0,0,,random_actions,random_actions:panel_3:2:1143046:1
shared,shared,random_actions,2,30000,1,reference,panel_3,1143047,464a446edfb6706975c1edbb8a7bab3f4d6be5797f9cb821b386c2827a6c1c7b,0,0,32,-0.3200000000000001,0.07280000000000025,7,25,15,11,26,8,1,1.7799934645824766,0.0,0,,random_actions,random_actions:panel_3:2:1143047:0
shared,shared,random_actions,2,30000,1,reference,panel_3,1143047,464a446edfb6706975c1edbb8a7bab3f4d6be5797f9cb821b386c2827a6c1c7b,1,0,32,-0.3200000000000001,-0.005199999999999844,7,25,18,8,28,10,1,1.899169184539581,0.0,0,,random_actions,random_actions:panel_3:2:1143047:1
shared,shared,random_actions,2,30000,1,reference,panel_3,1143048,026be69e8f87e2b98f892f18c41006d5685d8e5a8f992b1b26e0a64f9b340176,0,0,32,-0.3200000000000001,0.06480000000000011,11,21,11,11,30,10,1,1.88687787066661,0.0,0,,random_actions,random_actions:panel_3:2:1143048:0
shared,shared,random_actions,2,30000,1,reference,panel_3,1143048,026be69e8f87e2b98f892f18c41006d5685d8e5a8f992b1b26e0a64f9b340176,1,0,32,-0.3200000000000001,0.05160000000000012,7,25,16,10,29,11,1,1.8728520490917413,0.0,0,,random_actions,random_actions:panel_3:2:1143048:1
shared,shared,random_actions,2,30000,1,reference,panel_3,1143049,817f54db0353a66e19b04e48fc33d903cb845d4db0135fbeffe0d61149746e93,0,0,32,-0.3200000000000001,0.14240000000000008,7,25,14,12,27,11,1,1.7410781302323204,0.0,0,,random_actions,random_actions:panel_3:2:1143049:0
shared,shared,random_actions,2,30000,1,reference,panel_3,1143049,817f54db0353a66e19b04e48fc33d903cb845d4db0135fbeffe0d61149746e93,1,0,32,-0.3200000000000001,0.1628000000000001,9,23,15,9,27,10,1,1.7252178423702185,0.0,0,,random_actions,random_actions:panel_3:2:1143049:1
shared,shared,random_actions,2,30000,1,reference,panel_3,1143050,01d66a492b556543638f9cdee998e89decf8d8c6dc5d10d792cd086b9717215d,0,0,32,-0.3200000000000001,-0.10679999999999977,14,18,12,7,31,8,1,2.070543820357001,0.0,0,,random_actions,random_actions:panel_3:2:1143050:0
shared,shared,random_actions,2,30000,1,reference,panel_3,1143050,01d66a492b556543638f9cdee998e89decf8d8c6dc5d10d792cd086b9717215d,1,1,2,0.98,1.0612,0,2,0,3,2,2,0,0.0,0.0,0,,random_actions,random_actions:panel_3:2:1143050:1
shared,shared,random_actions,2,30000,1,reference,panel_3,1143051,5d722b6a47599ffa8cb7b2f82202cdcd5f5d1b4225021f432d334ceebd49bf74,0,1,25,0.7499999999999999,0.9964000000000001,5,20,12,9,25,12,0,0.781932067842001,0.0,0,,random_actions,random_actions:panel_3:2:1143051:0
shared,shared,random_actions,2,30000,1,reference,panel_3,1143051,5d722b6a47599ffa8cb7b2f82202cdcd5f5d1b4225021f432d334ceebd49bf74,1,1,9,0.91,1.0952000000000002,1,8,1,8,9,6,0,0.18680330810000045,0.0,0,,random_actions,random_actions:panel_3:2:1143051:1
shared,shared,random_actions,2,30000,1,reference,panel_3,1143052,11cddbf99c02fa390c4a755e1f638172f34e5fb60a445161d5698a9738faa7b7,0,0,32,-0.3200000000000001,0.20840000000000022,23,9,8,2,26,4,1,1.6689014898425083,0.0,0,,random_actions,random_actions:panel_3:2:1143052:0
shared,shared,random_actions,2,30000,1,reference,panel_3,1143052,11cddbf99c02fa390c4a755e1f638172f34e5fb60a445161d5698a9738faa7b7,1,0,32,-0.3200000000000001,0.09800000000000006,13,19,9,11,31,11,1,1.8854991139565518,0.0,0,,random_actions,random_actions:panel_3:2:1143052:1
shared,shared,random_actions,2,30000,1,reference,panel_3,1143053,4c4499845b0a01b5b45b406b8fa8b733821bf3d18f447b02b08409f296e24fe0,0,0,32,-0.3200000000000001,-0.12599999999999997,8,24,18,7,32,12,1,2.1166126184710023,0.0,0,,random_actions,random_actions:panel_3:2:1143053:0
shared,shared,random_actions,2,30000,1,reference,panel_3,1143053,4c4499845b0a01b5b45b406b8fa8b733821bf3d18f447b02b08409f296e24fe0,1,1,4,0.96,1.0436,2,2,0,3,4,2,0,0.07940000000000014,0.0,0,,random_actions,random_actions:panel_3:2:1143053:1
shared,shared,random_actions,2,30000,1,reference,panel_3,1143054,58a05d5fc3a0e42df4a3ca5ed90b4affbf4f46cf7e17c34078cb01cd2cc2c1a0,0,1,16,0.84,1.0928,7,9,3,7,16,7,0,0.41008133341400077,0.0,0,,random_actions,random_actions:panel_3:2:1143054:0
shared,shared,random_actions,2,30000,1,reference,panel_3,1143054,58a05d5fc3a0e42df4a3ca5ed90b4affbf4f46cf7e17c34078cb01cd2cc2c1a0,1,0,32,-0.3200000000000001,0.06120000000000017,18,14,10,5,27,5,1,1.8144306271917403,0.0,0,,random_actions,random_actions:panel_3:2:1143054:1
shared,shared,random_actions,2,30000,1,reference,panel_3,1143055,2e00a6411afec75a54b37f3ca7c651a58d11fa884f83ebdd45119679464ae0f5,0,0,32,-0.3200000000000001,0.04080000000000016,10,22,14,9,28,9,1,1.8506755325105808,0.0,0,,random_actions,random_actions:panel_3:2:1143055:0
shared,shared,random_actions,2,30000,1,reference,panel_3,1143055,2e00a6411afec75a54b37f3ca7c651a58d11fa884f83ebdd45119679464ae0f5,1,1,19,0.8099999999999999,1.052,0,19,10,10,19,12,0,0.5427704600000008,0.0,0,,random_actions,random_actions:panel_3:2:1143055:1
shared,shared,random_actions,2,30000,1,reference,panel_3,1143056,995642e2acbc59451c6cf9e99fe2fcbb2d720df5c4fc128693102a32a5d4ceee,0,1,26,0.74,1.0288000000000002,7,19,10,10,26,12,0,0.7837940677140014,0.0,0,,random_actions,random_actions:panel_3:2:1143056:0
shared,shared,random_actions,2,30000,1,reference,panel_3,1143056,995642e2acbc59451c6cf9e99fe2fcbb2d720df5c4fc128693102a32a5d4ceee,1,1,32,0.6799999999999999,1.0000000000000002,11,21,10,12,32,13,0,0.9993612434130023,0.0,0,,random_actions,random_actions:panel_3:2:1143056:1
shared,shared,random_actions,2,30000,1,reference,panel_3,1143057,a147a9d82cb86ecc3d7a72b4e648d6859c1b81a55c901464cda16cdb18794a32,0,1,3,0.97,1.0936,0,3,0,4,3,3,0,0.0,0.0,0,,random_actions,random_actions:panel_3:2:1143057:0
shared,shared,random_actions,2,30000,1,reference,panel_3,1143057,a147a9d82cb86ecc3d7a72b4e648d6859c1b81a55c901464cda16cdb18794a32,1,0,32,-0.3200000000000001,-0.0619999999999999,9,23,17,7,30,10,1,2.000964622899002,0.0,0,,random_actions,random_actions:panel_3:2:1143057:1
shared,shared,random_actions,2,30000,1,reference,panel_3,1143058,43ab5b97b0c21c01d098239b8576a38022477888301d9c11dff76fda9f47071f,0,1,16,0.84,1.0636,2,14,7,8,16,9,0,0.4360871606280009,0.0,0,,random_actions,random_actions:panel_3:2:1143058:0
shared,shared,random_actions,2,30000,1,reference,panel_3,1143058,43ab5b97b0c21c01d098239b8576a38022477888301d9c11dff76fda9f47071f,1,0,32,-0.3200000000000001,0.02840000000000023,11,21,11,11,28,9,1,1.8676016584420019,0.0,0,,random_actions,random_actions:panel_3:2:1143058:1
shared,shared,random_actions,2,30000,1,reference,panel_3,1143059,518a017c39932c7681ebc089ef33b0314e31b68be10e1baa6ff7066c17675266,0,1,24,0.7599999999999999,0.9832000000000001,7,17,5,13,24,10,0,0.7624553046685809,0.0,0,,random_actions,random_actions:panel_3:2:1143059:0
shared,shared,random_actions,2,30000,1,reference,panel_3,1143059,518a017c39932c7681ebc089ef33b0314e31b68be10e1baa6ff7066c17675266,1,1,22,0.7799999999999999,0.9924000000000001,3,19,7,13,22,11,0,0.6910739503685811,0.0,0,,random_actions,random_actions:panel_3:2:1143059:1
shared,shared,random_actions,2,30000,1,reference,panel_3,1143060,914934ad68195dad6f2169d9084ab045731faf4ee4ef8d09fddb653b25f4c434,0,1,11,0.89,0.9952000000000001,1,10,6,5,11,6,0,0.34430619000000084,0.0,0,,random_actions,random_actions:panel_3:2:1143060:0
shared,shared,random_actions,2,30000,1,reference,panel_3,1143060,914934ad68195dad6f2169d9084ab045731faf4ee4ef8d09fddb653b25f4c434,1,0,32,-0.3200000000000001,-0.0971999999999998,14,18,9,10,29,7,1,2.007955175299001,0.0,0,,random_actions,random_actions:panel_3:2:1143060:1
shared,shared,random_actions,2,30000,1,reference,panel_3,1143061,ba670b81e5d115cb4d83dd45fc11c9a5f413d4e0fae1da0618640f668f3fc2bf,0,1,5,0.95,1.0384,1,4,1,4,5,3,0,0.11556273000000028,0.0,0,,random_actions,random_actions:panel_3:2:1143061:0
shared,shared,random_actions,2,30000,1,reference,panel_3,1143061,ba670b81e5d115cb4d83dd45fc11c9a5f413d4e0fae1da0618640f668f3fc2bf,1,1,20,0.7999999999999999,0.9376,4,16,10,7,20,9,0,0.6805590762000016,0.0,0,,random_actions,random_actions:panel_3:2:1143061:1
shared,shared,random_actions,2,30000,1,reference,panel_3,1143062,ff72b946552760b1315f6ee74c7b5b1b1c37fb26c18ca58a88ce53c98321cae9,0,1,32,0.6799999999999999,0.9856000000000001,5,27,16,12,32,16,0,1.0129514730912916,0.0,0,,random_actions,random_actions:panel_3:2:1143062:0
shared,shared,random_actions,2,30000,1,reference,panel_3,1143062,ff72b946552760b1315f6ee74c7b5b1b1c37fb26c18ca58a88ce53c98321cae9,1,0,32,-0.3200000000000001,0.06720000000000018,8,24,15,10,26,9,1,1.7856695430492908,0.0,0,,random_actions,random_actions:panel_3:2:1143062:1
shared,shared,random_actions,2,30000,1,reference,panel_3,1143063,6cf1c851a982d3e556024113592a50856a2f1255ea65c3c9e7c58593dd374cf1,0,1,6,0.94,1.0296,2,4,2,3,6,3,0,0.15522700000000034,0.0,0,,random_actions,random_actions:panel_3:2:1143063:0
shared,shared,random_actions,2,30000,1,reference,panel_3,1143063,6cf1c851a982d3e556024113592a50856a2f1255ea65c3c9e7c58593dd374cf1,1,1,2,0.98,1.0612,0,2,0,3,2,2,0,0.0,0.0,0,,random_actions,random_actions:panel_3:2:1143063:1
shared,shared,random_actions,2,30000,1,reference,panel_3,1143064,a5a1d721e033457f0f54c84f41c7491320ec7c53c16ff86203563efb70a07d12,0,1,24,0.7599999999999999,1.1680000000000001,10,14,6,9,24,10,0,0.5964189087259258,0.0,0,,random_actions,random_actions:panel_3:2:1143064:0
shared,shared,random_actions,2,30000,1,reference,panel_3,1143064,a5a1d721e033457f0f54c84f41c7491320ec7c53c16ff86203563efb70a07d12,1,0,32,-0.3200000000000001,0.14800000000000016,17,15,11,5,26,6,1,1.724819952306886,0.0,0,,random_actions,random_actions:panel_3:2:1143064:1
shared,shared,shortest_path,0,30000,1,reference,panel_3,1143000,ed41d1a4765b292cf8e403e32ff7d02a3b2a554fe286682567726326f57add43,0,1,3,0.97,1.0936,0,3,0,4,3,3,0,0.0,0.0,0,,shortest_path,shortest_path:panel_3:0:1143000:0
shared,shared,shortest_path,0,30000,1,reference,panel_3,1143001,7ba7f5dd3cbd5beac9312aea0c571b607c1bd4b265663787f5ae6f97be82d205,0,1,5,0.95,1.162,0,5,0,6,5,5,0,0.0,0.0,0,,shortest_path,shortest_path:panel_3:0:1143001:0
shared,shared,shortest_path,0,30000,1,reference,panel_3,1143002,f0046b64e0c35a36241de37b0e559b8838099611b0044f06d12744b718fe6eb2,0,1,1,0.99,1.03,0,1,0,2,1,1,0,0.0,0.0,0,,shortest_path,shortest_path:panel_3:0:1143002:0
shared,shared,shortest_path,0,30000,1,reference,panel_3,1143003,83db31c30d8b405c28202252c0950ec5ddbcb06fa8474c6de115136d04b602dd,0,1,5,0.95,1.162,0,5,0,6,5,5,0,0.0,0.0,0,,shortest_path,shortest_path:panel_3:0:1143003:0
shared,shared,shortest_path,0,30000,1,reference,panel_3,1143004,67f50ce963d6b0c44defb16053cff62ccbac52cdb1912442c3689a49b65523ec,0,1,1,0.99,1.03,0,1,0,2,1,1,0,0.0,0.0,0,,shortest_path,shortest_path:panel_3:0:1143004:0
shared,shared,shortest_path,0,30000,1,reference,panel_3,1143005,cc6db32f247af49991958f9325a43913c25f4bb3483987470c213d039fdc7c6a,0,1,1,0.99,1.03,0,1,0,2,1,1,0,0.0,0.0,0,,shortest_path,shortest_path:panel_3:0:1143005:0
shared,shared,shortest_path,0,30000,1,reference,panel_3,1143006,4d07585f83806c89b1908c7ea388ce9587a3ec5b7943e944c767bd7bff3cbfef,0,1,3,0.97,1.0936,0,3,0,4,3,3,0,0.0,0.0,0,,shortest_path,shortest_path:panel_3:0:1143006:0
shared,shared,shortest_path,0,30000,1,reference,panel_3,1143007,535d98e103a59b7573ac610d73ca0a8c61441aaa341f198cc6518de7083c8cef,0,1,4,0.96,1.1272,0,4,0,5,4,4,0,0.0,0.0,0,,shortest_path,shortest_path:panel_3:0:1143007:0
shared,shared,shortest_path,0,30000,1,reference,panel_3,1143008,0f6589006adbde4b119a4076fd9e00c86982913d716d5ab8da632d607bca3c26,0,1,1,0.99,1.03,0,1,0,2,1,1,0,0.0,0.0,0,,shortest_path,shortest_path:panel_3:0:1143008:0
shared,shared,shortest_path,0,30000,1,reference,panel_3,1143009,d62484a8ec5b8e45301b6c0779ecf4fa72ed48667cd71cd67089ed2d16f22b01,0,1,2,0.98,1.0612,0,2,0,3,2,2,0,0.0,0.0,0,,shortest_path,shortest_path:panel_3:0:1143009:0
shared,shared,shortest_path,0,30000,1,reference,panel_3,1143010,b76431b5c910652873fba5c2b7c798ba59c624aaf1822df3bc6789744b93b6e4,0,1,2,0.98,1.0612,0,2,0,3,2,2,0,0.0,0.0,0,,shortest_path,shortest_path:panel_3:0:1143010:0
shared,shared,shortest_path,0,30000,1,reference,panel_3,1143011,3de282d724515d0065e6c2f22b208c7c1109b9d92b07d33d38253429041f3208,0,1,6,0.94,1.198,0,6,0,7,6,6,0,0.0,0.0,0,,shortest_path,shortest_path:panel_3:0:1143011:0
shared,shared,shortest_path,0,30000,1,reference,panel_3,1143012,50e218d340a33901cf0d6001c84e844906ac5dfa61c9436b68e41865a83e8a86,0,1,4,0.96,1.1272,0,4,0,5,4,4,0,0.0,0.0,0,,shortest_path,shortest_path:panel_3:0:1143012:0
shared,shared,shortest_path,0,30000,1,reference,panel_3,1143014,93f847e48e5de594df61975fc8dd782bca054c6c27ab678b960ed15457ddd6d9,0,1,2,0.98,1.0612,0,2,0,3,2,2,0,0.0,0.0,0,,shortest_path,shortest_path:panel_3:0:1143014:0
shared,shared,shortest_path,0,30000,1,reference,panel_3,1143015,c171ccb21defc0c297c0d61358e0ce9c9bb157ac536e8e9228d75a2ad6a2620b,0,1,1,0.99,1.03,0,1,0,2,1,1,0,0.0,0.0,0,,shortest_path,shortest_path:panel_3:0:1143015:0
shared,shared,shortest_path,0,30000,1,reference,panel_3,1143016,b9444a23a90eb28e1f5f811b4e5e4a9f662c48211471e4b3bb5989677390ca68,0,1,6,0.94,1.198,0,6,0,7,6,6,0,0.0,0.0,0,,shortest_path,shortest_path:panel_3:0:1143016:0
shared,shared,shortest_path,0,30000,1,reference,panel_3,1143017,758cc64a4bd420a6ec1a6201e5126ac499d5ce287682782756aaca754564c815,0,1,2,0.98,1.0612,0,2,0,3,2,2,0,0.0,0.0,0,,shortest_path,shortest_path:panel_3:0:1143017:0
shared,shared,shortest_path,0,30000,1,reference,panel_3,1143018,7adfd6d1f009beabf471d7774d2c8882c7a2302ba5a7ba8584c5b14da0596a30,0,1,6,0.94,1.198,0,6,0,7,6,6,0,0.0,0.0,0,,shortest_path,shortest_path:panel_3:0:1143018:0
shared,shared,shortest_path,0,30000,1,reference,panel_3,1143019,27456174d6b202fad5c1530d7e088e369cb9726e00c525ba6b19a42774aae3e0,0,1,3,0.97,1.0936,0,3,0,4,3,3,0,0.0,0.0,0,,shortest_path,shortest_path:panel_3:0:1143019:0
shared,shared,shortest_path,0,30000,1,reference,panel_3,1143020,6127ce06260c1a2dfe292507df70f8472202f31e0d133293814d77080fa6fa58,0,1,4,0.96,1.1272,0,4,0,5,4,4,0,0.0,0.0,0,,shortest_path,shortest_path:panel_3:0:1143020:0
shared,shared,shortest_path,0,30000,1,reference,panel_3,1143021,a4084ec29ba7334cc029452560a4bfe46759e7013fabe9b18666bf964fba85a7,0,1,2,0.98,1.0612,0,2,0,3,2,2,0,0.0,0.0,0,,shortest_path,shortest_path:panel_3:0:1143021:0
shared,shared,shortest_path,0,30000,1,reference,panel_3,1143022,1986c68ce34dead5fdc89c74717b2a346705c9f8b1b50343bbc96f1e6820321a,0,1,6,0.94,1.198,0,6,0,7,6,6,0,0.0,0.0,0,,shortest_path,shortest_path:panel_3:0:1143022:0
shared,shared,shortest_path,0,30000,1,reference,panel_3,1143023,5fc1e0f6277e6e1b178aae5f101e636066b77897601f6bc68d61999590882d19,0,1,6,0.94,1.198,0,6,0,7,6,6,0,0.0,0.0,0,,shortest_path,shortest_path:panel_3:0:1143023:0
shared,shared,shortest_path,0,30000,1,reference,panel_3,1143024,af6164ab1e36912b91e5d1ecb52511c818a921f2ffed1029e57bda92bd9ec771,0,1,5,0.95,1.162,0,5,0,6,5,5,0,0.0,0.0,0,,shortest_path,shortest_path:panel_3:0:1143024:0
shared,shared,shortest_path,0,30000,1,reference,panel_3,1143025,1d861f376f8fe248d66c1b9451afbf0dabab4feb9532134522960a606ab40038,0,1,3,0.97,1.0936,0,3,0,4,3,3,0,0.0,0.0,0,,shortest_path,shortest_path:panel_3:0:1143025:0
shared,shared,shortest_path,0,30000,1,reference,panel_3,1143026,8f91c0a0f68f076faa2d6e49ec3b7a5cad4e8ee81382f329c399c665ff8edf3f,0,1,3,0.97,1.0936,0,3,0,4,3,3,0,0.0,0.0,0,,shortest_path,shortest_path:panel_3:0:1143026:0
shared,shared,shortest_path,0,30000,1,reference,panel_3,1143027,eb3b22bd3d86414daaba9361b51d6722118e2cab0c958021f6c997bcc1b1b554,0,1,1,0.99,1.03,0,1,0,2,1,1,0,0.0,0.0,0,,shortest_path,shortest_path:panel_3:0:1143027:0
shared,shared,shortest_path,0,30000,1,reference,panel_3,1143028,8d0b2d7d4f270fb6fbd486bc6d63ec1e6a6dbe546f03937e1c481d45dcde6bb9,0,1,2,0.98,1.0612,0,2,0,3,2,2,0,0.0,0.0,0,,shortest_path,shortest_path:panel_3:0:1143028:0
shared,shared,shortest_path,0,30000,1,reference,panel_3,1143029,d622bbd3ae3b3027c0b265b4823dc4acbd5cf1e83cdc95521d02944328ba8d66,0,1,1,0.99,1.03,0,1,0,2,1,1,0,0.0,0.0,0,,shortest_path,shortest_path:panel_3:0:1143029:0
shared,shared,shortest_path,0,30000,1,reference,panel_3,1143030,e273b303b4c0ca5b9e57a8be1a57704503cf470b4839398b45ce032f621034c0,0,1,3,0.97,1.0936,0,3,0,4,3,3,0,0.0,0.0,0,,shortest_path,shortest_path:panel_3:0:1143030:0
shared,shared,shortest_path,0,30000,1,reference,panel_3,1143031,5fe53932d4a75f22999f5f8fd8d1ca8c9ec84d18f444863f61e6c328ab3161b3,0,1,3,0.97,1.0936,0,3,0,4,3,3,0,0.0,0.0,0,,shortest_path,shortest_path:panel_3:0:1143031:0
shared,shared,shortest_path,0,30000,1,reference,panel_3,1143032,c8545dc080e864809a7f38621068d0d4fd0b10df2173e5f31d5562fbacad6f64,0,1,3,0.97,1.0936,0,3,0,4,3,3,0,0.0,0.0,0,,shortest_path,shortest_path:panel_3:0:1143032:0
shared,shared,shortest_path,0,30000,1,reference,panel_3,1143033,53a53ad7539de9ecec02eb701a7bc0219ac4c2387057fae708183a4e365f1f4c,0,1,3,0.97,1.0936,0,3,0,4,3,3,0,0.0,0.0,0,,shortest_path,shortest_path:panel_3:0:1143033:0
shared,shared,shortest_path,0,30000,1,reference,panel_3,1143034,9fec15b3da8aa7801d17dc7348f3bc5e43943521d36115ba124d989d0ba0e26a,0,1,2,0.98,1.0612,0,2,0,3,2,2,0,0.0,0.0,0,,shortest_path,shortest_path:panel_3:0:1143034:0
shared,shared,shortest_path,0,30000,1,reference,panel_3,1143035,6287a5f24d1db38fb624ce10e89d2871ea73523862fcd2b9101480938d1d3eae,0,1,2,0.98,1.0612,0,2,0,3,2,2,0,0.0,0.0,0,,shortest_path,shortest_path:panel_3:0:1143035:0
shared,shared,shortest_path,0,30000,1,reference,panel_3,1143036,f9119877d46057a8d63be08bad4c5a4e075e5d373568e37aa9f3b78cf332f10d,0,1,4,0.96,1.1272,0,4,0,5,4,4,0,0.0,0.0,0,,shortest_path,shortest_path:panel_3:0:1143036:0
shared,shared,shortest_path,0,30000,1,reference,panel_3,1143037,2260597dd492f4f9c3ee16cd4502baf1cbeba3b4472e729757646d6145f6826e,0,1,3,0.97,1.0936,0,3,0,4,3,3,0,0.0,0.0,0,,shortest_path,shortest_path:panel_3:0:1143037:0
shared,shared,shortest_path,0,30000,1,reference,panel_3,1143038,0d244ff5921457d75d4bfab878e62cc8ef7c0d24c28bbb7dcb5f03c83038050c,0,1,3,0.97,1.0936,0,3,0,4,3,3,0,0.0,0.0,0,,shortest_path,shortest_path:panel_3:0:1143038:0
shared,shared,shortest_path,0,30000,1,reference,panel_3,1143039,41d7eef9de33e39c4adae2a8618e6753945bca32fbd03536d774b07d207ca860,0,1,7,0.9299999999999999,1.2352,0,7,0,8,7,7,0,0.0,0.0,0,,shortest_path,shortest_path:panel_3:0:1143039:0
shared,shared,shortest_path,0,30000,1,reference,panel_3,1143040,32a1002dceebf81475348ce31159cd95a8e3732f5733c555bbdd76252655b842,0,1,5,0.95,1.162,0,5,0,6,5,5,0,0.0,0.0,0,,shortest_path,shortest_path:panel_3:0:1143040:0
shared,shared,shortest_path,0,30000,1,reference,panel_3,1143041,a430a7e01abd9b3fc948d755d31468f32650619b1baf55ab54ccbf5d525b7dec,0,1,3,0.97,1.0936,0,3,0,4,3,3,0,0.0,0.0,0,,shortest_path,shortest_path:panel_3:0:1143041:0
shared,shared,shortest_path,0,30000,1,reference,panel_3,1143042,0575f0c137a27fa90e41fafe23a216cbed8aad185d12a632f087ad9e43299ff3,0,1,4,0.96,1.1272,0,4,0,5,4,4,0,0.0,0.0,0,,shortest_path,shortest_path:panel_3:0:1143042:0
shared,shared,shortest_path,0,30000,1,reference,panel_3,1143043,278c7df982b3b24fb8308c04cbbd778c8eb8a867111673cef49bde9e0249e09c,0,1,3,0.97,1.0936,0,3,0,4,3,3,0,0.0,0.0,0,,shortest_path,shortest_path:panel_3:0:1143043:0
shared,shared,shortest_path,0,30000,1,reference,panel_3,1143044,a8418d0bde1778cb15deafcb25d8302177912abc52b4c9f49fe875f8ab866759,0,1,4,0.96,1.1272,0,4,0,5,4,4,0,0.0,0.0,0,,shortest_path,shortest_path:panel_3:0:1143044:0
shared,shared,shortest_path,0,30000,1,reference,panel_3,1143045,f8b278bb5dc41b0a953fc7e9e3c912bdcd476dbad2acc247f4ec265e806f8fe7,0,1,7,0.9299999999999999,1.2352,0,7,0,8,7,7,0,0.0,0.0,0,,shortest_path,shortest_path:panel_3:0:1143045:0
shared,shared,shortest_path,0,30000,1,reference,panel_3,1143046,d0e626c0f9628e9a555a94ff5915069feed9c6b01e4f61a9f7951af75ca53dd1,0,1,4,0.96,1.1272,0,4,0,5,4,4,0,0.0,0.0,0,,shortest_path,shortest_path:panel_3:0:1143046:0
shared,shared,shortest_path,0,30000,1,reference,panel_3,1143047,464a446edfb6706975c1edbb8a7bab3f4d6be5797f9cb821b386c2827a6c1c7b,0,1,4,0.96,1.1272,0,4,0,5,4,4,0,0.0,0.0,0,,shortest_path,shortest_path:panel_3:0:1143047:0
shared,shared,shortest_path,0,30000,1,reference,panel_3,1143048,026be69e8f87e2b98f892f18c41006d5685d8e5a8f992b1b26e0a64f9b340176,0,1,5,0.95,1.162,0,5,0,6,5,5,0,0.0,0.0,0,,shortest_path,shortest_path:panel_3:0:1143048:0
shared,shared,shortest_path,0,30000,1,reference,panel_3,1143049,817f54db0353a66e19b04e48fc33d903cb845d4db0135fbeffe0d61149746e93,0,1,7,0.9299999999999999,1.2352,0,7,0,8,7,7,0,0.0,0.0,0,,shortest_path,shortest_path:panel_3:0:1143049:0
shared,shared,shortest_path,0,30000,1,reference,panel_3,1143050,01d66a492b556543638f9cdee998e89decf8d8c6dc5d10d792cd086b9717215d,0,1,2,0.98,1.0612,0,2,0,3,2,2,0,0.0,0.0,0,,shortest_path,shortest_path:panel_3:0:1143050:0
shared,shared,shortest_path,0,30000,1,reference,panel_3,1143051,5d722b6a47599ffa8cb7b2f82202cdcd5f5d1b4225021f432d334ceebd49bf74,0,1,4,0.96,1.1272,0,4,0,5,4,4,0,0.0,0.0,0,,shortest_path,shortest_path:panel_3:0:1143051:0
shared,shared,shortest_path,0,30000,1,reference,panel_3,1143052,11cddbf99c02fa390c4a755e1f638172f34e5fb60a445161d5698a9738faa7b7,0,1,7,0.9299999999999999,1.2352,0,7,0,8,7,7,0,0.0,0.0,0,,shortest_path,shortest_path:panel_3:0:1143052:0
shared,shared,shortest_path,0,30000,1,reference,panel_3,1143053,4c4499845b0a01b5b45b406b8fa8b733821bf3d18f447b02b08409f296e24fe0,0,1,2,0.98,1.0612,0,2,0,3,2,2,0,0.0,0.0,0,,shortest_path,shortest_path:panel_3:0:1143053:0
shared,shared,shortest_path,0,30000,1,reference,panel_3,1143054,58a05d5fc3a0e42df4a3ca5ed90b4affbf4f46cf7e17c34078cb01cd2cc2c1a0,0,1,5,0.95,1.162,0,5,0,6,5,5,0,0.0,0.0,0,,shortest_path,shortest_path:panel_3:0:1143054:0
shared,shared,shortest_path,0,30000,1,reference,panel_3,1143055,2e00a6411afec75a54b37f3ca7c651a58d11fa884f83ebdd45119679464ae0f5,0,1,5,0.95,1.162,0,5,0,6,5,5,0,0.0,0.0,0,,shortest_path,shortest_path:panel_3:0:1143055:0
shared,shared,shortest_path,0,30000,1,reference,panel_3,1143056,995642e2acbc59451c6cf9e99fe2fcbb2d720df5c4fc128693102a32a5d4ceee,0,1,5,0.95,1.162,0,5,0,6,5,5,0,0.0,0.0,0,,shortest_path,shortest_path:panel_3:0:1143056:0
shared,shared,shortest_path,0,30000,1,reference,panel_3,1143057,a147a9d82cb86ecc3d7a72b4e648d6859c1b81a55c901464cda16cdb18794a32,0,1,3,0.97,1.0936,0,3,0,4,3,3,0,0.0,0.0,0,,shortest_path,shortest_path:panel_3:0:1143057:0
shared,shared,shortest_path,0,30000,1,reference,panel_3,1143058,43ab5b97b0c21c01d098239b8576a38022477888301d9c11dff76fda9f47071f,0,1,4,0.96,1.1272,0,4,0,5,4,4,0,0.0,0.0,0,,shortest_path,shortest_path:panel_3:0:1143058:0
shared,shared,shortest_path,0,30000,1,reference,panel_3,1143059,518a017c39932c7681ebc089ef33b0314e31b68be10e1baa6ff7066c17675266,0,1,3,0.97,1.0936,0,3,0,4,3,3,0,0.0,0.0,0,,shortest_path,shortest_path:panel_3:0:1143059:0
shared,shared,shortest_path,0,30000,1,reference,panel_3,1143060,914934ad68195dad6f2169d9084ab045731faf4ee4ef8d09fddb653b25f4c434,0,1,2,0.98,1.0612,0,2,0,3,2,2,0,0.0,0.0,0,,shortest_path,shortest_path:panel_3:0:1143060:0
shared,shared,shortest_path,0,30000,1,reference,panel_3,1143061,ba670b81e5d115cb4d83dd45fc11c9a5f413d4e0fae1da0618640f668f3fc2bf,0,1,2,0.98,1.0612,0,2,0,3,2,2,0,0.0,0.0,0,,shortest_path,shortest_path:panel_3:0:1143061:0
shared,shared,shortest_path,0,30000,1,reference,panel_3,1143062,ff72b946552760b1315f6ee74c7b5b1b1c37fb26c18ca58a88ce53c98321cae9,0,1,5,0.95,1.162,0,5,0,6,5,5,0,0.0,0.0,0,,shortest_path,shortest_path:panel_3:0:1143062:0
shared,shared,shortest_path,0,30000,1,reference,panel_3,1143063,6cf1c851a982d3e556024113592a50856a2f1255ea65c3c9e7c58593dd374cf1,0,1,2,0.98,1.0612,0,2,0,3,2,2,0,0.0,0.0,0,,shortest_path,shortest_path:panel_3:0:1143063:0
shared,shared,shortest_path,0,30000,1,reference,panel_3,1143064,a5a1d721e033457f0f54c84f41c7491320ec7c53c16ff86203563efb70a07d12,0,1,6,0.94,1.198,0,6,0,7,6,6,0,0.0,0.0,0,,shortest_path,shortest_path:panel_3:0:1143064:0
shared,shared,random_actions,0,30000,1,reference,panel_4,1144000,f5d9058c815dfb27547c4657a4005e6cc52a18a2a3e5f8bb80e9b1259293994e,0,1,20,0.7999999999999999,1.0972000000000002,3,17,8,10,20,11,0,0.5316386804965808,0.0,0,,random_actions,random_actions:panel_4:0:1144000:0
shared,shared,random_actions,0,30000,1,reference,panel_4,1144000,f5d9058c815dfb27547c4657a4005e6cc52a18a2a3e5f8bb80e9b1259293994e,1,1,15,0.85,1.0956000000000001,4,11,2,10,15,8,0,0.37609155075700085,0.0,0,,random_actions,random_actions:panel_4:0:1144000:1
shared,shared,random_actions,0,30000,1,reference,panel_4,1144001,6a524372ee99f13ae3269fe3ba97781ec106411aa23a3cdfdb932b80777e777c,0,0,32,-0.3200000000000001,0.10600000000000015,10,22,13,10,32,13,1,1.9043502052189873,0.0,0,,random_actions,random_actions:panel_4:0:1144001:0
shared,shared,random_actions,0,30000,1,reference,panel_4,1144001,6a524372ee99f13ae3269fe3ba97781ec106411aa23a3cdfdb932b80777e777c,1,0,32,-0.3200000000000001,0.0628000000000001,7,25,17,9,28,11,1,1.8342130651710007,0.0,0,,random_actions,random_actions:panel_4:0:1144001:1
shared,shared,random_actions,0,30000,1,reference,panel_4,1144002,1d49530125be0a25f1146e4c3a737ae0b2ec3ecc27adcfb8d0bf2cdd276f830e,0,0,32,-0.3200000000000001,0.0180000000000001,12,20,10,11,28,8,1,1.8764263550560019,0.0,0,,random_actions,random_actions:panel_4:0:1144002:0
shared,shared,random_actions,0,30000,1,reference,panel_4,1144002,1d49530125be0a25f1146e4c3a737ae0b2ec3ecc27adcfb8d0bf2cdd276f830e,1,0,32,-0.3200000000000001,0.04560000000000017,10,22,11,12,27,9,1,1.8332896241675816,0.0,0,,random_actions,random_actions:panel_4:0:1144002:1
shared,shared,random_actions,0,30000,1,reference,panel_4,1144003,3f2ca21e4286b08a999eec79200d6f34147c714bf995d0aee6b341031196efa6,0,0,32,-0.3200000000000001,-0.12639999999999985,6,26,15,12,28,10,1,2.0156482731961325,0.0,0,,random_actions,random_actions:panel_4:0:1144003:0
shared,shared,random_actions,0,30000,1,reference,panel_4,1144003,3f2ca21e4286b08a999eec79200d6f34147c714bf995d0aee6b341031196efa6,1,1,1,0.99,1.03,0,1,0,2,1,1,0,0.0,0.0,0,,random_actions,random_actions:panel_4:0:1144003:1
shared,shared,random_actions,0,30000,1,reference,panel_4,1144004,01d8ad6b94b97cca8cfc617fe15531f1fc6354913743af9d25fd1b3934bd85b0,0,1,4,0.96,1.1272,0,4,0,5,4,4,0,0.0,0.0,0,,random_actions,random_actions:panel_4:0:1144004:0
shared,shared,random_actions,0,30000,1,reference,panel_4,1144004,01d8ad6b94b97cca8cfc617fe15531f1fc6354913743af9d25fd1b3934bd85b0,1,0,32,-0.3200000000000001,0.015200000000000158,5,27,17,11,28,11,1,1.8816713588347405,0.0,0,,random_actions,random_actions:panel_4:0:1144004:1
shared,shared,random_actions,0,30000,1,reference,panel_4,1144005,55052b859f916b8cc55e67382bf0eed823535cbbc4c63320d990167fd5b1796f,0,1,11,0.89,1.0376,4,7,2,6,11,5,0,0.3035916962000007,0.0,0,,random_actions,random_actions:panel_4:0:1144005:0
shared,shared,random_actions,0,30000,1,reference,panel_4,1144005,55052b859f916b8cc55e67382bf0eed823535cbbc4c63320d990167fd5b1796f,1,0,32,-0.3200000000000001,-0.055999999999999904,15,17,11,7,32,9,1,2.0499434179560017,0.0,0,,random_actions,random_actions:panel_4:0:1144005:1
shared,shared,random_actions,0,30000,1,reference,panel_4,1144006,cef3b0e6e01ed8c33ba8248a7bf256ae6d33d1f91f95437665a86d48bb14e0b8,0,1,27,0.73,0.9172,6,21,14,8,27,12,0,0.9185111100000024,0.0,0,,random_actions,random_actions:panel_4:0:1144006:0
shared,shared,random_actions,0,30000,1,reference,panel_4,1144006,cef3b0e6e01ed8c33ba8248a7bf256ae6d33d1f91f95437665a86d48bb14e0b8,1,1,7,0.9299999999999999,1.0656,2,5,1,5,7,4,0,0.15172546000000042,0.0,0,,random_actions,random_actions:panel_4:0:1144006:1
shared,shared,random_actions,0,30000,1,reference,panel_4,1144007,c99c27c6508440fe745c04090c5d7446f955251d71adcf74eda9fb8dbc888ee8,0,0,32,-0.3200000000000001,0.08520000000000011,6,26,18,9,27,11,1,1.7985457383517556,0.0,0,,random_actions,random_actions:panel_4:0:1144007:0
shared,shared,random_actions,0,30000,1,reference,panel_4,1144007,c99c27c6508440fe745c04090c5d7446f955251d71adcf74eda9fb8dbc888ee8,1,0,32,-0.3200000000000001,0.022800000000000126,7,25,14,12,31,13,1,1.9507968037575238,0.0,0,,random_actions,random_actions:panel_4:0:1144007:1
shared,shared,random_actions,0,30000,1,reference,panel_4,1144008,f2705871fbf1dea8bcd7d84f1cdfcb4636c3478428b9224676242d40c1c6eff7,0,0,32,-0.3200000000000001,0.021200000000000108,10,22,12,11,27,8,1,1.8516855192221606,0.0,0,,random_actions,random_actions:panel_4:0:1144008:0
shared,shared,random_actions,0,30000,1,reference,panel_4,1144008,f2705871fbf1dea8bcd7d84f1cdfcb4636c3478428b9224676242d40c1c6eff7,1,0,32,-0.3200000000000001,-0.03279999999999991,5,27,17,11,28,11,1,1.920844224731871,0.0,0,,random_actions,random_actions:panel_4:0:1144008:1
shared,shared,random_actions,0,30000,1,reference,panel_4,1144009,285056a6e18e4e6101bf33d3a2a8703b4bc4b4d0f83a958a2fd8129e891591af,0,0,32,-0.3200000000000001,0.1660000000000003,18,14,9,6,25,6,1,1.6884194839428979,0.0,0,,random_actions,random_actions:panel_4:0:1144009:0
shared,shared,random_actions,0,30000,1,reference,panel_4,1144009,285056a6e18e4e6101bf33d3a2a8703b4bc4b4d0f83a958a2fd8129e891591af,1,0,32,-0.3200000000000001,0.06280000000000013,14,18,7,12,29,9,1,1.8654259974362617,0.0,0,,random_actions,random_actions:panel_4:0:1144009:1
shared,shared,random_actions,0,30000,1,reference,panel_4,1144010,2f3373089c04468d4f150d406ce8ff3c626fcfca9264d0dca09823e15184b8c7,0,0,32,-0.3200000000000001,-0.14519999999999988,8,24,15,10,29,10,1,2.0532764305000017,0.0,0,,random_actions,random_actions:panel_4:0:1144010:0
shared,shared,random_actions,0,30000,1,reference,panel_4,1144010,2f3373089c04468d4f150d406ce8ff3c626fcfca9264d0dca09823e15184b8c7,1,0,32,-0.3200000000000001,-0.11999999999999976,13,19,14,6,30,8,1,2.0562922234000007,0.0,0,,random_actions,random_actions:panel_4:0:1144010:1
shared,shared,random_actions,0,30000,1,reference,panel_4,1144011,a5f5fdcae205fb2431a590becbb14b75fea49e4ceeaaffbdde2dfc89ad0e9415,0,0,32,-0.3200000000000001,-0.0063999999999998225,3,29,15,15,27,11,1,1.8762464448598712,0.0,0,,random_actions,random_actions:panel_4:0:1144011:0
shared,shared,random_actions,0,30000,1,reference,panel_4,1144011,a5f5fdcae205fb2431a590becbb14b75fea49e4ceeaaffbdde2dfc89ad0e9415,1,0,32,-0.3200000000000001,0.0104000000000002,3,29,18,12,32,16,1,1.9895422444439732,0.0,0,,random_actions,random_actions:panel_4:0:1144011:1
shared,shared,random_actions,0,30000,1,reference,panel_4,1144012,050ec9707a07980a93c542cf9f262d74c0fc6edf1bf0e7925970304a4daea65f,0,0,32,-0.3200000000000001,0.039600000000000135,17,15,9,7,29,7,1,1.8825382013028698,0.0,0,,random_actions,random_actions:panel_4:0:1144012:0
shared,shared,random_actions,0,30000,1,reference,panel_4,1144012,050ec9707a07980a93c542cf9f262d74c0fc6edf1bf0e7925970304a4daea65f,1,1,14,0.86,1.096,5,9,2,8,14,7,0,0.34462136075700034,0.0,0,,random_actions,random_actions:panel_4:0:1144012:1
shared,shared,random_actions,0,30000,1,reference,panel_4,1144013,a5d83aab444fa9b3d92598149e23d196032b7bd2be4fe96fa97cf1fd17a45fad,0,0,32,-0.3200000000000001,0.05080000000000015,17,15,11,5,29,7,1,1.8720538252975807,0.0,0,,random_actions,random_actions:panel_4:0:1144013:0
shared,shared,random_actions,0,30000,1,reference,panel_4,1144013,a5d83aab444fa9b3d92598149e23d196032b7bd2be4fe96fa97cf1fd17a45fad,1,0,32,-0.3200000000000001,0.04600000000000008,13,19,7,13,31,11,1,1.9296592263115808,0.0,0,,random_actions,random_actions:panel_4:0:1144013:1
shared,shared,random_actions,0,30000,1,reference,panel_4,1144014,c43df6d38fd522af6e201df48aa6d7b896979cdb2c36df6b969bbd4a1fec50f7,0,1,23,0.7699999999999999,0.9464,14,9,6,4,23,6,0,0.7656303800000022,0.0,0,,random_actions,random_actions:panel_4:0:1144014:0
shared,shared,random_actions,0,30000,1,reference,panel_4,1144014,c43df6d38fd522af6e201df48aa6d7b896979cdb2c36df6b969bbd4a1fec50f7,1,0,32,-0.3200000000000001,-0.07039999999999988,13,19,16,4,29,9,1,1.982792630871001,0.0,0,,random_actions,random_actions:panel_4:0:1144014:1
shared,shared,random_actions,0,30000,1,reference,panel_4,1144015,a1c35e3eb0b9c4658f0ec0e2875605146411cc0216515096abe70c36b0ed4a2a,0,1,8,0.9199999999999999,1.0156,2,6,2,5,8,4,0,0.23108973000000055,0.0,0,,random_actions,random_actions:panel_4:0:1144015:0
shared,shared,random_actions,0,30000,1,reference,panel_4,1144015,a1c35e3eb0b9c4658f0ec0e2875605146411cc0216515096abe70c36b0ed4a2a,1,0,32,-0.3200000000000001,-0.1379999999999999,8,24,17,8,32,12,1,2.127962632900002,0.0,0,,random_actions,random_actions:panel_4:0:1144015:1
shared,shared,random_actions,0,30000,1,reference,panel_4,1144016,436cf36b1c7f4722c3cf4c0f36a80fc5b0e4ef3c3fe418bb39ceca501f325ec8,0,0,32,-0.3200000000000001,-0.06799999999999985,7,25,14,12,29,11,1,1.979498095234291,0.0,0,,random_actions,random_actions:panel_4:0:1144016:0
shared,shared,random_actions,0,30000,1,reference,panel_4,1144016,436cf36b1c7f4722c3cf4c0f36a80fc5b0e4ef3c3fe418bb39ceca501f325ec8,1,1,3,0.97,1.0936,0,3,0,4,3,3,0,0.0,0.0,0,,random_actions,random_actions:panel_4:0:1144016:1
shared,shared,random_actions,0,30000,1,reference,panel_4,1144017,ffeb6441b402313d2cd2dd62ea77e8a2d47d3ca700ebeb5beaf8c536eca757bb,0,0,32,-0.3200000000000001,0.03440000000000021,12,20,15,6,27,7,1,1.8376840338376106,0.0,0,,random_actions,random_actions:panel_4:0:1144017:0
shared,shared,random_actions,0,30000,1,reference,panel_4,1144017,ffeb6441b402313d2cd2dd62ea77e8a2d47d3ca700ebeb5beaf8c536eca757bb,1,0,32,-0.3200000000000001,0.03680000000000026,15,17,11,7,28,6,1,1.8595866936229006,0.0,0,,random_actions,random_actions:panel_4:0:1144017:1
shared,shared,random_actions,0,30000,1,reference,panel_4,1144018,ff9abe159ba40740f952894c39b9cd276f45dd38c09463f02bbfdc7c9cc8050c,0,1,2,0.98,1.0612,0,2,0,3,2,2,0,0.0,0.0,0,,random_actions,random_actions:panel_4:0:1144018:0
shared,shared,random_actions,0,30000,1,reference,panel_4,1144018,ff9abe159ba40740f952894c39b9cd276f45dd38c09463f02bbfdc7c9cc8050c,1,1,9,0.91,1.008,1,8,3,6,9,5,0,0.26963446000000046,0.0,0,,random_actions,random_actions:panel_4:0:1144018:1
shared,shared,random_actions,0,30000,1,reference,panel_4,1144019,6f88495357a88c94a0def8e431a78ba89d737b11793ce7a77f9d6c9f206cb2e7,0,1,13,0.87,1.0732000000000002,3,10,2,9,13,7,0,0.33299505695700027,0.0,0,,random_actions,random_actions:panel_4:0:1144019:0
shared,shared,random_actions,0,30000,1,reference,panel_4,1144019,6f88495357a88c94a0def8e431a78ba89d737b11793ce7a77f9d6c9f206cb2e7,1,0,32,-0.3200000000000001,-0.03519999999999994,10,22,17,6,31,11,1,2.0026955449280024,0.0,0,,random_actions,random_actions:panel_4:0:1144019:1
shared,shared,random_actions,0,30000,1,reference,panel_4,1144020,07dfe2c9c41878457784c108e3155a1525f0f428bde4c02f563309e50f35dfcb,0,1,6,0.94,1.0284,0,6,1,6,6,4,0,0.15641800000000017,0.0,0,,random_actions,random_actions:panel_4:0:1144020:0
shared,shared,random_actions,0,30000,1,reference,panel_4,1144020,07dfe2c9c41878457784c108e3155a1525f0f428bde4c02f563309e50f35dfcb,1,1,29,0.71,0.8644000000000001,7,22,15,8,29,12,0,1.0318683462000022,0.0,0,,random_actions,random_actions:panel_4:0:1144020:1
shared,shared,random_actions,0,30000,1,reference,panel_4,1144021,5284392b2c5e4fed5976d628772aab13000dbc395761580cb05a5a564e762c75,0,0,32,-0.3200000000000001,-0.07519999999999988,7,25,17,9,29,12,1,1.9872771901140016,0.0,0,,random_actions,random_actions:panel_4:0:1144021:0
shared,shared,random_actions,0,30000,1,reference,panel_4,1144021,5284392b2c5e4fed5976d628772aab13000dbc395761580cb05a5a564e762c75,1,1,18,0.82,0.9916,3,15,9,7,18,9,0,0.5663260107570012,0.0,0,,random_actions,random_actions:panel_4:0:1144021:1
shared,shared,random_actions,0,30000,1,reference,panel_4,1144022,bc09a76df16201a0a8405bcf6fb8a216e1acc1c7461d1d99f26c1be5da54e7e0,0,0,32,-0.3200000000000001,0.10600000000000015,6,26,17,10,26,10,1,1.7488723793325378,0.0,0,,random_actions,random_actions:panel_4:0:1144022:0
shared,shared,random_actions,0,30000,1,reference,panel_4,1144022,bc09a76df16201a0a8405bcf6fb8a216e1acc1c7461d1d99f26c1be5da54e7e0,1,0,32,-0.3200000000000001,0.10840000000000012,7,25,12,14,26,10,1,1.755072155704393,0.0,0,,random_actions,random_actions:panel_4:0:1144022:1
shared,shared,random_actions,0,30000,1,reference,panel_4,1144023,963692b935009ffb4637fd1304dfc19ca2a227af15fce8b1ff9995bda0abe08a,0,0,32,-0.3200000000000001,-0.07519999999999992,7,25,13,13,29,11,1,1.9860861901140017,0.0,0,,random_actions,random_actions:panel_4:0:1144023:0
shared,shared,random_actions,0,30000,1,reference,panel_4,1144023,963692b935009ffb4637fd1304dfc19ca2a227af15fce8b1ff9995bda0abe08a,1,0,32,-0.3200000000000001,-0.08359999999999994,9,23,9,15,30,11,1,2.019208511191292,0.0,0,,random_actions,random_actions:panel_4:0:1144023:1
shared,shared,random_actions,0,30000,1,reference,panel_4,1144024,b2433120f4411db43ff4c0248c3359ded17783b66e9a285d6c21a3f747209ae3,0,0,32,-0.3200000000000001,0.04760000000000014,10,22,14,9,27,9,1,1.8231767515200157,0.0,0,,random_actions,random_actions:panel_4:0:1144024:0
shared,shared,random_actions,0,30000,1,reference,panel_4,1144024,b2433120f4411db43ff4c0248c3359ded17783b66e9a285d6c21a3f747209ae3,1,0,32,-0.3200000000000001,-0.04959999999999992,5,27,18,10,30,13,1,1.989635987714002,0.0,0,,random_actions,random_actions:panel_4:0:1144024:1
shared,shared,random_actions,0,30000,1,reference,panel_4,1144025,64138edb9781e6b0a61be4750dd0d62c9ce727dd66c1929d7a52d5452de3caca,0,1,7,0.9299999999999999,1.0656,0,7,4,4,7,5,0,0.15172546000000042,0.0,0,,random_actions,random_actions:panel_4:0:1144025:0
shared,shared,random_actions,0,30000,1,reference,panel_4,1144025,64138edb9781e6b0a61be4750dd0d62c9ce727dd66c1929d7a52d5452de3caca,1,1,12,0.88,1.0324,3,9,3,7,12,6,0,0.3397197681000007,0.0,0,,random_actions,random_actions:panel_4:0:1144025:1
shared,shared,random_actions,0,30000,1,reference,panel_4,1144026,2de20f160f1d64aa1d806e0e1c6c48b46aa81b8898837e7b7b87f343eee051e4,0,0,32,-0.3200000000000001,0.10200000000000015,6,26,16,11,27,11,1,1.783619330161466,0.0,0,,random_actions,random_actions:panel_4:0:1144026:0
shared,shared,random_actions,0,30000,1,reference,panel_4,1144026,2de20f160f1d64aa1d806e0e1c6c48b46aa81b8898837e7b7b87f343eee051e4,1,1,21,0.7899999999999999,1.0548000000000002,2,19,12,8,21,12,0,0.6024908524000011,0.0,0,,random_actions,random_actions:panel_4:0:1144026:1
shared,shared,random_actions,0,30000,1,reference,panel_4,1144027,a2304e5fd8ed8d57c939a2a62bc103bacf6112960c4f8abfbabdd1f291a1faa2,0,0,32,-0.3200000000000001,0.037200000000000136,16,16,11,6,29,8,1,1.8838248878864503,0.0,0,,random_actions,random_actions:panel_4:0:1144027:0
shared,shared,random_actions,0,30000,1,reference,panel_4,1144027,a2304e5fd8ed8d57c939a2a62bc103bacf6112960c4f8abfbabdd1f291a1faa2,1,0,32,-0.3200000000000001,-0.03239999999999987,23,9,2,8,31,6,1,2.000981989934293,0.0,0,,random_actions,random_actions:panel_4:0:1144027:1
shared,shared,random_actions,0,30000,1,reference,panel_4,1144028,abbb734666e3ce27b4049388168913ecf01f1ac70019c81815b99aef19a4f38a,0,1,1,0.99,1.03,0,1,0,2,1,1,0,0.0,0.0,0,,random_actions,random_actions:panel_4:0:1144028:0
shared,shared,random_actions,0,30000,1,reference,panel_4,1144028,abbb734666e3ce27b4049388168913ecf01f1ac70019c81815b99aef19a4f38a,1,1,16,0.84,0.9088,1,15,8,8,16,8,0,0.5848167300000008,0.0,0,,random_actions,random_actions:panel_4:0:1144028:1
shared,shared,random_actions,0,30000,1,reference,panel_4,1144029,ce489ee1f257eab3c89f155e22df181d390573f44072e3bdb8d8e11a9467fdc2,0,1,1,0.99,1.03,0,1,0,2,1,1,0,0.0,0.0,0,,random_actions,random_actions:panel_4:0:1144029:0
shared,shared,random_actions,0,30000,1,reference,panel_4,1144029,ce489ee1f257eab3c89f155e22df181d390573f44072e3bdb8d8e11a9467fdc2,1,1,11,0.89,0.9588000000000001,2,9,2,8,11,5,0,0.3806096962000006,0.0,0,,random_actions,random_actions:panel_4:0:1144029:1
shared,shared,random_actions,0,30000,1,reference,panel_4,1144030,efe610675f0215f0b7642ffb5eaea4d53ac7fab0c3924b3f583e2b49e5255970,0,0,32,-0.3200000000000001,-0.015199999999999797,8,24,11,14,26,8,1,1.8658436325329144,0.0,0,,random_actions,random_actions:panel_4:0:1144030:0
shared,shared,random_actions,0,30000,1,reference,panel_4,1144030,efe610675f0215f0b7642ffb5eaea4d53ac7fab0c3924b3f583e2b49e5255970,1,0,32,-0.3200000000000001,-0.058399999999999834,13,19,11,9,32,10,1,2.0530885206024228,0.0,0,,random_actions,random_actions:panel_4:0:1144030:1
shared,shared,random_actions,0,30000,1,reference,panel_4,1144031,19a111c1fd002471215338a35e49222bd8dc135d5d64473701867268fa030e7e,0,0,32,-0.3200000000000001,0.1364000000000001,11,21,11,11,29,12,1,1.7969251392221608,0.0,0,,random_actions,random_actions:panel_4:0:1144031:0
shared,shared,random_actions,0,30000,1,reference,panel_4,1144031,19a111c1fd002471215338a35e49222bd8dc135d5d64473701867268fa030e7e,1,0,32,-0.3200000000000001,0.21320000000000022,13,19,15,5,26,8,1,1.6640341381987351,0.0,0,,random_actions,random_actions:panel_4:0:1144031:1
shared,shared,random_actions,0,30000,1,reference,panel_4,1144032,8ed762b63701fb08738f8c3735797ced6b0a50592f000fecb8cad5d21996b9d7,0,0,32,-0.3200000000000001,0.09760000000000013,7,25,17,9,29,13,1,1.8306891421546543,0.0,0,,random_actions,random_actions:panel_4:0:1144032:0
shared,shared,random_actions,0,30000,1,reference,panel_4,1144032,8ed762b63701fb08738f8c3735797ced6b0a50592f000fecb8cad5d21996b9d7,1,0,32,-0.3200000000000001,0.08200000000000013,11,21,12,10,29,10,1,1.843009444473871,0.0,0,,random_actions,random_actions:panel_4:0:1144032:1
shared,shared,random_actions,0,30000,1,reference,panel_4,1144033,91971756b43d70d26277693e68b7b3e2e0683fb00b5fdf0557715d0bb2f5f05f,0,1,2,0.98,1.0612,0,2,0,3,2,2,0,0.0,0.0,0,,random_actions,random_actions:panel_4:0:1144033:0
shared,shared,random_actions,0,30000,1,reference,panel_4,1144033,91971756b43d70d26277693e68b7b3e2e0683fb00b5fdf0557715d0bb2f5f05f,1,1,5,0.95,1.0372000000000001,1,4,1,4,5,3,0,0.11671800000000021,0.0,0,,random_actions,random_actions:panel_4:0:1144033:1
shared,shared,random_actions,0,30000,1,reference,panel_4,1144034,9e65c8324b969fe97581888035b30559b8acf98a5754656fdc7076068db37d24,0,0,32,-0.3200000000000001,0.06480000000000012,23,9,3,7,29,5,1,1.8591481173589284,0.0,0,,random_actions,random_actions:panel_4:0:1144034:0
shared,shared,random_actions,0,30000,1,reference,panel_4,1144034,9e65c8324b969fe97581888035b30559b8acf98a5754656fdc7076068db37d24,1,1,23,0.7699999999999999,1.0444,8,15,6,10,23,10,0,0.6750632067000011,0.0,0,,random_actions,random_actions:panel_4:0:1144034:1
shared,shared,random_actions,0,30000,1,reference,panel_4,1144035,b56b65d9414add1f3abcd417f74b02ef15d6c0ed68af6bec93ec1f3dfc377106,0,1,15,0.85,0.9236,4,11,4,8,15,6,0,0.5393393081000011,0.0,0,,random_actions,random_actions:panel_4:0:1144035:0
shared,shared,random_actions,0,30000,1,reference,panel_4,1144035,b56b65d9414add1f3abcd417f74b02ef15d6c0ed68af6bec93ec1f3dfc377106,1,1,1,0.99,1.03,0,1,0,2,1,1,0,0.0,0.0,0,,random_actions,random_actions:panel_4:0:1144035:1
shared,shared,random_actions,0,30000,1,reference,panel_4,1144036,37576a8bca419f0d655a4d7f397b8e59321013882328a6d92045f99756186735,0,0,32,-0.3200000000000001,0.016000000000000066,9,23,13,11,32,14,1,1.9864970424000021,0.0,0,,random_actions,random_actions:panel_4:0:1144036:0
shared,shared,random_actions,0,30000,1,reference,panel_4,1144036,37576a8bca419f0d655a4d7f397b8e59321013882328a6d92045f99756186735,1,1,23,0.7699999999999999,1.1360000000000001,5,18,9,10,23,12,0,0.5923742695227109,0.0,0,,random_actions,random_actions:panel_4:0:1144036:1
shared,shared,random_actions,0,30000,1,reference,panel_4,1144037,3d1eb1497436d9d7ca3c5c8aa2a3adf4f9b6263540da2ebc1da43fb1488a12cf,0,1,16,0.84,1.014,5,11,5,7,16,7,0,0.4823059705000008,0.0,0,,random_actions,random_actions:panel_4:0:1144037:0
shared,shared,random_actions,0,30000,1,reference,panel_4,1144037,3d1eb1497436d9d7ca3c5c8aa2a3adf4f9b6263540da2ebc1da43fb1488a12cf,1,0,32,-0.3200000000000001,-0.08719999999999993,8,24,18,7,30,11,1,2.022195282900002,0.0,0,,random_actions,random_actions:panel_4:0:1144037:1
shared,shared,random_actions,0,30000,1,reference,panel_4,1144038,c19600c8ef99593bdc75d3086f65e4667bbff3bd2843ef606eccf04561504fe0,0,1,17,0.83,0.992,4,13,7,7,17,8,0,0.5346110381000012,0.0,0,,random_actions,random_actions:panel_4:0:1144038:0
shared,shared,random_actions,0,30000,1,reference,panel_4,1144038,c19600c8ef99593bdc75d3086f65e4667bbff3bd2843ef606eccf04561504fe0,1,0,32,-0.3200000000000001,-0.0871999999999999,12,20,14,7,31,10,1,2.0501715196140022,0.0,0,,random_actions,random_actions:panel_4:0:1144038:1
shared,shared,random_actions,0,30000,1,reference,panel_4,1144039,476eac3fd0128cc4f9b488a8ac82f27937f5e5939392203260a892a45f8268f9,0,1,4,0.96,1.0472000000000001,0,4,0,5,4,3,0,0.07586273000000021,0.0,0,,random_actions,random_actions:panel_4:0:1144039:0
shared,shared,random_actions,0,30000,1,reference,panel_4,1144039,476eac3fd0128cc4f9b488a8ac82f27937f5e5939392203260a892a45f8268f9,1,0,32,-0.3200000000000001,-0.11880000000000002,10,22,16,7,32,11,1,2.110195703413003,0.0,0,,random_actions,random_actions:panel_4:0:1144039:1
shared,shared,random_actions,0,30000,1,reference,panel_4,1144040,0faf1bc14f7c964fd81e69458fc947c296b71fde7206f88977173932b2551b7b,0,0,32,-0.3200000000000001,0.16400000000000015,16,16,9,8,27,7,1,1.729304937184203,0.0,0,,random_actions,random_actions:panel_4:0:1144040:0
shared,shared,random_actions,0,30000,1,reference,panel_4,1144040,0faf1bc14f7c964fd81e69458fc947c296b71fde7206f88977173932b2551b7b,1,0,32,-0.3200000000000001,0.1760000000000002,11,21,11,11,30,12,1,1.786763972907693,0.0,0,,random_actions,random_actions:panel_4:0:1144040:1
shared,shared,random_actions,0,30000,1,reference,panel_4,1144042,0d2e3bdd7a48d60646a552baeec72358c914128fae048ee0bda7f2cc375f1396,0,1,13,0.87,1.0624,1,12,6,7,13,8,0,0.3431509200000009,0.0,0,,random_actions,random_actions:panel_4:0:1144042:0
shared,shared,random_actions,0,30000,1,reference,panel_4,1144042,0d2e3bdd7a48d60646a552baeec72358c914128fae048ee0bda7f2cc375f1396,1,1,8,0.9199999999999999,1.1004,2,6,1,6,8,5,0,0.1506405781000003,0.0,0,,random_actions,random_actions:panel_4:0:1144042:1
shared,shared,random_actions,0,30000,1,reference,panel_4,1144043,a986e6d01d674efee8667952cb42bb5d4ae2bfac095bef4defb0264d8c8224a1,0,1,25,0.7499999999999999,0.9408000000000001,10,15,5,11,25,9,0,0.8337203188570015,0.0,0,,random_actions,random_actions:panel_4:0:1144043:0
shared,shared,random_actions,0,30000,1,reference,panel_4,1144043,a986e6d01d674efee8667952cb42bb5d4ae2bfac095bef4defb0264d8c8224a1,1,0,32,-0.3200000000000001,-0.10639999999999994,13,19,10,10,30,9,1,2.042890456200002,0.0,0,,random_actions,random_actions:panel_4:0:1144043:1
shared,shared,random_actions,0,30000,1,reference,panel_4,1144044,8c124299400a793d29e39f3ba58f049cd6edb8ca56b56d76cae33f8a934d91be,0,0,32,-0.3200000000000001,0.010400000000000131,15,17,12,6,29,7,1,1.907176123951189,0.0,0,,random_actions,random_actions:panel_4:0:1144044:0
shared,shared,random_actions,0,30000,1,reference,panel_4,1144044,8c124299400a793d29e39f3ba58f049cd6edb8ca56b56d76cae33f8a934d91be,1,0,32,-0.3200000000000001,0.040400000000000186,20,12,9,4,27,4,1,1.8335327270540596,0.0,0,,random_actions,random_actions:panel_4:0:1144044:1
shared,shared,random_actions,0,30000,1,reference,panel_4,1144045,7ce9e9d22986c46106a5d51c630faf2ebb4a41ee57a8d668bf3f0bd9a66be279,0,0,32,-0.3200000000000001,-0.08479999999999975,18,14,8,7,30,6,1,2.020024447200001,0.0,0,,random_actions,random_actions:panel_4:0:1144045:0
shared,shared,random_actions,0,30000,1,reference,panel_4,1144045,7ce9e9d22986c46106a5d51c630faf2ebb4a41ee57a8d668bf3f0bd9a66be279,1,0,32,-0.3200000000000001,-0.08119999999999991,15,17,14,4,29,8,1,1.992707966700002,0.0,0,,random_actions,random_actions:panel_4:0:1144045:1
shared,shared,random_actions,0,30000,1,reference,panel_4,1144046,e3d21af2ce1efda98455a3d889b6c016bd79f0fbb842d6171ba23eff3d74cb8e,0,0,32,-0.3200000000000001,0.06440000000000032,6,26,16,11,28,10,1,1.839661366802273,0.0,0,,random_actions,random_actions:panel_4:0:1144046:0
shared,shared,random_actions,0,30000,1,reference,panel_4,1144046,e3d21af2ce1efda98455a3d889b6c016bd79f0fbb842d6171ba23eff3d74cb8e,1,0,32,-0.3200000000000001,0.06200000000000025,7,25,16,10,27,9,1,1.81700567087,0.0,0,,random_actions,random_actions:panel_4:0:1144046:1
shared,shared,random_actions,0,30000,1,reference,panel_4,1144047,f0b699da0ea394e48db1a8708d7aab67dcf7c72a0a9058adba642ccf39496f87,0,1,25,0.7499999999999999,0.8824000000000001,2,23,13,11,25,12,0,0.8913706984710014,0.0,0,,random_actions,random_actions:panel_4:0:1144047:0
shared,shared,random_actions,0,30000,1,reference,panel_4,1144047,f0b699da0ea394e48db1a8708d7aab67dcf7c72a0a9058adba642ccf39496f87,1,1,3,0.97,1.0136,0,3,0,4,3,2,0,0.07820900000000008,0.0,0,,random_actions,random_actions:panel_4:0:1144047:1
shared,shared,random_actions,0,30000,1,reference,panel_4,1144048,1a1b3ff4cf96161cc75969099c22cff868c4747e605b7a719c77593c56a7970e,0,1,5,0.95,1.122,1,4,0,5,5,4,0,0.03623311809999996,0.0,0,,random_actions,random_actions:panel_4:0:1144048:0
shared,shared,random_actions,0,30000,1,reference,panel_4,1144048,1a1b3ff4cf96161cc75969099c22cff868c4747e605b7a719c77593c56a7970e,1,1,5,0.95,1.1208,1,4,0,5,5,4,0,0.037353730000000085,0.0,0,,random_actions,random_actions:panel_4:0:1144048:1
shared,shared,random_actions,0,30000,1,reference,panel_4,1144049,5ede5b45870c7d04b7ae6f525dc5061de6c6aabb64f00284fb9ca4525d5a0f43,0,1,27,0.73,0.9896000000000001,7,20,9,12,27,12,0,0.8505521982140009,0.0,0,,random_actions,random_actions:panel_4:0:1144049:0
shared,shared,random_actions,0,30000,1,reference,panel_4,1144049,5ede5b45870c7d04b7ae6f525dc5061de6c6aabb64f00284fb9ca4525d5a0f43,1,0,32,-0.3200000000000001,-0.04719999999999984,9,23,13,11,29,10,1,1.958013533657001,0.0,0,,random_actions,random_actions:panel_4:0:1144049:1
shared,shared,random_actions,0,30000,1,reference,panel_4,1144050,f2e82619e657fdb3a24b3d10aefc4e63bcd8ca137f4fbfd3139b1cc54e465e33,0,0,32,-0.3200000000000001,-0.12479999999999997,9,23,13,11,30,10,1,2.0629791250570024,0.0,0,,random_actions,random_actions:panel_4:0:1144050:0
shared,shared,random_actions,0,30000,1,reference,panel_4,1144050,f2e82619e657fdb3a24b3d10aefc4e63bcd8ca137f4fbfd3139b1cc54e465e33,1,0,32,-0.3200000000000001,-0.10199999999999992,11,21,13,9,30,9,1,2.0417831231560024,0.0,0,,random_actions,random_actions:panel_4:0:1144050:1
shared,shared,random_actions,0,30000,1,reference,panel_4,1144051,d49302643b4482280dbf187e407f61c8e76d9e83d31fb2e25b6ddf110ca47c53,0,0,32,-0.3200000000000001,0.04800000000000015,9,23,15,9,28,10,1,1.8441861810588713,0.0,0,,random_actions,random_actions:panel_4:0:1144051:0
shared,shared,random_actions,0,30000,1,reference,panel_4,1144051,d49302643b4482280dbf187e407f61c8e76d9e83d31fb2e25b6ddf110ca47c53,1,0,32,-0.3200000000000001,0.05160000000000016,19,13,10,4,28,6,1,1.8451417268260022,0.0,0,,random_actions,random_actions:panel_4:0:1144051:1
shared,shared,random_actions,0,30000,1,reference,panel_4,1144052,d5046c4c72bfae42c84fa126bec349b036cccd4ab36b3adf6643275532326787,0,0,32,-0.3200000000000001,0.13960000000000017,5,27,21,7,26,10,1,1.7238614414006688,0.0,0,,random_actions,random_actions:panel_4:0:1144052:0
shared,shared,random_actions,0,30000,1,reference,panel_4,1144052,d5046c4c72bfae42c84fa126bec349b036cccd4ab36b3adf6643275532326787,1,0,32,-0.3200000000000001,0.13120000000000018,10,22,15,8,26,8,1,1.7336099361036963,0.0,0,,random_actions,random_actions:panel_4:0:1144052:1
shared,shared,random_actions,0,30000,1,reference,panel_4,1144053,fcd7a6ff4f1beae6272f0adb070535e99be2d5febca976f2fdc6316b3a7746e6,0,1,7,0.9299999999999999,1.0232,5,2,0,3,7,2,0,0.19254500000000063,0.0,0,,random_actions,random_actions:panel_4:0:1144053:0
shared,shared,random_actions,0,30000,1,reference,panel_4,1144053,fcd7a6ff4f1beae6272f0adb070535e99be2d5febca976f2fdc6316b3a7746e6,1,1,3,0.97,1.0536,1,2,0,3,3,2,0,0.038509000000000126,0.0,0,,random_actions,random_actions:panel_4:0:1144053:1
shared,shared,random_actions,0,30000,1,reference,panel_4,1144054,1512af988695ea17722e7db351071e0d390d50661758b9d766d8eaadc512423c,0,1,2,0.98,1.0612,0,2,0,3,2,2,0,0.0,0.0,0,,random_actions,random_actions:panel_4:0:1144054:0
shared,shared,random_actions,0,30000,1,reference,panel_4,1144054,1512af988695ea17722e7db351071e0d390d50661758b9d766d8eaadc512423c,1,0,32,-0.3200000000000001,-0.10079999999999989,7,25,19,7,29,10,1,2.0110764516280017,0.0,0,,random_actions,random_actions:panel_4:0:1144054:1
shared,shared,random_actions,0,30000,1,reference,panel_4,1144055,5b4c9c792da83c1ebdfa3eb0f73fddea92d967fef84df8b04675a1fcc736485a,0,0,32,-0.3200000000000001,-0.09079999999999998,6,26,18,9,31,13,1,2.0548283296140024,0.0,0,,random_actions,random_actions:panel_4:0:1144055:0
shared,shared,random_actions,0,30000,1,reference,panel_4,1144055,5b4c9c792da83c1ebdfa3eb0f73fddea92d967fef84df8b04675a1fcc736485a,1,1,21,0.7899999999999999,0.9796,0,21,13,9,21,12,0,0.6715238250570014,0.0,0,,random_actions,random_actions:panel_4:0:1144055:1
shared,shared,random_actions,0,30000,1,reference,panel_4,1144056,3ed602a3a2b0bc96afadc49d788f6b68ab56e0477531a0c6b69bf20c95014af2,0,1,2,0.98,1.0212,1,1,0,2,2,1,0,0.03970000000000007,0.0,0,,random_actions,random_actions:panel_4:0:1144056:0
shared,shared,random_actions,0,30000,1,reference,panel_4,1144056,3ed602a3a2b0bc96afadc49d788f6b68ab56e0477531a0c6b69bf20c95014af2,1,0,32,-0.3200000000000001,-0.15639999999999998,8,24,12,13,30,10,1,2.0929655939115817,0.0,0,,random_actions,random_actions:panel_4:0:1144056:1
shared,shared,random_actions,0,30000,1,reference,panel_4,1144057,2b6e1b89c90ca61b0ccb917f639198ef5b86ac5c1e674e4044f99ff9d5e6e1fa,0,1,2,0.98,1.0212,1,1,0,2,2,1,0,0.03970000000000007,0.0,0,,random_actions,random_actions:panel_4:0:1144057:0
shared,shared,random_actions,0,30000,1,reference,panel_4,1144057,2b6e1b89c90ca61b0ccb917f639198ef5b86ac5c1e674e4044f99ff9d5e6e1fa,1,1,13,0.87,0.9448000000000001,6,7,2,6,13,4,0,0.45643669620000105,0.0,0,,random_actions,random_actions:panel_4:0:1144057:1
shared,shared,random_actions,0,30000,1,reference,panel_4,1144058,0429b833ba2f9bfcd9f147aa24df2d520a50f5e6830c29930cda749d0af6ce58,0,0,32,-0.3200000000000001,-0.10359999999999973,7,25,17,9,26,7,1,1.9434690305633644,0.0,0,,random_actions,random_actions:panel_4:0:1144058:0
shared,shared,random_actions,0,30000,1,reference,panel_4,1144058,0429b833ba2f9bfcd9f147aa24df2d520a50f5e6830c29930cda749d0af6ce58,1,1,9,0.91,0.9668000000000001,4,5,2,4,9,3,0,0.3104540000000007,0.0,0,,random_actions,random_actions:panel_4:0:1144058:1
shared,shared,random_actions,0,30000,1,reference,panel_4,1144059,7b3b3d4c843c81c8cf993592b379a3151c4da4274a10d34dcf10f4823e23af08,0,1,12,0.88,1.0204,5,7,2,6,12,5,0,0.3513450000000007,0.0,0,,random_actions,random_actions:panel_4:0:1144059:0
shared,shared,random_actions,0,30000,1,reference,panel_4,1144059,7b3b3d4c843c81c8cf993592b379a3151c4da4274a10d34dcf10f4823e23af08,1,1,17,0.83,0.9932000000000001,4,13,4,10,17,8,0,0.5335965443000009,0.0,0,,random_actions,random_actions:panel_4:0:1144059:1
shared,shared,random_actions,0,30000,1,reference,panel_4,1144060,30f29b49500e23b25a053094bfac684f8fbd047db6e73ffabefe4acb69aec022,0,0,32,-0.3200000000000001,0.09160000000000015,9,23,13,11,28,10,1,1.8106671801690308,0.0,0,,random_actions,random_actions:panel_4:0:1144060:0
shared,shared,random_actions,0,30000,1,reference,panel_4,1144060,30f29b49500e23b25a053094bfac684f8fbd047db6e73ffabefe4acb69aec022,1,1,29,0.71,1.0688000000000002,9,20,12,9,29,13,0,0.8424967827710008,0.0,0,,random_actions,random_actions:panel_4:0:1144060:1
shared,shared,random_actions,0,30000,1,reference,panel_4,1144061,e2710e60909f17f16727618bb4b20d6308039e7b6ef2e286d3dbb66b9e1b7db1,0,1,22,0.7799999999999999,0.9648000000000001,7,15,8,8,22,9,0,0.7168279243000014,0.0,0,,random_actions,random_actions:panel_4:0:1144061:0
shared,shared,random_actions,0,30000,1,reference,panel_4,1144061,e2710e60909f17f16727618bb4b20d6308039e7b6ef2e286d3dbb66b9e1b7db1,1,1,6,0.94,1.0744,3,3,0,4,6,3,0,0.11206119000000025,0.0,0,,random_actions,random_actions:panel_4:0:1144061:1
shared,shared,random_actions,0,30000,1,reference,panel_4,1144062,4d36fe9c78691208bd41aae8c1e9948ce18121558f767c001f56c61868e0324b,0,0,32,-0.3200000000000001,-0.09319999999999991,10,22,15,8,31,11,1,2.055917434800002,0.0,0,,random_actions,random_actions:panel_4:0:1144062:0
shared,shared,random_actions,0,30000,1,reference,panel_4,1144062,4d36fe9c78691208bd41aae8c1e9948ce18121558f767c001f56c61868e0324b,1,1,3,0.97,1.0936,0,3,0,4,3,3,0,0.0,0.0,0,,random_actions,random_actions:panel_4:0:1144062:1
shared,shared,random_actions,0,30000,1,reference,panel_4,1144063,ad1a33ae5b627324c093ef8a5e064d5d2368c1c2058ce90b8e0ba93cbad374da,0,0,32,-0.3200000000000001,0.03600000000000009,11,21,13,9,32,12,1,1.9660909756120313,0.0,0,,random_actions,random_actions:panel_4:0:1144063:0
shared,shared,random_actions,0,30000,1,reference,panel_4,1144063,ad1a33ae5b627324c093ef8a5e064d5d2368c1c2058ce90b8e0ba93cbad374da,1,0,32,-0.3200000000000001,0.020400000000000085,11,21,11,11,27,9,1,1.8544214461990018,0.0,0,,random_actions,random_actions:panel_4:0:1144063:1
shared,shared,random_actions,0,30000,1,reference,panel_4,1144064,8084d276a7a52b8660e74d5639c781e56809db6ec7775db6f9243c5c1a9ed8d7,0,1,5,0.95,0.9984000000000001,2,3,1,3,5,2,0,0.15522700000000034,0.0,0,,random_actions,random_actions:panel_4:0:1144064:0
shared,shared,random_actions,0,30000,1,reference,panel_4,1144064,8084d276a7a52b8660e74d5639c781e56809db6ec7775db6f9243c5c1a9ed8d7,1,1,5,0.95,0.9984000000000001,2,3,1,3,5,2,0,0.15522700000000034,0.0,0,,random_actions,random_actions:panel_4:0:1144064:1
shared,shared,random_actions,1,30000,1,reference,panel_4,1144000,f5d9058c815dfb27547c4657a4005e6cc52a18a2a3e5f8bb80e9b1259293994e,0,1,19,0.8099999999999999,1.0904,6,13,6,8,19,9,0,0.5064161794850003,0.0,0,,random_actions,random_actions:panel_4:1:1144000:0
shared,shared,random_actions,1,30000,1,reference,panel_4,1144000,f5d9058c815dfb27547c4657a4005e6cc52a18a2a3e5f8bb80e9b1259293994e,1,0,32,-0.3200000000000001,0.028800000000000103,11,21,12,10,29,10,1,1.8933765042850008,0.0,0,,random_actions,random_actions:panel_4:1:1144000:1
shared,shared,random_actions,1,30000,1,reference,panel_4,1144001,6a524372ee99f13ae3269fe3ba97781ec106411aa23a3cdfdb932b80777e777c,0,0,32,-0.3200000000000001,0.09400000000000014,13,19,12,8,30,10,1,1.8613526475158713,0.0,0,,random_actions,random_actions:panel_4:1:1144001:0
shared,shared,random_actions,1,30000,1,reference,panel_4,1144001,6a524372ee99f13ae3269fe3ba97781ec106411aa23a3cdfdb932b80777e777c,1,0,32,-0.3200000000000001,0.17800000000000024,13,19,14,6,25,6,1,1.673291109118571,0.0,0,,random_actions,random_actions:panel_4:1:1144001:1
shared,shared,random_actions,1,30000,1,reference,panel_4,1144002,1d49530125be0a25f1146e4c3a737ae0b2ec3ecc27adcfb8d0bf2cdd276f830e,0,0,32,-0.3200000000000001,0.016800000000000148,10,22,13,10,29,11,1,1.9024453737850013,0.0,0,,random_actions,random_actions:panel_4:1:1144002:0
shared,shared,random_actions,1,30000,1,reference,panel_4,1144002,1d49530125be0a25f1146e4c3a737ae0b2ec3ecc27adcfb8d0bf2cdd276f830e,1,1,17,0.83,1.084,2,15,5,11,17,10,0,0.4497466753140009,0.0,0,,random_actions,random_actions:panel_4:1:1144002:1
shared,shared,random_actions,1,30000,1,reference,panel_4,1144003,3f2ca21e4286b08a999eec79200d6f34147c714bf995d0aee6b341031196efa6,0,1,1,0.99,1.03,0,1,0,2,1,1,0,0.0,0.0,0,,random_actions,random_actions:panel_4:1:1144003:0
shared,shared,random_actions,1,30000,1,reference,panel_4,1144003,3f2ca21e4286b08a999eec79200d6f34147c714bf995d0aee6b341031196efa6,1,1,4,0.96,1.006,1,3,0,4,4,2,0,0.11671800000000021,0.0,0,,random_actions,random_actions:panel_4:1:1144003:1
shared,shared,random_actions,1,30000,1,reference,panel_4,1144004,01d8ad6b94b97cca8cfc617fe15531f1fc6354913743af9d25fd1b3934bd85b0,0,0,32,-0.3200000000000001,-0.0027999999999998443,10,22,17,6,29,9,1,1.9197258254270015,0.0,0,,random_actions,random_actions:panel_4:1:1144004:0
shared,shared,random_actions,1,30000,1,reference,panel_4,1144004,01d8ad6b94b97cca8cfc617fe15531f1fc6354913743af9d25fd1b3934bd85b0,1,1,15,0.85,1.0412000000000001,5,10,6,5,15,7,0,0.42601673000000095,0.0,0,,random_actions,random_actions:panel_4:1:1144004:1
shared,shared,random_actions,1,30000,1,reference,panel_4,1144005,55052b859f916b8cc55e67382bf0eed823535cbbc4c63320d990167fd5b1796f,0,1,6,0.94,1.072,1,5,2,4,6,4,0,0.11437173000000034,0.0,0,,random_actions,random_actions:panel_4:1:1144005:0
shared,shared,random_actions,1,30000,1,reference,panel_4,1144005,55052b859f916b8cc55e67382bf0eed823535cbbc4c63320d990167fd5b1796f,1,0,32,-0.3200000000000001,-0.012799999999999825,11,21,12,10,27,7,1,1.8783313542728997,0.0,0,,random_actions,random_actions:panel_4:1:1144005:1
shared,shared,random_actions,1,30000,1,reference,panel_4,1144006,cef3b0e6e01ed8c33ba8248a7bf256ae6d33d1f91f95437665a86d48bb14e0b8,0,1,8,0.9199999999999999,1.0592000000000001,1,7,1,7,8,5,0,0.18914957810000033,0.0,0,,random_actions,random_actions:panel_4:1:1144006:0
shared,shared,random_actions,1,30000,1,reference,panel_4,1144006,cef3b0e6e01ed8c33ba8248a7bf256ae6d33d1f91f95437665a86d48bb14e0b8,1,1,23,0.7699999999999999,0.9452,4,19,12,8,23,11,0,0.7668571100000016,0.0,0,,random_actions,random_actions:panel_4:1:1144006:1
shared,shared,random_actions,1,30000,1,reference,panel_4,1144007,c99c27c6508440fe745c04090c5d7446f955251d71adcf74eda9fb8dbc888ee8,0,0,32,-0.3200000000000001,0.06360000000000016,9,23,13,11,28,10,1,1.838057646283103,0.0,0,,random_actions,random_actions:panel_4:1:1144007:0
shared,shared,random_actions,1,30000,1,reference,panel_4,1144007,c99c27c6508440fe745c04090c5d7446f955251d71adcf74eda9fb8dbc888ee8,1,0,32,-0.3200000000000001,0.07080000000000018,11,21,13,9,28,9,1,1.8313349219850013,0.0,0,,random_actions,random_actions:panel_4:1:1144007:1
shared,shared,random_actions,1,30000,1,reference,panel_4,1144008,f2705871fbf1dea8bcd7d84f1cdfcb4636c3478428b9224676242d40c1c6eff7,0,0,32,-0.3200000000000001,0.01880000000000015,12,20,11,10,27,9,1,1.8562005766284506,0.0,0,,random_actions,random_actions:panel_4:1:1144008:0
shared,shared,random_actions,1,30000,1,reference,panel_4,1144008,f2705871fbf1dea8bcd7d84f1cdfcb4636c3478428b9224676242d40c1c6eff7,1,1,22,0.7799999999999999,1.0108000000000001,4,18,10,9,22,11,0,0.6737650488570014,0.0,0,,random_actions,random_actions:panel_4:1:1144008:1
shared,shared,random_actions,1,30000,1,reference,panel_4,1144009,285056a6e18e4e6101bf33d3a2a8703b4bc4b4d0f83a958a2fd8129e891591af,0,0,32,-0.3200000000000001,0.10240000000000013,9,23,12,12,30,12,1,1.8543564905804064,0.0,0,,random_actions,random_actions:panel_4:1:1144009:0
shared,shared,random_actions,1,30000,1,reference,panel_4,1144009,285056a6e18e4e6101bf33d3a2a8703b4bc4b4d0f83a958a2fd8129e891591af,1,0,32,-0.3200000000000001,0.12760000000000016,18,14,8,7,29,7,1,1.8024754429286682,0.0,0,,random_actions,random_actions:panel_4:1:1144009:1
shared,shared,random_actions,1,30000,1,reference,panel_4,1144010,2f3373089c04468d4f150d406ce8ff3c626fcfca9264d0dca09823e15184b8c7,0,0,32,-0.3200000000000001,-0.15119999999999997,8,24,16,9,32,12,1,2.1405687724000027,0.0,0,,random_actions,random_actions:panel_4:1:1144010:0
shared,shared,random_actions,1,30000,1,reference,panel_4,1144010,2f3373089c04468d4f150d406ce8ff3c626fcfca9264d0dca09823e15184b8c7,1,1,4,0.96,1.0448,0,4,2,3,4,3,0,0.07820900000000008,0.0,0,,random_actions,random_actions:panel_4:1:1144010:1
shared,shared,random_actions,1,30000,1,reference,panel_4,1144011,a5f5fdcae205fb2431a590becbb14b75fea49e4ceeaaffbdde2dfc89ad0e9415,0,1,16,0.84,1.0492000000000001,2,14,5,10,16,9,0,0.4497466753140008,0.0,0,,random_actions,random_actions:panel_4:1:1144011:0
shared,shared,random_actions,1,30000,1,reference,panel_4,1144011,a5f5fdcae205fb2431a590becbb14b75fea49e4ceeaaffbdde2dfc89ad0e9415,1,0,32,-0.3200000000000001,0.026000000000000217,7,25,15,11,28,11,1,1.867926838723755,0.0,0,,random_actions,random_actions:panel_4:1:1144011:1
shared,shared,random_actions,1,30000,1,reference,panel_4,1144012,050ec9707a07980a93c542cf9f262d74c0fc6edf1bf0e7925970304a4daea65f,0,0,32,-0.3200000000000001,0.027600000000000097,10,22,16,7,28,10,1,1.8687103681458712,0.0,0,,random_actions,random_actions:panel_4:1:1144012:0
shared,shared,random_actions,1,30000,1,reference,panel_4,1144012,050ec9707a07980a93c542cf9f262d74c0fc6edf1bf0e7925970304a4daea65f,1,0,32,-0.3200000000000001,0.008400000000000102,10,22,16,7,30,11,1,1.9388550137178715,0.0,0,,random_actions,random_actions:panel_4:1:1144012:1
shared,shared,random_actions,1,30000,1,reference,panel_4,1144013,a5d83aab444fa9b3d92598149e23d196032b7bd2be4fe96fa97cf1fd17a45fad,0,1,28,0.72,1.0668000000000002,12,16,6,11,28,11,0,0.8135704120115806,0.0,0,,random_actions,random_actions:panel_4:1:1144013:0
shared,shared,random_actions,1,30000,1,reference,panel_4,1144013,a5d83aab444fa9b3d92598149e23d196032b7bd2be4fe96fa97cf1fd17a45fad,1,0,32,-0.3200000000000001,0.0400000000000001,7,25,15,11,30,13,1,1.9076559446014505,0.0,0,,random_actions,random_actions:panel_4:1:1144013:1
shared,shared,random_actions,1,30000,1,reference,panel_4,1144014,c43df6d38fd522af6e201df48aa6d7b896979cdb2c36df6b969bbd4a1fec50f7,0,0,32,-0.3200000000000001,-0.10759999999999986,18,14,11,4,29,5,1,2.017044384300002,0.0,0,,random_actions,random_actions:panel_4:1:1144014:0
shared,shared,random_actions,1,30000,1,reference,panel_4,1144014,c43df6d38fd522af6e201df48aa6d7b896979cdb2c36df6b969bbd4a1fec50f7,1,0,32,-0.3200000000000001,-0.04999999999999985,9,23,10,14,29,10,1,1.965190830866161,0.0,0,,random_actions,random_actions:panel_4:1:1144014:1
shared,shared,random_actions,1,30000,1,reference,panel_4,1144015,a1c35e3eb0b9c4658f0ec0e2875605146411cc0216515096abe70c36b0ed4a2a,0,1,19,0.8099999999999999,0.9416,7,12,7,6,19,7,0,0.6454465700000016,0.0,0,,random_actions,random_actions:panel_4:1:1144015:0
shared,shared,random_actions,1,30000,1,reference,panel_4,1144015,a1c35e3eb0b9c4658f0ec0e2875605146411cc0216515096abe70c36b0ed4a2a,1,0,32,-0.3200000000000001,-0.1548,7,25,19,7,30,11,1,2.087210464300002,0.0,0,,random_actions,random_actions:panel_4:1:1144015:1
shared,shared,random_actions,1,30000,1,reference,panel_4,1144016,436cf36b1c7f4722c3cf4c0f36a80fc5b0e4ef3c3fe418bb39ceca501f325ec8,0,1,4,0.96,1.0872,1,3,0,4,4,3,0,0.037353730000000085,0.0,0,,random_actions,random_actions:panel_4:1:1144016:0
shared,shared,random_actions,1,30000,1,reference,panel_4,1144016,436cf36b1c7f4722c3cf4c0f36a80fc5b0e4ef3c3fe418bb39ceca501f325ec8,1,0,32,-0.3200000000000001,-0.09439999999999993,15,17,7,11,29,7,1,2.0041231062000024,0.0,0,,random_actions,random_actions:panel_4:1:1144016:1
shared,shared,random_actions,1,30000,1,reference,panel_4,1144017,ffeb6441b402313d2cd2dd62ea77e8a2d47d3ca700ebeb5beaf8c536eca757bb,0,0,32,-0.3200000000000001,-0.025599999999999845,14,18,10,9,31,10,1,1.994095006734814,0.0,0,,random_actions,random_actions:panel_4:1:1144017:0
shared,shared,random_actions,1,30000,1,reference,panel_4,1144017,ffeb6441b402313d2cd2dd62ea77e8a2d47d3ca700ebeb5beaf8c536eca757bb,1,0,32,-0.3200000000000001,0.03080000000000019,12,20,11,10,28,9,1,1.8664504235806108,0.0,0,,random_actions,random_actions:panel_4:1:1144017:1
shared,shared,random_actions,1,30000,1,reference,panel_4,1144018,ff9abe159ba40740f952894c39b9cd276f45dd38c09463f02bbfdc7c9cc8050c,0,0,32,-0.3200000000000001,-0.12119999999999986,11,21,9,13,28,8,1,2.013389884171002,0.0,0,,random_actions,random_actions:panel_4:1:1144018:0
shared,shared,random_actions,1,30000,1,reference,panel_4,1144018,ff9abe159ba40740f952894c39b9cd276f45dd38c09463f02bbfdc7c9cc8050c,1,1,4,0.96,1.0448,0,4,1,4,4,3,0,0.07820900000000008,0.0,0,,random_actions,random_actions:panel_4:1:1144018:1
shared,shared,random_actions,1,30000,1,reference,panel_4,1144019,6f88495357a88c94a0def8e431a78ba89d737b11793ce7a77f9d6c9f206cb2e7,0,1,15,0.85,1.0652000000000001,3,12,3,10,15,8,0,0.4032873060710007,0.0,0,,random_actions,random_actions:panel_4:1:1144019:0
shared,shared,random_actions,1,30000,1,reference,panel_4,1144019,6f88495357a88c94a0def8e431a78ba89d737b11793ce7a77f9d6c9f206cb2e7,1,0,32,-0.3200000000000001,-0.020799999999999888,12,20,12,9,31,10,1,1.9893490571990011,0.0,0,,random_actions,random_actions:panel_4:1:1144019:1
shared,shared,random_actions,1,30000,1,reference,panel_4,1144020,07dfe2c9c41878457784c108e3155a1525f0f428bde4c02f563309e50f35dfcb,0,1,8,0.9199999999999999,1.0204,2,6,1,6,8,4,0,0.2264329200000006,0.0,0,,random_actions,random_actions:panel_4:1:1144020:0
shared,shared,random_actions,1,30000,1,reference,panel_4,1144020,07dfe2c9c41878457784c108e3155a1525f0f428bde4c02f563309e50f35dfcb,1,1,15,0.85,0.9744,5,10,5,6,15,6,0,0.48916934620000097,0.0,0,,random_actions,random_actions:panel_4:1:1144020:1
shared,shared,random_actions,1,30000,1,reference,panel_4,1144021,5284392b2c5e4fed5976d628772aab13000dbc395761580cb05a5a564e762c75,0,1,3,0.97,1.0936,0,3,0,4,3,3,0,0.0,0.0,0,,random_actions,random_actions:panel_4:1:1144021:0
shared,shared,random_actions,1,30000,1,reference,panel_4,1144021,5284392b2c5e4fed5976d628772aab13000dbc395761580cb05a5a564e762c75,1,1,8,0.9199999999999999,1.0544,1,7,2,6,8,5,0,0.19377173000000036,0.0,0,,random_actions,random_actions:panel_4:1:1144021:1
shared,shared,random_actions,1,30000,1,reference,panel_4,1144022,bc09a76df16201a0a8405bcf6fb8a216e1acc1c7461d1d99f26c1be5da54e7e0,0,0,32,-0.3200000000000001,0.12640000000000015,8,24,17,8,28,10,1,1.78840717519877,0.0,0,,random_actions,random_actions:panel_4:1:1144022:0
shared,shared,random_actions,1,30000,1,reference,panel_4,1144022,bc09a76df16201a0a8405bcf6fb8a216e1acc1c7461d1d99f26c1be5da54e7e0,1,0,32,-0.3200000000000001,0.14080000000000015,8,24,14,11,28,11,1,1.7742998213104222,0.0,0,,random_actions,random_actions:panel_4:1:1144022:1
shared,shared,random_actions,1,30000,1,reference,panel_4,1144023,963692b935009ffb4637fd1304dfc19ca2a227af15fce8b1ff9995bda0abe08a,0,0,32,-0.3200000000000001,-0.07519999999999982,13,19,12,8,29,8,1,1.9886740592280012,0.0,0,,random_actions,random_actions:panel_4:1:1144023:0
shared,shared,random_actions,1,30000,1,reference,panel_4,1144023,963692b935009ffb4637fd1304dfc19ca2a227af15fce8b1ff9995bda0abe08a,1,1,8,0.9199999999999999,1.0652000000000001,3,5,1,5,8,4,0,0.18340681430000016,0.0,0,,random_actions,random_actions:panel_4:1:1144023:1
shared,shared,random_actions,1,30000,1,reference,panel_4,1144024,b2433120f4411db43ff4c0248c3359ded17783b66e9a285d6c21a3f747209ae3,0,0,32,-0.3200000000000001,0.04280000000000034,8,24,16,9,27,9,1,1.8402474425237556,0.0,0,,random_actions,random_actions:panel_4:1:1144024:0
shared,shared,random_actions,1,30000,1,reference,panel_4,1144024,b2433120f4411db43ff4c0248c3359ded17783b66e9a285d6c21a3f747209ae3,1,1,4,0.96,1.1272,0,4,0,5,4,4,0,0.0,0.0,0,,random_actions,random_actions:panel_4:1:1144024:1
shared,shared,random_actions,1,30000,1,reference,panel_4,1144025,64138edb9781e6b0a61be4750dd0d62c9ce727dd66c1929d7a52d5452de3caca,0,0,32,-0.3200000000000001,-0.09079999999999996,6,26,16,11,30,12,1,2.0280073629000017,0.0,0,,random_actions,random_actions:panel_4:1:1144025:0
shared,shared,random_actions,1,30000,1,reference,panel_4,1144025,64138edb9781e6b0a61be4750dd0d62c9ce727dd66c1929d7a52d5452de3caca,1,0,32,-0.3200000000000001,-0.10639999999999998,2,30,20,11,31,15,1,2.0686265088570024,0.0,0,,random_actions,random_actions:panel_4:1:1144025:1
shared,shared,random_actions,1,30000,1,reference,panel_4,1144026,2de20f160f1d64aa1d806e0e1c6c48b46aa81b8898837e7b7b87f343eee051e4,0,0,32,-0.3200000000000001,0.09600000000000011,5,27,19,9,27,11,1,1.7825639681305674,0.0,0,,random_actions,random_actions:panel_4:1:1144026:0
shared,shared,random_actions,1,30000,1,reference,panel_4,1144026,2de20f160f1d64aa1d806e0e1c6c48b46aa81b8898837e7b7b87f343eee051e4,1,0,32,-0.3200000000000001,0.11640000000000016,9,23,17,7,26,9,1,1.7453618838162632,0.0,0,,random_actions,random_actions:panel_4:1:1144026:1
shared,shared,random_actions,1,30000,1,reference,panel_4,1144027,a2304e5fd8ed8d57c939a2a62bc103bacf6112960c4f8abfbabdd1f291a1faa2,0,0,32,-0.3200000000000001,0.044400000000000106,10,22,14,9,28,10,1,1.8533202701714513,0.0,0,,random_actions,random_actions:panel_4:1:1144027:0
shared,shared,random_actions,1,30000,1,reference,panel_4,1144027,a2304e5fd8ed8d57c939a2a62bc103bacf6112960c4f8abfbabdd1f291a1faa2,1,0,32,-0.3200000000000001,0.0840000000000001,16,16,13,4,27,6,1,1.7961137774414804,0.0,0,,random_actions,random_actions:panel_4:1:1144027:1
shared,shared,random_actions,1,30000,1,reference,panel_4,1144028,abbb734666e3ce27b4049388168913ecf01f1ac70019c81815b99aef19a4f38a,0,1,17,0.83,0.9024000000000001,4,13,6,8,17,7,0,0.6221347300000011,0.0,0,,random_actions,random_actions:panel_4:1:1144028:0
shared,shared,random_actions,1,30000,1,reference,panel_4,1144028,abbb734666e3ce27b4049388168913ecf01f1ac70019c81815b99aef19a4f38a,1,1,5,0.95,0.9972000000000001,0,5,2,4,5,3,0,0.15641800000000017,0.0,0,,random_actions,random_actions:panel_4:1:1144028:1
shared,shared,random_actions,1,30000,1,reference,panel_4,1144029,ce489ee1f257eab3c89f155e22df181d390573f44072e3bdb8d8e11a9467fdc2,0,0,32,-0.3200000000000001,-0.1359999999999999,7,25,17,9,29,10,1,2.0513605049270014,0.0,0,,random_actions,random_actions:panel_4:1:1144029:0
shared,shared,random_actions,1,30000,1,reference,panel_4,1144029,ce489ee1f257eab3c89f155e22df181d390573f44072e3bdb8d8e11a9467fdc2,1,1,19,0.8099999999999999,0.8884000000000001,6,13,7,7,19,7,0,0.6979617300000014,0.0,0,,random_actions,random_actions:panel_4:1:1144029:1
shared,shared,random_actions,1,30000,1,reference,panel_4,1144030,efe610675f0215f0b7642ffb5eaea4d53ac7fab0c3924b3f583e2b49e5255970,0,0,32,-0.3200000000000001,-0.017599999999999782,4,28,19,10,28,11,1,1.9184660566507845,0.0,0,,random_actions,random_actions:panel_4:1:1144030:0
shared,shared,random_actions,1,30000,1,reference,panel_4,1144030,efe610675f0215f0b7642ffb5eaea4d53ac7fab0c3924b3f583e2b49e5255970,1,0,32,-0.3200000000000001,-0.07879999999999988,13,19,12,8,29,8,1,1.9882244793570019,0.0,0,,random_actions,random_actions:panel_4:1:1144030:1
shared,shared,random_actions,1,30000,1,reference,panel_4,1144031,19a111c1fd002471215338a35e49222bd8dc135d5d64473701867268fa030e7e,0,0,32,-0.3200000000000001,0.09680000000000011,8,24,11,14,31,14,1,1.8854452408052904,0.0,0,,random_actions,random_actions:panel_4:1:1144031:0
shared,shared,random_actions,1,30000,1,reference,panel_4,1144031,19a111c1fd002471215338a35e49222bd8dc135d5d64473701867268fa030e7e,1,0,32,-0.3200000000000001,0.2204000000000002,15,17,10,8,25,6,1,1.6351092798768487,0.0,0,,random_actions,random_actions:panel_4:1:1144031:1
shared,shared,random_actions,1,30000,1,reference,panel_4,1144032,8ed762b63701fb08738f8c3735797ced6b0a50592f000fecb8cad5d21996b9d7,0,0,32,-0.3200000000000001,0.09400000000000013,14,18,12,7,28,8,1,1.8116134608613204,0.0,0,,random_actions,random_actions:panel_4:1:1144032:0
shared,shared,random_actions,1,30000,1,reference,panel_4,1144032,8ed762b63701fb08738f8c3735797ced6b0a50592f000fecb8cad5d21996b9d7,1,0,32,-0.3200000000000001,0.1156000000000001,16,16,12,5,27,7,1,1.7663700107931894,0.0,0,,random_actions,random_actions:panel_4:1:1144032:1
shared,shared,random_actions,1,30000,1,reference,panel_4,1144033,91971756b43d70d26277693e68b7b3e2e0683fb00b5fdf0557715d0bb2f5f05f,0,0,32,-0.3200000000000001,-0.1271999999999998,17,15,6,10,31,7,1,2.090257046314001,0.0,0,,random_actions,random_actions:panel_4:1:1144033:0
shared,shared,random_actions,1,30000,1,reference,panel_4,1144033,91971756b43d70d26277693e68b7b3e2e0683fb00b5fdf0557715d0bb2f5f05f,1,1,4,0.96,1.0448,0,4,1,4,4,3,0,0.07820900000000008,0.0,0,,random_actions,random_actions:panel_4:1:1144033:1
shared,shared,random_actions,1,30000,1,reference,panel_4,1144034,9e65c8324b969fe97581888035b30559b8acf98a5754656fdc7076068db37d24,0,1,12,0.88,1.1316000000000002,1,11,4,8,12,8,0,0.24843020157487017,0.0,0,,random_actions,random_actions:panel_4:1:1144034:0
shared,shared,random_actions,1,30000,1,reference,panel_4,1144034,9e65c8324b969fe97581888035b30559b8acf98a5754656fdc7076068db37d24,1,0,32,-0.3200000000000001,0.024000000000000105,6,26,16,11,28,12,1,1.873842677071001,0.0,0,,random_actions,random_actions:panel_4:1:1144034:1
shared,shared,random_actions,1,30000,1,reference,panel_4,1144035,b56b65d9414add1f3abcd417f74b02ef15d6c0ed68af6bec93ec1f3dfc377106,0,1,1,0.99,1.03,0,1,0,2,1,1,0,0.0,0.0,0,,random_actions,random_actions:panel_4:1:1144035:0
shared,shared,random_actions,1,30000,1,reference,panel_4,1144035,b56b65d9414add1f3abcd417f74b02ef15d6c0ed68af6bec93ec1f3dfc377106,1,1,8,0.9199999999999999,0.9804,1,7,2,6,8,4,0,0.2661675781000006,0.0,0,,random_actions,random_actions:panel_4:1:1144035:1
shared,shared,random_actions,1,30000,1,reference,panel_4,1144036,37576a8bca419f0d655a4d7f397b8e59321013882328a6d92045f99756186735,0,0,32,-0.3200000000000001,0.0916000000000001,7,25,15,11,30,13,1,1.8618152975570017,0.0,0,,random_actions,random_actions:panel_4:1:1144036:0
shared,shared,random_actions,1,30000,1,reference,panel_4,1144036,37576a8bca419f0d655a4d7f397b8e59321013882328a6d92045f99756186735,1,0,32,-0.3200000000000001,0.06640000000000011,5,27,17,11,29,14,1,1.8586655251009723,0.0,0,,random_actions,random_actions:panel_4:1:1144036:1
shared,shared,random_actions,1,30000,1,reference,panel_4,1144037,3d1eb1497436d9d7ca3c5c8aa2a3adf4f9b6263540da2ebc1da43fb1488a12cf,0,0,32,-0.3200000000000001,-0.06679999999999992,12,20,12,9,27,7,1,1.9343537815140022,0.0,0,,random_actions,random_actions:panel_4:1:1144037:0
shared,shared,random_actions,1,30000,1,reference,panel_4,1144037,3d1eb1497436d9d7ca3c5c8aa2a3adf4f9b6263540da2ebc1da43fb1488a12cf,1,0,32,-0.3200000000000001,-0.08959999999999996,6,26,19,8,29,11,1,2.0018818824000024,0.0,0,,random_actions,random_actions:panel_4:1:1144037:1
shared,shared,random_actions,1,30000,1,reference,panel_4,1144038,c19600c8ef99593bdc75d3086f65e4667bbff3bd2843ef606eccf04561504fe0,0,1,10,0.9,1.044,3,7,2,6,10,5,0,0.26613292000000055,0.0,0,,random_actions,random_actions:panel_4:1:1144038:0
shared,shared,random_actions,1,30000,1,reference,panel_4,1144038,c19600c8ef99593bdc75d3086f65e4667bbff3bd2843ef606eccf04561504fe0,1,1,5,0.95,1.0772,0,5,0,6,5,4,0,0.07820900000000008,0.0,0,,random_actions,random_actions:panel_4:1:1144038:1
shared,shared,random_actions,1,30000,1,reference,panel_4,1144039,476eac3fd0128cc4f9b488a8ac82f27937f5e5939392203260a892a45f8268f9,0,1,16,0.84,0.9644,10,6,2,5,16,4,0,0.5298838400000014,0.0,0,,random_actions,random_actions:panel_4:1:1144039:0
shared,shared,random_actions,1,30000,1,reference,panel_4,1144039,476eac3fd0128cc4f9b488a8ac82f27937f5e5939392203260a892a45f8268f9,1,0,32,-0.3200000000000001,-0.06239999999999979,12,20,8,13,27,6,1,1.9389303944016394,0.0,0,,random_actions,random_actions:panel_4:1:1144039:1
shared,shared,random_actions,1,30000,1,reference,panel_4,1144040,0faf1bc14f7c964fd81e69458fc947c296b71fde7206f88977173932b2551b7b,0,0,32,-0.3200000000000001,0.20960000000000018,7,25,18,8,26,11,1,1.6711329875828826,0.0,0,,random_actions,random_actions:panel_4:1:1144040:0
shared,shared,random_actions,1,30000,1,reference,panel_4,1144040,0faf1bc14f7c964fd81e69458fc947c296b71fde7206f88977173932b2551b7b,1,0,32,-0.3200000000000001,0.24440000000000026,9,23,15,9,25,9,1,1.6219017813440586,0.0,0,,random_actions,random_actions:panel_4:1:1144040:1
shared,shared,random_actions,1,30000,1,reference,panel_4,1144042,0d2e3bdd7a48d60646a552baeec72358c914128fae048ee0bda7f2cc375f1396,0,1,10,0.9,1.0936000000000001,4,6,1,6,10,5,0,0.21967355075700024,0.0,0,,random_actions,random_actions:panel_4:1:1144042:0
shared,shared,random_actions,1,30000,1,reference,panel_4,1144042,0d2e3bdd7a48d60646a552baeec72358c914128fae048ee0bda7f2cc375f1396,1,0,32,-0.3200000000000001,-0.021999999999999895,4,28,16,13,29,12,1,1.9377963910622915,0.0,0,,random_actions,random_actions:panel_4:1:1144042:1
shared,shared,random_actions,1,30000,1,reference,panel_4,1144043,a986e6d01d674efee8667952cb42bb5d4ae2bfac095bef4defb0264d8c8224a1,0,1,12,0.88,1.0276,3,9,4,6,12,6,0,0.34434192000000063,0.0,0,,random_actions,random_actions:panel_4:1:1144043:0
shared,shared,random_actions,1,30000,1,reference,panel_4,1144043,a986e6d01d674efee8667952cb42bb5d4ae2bfac095bef4defb0264d8c8224a1,1,1,12,0.88,1.0288,3,9,4,6,12,6,0,0.3431509200000008,0.0,0,,random_actions,random_actions:panel_4:1:1144043:1
shared,shared,random_actions,1,30000,1,reference,panel_4,1144044,8c124299400a793d29e39f3ba58f049cd6edb8ca56b56d76cae33f8a934d91be,0,0,32,-0.3200000000000001,-0.025599999999999803,20,12,9,4,31,6,1,1.9935615182,0.0,0,,random_actions,random_actions:panel_4:1:1144044:0
shared,shared,random_actions,1,30000,1,reference,panel_4,1144044,8c124299400a793d29e39f3ba58f049cd6edb8ca56b56d76cae33f8a934d91be,1,1,26,0.74,0.9924000000000002,12,14,6,9,26,9,0,0.8164930672000005,0.0,0,,random_actions,random_actions:panel_4:1:1144044:1
shared,shared,random_actions,1,30000,1,reference,panel_4,1144045,7ce9e9d22986c46106a5d51c630faf2ebb4a41ee57a8d668bf3f0bd9a66be279,0,0,32,-0.3200000000000001,-0.06919999999999986,17,15,11,5,30,7,1,2.005142425800001,0.0,0,,random_actions,random_actions:panel_4:1:1144045:0
shared,shared,random_actions,1,30000,1,reference,panel_4,1144045,7ce9e9d22986c46106a5d51c630faf2ebb4a41ee57a8d668bf3f0bd9a66be279,1,1,17,0.83,0.986,2,15,9,7,17,9,0,0.540424190000001,0.0,0,,random_actions,random_actions:panel_4:1:1144045:1
shared,shared,random_actions,1,30000,1,reference,panel_4,1144046,e3d21af2ce1efda98455a3d889b6c016bd79f0fbb842d6171ba23eff3d74cb8e,0,0,32,-0.3200000000000001,-0.014799999999999841,5,27,18,10,29,12,1,1.9370539945395806,0.0,0,,random_actions,random_actions:panel_4:1:1144046:0
shared,shared,random_actions,1,30000,1,reference,panel_4,1144046,e3d21af2ce1efda98455a3d889b6c016bd79f0fbb842d6171ba23eff3d74cb8e,1,1,27,0.73,1.0724000000000002,7,20,8,13,27,12,0,0.7764936512038231,0.0,0,,random_actions,random_actions:panel_4:1:1144046:1
shared,shared,random_actions,1,30000,1,reference,panel_4,1144047,f0b699da0ea394e48db1a8708d7aab67dcf7c72a0a9058adba642ccf39496f87,0,0,32,-0.3200000000000001,-0.13119999999999993,6,26,16,11,28,10,1,2.0237029858130016,0.0,0,,random_actions,random_actions:panel_4:1:1144047:0
shared,shared,random_actions,1,30000,1,reference,panel_4,1144047,f0b699da0ea394e48db1a8708d7aab67dcf7c72a0a9058adba642ccf39496f87,1,0,32,-0.3200000000000001,-0.1383999999999999,10,22,12,11,30,9,1,2.076625086500451,0.0,0,,random_actions,random_actions:panel_4:1:1144047:1
shared,shared,random_actions,1,30000,1,reference,panel_4,1144048,1a1b3ff4cf96161cc75969099c22cff868c4747e605b7a719c77593c56a7970e,0,0,32,-0.3200000000000001,0.03440000000000014,16,16,9,8,27,5,1,1.8357403324970596,0.0,0,,random_actions,random_actions:panel_4:1:1144048:0
shared,shared,random_actions,1,30000,1,reference,panel_4,1144048,1a1b3ff4cf96161cc75969099c22cff868c4747e605b7a719c77593c56a7970e,1,0,32,-0.3200000000000001,-0.0459999999999999,9,23,16,8,28,9,1,1.9329764622710024,0.0,0,,random_actions,random_actions:panel_4:1:1144048:1
shared,shared,random_actions,1,30000,1,reference,panel_4,1144049,5ede5b45870c7d04b7ae6f525dc5061de6c6aabb64f00284fb9ca4525d5a0f43,0,0,32,-0.3200000000000001,0.00920000000000018,14,18,11,8,30,9,1,1.9360254806081603,0.0,0,,random_actions,random_actions:panel_4:1:1144049:0
shared,shared,random_actions,1,30000,1,reference,panel_4,1144049,5ede5b45870c7d04b7ae6f525dc5061de6c6aabb64f00284fb9ca4525d5a0f43,1,0,32,-0.3200000000000001,-0.0027999999999998304,8,24,14,11,30,12,1,1.9474629865454218,0.0,0,,random_actions,random_actions:panel_4:1:1144049:1
shared,shared,random_actions,1,30000,1,reference,panel_4,1144050,f2e82619e657fdb3a24b3d10aefc4e63bcd8ca137f4fbfd3139b1cc54e465e33,0,1,21,0.7899999999999999,0.9264000000000001,5,16,8,9,21,9,0,0.7225349581000017,0.0,0,,random_actions,random_actions:panel_4:1:1144050:0
shared,shared,random_actions,1,30000,1,reference,panel_4,1144050,f2e82619e657fdb3a24b3d10aefc4e63bcd8ca137f4fbfd3139b1cc54e465e33,1,0,32,-0.3200000000000001,-0.08999999999999996,15,17,9,9,28,5,1,1.9729324121410023,0.0,0,,random_actions,random_actions:panel_4:1:1144050:1
shared,shared,random_actions,1,30000,1,reference,panel_4,1144051,d49302643b4482280dbf187e407f61c8e76d9e83d31fb2e25b6ddf110ca47c53,0,0,32,-0.3200000000000001,0.04560000000000011,10,22,15,8,28,11,1,1.85318475700045,0.0,0,,random_actions,random_actions:panel_4:1:1144051:0
shared,shared,random_actions,1,30000,1,reference,panel_4,1144051,d49302643b4482280dbf187e407f61c8e76d9e83d31fb2e25b6ddf110ca47c53,1,0,32,-0.3200000000000001,-0.007199999999999915,9,23,12,12,30,11,1,1.951359195054582,0.0,0,,random_actions,random_actions:panel_4:1:1144051:1
shared,shared,random_actions,1,30000,1,reference,panel_4,1144052,d5046c4c72bfae42c84fa126bec349b036cccd4ab36b3adf6643275532326787,0,0,32,-0.3200000000000001,0.15040000000000023,9,23,18,6,26,8,1,1.7126370754210705,0.0,0,,random_actions,random_actions:panel_4:1:1144052:0
shared,shared,random_actions,1,30000,1,reference,panel_4,1144052,d5046c4c72bfae42c84fa126bec349b036cccd4ab36b3adf6643275532326787,1,0,32,-0.3200000000000001,0.1348000000000002,12,20,11,10,27,9,1,1.7458430747220701,0.0,0,,random_actions,random_actions:panel_4:1:1144052:1
shared,shared,random_actions,1,30000,1,reference,panel_4,1144053,fcd7a6ff4f1beae6272f0adb070535e99be2d5febca976f2fdc6316b3a7746e6,0,1,4,0.96,1.046,2,2,0,3,4,2,0,0.07701800000000025,0.0,0,,random_actions,random_actions:panel_4:1:1144053:0
shared,shared,random_actions,1,30000,1,reference,panel_4,1144053,fcd7a6ff4f1beae6272f0adb070535e99be2d5febca976f2fdc6316b3a7746e6,1,1,4,0.96,1.046,2,2,0,3,4,2,0,0.07701800000000025,0.0,0,,random_actions,random_actions:panel_4:1:1144053:1
shared,shared,random_actions,1,30000,1,reference,panel_4,1144054,1512af988695ea17722e7db351071e0d390d50661758b9d766d8eaadc512423c,0,0,32,-0.3200000000000001,-0.15119999999999995,8,24,15,10,30,10,1,2.0861581288570026,0.0,0,,random_actions,random_actions:panel_4:1:1144054:0
shared,shared,random_actions,1,30000,1,reference,panel_4,1144054,1512af988695ea17722e7db351071e0d390d50661758b9d766d8eaadc512423c,1,0,32,-0.3200000000000001,-0.12839999999999985,11,21,12,10,29,9,1,2.035908434800002,0.0,0,,random_actions,random_actions:panel_4:1:1144054:1
shared,shared,random_actions,1,30000,1,reference,panel_4,1144055,5b4c9c792da83c1ebdfa3eb0f73fddea92d967fef84df8b04675a1fcc736485a,0,0,32,-0.3200000000000001,-0.07279999999999992,12,20,15,6,30,9,1,2.010917736057001,0.0,0,,random_actions,random_actions:panel_4:1:1144055:0
shared,shared,random_actions,1,30000,1,reference,panel_4,1144055,5b4c9c792da83c1ebdfa3eb0f73fddea92d967fef84df8b04675a1fcc736485a,1,0,32,-0.3200000000000001,-0.07759999999999988,9,23,14,10,28,9,1,1.9632262572000014,0.0,0,,random_actions,random_actions:panel_4:1:1144055:1
shared,shared,random_actions,1,30000,1,reference,panel_4,1144056,3ed602a3a2b0bc96afadc49d788f6b68ab56e0477531a0c6b69bf20c95014af2,0,1,11,0.89,0.9480000000000001,6,5,2,4,11,3,0,0.39108073000000076,0.0,0,,random_actions,random_actions:panel_4:1:1144056:0
shared,shared,random_actions,1,30000,1,reference,panel_4,1144056,3ed602a3a2b0bc96afadc49d788f6b68ab56e0477531a0c6b69bf20c95014af2,1,0,32,-0.3200000000000001,-0.12879999999999986,11,21,12,10,29,7,1,2.045273238648291,0.0,0,,random_actions,random_actions:panel_4:1:1144056:1
shared,shared,random_actions,1,30000,1,reference,panel_4,1144057,2b6e1b89c90ca61b0ccb917f639198ef5b86ac5c1e674e4044f99ff9d5e6e1fa,0,1,11,0.89,0.9552,0,11,4,8,11,6,0,0.3840061900000008,0.0,0,,random_actions,random_actions:panel_4:1:1144057:0
shared,shared,random_actions,1,30000,1,reference,panel_4,1144057,2b6e1b89c90ca61b0ccb917f639198ef5b86ac5c1e674e4044f99ff9d5e6e1fa,1,1,6,0.94,0.9896,1,5,3,3,6,3,0,0.1949270000000003,0.0,0,,random_actions,random_actions:panel_4:1:1144057:1
shared,shared,random_actions,1,30000,1,reference,panel_4,1144058,0429b833ba2f9bfcd9f147aa24df2d520a50f5e6830c29930cda749d0af6ce58,0,1,1,0.99,1.03,0,1,0,2,1,1,0,0.0,0.0,0,,random_actions,random_actions:panel_4:1:1144058:0
shared,shared,random_actions,1,30000,1,reference,panel_4,1144058,0429b833ba2f9bfcd9f147aa24df2d520a50f5e6830c29930cda749d0af6ce58,1,1,1,0.99,1.03,0,1,0,2,1,1,0,0.0,0.0,0,,random_actions,random_actions:panel_4:1:1144058:1
shared,shared,random_actions,1,30000,1,reference,panel_4,1144059,7b3b3d4c843c81c8cf993592b379a3151c4da4274a10d34dcf10f4823e23af08,0,0,32,-0.3200000000000001,-0.04759999999999985,14,18,12,7,30,8,1,1.9854084502410023,0.0,0,,random_actions,random_actions:panel_4:1:1144059:0
shared,shared,random_actions,1,30000,1,reference,panel_4,1144059,7b3b3d4c843c81c8cf993592b379a3151c4da4274a10d34dcf10f4823e23af08,1,1,31,0.69,0.8892,10,21,10,12,31,12,0,1.0705538524000022,0.0,0,,random_actions,random_actions:panel_4:1:1144059:1
shared,shared,random_actions,1,30000,1,reference,panel_4,1144060,30f29b49500e23b25a053094bfac684f8fbd047db6e73ffabefe4acb69aec022,0,0,32,-0.3200000000000001,0.1024000000000001,8,24,18,7,30,12,1,1.8538741319400311,0.0,0,,random_actions,random_actions:panel_4:1:1144060:0
shared,shared,random_actions,1,30000,1,reference,panel_4,1144060,30f29b49500e23b25a053094bfac684f8fbd047db6e73ffabefe4acb69aec022,1,0,32,-0.3200000000000001,0.0856000000000001,7,25,14,12,30,13,1,1.8655542152854798,0.0,0,,random_actions,random_actions:panel_4:1:1144060:1
shared,shared,random_actions,1,30000,1,reference,panel_4,1144061,e2710e60909f17f16727618bb4b20d6308039e7b6ef2e286d3dbb66b9e1b7db1,0,1,28,0.72,0.93,7,21,14,8,28,12,0,0.9374834224000022,0.0,0,,random_actions,random_actions:panel_4:1:1144061:0
shared,shared,random_actions,1,30000,1,reference,panel_4,1144061,e2710e60909f17f16727618bb4b20d6308039e7b6ef2e286d3dbb66b9e1b7db1,1,1,25,0.7499999999999999,0.9504,14,11,6,6,25,7,0,0.824127258100002,0.0,0,,random_actions,random_actions:panel_4:1:1144061:1
shared,shared,random_actions,1,30000,1,reference,panel_4,1144062,4d36fe9c78691208bd41aae8c1e9948ce18121558f767c001f56c61868e0324b,0,1,11,0.89,1.0304,4,7,2,6,11,5,0,0.3104897300000007,0.0,0,,random_actions,random_actions:panel_4:1:1144062:0
shared,shared,random_actions,1,30000,1,reference,panel_4,1144062,4d36fe9c78691208bd41aae8c1e9948ce18121558f767c001f56c61868e0324b,1,1,12,0.88,1.0276,3,9,3,7,12,6,0,0.3444123081000007,0.0,0,,random_actions,random_actions:panel_4:1:1144062:1
shared,shared,random_actions,1,30000,1,reference,panel_4,1144063,ad1a33ae5b627324c093ef8a5e064d5d2368c1c2058ce90b8e0ba93cbad374da,0,1,32,0.6799999999999999,1.024,13,19,9,11,32,12,0,0.9775733830183213,0.0,0,,random_actions,random_actions:panel_4:1:1144063:0
shared,shared,random_actions,1,30000,1,reference,panel_4,1144063,ad1a33ae5b627324c093ef8a5e064d5d2368c1c2058ce90b8e0ba93cbad374da,1,0,32,-0.3200000000000001,-0.02279999999999993,10,22,12,11,30,11,1,1.9657978126570028,0.0,0,,random_actions,random_actions:panel_4:1:1144063:1
shared,shared,random_actions,1,30000,1,reference,panel_4,1144064,8084d276a7a52b8660e74d5639c781e56809db6ec7775db6f9243c5c1a9ed8d7,0,1,7,0.9299999999999999,0.9832000000000001,0,7,2,6,7,4,0,0.23228073000000038,0.0,0,,random_actions,random_actions:panel_4:1:1144064:0
shared,shared,random_actions,1,30000,1,reference,panel_4,1144064,8084d276a7a52b8660e74d5639c781e56809db6ec7775db6f9243c5c1a9ed8d7,1,1,3,0.97,1.0124,2,1,0,2,3,1,0,0.07940000000000014,0.0,0,,random_actions,random_actions:panel_4:1:1144064:1
shared,shared,random_actions,2,30000,1,reference,panel_4,1144000,f5d9058c815dfb27547c4657a4005e6cc52a18a2a3e5f8bb80e9b1259293994e,0,0,32,-0.3200000000000001,0.02880000000000013,11,21,16,6,30,10,1,1.9193622804850006,0.0,0,,random_actions,random_actions:panel_4:2:1144000:0
shared,shared,random_actions,2,30000,1,reference,panel_4,1144000,f5d9058c815dfb27547c4657a4005e6cc52a18a2a3e5f8bb80e9b1259293994e,1,1,13,0.87,1.1228,2,11,5,7,13,8,0,0.2877245760710001,0.0,0,,random_actions,random_actions:panel_4:2:1144000:1
shared,shared,random_actions,2,30000,1,reference,panel_4,1144001,6a524372ee99f13ae3269fe3ba97781ec106411aa23a3cdfdb932b80777e777c,0,1,30,0.7,1.0792000000000002,12,18,10,9,30,12,0,0.8650771412511615,0.0,0,,random_actions,random_actions:panel_4:2:1144001:0
shared,shared,random_actions,2,30000,1,reference,panel_4,1144001,6a524372ee99f13ae3269fe3ba97781ec106411aa23a3cdfdb932b80777e777c,1,0,32,-0.3200000000000001,0.07360000000000011,7,25,16,10,30,13,1,1.8778613090965808,0.0,0,,random_actions,random_actions:panel_4:2:1144001:1
shared,shared,random_actions,2,30000,1,reference,panel_4,1144002,1d49530125be0a25f1146e4c3a737ae0b2ec3ecc27adcfb8d0bf2cdd276f830e,0,0,32,-0.3200000000000001,-0.003599999999999881,6,26,18,9,30,13,1,1.9486767112570018,0.0,0,,random_actions,random_actions:panel_4:2:1144002:0
shared,shared,random_actions,2,30000,1,reference,panel_4,1144002,1d49530125be0a25f1146e4c3a737ae0b2ec3ecc27adcfb8d0bf2cdd276f830e,1,0,32,-0.3200000000000001,0.007200000000000081,11,21,14,8,30,11,1,1.9362418149280023,0.0,0,,random_actions,random_actions:panel_4:2:1144002:1
shared,shared,random_actions,2,30000,1,reference,panel_4,1144003,3f2ca21e4286b08a999eec79200d6f34147c714bf995d0aee6b341031196efa6,0,1,3,0.97,1.0136,0,3,0,4,3,2,0,0.07820900000000008,0.0,0,,random_actions,random_actions:panel_4:2:1144003:0
shared,shared,random_actions,2,30000,1,reference,panel_4,1144003,3f2ca21e4286b08a999eec79200d6f34147c714bf995d0aee6b341031196efa6,1,1,8,0.9199999999999999,0.9708,5,3,0,4,8,2,0,0.2755180000000005,0.0,0,,random_actions,random_actions:panel_4:2:1144003:1
shared,shared,random_actions,2,30000,1,reference,panel_4,1144004,01d8ad6b94b97cca8cfc617fe15531f1fc6354913743af9d25fd1b3934bd85b0,0,1,7,0.9299999999999999,1.1032,1,6,2,5,7,5,0,0.11671800000000021,0.0,0,,random_actions,random_actions:panel_4:2:1144004:0
shared,shared,random_actions,2,30000,1,reference,panel_4,1144004,01d8ad6b94b97cca8cfc617fe15531f1fc6354913743af9d25fd1b3934bd85b0,1,0,32,-0.3200000000000001,0.012800000000000145,10,22,15,8,29,10,1,1.9066788772588708,0.0,0,,random_actions,random_actions:panel_4:2:1144004:1
shared,shared,random_actions,2,30000,1,reference,panel_4,1144005,55052b859f916b8cc55e67382bf0eed823535cbbc4c63320d990167fd5b1796f,0,1,26,0.74,0.9728000000000001,7,19,9,11,26,11,0,0.8349194292255813,0.0,0,,random_actions,random_actions:panel_4:2:1144005:0
shared,shared,random_actions,2,30000,1,reference,panel_4,1144005,55052b859f916b8cc55e67382bf0eed823535cbbc4c63320d990167fd5b1796f,1,0,32,-0.3200000000000001,-0.10039999999999988,16,16,11,6,32,9,1,2.0921812384710017,0.0,0,,random_actions,random_actions:panel_4:2:1144005:1
shared,shared,random_actions,2,30000,1,reference,panel_4,1144006,cef3b0e6e01ed8c33ba8248a7bf256ae6d33d1f91f95437665a86d48bb14e0b8,0,0,32,-0.3200000000000001,-0.11,2,30,20,11,30,14,1,2.0441129307570023,0.0,0,,random_actions,random_actions:panel_4:2:1144006:0
shared,shared,random_actions,2,30000,1,reference,panel_4,1144006,cef3b0e6e01ed8c33ba8248a7bf256ae6d33d1f91f95437665a86d48bb14e0b8,1,1,5,0.95,1.0784,2,3,0,4,5,3,0,0.07701800000000025,0.0,0,,random_actions,random_actions:panel_4:2:1144006:1
shared,shared,random_actions,2,30000,1,reference,panel_4,1144007,c99c27c6508440fe745c04090c5d7446f955251d71adcf74eda9fb8dbc888ee8,0,0,32,-0.3200000000000001,0.03960000000000018,15,17,11,7,31,9,1,1.9342641277120025,0.0,0,,random_actions,random_actions:panel_4:2:1144007:0
shared,shared,random_actions,2,30000,1,reference,panel_4,1144007,c99c27c6508440fe745c04090c5d7446f955251d71adcf74eda9fb8dbc888ee8,1,0,32,-0.3200000000000001,0.026400000000000187,10,22,14,9,27,9,1,1.842213745678263,0.0,0,,random_actions,random_actions:panel_4:2:1144007:1
shared,shared,random_actions,2,30000,1,reference,panel_4,1144008,f2705871fbf1dea8bcd7d84f1cdfcb4636c3478428b9224676242d40c1c6eff7,0,0,32,-0.3200000000000001,0.016400000000000164,6,26,16,11,27,10,1,1.8550463463714504,0.0,0,,random_actions,random_actions:panel_4:2:1144008:0
shared,shared,random_actions,2,30000,1,reference,panel_4,1144008,f2705871fbf1dea8bcd7d84f1cdfcb4636c3478428b9224676242d40c1c6eff7,1,0,32,-0.3200000000000001,0.002000000000000196,4,28,17,12,32,15,1,1.996347987322161,0.0,0,,random_actions,random_actions:panel_4:2:1144008:1
shared,shared,random_actions,2,30000,1,reference,panel_4,1144009,285056a6e18e4e6101bf33d3a2a8703b4bc4b4d0f83a958a2fd8129e891591af,0,0,32,-0.3200000000000001,0.17200000000000024,16,16,12,5,27,6,1,1.7289412447249548,0.0,0,,random_actions,random_actions:panel_4:2:1144009:0
shared,shared,random_actions,2,30000,1,reference,panel_4,1144009,285056a6e18e4e6101bf33d3a2a8703b4bc4b4d0f83a958a2fd8129e891591af,1,0,32,-0.3200000000000001,0.17320000000000024,14,18,13,6,26,7,1,1.7042949728241426,0.0,0,,random_actions,random_actions:panel_4:2:1144009:1
shared,shared,random_actions,2,30000,1,reference,panel_4,1144010,2f3373089c04468d4f150d406ce8ff3c626fcfca9264d0dca09823e15184b8c7,0,1,12,0.88,0.9852000000000001,2,10,3,8,12,6,0,0.38516146000000084,0.0,0,,random_actions,random_actions:panel_4:2:1144010:0
shared,shared,random_actions,2,30000,1,reference,panel_4,1144010,2f3373089c04468d4f150d406ce8ff3c626fcfca9264d0dca09823e15184b8c7,1,1,8,0.9199999999999999,1.0144,0,8,3,6,8,5,0,0.23228073000000038,0.0,0,,random_actions,random_actions:panel_4:2:1144010:1
shared,shared,random_actions,2,30000,1,reference,panel_4,1144011,a5f5fdcae205fb2431a590becbb14b75fea49e4ceeaaffbdde2dfc89ad0e9415,0,0,32,-0.3200000000000001,0.05000000000000024,7,25,18,8,27,10,1,1.8262756018064077,0.0,0,,random_actions,random_actions:panel_4:2:1144011:0
shared,shared,random_actions,2,30000,1,reference,panel_4,1144011,a5f5fdcae205fb2431a590becbb14b75fea49e4ceeaaffbdde2dfc89ad0e9415,1,1,21,0.7899999999999999,1.0388000000000002,5,16,9,8,21,10,0,0.6160638627710003,0.0,0,,random_actions,random_actions:panel_4:2:1144011:1
shared,shared,random_actions,2,30000,1,reference,panel_4,1144012,050ec9707a07980a93c542cf9f262d74c0fc6edf1bf0e7925970304a4daea65f,0,1,27,0.73,1.044,12,15,9,7,27,10,0,0.8005923287140001,0.0,0,,random_actions,random_actions:panel_4:2:1144012:0
shared,shared,random_actions,2,30000,1,reference,panel_4,1144012,050ec9707a07980a93c542cf9f262d74c0fc6edf1bf0e7925970304a4daea65f,1,0,32,-0.3200000000000001,0.042000000000000176,13,19,9,11,29,9,1,1.878089340867581,0.0,0,,random_actions,random_actions:panel_4:2:1144012:1
shared,shared,random_actions,2,30000,1,reference,panel_4,1144013,a5d83aab444fa9b3d92598149e23d196032b7bd2be4fe96fa97cf1fd17a45fad,0,0,32,-0.3200000000000001,0.11560000000000013,16,16,10,7,28,6,1,1.788744878503349,0.0,0,,random_actions,random_actions:panel_4:2:1144013:0
shared,shared,random_actions,2,30000,1,reference,panel_4,1144013,a5d83aab444fa9b3d92598149e23d196032b7bd2be4fe96fa97cf1fd17a45fad,1,1,25,0.7499999999999999,1.1268,13,12,5,8,25,9,0,0.6640214514207687,0.0,0,,random_actions,random_actions:panel_4:2:1144013:1
shared,shared,random_actions,2,30000,1,reference,panel_4,1144014,c43df6d38fd522af6e201df48aa6d7b896979cdb2c36df6b969bbd4a1fec50f7,0,1,11,0.89,1.0448,4,7,3,5,11,5,0,0.2966936624000004,0.0,0,,random_actions,random_actions:panel_4:2:1144014:0
shared,shared,random_actions,2,30000,1,reference,panel_4,1144014,c43df6d38fd522af6e201df48aa6d7b896979cdb2c36df6b969bbd4a1fec50f7,1,1,31,0.69,0.9036000000000001,12,19,15,5,31,11,0,1.0564415743000026,0.0,0,,random_actions,random_actions:panel_4:2:1144014:1
shared,shared,random_actions,2,30000,1,reference,panel_4,1144015,a1c35e3eb0b9c4658f0ec0e2875605146411cc0216515096abe70c36b0ed4a2a,0,0,32,-0.3200000000000001,-0.12239999999999983,16,16,11,6,30,6,1,2.058461987200001,0.0,0,,random_actions,random_actions:panel_4:2:1144015:0
shared,shared,random_actions,2,30000,1,reference,panel_4,1144015,a1c35e3eb0b9c4658f0ec0e2875605146411cc0216515096abe70c36b0ed4a2a,1,1,26,0.74,0.8908,6,20,9,12,26,11,0,0.9128398062000019,0.0,0,,random_actions,random_actions:panel_4:2:1144015:1
shared,shared,random_actions,2,30000,1,reference,panel_4,1144016,436cf36b1c7f4722c3cf4c0f36a80fc5b0e4ef3c3fe418bb39ceca501f325ec8,0,1,13,0.87,1.0224,4,9,1,9,13,6,0,0.38064542620000086,0.0,0,,random_actions,random_actions:panel_4:2:1144016:0
shared,shared,random_actions,2,30000,1,reference,panel_4,1144016,436cf36b1c7f4722c3cf4c0f36a80fc5b0e4ef3c3fe418bb39ceca501f325ec8,1,1,28,0.72,0.9084000000000001,9,19,13,7,28,11,0,0.9582825700000023,0.0,0,,random_actions,random_actions:panel_4:2:1144016:1
shared,shared,random_actions,2,30000,1,reference,panel_4,1144017,ffeb6441b402313d2cd2dd62ea77e8a2d47d3ca700ebeb5beaf8c536eca757bb,0,0,32,-0.3200000000000001,-0.003999999999999809,12,20,10,11,28,8,1,1.8980328522223062,0.0,0,,random_actions,random_actions:panel_4:2:1144017:0
shared,shared,random_actions,2,30000,1,reference,panel_4,1144017,ffeb6441b402313d2cd2dd62ea77e8a2d47d3ca700ebeb5beaf8c536eca757bb,1,0,32,-0.3200000000000001,0.03560000000000024,9,23,14,10,28,9,1,1.8601201777270746,0.0,0,,random_actions,random_actions:panel_4:2:1144017:1
shared,shared,random_actions,2,30000,1,reference,panel_4,1144018,ff9abe159ba40740f952894c39b9cd276f45dd38c09463f02bbfdc7c9cc8050c,0,0,32,-0.3200000000000001,-0.10319999999999985,15,17,11,7,28,5,1,1.9870255187140011,0.0,0,,random_actions,random_actions:panel_4:2:1144018:0
shared,shared,random_actions,2,30000,1,reference,panel_4,1144018,ff9abe159ba40740f952894c39b9cd276f45dd38c09463f02bbfdc7c9cc8050c,1,1,30,0.7,0.8544,8,22,15,8,30,12,0,1.0726543000000026,0.0,0,,random_actions,random_actions:panel_4:2:1144018:1
shared,shared,random_actions,2,30000,1,reference,panel_4,1144019,6f88495357a88c94a0def8e431a78ba89d737b11793ce7a77f9d6c9f206cb2e7,0,1,8,0.9199999999999999,1.092,4,4,0,5,8,4,0,0.15880000000000027,0.0,0,,random_actions,random_actions:panel_4:2:1144019:0
shared,shared,random_actions,2,30000,1,reference,panel_4,1144019,6f88495357a88c94a0def8e431a78ba89d737b11793ce7a77f9d6c9f206cb2e7,1,1,19,0.8099999999999999,1.0408000000000002,3,16,9,8,19,10,0,0.5514429496140012,0.0,0,,random_actions,random_actions:panel_4:2:1144019:1
shared,shared,random_actions,2,30000,1,reference,panel_4,1144020,07dfe2c9c41878457784c108e3155a1525f0f428bde4c02f563309e50f35dfcb,0,1,27,0.73,0.8940000000000001,5,22,12,11,27,12,0,0.9410900086000018,0.0,0,,random_actions,random_actions:panel_4:2:1144020:0
shared,shared,random_actions,2,30000,1,reference,panel_4,1144020,07dfe2c9c41878457784c108e3155a1525f0f428bde4c02f563309e50f35dfcb,1,0,32,-0.3200000000000001,-0.12959999999999988,9,23,15,9,29,10,1,2.0393395867000024,0.0,0,,random_actions,random_actions:panel_4:2:1144020:1
shared,shared,random_actions,2,30000,1,reference,panel_4,1144021,5284392b2c5e4fed5976d628772aab13000dbc395761580cb05a5a564e762c75,0,0,32,-0.3200000000000001,-0.0439999999999999,4,28,15,14,30,13,1,1.9850837389411038,0.0,0,,random_actions,random_actions:panel_4:2:1144021:0
shared,shared,random_actions,2,30000,1,reference,panel_4,1144021,5284392b2c5e4fed5976d628772aab13000dbc395761580cb05a5a564e762c75,1,0,32,-0.3200000000000001,-0.08359999999999994,7,25,16,10,31,12,1,2.047828401000002,0.0,0,,random_actions,random_actions:panel_4:2:1144021:1
shared,shared,random_actions,2,30000,1,reference,panel_4,1144022,bc09a76df16201a0a8405bcf6fb8a216e1acc1c7461d1d99f26c1be5da54e7e0,0,0,32,-0.3200000000000001,0.09400000000000011,5,27,17,11,30,14,1,1.8596117272526107,0.0,0,,random_actions,random_actions:panel_4:2:1144022:0
shared,shared,random_actions,2,30000,1,reference,panel_4,1144022,bc09a76df16201a0a8405bcf6fb8a216e1acc1c7461d1d99f26c1be5da54e7e0,1,1,15,0.85,1.1524,9,6,0,7,15,6,0,0.3252495804342901,0.0,0,,random_actions,random_actions:panel_4:2:1144022:1
shared,shared,random_actions,2,30000,1,reference,panel_4,1144023,963692b935009ffb4637fd1304dfc19ca2a227af15fce8b1ff9995bda0abe08a,0,0,32,-0.3200000000000001,0.024400000000000283,13,19,12,8,26,5,1,1.8264588790042044,0.0,0,,random_actions,random_actions:panel_4:2:1144023:0
shared,shared,random_actions,2,30000,1,reference,panel_4,1144023,963692b935009ffb4637fd1304dfc19ca2a227af15fce8b1ff9995bda0abe08a,1,1,18,0.82,0.9976,11,7,3,5,18,5,0,0.5604099243000011,0.0,0,,random_actions,random_actions:panel_4:2:1144023:1
shared,shared,random_actions,2,30000,1,reference,panel_4,1144024,b2433120f4411db43ff4c0248c3359ded17783b66e9a285d6c21a3f747209ae3,0,0,32,-0.3200000000000001,-0.03159999999999985,12,20,11,10,28,9,1,1.9280769812570022,0.0,0,,random_actions,random_actions:panel_4:2:1144024:0
shared,shared,random_actions,2,30000,1,reference,panel_4,1144024,b2433120f4411db43ff4c0248c3359ded17783b66e9a285d6c21a3f747209ae3,1,0,32,-0.3200000000000001,-0.006399999999999878,12,20,11,10,27,6,1,1.878354203782581,0.0,0,,random_actions,random_actions:panel_4:2:1144024:1
shared,shared,random_actions,2,30000,1,reference,panel_4,1144025,64138edb9781e6b0a61be4750dd0d62c9ce727dd66c1929d7a52d5452de3caca,0,0,32,-0.3200000000000001,-0.060799999999999924,11,21,12,10,31,10,1,2.0268740303700024,0.0,0,,random_actions,random_actions:panel_4:2:1144025:0
shared,shared,random_actions,2,30000,1,reference,panel_4,1144025,64138edb9781e6b0a61be4750dd0d62c9ce727dd66c1929d7a52d5452de3caca,1,0,32,-0.3200000000000001,-0.1052,8,24,16,9,30,12,1,2.0404380681000025,0.0,0,,random_actions,random_actions:panel_4:2:1144025:1
shared,shared,random_actions,2,30000,1,reference,panel_4,1144026,2de20f160f1d64aa1d806e0e1c6c48b46aa81b8898837e7b7b87f343eee051e4,0,1,18,0.82,1.0992000000000002,7,11,4,8,18,8,0,0.46698730036858027,0.0,0,,random_actions,random_actions:panel_4:2:1144026:0
shared,shared,random_actions,2,30000,1,reference,panel_4,1144026,2de20f160f1d64aa1d806e0e1c6c48b46aa81b8898837e7b7b87f343eee051e4,1,0,32,-0.3200000000000001,0.03000000000000011,7,25,18,8,29,11,1,1.892523861882581,0.0,0,,random_actions,random_actions:panel_4:2:1144026:1
shared,shared,random_actions,2,30000,1,reference,panel_4,1144027,a2304e5fd8ed8d57c939a2a62bc103bacf6112960c4f8abfbabdd1f291a1faa2,0,1,19,0.8099999999999999,1.1084,8,11,4,8,19,8,0,0.49013670055745084,0.0,0,,random_actions,random_actions:panel_4:2:1144027:0
shared,shared,random_actions,2,30000,1,reference,panel_4,1144027,a2304e5fd8ed8d57c939a2a62bc103bacf6112960c4f8abfbabdd1f291a1faa2,1,0,32,-0.3200000000000001,-0.007199999999999873,12,20,11,10,29,10,1,1.9272794686000019,0.0,0,,random_actions,random_actions:panel_4:2:1144027:1
shared,shared,random_actions,2,30000,1,reference,panel_4,1144028,abbb734666e3ce27b4049388168913ecf01f1ac70019c81815b99aef19a4f38a,0,1,11,0.89,0.9636,2,9,2,8,11,5,0,0.3759875443000006,0.0,0,,random_actions,random_actions:panel_4:2:1144028:0
shared,shared,random_actions,2,30000,1,reference,panel_4,1144028,abbb734666e3ce27b4049388168913ecf01f1ac70019c81815b99aef19a4f38a,1,1,1,0.99,1.03,0,1,0,2,1,1,0,0.0,0.0,0,,random_actions,random_actions:panel_4:2:1144028:1
shared,shared,random_actions,2,30000,1,reference,panel_4,1144029,ce489ee1f257eab3c89f155e22df181d390573f44072e3bdb8d8e11a9467fdc2,0,1,1,0.99,1.03,0,1,0,2,1,1,0,0.0,0.0,0,,random_actions,random_actions:panel_4:2:1144029:0
shared,shared,random_actions,2,30000,1,reference,panel_4,1144029,ce489ee1f257eab3c89f155e22df181d390573f44072e3bdb8d8e11a9467fdc2,1,0,32,-0.3200000000000001,-0.13359999999999989,14,18,11,8,30,7,1,2.0714301946700022,0.0,0,,random_actions,random_actions:panel_4:2:1144029:1
shared,shared,random_actions,2,30000,1,reference,panel_4,1144030,efe610675f0215f0b7642ffb5eaea4d53ac7fab0c3924b3f583e2b49e5255970,0,0,32,-0.3200000000000001,-0.04999999999999989,10,22,10,13,30,11,1,1.9891004796555525,0.0,0,,random_actions,random_actions:panel_4:2:1144030:0
shared,shared,random_actions,2,30000,1,reference,panel_4,1144030,efe610675f0215f0b7642ffb5eaea4d53ac7fab0c3924b3f583e2b49e5255970,1,0,32,-0.3200000000000001,-0.053599999999999856,2,30,22,9,29,13,1,1.9671997518192912,0.0,0,,random_actions,random_actions:panel_4:2:1144030:1
shared,shared,random_actions,2,30000,1,reference,panel_4,1144031,19a111c1fd002471215338a35e49222bd8dc135d5d64473701867268fa030e7e,0,0,32,-0.3200000000000001,0.15320000000000006,12,20,10,11,27,9,1,1.7389367529526103,0.0,0,,random_actions,random_actions:panel_4:2:1144031:0
shared,shared,random_actions,2,30000,1,reference,panel_4,1144031,19a111c1fd002471215338a35e49222bd8dc135d5d64473701867268fa030e7e,1,0,32,-0.3200000000000001,0.18320000000000017,11,21,13,9,27,10,1,1.7196869715682044,0.0,0,,random_actions,random_actions:panel_4:2:1144031:1
shared,shared,random_actions,2,30000,1,reference,panel_4,1144032,8ed762b63701fb08738f8c3735797ced6b0a50592f000fecb8cad5d21996b9d7,0,0,32,-0.3200000000000001,0.13120000000000018,10,22,14,9,30,11,1,1.8290396294155788,0.0,0,,random_actions,random_actions:panel_4:2:1144032:0
shared,shared,random_actions,2,30000,1,reference,panel_4,1144032,8ed762b63701fb08738f8c3735797ced6b0a50592f000fecb8cad5d21996b9d7,1,0,32,-0.3200000000000001,0.11680000000000008,16,16,10,7,28,7,1,1.7950701723728997,0.0,0,,random_actions,random_actions:panel_4:2:1144032:1
shared,shared,random_actions,2,30000,1,reference,panel_4,1144033,91971756b43d70d26277693e68b7b3e2e0683fb00b5fdf0557715d0bb2f5f05f,0,0,32,-0.3200000000000001,-0.10559999999999997,10,22,14,9,29,9,1,2.022867694862292,0.0,0,,random_actions,random_actions:panel_4:2:1144033:0
shared,shared,random_actions,2,30000,1,reference,panel_4,1144033,91971756b43d70d26277693e68b7b3e2e0683fb00b5fdf0557715d0bb2f5f05f,1,1,4,0.96,1.0448,0,4,2,3,4,3,0,0.07820900000000008,0.0,0,,random_actions,random_actions:panel_4:2:1144033:1
shared,shared,random_actions,2,30000,1,reference,panel_4,1144034,9e65c8324b969fe97581888035b30559b8acf98a5754656fdc7076068db37d24,0,0,32,-0.3200000000000001,0.019200000000000113,2,30,19,12,30,15,1,1.9242502902395815,0.0,0,,random_actions,random_actions:panel_4:2:1144034:0
shared,shared,random_actions,2,30000,1,reference,panel_4,1144034,9e65c8324b969fe97581888035b30559b8acf98a5754656fdc7076068db37d24,1,0,32,-0.3200000000000001,0.0372000000000001,14,18,10,9,30,9,1,1.9088240950917692,0.0,0,,random_actions,random_actions:panel_4:2:1144034:1
shared,shared,random_actions,2,30000,1,reference,panel_4,1144035,b56b65d9414add1f3abcd417f74b02ef15d6c0ed68af6bec93ec1f3dfc377106,0,0,32,-0.3200000000000001,-0.12039999999999978,12,20,12,9,28,7,1,2.0084811053574505,0.0,0,,random_actions,random_actions:panel_4:2:1144035:0
shared,shared,random_actions,2,30000,1,reference,panel_4,1144035,b56b65d9414add1f3abcd417f74b02ef15d6c0ed68af6bec93ec1f3dfc377106,1,1,12,0.88,0.9488,1,11,3,9,12,6,0,0.4214303081000008,0.0,0,,random_actions,random_actions:panel_4:2:1144035:1
shared,shared,random_actions,2,30000,1,reference,panel_4,1144036,37576a8bca419f0d655a4d7f397b8e59321013882328a6d92045f99756186735,0,1,24,0.7599999999999999,1.0636,2,22,11,12,24,14,0,0.6910647681000014,0.0,0,,random_actions,random_actions:panel_4:2:1144036:0
shared,shared,random_actions,2,30000,1,reference,panel_4,1144036,37576a8bca419f0d655a4d7f397b8e59321013882328a6d92045f99756186735,1,0,32,-0.3200000000000001,0.14320000000000013,13,19,13,7,28,8,1,1.769790724438828,0.0,0,,random_actions,random_actions:panel_4:2:1144036:1
shared,shared,random_actions,2,30000,1,reference,panel_4,1144037,3d1eb1497436d9d7ca3c5c8aa2a3adf4f9b6263540da2ebc1da43fb1488a12cf,0,1,12,0.88,1.0372000000000001,3,9,2,8,12,6,0,0.3352026624000005,0.0,0,,random_actions,random_actions:panel_4:2:1144037:0
shared,shared,random_actions,2,30000,1,reference,panel_4,1144037,3d1eb1497436d9d7ca3c5c8aa2a3adf4f9b6263540da2ebc1da43fb1488a12cf,1,1,20,0.7999999999999999,0.9896,9,11,5,7,20,7,0,0.6307053248000007,0.0,0,,random_actions,random_actions:panel_4:2:1144037:1
shared,shared,random_actions,2,30000,1,reference,panel_4,1144038,c19600c8ef99593bdc75d3086f65e4667bbff3bd2843ef606eccf04561504fe0,0,0,32,-0.3200000000000001,-0.030799999999999883,12,20,12,9,30,9,1,1.972793529152611,0.0,0,,random_actions,random_actions:panel_4:2:1144038:0
shared,shared,random_actions,2,30000,1,reference,panel_4,1144038,c19600c8ef99593bdc75d3086f65e4667bbff3bd2843ef606eccf04561504fe0,1,1,12,0.88,1.0216,5,7,2,6,12,5,0,0.35015400000000074,0.0,0,,random_actions,random_actions:panel_4:2:1144038:1
shared,shared,random_actions,2,30000,1,reference,panel_4,1144039,476eac3fd0128cc4f9b488a8ac82f27937f5e5939392203260a892a45f8268f9,0,1,6,0.94,1.0284,2,4,0,5,6,3,0,0.15641800000000028,0.0,0,,random_actions,random_actions:panel_4:2:1144039:0
shared,shared,random_actions,2,30000,1,reference,panel_4,1144039,476eac3fd0128cc4f9b488a8ac82f27937f5e5939392203260a892a45f8268f9,1,1,2,0.98,1.0612,0,2,0,3,2,2,0,0.0,0.0,0,,random_actions,random_actions:panel_4:2:1144039:1
shared,shared,random_actions,2,30000,1,reference,panel_4,1144040,0faf1bc14f7c964fd81e69458fc947c296b71fde7206f88977173932b2551b7b,0,0,32,-0.3200000000000001,0.2252000000000002,14,18,13,6,27,8,1,1.6766528439381512,0.0,0,,random_actions,random_actions:panel_4:2:1144040:0
shared,shared,random_actions,2,30000,1,reference,panel_4,1144040,0faf1bc14f7c964fd81e69458fc947c296b71fde7206f88977173932b2551b7b,1,0,32,-0.3200000000000001,0.19880000000000014,2,30,22,9,26,12,1,1.6751942628599426,0.0,0,,random_actions,random_actions:panel_4:2:1144040:1
shared,shared,random_actions,2,30000,1,reference,panel_4,1144042,0d2e3bdd7a48d60646a552baeec72358c914128fae048ee0bda7f2cc375f1396,0,0,32,-0.3200000000000001,0.009200000000000125,11,21,14,8,28,9,1,1.8851666906043203,0.0,0,,random_actions,random_actions:panel_4:2:1144042:0
shared,shared,random_actions,2,30000,1,reference,panel_4,1144042,0d2e3bdd7a48d60646a552baeec72358c914128fae048ee0bda7f2cc375f1396,1,1,25,0.7499999999999999,0.9988000000000001,5,20,11,10,25,12,0,0.7795175213850012,0.0,0,,random_actions,random_actions:panel_4:2:1144042:1
shared,shared,random_actions,2,30000,1,reference,panel_4,1144043,a986e6d01d674efee8667952cb42bb5d4ae2bfac095bef4defb0264d8c8224a1,0,1,4,0.96,1.0872,1,3,0,4,4,3,0,0.037353730000000085,0.0,0,,random_actions,random_actions:panel_4:2:1144043:0
shared,shared,random_actions,2,30000,1,reference,panel_4,1144043,a986e6d01d674efee8667952cb42bb5d4ae2bfac095bef4defb0264d8c8224a1,1,1,7,0.9299999999999999,1.0656,2,5,2,4,7,4,0,0.15172546000000042,0.0,0,,random_actions,random_actions:panel_4:2:1144043:1
shared,shared,random_actions,2,30000,1,reference,panel_4,1144044,8c124299400a793d29e39f3ba58f049cd6edb8ca56b56d76cae33f8a934d91be,0,0,32,-0.3200000000000001,0.017600000000000116,22,10,7,4,27,3,1,1.8528397494791613,0.0,0,,random_actions,random_actions:panel_4:2:1144044:0
shared,shared,random_actions,2,30000,1,reference,panel_4,1144044,8c124299400a793d29e39f3ba58f049cd6edb8ca56b56d76cae33f8a934d91be,1,0,32,-0.3200000000000001,0.021200000000000108,20,12,9,4,28,4,1,1.8783421329410295,0.0,0,,random_actions,random_actions:panel_4:2:1144044:1
shared,shared,random_actions,2,30000,1,reference,panel_4,1144045,7ce9e9d22986c46106a5d51c630faf2ebb4a41ee57a8d668bf3f0bd9a66be279,0,1,18,0.82,0.9904000000000001,5,13,7,7,18,8,0,0.5674130043000011,0.0,0,,random_actions,random_actions:panel_4:2:1144045:0
shared,shared,random_actions,2,30000,1,reference,panel_4,1144045,7ce9e9d22986c46106a5d51c630faf2ebb4a41ee57a8d668bf3f0bd9a66be279,1,0,32,-0.3200000000000001,-0.0907999999999999,10,22,11,12,29,10,1,2.0009009748000017,0.0,0,,random_actions,random_actions:panel_4:2:1144045:1
shared,shared,random_actions,2,30000,1,reference,panel_4,1144046,e3d21af2ce1efda98455a3d889b6c016bd79f0fbb842d6171ba23eff3d74cb8e,0,1,18,0.82,1.0628,4,14,4,11,18,9,0,0.5000867871275515,0.0,0,,random_actions,random_actions:panel_4:2:1144046:0
shared,shared,random_actions,2,30000,1,reference,panel_4,1144046,e3d21af2ce1efda98455a3d889b6c016bd79f0fbb842d6171ba23eff3d74cb8e,1,0,32,-0.3200000000000001,0.07520000000000038,6,26,19,8,28,11,1,1.8374576754437233,0.0,0,,random_actions,random_actions:panel_4:2:1144046:1
shared,shared,random_actions,2,30000,1,reference,panel_4,1144047,f0b699da0ea394e48db1a8708d7aab67dcf7c72a0a9058adba642ccf39496f87,0,1,4,0.96,1.006,1,3,1,3,4,2,0,0.11671800000000021,0.0,0,,random_actions,random_actions:panel_4:2:1144047:0
shared,shared,random_actions,2,30000,1,reference,panel_4,1144047,f0b699da0ea394e48db1a8708d7aab67dcf7c72a0a9058adba642ccf39496f87,1,1,5,0.95,0.9972000000000001,0,5,2,4,5,3,0,0.15641800000000017,0.0,0,,random_actions,random_actions:panel_4:2:1144047:1
shared,shared,random_actions,2,30000,1,reference,panel_4,1144048,1a1b3ff4cf96161cc75969099c22cff868c4747e605b7a719c77593c56a7970e,0,1,15,0.85,1.0832000000000002,3,12,4,9,15,8,0,0.38677142770915995,0.0,0,,random_actions,random_actions:panel_4:2:1144048:0
shared,shared,random_actions,2,30000,1,reference,panel_4,1144048,1a1b3ff4cf96161cc75969099c22cff868c4747e605b7a719c77593c56a7970e,1,0,32,-0.3200000000000001,0.0056000000000001465,11,21,12,10,31,11,1,1.9646490052893204,0.0,0,,random_actions,random_actions:panel_4:2:1144048:1
shared,shared,random_actions,2,30000,1,reference,panel_4,1144049,5ede5b45870c7d04b7ae6f525dc5061de6c6aabb64f00284fb9ca4525d5a0f43,0,1,24,0.7599999999999999,1.0232,6,18,9,10,24,11,0,0.7250994630255811,0.0,0,,random_actions,random_actions:panel_4:2:1144049:0
shared,shared,random_actions,2,30000,1,reference,panel_4,1144049,5ede5b45870c7d04b7ae6f525dc5061de6c6aabb64f00284fb9ca4525d5a0f43,1,0,32,-0.3200000000000001,0.004400000000000126,8,24,15,10,28,10,1,1.9000890636560013,0.0,0,,random_actions,random_actions:panel_4:2:1144049:1
shared,shared,random_actions,2,30000,1,reference,panel_4,1144050,f2e82619e657fdb3a24b3d10aefc4e63bcd8ca137f4fbfd3139b1cc54e465e33,0,0,32,-0.3200000000000001,-0.12359999999999989,8,24,15,10,31,12,1,2.085424802014002,0.0,0,,random_actions,random_actions:panel_4:2:1144050:0
shared,shared,random_actions,2,30000,1,reference,panel_4,1144050,f2e82619e657fdb3a24b3d10aefc4e63bcd8ca137f4fbfd3139b1cc54e465e33,1,0,32,-0.3200000000000001,-0.11159999999999988,9,23,15,9,30,10,1,2.046235103785002,0.0,0,,random_actions,random_actions:panel_4:2:1144050:1
shared,shared,random_actions,2,30000,1,reference,panel_4,1144051,d49302643b4482280dbf187e407f61c8e76d9e83d31fb2e25b6ddf110ca47c53,0,0,32,-0.3200000000000001,0.0432000000000001,7,25,15,11,29,12,1,1.8803652227675807,0.0,0,,random_actions,random_actions:panel_4:2:1144051:0
shared,shared,random_actions,2,30000,1,reference,panel_4,1144051,d49302643b4482280dbf187e407f61c8e76d9e83d31fb2e25b6ddf110ca47c53,1,0,32,-0.3200000000000001,0.04800000000000014,3,29,21,9,29,13,1,1.87377296795116,0.0,0,,random_actions,random_actions:panel_4:2:1144051:1
shared,shared,random_actions,2,30000,1,reference,panel_4,1144052,d5046c4c72bfae42c84fa126bec349b036cccd4ab36b3adf6643275532326787,0,1,6,0.94,1.198,0,6,0,7,6,6,0,0.0,0.0,0,,random_actions,random_actions:panel_4:2:1144052:0
shared,shared,random_actions,2,30000,1,reference,panel_4,1144052,d5046c4c72bfae42c84fa126bec349b036cccd4ab36b3adf6643275532326787,1,1,14,0.86,1.1492,4,10,0,11,14,8,0,0.29679555721400075,0.0,0,,random_actions,random_actions:panel_4:2:1144052:1
shared,shared,random_actions,2,30000,1,reference,panel_4,1144053,fcd7a6ff4f1beae6272f0adb070535e99be2d5febca976f2fdc6316b3a7746e6,0,1,22,0.7799999999999999,0.9080000000000001,18,4,1,4,22,3,0,0.7713710000000024,0.0,0,,random_actions,random_actions:panel_4:2:1144053:0
shared,shared,random_actions,2,30000,1,reference,panel_4,1144053,fcd7a6ff4f1beae6272f0adb070535e99be2d5febca976f2fdc6316b3a7746e6,1,1,20,0.7999999999999999,0.9232,16,4,2,3,20,3,0,0.6943530000000021,0.0,0,,random_actions,random_actions:panel_4:2:1144053:1
shared,shared,random_actions,2,30000,1,reference,panel_4,1144054,1512af988695ea17722e7db351071e0d390d50661758b9d766d8eaadc512423c,0,1,4,0.96,1.0472000000000001,0,4,1,4,4,3,0,0.07586273000000021,0.0,0,,random_actions,random_actions:panel_4:2:1144054:0
shared,shared,random_actions,2,30000,1,reference,panel_4,1144054,1512af988695ea17722e7db351071e0d390d50661758b9d766d8eaadc512423c,1,1,27,0.73,0.9132000000000001,7,20,10,11,27,11,0,0.9227768353000014,0.0,0,,random_actions,random_actions:panel_4:2:1144054:1
shared,shared,random_actions,2,30000,1,reference,panel_4,1144055,5b4c9c792da83c1ebdfa3eb0f73fddea92d967fef84df8b04675a1fcc736485a,0,0,32,-0.3200000000000001,-0.07879999999999988,6,26,18,9,27,9,1,1.935847376954582,0.0,0,,random_actions,random_actions:panel_4:2:1144055:0
shared,shared,random_actions,2,30000,1,reference,panel_4,1144055,5b4c9c792da83c1ebdfa3eb0f73fddea92d967fef84df8b04675a1fcc736485a,1,1,4,0.96,1.086,1,3,0,4,4,3,0,0.038509000000000126,0.0,0,,random_actions,random_actions:panel_4:2:1144055:1
shared,shared,random_actions,2,30000,1,reference,panel_4,1144056,3ed602a3a2b0bc96afadc49d788f6b68ab56e0477531a0c6b69bf20c95014af2,0,1,8,0.9199999999999999,0.9696,5,3,1,3,8,2,0,0.2767090000000004,0.0,0,,random_actions,random_actions:panel_4:2:1144056:0
shared,shared,random_actions,2,30000,1,reference,panel_4,1144056,3ed602a3a2b0bc96afadc49d788f6b68ab56e0477531a0c6b69bf20c95014af2,1,1,1,0.99,1.03,0,1,0,2,1,1,0,0.0,0.0,0,,random_actions,random_actions:panel_4:2:1144056:1
shared,shared,random_actions,2,30000,1,reference,panel_4,1144057,2b6e1b89c90ca61b0ccb917f639198ef5b86ac5c1e674e4044f99ff9d5e6e1fa,0,1,1,0.99,1.03,0,1,0,2,1,1,0,0.0,0.0,0,,random_actions,random_actions:panel_4:2:1144057:0
shared,shared,random_actions,2,30000,1,reference,panel_4,1144057,2b6e1b89c90ca61b0ccb917f639198ef5b86ac5c1e674e4044f99ff9d5e6e1fa,1,1,18,0.82,0.8936,5,13,6,8,18,7,0,0.6618704600000012,0.0,0,,random_actions,random_actions:panel_4:2:1144057:1
shared,shared,random_actions,2,30000,1,reference,panel_4,1144058,0429b833ba2f9bfcd9f147aa24df2d520a50f5e6830c29930cda749d0af6ce58,0,1,1,0.99,1.03,0,1,0,2,1,1,0,0.0,0.0,0,,random_actions,random_actions:panel_4:2:1144058:0
shared,shared,random_actions,2,30000,1,reference,panel_4,1144058,0429b833ba2f9bfcd9f147aa24df2d520a50f5e6830c29930cda749d0af6ce58,1,1,5,0.95,0.9984000000000001,2,3,1,3,5,2,0,0.15522700000000034,0.0,0,,random_actions,random_actions:panel_4:2:1144058:1
shared,shared,random_actions,2,30000,1,reference,panel_4,1144059,7b3b3d4c843c81c8cf993592b379a3151c4da4274a10d34dcf10f4823e23af08,0,0,32,-0.3200000000000001,-0.04279999999999984,18,14,7,8,27,4,1,1.9121380861332922,0.0,0,,random_actions,random_actions:panel_4:2:1144059:0
shared,shared,random_actions,2,30000,1,reference,panel_4,1144059,7b3b3d4c843c81c8cf993592b379a3151c4da4274a10d34dcf10f4823e23af08,1,1,13,0.87,1.0308000000000002,2,11,5,7,13,7,0,0.3724860043000009,0.0,0,,random_actions,random_actions:panel_4:2:1144059:1
shared,shared,random_actions,2,30000,1,reference,panel_4,1144060,30f29b49500e23b25a053094bfac684f8fbd047db6e73ffabefe4acb69aec022,0,0,32,-0.3200000000000001,0.05800000000000009,5,27,15,13,30,14,1,1.8928064384661614,0.0,0,,random_actions,random_actions:panel_4:2:1144060:0
shared,shared,random_actions,2,30000,1,reference,panel_4,1144060,30f29b49500e23b25a053094bfac684f8fbd047db6e73ffabefe4acb69aec022,1,1,15,0.85,1.1344,1,14,3,12,15,10,0,0.34223520082029046,0.0,0,,random_actions,random_actions:panel_4:2:1144060:1
shared,shared,random_actions,2,30000,1,reference,panel_4,1144061,e2710e60909f17f16727618bb4b20d6308039e7b6ef2e286d3dbb66b9e1b7db1,0,0,32,-0.3200000000000001,-0.10399999999999997,7,25,16,10,30,12,1,2.0393878443000024,0.0,0,,random_actions,random_actions:panel_4:2:1144061:0
shared,shared,random_actions,2,30000,1,reference,panel_4,1144061,e2710e60909f17f16727618bb4b20d6308039e7b6ef2e286d3dbb66b9e1b7db1,1,1,20,0.7999999999999999,0.9764,5,15,4,12,20,9,0,0.6431706881000016,0.0,0,,random_actions,random_actions:panel_4:2:1144061:1
shared,shared,random_actions,2,30000,1,reference,panel_4,1144062,4d36fe9c78691208bd41aae8c1e9948ce18121558f767c001f56c61868e0324b,0,1,19,0.8099999999999999,0.9768000000000001,8,11,5,7,19,7,0,0.6116647681000015,0.0,0,,random_actions,random_actions:panel_4:2:1144062:0
shared,shared,random_actions,2,30000,1,reference,panel_4,1144062,4d36fe9c78691208bd41aae8c1e9948ce18121558f767c001f56c61868e0324b,1,0,32,-0.3200000000000001,-0.10039999999999995,9,23,14,10,29,10,1,2.008744186200002,0.0,0,,random_actions,random_actions:panel_4:2:1144062:1
shared,shared,random_actions,2,30000,1,reference,panel_4,1144063,ad1a33ae5b627324c093ef8a5e064d5d2368c1c2058ce90b8e0ba93cbad374da,0,1,25,0.7499999999999999,1.0724,12,13,7,7,25,9,0,0.7118895603675812,0.0,0,,random_actions,random_actions:panel_4:2:1144063:0
shared,shared,random_actions,2,30000,1,reference,panel_4,1144063,ad1a33ae5b627324c093ef8a5e064d5d2368c1c2058ce90b8e0ba93cbad374da,1,0,32,-0.3200000000000001,0.13320000000000023,28,4,2,3,26,1,1,1.7350710985459719,0.0,0,,random_actions,random_actions:panel_4:2:1144063:1
shared,shared,random_actions,2,30000,1,reference,panel_4,1144064,8084d276a7a52b8660e74d5639c781e56809db6ec7775db6f9243c5c1a9ed8d7,0,0,32,-0.3200000000000001,-0.21279999999999993,14,18,14,5,31,8,1,2.1721517300000026,0.0,0,,random_actions,random_actions:panel_4:2:1144064:0
shared,shared,random_actions,2,30000,1,reference,panel_4,1144064,8084d276a7a52b8660e74d5639c781e56809db6ec7775db6f9243c5c1a9ed8d7,1,1,22,0.7799999999999999,0.8728,3,19,9,11,22,10,0,0.8066978862000013,0.0,0,,random_actions,random_actions:panel_4:2:1144064:1
shared,shared,shortest_path,0,30000,1,reference,panel_4,1144000,f5d9058c815dfb27547c4657a4005e6cc52a18a2a3e5f8bb80e9b1259293994e,0,1,5,0.95,1.162,0,5,0,6,5,5,0,0.0,0.0,0,,shortest_path,shortest_path:panel_4:0:1144000:0
shared,shared,shortest_path,0,30000,1,reference,panel_4,1144001,6a524372ee99f13ae3269fe3ba97781ec106411aa23a3cdfdb932b80777e777c,0,1,6,0.94,1.198,0,6,0,7,6,6,0,0.0,0.0,0,,shortest_path,shortest_path:panel_4:0:1144001:0
shared,shared,shortest_path,0,30000,1,reference,panel_4,1144002,1d49530125be0a25f1146e4c3a737ae0b2ec3ecc27adcfb8d0bf2cdd276f830e,0,1,5,0.95,1.162,0,5,0,6,5,5,0,0.0,0.0,0,,shortest_path,shortest_path:panel_4:0:1144002:0
shared,shared,shortest_path,0,30000,1,reference,panel_4,1144003,3f2ca21e4286b08a999eec79200d6f34147c714bf995d0aee6b341031196efa6,0,1,1,0.99,1.03,0,1,0,2,1,1,0,0.0,0.0,0,,shortest_path,shortest_path:panel_4:0:1144003:0
shared,shared,shortest_path,0,30000,1,reference,panel_4,1144004,01d8ad6b94b97cca8cfc617fe15531f1fc6354913743af9d25fd1b3934bd85b0,0,1,4,0.96,1.1272,0,4,0,5,4,4,0,0.0,0.0,0,,shortest_path,shortest_path:panel_4:0:1144004:0
shared,shared,shortest_path,0,30000,1,reference,panel_4,1144005,55052b859f916b8cc55e67382bf0eed823535cbbc4c63320d990167fd5b1796f,0,1,3,0.97,1.0936,0,3,0,4,3,3,0,0.0,0.0,0,,shortest_path,shortest_path:panel_4:0:1144005:0
shared,shared,shortest_path,0,30000,1,reference,panel_4,1144006,cef3b0e6e01ed8c33ba8248a7bf256ae6d33d1f91f95437665a86d48bb14e0b8,0,1,3,0.97,1.0936,0,3,0,4,3,3,0,0.0,0.0,0,,shortest_path,shortest_path:panel_4:0:1144006:0
shared,shared,shortest_path,0,30000,1,reference,panel_4,1144007,c99c27c6508440fe745c04090c5d7446f955251d71adcf74eda9fb8dbc888ee8,0,1,5,0.95,1.162,0,5,0,6,5,5,0,0.0,0.0,0,,shortest_path,shortest_path:panel_4:0:1144007:0
shared,shared,shortest_path,0,30000,1,reference,panel_4,1144008,f2705871fbf1dea8bcd7d84f1cdfcb4636c3478428b9224676242d40c1c6eff7,0,1,4,0.96,1.1272,0,4,0,5,4,4,0,0.0,0.0,0,,shortest_path,shortest_path:panel_4:0:1144008:0
shared,shared,shortest_path,0,30000,1,reference,panel_4,1144009,285056a6e18e4e6101bf33d3a2a8703b4bc4b4d0f83a958a2fd8129e891591af,0,1,6,0.94,1.198,0,6,0,7,6,6,0,0.0,0.0,0,,shortest_path,shortest_path:panel_4:0:1144009:0
shared,shared,shortest_path,0,30000,1,reference,panel_4,1144010,2f3373089c04468d4f150d406ce8ff3c626fcfca9264d0dca09823e15184b8c7,0,1,2,0.98,1.0612,0,2,0,3,2,2,0,0.0,0.0,0,,shortest_path,shortest_path:panel_4:0:1144010:0
shared,shared,shortest_path,0,30000,1,reference,panel_4,1144011,a5f5fdcae205fb2431a590becbb14b75fea49e4ceeaaffbdde2dfc89ad0e9415,0,1,4,0.96,1.1272,0,4,0,5,4,4,0,0.0,0.0,0,,shortest_path,shortest_path:panel_4:0:1144011:0
shared,shared,shortest_path,0,30000,1,reference,panel_4,1144012,050ec9707a07980a93c542cf9f262d74c0fc6edf1bf0e7925970304a4daea65f,0,1,5,0.95,1.162,0,5,0,6,5,5,0,0.0,0.0,0,,shortest_path,shortest_path:panel_4:0:1144012:0
shared,shared,shortest_path,0,30000,1,reference,panel_4,1144013,a5d83aab444fa9b3d92598149e23d196032b7bd2be4fe96fa97cf1fd17a45fad,0,1,6,0.94,1.198,0,6,0,7,6,6,0,0.0,0.0,0,,shortest_path,shortest_path:panel_4:0:1144013:0
shared,shared,shortest_path,0,30000,1,reference,panel_4,1144014,c43df6d38fd522af6e201df48aa6d7b896979cdb2c36df6b969bbd4a1fec50f7,0,1,3,0.97,1.0936,0,3,0,4,3,3,0,0.0,0.0,0,,shortest_path,shortest_path:panel_4:0:1144014:0
shared,shared,shortest_path,0,30000,1,reference,panel_4,1144015,a1c35e3eb0b9c4658f0ec0e2875605146411cc0216515096abe70c36b0ed4a2a,0,1,2,0.98,1.0612,0,2,0,3,2,2,0,0.0,0.0,0,,shortest_path,shortest_path:panel_4:0:1144015:0
shared,shared,shortest_path,0,30000,1,reference,panel_4,1144016,436cf36b1c7f4722c3cf4c0f36a80fc5b0e4ef3c3fe418bb39ceca501f325ec8,0,1,3,0.97,1.0936,0,3,0,4,3,3,0,0.0,0.0,0,,shortest_path,shortest_path:panel_4:0:1144016:0
shared,shared,shortest_path,0,30000,1,reference,panel_4,1144017,ffeb6441b402313d2cd2dd62ea77e8a2d47d3ca700ebeb5beaf8c536eca757bb,0,1,4,0.96,1.1272,0,4,0,5,4,4,0,0.0,0.0,0,,shortest_path,shortest_path:panel_4:0:1144017:0
shared,shared,shortest_path,0,30000,1,reference,panel_4,1144018,ff9abe159ba40740f952894c39b9cd276f45dd38c09463f02bbfdc7c9cc8050c,0,1,2,0.98,1.0612,0,2,0,3,2,2,0,0.0,0.0,0,,shortest_path,shortest_path:panel_4:0:1144018:0
shared,shared,shortest_path,0,30000,1,reference,panel_4,1144019,6f88495357a88c94a0def8e431a78ba89d737b11793ce7a77f9d6c9f206cb2e7,0,1,4,0.96,1.1272,0,4,0,5,4,4,0,0.0,0.0,0,,shortest_path,shortest_path:panel_4:0:1144019:0
shared,shared,shortest_path,0,30000,1,reference,panel_4,1144020,07dfe2c9c41878457784c108e3155a1525f0f428bde4c02f563309e50f35dfcb,0,1,2,0.98,1.0612,0,2,0,3,2,2,0,0.0,0.0,0,,shortest_path,shortest_path:panel_4:0:1144020:0
shared,shared,shortest_path,0,30000,1,reference,panel_4,1144021,5284392b2c5e4fed5976d628772aab13000dbc395761580cb05a5a564e762c75,0,1,3,0.97,1.0936,0,3,0,4,3,3,0,0.0,0.0,0,,shortest_path,shortest_path:panel_4:0:1144021:0
shared,shared,shortest_path,0,30000,1,reference,panel_4,1144022,bc09a76df16201a0a8405bcf6fb8a216e1acc1c7461d1d99f26c1be5da54e7e0,0,1,6,0.94,1.198,0,6,0,7,6,6,0,0.0,0.0,0,,shortest_path,shortest_path:panel_4:0:1144022:0
shared,shared,shortest_path,0,30000,1,reference,panel_4,1144023,963692b935009ffb4637fd1304dfc19ca2a227af15fce8b1ff9995bda0abe08a,0,1,3,0.97,1.0936,0,3,0,4,3,3,0,0.0,0.0,0,,shortest_path,shortest_path:panel_4:0:1144023:0
shared,shared,shortest_path,0,30000,1,reference,panel_4,1144024,b2433120f4411db43ff4c0248c3359ded17783b66e9a285d6c21a3f747209ae3,0,1,4,0.96,1.1272,0,4,0,5,4,4,0,0.0,0.0,0,,shortest_path,shortest_path:panel_4:0:1144024:0
shared,shared,shortest_path,0,30000,1,reference,panel_4,1144025,64138edb9781e6b0a61be4750dd0d62c9ce727dd66c1929d7a52d5452de3caca,0,1,3,0.97,1.0936,0,3,0,4,3,3,0,0.0,0.0,0,,shortest_path,shortest_path:panel_4:0:1144025:0
shared,shared,shortest_path,0,30000,1,reference,panel_4,1144026,2de20f160f1d64aa1d806e0e1c6c48b46aa81b8898837e7b7b87f343eee051e4,0,1,5,0.95,1.162,0,5,0,6,5,5,0,0.0,0.0,0,,shortest_path,shortest_path:panel_4:0:1144026:0
shared,shared,shortest_path,0,30000,1,reference,panel_4,1144027,a2304e5fd8ed8d57c939a2a62bc103bacf6112960c4f8abfbabdd1f291a1faa2,0,1,5,0.95,1.162,0,5,0,6,5,5,0,0.0,0.0,0,,shortest_path,shortest_path:panel_4:0:1144027:0
shared,shared,shortest_path,0,30000,1,reference,panel_4,1144028,abbb734666e3ce27b4049388168913ecf01f1ac70019c81815b99aef19a4f38a,0,1,1,0.99,1.03,0,1,0,2,1,1,0,0.0,0.0,0,,shortest_path,shortest_path:panel_4:0:1144028:0
shared,shared,shortest_path,0,30000,1,reference,panel_4,1144029,ce489ee1f257eab3c89f155e22df181d390573f44072e3bdb8d8e11a9467fdc2,0,1,1,0.99,1.03,0,1,0,2,1,1,0,0.0,0.0,0,,shortest_path,shortest_path:panel_4:0:1144029:0
shared,shared,shortest_path,0,30000,1,reference,panel_4,1144030,efe610675f0215f0b7642ffb5eaea4d53ac7fab0c3924b3f583e2b49e5255970,0,1,3,0.97,1.0936,0,3,0,4,3,3,0,0.0,0.0,0,,shortest_path,shortest_path:panel_4:0:1144030:0
shared,shared,shortest_path,0,30000,1,reference,panel_4,1144031,19a111c1fd002471215338a35e49222bd8dc135d5d64473701867268fa030e7e,0,1,7,0.9299999999999999,1.2352,0,7,0,8,7,7,0,0.0,0.0,0,,shortest_path,shortest_path:panel_4:0:1144031:0
shared,shared,shortest_path,0,30000,1,reference,panel_4,1144032,8ed762b63701fb08738f8c3735797ced6b0a50592f000fecb8cad5d21996b9d7,0,1,6,0.94,1.198,0,6,0,7,6,6,0,0.0,0.0,0,,shortest_path,shortest_path:panel_4:0:1144032:0
shared,shared,shortest_path,0,30000,1,reference,panel_4,1144033,91971756b43d70d26277693e68b7b3e2e0683fb00b5fdf0557715d0bb2f5f05f,0,1,2,0.98,1.0612,0,2,0,3,2,2,0,0.0,0.0,0,,shortest_path,shortest_path:panel_4:0:1144033:0
shared,shared,shortest_path,0,30000,1,reference,panel_4,1144034,9e65c8324b969fe97581888035b30559b8acf98a5754656fdc7076068db37d24,0,1,5,0.95,1.162,0,5,0,6,5,5,0,0.0,0.0,0,,shortest_path,shortest_path:panel_4:0:1144034:0
shared,shared,shortest_path,0,30000,1,reference,panel_4,1144035,b56b65d9414add1f3abcd417f74b02ef15d6c0ed68af6bec93ec1f3dfc377106,0,1,1,0.99,1.03,0,1,0,2,1,1,0,0.0,0.0,0,,shortest_path,shortest_path:panel_4:0:1144035:0
shared,shared,shortest_path,0,30000,1,reference,panel_4,1144036,37576a8bca419f0d655a4d7f397b8e59321013882328a6d92045f99756186735,0,1,6,0.94,1.198,0,6,0,7,6,6,0,0.0,0.0,0,,shortest_path,shortest_path:panel_4:0:1144036:0
shared,shared,shortest_path,0,30000,1,reference,panel_4,1144037,3d1eb1497436d9d7ca3c5c8aa2a3adf4f9b6263540da2ebc1da43fb1488a12cf,0,1,3,0.97,1.0936,0,3,0,4,3,3,0,0.0,0.0,0,,shortest_path,shortest_path:panel_4:0:1144037:0
shared,shared,shortest_path,0,30000,1,reference,panel_4,1144038,c19600c8ef99593bdc75d3086f65e4667bbff3bd2843ef606eccf04561504fe0,0,1,3,0.97,1.0936,0,3,0,4,3,3,0,0.0,0.0,0,,shortest_path,shortest_path:panel_4:0:1144038:0
shared,shared,shortest_path,0,30000,1,reference,panel_4,1144039,476eac3fd0128cc4f9b488a8ac82f27937f5e5939392203260a892a45f8268f9,0,1,2,0.98,1.0612,0,2,0,3,2,2,0,0.0,0.0,0,,shortest_path,shortest_path:panel_4:0:1144039:0
shared,shared,shortest_path,0,30000,1,reference,panel_4,1144040,0faf1bc14f7c964fd81e69458fc947c296b71fde7206f88977173932b2551b7b,0,1,7,0.9299999999999999,1.2352,0,7,0,8,7,7,0,0.0,0.0,0,,shortest_path,shortest_path:panel_4:0:1144040:0
shared,shared,shortest_path,0,30000,1,reference,panel_4,1144042,0d2e3bdd7a48d60646a552baeec72358c914128fae048ee0bda7f2cc375f1396,0,1,4,0.96,1.1272,0,4,0,5,4,4,0,0.0,0.0,0,,shortest_path,shortest_path:panel_4:0:1144042:0
shared,shared,shortest_path,0,30000,1,reference,panel_4,1144043,a986e6d01d674efee8667952cb42bb5d4ae2bfac095bef4defb0264d8c8224a1,0,1,3,0.97,1.0936,0,3,0,4,3,3,0,0.0,0.0,0,,shortest_path,shortest_path:panel_4:0:1144043:0
shared,shared,shortest_path,0,30000,1,reference,panel_4,1144044,8c124299400a793d29e39f3ba58f049cd6edb8ca56b56d76cae33f8a934d91be,0,1,4,0.96,1.1272,0,4,0,5,4,4,0,0.0,0.0,0,,shortest_path,shortest_path:panel_4:0:1144044:0
shared,shared,shortest_path,0,30000,1,reference,panel_4,1144045,7ce9e9d22986c46106a5d51c630faf2ebb4a41ee57a8d668bf3f0bd9a66be279,0,1,3,0.97,1.0936,0,3,0,4,3,3,0,0.0,0.0,0,,shortest_path,shortest_path:panel_4:0:1144045:0
shared,shared,shortest_path,0,30000,1,reference,panel_4,1144046,e3d21af2ce1efda98455a3d889b6c016bd79f0fbb842d6171ba23eff3d74cb8e,0,1,4,0.96,1.1272,0,4,0,5,4,4,0,0.0,0.0,0,,shortest_path,shortest_path:panel_4:0:1144046:0
shared,shared,shortest_path,0,30000,1,reference,panel_4,1144047,f0b699da0ea394e48db1a8708d7aab67dcf7c72a0a9058adba642ccf39496f87,0,1,1,0.99,1.03,0,1,0,2,1,1,0,0.0,0.0,0,,shortest_path,shortest_path:panel_4:0:1144047:0
shared,shared,shortest_path,0,30000,1,reference,panel_4,1144048,1a1b3ff4cf96161cc75969099c22cff868c4747e605b7a719c77593c56a7970e,0,1,4,0.96,1.1272,0,4,0,5,4,4,0,0.0,0.0,0,,shortest_path,shortest_path:panel_4:0:1144048:0
shared,shared,shortest_path,0,30000,1,reference,panel_4,1144049,5ede5b45870c7d04b7ae6f525dc5061de6c6aabb64f00284fb9ca4525d5a0f43,0,1,4,0.96,1.1272,0,4,0,5,4,4,0,0.0,0.0,0,,shortest_path,shortest_path:panel_4:0:1144049:0
shared,shared,shortest_path,0,30000,1,reference,panel_4,1144050,f2e82619e657fdb3a24b3d10aefc4e63bcd8ca137f4fbfd3139b1cc54e465e33,0,1,2,0.98,1.0612,0,2,0,3,2,2,0,0.0,0.0,0,,shortest_path,shortest_path:panel_4:0:1144050:0
shared,shared,shortest_path,0,30000,1,reference,panel_4,1144051,d49302643b4482280dbf187e407f61c8e76d9e83d31fb2e25b6ddf110ca47c53,0,1,5,0.95,1.162,0,5,0,6,5,5,0,0.0,0.0,0,,shortest_path,shortest_path:panel_4:0:1144051:0
shared,shared,shortest_path,0,30000,1,reference,panel_4,1144052,d5046c4c72bfae42c84fa126bec349b036cccd4ab36b3adf6643275532326787,0,1,6,0.94,1.198,0,6,0,7,6,6,0,0.0,0.0,0,,shortest_path,shortest_path:panel_4:0:1144052:0
shared,shared,shortest_path,0,30000,1,reference,panel_4,1144053,fcd7a6ff4f1beae6272f0adb070535e99be2d5febca976f2fdc6316b3a7746e6,0,1,2,0.98,1.0612,0,2,0,3,2,2,0,0.0,0.0,0,,shortest_path,shortest_path:panel_4:0:1144053:0
shared,shared,shortest_path,0,30000,1,reference,panel_4,1144054,1512af988695ea17722e7db351071e0d390d50661758b9d766d8eaadc512423c,0,1,2,0.98,1.0612,0,2,0,3,2,2,0,0.0,0.0,0,,shortest_path,shortest_path:panel_4:0:1144054:0
shared,shared,shortest_path,0,30000,1,reference,panel_4,1144055,5b4c9c792da83c1ebdfa3eb0f73fddea92d967fef84df8b04675a1fcc736485a,0,1,3,0.97,1.0936,0,3,0,4,3,3,0,0.0,0.0,0,,shortest_path,shortest_path:panel_4:0:1144055:0
shared,shared,shortest_path,0,30000,1,reference,panel_4,1144056,3ed602a3a2b0bc96afadc49d788f6b68ab56e0477531a0c6b69bf20c95014af2,0,1,1,0.99,1.03,0,1,0,2,1,1,0,0.0,0.0,0,,shortest_path,shortest_path:panel_4:0:1144056:0
shared,shared,shortest_path,0,30000,1,reference,panel_4,1144057,2b6e1b89c90ca61b0ccb917f639198ef5b86ac5c1e674e4044f99ff9d5e6e1fa,0,1,1,0.99,1.03,0,1,0,2,1,1,0,0.0,0.0,0,,shortest_path,shortest_path:panel_4:0:1144057:0
shared,shared,shortest_path,0,30000,1,reference,panel_4,1144058,0429b833ba2f9bfcd9f147aa24df2d520a50f5e6830c29930cda749d0af6ce58,0,1,1,0.99,1.03,0,1,0,2,1,1,0,0.0,0.0,0,,shortest_path,shortest_path:panel_4:0:1144058:0
shared,shared,shortest_path,0,30000,1,reference,panel_4,1144059,7b3b3d4c843c81c8cf993592b379a3151c4da4274a10d34dcf10f4823e23af08,0,1,3,0.97,1.0936,0,3,0,4,3,3,0,0.0,0.0,0,,shortest_path,shortest_path:panel_4:0:1144059:0
shared,shared,shortest_path,0,30000,1,reference,panel_4,1144060,30f29b49500e23b25a053094bfac684f8fbd047db6e73ffabefe4acb69aec022,0,1,6,0.94,1.198,0,6,0,7,6,6,0,0.0,0.0,0,,shortest_path,shortest_path:panel_4:0:1144060:0
shared,shared,shortest_path,0,30000,1,reference,panel_4,1144061,e2710e60909f17f16727618bb4b20d6308039e7b6ef2e286d3dbb66b9e1b7db1,0,1,3,0.97,1.0936,0,3,0,4,3,3,0,0.0,0.0,0,,shortest_path,shortest_path:panel_4:0:1144061:0
shared,shared,shortest_path,0,30000,1,reference,panel_4,1144062,4d36fe9c78691208bd41aae8c1e9948ce18121558f767c001f56c61868e0324b,0,1,3,0.97,1.0936,0,3,0,4,3,3,0,0.0,0.0,0,,shortest_path,shortest_path:panel_4:0:1144062:0
shared,shared,shortest_path,0,30000,1,reference,panel_4,1144063,ad1a33ae5b627324c093ef8a5e064d5d2368c1c2058ce90b8e0ba93cbad374da,0,1,5,0.95,1.162,0,5,0,6,5,5,0,0.0,0.0,0,,shortest_path,shortest_path:panel_4:0:1144063:0
shared,shared,shortest_path,0,30000,1,reference,panel_4,1144064,8084d276a7a52b8660e74d5639c781e56809db6ec7775db6f9243c5c1a9ed8d7,0,1,1,0.99,1.03,0,1,0,2,1,1,0,0.0,0.0,0,,shortest_path,shortest_path:panel_4:0:1144064:0
shared,shared,random_actions,0,30000,1,reference,panel_5,1145000,04b2f542acbebb49e2e19e80954d9d140638b2731a094dca1ba1cbc03342f281,0,1,4,0.96,1.0448,2,2,0,3,4,2,0,0.0782090000000002,0.0,0,,random_actions,random_actions:panel_5:0:1145000:0
shared,shared,random_actions,0,30000,1,reference,panel_5,1145000,04b2f542acbebb49e2e19e80954d9d140638b2731a094dca1ba1cbc03342f281,1,0,32,-0.3200000000000001,-0.0035999999999998256,11,21,8,14,26,6,1,1.8664701439407962,0.0,0,,random_actions,random_actions:panel_5:0:1145000:1
shared,shared,random_actions,0,30000,1,reference,panel_5,1145001,7b22e5d9c3b5f24bf392291aa08483d3c3b474aafa85ece77f49eadf6765a74c,0,0,32,-0.3200000000000001,0.06480000000000014,11,21,14,8,26,8,1,1.7910392911517108,0.0,0,,random_actions,random_actions:panel_5:0:1145001:0
shared,shared,random_actions,0,30000,1,reference,panel_5,1145001,7b22e5d9c3b5f24bf392291aa08483d3c3b474aafa85ece77f49eadf6765a74c,1,0,32,-0.3200000000000001,0.07200000000000015,12,20,14,7,28,8,1,1.8252349921334363,0.0,0,,random_actions,random_actions:panel_5:0:1145001:1
shared,shared,random_actions,0,30000,1,reference,panel_5,1145002,4c91ea6833a99739a8cd70421c659118b413ff3d5d0484368a1f803a9248cac2,0,1,2,0.98,1.0612,0,2,0,3,2,2,0,0.0,0.0,0,,random_actions,random_actions:panel_5:0:1145002:0
shared,shared,random_actions,0,30000,1,reference,panel_5,1145002,4c91ea6833a99739a8cd70421c659118b413ff3d5d0484368a1f803a9248cac2,1,1,2,0.98,1.0612,0,2,0,3,2,2,0,0.0,0.0,0,,random_actions,random_actions:panel_5:0:1145002:1
shared,shared,random_actions,0,30000,1,reference,panel_5,1145003,c2ec9309b4e5498a90ee193dbccc6e33f67b6f758a85328ebf1807bbebdbe776,0,0,32,-0.3200000000000001,0.1352000000000001,11,21,12,10,31,12,1,1.851857447293263,0.0,0,,random_actions,random_actions:panel_5:0:1145003:0
shared,shared,random_actions,0,30000,1,reference,panel_5,1145003,c2ec9309b4e5498a90ee193dbccc6e33f67b6f758a85328ebf1807bbebdbe776,1,0,32,-0.3200000000000001,0.18440000000000015,15,17,13,5,26,7,1,1.6823554263229292,0.0,0,,random_actions,random_actions:panel_5:0:1145003:1
shared,shared,random_actions,0,30000,1,reference,panel_5,1145004,7b48df4ed9e2de19b8edcf39296fc42d7e78c166bd383f099df065cdcf795870,0,0,32,-0.3200000000000001,0.07840000000000011,9,23,16,8,27,10,1,1.799976041062291,0.0,0,,random_actions,random_actions:panel_5:0:1145004:0
shared,shared,random_actions,0,30000,1,reference,panel_5,1145004,7b48df4ed9e2de19b8edcf39296fc42d7e78c166bd383f099df065cdcf795870,1,0,32,-0.3200000000000001,0.03400000000000006,12,20,16,5,29,10,1,1.8898185807570025,0.0,0,,random_actions,random_actions:panel_5:0:1145004:1
shared,shared,random_actions,0,30000,1,reference,panel_5,1145005,9796522cf76dda8ad9ab46e03873794393a55c5c9c1b6c815bed2995f5f29c95,0,0,32,-0.3200000000000001,0.026400000000000146,4,28,21,8,28,12,1,1.8720039273888713,0.0,0,,random_actions,random_actions:panel_5:0:1145005:0
shared,shared,random_actions,0,30000,1,reference,panel_5,1145005,9796522cf76dda8ad9ab46e03873794393a55c5c9c1b6c815bed2995f5f29c95,1,0,32,-0.3200000000000001,0.00960000000000008,10,22,11,12,31,12,1,1.9632776120067406,0.0,0,,random_actions,random_actions:panel_5:0:1145005:1
shared,shared,random_actions,0,30000,1,reference,panel_5,1145006,b54a5a58b941846c8cb7ceb6c31f2767901db9cf86c30e460ba9447d65c0d03e,0,1,7,0.9299999999999999,1.0644,2,5,0,6,7,4,0,0.15288073000000046,0.0,0,,random_actions,random_actions:panel_5:0:1145006:0
shared,shared,random_actions,0,30000,1,reference,panel_5,1145006,b54a5a58b941846c8cb7ceb6c31f2767901db9cf86c30e460ba9447d65c0d03e,1,0,32,-0.3200000000000001,-0.08959999999999992,8,24,17,8,31,12,1,2.052520941000002,0.0,0,,random_actions,random_actions:panel_5:0:1145006:1
shared,shared,random_actions,0,30000,1,reference,panel_5,1145007,910eea99e0adab3a6a6db583c3079c50a4f67ede0e234d52448453d7a3ab39ad,0,0,32,-0.3200000000000001,0.07200000000000019,15,17,12,6,29,8,1,1.854302896494611,0.0,0,,random_actions,random_actions:panel_5:0:1145007:0
shared,shared,random_actions,0,30000,1,reference,panel_5,1145007,910eea99e0adab3a6a6db583c3079c50a4f67ede0e234d52448453d7a3ab39ad,1,0,32,-0.3200000000000001,0.019200000000000148,5,27,20,8,29,13,1,1.8990824983420016,0.0,0,,random_actions,random_actions:panel_5:0:1145007:1
shared,shared,random_actions,0,30000,1,reference,panel_5,1145008,f9176f9a224d56b0cfc94f958259a0f4d18537b816ae5d5a747ce8724655b269,0,1,3,0.97,1.0936,0,3,0,4,3,3,0,0.0,0.0,0,,random_actions,random_actions:panel_5:0:1145008:0
shared,shared,random_actions,0,30000,1,reference,panel_5,1145008,f9176f9a224d56b0cfc94f958259a0f4d18537b816ae5d5a747ce8724655b269,1,1,10,0.9,1.0416,1,9,4,6,10,6,0,0.26844346000000063,0.0,0,,random_actions,random_actions:panel_5:0:1145008:1
shared,shared,random_actions,0,30000,1,reference,panel_5,1145009,2b482ac63ee1ae956658bf12adfb9790b2fc64b722ca4c72f8ce4752552875a4,0,1,4,0.96,1.046,2,2,0,3,4,2,0,0.07701800000000025,0.0,0,,random_actions,random_actions:panel_5:0:1145009:0
shared,shared,random_actions,0,30000,1,reference,panel_5,1145009,2b482ac63ee1ae956658bf12adfb9790b2fc64b722ca4c72f8ce4752552875a4,1,1,9,0.91,1.0164,3,6,2,5,9,4,0,0.26161581430000036,0.0,0,,random_actions,random_actions:panel_5:0:1145009:1
shared,shared,random_actions,0,30000,1,reference,panel_5,1145010,d3ae5b7939082a3382bb5f18419954a9461bea4405bbb9cf8e518d8d6fb7fd48,0,1,1,0.99,1.03,0,1,0,2,1,1,0,0.0,0.0,0,,random_actions,random_actions:panel_5:0:1145010:0
shared,shared,random_actions,0,30000,1,reference,panel_5,1145010,d3ae5b7939082a3382bb5f18419954a9461bea4405bbb9cf8e518d8d6fb7fd48,1,1,1,0.99,1.03,0,1,0,2,1,1,0,0.0,0.0,0,,random_actions,random_actions:panel_5:0:1145010:1
shared,shared,random_actions,0,30000,1,reference,panel_5,1145011,200e6a814265f2dfea7480f96c4b8edeec09db2c2d81cfee9ed370a0edfa525f,0,1,10,0.9,1.004,2,8,2,7,10,5,0,0.3046765781000007,0.0,0,,random_actions,random_actions:panel_5:0:1145011:0
shared,shared,random_actions,0,30000,1,reference,panel_5,1145011,200e6a814265f2dfea7480f96c4b8edeec09db2c2d81cfee9ed370a0edfa525f,1,1,8,0.9199999999999999,1.0204,2,6,2,5,8,4,0,0.22646757810000062,0.0,0,,random_actions,random_actions:panel_5:0:1145011:1
shared,shared,random_actions,0,30000,1,reference,panel_5,1145012,a402a3eaaead6984de15f7eec1364dacdcb4f4130756dff30c995b7e50eff98e,0,0,32,-0.3200000000000001,0.10120000000000016,12,20,15,6,29,9,1,1.827348940449986,0.0,0,,random_actions,random_actions:panel_5:0:1145012:0
shared,shared,random_actions,0,30000,1,reference,panel_5,1145012,a402a3eaaead6984de15f7eec1364dacdcb4f4130756dff30c995b7e50eff98e,1,1,30,0.7,1.0696,10,20,9,12,30,13,0,0.8737036466965814,0.0,0,,random_actions,random_actions:panel_5:0:1145012:1
shared,shared,random_actions,0,30000,1,reference,panel_5,1145013,473b2c33bc69440e675a3e4024115372253c2484d4b37477d99cd98892abd24e,0,1,7,0.9299999999999999,1.1068,3,4,0,5,7,4,0,0.11325111810000021,0.0,0,,random_actions,random_actions:panel_5:0:1145013:0
shared,shared,random_actions,0,30000,1,reference,panel_5,1145013,473b2c33bc69440e675a3e4024115372253c2484d4b37477d99cd98892abd24e,1,1,7,0.9299999999999999,1.1092,1,6,1,6,7,5,0,0.11107924265700009,0.0,0,,random_actions,random_actions:panel_5:0:1145013:1
shared,shared,random_actions,0,30000,1,reference,panel_5,1145014,fccfa6386683a4257db5ccd854bedd05afe1463702f112cfdfd7647b332f705b,0,0,32,-0.3200000000000001,-0.027199999999999835,7,25,17,9,27,9,1,1.898824208210581,0.0,0,,random_actions,random_actions:panel_5:0:1145014:0
shared,shared,random_actions,0,30000,1,reference,panel_5,1145014,fccfa6386683a4257db5ccd854bedd05afe1463702f112cfdfd7647b332f705b,1,0,32,-0.3200000000000001,-0.01039999999999977,10,22,12,11,27,7,1,1.8773768170564795,0.0,0,,random_actions,random_actions:panel_5:0:1145014:1
shared,shared,random_actions,0,30000,1,reference,panel_5,1145015,4840963c8cd284b9b51d764e8db9f049f3db5fde8a2ec557254d6dc261bed182,0,0,32,-0.3200000000000001,-0.02319999999999986,14,18,9,10,29,8,1,1.942826280109161,0.0,0,,random_actions,random_actions:panel_5:0:1145015:0
shared,shared,random_actions,0,30000,1,reference,panel_5,1145015,4840963c8cd284b9b51d764e8db9f049f3db5fde8a2ec557254d6dc261bed182,1,1,6,0.94,1.1132,2,4,0,5,6,4,0,0.07593311810000003,0.0,0,,random_actions,random_actions:panel_5:0:1145015:1
shared,shared,random_actions,0,30000,1,reference,panel_5,1145016,57e0ccc8f74a3b9c4c57c87cf22f221cbe6eaff2a691e79937148fa66004cb22,0,0,32,-0.3200000000000001,-0.08279999999999987,10,22,10,13,28,8,1,1.9718382018168716,0.0,0,,random_actions,random_actions:panel_5:0:1145016:0
shared,shared,random_actions,0,30000,1,reference,panel_5,1145016,57e0ccc8f74a3b9c4c57c87cf22f221cbe6eaff2a691e79937148fa66004cb22,1,0,32,-0.3200000000000001,-0.11039999999999994,16,16,9,8,28,5,1,2.0008541649280023,0.0,0,,random_actions,random_actions:panel_5:0:1145016:1
shared,shared,random_actions,0,30000,1,reference,panel_5,1145017,d6a81928e7840eec4317d8a62543ee0f5899e13ee5ae21f2e3544b154e20f111,0,0,32,-0.3200000000000001,-0.12119999999999988,10,22,15,8,31,10,1,2.0848169101115817,0.0,0,,random_actions,random_actions:panel_5:0:1145017:0
shared,shared,random_actions,0,30000,1,reference,panel_5,1145017,d6a81928e7840eec4317d8a62543ee0f5899e13ee5ae21f2e3544b154e20f111,1,1,5,0.95,1.0348,3,2,0,3,5,2,0,0.1191000000000002,0.0,0,,random_actions,random_actions:panel_5:0:1145017:1
shared,shared,random_actions,0,30000,1,reference,panel_5,1145018,a0cdabda377ce8db01430493d6c5f1f86969c9bc2a0f435aeafd3092920df4b4,0,0,32,-0.3200000000000001,-0.19480000000000008,8,24,12,13,30,11,1,2.1281371943000016,0.0,0,,random_actions,random_actions:panel_5:0:1145018:0
shared,shared,random_actions,0,30000,1,reference,panel_5,1145018,a0cdabda377ce8db01430493d6c5f1f86969c9bc2a0f435aeafd3092920df4b4,1,1,2,0.98,1.0212,1,1,0,2,2,1,0,0.03970000000000007,0.0,0,,random_actions,random_actions:panel_5:0:1145018:1
shared,shared,random_actions,0,30000,1,reference,panel_5,1145019,1a0d480d47c049bdf33625e1f78261262e011cf315a599d3b9b0c9e2c720ed6e,0,0,32,-0.3200000000000001,-0.1499999999999999,9,23,8,16,31,11,1,2.1106738186000022,0.0,0,,random_actions,random_actions:panel_5:0:1145019:0
shared,shared,random_actions,0,30000,1,reference,panel_5,1145019,1a0d480d47c049bdf33625e1f78261262e011cf315a599d3b9b0c9e2c720ed6e,1,0,32,-0.3200000000000001,-0.16319999999999996,14,18,12,7,31,9,1,2.1232453000000024,0.0,0,,random_actions,random_actions:panel_5:0:1145019:1
shared,shared,random_actions,0,30000,1,reference,panel_5,1145020,8e0b66c3e8dfadacfb9e6c51572b5a00bdedf30944df56d5657dcbfaa7b8fdff,0,0,32,-0.3200000000000001,-0.15359999999999996,8,24,18,7,30,11,1,2.0860909243000023,0.0,0,,random_actions,random_actions:panel_5:0:1145020:0
shared,shared,random_actions,0,30000,1,reference,panel_5,1145020,8e0b66c3e8dfadacfb9e6c51572b5a00bdedf30944df56d5657dcbfaa7b8fdff,1,0,32,-0.3200000000000001,-0.15959999999999996,7,25,18,8,29,10,1,2.067143958100002,0.0,0,,random_actions,random_actions:panel_5:0:1145020:1
shared,shared,random_actions,0,30000,1,reference,panel_5,1145021,67c978c5934e92e0f00b62b0457f711180d5ca7bf063606e6cd0359a86582a74,0,1,3,0.97,1.0936,0,3,0,4,3,3,0,0.0,0.0,0,,random_actions,random_actions:panel_5:0:1145021:0
shared,shared,random_actions,0,30000,1,reference,panel_5,1145021,67c978c5934e92e0f00b62b0457f711180d5ca7bf063606e6cd0359a86582a74,1,1,5,0.95,1.0796000000000001,0,5,2,4,5,4,0,0.07586273000000021,0.0,0,,random_actions,random_actions:panel_5:0:1145021:1
shared,shared,random_actions,0,30000,1,reference,panel_5,1145022,67d615424dde3d8c74044d253e399e2da9badbd04ed3b2cfa69701cf4089a4a9,0,1,19,0.8099999999999999,0.9768000000000001,14,5,1,5,19,4,0,0.6115575781000019,0.0,0,,random_actions,random_actions:panel_5:0:1145022:0
shared,shared,random_actions,0,30000,1,reference,panel_5,1145022,67d615424dde3d8c74044d253e399e2da9badbd04ed3b2cfa69701cf4089a4a9,1,1,28,0.72,0.9396,5,23,17,7,28,13,0,0.9285521455570015,0.0,0,,random_actions,random_actions:panel_5:0:1145022:1
shared,shared,random_actions,0,30000,1,reference,panel_5,1145023,bfcfccfb4ffde8c2330df19e4b4da695c6adf803e30e2e782abec9f5807385d0,0,0,32,-0.3200000000000001,0.04200000000000009,9,23,16,8,29,10,1,1.8821268510550309,0.0,0,,random_actions,random_actions:panel_5:0:1145023:0
shared,shared,random_actions,0,30000,1,reference,panel_5,1145023,bfcfccfb4ffde8c2330df19e4b4da695c6adf803e30e2e782abec9f5807385d0,1,0,32,-0.3200000000000001,-0.0011999999999999234,7,25,16,10,30,13,1,1.944157493914002,0.0,0,,random_actions,random_actions:panel_5:0:1145023:1
shared,shared,random_actions,0,30000,1,reference,panel_5,1145024,44d64d147ced3029de22e58077325dedf77b0073ef735ff346199fef6d3b74f0,0,1,9,0.91,1.226,2,7,0,8,9,7,0,0.07144547082028996,0.0,0,,random_actions,random_actions:panel_5:0:1145024:0
shared,shared,random_actions,0,30000,1,reference,panel_5,1145024,44d64d147ced3029de22e58077325dedf77b0073ef735ff346199fef6d3b74f0,1,0,32,-0.3200000000000001,0.11600000000000003,8,24,15,10,29,12,1,1.8194363390251325,0.0,0,,random_actions,random_actions:panel_5:0:1145024:1
shared,shared,random_actions,0,30000,1,reference,panel_5,1145025,75f172716293e896596bb90967da4235631842ff278fa7708cd714204348e949,0,1,6,0.94,0.9872000000000001,3,3,0,4,6,2,0,0.1973090000000003,0.0,0,,random_actions,random_actions:panel_5:0:1145025:0
shared,shared,random_actions,0,30000,1,reference,panel_5,1145025,75f172716293e896596bb90967da4235631842ff278fa7708cd714204348e949,1,1,1,0.99,1.03,0,1,0,2,1,1,0,0.0,0.0,0,,random_actions,random_actions:panel_5:0:1145025:1
shared,shared,random_actions,0,30000,1,reference,panel_5,1145026,09a14258bdcbdea9a9fa4a19313f8106faa201b9b1d99e3e065fcffe60169ef5,0,1,25,0.7499999999999999,0.9732000000000001,6,19,10,10,25,11,0,0.8031351403685814,0.0,0,,random_actions,random_actions:panel_5:0:1145026:0
shared,shared,random_actions,0,30000,1,reference,panel_5,1145026,09a14258bdcbdea9a9fa4a19313f8106faa201b9b1d99e3e065fcffe60169ef5,1,0,32,-0.3200000000000001,-0.06439999999999996,8,24,15,10,28,10,1,1.955376743028002,0.0,0,,random_actions,random_actions:panel_5:0:1145026:1
shared,shared,random_actions,0,30000,1,reference,panel_5,1145027,27491304d924c85b9e33178f9b9a9506a41da7366a16b526cca81f5c361aafc3,0,0,32,-0.3200000000000001,-0.08919999999999995,13,19,13,7,32,11,1,2.0820740381000022,0.0,0,,random_actions,random_actions:panel_5:0:1145027:0
shared,shared,random_actions,0,30000,1,reference,panel_5,1145027,27491304d924c85b9e33178f9b9a9506a41da7366a16b526cca81f5c361aafc3,1,0,32,-0.3200000000000001,0.04880000000000026,8,24,16,9,28,10,1,1.8540172524799,0.0,0,,random_actions,random_actions:panel_5:0:1145027:1
shared,shared,random_actions,0,30000,1,reference,panel_5,1145028,dce51af611ea72e73f23b8b04218f490e2fb8561a034356ef2a78697e5400e00,0,0,32,-0.3200000000000001,-0.0647999999999998,11,21,13,9,28,9,1,1.9564827619424516,0.0,0,,random_actions,random_actions:panel_5:0:1145028:0
shared,shared,random_actions,0,30000,1,reference,panel_5,1145028,dce51af611ea72e73f23b8b04218f490e2fb8561a034356ef2a78697e5400e00,1,0,32,-0.3200000000000001,-0.10800000000000004,7,25,15,11,27,9,1,1.9730655625912923,0.0,0,,random_actions,random_actions:panel_5:0:1145028:1
shared,shared,random_actions,0,30000,1,reference,panel_5,1145029,ba2861b193480560cca481695f87398c39c50008288d2f60871c4feaff229cc9,0,0,32,-0.3200000000000001,0.005200000000000149,17,15,10,6,27,4,1,1.8730238909004955,0.0,0,,random_actions,random_actions:panel_5:0:1145029:0
shared,shared,random_actions,0,30000,1,reference,panel_5,1145029,ba2861b193480560cca481695f87398c39c50008288d2f60871c4feaff229cc9,1,0,32,-0.3200000000000001,-0.035599999999999854,14,18,9,10,27,6,1,1.9043493240121037,0.0,0,,random_actions,random_actions:panel_5:0:1145029:1
shared,shared,random_actions,0,30000,1,reference,panel_5,1145030,337b19d5c5199951bb564e07079635598f2446ec6e8f5a67400e60ad38b47ce5,0,0,32,-0.3200000000000001,0.020400000000000085,6,26,18,9,29,12,1,1.9034640908710014,0.0,0,,random_actions,random_actions:panel_5:0:1145030:0
shared,shared,random_actions,0,30000,1,reference,panel_5,1145030,337b19d5c5199951bb564e07079635598f2446ec6e8f5a67400e60ad38b47ce5,1,0,32,-0.3200000000000001,0.06720000000000012,8,24,16,9,29,11,1,1.8587833269931902,0.0,0,,random_actions,random_actions:panel_5:0:1145030:1
shared,shared,random_actions,0,30000,1,reference,panel_5,1145031,88f999b5e02c79813d0f762880a1d628d31c2622f6f6ed4fc47d0cdd942b0161,0,0,32,-0.3200000000000001,-0.12679999999999997,8,24,13,12,30,11,1,2.060257380000002,0.0,0,,random_actions,random_actions:panel_5:0:1145031:0
shared,shared,random_actions,0,30000,1,reference,panel_5,1145031,88f999b5e02c79813d0f762880a1d628d31c2622f6f6ed4fc47d0cdd942b0161,1,1,17,0.83,0.9824,2,15,6,10,17,9,0,0.5439257300000009,0.0,0,,random_actions,random_actions:panel_5:0:1145031:1
shared,shared,random_actions,0,30000,1,reference,panel_5,1145032,18362f8c860f13ecf7e3fe203feec9535dd658f438ab3c9ad0e035f04a70bcc2,0,0,32,-0.3200000000000001,0.04440000000000012,10,22,16,7,30,11,1,1.9010454307347406,0.0,0,,random_actions,random_actions:panel_5:0:1145032:0
shared,shared,random_actions,0,30000,1,reference,panel_5,1145032,18362f8c860f13ecf7e3fe203feec9535dd658f438ab3c9ad0e035f04a70bcc2,1,0,32,-0.3200000000000001,0.055200000000000166,15,17,13,5,27,7,1,1.8211227285284513,0.0,0,,random_actions,random_actions:panel_5:0:1145032:1
shared,shared,random_actions,0,30000,1,reference,panel_5,1145033,92686e3eb6994a72f629a1e3ba70149f3ba18be8cc9d5952089775d28c8035b6,0,0,32,-0.3200000000000001,0.19120000000000031,11,21,15,7,24,6,1,1.6379807853831378,0.0,0,,random_actions,random_actions:panel_5:0:1145033:0
shared,shared,random_actions,0,30000,1,reference,panel_5,1145033,92686e3eb6994a72f629a1e3ba70149f3ba18be8cc9d5952089775d28c8035b6,1,0,32,-0.3200000000000001,0.1384000000000002,8,24,15,10,29,12,1,1.7952203338747403,0.0,0,,random_actions,random_actions:panel_5:0:1145033:1
shared,shared,random_actions,0,30000,1,reference,panel_5,1145034,47e540b7fcdb2cabfb1c9e2b82809ed19b0e57872b755f9bd3352f9d0e7362a8,0,1,16,0.84,1.0504,4,12,3,10,16,8,0,0.44855778695700044,0.0,0,,random_actions,random_actions:panel_5:0:1145034:0
shared,shared,random_actions,0,30000,1,reference,panel_5,1145034,47e540b7fcdb2cabfb1c9e2b82809ed19b0e57872b755f9bd3352f9d0e7362a8,1,0,32,-0.3200000000000001,-0.06759999999999995,7,25,15,11,30,13,1,2.005500996200002,0.0,0,,random_actions,random_actions:panel_5:0:1145034:1
shared,shared,random_actions,0,30000,1,reference,panel_5,1145035,b43db4f5a8eb4dcb2bb3d7a2405dde511931b732fad786bb68f55613a830262e,0,0,32,-0.3200000000000001,-0.041599999999999804,8,24,15,10,28,9,1,1.9310869382738716,0.0,0,,random_actions,random_actions:panel_5:0:1145035:0
shared,shared,random_actions,0,30000,1,reference,panel_5,1145035,b43db4f5a8eb4dcb2bb3d7a2405dde511931b732fad786bb68f55613a830262e,1,0,32,-0.3200000000000001,-0.021199999999999802,3,29,18,12,27,10,1,1.892865783257002,0.0,0,,random_actions,random_actions:panel_5:0:1145035:1
shared,shared,random_actions,0,30000,1,reference,panel_5,1145036,f5b092187a85cc0ada8dc5b1db875e47e49a24a87f9459381f27c7e78ab520be,0,0,32,-0.3200000000000001,-0.03879999999999993,10,22,15,8,28,9,1,1.9275803759420023,0.0,0,,random_actions,random_actions:panel_5:0:1145036:0
shared,shared,random_actions,0,30000,1,reference,panel_5,1145036,f5b092187a85cc0ada8dc5b1db875e47e49a24a87f9459381f27c7e78ab520be,1,0,32,-0.3200000000000001,-0.0303999999999999,9,23,17,7,29,10,1,1.9465248546710017,0.0,0,,random_actions,random_actions:panel_5:0:1145036:1
shared,shared,random_actions,0,30000,1,reference,panel_5,1145037,ff9b45dadf5f2581f6e05c029e3bd83e793731bb6003fc4602dd413c59644dd0,0,0,32,-0.3200000000000001,0.22880000000000023,9,23,17,7,27,10,1,1.6767114476406204,0.0,0,,random_actions,random_actions:panel_5:0:1145037:0
shared,shared,random_actions,0,30000,1,reference,panel_5,1145037,ff9b45dadf5f2581f6e05c029e3bd83e793731bb6003fc4602dd413c59644dd0,1,1,32,0.6799999999999999,1.0764,9,23,12,12,32,15,0,0.9336492079685818,0.0,0,,random_actions,random_actions:panel_5:0:1145037:1
shared,shared,random_actions,0,30000,1,reference,panel_5,1145038,7f34ae4408ef98c20476cabb6ff6deba601b546ab3187827a0a2b02860a7ec38,0,0,32,-0.3200000000000001,0.26120000000000027,6,26,16,11,24,8,1,1.5882540828374818,0.0,0,,random_actions,random_actions:panel_5:0:1145038:0
shared,shared,random_actions,0,30000,1,reference,panel_5,1145038,7f34ae4408ef98c20476cabb6ff6deba601b546ab3187827a0a2b02860a7ec38,1,0,32,-0.3200000000000001,0.2408000000000003,10,22,15,8,27,9,1,1.6729850037177076,0.0,0,,random_actions,random_actions:panel_5:0:1145038:1
shared,shared,random_actions,0,30000,1,reference,panel_5,1145039,d0abb4c4e1a775e7fc8c2795c6276adbcedf403ca5d4f5103c357b5be149646b,0,1,22,0.7799999999999999,0.9344000000000001,6,16,10,7,22,9,0,0.7463678379710016,0.0,0,,random_actions,random_actions:panel_5:0:1145039:0
shared,shared,random_actions,0,30000,1,reference,panel_5,1145039,d0abb4c4e1a775e7fc8c2795c6276adbcedf403ca5d4f5103c357b5be149646b,1,1,25,0.7499999999999999,0.9560000000000002,5,20,9,12,25,11,0,0.8209099350126243,0.0,0,,random_actions,random_actions:panel_5:0:1145039:1
shared,shared,random_actions,0,30000,1,reference,panel_5,1145040,6298cfe5ac31a5d99e7f674e87e939767e9b30f83e09939a4d336c6ca1e5dc3b,0,1,29,0.71,1.0492000000000001,10,19,10,10,29,12,0,0.8598826550532771,0.0,0,,random_actions,random_actions:panel_5:0:1145040:0
shared,shared,random_actions,0,30000,1,reference,panel_5,1145040,6298cfe5ac31a5d99e7f674e87e939767e9b30f83e09939a4d336c6ca1e5dc3b,1,0,32,-0.3200000000000001,0.09600000000000018,16,16,10,7,29,8,1,1.833662006363103,0.0,0,,random_actions,random_actions:panel_5:0:1145040:1
shared,shared,random_actions,0,30000,1,reference,panel_5,1145041,14728e883162d9eafda0f52f235c34b5b73f3432f7058001f72b1a8e93c954d8,0,1,11,0.89,1.0836000000000001,3,8,2,7,11,6,0,0.2604952024000001,0.0,0,,random_actions,random_actions:panel_5:0:1145041:0
shared,shared,random_actions,0,30000,1,reference,panel_5,1145041,14728e883162d9eafda0f52f235c34b5b73f3432f7058001f72b1a8e93c954d8,1,1,31,0.69,0.9376000000000001,5,26,15,12,31,15,0,1.0250764305000017,0.0,0,,random_actions,random_actions:panel_5:0:1145041:1
shared,shared,random_actions,0,30000,1,reference,panel_5,1145042,d1ba84f4950ba9228e3a003002240041b9463275289f2f568eefaef0f0f733a6,0,0,32,-0.3200000000000001,0.044400000000000106,18,14,4,11,28,6,1,1.8562826885980022,0.0,0,,random_actions,random_actions:panel_5:0:1145042:0
shared,shared,random_actions,0,30000,1,reference,panel_5,1145042,d1ba84f4950ba9228e3a003002240041b9463275289f2f568eefaef0f0f733a6,1,0,32,-0.3200000000000001,0.06360000000000016,10,22,12,11,30,11,1,1.8864146498643357,0.0,0,,random_actions,random_actions:panel_5:0:1145042:1
shared,shared,random_actions,0,30000,1,reference,panel_5,1145043,c71cb14978fba550b7e7e499650ddeb20d331a41763868429c38a8a515c747dc,0,1,2,0.98,1.0212,1,1,0,2,2,1,0,0.03970000000000007,0.0,0,,random_actions,random_actions:panel_5:0:1145043:0
shared,shared,random_actions,0,30000,1,reference,panel_5,1145043,c71cb14978fba550b7e7e499650ddeb20d331a41763868429c38a8a515c747dc,1,1,2,0.98,1.0212,1,1,0,2,2,1,0,0.03970000000000007,0.0,0,,random_actions,random_actions:panel_5:0:1145043:1
shared,shared,random_actions,0,30000,1,reference,panel_5,1145044,8b69855d3a1070137b7bcf1fa8b8b5c26f616d503bf402be4b7c962ac0320d9b,0,0,32,-0.3200000000000001,0.08640000000000014,19,13,9,5,27,5,1,1.7920276902705081,0.0,0,,random_actions,random_actions:panel_5:0:1145044:0
shared,shared,random_actions,0,30000,1,reference,panel_5,1145044,8b69855d3a1070137b7bcf1fa8b8b5c26f616d503bf402be4b7c962ac0320d9b,1,0,32,-0.3200000000000001,-0.003599999999999881,15,17,12,6,29,8,1,1.9232098632850019,0.0,0,,random_actions,random_actions:panel_5:0:1145044:1
shared,shared,random_actions,0,30000,1,reference,panel_5,1145045,48a911654cb640805801aead90b405984def089353180e8eb086cd0264fbc3b4,0,1,27,0.73,1.1008000000000002,7,20,9,12,27,13,0,0.7511812524595672,0.0,0,,random_actions,random_actions:panel_5:0:1145045:0
shared,shared,random_actions,0,30000,1,reference,panel_5,1145045,48a911654cb640805801aead90b405984def089353180e8eb086cd0264fbc3b4,1,0,32,-0.3200000000000001,0.07480000000000012,11,21,9,13,30,11,1,1.8754014287473926,0.0,0,,random_actions,random_actions:panel_5:0:1145045:1
shared,shared,random_actions,0,30000,1,reference,panel_5,1145046,03d7a8079d3283b72c654b2b0568a0370290a532dcf6c2de5ff035570b12e890,0,0,32,-0.3200000000000001,-0.04839999999999997,6,26,17,10,29,11,1,1.9647718631570017,0.0,0,,random_actions,random_actions:panel_5:0:1145046:0
shared,shared,random_actions,0,30000,1,reference,panel_5,1145046,03d7a8079d3283b72c654b2b0568a0370290a532dcf6c2de5ff035570b12e890,1,0,32,-0.3200000000000001,0.03560000000000013,14,18,14,5,28,8,1,1.8654938692627687,0.0,0,,random_actions,random_actions:panel_5:0:1145046:1
shared,shared,random_actions,0,30000,1,reference,panel_5,1145047,3b16345d1818b2475d83937c5edafb08fcd0f941540661c7edd85359d2f00549,0,1,13,0.87,0.9884000000000001,5,8,2,7,13,5,0,0.41330661620000075,0.0,0,,random_actions,random_actions:panel_5:0:1145047:0
shared,shared,random_actions,0,30000,1,reference,panel_5,1145047,3b16345d1818b2475d83937c5edafb08fcd0f941540661c7edd85359d2f00549,1,1,13,0.87,0.9884000000000001,3,10,5,6,13,6,0,0.413306616200001,0.0,0,,random_actions,random_actions:panel_5:0:1145047:1
shared,shared,random_actions,0,30000,1,reference,panel_5,1145048,c5ce8f55300382ccb76e1bdf568a906be2a34a0edb2a08da9ba66daf5c9a59c2,0,0,32,-0.3200000000000001,-0.11879999999999986,12,20,11,10,30,9,1,2.0540468084710017,0.0,0,,random_actions,random_actions:panel_5:0:1145048:0
shared,shared,random_actions,0,30000,1,reference,panel_5,1145048,c5ce8f55300382ccb76e1bdf568a906be2a34a0edb2a08da9ba66daf5c9a59c2,1,1,2,0.98,1.0612,0,2,0,3,2,2,0,0.0,0.0,0,,random_actions,random_actions:panel_5:0:1145048:1
shared,shared,random_actions,0,30000,1,reference,panel_5,1145049,603cfef43fad0c7e84f1ae2269c57f425cda4c4ca2fcccbb488d98b50b74da6d,0,0,32,-0.3200000000000001,0.06480000000000019,15,17,10,8,27,6,1,1.813840972046393,0.0,0,,random_actions,random_actions:panel_5:0:1145049:0
shared,shared,random_actions,0,30000,1,reference,panel_5,1145049,603cfef43fad0c7e84f1ae2269c57f425cda4c4ca2fcccbb488d98b50b74da6d,1,0,32,-0.3200000000000001,0.04320000000000011,6,26,16,11,29,13,1,1.878451104645422,0.0,0,,random_actions,random_actions:panel_5:0:1145049:1
shared,shared,random_actions,0,30000,1,reference,panel_5,1145050,35549355f2c06c576a7052c64afd99e9b154d837799939e589e4058f71a880f3,0,1,2,0.98,1.0212,1,1,0,2,2,1,0,0.03970000000000007,0.0,0,,random_actions,random_actions:panel_5:0:1145050:0
shared,shared,random_actions,0,30000,1,reference,panel_5,1145050,35549355f2c06c576a7052c64afd99e9b154d837799939e589e4058f71a880f3,1,1,1,0.99,1.03,0,1,0,2,1,1,0,0.0,0.0,0,,random_actions,random_actions:panel_5:0:1145050:1
shared,shared,random_actions,0,30000,1,reference,panel_5,1145051,b65d693b681fa80bf671ef896d1e00b2a4dfd8dfa0a3763019cfc8ff3f4c3974,0,1,25,0.7499999999999999,1.0168000000000001,5,20,9,12,25,12,0,0.7624920110622905,0.0,0,,random_actions,random_actions:panel_5:0:1145051:0
shared,shared,random_actions,0,30000,1,reference,panel_5,1145051,b65d693b681fa80bf671ef896d1e00b2a4dfd8dfa0a3763019cfc8ff3f4c3974,1,0,32,-0.3200000000000001,-0.00519999999999983,3,29,18,12,30,14,1,1.9462455235207408,0.0,0,,random_actions,random_actions:panel_5:0:1145051:1
shared,shared,random_actions,0,30000,1,reference,panel_5,1145052,9daba76ac71e8481ef7680f2696b354689538b3d3486a8c6f34adc1e45e6673a,0,0,32,-0.3200000000000001,0.05400000000000016,13,19,14,6,29,9,1,1.8695228231980299,0.0,0,,random_actions,random_actions:panel_5:0:1145052:0
shared,shared,random_actions,0,30000,1,reference,panel_5,1145052,9daba76ac71e8481ef7680f2696b354689538b3d3486a8c6f34adc1e45e6673a,1,0,32,-0.3200000000000001,0.02400000000000012,14,18,9,10,29,9,1,1.893377544028,0.0,0,,random_actions,random_actions:panel_5:0:1145052:1
shared,shared,random_actions,0,30000,1,reference,panel_5,1145053,422e92f2b2bea572d3de51ee128e8700a1260c57e04f79d7f40ce4208b21aa97,0,1,14,0.86,0.9324,5,9,2,8,14,5,0,0.49956892000000097,0.0,0,,random_actions,random_actions:panel_5:0:1145053:0
shared,shared,random_actions,0,30000,1,reference,panel_5,1145053,422e92f2b2bea572d3de51ee128e8700a1260c57e04f79d7f40ce4208b21aa97,1,1,20,0.7999999999999999,0.8940000000000001,11,9,4,6,20,5,0,0.7237270300000014,0.0,0,,random_actions,random_actions:panel_5:0:1145053:1
shared,shared,random_actions,0,30000,1,reference,panel_5,1145054,c01ca1592dc71d4e7cd454dab295dd0310006bd208a95bad035572ef0d44bc92,0,0,32,-0.3200000000000001,-0.1731999999999999,13,19,7,13,30,8,1,2.1098912577140023,0.0,0,,random_actions,random_actions:panel_5:0:1145054:0
shared,shared,random_actions,0,30000,1,reference,panel_5,1145054,c01ca1592dc71d4e7cd454dab295dd0310006bd208a95bad035572ef0d44bc92,1,1,29,0.71,0.8136,8,21,10,12,29,11,0,1.082109768100002,0.0,0,,random_actions,random_actions:panel_5:0:1145054:1
shared,shared,random_actions,0,30000,1,reference,panel_5,1145055,cb78e7b6b40e27a6579268d9b02519af81a42c5e16828836a70698408c2c81a8,0,0,32,-0.3200000000000001,0.3280000000000003,19,13,10,4,24,4,1,1.5247574832655832,0.0,0,,random_actions,random_actions:panel_5:0:1145055:0
shared,shared,random_actions,0,30000,1,reference,panel_5,1145055,cb78e7b6b40e27a6579268d9b02519af81a42c5e16828836a70698408c2c81a8,1,0,32,-0.3200000000000001,0.30760000000000026,16,16,12,5,26,7,1,1.5888410934432158,0.0,0,,random_actions,random_actions:panel_5:0:1145055:1
shared,shared,random_actions,0,30000,1,reference,panel_5,1145057,cf5a329e208274b489895c4be5f6cb4d80493460cdaed1792231b6677399ef07,0,0,32,-0.3200000000000001,0.10520000000000006,14,18,12,7,30,10,1,1.8528700078395817,0.0,0,,random_actions,random_actions:panel_5:0:1145057:0
shared,shared,random_actions,0,30000,1,reference,panel_5,1145057,cf5a329e208274b489895c4be5f6cb4d80493460cdaed1792231b6677399ef07,1,0,32,-0.3200000000000001,0.10160000000000008,12,20,14,7,29,11,1,1.8285644676030164,0.0,0,,random_actions,random_actions:panel_5:0:1145057:1
shared,shared,random_actions,0,30000,1,reference,panel_5,1145058,d3831cce3f0f79fcbeb0a50ffad604ab31da4b8e014fc4a2d4086c4c05a52891,0,0,32,-0.3200000000000001,-0.05359999999999984,5,27,17,11,29,11,1,1.9722958056801612,0.0,0,,random_actions,random_actions:panel_5:0:1145058:0
shared,shared,random_actions,0,30000,1,reference,panel_5,1145058,d3831cce3f0f79fcbeb0a50ffad604ab31da4b8e014fc4a2d4086c4c05a52891,1,1,8,0.9199999999999999,1.0556,3,5,0,6,8,4,0,0.19258073000000042,0.0,0,,random_actions,random_actions:panel_5:0:1145058:1
shared,shared,random_actions,0,30000,1,reference,panel_5,1145059,9f7de7cfdf3d4f1489f08b68d46279e74428a526ddfc6c4cd0d89cf81da89606,0,0,32,-0.3200000000000001,0.10280000000000009,4,28,18,11,29,14,1,1.8267131132666825,0.0,0,,random_actions,random_actions:panel_5:0:1145059:0
shared,shared,random_actions,0,30000,1,reference,panel_5,1145059,9f7de7cfdf3d4f1489f08b68d46279e74428a526ddfc6c4cd0d89cf81da89606,1,0,32,-0.3200000000000001,0.14000000000000012,12,20,11,10,28,9,1,1.770895938572944,0.0,0,,random_actions,random_actions:panel_5:0:1145059:1
shared,shared,random_actions,0,30000,1,reference,panel_5,1145060,5fd04e6fa96a2cc8803f66ee2fdae1a10f91f71648a265e068c5730f67b645e9,0,0,32,-0.3200000000000001,-0.08359999999999991,11,21,13,9,30,10,1,2.0201925068280024,0.0,0,,random_actions,random_actions:panel_5:0:1145060:0
shared,shared,random_actions,0,30000,1,reference,panel_5,1145060,5fd04e6fa96a2cc8803f66ee2fdae1a10f91f71648a265e068c5730f67b645e9,1,0,32,-0.3200000000000001,-0.05839999999999987,16,16,13,4,29,7,1,1.9716495896130022,0.0,0,,random_actions,random_actions:panel_5:0:1145060:1
shared,shared,random_actions,0,30000,1,reference,panel_5,1145061,d79a95404e2ad308e93c3094ceab42aaf4f96e1f3fd426fcf1b8cd159f04ffae,0,0,32,-0.3200000000000001,-0.06519999999999997,8,24,15,10,31,12,1,2.031204502400002,0.0,0,,random_actions,random_actions:panel_5:0:1145061:0
shared,shared,random_actions,0,30000,1,reference,panel_5,1145061,d79a95404e2ad308e93c3094ceab42aaf4f96e1f3fd426fcf1b8cd159f04ffae,1,1,12,0.88,1.0712000000000002,2,10,3,8,12,7,0,0.30352130810000055,0.0,0,,random_actions,random_actions:panel_5:0:1145061:1
shared,shared,random_actions,0,30000,1,reference,panel_5,1145062,07cf68944d96e3b0764c0bd834dfb9153d1c6bcf8fb06496c0bda3907987e817,0,0,32,-0.3200000000000001,-0.006399999999999892,9,23,15,9,31,12,1,1.976399907257451,0.0,0,,random_actions,random_actions:panel_5:0:1145062:0
shared,shared,random_actions,0,30000,1,reference,panel_5,1145062,07cf68944d96e3b0764c0bd834dfb9153d1c6bcf8fb06496c0bda3907987e817,1,0,32,-0.3200000000000001,0.022400000000000142,12,20,11,10,27,8,1,1.8519504318753204,0.0,0,,random_actions,random_actions:panel_5:0:1145062:1
shared,shared,random_actions,0,30000,1,reference,panel_5,1145063,864912b0b7e0ae0ad045ac4b7eff6c865a73265a40c2626e708f76b434192be2,0,1,11,0.89,0.9612,2,9,2,8,11,5,0,0.37826342620000075,0.0,0,,random_actions,random_actions:panel_5:0:1145063:0
shared,shared,random_actions,0,30000,1,reference,panel_5,1145063,864912b0b7e0ae0ad045ac4b7eff6c865a73265a40c2626e708f76b434192be2,1,1,2,0.98,1.0212,1,1,0,2,2,1,0,0.03970000000000007,0.0,0,,random_actions,random_actions:panel_5:0:1145063:1
shared,shared,random_actions,0,30000,1,reference,panel_5,1145064,4b0c8552b5d8034db0d5fe2fb9a329ad12bb4647a540bd73808f241804375edd,0,1,12,0.88,1.0808,4,8,2,7,12,6,0,0.2943820505000002,0.0,0,,random_actions,random_actions:panel_5:0:1145064:0
shared,shared,random_actions,0,30000,1,reference,panel_5,1145064,4b0c8552b5d8034db0d5fe2fb9a329ad12bb4647a540bd73808f241804375edd,1,0,32,-0.3200000000000001,-0.07119999999999994,9,23,17,7,29,10,1,1.9807755362000017,0.0,0,,random_actions,random_actions:panel_5:0:1145064:1
shared,shared,random_actions,1,30000,1,reference,panel_5,1145000,04b2f542acbebb49e2e19e80954d9d140638b2731a094dca1ba1cbc03342f281,0,0,32,-0.3200000000000001,-0.08759999999999984,9,23,17,7,28,8,1,1.975268313973872,0.0,0,,random_actions,random_actions:panel_5:1:1145000:0
shared,shared,random_actions,1,30000,1,reference,panel_5,1145000,04b2f542acbebb49e2e19e80954d9d140638b2731a094dca1ba1cbc03342f281,1,0,32,-0.3200000000000001,-0.04559999999999992,11,21,12,10,25,6,1,1.877911454365057,0.0,0,,random_actions,random_actions:panel_5:1:1145000:1
shared,shared,random_actions,1,30000,1,reference,panel_5,1145001,7b22e5d9c3b5f24bf392291aa08483d3c3b474aafa85ece77f49eadf6765a74c,0,0,32,-0.3200000000000001,0.007200000000000109,8,24,14,11,31,13,1,1.963269753848292,0.0,0,,random_actions,random_actions:panel_5:1:1145001:0
shared,shared,random_actions,1,30000,1,reference,panel_5,1145001,7b22e5d9c3b5f24bf392291aa08483d3c3b474aafa85ece77f49eadf6765a74c,1,0,32,-0.3200000000000001,0.04320000000000007,11,21,11,11,28,10,1,1.8587940247308712,0.0,0,,random_actions,random_actions:panel_5:1:1145001:1
shared,shared,random_actions,1,30000,1,reference,panel_5,1145002,4c91ea6833a99739a8cd70421c659118b413ff3d5d0484368a1f803a9248cac2,0,1,2,0.98,1.0612,0,2,0,3,2,2,0,0.0,0.0,0,,random_actions,random_actions:panel_5:1:1145002:0
shared,shared,random_actions,1,30000,1,reference,panel_5,1145002,4c91ea6833a99739a8cd70421c659118b413ff3d5d0484368a1f803a9248cac2,1,1,11,0.89,0.9928,5,6,2,5,11,4,0,0.34665246000000083,0.0,0,,random_actions,random_actions:panel_5:1:1145002:1
shared,shared,random_actions,1,30000,1,reference,panel_5,1145003,c2ec9309b4e5498a90ee193dbccc6e33f67b6f758a85328ebf1807bbebdbe776,0,0,32,-0.3200000000000001,0.14120000000000013,9,23,15,9,30,12,1,1.819380354791437,0.0,0,,random_actions,random_actions:panel_5:1:1145003:0
shared,shared,random_actions,1,30000,1,reference,panel_5,1145003,c2ec9309b4e5498a90ee193dbccc6e33f67b6f758a85328ebf1807bbebdbe776,1,0,32,-0.3200000000000001,0.16880000000000017,14,18,12,7,27,8,1,1.7231090748967985,0.0,0,,random_actions,random_actions:panel_5:1:1145003:1
shared,shared,random_actions,1,30000,1,reference,panel_5,1145004,7b48df4ed9e2de19b8edcf39296fc42d7e78c166bd383f099df065cdcf795870,0,0,32,-0.3200000000000001,0.0640000000000001,7,25,17,9,29,12,1,1.8612186746661608,0.0,0,,random_actions,random_actions:panel_5:1:1145004:0
shared,shared,random_actions,1,30000,1,reference,panel_5,1145004,7b48df4ed9e2de19b8edcf39296fc42d7e78c166bd383f099df065cdcf795870,1,0,32,-0.3200000000000001,0.07840000000000008,7,25,13,13,30,13,1,1.8737466775144516,0.0,0,,random_actions,random_actions:panel_5:1:1145004:1
shared,shared,random_actions,1,30000,1,reference,panel_5,1145005,9796522cf76dda8ad9ab46e03873794393a55c5c9c1b6c815bed2995f5f29c95,0,0,32,-0.3200000000000001,0.0060000000000001025,5,27,19,9,28,12,1,1.8853597113850018,0.0,0,,random_actions,random_actions:panel_5:1:1145005:0
shared,shared,random_actions,1,30000,1,reference,panel_5,1145005,9796522cf76dda8ad9ab46e03873794393a55c5c9c1b6c815bed2995f5f29c95,1,0,32,-0.3200000000000001,0.0636000000000002,7,25,20,6,27,11,1,1.8100826530197407,0.0,0,,random_actions,random_actions:panel_5:1:1145005:1
shared,shared,random_actions,1,30000,1,reference,panel_5,1145006,b54a5a58b941846c8cb7ceb6c31f2767901db9cf86c30e460ba9447d65c0d03e,0,1,23,0.7699999999999999,0.9800000000000001,10,13,7,7,23,8,0,0.7336619153000006,0.0,0,,random_actions,random_actions:panel_5:1:1145006:0
shared,shared,random_actions,1,30000,1,reference,panel_5,1145006,b54a5a58b941846c8cb7ceb6c31f2767901db9cf86c30e460ba9447d65c0d03e,1,0,32,-0.3200000000000001,-0.055999999999999744,11,21,11,11,27,8,1,1.925014305809161,0.0,0,,random_actions,random_actions:panel_5:1:1145006:1
shared,shared,random_actions,1,30000,1,reference,panel_5,1145007,910eea99e0adab3a6a6db583c3079c50a4f67ede0e234d52448453d7a3ab39ad,0,1,11,0.89,1.1272,4,7,0,8,11,6,0,0.22093282721400043,0.0,0,,random_actions,random_actions:panel_5:1:1145007:0
shared,shared,random_actions,1,30000,1,reference,panel_5,1145007,910eea99e0adab3a6a6db583c3079c50a4f67ede0e234d52448453d7a3ab39ad,1,0,32,-0.3200000000000001,0.06360000000000017,7,25,16,10,29,11,1,1.8599988031729722,0.0,0,,random_actions,random_actions:panel_5:1:1145007:1
shared,shared,random_actions,1,30000,1,reference,panel_5,1145008,f9176f9a224d56b0cfc94f958259a0f4d18537b816ae5d5a747ce8724655b269,0,0,32,-0.3200000000000001,-0.017599999999999894,9,23,16,8,28,9,1,1.9102282854197408,0.0,0,,random_actions,random_actions:panel_5:1:1145008:0
shared,shared,random_actions,1,30000,1,reference,panel_5,1145008,f9176f9a224d56b0cfc94f958259a0f4d18537b816ae5d5a747ce8724655b269,1,1,21,0.7899999999999999,0.9688000000000001,12,9,1,9,21,6,0,0.6817154181000016,0.0,0,,random_actions,random_actions:panel_5:1:1145008:1
shared,shared,random_actions,1,30000,1,reference,panel_5,1145009,2b482ac63ee1ae956658bf12adfb9790b2fc64b722ca4c72f8ce4752552875a4,0,0,32,-0.3200000000000001,-0.07679999999999981,6,26,14,13,28,10,1,1.9694960917535815,0.0,0,,random_actions,random_actions:panel_5:1:1145009:0
shared,shared,random_actions,1,30000,1,reference,panel_5,1145009,2b482ac63ee1ae956658bf12adfb9790b2fc64b722ca4c72f8ce4752552875a4,1,1,2,0.98,1.0612,0,2,0,3,2,2,0,0.0,0.0,0,,random_actions,random_actions:panel_5:1:1145009:1
shared,shared,random_actions,1,30000,1,reference,panel_5,1145010,d3ae5b7939082a3382bb5f18419954a9461bea4405bbb9cf8e518d8d6fb7fd48,0,1,4,0.96,1.0036,3,1,0,2,4,1,0,0.1191000000000002,0.0,0,,random_actions,random_actions:panel_5:1:1145010:0
shared,shared,random_actions,1,30000,1,reference,panel_5,1145010,d3ae5b7939082a3382bb5f18419954a9461bea4405bbb9cf8e518d8d6fb7fd48,1,0,32,-0.3200000000000001,-0.2151999999999999,18,14,12,3,31,6,1,2.1744980000000025,0.0,0,,random_actions,random_actions:panel_5:1:1145010:1
shared,shared,random_actions,1,30000,1,reference,panel_5,1145011,200e6a814265f2dfea7480f96c4b8edeec09db2c2d81cfee9ed370a0edfa525f,0,1,13,0.87,0.9800000000000001,3,10,5,6,13,6,0,0.4214303081000008,0.0,0,,random_actions,random_actions:panel_5:1:1145011:0
shared,shared,random_actions,1,30000,1,reference,panel_5,1145011,200e6a814265f2dfea7480f96c4b8edeec09db2c2d81cfee9ed370a0edfa525f,1,1,9,0.91,1.008,1,8,4,5,9,5,0,0.2696344600000006,0.0,0,,random_actions,random_actions:panel_5:1:1145011:1
shared,shared,random_actions,1,30000,1,reference,panel_5,1145012,a402a3eaaead6984de15f7eec1364dacdcb4f4130756dff30c995b7e50eff98e,0,0,32,-0.3200000000000001,0.13000000000000012,18,14,11,4,28,7,1,1.779249524851307,0.0,0,,random_actions,random_actions:panel_5:1:1145012:0
shared,shared,random_actions,1,30000,1,reference,panel_5,1145012,a402a3eaaead6984de15f7eec1364dacdcb4f4130756dff30c995b7e50eff98e,1,0,32,-0.3200000000000001,0.13840000000000022,15,17,11,7,28,7,1,1.7795737561876965,0.0,0,,random_actions,random_actions:panel_5:1:1145012:1
shared,shared,random_actions,1,30000,1,reference,panel_5,1145013,473b2c33bc69440e675a3e4024115372253c2484d4b37477d99cd98892abd24e,0,0,32,-0.3200000000000001,0.0380000000000002,5,27,22,6,29,12,1,1.887532977533364,0.0,0,,random_actions,random_actions:panel_5:1:1145013:0
shared,shared,random_actions,1,30000,1,reference,panel_5,1145013,473b2c33bc69440e675a3e4024115372253c2484d4b37477d99cd98892abd24e,1,0,32,-0.3200000000000001,0.039200000000000235,10,22,11,12,27,9,1,1.8423255870357846,0.0,0,,random_actions,random_actions:panel_5:1:1145013:1
shared,shared,random_actions,1,30000,1,reference,panel_5,1145014,fccfa6386683a4257db5ccd854bedd05afe1463702f112cfdfd7647b332f705b,0,0,32,-0.3200000000000001,-0.057199999999999904,8,24,15,10,31,12,1,2.0227972082738717,0.0,0,,random_actions,random_actions:panel_5:1:1145014:0
shared,shared,random_actions,1,30000,1,reference,panel_5,1145014,fccfa6386683a4257db5ccd854bedd05afe1463702f112cfdfd7647b332f705b,1,1,4,0.96,1.086,1,3,0,4,4,3,0,0.038509000000000126,0.0,0,,random_actions,random_actions:panel_5:1:1145014:1
shared,shared,random_actions,1,30000,1,reference,panel_5,1145015,4840963c8cd284b9b51d764e8db9f049f3db5fde8a2ec557254d6dc261bed182,0,0,32,-0.3200000000000001,0.0008000000000001756,8,24,18,7,29,10,1,1.9166625207371606,0.0,0,,random_actions,random_actions:panel_5:1:1145015:0
shared,shared,random_actions,1,30000,1,reference,panel_5,1145015,4840963c8cd284b9b51d764e8db9f049f3db5fde8a2ec557254d6dc261bed182,1,1,16,0.84,1.0648,4,12,4,9,16,8,0,0.43496654872800067,0.0,0,,random_actions,random_actions:panel_5:1:1145015:1
shared,shared,random_actions,1,30000,1,reference,panel_5,1145016,57e0ccc8f74a3b9c4c57c87cf22f221cbe6eaff2a691e79937148fa66004cb22,0,1,2,0.98,1.0612,0,2,0,3,2,2,0,0.0,0.0,0,,random_actions,random_actions:panel_5:1:1145016:0
shared,shared,random_actions,1,30000,1,reference,panel_5,1145016,57e0ccc8f74a3b9c4c57c87cf22f221cbe6eaff2a691e79937148fa66004cb22,1,1,4,0.96,1.0472000000000001,0,4,0,5,4,3,0,0.07586273000000021,0.0,0,,random_actions,random_actions:panel_5:1:1145016:1
shared,shared,random_actions,1,30000,1,reference,panel_5,1145017,d6a81928e7840eec4317d8a62543ee0f5899e13ee5ae21f2e3544b154e20f111,0,0,32,-0.3200000000000001,-0.11759999999999998,9,23,11,13,30,10,1,2.056526511191292,0.0,0,,random_actions,random_actions:panel_5:1:1145017:0
shared,shared,random_actions,1,30000,1,reference,panel_5,1145017,d6a81928e7840eec4317d8a62543ee0f5899e13ee5ae21f2e3544b154e20f111,1,0,32,-0.3200000000000001,-0.08399999999999974,12,20,12,9,30,8,1,2.02506865484587,0.0,0,,random_actions,random_actions:panel_5:1:1145017:1
shared,shared,random_actions,1,30000,1,reference,panel_5,1145018,a0cdabda377ce8db01430493d6c5f1f86969c9bc2a0f435aeafd3092920df4b4,0,1,2,0.98,1.0212,1,1,0,2,2,1,0,0.03970000000000007,0.0,0,,random_actions,random_actions:panel_5:1:1145018:0
shared,shared,random_actions,1,30000,1,reference,panel_5,1145018,a0cdabda377ce8db01430493d6c5f1f86969c9bc2a0f435aeafd3092920df4b4,1,1,1,0.99,1.03,0,1,0,2,1,1,0,0.0,0.0,0,,random_actions,random_actions:panel_5:1:1145018:1
shared,shared,random_actions,1,30000,1,reference,panel_5,1145019,1a0d480d47c049bdf33625e1f78261262e011cf315a599d3b9b0c9e2c720ed6e,0,0,32,-0.3200000000000001,-0.1488,5,27,17,11,31,13,1,2.1093431143000023,0.0,0,,random_actions,random_actions:panel_5:1:1145019:0
shared,shared,random_actions,1,30000,1,reference,panel_5,1145019,1a0d480d47c049bdf33625e1f78261262e011cf315a599d3b9b0c9e2c720ed6e,1,1,21,0.7899999999999999,0.924,7,14,4,11,21,8,0,0.7248812281000016,0.0,0,,random_actions,random_actions:panel_5:1:1145019:1
shared,shared,random_actions,1,30000,1,reference,panel_5,1145020,8e0b66c3e8dfadacfb9e6c51572b5a00bdedf30944df56d5657dcbfaa7b8fdff,0,1,3,0.97,1.0536,1,2,0,3,3,2,0,0.038509000000000126,0.0,0,,random_actions,random_actions:panel_5:1:1145020:0
shared,shared,random_actions,1,30000,1,reference,panel_5,1145020,8e0b66c3e8dfadacfb9e6c51572b5a00bdedf30944df56d5657dcbfaa7b8fdff,1,1,23,0.7699999999999999,0.9232,7,16,9,8,23,9,0,0.7883815615140016,0.0,0,,random_actions,random_actions:panel_5:1:1145020:1
shared,shared,random_actions,1,30000,1,reference,panel_5,1145021,67c978c5934e92e0f00b62b0457f711180d5ca7bf063606e6cd0359a86582a74,0,1,32,0.6799999999999999,0.8768,9,23,14,10,32,13,0,1.1135095700000024,0.0,0,,random_actions,random_actions:panel_5:1:1145021:0
shared,shared,random_actions,1,30000,1,reference,panel_5,1145021,67c978c5934e92e0f00b62b0457f711180d5ca7bf063606e6cd0359a86582a74,1,1,22,0.7799999999999999,0.9540000000000001,11,11,7,5,22,7,0,0.7272285700000013,0.0,0,,random_actions,random_actions:panel_5:1:1145021:1
shared,shared,random_actions,1,30000,1,reference,panel_5,1145022,67d615424dde3d8c74044d253e399e2da9badbd04ed3b2cfa69701cf4089a4a9,0,0,32,-0.3200000000000001,-0.03199999999999989,15,17,13,5,27,6,1,1.8978034428308708,0.0,0,,random_actions,random_actions:panel_5:1:1145022:0
shared,shared,random_actions,1,30000,1,reference,panel_5,1145022,67d615424dde3d8c74044d253e399e2da9badbd04ed3b2cfa69701cf4089a4a9,1,1,3,0.97,1.0936,0,3,0,4,3,3,0,0.0,0.0,0,,random_actions,random_actions:panel_5:1:1145022:1
shared,shared,random_actions,1,30000,1,reference,panel_5,1145023,bfcfccfb4ffde8c2330df19e4b4da695c6adf803e30e2e782abec9f5807385d0,0,1,27,0.73,1.0476,6,21,9,13,27,13,0,0.7974638044115806,0.0,0,,random_actions,random_actions:panel_5:1:1145023:0
shared,shared,random_actions,1,30000,1,reference,panel_5,1145023,bfcfccfb4ffde8c2330df19e4b4da695c6adf803e30e2e782abec9f5807385d0,1,0,32,-0.3200000000000001,0.057600000000000116,10,22,15,8,28,9,1,1.8357185013588997,0.0,0,,random_actions,random_actions:panel_5:1:1145023:1
shared,shared,random_actions,1,30000,1,reference,panel_5,1145024,44d64d147ced3029de22e58077325dedf77b0073ef735ff346199fef6d3b74f0,0,0,32,-0.3200000000000001,0.17240000000000016,9,23,17,7,27,10,1,1.7217957390416245,0.0,0,,random_actions,random_actions:panel_5:1:1145024:0
shared,shared,random_actions,1,30000,1,reference,panel_5,1145024,44d64d147ced3029de22e58077325dedf77b0073ef735ff346199fef6d3b74f0,1,0,32,-0.3200000000000001,0.17720000000000014,13,19,14,6,28,9,1,1.7432407622185817,0.0,0,,random_actions,random_actions:panel_5:1:1145024:1
shared,shared,random_actions,1,30000,1,reference,panel_5,1145025,75f172716293e896596bb90967da4235631842ff278fa7708cd714204348e949,0,1,7,0.9299999999999999,0.9868,2,5,2,4,7,3,0,0.22877919000000047,0.0,0,,random_actions,random_actions:panel_5:1:1145025:0
shared,shared,random_actions,1,30000,1,reference,panel_5,1145025,75f172716293e896596bb90967da4235631842ff278fa7708cd714204348e949,1,1,15,0.85,0.9152,6,9,4,6,15,5,0,0.5474987300000009,0.0,0,,random_actions,random_actions:panel_5:1:1145025:1
shared,shared,random_actions,1,30000,1,reference,panel_5,1145026,09a14258bdcbdea9a9fa4a19313f8106faa201b9b1d99e3e065fcffe60169ef5,0,1,5,0.95,1.0772,0,5,1,5,5,4,0,0.07820900000000008,0.0,0,,random_actions,random_actions:panel_5:1:1145026:0
shared,shared,random_actions,1,30000,1,reference,panel_5,1145026,09a14258bdcbdea9a9fa4a19313f8106faa201b9b1d99e3e065fcffe60169ef5,1,1,26,0.74,0.9356,1,25,15,11,26,14,0,0.8698473188570017,0.0,0,,random_actions,random_actions:panel_5:1:1145026:1
shared,shared,random_actions,1,30000,1,reference,panel_5,1145027,27491304d924c85b9e33178f9b9a9506a41da7366a16b526cca81f5c361aafc3,0,1,7,0.9299999999999999,1.102,3,4,0,5,7,4,0,0.11790900000000026,0.0,0,,random_actions,random_actions:panel_5:1:1145027:0
shared,shared,random_actions,1,30000,1,reference,panel_5,1145027,27491304d924c85b9e33178f9b9a9506a41da7366a16b526cca81f5c361aafc3,1,0,32,-0.3200000000000001,0.04160000000000022,8,24,14,11,26,8,1,1.8123094478218562,0.0,0,,random_actions,random_actions:panel_5:1:1145027:1
shared,shared,random_actions,1,30000,1,reference,panel_5,1145028,dce51af611ea72e73f23b8b04218f490e2fb8561a034356ef2a78697e5400e00,0,1,2,0.98,1.0612,0,2,0,3,2,2,0,0.0,0.0,0,,random_actions,random_actions:panel_5:1:1145028:0
shared,shared,random_actions,1,30000,1,reference,panel_5,1145028,dce51af611ea72e73f23b8b04218f490e2fb8561a034356ef2a78697e5400e00,1,0,32,-0.3200000000000001,-0.06479999999999983,16,16,10,7,29,7,1,1.9798155882666113,0.0,0,,random_actions,random_actions:panel_5:1:1145028:1
shared,shared,random_actions,1,30000,1,reference,panel_5,1145029,ba2861b193480560cca481695f87398c39c50008288d2f60871c4feaff229cc9,0,0,32,-0.3200000000000001,-0.057199999999999876,12,20,13,8,30,9,1,1.9944385962458713,0.0,0,,random_actions,random_actions:panel_5:1:1145029:0
shared,shared,random_actions,1,30000,1,reference,panel_5,1145029,ba2861b193480560cca481695f87398c39c50008288d2f60871c4feaff229cc9,1,1,11,0.89,1.0316,2,9,5,5,11,6,0,0.30933446000000064,0.0,0,,random_actions,random_actions:panel_5:1:1145029:1
shared,shared,random_actions,1,30000,1,reference,panel_5,1145030,337b19d5c5199951bb564e07079635598f2446ec6e8f5a67400e60ad38b47ce5,0,1,14,0.86,1.108,5,9,1,9,14,7,0,0.33337223259129056,0.0,0,,random_actions,random_actions:panel_5:1:1145030:0
shared,shared,random_actions,1,30000,1,reference,panel_5,1145030,337b19d5c5199951bb564e07079635598f2446ec6e8f5a67400e60ad38b47ce5,1,0,32,-0.3200000000000001,0.054000000000000076,10,22,12,11,29,10,1,1.8740399288980305,0.0,0,,random_actions,random_actions:panel_5:1:1145030:1
shared,shared,random_actions,1,30000,1,reference,panel_5,1145031,88f999b5e02c79813d0f762880a1d628d31c2622f6f6ed4fc47d0cdd942b0161,0,1,26,0.74,0.92,7,19,11,9,26,11,0,0.8847661100000016,0.0,0,,random_actions,random_actions:panel_5:1:1145031:0
shared,shared,random_actions,1,30000,1,reference,panel_5,1145031,88f999b5e02c79813d0f762880a1d628d31c2622f6f6ed4fc47d0cdd942b0161,1,0,32,-0.3200000000000001,-0.12199999999999993,14,18,14,5,30,9,1,2.0566843800000028,0.0,0,,random_actions,random_actions:panel_5:1:1145031:1
shared,shared,random_actions,1,30000,1,reference,panel_5,1145032,18362f8c860f13ecf7e3fe203feec9535dd658f438ab3c9ad0e035f04a70bcc2,0,0,32,-0.3200000000000001,0.004800000000000124,8,24,15,10,31,13,1,1.9657200303052917,0.0,0,,random_actions,random_actions:panel_5:1:1145032:0
shared,shared,random_actions,1,30000,1,reference,panel_5,1145032,18362f8c860f13ecf7e3fe203feec9535dd658f438ab3c9ad0e035f04a70bcc2,1,1,16,0.84,1.082,7,9,2,8,16,7,0,0.4203800843000004,0.0,0,,random_actions,random_actions:panel_5:1:1145032:1
shared,shared,random_actions,1,30000,1,reference,panel_5,1145033,92686e3eb6994a72f629a1e3ba70149f3ba18be8cc9d5952089775d28c8035b6,0,0,32,-0.3200000000000001,0.1864000000000003,15,17,11,7,28,7,1,1.7356196120710674,0.0,0,,random_actions,random_actions:panel_5:1:1145033:0
shared,shared,random_actions,1,30000,1,reference,panel_5,1145033,92686e3eb6994a72f629a1e3ba70149f3ba18be8cc9d5952089775d28c8035b6,1,0,32,-0.3200000000000001,0.08560000000000009,9,23,11,13,31,13,1,1.8934704954159005,0.0,0,,random_actions,random_actions:panel_5:1:1145033:1
shared,shared,random_actions,1,30000,1,reference,panel_5,1145034,47e540b7fcdb2cabfb1c9e2b82809ed19b0e57872b755f9bd3352f9d0e7362a8,0,0,32,-0.3200000000000001,-0.014799999999999869,11,21,8,14,31,11,1,1.9831329382738718,0.0,0,,random_actions,random_actions:panel_5:1:1145034:0
shared,shared,random_actions,1,30000,1,reference,panel_5,1145034,47e540b7fcdb2cabfb1c9e2b82809ed19b0e57872b755f9bd3352f9d0e7362a8,1,1,29,0.71,0.9960000000000001,7,22,9,14,29,13,0,0.9078269575801611,0.0,0,,random_actions,random_actions:panel_5:1:1145034:1
shared,shared,random_actions,1,30000,1,reference,panel_5,1145035,b43db4f5a8eb4dcb2bb3d7a2405dde511931b732fad786bb68f55613a830262e,0,1,6,0.94,1.0744,1,5,0,6,6,4,0,0.11209584810000028,0.0,0,,random_actions,random_actions:panel_5:1:1145035:0
shared,shared,random_actions,1,30000,1,reference,panel_5,1145035,b43db4f5a8eb4dcb2bb3d7a2405dde511931b732fad786bb68f55613a830262e,1,0,32,-0.3200000000000001,0.020800000000000263,12,20,11,10,28,7,1,1.8817827211364515,0.0,0,,random_actions,random_actions:panel_5:1:1145035:1
shared,shared,random_actions,1,30000,1,reference,panel_5,1145036,f5b092187a85cc0ada8dc5b1db875e47e49a24a87f9459381f27c7e78ab520be,0,0,32,-0.3200000000000001,0.09080000000000035,12,20,13,8,27,8,1,1.799546991472706,0.0,0,,random_actions,random_actions:panel_5:1:1145036:0
shared,shared,random_actions,1,30000,1,reference,panel_5,1145036,f5b092187a85cc0ada8dc5b1db875e47e49a24a87f9459381f27c7e78ab520be,1,1,17,0.83,1.0656,7,10,2,9,17,7,0,0.4657616422685805,0.0,0,,random_actions,random_actions:panel_5:1:1145036:1
shared,shared,random_actions,1,30000,1,reference,panel_5,1145037,ff9b45dadf5f2581f6e05c029e3bd83e793731bb6003fc4602dd413c59644dd0,0,0,32,-0.3200000000000001,0.25880000000000025,14,18,12,7,25,5,1,1.6091825278531582,0.0,0,,random_actions,random_actions:panel_5:1:1145037:0
shared,shared,random_actions,1,30000,1,reference,panel_5,1145037,ff9b45dadf5f2581f6e05c029e3bd83e793731bb6003fc4602dd413c59644dd0,1,0,32,-0.3200000000000001,0.18920000000000015,8,24,17,8,26,11,1,1.68468567307871,0.0,0,,random_actions,random_actions:panel_5:1:1145037:1
shared,shared,random_actions,1,30000,1,reference,panel_5,1145038,7f34ae4408ef98c20476cabb6ff6deba601b546ab3187827a0a2b02860a7ec38,0,0,32,-0.3200000000000001,0.32960000000000056,11,21,10,12,21,4,1,1.4732489759998475,0.0,0,,random_actions,random_actions:panel_5:1:1145038:0
shared,shared,random_actions,1,30000,1,reference,panel_5,1145038,7f34ae4408ef98c20476cabb6ff6deba601b546ab3187827a0a2b02860a7ec38,1,0,32,-0.3200000000000001,0.2636000000000003,13,19,14,6,25,7,1,1.6052421979717182,0.0,0,,random_actions,random_actions:panel_5:1:1145038:1
shared,shared,random_actions,1,30000,1,reference,panel_5,1145039,d0abb4c4e1a775e7fc8c2795c6276adbcedf403ca5d4f5103c357b5be149646b,0,1,12,0.88,0.9852000000000001,6,6,3,4,12,4,0,0.38519719000000086,0.0,0,,random_actions,random_actions:panel_5:1:1145039:0
shared,shared,random_actions,1,30000,1,reference,panel_5,1145039,d0abb4c4e1a775e7fc8c2795c6276adbcedf403ca5d4f5103c357b5be149646b,1,1,4,0.96,1.0472000000000001,0,4,1,4,4,3,0,0.07586273000000021,0.0,0,,random_actions,random_actions:panel_5:1:1145039:1
shared,shared,random_actions,1,30000,1,reference,panel_5,1145040,6298cfe5ac31a5d99e7f674e87e939767e9b30f83e09939a4d336c6ca1e5dc3b,0,0,32,-0.3200000000000001,0.058800000000000185,8,24,16,9,28,11,1,1.8403611245565958,0.0,0,,random_actions,random_actions:panel_5:1:1145040:0
shared,shared,random_actions,1,30000,1,reference,panel_5,1145040,6298cfe5ac31a5d99e7f674e87e939767e9b30f83e09939a4d336c6ca1e5dc3b,1,0,32,-0.3200000000000001,0.11880000000000025,17,15,9,7,26,6,1,1.7468879520960559,0.0,0,,random_actions,random_actions:panel_5:1:1145040:1
shared,shared,random_actions,1,30000,1,reference,panel_5,1145041,14728e883162d9eafda0f52f235c34b5b73f3432f7058001f72b1a8e93c954d8,0,0,32,-0.3200000000000001,-0.04839999999999989,11,21,14,8,29,10,1,1.9623562448000018,0.0,0,,random_actions,random_actions:panel_5:1:1145041:0
shared,shared,random_actions,1,30000,1,reference,panel_5,1145041,14728e883162d9eafda0f52f235c34b5b73f3432f7058001f72b1a8e93c954d8,1,0,32,-0.3200000000000001,-0.06159999999999985,12,20,13,8,29,9,1,1.9741579829000009,0.0,0,,random_actions,random_actions:panel_5:1:1145041:1
shared,shared,random_actions,1,30000,1,reference,panel_5,1145042,d1ba84f4950ba9228e3a003002240041b9463275289f2f568eefaef0f0f733a6,0,1,31,0.69,0.9920000000000001,10,21,12,10,31,13,0,0.9750094031570019,0.0,0,,random_actions,random_actions:panel_5:1:1145042:0
shared,shared,random_actions,1,30000,1,reference,panel_5,1145042,d1ba84f4950ba9228e3a003002240041b9463275289f2f568eefaef0f0f733a6,1,0,32,-0.3200000000000001,0.06000000000000015,11,21,10,12,31,11,1,1.9159768923724227,0.0,0,,random_actions,random_actions:panel_5:1:1145042:1
shared,shared,random_actions,1,30000,1,reference,panel_5,1145043,c71cb14978fba550b7e7e499650ddeb20d331a41763868429c38a8a515c747dc,0,1,1,0.99,1.03,0,1,0,2,1,1,0,0.0,0.0,0,,random_actions,random_actions:panel_5:1:1145043:0
shared,shared,random_actions,1,30000,1,reference,panel_5,1145043,c71cb14978fba550b7e7e499650ddeb20d331a41763868429c38a8a515c747dc,1,0,32,-0.3200000000000001,-0.1552,5,27,17,11,29,11,1,2.067726342014002,0.0,0,,random_actions,random_actions:panel_5:1:1145043:1
shared,shared,random_actions,1,30000,1,reference,panel_5,1145044,8b69855d3a1070137b7bcf1fa8b8b5c26f616d503bf402be4b7c962ac0320d9b,0,1,31,0.69,1.0268000000000002,14,17,10,8,31,11,0,0.9429100053598707,0.0,0,,random_actions,random_actions:panel_5:1:1145044:0
shared,shared,random_actions,1,30000,1,reference,panel_5,1145044,8b69855d3a1070137b7bcf1fa8b8b5c26f616d503bf402be4b7c962ac0320d9b,1,1,29,0.71,1.0348000000000002,10,19,12,8,29,12,0,0.8724811399825806,0.0,0,,random_actions,random_actions:panel_5:1:1145044:1
shared,shared,random_actions,1,30000,1,reference,panel_5,1145045,48a911654cb640805801aead90b405984def089353180e8eb086cd0264fbc3b4,0,0,32,-0.3200000000000001,0.13240000000000018,12,20,14,7,28,9,1,1.7720279745490306,0.0,0,,random_actions,random_actions:panel_5:1:1145045:0
shared,shared,random_actions,1,30000,1,reference,panel_5,1145045,48a911654cb640805801aead90b405984def089353180e8eb086cd0264fbc3b4,1,1,32,0.6799999999999999,1.0748000000000002,12,20,8,13,32,13,0,0.9327586766938565,0.0,0,,random_actions,random_actions:panel_5:1:1145045:1
shared,shared,random_actions,1,30000,1,reference,panel_5,1145046,03d7a8079d3283b72c654b2b0568a0370290a532dcf6c2de5ff035570b12e890,0,0,32,-0.3200000000000001,0.030800000000000105,12,20,16,5,27,8,1,1.8443058416158997,0.0,0,,random_actions,random_actions:panel_5:1:1145046:0
shared,shared,random_actions,1,30000,1,reference,panel_5,1145046,03d7a8079d3283b72c654b2b0568a0370290a532dcf6c2de5ff035570b12e890,1,0,32,-0.3200000000000001,-0.005199999999999871,10,22,14,9,29,10,1,1.9244090370028708,0.0,0,,random_actions,random_actions:panel_5:1:1145046:1
shared,shared,random_actions,1,30000,1,reference,panel_5,1145047,3b16345d1818b2475d83937c5edafb08fcd0f941540661c7edd85359d2f00549,0,1,5,0.95,1.0408,1,4,1,4,5,3,0,0.1132164600000003,0.0,0,,random_actions,random_actions:panel_5:1:1145047:0
shared,shared,random_actions,1,30000,1,reference,panel_5,1145047,3b16345d1818b2475d83937c5edafb08fcd0f941540661c7edd85359d2f00549,1,1,9,0.91,1.0032,1,8,5,4,9,5,0,0.2743270000000003,0.0,0,,random_actions,random_actions:panel_5:1:1145047:1
shared,shared,random_actions,1,30000,1,reference,panel_5,1145048,c5ce8f55300382ccb76e1bdf568a906be2a34a0edb2a08da9ba66daf5c9a59c2,0,1,2,0.98,1.0612,0,2,0,3,2,2,0,0.0,0.0,0,,random_actions,random_actions:panel_5:1:1145048:0
shared,shared,random_actions,1,30000,1,reference,panel_5,1145048,c5ce8f55300382ccb76e1bdf568a906be2a34a0edb2a08da9ba66daf5c9a59c2,1,1,2,0.98,1.0612,0,2,0,3,2,2,0,0.0,0.0,0,,random_actions,random_actions:panel_5:1:1145048:1
shared,shared,random_actions,1,30000,1,reference,panel_5,1145049,603cfef43fad0c7e84f1ae2269c57f425cda4c4ca2fcccbb488d98b50b74da6d,0,0,32,-0.3200000000000001,0.06960000000000015,15,17,9,9,28,8,1,1.828434696583132,0.0,0,,random_actions,random_actions:panel_5:1:1145049:0
shared,shared,random_actions,1,30000,1,reference,panel_5,1145049,603cfef43fad0c7e84f1ae2269c57f425cda4c4ca2fcccbb488d98b50b74da6d,1,0,32,-0.3200000000000001,0.07440000000000023,15,17,13,5,27,6,1,1.8025685624985244,0.0,0,,random_actions,random_actions:panel_5:1:1145049:1
shared,shared,random_actions,1,30000,1,reference,panel_5,1145050,35549355f2c06c576a7052c64afd99e9b154d837799939e589e4058f71a880f3,0,1,5,0.95,0.996,2,3,1,3,5,2,0,0.15760900000000022,0.0,0,,random_actions,random_actions:panel_5:1:1145050:0
shared,shared,random_actions,1,30000,1,reference,panel_5,1145050,35549355f2c06c576a7052c64afd99e9b154d837799939e589e4058f71a880f3,1,1,1,0.99,1.03,0,1,0,2,1,1,0,0.0,0.0,0,,random_actions,random_actions:panel_5:1:1145050:1
shared,shared,random_actions,1,30000,1,reference,panel_5,1145051,b65d693b681fa80bf671ef896d1e00b2a4dfd8dfa0a3763019cfc8ff3f4c3974,0,0,32,-0.3200000000000001,-0.06759999999999995,12,20,15,6,30,10,1,2.005675390757002,0.0,0,,random_actions,random_actions:panel_5:1:1145051:0
shared,shared,random_actions,1,30000,1,reference,panel_5,1145051,b65d693b681fa80bf671ef896d1e00b2a4dfd8dfa0a3763019cfc8ff3f4c3974,1,0,32,-0.3200000000000001,0.01520000000000013,11,21,12,10,27,8,1,1.8582410988371598,0.0,0,,random_actions,random_actions:panel_5:1:1145051:1
shared,shared,random_actions,1,30000,1,reference,panel_5,1145052,9daba76ac71e8481ef7680f2696b354689538b3d3486a8c6f34adc1e45e6673a,0,0,32,-0.3200000000000001,0.02520000000000011,17,15,9,7,30,8,1,1.9197047346700016,0.0,0,,random_actions,random_actions:panel_5:1:1145052:0
shared,shared,random_actions,1,30000,1,reference,panel_5,1145052,9daba76ac71e8481ef7680f2696b354689538b3d3486a8c6f34adc1e45e6673a,1,0,32,-0.3200000000000001,0.0336000000000001,11,21,12,10,29,10,1,1.8897021563067407,0.0,0,,random_actions,random_actions:panel_5:1:1145052:1
shared,shared,random_actions,1,30000,1,reference,panel_5,1145053,422e92f2b2bea572d3de51ee128e8700a1260c57e04f79d7f40ce4208b21aa97,0,1,32,0.6799999999999999,0.8304000000000001,11,21,11,11,32,11,0,1.1599181649280021,0.0,0,,random_actions,random_actions:panel_5:1:1145053:0
shared,shared,random_actions,1,30000,1,reference,panel_5,1145053,422e92f2b2bea572d3de51ee128e8700a1260c57e04f79d7f40ce4208b21aa97,1,1,5,0.95,0.9972000000000001,2,3,1,3,5,2,0,0.15641800000000028,0.0,0,,random_actions,random_actions:panel_5:1:1145053:1
shared,shared,random_actions,1,30000,1,reference,panel_5,1145054,c01ca1592dc71d4e7cd454dab295dd0310006bd208a95bad035572ef0d44bc92,0,1,1,0.99,1.03,0,1,0,2,1,1,0,0.0,0.0,0,,random_actions,random_actions:panel_5:1:1145054:0
shared,shared,random_actions,1,30000,1,reference,panel_5,1145054,c01ca1592dc71d4e7cd454dab295dd0310006bd208a95bad035572ef0d44bc92,1,1,1,0.99,1.03,0,1,0,2,1,1,0,0.0,0.0,0,,random_actions,random_actions:panel_5:1:1145054:1
shared,shared,random_actions,1,30000,1,reference,panel_5,1145055,cb78e7b6b40e27a6579268d9b02519af81a42c5e16828836a70698408c2c81a8,0,0,32,-0.3200000000000001,0.27280000000000026,16,16,10,7,27,8,1,1.645215961599687,0.0,0,,random_actions,random_actions:panel_5:1:1145055:0
shared,shared,random_actions,1,30000,1,reference,panel_5,1145055,cb78e7b6b40e27a6579268d9b02519af81a42c5e16828836a70698408c2c81a8,1,0,32,-0.3200000000000001,0.36160000000000037,19,13,10,4,24,5,1,1.5090620208010717,0.0,0,,random_actions,random_actions:panel_5:1:1145055:1
shared,shared,random_actions,1,30000,1,reference,panel_5,1145057,cf5a329e208274b489895c4be5f6cb4d80493460cdaed1792231b6677399ef07,0,0,32,-0.3200000000000001,0.18080000000000018,15,17,13,5,27,8,1,1.708276582948625,0.0,0,,random_actions,random_actions:panel_5:1:1145057:0
shared,shared,random_actions,1,30000,1,reference,panel_5,1145057,cf5a329e208274b489895c4be5f6cb4d80493460cdaed1792231b6677399ef07,1,0,32,-0.3200000000000001,0.2012000000000002,16,16,11,6,26,5,1,1.6689014898425087,0.0,0,,random_actions,random_actions:panel_5:1:1145057:1
shared,shared,random_actions,1,30000,1,reference,panel_5,1145058,d3831cce3f0f79fcbeb0a50ffad604ab31da4b8e014fc4a2d4086c4c05a52891,0,1,6,0.94,1.0732,1,5,2,4,6,4,0,0.1132164600000003,0.0,0,,random_actions,random_actions:panel_5:1:1145058:0
shared,shared,random_actions,1,30000,1,reference,panel_5,1145058,d3831cce3f0f79fcbeb0a50ffad604ab31da4b8e014fc4a2d4086c4c05a52891,1,1,14,0.86,1.0244,5,9,3,7,14,6,0,0.40983973430000076,0.0,0,,random_actions,random_actions:panel_5:1:1145058:1
shared,shared,random_actions,1,30000,1,reference,panel_5,1145059,9f7de7cfdf3d4f1489f08b68d46279e74428a526ddfc6c4cd0d89cf81da89606,0,1,9,0.91,1.232,2,7,0,8,9,7,0,0.06613797719136238,0.0,0,,random_actions,random_actions:panel_5:1:1145059:0
shared,shared,random_actions,1,30000,1,reference,panel_5,1145059,9f7de7cfdf3d4f1489f08b68d46279e74428a526ddfc6c4cd0d89cf81da89606,1,0,32,-0.3200000000000001,0.1568000000000001,12,20,10,11,27,10,1,1.7369168580319867,0.0,0,,random_actions,random_actions:panel_5:1:1145059:1
shared,shared,random_actions,1,30000,1,reference,panel_5,1145060,5fd04e6fa96a2cc8803f66ee2fdae1a10f91f71648a265e068c5730f67b645e9,0,0,32,-0.3200000000000001,-0.09800000000000002,7,25,19,7,30,12,1,2.0335400343000023,0.0,0,,random_actions,random_actions:panel_5:1:1145060:0
shared,shared,random_actions,1,30000,1,reference,panel_5,1145060,5fd04e6fa96a2cc8803f66ee2fdae1a10f91f71648a265e068c5730f67b645e9,1,0,32,-0.3200000000000001,-0.08359999999999994,9,23,14,10,30,11,1,2.018762019357002,0.0,0,,random_actions,random_actions:panel_5:1:1145060:1
shared,shared,random_actions,1,30000,1,reference,panel_5,1145061,d79a95404e2ad308e93c3094ceab42aaf4f96e1f3fd426fcf1b8cd159f04ffae,0,1,11,0.89,1.0716,3,8,3,6,11,6,0,0.27194500000000055,0.0,0,,random_actions,random_actions:panel_5:1:1145061:0
shared,shared,random_actions,1,30000,1,reference,panel_5,1145061,d79a95404e2ad308e93c3094ceab42aaf4f96e1f3fd426fcf1b8cd159f04ffae,1,0,32,-0.3200000000000001,-0.05439999999999991,8,24,16,9,31,12,1,2.0215665278420016,0.0,0,,random_actions,random_actions:panel_5:1:1145061:1
shared,shared,random_actions,1,30000,1,reference,panel_5,1145062,07cf68944d96e3b0764c0bd834dfb9153d1c6bcf8fb06496c0bda3907987e817,0,0,32,-0.3200000000000001,-0.012399999999999883,7,25,17,9,28,11,1,1.900458959159871,0.0,0,,random_actions,random_actions:panel_5:1:1145062:0
shared,shared,random_actions,1,30000,1,reference,panel_5,1145062,07cf68944d96e3b0764c0bd834dfb9153d1c6bcf8fb06496c0bda3907987e817,1,0,32,-0.3200000000000001,0.020000000000000157,14,18,12,7,27,6,1,1.8516529094158711,0.0,0,,random_actions,random_actions:panel_5:1:1145062:1
shared,shared,random_actions,1,30000,1,reference,panel_5,1145063,864912b0b7e0ae0ad045ac4b7eff6c865a73265a40c2626e708f76b434192be2,0,1,18,0.82,0.9104000000000001,3,15,8,8,18,8,0,0.6455516162000015,0.0,0,,random_actions,random_actions:panel_5:1:1145063:0
shared,shared,random_actions,1,30000,1,reference,panel_5,1145063,864912b0b7e0ae0ad045ac4b7eff6c865a73265a40c2626e708f76b434192be2,1,1,5,0.95,0.9972000000000001,0,5,3,3,5,3,0,0.15641800000000017,0.0,0,,random_actions,random_actions:panel_5:1:1145063:1
shared,shared,random_actions,1,30000,1,reference,panel_5,1145064,4b0c8552b5d8034db0d5fe2fb9a329ad12bb4647a540bd73808f241804375edd,0,0,32,-0.3200000000000001,-0.0627999999999999,11,21,11,11,30,11,1,2.0009492324000018,0.0,0,,random_actions,random_actions:panel_5:1:1145064:0
shared,shared,random_actions,1,30000,1,reference,panel_5,1145064,4b0c8552b5d8034db0d5fe2fb9a329ad12bb4647a540bd73808f241804375edd,1,0,32,-0.3200000000000001,-0.07959999999999993,10,22,13,10,31,12,1,2.043914616200002,0.0,0,,random_actions,random_actions:panel_5:1:1145064:1
shared,shared,random_actions,2,30000,1,reference,panel_5,1145000,04b2f542acbebb49e2e19e80954d9d140638b2731a094dca1ba1cbc03342f281,0,0,32,-0.3200000000000001,-0.056399999999999756,7,25,14,12,27,8,1,1.9260226954601163,0.0,0,,random_actions,random_actions:panel_5:2:1145000:0
shared,shared,random_actions,2,30000,1,reference,panel_5,1145000,04b2f542acbebb49e2e19e80954d9d140638b2731a094dca1ba1cbc03342f281,1,1,2,0.98,1.0612,0,2,0,3,2,2,0,0.0,0.0,0,,random_actions,random_actions:panel_5:2:1145000:1
shared,shared,random_actions,2,30000,1,reference,panel_5,1145001,7b22e5d9c3b5f24bf392291aa08483d3c3b474aafa85ece77f49eadf6765a74c,0,0,32,-0.3200000000000001,0.0828000000000002,5,27,19,9,26,10,1,1.771761943650335,0.0,0,,random_actions,random_actions:panel_5:2:1145001:0
shared,shared,random_actions,2,30000,1,reference,panel_5,1145001,7b22e5d9c3b5f24bf392291aa08483d3c3b474aafa85ece77f49eadf6765a74c,1,0,32,-0.3200000000000001,0.09120000000000017,10,22,15,8,28,10,1,1.8156457222392772,0.0,0,,random_actions,random_actions:panel_5:2:1145001:1
shared,shared,random_actions,2,30000,1,reference,panel_5,1145002,4c91ea6833a99739a8cd70421c659118b413ff3d5d0484368a1f803a9248cac2,0,0,32,-0.3200000000000001,-0.09359999999999985,4,28,19,10,30,12,1,2.034206872702871,0.0,0,,random_actions,random_actions:panel_5:2:1145002:0
shared,shared,random_actions,2,30000,1,reference,panel_5,1145002,4c91ea6833a99739a8cd70421c659118b413ff3d5d0484368a1f803a9248cac2,1,1,7,0.9299999999999999,1.0244,3,4,1,4,7,3,0,0.1913897300000006,0.0,0,,random_actions,random_actions:panel_5:2:1145002:1
shared,shared,random_actions,2,30000,1,reference,panel_5,1145003,c2ec9309b4e5498a90ee193dbccc6e33f67b6f758a85328ebf1807bbebdbe776,0,0,32,-0.3200000000000001,0.15320000000000017,12,20,12,9,29,10,1,1.7814948915949,0.0,0,,random_actions,random_actions:panel_5:2:1145003:0
shared,shared,random_actions,2,30000,1,reference,panel_5,1145003,c2ec9309b4e5498a90ee193dbccc6e33f67b6f758a85328ebf1807bbebdbe776,1,0,32,-0.3200000000000001,0.0824,7,25,14,12,32,15,1,1.9282652428073352,0.0,0,,random_actions,random_actions:panel_5:2:1145003:1
shared,shared,random_actions,2,30000,1,reference,panel_5,1145004,7b48df4ed9e2de19b8edcf39296fc42d7e78c166bd383f099df065cdcf795870,0,0,32,-0.3200000000000001,0.09640000000000014,14,18,7,12,28,9,1,1.8082852435183203,0.0,0,,random_actions,random_actions:panel_5:2:1145004:0
shared,shared,random_actions,2,30000,1,reference,panel_5,1145004,7b48df4ed9e2de19b8edcf39296fc42d7e78c166bd383f099df065cdcf795870,1,0,32,-0.3200000000000001,0.05320000000000012,18,14,9,6,30,8,1,1.8965738675130308,0.0,0,,random_actions,random_actions:panel_5:2:1145004:1
shared,shared,random_actions,2,30000,1,reference,panel_5,1145005,9796522cf76dda8ad9ab46e03873794393a55c5c9c1b6c815bed2995f5f29c95,0,0,32,-0.3200000000000001,0.0696000000000001,11,21,16,6,27,9,1,1.8090608790893201,0.0,0,,random_actions,random_actions:panel_5:2:1145005:0
shared,shared,random_actions,2,30000,1,reference,panel_5,1145005,9796522cf76dda8ad9ab46e03873794393a55c5c9c1b6c815bed2995f5f29c95,1,0,32,-0.3200000000000001,0.05640000000000012,11,21,11,11,31,11,1,1.9195068207931905,0.0,0,,random_actions,random_actions:panel_5:2:1145005:1
shared,shared,random_actions,2,30000,1,reference,panel_5,1145006,b54a5a58b941846c8cb7ceb6c31f2767901db9cf86c30e460ba9447d65c0d03e,0,0,32,-0.3200000000000001,-0.10159999999999997,10,22,14,9,32,12,1,2.0927808105000025,0.0,0,,random_actions,random_actions:panel_5:2:1145006:0
shared,shared,random_actions,2,30000,1,reference,panel_5,1145006,b54a5a58b941846c8cb7ceb6c31f2767901db9cf86c30e460ba9447d65c0d03e,1,1,12,0.88,1.0276,5,7,2,6,12,5,0,0.3444469662000006,0.0,0,,random_actions,random_actions:panel_5:2:1145006:1
shared,shared,random_actions,2,30000,1,reference,panel_5,1145007,910eea99e0adab3a6a6db583c3079c50a4f67ede0e234d52448453d7a3ab39ad,0,1,24,0.7599999999999999,1.0536,5,19,9,11,24,12,0,0.6977029749280015,0.0,0,,random_actions,random_actions:panel_5:2:1145007:0
shared,shared,random_actions,2,30000,1,reference,panel_5,1145007,910eea99e0adab3a6a6db583c3079c50a4f67ede0e234d52448453d7a3ab39ad,1,1,8,0.9199999999999999,1.1404,1,7,0,8,8,6,0,0.11444211810000005,0.0,0,,random_actions,random_actions:panel_5:2:1145007:1
shared,shared,random_actions,2,30000,1,reference,panel_5,1145008,f9176f9a224d56b0cfc94f958259a0f4d18537b816ae5d5a747ce8724655b269,0,0,32,-0.3200000000000001,-0.06319999999999981,9,23,13,11,26,8,1,1.9104289134608718,0.0,0,,random_actions,random_actions:panel_5:2:1145008:0
shared,shared,random_actions,2,30000,1,reference,panel_5,1145008,f9176f9a224d56b0cfc94f958259a0f4d18537b816ae5d5a747ce8724655b269,1,0,32,-0.3200000000000001,-0.10880000000000002,6,26,20,7,31,13,1,2.0718486081000025,0.0,0,,random_actions,random_actions:panel_5:2:1145008:1
shared,shared,random_actions,2,30000,1,reference,panel_5,1145009,2b482ac63ee1ae956658bf12adfb9790b2fc64b722ca4c72f8ce4752552875a4,0,0,32,-0.3200000000000001,-0.1392,8,24,13,12,30,10,1,2.074883797714002,0.0,0,,random_actions,random_actions:panel_5:2:1145009:0
shared,shared,random_actions,2,30000,1,reference,panel_5,1145009,2b482ac63ee1ae956658bf12adfb9790b2fc64b722ca4c72f8ce4752552875a4,1,0,32,-0.3200000000000001,-0.10079999999999995,7,25,16,10,29,11,1,2.015800498342002,0.0,0,,random_actions,random_actions:panel_5:2:1145009:1
shared,shared,random_actions,2,30000,1,reference,panel_5,1145010,d3ae5b7939082a3382bb5f18419954a9461bea4405bbb9cf8e518d8d6fb7fd48,0,1,1,0.99,1.03,0,1,0,2,1,1,0,0.0,0.0,0,,random_actions,random_actions:panel_5:2:1145010:0
shared,shared,random_actions,2,30000,1,reference,panel_5,1145010,d3ae5b7939082a3382bb5f18419954a9461bea4405bbb9cf8e518d8d6fb7fd48,1,1,5,0.95,0.9972000000000001,2,3,0,4,5,2,0,0.15641800000000028,0.0,0,,random_actions,random_actions:panel_5:2:1145010:1
shared,shared,random_actions,2,30000,1,reference,panel_5,1145011,200e6a814265f2dfea7480f96c4b8edeec09db2c2d81cfee9ed370a0edfa525f,0,1,8,0.9199999999999999,1.0132,2,6,2,5,8,4,0,0.23343600000000042,0.0,0,,random_actions,random_actions:panel_5:2:1145011:0
shared,shared,random_actions,2,30000,1,reference,panel_5,1145011,200e6a814265f2dfea7480f96c4b8edeec09db2c2d81cfee9ed370a0edfa525f,1,1,23,0.7699999999999999,0.9184000000000001,5,18,11,8,23,10,0,0.7928997069570016,0.0,0,,random_actions,random_actions:panel_5:2:1145011:1
shared,shared,random_actions,2,30000,1,reference,panel_5,1145012,a402a3eaaead6984de15f7eec1364dacdcb4f4130756dff30c995b7e50eff98e,0,0,32,-0.3200000000000001,0.09280000000000015,19,13,10,4,29,6,1,1.83651807592074,0.0,0,,random_actions,random_actions:panel_5:2:1145012:0
shared,shared,random_actions,2,30000,1,reference,panel_5,1145012,a402a3eaaead6984de15f7eec1364dacdcb4f4130756dff30c995b7e50eff98e,1,0,32,-0.3200000000000001,0.2608000000000002,22,10,6,5,23,2,1,1.575453877823511,0.0,0,,random_actions,random_actions:panel_5:2:1145012:1
shared,shared,random_actions,2,30000,1,reference,panel_5,1145013,473b2c33bc69440e675a3e4024115372253c2484d4b37477d99cd98892abd24e,0,1,15,0.85,1.0616,5,10,3,8,15,7,0,0.40682457607100053,0.0,0,,random_actions,random_actions:panel_5:2:1145013:0
shared,shared,random_actions,2,30000,1,reference,panel_5,1145013,473b2c33bc69440e675a3e4024115372253c2484d4b37477d99cd98892abd24e,1,1,6,0.94,1.1096,2,4,0,5,6,4,0,0.07940000000000014,0.0,0,,random_actions,random_actions:panel_5:2:1145013:1
shared,shared,random_actions,2,30000,1,reference,panel_5,1145014,fccfa6386683a4257db5ccd854bedd05afe1463702f112cfdfd7647b332f705b,0,1,13,0.87,1.038,0,13,6,8,13,8,0,0.36579491151400056,0.0,0,,random_actions,random_actions:panel_5:2:1145014:0
shared,shared,random_actions,2,30000,1,reference,panel_5,1145014,fccfa6386683a4257db5ccd854bedd05afe1463702f112cfdfd7647b332f705b,1,0,32,-0.3200000000000001,-0.003199999999999842,16,16,12,5,28,6,1,1.9006726036260586,0.0,0,,random_actions,random_actions:panel_5:2:1145014:1
shared,shared,random_actions,2,30000,1,reference,panel_5,1145015,4840963c8cd284b9b51d764e8db9f049f3db5fde8a2ec557254d6dc261bed182,0,0,32,-0.3200000000000001,0.010400000000000187,10,22,15,8,28,10,1,1.8883624516207407,0.0,0,,random_actions,random_actions:panel_5:2:1145015:0
shared,shared,random_actions,2,30000,1,reference,panel_5,1145015,4840963c8cd284b9b51d764e8db9f049f3db5fde8a2ec557254d6dc261bed182,1,0,32,-0.3200000000000001,-0.024399999999999908,13,19,12,8,31,10,1,1.9918991801762913,0.0,0,,random_actions,random_actions:panel_5:2:1145015:1
shared,shared,random_actions,2,30000,1,reference,panel_5,1145016,57e0ccc8f74a3b9c4c57c87cf22f221cbe6eaff2a691e79937148fa66004cb22,0,1,10,0.9,1.0004,0,10,3,8,10,6,0,0.3081434600000006,0.0,0,,random_actions,random_actions:panel_5:2:1145016:0
shared,shared,random_actions,2,30000,1,reference,panel_5,1145016,57e0ccc8f74a3b9c4c57c87cf22f221cbe6eaff2a691e79937148fa66004cb22,1,1,7,0.9299999999999999,1.0292000000000001,1,6,0,7,7,4,0,0.18680330810000045,0.0,0,,random_actions,random_actions:panel_5:2:1145016:1
shared,shared,random_actions,2,30000,1,reference,panel_5,1145017,d6a81928e7840eec4317d8a62543ee0f5899e13ee5ae21f2e3544b154e20f111,0,1,19,0.8099999999999999,0.9428000000000001,11,8,4,5,19,5,0,0.6444656624000012,0.0,0,,random_actions,random_actions:panel_5:2:1145017:0
shared,shared,random_actions,2,30000,1,reference,panel_5,1145017,d6a81928e7840eec4317d8a62543ee0f5899e13ee5ae21f2e3544b154e20f111,1,0,32,-0.3200000000000001,-0.10079999999999995,5,27,15,13,28,11,1,1.992696854671002,0.0,0,,random_actions,random_actions:panel_5:2:1145017:1
shared,shared,random_actions,2,30000,1,reference,panel_5,1145018,a0cdabda377ce8db01430493d6c5f1f86969c9bc2a0f435aeafd3092920df4b4,0,1,1,0.99,1.03,0,1,0,2,1,1,0,0.0,0.0,0,,random_actions,random_actions:panel_5:2:1145018:0
shared,shared,random_actions,2,30000,1,reference,panel_5,1145018,a0cdabda377ce8db01430493d6c5f1f86969c9bc2a0f435aeafd3092920df4b4,1,1,1,0.99,1.03,0,1,0,2,1,1,0,0.0,0.0,0,,random_actions,random_actions:panel_5:2:1145018:1
shared,shared,random_actions,2,30000,1,reference,panel_5,1145019,1a0d480d47c049bdf33625e1f78261262e011cf315a599d3b9b0c9e2c720ed6e,0,1,2,0.98,1.0612,0,2,0,3,2,2,0,0.0,0.0,0,,random_actions,random_actions:panel_5:2:1145019:0
shared,shared,random_actions,2,30000,1,reference,panel_5,1145019,1a0d480d47c049bdf33625e1f78261262e011cf315a599d3b9b0c9e2c720ed6e,1,1,2,0.98,1.0612,0,2,0,3,2,2,0,0.0,0.0,0,,random_actions,random_actions:panel_5:2:1145019:1
shared,shared,random_actions,2,30000,1,reference,panel_5,1145020,8e0b66c3e8dfadacfb9e6c51572b5a00bdedf30944df56d5657dcbfaa7b8fdff,0,1,17,0.83,0.9412,5,12,8,5,17,7,0,0.5836257300000011,0.0,0,,random_actions,random_actions:panel_5:2:1145020:0
shared,shared,random_actions,2,30000,1,reference,panel_5,1145020,8e0b66c3e8dfadacfb9e6c51572b5a00bdedf30944df56d5657dcbfaa7b8fdff,1,1,3,0.97,1.0536,1,2,0,3,3,2,0,0.038509000000000126,0.0,0,,random_actions,random_actions:panel_5:2:1145020:1
shared,shared,random_actions,2,30000,1,reference,panel_5,1145021,67c978c5934e92e0f00b62b0457f711180d5ca7bf063606e6cd0359a86582a74,0,0,32,-0.3200000000000001,-0.10039999999999998,15,17,6,12,29,7,1,2.0100055743000023,0.0,0,,random_actions,random_actions:panel_5:2:1145021:0
shared,shared,random_actions,2,30000,1,reference,panel_5,1145021,67c978c5934e92e0f00b62b0457f711180d5ca7bf063606e6cd0359a86582a74,1,1,7,0.9299999999999999,1.0608,0,7,3,5,7,5,0,0.15641800000000017,0.0,0,,random_actions,random_actions:panel_5:2:1145021:1
shared,shared,random_actions,2,30000,1,reference,panel_5,1145022,67d615424dde3d8c74044d253e399e2da9badbd04ed3b2cfa69701cf4089a4a9,0,1,14,0.86,1.0112,3,11,7,5,14,7,0,0.42258557810000086,0.0,0,,random_actions,random_actions:panel_5:2:1145022:0
shared,shared,random_actions,2,30000,1,reference,panel_5,1145022,67d615424dde3d8c74044d253e399e2da9badbd04ed3b2cfa69701cf4089a4a9,1,0,32,-0.3200000000000001,-0.06559999999999977,17,15,11,5,30,7,1,2.0053136368140008,0.0,0,,random_actions,random_actions:panel_5:2:1145022:1
shared,shared,random_actions,2,30000,1,reference,panel_5,1145023,bfcfccfb4ffde8c2330df19e4b4da695c6adf803e30e2e782abec9f5807385d0,0,0,32,-0.3200000000000001,0.025200000000000097,3,29,18,12,30,14,1,1.9212268121371618,0.0,0,,random_actions,random_actions:panel_5:2:1145023:0
shared,shared,random_actions,2,30000,1,reference,panel_5,1145023,bfcfccfb4ffde8c2330df19e4b4da695c6adf803e30e2e782abec9f5807385d0,1,0,32,-0.3200000000000001,0.02880000000000013,9,23,14,10,29,10,1,1.8935772370685808,0.0,0,,random_actions,random_actions:panel_5:2:1145023:1
shared,shared,random_actions,2,30000,1,reference,panel_5,1145024,44d64d147ced3029de22e58077325dedf77b0073ef735ff346199fef6d3b74f0,0,0,32,-0.3200000000000001,0.17600000000000016,14,18,14,5,26,7,1,1.6962580737378992,0.0,0,,random_actions,random_actions:panel_5:2:1145024:0
shared,shared,random_actions,2,30000,1,reference,panel_5,1145024,44d64d147ced3029de22e58077325dedf77b0073ef735ff346199fef6d3b74f0,1,1,24,0.7599999999999999,1.1780000000000002,9,15,7,9,24,11,0,0.5886256231039433,0.0,0,,random_actions,random_actions:panel_5:2:1145024:1
shared,shared,random_actions,2,30000,1,reference,panel_5,1145025,75f172716293e896596bb90967da4235631842ff278fa7708cd714204348e949,0,1,1,0.99,1.03,0,1,0,2,1,1,0,0.0,0.0,0,,random_actions,random_actions:panel_5:2:1145025:0
shared,shared,random_actions,2,30000,1,reference,panel_5,1145025,75f172716293e896596bb90967da4235631842ff278fa7708cd714204348e949,1,1,18,0.82,0.9092,3,15,10,6,18,8,0,0.6466722281000015,0.0,0,,random_actions,random_actions:panel_5:2:1145025:1
shared,shared,random_actions,2,30000,1,reference,panel_5,1145026,09a14258bdcbdea9a9fa4a19313f8106faa201b9b1d99e3e065fcffe60169ef5,0,0,32,-0.3200000000000001,-0.05119999999999991,9,23,13,11,28,9,1,1.9410064018825812,0.0,0,,random_actions,random_actions:panel_5:2:1145026:0
shared,shared,random_actions,2,30000,1,reference,panel_5,1145026,09a14258bdcbdea9a9fa4a19313f8106faa201b9b1d99e3e065fcffe60169ef5,1,1,20,0.7999999999999999,0.9884000000000001,5,15,6,10,20,9,0,0.6317555486000012,0.0,0,,random_actions,random_actions:panel_5:2:1145026:1
shared,shared,random_actions,2,30000,1,reference,panel_5,1145027,27491304d924c85b9e33178f9b9a9506a41da7366a16b526cca81f5c361aafc3,0,0,32,-0.3200000000000001,-0.026799999999999866,4,28,19,10,31,14,1,1.9950918209990014,0.0,0,,random_actions,random_actions:panel_5:2:1145027:0
shared,shared,random_actions,2,30000,1,reference,panel_5,1145027,27491304d924c85b9e33178f9b9a9506a41da7366a16b526cca81f5c361aafc3,1,1,19,0.8099999999999999,1.0156,5,14,8,7,19,9,0,0.5754316500000013,0.0,0,,random_actions,random_actions:panel_5:2:1145027:1
shared,shared,random_actions,2,30000,1,reference,panel_5,1145028,dce51af611ea72e73f23b8b04218f490e2fb8561a034356ef2a78697e5400e00,0,0,32,-0.3200000000000001,-0.10319999999999985,9,23,13,11,29,10,1,2.014745074862292,0.0,0,,random_actions,random_actions:panel_5:2:1145028:0
shared,shared,random_actions,2,30000,1,reference,panel_5,1145028,dce51af611ea72e73f23b8b04218f490e2fb8561a034356ef2a78697e5400e00,1,0,32,-0.3200000000000001,-0.07919999999999988,6,26,19,8,30,11,1,2.0210212599777417,0.0,0,,random_actions,random_actions:panel_5:2:1145028:1
shared,shared,random_actions,2,30000,1,reference,panel_5,1145029,ba2861b193480560cca481695f87398c39c50008288d2f60871c4feaff229cc9,0,0,32,-0.3200000000000001,-0.03919999999999983,18,14,8,7,30,7,1,1.9793440953348134,0.0,0,,random_actions,random_actions:panel_5:2:1145029:0
shared,shared,random_actions,2,30000,1,reference,panel_5,1145029,ba2861b193480560cca481695f87398c39c50008288d2f60871c4feaff229cc9,1,0,32,-0.3200000000000001,-0.10639999999999998,14,18,13,6,29,7,1,2.0169036081000025,0.0,0,,random_actions,random_actions:panel_5:2:1145029:1
shared,shared,random_actions,2,30000,1,reference,panel_5,1145030,337b19d5c5199951bb564e07079635598f2446ec6e8f5a67400e60ad38b47ce5,0,1,11,0.89,1.1248,4,7,1,7,11,6,0,0.2230017681000005,0.0,0,,random_actions,random_actions:panel_5:2:1145030:0
shared,shared,random_actions,2,30000,1,reference,panel_5,1145030,337b19d5c5199951bb564e07079635598f2446ec6e8f5a67400e60ad38b47ce5,1,1,17,0.83,1.0984,4,13,6,8,17,9,0,0.43663356233187034,0.0,0,,random_actions,random_actions:panel_5:2:1145030:1
shared,shared,random_actions,2,30000,1,reference,panel_5,1145031,88f999b5e02c79813d0f762880a1d628d31c2622f6f6ed4fc47d0cdd942b0161,0,1,19,0.8099999999999999,0.9768000000000001,8,11,7,5,19,7,0,0.6115943800000014,0.0,0,,random_actions,random_actions:panel_5:2:1145031:0
shared,shared,random_actions,2,30000,1,reference,panel_5,1145031,88f999b5e02c79813d0f762880a1d628d31c2622f6f6ed4fc47d0cdd942b0161,1,1,6,0.94,1.0744,3,3,0,4,6,3,0,0.11206119000000025,0.0,0,,random_actions,random_actions:panel_5:2:1145031:1
shared,shared,random_actions,2,30000,1,reference,panel_5,1145032,18362f8c860f13ecf7e3fe203feec9535dd658f438ab3c9ad0e035f04a70bcc2,0,0,32,-0.3200000000000001,-0.0011999999999998956,6,26,16,11,31,14,1,1.9716361167622918,0.0,0,,random_actions,random_actions:panel_5:2:1145032:0
shared,shared,random_actions,2,30000,1,reference,panel_5,1145032,18362f8c860f13ecf7e3fe203feec9535dd658f438ab3c9ad0e035f04a70bcc2,1,0,32,-0.3200000000000001,0.03360000000000013,12,20,11,10,27,8,1,1.8402161711864506,0.0,0,,random_actions,random_actions:panel_5:2:1145032:1
shared,shared,random_actions,2,30000,1,reference,panel_5,1145033,92686e3eb6994a72f629a1e3ba70149f3ba18be8cc9d5952089775d28c8035b6,0,0,32,-0.3200000000000001,0.11920000000000014,8,24,15,10,28,10,1,1.7922302448561467,0.0,0,,random_actions,random_actions:panel_5:2:1145033:0
shared,shared,random_actions,2,30000,1,reference,panel_5,1145033,92686e3eb6994a72f629a1e3ba70149f3ba18be8cc9d5952089775d28c8035b6,1,0,32,-0.3200000000000001,0.1276000000000001,12,20,13,8,27,9,1,1.7579646158232336,0.0,0,,random_actions,random_actions:panel_5:2:1145033:1
shared,shared,random_actions,2,30000,1,reference,panel_5,1145034,47e540b7fcdb2cabfb1c9e2b82809ed19b0e57872b755f9bd3352f9d0e7362a8,0,0,32,-0.3200000000000001,0.018800000000000233,16,16,11,6,28,6,1,1.8781790839095818,0.0,0,,random_actions,random_actions:panel_5:2:1145034:0
shared,shared,random_actions,2,30000,1,reference,panel_5,1145034,47e540b7fcdb2cabfb1c9e2b82809ed19b0e57872b755f9bd3352f9d0e7362a8,1,1,5,0.95,1.122,1,4,0,5,5,4,0,0.03623311809999996,0.0,0,,random_actions,random_actions:panel_5:2:1145034:1
shared,shared,random_actions,2,30000,1,reference,panel_5,1145035,b43db4f5a8eb4dcb2bb3d7a2405dde511931b732fad786bb68f55613a830262e,0,0,32,-0.3200000000000001,-0.028399999999999814,4,28,18,11,27,10,1,1.9022543203675815,0.0,0,,random_actions,random_actions:panel_5:2:1145035:0
shared,shared,random_actions,2,30000,1,reference,panel_5,1145035,b43db4f5a8eb4dcb2bb3d7a2405dde511931b732fad786bb68f55613a830262e,1,0,32,-0.3200000000000001,-0.054799999999999904,8,24,14,11,28,9,1,1.9453553846052918,0.0,0,,random_actions,random_actions:panel_5:2:1145035:1
shared,shared,random_actions,2,30000,1,reference,panel_5,1145036,f5b092187a85cc0ada8dc5b1db875e47e49a24a87f9459381f27c7e78ab520be,0,0,32,-0.3200000000000001,0.06680000000000025,17,15,8,8,27,5,1,1.8189246199219862,0.0,0,,random_actions,random_actions:panel_5:2:1145036:0
shared,shared,random_actions,2,30000,1,reference,panel_5,1145036,f5b092187a85cc0ada8dc5b1db875e47e49a24a87f9459381f27c7e78ab520be,1,0,32,-0.3200000000000001,0.005600000000000133,14,18,8,11,27,7,1,1.8695501523941616,0.0,0,,random_actions,random_actions:panel_5:2:1145036:1
shared,shared,random_actions,2,30000,1,reference,panel_5,1145037,ff9b45dadf5f2581f6e05c029e3bd83e793731bb6003fc4602dd413c59644dd0,0,0,32,-0.3200000000000001,0.1496000000000001,8,24,18,7,28,11,1,1.7670075575976543,0.0,0,,random_actions,random_actions:panel_5:2:1145037:0
shared,shared,random_actions,2,30000,1,reference,panel_5,1145037,ff9b45dadf5f2581f6e05c029e3bd83e793731bb6003fc4602dd413c59644dd0,1,0,32,-0.3200000000000001,0.23600000000000024,10,22,16,7,25,7,1,1.6200673729540003,0.0,0,,random_actions,random_actions:panel_5:2:1145037:1
shared,shared,random_actions,2,30000,1,reference,panel_5,1145038,7f34ae4408ef98c20476cabb6ff6deba601b546ab3187827a0a2b02860a7ec38,0,0,32,-0.3200000000000001,0.3224000000000006,11,21,9,13,20,4,1,1.4722681721537203,0.0,0,,random_actions,random_actions:panel_5:2:1145038:0
shared,shared,random_actions,2,30000,1,reference,panel_5,1145038,7f34ae4408ef98c20476cabb6ff6deba601b546ab3187827a0a2b02860a7ec38,1,0,32,-0.3200000000000001,0.3404000000000008,6,26,14,13,25,9,1,1.5660213305793587,0.0,0,,random_actions,random_actions:panel_5:2:1145038:1
shared,shared,random_actions,2,30000,1,reference,panel_5,1145039,d0abb4c4e1a775e7fc8c2795c6276adbcedf403ca5d4f5103c357b5be149646b,0,1,2,0.98,1.0612,0,2,0,3,2,2,0,0.0,0.0,0,,random_actions,random_actions:panel_5:2:1145039:0
shared,shared,random_actions,2,30000,1,reference,panel_5,1145039,d0abb4c4e1a775e7fc8c2795c6276adbcedf403ca5d4f5103c357b5be149646b,1,0,32,-0.3200000000000001,-0.10439999999999973,10,22,12,11,30,10,1,2.0413119108661606,0.0,0,,random_actions,random_actions:panel_5:2:1145039:1
shared,shared,random_actions,2,30000,1,reference,panel_5,1145040,6298cfe5ac31a5d99e7f674e87e939767e9b30f83e09939a4d336c6ca1e5dc3b,0,0,32,-0.3200000000000001,0.13320000000000023,14,18,13,6,25,6,1,1.7194122855226244,0.0,0,,random_actions,random_actions:panel_5:2:1145040:0
shared,shared,random_actions,2,30000,1,reference,panel_5,1145040,6298cfe5ac31a5d99e7f674e87e939767e9b30f83e09939a4d336c6ca1e5dc3b,1,0,32,-0.3200000000000001,0.1524000000000003,14,18,11,8,24,5,1,1.6854382116455504,0.0,0,,random_actions,random_actions:panel_5:2:1145040:1
shared,shared,random_actions,2,30000,1,reference,panel_5,1145041,14728e883162d9eafda0f52f235c34b5b73f3432f7058001f72b1a8e93c954d8,0,1,30,0.7,0.9512000000000002,8,22,10,13,30,13,0,0.9807542786000015,0.0,0,,random_actions,random_actions:panel_5:2:1145041:0
shared,shared,random_actions,2,30000,1,reference,panel_5,1145041,14728e883162d9eafda0f52f235c34b5b73f3432f7058001f72b1a8e93c954d8,1,1,12,0.88,1.0772000000000002,2,10,4,7,12,7,0,0.2977785443000005,0.0,0,,random_actions,random_actions:panel_5:2:1145041:1
shared,shared,random_actions,2,30000,1,reference,panel_5,1145042,d1ba84f4950ba9228e3a003002240041b9463275289f2f568eefaef0f0f733a6,0,0,32,-0.3200000000000001,0.027600000000000124,7,25,12,14,28,11,1,1.8685789837192917,0.0,0,,random_actions,random_actions:panel_5:2:1145042:0
shared,shared,random_actions,2,30000,1,reference,panel_5,1145042,d1ba84f4950ba9228e3a003002240041b9463275289f2f568eefaef0f0f733a6,1,0,32,-0.3200000000000001,0.06000000000000014,13,19,10,10,29,9,1,1.8662282544685531,0.0,0,,random_actions,random_actions:panel_5:2:1145042:1
shared,shared,random_actions,2,30000,1,reference,panel_5,1145043,c71cb14978fba550b7e7e499650ddeb20d331a41763868429c38a8a515c747dc,0,1,1,0.99,1.03,0,1,0,2,1,1,0,0.0,0.0,0,,random_actions,random_actions:panel_5:2:1145043:0
shared,shared,random_actions,2,30000,1,reference,panel_5,1145043,c71cb14978fba550b7e7e499650ddeb20d331a41763868429c38a8a515c747dc,1,0,32,-0.3200000000000001,-0.11799999999999988,14,18,8,11,27,6,1,1.984734422741103,0.0,0,,random_actions,random_actions:panel_5:2:1145043:1
shared,shared,random_actions,2,30000,1,reference,panel_5,1145044,8b69855d3a1070137b7bcf1fa8b8b5c26f616d503bf402be4b7c962ac0320d9b,0,0,32,-0.3200000000000001,0.04560000000000011,17,15,12,4,28,6,1,1.8559780438989995,0.0,0,,random_actions,random_actions:panel_5:2:1145044:0
shared,shared,random_actions,2,30000,1,reference,panel_5,1145044,8b69855d3a1070137b7bcf1fa8b8b5c26f616d503bf402be4b7c962ac0320d9b,1,0,32,-0.3200000000000001,0.00840000000000013,15,17,12,6,27,7,1,1.8593462568888715,0.0,0,,random_actions,random_actions:panel_5:2:1145044:1
shared,shared,random_actions,2,30000,1,reference,panel_5,1145045,48a911654cb640805801aead90b405984def089353180e8eb086cd0264fbc3b4,0,0,32,-0.3200000000000001,0.07960000000000012,7,25,17,9,30,13,1,1.8712134439261763,0.0,0,,random_actions,random_actions:panel_5:2:1145045:0
shared,shared,random_actions,2,30000,1,reference,panel_5,1145045,48a911654cb640805801aead90b405984def089353180e8eb086cd0264fbc3b4,1,0,32,-0.3200000000000001,0.14920000000000017,13,19,15,5,27,9,1,1.7453407076122485,0.0,0,,random_actions,random_actions:panel_5:2:1145045:1
shared,shared,random_actions,2,30000,1,reference,panel_5,1145046,03d7a8079d3283b72c654b2b0568a0370290a532dcf6c2de5ff035570b12e890,0,0,32,-0.3200000000000001,-0.03879999999999992,9,23,15,9,29,10,1,1.954542460628002,0.0,0,,random_actions,random_actions:panel_5:2:1145046:0
shared,shared,random_actions,2,30000,1,reference,panel_5,1145046,03d7a8079d3283b72c654b2b0568a0370290a532dcf6c2de5ff035570b12e890,1,1,4,0.96,1.1272,0,4,0,5,4,4,0,0.0,0.0,0,,random_actions,random_actions:panel_5:2:1145046:1
shared,shared,random_actions,2,30000,1,reference,panel_5,1145047,3b16345d1818b2475d83937c5edafb08fcd0f941540661c7edd85359d2f00549,0,1,4,0.96,1.0436,2,2,0,3,4,2,0,0.07940000000000014,0.0,0,,random_actions,random_actions:panel_5:2:1145047:0
shared,shared,random_actions,2,30000,1,reference,panel_5,1145047,3b16345d1818b2475d83937c5edafb08fcd0f941540661c7edd85359d2f00549,1,1,15,0.85,0.9720000000000001,1,14,8,7,15,8,0,0.49155027430000087,0.0,0,,random_actions,random_actions:panel_5:2:1145047:1
shared,shared,random_actions,2,30000,1,reference,panel_5,1145048,c5ce8f55300382ccb76e1bdf568a906be2a34a0edb2a08da9ba66daf5c9a59c2,0,0,32,-0.3200000000000001,-0.0768,21,11,7,5,31,5,1,2.0430653768260028,0.0,0,,random_actions,random_actions:panel_5:2:1145048:0
shared,shared,random_actions,2,30000,1,reference,panel_5,1145048,c5ce8f55300382ccb76e1bdf568a906be2a34a0edb2a08da9ba66daf5c9a59c2,1,1,10,0.9,1.0004,0,10,3,8,10,6,0,0.3081434600000006,0.0,0,,random_actions,random_actions:panel_5:2:1145048:1
shared,shared,random_actions,2,30000,1,reference,panel_5,1145049,603cfef43fad0c7e84f1ae2269c57f425cda4c4ca2fcccbb488d98b50b74da6d,0,0,32,-0.3200000000000001,0.06120000000000014,13,19,13,7,29,9,1,1.8643794174077843,0.0,0,,random_actions,random_actions:panel_5:2:1145049:0
shared,shared,random_actions,2,30000,1,reference,panel_5,1145049,603cfef43fad0c7e84f1ae2269c57f425cda4c4ca2fcccbb488d98b50b74da6d,1,0,32,-0.3200000000000001,0.09000000000000019,19,13,9,5,26,4,1,1.7717283252933345,0.0,0,,random_actions,random_actions:panel_5:2:1145049:1
shared,shared,random_actions,2,30000,1,reference,panel_5,1145050,35549355f2c06c576a7052c64afd99e9b154d837799939e589e4058f71a880f3,0,1,1,0.99,1.03,0,1,0,2,1,1,0,0.0,0.0,0,,random_actions,random_actions:panel_5:2:1145050:0
shared,shared,random_actions,2,30000,1,reference,panel_5,1145050,35549355f2c06c576a7052c64afd99e9b154d837799939e589e4058f71a880f3,1,1,1,0.99,1.03,0,1,0,2,1,1,0,0.0,0.0,0,,random_actions,random_actions:panel_5:2:1145050:1
shared,shared,random_actions,2,30000,1,reference,panel_5,1145051,b65d693b681fa80bf671ef896d1e00b2a4dfd8dfa0a3763019cfc8ff3f4c3974,0,0,32,-0.3200000000000001,-0.03879999999999989,12,20,14,7,31,11,1,2.0056605575192914,0.0,0,,random_actions,random_actions:panel_5:2:1145051:0
shared,shared,random_actions,2,30000,1,reference,panel_5,1145051,b65d693b681fa80bf671ef896d1e00b2a4dfd8dfa0a3763019cfc8ff3f4c3974,1,0,32,-0.3200000000000001,0.002000000000000113,4,28,19,10,28,12,1,1.8914257563105807,0.0,0,,random_actions,random_actions:panel_5:2:1145051:1
shared,shared,random_actions,2,30000,1,reference,panel_5,1145052,9daba76ac71e8481ef7680f2696b354689538b3d3486a8c6f34adc1e45e6673a,0,0,32,-0.3200000000000001,0.039600000000000135,13,19,14,6,29,9,1,1.8845797008700007,0.0,0,,random_actions,random_actions:panel_5:2:1145052:0
shared,shared,random_actions,2,30000,1,reference,panel_5,1145052,9daba76ac71e8481ef7680f2696b354689538b3d3486a8c6f34adc1e45e6673a,1,1,18,0.82,1.086,7,11,4,8,18,8,0,0.47908175961400057,0.0,0,,random_actions,random_actions:panel_5:2:1145052:1
shared,shared,random_actions,2,30000,1,reference,panel_5,1145053,422e92f2b2bea572d3de51ee128e8700a1260c57e04f79d7f40ce4208b21aa97,0,1,8,0.9199999999999999,0.9792000000000001,1,7,2,6,8,4,0,0.2672881900000006,0.0,0,,random_actions,random_actions:panel_5:2:1145053:0
shared,shared,random_actions,2,30000,1,reference,panel_5,1145053,422e92f2b2bea572d3de51ee128e8700a1260c57e04f79d7f40ce4208b21aa97,1,0,32,-0.3200000000000001,-0.19240000000000007,4,28,22,7,30,12,1,2.1244244900000027,0.0,0,,random_actions,random_actions:panel_5:2:1145053:1
shared,shared,random_actions,2,30000,1,reference,panel_5,1145054,c01ca1592dc71d4e7cd454dab295dd0310006bd208a95bad035572ef0d44bc92,0,1,2,0.98,1.0212,1,1,0,2,2,1,0,0.03970000000000007,0.0,0,,random_actions,random_actions:panel_5:2:1145054:0
shared,shared,random_actions,2,30000,1,reference,panel_5,1145054,c01ca1592dc71d4e7cd454dab295dd0310006bd208a95bad035572ef0d44bc92,1,1,10,0.9,0.9616,5,5,2,4,10,3,0,0.34668819000000073,0.0,0,,random_actions,random_actions:panel_5:2:1145054:1
shared,shared,random_actions,2,30000,1,reference,panel_5,1145055,cb78e7b6b40e27a6579268d9b02519af81a42c5e16828836a70698408c2c81a8,0,0,32,-0.3200000000000001,0.27400000000000024,20,12,6,7,28,7,1,1.6598916081572905,0.0,0,,random_actions,random_actions:panel_5:2:1145055:0
shared,shared,random_actions,2,30000,1,reference,panel_5,1145055,cb78e7b6b40e27a6579268d9b02519af81a42c5e16828836a70698408c2c81a8,1,0,32,-0.3200000000000001,0.3340000000000003,22,10,5,6,26,4,1,1.5651765501949986,0.0,0,,random_actions,random_actions:panel_5:2:1145055:1
shared,shared,random_actions,2,30000,1,reference,panel_5,1145057,cf5a329e208274b489895c4be5f6cb4d80493460cdaed1792231b6677399ef07,0,0,32,-0.3200000000000001,0.17480000000000018,19,13,6,8,30,8,1,1.7898132617627698,0.0,0,,random_actions,random_actions:panel_5:2:1145057:0
shared,shared,random_actions,2,30000,1,reference,panel_5,1145057,cf5a329e208274b489895c4be5f6cb4d80493460cdaed1792231b6677399ef07,1,0,32,-0.3200000000000001,0.2084000000000002,16,16,14,3,26,6,1,1.6658332331686827,0.0,0,,random_actions,random_actions:panel_5:2:1145057:1
shared,shared,random_actions,2,30000,1,reference,panel_5,1145058,d3831cce3f0f79fcbeb0a50ffad604ab31da4b8e014fc4a2d4086c4c05a52891,0,1,12,0.88,1.024,1,11,8,4,12,7,0,0.34784346000000066,0.0,0,,random_actions,random_actions:panel_5:2:1145058:0
shared,shared,random_actions,2,30000,1,reference,panel_5,1145058,d3831cce3f0f79fcbeb0a50ffad604ab31da4b8e014fc4a2d4086c4c05a52891,1,0,32,-0.3200000000000001,-0.06919999999999993,12,20,13,8,29,8,1,1.9827905513850022,0.0,0,,random_actions,random_actions:panel_5:2:1145058:1
shared,shared,random_actions,2,30000,1,reference,panel_5,1145059,9f7de7cfdf3d4f1489f08b68d46279e74428a526ddfc6c4cd0d89cf81da89606,0,1,31,0.69,1.102,8,23,14,10,31,15,0,0.8783113952908426,0.0,0,,random_actions,random_actions:panel_5:2:1145059:0
shared,shared,random_actions,2,30000,1,reference,panel_5,1145059,9f7de7cfdf3d4f1489f08b68d46279e74428a526ddfc6c4cd0d89cf81da89606,1,0,32,-0.3200000000000001,0.12440000000000012,13,19,8,12,32,12,1,1.8906367296930013,0.0,0,,random_actions,random_actions:panel_5:2:1145059:1
shared,shared,random_actions,2,30000,1,reference,panel_5,1145060,5fd04e6fa96a2cc8803f66ee2fdae1a10f91f71648a265e068c5730f67b645e9,0,1,19,0.8099999999999999,0.9936,4,15,5,11,19,9,0,0.5956589834140015,0.0,0,,random_actions,random_actions:panel_5:2:1145060:0
shared,shared,random_actions,2,30000,1,reference,panel_5,1145060,5fd04e6fa96a2cc8803f66ee2fdae1a10f91f71648a265e068c5730f67b645e9,1,1,15,0.85,1.0132,8,7,2,6,15,5,0,0.451814544300001,0.0,0,,random_actions,random_actions:panel_5:2:1145060:1
shared,shared,random_actions,2,30000,1,reference,panel_5,1145061,d79a95404e2ad308e93c3094ceab42aaf4f96e1f3fd426fcf1b8cd159f04ffae,0,1,28,0.72,0.9988000000000001,6,22,11,12,28,13,0,0.8736007121395813,0.0,0,,random_actions,random_actions:panel_5:2:1145061:0
shared,shared,random_actions,2,30000,1,reference,panel_5,1145061,d79a95404e2ad308e93c3094ceab42aaf4f96e1f3fd426fcf1b8cd159f04ffae,1,0,32,-0.3200000000000001,0.00920000000000011,12,20,14,7,30,9,1,1.9353725624386104,0.0,0,,random_actions,random_actions:panel_5:2:1145061:1
shared,shared,random_actions,2,30000,1,reference,panel_5,1145062,07cf68944d96e3b0764c0bd834dfb9153d1c6bcf8fb06496c0bda3907987e817,0,0,32,-0.3200000000000001,-0.005199999999999816,5,27,16,12,28,11,1,1.9012443336560017,0.0,0,,random_actions,random_actions:panel_5:2:1145062:0
shared,shared,random_actions,2,30000,1,reference,panel_5,1145062,07cf68944d96e3b0764c0bd834dfb9153d1c6bcf8fb06496c0bda3907987e817,1,0,32,-0.3200000000000001,-0.0303999999999999,9,23,14,10,29,10,1,1.9506757630888716,0.0,0,,random_actions,random_actions:panel_5:2:1145062:1
shared,shared,random_actions,2,30000,1,reference,panel_5,1145063,864912b0b7e0ae0ad045ac4b7eff6c865a73265a40c2626e708f76b434192be2,0,1,4,0.96,1.0048000000000001,1,3,1,3,4,2,0,0.11790900000000015,0.0,0,,random_actions,random_actions:panel_5:2:1145063:0
shared,shared,random_actions,2,30000,1,reference,panel_5,1145063,864912b0b7e0ae0ad045ac4b7eff6c865a73265a40c2626e708f76b434192be2,1,0,32,-0.3200000000000001,-0.1323999999999998,16,16,6,11,27,5,1,2.0049105723068137,0.0,0,,random_actions,random_actions:panel_5:2:1145063:1
shared,shared,random_actions,2,30000,1,reference,panel_5,1145064,4b0c8552b5d8034db0d5fe2fb9a329ad12bb4647a540bd73808f241804375edd,0,1,9,0.91,1.0856000000000001,1,8,3,6,9,6,0,0.19611800000000024,0.0,0,,random_actions,random_actions:panel_5:2:1145064:0
shared,shared,random_actions,2,30000,1,reference,panel_5,1145064,4b0c8552b5d8034db0d5fe2fb9a329ad12bb4647a540bd73808f241804375edd,1,1,21,0.7899999999999999,1.016,7,14,7,8,21,9,0,0.6375687005000009,0.0,0,,random_actions,random_actions:panel_5:2:1145064:1
shared,shared,shortest_path,0,30000,1,reference,panel_5,1145000,04b2f542acbebb49e2e19e80954d9d140638b2731a094dca1ba1cbc03342f281,0,1,2,0.98,1.0612,0,2,0,3,2,2,0,0.0,0.0,0,,shortest_path,shortest_path:panel_5:0:1145000:0
shared,shared,shortest_path,0,30000,1,reference,panel_5,1145001,7b22e5d9c3b5f24bf392291aa08483d3c3b474aafa85ece77f49eadf6765a74c,0,1,5,0.95,1.162,0,5,0,6,5,5,0,0.0,0.0,0,,shortest_path,shortest_path:panel_5:0:1145001:0
shared,shared,shortest_path,0,30000,1,reference,panel_5,1145002,4c91ea6833a99739a8cd70421c659118b413ff3d5d0484368a1f803a9248cac2,0,1,2,0.98,1.0612,0,2,0,3,2,2,0,0.0,0.0,0,,shortest_path,shortest_path:panel_5:0:1145002:0
shared,shared,shortest_path,0,30000,1,reference,panel_5,1145003,c2ec9309b4e5498a90ee193dbccc6e33f67b6f758a85328ebf1807bbebdbe776,0,1,7,0.9299999999999999,1.2352,0,7,0,8,7,7,0,0.0,0.0,0,,shortest_path,shortest_path:panel_5:0:1145003:0
shared,shared,shortest_path,0,30000,1,reference,panel_5,1145004,7b48df4ed9e2de19b8edcf39296fc42d7e78c166bd383f099df065cdcf795870,0,1,6,0.94,1.198,0,6,0,7,6,6,0,0.0,0.0,0,,shortest_path,shortest_path:panel_5:0:1145004:0
shared,shared,shortest_path,0,30000,1,reference,panel_5,1145005,9796522cf76dda8ad9ab46e03873794393a55c5c9c1b6c815bed2995f5f29c95,0,1,5,0.95,1.162,0,5,0,6,5,5,0,0.0,0.0,0,,shortest_path,shortest_path:panel_5:0:1145005:0
shared,shared,shortest_path,0,30000,1,reference,panel_5,1145006,b54a5a58b941846c8cb7ceb6c31f2767901db9cf86c30e460ba9447d65c0d03e,0,1,3,0.97,1.0936,0,3,0,4,3,3,0,0.0,0.0,0,,shortest_path,shortest_path:panel_5:0:1145006:0
shared,shared,shortest_path,0,30000,1,reference,panel_5,1145007,910eea99e0adab3a6a6db583c3079c50a4f67ede0e234d52448453d7a3ab39ad,0,1,5,0.95,1.162,0,5,0,6,5,5,0,0.0,0.0,0,,shortest_path,shortest_path:panel_5:0:1145007:0
shared,shared,shortest_path,0,30000,1,reference,panel_5,1145008,f9176f9a224d56b0cfc94f958259a0f4d18537b816ae5d5a747ce8724655b269,0,1,3,0.97,1.0936,0,3,0,4,3,3,0,0.0,0.0,0,,shortest_path,shortest_path:panel_5:0:1145008:0
shared,shared,shortest_path,0,30000,1,reference,panel_5,1145009,2b482ac63ee1ae956658bf12adfb9790b2fc64b722ca4c72f8ce4752552875a4,0,1,2,0.98,1.0612,0,2,0,3,2,2,0,0.0,0.0,0,,shortest_path,shortest_path:panel_5:0:1145009:0
shared,shared,shortest_path,0,30000,1,reference,panel_5,1145010,d3ae5b7939082a3382bb5f18419954a9461bea4405bbb9cf8e518d8d6fb7fd48,0,1,1,0.99,1.03,0,1,0,2,1,1,0,0.0,0.0,0,,shortest_path,shortest_path:panel_5:0:1145010:0
shared,shared,shortest_path,0,30000,1,reference,panel_5,1145011,200e6a814265f2dfea7480f96c4b8edeec09db2c2d81cfee9ed370a0edfa525f,0,1,2,0.98,1.0612,0,2,0,3,2,2,0,0.0,0.0,0,,shortest_path,shortest_path:panel_5:0:1145011:0
shared,shared,shortest_path,0,30000,1,reference,panel_5,1145012,a402a3eaaead6984de15f7eec1364dacdcb4f4130756dff30c995b7e50eff98e,0,1,6,0.94,1.198,0,6,0,7,6,6,0,0.0,0.0,0,,shortest_path,shortest_path:panel_5:0:1145012:0
shared,shared,shortest_path,0,30000,1,reference,panel_5,1145013,473b2c33bc69440e675a3e4024115372253c2484d4b37477d99cd98892abd24e,0,1,4,0.96,1.1272,0,4,0,5,4,4,0,0.0,0.0,0,,shortest_path,shortest_path:panel_5:0:1145013:0
shared,shared,shortest_path,0,30000,1,reference,panel_5,1145014,fccfa6386683a4257db5ccd854bedd05afe1463702f112cfdfd7647b332f705b,0,1,3,0.97,1.0936,0,3,0,4,3,3,0,0.0,0.0,0,,shortest_path,shortest_path:panel_5:0:1145014:0
shared,shared,shortest_path,0,30000,1,reference,panel_5,1145015,4840963c8cd284b9b51d764e8db9f049f3db5fde8a2ec557254d6dc261bed182,0,1,4,0.96,1.1272,0,4,0,5,4,4,0,0.0,0.0,0,,shortest_path,shortest_path:panel_5:0:1145015:0
shared,shared,shortest_path,0,30000,1,reference,panel_5,1145016,57e0ccc8f74a3b9c4c57c87cf22f221cbe6eaff2a691e79937148fa66004cb22,0,1,2,0.98,1.0612,0,2,0,3,2,2,0,0.0,0.0,0,,shortest_path,shortest_path:panel_5:0:1145016:0
shared,shared,shortest_path,0,30000,1,reference,panel_5,1145017,d6a81928e7840eec4317d8a62543ee0f5899e13ee5ae21f2e3544b154e20f111,0,1,2,0.98,1.0612,0,2,0,3,2,2,0,0.0,0.0,0,,shortest_path,shortest_path:panel_5:0:1145017:0
shared,shared,shortest_path,0,30000,1,reference,panel_5,1145018,a0cdabda377ce8db01430493d6c5f1f86969c9bc2a0f435aeafd3092920df4b4,0,1,1,0.99,1.03,0,1,0,2,1,1,0,0.0,0.0,0,,shortest_path,shortest_path:panel_5:0:1145018:0
shared,shared,shortest_path,0,30000,1,reference,panel_5,1145019,1a0d480d47c049bdf33625e1f78261262e011cf315a599d3b9b0c9e2c720ed6e,0,1,2,0.98,1.0612,0,2,0,3,2,2,0,0.0,0.0,0,,shortest_path,shortest_path:panel_5:0:1145019:0
shared,shared,shortest_path,0,30000,1,reference,panel_5,1145020,8e0b66c3e8dfadacfb9e6c51572b5a00bdedf30944df56d5657dcbfaa7b8fdff,0,1,2,0.98,1.0612,0,2,0,3,2,2,0,0.0,0.0,0,,shortest_path,shortest_path:panel_5:0:1145020:0
shared,shared,shortest_path,0,30000,1,reference,panel_5,1145021,67c978c5934e92e0f00b62b0457f711180d5ca7bf063606e6cd0359a86582a74,0,1,3,0.97,1.0936,0,3,0,4,3,3,0,0.0,0.0,0,,shortest_path,shortest_path:panel_5:0:1145021:0
shared,shared,shortest_path,0,30000,1,reference,panel_5,1145022,67d615424dde3d8c74044d253e399e2da9badbd04ed3b2cfa69701cf4089a4a9,0,1,3,0.97,1.0936,0,3,0,4,3,3,0,0.0,0.0,0,,shortest_path,shortest_path:panel_5:0:1145022:0
shared,shared,shortest_path,0,30000,1,reference,panel_5,1145023,bfcfccfb4ffde8c2330df19e4b4da695c6adf803e30e2e782abec9f5807385d0,0,1,5,0.95,1.162,0,5,0,6,5,5,0,0.0,0.0,0,,shortest_path,shortest_path:panel_5:0:1145023:0
shared,shared,shortest_path,0,30000,1,reference,panel_5,1145024,44d64d147ced3029de22e58077325dedf77b0073ef735ff346199fef6d3b74f0,0,1,7,0.9299999999999999,1.2352,0,7,0,8,7,7,0,0.0,0.0,0,,shortest_path,shortest_path:panel_5:0:1145024:0
shared,shared,shortest_path,0,30000,1,reference,panel_5,1145025,75f172716293e896596bb90967da4235631842ff278fa7708cd714204348e949,0,1,1,0.99,1.03,0,1,0,2,1,1,0,0.0,0.0,0,,shortest_path,shortest_path:panel_5:0:1145025:0
shared,shared,shortest_path,0,30000,1,reference,panel_5,1145026,09a14258bdcbdea9a9fa4a19313f8106faa201b9b1d99e3e065fcffe60169ef5,0,1,3,0.97,1.0936,0,3,0,4,3,3,0,0.0,0.0,0,,shortest_path,shortest_path:panel_5:0:1145026:0
shared,shared,shortest_path,0,30000,1,reference,panel_5,1145027,27491304d924c85b9e33178f9b9a9506a41da7366a16b526cca81f5c361aafc3,0,1,4,0.96,1.1272,0,4,0,5,4,4,0,0.0,0.0,0,,shortest_path,shortest_path:panel_5:0:1145027:0
shared,shared,shortest_path,0,30000,1,reference,panel_5,1145028,dce51af611ea72e73f23b8b04218f490e2fb8561a034356ef2a78697e5400e00,0,1,2,0.98,1.0612,0,2,0,3,2,2,0,0.0,0.0,0,,shortest_path,shortest_path:panel_5:0:1145028:0
shared,shared,shortest_path,0,30000,1,reference,panel_5,1145029,ba2861b193480560cca481695f87398c39c50008288d2f60871c4feaff229cc9,0,1,3,0.97,1.0936,0,3,0,4,3,3,0,0.0,0.0,0,,shortest_path,shortest_path:panel_5:0:1145029:0
shared,shared,shortest_path,0,30000,1,reference,panel_5,1145030,337b19d5c5199951bb564e07079635598f2446ec6e8f5a67400e60ad38b47ce5,0,1,5,0.95,1.162,0,5,0,6,5,5,0,0.0,0.0,0,,shortest_path,shortest_path:panel_5:0:1145030:0
shared,shared,shortest_path,0,30000,1,reference,panel_5,1145031,88f999b5e02c79813d0f762880a1d628d31c2622f6f6ed4fc47d0cdd942b0161,0,1,3,0.97,1.0936,0,3,0,4,3,3,0,0.0,0.0,0,,shortest_path,shortest_path:panel_5:0:1145031:0
shared,shared,shortest_path,0,30000,1,reference,panel_5,1145032,18362f8c860f13ecf7e3fe203feec9535dd658f438ab3c9ad0e035f04a70bcc2,0,1,5,0.95,1.162,0,5,0,6,5,5,0,0.0,0.0,0,,shortest_path,shortest_path:panel_5:0:1145032:0
shared,shared,shortest_path,0,30000,1,reference,panel_5,1145033,92686e3eb6994a72f629a1e3ba70149f3ba18be8cc9d5952089775d28c8035b6,0,1,6,0.94,1.198,0,6,0,7,6,6,0,0.0,0.0,0,,shortest_path,shortest_path:panel_5:0:1145033:0
shared,shared,shortest_path,0,30000,1,reference,panel_5,1145034,47e540b7fcdb2cabfb1c9e2b82809ed19b0e57872b755f9bd3352f9d0e7362a8,0,1,4,0.96,1.1272,0,4,0,5,4,4,0,0.0,0.0,0,,shortest_path,shortest_path:panel_5:0:1145034:0
shared,shared,shortest_path,0,30000,1,reference,panel_5,1145035,b43db4f5a8eb4dcb2bb3d7a2405dde511931b732fad786bb68f55613a830262e,0,1,3,0.97,1.0936,0,3,0,4,3,3,0,0.0,0.0,0,,shortest_path,shortest_path:panel_5:0:1145035:0
shared,shared,shortest_path,0,30000,1,reference,panel_5,1145036,f5b092187a85cc0ada8dc5b1db875e47e49a24a87f9459381f27c7e78ab520be,0,1,4,0.96,1.1272,0,4,0,5,4,4,0,0.0,0.0,0,,shortest_path,shortest_path:panel_5:0:1145036:0
shared,shared,shortest_path,0,30000,1,reference,panel_5,1145037,ff9b45dadf5f2581f6e05c029e3bd83e793731bb6003fc4602dd413c59644dd0,0,1,7,0.9299999999999999,1.2352,0,7,0,8,7,7,0,0.0,0.0,0,,shortest_path,shortest_path:panel_5:0:1145037:0
shared,shared,shortest_path,0,30000,1,reference,panel_5,1145038,7f34ae4408ef98c20476cabb6ff6deba601b546ab3187827a0a2b02860a7ec38,0,1,7,0.9299999999999999,1.2352,0,7,0,8,7,7,0,0.0,0.0,0,,shortest_path,shortest_path:panel_5:0:1145038:0
shared,shared,shortest_path,0,30000,1,reference,panel_5,1145039,d0abb4c4e1a775e7fc8c2795c6276adbcedf403ca5d4f5103c357b5be149646b,0,1,2,0.98,1.0612,0,2,0,3,2,2,0,0.0,0.0,0,,shortest_path,shortest_path:panel_5:0:1145039:0
shared,shared,shortest_path,0,30000,1,reference,panel_5,1145040,6298cfe5ac31a5d99e7f674e87e939767e9b30f83e09939a4d336c6ca1e5dc3b,0,1,5,0.95,1.162,0,5,0,6,5,5,0,0.0,0.0,0,,shortest_path,shortest_path:panel_5:0:1145040:0
shared,shared,shortest_path,0,30000,1,reference,panel_5,1145041,14728e883162d9eafda0f52f235c34b5b73f3432f7058001f72b1a8e93c954d8,0,1,4,0.96,1.1272,0,4,0,5,4,4,0,0.0,0.0,0,,shortest_path,shortest_path:panel_5:0:1145041:0
shared,shared,shortest_path,0,30000,1,reference,panel_5,1145042,d1ba84f4950ba9228e3a003002240041b9463275289f2f568eefaef0f0f733a6,0,1,5,0.95,1.162,0,5,0,6,5,5,0,0.0,0.0,0,,shortest_path,shortest_path:panel_5:0:1145042:0
shared,shared,shortest_path,0,30000,1,reference,panel_5,1145043,c71cb14978fba550b7e7e499650ddeb20d331a41763868429c38a8a515c747dc,0,1,1,0.99,1.03,0,1,0,2,1,1,0,0.0,0.0,0,,shortest_path,shortest_path:panel_5:0:1145043:0
shared,shared,shortest_path,0,30000,1,reference,panel_5,1145044,8b69855d3a1070137b7bcf1fa8b8b5c26f616d503bf402be4b7c962ac0320d9b,0,1,5,0.95,1.162,0,5,0,6,5,5,0,0.0,0.0,0,,shortest_path,shortest_path:panel_5:0:1145044:0
shared,shared,shortest_path,0,30000,1,reference,panel_5,1145045,48a911654cb640805801aead90b405984def089353180e8eb086cd0264fbc3b4,0,1,6,0.94,1.198,0,6,0,7,6,6,0,0.0,0.0,0,,shortest_path,shortest_path:panel_5:0:1145045:0
shared,shared,shortest_path,0,30000,1,reference,panel_5,1145046,03d7a8079d3283b72c654b2b0568a0370290a532dcf6c2de5ff035570b12e890,0,1,4,0.96,1.1272,0,4,0,5,4,4,0,0.0,0.0,0,,shortest_path,shortest_path:panel_5:0:1145046:0
shared,shared,shortest_path,0,30000,1,reference,panel_5,1145047,3b16345d1818b2475d83937c5edafb08fcd0f941540661c7edd85359d2f00549,0,1,2,0.98,1.0612,0,2,0,3,2,2,0,0.0,0.0,0,,shortest_path,shortest_path:panel_5:0:1145047:0
shared,shared,shortest_path,0,30000,1,reference,panel_5,1145048,c5ce8f55300382ccb76e1bdf568a906be2a34a0edb2a08da9ba66daf5c9a59c2,0,1,2,0.98,1.0612,0,2,0,3,2,2,0,0.0,0.0,0,,shortest_path,shortest_path:panel_5:0:1145048:0
shared,shared,shortest_path,0,30000,1,reference,panel_5,1145049,603cfef43fad0c7e84f1ae2269c57f425cda4c4ca2fcccbb488d98b50b74da6d,0,1,5,0.95,1.162,0,5,0,6,5,5,0,0.0,0.0,0,,shortest_path,shortest_path:panel_5:0:1145049:0
shared,shared,shortest_path,0,30000,1,reference,panel_5,1145050,35549355f2c06c576a7052c64afd99e9b154d837799939e589e4058f71a880f3,0,1,1,0.99,1.03,0,1,0,2,1,1,0,0.0,0.0,0,,shortest_path,shortest_path:panel_5:0:1145050:0
shared,shared,shortest_path,0,30000,1,reference,panel_5,1145051,b65d693b681fa80bf671ef896d1e00b2a4dfd8dfa0a3763019cfc8ff3f4c3974,0,1,4,0.96,1.1272,0,4,0,5,4,4,0,0.0,0.0,0,,shortest_path,shortest_path:panel_5:0:1145051:0
shared,shared,shortest_path,0,30000,1,reference,panel_5,1145052,9daba76ac71e8481ef7680f2696b354689538b3d3486a8c6f34adc1e45e6673a,0,1,5,0.95,1.162,0,5,0,6,5,5,0,0.0,0.0,0,,shortest_path,shortest_path:panel_5:0:1145052:0
shared,shared,shortest_path,0,30000,1,reference,panel_5,1145053,422e92f2b2bea572d3de51ee128e8700a1260c57e04f79d7f40ce4208b21aa97,0,1,1,0.99,1.03,0,1,0,2,1,1,0,0.0,0.0,0,,shortest_path,shortest_path:panel_5:0:1145053:0
shared,shared,shortest_path,0,30000,1,reference,panel_5,1145054,c01ca1592dc71d4e7cd454dab295dd0310006bd208a95bad035572ef0d44bc92,0,1,1,0.99,1.03,0,1,0,2,1,1,0,0.0,0.0,0,,shortest_path,shortest_path:panel_5:0:1145054:0
shared,shared,shortest_path,0,30000,1,reference,panel_5,1145055,cb78e7b6b40e27a6579268d9b02519af81a42c5e16828836a70698408c2c81a8,0,1,9,0.91,1.3132000000000001,0,9,0,10,9,9,0,0.0,0.0,0,,shortest_path,shortest_path:panel_5:0:1145055:0
shared,shared,shortest_path,0,30000,1,reference,panel_5,1145057,cf5a329e208274b489895c4be5f6cb4d80493460cdaed1792231b6677399ef07,0,1,7,0.9299999999999999,1.2352,0,7,0,8,7,7,0,0.0,0.0,0,,shortest_path,shortest_path:panel_5:0:1145057:0
shared,shared,shortest_path,0,30000,1,reference,panel_5,1145058,d3831cce3f0f79fcbeb0a50ffad604ab31da4b8e014fc4a2d4086c4c05a52891,0,1,3,0.97,1.0936,0,3,0,4,3,3,0,0.0,0.0,0,,shortest_path,shortest_path:panel_5:0:1145058:0
shared,shared,shortest_path,0,30000,1,reference,panel_5,1145059,9f7de7cfdf3d4f1489f08b68d46279e74428a526ddfc6c4cd0d89cf81da89606,0,1,7,0.9299999999999999,1.2352,0,7,0,8,7,7,0,0.0,0.0,0,,shortest_path,shortest_path:panel_5:0:1145059:0
shared,shared,shortest_path,0,30000,1,reference,panel_5,1145060,5fd04e6fa96a2cc8803f66ee2fdae1a10f91f71648a265e068c5730f67b645e9,0,1,3,0.97,1.0936,0,3,0,4,3,3,0,0.0,0.0,0,,shortest_path,shortest_path:panel_5:0:1145060:0
shared,shared,shortest_path,0,30000,1,reference,panel_5,1145061,d79a95404e2ad308e93c3094ceab42aaf4f96e1f3fd426fcf1b8cd159f04ffae,0,1,4,0.96,1.1272,0,4,0,5,4,4,0,0.0,0.0,0,,shortest_path,shortest_path:panel_5:0:1145061:0
shared,shared,shortest_path,0,30000,1,reference,panel_5,1145062,07cf68944d96e3b0764c0bd834dfb9153d1c6bcf8fb06496c0bda3907987e817,0,1,4,0.96,1.1272,0,4,0,5,4,4,0,0.0,0.0,0,,shortest_path,shortest_path:panel_5:0:1145062:0
shared,shared,shortest_path,0,30000,1,reference,panel_5,1145063,864912b0b7e0ae0ad045ac4b7eff6c865a73265a40c2626e708f76b434192be2,0,1,1,0.99,1.03,0,1,0,2,1,1,0,0.0,0.0,0,,shortest_path,shortest_path:panel_5:0:1145063:0
shared,shared,shortest_path,0,30000,1,reference,panel_5,1145064,4b0c8552b5d8034db0d5fe2fb9a329ad12bb4647a540bd73808f241804375edd,0,1,4,0.96,1.1272,0,4,0,5,4,4,0,0.0,0.0,0,,shortest_path,shortest_path:panel_5:0:1145064:0
shared,shared,random_actions,0,30000,1,reference,panel_6,1146000,9b8ff6f22a0e360a50aeb305d8b91ca1f0797719d837d1a99c2e6c6881a475e0,0,0,32,-0.3200000000000001,-0.029199999999999934,12,20,13,8,31,10,1,1.9971250640420022,0.0,0,,random_actions,random_actions:panel_6:0:1146000:0
shared,shared,random_actions,0,30000,1,reference,panel_6,1146000,9b8ff6f22a0e360a50aeb305d8b91ca1f0797719d837d1a99c2e6c6881a475e0,1,1,26,0.74,1.0200000000000002,14,12,6,7,26,8,0,0.7908766235410025,0.0,0,,random_actions,random_actions:panel_6:0:1146000:1
shared,shared,random_actions,0,30000,1,reference,panel_6,1146001,4ce0865df3910edbc91a492f6360e7acb0c6c94b91bc356880a17d2ed4999f50,0,0,32,-0.3200000000000001,-0.07679999999999983,14,18,10,9,29,7,1,1.9891664718815814,0.0,0,,random_actions,random_actions:panel_6:0:1146001:0
shared,shared,random_actions,0,30000,1,reference,panel_6,1146001,4ce0865df3910edbc91a492f6360e7acb0c6c94b91bc356880a17d2ed4999f50,1,0,32,-0.3200000000000001,-0.07319999999999979,9,23,14,10,28,8,1,1.9598722252082332,0.0,0,,random_actions,random_actions:panel_6:0:1146001:1
shared,shared,random_actions,0,30000,1,reference,panel_6,1146002,0fa39e8860f86ee4bd982d2d00d17ba4541fe5f7a664f91c6e6e1d14d9d0d087,0,0,32,-0.3200000000000001,-0.003599999999999895,0,32,19,14,30,16,1,1.9454871584710016,0.0,0,,random_actions,random_actions:panel_6:0:1146002:0
shared,shared,random_actions,0,30000,1,reference,panel_6,1146002,0fa39e8860f86ee4bd982d2d00d17ba4541fe5f7a664f91c6e6e1d14d9d0d087,1,1,7,0.9299999999999999,1.1552,0,7,1,7,7,6,0,0.06923786537729004,0.0,0,,random_actions,random_actions:panel_6:0:1146002:1
shared,shared,random_actions,0,30000,1,reference,panel_6,1146003,d57a5c03351302dfe41daf87babb7ca65d4d6db54bae17df34c3a37b3dffe88e,0,0,32,-0.3200000000000001,-0.1539999999999997,22,10,7,4,29,3,1,2.0632481177000006,0.0,0,,random_actions,random_actions:panel_6:0:1146003:0
shared,shared,random_actions,0,30000,1,reference,panel_6,1146003,d57a5c03351302dfe41daf87babb7ca65d4d6db54bae17df34c3a37b3dffe88e,1,0,32,-0.3200000000000001,-0.19119999999999998,13,19,9,11,31,8,1,2.1524742662000023,0.0,0,,random_actions,random_actions:panel_6:0:1146003:1
shared,shared,random_actions,0,30000,1,reference,panel_6,1146004,743eb42fb67ca362c2b3504f7789f70f8d7f2e77b3f37180308983db789f172b,0,1,14,0.86,1.0752000000000002,4,10,2,9,14,7,0,0.36266947524829063,0.0,0,,random_actions,random_actions:panel_6:0:1146004:0
shared,shared,random_actions,0,30000,1,reference,panel_6,1146004,743eb42fb67ca362c2b3504f7789f70f8d7f2e77b3f37180308983db789f172b,1,1,17,0.83,1.0368000000000002,3,14,3,12,17,9,0,0.4927412743000009,0.0,0,,random_actions,random_actions:panel_6:0:1146004:1
shared,shared,random_actions,0,30000,1,reference,panel_6,1146005,9c8b2224784642c2fa6fd823f9ca8372b42e3d59271a15d71c2de9f42a4f5038,0,0,32,-0.3200000000000001,0.13720000000000013,21,11,10,2,27,4,1,1.7493368219743775,0.0,0,,random_actions,random_actions:panel_6:0:1146005:0
shared,shared,random_actions,0,30000,1,reference,panel_6,1146005,9c8b2224784642c2fa6fd823f9ca8372b42e3d59271a15d71c2de9f42a4f5038,1,0,32,-0.3200000000000001,0.08080000000000014,11,21,13,9,30,11,1,1.8725547323130303,0.0,0,,random_actions,random_actions:panel_6:0:1146005:1
shared,shared,random_actions,0,30000,1,reference,panel_6,1146006,d6215081ea3255ee5396fd975b104c470695097dc2ded1d2d8961e1b4f10fe6f,0,0,32,-0.3200000000000001,0.16480000000000028,5,27,15,13,27,11,1,1.7294187705920394,0.0,0,,random_actions,random_actions:panel_6:0:1146006:0
shared,shared,random_actions,0,30000,1,reference,panel_6,1146006,d6215081ea3255ee5396fd975b104c470695097dc2ded1d2d8961e1b4f10fe6f,1,0,32,-0.3200000000000001,0.17920000000000028,12,20,12,9,27,7,1,1.7219986550105892,0.0,0,,random_actions,random_actions:panel_6:0:1146006:1
shared,shared,random_actions,0,30000,1,reference,panel_6,1146007,34afad6c3098ebec6e3ba438eca953281bd5b57a5f3bb9fd88334d0afae318ba,0,0,32,-0.3200000000000001,-0.0039999999999998925,8,24,14,11,28,10,1,1.8968953509332915,0.0,0,,random_actions,random_actions:panel_6:0:1146007:0
shared,shared,random_actions,0,30000,1,reference,panel_6,1146007,34afad6c3098ebec6e3ba438eca953281bd5b57a5f3bb9fd88334d0afae318ba,1,0,32,-0.3200000000000001,-0.01719999999999991,8,24,16,9,28,11,1,1.9101094135280015,0.0,0,,random_actions,random_actions:panel_6:0:1146007:1
shared,shared,random_actions,0,30000,1,reference,panel_6,1146008,202a852742608a716d1796300a9a80c8f640e9cc1066b04c539d195339bf0c1e,0,1,3,0.97,1.0936,0,3,0,4,3,3,0,0.0,0.0,0,,random_actions,random_actions:panel_6:0:1146008:0
shared,shared,random_actions,0,30000,1,reference,panel_6,1146008,202a852742608a716d1796300a9a80c8f640e9cc1066b04c539d195339bf0c1e,1,1,14,0.86,1.0184,3,11,3,9,14,7,0,0.41561715620000084,0.0,0,,random_actions,random_actions:panel_6:0:1146008:1
shared,shared,random_actions,0,30000,1,reference,panel_6,1146009,49ffffbab73a505c840ea698a95c5b17de2329ed49fad00d7e4957ed30b4ce5a,0,0,32,-0.3200000000000001,-0.08519999999999989,9,23,14,10,28,9,1,1.9793126208052914,0.0,0,,random_actions,random_actions:panel_6:0:1146009:0
shared,shared,random_actions,0,30000,1,reference,panel_6,1146009,49ffffbab73a505c840ea698a95c5b17de2329ed49fad00d7e4957ed30b4ce5a,1,0,32,-0.3200000000000001,-0.08039999999999992,10,22,12,11,28,8,1,1.9719024431352628,0.0,0,,random_actions,random_actions:panel_6:0:1146009:1
shared,shared,random_actions,0,30000,1,reference,panel_6,1146010,afe255d38254eeea8f8bb6b6d20e28465152a1d32f916d39af7ed260a9b07b41,0,0,32,-0.3200000000000001,-0.09119999999999995,6,26,17,10,27,9,1,1.961249472202871,0.0,0,,random_actions,random_actions:panel_6:0:1146010:0
shared,shared,random_actions,0,30000,1,reference,panel_6,1146010,afe255d38254eeea8f8bb6b6d20e28465152a1d32f916d39af7ed260a9b07b41,1,1,4,0.96,1.0436,2,2,0,3,4,2,0,0.07940000000000014,0.0,0,,random_actions,random_actions:panel_6:0:1146010:1
shared,shared,random_actions,0,30000,1,reference,panel_6,1146011,1cacdfa9cd203a29ca857e9b49d2e40415553bb2c00d887962120f0edfe89be2,0,0,32,-0.3200000000000001,-0.003999999999999865,8,24,17,8,30,11,1,1.9490388104192902,0.0,0,,random_actions,random_actions:panel_6:0:1146011:0
shared,shared,random_actions,0,30000,1,reference,panel_6,1146011,1cacdfa9cd203a29ca857e9b49d2e40415553bb2c00d887962120f0edfe89be2,1,0,32,-0.3200000000000001,0.009200000000000208,6,26,17,10,29,12,1,1.9113274307347405,0.0,0,,random_actions,random_actions:panel_6:0:1146011:1
shared,shared,random_actions,0,30000,1,reference,panel_6,1146012,14e1ced97552d577a4901a15606dc77206d598ee543f1cc81f5a2a6ed38f3a3a,0,0,32,-0.3200000000000001,0.1348000000000002,15,17,12,6,30,9,1,1.8234799143322045,0.0,0,,random_actions,random_actions:panel_6:0:1146012:0
shared,shared,random_actions,0,30000,1,reference,panel_6,1146012,14e1ced97552d577a4901a15606dc77206d598ee543f1cc81f5a2a6ed38f3a3a,1,0,32,-0.3200000000000001,0.11560000000000016,12,20,13,8,29,10,1,1.8188802531070014,0.0,0,,random_actions,random_actions:panel_6:0:1146012:1
shared,shared,random_actions,0,30000,1,reference,panel_6,1146013,108478808ea818cc04e004749962e0bf752ca8b88193f8bb84e0851f51f9b5ad,0,1,10,0.9,0.9944000000000001,6,4,2,3,10,3,0,0.3140270000000006,0.0,0,,random_actions,random_actions:panel_6:0:1146013:0
shared,shared,random_actions,0,30000,1,reference,panel_6,1146013,108478808ea818cc04e004749962e0bf752ca8b88193f8bb84e0851f51f9b5ad,1,0,32,-0.3200000000000001,-0.026399999999999813,8,24,9,16,27,8,1,1.9081893036985798,0.0,0,,random_actions,random_actions:panel_6:0:1146013:1
shared,shared,random_actions,0,30000,1,reference,panel_6,1146014,8d9b7768bffc818964d3c369c9846c98c160469a2185801d7fbba67c3d5f4089,0,0,32,-0.3200000000000001,-0.0403999999999998,11,21,10,12,29,9,1,1.9562951894815823,0.0,0,,random_actions,random_actions:panel_6:0:1146014:0
shared,shared,random_actions,0,30000,1,reference,panel_6,1146014,8d9b7768bffc818964d3c369c9846c98c160469a2185801d7fbba67c3d5f4089,1,1,7,0.9299999999999999,1.0656,0,7,1,7,7,5,0,0.15172546000000042,0.0,0,,random_actions,random_actions:panel_6:0:1146014:1
shared,shared,random_actions,0,30000,1,reference,panel_6,1146015,b46414faa4a3d99f3e790e09d97dc7ea02d50a31b4d38310984b0d62877ec64c,0,0,32,-0.3200000000000001,0.23120000000000032,19,13,10,4,25,5,1,1.6299629382963405,0.0,0,,random_actions,random_actions:panel_6:0:1146015:0
shared,shared,random_actions,0,30000,1,reference,panel_6,1146015,b46414faa4a3d99f3e790e09d97dc7ea02d50a31b4d38310984b0d62877ec64c,1,0,32,-0.3200000000000001,0.23120000000000032,25,7,5,3,26,3,1,1.6528749624828913,0.0,0,,random_actions,random_actions:panel_6:0:1146015:1
shared,shared,random_actions,0,30000,1,reference,panel_6,1146016,666937c22cfc840e4d5692c82db605f74449793abbe0ccdfcb164ec05c372396,0,1,9,0.91,0.9668,0,9,4,6,9,5,0,0.31048973000000046,0.0,0,,random_actions,random_actions:panel_6:0:1146016:0
shared,shared,random_actions,0,30000,1,reference,panel_6,1146016,666937c22cfc840e4d5692c82db605f74449793abbe0ccdfcb164ec05c372396,1,1,16,0.84,0.9244000000000001,5,11,7,5,16,6,0,0.5695838400000014,0.0,0,,random_actions,random_actions:panel_6:0:1146016:1
shared,shared,random_actions,0,30000,1,reference,panel_6,1146017,d73b28a8bc0902d7e63a172e4a27fc7858c932291916ee34464d001d54305f26,0,0,32,-0.3200000000000001,-0.023199999999999818,11,21,7,15,30,11,1,1.9646352931511613,0.0,0,,random_actions,random_actions:panel_6:0:1146017:0
shared,shared,random_actions,0,30000,1,reference,panel_6,1146017,d73b28a8bc0902d7e63a172e4a27fc7858c932291916ee34464d001d54305f26,1,0,32,-0.3200000000000001,0.034400000000000125,16,16,9,8,28,6,1,1.8589708994540595,0.0,0,,random_actions,random_actions:panel_6:0:1146017:1
shared,shared,random_actions,0,30000,1,reference,panel_6,1146018,b6da77a411e3dd6b85550846e81dfcd0b12c51d32829ab8aee3868bad1788642,0,0,32,-0.3200000000000001,-0.06559999999999977,14,18,13,6,29,7,1,1.980516748971001,0.0,0,,random_actions,random_actions:panel_6:0:1146018:0
shared,shared,random_actions,0,30000,1,reference,panel_6,1146018,b6da77a411e3dd6b85550846e81dfcd0b12c51d32829ab8aee3868bad1788642,1,1,8,0.9199999999999999,1.0556,1,7,2,6,8,5,0,0.19258073000000042,0.0,0,,random_actions,random_actions:panel_6:0:1146018:1
shared,shared,random_actions,0,30000,1,reference,panel_6,1146019,4ea468af6028fed107c35ce0bb46d68bcd291298c8fce76e39827781a16739f6,0,0,32,-0.3200000000000001,-0.11879999999999985,7,25,18,8,30,11,1,2.0563594601140016,0.0,0,,random_actions,random_actions:panel_6:0:1146019:0
shared,shared,random_actions,0,30000,1,reference,panel_6,1146019,4ea468af6028fed107c35ce0bb46d68bcd291298c8fce76e39827781a16739f6,1,0,32,-0.3200000000000001,-0.11759999999999991,10,22,16,7,30,9,1,2.0540468084710017,0.0,0,,random_actions,random_actions:panel_6:0:1146019:1
shared,shared,random_actions,0,30000,1,reference,panel_6,1146020,1f147f5bb7ebc9f4da126ab0993131a745dfe8a393cfb64c13848d26d4dfa0cb,0,0,32,-0.3200000000000001,0.2036000000000002,19,13,8,6,26,6,1,1.6741101455018566,0.0,0,,random_actions,random_actions:panel_6:0:1146020:0
shared,shared,random_actions,0,30000,1,reference,panel_6,1146020,1f147f5bb7ebc9f4da126ab0993131a745dfe8a393cfb64c13848d26d4dfa0cb,1,0,32,-0.3200000000000001,0.12920000000000015,11,21,9,13,31,12,1,1.8590748024432013,0.0,0,,random_actions,random_actions:panel_6:0:1146020:1
shared,shared,random_actions,0,30000,1,reference,panel_6,1146021,e7576cc73a05a9d7c4c48644c3a94412ecabe5e63f947d7d7521d7e7d4ca4d63,0,1,7,0.9299999999999999,1.0208000000000002,3,4,0,5,7,3,0,0.1949270000000004,0.0,0,,random_actions,random_actions:panel_6:0:1146021:0
shared,shared,random_actions,0,30000,1,reference,panel_6,1146021,e7576cc73a05a9d7c4c48644c3a94412ecabe5e63f947d7d7521d7e7d4ca4d63,1,1,2,0.98,1.0612,0,2,0,3,2,2,0,0.0,0.0,0,,random_actions,random_actions:panel_6:0:1146021:1
shared,shared,random_actions,0,30000,1,reference,panel_6,1146022,4460738be5208e12005d6be4ea3d18d63351095d0d23291cb88604a7019ed59a,0,1,8,0.9199999999999999,1.0592000000000001,5,3,0,4,8,3,0,0.1891149200000004,0.0,0,,random_actions,random_actions:panel_6:0:1146022:0
shared,shared,random_actions,0,30000,1,reference,panel_6,1146022,4460738be5208e12005d6be4ea3d18d63351095d0d23291cb88604a7019ed59a,1,1,4,0.96,1.0848,1,3,0,4,4,3,0,0.03970000000000007,0.0,0,,random_actions,random_actions:panel_6:0:1146022:1
shared,shared,random_actions,0,30000,1,reference,panel_6,1146023,13fd514fab92ad3f07bc3f2401c1d3c69db8f496d6b9e24362cd50f9331d9798,0,0,32,-0.3200000000000001,-0.053599999999999856,10,22,12,11,30,10,1,1.9932191463762916,0.0,0,,random_actions,random_actions:panel_6:0:1146023:0
shared,shared,random_actions,0,30000,1,reference,panel_6,1146023,13fd514fab92ad3f07bc3f2401c1d3c69db8f496d6b9e24362cd50f9331d9798,1,1,24,0.7599999999999999,0.9760000000000001,13,11,6,6,24,7,0,0.7687744215000003,0.0,0,,random_actions,random_actions:panel_6:0:1146023:1
shared,shared,random_actions,0,30000,1,reference,panel_6,1146024,7451bfc6836e639ca9cca1c2891f651c19d030cdb7eef079afa3c82567b10209,0,1,21,0.7899999999999999,1.0028000000000001,3,18,6,13,21,11,0,0.6504868272140011,0.0,0,,random_actions,random_actions:panel_6:0:1146024:0
shared,shared,random_actions,0,30000,1,reference,panel_6,1146024,7451bfc6836e639ca9cca1c2891f651c19d030cdb7eef079afa3c82567b10209,1,1,24,0.7599999999999999,0.9872000000000001,6,18,8,11,24,11,0,0.7588038062000018,0.0,0,,random_actions,random_actions:panel_6:0:1146024:1
shared,shared,random_actions,0,30000,1,reference,panel_6,1146025,5e6b7fe8d19d72441ed1a7aa4d77d4a7adfc84c7637c102144d0b3294cca9565,0,1,19,0.8099999999999999,0.9416000000000001,1,18,8,11,19,10,0,0.6456902807570012,0.0,0,,random_actions,random_actions:panel_6:0:1146025:0
shared,shared,random_actions,0,30000,1,reference,panel_6,1146025,5e6b7fe8d19d72441ed1a7aa4d77d4a7adfc84c7637c102144d0b3294cca9565,1,0,32,-0.3200000000000001,-0.1632,7,25,18,8,30,11,1,2.097575380000002,0.0,0,,random_actions,random_actions:panel_6:0:1146025:1
shared,shared,random_actions,0,30000,1,reference,panel_6,1146026,fabbcf6cf4b982de5348e9bf07975b08ee3b811c32567dc04f26a55c4dc8c53c,0,1,10,0.9,1.0416,3,7,4,4,10,5,0,0.2684791900000004,0.0,0,,random_actions,random_actions:panel_6:0:1146026:0
shared,shared,random_actions,0,30000,1,reference,panel_6,1146026,fabbcf6cf4b982de5348e9bf07975b08ee3b811c32567dc04f26a55c4dc8c53c,1,0,32,-0.3200000000000001,-0.058399999999999924,15,17,10,8,28,7,1,1.947225115937162,0.0,0,,random_actions,random_actions:panel_6:0:1146026:1
shared,shared,random_actions,0,30000,1,reference,panel_6,1146027,364dc3acceea212cbd437e5e6230121a8d4e74e9f1a69d0b6b6bf6640e1239f7,0,0,32,-0.3200000000000001,-0.060799999999999875,9,23,11,13,32,12,1,2.0545277603700023,0.0,0,,random_actions,random_actions:panel_6:0:1146027:0
shared,shared,random_actions,0,30000,1,reference,panel_6,1146027,364dc3acceea212cbd437e5e6230121a8d4e74e9f1a69d0b6b6bf6640e1239f7,1,1,4,0.96,1.086,1,3,0,4,4,3,0,0.038509000000000126,0.0,0,,random_actions,random_actions:panel_6:0:1146027:1
shared,shared,random_actions,0,30000,1,reference,panel_6,1146028,de22bbee2071984e1811fd1461f64003503baf851cef8944c7b26d67166c8398,0,0,32,-0.3200000000000001,-0.09799999999999995,9,23,14,10,32,12,1,2.089555527714002,0.0,0,,random_actions,random_actions:panel_6:0:1146028:0
shared,shared,random_actions,0,30000,1,reference,panel_6,1146028,de22bbee2071984e1811fd1461f64003503baf851cef8944c7b26d67166c8398,1,0,32,-0.3200000000000001,-0.07039999999999988,8,24,15,10,30,11,1,2.008774279291292,0.0,0,,random_actions,random_actions:panel_6:0:1146028:1
shared,shared,random_actions,0,30000,1,reference,panel_6,1146029,a22c5d8f747fd5724e054a1e4f4291009c31900fa2d4b7ef3ed86fe51cb949dd,0,0,32,-0.3200000000000001,-0.09239999999999993,10,22,11,12,28,8,1,1.9875708173255813,0.0,0,,random_actions,random_actions:panel_6:0:1146029:0
shared,shared,random_actions,0,30000,1,reference,panel_6,1146029,a22c5d8f747fd5724e054a1e4f4291009c31900fa2d4b7ef3ed86fe51cb949dd,1,0,32,-0.3200000000000001,-0.043199999999999655,8,24,15,10,28,8,1,1.9399420843354083,0.0,0,,random_actions,random_actions:panel_6:0:1146029:1
shared,shared,random_actions,0,30000,1,reference,panel_6,1146030,491d85273ade4a25ea82fa965c1753608a3436ce6c4a2a0eba19ffcd78aacb93,0,1,13,0.87,0.9764,1,12,4,9,13,7,0,0.4248614600000008,0.0,0,,random_actions,random_actions:panel_6:0:1146030:0
shared,shared,random_actions,0,30000,1,reference,panel_6,1146030,491d85273ade4a25ea82fa965c1753608a3436ce6c4a2a0eba19ffcd78aacb93,1,0,32,-0.3200000000000001,-0.13679999999999992,7,25,14,12,29,11,1,2.0452935148000018,0.0,0,,random_actions,random_actions:panel_6:0:1146030:1
shared,shared,random_actions,0,30000,1,reference,panel_6,1146031,f0e7aada81a63ec71ac85296b40c3c93ce7b1b328d2a875728d91d7d6791d362,0,1,27,0.73,0.9460000000000001,6,21,12,10,27,12,0,0.8910923296140021,0.0,0,,random_actions,random_actions:panel_6:0:1146031:0
shared,shared,random_actions,0,30000,1,reference,panel_6,1146031,f0e7aada81a63ec71ac85296b40c3c93ce7b1b328d2a875728d91d7d6791d362,1,0,32,-0.3200000000000001,-0.09919999999999994,20,12,9,4,30,6,1,2.0345913300000023,0.0,0,,random_actions,random_actions:panel_6:0:1146031:1
shared,shared,random_actions,0,30000,1,reference,panel_6,1146032,e818b6d7308b7e0c28cbd96e28ce5e9cbcca404d610e096b78851da4f9b71aa3,0,0,32,-0.3200000000000001,0.009600000000000053,11,21,11,11,29,10,1,1.9141378423990019,0.0,0,,random_actions,random_actions:panel_6:0:1146032:0
shared,shared,random_actions,0,30000,1,reference,panel_6,1146032,e818b6d7308b7e0c28cbd96e28ce5e9cbcca404d610e096b78851da4f9b71aa3,1,1,22,0.7799999999999999,1.0832000000000002,15,7,2,6,22,6,0,0.6073006777130014,0.0,0,,random_actions,random_actions:panel_6:0:1146032:1
shared,shared,random_actions,0,30000,1,reference,panel_6,1146033,1090e0af7b57f4e4704bd3376a1a3837c31029c603ff2a454ab02247bf27c0b9,0,0,32,-0.3200000000000001,-0.14879999999999996,4,28,19,10,32,14,1,2.138501943157002,0.0,0,,random_actions,random_actions:panel_6:0:1146033:0
shared,shared,random_actions,0,30000,1,reference,panel_6,1146033,1090e0af7b57f4e4704bd3376a1a3837c31029c603ff2a454ab02247bf27c0b9,1,0,32,-0.3200000000000001,-0.05399999999999977,8,24,14,11,26,9,1,1.9109865457270305,0.0,0,,random_actions,random_actions:panel_6:0:1146033:1
shared,shared,random_actions,0,30000,1,reference,panel_6,1146035,1b94e8522180d33817e355c82a8596b692cd835d8997bd5f47490257bdb098ea,0,0,32,-0.3200000000000001,-0.08239999999999997,7,25,15,11,28,11,1,1.970157909357002,0.0,0,,random_actions,random_actions:panel_6:0:1146035:0
shared,shared,random_actions,0,30000,1,reference,panel_6,1146035,1b94e8522180d33817e355c82a8596b692cd835d8997bd5f47490257bdb098ea,1,1,20,0.7999999999999999,0.9788000000000001,3,17,8,10,20,10,0,0.6409651943000014,0.0,0,,random_actions,random_actions:panel_6:0:1146035:1
shared,shared,random_actions,0,30000,1,reference,panel_6,1146036,e327deb6351f8428de80be4a51bab99719150245e8fe434da1399079a53d3cda,0,0,32,-0.3200000000000001,0.03160000000000024,19,13,7,7,27,4,1,1.8510696649138132,0.0,0,,random_actions,random_actions:panel_6:0:1146036:0
shared,shared,random_actions,0,30000,1,reference,panel_6,1146036,e327deb6351f8428de80be4a51bab99719150245e8fe434da1399079a53d3cda,1,1,11,0.89,1.0328,4,7,3,5,11,5,0,0.3081791900000005,0.0,0,,random_actions,random_actions:panel_6:0:1146036:1
shared,shared,random_actions,0,30000,1,reference,panel_6,1146037,e0f3d1a1b5ce7ee5f5c992c877b36daf79382d80ac2d66d975f504b74e9f76dd,0,1,6,0.94,1.0296,2,4,2,3,6,3,0,0.15522700000000034,0.0,0,,random_actions,random_actions:panel_6:0:1146037:0
shared,shared,random_actions,0,30000,1,reference,panel_6,1146037,e0f3d1a1b5ce7ee5f5c992c877b36daf79382d80ac2d66d975f504b74e9f76dd,1,1,6,0.94,1.0284,0,6,2,5,6,4,0,0.15641800000000017,0.0,0,,random_actions,random_actions:panel_6:0:1146037:1
shared,shared,random_actions,0,30000,1,reference,panel_6,1146038,90847b636639f8c8da7fa364e0bac88337340af45f8454270cb2a7d379d96ad7,0,0,32,-0.3200000000000001,0.018800000000000205,12,20,12,9,26,7,1,1.8324138584535807,0.0,0,,random_actions,random_actions:panel_6:0:1146038:0
shared,shared,random_actions,0,30000,1,reference,panel_6,1146038,90847b636639f8c8da7fa364e0bac88337340af45f8454270cb2a7d379d96ad7,1,0,32,-0.3200000000000001,-0.014799999999999897,11,21,16,6,30,10,1,1.956852563399001,0.0,0,,random_actions,random_actions:panel_6:0:1146038:1
shared,shared,random_actions,0,30000,1,reference,panel_6,1146039,11f4173f0ac4029a4768507dfbd451a016c59aca9a304cf34987c4469479449c,0,0,32,-0.3200000000000001,0.11080000000000009,10,22,16,7,28,11,1,1.7982659333893198,0.0,0,,random_actions,random_actions:panel_6:0:1146039:0
shared,shared,random_actions,0,30000,1,reference,panel_6,1146039,11f4173f0ac4029a4768507dfbd451a016c59aca9a304cf34987c4469479449c,1,0,32,-0.3200000000000001,0.1168000000000001,14,18,14,5,29,8,1,1.8170806142704798,0.0,0,,random_actions,random_actions:panel_6:0:1146039:1
shared,shared,random_actions,0,30000,1,reference,panel_6,1146040,ccb35ae895c2a59d19e50e9bbbbd115e6822e866d6b42fb0b7c1cdb63593e913,0,0,32,-0.3200000000000001,-0.005199999999999871,17,15,10,6,28,7,1,1.8991050046700018,0.0,0,,random_actions,random_actions:panel_6:0:1146040:0
shared,shared,random_actions,0,30000,1,reference,panel_6,1146040,ccb35ae895c2a59d19e50e9bbbbd115e6822e866d6b42fb0b7c1cdb63593e913,1,0,32,-0.3200000000000001,0.008000000000000118,18,14,9,6,28,6,1,1.8879294159902904,0.0,0,,random_actions,random_actions:panel_6:0:1146040:1
shared,shared,random_actions,0,30000,1,reference,panel_6,1146041,bd607fcf9c72dec74432a01e52af1e468481baf782fea330e40c4b1da96ea6c6,0,0,32,-0.3200000000000001,-0.06759999999999995,13,19,13,7,31,10,1,2.033586502400002,0.0,0,,random_actions,random_actions:panel_6:0:1146041:0
shared,shared,random_actions,0,30000,1,reference,panel_6,1146041,bd607fcf9c72dec74432a01e52af1e468481baf782fea330e40c4b1da96ea6c6,1,1,13,0.87,1.0828,3,10,3,8,13,7,0,0.3239913125280004,0.0,0,,random_actions,random_actions:panel_6:0:1146041:1
shared,shared,random_actions,0,30000,1,reference,panel_6,1146042,405468ff56ec3f8c1c42dff13fc9cc7321f06819c701f1ea9461d199a7ddccea,0,1,7,0.9299999999999999,1.1044,3,4,0,5,7,4,0,0.1156331181000001,0.0,0,,random_actions,random_actions:panel_6:0:1146042:0
shared,shared,random_actions,0,30000,1,reference,panel_6,1146042,405468ff56ec3f8c1c42dff13fc9cc7321f06819c701f1ea9461d199a7ddccea,1,0,32,-0.3200000000000001,-0.06039999999999997,15,17,12,6,30,9,1,1.9984979162000025,0.0,0,,random_actions,random_actions:panel_6:0:1146042:1
shared,shared,random_actions,0,30000,1,reference,panel_6,1146043,c8882a89ff5cf271bd30d08814cb9ffe96fe2deb610d8b62165729da59a76638,0,0,32,-0.3200000000000001,0.15280000000000016,17,15,11,5,26,6,1,1.7165746714858132,0.0,0,,random_actions,random_actions:panel_6:0:1146043:0
shared,shared,random_actions,0,30000,1,reference,panel_6,1146043,c8882a89ff5cf271bd30d08814cb9ffe96fe2deb610d8b62165729da59a76638,1,0,32,-0.3200000000000001,0.1492000000000002,12,20,15,6,26,7,1,1.724049361931376,0.0,0,,random_actions,random_actions:panel_6:0:1146043:1
shared,shared,random_actions,0,30000,1,reference,panel_6,1146044,b362ef854076cdf1dc0e170a8f815a7aa31774157faa5bda6b47841f38f6128c,0,1,3,0.97,1.0536,1,2,0,3,3,2,0,0.038509000000000126,0.0,0,,random_actions,random_actions:panel_6:0:1146044:0
shared,shared,random_actions,0,30000,1,reference,panel_6,1146044,b362ef854076cdf1dc0e170a8f815a7aa31774157faa5bda6b47841f38f6128c,1,1,16,0.84,0.9536,8,8,5,4,16,5,0,0.5404956500000011,0.0,0,,random_actions,random_actions:panel_6:0:1146044:1
shared,shared,random_actions,0,30000,1,reference,panel_6,1146045,d09cd075113b81578b0b8041be425e8bee808bc2bcdd3f8ec774930071b48367,0,0,32,-0.3200000000000001,0.021200000000000108,14,18,14,5,29,8,1,1.9023298945361609,0.0,0,,random_actions,random_actions:panel_6:0:1146045:0
shared,shared,random_actions,0,30000,1,reference,panel_6,1146045,d09cd075113b81578b0b8041be425e8bee808bc2bcdd3f8ec774930071b48367,1,0,32,-0.3200000000000001,-0.00039999999999990044,12,20,13,8,29,9,1,1.9220322688395806,0.0,0,,random_actions,random_actions:panel_6:0:1146045:1
shared,shared,random_actions,0,30000,1,reference,panel_6,1146046,5b52a1d07e0e9fb4b2ec4c4353f6a62b525f24fe4bf2712988884809293de180,0,0,32,-0.3200000000000001,0.04320000000000013,16,16,9,8,28,7,1,1.8520957151637405,0.0,0,,random_actions,random_actions:panel_6:0:1146046:0
shared,shared,random_actions,0,30000,1,reference,panel_6,1146046,5b52a1d07e0e9fb4b2ec4c4353f6a62b525f24fe4bf2712988884809293de180,1,0,32,-0.3200000000000001,0.05520000000000011,13,19,9,11,29,9,1,1.8664951851588998,0.0,0,,random_actions,random_actions:panel_6:0:1146046:1
shared,shared,random_actions,0,30000,1,reference,panel_6,1146047,c12247b3c30b292984159b83ddaafddc9d613a0912c69d58fc07995e032a3d86,0,0,32,-0.3200000000000001,0.10960000000000014,10,22,11,12,32,13,1,1.9005877262556257,0.0,0,,random_actions,random_actions:panel_6:0:1146047:0
shared,shared,random_actions,0,30000,1,reference,panel_6,1146047,c12247b3c30b292984159b83ddaafddc9d613a0912c69d58fc07995e032a3d86,1,0,32,-0.3200000000000001,0.14920000000000017,14,18,12,7,26,7,1,1.7154886562370018,0.0,0,,random_actions,random_actions:panel_6:0:1146047:1
shared,shared,random_actions,0,30000,1,reference,panel_6,1146048,13f2a66c0fec2f1e1da9c2dae3f48c4e4b6c85682ee4c117299fa520e73047fc,0,1,31,0.69,0.8092,16,15,8,8,31,8,0,1.1485170300000027,0.0,0,,random_actions,random_actions:panel_6:0:1146048:0
shared,shared,random_actions,0,30000,1,reference,panel_6,1146048,13f2a66c0fec2f1e1da9c2dae3f48c4e4b6c85682ee4c117299fa520e73047fc,1,1,1,0.99,1.03,0,1,0,2,1,1,0,0.0,0.0,0,,random_actions,random_actions:panel_6:0:1146048:1
shared,shared,random_actions,0,30000,1,reference,panel_6,1146049,9c83008d571f98ec20efea9ff2be6743723537ee16e40a6709ce6f397a6f3c6a,0,1,4,0.96,1.0048,1,3,0,4,4,2,0,0.11790900000000015,0.0,0,,random_actions,random_actions:panel_6:0:1146049:0
shared,shared,random_actions,0,30000,1,reference,panel_6,1146049,9c83008d571f98ec20efea9ff2be6743723537ee16e40a6709ce6f397a6f3c6a,1,1,9,0.91,0.9656,4,5,1,5,9,3,0,0.3116450000000006,0.0,0,,random_actions,random_actions:panel_6:0:1146049:1
shared,shared,random_actions,0,30000,1,reference,panel_6,1146050,1e2af32df587f8252cde93e5c28d132bc77e5a8a14e9048f176eac527709a285,0,0,32,-0.3200000000000001,0.11320000000000016,9,23,10,14,30,12,1,1.8440450477655084,0.0,0,,random_actions,random_actions:panel_6:0:1146050:0
shared,shared,random_actions,0,30000,1,reference,panel_6,1146050,1e2af32df587f8252cde93e5c28d132bc77e5a8a14e9048f176eac527709a285,1,0,32,-0.3200000000000001,0.14080000000000015,12,20,12,9,26,7,1,1.7248209306010738,0.0,0,,random_actions,random_actions:panel_6:0:1146050:1
shared,shared,random_actions,0,30000,1,reference,panel_6,1146051,2f6a36dacf6a1113d1f742839379922f80edbfd5a4e95794b4c86c4f79e07951,0,0,32,-0.3200000000000001,0.1708000000000003,16,16,10,7,25,6,1,1.683431329271723,0.0,0,,random_actions,random_actions:panel_6:0:1146051:0
shared,shared,random_actions,0,30000,1,reference,panel_6,1146051,2f6a36dacf6a1113d1f742839379922f80edbfd5a4e95794b4c86c4f79e07951,1,0,32,-0.3200000000000001,0.10480000000000012,9,23,17,7,29,11,1,1.8290692050121025,0.0,0,,random_actions,random_actions:panel_6:0:1146051:1
shared,shared,random_actions,0,30000,1,reference,panel_6,1146054,dfef2c996a1c7b8e0fff14dd03571e704efb8ac0a28d82094c00ce255141d3b3,0,1,6,0.94,1.0284,2,4,2,3,6,3,0,0.15641800000000028,0.0,0,,random_actions,random_actions:panel_6:0:1146054:0
shared,shared,random_actions,0,30000,1,reference,panel_6,1146054,dfef2c996a1c7b8e0fff14dd03571e704efb8ac0a28d82094c00ce255141d3b3,1,1,9,0.91,1.0068000000000001,5,4,1,4,9,3,0,0.2707540000000007,0.0,0,,random_actions,random_actions:panel_6:0:1146054:1
shared,shared,random_actions,0,30000,1,reference,panel_6,1146055,b5ab102b9ff73f6f6888d045a66a33d25407c89867107be0564f23c64b39a1fa,0,1,29,0.71,0.8984000000000001,10,19,15,5,29,11,0,0.9991378400000023,0.0,0,,random_actions,random_actions:panel_6:0:1146055:0
shared,shared,random_actions,0,30000,1,reference,panel_6,1146055,b5ab102b9ff73f6f6888d045a66a33d25407c89867107be0564f23c64b39a1fa,1,1,7,0.9299999999999999,1.0668,2,5,1,5,7,4,0,0.15057019000000038,0.0,0,,random_actions,random_actions:panel_6:0:1146055:1
shared,shared,random_actions,0,30000,1,reference,panel_6,1146056,6a9a9b738c0b7fc699979eb7f0273eb81ab73eb043e37d56353235514c621e49,0,0,32,-0.3200000000000001,-0.0003999999999998449,11,21,15,7,29,10,1,1.919725825427001,0.0,0,,random_actions,random_actions:panel_6:0:1146056:0
shared,shared,random_actions,0,30000,1,reference,panel_6,1146056,6a9a9b738c0b7fc699979eb7f0273eb81ab73eb043e37d56353235514c621e49,1,1,19,0.8099999999999999,1.0288000000000002,7,12,3,10,19,8,0,0.562929516957001,0.0,0,,random_actions,random_actions:panel_6:0:1146056:1
shared,shared,random_actions,0,30000,1,reference,panel_6,1146057,da193e18d96425c763a4d5237d4767d2afa38eed36abe14dc0e854f4ba83f6fb,0,1,3,0.97,1.0936,0,3,0,4,3,3,0,0.0,0.0,0,,random_actions,random_actions:panel_6:0:1146057:0
shared,shared,random_actions,0,30000,1,reference,panel_6,1146057,da193e18d96425c763a4d5237d4767d2afa38eed36abe14dc0e854f4ba83f6fb,1,1,4,0.96,1.086,1,3,0,4,4,3,0,0.038509000000000126,0.0,0,,random_actions,random_actions:panel_6:0:1146057:1
shared,shared,random_actions,0,30000,1,reference,panel_6,1146058,2e0a259108eabf9ec64ab5da3f04710e881aa4ae02a68f07269e854fbff4ce80,0,1,4,0.96,1.0872,1,3,0,4,4,3,0,0.037353730000000085,0.0,0,,random_actions,random_actions:panel_6:0:1146058:0
shared,shared,random_actions,0,30000,1,reference,panel_6,1146058,2e0a259108eabf9ec64ab5da3f04710e881aa4ae02a68f07269e854fbff4ce80,1,1,20,0.7999999999999999,0.9716,9,11,8,4,20,7,0,0.6478285700000016,0.0,0,,random_actions,random_actions:panel_6:0:1146058:1
shared,shared,random_actions,0,30000,1,reference,panel_6,1146059,ca4b20ff4df5bf81aeb8188e0291d60059626c3275fc39fdf242a451cd0bf809,0,1,10,0.9,1.0852,0,10,2,9,10,7,0,0.22765857810000045,0.0,0,,random_actions,random_actions:panel_6:0:1146059:0
shared,shared,random_actions,0,30000,1,reference,panel_6,1146059,ca4b20ff4df5bf81aeb8188e0291d60059626c3275fc39fdf242a451cd0bf809,1,1,30,0.7,0.9764000000000002,8,22,13,10,30,13,0,0.9574536379700024,0.0,0,,random_actions,random_actions:panel_6:0:1146059:1
shared,shared,random_actions,0,30000,1,reference,panel_6,1146060,d7946e5816a97b1ba56cf737afec72c84233a8ca400a9841d0475d7a663bdd29,0,0,32,-0.3200000000000001,-0.0327999999999999,3,29,18,12,30,14,1,1.9713889792280015,0.0,0,,random_actions,random_actions:panel_6:0:1146060:0
shared,shared,random_actions,0,30000,1,reference,panel_6,1146060,d7946e5816a97b1ba56cf737afec72c84233a8ca400a9841d0475d7a663bdd29,1,0,32,-0.3200000000000001,-0.00519999999999983,12,20,13,8,29,9,1,1.9210125120105812,0.0,0,,random_actions,random_actions:panel_6:0:1146060:1
shared,shared,random_actions,0,30000,1,reference,panel_6,1146061,ee6f07ccbb96bb8be35f9ed07c4be672854cfff1e3791c5c5e41341a0963b581,0,1,27,0.73,1.026,10,17,10,8,27,11,0,0.8179561332850014,0.0,0,,random_actions,random_actions:panel_6:0:1146061:0
shared,shared,random_actions,0,30000,1,reference,panel_6,1146061,ee6f07ccbb96bb8be35f9ed07c4be672854cfff1e3791c5c5e41341a0963b581,1,1,5,0.95,1.162,0,5,0,6,5,5,0,0.0,0.0,0,,random_actions,random_actions:panel_6:0:1146061:1
shared,shared,random_actions,0,30000,1,reference,panel_6,1146062,cda6e52cb337c4b5bc9a9ae23e5904ce1a5742f3dbb2fa6383d635f5187a5cea,0,1,1,0.99,1.03,0,1,0,2,1,1,0,0.0,0.0,0,,random_actions,random_actions:panel_6:0:1146062:0
shared,shared,random_actions,0,30000,1,reference,panel_6,1146062,cda6e52cb337c4b5bc9a9ae23e5904ce1a5742f3dbb2fa6383d635f5187a5cea,1,0,32,-0.3200000000000001,-0.14799999999999996,13,19,8,12,30,8,1,2.086853385937162,0.0,0,,random_actions,random_actions:panel_6:0:1146062:1
shared,shared,random_actions,0,30000,1,reference,panel_6,1146063,552355aef083c21bcba7959f076646cdfc13b7b84a349b9ca7c1b972a536eeb5,0,0,32,-0.3200000000000001,-0.13559999999999994,8,24,13,12,30,11,1,2.0721540805000025,0.0,0,,random_actions,random_actions:panel_6:0:1146063:0
shared,shared,random_actions,0,30000,1,reference,panel_6,1146063,552355aef083c21bcba7959f076646cdfc13b7b84a349b9ca7c1b972a536eeb5,1,0,32,-0.3200000000000001,-0.10559999999999985,8,24,15,10,30,10,1,2.0428049916280013,0.0,0,,random_actions,random_actions:panel_6:0:1146063:1
shared,shared,random_actions,0,30000,1,reference,panel_6,1146064,eb2b205abbacce79ad43abc0e4ad17eff089d90de513fbad6bc5df87a4b5a842,0,0,32,-0.3200000000000001,0.029600000000000237,14,18,10,9,27,8,1,1.8470710530851466,0.0,0,,random_actions,random_actions:panel_6:0:1146064:0
shared,shared,random_actions,0,30000,1,reference,panel_6,1146064,eb2b205abbacce79ad43abc0e4ad17eff089d90de513fbad6bc5df87a4b5a842,1,0,32,-0.3200000000000001,-0.026799999999999873,14,18,13,6,32,10,1,2.0227812809990016,0.0,0,,random_actions,random_actions:panel_6:0:1146064:1
shared,shared,random_actions,0,30000,1,reference,panel_6,1146065,3817571644c43a620020c12a816838bdf1dd9e70198b1b3ac012368d5a4b58be,0,0,32,-0.3200000000000001,0.1252000000000002,13,19,11,9,29,9,1,1.8070191364514503,0.0,0,,random_actions,random_actions:panel_6:0:1146065:0
shared,shared,random_actions,0,30000,1,reference,panel_6,1146065,3817571644c43a620020c12a816838bdf1dd9e70198b1b3ac012368d5a4b58be,1,0,32,-0.3200000000000001,0.05800000000000005,3,29,15,15,28,13,1,1.8473552363072627,0.0,0,,random_actions,random_actions:panel_6:0:1146065:1
shared,shared,random_actions,0,30000,1,reference,panel_6,1146066,ae649e92f2a552ad6e19f7f18b7116509e41d1ecd331153358617309f416ce41,0,0,32,-0.3200000000000001,0.14200000000000013,11,21,16,6,27,8,1,1.7443179553876402,0.0,0,,random_actions,random_actions:panel_6:0:1146066:0
shared,shared,random_actions,0,30000,1,reference,panel_6,1146066,ae649e92f2a552ad6e19f7f18b7116509e41d1ecd331153358617309f416ce41,1,0,32,-0.3200000000000001,0.13240000000000013,22,10,8,3,27,3,1,1.7514781992540875,0.0,0,,random_actions,random_actions:panel_6:0:1146066:1
shared,shared,random_actions,1,30000,1,reference,panel_6,1146000,9b8ff6f22a0e360a50aeb305d8b91ca1f0797719d837d1a99c2e6c6881a475e0,0,0,32,-0.3200000000000001,0.01520000000000013,17,15,12,4,28,6,1,1.8792008578400026,0.0,0,,random_actions,random_actions:panel_6:1:1146000:0
shared,shared,random_actions,1,30000,1,reference,panel_6,1146000,9b8ff6f22a0e360a50aeb305d8b91ca1f0797719d837d1a99c2e6c6881a475e0,1,1,23,0.7699999999999999,0.9888000000000001,9,14,6,9,23,9,0,0.7260018400000017,0.0,0,,random_actions,random_actions:panel_6:1:1146000:1
shared,shared,random_actions,1,30000,1,reference,panel_6,1146001,4ce0865df3910edbc91a492f6360e7acb0c6c94b91bc356880a17d2ed4999f50,0,1,15,0.85,0.9804,3,12,5,8,15,7,0,0.48370179987100115,0.0,0,,random_actions,random_actions:panel_6:1:1146001:0
shared,shared,random_actions,1,30000,1,reference,panel_6,1146001,4ce0865df3910edbc91a492f6360e7acb0c6c94b91bc356880a17d2ed4999f50,1,0,32,-0.3200000000000001,-0.04679999999999973,11,21,12,10,26,5,1,1.8949601217325376,0.0,0,,random_actions,random_actions:panel_6:1:1146001:1
shared,shared,random_actions,1,30000,1,reference,panel_6,1146002,0fa39e8860f86ee4bd982d2d00d17ba4541fe5f7a664f91c6e6e1d14d9d0d087,0,0,32,-0.3200000000000001,0.03360000000000014,6,26,17,10,30,13,1,1.9109322845371612,0.0,0,,random_actions,random_actions:panel_6:1:1146002:0
shared,shared,random_actions,1,30000,1,reference,panel_6,1146002,0fa39e8860f86ee4bd982d2d00d17ba4541fe5f7a664f91c6e6e1d14d9d0d087,1,0,32,-0.3200000000000001,0.013200000000000128,10,22,12,11,28,10,1,1.8822353148622915,0.0,0,,random_actions,random_actions:panel_6:1:1146002:1
shared,shared,random_actions,1,30000,1,reference,panel_6,1146003,d57a5c03351302dfe41daf87babb7ca65d4d6db54bae17df34c3a37b3dffe88e,0,0,32,-0.3200000000000001,-0.19480000000000003,4,28,17,12,31,13,1,2.1548205362000026,0.0,0,,random_actions,random_actions:panel_6:1:1146003:0
shared,shared,random_actions,1,30000,1,reference,panel_6,1146003,d57a5c03351302dfe41daf87babb7ca65d4d6db54bae17df34c3a37b3dffe88e,1,1,1,0.99,1.03,0,1,0,2,1,1,0,0.0,0.0,0,,random_actions,random_actions:panel_6:1:1146003:1
shared,shared,random_actions,1,30000,1,reference,panel_6,1146004,743eb42fb67ca362c2b3504f7789f70f8d7f2e77b3f37180308983db789f172b,0,0,32,-0.3200000000000001,0.012800000000000152,9,23,15,9,30,11,1,1.9297022350323196,0.0,0,,random_actions,random_actions:panel_6:1:1146004:0
shared,shared,random_actions,1,30000,1,reference,panel_6,1146004,743eb42fb67ca362c2b3504f7789f70f8d7f2e77b3f37180308983db789f172b,1,1,19,0.8099999999999999,1.0348000000000002,5,14,6,9,19,9,0,0.5572571412570005,0.0,0,,random_actions,random_actions:panel_6:1:1146004:1
shared,shared,random_actions,1,30000,1,reference,panel_6,1146005,9c8b2224784642c2fa6fd823f9ca8372b42e3d59271a15d71c2de9f42a4f5038,0,0,32,-0.3200000000000001,0.06520000000000008,6,26,14,13,31,14,1,1.9126306279521608,0.0,0,,random_actions,random_actions:panel_6:1:1146005:0
shared,shared,random_actions,1,30000,1,reference,panel_6,1146005,9c8b2224784642c2fa6fd823f9ca8372b42e3d59271a15d71c2de9f42a4f5038,1,0,32,-0.3200000000000001,0.10120000000000015,17,15,9,7,29,7,1,1.825777571165189,0.0,0,,random_actions,random_actions:panel_6:1:1146005:1
shared,shared,random_actions,1,30000,1,reference,panel_6,1146006,d6215081ea3255ee5396fd975b104c470695097dc2ded1d2d8961e1b4f10fe6f,0,0,32,-0.3200000000000001,0.14200000000000018,12,20,13,8,27,9,1,1.7426204856180134,0.0,0,,random_actions,random_actions:panel_6:1:1146006:0
shared,shared,random_actions,1,30000,1,reference,panel_6,1146006,d6215081ea3255ee5396fd975b104c470695097dc2ded1d2d8961e1b4f10fe6f,1,0,32,-0.3200000000000001,0.1444000000000002,10,22,12,11,29,10,1,1.791350804258665,0.0,0,,random_actions,random_actions:panel_6:1:1146006:1
shared,shared,random_actions,1,30000,1,reference,panel_6,1146007,34afad6c3098ebec6e3ba438eca953281bd5b57a5f3bb9fd88334d0afae318ba,0,0,32,-0.3200000000000001,0.027200000000000196,9,23,16,8,29,10,1,1.8982122061096098,0.0,0,,random_actions,random_actions:panel_6:1:1146007:0
shared,shared,random_actions,1,30000,1,reference,panel_6,1146007,34afad6c3098ebec6e3ba438eca953281bd5b57a5f3bb9fd88334d0afae318ba,1,0,32,-0.3200000000000001,0.008000000000000132,6,26,14,13,28,11,1,1.8828928569980303,0.0,0,,random_actions,random_actions:panel_6:1:1146007:1
shared,shared,random_actions,1,30000,1,reference,panel_6,1146008,202a852742608a716d1796300a9a80c8f640e9cc1066b04c539d195339bf0c1e,0,1,13,0.87,1.02,6,7,2,6,13,5,0,0.38288665000000077,0.0,0,,random_actions,random_actions:panel_6:1:1146008:0
shared,shared,random_actions,1,30000,1,reference,panel_6,1146008,202a852742608a716d1796300a9a80c8f640e9cc1066b04c539d195339bf0c1e,1,1,3,0.97,1.0936,0,3,0,4,3,3,0,0.0,0.0,0,,random_actions,random_actions:panel_6:1:1146008:1
shared,shared,random_actions,1,30000,1,reference,panel_6,1146009,49ffffbab73a505c840ea698a95c5b17de2329ed49fad00d7e4957ed30b4ce5a,0,1,20,0.7999999999999999,0.9484,8,12,4,9,20,7,0,0.6703664434140016,0.0,0,,random_actions,random_actions:panel_6:1:1146009:0
shared,shared,random_actions,1,30000,1,reference,panel_6,1146009,49ffffbab73a505c840ea698a95c5b17de2329ed49fad00d7e4957ed30b4ce5a,1,1,6,0.94,1.0284,2,4,2,3,6,3,0,0.15641800000000028,0.0,0,,random_actions,random_actions:panel_6:1:1146009:1
shared,shared,random_actions,1,30000,1,reference,panel_6,1146010,afe255d38254eeea8f8bb6b6d20e28465152a1d32f916d39af7ed260a9b07b41,0,1,5,0.95,1.036,1,4,2,3,5,3,0,0.11790900000000015,0.0,0,,random_actions,random_actions:panel_6:1:1146010:0
shared,shared,random_actions,1,30000,1,reference,panel_6,1146010,afe255d38254eeea8f8bb6b6d20e28465152a1d32f916d39af7ed260a9b07b41,1,1,8,0.9199999999999999,1.0132,2,6,1,6,8,4,0,0.23347173000000043,0.0,0,,random_actions,random_actions:panel_6:1:1146010:1
shared,shared,random_actions,1,30000,1,reference,panel_6,1146011,1cacdfa9cd203a29ca857e9b49d2e40415553bb2c00d887962120f0edfe89be2,0,1,4,0.96,1.1272,0,4,0,5,4,4,0,0.0,0.0,0,,random_actions,random_actions:panel_6:1:1146011:0
shared,shared,random_actions,1,30000,1,reference,panel_6,1146011,1cacdfa9cd203a29ca857e9b49d2e40415553bb2c00d887962120f0edfe89be2,1,0,32,-0.3200000000000001,0.02840000000000016,10,22,13,10,28,9,1,1.865685614923755,0.0,0,,random_actions,random_actions:panel_6:1:1146011:1
shared,shared,random_actions,1,30000,1,reference,panel_6,1146012,14e1ced97552d577a4901a15606dc77206d598ee543f1cc81f5a2a6ed38f3a3a,0,0,32,-0.3200000000000001,0.052000000000000046,1,31,22,10,29,15,1,1.8757959568255813,0.0,0,,random_actions,random_actions:panel_6:1:1146012:0
shared,shared,random_actions,1,30000,1,reference,panel_6,1146012,14e1ced97552d577a4901a15606dc77206d598ee543f1cc81f5a2a6ed38f3a3a,1,1,24,0.7599999999999999,1.1248,8,16,7,10,24,11,0,0.6344775943164943,0.0,0,,random_actions,random_actions:panel_6:1:1146012:1
shared,shared,random_actions,1,30000,1,reference,panel_6,1146013,108478808ea818cc04e004749962e0bf752ca8b88193f8bb84e0851f51f9b5ad,0,1,4,0.96,1.0448,0,4,2,3,4,3,0,0.07820900000000008,0.0,0,,random_actions,random_actions:panel_6:1:1146013:0
shared,shared,random_actions,1,30000,1,reference,panel_6,1146013,108478808ea818cc04e004749962e0bf752ca8b88193f8bb84e0851f51f9b5ad,1,0,32,-0.3200000000000001,-0.10559999999999986,8,24,13,12,27,9,1,1.974191374171002,0.0,0,,random_actions,random_actions:panel_6:1:1146013:1
shared,shared,random_actions,1,30000,1,reference,panel_6,1146014,8d9b7768bffc818964d3c369c9846c98c160469a2185801d7fbba67c3d5f4089,0,0,32,-0.3200000000000001,-0.02959999999999996,12,20,13,8,29,9,1,1.9473944429588719,0.0,0,,random_actions,random_actions:panel_6:1:1146014:0
shared,shared,random_actions,1,30000,1,reference,panel_6,1146014,8d9b7768bffc818964d3c369c9846c98c160469a2185801d7fbba67c3d5f4089,1,0,32,-0.3200000000000001,-0.007999999999999868,16,16,12,5,28,5,1,1.905814083084452,0.0,0,,random_actions,random_actions:panel_6:1:1146014:1
shared,shared,random_actions,1,30000,1,reference,panel_6,1146015,b46414faa4a3d99f3e790e09d97dc7ea02d50a31b4d38310984b0d62877ec64c,0,0,32,-0.3200000000000001,0.08960000000000007,8,24,15,10,30,13,1,1.8684750380485944,0.0,0,,random_actions,random_actions:panel_6:1:1146015:0
shared,shared,random_actions,1,30000,1,reference,panel_6,1146015,b46414faa4a3d99f3e790e09d97dc7ea02d50a31b4d38310984b0d62877ec64c,1,0,32,-0.3200000000000001,0.15560000000000015,13,19,12,8,28,9,1,1.7634469759589722,0.0,0,,random_actions,random_actions:panel_6:1:1146015:1
shared,shared,random_actions,1,30000,1,reference,panel_6,1146016,666937c22cfc840e4d5692c82db605f74449793abbe0ccdfcb164ec05c372396,0,1,1,0.99,1.03,0,1,0,2,1,1,0,0.0,0.0,0,,random_actions,random_actions:panel_6:1:1146016:0
shared,shared,random_actions,1,30000,1,reference,panel_6,1146016,666937c22cfc840e4d5692c82db605f74449793abbe0ccdfcb164ec05c372396,1,1,1,0.99,1.03,0,1,0,2,1,1,0,0.0,0.0,0,,random_actions,random_actions:panel_6:1:1146016:1
shared,shared,random_actions,1,30000,1,reference,panel_6,1146017,d73b28a8bc0902d7e63a172e4a27fc7858c932291916ee34464d001d54305f26,0,0,32,-0.3200000000000001,-0.00639999999999985,18,14,6,9,29,6,1,1.9247789013144518,0.0,0,,random_actions,random_actions:panel_6:1:1146017:0
shared,shared,random_actions,1,30000,1,reference,panel_6,1146017,d73b28a8bc0902d7e63a172e4a27fc7858c932291916ee34464d001d54305f26,1,0,32,-0.3200000000000001,-0.02199999999999988,13,19,13,7,30,9,1,1.9649679354255816,0.0,0,,random_actions,random_actions:panel_6:1:1146017:1
shared,shared,random_actions,1,30000,1,reference,panel_6,1146018,b6da77a411e3dd6b85550846e81dfcd0b12c51d32829ab8aee3868bad1788642,0,1,10,0.9,1.0488,3,7,2,6,10,5,0,0.26154542620000054,0.0,0,,random_actions,random_actions:panel_6:1:1146018:0
shared,shared,random_actions,1,30000,1,reference,panel_6,1146018,b6da77a411e3dd6b85550846e81dfcd0b12c51d32829ab8aee3868bad1788642,1,0,32,-0.3200000000000001,-0.09679999999999987,9,23,16,8,31,12,1,2.059383244800002,0.0,0,,random_actions,random_actions:panel_6:1:1146018:1
shared,shared,random_actions,1,30000,1,reference,panel_6,1146019,4ea468af6028fed107c35ce0bb46d68bcd291298c8fce76e39827781a16739f6,0,0,32,-0.3200000000000001,-0.11519999999999982,10,22,15,8,30,10,1,2.0507879073280018,0.0,0,,random_actions,random_actions:panel_6:1:1146019:0
shared,shared,random_actions,1,30000,1,reference,panel_6,1146019,4ea468af6028fed107c35ce0bb46d68bcd291298c8fce76e39827781a16739f6,1,1,21,0.7899999999999999,0.9228000000000001,9,12,5,8,21,7,0,0.7259661100000018,0.0,0,,random_actions,random_actions:panel_6:1:1146019:1
shared,shared,random_actions,1,30000,1,reference,panel_6,1146020,1f147f5bb7ebc9f4da126ab0993131a745dfe8a393cfb64c13848d26d4dfa0cb,0,0,32,-0.3200000000000001,0.2060000000000002,11,21,14,8,26,9,1,1.6690251690548255,0.0,0,,random_actions,random_actions:panel_6:1:1146020:0
shared,shared,random_actions,1,30000,1,reference,panel_6,1146020,1f147f5bb7ebc9f4da126ab0993131a745dfe8a393cfb64c13848d26d4dfa0cb,1,0,32,-0.3200000000000001,0.18800000000000017,11,21,13,9,28,10,1,1.728603010419305,0.0,0,,random_actions,random_actions:panel_6:1:1146020:1
shared,shared,random_actions,1,30000,1,reference,panel_6,1146021,e7576cc73a05a9d7c4c48644c3a94412ecabe5e63f947d7d7521d7e7d4ca4d63,0,0,32,-0.3200000000000001,-0.1572,14,18,12,7,30,8,1,2.090608030000002,0.0,0,,random_actions,random_actions:panel_6:1:1146021:0
shared,shared,random_actions,1,30000,1,reference,panel_6,1146021,e7576cc73a05a9d7c4c48644c3a94412ecabe5e63f947d7d7521d7e7d4ca4d63,1,1,17,0.83,0.9520000000000001,3,14,8,7,17,8,0,0.5730853800000013,0.0,0,,random_actions,random_actions:panel_6:1:1146021:1
shared,shared,random_actions,1,30000,1,reference,panel_6,1146022,4460738be5208e12005d6be4ea3d18d63351095d0d23291cb88604a7019ed59a,0,1,32,0.6799999999999999,0.9224000000000001,11,21,10,12,32,12,0,1.0699484198570017,0.0,0,,random_actions,random_actions:panel_6:1:1146022:0
shared,shared,random_actions,1,30000,1,reference,panel_6,1146022,4460738be5208e12005d6be4ea3d18d63351095d0d23291cb88604a7019ed59a,1,1,29,0.71,0.914,12,17,12,6,29,10,0,0.9841171862000022,0.0,0,,random_actions,random_actions:panel_6:1:1146022:1
shared,shared,random_actions,1,30000,1,reference,panel_6,1146023,13fd514fab92ad3f07bc3f2401c1d3c69db8f496d6b9e24362cd50f9331d9798,0,0,32,-0.3200000000000001,-0.02239999999999978,5,27,21,7,28,11,1,1.913522884405741,0.0,0,,random_actions,random_actions:panel_6:1:1146023:0
shared,shared,random_actions,1,30000,1,reference,panel_6,1146023,13fd514fab92ad3f07bc3f2401c1d3c69db8f496d6b9e24362cd50f9331d9798,1,1,29,0.71,0.9224000000000001,8,21,12,10,29,12,0,0.9760617386000019,0.0,0,,random_actions,random_actions:panel_6:1:1146023:1
shared,shared,random_actions,1,30000,1,reference,panel_6,1146024,7451bfc6836e639ca9cca1c2891f651c19d030cdb7eef079afa3c82567b10209,0,0,32,-0.3200000000000001,-0.04359999999999986,7,25,14,12,29,12,1,1.9580124939140018,0.0,0,,random_actions,random_actions:panel_6:1:1146024:0
shared,shared,random_actions,1,30000,1,reference,panel_6,1146024,7451bfc6836e639ca9cca1c2891f651c19d030cdb7eef079afa3c82567b10209,1,0,32,-0.3200000000000001,-0.05679999999999989,5,27,15,13,31,14,1,2.022376192271002,0.0,0,,random_actions,random_actions:panel_6:1:1146024:1
shared,shared,random_actions,1,30000,1,reference,panel_6,1146025,5e6b7fe8d19d72441ed1a7aa4d77d4a7adfc84c7637c102144d0b3294cca9565,0,1,13,0.87,0.9740000000000001,7,6,2,5,13,4,0,0.427172000000001,0.0,0,,random_actions,random_actions:panel_6:1:1146025:0
shared,shared,random_actions,1,30000,1,reference,panel_6,1146025,5e6b7fe8d19d72441ed1a7aa4d77d4a7adfc84c7637c102144d0b3294cca9565,1,1,23,0.7699999999999999,0.9028,11,12,7,6,23,7,0,0.807640920000002,0.0,0,,random_actions,random_actions:panel_6:1:1146025:1
shared,shared,random_actions,1,30000,1,reference,panel_6,1146026,fabbcf6cf4b982de5348e9bf07975b08ee3b811c32567dc04f26a55c4dc8c53c,0,0,32,-0.3200000000000001,-0.0607999999999998,9,23,12,12,27,8,1,1.935037775874871,0.0,0,,random_actions,random_actions:panel_6:1:1146026:0
shared,shared,random_actions,1,30000,1,reference,panel_6,1146026,fabbcf6cf4b982de5348e9bf07975b08ee3b811c32567dc04f26a55c4dc8c53c,1,1,28,0.72,0.9552,9,19,10,10,28,11,0,0.9148963290927405,0.0,0,,random_actions,random_actions:panel_6:1:1146026:1
shared,shared,random_actions,1,30000,1,reference,panel_6,1146027,364dc3acceea212cbd437e5e6230121a8d4e74e9f1a69d0b6b6bf6640e1239f7,0,1,17,0.83,1.0184,4,13,4,10,17,8,0,0.5097422851850012,0.0,0,,random_actions,random_actions:panel_6:1:1146027:0
shared,shared,random_actions,1,30000,1,reference,panel_6,1146027,364dc3acceea212cbd437e5e6230121a8d4e74e9f1a69d0b6b6bf6640e1239f7,1,0,32,-0.3200000000000001,-0.05239999999999989,4,28,19,10,28,11,1,1.945390042705292,0.0,0,,random_actions,random_actions:panel_6:1:1146027:1
shared,shared,random_actions,1,30000,1,reference,panel_6,1146028,de22bbee2071984e1811fd1461f64003503baf851cef8944c7b26d67166c8398,0,1,30,0.7,0.9088,5,25,15,11,30,14,0,1.0203460488570024,0.0,0,,random_actions,random_actions:panel_6:1:1146028:0
shared,shared,random_actions,1,30000,1,reference,panel_6,1146028,de22bbee2071984e1811fd1461f64003503baf851cef8944c7b26d67166c8398,1,1,15,0.85,1.0048000000000001,0,15,9,7,15,9,0,0.459868920000001,0.0,0,,random_actions,random_actions:panel_6:1:1146028:1
shared,shared,random_actions,1,30000,1,reference,panel_6,1146029,a22c5d8f747fd5724e054a1e4f4291009c31900fa2d4b7ef3ed86fe51cb949dd,0,1,10,0.9,1.0052,4,6,2,5,10,4,0,0.30345092000000085,0.0,0,,random_actions,random_actions:panel_6:1:1146029:0
shared,shared,random_actions,1,30000,1,reference,panel_6,1146029,a22c5d8f747fd5724e054a1e4f4291009c31900fa2d4b7ef3ed86fe51cb949dd,1,1,14,0.86,0.9796,0,14,4,11,14,8,0,0.45310955075700077,0.0,0,,random_actions,random_actions:panel_6:1:1146029:1
shared,shared,random_actions,1,30000,1,reference,panel_6,1146030,491d85273ade4a25ea82fa965c1753608a3436ce6c4a2a0eba19ffcd78aacb93,0,1,10,0.9,1.0064,2,8,3,6,10,5,0,0.30240069620000054,0.0,0,,random_actions,random_actions:panel_6:1:1146030:0
shared,shared,random_actions,1,30000,1,reference,panel_6,1146030,491d85273ade4a25ea82fa965c1753608a3436ce6c4a2a0eba19ffcd78aacb93,1,0,32,-0.3200000000000001,-0.09599999999999986,11,21,10,12,27,6,1,1.96015942181545,0.0,0,,random_actions,random_actions:panel_6:1:1146030:1
shared,shared,random_actions,1,30000,1,reference,panel_6,1146031,f0e7aada81a63ec71ac85296b40c3c93ce7b1b328d2a875728d91d7d6791d362,0,1,17,0.83,0.9992000000000001,10,7,1,7,17,5,0,0.5276090300000011,0.0,0,,random_actions,random_actions:panel_6:1:1146031:0
shared,shared,random_actions,1,30000,1,reference,panel_6,1146031,f0e7aada81a63ec71ac85296b40c3c93ce7b1b328d2a875728d91d7d6791d362,1,1,13,0.87,1.0272000000000001,8,5,2,4,13,4,0,0.37584784000000093,0.0,0,,random_actions,random_actions:panel_6:1:1146031:1
shared,shared,random_actions,1,30000,1,reference,panel_6,1146032,e818b6d7308b7e0c28cbd96e28ce5e9cbcca404d610e096b78851da4f9b71aa3,0,0,32,-0.3200000000000001,-0.02879999999999995,6,26,15,12,31,14,1,1.997385930757002,0.0,0,,random_actions,random_actions:panel_6:1:1146032:0
shared,shared,random_actions,1,30000,1,reference,panel_6,1146032,e818b6d7308b7e0c28cbd96e28ce5e9cbcca404d610e096b78851da4f9b71aa3,1,1,24,0.7599999999999999,1.0488000000000002,11,13,5,9,24,9,0,0.7025289164560024,0.0,0,,random_actions,random_actions:panel_6:1:1146032:1
shared,shared,random_actions,1,30000,1,reference,panel_6,1146033,1090e0af7b57f4e4704bd3376a1a3837c31029c603ff2a454ab02247bf27c0b9,0,0,32,-0.3200000000000001,-0.1127999999999999,8,24,10,15,28,9,1,2.007578843914002,0.0,0,,random_actions,random_actions:panel_6:1:1146033:0
shared,shared,random_actions,1,30000,1,reference,panel_6,1146033,1090e0af7b57f4e4704bd3376a1a3837c31029c603ff2a454ab02247bf27c0b9,1,0,32,-0.3200000000000001,-0.0767999999999998,4,28,15,14,29,11,1,1.990484759720741,0.0,0,,random_actions,random_actions:panel_6:1:1146033:1
shared,shared,random_actions,1,30000,1,reference,panel_6,1146035,1b94e8522180d33817e355c82a8596b692cd835d8997bd5f47490257bdb098ea,0,1,6,0.94,1.0744,3,3,0,4,6,3,0,0.11206119000000025,0.0,0,,random_actions,random_actions:panel_6:1:1146035:0
shared,shared,random_actions,1,30000,1,reference,panel_6,1146035,1b94e8522180d33817e355c82a8596b692cd835d8997bd5f47490257bdb098ea,1,0,32,-0.3200000000000001,-0.07039999999999996,8,24,16,9,28,9,1,1.9575507301140016,0.0,0,,random_actions,random_actions:panel_6:1:1146035:1
shared,shared,random_actions,1,30000,1,reference,panel_6,1146036,e327deb6351f8428de80be4a51bab99719150245e8fe434da1399079a53d3cda,0,1,6,0.94,1.0732,1,5,1,5,6,4,0,0.1132164600000003,0.0,0,,random_actions,random_actions:panel_6:1:1146036:0
shared,shared,random_actions,1,30000,1,reference,panel_6,1146036,e327deb6351f8428de80be4a51bab99719150245e8fe434da1399079a53d3cda,1,1,3,0.97,1.0936,0,3,0,4,3,3,0,0.0,0.0,0,,random_actions,random_actions:panel_6:1:1146036:1
shared,shared,random_actions,1,30000,1,reference,panel_6,1146037,e0f3d1a1b5ce7ee5f5c992c877b36daf79382d80ac2d66d975f504b74e9f76dd,0,1,6,0.94,1.0296,2,4,1,4,6,3,0,0.15522700000000034,0.0,0,,random_actions,random_actions:panel_6:1:1146037:0
shared,shared,random_actions,1,30000,1,reference,panel_6,1146037,e0f3d1a1b5ce7ee5f5c992c877b36daf79382d80ac2d66d975f504b74e9f76dd,1,1,7,0.9299999999999999,1.0196,1,6,2,5,7,4,0,0.19611800000000024,0.0,0,,random_actions,random_actions:panel_6:1:1146037:1
shared,shared,random_actions,1,30000,1,reference,panel_6,1146038,90847b636639f8c8da7fa364e0bac88337340af45f8454270cb2a7d379d96ad7,0,0,32,-0.3200000000000001,-0.0015999999999998793,17,15,12,4,28,6,1,1.8944860041560005,0.0,0,,random_actions,random_actions:panel_6:1:1146038:0
shared,shared,random_actions,1,30000,1,reference,panel_6,1146038,90847b636639f8c8da7fa364e0bac88337340af45f8454270cb2a7d379d96ad7,1,0,32,-0.3200000000000001,0.008000000000000201,13,19,10,10,29,9,1,1.910103945726552,0.0,0,,random_actions,random_actions:panel_6:1:1146038:1
shared,shared,random_actions,1,30000,1,reference,panel_6,1146039,11f4173f0ac4029a4768507dfbd451a016c59aca9a304cf34987c4469479449c,0,0,32,-0.3200000000000001,0.06760000000000013,6,26,18,9,31,14,1,1.910123451756001,0.0,0,,random_actions,random_actions:panel_6:1:1146039:0
shared,shared,random_actions,1,30000,1,reference,panel_6,1146039,11f4173f0ac4029a4768507dfbd451a016c59aca9a304cf34987c4469479449c,1,0,32,-0.3200000000000001,0.08320000000000011,11,21,15,7,28,10,1,1.8221552811270016,0.0,0,,random_actions,random_actions:panel_6:1:1146039:1
shared,shared,random_actions,1,30000,1,reference,panel_6,1146040,ccb35ae895c2a59d19e50e9bbbbd115e6822e866d6b42fb0b7c1cdb63593e913,0,0,32,-0.3200000000000001,0.017600000000000116,17,15,6,10,26,6,1,1.8387100068943063,0.0,0,,random_actions,random_actions:panel_6:1:1146040:0
shared,shared,random_actions,1,30000,1,reference,panel_6,1146040,ccb35ae895c2a59d19e50e9bbbbd115e6822e866d6b42fb0b7c1cdb63593e913,1,0,32,-0.3200000000000001,-0.02559999999999986,13,19,11,9,30,9,1,1.9648733207420008,0.0,0,,random_actions,random_actions:panel_6:1:1146040:1
shared,shared,random_actions,1,30000,1,reference,panel_6,1146041,bd607fcf9c72dec74432a01e52af1e468481baf782fea330e40c4b1da96ea6c6,0,1,16,0.84,1.0492000000000001,8,8,2,7,16,6,0,0.44978133341400073,0.0,0,,random_actions,random_actions:panel_6:1:1146041:0
shared,shared,random_actions,1,30000,1,reference,panel_6,1146041,bd607fcf9c72dec74432a01e52af1e468481baf782fea330e40c4b1da96ea6c6,1,0,32,-0.3200000000000001,-0.003999999999999865,8,24,17,8,29,11,1,1.9244762737168712,0.0,0,,random_actions,random_actions:panel_6:1:1146041:1
shared,shared,random_actions,1,30000,1,reference,panel_6,1146042,405468ff56ec3f8c1c42dff13fc9cc7321f06819c701f1ea9461d199a7ddccea,0,0,32,-0.3200000000000001,-0.06279999999999995,8,24,13,12,31,12,1,2.0288939624000024,0.0,0,,random_actions,random_actions:panel_6:1:1146042:0
shared,shared,random_actions,1,30000,1,reference,panel_6,1146042,405468ff56ec3f8c1c42dff13fc9cc7321f06819c701f1ea9461d199a7ddccea,1,1,13,0.87,1.0588,1,12,6,7,13,8,0,0.3467228481000004,0.0,0,,random_actions,random_actions:panel_6:1:1146042:1
shared,shared,random_actions,1,30000,1,reference,panel_6,1146043,c8882a89ff5cf271bd30d08814cb9ffe96fe2deb610d8b62165729da59a76638,0,0,32,-0.3200000000000001,0.13240000000000016,12,20,15,6,26,7,1,1.7384972659603934,0.0,0,,random_actions,random_actions:panel_6:1:1146043:0
shared,shared,random_actions,1,30000,1,reference,panel_6,1146043,c8882a89ff5cf271bd30d08814cb9ffe96fe2deb610d8b62165729da59a76638,1,0,32,-0.3200000000000001,0.14680000000000032,15,17,11,7,25,6,1,1.703091338360402,0.0,0,,random_actions,random_actions:panel_6:1:1146043:1
shared,shared,random_actions,1,30000,1,reference,panel_6,1146044,b362ef854076cdf1dc0e170a8f815a7aa31774157faa5bda6b47841f38f6128c,0,1,14,0.86,0.9712000000000001,4,10,6,5,14,6,0,0.46102419000000106,0.0,0,,random_actions,random_actions:panel_6:1:1146044:0
shared,shared,random_actions,1,30000,1,reference,panel_6,1146044,b362ef854076cdf1dc0e170a8f815a7aa31774157faa5bda6b47841f38f6128c,1,1,16,0.84,0.9488000000000001,4,12,7,6,16,7,0,0.5451524600000008,0.0,0,,random_actions,random_actions:panel_6:1:1146044:1
shared,shared,random_actions,1,30000,1,reference,panel_6,1146045,d09cd075113b81578b0b8041be425e8bee808bc2bcdd3f8ec774930071b48367,0,1,32,0.6799999999999999,0.9732000000000002,16,16,8,9,32,10,0,1.0234663472598708,0.0,0,,random_actions,random_actions:panel_6:1:1146045:0
shared,shared,random_actions,1,30000,1,reference,panel_6,1146045,d09cd075113b81578b0b8041be425e8bee808bc2bcdd3f8ec774930071b48367,1,0,32,-0.3200000000000001,-0.027999999999999872,16,16,10,7,28,6,1,1.914524624414001,0.0,0,,random_actions,random_actions:panel_6:1:1146045:1
shared,shared,random_actions,1,30000,1,reference,panel_6,1146046,5b52a1d07e0e9fb4b2ec4c4353f6a62b525f24fe4bf2712988884809293de180,0,0,32,-0.3200000000000001,0.06600000000000011,16,16,12,5,29,7,1,1.8609247042729002,0.0,0,,random_actions,random_actions:panel_6:1:1146046:0
shared,shared,random_actions,1,30000,1,reference,panel_6,1146046,5b52a1d07e0e9fb4b2ec4c4353f6a62b525f24fe4bf2712988884809293de180,1,0,32,-0.3200000000000001,0.01680000000000012,11,21,11,11,28,9,1,1.8832887222052916,0.0,0,,random_actions,random_actions:panel_6:1:1146046:1
shared,shared,random_actions,1,30000,1,reference,panel_6,1146047,c12247b3c30b292984159b83ddaafddc9d613a0912c69d58fc07995e032a3d86,0,0,32,-0.3200000000000001,0.14320000000000016,14,18,9,10,26,6,1,1.7164155356311177,0.0,0,,random_actions,random_actions:panel_6:1:1146047:0
shared,shared,random_actions,1,30000,1,reference,panel_6,1146047,c12247b3c30b292984159b83ddaafddc9d613a0912c69d58fc07995e032a3d86,1,0,32,-0.3200000000000001,0.11440000000000008,8,24,19,6,28,11,1,1.7971463300400305,0.0,0,,random_actions,random_actions:panel_6:1:1146047:1
shared,shared,random_actions,1,30000,1,reference,panel_6,1146048,13f2a66c0fec2f1e1da9c2dae3f48c4e4b6c85682ee4c117299fa520e73047fc,0,1,10,0.9,0.9628,1,9,5,5,10,5,0,0.3454971900000007,0.0,0,,random_actions,random_actions:panel_6:1:1146048:0
shared,shared,random_actions,1,30000,1,reference,panel_6,1146048,13f2a66c0fec2f1e1da9c2dae3f48c4e4b6c85682ee4c117299fa520e73047fc,1,1,1,0.99,1.03,0,1,0,2,1,1,0,0.0,0.0,0,,random_actions,random_actions:panel_6:1:1146048:1
shared,shared,random_actions,1,30000,1,reference,panel_6,1146049,9c83008d571f98ec20efea9ff2be6743723537ee16e40a6709ce6f397a6f3c6a,0,1,11,0.89,0.9480000000000001,2,9,6,4,11,5,0,0.39104500000000053,0.0,0,,random_actions,random_actions:panel_6:1:1146049:0
shared,shared,random_actions,1,30000,1,reference,panel_6,1146049,9c83008d571f98ec20efea9ff2be6743723537ee16e40a6709ce6f397a6f3c6a,1,0,32,-0.3200000000000001,-0.13359999999999994,7,25,14,12,29,9,1,2.0480902592231613,0.0,0,,random_actions,random_actions:panel_6:1:1146049:1
shared,shared,random_actions,1,30000,1,reference,panel_6,1146050,1e2af32df587f8252cde93e5c28d132bc77e5a8a14e9048f176eac527709a285,0,0,32,-0.3200000000000001,0.14320000000000016,16,16,12,5,27,7,1,1.7433278129693204,0.0,0,,random_actions,random_actions:panel_6:1:1146050:0
shared,shared,random_actions,1,30000,1,reference,panel_6,1146050,1e2af32df587f8252cde93e5c28d132bc77e5a8a14e9048f176eac527709a285,1,0,32,-0.3200000000000001,0.1768000000000003,12,20,11,10,26,7,1,1.694096235254067,0.0,0,,random_actions,random_actions:panel_6:1:1146050:1
shared,shared,random_actions,1,30000,1,reference,panel_6,1146051,2f6a36dacf6a1113d1f742839379922f80edbfd5a4e95794b4c86c4f79e07951,0,0,32,-0.3200000000000001,0.14680000000000026,13,19,11,9,31,11,1,1.8404910123861555,0.0,0,,random_actions,random_actions:panel_6:1:1146051:0
shared,shared,random_actions,1,30000,1,reference,panel_6,1146051,2f6a36dacf6a1113d1f742839379922f80edbfd5a4e95794b4c86c4f79e07951,1,0,32,-0.3200000000000001,0.04240000000000006,11,21,14,8,32,13,1,1.9619522730686545,0.0,0,,random_actions,random_actions:panel_6:1:1146051:1
shared,shared,random_actions,1,30000,1,reference,panel_6,1146054,dfef2c996a1c7b8e0fff14dd03571e704efb8ac0a28d82094c00ce255141d3b3,0,1,3,0.97,1.0536,1,2,0,3,3,2,0,0.038509000000000126,0.0,0,,random_actions,random_actions:panel_6:1:1146054:0
shared,shared,random_actions,1,30000,1,reference,panel_6,1146054,dfef2c996a1c7b8e0fff14dd03571e704efb8ac0a28d82094c00ce255141d3b3,1,1,14,0.86,0.9592,8,6,4,3,14,4,0,0.4728270000000008,0.0,0,,random_actions,random_actions:panel_6:1:1146054:1
shared,shared,random_actions,1,30000,1,reference,panel_6,1146055,b5ab102b9ff73f6f6888d045a66a33d25407c89867107be0564f23c64b39a1fa,0,1,12,0.88,1.0324,7,5,1,5,12,4,0,0.3396851100000008,0.0,0,,random_actions,random_actions:panel_6:1:1146055:0
shared,shared,random_actions,1,30000,1,reference,panel_6,1146055,b5ab102b9ff73f6f6888d045a66a33d25407c89867107be0564f23c64b39a1fa,1,1,14,0.86,1.0184,5,9,5,5,14,6,0,0.4155121100000011,0.0,0,,random_actions,random_actions:panel_6:1:1146055:1
shared,shared,random_actions,1,30000,1,reference,panel_6,1146056,6a9a9b738c0b7fc699979eb7f0273eb81ab73eb043e37d56353235514c621e49,0,0,32,-0.3200000000000001,0.05840000000000034,13,19,10,10,26,5,1,1.8028496691151896,0.0,0,,random_actions,random_actions:panel_6:1:1146056:0
shared,shared,random_actions,1,30000,1,reference,panel_6,1146056,6a9a9b738c0b7fc699979eb7f0273eb81ab73eb043e37d56353235514c621e49,1,0,32,-0.3200000000000001,0.028400000000000203,11,21,10,12,29,10,1,1.891880981961886,0.0,0,,random_actions,random_actions:panel_6:1:1146056:1
shared,shared,random_actions,1,30000,1,reference,panel_6,1146057,da193e18d96425c763a4d5237d4767d2afa38eed36abe14dc0e854f4ba83f6fb,0,0,32,-0.3200000000000001,-0.10160000000000002,10,22,11,12,28,9,1,1.990886668857002,0.0,0,,random_actions,random_actions:panel_6:1:1146057:0
shared,shared,random_actions,1,30000,1,reference,panel_6,1146057,da193e18d96425c763a4d5237d4767d2afa38eed36abe14dc0e854f4ba83f6fb,1,1,30,0.7,0.8956000000000001,3,27,19,9,30,15,0,1.0330593462000022,0.0,0,,random_actions,random_actions:panel_6:1:1146057:1
shared,shared,random_actions,1,30000,1,reference,panel_6,1146058,2e0a259108eabf9ec64ab5da3f04710e881aa4ae02a68f07269e854fbff4ce80,0,1,30,0.7,0.9088,13,17,10,8,30,10,0,1.0202084562000024,0.0,0,,random_actions,random_actions:panel_6:1:1146058:0
shared,shared,random_actions,1,30000,1,reference,panel_6,1146058,2e0a259108eabf9ec64ab5da3f04710e881aa4ae02a68f07269e854fbff4ce80,1,0,32,-0.3200000000000001,-0.10640000000000001,12,20,12,9,31,10,1,2.0698185486000016,0.0,0,,random_actions,random_actions:panel_6:1:1146058:1
shared,shared,random_actions,1,30000,1,reference,panel_6,1146059,ca4b20ff4df5bf81aeb8188e0291d60059626c3275fc39fdf242a451cd0bf809,0,0,32,-0.3200000000000001,-0.029199999999999948,7,25,15,11,28,12,1,1.9212839936570019,0.0,0,,random_actions,random_actions:panel_6:1:1146059:0
shared,shared,random_actions,1,30000,1,reference,panel_6,1146059,ca4b20ff4df5bf81aeb8188e0291d60059626c3275fc39fdf242a451cd0bf809,1,0,32,-0.3200000000000001,-0.027999999999999886,12,20,14,7,29,9,1,1.945333886828002,0.0,0,,random_actions,random_actions:panel_6:1:1146059:1
shared,shared,random_actions,1,30000,1,reference,panel_6,1146060,d7946e5816a97b1ba56cf737afec72c84233a8ca400a9841d0475d7a663bdd29,0,1,6,0.94,1.1132,0,6,0,7,6,5,0,0.07586273000000021,0.0,0,,random_actions,random_actions:panel_6:1:1146060:0
shared,shared,random_actions,1,30000,1,reference,panel_6,1146060,d7946e5816a97b1ba56cf737afec72c84233a8ca400a9841d0475d7a663bdd29,1,0,32,-0.3200000000000001,0.012800000000000172,7,25,19,7,28,10,1,1.8826595144081608,0.0,0,,random_actions,random_actions:panel_6:1:1146060:1
shared,shared,random_actions,1,30000,1,reference,panel_6,1146061,ee6f07ccbb96bb8be35f9ed07c4be672854cfff1e3791c5c5e41341a0963b581,0,0,32,-0.3200000000000001,0.07080000000000011,20,12,9,4,27,5,1,1.8090608790893201,0.0,0,,random_actions,random_actions:panel_6:1:1146061:0
shared,shared,random_actions,1,30000,1,reference,panel_6,1146061,ee6f07ccbb96bb8be35f9ed07c4be672854cfff1e3791c5c5e41341a0963b581,1,0,32,-0.3200000000000001,0.05640000000000017,17,15,11,5,28,6,1,1.8387828145994511,0.0,0,,random_actions,random_actions:panel_6:1:1146061:1
shared,shared,random_actions,1,30000,1,reference,panel_6,1146062,cda6e52cb337c4b5bc9a9ae23e5904ce1a5742f3dbb2fa6383d635f5187a5cea,0,1,2,0.98,1.0212,1,1,0,2,2,1,0,0.03970000000000007,0.0,0,,random_actions,random_actions:panel_6:1:1146062:0
shared,shared,random_actions,1,30000,1,reference,panel_6,1146062,cda6e52cb337c4b5bc9a9ae23e5904ce1a5742f3dbb2fa6383d635f5187a5cea,1,1,8,0.9199999999999999,0.972,3,5,2,4,8,3,0,0.27432700000000043,0.0,0,,random_actions,random_actions:panel_6:1:1146062:1
shared,shared,random_actions,1,30000,1,reference,panel_6,1146063,552355aef083c21bcba7959f076646cdfc13b7b84a349b9ca7c1b972a536eeb5,0,0,32,-0.3200000000000001,-0.14159999999999995,11,21,11,11,28,7,1,2.0234438524000025,0.0,0,,random_actions,random_actions:panel_6:1:1146063:0
shared,shared,random_actions,1,30000,1,reference,panel_6,1146063,552355aef083c21bcba7959f076646cdfc13b7b84a349b9ca7c1b972a536eeb5,1,1,15,0.85,0.9768,5,10,5,6,15,6,0,0.486857734300001,0.0,0,,random_actions,random_actions:panel_6:1:1146063:1
shared,shared,random_actions,1,30000,1,reference,panel_6,1146064,eb2b205abbacce79ad43abc0e4ad17eff089d90de513fbad6bc5df87a4b5a842,0,0,32,-0.3200000000000001,0.0008000000000001478,14,18,6,13,31,9,1,1.969671160975842,0.0,0,,random_actions,random_actions:panel_6:1:1146064:0
shared,shared,random_actions,1,30000,1,reference,panel_6,1146064,eb2b205abbacce79ad43abc0e4ad17eff089d90de513fbad6bc5df87a4b5a842,1,0,32,-0.3200000000000001,0.015200000000000102,15,17,10,8,27,7,1,1.86058320890045,0.0,0,,random_actions,random_actions:panel_6:1:1146064:1
shared,shared,random_actions,1,30000,1,reference,panel_6,1146065,3817571644c43a620020c12a816838bdf1dd9e70198b1b3ac012368d5a4b58be,0,1,32,0.6799999999999999,1.0508000000000002,12,20,6,15,32,13,0,0.9547470514682046,0.0,0,,random_actions,random_actions:panel_6:1:1146065:0
shared,shared,random_actions,1,30000,1,reference,panel_6,1146065,3817571644c43a620020c12a816838bdf1dd9e70198b1b3ac012368d5a4b58be,1,0,32,-0.3200000000000001,0.09400000000000014,6,26,16,11,26,10,1,1.7681914154681322,0.0,0,,random_actions,random_actions:panel_6:1:1146065:1
shared,shared,random_actions,1,30000,1,reference,panel_6,1146066,ae649e92f2a552ad6e19f7f18b7116509e41d1ecd331153358617309f416ce41,0,1,22,0.7799999999999999,1.0968,10,12,5,8,22,9,0,0.5970170978405809,0.0,0,,random_actions,random_actions:panel_6:1:1146066:0
shared,shared,random_actions,1,30000,1,reference,panel_6,1146066,ae649e92f2a552ad6e19f7f18b7116509e41d1ecd331153358617309f416ce41,1,0,32,-0.3200000000000001,0.13000000000000017,8,24,14,11,27,10,1,1.752787591675987,0.0,0,,random_actions,random_actions:panel_6:1:1146066:1
shared,shared,random_actions,2,30000,1,reference,panel_6,1146000,9b8ff6f22a0e360a50aeb305d8b91ca1f0797719d837d1a99c2e6c6881a475e0,0,0,32,-0.3200000000000001,0.0008000000000001478,17,15,9,7,31,8,1,1.9696508116400029,0.0,0,,random_actions,random_actions:panel_6:2:1146000:0
shared,shared,random_actions,2,30000,1,reference,panel_6,1146000,9b8ff6f22a0e360a50aeb305d8b91ca1f0797719d837d1a99c2e6c6881a475e0,1,0,32,-0.3200000000000001,-0.050799999999999915,9,23,15,9,29,10,1,1.9614068760710022,0.0,0,,random_actions,random_actions:panel_6:2:1146000:1
shared,shared,random_actions,2,30000,1,reference,panel_6,1146001,4ce0865df3910edbc91a492f6360e7acb0c6c94b91bc356880a17d2ed4999f50,0,1,2,0.98,1.0612,0,2,0,3,2,2,0,0.0,0.0,0,,random_actions,random_actions:panel_6:2:1146001:0
shared,shared,random_actions,2,30000,1,reference,panel_6,1146001,4ce0865df3910edbc91a492f6360e7acb0c6c94b91bc356880a17d2ed4999f50,1,1,28,0.72,0.9380000000000002,6,22,14,9,28,12,0,0.9316944955511611,0.0,0,,random_actions,random_actions:panel_6:2:1146001:1
shared,shared,random_actions,2,30000,1,reference,panel_6,1146002,0fa39e8860f86ee4bd982d2d00d17ba4541fe5f7a664f91c6e6e1d14d9d0d087,0,1,29,0.71,0.9760000000000001,14,15,6,10,29,10,0,0.9279676500000021,0.0,0,,random_actions,random_actions:panel_6:2:1146002:0
shared,shared,random_actions,2,30000,1,reference,panel_6,1146002,0fa39e8860f86ee4bd982d2d00d17ba4541fe5f7a664f91c6e6e1d14d9d0d087,1,0,32,-0.3200000000000001,0.03360000000000013,11,21,12,10,29,11,1,1.8869544207395808,0.0,0,,random_actions,random_actions:panel_6:2:1146002:1
shared,shared,random_actions,2,30000,1,reference,panel_6,1146003,d57a5c03351302dfe41daf87babb7ca65d4d6db54bae17df34c3a37b3dffe88e,0,1,3,0.97,1.0136,0,3,1,3,3,2,0,0.07820900000000008,0.0,0,,random_actions,random_actions:panel_6:2:1146003:0
shared,shared,random_actions,2,30000,1,reference,panel_6,1146003,d57a5c03351302dfe41daf87babb7ca65d4d6db54bae17df34c3a37b3dffe88e,1,1,1,0.99,1.03,0,1,0,2,1,1,0,0.0,0.0,0,,random_actions,random_actions:panel_6:2:1146003:1
shared,shared,random_actions,2,30000,1,reference,panel_6,1146004,743eb42fb67ca362c2b3504f7789f70f8d7f2e77b3f37180308983db789f172b,0,1,14,0.86,1.0584,4,10,3,8,14,7,0,0.37857648531400045,0.0,0,,random_actions,random_actions:panel_6:2:1146004:0
shared,shared,random_actions,2,30000,1,reference,panel_6,1146004,743eb42fb67ca362c2b3504f7789f70f8d7f2e77b3f37180308983db789f172b,1,0,32,-0.3200000000000001,-0.008799999999999836,13,19,12,8,29,8,1,1.9262814050420003,0.0,0,,random_actions,random_actions:panel_6:2:1146004:1
shared,shared,random_actions,2,30000,1,reference,panel_6,1146005,9c8b2224784642c2fa6fd823f9ca8372b42e3d59271a15d71c2de9f42a4f5038,0,1,26,0.74,1.1096000000000001,6,20,13,8,26,13,0,0.7108972448574511,0.0,0,,random_actions,random_actions:panel_6:2:1146005:0
shared,shared,random_actions,2,30000,1,reference,panel_6,1146005,9c8b2224784642c2fa6fd823f9ca8372b42e3d59271a15d71c2de9f42a4f5038,1,1,31,0.69,1.0752000000000002,15,16,6,11,31,11,0,0.9006511007941902,0.0,0,,random_actions,random_actions:panel_6:2:1146005:1
shared,shared,random_actions,2,30000,1,reference,panel_6,1146006,d6215081ea3255ee5396fd975b104c470695097dc2ded1d2d8961e1b4f10fe6f,0,0,32,-0.3200000000000001,0.1768000000000003,13,19,12,8,27,8,1,1.7178750656546895,0.0,0,,random_actions,random_actions:panel_6:2:1146006:0
shared,shared,random_actions,2,30000,1,reference,panel_6,1146006,d6215081ea3255ee5396fd975b104c470695097dc2ded1d2d8961e1b4f10fe6f,1,0,32,-0.3200000000000001,0.13120000000000012,4,28,19,10,27,11,1,1.7593095831905088,0.0,0,,random_actions,random_actions:panel_6:2:1146006:1
shared,shared,random_actions,2,30000,1,reference,panel_6,1146007,34afad6c3098ebec6e3ba438eca953281bd5b57a5f3bb9fd88334d0afae318ba,0,0,32,-0.3200000000000001,-0.02559999999999993,10,22,12,11,27,9,1,1.8946321179028711,0.0,0,,random_actions,random_actions:panel_6:2:1146007:0
shared,shared,random_actions,2,30000,1,reference,panel_6,1146007,34afad6c3098ebec6e3ba438eca953281bd5b57a5f3bb9fd88334d0afae318ba,1,0,32,-0.3200000000000001,0.04280000000000028,9,23,16,8,26,8,1,1.8055621225458718,0.0,0,,random_actions,random_actions:panel_6:2:1146007:1
shared,shared,random_actions,2,30000,1,reference,panel_6,1146008,202a852742608a716d1796300a9a80c8f640e9cc1066b04c539d195339bf0c1e,0,1,15,0.85,1.012,6,9,5,5,15,6,0,0.4528658400000012,0.0,0,,random_actions,random_actions:panel_6:2:1146008:0
shared,shared,random_actions,2,30000,1,reference,panel_6,1146008,202a852742608a716d1796300a9a80c8f640e9cc1066b04c539d195339bf0c1e,1,1,26,0.74,0.9236,5,21,14,8,26,12,0,0.8812645700000018,0.0,0,,random_actions,random_actions:panel_6:2:1146008:1
shared,shared,random_actions,2,30000,1,reference,panel_6,1146009,49ffffbab73a505c840ea698a95c5b17de2329ed49fad00d7e4957ed30b4ce5a,0,0,32,-0.3200000000000001,-0.15839999999999999,11,21,17,5,31,10,1,2.1186567343000027,0.0,0,,random_actions,random_actions:panel_6:2:1146009:0
shared,shared,random_actions,2,30000,1,reference,panel_6,1146009,49ffffbab73a505c840ea698a95c5b17de2329ed49fad00d7e4957ed30b4ce5a,1,0,32,-0.3200000000000001,-0.08399999999999974,12,20,8,13,29,8,1,1.996490510777813,0.0,0,,random_actions,random_actions:panel_6:2:1146009:1
shared,shared,random_actions,2,30000,1,reference,panel_6,1146010,afe255d38254eeea8f8bb6b6d20e28465152a1d32f916d39af7ed260a9b07b41,0,1,3,0.97,1.0524,1,2,0,3,3,2,0,0.03970000000000007,0.0,0,,random_actions,random_actions:panel_6:2:1146010:0
shared,shared,random_actions,2,30000,1,reference,panel_6,1146010,afe255d38254eeea8f8bb6b6d20e28465152a1d32f916d39af7ed260a9b07b41,1,0,32,-0.3200000000000001,-0.0695999999999999,8,24,12,13,31,11,1,2.0380258644356672,0.0,0,,random_actions,random_actions:panel_6:2:1146010:1
shared,shared,random_actions,2,30000,1,reference,panel_6,1146011,1cacdfa9cd203a29ca857e9b49d2e40415553bb2c00d887962120f0edfe89be2,0,1,22,0.7799999999999999,1.0264000000000002,2,20,13,8,22,12,0,0.659089968471001,0.0,0,,random_actions,random_actions:panel_6:2:1146011:0
shared,shared,random_actions,2,30000,1,reference,panel_6,1146011,1cacdfa9cd203a29ca857e9b49d2e40415553bb2c00d887962120f0edfe89be2,1,0,32,-0.3200000000000001,0.05000000000000021,19,13,5,9,26,5,1,1.8091127085112477,0.0,0,,random_actions,random_actions:panel_6:2:1146011:1
shared,shared,random_actions,2,30000,1,reference,panel_6,1146012,14e1ced97552d577a4901a15606dc77206d598ee543f1cc81f5a2a6ed38f3a3a,0,1,25,0.7499999999999999,1.0656,7,18,10,9,25,12,0,0.7205700236710018,0.0,0,,random_actions,random_actions:panel_6:2:1146012:0
shared,shared,random_actions,2,30000,1,reference,panel_6,1146012,14e1ced97552d577a4901a15606dc77206d598ee543f1cc81f5a2a6ed38f3a3a,1,1,20,0.7999999999999999,1.1564,10,10,3,8,20,8,0,0.4797806039692474,0.0,0,,random_actions,random_actions:panel_6:2:1146012:1
shared,shared,random_actions,2,30000,1,reference,panel_6,1146013,108478808ea818cc04e004749962e0bf752ca8b88193f8bb84e0851f51f9b5ad,0,0,32,-0.3200000000000001,-0.06359999999999988,2,30,20,11,26,9,1,1.914312776225132,0.0,0,,random_actions,random_actions:panel_6:2:1146013:0
shared,shared,random_actions,2,30000,1,reference,panel_6,1146013,108478808ea818cc04e004749962e0bf752ca8b88193f8bb84e0851f51f9b5ad,1,0,32,-0.3200000000000001,-0.08279999999999982,5,27,19,9,29,11,1,1.9970107863738713,0.0,0,,random_actions,random_actions:panel_6:2:1146013:1
shared,shared,random_actions,2,30000,1,reference,panel_6,1146014,8d9b7768bffc818964d3c369c9846c98c160469a2185801d7fbba67c3d5f4089,0,1,8,0.9199999999999999,1.0616,1,7,1,7,8,5,0,0.18680330810000045,0.0,0,,random_actions,random_actions:panel_6:2:1146014:0
shared,shared,random_actions,2,30000,1,reference,panel_6,1146014,8d9b7768bffc818964d3c369c9846c98c160469a2185801d7fbba67c3d5f4089,1,0,32,-0.3200000000000001,-0.12199999999999994,6,26,14,13,29,11,1,2.0334325443000014,0.0,0,,random_actions,random_actions:panel_6:2:1146014:1
shared,shared,random_actions,2,30000,1,reference,panel_6,1146015,b46414faa4a3d99f3e790e09d97dc7ea02d50a31b4d38310984b0d62877ec64c,0,0,32,-0.3200000000000001,0.18080000000000018,17,15,9,7,30,8,1,1.784755941294578,0.0,0,,random_actions,random_actions:panel_6:2:1146015:0
shared,shared,random_actions,2,30000,1,reference,panel_6,1146015,b46414faa4a3d99f3e790e09d97dc7ea02d50a31b4d38310984b0d62877ec64c,1,0,32,-0.3200000000000001,0.1892000000000002,16,16,10,7,26,6,1,1.685197795596983,0.0,0,,random_actions,random_actions:panel_6:2:1146015:1
shared,shared,random_actions,2,30000,1,reference,panel_6,1146016,666937c22cfc840e4d5692c82db605f74449793abbe0ccdfcb164ec05c372396,0,1,1,0.99,1.03,0,1,0,2,1,1,0,0.0,0.0,0,,random_actions,random_actions:panel_6:2:1146016:0
shared,shared,random_actions,2,30000,1,reference,panel_6,1146016,666937c22cfc840e4d5692c82db605f74449793abbe0ccdfcb164ec05c372396,1,1,1,0.99,1.03,0,1,0,2,1,1,0,0.0,0.0,0,,random_actions,random_actions:panel_6:2:1146016:1
shared,shared,random_actions,2,30000,1,reference,panel_6,1146017,d73b28a8bc0902d7e63a172e4a27fc7858c932291916ee34464d001d54305f26,0,0,32,-0.3200000000000001,-0.03999999999999991,13,19,7,13,31,10,1,2.0068106911888717,0.0,0,,random_actions,random_actions:panel_6:2:1146017:0
shared,shared,random_actions,2,30000,1,reference,panel_6,1146017,d73b28a8bc0902d7e63a172e4a27fc7858c932291916ee34464d001d54305f26,1,0,32,-0.3200000000000001,0.006800000000000139,12,20,10,11,30,10,1,1.9388058259816099,0.0,0,,random_actions,random_actions:panel_6:2:1146017:1
shared,shared,random_actions,2,30000,1,reference,panel_6,1146018,b6da77a411e3dd6b85550846e81dfcd0b12c51d32829ab8aee3868bad1788642,0,1,6,0.94,1.0744,3,3,0,4,6,3,0,0.11206119000000025,0.0,0,,random_actions,random_actions:panel_6:2:1146018:0
shared,shared,random_actions,2,30000,1,reference,panel_6,1146018,b6da77a411e3dd6b85550846e81dfcd0b12c51d32829ab8aee3868bad1788642,1,1,5,0.95,1.0796000000000001,2,3,0,4,5,3,0,0.07586273000000021,0.0,0,,random_actions,random_actions:panel_6:2:1146018:1
shared,shared,random_actions,2,30000,1,reference,panel_6,1146019,4ea468af6028fed107c35ce0bb46d68bcd291298c8fce76e39827781a16739f6,0,0,32,-0.3200000000000001,-0.11639999999999989,9,23,18,6,29,9,1,2.0277858148000023,0.0,0,,random_actions,random_actions:panel_6:2:1146019:0
shared,shared,random_actions,2,30000,1,reference,panel_6,1146019,4ea468af6028fed107c35ce0bb46d68bcd291298c8fce76e39827781a16739f6,1,1,2,0.98,1.0612,0,2,0,3,2,2,0,0.0,0.0,0,,random_actions,random_actions:panel_6:2:1146019:1
shared,shared,random_actions,2,30000,1,reference,panel_6,1146020,1f147f5bb7ebc9f4da126ab0993131a745dfe8a393cfb64c13848d26d4dfa0cb,0,0,32,-0.3200000000000001,0.1268000000000001,8,24,14,11,30,13,1,1.8299271884899144,0.0,0,,random_actions,random_actions:panel_6:2:1146020:0
shared,shared,random_actions,2,30000,1,reference,panel_6,1146020,1f147f5bb7ebc9f4da126ab0993131a745dfe8a393cfb64c13848d26d4dfa0cb,1,0,32,-0.3200000000000001,0.10520000000000004,6,26,16,11,29,13,1,1.824509542962291,0.0,0,,random_actions,random_actions:panel_6:2:1146020:1
shared,shared,random_actions,2,30000,1,reference,panel_6,1146021,e7576cc73a05a9d7c4c48644c3a94412ecabe5e63f947d7d7521d7e7d4ca4d63,0,1,4,0.96,1.0472000000000001,0,4,0,5,4,3,0,0.07586273000000021,0.0,0,,random_actions,random_actions:panel_6:2:1146021:0
shared,shared,random_actions,2,30000,1,reference,panel_6,1146021,e7576cc73a05a9d7c4c48644c3a94412ecabe5e63f947d7d7521d7e7d4ca4d63,1,1,4,0.96,1.0448,0,4,1,4,4,3,0,0.07820900000000008,0.0,0,,random_actions,random_actions:panel_6:2:1146021:1
shared,shared,random_actions,2,30000,1,reference,panel_6,1146022,4460738be5208e12005d6be4ea3d18d63351095d0d23291cb88604a7019ed59a,0,1,20,0.7999999999999999,0.9788,13,7,4,4,20,5,0,0.6408254900000016,0.0,0,,random_actions,random_actions:panel_6:2:1146022:0
shared,shared,random_actions,2,30000,1,reference,panel_6,1146022,4460738be5208e12005d6be4ea3d18d63351095d0d23291cb88604a7019ed59a,1,1,9,0.91,1.0492000000000001,4,5,1,5,9,4,0,0.22993446000000062,0.0,0,,random_actions,random_actions:panel_6:2:1146022:1
shared,shared,random_actions,2,30000,1,reference,panel_6,1146023,13fd514fab92ad3f07bc3f2401c1d3c69db8f496d6b9e24362cd50f9331d9798,0,0,32,-0.3200000000000001,-0.0775999999999999,10,22,14,9,29,9,1,1.9862942030280024,0.0,0,,random_actions,random_actions:panel_6:2:1146023:0
shared,shared,random_actions,2,30000,1,reference,panel_6,1146023,13fd514fab92ad3f07bc3f2401c1d3c69db8f496d6b9e24362cd50f9331d9798,1,0,32,-0.3200000000000001,-0.027199999999999863,17,15,9,7,29,6,1,1.94643788864103,0.0,0,,random_actions,random_actions:panel_6:2:1146023:1
shared,shared,random_actions,2,30000,1,reference,panel_6,1146024,7451bfc6836e639ca9cca1c2891f651c19d030cdb7eef079afa3c82567b10209,0,1,24,0.7599999999999999,0.9824,6,18,10,9,24,11,0,0.7636371224000013,0.0,0,,random_actions,random_actions:panel_6:2:1146024:0
shared,shared,random_actions,2,30000,1,reference,panel_6,1146024,7451bfc6836e639ca9cca1c2891f651c19d030cdb7eef079afa3c82567b10209,1,0,32,-0.3200000000000001,-0.03879999999999989,10,22,10,13,29,10,1,1.9556672636570012,0.0,0,,random_actions,random_actions:panel_6:2:1146024:1
shared,shared,random_actions,2,30000,1,reference,panel_6,1146025,5e6b7fe8d19d72441ed1a7aa4d77d4a7adfc84c7637c102144d0b3294cca9565,0,0,32,-0.3200000000000001,-0.15599999999999997,14,18,11,8,30,8,1,2.0895231481000023,0.0,0,,random_actions,random_actions:panel_6:2:1146025:0
shared,shared,random_actions,2,30000,1,reference,panel_6,1146025,5e6b7fe8d19d72441ed1a7aa4d77d4a7adfc84c7637c102144d0b3294cca9565,1,1,9,0.91,1.014,3,6,2,5,9,4,0,0.2637866500000007,0.0,0,,random_actions,random_actions:panel_6:2:1146025:1
shared,shared,random_actions,2,30000,1,reference,panel_6,1146026,fabbcf6cf4b982de5348e9bf07975b08ee3b811c32567dc04f26a55c4dc8c53c,0,1,5,0.95,1.082,0,5,1,5,5,4,0,0.07358684810000016,0.0,0,,random_actions,random_actions:panel_6:2:1146026:0
shared,shared,random_actions,2,30000,1,reference,panel_6,1146026,fabbcf6cf4b982de5348e9bf07975b08ee3b811c32567dc04f26a55c4dc8c53c,1,0,32,-0.3200000000000001,-0.09799999999999992,10,22,14,9,30,10,1,2.0348350086000018,0.0,0,,random_actions,random_actions:panel_6:2:1146026:1
shared,shared,random_actions,2,30000,1,reference,panel_6,1146027,364dc3acceea212cbd437e5e6230121a8d4e74e9f1a69d0b6b6bf6640e1239f7,0,0,32,-0.3200000000000001,-0.06679999999999997,3,29,17,13,30,13,1,2.0081337775825823,0.0,0,,random_actions,random_actions:panel_6:2:1146027:0
shared,shared,random_actions,2,30000,1,reference,panel_6,1146027,364dc3acceea212cbd437e5e6230121a8d4e74e9f1a69d0b6b6bf6640e1239f7,1,1,22,0.7799999999999999,0.9828000000000001,5,17,6,12,22,10,0,0.7001133614482912,0.0,0,,random_actions,random_actions:panel_6:2:1146027:1
shared,shared,random_actions,2,30000,1,reference,panel_6,1146028,de22bbee2071984e1811fd1461f64003503baf851cef8944c7b26d67166c8398,0,1,9,0.91,1.042,4,5,2,4,9,4,0,0.23700900000000036,0.0,0,,random_actions,random_actions:panel_6:2:1146028:0
shared,shared,random_actions,2,30000,1,reference,panel_6,1146028,de22bbee2071984e1811fd1461f64003503baf851cef8944c7b26d67166c8398,1,1,9,0.91,1.0432000000000001,2,7,4,4,9,5,0,0.2358180000000003,0.0,0,,random_actions,random_actions:panel_6:2:1146028:1
shared,shared,random_actions,2,30000,1,reference,panel_6,1146029,a22c5d8f747fd5724e054a1e4f4291009c31900fa2d4b7ef3ed86fe51cb949dd,0,1,2,0.98,1.0612,0,2,0,3,2,2,0,0.0,0.0,0,,random_actions,random_actions:panel_6:2:1146029:0
shared,shared,random_actions,2,30000,1,reference,panel_6,1146029,a22c5d8f747fd5724e054a1e4f4291009c31900fa2d4b7ef3ed86fe51cb949dd,1,0,32,-0.3200000000000001,-0.12119999999999997,7,25,15,11,28,9,1,2.006561198728002,0.0,0,,random_actions,random_actions:panel_6:2:1146029:1
shared,shared,random_actions,2,30000,1,reference,panel_6,1146030,491d85273ade4a25ea82fa965c1753608a3436ce6c4a2a0eba19ffcd78aacb93,0,1,2,0.98,1.0612,0,2,0,3,2,2,0,0.0,0.0,0,,random_actions,random_actions:panel_6:2:1146030:0
shared,shared,random_actions,2,30000,1,reference,panel_6,1146030,491d85273ade4a25ea82fa965c1753608a3436ce6c4a2a0eba19ffcd78aacb93,1,1,2,0.98,1.0612,0,2,0,3,2,2,0,0.0,0.0,0,,random_actions,random_actions:panel_6:2:1146030:1
shared,shared,random_actions,2,30000,1,reference,panel_6,1146031,f0e7aada81a63ec71ac85296b40c3c93ce7b1b328d2a875728d91d7d6791d362,0,1,26,0.74,0.9452,15,11,3,9,26,7,0,0.8603603762000019,0.0,0,,random_actions,random_actions:panel_6:2:1146031:0
shared,shared,random_actions,2,30000,1,reference,panel_6,1146031,f0e7aada81a63ec71ac85296b40c3c93ce7b1b328d2a875728d91d7d6791d362,1,0,32,-0.3200000000000001,-0.07759999999999996,8,24,12,13,30,11,1,2.0133302030280023,0.0,0,,random_actions,random_actions:panel_6:2:1146031:1
shared,shared,random_actions,2,30000,1,reference,panel_6,1146032,e818b6d7308b7e0c28cbd96e28ce5e9cbcca404d610e096b78851da4f9b71aa3,0,1,11,0.89,1.1272,2,9,2,8,11,7,0,0.22096748531400023,0.0,0,,random_actions,random_actions:panel_6:2:1146032:0
shared,shared,random_actions,2,30000,1,reference,panel_6,1146032,e818b6d7308b7e0c28cbd96e28ce5e9cbcca404d610e096b78851da4f9b71aa3,1,0,32,-0.3200000000000001,-0.008399999999999921,11,21,10,12,31,11,1,1.9794152116420027,0.0,0,,random_actions,random_actions:panel_6:2:1146032:1
shared,shared,random_actions,2,30000,1,reference,panel_6,1146033,1090e0af7b57f4e4704bd3376a1a3837c31029c603ff2a454ab02247bf27c0b9,0,1,30,0.7,0.9024000000000001,8,22,9,14,30,12,0,1.0282013184435241,0.0,0,,random_actions,random_actions:panel_6:2:1146033:0
shared,shared,random_actions,2,30000,1,reference,panel_6,1146033,1090e0af7b57f4e4704bd3376a1a3837c31029c603ff2a454ab02247bf27c0b9,1,1,15,0.85,0.9636,3,12,7,6,15,7,0,0.4995331900000012,0.0,0,,random_actions,random_actions:panel_6:2:1146033:1
shared,shared,random_actions,2,30000,1,reference,panel_6,1146035,1b94e8522180d33817e355c82a8596b692cd835d8997bd5f47490257bdb098ea,0,0,32,-0.3200000000000001,-0.09319999999999991,12,20,12,9,29,9,1,2.002055205057002,0.0,0,,random_actions,random_actions:panel_6:2:1146035:0
shared,shared,random_actions,2,30000,1,reference,panel_6,1146035,1b94e8522180d33817e355c82a8596b692cd835d8997bd5f47490257bdb098ea,1,0,32,-0.3200000000000001,-0.06919999999999993,8,24,17,8,32,13,1,2.062203951885002,0.0,0,,random_actions,random_actions:panel_6:2:1146035:1
shared,shared,random_actions,2,30000,1,reference,panel_6,1146036,e327deb6351f8428de80be4a51bab99719150245e8fe434da1399079a53d3cda,0,1,12,0.88,1.0264,1,11,7,5,12,7,0,0.3454971900000007,0.0,0,,random_actions,random_actions:panel_6:2:1146036:0
shared,shared,random_actions,2,30000,1,reference,panel_6,1146036,e327deb6351f8428de80be4a51bab99719150245e8fe434da1399079a53d3cda,1,0,32,-0.3200000000000001,-0.036799999999999916,13,19,11,9,27,7,1,1.9039436985082339,0.0,0,,random_actions,random_actions:panel_6:2:1146036:1
shared,shared,random_actions,2,30000,1,reference,panel_6,1146037,e0f3d1a1b5ce7ee5f5c992c877b36daf79382d80ac2d66d975f504b74e9f76dd,0,1,7,0.9299999999999999,1.0208,1,6,2,5,7,4,0,0.1949270000000003,0.0,0,,random_actions,random_actions:panel_6:2:1146037:0
shared,shared,random_actions,2,30000,1,reference,panel_6,1146037,e0f3d1a1b5ce7ee5f5c992c877b36daf79382d80ac2d66d975f504b74e9f76dd,1,1,12,0.88,0.9816,6,6,2,5,12,4,0,0.38866300000000087,0.0,0,,random_actions,random_actions:panel_6:2:1146037:1
shared,shared,random_actions,2,30000,1,reference,panel_6,1146038,90847b636639f8c8da7fa364e0bac88337340af45f8454270cb2a7d379d96ad7,0,1,30,0.7,0.9476000000000001,6,24,13,12,30,14,0,0.9841854305000018,0.0,0,,random_actions,random_actions:panel_6:2:1146038:0
shared,shared,random_actions,2,30000,1,reference,panel_6,1146038,90847b636639f8c8da7fa364e0bac88337340af45f8454270cb2a7d379d96ad7,1,0,32,-0.3200000000000001,0.003200000000000147,16,16,11,6,28,7,1,1.890104411627001,0.0,0,,random_actions,random_actions:panel_6:2:1146038:1
shared,shared,random_actions,2,30000,1,reference,panel_6,1146039,11f4173f0ac4029a4768507dfbd451a016c59aca9a304cf34987c4469479449c,0,0,32,-0.3200000000000001,0.1204000000000001,15,17,11,7,26,7,1,1.7406079900221894,0.0,0,,random_actions,random_actions:panel_6:2:1146039:0
shared,shared,random_actions,2,30000,1,reference,panel_6,1146039,11f4173f0ac4029a4768507dfbd451a016c59aca9a304cf34987c4469479449c,1,0,32,-0.3200000000000001,0.08680000000000011,8,24,14,11,32,14,1,1.9207868763690306,0.0,0,,random_actions,random_actions:panel_6:2:1146039:1
shared,shared,random_actions,2,30000,1,reference,panel_6,1146040,ccb35ae895c2a59d19e50e9bbbbd115e6822e866d6b42fb0b7c1cdb63593e913,0,1,16,0.84,1.0756000000000001,4,12,0,13,16,8,0,0.42541294548455166,0.0,0,,random_actions,random_actions:panel_6:2:1146040:0
shared,shared,random_actions,2,30000,1,reference,panel_6,1146040,ccb35ae895c2a59d19e50e9bbbbd115e6822e866d6b42fb0b7c1cdb63593e913,1,0,32,-0.3200000000000001,0.004400000000000126,11,21,8,14,27,7,1,1.872948725680161,0.0,0,,random_actions,random_actions:panel_6:2:1146040:1
shared,shared,random_actions,2,30000,1,reference,panel_6,1146041,bd607fcf9c72dec74432a01e52af1e468481baf782fea330e40c4b1da96ea6c6,0,1,14,0.86,1.0488000000000002,8,6,2,5,14,5,0,0.38754346000000084,0.0,0,,random_actions,random_actions:panel_6:2:1146041:0
shared,shared,random_actions,2,30000,1,reference,panel_6,1146041,bd607fcf9c72dec74432a01e52af1e468481baf782fea330e40c4b1da96ea6c6,1,0,32,-0.3200000000000001,-0.06399999999999993,9,23,14,10,31,12,1,2.028926508857002,0.0,0,,random_actions,random_actions:panel_6:2:1146041:1
shared,shared,random_actions,2,30000,1,reference,panel_6,1146042,405468ff56ec3f8c1c42dff13fc9cc7321f06819c701f1ea9461d199a7ddccea,0,0,32,-0.3200000000000001,-0.05199999999999991,11,21,16,6,30,10,1,1.991841481514002,0.0,0,,random_actions,random_actions:panel_6:2:1146042:0
shared,shared,random_actions,2,30000,1,reference,panel_6,1146042,405468ff56ec3f8c1c42dff13fc9cc7321f06819c701f1ea9461d199a7ddccea,1,0,32,-0.3200000000000001,-0.05199999999999992,10,22,13,10,31,11,1,2.018529046700002,0.0,0,,random_actions,random_actions:panel_6:2:1146042:1
shared,shared,random_actions,2,30000,1,reference,panel_6,1146043,c8882a89ff5cf271bd30d08814cb9ffe96fe2deb610d8b62165729da59a76638,0,0,32,-0.3200000000000001,0.03640000000000006,17,15,10,6,30,9,1,1.9113198298710024,0.0,0,,random_actions,random_actions:panel_6:2:1146043:0
shared,shared,random_actions,2,30000,1,reference,panel_6,1146043,c8882a89ff5cf271bd30d08814cb9ffe96fe2deb610d8b62165729da59a76638,1,0,32,-0.3200000000000001,0.15640000000000023,17,15,10,6,26,5,1,1.6999249739889728,0.0,0,,random_actions,random_actions:panel_6:2:1146043:1
shared,shared,random_actions,2,30000,1,reference,panel_6,1146044,b362ef854076cdf1dc0e170a8f815a7aa31774157faa5bda6b47841f38f6128c,0,1,12,0.88,0.9936,8,4,0,5,12,3,0,0.377003110000001,0.0,0,,random_actions,random_actions:panel_6:2:1146044:0
shared,shared,random_actions,2,30000,1,reference,panel_6,1146044,b362ef854076cdf1dc0e170a8f815a7aa31774157faa5bda6b47841f38f6128c,1,1,7,0.9299999999999999,1.0244,1,6,1,6,7,4,0,0.19142546000000038,0.0,0,,random_actions,random_actions:panel_6:2:1146044:1
shared,shared,random_actions,2,30000,1,reference,panel_6,1146045,d09cd075113b81578b0b8041be425e8bee808bc2bcdd3f8ec774930071b48367,0,1,15,0.85,1.0472000000000001,5,10,3,8,15,7,0,0.4202739662000008,0.0,0,,random_actions,random_actions:panel_6:2:1146045:0
shared,shared,random_actions,2,30000,1,reference,panel_6,1146045,d09cd075113b81578b0b8041be425e8bee808bc2bcdd3f8ec774930071b48367,1,1,26,0.74,1.0092,10,16,9,8,26,10,0,0.8006942235280006,0.0,0,,random_actions,random_actions:panel_6:2:1146045:1
shared,shared,random_actions,2,30000,1,reference,panel_6,1146046,5b52a1d07e0e9fb4b2ec4c4353f6a62b525f24fe4bf2712988884809293de180,0,0,32,-0.3200000000000001,0.05280000000000011,14,18,11,8,30,9,1,1.8961159662361902,0.0,0,,random_actions,random_actions:panel_6:2:1146046:0
shared,shared,random_actions,2,30000,1,reference,panel_6,1146046,5b52a1d07e0e9fb4b2ec4c4353f6a62b525f24fe4bf2712988884809293de180,1,0,32,-0.3200000000000001,-0.016799999999999912,6,26,18,9,30,13,1,1.9577119624000023,0.0,0,,random_actions,random_actions:panel_6:2:1146046:1
shared,shared,random_actions,2,30000,1,reference,panel_6,1146047,c12247b3c30b292984159b83ddaafddc9d613a0912c69d58fc07995e032a3d86,0,0,32,-0.3200000000000001,0.12520000000000014,3,29,17,13,26,11,1,1.7323330645339148,0.0,0,,random_actions,random_actions:panel_6:2:1146047:0
shared,shared,random_actions,2,30000,1,reference,panel_6,1146047,c12247b3c30b292984159b83ddaafddc9d613a0912c69d58fc07995e032a3d86,1,0,32,-0.3200000000000001,0.11680000000000013,12,20,14,7,27,9,1,1.7641960237071899,0.0,0,,random_actions,random_actions:panel_6:2:1146047:1
shared,shared,random_actions,2,30000,1,reference,panel_6,1146048,13f2a66c0fec2f1e1da9c2dae3f48c4e4b6c85682ee4c117299fa520e73047fc,0,1,1,0.99,1.03,0,1,0,2,1,1,0,0.0,0.0,0,,random_actions,random_actions:panel_6:2:1146048:0
shared,shared,random_actions,2,30000,1,reference,panel_6,1146048,13f2a66c0fec2f1e1da9c2dae3f48c4e4b6c85682ee4c117299fa520e73047fc,1,1,2,0.98,1.0212,1,1,0,2,2,1,0,0.03970000000000007,0.0,0,,random_actions,random_actions:panel_6:2:1146048:1
shared,shared,random_actions,2,30000,1,reference,panel_6,1146049,9c83008d571f98ec20efea9ff2be6743723537ee16e40a6709ce6f397a6f3c6a,0,0,32,-0.3200000000000001,-0.1251999999999998,8,24,13,12,28,8,1,2.0127596999801614,0.0,0,,random_actions,random_actions:panel_6:2:1146049:0
shared,shared,random_actions,2,30000,1,reference,panel_6,1146049,9c83008d571f98ec20efea9ff2be6743723537ee16e40a6709ce6f397a6f3c6a,1,0,32,-0.3200000000000001,-0.15039999999999998,14,18,10,9,28,6,1,2.0370158551850026,0.0,0,,random_actions,random_actions:panel_6:2:1146049:1
shared,shared,random_actions,2,30000,1,reference,panel_6,1146050,1e2af32df587f8252cde93e5c28d132bc77e5a8a14e9048f176eac527709a285,0,0,32,-0.3200000000000001,0.13840000000000022,6,26,14,13,30,13,1,1.820855654122636,0.0,0,,random_actions,random_actions:panel_6:2:1146050:0
shared,shared,random_actions,2,30000,1,reference,panel_6,1146050,1e2af32df587f8252cde93e5c28d132bc77e5a8a14e9048f176eac527709a285,1,0,32,-0.3200000000000001,0.17080000000000028,16,16,12,5,26,7,1,1.7072702328523897,0.0,0,,random_actions,random_actions:panel_6:2:1146050:1
shared,shared,random_actions,2,30000,1,reference,panel_6,1146051,2f6a36dacf6a1113d1f742839379922f80edbfd5a4e95794b4c86c4f79e07951,0,0,32,-0.3200000000000001,0.17800000000000027,7,25,21,5,26,9,1,1.6929804863838802,0.0,0,,random_actions,random_actions:panel_6:2:1146051:0
shared,shared,random_actions,2,30000,1,reference,panel_6,1146051,2f6a36dacf6a1113d1f742839379922f80edbfd5a4e95794b4c86c4f79e07951,1,0,32,-0.3200000000000001,0.1816000000000003,14,18,14,5,25,6,1,1.6691387066182988,0.0,0,,random_actions,random_actions:panel_6:2:1146051:1
shared,shared,random_actions,2,30000,1,reference,panel_6,1146054,dfef2c996a1c7b8e0fff14dd03571e704efb8ac0a28d82094c00ce255141d3b3,0,1,3,0.97,1.0524,1,2,0,3,3,2,0,0.03970000000000007,0.0,0,,random_actions,random_actions:panel_6:2:1146054:0
shared,shared,random_actions,2,30000,1,reference,panel_6,1146054,dfef2c996a1c7b8e0fff14dd03571e704efb8ac0a28d82094c00ce255141d3b3,1,1,4,0.96,1.0448,0,4,1,4,4,3,0,0.07820900000000008,0.0,0,,random_actions,random_actions:panel_6:2:1146054:1
shared,shared,random_actions,2,30000,1,reference,panel_6,1146055,b5ab102b9ff73f6f6888d045a66a33d25407c89867107be0564f23c64b39a1fa,0,1,3,0.97,1.0936,0,3,0,4,3,3,0,0.0,0.0,0,,random_actions,random_actions:panel_6:2:1146055:0
shared,shared,random_actions,2,30000,1,reference,panel_6,1146055,b5ab102b9ff73f6f6888d045a66a33d25407c89867107be0564f23c64b39a1fa,1,0,32,-0.3200000000000001,-0.10279999999999996,16,16,14,3,31,8,1,2.065966140000003,0.0,0,,random_actions,random_actions:panel_6:2:1146055:1
shared,shared,random_actions,2,30000,1,reference,panel_6,1146056,6a9a9b738c0b7fc699979eb7f0273eb81ab73eb043e37d56353235514c621e49,0,1,6,0.94,1.1156000000000001,0,6,1,6,6,5,0,0.07358684810000016,0.0,0,,random_actions,random_actions:panel_6:2:1146056:0
shared,shared,random_actions,2,30000,1,reference,panel_6,1146056,6a9a9b738c0b7fc699979eb7f0273eb81ab73eb043e37d56353235514c621e49,1,1,27,0.73,1.0148000000000001,11,16,7,10,27,10,0,0.8269406101130009,0.0,0,,random_actions,random_actions:panel_6:2:1146056:1
shared,shared,random_actions,2,30000,1,reference,panel_6,1146057,da193e18d96425c763a4d5237d4767d2afa38eed36abe14dc0e854f4ba83f6fb,0,0,32,-0.3200000000000001,-0.09439999999999991,9,23,17,7,31,12,1,2.057072704800002,0.0,0,,random_actions,random_actions:panel_6:2:1146057:0
shared,shared,random_actions,2,30000,1,reference,panel_6,1146057,da193e18d96425c763a4d5237d4767d2afa38eed36abe14dc0e854f4ba83f6fb,1,0,32,-0.3200000000000001,-0.04999999999999982,9,23,14,10,29,10,1,1.9673342564395815,0.0,0,,random_actions,random_actions:panel_6:2:1146057:1
shared,shared,random_actions,2,30000,1,reference,panel_6,1146058,2e0a259108eabf9ec64ab5da3f04710e881aa4ae02a68f07269e854fbff4ce80,0,1,12,0.88,1.0336,5,7,3,5,12,5,0,0.33849411000000085,0.0,0,,random_actions,random_actions:panel_6:2:1146058:0
shared,shared,random_actions,2,30000,1,reference,panel_6,1146058,2e0a259108eabf9ec64ab5da3f04710e881aa4ae02a68f07269e854fbff4ce80,1,0,32,-0.3200000000000001,-0.08959999999999986,17,15,10,6,31,7,1,2.0536058229000016,0.0,0,,random_actions,random_actions:panel_6:2:1146058:1
shared,shared,random_actions,2,30000,1,reference,panel_6,1146059,ca4b20ff4df5bf81aeb8188e0291d60059626c3275fc39fdf242a451cd0bf809,0,0,32,-0.3200000000000001,-0.04959999999999995,6,26,17,10,28,11,1,1.9397043248000014,0.0,0,,random_actions,random_actions:panel_6:2:1146059:0
shared,shared,random_actions,2,30000,1,reference,panel_6,1146059,ca4b20ff4df5bf81aeb8188e0291d60059626c3275fc39fdf242a451cd0bf809,1,0,32,-0.3200000000000001,-0.038799999999999946,10,22,14,9,29,10,1,1.9555611777140016,0.0,0,,random_actions,random_actions:panel_6:2:1146059:1
shared,shared,random_actions,2,30000,1,reference,panel_6,1146060,d7946e5816a97b1ba56cf737afec72c84233a8ca400a9841d0475d7a663bdd29,0,0,32,-0.3200000000000001,-0.01839999999999989,3,29,21,9,28,12,1,1.9073254862458708,0.0,0,,random_actions,random_actions:panel_6:2:1146060:0
shared,shared,random_actions,2,30000,1,reference,panel_6,1146060,d7946e5816a97b1ba56cf737afec72c84233a8ca400a9841d0475d7a663bdd29,1,1,4,0.96,1.1272,0,4,0,5,4,4,0,0.0,0.0,0,,random_actions,random_actions:panel_6:2:1146060:1
shared,shared,random_actions,2,30000,1,reference,panel_6,1146061,ee6f07ccbb96bb8be35f9ed07c4be672854cfff1e3791c5c5e41341a0963b581,0,0,32,-0.3200000000000001,0.062400000000000136,20,12,7,6,30,6,1,1.8849667791323486,0.0,0,,random_actions,random_actions:panel_6:2:1146061:0
shared,shared,random_actions,2,30000,1,reference,panel_6,1146061,ee6f07ccbb96bb8be35f9ed07c4be672854cfff1e3791c5c5e41341a0963b581,1,0,32,-0.3200000000000001,0.03720000000000012,17,15,9,7,27,6,1,1.8382061783333201,0.0,0,,random_actions,random_actions:panel_6:2:1146061:1
shared,shared,random_actions,2,30000,1,reference,panel_6,1146062,cda6e52cb337c4b5bc9a9ae23e5904ce1a5742f3dbb2fa6383d635f5187a5cea,0,1,16,0.84,0.9124,3,13,6,8,16,7,0,0.5812794600000011,0.0,0,,random_actions,random_actions:panel_6:2:1146062:0
shared,shared,random_actions,2,30000,1,reference,panel_6,1146062,cda6e52cb337c4b5bc9a9ae23e5904ce1a5742f3dbb2fa6383d635f5187a5cea,1,1,27,0.73,0.8372,8,19,10,10,27,10,0,0.996931274300002,0.0,0,,random_actions,random_actions:panel_6:2:1146062:1
shared,shared,random_actions,2,30000,1,reference,panel_6,1146063,552355aef083c21bcba7959f076646cdfc13b7b84a349b9ca7c1b972a536eeb5,0,1,12,0.88,0.9912000000000001,6,6,2,5,12,4,0,0.3793483081000011,0.0,0,,random_actions,random_actions:panel_6:2:1146063:0
shared,shared,random_actions,2,30000,1,reference,panel_6,1146063,552355aef083c21bcba7959f076646cdfc13b7b84a349b9ca7c1b972a536eeb5,1,0,32,-0.3200000000000001,-0.1367999999999998,17,15,8,8,30,6,1,2.0700872191000013,0.0,0,,random_actions,random_actions:panel_6:2:1146063:1
shared,shared,random_actions,2,30000,1,reference,panel_6,1146064,eb2b205abbacce79ad43abc0e4ad17eff089d90de513fbad6bc5df87a4b5a842,0,0,32,-0.3200000000000001,0.035600000000000104,14,18,9,10,27,8,1,1.841800142952306,0.0,0,,random_actions,random_actions:panel_6:2:1146064:0
shared,shared,random_actions,2,30000,1,reference,panel_6,1146064,eb2b205abbacce79ad43abc0e4ad17eff089d90de513fbad6bc5df87a4b5a842,1,0,32,-0.3200000000000001,0.023600000000000204,14,18,10,9,28,8,1,1.877651591532393,0.0,0,,random_actions,random_actions:panel_6:2:1146064:1
shared,shared,random_actions,2,30000,1,reference,panel_6,1146065,3817571644c43a620020c12a816838bdf1dd9e70198b1b3ac012368d5a4b58be,0,0,32,-0.3200000000000001,0.11200000000000017,9,23,13,11,28,10,1,1.787979121808828,0.0,0,,random_actions,random_actions:panel_6:2:1146065:0
shared,shared,random_actions,2,30000,1,reference,panel_6,1146065,3817571644c43a620020c12a816838bdf1dd9e70198b1b3ac012368d5a4b58be,1,0,32,-0.3200000000000001,0.1072000000000001,5,27,19,9,27,11,1,1.7692676785890162,0.0,0,,random_actions,random_actions:panel_6:2:1146065:1
shared,shared,random_actions,2,30000,1,reference,panel_6,1146066,ae649e92f2a552ad6e19f7f18b7116509e41d1ecd331153358617309f416ce41,0,0,32,-0.3200000000000001,0.13120000000000015,12,20,14,7,29,9,1,1.8045861669904653,0.0,0,,random_actions,random_actions:panel_6:2:1146066:0
shared,shared,random_actions,2,30000,1,reference,panel_6,1146066,ae649e92f2a552ad6e19f7f18b7116509e41d1ecd331153358617309f416ce41,1,0,32,-0.3200000000000001,0.11200000000000013,10,22,10,13,30,11,1,1.8463310519803784,0.0,0,,random_actions,random_actions:panel_6:2:1146066:1
shared,shared,shortest_path,0,30000,1,reference,panel_6,1146000,9b8ff6f22a0e360a50aeb305d8b91ca1f0797719d837d1a99c2e6c6881a475e0,0,1,4,0.96,1.1272,0,4,0,5,4,4,0,0.0,0.0,0,,shortest_path,shortest_path:panel_6:0:1146000:0
shared,shared,shortest_path,0,30000,1,reference,panel_6,1146001,4ce0865df3910edbc91a492f6360e7acb0c6c94b91bc356880a17d2ed4999f50,0,1,2,0.98,1.0612,0,2,0,3,2,2,0,0.0,0.0,0,,shortest_path,shortest_path:panel_6:0:1146001:0
shared,shared,shortest_path,0,30000,1,reference,panel_6,1146002,0fa39e8860f86ee4bd982d2d00d17ba4541fe5f7a664f91c6e6e1d14d9d0d087,0,1,5,0.95,1.162,0,5,0,6,5,5,0,0.0,0.0,0,,shortest_path,shortest_path:panel_6:0:1146002:0
shared,shared,shortest_path,0,30000,1,reference,panel_6,1146003,d57a5c03351302dfe41daf87babb7ca65d4d6db54bae17df34c3a37b3dffe88e,0,1,1,0.99,1.03,0,1,0,2,1,1,0,0.0,0.0,0,,shortest_path,shortest_path:panel_6:0:1146003:0
shared,shared,shortest_path,0,30000,1,reference,panel_6,1146004,743eb42fb67ca362c2b3504f7789f70f8d7f2e77b3f37180308983db789f172b,0,1,4,0.96,1.1272,0,4,0,5,4,4,0,0.0,0.0,0,,shortest_path,shortest_path:panel_6:0:1146004:0
shared,shared,shortest_path,0,30000,1,reference,panel_6,1146005,9c8b2224784642c2fa6fd823f9ca8372b42e3d59271a15d71c2de9f42a4f5038,0,1,6,0.94,1.198,0,6,0,7,6,6,0,0.0,0.0,0,,shortest_path,shortest_path:panel_6:0:1146005:0
shared,shared,shortest_path,0,30000,1,reference,panel_6,1146006,d6215081ea3255ee5396fd975b104c470695097dc2ded1d2d8961e1b4f10fe6f,0,1,6,0.94,1.198,0,6,0,7,6,6,0,0.0,0.0,0,,shortest_path,shortest_path:panel_6:0:1146006:0
shared,shared,shortest_path,0,30000,1,reference,panel_6,1146007,34afad6c3098ebec6e3ba438eca953281bd5b57a5f3bb9fd88334d0afae318ba,0,1,4,0.96,1.1272,0,4,0,5,4,4,0,0.0,0.0,0,,shortest_path,shortest_path:panel_6:0:1146007:0
shared,shared,shortest_path,0,30000,1,reference,panel_6,1146008,202a852742608a716d1796300a9a80c8f640e9cc1066b04c539d195339bf0c1e,0,1,3,0.97,1.0936,0,3,0,4,3,3,0,0.0,0.0,0,,shortest_path,shortest_path:panel_6:0:1146008:0
shared,shared,shortest_path,0,30000,1,reference,panel_6,1146009,49ffffbab73a505c840ea698a95c5b17de2329ed49fad00d7e4957ed30b4ce5a,0,1,2,0.98,1.0612,0,2,0,3,2,2,0,0.0,0.0,0,,shortest_path,shortest_path:panel_6:0:1146009:0
shared,shared,shortest_path,0,30000,1,reference,panel_6,1146010,afe255d38254eeea8f8bb6b6d20e28465152a1d32f916d39af7ed260a9b07b41,0,1,2,0.98,1.0612,0,2,0,3,2,2,0,0.0,0.0,0,,shortest_path,shortest_path:panel_6:0:1146010:0
shared,shared,shortest_path,0,30000,1,reference,panel_6,1146011,1cacdfa9cd203a29ca857e9b49d2e40415553bb2c00d887962120f0edfe89be2,0,1,4,0.96,1.1272,0,4,0,5,4,4,0,0.0,0.0,0,,shortest_path,shortest_path:panel_6:0:1146011:0
shared,shared,shortest_path,0,30000,1,reference,panel_6,1146012,14e1ced97552d577a4901a15606dc77206d598ee543f1cc81f5a2a6ed38f3a3a,0,1,6,0.94,1.198,0,6,0,7,6,6,0,0.0,0.0,0,,shortest_path,shortest_path:panel_6:0:1146012:0
shared,shared,shortest_path,0,30000,1,reference,panel_6,1146013,108478808ea818cc04e004749962e0bf752ca8b88193f8bb84e0851f51f9b5ad,0,1,2,0.98,1.0612,0,2,0,3,2,2,0,0.0,0.0,0,,shortest_path,shortest_path:panel_6:0:1146013:0
shared,shared,shortest_path,0,30000,1,reference,panel_6,1146014,8d9b7768bffc818964d3c369c9846c98c160469a2185801d7fbba67c3d5f4089,0,1,3,0.97,1.0936,0,3,0,4,3,3,0,0.0,0.0,0,,shortest_path,shortest_path:panel_6:0:1146014:0
shared,shared,shortest_path,0,30000,1,reference,panel_6,1146015,b46414faa4a3d99f3e790e09d97dc7ea02d50a31b4d38310984b0d62877ec64c,0,1,7,0.9299999999999999,1.2352,0,7,0,8,7,7,0,0.0,0.0,0,,shortest_path,shortest_path:panel_6:0:1146015:0
shared,shared,shortest_path,0,30000,1,reference,panel_6,1146016,666937c22cfc840e4d5692c82db605f74449793abbe0ccdfcb164ec05c372396,0,1,1,0.99,1.03,0,1,0,2,1,1,0,0.0,0.0,0,,shortest_path,shortest_path:panel_6:0:1146016:0
shared,shared,shortest_path,0,30000,1,reference,panel_6,1146017,d73b28a8bc0902d7e63a172e4a27fc7858c932291916ee34464d001d54305f26,0,1,4,0.96,1.1272,0,4,0,5,4,4,0,0.0,0.0,0,,shortest_path,shortest_path:panel_6:0:1146017:0
shared,shared,shortest_path,0,30000,1,reference,panel_6,1146018,b6da77a411e3dd6b85550846e81dfcd0b12c51d32829ab8aee3868bad1788642,0,1,3,0.97,1.0936,0,3,0,4,3,3,0,0.0,0.0,0,,shortest_path,shortest_path:panel_6:0:1146018:0
shared,shared,shortest_path,0,30000,1,reference,panel_6,1146019,4ea468af6028fed107c35ce0bb46d68bcd291298c8fce76e39827781a16739f6,0,1,2,0.98,1.0612,0,2,0,3,2,2,0,0.0,0.0,0,,shortest_path,shortest_path:panel_6:0:1146019:0
shared,shared,shortest_path,0,30000,1,reference,panel_6,1146020,1f147f5bb7ebc9f4da126ab0993131a745dfe8a393cfb64c13848d26d4dfa0cb,0,1,7,0.9299999999999999,1.2352,0,7,0,8,7,7,0,0.0,0.0,0,,shortest_path,shortest_path:panel_6:0:1146020:0
shared,shared,shortest_path,0,30000,1,reference,panel_6,1146021,e7576cc73a05a9d7c4c48644c3a94412ecabe5e63f947d7d7521d7e7d4ca4d63,0,1,2,0.98,1.0612,0,2,0,3,2,2,0,0.0,0.0,0,,shortest_path,shortest_path:panel_6:0:1146021:0
shared,shared,shortest_path,0,30000,1,reference,panel_6,1146022,4460738be5208e12005d6be4ea3d18d63351095d0d23291cb88604a7019ed59a,0,1,3,0.97,1.0936,0,3,0,4,3,3,0,0.0,0.0,0,,shortest_path,shortest_path:panel_6:0:1146022:0
shared,shared,shortest_path,0,30000,1,reference,panel_6,1146023,13fd514fab92ad3f07bc3f2401c1d3c69db8f496d6b9e24362cd50f9331d9798,0,1,3,0.97,1.0936,0,3,0,4,3,3,0,0.0,0.0,0,,shortest_path,shortest_path:panel_6:0:1146023:0
shared,shared,shortest_path,0,30000,1,reference,panel_6,1146024,7451bfc6836e639ca9cca1c2891f651c19d030cdb7eef079afa3c82567b10209,0,1,4,0.96,1.1272,0,4,0,5,4,4,0,0.0,0.0,0,,shortest_path,shortest_path:panel_6:0:1146024:0
shared,shared,shortest_path,0,30000,1,reference,panel_6,1146025,5e6b7fe8d19d72441ed1a7aa4d77d4a7adfc84c7637c102144d0b3294cca9565,0,1,2,0.98,1.0612,0,2,0,3,2,2,0,0.0,0.0,0,,shortest_path,shortest_path:panel_6:0:1146025:0
shared,shared,shortest_path,0,30000,1,reference,panel_6,1146026,fabbcf6cf4b982de5348e9bf07975b08ee3b811c32567dc04f26a55c4dc8c53c,0,1,3,0.97,1.0936,0,3,0,4,3,3,0,0.0,0.0,0,,shortest_path,shortest_path:panel_6:0:1146026:0
shared,shared,shortest_path,0,30000,1,reference,panel_6,1146027,364dc3acceea212cbd437e5e6230121a8d4e74e9f1a69d0b6b6bf6640e1239f7,0,1,3,0.97,1.0936,0,3,0,4,3,3,0,0.0,0.0,0,,shortest_path,shortest_path:panel_6:0:1146027:0
shared,shared,shortest_path,0,30000,1,reference,panel_6,1146028,de22bbee2071984e1811fd1461f64003503baf851cef8944c7b26d67166c8398,0,1,3,0.97,1.0936,0,3,0,4,3,3,0,0.0,0.0,0,,shortest_path,shortest_path:panel_6:0:1146028:0
shared,shared,shortest_path,0,30000,1,reference,panel_6,1146029,a22c5d8f747fd5724e054a1e4f4291009c31900fa2d4b7ef3ed86fe51cb949dd,0,1,2,0.98,1.0612,0,2,0,3,2,2,0,0.0,0.0,0,,shortest_path,shortest_path:panel_6:0:1146029:0
shared,shared,shortest_path,0,30000,1,reference,panel_6,1146030,491d85273ade4a25ea82fa965c1753608a3436ce6c4a2a0eba19ffcd78aacb93,0,1,2,0.98,1.0612,0,2,0,3,2,2,0,0.0,0.0,0,,shortest_path,shortest_path:panel_6:0:1146030:0
shared,shared,shortest_path,0,30000,1,reference,panel_6,1146031,f0e7aada81a63ec71ac85296b40c3c93ce7b1b328d2a875728d91d7d6791d362,0,1,3,0.97,1.0936,0,3,0,4,3,3,0,0.0,0.0,0,,shortest_path,shortest_path:panel_6:0:1146031:0
shared,shared,shortest_path,0,30000,1,reference,panel_6,1146032,e818b6d7308b7e0c28cbd96e28ce5e9cbcca404d610e096b78851da4f9b71aa3,0,1,5,0.95,1.162,0,5,0,6,5,5,0,0.0,0.0,0,,shortest_path,shortest_path:panel_6:0:1146032:0
shared,shared,shortest_path,0,30000,1,reference,panel_6,1146033,1090e0af7b57f4e4704bd3376a1a3837c31029c603ff2a454ab02247bf27c0b9,0,1,2,0.98,1.0612,0,2,0,3,2,2,0,0.0,0.0,0,,shortest_path,shortest_path:panel_6:0:1146033:0
shared,shared,shortest_path,0,30000,1,reference,panel_6,1146035,1b94e8522180d33817e355c82a8596b692cd835d8997bd5f47490257bdb098ea,0,1,3,0.97,1.0936,0,3,0,4,3,3,0,0.0,0.0,0,,shortest_path,shortest_path:panel_6:0:1146035:0
shared,shared,shortest_path,0,30000,1,reference,panel_6,1146036,e327deb6351f8428de80be4a51bab99719150245e8fe434da1399079a53d3cda,0,1,3,0.97,1.0936,0,3,0,4,3,3,0,0.0,0.0,0,,shortest_path,shortest_path:panel_6:0:1146036:0
shared,shared,shortest_path,0,30000,1,reference,panel_6,1146037,e0f3d1a1b5ce7ee5f5c992c877b36daf79382d80ac2d66d975f504b74e9f76dd,0,1,2,0.98,1.0612,0,2,0,3,2,2,0,0.0,0.0,0,,shortest_path,shortest_path:panel_6:0:1146037:0
shared,shared,shortest_path,0,30000,1,reference,panel_6,1146038,90847b636639f8c8da7fa364e0bac88337340af45f8454270cb2a7d379d96ad7,0,1,4,0.96,1.1272,0,4,0,5,4,4,0,0.0,0.0,0,,shortest_path,shortest_path:panel_6:0:1146038:0
shared,shared,shortest_path,0,30000,1,reference,panel_6,1146039,11f4173f0ac4029a4768507dfbd451a016c59aca9a304cf34987c4469479449c,0,1,6,0.94,1.198,0,6,0,7,6,6,0,0.0,0.0,0,,shortest_path,shortest_path:panel_6:0:1146039:0
shared,shared,shortest_path,0,30000,1,reference,panel_6,1146040,ccb35ae895c2a59d19e50e9bbbbd115e6822e866d6b42fb0b7c1cdb63593e913,0,1,4,0.96,1.1272,0,4,0,5,4,4,0,0.0,0.0,0,,shortest_path,shortest_path:panel_6:0:1146040:0
shared,shared,shortest_path,0,30000,1,reference,panel_6,1146041,bd607fcf9c72dec74432a01e52af1e468481baf782fea330e40c4b1da96ea6c6,0,1,4,0.96,1.1272,0,4,0,5,4,4,0,0.0,0.0,0,,shortest_path,shortest_path:panel_6:0:1146041:0
shared,shared,shortest_path,0,30000,1,reference,panel_6,1146042,405468ff56ec3f8c1c42dff13fc9cc7321f06819c701f1ea9461d199a7ddccea,0,1,4,0.96,1.1272,0,4,0,5,4,4,0,0.0,0.0,0,,shortest_path,shortest_path:panel_6:0:1146042:0
shared,shared,shortest_path,0,30000,1,reference,panel_6,1146043,c8882a89ff5cf271bd30d08814cb9ffe96fe2deb610d8b62165729da59a76638,0,1,6,0.94,1.198,0,6,0,7,6,6,0,0.0,0.0,0,,shortest_path,shortest_path:panel_6:0:1146043:0
shared,shared,shortest_path,0,30000,1,reference,panel_6,1146044,b362ef854076cdf1dc0e170a8f815a7aa31774157faa5bda6b47841f38f6128c,0,1,2,0.98,1.0612,0,2,0,3,2,2,0,0.0,0.0,0,,shortest_path,shortest_path:panel_6:0:1146044:0
shared,shared,shortest_path,0,30000,1,reference,panel_6,1146045,d09cd075113b81578b0b8041be425e8bee808bc2bcdd3f8ec774930071b48367,0,1,4,0.96,1.1272,0,4,0,5,4,4,0,0.0,0.0,0,,shortest_path,shortest_path:panel_6:0:1146045:0
shared,shared,shortest_path,0,30000,1,reference,panel_6,1146046,5b52a1d07e0e9fb4b2ec4c4353f6a62b525f24fe4bf2712988884809293de180,0,1,5,0.95,1.162,0,5,0,6,5,5,0,0.0,0.0,0,,shortest_path,shortest_path:panel_6:0:1146046:0
shared,shared,shortest_path,0,30000,1,reference,panel_6,1146047,c12247b3c30b292984159b83ddaafddc9d613a0912c69d58fc07995e032a3d86,0,1,6,0.94,1.198,0,6,0,7,6,6,0,0.0,0.0,0,,shortest_path,shortest_path:panel_6:0:1146047:0
shared,shared,shortest_path,0,30000,1,reference,panel_6,1146048,13f2a66c0fec2f1e1da9c2dae3f48c4e4b6c85682ee4c117299fa520e73047fc,0,1,1,0.99,1.03,0,1,0,2,1,1,0,0.0,0.0,0,,shortest_path,shortest_path:panel_6:0:1146048:0
shared,shared,shortest_path,0,30000,1,reference,panel_6,1146049,9c83008d571f98ec20efea9ff2be6743723537ee16e40a6709ce6f397a6f3c6a,0,1,1,0.99,1.03,0,1,0,2,1,1,0,0.0,0.0,0,,shortest_path,shortest_path:panel_6:0:1146049:0
shared,shared,shortest_path,0,30000,1,reference,panel_6,1146050,1e2af32df587f8252cde93e5c28d132bc77e5a8a14e9048f176eac527709a285,0,1,6,0.94,1.198,0,6,0,7,6,6,0,0.0,0.0,0,,shortest_path,shortest_path:panel_6:0:1146050:0
shared,shared,shortest_path,0,30000,1,reference,panel_6,1146051,2f6a36dacf6a1113d1f742839379922f80edbfd5a4e95794b4c86c4f79e07951,0,1,6,0.94,1.198,0,6,0,7,6,6,0,0.0,0.0,0,,shortest_path,shortest_path:panel_6:0:1146051:0
shared,shared,shortest_path,0,30000,1,reference,panel_6,1146054,dfef2c996a1c7b8e0fff14dd03571e704efb8ac0a28d82094c00ce255141d3b3,0,1,2,0.98,1.0612,0,2,0,3,2,2,0,0.0,0.0,0,,shortest_path,shortest_path:panel_6:0:1146054:0
shared,shared,shortest_path,0,30000,1,reference,panel_6,1146055,b5ab102b9ff73f6f6888d045a66a33d25407c89867107be0564f23c64b39a1fa,0,1,3,0.97,1.0936,0,3,0,4,3,3,0,0.0,0.0,0,,shortest_path,shortest_path:panel_6:0:1146055:0
shared,shared,shortest_path,0,30000,1,reference,panel_6,1146056,6a9a9b738c0b7fc699979eb7f0273eb81ab73eb043e37d56353235514c621e49,0,1,4,0.96,1.1272,0,4,0,5,4,4,0,0.0,0.0,0,,shortest_path,shortest_path:panel_6:0:1146056:0
shared,shared,shortest_path,0,30000,1,reference,panel_6,1146057,da193e18d96425c763a4d5237d4767d2afa38eed36abe14dc0e854f4ba83f6fb,0,1,3,0.97,1.0936,0,3,0,4,3,3,0,0.0,0.0,0,,shortest_path,shortest_path:panel_6:0:1146057:0
shared,shared,shortest_path,0,30000,1,reference,panel_6,1146058,2e0a259108eabf9ec64ab5da3f04710e881aa4ae02a68f07269e854fbff4ce80,0,1,3,0.97,1.0936,0,3,0,4,3,3,0,0.0,0.0,0,,shortest_path,shortest_path:panel_6:0:1146058:0
shared,shared,shortest_path,0,30000,1,reference,panel_6,1146059,ca4b20ff4df5bf81aeb8188e0291d60059626c3275fc39fdf242a451cd0bf809,0,1,4,0.96,1.1272,0,4,0,5,4,4,0,0.0,0.0,0,,shortest_path,shortest_path:panel_6:0:1146059:0
shared,shared,shortest_path,0,30000,1,reference,panel_6,1146060,d7946e5816a97b1ba56cf737afec72c84233a8ca400a9841d0475d7a663bdd29,0,1,4,0.96,1.1272,0,4,0,5,4,4,0,0.0,0.0,0,,shortest_path,shortest_path:panel_6:0:1146060:0
shared,shared,shortest_path,0,30000,1,reference,panel_6,1146061,ee6f07ccbb96bb8be35f9ed07c4be672854cfff1e3791c5c5e41341a0963b581,0,1,5,0.95,1.162,0,5,0,6,5,5,0,0.0,0.0,0,,shortest_path,shortest_path:panel_6:0:1146061:0
shared,shared,shortest_path,0,30000,1,reference,panel_6,1146062,cda6e52cb337c4b5bc9a9ae23e5904ce1a5742f3dbb2fa6383d635f5187a5cea,0,1,1,0.99,1.03,0,1,0,2,1,1,0,0.0,0.0,0,,shortest_path,shortest_path:panel_6:0:1146062:0
shared,shared,shortest_path,0,30000,1,reference,panel_6,1146063,552355aef083c21bcba7959f076646cdfc13b7b84a349b9ca7c1b972a536eeb5,0,1,2,0.98,1.0612,0,2,0,3,2,2,0,0.0,0.0,0,,shortest_path,shortest_path:panel_6:0:1146063:0
shared,shared,shortest_path,0,30000,1,reference,panel_6,1146064,eb2b205abbacce79ad43abc0e4ad17eff089d90de513fbad6bc5df87a4b5a842,0,1,4,0.96,1.1272,0,4,0,5,4,4,0,0.0,0.0,0,,shortest_path,shortest_path:panel_6:0:1146064:0
shared,shared,shortest_path,0,30000,1,reference,panel_6,1146065,3817571644c43a620020c12a816838bdf1dd9e70198b1b3ac012368d5a4b58be,0,1,6,0.94,1.198,0,6,0,7,6,6,0,0.0,0.0,0,,shortest_path,shortest_path:panel_6:0:1146065:0
shared,shared,shortest_path,0,30000,1,reference,panel_6,1146066,ae649e92f2a552ad6e19f7f18b7116509e41d1ecd331153358617309f416ce41,0,1,6,0.94,1.198,0,6,0,7,6,6,0,0.0,0.0,0,,shortest_path,shortest_path:panel_6:0:1146066:0
shared,shared,random_actions,0,30000,1,reference,panel_7,1147000,ef60203806c0ad82a1b7a4e785eea5d6a01b0f715bbfe2667f6bf2cec24e0fef,0,1,19,0.8099999999999999,1.0504000000000002,9,10,5,6,19,7,0,0.5425442513850011,0.0,0,,random_actions,random_actions:panel_7:0:1147000:0
shared,shared,random_actions,0,30000,1,reference,panel_7,1147000,ef60203806c0ad82a1b7a4e785eea5d6a01b0f715bbfe2667f6bf2cec24e0fef,1,0,32,-0.3200000000000001,0.00920000000000018,13,19,10,10,28,8,1,1.8894923285955816,0.0,0,,random_actions,random_actions:panel_7:0:1147000:1
shared,shared,random_actions,0,30000,1,reference,panel_7,1147001,5d658272b69ced5dfe829649c36914be471764237c695f97b010028cc6651308,0,1,27,0.73,1.0852000000000002,11,16,7,10,27,11,0,0.765412029543451,0.0,0,,random_actions,random_actions:panel_7:0:1147001:0
shared,shared,random_actions,0,30000,1,reference,panel_7,1147001,5d658272b69ced5dfe829649c36914be471764237c695f97b010028cc6651308,1,0,32,-0.3200000000000001,0.10000000000000014,15,17,11,7,27,6,1,1.7727951511830307,0.0,0,,random_actions,random_actions:panel_7:0:1147001:1
shared,shared,random_actions,0,30000,1,reference,panel_7,1147002,c51e778c3a780891d45f5786ed4cbd16d2519fbc9343c07d3f329be3530e2ce7,0,1,11,0.89,0.9916,5,6,0,7,11,4,0,0.34784346000000077,0.0,0,,random_actions,random_actions:panel_7:0:1147002:0
shared,shared,random_actions,0,30000,1,reference,panel_7,1147002,c51e778c3a780891d45f5786ed4cbd16d2519fbc9343c07d3f329be3530e2ce7,1,1,2,0.98,1.0612,0,2,0,3,2,2,0,0.0,0.0,0,,random_actions,random_actions:panel_7:0:1147002:1
shared,shared,random_actions,0,30000,1,reference,panel_7,1147003,63cbf41369cd7394d8778aa6c90ae9e799d7595e6050f8fcb6bf83f8e0796bf4,0,0,32,-0.3200000000000001,-0.1476,2,30,17,14,30,13,1,2.082589384300002,0.0,0,,random_actions,random_actions:panel_7:0:1147003:0
shared,shared,random_actions,0,30000,1,reference,panel_7,1147003,63cbf41369cd7394d8778aa6c90ae9e799d7595e6050f8fcb6bf83f8e0796bf4,1,0,32,-0.3200000000000001,-0.14159999999999995,16,16,10,7,30,7,1,2.075446600000002,0.0,0,,random_actions,random_actions:panel_7:0:1147003:1
shared,shared,random_actions,0,30000,1,reference,panel_7,1147004,117053a93c484f9b9e13f1c4c6d3a95b1a29bdc7fe894c242edcc3caa835a680,0,1,23,0.7699999999999999,1.0116,7,16,11,6,23,10,0,0.7042921729000011,0.0,0,,random_actions,random_actions:panel_7:0:1147004:0
shared,shared,random_actions,0,30000,1,reference,panel_7,1147004,117053a93c484f9b9e13f1c4c6d3a95b1a29bdc7fe894c242edcc3caa835a680,1,0,32,-0.3200000000000001,0.0008000000000001339,9,23,13,11,27,9,1,1.8747202074560012,0.0,0,,random_actions,random_actions:panel_7:0:1147004:1
shared,shared,random_actions,0,30000,1,reference,panel_7,1147005,778b5b88f86e68c6eedac270025116337556735960e9b0343e4872626d1d4e68,0,0,32,-0.3200000000000001,0.0020000000000001406,13,19,10,10,28,7,1,1.8880985475182919,0.0,0,,random_actions,random_actions:panel_7:0:1147005:0
shared,shared,random_actions,0,30000,1,reference,panel_7,1147005,778b5b88f86e68c6eedac270025116337556735960e9b0343e4872626d1d4e68,1,0,32,-0.3200000000000001,-0.06639999999999986,13,19,9,11,31,10,1,2.031063726200002,0.0,0,,random_actions,random_actions:panel_7:0:1147005:1
shared,shared,random_actions,0,30000,1,reference,panel_7,1147006,39682b70faeef75af87820c196d42df338e0efe4b800754e45286826fff0c529,0,0,32,-0.3200000000000001,-0.04759999999999984,8,24,13,12,27,10,1,1.9134656702395811,0.0,0,,random_actions,random_actions:panel_7:0:1147006:0
shared,shared,random_actions,0,30000,1,reference,panel_7,1147006,39682b70faeef75af87820c196d42df338e0efe4b800754e45286826fff0c529,1,1,31,0.69,0.9108,8,23,13,11,31,13,0,1.049752593157002,0.0,0,,random_actions,random_actions:panel_7:0:1147006:1
shared,shared,random_actions,0,30000,1,reference,panel_7,1147007,6c6b59160efe9092afec80b1735978b64b76c4042545c63c163e2351f89a97a4,0,0,32,-0.3200000000000001,-0.08399999999999991,6,26,18,9,28,10,1,1.9726235763130018,0.0,0,,random_actions,random_actions:panel_7:0:1147007:0
shared,shared,random_actions,0,30000,1,reference,panel_7,1147007,6c6b59160efe9092afec80b1735978b64b76c4042545c63c163e2351f89a97a4,1,0,32,-0.3200000000000001,-0.08639999999999992,13,19,11,9,28,7,1,1.974191688598002,0.0,0,,random_actions,random_actions:panel_7:0:1147007:1
shared,shared,random_actions,0,30000,1,reference,panel_7,1147008,56529673d3ae813c9e361b4eb47b1e14134db23a1aea40fe454dff6e62d5d2c5,0,1,5,0.95,1.0348,3,2,0,3,5,2,0,0.1191000000000002,0.0,0,,random_actions,random_actions:panel_7:0:1147008:0
shared,shared,random_actions,0,30000,1,reference,panel_7,1147008,56529673d3ae813c9e361b4eb47b1e14134db23a1aea40fe454dff6e62d5d2c5,1,1,11,0.89,0.9916,7,4,2,3,11,3,0,0.34777200000000097,0.0,0,,random_actions,random_actions:panel_7:0:1147008:1
shared,shared,random_actions,0,30000,1,reference,panel_7,1147009,ef04d9b56d0d2ee2601628898e45c0ebe3d2e63024236ad7b0671a4417f01975,0,0,32,-0.3200000000000001,-0.10640000000000006,5,27,18,10,31,13,1,2.0695380681000026,0.0,0,,random_actions,random_actions:panel_7:0:1147009:0
shared,shared,random_actions,0,30000,1,reference,panel_7,1147009,ef04d9b56d0d2ee2601628898e45c0ebe3d2e63024236ad7b0671a4417f01975,1,1,25,0.7499999999999999,0.9768000000000001,14,11,4,8,25,7,0,0.7997753217700025,0.0,0,,random_actions,random_actions:panel_7:0:1147009:1
shared,shared,random_actions,0,30000,1,reference,panel_7,1147010,262690608767aee7af0b5838b6691106cb1e6469619a091aa95d9a1c99b8506e,0,1,2,0.98,1.0612,0,2,0,3,2,2,0,0.0,0.0,0,,random_actions,random_actions:panel_7:0:1147010:0
shared,shared,random_actions,0,30000,1,reference,panel_7,1147010,262690608767aee7af0b5838b6691106cb1e6469619a091aa95d9a1c99b8506e,1,1,2,0.98,1.0612,0,2,0,3,2,2,0,0.0,0.0,0,,random_actions,random_actions:panel_7:0:1147010:1
shared,shared,random_actions,0,30000,1,reference,panel_7,1147011,ad8db3f02371b4f34521beb1b4f622531c9f3469e034caad2e8f10c5915b3fdc,0,0,32,-0.3200000000000001,-0.16119999999999984,12,20,12,9,29,7,1,2.072246599100002,0.0,0,,random_actions,random_actions:panel_7:0:1147011:0
shared,shared,random_actions,0,30000,1,reference,panel_7,1147011,ad8db3f02371b4f34521beb1b4f622531c9f3469e034caad2e8f10c5915b3fdc,1,1,5,0.95,0.996,2,3,1,3,5,2,0,0.15760900000000022,0.0,0,,random_actions,random_actions:panel_7:0:1147011:1
shared,shared,random_actions,0,30000,1,reference,panel_7,1147012,1523372c3690c9851f0e8d4af7bbb70c5c4f38be380c0089fb496a8cd7d27be2,0,1,6,0.94,1.0684,1,5,2,4,6,4,0,0.11790900000000015,0.0,0,,random_actions,random_actions:panel_7:0:1147012:0
shared,shared,random_actions,0,30000,1,reference,panel_7,1147012,1523372c3690c9851f0e8d4af7bbb70c5c4f38be380c0089fb496a8cd7d27be2,1,1,6,0.94,1.0684,1,5,2,4,6,4,0,0.11790900000000015,0.0,0,,random_actions,random_actions:panel_7:0:1147012:1
shared,shared,random_actions,0,30000,1,reference,panel_7,1147013,a18dc896e98913776092619b9865ef0f1424503fdd10212889683d914ebc49f6,0,0,32,-0.3200000000000001,0.12520000000000017,13,19,10,10,29,10,1,1.808071533343262,0.0,0,,random_actions,random_actions:panel_7:0:1147013:0
shared,shared,random_actions,0,30000,1,reference,panel_7,1147013,a18dc896e98913776092619b9865ef0f1424503fdd10212889683d914ebc49f6,1,0,32,-0.3200000000000001,0.09880000000000011,10,22,13,10,29,10,1,1.8333569418120308,0.0,0,,random_actions,random_actions:panel_7:0:1147013:1
shared,shared,random_actions,0,30000,1,reference,panel_7,1147014,ec62cc29ffe42530094d8b3a5276a0b50458e4ef51926511a2474cb16573a3a6,0,0,32,-0.3200000000000001,-0.08999999999999987,7,25,14,12,31,12,1,2.054436624343451,0.0,0,,random_actions,random_actions:panel_7:0:1147014:0
shared,shared,random_actions,0,30000,1,reference,panel_7,1147014,ec62cc29ffe42530094d8b3a5276a0b50458e4ef51926511a2474cb16573a3a6,1,1,4,0.96,1.0448,0,4,0,5,4,3,0,0.07820900000000008,0.0,0,,random_actions,random_actions:panel_7:0:1147014:1
shared,shared,random_actions,0,30000,1,reference,panel_7,1147015,1803601405dd53164b57630c002687718d8c652dd4feed428ff8fc69ae4ceb06,0,0,32,-0.3200000000000001,0.3480000000000006,11,21,12,10,23,6,1,1.492359083105974,0.0,0,,random_actions,random_actions:panel_7:0:1147015:0
shared,shared,random_actions,0,30000,1,reference,panel_7,1147015,1803601405dd53164b57630c002687718d8c652dd4feed428ff8fc69ae4ceb06,1,0,32,-0.3200000000000001,0.3720000000000007,13,19,12,8,23,4,1,1.4931219043152333,0.0,0,,random_actions,random_actions:panel_7:0:1147015:1
shared,shared,random_actions,0,30000,1,reference,panel_7,1147016,d88dcf572bdd4dcf0689daf80f4f980c425c3e7642ce5fac944009403bfa807f,0,1,1,0.99,1.03,0,1,0,2,1,1,0,0.0,0.0,0,,random_actions,random_actions:panel_7:0:1147016:0
shared,shared,random_actions,0,30000,1,reference,panel_7,1147016,d88dcf572bdd4dcf0689daf80f4f980c425c3e7642ce5fac944009403bfa807f,1,1,15,0.85,0.92,4,11,6,6,15,6,0,0.542734730000001,0.0,0,,random_actions,random_actions:panel_7:0:1147016:1
shared,shared,random_actions,0,30000,1,reference,panel_7,1147017,9f6afb18c737f1e54bcf80ea19ab61ff5d25bd05fc7596c12a11b3348d882362,0,0,32,-0.3200000000000001,0.1024000000000001,2,30,19,12,28,13,1,1.8047879249038417,0.0,0,,random_actions,random_actions:panel_7:0:1147017:0
shared,shared,random_actions,0,30000,1,reference,panel_7,1147017,9f6afb18c737f1e54bcf80ea19ab61ff5d25bd05fc7596c12a11b3348d882362,1,0,32,-0.3200000000000001,0.14200000000000024,13,19,11,9,29,9,1,1.7908136160783732,0.0,0,,random_actions,random_actions:panel_7:0:1147017:1
shared,shared,random_actions,0,30000,1,reference,panel_7,1147018,af93e02d275e81d2c9726552c8514ea40d492ac8758ee574d4764834303037d9,0,1,28,0.72,0.9628000000000001,6,22,13,10,28,13,0,0.9071674305000015,0.0,0,,random_actions,random_actions:panel_7:0:1147018:0
shared,shared,random_actions,0,30000,1,reference,panel_7,1147018,af93e02d275e81d2c9726552c8514ea40d492ac8758ee574d4764834303037d9,1,0,32,-0.3200000000000001,-0.054399999999999914,8,24,14,11,32,13,1,2.0490794816420026,0.0,0,,random_actions,random_actions:panel_7:0:1147018:1
shared,shared,random_actions,0,30000,1,reference,panel_7,1147019,04aef3cfb447f7ebc072d962ac3b4f39afc8cffac10e671a52e682d8eb11208f,0,1,2,0.98,1.0212,1,1,0,2,2,1,0,0.03970000000000007,0.0,0,,random_actions,random_actions:panel_7:0:1147019:0
shared,shared,random_actions,0,30000,1,reference,panel_7,1147019,04aef3cfb447f7ebc072d962ac3b4f39afc8cffac10e671a52e682d8eb11208f,1,1,5,0.95,0.9948,4,1,0,2,5,1,0,0.15880000000000027,0.0,0,,random_actions,random_actions:panel_7:0:1147019:1
shared,shared,random_actions,0,30000,1,reference,panel_7,1147020,9892067b44d4b50814c7fcfab52e1aec76f5191ea0f9d00844dbff63f091730a,0,1,20,0.7999999999999999,0.8808,9,11,6,6,20,6,0,0.7364707300000016,0.0,0,,random_actions,random_actions:panel_7:0:1147020:0
shared,shared,random_actions,0,30000,1,reference,panel_7,1147020,9892067b44d4b50814c7fcfab52e1aec76f5191ea0f9d00844dbff63f091730a,1,1,13,0.87,0.9316,6,7,5,3,13,4,0,0.46925400000000084,0.0,0,,random_actions,random_actions:panel_7:0:1147020:1
shared,shared,random_actions,0,30000,1,reference,panel_7,1147021,94f2a78f9d9ba2f6f57553917f023959987e5952b8e230570ed6ad8a363b5966,0,0,32,-0.3200000000000001,-0.14679999999999988,9,23,12,12,30,10,1,2.0845082190294506,0.0,0,,random_actions,random_actions:panel_7:0:1147021:0
shared,shared,random_actions,0,30000,1,reference,panel_7,1147021,94f2a78f9d9ba2f6f57553917f023959987e5952b8e230570ed6ad8a363b5966,1,1,11,0.89,0.9504,4,7,3,5,11,4,0,0.38866300000000076,0.0,0,,random_actions,random_actions:panel_7:0:1147021:1
shared,shared,random_actions,0,30000,1,reference,panel_7,1147022,a9592b6c52c829e664c4245d78a83d29d1bfc119a5be299184ef40e7ba24d814,0,0,32,-0.3200000000000001,0.12680000000000013,14,18,12,7,30,11,1,1.8309856073652333,0.0,0,,random_actions,random_actions:panel_7:0:1147022:0
shared,shared,random_actions,0,30000,1,reference,panel_7,1147022,a9592b6c52c829e664c4245d78a83d29d1bfc119a5be299184ef40e7ba24d814,1,0,32,-0.3200000000000001,0.13280000000000014,18,14,8,7,31,9,1,1.8529304100243484,0.0,0,,random_actions,random_actions:panel_7:0:1147022:1
shared,shared,random_actions,0,30000,1,reference,panel_7,1147023,f05202bc3919db216b845aa75f4e22a7b5d4bb227ef8245bb409282694208ee1,0,0,32,-0.3200000000000001,0.15800000000000014,10,22,17,6,28,10,1,1.7562234690683205,0.0,0,,random_actions,random_actions:panel_7:0:1147023:0
shared,shared,random_actions,0,30000,1,reference,panel_7,1147023,f05202bc3919db216b845aa75f4e22a7b5d4bb227ef8245bb409282694208ee1,1,0,32,-0.3200000000000001,0.20360000000000023,18,14,9,6,27,6,1,1.690572501715074,0.0,0,,random_actions,random_actions:panel_7:0:1147023:1
shared,shared,random_actions,0,30000,1,reference,panel_7,1147024,0d901f55ea2b164d171511fafad621ba3eb5b8a516a7f6ee23362a41ad28ea2a,0,0,32,-0.3200000000000001,-0.08639999999999992,7,25,16,10,28,9,1,1.9773445028332914,0.0,0,,random_actions,random_actions:panel_7:0:1147024:0
shared,shared,random_actions,0,30000,1,reference,panel_7,1147024,0d901f55ea2b164d171511fafad621ba3eb5b8a516a7f6ee23362a41ad28ea2a,1,1,9,0.91,1.0116,3,6,2,5,9,4,0,0.26609719000000076,0.0,0,,random_actions,random_actions:panel_7:0:1147024:1
shared,shared,random_actions,0,30000,1,reference,panel_7,1147025,fb8babb5ef02c7b77c7711b537da319bb22b0353fc08aafff55640b3bf93085e,0,0,32,-0.3200000000000001,0.09720000000000018,7,25,15,11,27,10,1,1.7878378434024946,0.0,0,,random_actions,random_actions:panel_7:0:1147025:0
shared,shared,random_actions,0,30000,1,reference,panel_7,1147025,fb8babb5ef02c7b77c7711b537da319bb22b0353fc08aafff55640b3bf93085e,1,0,32,-0.3200000000000001,0.03240000000000015,11,21,10,12,27,9,1,1.8530997645985523,0.0,0,,random_actions,random_actions:panel_7:0:1147025:1
shared,shared,random_actions,0,30000,1,reference,panel_7,1147026,be8773df829b7fddbb35ec2f2669adff767e20b3c70c6fbf24eaa782e06d2c51,0,1,14,0.86,1.12,7,7,1,7,14,6,0,0.32181732544200126,0.0,0,,random_actions,random_actions:panel_7:0:1147026:0
shared,shared,random_actions,0,30000,1,reference,panel_7,1147026,be8773df829b7fddbb35ec2f2669adff767e20b3c70c6fbf24eaa782e06d2c51,1,1,17,0.83,1.1068,8,9,2,8,17,7,0,0.42834269265600144,0.0,0,,random_actions,random_actions:panel_7:0:1147026:1
shared,shared,random_actions,0,30000,1,reference,panel_7,1147027,f27978c2a82f34c46647a081244f16445935048a3d97d201327f5762959c292b,0,1,3,0.97,1.0136,0,3,0,4,3,2,0,0.07820900000000008,0.0,0,,random_actions,random_actions:panel_7:0:1147027:0
shared,shared,random_actions,0,30000,1,reference,panel_7,1147027,f27978c2a82f34c46647a081244f16445935048a3d97d201327f5762959c292b,1,1,14,0.86,0.9288000000000001,5,9,5,5,14,5,0,0.503070460000001,0.0,0,,random_actions,random_actions:panel_7:0:1147027:1
shared,shared,random_actions,0,30000,1,reference,panel_7,1147028,550a9e83b132494e28120183cfc2f6a587ca18dde348c50bbd25cb877bef1cfc,0,1,3,0.97,1.0124,2,1,0,2,3,1,0,0.07940000000000014,0.0,0,,random_actions,random_actions:panel_7:0:1147028:0
shared,shared,random_actions,0,30000,1,reference,panel_7,1147028,550a9e83b132494e28120183cfc2f6a587ca18dde348c50bbd25cb877bef1cfc,1,1,1,0.99,1.03,0,1,0,2,1,1,0,0.0,0.0,0,,random_actions,random_actions:panel_7:0:1147028:1
shared,shared,random_actions,0,30000,1,reference,panel_7,1147029,3e0110b8d1379ae1a8d5b91747c354c23c4203b56a4b66c1501da975174f0fdf,0,1,11,0.89,0.9516,6,5,2,4,11,3,0,0.3874720000000009,0.0,0,,random_actions,random_actions:panel_7:0:1147029:0
shared,shared,random_actions,0,30000,1,reference,panel_7,1147029,3e0110b8d1379ae1a8d5b91747c354c23c4203b56a4b66c1501da975174f0fdf,1,1,5,0.95,0.9996,0,5,1,5,5,3,0,0.1540717300000003,0.0,0,,random_actions,random_actions:panel_7:0:1147029:1
shared,shared,random_actions,0,30000,1,reference,panel_7,1147030,13db85645984e617fcea1988877a1dc9cc6e6621fed7c82b91d287457890f2f4,0,0,32,-0.3200000000000001,0.032000000000000306,10,22,11,12,27,9,1,1.8500038268444945,0.0,0,,random_actions,random_actions:panel_7:0:1147030:0
shared,shared,random_actions,0,30000,1,reference,panel_7,1147030,13db85645984e617fcea1988877a1dc9cc6e6621fed7c82b91d287457890f2f4,1,0,32,-0.3200000000000001,0.03920000000000018,14,18,13,6,27,7,1,1.8367284880704797,0.0,0,,random_actions,random_actions:panel_7:0:1147030:1
shared,shared,random_actions,0,30000,1,reference,panel_7,1147031,e3f82b93d6699feaf2cd80aa42965a42fdd3d92b74b4d2594c3d3876d6f81cab,0,1,18,0.82,0.8936000000000001,15,3,1,3,18,2,0,0.6617990000000017,0.0,0,,random_actions,random_actions:panel_7:0:1147031:0
shared,shared,random_actions,0,30000,1,reference,panel_7,1147031,e3f82b93d6699feaf2cd80aa42965a42fdd3d92b74b4d2594c3d3876d6f81cab,1,1,9,0.91,0.9656,6,3,1,3,9,2,0,0.3116450000000007,0.0,0,,random_actions,random_actions:panel_7:0:1147031:1
shared,shared,random_actions,0,30000,1,reference,panel_7,1147032,d6359fb9505f6753748249a9526c68ffe2566644bab61b25ea1390e8e6df2be0,0,0,32,-0.3200000000000001,0.15680000000000016,11,21,16,6,29,10,1,1.7792210579886096,0.0,0,,random_actions,random_actions:panel_7:0:1147032:0
shared,shared,random_actions,0,30000,1,reference,panel_7,1147032,d6359fb9505f6753748249a9526c68ffe2566644bab61b25ea1390e8e6df2be0,1,0,32,-0.3200000000000001,0.14840000000000012,6,26,15,12,27,11,1,1.735933715891364,0.0,0,,random_actions,random_actions:panel_7:0:1147032:1
shared,shared,random_actions,0,30000,1,reference,panel_7,1147033,71ec229c369f576ce6b2fe170b7a51204a264a5874337000231e1831ad7b7f1b,0,1,3,0.97,1.0536,1,2,0,3,3,2,0,0.038509000000000126,0.0,0,,random_actions,random_actions:panel_7:0:1147033:0
shared,shared,random_actions,0,30000,1,reference,panel_7,1147033,71ec229c369f576ce6b2fe170b7a51204a264a5874337000231e1831ad7b7f1b,1,0,32,-0.3200000000000001,-0.1127999999999999,16,16,9,8,28,5,1,1.9996642368280022,0.0,0,,random_actions,random_actions:panel_7:0:1147033:1
shared,shared,random_actions,0,30000,1,reference,panel_7,1147034,848875f496b7314bb9bf83480b9ff0468eacb6ea86b7759197978ad513782777,0,0,32,-0.3200000000000001,-0.01999999999999988,14,18,10,9,26,6,1,1.8694052539145956,0.0,0,,random_actions,random_actions:panel_7:0:1147034:0
shared,shared,random_actions,0,30000,1,reference,panel_7,1147034,848875f496b7314bb9bf83480b9ff0468eacb6ea86b7759197978ad513782777,1,0,32,-0.3200000000000001,-0.005599999999999938,16,16,6,11,27,6,1,1.8824537018745375,0.0,0,,random_actions,random_actions:panel_7:0:1147034:1
shared,shared,random_actions,0,30000,1,reference,panel_7,1147035,05b38de793ee9ae42737540a3387b92580e2546fcddc60a439a5bf5a675957f8,0,1,17,0.83,1.05,3,14,6,9,17,9,0,0.48054797708500063,0.0,0,,random_actions,random_actions:panel_7:0:1147035:0
shared,shared,random_actions,0,30000,1,reference,panel_7,1147035,05b38de793ee9ae42737540a3387b92580e2546fcddc60a439a5bf5a675957f8,1,0,32,-0.3200000000000001,-0.0003999999999999282,11,21,16,6,28,9,1,1.8935345237840013,0.0,0,,random_actions,random_actions:panel_7:0:1147035:1
shared,shared,random_actions,0,30000,1,reference,panel_7,1147036,996e42b425bbbd86df5e451f82d926e514348efabc054f2d56d629406eff121f,0,1,3,0.97,1.0136,0,3,1,3,3,2,0,0.07820900000000008,0.0,0,,random_actions,random_actions:panel_7:0:1147036:0
shared,shared,random_actions,0,30000,1,reference,panel_7,1147036,996e42b425bbbd86df5e451f82d926e514348efabc054f2d56d629406eff121f,1,0,32,-0.3200000000000001,-0.14439999999999997,8,24,13,12,29,9,1,2.059473828659872,0.0,0,,random_actions,random_actions:panel_7:0:1147036:1
shared,shared,random_actions,0,30000,1,reference,panel_7,1147037,54b90cd862d2d21cd7b73f5e7131bb84b4d2600bbb4395b64c090fdacbb9676e,0,1,15,0.85,1.1512,3,12,3,10,15,9,0,0.3262671944280009,0.0,0,,random_actions,random_actions:panel_7:0:1147037:0
shared,shared,random_actions,0,30000,1,reference,panel_7,1147037,54b90cd862d2d21cd7b73f5e7131bb84b4d2600bbb4395b64c090fdacbb9676e,1,0,32,-0.3200000000000001,0.11080000000000012,6,26,15,12,29,12,1,1.8204394545748706,0.0,0,,random_actions,random_actions:panel_7:0:1147037:1
shared,shared,random_actions,0,30000,1,reference,panel_7,1147038,dba100bb23b14e9f9afabc704adf76ed446f8adbc13eaa2eb9e7ff13eb7aaaf7,0,1,5,0.95,1.0772,2,3,0,4,5,3,0,0.0782090000000002,0.0,0,,random_actions,random_actions:panel_7:0:1147038:0
shared,shared,random_actions,0,30000,1,reference,panel_7,1147038,dba100bb23b14e9f9afabc704adf76ed446f8adbc13eaa2eb9e7ff13eb7aaaf7,1,0,32,-0.3200000000000001,-0.04039999999999988,16,16,11,6,29,6,1,1.9594868539105814,0.0,0,,random_actions,random_actions:panel_7:0:1147038:1
shared,shared,random_actions,0,30000,1,reference,panel_7,1147039,e92e89b0948af313d23a4e132dd91ac9c0c0cd929bda3314f5ac80eac47d3a6e,0,1,28,0.72,0.9084000000000001,5,23,14,10,28,13,0,0.9583529581000018,0.0,0,,random_actions,random_actions:panel_7:0:1147039:0
shared,shared,random_actions,0,30000,1,reference,panel_7,1147039,e92e89b0948af313d23a4e132dd91ac9c0c0cd929bda3314f5ac80eac47d3a6e,1,1,8,0.9199999999999999,1.0592000000000001,3,5,2,4,8,4,0,0.1890791900000005,0.0,0,,random_actions,random_actions:panel_7:0:1147039:1
shared,shared,random_actions,0,30000,1,reference,panel_7,1147040,21c46dca145fe66cc468bfd38160b0d9d81e7935ab49fdd5431f88426dd0340a,0,0,32,-0.3200000000000001,-0.12359999999999985,12,20,14,7,32,10,1,2.114201223400001,0.0,0,,random_actions,random_actions:panel_7:0:1147040:0
shared,shared,random_actions,0,30000,1,reference,panel_7,1147040,21c46dca145fe66cc468bfd38160b0d9d81e7935ab49fdd5431f88426dd0340a,1,1,2,0.98,1.0612,0,2,0,3,2,2,0,0.0,0.0,0,,random_actions,random_actions:panel_7:0:1147040:1
shared,shared,random_actions,0,30000,1,reference,panel_7,1147041,da738822a347fa5ee57aba373e46a1e1aba07703da0698d25da59cef1a727a4d,0,1,8,0.9199999999999999,1.0956000000000001,2,6,1,6,8,5,0,0.15522700000000034,0.0,0,,random_actions,random_actions:panel_7:0:1147041:0
shared,shared,random_actions,0,30000,1,reference,panel_7,1147041,da738822a347fa5ee57aba373e46a1e1aba07703da0698d25da59cef1a727a4d,1,1,13,0.87,1.0708,5,8,4,5,13,6,0,0.3351669324000005,0.0,0,,random_actions,random_actions:panel_7:0:1147041:1
shared,shared,random_actions,0,30000,1,reference,panel_7,1147042,ff53f2566226f541686d49dfdd2dfbd25e1e9b2b419eb6af8654a3075c6dd2c0,0,0,32,-0.3200000000000001,-0.019599999999999868,11,21,13,9,30,10,1,1.961746781384002,0.0,0,,random_actions,random_actions:panel_7:0:1147042:0
shared,shared,random_actions,0,30000,1,reference,panel_7,1147042,ff53f2566226f541686d49dfdd2dfbd25e1e9b2b419eb6af8654a3075c6dd2c0,1,0,32,-0.3200000000000001,-0.0027999999999998443,13,19,7,13,30,9,1,1.9438066237815819,0.0,0,,random_actions,random_actions:panel_7:0:1147042:1
shared,shared,random_actions,0,30000,1,reference,panel_7,1147043,8150596b0953c13006d1f7604030886288517192c1970e49c13953bbef2a01d1,0,1,12,0.88,1.1752,0,12,5,8,12,9,0,0.2098549734115801,0.0,0,,random_actions,random_actions:panel_7:0:1147043:0
shared,shared,random_actions,0,30000,1,reference,panel_7,1147043,8150596b0953c13006d1f7604030886288517192c1970e49c13953bbef2a01d1,1,0,32,-0.3200000000000001,0.06160000000000013,11,21,12,10,28,11,1,1.840024105428001,0.0,0,,random_actions,random_actions:panel_7:0:1147043:1
shared,shared,random_actions,0,30000,1,reference,panel_7,1147044,2ae76d6ffc735682c454783bdd9494ce60f6e79bd3d3a910edfbdaf1bec00166,0,1,5,0.95,0.9972000000000001,0,5,2,4,5,3,0,0.15641800000000017,0.0,0,,random_actions,random_actions:panel_7:0:1147044:0
shared,shared,random_actions,0,30000,1,reference,panel_7,1147044,2ae76d6ffc735682c454783bdd9494ce60f6e79bd3d3a910edfbdaf1bec00166,1,1,2,0.98,1.0212,1,1,0,2,2,1,0,0.03970000000000007,0.0,0,,random_actions,random_actions:panel_7:0:1147044:1
shared,shared,random_actions,0,30000,1,reference,panel_7,1147045,e50563d36a63a5bb22bf9fac8e3fca9627941907b96a20698318259cf9f78a19,0,1,15,0.85,1.1184,4,11,4,8,15,8,0,0.35516046150916025,0.0,0,,random_actions,random_actions:panel_7:0:1147045:0
shared,shared,random_actions,0,30000,1,reference,panel_7,1147045,e50563d36a63a5bb22bf9fac8e3fca9627941907b96a20698318259cf9f78a19,1,0,32,-0.3200000000000001,0.11400000000000017,13,19,16,4,27,8,1,1.7753098080220027,0.0,0,,random_actions,random_actions:panel_7:0:1147045:1
shared,shared,random_actions,0,30000,1,reference,panel_7,1147046,c8b5e19fcaca28c143d9f5cbd490da7a546ef258de585067430127826b0af7a6,0,0,32,-0.3200000000000001,0.042000000000000114,5,27,15,13,31,15,1,1.9313669288980306,0.0,0,,random_actions,random_actions:panel_7:0:1147046:0
shared,shared,random_actions,0,30000,1,reference,panel_7,1147046,c8b5e19fcaca28c143d9f5cbd490da7a546ef258de585067430127826b0af7a6,1,0,32,-0.3200000000000001,0.030000000000000096,5,27,14,14,30,13,1,1.9168463227004509,0.0,0,,random_actions,random_actions:panel_7:0:1147046:1
shared,shared,random_actions,0,30000,1,reference,panel_7,1147047,d6b337f6e41955a81de6cbd2c34b095dda8b59fc390e7e77791724375d8eb0e5,0,0,32,-0.3200000000000001,0.03000000000000011,14,18,13,6,29,9,1,1.8935120174560016,0.0,0,,random_actions,random_actions:panel_7:0:1147047:0
shared,shared,random_actions,0,30000,1,reference,panel_7,1147047,d6b337f6e41955a81de6cbd2c34b095dda8b59fc390e7e77791724375d8eb0e5,1,0,32,-0.3200000000000001,-0.0047999999999999085,5,27,16,12,32,15,1,2.003398270114001,0.0,0,,random_actions,random_actions:panel_7:0:1147047:1
shared,shared,random_actions,0,30000,1,reference,panel_7,1147048,c25187fde6502f7aaeefb910689964552d15eadccf0d45f1e7abd4215c85ac1a,0,1,14,0.86,1.0812000000000002,4,10,5,6,14,7,0,0.3568962132850003,0.0,0,,random_actions,random_actions:panel_7:0:1147048:0
shared,shared,random_actions,0,30000,1,reference,panel_7,1147048,c25187fde6502f7aaeefb910689964552d15eadccf0d45f1e7abd4215c85ac1a,1,0,32,-0.3200000000000001,0.0044000000000000705,14,18,8,11,27,7,1,1.8685671965004502,0.0,0,,random_actions,random_actions:panel_7:0:1147048:1
shared,shared,random_actions,0,30000,1,reference,panel_7,1147049,80c5b8c707f9762634b25ba84c0bb2fe9bf48607fa99967c878c50c8d60337d9,0,0,32,-0.3200000000000001,0.21920000000000023,15,17,11,7,26,6,1,1.656936237759951,0.0,0,,random_actions,random_actions:panel_7:0:1147049:0
shared,shared,random_actions,0,30000,1,reference,panel_7,1147049,80c5b8c707f9762634b25ba84c0bb2fe9bf48607fa99967c878c50c8d60337d9,1,0,32,-0.3200000000000001,0.14480000000000012,9,23,13,11,30,13,1,1.817008661509755,0.0,0,,random_actions,random_actions:panel_7:0:1147049:1
shared,shared,random_actions,0,30000,1,reference,panel_7,1147050,b1dfe88598cf27f13d717114a8a59de9e21486798f99e1e7fb3829eb1df364c4,0,0,32,-0.3200000000000001,-0.054799999999999904,10,22,12,11,30,10,1,1.9943071484700021,0.0,0,,random_actions,random_actions:panel_7:0:1147050:0
shared,shared,random_actions,0,30000,1,reference,panel_7,1147050,b1dfe88598cf27f13d717114a8a59de9e21486798f99e1e7fb3829eb1df364c4,1,1,15,0.85,1.0168000000000001,2,13,5,9,15,8,0,0.448348734300001,0.0,0,,random_actions,random_actions:panel_7:0:1147050:1
shared,shared,random_actions,0,30000,1,reference,panel_7,1147051,b3b7a4d8ee99d8615b07e381d660df16830749b1d13680c50b6f8973c896837d,0,1,9,0.91,1.0892,5,4,0,5,9,4,0,0.19254500000000063,0.0,0,,random_actions,random_actions:panel_7:0:1147051:0
shared,shared,random_actions,0,30000,1,reference,panel_7,1147051,b3b7a4d8ee99d8615b07e381d660df16830749b1d13680c50b6f8973c896837d,1,1,26,0.74,0.9672000000000001,8,18,10,9,26,11,0,0.8403378400000021,0.0,0,,random_actions,random_actions:panel_7:0:1147051:1
shared,shared,random_actions,0,30000,1,reference,panel_7,1147052,553377be6f882c8bc06fcd5930cde094429c7dd3c5f5d484f11adc5423c524ec,0,0,32,-0.3200000000000001,0.03720000000000015,10,22,15,8,28,10,1,1.857232120676291,0.0,0,,random_actions,random_actions:panel_7:0:1147052:0
shared,shared,random_actions,0,30000,1,reference,panel_7,1147052,553377be6f882c8bc06fcd5930cde094429c7dd3c5f5d484f11adc5423c524ec,1,0,32,-0.3200000000000001,0.032400000000000095,12,20,12,9,29,9,1,1.8901838001130016,0.0,0,,random_actions,random_actions:panel_7:0:1147052:1
shared,shared,random_actions,0,30000,1,reference,panel_7,1147053,a6be541dadfb0248a2e70d8391eb1fbc10f03faaedfda5eaf7118f10e5ca542a,0,0,32,-0.3200000000000001,-0.15959999999999996,8,24,17,8,31,11,1,2.1208622281000027,0.0,0,,random_actions,random_actions:panel_7:0:1147053:0
shared,shared,random_actions,0,30000,1,reference,panel_7,1147053,a6be541dadfb0248a2e70d8391eb1fbc10f03faaedfda5eaf7118f10e5ca542a,1,1,27,0.73,0.8952000000000001,15,12,6,7,27,7,0,0.9397235743000022,0.0,0,,random_actions,random_actions:panel_7:0:1147053:1
shared,shared,random_actions,0,30000,1,reference,panel_7,1147054,20f7ace6df6c6ab00e9bc28b9a1810a702debc883b47310e14e64c3a17039c3c,0,1,6,0.94,1.0696,1,5,1,5,6,4,0,0.11671800000000021,0.0,0,,random_actions,random_actions:panel_7:0:1147054:0
shared,shared,random_actions,0,30000,1,reference,panel_7,1147054,20f7ace6df6c6ab00e9bc28b9a1810a702debc883b47310e14e64c3a17039c3c,1,0,32,-0.3200000000000001,-0.03199999999999986,8,24,14,11,27,9,1,1.9012325464371607,0.0,0,,random_actions,random_actions:panel_7:0:1147054:1
shared,shared,random_actions,0,30000,1,reference,panel_7,1147055,259f0c6e03d1cf44979d0bfc803d4beec9e7edfb7fc8952e2340ef57ea615b18,0,0,32,-0.3200000000000001,0.08440000000000011,14,18,10,9,29,9,1,1.840936343651161,0.0,0,,random_actions,random_actions:panel_7:0:1147055:0
shared,shared,random_actions,0,30000,1,reference,panel_7,1147055,259f0c6e03d1cf44979d0bfc803d4beec9e7edfb7fc8952e2340ef57ea615b18,1,0,32,-0.3200000000000001,0.10840000000000014,5,27,22,6,27,11,1,1.771836640276813,0.0,0,,random_actions,random_actions:panel_7:0:1147055:1
shared,shared,random_actions,0,30000,1,reference,panel_7,1147056,3a05c6550fecaade0af5ffb3a789a289464516cf4bec1d5048caf07ef67e2e29,0,0,32,-0.3200000000000001,-0.11479999999999996,9,23,11,13,30,10,1,2.053218570000002,0.0,0,,random_actions,random_actions:panel_7:0:1147056:0
shared,shared,random_actions,0,30000,1,reference,panel_7,1147056,3a05c6550fecaade0af5ffb3a789a289464516cf4bec1d5048caf07ef67e2e29,1,1,17,0.83,0.992,4,13,4,10,17,8,0,0.5347171562000008,0.0,0,,random_actions,random_actions:panel_7:0:1147056:1
shared,shared,random_actions,0,30000,1,reference,panel_7,1147057,9c8cec7e53ef837463dc364cd91b0911a219253e3325b254da6ae5f4f63b201e,0,0,32,-0.3200000000000001,-0.11719999999999996,8,24,11,14,31,12,1,2.0789924643000024,0.0,0,,random_actions,random_actions:panel_7:0:1147057:0
shared,shared,random_actions,0,30000,1,reference,panel_7,1147057,9c8cec7e53ef837463dc364cd91b0911a219253e3325b254da6ae5f4f63b201e,1,1,31,0.69,0.8928,6,25,17,9,31,14,0,1.0671930886000016,0.0,0,,random_actions,random_actions:panel_7:0:1147057:1
shared,shared,random_actions,0,30000,1,reference,panel_7,1147058,15c0e5f869afebd36c7ad89f46a036a01bd0c2b68ad9ff4d9d298427c83c4a58,0,0,32,-0.3200000000000001,0.2652000000000002,14,18,14,5,27,8,1,1.649597638423168,0.0,0,,random_actions,random_actions:panel_7:0:1147058:0
shared,shared,random_actions,0,30000,1,reference,panel_7,1147058,15c0e5f869afebd36c7ad89f46a036a01bd0c2b68ad9ff4d9d298427c83c4a58,1,0,32,-0.3200000000000001,0.2700000000000003,14,18,14,5,26,9,1,1.624766322176562,0.0,0,,random_actions,random_actions:panel_7:0:1147058:1
shared,shared,random_actions,0,30000,1,reference,panel_7,1147059,7e92879b1402079479a358876b8597427b89a7512ea1073003165fc51975bd65,0,1,29,0.71,1.0824,12,17,7,11,29,12,0,0.8339526831526829,0.0,0,,random_actions,random_actions:panel_7:0:1147059:0
shared,shared,random_actions,0,30000,1,reference,panel_7,1147059,7e92879b1402079479a358876b8597427b89a7512ea1073003165fc51975bd65,1,0,32,-0.3200000000000001,0.1988000000000002,15,17,10,8,27,9,1,1.6982954995306332,0.0,0,,random_actions,random_actions:panel_7:0:1147059:1
shared,shared,random_actions,0,30000,1,reference,panel_7,1147060,a13e279cdc4ceac1367efd47c824f220d1e0cf8ecdbd9404c194683d57be0612,0,0,32,-0.3200000000000001,-0.13319999999999993,7,25,14,12,31,12,1,2.0945304412570023,0.0,0,,random_actions,random_actions:panel_7:0:1147060:0
shared,shared,random_actions,0,30000,1,reference,panel_7,1147060,a13e279cdc4ceac1367efd47c824f220d1e0cf8ecdbd9404c194683d57be0612,1,1,11,0.89,0.9988,5,6,3,4,11,4,0,0.34084038000000083,0.0,0,,random_actions,random_actions:panel_7:0:1147060:1
shared,shared,random_actions,0,30000,1,reference,panel_7,1147061,d1ffd14796e2566a89305a0d41d32beb3f5ad09b1e4c1d0056d5c0521ad14d50,0,0,32,-0.3200000000000001,0.06480000000000019,15,17,12,6,28,7,1,1.8399656507164208,0.0,0,,random_actions,random_actions:panel_7:0:1147061:0
shared,shared,random_actions,0,30000,1,reference,panel_7,1147061,d1ffd14796e2566a89305a0d41d32beb3f5ad09b1e4c1d0056d5c0521ad14d50,1,0,32,-0.3200000000000001,0.1236000000000002,7,25,19,7,25,9,1,1.719505282168202,0.0,0,,random_actions,random_actions:panel_7:0:1147061:1
shared,shared,random_actions,0,30000,1,reference,panel_7,1147062,5f830532e323679fe25a67d8d13c45b7daf655330f11edf1fa29e18428e5b362,0,1,3,0.97,1.0124,2,1,0,2,3,1,0,0.07940000000000014,0.0,0,,random_actions,random_actions:panel_7:0:1147062:0
shared,shared,random_actions,0,30000,1,reference,panel_7,1147062,5f830532e323679fe25a67d8d13c45b7daf655330f11edf1fa29e18428e5b362,1,1,25,0.7499999999999999,0.8572,6,19,11,9,25,10,0,0.9150810300000021,0.0,0,,random_actions,random_actions:panel_7:0:1147062:1
shared,shared,random_actions,0,30000,1,reference,panel_7,1147063,e2b927d37c36c30e77b0c808625792dee97fd945bb247f3cef55e4f56cad7c43,0,1,17,0.83,1.1552,7,10,3,8,17,8,0,0.38571704397245,0.0,0,,random_actions,random_actions:panel_7:0:1147063:0
shared,shared,random_actions,0,30000,1,reference,panel_7,1147063,e2b927d37c36c30e77b0c808625792dee97fd945bb247f3cef55e4f56cad7c43,1,0,32,-0.3200000000000001,0.15520000000000017,15,17,14,4,27,7,1,1.737032163766973,0.0,0,,random_actions,random_actions:panel_7:0:1147063:1
shared,shared,random_actions,1,30000,1,reference,panel_7,1147000,ef60203806c0ad82a1b7a4e785eea5d6a01b0f715bbfe2667f6bf2cec24e0fef,0,0,32,-0.3200000000000001,-0.04479999999999988,6,26,16,11,31,13,1,2.0123149439115817,0.0,0,,random_actions,random_actions:panel_7:1:1147000:0
shared,shared,random_actions,1,30000,1,reference,panel_7,1147000,ef60203806c0ad82a1b7a4e785eea5d6a01b0f715bbfe2667f6bf2cec24e0fef,1,1,25,0.7499999999999999,1.0144000000000002,13,12,6,7,25,8,0,0.7648035596130016,0.0,0,,random_actions,random_actions:panel_7:1:1147000:1
shared,shared,random_actions,1,30000,1,reference,panel_7,1147001,5d658272b69ced5dfe829649c36914be471764237c695f97b010028cc6651308,0,1,28,0.72,1.0512000000000001,8,20,10,11,28,13,0,0.8280804896140016,0.0,0,,random_actions,random_actions:panel_7:1:1147001:0
shared,shared,random_actions,1,30000,1,reference,panel_7,1147001,5d658272b69ced5dfe829649c36914be471764237c695f97b010028cc6651308,1,0,32,-0.3200000000000001,0.07360000000000011,14,18,12,7,30,10,1,1.8781680966308714,0.0,0,,random_actions,random_actions:panel_7:1:1147001:1
shared,shared,random_actions,1,30000,1,reference,panel_7,1147002,c51e778c3a780891d45f5786ed4cbd16d2519fbc9343c07d3f329be3530e2ce7,0,1,27,0.73,0.8880000000000001,9,18,11,8,27,10,0,0.9468327724000021,0.0,0,,random_actions,random_actions:panel_7:1:1147002:0
shared,shared,random_actions,1,30000,1,reference,panel_7,1147002,c51e778c3a780891d45f5786ed4cbd16d2519fbc9343c07d3f329be3530e2ce7,1,1,13,0.87,0.992,3,10,4,7,13,6,0,0.40983973430000087,0.0,0,,random_actions,random_actions:panel_7:1:1147002:1
shared,shared,random_actions,1,30000,1,reference,panel_7,1147003,63cbf41369cd7394d8778aa6c90ae9e799d7595e6050f8fcb6bf83f8e0796bf4,0,1,3,0.97,1.0524,1,2,0,3,3,2,0,0.03970000000000007,0.0,0,,random_actions,random_actions:panel_7:1:1147003:0
shared,shared,random_actions,1,30000,1,reference,panel_7,1147003,63cbf41369cd7394d8778aa6c90ae9e799d7595e6050f8fcb6bf83f8e0796bf4,1,1,4,0.96,1.0448,0,4,1,4,4,3,0,0.07820900000000008,0.0,0,,random_actions,random_actions:panel_7:1:1147003:1
shared,shared,random_actions,1,30000,1,reference,panel_7,1147004,117053a93c484f9b9e13f1c4c6d3a95b1a29bdc7fe894c242edcc3caa835a680,0,0,32,-0.3200000000000001,-0.01839999999999989,11,21,15,7,28,9,1,1.9102449266990016,0.0,0,,random_actions,random_actions:panel_7:1:1147004:0
shared,shared,random_actions,1,30000,1,reference,panel_7,1147004,117053a93c484f9b9e13f1c4c6d3a95b1a29bdc7fe894c242edcc3caa835a680,1,1,5,0.95,1.1196000000000002,1,4,0,5,5,4,0,0.038509000000000126,0.0,0,,random_actions,random_actions:panel_7:1:1147004:1
shared,shared,random_actions,1,30000,1,reference,panel_7,1147005,778b5b88f86e68c6eedac270025116337556735960e9b0343e4872626d1d4e68,0,1,11,0.89,1.0764,1,10,3,8,11,7,0,0.2672881900000006,0.0,0,,random_actions,random_actions:panel_7:1:1147005:0
shared,shared,random_actions,1,30000,1,reference,panel_7,1147005,778b5b88f86e68c6eedac270025116337556735960e9b0343e4872626d1d4e68,1,0,32,-0.3200000000000001,-0.001599999999999796,15,17,13,5,29,8,1,1.9208464373270013,0.0,0,,random_actions,random_actions:panel_7:1:1147005:1
shared,shared,random_actions,1,30000,1,reference,panel_7,1147006,39682b70faeef75af87820c196d42df338e0efe4b800754e45286826fff0c529,0,1,5,0.95,1.0784,2,3,0,4,5,3,0,0.07705373000000015,0.0,0,,random_actions,random_actions:panel_7:1:1147006:0
shared,shared,random_actions,1,30000,1,reference,panel_7,1147006,39682b70faeef75af87820c196d42df338e0efe4b800754e45286826fff0c529,1,1,27,0.73,0.9520000000000001,14,13,6,8,27,8,0,0.8856940994850018,0.0,0,,random_actions,random_actions:panel_7:1:1147006:1
shared,shared,random_actions,1,30000,1,reference,panel_7,1147007,6c6b59160efe9092afec80b1735978b64b76c4042545c63c163e2351f89a97a4,0,0,32,-0.3200000000000001,-0.09479999999999998,8,24,11,14,27,8,1,1.955371100690292,0.0,0,,random_actions,random_actions:panel_7:1:1147007:0
shared,shared,random_actions,1,30000,1,reference,panel_7,1147007,6c6b59160efe9092afec80b1735978b64b76c4042545c63c163e2351f89a97a4,1,1,7,0.9299999999999999,1.0208,1,6,3,4,7,4,0,0.1949270000000003,0.0,0,,random_actions,random_actions:panel_7:1:1147007:1
shared,shared,random_actions,1,30000,1,reference,panel_7,1147008,56529673d3ae813c9e361b4eb47b1e14134db23a1aea40fe454dff6e62d5d2c5,0,1,6,0.94,1.0284,4,2,0,3,6,2,0,0.1564180000000004,0.0,0,,random_actions,random_actions:panel_7:1:1147008:0
shared,shared,random_actions,1,30000,1,reference,panel_7,1147008,56529673d3ae813c9e361b4eb47b1e14134db23a1aea40fe454dff6e62d5d2c5,1,1,7,0.9299999999999999,1.0232,5,2,0,3,7,2,0,0.19254500000000063,0.0,0,,random_actions,random_actions:panel_7:1:1147008:1
shared,shared,random_actions,1,30000,1,reference,panel_7,1147009,ef04d9b56d0d2ee2601628898e45c0ebe3d2e63024236ad7b0671a4417f01975,0,0,32,-0.3200000000000001,-0.10519999999999997,7,25,12,14,31,12,1,2.068487844300002,0.0,0,,random_actions,random_actions:panel_7:1:1147009:0
shared,shared,random_actions,1,30000,1,reference,panel_7,1147009,ef04d9b56d0d2ee2601628898e45c0ebe3d2e63024236ad7b0671a4417f01975,1,1,23,0.7699999999999999,0.9488000000000001,6,17,9,9,23,10,0,0.7633555700000016,0.0,0,,random_actions,random_actions:panel_7:1:1147009:1
shared,shared,random_actions,1,30000,1,reference,panel_7,1147010,262690608767aee7af0b5838b6691106cb1e6469619a091aa95d9a1c99b8506e,0,1,4,0.96,1.0436,2,2,0,3,4,2,0,0.07940000000000014,0.0,0,,random_actions,random_actions:panel_7:1:1147010:0
shared,shared,random_actions,1,30000,1,reference,panel_7,1147010,262690608767aee7af0b5838b6691106cb1e6469619a091aa95d9a1c99b8506e,1,0,32,-0.3200000000000001,-0.05159999999999984,10,22,10,13,29,9,1,1.9668553726522338,0.0,0,,random_actions,random_actions:panel_7:1:1147010:1
shared,shared,random_actions,1,30000,1,reference,panel_7,1147011,ad8db3f02371b4f34521beb1b4f622531c9f3469e034caad2e8f10c5915b3fdc,0,1,3,0.97,1.0136,0,3,1,3,3,2,0,0.07820900000000008,0.0,0,,random_actions,random_actions:panel_7:1:1147011:0
shared,shared,random_actions,1,30000,1,reference,panel_7,1147011,ad8db3f02371b4f34521beb1b4f622531c9f3469e034caad2e8f10c5915b3fdc,1,1,1,0.99,1.03,0,1,0,2,1,1,0,0.0,0.0,0,,random_actions,random_actions:panel_7:1:1147011:1
shared,shared,random_actions,1,30000,1,reference,panel_7,1147012,1523372c3690c9851f0e8d4af7bbb70c5c4f38be380c0089fb496a8cd7d27be2,0,1,31,0.69,0.9036000000000001,8,23,14,10,31,13,0,1.056687396700002,0.0,0,,random_actions,random_actions:panel_7:1:1147012:0
shared,shared,random_actions,1,30000,1,reference,panel_7,1147012,1523372c3690c9851f0e8d4af7bbb70c5c4f38be380c0089fb496a8cd7d27be2,1,0,32,-0.3200000000000001,-0.019999999999999823,4,28,23,6,28,11,1,1.9112490507994506,0.0,0,,random_actions,random_actions:panel_7:1:1147012:1
shared,shared,random_actions,1,30000,1,reference,panel_7,1147013,a18dc896e98913776092619b9865ef0f1424503fdd10212889683d914ebc49f6,0,0,32,-0.3200000000000001,0.11560000000000013,9,23,14,10,28,10,1,1.797407269003393,0.0,0,,random_actions,random_actions:panel_7:1:1147013:0
shared,shared,random_actions,1,30000,1,reference,panel_7,1147013,a18dc896e98913776092619b9865ef0f1424503fdd10212889683d914ebc49f6,1,0,32,-0.3200000000000001,0.1096000000000001,10,22,12,11,28,11,1,1.800705903128002,0.0,0,,random_actions,random_actions:panel_7:1:1147013:1
shared,shared,random_actions,1,30000,1,reference,panel_7,1147014,ec62cc29ffe42530094d8b3a5276a0b50458e4ef51926511a2474cb16573a3a6,0,0,32,-0.3200000000000001,-0.1032,8,24,14,11,30,10,1,2.040827577388872,0.0,0,,random_actions,random_actions:panel_7:1:1147014:0
shared,shared,random_actions,1,30000,1,reference,panel_7,1147014,ec62cc29ffe42530094d8b3a5276a0b50458e4ef51926511a2474cb16573a3a6,1,1,4,0.96,1.0448,0,4,0,5,4,3,0,0.07820900000000008,0.0,0,,random_actions,random_actions:panel_7:1:1147014:1
shared,shared,random_actions,1,30000,1,reference,panel_7,1147015,1803601405dd53164b57630c002687718d8c652dd4feed428ff8fc69ae4ceb06,0,0,32,-0.3200000000000001,0.2496000000000002,11,21,15,7,27,10,1,1.6538142244246465,0.0,0,,random_actions,random_actions:panel_7:1:1147015:0
shared,shared,random_actions,1,30000,1,reference,panel_7,1147015,1803601405dd53164b57630c002687718d8c652dd4feed428ff8fc69ae4ceb06,1,0,32,-0.3200000000000001,0.4188000000000009,16,16,11,6,21,4,1,1.420993603039922,0.0,0,,random_actions,random_actions:panel_7:1:1147015:1
shared,shared,random_actions,1,30000,1,reference,panel_7,1147016,d88dcf572bdd4dcf0689daf80f4f980c425c3e7642ce5fac944009403bfa807f,0,1,2,0.98,1.0212,1,1,0,2,2,1,0,0.03970000000000007,0.0,0,,random_actions,random_actions:panel_7:1:1147016:0
shared,shared,random_actions,1,30000,1,reference,panel_7,1147016,d88dcf572bdd4dcf0689daf80f4f980c425c3e7642ce5fac944009403bfa807f,1,1,3,0.97,1.0124,2,1,0,2,3,1,0,0.07940000000000014,0.0,0,,random_actions,random_actions:panel_7:1:1147016:1
shared,shared,random_actions,1,30000,1,reference,panel_7,1147017,9f6afb18c737f1e54bcf80ea19ab61ff5d25bd05fc7596c12a11b3348d882362,0,0,32,-0.3200000000000001,0.0892000000000002,9,23,13,11,31,13,1,1.892068355505622,0.0,0,,random_actions,random_actions:panel_7:1:1147017:0
shared,shared,random_actions,1,30000,1,reference,panel_7,1147017,9f6afb18c737f1e54bcf80ea19ab61ff5d25bd05fc7596c12a11b3348d882362,1,0,32,-0.3200000000000001,0.14440000000000017,10,22,15,8,26,8,1,1.7279524502991026,0.0,0,,random_actions,random_actions:panel_7:1:1147017:1
shared,shared,random_actions,1,30000,1,reference,panel_7,1147018,af93e02d275e81d2c9726552c8514ea40d492ac8758ee574d4764834303037d9,0,1,14,0.86,1.0632000000000001,2,12,5,8,14,8,0,0.3738839453140006,0.0,0,,random_actions,random_actions:panel_7:1:1147018:0
shared,shared,random_actions,1,30000,1,reference,panel_7,1147018,af93e02d275e81d2c9726552c8514ea40d492ac8758ee574d4764834303037d9,1,0,32,-0.3200000000000001,-0.030399999999999885,14,18,12,7,30,9,1,1.969353656699002,0.0,0,,random_actions,random_actions:panel_7:1:1147018:1
shared,shared,random_actions,1,30000,1,reference,panel_7,1147019,04aef3cfb447f7ebc072d962ac3b4f39afc8cffac10e671a52e682d8eb11208f,0,1,6,0.94,0.9872000000000001,3,3,1,3,6,2,0,0.1973090000000003,0.0,0,,random_actions,random_actions:panel_7:1:1147019:0
shared,shared,random_actions,1,30000,1,reference,panel_7,1147019,04aef3cfb447f7ebc072d962ac3b4f39afc8cffac10e671a52e682d8eb11208f,1,1,9,0.91,0.9656,6,3,1,3,9,2,0,0.3116450000000007,0.0,0,,random_actions,random_actions:panel_7:1:1147019:1
shared,shared,random_actions,1,30000,1,reference,panel_7,1147020,9892067b44d4b50814c7fcfab52e1aec76f5191ea0f9d00844dbff63f091730a,0,1,4,0.96,1.0048,1,3,0,4,4,2,0,0.11790900000000015,0.0,0,,random_actions,random_actions:panel_7:1:1147020:0
shared,shared,random_actions,1,30000,1,reference,panel_7,1147020,9892067b44d4b50814c7fcfab52e1aec76f5191ea0f9d00844dbff63f091730a,1,1,17,0.83,0.918,4,13,9,5,17,7,0,0.6070426162000013,0.0,0,,random_actions,random_actions:panel_7:1:1147020:1
shared,shared,random_actions,1,30000,1,reference,panel_7,1147021,94f2a78f9d9ba2f6f57553917f023959987e5952b8e230570ed6ad8a363b5966,0,1,3,0.97,1.0136,0,3,1,3,3,2,0,0.07820900000000008,0.0,0,,random_actions,random_actions:panel_7:1:1147021:0
shared,shared,random_actions,1,30000,1,reference,panel_7,1147021,94f2a78f9d9ba2f6f57553917f023959987e5952b8e230570ed6ad8a363b5966,1,1,3,0.97,1.0136,0,3,1,3,3,2,0,0.07820900000000008,0.0,0,,random_actions,random_actions:panel_7:1:1147021:1
shared,shared,random_actions,1,30000,1,reference,panel_7,1147022,a9592b6c52c829e664c4245d78a83d29d1bfc119a5be299184ef40e7ba24d814,0,0,32,-0.3200000000000001,0.16520000000000015,20,12,2,11,29,7,1,1.772429578177697,0.0,0,,random_actions,random_actions:panel_7:1:1147022:0
shared,shared,random_actions,1,30000,1,reference,panel_7,1147022,a9592b6c52c829e664c4245d78a83d29d1bfc119a5be299184ef40e7ba24d814,1,0,32,-0.3200000000000001,0.20120000000000018,13,19,15,5,26,8,1,1.6730241302530453,0.0,0,,random_actions,random_actions:panel_7:1:1147022:1
shared,shared,random_actions,1,30000,1,reference,panel_7,1147023,f05202bc3919db216b845aa75f4e22a7b5d4bb227ef8245bb409282694208ee1,0,1,9,0.91,1.2248,2,7,0,8,9,7,0,0.07276898859568126,0.0,0,,random_actions,random_actions:panel_7:1:1147023:0
shared,shared,random_actions,1,30000,1,reference,panel_7,1147023,f05202bc3919db216b845aa75f4e22a7b5d4bb227ef8245bb409282694208ee1,1,0,32,-0.3200000000000001,0.19880000000000023,24,8,4,5,27,3,1,1.688526997265856,0.0,0,,random_actions,random_actions:panel_7:1:1147023:1
shared,shared,random_actions,1,30000,1,reference,panel_7,1147024,0d901f55ea2b164d171511fafad621ba3eb5b8a516a7f6ee23362a41ad28ea2a,0,1,19,0.8099999999999999,0.9440000000000001,11,8,3,6,19,5,0,0.6431360300000015,0.0,0,,random_actions,random_actions:panel_7:1:1147024:0
shared,shared,random_actions,1,30000,1,reference,panel_7,1147024,0d901f55ea2b164d171511fafad621ba3eb5b8a516a7f6ee23362a41ad28ea2a,1,1,7,0.9299999999999999,1.028,3,4,0,5,7,3,0,0.18792392000000047,0.0,0,,random_actions,random_actions:panel_7:1:1147024:1
shared,shared,random_actions,1,30000,1,reference,panel_7,1147025,fb8babb5ef02c7b77c7711b537da319bb22b0353fc08aafff55640b3bf93085e,0,0,32,-0.3200000000000001,0.034800000000000095,7,25,16,10,30,13,1,1.913309052700451,0.0,0,,random_actions,random_actions:panel_7:1:1147025:0
shared,shared,random_actions,1,30000,1,reference,panel_7,1147025,fb8babb5ef02c7b77c7711b537da319bb22b0353fc08aafff55640b3bf93085e,1,1,21,0.7899999999999999,1.0668000000000002,6,15,7,9,21,10,0,0.5912805422710008,0.0,0,,random_actions,random_actions:panel_7:1:1147025:1
shared,shared,random_actions,1,30000,1,reference,panel_7,1147026,be8773df829b7fddbb35ec2f2669adff767e20b3c70c6fbf24eaa782e06d2c51,0,1,32,0.6799999999999999,1.0228000000000002,15,17,8,10,32,11,0,0.9776463132840026,0.0,0,,random_actions,random_actions:panel_7:1:1147026:0
shared,shared,random_actions,1,30000,1,reference,panel_7,1147026,be8773df829b7fddbb35ec2f2669adff767e20b3c70c6fbf24eaa782e06d2c51,1,0,32,-0.3200000000000001,0.025200000000000125,15,17,9,9,30,8,1,1.920653063656001,0.0,0,,random_actions,random_actions:panel_7:1:1147026:1
shared,shared,random_actions,1,30000,1,reference,panel_7,1147027,f27978c2a82f34c46647a081244f16445935048a3d97d201327f5762959c292b,0,0,32,-0.3200000000000001,-0.11199999999999988,5,27,12,16,29,10,1,2.028414411293712,0.0,0,,random_actions,random_actions:panel_7:1:1147027:0
shared,shared,random_actions,1,30000,1,reference,panel_7,1147027,f27978c2a82f34c46647a081244f16445935048a3d97d201327f5762959c292b,1,1,8,0.9199999999999999,0.9744,1,7,3,5,8,4,0,0.27198073000000045,0.0,0,,random_actions,random_actions:panel_7:1:1147027:1
shared,shared,random_actions,1,30000,1,reference,panel_7,1147028,550a9e83b132494e28120183cfc2f6a587ca18dde348c50bbd25cb877bef1cfc,0,1,1,0.99,1.03,0,1,0,2,1,1,0,0.0,0.0,0,,random_actions,random_actions:panel_7:1:1147028:0
shared,shared,random_actions,1,30000,1,reference,panel_7,1147028,550a9e83b132494e28120183cfc2f6a587ca18dde348c50bbd25cb877bef1cfc,1,1,3,0.97,1.0124,2,1,0,2,3,1,0,0.07940000000000014,0.0,0,,random_actions,random_actions:panel_7:1:1147028:1
shared,shared,random_actions,1,30000,1,reference,panel_7,1147029,3e0110b8d1379ae1a8d5b91747c354c23c4203b56a4b66c1501da975174f0fdf,0,1,1,0.99,1.03,0,1,0,2,1,1,0,0.0,0.0,0,,random_actions,random_actions:panel_7:1:1147029:0
shared,shared,random_actions,1,30000,1,reference,panel_7,1147029,3e0110b8d1379ae1a8d5b91747c354c23c4203b56a4b66c1501da975174f0fdf,1,1,1,0.99,1.03,0,1,0,2,1,1,0,0.0,0.0,0,,random_actions,random_actions:panel_7:1:1147029:1
shared,shared,random_actions,1,30000,1,reference,panel_7,1147030,13db85645984e617fcea1988877a1dc9cc6e6621fed7c82b91d287457890f2f4,0,0,32,-0.3200000000000001,0.0476000000000002,11,21,11,11,27,7,1,1.834935116121537,0.0,0,,random_actions,random_actions:panel_7:1:1147030:0
shared,shared,random_actions,1,30000,1,reference,panel_7,1147030,13db85645984e617fcea1988877a1dc9cc6e6621fed7c82b91d287457890f2f4,1,0,32,-0.3200000000000001,-0.0039999999999998925,11,21,14,8,29,9,1,1.9230194158622904,0.0,0,,random_actions,random_actions:panel_7:1:1147030:1
shared,shared,random_actions,1,30000,1,reference,panel_7,1147031,e3f82b93d6699feaf2cd80aa42965a42fdd3d92b74b4d2594c3d3876d6f81cab,0,1,8,0.9199999999999999,0.9744,5,3,1,3,8,2,0,0.27194500000000066,0.0,0,,random_actions,random_actions:panel_7:1:1147031:0
shared,shared,random_actions,1,30000,1,reference,panel_7,1147031,e3f82b93d6699feaf2cd80aa42965a42fdd3d92b74b4d2594c3d3876d6f81cab,1,1,4,0.96,1.0048000000000001,1,3,1,3,4,2,0,0.11790900000000015,0.0,0,,random_actions,random_actions:panel_7:1:1147031:1
shared,shared,random_actions,1,30000,1,reference,panel_7,1147032,d6359fb9505f6753748249a9526c68ffe2566644bab61b25ea1390e8e6df2be0,0,0,32,-0.3200000000000001,0.11240000000000003,2,30,17,14,32,18,1,1.899673807259871,0.0,0,,random_actions,random_actions:panel_7:1:1147032:0
shared,shared,random_actions,1,30000,1,reference,panel_7,1147032,d6359fb9505f6753748249a9526c68ffe2566644bab61b25ea1390e8e6df2be0,1,0,32,-0.3200000000000001,0.09680000000000012,11,21,11,11,30,12,1,1.8610810084208853,0.0,0,,random_actions,random_actions:panel_7:1:1147032:1
shared,shared,random_actions,1,30000,1,reference,panel_7,1147033,71ec229c369f576ce6b2fe170b7a51204a264a5874337000231e1831ad7b7f1b,0,1,5,0.95,1.0372000000000001,1,4,1,4,5,3,0,0.11671800000000021,0.0,0,,random_actions,random_actions:panel_7:1:1147033:0
shared,shared,random_actions,1,30000,1,reference,panel_7,1147033,71ec229c369f576ce6b2fe170b7a51204a264a5874337000231e1831ad7b7f1b,1,0,32,-0.3200000000000001,-0.10079999999999989,7,25,10,16,29,10,1,2.0145387099758434,0.0,0,,random_actions,random_actions:panel_7:1:1147033:1
shared,shared,random_actions,1,30000,1,reference,panel_7,1147034,848875f496b7314bb9bf83480b9ff0468eacb6ea86b7759197978ad513782777,0,1,5,0.95,1.0796000000000001,0,5,1,5,5,4,0,0.07586273000000021,0.0,0,,random_actions,random_actions:panel_7:1:1147034:0
shared,shared,random_actions,1,30000,1,reference,panel_7,1147034,848875f496b7314bb9bf83480b9ff0468eacb6ea86b7759197978ad513782777,1,1,19,0.8099999999999999,0.9828000000000001,2,17,8,10,19,10,0,0.6060606688570009,0.0,0,,random_actions,random_actions:panel_7:1:1147034:1
shared,shared,random_actions,1,30000,1,reference,panel_7,1147035,05b38de793ee9ae42737540a3387b92580e2546fcddc60a439a5bf5a675957f8,0,0,32,-0.3200000000000001,0.015200000000000158,17,15,11,5,28,6,1,1.879167239483002,0.0,0,,random_actions,random_actions:panel_7:1:1147035:0
shared,shared,random_actions,1,30000,1,reference,panel_7,1147035,05b38de793ee9ae42737540a3387b92580e2546fcddc60a439a5bf5a675957f8,1,1,6,0.94,1.1156000000000001,0,6,0,7,6,5,0,0.07358684810000016,0.0,0,,random_actions,random_actions:panel_7:1:1147035:1
shared,shared,random_actions,1,30000,1,reference,panel_7,1147036,996e42b425bbbd86df5e451f82d926e514348efabc054f2d56d629406eff121f,0,0,32,-0.3200000000000001,-0.1456,12,20,12,9,27,7,1,2.0092433987231613,0.0,0,,random_actions,random_actions:panel_7:1:1147036:0
shared,shared,random_actions,1,30000,1,reference,panel_7,1147036,996e42b425bbbd86df5e451f82d926e514348efabc054f2d56d629406eff121f,1,1,8,0.9199999999999999,0.972,1,7,3,5,8,4,0,0.2743270000000003,0.0,0,,random_actions,random_actions:panel_7:1:1147036:1
shared,shared,random_actions,1,30000,1,reference,panel_7,1147037,54b90cd862d2d21cd7b73f5e7131bb84b4d2600bbb4395b64c090fdacbb9676e,0,0,32,-0.3200000000000001,0.11560000000000012,6,26,17,10,30,13,1,1.8425319280721184,0.0,0,,random_actions,random_actions:panel_7:1:1147037:0
shared,shared,random_actions,1,30000,1,reference,panel_7,1147037,54b90cd862d2d21cd7b73f5e7131bb84b4d2600bbb4395b64c090fdacbb9676e,1,0,32,-0.3200000000000001,0.1264000000000001,12,20,15,6,27,8,1,1.756750117937639,0.0,0,,random_actions,random_actions:panel_7:1:1147037:1
shared,shared,random_actions,1,30000,1,reference,panel_7,1147038,dba100bb23b14e9f9afabc704adf76ed446f8adbc13eaa2eb9e7ff13eb7aaaf7,0,1,23,0.7699999999999999,1.0088000000000001,4,19,6,14,23,11,0,0.7075986107328424,0.0,0,,random_actions,random_actions:panel_7:1:1147038:0
shared,shared,random_actions,1,30000,1,reference,panel_7,1147038,dba100bb23b14e9f9afabc704adf76ed446f8adbc13eaa2eb9e7ff13eb7aaaf7,1,0,32,-0.3200000000000001,-0.01639999999999972,8,24,13,12,27,9,1,1.8837999706014221,0.0,0,,random_actions,random_actions:panel_7:1:1147038:1
shared,shared,random_actions,1,30000,1,reference,panel_7,1147039,e92e89b0948af313d23a4e132dd91ac9c0c0cd929bda3314f5ac80eac47d3a6e,0,0,32,-0.3200000000000001,-0.051199999999999746,17,15,7,9,28,6,1,1.9439657946570001,0.0,0,,random_actions,random_actions:panel_7:1:1147039:0
shared,shared,random_actions,1,30000,1,reference,panel_7,1147039,e92e89b0948af313d23a4e132dd91ac9c0c0cd929bda3314f5ac80eac47d3a6e,1,0,32,-0.3200000000000001,-0.09439999999999997,8,24,18,7,30,11,1,2.029057586700002,0.0,0,,random_actions,random_actions:panel_7:1:1147039:1
shared,shared,random_actions,1,30000,1,reference,panel_7,1147040,21c46dca145fe66cc468bfd38160b0d9d81e7935ab49fdd5431f88426dd0340a,0,0,32,-0.3200000000000001,-0.13079999999999997,9,23,15,9,30,11,1,2.0652907048000024,0.0,0,,random_actions,random_actions:panel_7:1:1147040:0
shared,shared,random_actions,1,30000,1,reference,panel_7,1147040,21c46dca145fe66cc468bfd38160b0d9d81e7935ab49fdd5431f88426dd0340a,1,1,2,0.98,1.0612,0,2,0,3,2,2,0,0.0,0.0,0,,random_actions,random_actions:panel_7:1:1147040:1
shared,shared,random_actions,1,30000,1,reference,panel_7,1147041,da738822a347fa5ee57aba373e46a1e1aba07703da0698d25da59cef1a727a4d,0,0,32,-0.3200000000000001,-0.08799999999999994,12,20,16,5,32,11,1,2.0807411900000026,0.0,0,,random_actions,random_actions:panel_7:1:1147041:0
shared,shared,random_actions,1,30000,1,reference,panel_7,1147041,da738822a347fa5ee57aba373e46a1e1aba07703da0698d25da59cef1a727a4d,1,1,10,0.9,1.0816000000000001,2,8,3,6,10,6,0,0.23116011810000026,0.0,0,,random_actions,random_actions:panel_7:1:1147041:1
shared,shared,random_actions,1,30000,1,reference,panel_7,1147042,ff53f2566226f541686d49dfdd2dfbd25e1e9b2b419eb6af8654a3075c6dd2c0,0,1,7,0.9299999999999999,1.1104,1,6,1,6,7,5,0,0.10981996620000012,0.0,0,,random_actions,random_actions:panel_7:1:1147042:0
shared,shared,random_actions,1,30000,1,reference,panel_7,1147042,ff53f2566226f541686d49dfdd2dfbd25e1e9b2b419eb6af8654a3075c6dd2c0,1,0,32,-0.3200000000000001,-0.003999999999999809,9,23,13,11,26,7,1,1.8463566151909148,0.0,0,,random_actions,random_actions:panel_7:1:1147042:1
shared,shared,random_actions,1,30000,1,reference,panel_7,1147043,8150596b0953c13006d1f7604030886288517192c1970e49c13953bbef2a01d1,0,1,13,0.87,1.1628,7,6,0,7,13,6,0,0.25267933777729,0.0,0,,random_actions,random_actions:panel_7:1:1147043:0
shared,shared,random_actions,1,30000,1,reference,panel_7,1147043,8150596b0953c13006d1f7604030886288517192c1970e49c13953bbef2a01d1,1,0,32,-0.3200000000000001,0.07000000000000015,10,22,14,9,29,11,1,1.8563936783395816,0.0,0,,random_actions,random_actions:panel_7:1:1147043:1
shared,shared,random_actions,1,30000,1,reference,panel_7,1147044,2ae76d6ffc735682c454783bdd9494ce60f6e79bd3d3a910edfbdaf1bec00166,0,0,32,-0.3200000000000001,-0.17919999999999997,13,19,11,9,29,7,1,2.0859029624000023,0.0,0,,random_actions,random_actions:panel_7:1:1147044:0
shared,shared,random_actions,1,30000,1,reference,panel_7,1147044,2ae76d6ffc735682c454783bdd9494ce60f6e79bd3d3a910edfbdaf1bec00166,1,1,4,0.96,1.0048,1,3,1,3,4,2,0,0.11790900000000015,0.0,0,,random_actions,random_actions:panel_7:1:1147044:1
shared,shared,random_actions,1,30000,1,reference,panel_7,1147045,e50563d36a63a5bb22bf9fac8e3fca9627941907b96a20698318259cf9f78a19,0,0,32,-0.3200000000000001,0.06000000000000014,12,20,12,9,28,8,1,1.8356196633893203,0.0,0,,random_actions,random_actions:panel_7:1:1147045:0
shared,shared,random_actions,1,30000,1,reference,panel_7,1147045,e50563d36a63a5bb22bf9fac8e3fca9627941907b96a20698318259cf9f78a19,1,0,32,-0.3200000000000001,0.012000000000000115,8,24,15,10,31,13,1,1.9587883781482915,0.0,0,,random_actions,random_actions:panel_7:1:1147045:1
shared,shared,random_actions,1,30000,1,reference,panel_7,1147046,c8b5e19fcaca28c143d9f5cbd490da7a546ef258de585067430127826b0af7a6,0,0,32,-0.3200000000000001,-0.010799999999999935,3,29,22,8,31,15,1,1.9814851922710017,0.0,0,,random_actions,random_actions:panel_7:1:1147046:0
shared,shared,random_actions,1,30000,1,reference,panel_7,1147046,c8b5e19fcaca28c143d9f5cbd490da7a546ef258de585067430127826b0af7a6,1,0,32,-0.3200000000000001,0.0024000000000001104,11,21,12,10,31,12,1,1.9683404458762914,0.0,0,,random_actions,random_actions:panel_7:1:1147046:1
shared,shared,random_actions,1,30000,1,reference,panel_7,1147047,d6b337f6e41955a81de6cbd2c34b095dda8b59fc390e7e77791724375d8eb0e5,0,0,32,-0.3200000000000001,0.008400000000000102,13,19,10,10,31,10,1,1.963378959985001,0.0,0,,random_actions,random_actions:panel_7:1:1147047:0
shared,shared,random_actions,1,30000,1,reference,panel_7,1147047,d6b337f6e41955a81de6cbd2c34b095dda8b59fc390e7e77791724375d8eb0e5,1,0,32,-0.3200000000000001,0.008400000000000032,9,23,12,12,30,11,1,1.9365874204990021,0.0,0,,random_actions,random_actions:panel_7:1:1147047:1
shared,shared,random_actions,1,30000,1,reference,panel_7,1147048,c25187fde6502f7aaeefb910689964552d15eadccf0d45f1e7abd4215c85ac1a,0,1,5,0.95,1.1196000000000002,1,4,0,5,5,4,0,0.038509000000000126,0.0,0,,random_actions,random_actions:panel_7:1:1147048:0
shared,shared,random_actions,1,30000,1,reference,panel_7,1147048,c25187fde6502f7aaeefb910689964552d15eadccf0d45f1e7abd4215c85ac1a,1,0,32,-0.3200000000000001,-0.02439999999999981,10,22,12,11,29,10,1,1.9415017518825808,0.0,0,,random_actions,random_actions:panel_7:1:1147048:1
shared,shared,random_actions,1,30000,1,reference,panel_7,1147049,80c5b8c707f9762634b25ba84c0bb2fe9bf48607fa99967c878c50c8d60337d9,0,0,32,-0.3200000000000001,0.22880000000000028,17,15,12,4,25,5,1,1.629932255729602,0.0,0,,random_actions,random_actions:panel_7:1:1147049:0
shared,shared,random_actions,1,30000,1,reference,panel_7,1147049,80c5b8c707f9762634b25ba84c0bb2fe9bf48607fa99967c878c50c8d60337d9,1,0,32,-0.3200000000000001,0.21680000000000021,15,17,11,7,26,7,1,1.662020265261619,0.0,0,,random_actions,random_actions:panel_7:1:1147049:1
shared,shared,random_actions,1,30000,1,reference,panel_7,1147050,b1dfe88598cf27f13d717114a8a59de9e21486798f99e1e7fb3829eb1df364c4,0,1,25,0.7499999999999999,0.9348000000000001,6,19,9,11,25,11,0,0.8393233462000018,0.0,0,,random_actions,random_actions:panel_7:1:1147050:0
shared,shared,random_actions,1,30000,1,reference,panel_7,1147050,b1dfe88598cf27f13d717114a8a59de9e21486798f99e1e7fb3829eb1df364c4,1,0,32,-0.3200000000000001,-0.04999999999999988,15,17,11,7,29,7,1,1.9659772139130016,0.0,0,,random_actions,random_actions:panel_7:1:1147050:1
shared,shared,random_actions,1,30000,1,reference,panel_7,1147051,b3b7a4d8ee99d8615b07e381d660df16830749b1d13680c50b6f8973c896837d,0,1,5,0.95,1.122,1,4,0,5,5,4,0,0.03623311809999996,0.0,0,,random_actions,random_actions:panel_7:1:1147051:0
shared,shared,random_actions,1,30000,1,reference,panel_7,1147051,b3b7a4d8ee99d8615b07e381d660df16830749b1d13680c50b6f8973c896837d,1,0,32,-0.3200000000000001,-0.04119999999999989,12,20,14,7,29,9,1,1.954407987200001,0.0,0,,random_actions,random_actions:panel_7:1:1147051:1
shared,shared,random_actions,1,30000,1,reference,panel_7,1147052,553377be6f882c8bc06fcd5930cde094429c7dd3c5f5d484f11adc5423c524ec,0,0,32,-0.3200000000000001,-0.0095999999999999,13,19,7,13,30,10,1,1.9525437728049149,0.0,0,,random_actions,random_actions:panel_7:1:1147052:0
shared,shared,random_actions,1,30000,1,reference,panel_7,1147052,553377be6f882c8bc06fcd5930cde094429c7dd3c5f5d484f11adc5423c524ec,1,0,32,-0.3200000000000001,0.04560000000000013,9,23,16,8,28,11,1,1.8509098836511613,0.0,0,,random_actions,random_actions:panel_7:1:1147052:1
shared,shared,random_actions,1,30000,1,reference,panel_7,1147053,a6be541dadfb0248a2e70d8391eb1fbc10f03faaedfda5eaf7118f10e5ca542a,0,1,6,0.94,1.0356,0,6,0,7,6,4,0,0.14944957810000037,0.0,0,,random_actions,random_actions:panel_7:1:1147053:0
shared,shared,random_actions,1,30000,1,reference,panel_7,1147053,a6be541dadfb0248a2e70d8391eb1fbc10f03faaedfda5eaf7118f10e5ca542a,1,0,32,-0.3200000000000001,-0.13439999999999996,6,26,18,9,31,12,1,2.0966319286000026,0.0,0,,random_actions,random_actions:panel_7:1:1147053:1
shared,shared,random_actions,1,30000,1,reference,panel_7,1147054,20f7ace6df6c6ab00e9bc28b9a1810a702debc883b47310e14e64c3a17039c3c,0,0,32,-0.3200000000000001,-0.03199999999999986,12,20,10,11,29,9,1,1.9477969482690312,0.0,0,,random_actions,random_actions:panel_7:1:1147054:0
shared,shared,random_actions,1,30000,1,reference,panel_7,1147054,20f7ace6df6c6ab00e9bc28b9a1810a702debc883b47310e14e64c3a17039c3c,1,1,26,0.74,0.9248000000000001,9,17,12,6,26,10,0,0.8801439581000017,0.0,0,,random_actions,random_actions:panel_7:1:1147054:1
shared,shared,random_actions,1,30000,1,reference,panel_7,1147055,259f0c6e03d1cf44979d0bfc803d4beec9e7edfb7fc8952e2340ef57ea615b18,0,0,32,-0.3200000000000001,0.15040000000000014,18,14,11,4,27,6,1,1.7380232844794796,0.0,0,,random_actions,random_actions:panel_7:1:1147055:0
shared,shared,random_actions,1,30000,1,reference,panel_7,1147055,259f0c6e03d1cf44979d0bfc803d4beec9e7edfb7fc8952e2340ef57ea615b18,1,0,32,-0.3200000000000001,0.1240000000000001,17,15,10,6,27,6,1,1.7610002626907697,0.0,0,,random_actions,random_actions:panel_7:1:1147055:1
shared,shared,random_actions,1,30000,1,reference,panel_7,1147056,3a05c6550fecaade0af5ffb3a789a289464516cf4bec1d5048caf07ef67e2e29,0,0,32,-0.3200000000000001,-0.034399999999999875,13,19,14,6,29,8,1,1.9531972578840304,0.0,0,,random_actions,random_actions:panel_7:1:1147056:0
shared,shared,random_actions,1,30000,1,reference,panel_7,1147056,3a05c6550fecaade0af5ffb3a789a289464516cf4bec1d5048caf07ef67e2e29,1,1,4,0.96,1.086,1,3,0,4,4,3,0,0.038509000000000126,0.0,0,,random_actions,random_actions:panel_7:1:1147056:1
shared,shared,random_actions,1,30000,1,reference,panel_7,1147057,9c8cec7e53ef837463dc364cd91b0911a219253e3325b254da6ae5f4f63b201e,0,1,26,0.74,0.9620000000000001,11,15,9,7,26,9,0,0.8446371515000006,0.0,0,,random_actions,random_actions:panel_7:1:1147057:0
shared,shared,random_actions,1,30000,1,reference,panel_7,1147057,9c8cec7e53ef837463dc364cd91b0911a219253e3325b254da6ae5f4f63b201e,1,0,32,-0.3200000000000001,-0.1027999999999999,10,22,13,10,31,11,1,2.065266784800002,0.0,0,,random_actions,random_actions:panel_7:1:1147057:1
shared,shared,random_actions,1,30000,1,reference,panel_7,1147058,15c0e5f869afebd36c7ad89f46a036a01bd0c2b68ad9ff4d9d298427c83c4a58,0,0,32,-0.3200000000000001,0.23760000000000026,4,28,13,16,25,10,1,1.6164287867650842,0.0,0,,random_actions,random_actions:panel_7:1:1147058:0
shared,shared,random_actions,1,30000,1,reference,panel_7,1147058,15c0e5f869afebd36c7ad89f46a036a01bd0c2b68ad9ff4d9d298427c83c4a58,1,0,32,-0.3200000000000001,0.28920000000000035,8,24,17,8,26,10,1,1.6079885833079697,0.0,0,,random_actions,random_actions:panel_7:1:1147058:1
shared,shared,random_actions,1,30000,1,reference,panel_7,1147059,7e92879b1402079479a358876b8597427b89a7512ea1073003165fc51975bd65,0,0,32,-0.3200000000000001,0.19400000000000023,15,17,10,8,27,8,1,1.6970522169690263,0.0,0,,random_actions,random_actions:panel_7:1:1147059:0
shared,shared,random_actions,1,30000,1,reference,panel_7,1147059,7e92879b1402079479a358876b8597427b89a7512ea1073003165fc51975bd65,1,0,32,-0.3200000000000001,0.20960000000000026,13,19,11,9,27,8,1,1.6959048365867382,0.0,0,,random_actions,random_actions:panel_7:1:1147059:1
shared,shared,random_actions,1,30000,1,reference,panel_7,1147060,a13e279cdc4ceac1367efd47c824f220d1e0cf8ecdbd9404c194683d57be0612,0,1,19,0.8099999999999999,0.9584000000000001,1,18,10,9,19,10,0,0.629686607714001,0.0,0,,random_actions,random_actions:panel_7:1:1147060:0
shared,shared,random_actions,1,30000,1,reference,panel_7,1147060,a13e279cdc4ceac1367efd47c824f220d1e0cf8ecdbd9404c194683d57be0612,1,0,32,-0.3200000000000001,-0.14279999999999993,17,15,9,7,31,7,1,2.103390258100003,0.0,0,,random_actions,random_actions:panel_7:1:1147060:1
shared,shared,random_actions,1,30000,1,reference,panel_7,1147061,d1ffd14796e2566a89305a0d41d32beb3f5ad09b1e4c1d0056d5c0521ad14d50,0,0,32,-0.3200000000000001,0.12480000000000019,13,19,12,8,26,6,1,1.7506635361211886,0.0,0,,random_actions,random_actions:panel_7:1:1147061:0
shared,shared,random_actions,1,30000,1,reference,panel_7,1147061,d1ffd14796e2566a89305a0d41d32beb3f5ad09b1e4c1d0056d5c0521ad14d50,1,0,32,-0.3200000000000001,0.13080000000000028,5,27,19,9,26,9,1,1.7423856748426516,0.0,0,,random_actions,random_actions:panel_7:1:1147061:1
shared,shared,random_actions,1,30000,1,reference,panel_7,1147062,5f830532e323679fe25a67d8d13c45b7daf655330f11edf1fa29e18428e5b362,0,1,21,0.7899999999999999,0.8780000000000001,10,11,5,7,21,6,0,0.7703943800000017,0.0,0,,random_actions,random_actions:panel_7:1:1147062:0
shared,shared,random_actions,1,30000,1,reference,panel_7,1147062,5f830532e323679fe25a67d8d13c45b7daf655330f11edf1fa29e18428e5b362,1,1,6,0.94,0.9896,1,5,0,6,6,3,0,0.1949270000000003,0.0,0,,random_actions,random_actions:panel_7:1:1147062:1
shared,shared,random_actions,1,30000,1,reference,panel_7,1147063,e2b927d37c36c30e77b0c808625792dee97fd945bb247f3cef55e4f56cad7c43,0,0,32,-0.3200000000000001,0.1336000000000001,11,21,17,5,26,8,1,1.7310197286787408,0.0,0,,random_actions,random_actions:panel_7:1:1147063:0
shared,shared,random_actions,1,30000,1,reference,panel_7,1147063,e2b927d37c36c30e77b0c808625792dee97fd945bb247f3cef55e4f56cad7c43,1,0,32,-0.3200000000000001,0.15760000000000018,17,15,12,4,26,6,1,1.71120687997177,0.0,0,,random_actions,random_actions:panel_7:1:1147063:1
shared,shared,random_actions,2,30000,1,reference,panel_7,1147000,ef60203806c0ad82a1b7a4e785eea5d6a01b0f715bbfe2667f6bf2cec24e0fef,0,0,32,-0.3200000000000001,0.039200000000000096,17,15,12,4,28,6,1,1.861014447314901,0.0,0,,random_actions,random_actions:panel_7:2:1147000:0
shared,shared,random_actions,2,30000,1,reference,panel_7,1147000,ef60203806c0ad82a1b7a4e785eea5d6a01b0f715bbfe2667f6bf2cec24e0fef,1,0,32,-0.3200000000000001,-0.0003999999999998449,20,12,8,5,28,4,1,1.8979161163130014,0.0,0,,random_actions,random_actions:panel_7:2:1147000:1
shared,shared,random_actions,2,30000,1,reference,panel_7,1147001,5d658272b69ced5dfe829649c36914be471764237c695f97b010028cc6651308,0,1,17,0.83,1.1360000000000001,7,10,3,8,17,8,0,0.40352269695458054,0.0,0,,random_actions,random_actions:panel_7:2:1147001:0
shared,shared,random_actions,2,30000,1,reference,panel_7,1147001,5d658272b69ced5dfe829649c36914be471764237c695f97b010028cc6651308,1,1,27,0.73,1.0996000000000001,11,16,9,8,27,11,0,0.7517546265004507,0.0,0,,random_actions,random_actions:panel_7:2:1147001:1
shared,shared,random_actions,2,30000,1,reference,panel_7,1147002,c51e778c3a780891d45f5786ed4cbd16d2519fbc9343c07d3f329be3530e2ce7,0,1,6,0.94,1.0308,0,6,2,5,6,4,0,0.1540717300000003,0.0,0,,random_actions,random_actions:panel_7:2:1147002:0
shared,shared,random_actions,2,30000,1,reference,panel_7,1147002,c51e778c3a780891d45f5786ed4cbd16d2519fbc9343c07d3f329be3530e2ce7,1,1,9,0.91,1.0152,3,6,0,7,9,4,0,0.2627006962000006,0.0,0,,random_actions,random_actions:panel_7:2:1147002:1
shared,shared,random_actions,2,30000,1,reference,panel_7,1147003,63cbf41369cd7394d8778aa6c90ae9e799d7595e6050f8fcb6bf83f8e0796bf4,0,1,2,0.98,1.0612,0,2,0,3,2,2,0,0.0,0.0,0,,random_actions,random_actions:panel_7:2:1147003:0
shared,shared,random_actions,2,30000,1,reference,panel_7,1147003,63cbf41369cd7394d8778aa6c90ae9e799d7595e6050f8fcb6bf83f8e0796bf4,1,1,2,0.98,1.0612,0,2,0,3,2,2,0,0.0,0.0,0,,random_actions,random_actions:panel_7:2:1147003:1
shared,shared,random_actions,2,30000,1,reference,panel_7,1147004,117053a93c484f9b9e13f1c4c6d3a95b1a29bdc7fe894c242edcc3caa835a680,0,0,32,-0.3200000000000001,0.010400000000000187,9,23,15,9,27,8,1,1.8670073095472919,0.0,0,,random_actions,random_actions:panel_7:2:1147004:0
shared,shared,random_actions,2,30000,1,reference,panel_7,1147004,117053a93c484f9b9e13f1c4c6d3a95b1a29bdc7fe894c242edcc3caa835a680,1,0,32,-0.3200000000000001,0.028400000000000203,9,23,14,10,26,8,1,1.8271020010332175,0.0,0,,random_actions,random_actions:panel_7:2:1147004:1
shared,shared,random_actions,2,30000,1,reference,panel_7,1147005,778b5b88f86e68c6eedac270025116337556735960e9b0343e4872626d1d4e68,0,1,31,0.69,0.9988000000000001,5,26,13,14,31,15,0,0.9677910607371607,0.0,0,,random_actions,random_actions:panel_7:2:1147005:0
shared,shared,random_actions,2,30000,1,reference,panel_7,1147005,778b5b88f86e68c6eedac270025116337556735960e9b0343e4872626d1d4e68,1,0,32,-0.3200000000000001,-0.04479999999999992,9,23,8,16,30,11,1,1.986233222334292,0.0,0,,random_actions,random_actions:panel_7:2:1147005:1
shared,shared,random_actions,2,30000,1,reference,panel_7,1147006,39682b70faeef75af87820c196d42df338e0efe4b800754e45286826fff0c529,0,1,12,0.88,1.048,1,11,5,7,12,7,0,0.3250783060710005,0.0,0,,random_actions,random_actions:panel_7:2:1147006:0
shared,shared,random_actions,2,30000,1,reference,panel_7,1147006,39682b70faeef75af87820c196d42df338e0efe4b800754e45286826fff0c529,1,1,31,0.69,0.9588000000000001,14,17,7,11,31,10,0,1.0055483045980314,0.0,0,,random_actions,random_actions:panel_7:2:1147006:1
shared,shared,random_actions,2,30000,1,reference,panel_7,1147007,6c6b59160efe9092afec80b1735978b64b76c4042545c63c163e2351f89a97a4,0,0,32,-0.3200000000000001,-0.10439999999999987,10,22,13,10,30,10,1,2.040769669099001,0.0,0,,random_actions,random_actions:panel_7:2:1147007:0
shared,shared,random_actions,2,30000,1,reference,panel_7,1147007,6c6b59160efe9092afec80b1735978b64b76c4042545c63c163e2351f89a97a4,1,0,32,-0.3200000000000001,-0.10079999999999995,10,22,8,15,32,11,1,2.0933761577105825,0.0,0,,random_actions,random_actions:panel_7:2:1147007:1
shared,shared,random_actions,2,30000,1,reference,panel_7,1147008,56529673d3ae813c9e361b4eb47b1e14134db23a1aea40fe454dff6e62d5d2c5,0,1,17,0.83,0.9472,15,2,0,3,17,2,0,0.5776350000000019,0.0,0,,random_actions,random_actions:panel_7:2:1147008:0
shared,shared,random_actions,2,30000,1,reference,panel_7,1147008,56529673d3ae813c9e361b4eb47b1e14134db23a1aea40fe454dff6e62d5d2c5,1,1,3,0.97,1.0536,1,2,0,3,3,2,0,0.038509000000000126,0.0,0,,random_actions,random_actions:panel_7:2:1147008:1
shared,shared,random_actions,2,30000,1,reference,panel_7,1147009,ef04d9b56d0d2ee2601628898e45c0ebe3d2e63024236ad7b0671a4417f01975,0,1,14,0.86,1.0196,3,11,2,10,14,7,0,0.4143914981000011,0.0,0,,random_actions,random_actions:panel_7:2:1147009:0
shared,shared,random_actions,2,30000,1,reference,panel_7,1147009,ef04d9b56d0d2ee2601628898e45c0ebe3d2e63024236ad7b0671a4417f01975,1,0,32,-0.3200000000000001,-0.11119999999999998,8,24,15,10,30,12,1,2.046285878100002,0.0,0,,random_actions,random_actions:panel_7:2:1147009:1
shared,shared,random_actions,2,30000,1,reference,panel_7,1147010,262690608767aee7af0b5838b6691106cb1e6469619a091aa95d9a1c99b8506e,0,0,32,-0.3200000000000001,-0.0467999999999997,14,18,10,9,27,5,1,1.919608561137756,0.0,0,,random_actions,random_actions:panel_7:2:1147010:0
shared,shared,random_actions,2,30000,1,reference,panel_7,1147010,262690608767aee7af0b5838b6691106cb1e6469619a091aa95d9a1c99b8506e,1,1,13,0.87,0.9788,5,8,5,4,13,5,0,0.42255092000000094,0.0,0,,random_actions,random_actions:panel_7:2:1147010:1
shared,shared,random_actions,2,30000,1,reference,panel_7,1147011,ad8db3f02371b4f34521beb1b4f622531c9f3469e034caad2e8f10c5915b3fdc,0,1,26,0.74,0.8592,5,21,10,12,26,11,0,0.9445537069570021,0.0,0,,random_actions,random_actions:panel_7:2:1147011:0
shared,shared,random_actions,2,30000,1,reference,panel_7,1147011,ad8db3f02371b4f34521beb1b4f622531c9f3469e034caad2e8f10c5915b3fdc,1,0,32,-0.3200000000000001,-0.18879999999999997,7,25,14,12,29,9,1,2.097634312400002,0.0,0,,random_actions,random_actions:panel_7:2:1147011:1
shared,shared,random_actions,2,30000,1,reference,panel_7,1147012,1523372c3690c9851f0e8d4af7bbb70c5c4f38be380c0089fb496a8cd7d27be2,0,0,32,-0.3200000000000001,-0.013999999999999763,5,27,20,8,29,11,1,1.9357260502584945,0.0,0,,random_actions,random_actions:panel_7:2:1147012:0
shared,shared,random_actions,2,30000,1,reference,panel_7,1147012,1523372c3690c9851f0e8d4af7bbb70c5c4f38be380c0089fb496a8cd7d27be2,1,0,32,-0.3200000000000001,-0.04279999999999984,8,24,17,8,27,9,1,1.9126192360675818,0.0,0,,random_actions,random_actions:panel_7:2:1147012:1
shared,shared,random_actions,2,30000,1,reference,panel_7,1147013,a18dc896e98913776092619b9865ef0f1424503fdd10212889683d914ebc49f6,0,0,32,-0.3200000000000001,0.12160000000000014,11,21,16,6,27,9,1,1.7673908064294226,0.0,0,,random_actions,random_actions:panel_7:2:1147013:0
shared,shared,random_actions,2,30000,1,reference,panel_7,1147013,a18dc896e98913776092619b9865ef0f1424503fdd10212889683d914ebc49f6,1,0,32,-0.3200000000000001,0.1672000000000002,19,13,11,3,26,4,1,1.7030564936870012,0.0,0,,random_actions,random_actions:panel_7:2:1147013:1
shared,shared,random_actions,2,30000,1,reference,panel_7,1147014,ec62cc29ffe42530094d8b3a5276a0b50458e4ef51926511a2474cb16573a3a6,0,1,6,0.94,1.0308,0,6,2,5,6,4,0,0.1540717300000003,0.0,0,,random_actions,random_actions:panel_7:2:1147014:0
shared,shared,random_actions,2,30000,1,reference,panel_7,1147014,ec62cc29ffe42530094d8b3a5276a0b50458e4ef51926511a2474cb16573a3a6,1,1,8,0.9199999999999999,1.0132,2,6,2,5,8,4,0,0.23343600000000042,0.0,0,,random_actions,random_actions:panel_7:2:1147014:1
shared,shared,random_actions,2,30000,1,reference,panel_7,1147015,1803601405dd53164b57630c002687718d8c652dd4feed428ff8fc69ae4ceb06,0,0,32,-0.3200000000000001,0.32760000000000056,10,22,15,8,25,7,1,1.5543749191944853,0.0,0,,random_actions,random_actions:panel_7:2:1147015:0
shared,shared,random_actions,2,30000,1,reference,panel_7,1147015,1803601405dd53164b57630c002687718d8c652dd4feed428ff8fc69ae4ceb06,1,0,32,-0.3200000000000001,0.29640000000000033,6,26,17,10,25,10,1,1.570660881197114,0.0,0,,random_actions,random_actions:panel_7:2:1147015:1
shared,shared,random_actions,2,30000,1,reference,panel_7,1147016,d88dcf572bdd4dcf0689daf80f4f980c425c3e7642ce5fac944009403bfa807f,0,1,9,0.91,0.9644,2,7,5,3,9,4,0,0.31283600000000045,0.0,0,,random_actions,random_actions:panel_7:2:1147016:0
shared,shared,random_actions,2,30000,1,reference,panel_7,1147016,d88dcf572bdd4dcf0689daf80f4f980c425c3e7642ce5fac944009403bfa807f,1,1,5,0.95,0.996,2,3,0,4,5,2,0,0.15760900000000022,0.0,0,,random_actions,random_actions:panel_7:2:1147016:1
shared,shared,random_actions,2,30000,1,reference,panel_7,1147017,9f6afb18c737f1e54bcf80ea19ab61ff5d25bd05fc7596c12a11b3348d882362,0,0,32,-0.3200000000000001,0.09640000000000007,10,22,14,9,28,11,1,1.811483052828451,0.0,0,,random_actions,random_actions:panel_7:2:1147017:0
shared,shared,random_actions,2,30000,1,reference,panel_7,1147017,9f6afb18c737f1e54bcf80ea19ab61ff5d25bd05fc7596c12a11b3348d882362,1,1,25,0.7499999999999999,1.0956000000000001,7,18,8,11,25,12,0,0.6931394322435235,0.0,0,,random_actions,random_actions:panel_7:2:1147017:1
shared,shared,random_actions,2,30000,1,reference,panel_7,1147018,af93e02d275e81d2c9726552c8514ea40d492ac8758ee574d4764834303037d9,0,0,32,-0.3200000000000001,-0.0375999999999999,15,17,11,7,30,8,1,1.9762506507560025,0.0,0,,random_actions,random_actions:panel_7:2:1147018:0
shared,shared,random_actions,2,30000,1,reference,panel_7,1147018,af93e02d275e81d2c9726552c8514ea40d492ac8758ee574d4764834303037d9,1,1,15,0.85,1.0688,1,14,7,8,15,9,0,0.3999590887280001,0.0,0,,random_actions,random_actions:panel_7:2:1147018:1
shared,shared,random_actions,2,30000,1,reference,panel_7,1147019,04aef3cfb447f7ebc072d962ac3b4f39afc8cffac10e671a52e682d8eb11208f,0,1,3,0.97,1.0124,2,1,0,2,3,1,0,0.07940000000000014,0.0,0,,random_actions,random_actions:panel_7:2:1147019:0
shared,shared,random_actions,2,30000,1,reference,panel_7,1147019,04aef3cfb447f7ebc072d962ac3b4f39afc8cffac10e671a52e682d8eb11208f,1,0,32,-0.3200000000000001,-0.14919999999999994,15,17,9,9,28,6,1,2.034377840433292,0.0,0,,random_actions,random_actions:panel_7:2:1147019:1
shared,shared,random_actions,2,30000,1,reference,panel_7,1147020,9892067b44d4b50814c7fcfab52e1aec76f5191ea0f9d00844dbff63f091730a,0,0,32,-0.3200000000000001,-0.07119999999999976,11,21,9,13,26,6,1,1.9256603929908693,0.0,0,,random_actions,random_actions:panel_7:2:1147020:0
shared,shared,random_actions,2,30000,1,reference,panel_7,1147020,9892067b44d4b50814c7fcfab52e1aec76f5191ea0f9d00844dbff63f091730a,1,0,32,-0.3200000000000001,-0.12159999999999987,11,21,13,9,27,6,1,1.9972736009951615,0.0,0,,random_actions,random_actions:panel_7:2:1147020:1
shared,shared,random_actions,2,30000,1,reference,panel_7,1147021,94f2a78f9d9ba2f6f57553917f023959987e5952b8e230570ed6ad8a363b5966,0,1,3,0.97,1.0136,0,3,0,4,3,2,0,0.07820900000000008,0.0,0,,random_actions,random_actions:panel_7:2:1147021:0
shared,shared,random_actions,2,30000,1,reference,panel_7,1147021,94f2a78f9d9ba2f6f57553917f023959987e5952b8e230570ed6ad8a363b5966,1,1,7,0.9299999999999999,0.982,2,5,2,4,7,3,0,0.23343600000000042,0.0,0,,random_actions,random_actions:panel_7:2:1147021:1
shared,shared,random_actions,2,30000,1,reference,panel_7,1147022,a9592b6c52c829e664c4245d78a83d29d1bfc119a5be299184ef40e7ba24d814,0,0,32,-0.3200000000000001,0.18320000000000017,12,20,14,7,26,9,1,1.6865739395639585,0.0,0,,random_actions,random_actions:panel_7:2:1147022:0
shared,shared,random_actions,2,30000,1,reference,panel_7,1147022,a9592b6c52c829e664c4245d78a83d29d1bfc119a5be299184ef40e7ba24d814,1,0,32,-0.3200000000000001,0.17480000000000018,19,13,8,6,30,8,1,1.7873110375505958,0.0,0,,random_actions,random_actions:panel_7:2:1147022:1
shared,shared,random_actions,2,30000,1,reference,panel_7,1147023,f05202bc3919db216b845aa75f4e22a7b5d4bb227ef8245bb409282694208ee1,0,0,32,-0.3200000000000001,0.1424000000000001,13,19,10,10,32,12,1,1.8737447475968718,0.0,0,,random_actions,random_actions:panel_7:2:1147023:0
shared,shared,random_actions,2,30000,1,reference,panel_7,1147023,f05202bc3919db216b845aa75f4e22a7b5d4bb227ef8245bb409282694208ee1,1,0,32,-0.3200000000000001,0.1736000000000002,17,15,8,8,29,8,1,1.7676495466694355,0.0,0,,random_actions,random_actions:panel_7:2:1147023:1
shared,shared,random_actions,2,30000,1,reference,panel_7,1147024,0d901f55ea2b164d171511fafad621ba3eb5b8a516a7f6ee23362a41ad28ea2a,0,1,10,0.9,1.0052,4,6,2,5,10,4,0,0.30345092000000085,0.0,0,,random_actions,random_actions:panel_7:2:1147024:0
shared,shared,random_actions,2,30000,1,reference,panel_7,1147024,0d901f55ea2b164d171511fafad621ba3eb5b8a516a7f6ee23362a41ad28ea2a,1,1,27,0.73,0.8736,7,20,9,12,27,11,0,0.9606634981000021,0.0,0,,random_actions,random_actions:panel_7:2:1147024:1
shared,shared,random_actions,2,30000,1,reference,panel_7,1147025,fb8babb5ef02c7b77c7711b537da319bb22b0353fc08aafff55640b3bf93085e,0,1,29,0.71,1.03,10,19,10,10,29,12,0,0.8769248328951611,0.0,0,,random_actions,random_actions:panel_7:2:1147025:0
shared,shared,random_actions,2,30000,1,reference,panel_7,1147025,fb8babb5ef02c7b77c7711b537da319bb22b0353fc08aafff55640b3bf93085e,1,0,32,-0.3200000000000001,0.07800000000000012,5,27,18,10,27,11,1,1.7984478786763638,0.0,0,,random_actions,random_actions:panel_7:2:1147025:1
shared,shared,random_actions,2,30000,1,reference,panel_7,1147026,be8773df829b7fddbb35ec2f2669adff767e20b3c70c6fbf24eaa782e06d2c51,0,1,23,0.7699999999999999,1.0648000000000002,10,13,6,8,23,9,0,0.6558626061990018,0.0,0,,random_actions,random_actions:panel_7:2:1147026:0
shared,shared,random_actions,2,30000,1,reference,panel_7,1147026,be8773df829b7fddbb35ec2f2669adff767e20b3c70c6fbf24eaa782e06d2c51,1,0,32,-0.3200000000000001,0.010800000000000115,10,22,15,8,29,10,1,1.9069971375850017,0.0,0,,random_actions,random_actions:panel_7:2:1147026:1
shared,shared,random_actions,2,30000,1,reference,panel_7,1147027,f27978c2a82f34c46647a081244f16445935048a3d97d201327f5762959c292b,0,1,1,0.99,1.03,0,1,0,2,1,1,0,0.0,0.0,0,,random_actions,random_actions:panel_7:2:1147027:0
shared,shared,random_actions,2,30000,1,reference,panel_7,1147027,f27978c2a82f34c46647a081244f16445935048a3d97d201327f5762959c292b,1,1,1,0.99,1.03,0,1,0,2,1,1,0,0.0,0.0,0,,random_actions,random_actions:panel_7:2:1147027:1
shared,shared,random_actions,2,30000,1,reference,panel_7,1147028,550a9e83b132494e28120183cfc2f6a587ca18dde348c50bbd25cb877bef1cfc,0,1,1,0.99,1.03,0,1,0,2,1,1,0,0.0,0.0,0,,random_actions,random_actions:panel_7:2:1147028:0
shared,shared,random_actions,2,30000,1,reference,panel_7,1147028,550a9e83b132494e28120183cfc2f6a587ca18dde348c50bbd25cb877bef1cfc,1,1,1,0.99,1.03,0,1,0,2,1,1,0,0.0,0.0,0,,random_actions,random_actions:panel_7:2:1147028:1
shared,shared,random_actions,2,30000,1,reference,panel_7,1147029,3e0110b8d1379ae1a8d5b91747c354c23c4203b56a4b66c1501da975174f0fdf,0,1,1,0.99,1.03,0,1,0,2,1,1,0,0.0,0.0,0,,random_actions,random_actions:panel_7:2:1147029:0
shared,shared,random_actions,2,30000,1,reference,panel_7,1147029,3e0110b8d1379ae1a8d5b91747c354c23c4203b56a4b66c1501da975174f0fdf,1,1,10,0.9,0.9592,5,5,2,4,10,3,0,0.3489630000000008,0.0,0,,random_actions,random_actions:panel_7:2:1147029:1
shared,shared,random_actions,2,30000,1,reference,panel_7,1147030,13db85645984e617fcea1988877a1dc9cc6e6621fed7c82b91d287457890f2f4,0,0,32,-0.3200000000000001,0.046400000000000274,12,20,9,12,26,6,1,1.8100356738209138,0.0,0,,random_actions,random_actions:panel_7:2:1147030:0
shared,shared,random_actions,2,30000,1,reference,panel_7,1147030,13db85645984e617fcea1988877a1dc9cc6e6621fed7c82b91d287457890f2f4,1,0,32,-0.3200000000000001,0.04640000000000019,13,19,7,13,26,6,1,1.8099437150748712,0.0,0,,random_actions,random_actions:panel_7:2:1147030:1
shared,shared,random_actions,2,30000,1,reference,panel_7,1147031,e3f82b93d6699feaf2cd80aa42965a42fdd3d92b74b4d2594c3d3876d6f81cab,0,1,21,0.7899999999999999,0.8720000000000001,14,7,5,3,21,4,0,0.7761350000000019,0.0,0,,random_actions,random_actions:panel_7:2:1147031:0
shared,shared,random_actions,2,30000,1,reference,panel_7,1147031,e3f82b93d6699feaf2cd80aa42965a42fdd3d92b74b4d2594c3d3876d6f81cab,1,1,2,0.98,1.0212,1,1,0,2,2,1,0,0.03970000000000007,0.0,0,,random_actions,random_actions:panel_7:2:1147031:1
shared,shared,random_actions,2,30000,1,reference,panel_7,1147032,d6359fb9505f6753748249a9526c68ffe2566644bab61b25ea1390e8e6df2be0,0,0,32,-0.3200000000000001,0.06559999999999999,9,23,14,10,30,13,1,1.8878232885956834,0.0,0,,random_actions,random_actions:panel_7:2:1147032:0
shared,shared,random_actions,2,30000,1,reference,panel_7,1147032,d6359fb9505f6753748249a9526c68ffe2566644bab61b25ea1390e8e6df2be0,1,0,32,-0.3200000000000001,0.1268000000000001,6,26,15,12,29,13,1,1.8095801696329148,0.0,0,,random_actions,random_actions:panel_7:2:1147032:1
shared,shared,random_actions,2,30000,1,reference,panel_7,1147033,71ec229c369f576ce6b2fe170b7a51204a264a5874337000231e1831ad7b7f1b,0,1,3,0.97,1.0524,1,2,0,3,3,2,0,0.03970000000000007,0.0,0,,random_actions,random_actions:panel_7:2:1147033:0
shared,shared,random_actions,2,30000,1,reference,panel_7,1147033,71ec229c369f576ce6b2fe170b7a51204a264a5874337000231e1831ad7b7f1b,1,0,32,-0.3200000000000001,-0.08879999999999993,15,17,7,11,28,6,1,1.9802584993309442,0.0,0,,random_actions,random_actions:panel_7:2:1147033:1
shared,shared,random_actions,2,30000,1,reference,panel_7,1147034,848875f496b7314bb9bf83480b9ff0468eacb6ea86b7759197978ad513782777,0,1,20,0.7999999999999999,0.9908000000000001,1,19,7,13,20,11,0,0.6296844960710012,0.0,0,,random_actions,random_actions:panel_7:2:1147034:0
shared,shared,random_actions,2,30000,1,reference,panel_7,1147034,848875f496b7314bb9bf83480b9ff0468eacb6ea86b7759197978ad513782777,1,0,32,-0.3200000000000001,-0.04400000000000001,20,12,7,6,28,5,1,1.9356459188550033,0.0,0,,random_actions,random_actions:panel_7:2:1147034:1
shared,shared,random_actions,2,30000,1,reference,panel_7,1147035,05b38de793ee9ae42737540a3387b92580e2546fcddc60a439a5bf5a675957f8,0,1,10,0.9,1.0948,0,10,3,8,10,7,0,0.21862121531400025,0.0,0,,random_actions,random_actions:panel_7:2:1147035:0
shared,shared,random_actions,2,30000,1,reference,panel_7,1147035,05b38de793ee9ae42737540a3387b92580e2546fcddc60a439a5bf5a675957f8,1,1,27,0.73,1.0088000000000001,11,16,8,9,27,10,0,0.8326129858130016,0.0,0,,random_actions,random_actions:panel_7:2:1147035:1
shared,shared,random_actions,2,30000,1,reference,panel_7,1147036,996e42b425bbbd86df5e451f82d926e514348efabc054f2d56d629406eff121f,0,1,1,0.99,1.03,0,1,0,2,1,1,0,0.0,0.0,0,,random_actions,random_actions:panel_7:2:1147036:0
shared,shared,random_actions,2,30000,1,reference,panel_7,1147036,996e42b425bbbd86df5e451f82d926e514348efabc054f2d56d629406eff121f,1,1,1,0.99,1.03,0,1,0,2,1,1,0,0.0,0.0,0,,random_actions,random_actions:panel_7:2:1147036:1
shared,shared,random_actions,2,30000,1,reference,panel_7,1147037,54b90cd862d2d21cd7b73f5e7131bb84b4d2600bbb4395b64c090fdacbb9676e,0,0,32,-0.3200000000000001,0.10600000000000014,2,30,21,10,28,14,1,1.800633652981204,0.0,0,,random_actions,random_actions:panel_7:2:1147037:0
shared,shared,random_actions,2,30000,1,reference,panel_7,1147037,54b90cd862d2d21cd7b73f5e7131bb84b4d2600bbb4395b64c090fdacbb9676e,1,0,32,-0.3200000000000001,0.10240000000000012,10,22,16,7,31,12,1,1.8786903688298997,0.0,0,,random_actions,random_actions:panel_7:2:1147037:1
shared,shared,random_actions,2,30000,1,reference,panel_7,1147038,dba100bb23b14e9f9afabc704adf76ed446f8adbc13eaa2eb9e7ff13eb7aaaf7,0,0,32,-0.3200000000000001,-0.03199999999999978,5,27,17,11,28,11,1,1.9221546216878709,0.0,0,,random_actions,random_actions:panel_7:2:1147038:0
shared,shared,random_actions,2,30000,1,reference,panel_7,1147038,dba100bb23b14e9f9afabc704adf76ed446f8adbc13eaa2eb9e7ff13eb7aaaf7,1,1,5,0.95,1.076,2,3,0,4,5,3,0,0.07940000000000014,0.0,0,,random_actions,random_actions:panel_7:2:1147038:1
shared,shared,random_actions,2,30000,1,reference,panel_7,1147039,e92e89b0948af313d23a4e132dd91ac9c0c0cd929bda3314f5ac80eac47d3a6e,0,1,12,0.88,1.036,3,9,4,6,12,6,0,0.33632327430000053,0.0,0,,random_actions,random_actions:panel_7:2:1147039:0
shared,shared,random_actions,2,30000,1,reference,panel_7,1147039,e92e89b0948af313d23a4e132dd91ac9c0c0cd929bda3314f5ac80eac47d3a6e,1,1,12,0.88,1.0384,1,11,7,5,12,7,0,0.33397700430000077,0.0,0,,random_actions,random_actions:panel_7:2:1147039:1
shared,shared,random_actions,2,30000,1,reference,panel_7,1147040,21c46dca145fe66cc468bfd38160b0d9d81e7935ab49fdd5431f88426dd0340a,0,0,32,-0.3200000000000001,-0.1151999999999998,11,21,14,8,29,8,1,2.0245983415000013,0.0,0,,random_actions,random_actions:panel_7:2:1147040:0
shared,shared,random_actions,2,30000,1,reference,panel_7,1147040,21c46dca145fe66cc468bfd38160b0d9d81e7935ab49fdd5431f88426dd0340a,1,0,32,-0.3200000000000001,-0.1379999999999999,7,25,17,9,30,11,1,2.0710334686000023,0.0,0,,random_actions,random_actions:panel_7:2:1147040:1
shared,shared,random_actions,2,30000,1,reference,panel_7,1147041,da738822a347fa5ee57aba373e46a1e1aba07703da0698d25da59cef1a727a4d,0,1,6,0.94,1.1156000000000001,2,4,0,5,6,4,0,0.07358684810000005,0.0,0,,random_actions,random_actions:panel_7:2:1147041:0
shared,shared,random_actions,2,30000,1,reference,panel_7,1147041,da738822a347fa5ee57aba373e46a1e1aba07703da0698d25da59cef1a727a4d,1,0,32,-0.3200000000000001,-0.04359999999999986,12,20,16,5,29,10,1,1.9577698229000018,0.0,0,,random_actions,random_actions:panel_7:2:1147041:1
shared,shared,random_actions,2,30000,1,reference,panel_7,1147042,ff53f2566226f541686d49dfdd2dfbd25e1e9b2b419eb6af8654a3075c6dd2c0,0,0,32,-0.3200000000000001,-0.029199999999999893,5,27,17,11,28,11,1,1.9168687827710018,0.0,0,,random_actions,random_actions:panel_7:2:1147042:0
shared,shared,random_actions,2,30000,1,reference,panel_7,1147042,ff53f2566226f541686d49dfdd2dfbd25e1e9b2b419eb6af8654a3075c6dd2c0,1,0,32,-0.3200000000000001,0.0008000000000001617,20,12,9,4,28,5,1,1.8922783987130007,0.0,0,,random_actions,random_actions:panel_7:2:1147042:1
shared,shared,random_actions,2,30000,1,reference,panel_7,1147043,8150596b0953c13006d1f7604030886288517192c1970e49c13953bbef2a01d1,0,1,10,0.9,1.1796,4,6,0,7,10,6,0,0.14279109512028976,0.0,0,,random_actions,random_actions:panel_7:2:1147043:0
shared,shared,random_actions,2,30000,1,reference,panel_7,1147043,8150596b0953c13006d1f7604030886288517192c1970e49c13953bbef2a01d1,1,0,32,-0.3200000000000001,0.10480000000000012,12,20,15,6,28,10,1,1.8035704618791608,0.0,0,,random_actions,random_actions:panel_7:2:1147043:1
shared,shared,random_actions,2,30000,1,reference,panel_7,1147044,2ae76d6ffc735682c454783bdd9494ce60f6e79bd3d3a910edfbdaf1bec00166,0,1,5,0.95,0.9996,0,5,2,4,5,3,0,0.1540717300000003,0.0,0,,random_actions,random_actions:panel_7:2:1147044:0
shared,shared,random_actions,2,30000,1,reference,panel_7,1147044,2ae76d6ffc735682c454783bdd9494ce60f6e79bd3d3a910edfbdaf1bec00166,1,1,9,0.91,0.9608,6,3,1,3,9,2,0,0.3164090000000005,0.0,0,,random_actions,random_actions:panel_7:2:1147044:1
shared,shared,random_actions,2,30000,1,reference,panel_7,1147045,e50563d36a63a5bb22bf9fac8e3fca9627941907b96a20698318259cf9f78a19,0,0,32,-0.3200000000000001,0.0048000000000001375,12,20,10,11,30,10,1,1.9412043405622923,0.0,0,,random_actions,random_actions:panel_7:2:1147045:0
shared,shared,random_actions,2,30000,1,reference,panel_7,1147045,e50563d36a63a5bb22bf9fac8e3fca9627941907b96a20698318259cf9f78a19,1,0,32,-0.3200000000000001,0.10080000000000011,13,19,15,5,27,7,1,1.7857597291469878,0.0,0,,random_actions,random_actions:panel_7:2:1147045:1
shared,shared,random_actions,2,30000,1,reference,panel_7,1147046,c8b5e19fcaca28c143d9f5cbd490da7a546ef258de585067430127826b0af7a6,0,0,32,-0.3200000000000001,0.05760000000000015,14,18,10,9,28,8,1,1.8410882494613197,0.0,0,,random_actions,random_actions:panel_7:2:1147046:0
shared,shared,random_actions,2,30000,1,reference,panel_7,1147046,c8b5e19fcaca28c143d9f5cbd490da7a546ef258de585067430127826b0af7a6,1,0,32,-0.3200000000000001,0.06240000000000012,13,19,10,10,28,9,1,1.8400674840816098,0.0,0,,random_actions,random_actions:panel_7:2:1147046:1
shared,shared,random_actions,2,30000,1,reference,panel_7,1147047,d6b337f6e41955a81de6cbd2c34b095dda8b59fc390e7e77791724375d8eb0e5,0,1,9,0.91,1.1424,2,7,1,7,9,6,0,0.14387909721400027,0.0,0,,random_actions,random_actions:panel_7:2:1147047:0
shared,shared,random_actions,2,30000,1,reference,panel_7,1147047,d6b337f6e41955a81de6cbd2c34b095dda8b59fc390e7e77791724375d8eb0e5,1,0,32,-0.3200000000000001,-0.013199999999999948,12,20,10,11,31,11,1,1.9835562448000015,0.0,0,,random_actions,random_actions:panel_7:2:1147047:1
shared,shared,random_actions,2,30000,1,reference,panel_7,1147048,c25187fde6502f7aaeefb910689964552d15eadccf0d45f1e7abd4215c85ac1a,0,0,32,-0.3200000000000001,-0.012399999999999828,11,21,16,6,28,9,1,1.9022977088420006,0.0,0,,random_actions,random_actions:panel_7:2:1147048:0
shared,shared,random_actions,2,30000,1,reference,panel_7,1147048,c25187fde6502f7aaeefb910689964552d15eadccf0d45f1e7abd4215c85ac1a,1,1,9,0.91,1.0892,5,4,0,5,9,4,0,0.19254500000000063,0.0,0,,random_actions,random_actions:panel_7:2:1147048:1
shared,shared,random_actions,2,30000,1,reference,panel_7,1147049,80c5b8c707f9762634b25ba84c0bb2fe9bf48607fa99967c878c50c8d60337d9,0,0,32,-0.3200000000000001,0.1244000000000001,12,20,7,14,30,11,1,1.832632132330567,0.0,0,,random_actions,random_actions:panel_7:2:1147049:0
shared,shared,random_actions,2,30000,1,reference,panel_7,1147049,80c5b8c707f9762634b25ba84c0bb2fe9bf48607fa99967c878c50c8d60337d9,1,0,32,-0.3200000000000001,0.22280000000000033,19,13,9,5,27,6,1,1.6838140074011385,0.0,0,,random_actions,random_actions:panel_7:2:1147049:1
shared,shared,random_actions,2,30000,1,reference,panel_7,1147050,b1dfe88598cf27f13d717114a8a59de9e21486798f99e1e7fb3829eb1df364c4,0,1,26,0.74,0.9752000000000001,7,19,11,9,26,11,0,0.8325100512560014,0.0,0,,random_actions,random_actions:panel_7:2:1147050:0
shared,shared,random_actions,2,30000,1,reference,panel_7,1147050,b1dfe88598cf27f13d717114a8a59de9e21486798f99e1e7fb3829eb1df364c4,1,0,32,-0.3200000000000001,-0.07519999999999992,7,25,16,10,30,11,1,2.013296584671002,0.0,0,,random_actions,random_actions:panel_7:2:1147050:1
shared,shared,random_actions,2,30000,1,reference,panel_7,1147051,b3b7a4d8ee99d8615b07e381d660df16830749b1d13680c50b6f8973c896837d,0,0,32,-0.3200000000000001,-0.06279999999999993,6,26,18,9,30,12,1,2.0022095486000016,0.0,0,,random_actions,random_actions:panel_7:2:1147051:0
shared,shared,random_actions,2,30000,1,reference,panel_7,1147051,b3b7a4d8ee99d8615b07e381d660df16830749b1d13680c50b6f8973c896837d,1,1,26,0.74,0.9708000000000001,6,20,10,11,26,12,0,0.8370821224000013,0.0,0,,random_actions,random_actions:panel_7:2:1147051:1
shared,shared,random_actions,2,30000,1,reference,panel_7,1147052,553377be6f882c8bc06fcd5930cde094429c7dd3c5f5d484f11adc5423c524ec,0,0,32,-0.3200000000000001,0.1020000000000002,15,17,9,9,32,10,1,1.9072761177642195,0.0,0,,random_actions,random_actions:panel_7:2:1147052:0
shared,shared,random_actions,2,30000,1,reference,panel_7,1147052,553377be6f882c8bc06fcd5930cde094429c7dd3c5f5d484f11adc5423c524ec,1,0,32,-0.3200000000000001,0.08280000000000015,18,14,6,9,26,6,1,1.7795054333281461,0.0,0,,random_actions,random_actions:panel_7:2:1147052:1
shared,shared,random_actions,2,30000,1,reference,panel_7,1147053,a6be541dadfb0248a2e70d8391eb1fbc10f03faaedfda5eaf7118f10e5ca542a,0,0,32,-0.3200000000000001,-0.1644,2,30,19,12,30,14,1,2.098766380000002,0.0,0,,random_actions,random_actions:panel_7:2:1147053:0
shared,shared,random_actions,2,30000,1,reference,panel_7,1147053,a6be541dadfb0248a2e70d8391eb1fbc10f03faaedfda5eaf7118f10e5ca542a,1,1,12,0.88,0.9828,2,10,5,6,12,6,0,0.3875077300000007,0.0,0,,random_actions,random_actions:panel_7:2:1147053:1
shared,shared,random_actions,2,30000,1,reference,panel_7,1147054,20f7ace6df6c6ab00e9bc28b9a1810a702debc883b47310e14e64c3a17039c3c,0,1,11,0.89,1.0532000000000001,2,9,2,8,11,6,0,0.2888115696140001,0.0,0,,random_actions,random_actions:panel_7:2:1147054:0
shared,shared,random_actions,2,30000,1,reference,panel_7,1147054,20f7ace6df6c6ab00e9bc28b9a1810a702debc883b47310e14e64c3a17039c3c,1,1,27,0.73,0.9388000000000001,8,19,12,8,27,11,0,0.8981300677140017,0.0,0,,random_actions,random_actions:panel_7:2:1147054:1
shared,shared,random_actions,2,30000,1,reference,panel_7,1147055,259f0c6e03d1cf44979d0bfc803d4beec9e7edfb7fc8952e2340ef57ea615b18,0,0,32,-0.3200000000000001,0.13840000000000013,11,21,16,6,26,8,1,1.7228060793697701,0.0,0,,random_actions,random_actions:panel_7:2:1147055:0
shared,shared,random_actions,2,30000,1,reference,panel_7,1147055,259f0c6e03d1cf44979d0bfc803d4beec9e7edfb7fc8952e2340ef57ea615b18,1,0,32,-0.3200000000000001,0.04840000000000008,16,16,6,11,29,9,1,1.8754565594850017,0.0,0,,random_actions,random_actions:panel_7:2:1147055:1
shared,shared,random_actions,2,30000,1,reference,panel_7,1147056,3a05c6550fecaade0af5ffb3a789a289464516cf4bec1d5048caf07ef67e2e29,0,1,10,0.9,1.0452000000000001,3,7,2,6,10,5,0,0.2649419200000007,0.0,0,,random_actions,random_actions:panel_7:2:1147056:0
shared,shared,random_actions,2,30000,1,reference,panel_7,1147056,3a05c6550fecaade0af5ffb3a789a289464516cf4bec1d5048caf07ef67e2e29,1,1,11,0.89,1.04,0,11,5,7,11,7,0,0.3011750381000008,0.0,0,,random_actions,random_actions:panel_7:2:1147056:1
shared,shared,random_actions,2,30000,1,reference,panel_7,1147057,9c8cec7e53ef837463dc364cd91b0911a219253e3325b254da6ae5f4f63b201e,0,0,32,-0.3200000000000001,-0.09799999999999995,5,27,19,9,29,12,1,2.0077643505000022,0.0,0,,random_actions,random_actions:panel_7:2:1147057:0
shared,shared,random_actions,2,30000,1,reference,panel_7,1147057,9c8cec7e53ef837463dc364cd91b0911a219253e3325b254da6ae5f4f63b201e,1,1,13,0.87,1.0284,2,11,3,9,13,7,0,0.37483227430000066,0.0,0,,random_actions,random_actions:panel_7:2:1147057:1
shared,shared,random_actions,2,30000,1,reference,panel_7,1147058,15c0e5f869afebd36c7ad89f46a036a01bd0c2b68ad9ff4d9d298427c83c4a58,0,0,32,-0.3200000000000001,0.26280000000000026,9,23,14,10,26,10,1,1.6352152943561844,0.0,0,,random_actions,random_actions:panel_7:2:1147058:0
shared,shared,random_actions,2,30000,1,reference,panel_7,1147058,15c0e5f869afebd36c7ad89f46a036a01bd0c2b68ad9ff4d9d298427c83c4a58,1,0,32,-0.3200000000000001,0.23160000000000025,13,19,10,10,26,7,1,1.635986863025882,0.0,0,,random_actions,random_actions:panel_7:2:1147058:1
shared,shared,random_actions,2,30000,1,reference,panel_7,1147059,7e92879b1402079479a358876b8597427b89a7512ea1073003165fc51975bd65,0,1,23,0.7699999999999999,1.1760000000000002,6,17,6,12,23,12,0,0.5586067902953337,0.0,0,,random_actions,random_actions:panel_7:2:1147059:0
shared,shared,random_actions,2,30000,1,reference,panel_7,1147059,7e92879b1402079479a358876b8597427b89a7512ea1073003165fc51975bd65,1,0,32,-0.3200000000000001,0.21800000000000025,11,21,17,5,26,8,1,1.655851171456502,0.0,0,,random_actions,random_actions:panel_7:2:1147059:1
shared,shared,random_actions,2,30000,1,reference,panel_7,1147060,a13e279cdc4ceac1367efd47c824f220d1e0cf8ecdbd9404c194683d57be0612,0,1,8,0.9199999999999999,1.0168000000000001,2,6,1,6,8,4,0,0.2299344600000005,0.0,0,,random_actions,random_actions:panel_7:2:1147060:0
shared,shared,random_actions,2,30000,1,reference,panel_7,1147060,a13e279cdc4ceac1367efd47c824f220d1e0cf8ecdbd9404c194683d57be0612,1,1,2,0.98,1.0612,0,2,0,3,2,2,0,0.0,0.0,0,,random_actions,random_actions:panel_7:2:1147060:1
shared,shared,random_actions,2,30000,1,reference,panel_7,1147061,d1ffd14796e2566a89305a0d41d32beb3f5ad09b1e4c1d0056d5c0521ad14d50,0,0,32,-0.3200000000000001,0.14160000000000028,11,21,14,8,28,8,1,1.7796385497457985,0.0,0,,random_actions,random_actions:panel_7:2:1147061:0
shared,shared,random_actions,2,30000,1,reference,panel_7,1147061,d1ffd14796e2566a89305a0d41d32beb3f5ad09b1e4c1d0056d5c0521ad14d50,1,0,32,-0.3200000000000001,0.030000000000000124,21,11,8,4,30,6,1,1.9174205962458706,0.0,0,,random_actions,random_actions:panel_7:2:1147061:1
shared,shared,random_actions,2,30000,1,reference,panel_7,1147062,5f830532e323679fe25a67d8d13c45b7daf655330f11edf1fa29e18428e5b362,0,1,19,0.8099999999999999,0.8812,10,9,6,4,19,5,0,0.7051434600000013,0.0,0,,random_actions,random_actions:panel_7:2:1147062:0
shared,shared,random_actions,2,30000,1,reference,panel_7,1147062,5f830532e323679fe25a67d8d13c45b7daf655330f11edf1fa29e18428e5b362,1,1,2,0.98,1.0212,1,1,0,2,2,1,0,0.03970000000000007,0.0,0,,random_actions,random_actions:panel_7:2:1147062:1
shared,shared,random_actions,2,30000,1,reference,panel_7,1147063,e2b927d37c36c30e77b0c808625792dee97fd945bb247f3cef55e4f56cad7c43,0,0,32,-0.3200000000000001,0.1444000000000002,13,19,15,5,26,7,1,1.7175657921983205,0.0,0,,random_actions,random_actions:panel_7:2:1147063:0
shared,shared,random_actions,2,30000,1,reference,panel_7,1147063,e2b927d37c36c30e77b0c808625792dee97fd945bb247f3cef55e4f56cad7c43,1,0,32,-0.3200000000000001,0.1264000000000001,12,20,15,6,26,8,1,1.7398135669546537,0.0,0,,random_actions,random_actions:panel_7:2:1147063:1
shared,shared,shortest_path,0,30000,1,reference,panel_7,1147000,ef60203806c0ad82a1b7a4e785eea5d6a01b0f715bbfe2667f6bf2cec24e0fef,0,1,4,0.96,1.1272,0,4,0,5,4,4,0,0.0,0.0,0,,shortest_path,shortest_path:panel_7:0:1147000:0
shared,shared,shortest_path,0,30000,1,reference,panel_7,1147001,5d658272b69ced5dfe829649c36914be471764237c695f97b010028cc6651308,0,1,6,0.94,1.198,0,6,0,7,6,6,0,0.0,0.0,0,,shortest_path,shortest_path:panel_7:0:1147001:0
shared,shared,shortest_path,0,30000,1,reference,panel_7,1147002,c51e778c3a780891d45f5786ed4cbd16d2519fbc9343c07d3f329be3530e2ce7,0,1,2,0.98,1.0612,0,2,0,3,2,2,0,0.0,0.0,0,,shortest_path,shortest_path:panel_7:0:1147002:0
shared,shared,shortest_path,0,30000,1,reference,panel_7,1147003,63cbf41369cd7394d8778aa6c90ae9e799d7595e6050f8fcb6bf83f8e0796bf4,0,1,2,0.98,1.0612,0,2,0,3,2,2,0,0.0,0.0,0,,shortest_path,shortest_path:panel_7:0:1147003:0
shared,shared,shortest_path,0,30000,1,reference,panel_7,1147004,117053a93c484f9b9e13f1c4c6d3a95b1a29bdc7fe894c242edcc3caa835a680,0,1,4,0.96,1.1272,0,4,0,5,4,4,0,0.0,0.0,0,,shortest_path,shortest_path:panel_7:0:1147004:0
shared,shared,shortest_path,0,30000,1,reference,panel_7,1147005,778b5b88f86e68c6eedac270025116337556735960e9b0343e4872626d1d4e68,0,1,4,0.96,1.1272,0,4,0,5,4,4,0,0.0,0.0,0,,shortest_path,shortest_path:panel_7:0:1147005:0
shared,shared,shortest_path,0,30000,1,reference,panel_7,1147006,39682b70faeef75af87820c196d42df338e0efe4b800754e45286826fff0c529,0,1,3,0.97,1.0936,0,3,0,4,3,3,0,0.0,0.0,0,,shortest_path,shortest_path:panel_7:0:1147006:0
shared,shared,shortest_path,0,30000,1,reference,panel_7,1147007,6c6b59160efe9092afec80b1735978b64b76c4042545c63c163e2351f89a97a4,0,1,2,0.98,1.0612,0,2,0,3,2,2,0,0.0,0.0,0,,shortest_path,shortest_path:panel_7:0:1147007:0
shared,shared,shortest_path,0,30000,1,reference,panel_7,1147008,56529673d3ae813c9e361b4eb47b1e14134db23a1aea40fe454dff6e62d5d2c5,0,1,2,0.98,1.0612,0,2,0,3,2,2,0,0.0,0.0,0,,shortest_path,shortest_path:panel_7:0:1147008:0
shared,shared,shortest_path,0,30000,1,reference,panel_7,1147009,ef04d9b56d0d2ee2601628898e45c0ebe3d2e63024236ad7b0671a4417f01975,0,1,3,0.97,1.0936,0,3,0,4,3,3,0,0.0,0.0,0,,shortest_path,shortest_path:panel_7:0:1147009:0
shared,shared,shortest_path,0,30000,1,reference,panel_7,1147010,262690608767aee7af0b5838b6691106cb1e6469619a091aa95d9a1c99b8506e,0,1,2,0.98,1.0612,0,2,0,3,2,2,0,0.0,0.0,0,,shortest_path,shortest_path:panel_7:0:1147010:0
shared,shared,shortest_path,0,30000,1,reference,panel_7,1147011,ad8db3f02371b4f34521beb1b4f622531c9f3469e034caad2e8f10c5915b3fdc,0,1,1,0.99,1.03,0,1,0,2,1,1,0,0.0,0.0,0,,shortest_path,shortest_path:panel_7:0:1147011:0
shared,shared,shortest_path,0,30000,1,reference,panel_7,1147012,1523372c3690c9851f0e8d4af7bbb70c5c4f38be380c0089fb496a8cd7d27be2,0,1,3,0.97,1.0936,0,3,0,4,3,3,0,0.0,0.0,0,,shortest_path,shortest_path:panel_7:0:1147012:0
shared,shared,shortest_path,0,30000,1,reference,panel_7,1147013,a18dc896e98913776092619b9865ef0f1424503fdd10212889683d914ebc49f6,0,1,6,0.94,1.198,0,6,0,7,6,6,0,0.0,0.0,0,,shortest_path,shortest_path:panel_7:0:1147013:0
shared,shared,shortest_path,0,30000,1,reference,panel_7,1147014,ec62cc29ffe42530094d8b3a5276a0b50458e4ef51926511a2474cb16573a3a6,0,1,2,0.98,1.0612,0,2,0,3,2,2,0,0.0,0.0,0,,shortest_path,shortest_path:panel_7:0:1147014:0
shared,shared,shortest_path,0,30000,1,reference,panel_7,1147015,1803601405dd53164b57630c002687718d8c652dd4feed428ff8fc69ae4ceb06,0,1,8,0.9199999999999999,1.2736,0,8,0,9,8,8,0,0.0,0.0,0,,shortest_path,shortest_path:panel_7:0:1147015:0
shared,shared,shortest_path,0,30000,1,reference,panel_7,1147016,d88dcf572bdd4dcf0689daf80f4f980c425c3e7642ce5fac944009403bfa807f,0,1,1,0.99,1.03,0,1,0,2,1,1,0,0.0,0.0,0,,shortest_path,shortest_path:panel_7:0:1147016:0
shared,shared,shortest_path,0,30000,1,reference,panel_7,1147017,9f6afb18c737f1e54bcf80ea19ab61ff5d25bd05fc7596c12a11b3348d882362,0,1,6,0.94,1.198,0,6,0,7,6,6,0,0.0,0.0,0,,shortest_path,shortest_path:panel_7:0:1147017:0
shared,shared,shortest_path,0,30000,1,reference,panel_7,1147018,af93e02d275e81d2c9726552c8514ea40d492ac8758ee574d4764834303037d9,0,1,4,0.96,1.1272,0,4,0,5,4,4,0,0.0,0.0,0,,shortest_path,shortest_path:panel_7:0:1147018:0
shared,shared,shortest_path,0,30000,1,reference,panel_7,1147019,04aef3cfb447f7ebc072d962ac3b4f39afc8cffac10e671a52e682d8eb11208f,0,1,1,0.99,1.03,0,1,0,2,1,1,0,0.0,0.0,0,,shortest_path,shortest_path:panel_7:0:1147019:0
shared,shared,shortest_path,0,30000,1,reference,panel_7,1147020,9892067b44d4b50814c7fcfab52e1aec76f5191ea0f9d00844dbff63f091730a,0,1,1,0.99,1.03,0,1,0,2,1,1,0,0.0,0.0,0,,shortest_path,shortest_path:panel_7:0:1147020:0
shared,shared,shortest_path,0,30000,1,reference,panel_7,1147021,94f2a78f9d9ba2f6f57553917f023959987e5952b8e230570ed6ad8a363b5966,0,1,1,0.99,1.03,0,1,0,2,1,1,0,0.0,0.0,0,,shortest_path,shortest_path:panel_7:0:1147021:0
shared,shared,shortest_path,0,30000,1,reference,panel_7,1147022,a9592b6c52c829e664c4245d78a83d29d1bfc119a5be299184ef40e7ba24d814,0,1,7,0.9299999999999999,1.2352,0,7,0,8,7,7,0,0.0,0.0,0,,shortest_path,shortest_path:panel_7:0:1147022:0
shared,shared,shortest_path,0,30000,1,reference,panel_7,1147023,f05202bc3919db216b845aa75f4e22a7b5d4bb227ef8245bb409282694208ee1,0,1,7,0.9299999999999999,1.2352,0,7,0,8,7,7,0,0.0,0.0,0,,shortest_path,shortest_path:panel_7:0:1147023:0
shared,shared,shortest_path,0,30000,1,reference,panel_7,1147024,0d901f55ea2b164d171511fafad621ba3eb5b8a516a7f6ee23362a41ad28ea2a,0,1,2,0.98,1.0612,0,2,0,3,2,2,0,0.0,0.0,0,,shortest_path,shortest_path:panel_7:0:1147024:0
shared,shared,shortest_path,0,30000,1,reference,panel_7,1147025,fb8babb5ef02c7b77c7711b537da319bb22b0353fc08aafff55640b3bf93085e,0,1,5,0.95,1.162,0,5,0,6,5,5,0,0.0,0.0,0,,shortest_path,shortest_path:panel_7:0:1147025:0
shared,shared,shortest_path,0,30000,1,reference,panel_7,1147026,be8773df829b7fddbb35ec2f2669adff767e20b3c70c6fbf24eaa782e06d2c51,0,1,5,0.95,1.162,0,5,0,6,5,5,0,0.0,0.0,0,,shortest_path,shortest_path:panel_7:0:1147026:0
shared,shared,shortest_path,0,30000,1,reference,panel_7,1147027,f27978c2a82f34c46647a081244f16445935048a3d97d201327f5762959c292b,0,1,1,0.99,1.03,0,1,0,2,1,1,0,0.0,0.0,0,,shortest_path,shortest_path:panel_7:0:1147027:0
shared,shared,shortest_path,0,30000,1,reference,panel_7,1147028,550a9e83b132494e28120183cfc2f6a587ca18dde348c50bbd25cb877bef1cfc,0,1,1,0.99,1.03,0,1,0,2,1,1,0,0.0,0.0,0,,shortest_path,shortest_path:panel_7:0:1147028:0
shared,shared,shortest_path,0,30000,1,reference,panel_7,1147029,3e0110b8d1379ae1a8d5b91747c354c23c4203b56a4b66c1501da975174f0fdf,0,1,1,0.99,1.03,0,1,0,2,1,1,0,0.0,0.0,0,,shortest_path,shortest_path:panel_7:0:1147029:0
shared,shared,shortest_path,0,30000,1,reference,panel_7,1147030,13db85645984e617fcea1988877a1dc9cc6e6621fed7c82b91d287457890f2f4,0,1,4,0.96,1.1272,0,4,0,5,4,4,0,0.0,0.0,0,,shortest_path,shortest_path:panel_7:0:1147030:0
shared,shared,shortest_path,0,30000,1,reference,panel_7,1147031,e3f82b93d6699feaf2cd80aa42965a42fdd3d92b74b4d2594c3d3876d6f81cab,0,1,1,0.99,1.03,0,1,0,2,1,1,0,0.0,0.0,0,,shortest_path,shortest_path:panel_7:0:1147031:0
shared,shared,shortest_path,0,30000,1,reference,panel_7,1147032,d6359fb9505f6753748249a9526c68ffe2566644bab61b25ea1390e8e6df2be0,0,1,7,0.9299999999999999,1.2352,0,7,0,8,7,7,0,0.0,0.0,0,,shortest_path,shortest_path:panel_7:0:1147032:0
shared,shared,shortest_path,0,30000,1,reference,panel_7,1147033,71ec229c369f576ce6b2fe170b7a51204a264a5874337000231e1831ad7b7f1b,0,1,2,0.98,1.0612,0,2,0,3,2,2,0,0.0,0.0,0,,shortest_path,shortest_path:panel_7:0:1147033:0
shared,shared,shortest_path,0,30000,1,reference,panel_7,1147034,848875f496b7314bb9bf83480b9ff0468eacb6ea86b7759197978ad513782777,0,1,3,0.97,1.0936,0,3,0,4,3,3,0,0.0,0.0,0,,shortest_path,shortest_path:panel_7:0:1147034:0
shared,shared,shortest_path,0,30000,1,reference,panel_7,1147035,05b38de793ee9ae42737540a3387b92580e2546fcddc60a439a5bf5a675957f8,0,1,4,0.96,1.1272,0,4,0,5,4,4,0,0.0,0.0,0,,shortest_path,shortest_path:panel_7:0:1147035:0
shared,shared,shortest_path,0,30000,1,reference,panel_7,1147036,996e42b425bbbd86df5e451f82d926e514348efabc054f2d56d629406eff121f,0,1,1,0.99,1.03,0,1,0,2,1,1,0,0.0,0.0,0,,shortest_path,shortest_path:panel_7:0:1147036:0
shared,shared,shortest_path,0,30000,1,reference,panel_7,1147037,54b90cd862d2d21cd7b73f5e7131bb84b4d2600bbb4395b64c090fdacbb9676e,0,1,6,0.94,1.198,0,6,0,7,6,6,0,0.0,0.0,0,,shortest_path,shortest_path:panel_7:0:1147037:0
shared,shared,shortest_path,0,30000,1,reference,panel_7,1147038,dba100bb23b14e9f9afabc704adf76ed446f8adbc13eaa2eb9e7ff13eb7aaaf7,0,1,3,0.97,1.0936,0,3,0,4,3,3,0,0.0,0.0,0,,shortest_path,shortest_path:panel_7:0:1147038:0
shared,shared,shortest_path,0,30000,1,reference,panel_7,1147039,e92e89b0948af313d23a4e132dd91ac9c0c0cd929bda3314f5ac80eac47d3a6e,0,1,3,0.97,1.0936,0,3,0,4,3,3,0,0.0,0.0,0,,shortest_path,shortest_path:panel_7:0:1147039:0
shared,shared,shortest_path,0,30000,1,reference,panel_7,1147040,21c46dca145fe66cc468bfd38160b0d9d81e7935ab49fdd5431f88426dd0340a,0,1,2,0.98,1.0612,0,2,0,3,2,2,0,0.0,0.0,0,,shortest_path,shortest_path:panel_7:0:1147040:0
shared,shared,shortest_path,0,30000,1,reference,panel_7,1147041,da738822a347fa5ee57aba373e46a1e1aba07703da0698d25da59cef1a727a4d,0,1,4,0.96,1.1272,0,4,0,5,4,4,0,0.0,0.0,0,,shortest_path,shortest_path:panel_7:0:1147041:0
shared,shared,shortest_path,0,30000,1,reference,panel_7,1147042,ff53f2566226f541686d49dfdd2dfbd25e1e9b2b419eb6af8654a3075c6dd2c0,0,1,4,0.96,1.1272,0,4,0,5,4,4,0,0.0,0.0,0,,shortest_path,shortest_path:panel_7:0:1147042:0
shared,shared,shortest_path,0,30000,1,reference,panel_7,1147043,8150596b0953c13006d1f7604030886288517192c1970e49c13953bbef2a01d1,0,1,6,0.94,1.198,0,6,0,7,6,6,0,0.0,0.0,0,,shortest_path,shortest_path:panel_7:0:1147043:0
shared,shared,shortest_path,0,30000,1,reference,panel_7,1147044,2ae76d6ffc735682c454783bdd9494ce60f6e79bd3d3a910edfbdaf1bec00166,0,1,1,0.99,1.03,0,1,0,2,1,1,0,0.0,0.0,0,,shortest_path,shortest_path:panel_7:0:1147044:0
shared,shared,shortest_path,0,30000,1,reference,panel_7,1147045,e50563d36a63a5bb22bf9fac8e3fca9627941907b96a20698318259cf9f78a19,0,1,5,0.95,1.162,0,5,0,6,5,5,0,0.0,0.0,0,,shortest_path,shortest_path:panel_7:0:1147045:0
shared,shared,shortest_path,0,30000,1,reference,panel_7,1147046,c8b5e19fcaca28c143d9f5cbd490da7a546ef258de585067430127826b0af7a6,0,1,5,0.95,1.162,0,5,0,6,5,5,0,0.0,0.0,0,,shortest_path,shortest_path:panel_7:0:1147046:0
shared,shared,shortest_path,0,30000,1,reference,panel_7,1147047,d6b337f6e41955a81de6cbd2c34b095dda8b59fc390e7e77791724375d8eb0e5,0,1,5,0.95,1.162,0,5,0,6,5,5,0,0.0,0.0,0,,shortest_path,shortest_path:panel_7:0:1147047:0
shared,shared,shortest_path,0,30000,1,reference,panel_7,1147048,c25187fde6502f7aaeefb910689964552d15eadccf0d45f1e7abd4215c85ac1a,0,1,4,0.96,1.1272,0,4,0,5,4,4,0,0.0,0.0,0,,shortest_path,shortest_path:panel_7:0:1147048:0
shared,shared,shortest_path,0,30000,1,reference,panel_7,1147049,80c5b8c707f9762634b25ba84c0bb2fe9bf48607fa99967c878c50c8d60337d9,0,1,7,0.9299999999999999,1.2352,0,7,0,8,7,7,0,0.0,0.0,0,,shortest_path,shortest_path:panel_7:0:1147049:0
shared,shared,shortest_path,0,30000,1,reference,panel_7,1147050,b1dfe88598cf27f13d717114a8a59de9e21486798f99e1e7fb3829eb1df364c4,0,1,3,0.97,1.0936,0,3,0,4,3,3,0,0.0,0.0,0,,shortest_path,shortest_path:panel_7:0:1147050:0
shared,shared,shortest_path,0,30000,1,reference,panel_7,1147051,b3b7a4d8ee99d8615b07e381d660df16830749b1d13680c50b6f8973c896837d,0,1,4,0.96,1.1272,0,4,0,5,4,4,0,0.0,0.0,0,,shortest_path,shortest_path:panel_7:0:1147051:0
shared,shared,shortest_path,0,30000,1,reference,panel_7,1147052,553377be6f882c8bc06fcd5930cde094429c7dd3c5f5d484f11adc5423c524ec,0,1,5,0.95,1.162,0,5,0,6,5,5,0,0.0,0.0,0,,shortest_path,shortest_path:panel_7:0:1147052:0
shared,shared,shortest_path,0,30000,1,reference,panel_7,1147053,a6be541dadfb0248a2e70d8391eb1fbc10f03faaedfda5eaf7118f10e5ca542a,0,1,2,0.98,1.0612,0,2,0,3,2,2,0,0.0,0.0,0,,shortest_path,shortest_path:panel_7:0:1147053:0
shared,shared,shortest_path,0,30000,1,reference,panel_7,1147054,20f7ace6df6c6ab00e9bc28b9a1810a702debc883b47310e14e64c3a17039c3c,0,1,3,0.97,1.0936,0,3,0,4,3,3,0,0.0,0.0,0,,shortest_path,shortest_path:panel_7:0:1147054:0
shared,shared,shortest_path,0,30000,1,reference,panel_7,1147055,259f0c6e03d1cf44979d0bfc803d4beec9e7edfb7fc8952e2340ef57ea615b18,0,1,6,0.94,1.198,0,6,0,7,6,6,0,0.0,0.0,0,,shortest_path,shortest_path:panel_7:0:1147055:0
shared,shared,shortest_path,0,30000,1,reference,panel_7,1147056,3a05c6550fecaade0af5ffb3a789a289464516cf4bec1d5048caf07ef67e2e29,0,1,3,0.97,1.0936,0,3,0,4,3,3,0,0.0,0.0,0,,shortest_path,shortest_path:panel_7:0:1147056:0
shared,shared,shortest_path,0,30000,1,reference,panel_7,1147057,9c8cec7e53ef837463dc364cd91b0911a219253e3325b254da6ae5f4f63b201e,0,1,3,0.97,1.0936,0,3,0,4,3,3,0,0.0,0.0,0,,shortest_path,shortest_path:panel_7:0:1147057:0
shared,shared,shortest_path,0,30000,1,reference,panel_7,1147058,15c0e5f869afebd36c7ad89f46a036a01bd0c2b68ad9ff4d9d298427c83c4a58,0,1,8,0.9199999999999999,1.2736,0,8,0,9,8,8,0,0.0,0.0,0,,shortest_path,shortest_path:panel_7:0:1147058:0
shared,shared,shortest_path,0,30000,1,reference,panel_7,1147059,7e92879b1402079479a358876b8597427b89a7512ea1073003165fc51975bd65,0,1,7,0.9299999999999999,1.2352,0,7,0,8,7,7,0,0.0,0.0,0,,shortest_path,shortest_path:panel_7:0:1147059:0
shared,shared,shortest_path,0,30000,1,reference,panel_7,1147060,a13e279cdc4ceac1367efd47c824f220d1e0cf8ecdbd9404c194683d57be0612,0,1,2,0.98,1.0612,0,2,0,3,2,2,0,0.0,0.0,0,,shortest_path,shortest_path:panel_7:0:1147060:0
shared,shared,shortest_path,0,30000,1,reference,panel_7,1147061,d1ffd14796e2566a89305a0d41d32beb3f5ad09b1e4c1d0056d5c0521ad14d50,0,1,5,0.95,1.162,0,5,0,6,5,5,0,0.0,0.0,0,,shortest_path,shortest_path:panel_7:0:1147061:0
shared,shared,shortest_path,0,30000,1,reference,panel_7,1147062,5f830532e323679fe25a67d8d13c45b7daf655330f11edf1fa29e18428e5b362,0,1,1,0.99,1.03,0,1,0,2,1,1,0,0.0,0.0,0,,shortest_path,shortest_path:panel_7:0:1147062:0
shared,shared,shortest_path,0,30000,1,reference,panel_7,1147063,e2b927d37c36c30e77b0c808625792dee97fd945bb247f3cef55e4f56cad7c43,0,1,6,0.94,1.198,0,6,0,7,6,6,0,0.0,0.0,0,,shortest_path,shortest_path:panel_7:0:1147063:0
