bank_id,comparison,panel,seed,map_seed,mode,repetition,success_delta,efficient_success_delta,steps_delta,noop_rate_delta
1,logged_graph_minus_constrained,panel_0,0,1120000,greedy,0,-1,0,20,-0.375
1,logged_graph_minus_constrained,panel_0,0,1120001,greedy,0,0,0,0,0.0
1,logged_graph_minus_constrained,panel_0,0,1120002,greedy,0,0,0,0,-0.0625
1,logged_graph_minus_constrained,panel_0,0,1120003,greedy,0,-1,-1,27,0.875
1,logged_graph_minus_constrained,panel_0,0,1120004,greedy,0,-1,-1,30,0.875
1,logged_graph_minus_constrained,panel_0,0,1120005,greedy,0,0,0,18,0.22608695652173916
1,logged_graph_minus_constrained,panel_0,0,1120006,greedy,0,-1,-1,30,0.9375
1,logged_graph_minus_constrained,panel_0,0,1120007,greedy,0,-1,-1,30,0.3125
1,logged_graph_minus_constrained,panel_0,0,1120008,greedy,0,0,-1,19,0.5652173913043478
1,logged_graph_minus_constrained,panel_0,0,1120009,greedy,0,0,-1,11,0.4375
1,logged_graph_minus_constrained,panel_0,0,1120010,greedy,0,1,0,-10,-0.2414772727272727
1,logged_graph_minus_constrained,panel_0,0,1120011,greedy,0,-1,-1,27,0.90625
1,logged_graph_minus_constrained,panel_0,0,1120012,greedy,0,0,-1,17,0.6181818181818182
1,logged_graph_minus_constrained,panel_0,0,1120013,greedy,0,0,0,0,0.0
1,logged_graph_minus_constrained,panel_0,0,1120014,greedy,0,-1,-1,29,0.625
1,logged_graph_minus_constrained,panel_0,0,1120015,greedy,0,0,0,0,0.0
1,logged_graph_minus_constrained,panel_0,0,1120016,greedy,0,1,0,-19,-0.23076923076923073
1,logged_graph_minus_constrained,panel_0,0,1120017,greedy,0,0,0,0,0.0
1,logged_graph_minus_constrained,panel_0,0,1120018,greedy,0,0,1,-15,-0.42
1,logged_graph_minus_constrained,panel_0,0,1120019,greedy,0,0,-1,23,0.6538461538461539
1,logged_graph_minus_constrained,panel_0,0,1120020,greedy,0,0,-1,24,0.96
1,logged_graph_minus_constrained,panel_0,0,1120021,greedy,0,0,-1,23,0.8846153846153846
1,logged_graph_minus_constrained,panel_0,0,1120022,greedy,0,1,0,-2,-0.11458333333333337
1,logged_graph_minus_constrained,panel_0,0,1120023,greedy,0,0,-1,10,0.0
1,logged_graph_minus_constrained,panel_0,0,1120024,greedy,0,0,0,0,0.0
1,logged_graph_minus_constrained,panel_0,0,1120025,greedy,0,0,0,0,-0.03125
1,logged_graph_minus_constrained,panel_0,0,1120026,greedy,0,0,0,0,-0.09375
1,logged_graph_minus_constrained,panel_0,0,1120027,greedy,0,0,0,0,0.0
1,logged_graph_minus_constrained,panel_0,0,1120028,greedy,0,1,0,-13,-0.337171052631579
1,logged_graph_minus_constrained,panel_0,0,1120029,greedy,0,-1,0,26,0.5
1,logged_graph_minus_constrained,panel_0,0,1120030,greedy,0,-1,0,7,-0.92
1,logged_graph_minus_constrained,panel_0,0,1120031,greedy,0,0,0,0,0.0
1,logged_graph_minus_constrained,panel_0,0,1120032,greedy,0,0,0,0,0.0
1,logged_graph_minus_constrained,panel_0,0,1120033,greedy,0,-1,0,15,0.45955882352941174
1,logged_graph_minus_constrained,panel_0,0,1120034,greedy,0,0,-1,17,0.6190476190476191
1,logged_graph_minus_constrained,panel_0,0,1120035,greedy,0,0,0,0,-0.25
1,logged_graph_minus_constrained,panel_0,0,1120037,greedy,0,0,0,0,0.09375
1,logged_graph_minus_constrained,panel_0,0,1120038,greedy,0,0,0,0,0.0625
1,logged_graph_minus_constrained,panel_0,0,1120039,greedy,0,0,0,0,0.0
1,logged_graph_minus_constrained,panel_0,0,1120040,greedy,0,0,-1,17,0.7083333333333334
1,logged_graph_minus_constrained,panel_0,0,1120041,greedy,0,0,0,6,-0.5454545454545454
1,logged_graph_minus_constrained,panel_0,0,1120042,greedy,0,1,0,-13,-0.26315789473684215
1,logged_graph_minus_constrained,panel_0,0,1120043,greedy,0,-1,-1,27,0.96875
1,logged_graph_minus_constrained,panel_0,0,1120044,greedy,0,0,-1,17,0.85
1,logged_graph_minus_constrained,panel_0,0,1120045,greedy,0,-1,-1,30,0.0
1,logged_graph_minus_constrained,panel_0,0,1120046,greedy,0,0,-1,2,0.0
1,logged_graph_minus_constrained,panel_0,0,1120047,greedy,0,0,0,0,-0.375
1,logged_graph_minus_constrained,panel_0,0,1120048,greedy,0,-1,-1,27,0.84375
1,logged_graph_minus_constrained,panel_0,0,1120049,greedy,0,-1,-1,27,0.375
1,logged_graph_minus_constrained,panel_0,0,1120050,greedy,0,-1,-1,29,0.75
1,logged_graph_minus_constrained,panel_0,0,1120051,greedy,0,0,0,0,0.0
1,logged_graph_minus_constrained,panel_0,0,1120052,greedy,0,0,-1,17,0.47368421052631576
1,logged_graph_minus_constrained,panel_0,0,1120053,greedy,0,-1,-1,26,0.875
1,logged_graph_minus_constrained,panel_0,0,1120054,greedy,0,-1,-1,27,1.0
1,logged_graph_minus_constrained,panel_0,0,1120055,greedy,0,-1,-1,30,0.59375
1,logged_graph_minus_constrained,panel_0,0,1120056,greedy,0,-1,0,20,-0.6458333333333334
1,logged_graph_minus_constrained,panel_0,0,1120058,greedy,0,0,0,0,0.0
1,logged_graph_minus_constrained,panel_0,0,1120059,greedy,0,0,0,0,0.0
1,logged_graph_minus_constrained,panel_0,0,1120060,greedy,0,-1,-1,30,0.1875
1,logged_graph_minus_constrained,panel_0,0,1120061,greedy,0,0,1,-7,-0.7777777777777778
1,logged_graph_minus_constrained,panel_0,0,1120062,greedy,0,0,0,0,0.0
1,logged_graph_minus_constrained,panel_0,0,1120064,greedy,0,-1,-1,29,0.65625
1,logged_graph_minus_constrained,panel_0,0,1120065,greedy,0,0,0,0,-0.21875
1,logged_graph_minus_constrained,panel_0,0,1120066,greedy,0,1,0,-15,-0.3216911764705882
1,logged_graph_minus_constrained,panel_0,1,1120000,greedy,0,-1,-1,29,0.90625
1,logged_graph_minus_constrained,panel_0,1,1120001,greedy,0,1,0,-7,-0.22624999999999995
1,logged_graph_minus_constrained,panel_0,1,1120002,greedy,0,0,0,0,0.0
1,logged_graph_minus_constrained,panel_0,1,1120003,greedy,0,-1,-1,27,0.9375
1,logged_graph_minus_constrained,panel_0,1,1120004,greedy,0,0,-1,17,0.8947368421052632
1,logged_graph_minus_constrained,panel_0,1,1120005,greedy,0,-1,-1,30,0.59375
1,logged_graph_minus_constrained,panel_0,1,1120006,greedy,0,0,-1,10,0.16666666666666666
1,logged_graph_minus_constrained,panel_0,1,1120007,greedy,0,-1,-1,30,0.78125
1,logged_graph_minus_constrained,panel_0,1,1120008,greedy,0,-1,0,9,-0.6385869565217391
1,logged_graph_minus_constrained,panel_0,1,1120009,greedy,0,0,-1,13,0.5735294117647058
1,logged_graph_minus_constrained,panel_0,1,1120010,greedy,0,0,0,0,0.0
1,logged_graph_minus_constrained,panel_0,1,1120011,greedy,0,-1,-1,22,0.40625
1,logged_graph_minus_constrained,panel_0,1,1120012,greedy,0,-1,0,0,0.96875
1,logged_graph_minus_constrained,panel_0,1,1120013,greedy,0,0,0,0,-0.53125
1,logged_graph_minus_constrained,panel_0,1,1120014,greedy,0,0,0,0,0.0
1,logged_graph_minus_constrained,panel_0,1,1120015,greedy,0,0,-1,17,0.8947368421052632
1,logged_graph_minus_constrained,panel_0,1,1120016,greedy,0,0,0,0,-0.53125
1,logged_graph_minus_constrained,panel_0,1,1120017,greedy,0,-1,-1,26,1.0
1,logged_graph_minus_constrained,panel_0,1,1120018,greedy,0,0,0,0,-0.78125
1,logged_graph_minus_constrained,panel_0,1,1120019,greedy,0,0,0,8,0.1148325358851674
1,logged_graph_minus_constrained,panel_0,1,1120020,greedy,0,0,0,0,0.0
1,logged_graph_minus_constrained,panel_0,1,1120021,greedy,0,-1,-1,29,0.75
1,logged_graph_minus_constrained,panel_0,1,1120022,greedy,0,0,0,0,0.0
1,logged_graph_minus_constrained,panel_0,1,1120023,greedy,0,0,-1,10,0.15384615384615385
1,logged_graph_minus_constrained,panel_0,1,1120024,greedy,0,0,-1,30,0.967741935483871
1,logged_graph_minus_constrained,panel_0,1,1120025,greedy,0,1,0,-15,-0.2628676470588235
1,logged_graph_minus_constrained,panel_0,1,1120026,greedy,0,0,0,0,-0.34375
1,logged_graph_minus_constrained,panel_0,1,1120027,greedy,0,0,-1,8,0.8
1,logged_graph_minus_constrained,panel_0,1,1120028,greedy,0,0,0,0,0.0
1,logged_graph_minus_constrained,panel_0,1,1120029,greedy,0,-1,-1,30,0.875
1,logged_graph_minus_constrained,panel_0,1,1120030,greedy,0,-1,-1,29,0.4166666666666667
1,logged_graph_minus_constrained,panel_0,1,1120031,greedy,0,0,0,0,0.0
1,logged_graph_minus_constrained,panel_0,1,1120032,greedy,0,0,0,0,0.0625
1,logged_graph_minus_constrained,panel_0,1,1120033,greedy,0,-1,-1,24,0.8125
1,logged_graph_minus_constrained,panel_0,1,1120034,greedy,0,0,0,0,-0.09375
1,logged_graph_minus_constrained,panel_0,1,1120035,greedy,0,-1,-1,29,0.96875
1,logged_graph_minus_constrained,panel_0,1,1120037,greedy,0,0,0,0,-0.21875
1,logged_graph_minus_constrained,panel_0,1,1120038,greedy,0,0,0,0,-0.40625
1,logged_graph_minus_constrained,panel_0,1,1120039,greedy,0,0,0,1,-0.1166666666666667
1,logged_graph_minus_constrained,panel_0,1,1120040,greedy,0,-1,0,8,0.07291666666666663
1,logged_graph_minus_constrained,panel_0,1,1120041,greedy,0,1,0,-14,-0.2152777777777778
1,logged_graph_minus_constrained,panel_0,1,1120042,greedy,0,1,0,-21,-0.4545454545454546
1,logged_graph_minus_constrained,panel_0,1,1120043,greedy,0,0,0,0,-0.15625
1,logged_graph_minus_constrained,panel_0,1,1120044,greedy,0,-1,0,16,0.0625
1,logged_graph_minus_constrained,panel_0,1,1120045,greedy,0,-1,-1,30,1.0
1,logged_graph_minus_constrained,panel_0,1,1120046,greedy,0,0,0,0,0.0
1,logged_graph_minus_constrained,panel_0,1,1120047,greedy,0,0,0,0,-0.25
1,logged_graph_minus_constrained,panel_0,1,1120048,greedy,0,0,0,0,-0.0625
1,logged_graph_minus_constrained,panel_0,1,1120049,greedy,0,0,-1,25,0.6720430107526882
1,logged_graph_minus_constrained,panel_0,1,1120050,greedy,0,0,0,0,0.0
1,logged_graph_minus_constrained,panel_0,1,1120051,greedy,0,-1,-1,18,0.09821428571428573
1,logged_graph_minus_constrained,panel_0,1,1120052,greedy,0,0,-1,15,0.7647058823529411
1,logged_graph_minus_constrained,panel_0,1,1120053,greedy,0,0,0,-12,-0.17857142857142855
1,logged_graph_minus_constrained,panel_0,1,1120054,greedy,0,1,1,-23,-0.5555555555555556
1,logged_graph_minus_constrained,panel_0,1,1120055,greedy,0,0,-1,5,0.7142857142857143
1,logged_graph_minus_constrained,panel_0,1,1120056,greedy,0,0,1,-12,-0.8571428571428571
1,logged_graph_minus_constrained,panel_0,1,1120058,greedy,0,0,0,0,0.0
1,logged_graph_minus_constrained,panel_0,1,1120059,greedy,0,0,0,0,-0.21875
1,logged_graph_minus_constrained,panel_0,1,1120060,greedy,0,0,-1,14,0.0
1,logged_graph_minus_constrained,panel_0,1,1120061,greedy,0,0,-1,6,0.0
1,logged_graph_minus_constrained,panel_0,1,1120062,greedy,0,0,0,0,-0.03125
1,logged_graph_minus_constrained,panel_0,1,1120064,greedy,0,1,0,-2,-0.6375
1,logged_graph_minus_constrained,panel_0,1,1120065,greedy,0,1,1,-28,-0.96875
1,logged_graph_minus_constrained,panel_0,1,1120066,greedy,0,-1,-1,26,0.90625
1,logged_graph_minus_constrained,panel_0,2,1120000,greedy,0,0,0,0,0.0
1,logged_graph_minus_constrained,panel_0,2,1120001,greedy,0,0,0,0,0.0
1,logged_graph_minus_constrained,panel_0,2,1120002,greedy,0,0,0,0,-0.25
1,logged_graph_minus_constrained,panel_0,2,1120003,greedy,0,0,0,0,0.8125
1,logged_graph_minus_constrained,panel_0,2,1120004,greedy,0,-1,0,8,0.6875
1,logged_graph_minus_constrained,panel_0,2,1120005,greedy,0,0,0,0,-0.0625
1,logged_graph_minus_constrained,panel_0,2,1120006,greedy,0,0,0,0,0.0
1,logged_graph_minus_constrained,panel_0,2,1120007,greedy,0,0,-1,21,0.5652173913043478
1,logged_graph_minus_constrained,panel_0,2,1120008,greedy,0,0,0,-10,0.8181818181818182
1,logged_graph_minus_constrained,panel_0,2,1120009,greedy,0,0,0,10,0.050000000000000044
1,logged_graph_minus_constrained,panel_0,2,1120010,greedy,0,-1,0,9,0.28532608695652173
1,logged_graph_minus_constrained,panel_0,2,1120011,greedy,0,-1,-1,27,0.9375
1,logged_graph_minus_constrained,panel_0,2,1120012,greedy,0,0,0,0,-0.125
1,logged_graph_minus_constrained,panel_0,2,1120013,greedy,0,0,0,0,0.0
1,logged_graph_minus_constrained,panel_0,2,1120014,greedy,0,-1,-1,29,0.125
1,logged_graph_minus_constrained,panel_0,2,1120015,greedy,0,0,-1,22,0.0
1,logged_graph_minus_constrained,panel_0,2,1120016,greedy,0,-1,-1,29,0.9375
1,logged_graph_minus_constrained,panel_0,2,1120017,greedy,0,0,0,0,0.0625
1,logged_graph_minus_constrained,panel_0,2,1120018,greedy,0,-1,0,8,-0.02083333333333337
1,logged_graph_minus_constrained,panel_0,2,1120019,greedy,0,1,0,-9,-0.9375
1,logged_graph_minus_constrained,panel_0,2,1120020,greedy,0,-1,-1,31,1.0
1,logged_graph_minus_constrained,panel_0,2,1120021,greedy,0,0,0,-5,-0.5256410256410257
1,logged_graph_minus_constrained,panel_0,2,1120022,greedy,0,0,0,0,0.0
1,logged_graph_minus_constrained,panel_0,2,1120023,greedy,0,0,-1,5,0.625
1,logged_graph_minus_constrained,panel_0,2,1120024,greedy,0,0,-1,9,0.9
1,logged_graph_minus_constrained,panel_0,2,1120025,greedy,0,0,0,0,-0.3125
1,logged_graph_minus_constrained,panel_0,2,1120026,greedy,0,-1,0,16,-0.125
1,logged_graph_minus_constrained,panel_0,2,1120027,greedy,0,0,0,0,0.0
1,logged_graph_minus_constrained,panel_0,2,1120028,greedy,0,0,0,0,-0.6875
1,logged_graph_minus_constrained,panel_0,2,1120029,greedy,0,0,0,0,0.0
1,logged_graph_minus_constrained,panel_0,2,1120030,greedy,0,0,0,-12,0.0
1,logged_graph_minus_constrained,panel_0,2,1120031,greedy,0,0,0,0,0.0
1,logged_graph_minus_constrained,panel_0,2,1120032,greedy,0,0,0,0,-0.09375
1,logged_graph_minus_constrained,panel_0,2,1120033,greedy,0,-1,-1,18,0.03125
1,logged_graph_minus_constrained,panel_0,2,1120034,greedy,0,0,0,0,0.0625
1,logged_graph_minus_constrained,panel_0,2,1120035,greedy,0,0,0,0,-0.21875
1,logged_graph_minus_constrained,panel_0,2,1120037,greedy,0,0,0,0,0.625
1,logged_graph_minus_constrained,panel_0,2,1120038,greedy,0,-1,-1,23,0.3993055555555556
1,logged_graph_minus_constrained,panel_0,2,1120039,greedy,0,0,0,0,0.09375
1,logged_graph_minus_constrained,panel_0,2,1120040,greedy,0,1,0,-11,-0.23958333333333337
1,logged_graph_minus_constrained,panel_0,2,1120041,greedy,0,1,0,-3,-0.10991379310344829
1,logged_graph_minus_constrained,panel_0,2,1120042,greedy,0,0,0,0,0.125
1,logged_graph_minus_constrained,panel_0,2,1120043,greedy,0,0,0,0,0.40625
1,logged_graph_minus_constrained,panel_0,2,1120044,greedy,0,0,-1,17,0.75
1,logged_graph_minus_constrained,panel_0,2,1120045,greedy,0,0,-1,22,0.9166666666666666
1,logged_graph_minus_constrained,panel_0,2,1120046,greedy,0,0,-1,10,0.0
1,logged_graph_minus_constrained,panel_0,2,1120047,greedy,0,0,0,0,0.4375
1,logged_graph_minus_constrained,panel_0,2,1120048,greedy,0,0,0,0,0.03125
1,logged_graph_minus_constrained,panel_0,2,1120049,greedy,0,-1,0,13,-0.049342105263157854
1,logged_graph_minus_constrained,panel_0,2,1120050,greedy,0,0,0,0,0.0
1,logged_graph_minus_constrained,panel_0,2,1120051,greedy,0,-1,-1,25,0.53125
1,logged_graph_minus_constrained,panel_0,2,1120052,greedy,0,0,-1,14,0.0
1,logged_graph_minus_constrained,panel_0,2,1120053,greedy,0,1,0,-4,0.0267857142857143
1,logged_graph_minus_constrained,panel_0,2,1120054,greedy,0,0,0,0,0.0
1,logged_graph_minus_constrained,panel_0,2,1120055,greedy,0,0,0,0,-0.6666666666666666
1,logged_graph_minus_constrained,panel_0,2,1120056,greedy,0,0,-1,4,0.0
1,logged_graph_minus_constrained,panel_0,2,1120058,greedy,0,0,0,0,-0.40625
1,logged_graph_minus_constrained,panel_0,2,1120059,greedy,0,0,0,0,0.0
1,logged_graph_minus_constrained,panel_0,2,1120060,greedy,0,-1,0,21,0.23295454545454547
1,logged_graph_minus_constrained,panel_0,2,1120061,greedy,0,0,0,0,0.0
1,logged_graph_minus_constrained,panel_0,2,1120062,greedy,0,0,0,0,-0.125
1,logged_graph_minus_constrained,panel_0,2,1120064,greedy,0,-1,-1,29,0.6875
1,logged_graph_minus_constrained,panel_0,2,1120065,greedy,0,-1,0,19,0.36778846153846156
1,logged_graph_minus_constrained,panel_0,2,1120066,greedy,0,1,0,-14,-0.5625
1,logged_graph_minus_constrained,panel_1,0,1121000,greedy,0,-1,-1,28,0.40625
1,logged_graph_minus_constrained,panel_1,0,1121001,greedy,0,0,0,8,0.8
1,logged_graph_minus_constrained,panel_1,0,1121002,greedy,0,-1,-1,27,0.625
1,logged_graph_minus_constrained,panel_1,0,1121003,greedy,0,0,0,0,0.0
1,logged_graph_minus_constrained,panel_1,0,1121004,greedy,0,-1,0,10,0.13068181818181823
1,logged_graph_minus_constrained,panel_1,0,1121005,greedy,0,0,0,0,-0.03125
1,logged_graph_minus_constrained,panel_1,0,1121006,greedy,0,-1,-1,30,0.4375
1,logged_graph_minus_constrained,panel_1,0,1121007,greedy,0,-1,0,23,0.3506944444444444
1,logged_graph_minus_constrained,panel_1,0,1121008,greedy,0,-1,-1,26,0.40625
1,logged_graph_minus_constrained,panel_1,0,1121009,greedy,0,0,0,0,-0.90625
1,logged_graph_minus_constrained,panel_1,0,1121010,greedy,0,0,-1,14,0.75
1,logged_graph_minus_constrained,panel_1,0,1121011,greedy,0,-1,-1,26,0.3125
1,logged_graph_minus_constrained,panel_1,0,1121012,greedy,0,0,0,0,0.0
1,logged_graph_minus_constrained,panel_1,0,1121013,greedy,0,0,0,0,-0.375
1,logged_graph_minus_constrained,panel_1,0,1121014,greedy,0,0,1,-24,-0.8571428571428571
1,logged_graph_minus_constrained,panel_1,0,1121015,greedy,0,1,0,-6,-1.0
1,logged_graph_minus_constrained,panel_1,0,1121016,greedy,0,0,0,0,0.0
1,logged_graph_minus_constrained,panel_1,0,1121017,greedy,0,-1,0,25,0.1517857142857143
1,logged_graph_minus_constrained,panel_1,0,1121018,greedy,0,-1,-1,30,0.375
1,logged_graph_minus_constrained,panel_1,0,1121019,greedy,0,0,0,0,-0.15625
1,logged_graph_minus_constrained,panel_1,0,1121020,greedy,0,0,0,0,-0.3125
1,logged_graph_minus_constrained,panel_1,0,1121021,greedy,0,-1,-1,26,1.0
1,logged_graph_minus_constrained,panel_1,0,1121022,greedy,0,-1,-1,24,0.96875
1,logged_graph_minus_constrained,panel_1,0,1121023,greedy,0,-1,-1,27,0.4375
1,logged_graph_minus_constrained,panel_1,0,1121024,greedy,0,0,0,19,0.8620689655172413
1,logged_graph_minus_constrained,panel_1,0,1121025,greedy,0,0,1,-9,-0.9
1,logged_graph_minus_constrained,panel_1,0,1121026,greedy,0,0,0,0,0.0625
1,logged_graph_minus_constrained,panel_1,0,1121027,greedy,0,1,0,-16,-0.65625
1,logged_graph_minus_constrained,panel_1,0,1121028,greedy,0,1,1,-27,-0.90625
1,logged_graph_minus_constrained,panel_1,0,1121029,greedy,0,-1,-1,30,0.96875
1,logged_graph_minus_constrained,panel_1,0,1121030,greedy,0,0,0,4,0.5217391304347826
1,logged_graph_minus_constrained,panel_1,0,1121031,greedy,0,0,-1,4,0.0
1,logged_graph_minus_constrained,panel_1,0,1121032,greedy,0,0,0,5,0.9166666666666666
1,logged_graph_minus_constrained,panel_1,0,1121034,greedy,0,0,-1,4,0.0
1,logged_graph_minus_constrained,panel_1,0,1121035,greedy,0,0,0,6,-0.6666666666666666
1,logged_graph_minus_constrained,panel_1,0,1121036,greedy,0,-1,-1,30,0.90625
1,logged_graph_minus_constrained,panel_1,0,1121037,greedy,0,0,0,0,0.0
1,logged_graph_minus_constrained,panel_1,0,1121038,greedy,0,0,0,0,-0.09375
1,logged_graph_minus_constrained,panel_1,0,1121039,greedy,0,0,0,0,0.0
1,logged_graph_minus_constrained,panel_1,0,1121040,greedy,0,0,0,0,-0.09375
1,logged_graph_minus_constrained,panel_1,0,1121041,greedy,0,0,-1,9,0.6363636363636364
1,logged_graph_minus_constrained,panel_1,0,1121042,greedy,0,0,0,0,0.0
1,logged_graph_minus_constrained,panel_1,0,1121043,greedy,0,-1,-1,30,0.9375
1,logged_graph_minus_constrained,panel_1,0,1121044,greedy,0,0,0,0,-0.4
1,logged_graph_minus_constrained,panel_1,0,1121045,greedy,0,-1,-1,31,0.90625
1,logged_graph_minus_constrained,panel_1,0,1121046,greedy,0,0,0,0,0.03125
1,logged_graph_minus_constrained,panel_1,0,1121047,greedy,0,0,0,-10,0.3333333333333333
1,logged_graph_minus_constrained,panel_1,0,1121048,greedy,0,0,1,-3,-0.6363636363636364
1,logged_graph_minus_constrained,panel_1,0,1121049,greedy,0,0,0,0,0.0
1,logged_graph_minus_constrained,panel_1,0,1121050,greedy,0,0,-1,2,0.0
1,logged_graph_minus_constrained,panel_1,0,1121051,greedy,0,-1,-1,28,0.9375
1,logged_graph_minus_constrained,panel_1,0,1121052,greedy,0,0,0,0,0.0
1,logged_graph_minus_constrained,panel_1,0,1121053,greedy,0,0,-1,13,0.7222222222222222
1,logged_graph_minus_constrained,panel_1,0,1121054,greedy,0,-1,-1,28,0.8125
1,logged_graph_minus_constrained,panel_1,0,1121055,greedy,0,0,0,0,0.0
1,logged_graph_minus_constrained,panel_1,0,1121056,greedy,0,0,0,-2,-0.005555555555555536
1,logged_graph_minus_constrained,panel_1,0,1121057,greedy,0,0,-1,16,0.0
1,logged_graph_minus_constrained,panel_1,0,1121058,greedy,0,-1,-1,24,0.09375
1,logged_graph_minus_constrained,panel_1,0,1121059,greedy,0,1,0,-19,-0.2451923076923077
1,logged_graph_minus_constrained,panel_1,0,1121060,greedy,0,0,0,0,-0.3125
1,logged_graph_minus_constrained,panel_1,0,1121061,greedy,0,0,-1,12,0.3076923076923077
1,logged_graph_minus_constrained,panel_1,0,1121062,greedy,0,0,0,0,0.0
1,logged_graph_minus_constrained,panel_1,0,1121063,greedy,0,0,1,-2,-0.6666666666666666
1,logged_graph_minus_constrained,panel_1,0,1121064,greedy,0,0,0,0,0.0
1,logged_graph_minus_constrained,panel_1,1,1121000,greedy,0,0,0,0,0.0
1,logged_graph_minus_constrained,panel_1,1,1121001,greedy,0,0,0,9,0.18947368421052635
1,logged_graph_minus_constrained,panel_1,1,1121002,greedy,0,-1,0,0,0.125
1,logged_graph_minus_constrained,panel_1,1,1121003,greedy,0,0,0,0,0.21875
1,logged_graph_minus_constrained,panel_1,1,1121004,greedy,0,1,0,-7,-0.18625000000000003
1,logged_graph_minus_constrained,panel_1,1,1121005,greedy,0,-1,0,15,0.20036764705882348
1,logged_graph_minus_constrained,panel_1,1,1121006,greedy,0,0,0,0,0.0
1,logged_graph_minus_constrained,panel_1,1,1121007,greedy,0,-1,0,11,0.09672619047619047
1,logged_graph_minus_constrained,panel_1,1,1121008,greedy,0,0,0,-5,-0.05639097744360899
1,logged_graph_minus_constrained,panel_1,1,1121009,greedy,0,-1,0,24,-0.1875
1,logged_graph_minus_constrained,panel_1,1,1121010,greedy,0,1,1,-28,-0.625
1,logged_graph_minus_constrained,panel_1,1,1121011,greedy,0,0,0,0,0.875
1,logged_graph_minus_constrained,panel_1,1,1121012,greedy,0,0,0,0,0.0
1,logged_graph_minus_constrained,panel_1,1,1121013,greedy,0,0,0,0,0.375
1,logged_graph_minus_constrained,panel_1,1,1121014,greedy,0,-1,0,8,0.10416666666666663
1,logged_graph_minus_constrained,panel_1,1,1121015,greedy,0,-1,-1,28,1.0
1,logged_graph_minus_constrained,panel_1,1,1121016,greedy,0,0,0,11,0.8947368421052632
1,logged_graph_minus_constrained,panel_1,1,1121017,greedy,0,-1,-1,29,0.1875
1,logged_graph_minus_constrained,panel_1,1,1121018,greedy,0,-1,-1,30,0.71875
1,logged_graph_minus_constrained,panel_1,1,1121019,greedy,0,0,-1,14,0.40579710144927533
1,logged_graph_minus_constrained,panel_1,1,1121020,greedy,0,0,0,-8,-0.22857142857142865
1,logged_graph_minus_constrained,panel_1,1,1121021,greedy,0,1,0,-11,-0.2857142857142857
1,logged_graph_minus_constrained,panel_1,1,1121022,greedy,0,0,1,-23,-0.8518518518518519
1,logged_graph_minus_constrained,panel_1,1,1121023,greedy,0,0,0,0,-0.125
1,logged_graph_minus_constrained,panel_1,1,1121024,greedy,0,-1,-1,30,0.84375
1,logged_graph_minus_constrained,panel_1,1,1121025,greedy,0,0,0,0,0.0
1,logged_graph_minus_constrained,panel_1,1,1121026,greedy,0,-1,-1,23,0.59375
1,logged_graph_minus_constrained,panel_1,1,1121027,greedy,0,1,0,-21,-0.4232954545454546
1,logged_graph_minus_constrained,panel_1,1,1121028,greedy,0,0,-1,15,0.55
1,logged_graph_minus_constrained,panel_1,1,1121029,greedy,0,0,0,0,0.0
1,logged_graph_minus_constrained,panel_1,1,1121030,greedy,0,-1,-1,26,0.3125
1,logged_graph_minus_constrained,panel_1,1,1121031,greedy,0,-1,-1,29,0.75
1,logged_graph_minus_constrained,panel_1,1,1121032,greedy,0,0,0,17,0.875
1,logged_graph_minus_constrained,panel_1,1,1121034,greedy,0,-1,-1,29,0.90625
1,logged_graph_minus_constrained,panel_1,1,1121035,greedy,0,-1,-1,30,1.0
1,logged_graph_minus_constrained,panel_1,1,1121036,greedy,0,0,-1,6,0.5
1,logged_graph_minus_constrained,panel_1,1,1121037,greedy,0,-1,-1,31,1.0
1,logged_graph_minus_constrained,panel_1,1,1121038,greedy,0,-1,-1,22,0.66875
1,logged_graph_minus_constrained,panel_1,1,1121039,greedy,0,-1,-1,28,0.28125
1,logged_graph_minus_constrained,panel_1,1,1121040,greedy,0,-1,-1,28,0.9375
1,logged_graph_minus_constrained,panel_1,1,1121041,greedy,0,0,-1,16,0.4444444444444444
1,logged_graph_minus_constrained,panel_1,1,1121042,greedy,0,-1,-1,28,0.84375
1,logged_graph_minus_constrained,panel_1,1,1121043,greedy,0,-1,0,18,0.5
1,logged_graph_minus_constrained,panel_1,1,1121044,greedy,0,0,0,0,0.0
1,logged_graph_minus_constrained,panel_1,1,1121045,greedy,0,0,0,0,0.0
1,logged_graph_minus_constrained,panel_1,1,1121046,greedy,0,0,0,0,0.0
1,logged_graph_minus_constrained,panel_1,1,1121047,greedy,0,-1,-1,30,0.0
1,logged_graph_minus_constrained,panel_1,1,1121048,greedy,0,0,0,-7,-0.06222222222222218
1,logged_graph_minus_constrained,panel_1,1,1121049,greedy,0,0,0,0,-0.1875
1,logged_graph_minus_constrained,panel_1,1,1121050,greedy,0,0,0,0,0.0
1,logged_graph_minus_constrained,panel_1,1,1121051,greedy,0,-1,0,15,-0.07720588235294112
1,logged_graph_minus_constrained,panel_1,1,1121052,greedy,0,0,0,0,0.0
1,logged_graph_minus_constrained,panel_1,1,1121053,greedy,0,1,0,-10,-0.1335227272727273
1,logged_graph_minus_constrained,panel_1,1,1121054,greedy,0,0,-1,6,0.0
1,logged_graph_minus_constrained,panel_1,1,1121055,greedy,0,1,1,-31,-1.0
1,logged_graph_minus_constrained,panel_1,1,1121056,greedy,0,0,1,-14,-0.9333333333333333
1,logged_graph_minus_constrained,panel_1,1,1121057,greedy,0,0,-1,8,0.0
1,logged_graph_minus_constrained,panel_1,1,1121058,greedy,0,0,0,-8,0.0
1,logged_graph_minus_constrained,panel_1,1,1121059,greedy,0,-1,0,17,0.2666666666666667
1,logged_graph_minus_constrained,panel_1,1,1121060,greedy,0,0,0,0,0.625
1,logged_graph_minus_constrained,panel_1,1,1121061,greedy,0,-1,-1,31,0.8125
1,logged_graph_minus_constrained,panel_1,1,1121062,greedy,0,0,-1,16,0.9411764705882353
1,logged_graph_minus_constrained,panel_1,1,1121063,greedy,0,-1,-1,31,0.75
1,logged_graph_minus_constrained,panel_1,1,1121064,greedy,0,1,0,-13,-0.21052631578947367
1,logged_graph_minus_constrained,panel_1,2,1121000,greedy,0,0,-1,17,0.14285714285714285
1,logged_graph_minus_constrained,panel_1,2,1121001,greedy,0,0,-1,19,0.391304347826087
1,logged_graph_minus_constrained,panel_1,2,1121002,greedy,0,0,0,0,0.0
1,logged_graph_minus_constrained,panel_1,2,1121003,greedy,0,0,0,0,0.0
1,logged_graph_minus_constrained,panel_1,2,1121004,greedy,0,-1,0,3,0.08512931034482762
1,logged_graph_minus_constrained,panel_1,2,1121005,greedy,0,0,0,0,-0.21875
1,logged_graph_minus_constrained,panel_1,2,1121006,greedy,0,-1,0,12,0.875
1,logged_graph_minus_constrained,panel_1,2,1121007,greedy,0,-1,0,20,0.59375
1,logged_graph_minus_constrained,panel_1,2,1121008,greedy,0,0,-1,26,0.3448275862068966
1,logged_graph_minus_constrained,panel_1,2,1121009,greedy,0,1,0,-6,-0.15384615384615385
1,logged_graph_minus_constrained,panel_1,2,1121010,greedy,0,-1,-1,30,0.9375
1,logged_graph_minus_constrained,panel_1,2,1121011,greedy,0,0,0,0,0.125
1,logged_graph_minus_constrained,panel_1,2,1121012,greedy,0,-1,-1,31,0.875
1,logged_graph_minus_constrained,panel_1,2,1121013,greedy,0,0,0,0,0.4375
1,logged_graph_minus_constrained,panel_1,2,1121014,greedy,0,1,0,-20,-0.30208333333333337
1,logged_graph_minus_constrained,panel_1,2,1121015,greedy,0,-1,-1,28,0.8125
1,logged_graph_minus_constrained,panel_1,2,1121016,greedy,0,0,0,0,0.0
1,logged_graph_minus_constrained,panel_1,2,1121017,greedy,0,-1,-1,29,0.0
1,logged_graph_minus_constrained,panel_1,2,1121018,greedy,0,0,-1,25,0.48148148148148145
1,logged_graph_minus_constrained,panel_1,2,1121019,greedy,0,0,0,0,-0.15625
1,logged_graph_minus_constrained,panel_1,2,1121020,greedy,0,0,0,0,-0.0625
1,logged_graph_minus_constrained,panel_1,2,1121021,greedy,0,0,0,0,0.0
1,logged_graph_minus_constrained,panel_1,2,1121022,greedy,0,0,0,0,0.34375
1,logged_graph_minus_constrained,panel_1,2,1121023,greedy,0,-1,0,17,0.90625
1,logged_graph_minus_constrained,panel_1,2,1121024,greedy,0,-1,-1,30,0.90625
1,logged_graph_minus_constrained,panel_1,2,1121025,greedy,0,0,-1,26,0.3928571428571429
1,logged_graph_minus_constrained,panel_1,2,1121026,greedy,0,-1,-1,27,0.96875
1,logged_graph_minus_constrained,panel_1,2,1121027,greedy,0,0,1,-4,0.0
1,logged_graph_minus_constrained,panel_1,2,1121028,greedy,0,-1,0,12,0.15625
1,logged_graph_minus_constrained,panel_1,2,1121029,greedy,0,1,1,-30,-0.96875
1,logged_graph_minus_constrained,panel_1,2,1121030,greedy,0,-1,0,14,-0.36111111111111116
1,logged_graph_minus_constrained,panel_1,2,1121031,greedy,0,0,0,2,0.0
1,logged_graph_minus_constrained,panel_1,2,1121032,greedy,0,0,0,0,0.0
1,logged_graph_minus_constrained,panel_1,2,1121034,greedy,0,0,-1,16,0.631578947368421
1,logged_graph_minus_constrained,panel_1,2,1121035,greedy,0,1,0,-26,-0.33333333333333337
1,logged_graph_minus_constrained,panel_1,2,1121036,greedy,0,0,0,0,0.0
1,logged_graph_minus_constrained,panel_1,2,1121037,greedy,0,-1,0,25,1.0
1,logged_graph_minus_constrained,panel_1,2,1121038,greedy,0,0,0,0,-0.15625
1,logged_graph_minus_constrained,panel_1,2,1121039,greedy,0,0,0,0,-0.40625
1,logged_graph_minus_constrained,panel_1,2,1121040,greedy,0,0,0,0,0.09375
1,logged_graph_minus_constrained,panel_1,2,1121041,greedy,0,0,-1,19,0.9047619047619048
1,logged_graph_minus_constrained,panel_1,2,1121042,greedy,0,-1,-1,28,0.90625
1,logged_graph_minus_constrained,panel_1,2,1121043,greedy,0,0,-1,4,0.0
1,logged_graph_minus_constrained,panel_1,2,1121044,greedy,0,0,0,2,0.0
1,logged_graph_minus_constrained,panel_1,2,1121045,greedy,0,1,1,-31,0.0
1,logged_graph_minus_constrained,panel_1,2,1121046,greedy,0,0,0,0,-0.15625
1,logged_graph_minus_constrained,panel_1,2,1121047,greedy,0,-1,-1,30,0.0
1,logged_graph_minus_constrained,panel_1,2,1121048,greedy,0,0,0,10,-0.26113671274961603
1,logged_graph_minus_constrained,panel_1,2,1121049,greedy,0,0,0,0,-0.03125
1,logged_graph_minus_constrained,panel_1,2,1121050,greedy,0,0,-1,27,0.9642857142857143
1,logged_graph_minus_constrained,panel_1,2,1121051,greedy,0,0,0,13,-0.09482758620689657
1,logged_graph_minus_constrained,panel_1,2,1121052,greedy,0,1,0,-5,-0.07407407407407407
1,logged_graph_minus_constrained,panel_1,2,1121053,greedy,0,-1,-1,27,0.84375
1,logged_graph_minus_constrained,panel_1,2,1121054,greedy,0,0,0,0,0.0
1,logged_graph_minus_constrained,panel_1,2,1121055,greedy,0,0,0,0,0.0
1,logged_graph_minus_constrained,panel_1,2,1121056,greedy,0,0,0,-9,-0.13800904977375572
1,logged_graph_minus_constrained,panel_1,2,1121057,greedy,0,-1,-1,30,0.1875
1,logged_graph_minus_constrained,panel_1,2,1121058,greedy,0,-1,-1,28,0.71875
1,logged_graph_minus_constrained,panel_1,2,1121059,greedy,0,-1,-1,28,0.875
1,logged_graph_minus_constrained,panel_1,2,1121060,greedy,0,0,0,0,-0.09375
1,logged_graph_minus_constrained,panel_1,2,1121061,greedy,0,-1,0,29,0.20833333333333337
1,logged_graph_minus_constrained,panel_1,2,1121062,greedy,0,0,1,-18,-0.7368421052631579
1,logged_graph_minus_constrained,panel_1,2,1121063,greedy,0,0,0,0,0.0
1,logged_graph_minus_constrained,panel_1,2,1121064,greedy,0,0,0,0,0.0
1,logged_graph_minus_constrained,panel_2,0,1122000,greedy,0,0,0,0,0.0
1,logged_graph_minus_constrained,panel_2,0,1122001,greedy,0,0,0,0,0.0
1,logged_graph_minus_constrained,panel_2,0,1122002,greedy,0,0,0,0,0.0
1,logged_graph_minus_constrained,panel_2,0,1122003,greedy,0,0,0,-1,-0.625
1,logged_graph_minus_constrained,panel_2,0,1122004,greedy,0,0,1,-23,-0.8846153846153846
1,logged_graph_minus_constrained,panel_2,0,1122005,greedy,0,0,0,0,0.0625
1,logged_graph_minus_constrained,panel_2,0,1122006,greedy,0,-1,-1,29,0.96875
1,logged_graph_minus_constrained,panel_2,0,1122007,greedy,0,0,0,0,0.0
1,logged_graph_minus_constrained,panel_2,0,1122008,greedy,0,-1,-1,27,0.46875
1,logged_graph_minus_constrained,panel_2,0,1122009,greedy,0,0,0,0,-0.34375
1,logged_graph_minus_constrained,panel_2,0,1122010,greedy,0,0,-1,6,0.75
1,logged_graph_minus_constrained,panel_2,0,1122011,greedy,0,-1,-1,27,0.6
1,logged_graph_minus_constrained,panel_2,0,1122012,greedy,0,0,-1,6,0.0
1,logged_graph_minus_constrained,panel_2,0,1122013,greedy,0,0,0,-3,-0.14880952380952384
1,logged_graph_minus_constrained,panel_2,0,1122014,greedy,0,0,-1,30,0.9032258064516129
1,logged_graph_minus_constrained,panel_2,0,1122015,greedy,0,0,-1,19,0.8260869565217391
1,logged_graph_minus_constrained,panel_2,0,1122016,greedy,0,0,0,0,0.0
1,logged_graph_minus_constrained,panel_2,0,1122017,greedy,0,0,0,0,0.03125
1,logged_graph_minus_constrained,panel_2,0,1122018,greedy,0,-1,-1,29,0.625
1,logged_graph_minus_constrained,panel_2,0,1122019,greedy,0,0,0,0,0.0
1,logged_graph_minus_constrained,panel_2,0,1122020,greedy,0,-1,-1,31,0.0625
1,logged_graph_minus_constrained,panel_2,0,1122021,greedy,0,0,-1,14,0.0
1,logged_graph_minus_constrained,panel_2,0,1122022,greedy,0,-1,0,23,0.84375
1,logged_graph_minus_constrained,panel_2,0,1122023,greedy,0,-1,-1,30,0.0
1,logged_graph_minus_constrained,panel_2,0,1122024,greedy,0,-1,-1,28,0.6875
1,logged_graph_minus_constrained,panel_2,0,1122025,greedy,0,0,-1,22,0.43478260869565216
1,logged_graph_minus_constrained,panel_2,0,1122026,greedy,0,1,1,-30,-0.96875
1,logged_graph_minus_constrained,panel_2,0,1122027,greedy,0,-1,-1,22,0.60625
1,logged_graph_minus_constrained,panel_2,0,1122028,greedy,0,-1,-1,31,0.9375
1,logged_graph_minus_constrained,panel_2,0,1122030,greedy,0,-1,0,29,0.9375
1,logged_graph_minus_constrained,panel_2,0,1122031,greedy,0,0,-1,13,0.7647058823529411
1,logged_graph_minus_constrained,panel_2,0,1122032,greedy,0,0,0,0,0.0
1,logged_graph_minus_constrained,panel_2,0,1122033,greedy,0,0,0,0,0.21875
1,logged_graph_minus_constrained,panel_2,0,1122034,greedy,0,-1,0,10,0.22159090909090906
1,logged_graph_minus_constrained,panel_2,0,1122035,greedy,0,0,0,0,-0.46875
1,logged_graph_minus_constrained,panel_2,0,1122036,greedy,0,1,0,-19,-0.23076923076923073
1,logged_graph_minus_constrained,panel_2,0,1122037,greedy,0,0,0,0,-0.34375
1,logged_graph_minus_constrained,panel_2,0,1122038,greedy,0,-1,0,11,-0.22916666666666663
1,logged_graph_minus_constrained,panel_2,0,1122039,greedy,0,0,0,0,0.0
1,logged_graph_minus_constrained,panel_2,0,1122040,greedy,0,0,0,2,0.0
1,logged_graph_minus_constrained,panel_2,0,1122041,greedy,0,0,0,-2,0.0
1,logged_graph_minus_constrained,panel_2,0,1122042,greedy,0,0,0,-11,-0.17460317460317454
1,logged_graph_minus_constrained,panel_2,0,1122043,greedy,0,-1,-1,27,0.51875
1,logged_graph_minus_constrained,panel_2,0,1122044,greedy,0,-1,0,17,0.21875
1,logged_graph_minus_constrained,panel_2,0,1122045,greedy,0,0,-1,16,0.8421052631578947
1,logged_graph_minus_constrained,panel_2,0,1122046,greedy,0,0,-1,20,0.8571428571428571
1,logged_graph_minus_constrained,panel_2,0,1122047,greedy,0,0,0,0,-0.21875
1,logged_graph_minus_constrained,panel_2,0,1122048,greedy,0,-1,-1,27,0.34375
1,logged_graph_minus_constrained,panel_2,0,1122049,greedy,0,1,0,-17,-0.33333333333333337
1,logged_graph_minus_constrained,panel_2,0,1122050,greedy,0,0,0,0,-0.53125
1,logged_graph_minus_constrained,panel_2,0,1122052,greedy,0,0,0,10,0.20000000000000007
1,logged_graph_minus_constrained,panel_2,0,1122053,greedy,0,0,-1,16,0.0
1,logged_graph_minus_constrained,panel_2,0,1122054,greedy,0,0,1,-20,0.0
1,logged_graph_minus_constrained,panel_2,0,1122055,greedy,0,1,1,-26,-0.90625
1,logged_graph_minus_constrained,panel_2,0,1122056,greedy,0,0,0,-12,-0.8
1,logged_graph_minus_constrained,panel_2,0,1122057,greedy,0,0,-1,19,0.3055555555555556
1,logged_graph_minus_constrained,panel_2,0,1122058,greedy,0,-1,-1,30,0.9375
1,logged_graph_minus_constrained,panel_2,0,1122059,greedy,0,-1,-1,27,0.40625
1,logged_graph_minus_constrained,panel_2,0,1122060,greedy,0,-1,-1,29,0.875
1,logged_graph_minus_constrained,panel_2,0,1122061,greedy,0,1,1,-29,-1.0
1,logged_graph_minus_constrained,panel_2,0,1122062,greedy,0,0,1,-22,-0.9166666666666666
1,logged_graph_minus_constrained,panel_2,0,1122063,greedy,0,0,0,0,-0.375
1,logged_graph_minus_constrained,panel_2,0,1122064,greedy,0,-1,0,22,0.66875
1,logged_graph_minus_constrained,panel_2,0,1122065,greedy,0,0,-1,4,0.0
1,logged_graph_minus_constrained,panel_2,1,1122000,greedy,0,0,0,0,0.0
1,logged_graph_minus_constrained,panel_2,1,1122001,greedy,0,0,0,0,0.0
1,logged_graph_minus_constrained,panel_2,1,1122002,greedy,0,-1,0,13,0.78125
1,logged_graph_minus_constrained,panel_2,1,1122003,greedy,0,0,1,-3,-0.625
1,logged_graph_minus_constrained,panel_2,1,1122004,greedy,0,0,-1,6,0.0
1,logged_graph_minus_constrained,panel_2,1,1122005,greedy,0,0,0,0,-0.1875
1,logged_graph_minus_constrained,panel_2,1,1122006,greedy,0,-1,-1,29,0.96875
1,logged_graph_minus_constrained,panel_2,1,1122007,greedy,0,0,0,1,0.13970588235294112
1,logged_graph_minus_constrained,panel_2,1,1122008,greedy,0,0,-1,16,0.0
1,logged_graph_minus_constrained,panel_2,1,1122009,greedy,0,0,0,0,-0.0625
1,logged_graph_minus_constrained,panel_2,1,1122010,greedy,0,0,0,0,0.0
1,logged_graph_minus_constrained,panel_2,1,1122011,greedy,0,-1,-1,29,1.0
1,logged_graph_minus_constrained,panel_2,1,1122012,greedy,0,0,0,0,0.0
1,logged_graph_minus_constrained,panel_2,1,1122013,greedy,0,0,0,0,-0.25
1,logged_graph_minus_constrained,panel_2,1,1122014,greedy,0,0,-1,19,0.85
1,logged_graph_minus_constrained,panel_2,1,1122015,greedy,0,-1,0,18,0.2544642857142857
1,logged_graph_minus_constrained,panel_2,1,1122016,greedy,0,-1,0,5,0.14004629629629628
1,logged_graph_minus_constrained,panel_2,1,1122017,greedy,0,0,0,0,0.0
1,logged_graph_minus_constrained,panel_2,1,1122018,greedy,0,0,-1,12,0.8
1,logged_graph_minus_constrained,panel_2,1,1122019,greedy,0,-1,-1,23,0.0
1,logged_graph_minus_constrained,panel_2,1,1122020,greedy,0,0,-1,10,0.0
1,logged_graph_minus_constrained,panel_2,1,1122021,greedy,0,0,0,0,0.0
1,logged_graph_minus_constrained,panel_2,1,1122022,greedy,0,0,0,0,-0.0625
1,logged_graph_minus_constrained,panel_2,1,1122023,greedy,0,-1,-1,30,0.625
1,logged_graph_minus_constrained,panel_2,1,1122024,greedy,0,0,-1,23,0.8518518518518519
1,logged_graph_minus_constrained,panel_2,1,1122025,greedy,0,-1,-1,31,1.0
1,logged_graph_minus_constrained,panel_2,1,1122026,greedy,0,0,1,-23,-0.5897435897435899
1,logged_graph_minus_constrained,panel_2,1,1122027,greedy,0,-1,0,10,0.03693181818181823
1,logged_graph_minus_constrained,panel_2,1,1122028,greedy,0,0,0,19,0.15833333333333333
1,logged_graph_minus_constrained,panel_2,1,1122030,greedy,0,-1,-1,31,0.5625
1,logged_graph_minus_constrained,panel_2,1,1122031,greedy,0,0,0,0,-0.28125
1,logged_graph_minus_constrained,panel_2,1,1122032,greedy,0,0,0,0,0.3125
1,logged_graph_minus_constrained,panel_2,1,1122033,greedy,0,1,1,-27,0.0
1,logged_graph_minus_constrained,panel_2,1,1122034,greedy,0,0,0,0,0.0
1,logged_graph_minus_constrained,panel_2,1,1122035,greedy,0,0,0,0,0.0
1,logged_graph_minus_constrained,panel_2,1,1122036,greedy,0,-1,-1,29,1.0
1,logged_graph_minus_constrained,panel_2,1,1122037,greedy,0,0,0,0,-0.15625
1,logged_graph_minus_constrained,panel_2,1,1122038,greedy,0,0,0,0,-0.40625
1,logged_graph_minus_constrained,panel_2,1,1122039,greedy,0,-1,-1,29,0.9375
1,logged_graph_minus_constrained,panel_2,1,1122040,greedy,0,0,0,-5,-0.45454545454545453
1,logged_graph_minus_constrained,panel_2,1,1122041,greedy,0,0,-1,22,0.56
1,logged_graph_minus_constrained,panel_2,1,1122042,greedy,0,0,-1,17,0.8947368421052632
1,logged_graph_minus_constrained,panel_2,1,1122043,greedy,0,-1,-1,28,0.375
1,logged_graph_minus_constrained,panel_2,1,1122044,greedy,0,0,0,0,0.40625
1,logged_graph_minus_constrained,panel_2,1,1122045,greedy,0,-1,0,4,-0.1428571428571429
1,logged_graph_minus_constrained,panel_2,1,1122046,greedy,0,0,-1,5,0.16666666666666666
1,logged_graph_minus_constrained,panel_2,1,1122047,greedy,0,-1,0,14,0.3194444444444444
1,logged_graph_minus_constrained,panel_2,1,1122048,greedy,0,-1,-1,27,0.875
1,logged_graph_minus_constrained,panel_2,1,1122049,greedy,0,-1,-1,31,0.78125
1,logged_graph_minus_constrained,panel_2,1,1122050,greedy,0,0,0,9,0.12272727272727268
1,logged_graph_minus_constrained,panel_2,1,1122052,greedy,0,0,1,-1,-0.05555555555555558
1,logged_graph_minus_constrained,panel_2,1,1122053,greedy,0,0,-1,14,0.0
1,logged_graph_minus_constrained,panel_2,1,1122054,greedy,0,0,-1,16,0.8888888888888888
1,logged_graph_minus_constrained,panel_2,1,1122055,greedy,0,-1,-1,26,0.90625
1,logged_graph_minus_constrained,panel_2,1,1122056,greedy,0,0,0,0,0.0
1,logged_graph_minus_constrained,panel_2,1,1122057,greedy,0,0,0,0,-0.125
1,logged_graph_minus_constrained,panel_2,1,1122058,greedy,0,0,-1,16,0.0
1,logged_graph_minus_constrained,panel_2,1,1122059,greedy,0,-1,0,15,-0.23713235294117652
1,logged_graph_minus_constrained,panel_2,1,1122060,greedy,0,0,-1,8,0.0
1,logged_graph_minus_constrained,panel_2,1,1122061,greedy,0,-1,-1,27,1.0
1,logged_graph_minus_constrained,panel_2,1,1122062,greedy,0,0,0,0,0.0
1,logged_graph_minus_constrained,panel_2,1,1122063,greedy,0,1,0,-20,-1.0
1,logged_graph_minus_constrained,panel_2,1,1122064,greedy,0,0,0,0,0.0
1,logged_graph_minus_constrained,panel_2,1,1122065,greedy,0,0,0,0,0.0
1,logged_graph_minus_constrained,panel_2,2,1122000,greedy,0,-1,-1,31,0.625
1,logged_graph_minus_constrained,panel_2,2,1122001,greedy,0,0,-1,6,0.2857142857142857
1,logged_graph_minus_constrained,panel_2,2,1122002,greedy,0,0,-1,8,0.7272727272727273
1,logged_graph_minus_constrained,panel_2,2,1122003,greedy,0,0,0,0,-0.21875
1,logged_graph_minus_constrained,panel_2,2,1122004,greedy,0,-1,-1,27,0.2875
1,logged_graph_minus_constrained,panel_2,2,1122005,greedy,0,0,0,0,0.03125
1,logged_graph_minus_constrained,panel_2,2,1122006,greedy,0,0,0,8,-0.02083333333333337
1,logged_graph_minus_constrained,panel_2,2,1122007,greedy,0,-1,-1,28,0.5
1,logged_graph_minus_constrained,panel_2,2,1122008,greedy,0,-1,-1,27,0.28125
1,logged_graph_minus_constrained,panel_2,2,1122009,greedy,0,0,0,0,-0.25
1,logged_graph_minus_constrained,panel_2,2,1122010,greedy,0,0,0,0,0.0
1,logged_graph_minus_constrained,panel_2,2,1122011,greedy,0,-1,0,22,0.30000000000000004
1,logged_graph_minus_constrained,panel_2,2,1122012,greedy,0,0,-1,9,0.6
1,logged_graph_minus_constrained,panel_2,2,1122013,greedy,0,-1,-1,25,1.0
1,logged_graph_minus_constrained,panel_2,2,1122014,greedy,0,0,-1,8,0.6666666666666666
1,logged_graph_minus_constrained,panel_2,2,1122015,greedy,0,-1,-1,28,0.6875
1,logged_graph_minus_constrained,panel_2,2,1122016,greedy,0,0,0,0,0.09375
1,logged_graph_minus_constrained,panel_2,2,1122017,greedy,0,-1,0,2,-0.17708333333333337
1,logged_graph_minus_constrained,panel_2,2,1122018,greedy,0,0,-1,20,0.8695652173913043
1,logged_graph_minus_constrained,panel_2,2,1122019,greedy,0,0,-1,22,0.007168458781362019
1,logged_graph_minus_constrained,panel_2,2,1122020,greedy,0,-1,-1,31,0.84375
1,logged_graph_minus_constrained,panel_2,2,1122021,greedy,0,0,0,-2,0.0
1,logged_graph_minus_constrained,panel_2,2,1122022,greedy,0,0,0,-3,-0.5
1,logged_graph_minus_constrained,panel_2,2,1122023,greedy,0,-1,0,9,0.11141304347826086
1,logged_graph_minus_constrained,panel_2,2,1122024,greedy,0,0,-1,28,0.875
1,logged_graph_minus_constrained,panel_2,2,1122025,greedy,0,0,0,0,0.0
1,logged_graph_minus_constrained,panel_2,2,1122026,greedy,0,0,-1,19,0.9047619047619048
1,logged_graph_minus_constrained,panel_2,2,1122027,greedy,0,0,1,-16,-0.6956521739130435
1,logged_graph_minus_constrained,panel_2,2,1122028,greedy,0,-1,-1,31,0.9375
1,logged_graph_minus_constrained,panel_2,2,1122030,greedy,0,-1,-1,31,0.875
1,logged_graph_minus_constrained,panel_2,2,1122031,greedy,0,-1,-1,27,0.70625
1,logged_graph_minus_constrained,panel_2,2,1122032,greedy,0,1,0,-15,-0.23161764705882348
1,logged_graph_minus_constrained,panel_2,2,1122033,greedy,0,0,0,-5,-0.5
1,logged_graph_minus_constrained,panel_2,2,1122034,greedy,0,-1,-1,27,0.71875
1,logged_graph_minus_constrained,panel_2,2,1122035,greedy,0,-1,-1,28,0.9375
1,logged_graph_minus_constrained,panel_2,2,1122036,greedy,0,0,0,0,-0.25
1,logged_graph_minus_constrained,panel_2,2,1122037,greedy,0,0,0,0,-0.09375
1,logged_graph_minus_constrained,panel_2,2,1122038,greedy,0,-1,-1,24,0.84375
1,logged_graph_minus_constrained,panel_2,2,1122039,greedy,0,0,-1,17,0.6071428571428571
1,logged_graph_minus_constrained,panel_2,2,1122040,greedy,0,-1,-1,26,0.96875
1,logged_graph_minus_constrained,panel_2,2,1122041,greedy,0,-1,-1,29,0.84375
1,logged_graph_minus_constrained,panel_2,2,1122042,greedy,0,0,1,-3,-0.6
1,logged_graph_minus_constrained,panel_2,2,1122043,greedy,0,-1,0,12,-0.33125000000000004
1,logged_graph_minus_constrained,panel_2,2,1122044,greedy,0,-1,-1,27,1.0
1,logged_graph_minus_constrained,panel_2,2,1122045,greedy,0,-1,-1,27,0.5625
1,logged_graph_minus_constrained,panel_2,2,1122046,greedy,0,0,1,-14,-0.9333333333333333
1,logged_graph_minus_constrained,panel_2,2,1122047,greedy,0,-1,-1,20,0.4375
1,logged_graph_minus_constrained,panel_2,2,1122048,greedy,0,-1,0,9,-0.31385869565217395
1,logged_graph_minus_constrained,panel_2,2,1122049,greedy,0,-1,-1,31,0.875
1,logged_graph_minus_constrained,panel_2,2,1122050,greedy,0,0,0,-2,0.0
1,logged_graph_minus_constrained,panel_2,2,1122052,greedy,0,0,-1,21,0.84
1,logged_graph_minus_constrained,panel_2,2,1122053,greedy,0,0,-1,10,0.0
1,logged_graph_minus_constrained,panel_2,2,1122054,greedy,0,0,-1,7,0.7777777777777778
1,logged_graph_minus_constrained,panel_2,2,1122055,greedy,0,1,0,-5,-0.27662037037037035
1,logged_graph_minus_constrained,panel_2,2,1122056,greedy,0,0,0,0,-0.46875
1,logged_graph_minus_constrained,panel_2,2,1122057,greedy,0,0,0,-1,-0.14285714285714285
1,logged_graph_minus_constrained,panel_2,2,1122058,greedy,0,0,0,-5,-0.8666666666666667
1,logged_graph_minus_constrained,panel_2,2,1122059,greedy,0,0,0,0,0.0
1,logged_graph_minus_constrained,panel_2,2,1122060,greedy,0,0,0,15,0.9
1,logged_graph_minus_constrained,panel_2,2,1122061,greedy,0,0,0,-1,-0.6071428571428571
1,logged_graph_minus_constrained,panel_2,2,1122062,greedy,0,0,0,-2,-0.5
1,logged_graph_minus_constrained,panel_2,2,1122063,greedy,0,0,0,0,-1.0
1,logged_graph_minus_constrained,panel_2,2,1122064,greedy,0,0,1,-18,0.0
1,logged_graph_minus_constrained,panel_2,2,1122065,greedy,0,0,0,0,0.0
1,logged_graph_minus_constrained,panel_3,0,1123000,greedy,0,1,0,-1,-0.5504032258064516
1,logged_graph_minus_constrained,panel_3,0,1123001,greedy,0,0,-1,14,0.42105263157894735
1,logged_graph_minus_constrained,panel_3,0,1123002,greedy,0,1,1,-30,-0.9375
1,logged_graph_minus_constrained,panel_3,0,1123003,greedy,0,-1,-1,29,0.875
1,logged_graph_minus_constrained,panel_3,0,1123004,greedy,0,-1,-1,24,0.59375
1,logged_graph_minus_constrained,panel_3,0,1123005,greedy,0,-1,-1,28,-0.0625
1,logged_graph_minus_constrained,panel_3,0,1123006,greedy,0,-1,0,16,-0.125
1,logged_graph_minus_constrained,panel_3,0,1123007,greedy,0,-1,0,5,0.18518518518518523
1,logged_graph_minus_constrained,panel_3,0,1123008,greedy,0,0,0,0,-0.65625
1,logged_graph_minus_constrained,panel_3,0,1123009,greedy,0,-1,0,18,0.1517857142857143
1,logged_graph_minus_constrained,panel_3,0,1123010,greedy,0,0,0,0,0.125
1,logged_graph_minus_constrained,panel_3,0,1123011,greedy,0,-1,-1,26,0.59375
1,logged_graph_minus_constrained,panel_3,0,1123012,greedy,0,-1,0,12,-0.15000000000000002
1,logged_graph_minus_constrained,panel_3,0,1123013,greedy,0,0,0,0,-0.3125
1,logged_graph_minus_constrained,panel_3,0,1123014,greedy,0,-1,0,16,0.21875
1,logged_graph_minus_constrained,panel_3,0,1123015,greedy,0,0,0,0,-0.65625
1,logged_graph_minus_constrained,panel_3,0,1123016,greedy,0,0,0,0,0.0625
1,logged_graph_minus_constrained,panel_3,0,1123017,greedy,0,0,-1,12,0.0
1,logged_graph_minus_constrained,panel_3,0,1123018,greedy,0,0,0,0,0.0
1,logged_graph_minus_constrained,panel_3,0,1123019,greedy,0,0,0,0,-0.03125
1,logged_graph_minus_constrained,panel_3,0,1123020,greedy,0,0,0,0,0.0
1,logged_graph_minus_constrained,panel_3,0,1123021,greedy,0,0,0,0,0.59375
1,logged_graph_minus_constrained,panel_3,0,1123022,greedy,0,0,0,0,0.0
1,logged_graph_minus_constrained,panel_3,0,1123023,greedy,0,0,-1,14,0.75
1,logged_graph_minus_constrained,panel_3,0,1123024,greedy,0,0,0,0,0.0
1,logged_graph_minus_constrained,panel_3,0,1123025,greedy,0,1,0,-14,-0.2222222222222222
1,logged_graph_minus_constrained,panel_3,0,1123026,greedy,0,-1,-1,29,0.0
1,logged_graph_minus_constrained,panel_3,0,1123027,greedy,0,0,0,7,0.16153846153846152
1,logged_graph_minus_constrained,panel_3,0,1123028,greedy,0,-1,0,6,-0.3389423076923077
1,logged_graph_minus_constrained,panel_3,0,1123029,greedy,0,-1,-1,29,0.6875
1,logged_graph_minus_constrained,panel_3,0,1123030,greedy,0,0,0,0,-0.03125
1,logged_graph_minus_constrained,panel_3,0,1123031,greedy,0,0,-1,19,0.06944444444444442
1,logged_graph_minus_constrained,panel_3,0,1123032,greedy,0,-1,-1,28,0.90625
1,logged_graph_minus_constrained,panel_3,0,1123033,greedy,0,1,0,-11,-0.27083333333333337
1,logged_graph_minus_constrained,panel_3,0,1123034,greedy,0,0,1,-3,-0.6
1,logged_graph_minus_constrained,panel_3,0,1123035,greedy,0,0,0,2,0.02777777777777779
1,logged_graph_minus_constrained,panel_3,0,1123036,greedy,0,-1,0,21,0.20454545454545459
1,logged_graph_minus_constrained,panel_3,0,1123037,greedy,0,0,0,2,0.0
1,logged_graph_minus_constrained,panel_3,0,1123038,greedy,0,0,0,0,0.0
1,logged_graph_minus_constrained,panel_3,0,1123039,greedy,0,-1,-1,29,0.84375
1,logged_graph_minus_constrained,panel_3,0,1123040,greedy,0,0,0,0,0.0
1,logged_graph_minus_constrained,panel_3,0,1123041,greedy,0,-1,0,6,-0.28365384615384615
1,logged_graph_minus_constrained,panel_3,0,1123042,greedy,0,0,0,0,0.03125
1,logged_graph_minus_constrained,panel_3,0,1123043,greedy,0,0,-1,15,0.42857142857142855
1,logged_graph_minus_constrained,panel_3,0,1123044,greedy,0,0,0,15,0.0967741935483871
1,logged_graph_minus_constrained,panel_3,0,1123045,greedy,0,0,0,-2,0.0
1,logged_graph_minus_constrained,panel_3,0,1123046,greedy,0,0,0,12,0.9230769230769231
1,logged_graph_minus_constrained,panel_3,0,1123047,greedy,0,0,0,0,0.0
1,logged_graph_minus_constrained,panel_3,0,1123048,greedy,0,-1,-1,28,0.96875
1,logged_graph_minus_constrained,panel_3,0,1123049,greedy,0,0,0,0,-0.4375
1,logged_graph_minus_constrained,panel_3,0,1123050,greedy,0,0,-1,17,0.85
1,logged_graph_minus_constrained,panel_3,0,1123051,greedy,0,-1,-1,31,0.4375
1,logged_graph_minus_constrained,panel_3,0,1123052,greedy,0,1,0,-16,-0.65625
1,logged_graph_minus_constrained,panel_3,0,1123053,greedy,0,-1,-1,31,0.9375
1,logged_graph_minus_constrained,panel_3,0,1123054,greedy,0,0,0,0,0.0
1,logged_graph_minus_constrained,panel_3,0,1123055,greedy,0,0,0,0,0.125
1,logged_graph_minus_constrained,panel_3,0,1123056,greedy,0,1,0,-11,0.47619047619047616
1,logged_graph_minus_constrained,panel_3,0,1123057,greedy,0,0,0,0,0.0
1,logged_graph_minus_constrained,panel_3,0,1123058,greedy,0,-1,0,14,0.10416666666666663
1,logged_graph_minus_constrained,panel_3,0,1123059,greedy,0,0,0,2,0.0
1,logged_graph_minus_constrained,panel_3,0,1123060,greedy,0,0,0,0,0.0
1,logged_graph_minus_constrained,panel_3,0,1123061,greedy,0,0,0,0,0.0
1,logged_graph_minus_constrained,panel_3,0,1123062,greedy,0,0,0,0,0.0
1,logged_graph_minus_constrained,panel_3,0,1123063,greedy,0,0,0,0,-0.0625
1,logged_graph_minus_constrained,panel_3,1,1123000,greedy,0,-1,-1,29,0.5
1,logged_graph_minus_constrained,panel_3,1,1123001,greedy,0,-1,-1,27,0.59375
1,logged_graph_minus_constrained,panel_3,1,1123002,greedy,0,-1,-1,30,1.0
1,logged_graph_minus_constrained,panel_3,1,1123003,greedy,0,0,-1,17,0.55
1,logged_graph_minus_constrained,panel_3,1,1123004,greedy,0,-1,0,3,-0.2995689655172413
1,logged_graph_minus_constrained,panel_3,1,1123005,greedy,0,-1,0,19,0.59375
1,logged_graph_minus_constrained,panel_3,1,1123006,greedy,0,-1,0,16,-0.125
1,logged_graph_minus_constrained,panel_3,1,1123007,greedy,0,0,0,0,0.09375
1,logged_graph_minus_constrained,panel_3,1,1123008,greedy,0,0,0,-6,-0.1576923076923077
1,logged_graph_minus_constrained,panel_3,1,1123009,greedy,0,-1,0,17,0.10624999999999996
1,logged_graph_minus_constrained,panel_3,1,1123010,greedy,0,0,0,0,0.28125
1,logged_graph_minus_constrained,panel_3,1,1123011,greedy,0,0,0,9,-0.46467391304347827
1,logged_graph_minus_constrained,panel_3,1,1123012,greedy,0,0,0,0,-0.09375
1,logged_graph_minus_constrained,panel_3,1,1123013,greedy,0,-1,0,19,-0.019230769230769273
1,logged_graph_minus_constrained,panel_3,1,1123014,greedy,0,0,0,0,-0.46875
1,logged_graph_minus_constrained,panel_3,1,1123015,greedy,0,1,0,-22,-0.9375
1,logged_graph_minus_constrained,panel_3,1,1123016,greedy,0,0,0,0,0.0
1,logged_graph_minus_constrained,panel_3,1,1123017,greedy,0,0,1,-27,-0.23333333333333334
1,logged_graph_minus_constrained,panel_3,1,1123018,greedy,0,0,0,0,-0.09375
1,logged_graph_minus_constrained,panel_3,1,1123019,greedy,0,-1,-1,31,0.90625
1,logged_graph_minus_constrained,panel_3,1,1123020,greedy,0,0,1,-19,-0.9047619047619048
1,logged_graph_minus_constrained,panel_3,1,1123021,greedy,0,-1,0,9,0.875
1,logged_graph_minus_constrained,panel_3,1,1123022,greedy,0,0,0,0,-0.21875
1,logged_graph_minus_constrained,panel_3,1,1123023,greedy,0,0,-1,4,0.0
1,logged_graph_minus_constrained,panel_3,1,1123024,greedy,0,0,0,0,0.0
1,logged_graph_minus_constrained,panel_3,1,1123025,greedy,0,0,0,0,-0.625
1,logged_graph_minus_constrained,panel_3,1,1123026,greedy,0,-1,-1,29,0.71875
1,logged_graph_minus_constrained,panel_3,1,1123027,greedy,0,0,0,0,-0.09375
1,logged_graph_minus_constrained,panel_3,1,1123028,greedy,0,-1,-1,27,0.84375
1,logged_graph_minus_constrained,panel_3,1,1123029,greedy,0,0,0,0,-0.03125
1,logged_graph_minus_constrained,panel_3,1,1123030,greedy,0,0,0,0,-0.125
1,logged_graph_minus_constrained,panel_3,1,1123031,greedy,0,-1,-1,27,0.90625
1,logged_graph_minus_constrained,panel_3,1,1123032,greedy,0,0,-1,11,0.7333333333333333
1,logged_graph_minus_constrained,panel_3,1,1123033,greedy,0,0,0,0,0.0625
1,logged_graph_minus_constrained,panel_3,1,1123034,greedy,0,0,-1,29,0.8709677419354839
1,logged_graph_minus_constrained,panel_3,1,1123035,greedy,0,-1,-1,24,0.3125
1,logged_graph_minus_constrained,panel_3,1,1123036,greedy,0,-1,0,8,-0.41666666666666663
1,logged_graph_minus_constrained,panel_3,1,1123037,greedy,0,0,-1,4,0.6666666666666666
1,logged_graph_minus_constrained,panel_3,1,1123038,greedy,0,-1,-1,31,0.96875
1,logged_graph_minus_constrained,panel_3,1,1123039,greedy,0,-1,-1,29,0.9375
1,logged_graph_minus_constrained,panel_3,1,1123040,greedy,0,0,0,0,0.0
1,logged_graph_minus_constrained,panel_3,1,1123041,greedy,0,-1,0,14,0.1597222222222222
1,logged_graph_minus_constrained,panel_3,1,1123042,greedy,0,0,0,0,0.125
1,logged_graph_minus_constrained,panel_3,1,1123043,greedy,0,0,0,2,0.25
1,logged_graph_minus_constrained,panel_3,1,1123044,greedy,0,-1,0,12,-0.23750000000000004
1,logged_graph_minus_constrained,panel_3,1,1123045,greedy,0,-1,-1,30,0.8125
1,logged_graph_minus_constrained,panel_3,1,1123046,greedy,0,0,0,-14,-0.19047619047619047
1,logged_graph_minus_constrained,panel_3,1,1123047,greedy,0,0,1,-2,0.0
1,logged_graph_minus_constrained,panel_3,1,1123048,greedy,0,0,0,0,-0.25
1,logged_graph_minus_constrained,panel_3,1,1123049,greedy,0,1,0,-14,-0.1909722222222222
1,logged_graph_minus_constrained,panel_3,1,1123050,greedy,0,-1,-1,29,0.9375
1,logged_graph_minus_constrained,panel_3,1,1123051,greedy,0,-1,0,13,0.96875
1,logged_graph_minus_constrained,panel_3,1,1123052,greedy,0,0,0,0,-0.03125
1,logged_graph_minus_constrained,panel_3,1,1123053,greedy,0,0,0,0,0.0
1,logged_graph_minus_constrained,panel_3,1,1123054,greedy,0,-1,0,6,0.15384615384615385
1,logged_graph_minus_constrained,panel_3,1,1123055,greedy,0,0,0,0,0.21875
1,logged_graph_minus_constrained,panel_3,1,1123056,greedy,0,0,0,2,0.2857142857142857
1,logged_graph_minus_constrained,panel_3,1,1123057,greedy,0,0,0,0,0.0
1,logged_graph_minus_constrained,panel_3,1,1123058,greedy,0,0,0,0,-0.4375
1,logged_graph_minus_constrained,panel_3,1,1123059,greedy,0,0,-1,28,0.9032258064516129
1,logged_graph_minus_constrained,panel_3,1,1123060,greedy,0,0,-1,10,0.0
1,logged_graph_minus_constrained,panel_3,1,1123061,greedy,0,-1,0,26,0.375
1,logged_graph_minus_constrained,panel_3,1,1123062,greedy,0,0,0,0,0.0
1,logged_graph_minus_constrained,panel_3,1,1123063,greedy,0,0,0,0,0.0
1,logged_graph_minus_constrained,panel_3,2,1123000,greedy,0,0,-1,4,0.0
1,logged_graph_minus_constrained,panel_3,2,1123001,greedy,0,-1,-1,25,0.6875
1,logged_graph_minus_constrained,panel_3,2,1123002,greedy,0,1,1,-30,-0.75
1,logged_graph_minus_constrained,panel_3,2,1123003,greedy,0,1,1,-29,0.0
1,logged_graph_minus_constrained,panel_3,2,1123004,greedy,0,-1,-1,28,0.28125
1,logged_graph_minus_constrained,panel_3,2,1123005,greedy,0,-1,-1,29,0.75
1,logged_graph_minus_constrained,panel_3,2,1123006,greedy,0,-1,0,16,0.28125
1,logged_graph_minus_constrained,panel_3,2,1123007,greedy,0,0,0,0,0.03125
1,logged_graph_minus_constrained,panel_3,2,1123008,greedy,0,-1,0,9,0.18614130434782605
1,logged_graph_minus_constrained,panel_3,2,1123009,greedy,0,-1,-1,29,0.40625
1,logged_graph_minus_constrained,panel_3,2,1123010,greedy,0,0,0,0,0.0
1,logged_graph_minus_constrained,panel_3,2,1123011,greedy,0,-1,-1,26,0.875
1,logged_graph_minus_constrained,panel_3,2,1123012,greedy,0,-1,0,1,0.19455645161290325
1,logged_graph_minus_constrained,panel_3,2,1123013,greedy,0,-1,0,11,0.17559523809523814
1,logged_graph_minus_constrained,panel_3,2,1123014,greedy,0,0,0,0,0.0
1,logged_graph_minus_constrained,panel_3,2,1123015,greedy,0,0,0,0,-0.59375
1,logged_graph_minus_constrained,panel_3,2,1123016,greedy,0,0,-1,18,0.8181818181818182
1,logged_graph_minus_constrained,panel_3,2,1123017,greedy,0,-1,-1,29,0.90625
1,logged_graph_minus_constrained,panel_3,2,1123018,greedy,0,-1,0,9,0.14266304347826086
1,logged_graph_minus_constrained,panel_3,2,1123019,greedy,0,-1,-1,31,0.96875
1,logged_graph_minus_constrained,panel_3,2,1123020,greedy,0,-1,-1,30,0.3125
1,logged_graph_minus_constrained,panel_3,2,1123021,greedy,0,0,0,0,0.0
1,logged_graph_minus_constrained,panel_3,2,1123022,greedy,0,0,0,0,0.0
1,logged_graph_minus_constrained,panel_3,2,1123023,greedy,0,-1,-1,30,0.96875
1,logged_graph_minus_constrained,panel_3,2,1123024,greedy,0,-1,-1,30,0.5625
1,logged_graph_minus_constrained,panel_3,2,1123025,greedy,0,0,0,0,-0.34375
1,logged_graph_minus_constrained,panel_3,2,1123026,greedy,0,-1,-1,26,-0.15625
1,logged_graph_minus_constrained,panel_3,2,1123027,greedy,0,0,0,0,-0.4375
1,logged_graph_minus_constrained,panel_3,2,1123028,greedy,0,0,-1,17,0.7727272727272727
1,logged_graph_minus_constrained,panel_3,2,1123029,greedy,0,0,0,0,0.0
1,logged_graph_minus_constrained,panel_3,2,1123030,greedy,0,0,0,0,-0.09375
1,logged_graph_minus_constrained,panel_3,2,1123031,greedy,0,-1,-1,26,0.5520833333333334
1,logged_graph_minus_constrained,panel_3,2,1123032,greedy,0,0,0,0,0.0
1,logged_graph_minus_constrained,panel_3,2,1123033,greedy,0,0,0,0,0.03125
1,logged_graph_minus_constrained,panel_3,2,1123034,greedy,0,0,0,0,0.0
1,logged_graph_minus_constrained,panel_3,2,1123035,greedy,0,-1,0,8,-0.14583333333333337
1,logged_graph_minus_constrained,panel_3,2,1123036,greedy,0,-1,0,12,0.29374999999999996
1,logged_graph_minus_constrained,panel_3,2,1123037,greedy,0,-1,0,14,0.01736111111111116
1,logged_graph_minus_constrained,panel_3,2,1123038,greedy,0,0,0,0,0.0
1,logged_graph_minus_constrained,panel_3,2,1123039,greedy,0,0,-1,27,0.5666666666666667
1,logged_graph_minus_constrained,panel_3,2,1123040,greedy,0,0,0,0,0.0
1,logged_graph_minus_constrained,panel_3,2,1123041,greedy,0,-1,-1,28,0.65625
1,logged_graph_minus_constrained,panel_3,2,1123042,greedy,0,0,0,0,-0.25
1,logged_graph_minus_constrained,panel_3,2,1123043,greedy,0,-1,-1,26,0.9375
1,logged_graph_minus_constrained,panel_3,2,1123044,greedy,0,-1,-1,28,0.9375
1,logged_graph_minus_constrained,panel_3,2,1123045,greedy,0,-1,-1,30,0.9375
1,logged_graph_minus_constrained,panel_3,2,1123046,greedy,0,-1,0,1,-0.06048387096774188
1,logged_graph_minus_constrained,panel_3,2,1123047,greedy,0,0,0,0,0.0
1,logged_graph_minus_constrained,panel_3,2,1123048,greedy,0,-1,0,16,-0.09375
1,logged_graph_minus_constrained,panel_3,2,1123049,greedy,0,-1,-1,28,0.96875
1,logged_graph_minus_constrained,panel_3,2,1123050,greedy,0,0,1,-9,-0.75
1,logged_graph_minus_constrained,panel_3,2,1123051,greedy,0,0,0,0,0.0
1,logged_graph_minus_constrained,panel_3,2,1123052,greedy,0,0,0,0,-0.3125
1,logged_graph_minus_constrained,panel_3,2,1123053,greedy,0,-1,0,29,0.27083333333333337
1,logged_graph_minus_constrained,panel_3,2,1123054,greedy,0,-1,-1,30,0.0
1,logged_graph_minus_constrained,panel_3,2,1123055,greedy,0,0,0,0,-0.28125
1,logged_graph_minus_constrained,panel_3,2,1123056,greedy,0,0,0,8,0.14652014652014644
1,logged_graph_minus_constrained,panel_3,2,1123057,greedy,0,0,0,-1,-0.3333333333333333
1,logged_graph_minus_constrained,panel_3,2,1123058,greedy,0,-1,-1,29,0.90625
1,logged_graph_minus_constrained,panel_3,2,1123059,greedy,0,0,0,14,0.5502846299810247
1,logged_graph_minus_constrained,panel_3,2,1123060,greedy,0,0,0,0,0.0
1,logged_graph_minus_constrained,panel_3,2,1123061,greedy,0,0,-1,21,0.8260869565217391
1,logged_graph_minus_constrained,panel_3,2,1123062,greedy,0,0,-1,17,0.05555555555555555
1,logged_graph_minus_constrained,panel_3,2,1123063,greedy,0,1,1,-29,-0.9375
1,logged_graph_minus_constrained,panel_4,0,1124000,greedy,0,-1,-1,30,0.78125
1,logged_graph_minus_constrained,panel_4,0,1124001,greedy,0,1,0,-7,-0.08875
1,logged_graph_minus_constrained,panel_4,0,1124002,greedy,0,0,0,14,0.9090909090909091
1,logged_graph_minus_constrained,panel_4,0,1124004,greedy,0,0,0,9,0.14253393665158365
1,logged_graph_minus_constrained,panel_4,0,1124006,greedy,0,0,-1,12,0.0
1,logged_graph_minus_constrained,panel_4,0,1124007,greedy,0,0,0,-2,-0.5
1,logged_graph_minus_constrained,panel_4,0,1124008,greedy,0,1,0,-12,-0.09999999999999998
1,logged_graph_minus_constrained,panel_4,0,1124009,greedy,0,0,-1,13,0.9285714285714286
1,logged_graph_minus_constrained,panel_4,0,1124010,greedy,0,0,0,0,0.0
1,logged_graph_minus_constrained,panel_4,0,1124011,greedy,0,0,-1,23,0.7307692307692307
1,logged_graph_minus_constrained,panel_4,0,1124012,greedy,0,0,0,0,0.0
1,logged_graph_minus_constrained,panel_4,0,1124013,greedy,0,-1,-1,30,0.125
1,logged_graph_minus_constrained,panel_4,0,1124014,greedy,0,0,0,0,0.0
1,logged_graph_minus_constrained,panel_4,0,1124015,greedy,0,0,0,0,-0.25
1,logged_graph_minus_constrained,panel_4,0,1124016,greedy,0,0,0,0,0.0
1,logged_graph_minus_constrained,panel_4,0,1124017,greedy,0,0,0,0,0.21875
1,logged_graph_minus_constrained,panel_4,0,1124019,greedy,0,-1,-1,26,0.46875
1,logged_graph_minus_constrained,panel_4,0,1124020,greedy,0,0,-1,18,0.45454545454545453
1,logged_graph_minus_constrained,panel_4,0,1124021,greedy,0,-1,-1,29,0.875
1,logged_graph_minus_constrained,panel_4,0,1124023,greedy,0,0,0,2,0.4666666666666667
1,logged_graph_minus_constrained,panel_4,0,1124024,greedy,0,1,1,-30,-1.0
1,logged_graph_minus_constrained,panel_4,0,1124025,greedy,0,0,0,11,0.24444444444444446
1,logged_graph_minus_constrained,panel_4,0,1124026,greedy,0,0,0,0,0.0
1,logged_graph_minus_constrained,panel_4,0,1124027,greedy,0,-1,-1,24,0.78125
1,logged_graph_minus_constrained,panel_4,0,1124028,greedy,0,0,0,0,-0.09375
1,logged_graph_minus_constrained,panel_4,0,1124029,greedy,0,0,0,0,-0.09375
1,logged_graph_minus_constrained,panel_4,0,1124030,greedy,0,-1,-1,29,0.34375
1,logged_graph_minus_constrained,panel_4,0,1124031,greedy,0,0,0,0,-0.09375
1,logged_graph_minus_constrained,panel_4,0,1124032,greedy,0,0,1,-6,0.0
1,logged_graph_minus_constrained,panel_4,0,1124033,greedy,0,0,1,-3,-0.75
1,logged_graph_minus_constrained,panel_4,0,1124034,greedy,0,-1,-1,27,1.0
1,logged_graph_minus_constrained,panel_4,0,1124035,greedy,0,0,0,0,0.0
1,logged_graph_minus_constrained,panel_4,0,1124036,greedy,0,-1,-1,30,0.09375
1,logged_graph_minus_constrained,panel_4,0,1124037,greedy,0,1,0,-25,-0.4285714285714286
1,logged_graph_minus_constrained,panel_4,0,1124038,greedy,0,-1,0,26,-0.6354166666666666
1,logged_graph_minus_constrained,panel_4,0,1124040,greedy,0,-1,0,17,0.96875
1,logged_graph_minus_constrained,panel_4,0,1124041,greedy,0,1,0,-19,-0.3533653846153846
1,logged_graph_minus_constrained,panel_4,0,1124042,greedy,0,1,0,-4,-0.625
1,logged_graph_minus_constrained,panel_4,0,1124043,greedy,0,0,-1,1,-0.5
1,logged_graph_minus_constrained,panel_4,0,1124044,greedy,0,0,-1,5,0.5555555555555556
1,logged_graph_minus_constrained,panel_4,0,1124045,greedy,0,-1,-1,29,0.4375
1,logged_graph_minus_constrained,panel_4,0,1124046,greedy,0,-1,0,14,-0.2847222222222222
1,logged_graph_minus_constrained,panel_4,0,1124047,greedy,0,0,-1,24,0.72
1,logged_graph_minus_constrained,panel_4,0,1124048,greedy,0,-1,-1,30,0.71875
1,logged_graph_minus_constrained,panel_4,0,1124049,greedy,0,-1,-1,27,0.5375
1,logged_graph_minus_constrained,panel_4,0,1124050,greedy,0,-1,-1,28,1.0
1,logged_graph_minus_constrained,panel_4,0,1124051,greedy,0,1,0,-23,-0.33333333333333337
1,logged_graph_minus_constrained,panel_4,0,1124052,greedy,0,0,0,0,-0.0625
1,logged_graph_minus_constrained,panel_4,0,1124053,greedy,0,0,0,0,0.0625
1,logged_graph_minus_constrained,panel_4,0,1124054,greedy,0,-1,0,10,0.5255681818181819
1,logged_graph_minus_constrained,panel_4,0,1124055,greedy,0,0,0,0,0.0
1,logged_graph_minus_constrained,panel_4,0,1124057,greedy,0,-1,0,13,0.14802631578947367
1,logged_graph_minus_constrained,panel_4,0,1124058,greedy,0,0,0,0,-0.59375
1,logged_graph_minus_constrained,panel_4,0,1124059,greedy,0,-1,-1,28,0.90625
1,logged_graph_minus_constrained,panel_4,0,1124060,greedy,0,-1,-1,28,0.90625
1,logged_graph_minus_constrained,panel_4,0,1124061,greedy,0,0,-1,22,0.8148148148148148
1,logged_graph_minus_constrained,panel_4,0,1124062,greedy,0,-1,0,15,0.96875
1,logged_graph_minus_constrained,panel_4,0,1124063,greedy,0,-1,-1,28,0.59375
1,logged_graph_minus_constrained,panel_4,0,1124064,greedy,0,0,0,0,0.0
1,logged_graph_minus_constrained,panel_4,0,1124065,greedy,0,0,-1,11,0.6470588235294118
1,logged_graph_minus_constrained,panel_4,0,1124066,greedy,0,-1,0,13,0.6875
1,logged_graph_minus_constrained,panel_4,0,1124067,greedy,0,-1,0,5,0.18518518518518523
1,logged_graph_minus_constrained,panel_4,0,1124068,greedy,0,-1,-1,31,0.0
1,logged_graph_minus_constrained,panel_4,0,1124069,greedy,0,-1,-1,30,0.71875
1,logged_graph_minus_constrained,panel_4,1,1124000,greedy,0,0,0,0,0.0
1,logged_graph_minus_constrained,panel_4,1,1124001,greedy,0,1,1,-29,-0.0625
1,logged_graph_minus_constrained,panel_4,1,1124002,greedy,0,-1,-1,30,1.0
1,logged_graph_minus_constrained,panel_4,1,1124004,greedy,0,1,1,-20,-0.5208333333333333
1,logged_graph_minus_constrained,panel_4,1,1124006,greedy,0,-1,-1,30,1.0
1,logged_graph_minus_constrained,panel_4,1,1124007,greedy,0,0,1,-16,-0.8888888888888888
1,logged_graph_minus_constrained,panel_4,1,1124008,greedy,0,-1,-1,30,0.21875
1,logged_graph_minus_constrained,panel_4,1,1124009,greedy,0,0,0,0,0.0
1,logged_graph_minus_constrained,panel_4,1,1124010,greedy,0,-1,-1,31,0.84375
1,logged_graph_minus_constrained,panel_4,1,1124011,greedy,0,0,0,0,0.0
1,logged_graph_minus_constrained,panel_4,1,1124012,greedy,0,-1,0,25,0.2544642857142857
1,logged_graph_minus_constrained,panel_4,1,1124013,greedy,0,0,0,0,0.0
1,logged_graph_minus_constrained,panel_4,1,1124014,greedy,0,0,-1,22,0.8333333333333334
1,logged_graph_minus_constrained,panel_4,1,1124015,greedy,0,-1,-1,29,0.71875
1,logged_graph_minus_constrained,panel_4,1,1124016,greedy,0,0,1,-12,-0.9230769230769231
1,logged_graph_minus_constrained,panel_4,1,1124017,greedy,0,0,0,0,0.03125
1,logged_graph_minus_constrained,panel_4,1,1124019,greedy,0,0,0,0,-0.125
1,logged_graph_minus_constrained,panel_4,1,1124020,greedy,0,0,-1,6,0.2
1,logged_graph_minus_constrained,panel_4,1,1124021,greedy,0,0,0,6,0.0
1,logged_graph_minus_constrained,panel_4,1,1124023,greedy,0,-1,-1,28,0.03125
1,logged_graph_minus_constrained,panel_4,1,1124024,greedy,0,-1,0,23,-0.05902777777777779
1,logged_graph_minus_constrained,panel_4,1,1124025,greedy,0,-1,0,9,0.048913043478260865
1,logged_graph_minus_constrained,panel_4,1,1124026,greedy,0,0,0,0,0.0
1,logged_graph_minus_constrained,panel_4,1,1124027,greedy,0,-1,-1,28,0.96875
1,logged_graph_minus_constrained,panel_4,1,1124028,greedy,0,0,0,0,-0.09375
1,logged_graph_minus_constrained,panel_4,1,1124029,greedy,0,-1,-1,27,1.0
1,logged_graph_minus_constrained,panel_4,1,1124030,greedy,0,-1,-1,29,0.84375
1,logged_graph_minus_constrained,panel_4,1,1124031,greedy,0,-1,0,19,-0.3942307692307693
1,logged_graph_minus_constrained,panel_4,1,1124032,greedy,0,0,0,0,0.0
1,logged_graph_minus_constrained,panel_4,1,1124033,greedy,0,0,-1,27,0.9642857142857143
1,logged_graph_minus_constrained,panel_4,1,1124034,greedy,0,0,0,0,0.3125
1,logged_graph_minus_constrained,panel_4,1,1124035,greedy,0,0,-1,6,0.0
1,logged_graph_minus_constrained,panel_4,1,1124036,greedy,0,0,-1,17,0.7894736842105263
1,logged_graph_minus_constrained,panel_4,1,1124037,greedy,0,-1,0,5,0.07986111111111116
1,logged_graph_minus_constrained,panel_4,1,1124038,greedy,0,-1,0,22,-0.20625000000000004
1,logged_graph_minus_constrained,panel_4,1,1124040,greedy,0,1,0,-9,-0.27309782608695654
1,logged_graph_minus_constrained,panel_4,1,1124041,greedy,0,-1,-1,27,0.875
1,logged_graph_minus_constrained,panel_4,1,1124042,greedy,0,1,0,-9,-0.16711956521739135
1,logged_graph_minus_constrained,panel_4,1,1124043,greedy,0,-1,-1,29,0.21875
1,logged_graph_minus_constrained,panel_4,1,1124044,greedy,0,-1,-1,28,0.96875
1,logged_graph_minus_constrained,panel_4,1,1124045,greedy,0,0,1,-4,0.0
1,logged_graph_minus_constrained,panel_4,1,1124046,greedy,0,0,0,0,-0.09375
1,logged_graph_minus_constrained,panel_4,1,1124047,greedy,0,-1,-1,31,0.21875
1,logged_graph_minus_constrained,panel_4,1,1124048,greedy,0,0,0,-14,0.0
1,logged_graph_minus_constrained,panel_4,1,1124049,greedy,0,0,0,0,0.9375
1,logged_graph_minus_constrained,panel_4,1,1124050,greedy,0,1,0,-18,-1.0
1,logged_graph_minus_constrained,panel_4,1,1124051,greedy,0,-1,-1,29,0.875
1,logged_graph_minus_constrained,panel_4,1,1124052,greedy,0,0,0,0,0.75
1,logged_graph_minus_constrained,panel_4,1,1124053,greedy,0,0,0,0,-0.09375
1,logged_graph_minus_constrained,panel_4,1,1124054,greedy,0,-1,0,10,-0.14488636363636365
1,logged_graph_minus_constrained,panel_4,1,1124055,greedy,0,-1,0,22,0.09999999999999998
1,logged_graph_minus_constrained,panel_4,1,1124057,greedy,0,-1,0,20,-0.35416666666666663
1,logged_graph_minus_constrained,panel_4,1,1124058,greedy,0,0,0,0,0.0
1,logged_graph_minus_constrained,panel_4,1,1124059,greedy,0,0,0,0,0.0
1,logged_graph_minus_constrained,panel_4,1,1124060,greedy,0,0,0,0,0.0
1,logged_graph_minus_constrained,panel_4,1,1124061,greedy,0,-1,-1,29,0.9375
1,logged_graph_minus_constrained,panel_4,1,1124062,greedy,0,0,0,0,0.5625
1,logged_graph_minus_constrained,panel_4,1,1124063,greedy,0,-1,-1,25,0.5089285714285714
1,logged_graph_minus_constrained,panel_4,1,1124064,greedy,0,0,-1,6,0.6666666666666666
1,logged_graph_minus_constrained,panel_4,1,1124065,greedy,0,0,-1,24,0.6
1,logged_graph_minus_constrained,panel_4,1,1124066,greedy,0,0,0,0,-0.375
1,logged_graph_minus_constrained,panel_4,1,1124067,greedy,0,1,0,-11,-0.049107142857142905
1,logged_graph_minus_constrained,panel_4,1,1124068,greedy,0,0,-1,5,0.5
1,logged_graph_minus_constrained,panel_4,1,1124069,greedy,0,0,0,4,0.5
1,logged_graph_minus_constrained,panel_4,2,1124000,greedy,0,0,0,0,0.0
1,logged_graph_minus_constrained,panel_4,2,1124001,greedy,0,-1,0,21,0.2102272727272727
1,logged_graph_minus_constrained,panel_4,2,1124002,greedy,0,0,0,0,0.0
1,logged_graph_minus_constrained,panel_4,2,1124004,greedy,0,0,0,0,-0.5625
1,logged_graph_minus_constrained,panel_4,2,1124006,greedy,0,0,0,0,-0.5625
1,logged_graph_minus_constrained,panel_4,2,1124007,greedy,0,-1,0,19,0.028846153846153855
1,logged_graph_minus_constrained,panel_4,2,1124008,greedy,0,-1,0,7,-0.23250000000000004
1,logged_graph_minus_constrained,panel_4,2,1124009,greedy,0,-1,-1,31,1.0
1,logged_graph_minus_constrained,panel_4,2,1124010,greedy,0,0,-1,6,0.0
1,logged_graph_minus_constrained,panel_4,2,1124011,greedy,0,0,0,0,0.0
1,logged_graph_minus_constrained,panel_4,2,1124012,greedy,0,0,-1,12,0.0
1,logged_graph_minus_constrained,panel_4,2,1124013,greedy,0,-1,-1,30,0.9375
1,logged_graph_minus_constrained,panel_4,2,1124014,greedy,0,0,-1,12,0.0
1,logged_graph_minus_constrained,panel_4,2,1124015,greedy,0,0,0,0,0.0
1,logged_graph_minus_constrained,panel_4,2,1124016,greedy,0,0,0,0,0.0
1,logged_graph_minus_constrained,panel_4,2,1124017,greedy,0,0,0,0,0.0625
1,logged_graph_minus_constrained,panel_4,2,1124019,greedy,0,0,0,0,0.0
1,logged_graph_minus_constrained,panel_4,2,1124020,greedy,0,0,-1,10,0.0
1,logged_graph_minus_constrained,panel_4,2,1124021,greedy,0,-1,0,25,0.875
1,logged_graph_minus_constrained,panel_4,2,1124023,greedy,0,0,1,-6,0.0
1,logged_graph_minus_constrained,panel_4,2,1124024,greedy,0,0,-1,8,0.8
1,logged_graph_minus_constrained,panel_4,2,1124025,greedy,0,-1,0,12,0.5
1,logged_graph_minus_constrained,panel_4,2,1124026,greedy,0,0,-1,2,0.6666666666666666
1,logged_graph_minus_constrained,panel_4,2,1124027,greedy,0,-1,0,15,0.11029411764705888
1,logged_graph_minus_constrained,panel_4,2,1124028,greedy,0,0,0,0,0.0
1,logged_graph_minus_constrained,panel_4,2,1124029,greedy,0,1,0,-16,-0.9375
1,logged_graph_minus_constrained,panel_4,2,1124030,greedy,0,0,0,0,-0.53125
1,logged_graph_minus_constrained,panel_4,2,1124031,greedy,0,0,0,0,-0.5625
1,logged_graph_minus_constrained,panel_4,2,1124032,greedy,0,-1,0,21,0.96875
1,logged_graph_minus_constrained,panel_4,2,1124033,greedy,0,0,0,0,0.0
1,logged_graph_minus_constrained,panel_4,2,1124034,greedy,0,0,1,-28,0.0
1,logged_graph_minus_constrained,panel_4,2,1124035,greedy,0,0,-1,27,0.03125
1,logged_graph_minus_constrained,panel_4,2,1124036,greedy,0,0,1,-7,-0.7777777777777778
1,logged_graph_minus_constrained,panel_4,2,1124037,greedy,0,-1,0,19,0.16826923076923073
1,logged_graph_minus_constrained,panel_4,2,1124038,greedy,0,1,1,-30,-0.90625
1,logged_graph_minus_constrained,panel_4,2,1124040,greedy,0,-1,0,12,0.125
1,logged_graph_minus_constrained,panel_4,2,1124041,greedy,0,1,0,-17,-0.30208333333333337
1,logged_graph_minus_constrained,panel_4,2,1124042,greedy,0,-1,-1,26,0.65625
1,logged_graph_minus_constrained,panel_4,2,1124043,greedy,0,-1,-1,29,0.8125
1,logged_graph_minus_constrained,panel_4,2,1124044,greedy,0,-1,0,12,0.8125
1,logged_graph_minus_constrained,panel_4,2,1124045,greedy,0,-1,-1,29,0.78125
1,logged_graph_minus_constrained,panel_4,2,1124046,greedy,0,0,0,0,-0.4375
1,logged_graph_minus_constrained,panel_4,2,1124047,greedy,0,-1,-1,31,0.9375
1,logged_graph_minus_constrained,panel_4,2,1124048,greedy,0,0,0,2,0.0
1,logged_graph_minus_constrained,panel_4,2,1124049,greedy,0,-1,-1,29,0.9375
1,logged_graph_minus_constrained,panel_4,2,1124050,greedy,0,-1,0,20,0.20833333333333337
1,logged_graph_minus_constrained,panel_4,2,1124051,greedy,0,0,-1,15,0.7222222222222222
1,logged_graph_minus_constrained,panel_4,2,1124052,greedy,0,0,0,0,0.0
1,logged_graph_minus_constrained,panel_4,2,1124053,greedy,0,-1,-1,27,0.875
1,logged_graph_minus_constrained,panel_4,2,1124054,greedy,0,0,0,-4,0.6086956521739131
1,logged_graph_minus_constrained,panel_4,2,1124055,greedy,0,0,-1,30,0.967741935483871
1,logged_graph_minus_constrained,panel_4,2,1124057,greedy,0,-1,-1,28,0.84375
1,logged_graph_minus_constrained,panel_4,2,1124058,greedy,0,-1,-1,26,0.39583333333333337
1,logged_graph_minus_constrained,panel_4,2,1124059,greedy,0,-1,0,6,-0.15865384615384615
1,logged_graph_minus_constrained,panel_4,2,1124060,greedy,0,-1,0,10,0.625
1,logged_graph_minus_constrained,panel_4,2,1124061,greedy,0,-1,0,9,0.28396739130434784
1,logged_graph_minus_constrained,panel_4,2,1124062,greedy,0,0,0,0,0.15625
1,logged_graph_minus_constrained,panel_4,2,1124063,greedy,0,-1,-1,28,0.625
1,logged_graph_minus_constrained,panel_4,2,1124064,greedy,0,0,0,0,0.0
1,logged_graph_minus_constrained,panel_4,2,1124065,greedy,0,0,0,6,0.0
1,logged_graph_minus_constrained,panel_4,2,1124066,greedy,0,0,0,0,-0.28125
1,logged_graph_minus_constrained,panel_4,2,1124067,greedy,0,-1,-1,29,0.65625
1,logged_graph_minus_constrained,panel_4,2,1124068,greedy,0,-1,-1,31,0.96875
1,logged_graph_minus_constrained,panel_4,2,1124069,greedy,0,-1,0,12,-0.05625000000000002
1,logged_graph_minus_constrained,panel_5,0,1125000,greedy,0,0,-1,12,0.13333333333333333
1,logged_graph_minus_constrained,panel_5,0,1125001,greedy,0,-1,-1,31,0.96875
1,logged_graph_minus_constrained,panel_5,0,1125002,greedy,0,0,-1,13,0.8125
1,logged_graph_minus_constrained,panel_5,0,1125003,greedy,0,0,0,0,0.0
1,logged_graph_minus_constrained,panel_5,0,1125004,greedy,0,0,0,0,0.28125
1,logged_graph_minus_constrained,panel_5,0,1125005,greedy,0,0,-1,24,-0.28125
1,logged_graph_minus_constrained,panel_5,0,1125006,greedy,0,0,-1,26,0.0
1,logged_graph_minus_constrained,panel_5,0,1125007,greedy,0,0,0,2,0.5866666666666667
1,logged_graph_minus_constrained,panel_5,0,1125008,greedy,0,0,0,0,0.0
1,logged_graph_minus_constrained,panel_5,0,1125009,greedy,0,-1,-1,30,0.875
1,logged_graph_minus_constrained,panel_5,0,1125010,greedy,0,0,0,0,0.0
1,logged_graph_minus_constrained,panel_5,0,1125011,greedy,0,0,-1,8,0.0
1,logged_graph_minus_constrained,panel_5,0,1125012,greedy,0,0,0,0,0.0
1,logged_graph_minus_constrained,panel_5,0,1125013,greedy,0,0,0,0,0.6875
1,logged_graph_minus_constrained,panel_5,0,1125014,greedy,0,-1,-1,30,0.9375
1,logged_graph_minus_constrained,panel_5,0,1125015,greedy,0,-1,-1,26,0.9375
1,logged_graph_minus_constrained,panel_5,0,1125016,greedy,0,0,0,0,-0.875
1,logged_graph_minus_constrained,panel_5,0,1125017,greedy,0,0,0,0,0.0
1,logged_graph_minus_constrained,panel_5,0,1125018,greedy,0,-1,-1,28,0.875
1,logged_graph_minus_constrained,panel_5,0,1125019,greedy,0,0,0,0,0.0
1,logged_graph_minus_constrained,panel_5,0,1125020,greedy,0,-1,-1,28,1.0
1,logged_graph_minus_constrained,panel_5,0,1125021,greedy,0,0,0,0,0.0
1,logged_graph_minus_constrained,panel_5,0,1125022,greedy,0,0,0,0,0.0
1,logged_graph_minus_constrained,panel_5,0,1125023,greedy,0,0,0,0,-0.03125
1,logged_graph_minus_constrained,panel_5,0,1125024,greedy,0,0,0,0,0.0
1,logged_graph_minus_constrained,panel_5,0,1125025,greedy,0,0,0,0,-0.09375
1,logged_graph_minus_constrained,panel_5,0,1125026,greedy,0,0,0,0,0.0
1,logged_graph_minus_constrained,panel_5,0,1125027,greedy,0,0,0,0,-0.75
1,logged_graph_minus_constrained,panel_5,0,1125028,greedy,0,-1,0,15,0.2591911764705882
1,logged_graph_minus_constrained,panel_5,0,1125029,greedy,0,-1,-1,31,0.4375
1,logged_graph_minus_constrained,panel_5,0,1125030,greedy,0,-1,-1,28,0.78125
1,logged_graph_minus_constrained,panel_5,0,1125031,greedy,0,0,0,0,0.0
1,logged_graph_minus_constrained,panel_5,0,1125032,greedy,0,0,0,-2,0.0
1,logged_graph_minus_constrained,panel_5,0,1125033,greedy,0,0,-1,28,0.8666666666666667
1,logged_graph_minus_constrained,panel_5,0,1125034,greedy,0,0,-1,21,0.625
1,logged_graph_minus_constrained,panel_5,0,1125035,greedy,0,-1,0,13,0.8125
1,logged_graph_minus_constrained,panel_5,0,1125036,greedy,0,0,0,0,0.0
1,logged_graph_minus_constrained,panel_5,0,1125037,greedy,0,-1,0,19,0.0
1,logged_graph_minus_constrained,panel_5,0,1125038,greedy,0,-1,-1,30,0.09375
1,logged_graph_minus_constrained,panel_5,0,1125039,greedy,0,-1,-1,27,0.96875
1,logged_graph_minus_constrained,panel_5,0,1125040,greedy,0,-1,-1,29,0.84375
1,logged_graph_minus_constrained,panel_5,0,1125041,greedy,0,1,1,-28,-0.90625
1,logged_graph_minus_constrained,panel_5,0,1125042,greedy,0,0,0,0,0.0
1,logged_graph_minus_constrained,panel_5,0,1125043,greedy,0,0,0,0,0.0
1,logged_graph_minus_constrained,panel_5,0,1125044,greedy,0,1,0,-3,-0.5614224137931034
1,logged_graph_minus_constrained,panel_5,0,1125045,greedy,0,-1,-1,25,0.7008928571428572
1,logged_graph_minus_constrained,panel_5,0,1125046,greedy,0,-1,-1,28,0.71875
1,logged_graph_minus_constrained,panel_5,0,1125047,greedy,0,-1,0,17,0.84375
1,logged_graph_minus_constrained,panel_5,0,1125048,greedy,0,0,-1,18,0.9473684210526315
1,logged_graph_minus_constrained,panel_5,0,1125049,greedy,0,0,0,0,-0.125
1,logged_graph_minus_constrained,panel_5,0,1125050,greedy,0,-1,-1,28,0.21875
1,logged_graph_minus_constrained,panel_5,0,1125051,greedy,0,0,-1,16,0.8421052631578947
1,logged_graph_minus_constrained,panel_5,0,1125052,greedy,0,0,0,0,-0.40625
1,logged_graph_minus_constrained,panel_5,0,1125053,greedy,0,-1,-1,25,0.5089285714285714
1,logged_graph_minus_constrained,panel_5,0,1125054,greedy,0,0,0,0,0.0
1,logged_graph_minus_constrained,panel_5,0,1125055,greedy,0,-1,-1,29,0.0
1,logged_graph_minus_constrained,panel_5,0,1125056,greedy,0,0,0,2,0.2857142857142857
1,logged_graph_minus_constrained,panel_5,0,1125057,greedy,0,-1,0,17,-0.7020833333333333
1,logged_graph_minus_constrained,panel_5,0,1125058,greedy,0,0,0,0,0.0
1,logged_graph_minus_constrained,panel_5,0,1125059,greedy,0,-1,-1,28,0.9375
1,logged_graph_minus_constrained,panel_5,0,1125060,greedy,0,0,0,0,-0.375
1,logged_graph_minus_constrained,panel_5,0,1125061,greedy,0,0,-1,10,0.0
1,logged_graph_minus_constrained,panel_5,0,1125062,greedy,0,0,0,2,-0.2377622377622377
1,logged_graph_minus_constrained,panel_5,0,1125063,greedy,0,0,1,-11,-0.7857142857142857
1,logged_graph_minus_constrained,panel_5,1,1125000,greedy,0,-1,-1,29,0.84375
1,logged_graph_minus_constrained,panel_5,1,1125001,greedy,0,-1,-1,31,1.0
1,logged_graph_minus_constrained,panel_5,1,1125002,greedy,0,0,1,-16,-0.8421052631578947
1,logged_graph_minus_constrained,panel_5,1,1125003,greedy,0,-1,-1,31,1.0
1,logged_graph_minus_constrained,panel_5,1,1125004,greedy,0,0,0,0,-0.25
1,logged_graph_minus_constrained,panel_5,1,1125005,greedy,0,0,-1,16,0.3229813664596274
1,logged_graph_minus_constrained,panel_5,1,1125006,greedy,0,0,0,0,0.0
1,logged_graph_minus_constrained,panel_5,1,1125007,greedy,0,-1,0,21,0.90625
1,logged_graph_minus_constrained,panel_5,1,1125008,greedy,0,-1,-1,30,0.96875
1,logged_graph_minus_constrained,panel_5,1,1125009,greedy,0,-1,-1,30,1.0
1,logged_graph_minus_constrained,panel_5,1,1125010,greedy,0,0,1,-9,-0.9
1,logged_graph_minus_constrained,panel_5,1,1125011,greedy,0,0,0,0,0.0
1,logged_graph_minus_constrained,panel_5,1,1125012,greedy,0,0,0,0,-0.3125
1,logged_graph_minus_constrained,panel_5,1,1125013,greedy,0,0,0,0,0.78125
1,logged_graph_minus_constrained,panel_5,1,1125014,greedy,0,-1,0,13,0.07401315789473684
1,logged_graph_minus_constrained,panel_5,1,1125015,greedy,0,0,0,0,-0.03125
1,logged_graph_minus_constrained,panel_5,1,1125016,greedy,0,0,0,0,0.0
1,logged_graph_minus_constrained,panel_5,1,1125017,greedy,0,0,0,0,-0.1875
1,logged_graph_minus_constrained,panel_5,1,1125018,greedy,0,0,0,0,0.0
1,logged_graph_minus_constrained,panel_5,1,1125019,greedy,0,0,-1,9,0.5833333333333334
1,logged_graph_minus_constrained,panel_5,1,1125020,greedy,0,0,0,0,-0.03125
1,logged_graph_minus_constrained,panel_5,1,1125021,greedy,0,1,1,-28,-0.4375
1,logged_graph_minus_constrained,panel_5,1,1125022,greedy,0,-1,-1,26,0.84375
1,logged_graph_minus_constrained,panel_5,1,1125023,greedy,0,0,0,0,-0.375
1,logged_graph_minus_constrained,panel_5,1,1125024,greedy,0,0,-1,4,0.8
1,logged_graph_minus_constrained,panel_5,1,1125025,greedy,0,0,0,0,0.375
1,logged_graph_minus_constrained,panel_5,1,1125026,greedy,0,-1,-1,31,0.6875
1,logged_graph_minus_constrained,panel_5,1,1125027,greedy,0,-1,0,17,0.75
1,logged_graph_minus_constrained,panel_5,1,1125028,greedy,0,0,-1,16,0.0
1,logged_graph_minus_constrained,panel_5,1,1125029,greedy,0,-1,-1,31,0.75
1,logged_graph_minus_constrained,panel_5,1,1125030,greedy,0,0,0,0,-0.09375
1,logged_graph_minus_constrained,panel_5,1,1125031,greedy,0,-1,-1,31,0.5625
1,logged_graph_minus_constrained,panel_5,1,1125032,greedy,0,-1,-1,30,0.0
1,logged_graph_minus_constrained,panel_5,1,1125033,greedy,0,-1,-1,30,0.71875
1,logged_graph_minus_constrained,panel_5,1,1125034,greedy,0,0,1,-7,-0.75
1,logged_graph_minus_constrained,panel_5,1,1125035,greedy,0,-1,-1,29,0.5
1,logged_graph_minus_constrained,panel_5,1,1125036,greedy,0,0,0,0,0.0
1,logged_graph_minus_constrained,panel_5,1,1125037,greedy,0,-1,-1,29,0.21875
1,logged_graph_minus_constrained,panel_5,1,1125038,greedy,0,0,-1,27,0.6551724137931034
1,logged_graph_minus_constrained,panel_5,1,1125039,greedy,0,0,-1,17,0.7727272727272727
1,logged_graph_minus_constrained,panel_5,1,1125040,greedy,0,1,0,-25,-0.3973214285714286
1,logged_graph_minus_constrained,panel_5,1,1125041,greedy,0,0,-1,11,0.7333333333333333
1,logged_graph_minus_constrained,panel_5,1,1125042,greedy,0,0,0,0,-0.28125
1,logged_graph_minus_constrained,panel_5,1,1125043,greedy,0,0,0,0,0.0
1,logged_graph_minus_constrained,panel_5,1,1125044,greedy,0,0,0,0,-0.34375
1,logged_graph_minus_constrained,panel_5,1,1125045,greedy,0,0,0,0,-0.25
1,logged_graph_minus_constrained,panel_5,1,1125046,greedy,0,0,0,9,0.04761904761904767
1,logged_graph_minus_constrained,panel_5,1,1125047,greedy,0,-1,0,13,-0.5180921052631579
1,logged_graph_minus_constrained,panel_5,1,1125048,greedy,0,0,-1,12,0.9230769230769231
1,logged_graph_minus_constrained,panel_5,1,1125049,greedy,0,-1,0,2,0.07499999999999996
1,logged_graph_minus_constrained,panel_5,1,1125050,greedy,0,0,-1,8,0.6666666666666666
1,logged_graph_minus_constrained,panel_5,1,1125051,greedy,0,-1,0,14,0.13541666666666663
1,logged_graph_minus_constrained,panel_5,1,1125052,greedy,0,0,0,0,-0.5625
1,logged_graph_minus_constrained,panel_5,1,1125053,greedy,0,0,0,0,-0.09375
1,logged_graph_minus_constrained,panel_5,1,1125054,greedy,0,0,0,0,0.0
1,logged_graph_minus_constrained,panel_5,1,1125055,greedy,0,0,0,0,0.0625
1,logged_graph_minus_constrained,panel_5,1,1125056,greedy,0,0,-1,6,0.5454545454545454
1,logged_graph_minus_constrained,panel_5,1,1125057,greedy,0,0,-1,23,0.76
1,logged_graph_minus_constrained,panel_5,1,1125058,greedy,0,-1,-1,30,0.625
1,logged_graph_minus_constrained,panel_5,1,1125059,greedy,0,0,0,3,0.8095238095238095
1,logged_graph_minus_constrained,panel_5,1,1125060,greedy,0,-1,0,14,0.1909722222222222
1,logged_graph_minus_constrained,panel_5,1,1125061,greedy,0,-1,-1,29,0.6875
1,logged_graph_minus_constrained,panel_5,1,1125062,greedy,0,-1,-1,27,0.96875
1,logged_graph_minus_constrained,panel_5,1,1125063,greedy,0,-1,-1,29,0.21875
1,logged_graph_minus_constrained,panel_5,2,1125000,greedy,0,-1,-1,27,0.875
1,logged_graph_minus_constrained,panel_5,2,1125001,greedy,0,-1,-1,31,0.90625
1,logged_graph_minus_constrained,panel_5,2,1125002,greedy,0,-1,-1,29,0.96875
1,logged_graph_minus_constrained,panel_5,2,1125003,greedy,0,0,1,-11,-0.9166666666666666
1,logged_graph_minus_constrained,panel_5,2,1125004,greedy,0,0,0,0,-0.96875
1,logged_graph_minus_constrained,panel_5,2,1125005,greedy,0,0,0,0,0.78125
1,logged_graph_minus_constrained,panel_5,2,1125006,greedy,0,-1,-1,31,0.9375
1,logged_graph_minus_constrained,panel_5,2,1125007,greedy,0,0,0,0,0.875
1,logged_graph_minus_constrained,panel_5,2,1125008,greedy,0,-1,-1,30,0.53125
1,logged_graph_minus_constrained,panel_5,2,1125009,greedy,0,-1,0,2,-0.18333333333333335
1,logged_graph_minus_constrained,panel_5,2,1125010,greedy,0,0,0,0,0.0
1,logged_graph_minus_constrained,panel_5,2,1125011,greedy,0,0,0,0,0.0
1,logged_graph_minus_constrained,panel_5,2,1125012,greedy,0,0,0,0,-0.03125
1,logged_graph_minus_constrained,panel_5,2,1125013,greedy,0,0,0,0,-0.09375
1,logged_graph_minus_constrained,panel_5,2,1125014,greedy,0,-1,-1,30,0.96875
1,logged_graph_minus_constrained,panel_5,2,1125015,greedy,0,-1,0,0,0.15625
1,logged_graph_minus_constrained,panel_5,2,1125016,greedy,0,-1,0,3,0.2068965517241379
1,logged_graph_minus_constrained,panel_5,2,1125017,greedy,0,1,0,-21,-0.4232954545454546
1,logged_graph_minus_constrained,panel_5,2,1125018,greedy,0,0,-1,17,0.7142857142857143
1,logged_graph_minus_constrained,panel_5,2,1125019,greedy,0,0,-1,18,0.47619047619047616
1,logged_graph_minus_constrained,panel_5,2,1125020,greedy,0,0,-1,7,0.6363636363636364
1,logged_graph_minus_constrained,panel_5,2,1125021,greedy,0,-1,-1,28,0.0625
1,logged_graph_minus_constrained,panel_5,2,1125022,greedy,0,-1,0,20,-0.13541666666666663
1,logged_graph_minus_constrained,panel_5,2,1125023,greedy,0,0,0,0,-0.6875
1,logged_graph_minus_constrained,panel_5,2,1125024,greedy,0,-1,-1,31,0.875
1,logged_graph_minus_constrained,panel_5,2,1125025,greedy,0,1,1,-26,-0.6354166666666667
1,logged_graph_minus_constrained,panel_5,2,1125026,greedy,0,0,0,0,0.0
1,logged_graph_minus_constrained,panel_5,2,1125027,greedy,0,0,0,0,-0.03125
1,logged_graph_minus_constrained,panel_5,2,1125028,greedy,0,0,-1,19,0.7391304347826086
1,logged_graph_minus_constrained,panel_5,2,1125029,greedy,0,-1,-1,31,0.59375
1,logged_graph_minus_constrained,panel_5,2,1125030,greedy,0,0,0,0,-0.75
1,logged_graph_minus_constrained,panel_5,2,1125031,greedy,0,-1,-1,31,1.0
1,logged_graph_minus_constrained,panel_5,2,1125032,greedy,0,0,0,0,0.0
1,logged_graph_minus_constrained,panel_5,2,1125033,greedy,0,0,1,-8,0.0
1,logged_graph_minus_constrained,panel_5,2,1125034,greedy,0,-1,-1,29,0.9375
1,logged_graph_minus_constrained,panel_5,2,1125035,greedy,0,-1,-1,29,0.90625
1,logged_graph_minus_constrained,panel_5,2,1125036,greedy,0,0,0,0,0.0
1,logged_graph_minus_constrained,panel_5,2,1125037,greedy,0,0,-1,8,0.0
1,logged_graph_minus_constrained,panel_5,2,1125038,greedy,0,-1,-1,30,0.03125
1,logged_graph_minus_constrained,panel_5,2,1125039,greedy,0,0,0,0,-0.1875
1,logged_graph_minus_constrained,panel_5,2,1125040,greedy,0,0,0,0,0.5
1,logged_graph_minus_constrained,panel_5,2,1125041,greedy,0,1,0,-4,-0.3973214285714286
1,logged_graph_minus_constrained,panel_5,2,1125042,greedy,0,-1,-1,31,0.875
1,logged_graph_minus_constrained,panel_5,2,1125043,greedy,0,0,0,0,0.0
1,logged_graph_minus_constrained,panel_5,2,1125044,greedy,0,-1,-1,27,0.46875
1,logged_graph_minus_constrained,panel_5,2,1125045,greedy,0,0,0,0,-0.25
1,logged_graph_minus_constrained,panel_5,2,1125046,greedy,0,0,0,8,-0.16666666666666663
1,logged_graph_minus_constrained,panel_5,2,1125047,greedy,0,0,0,0,0.6875
1,logged_graph_minus_constrained,panel_5,2,1125048,greedy,0,0,0,10,0.08403361344537819
1,logged_graph_minus_constrained,panel_5,2,1125049,greedy,0,0,0,0,-0.125
1,logged_graph_minus_constrained,panel_5,2,1125050,greedy,0,-1,-1,28,0.78125
1,logged_graph_minus_constrained,panel_5,2,1125051,greedy,0,0,-1,2,0.125
1,logged_graph_minus_constrained,panel_5,2,1125052,greedy,0,-1,0,19,0.0625
1,logged_graph_minus_constrained,panel_5,2,1125053,greedy,0,0,0,0,-0.03125
1,logged_graph_minus_constrained,panel_5,2,1125054,greedy,0,0,0,0,0.3125
1,logged_graph_minus_constrained,panel_5,2,1125055,greedy,0,-1,0,3,0.21767241379310343
1,logged_graph_minus_constrained,panel_5,2,1125056,greedy,0,0,0,1,0.16666666666666666
1,logged_graph_minus_constrained,panel_5,2,1125057,greedy,0,0,-1,17,0.7894736842105263
1,logged_graph_minus_constrained,panel_5,2,1125058,greedy,0,0,-1,22,0.5
1,logged_graph_minus_constrained,panel_5,2,1125059,greedy,0,-1,-1,28,0.0
1,logged_graph_minus_constrained,panel_5,2,1125060,greedy,0,-1,0,14,0.1284722222222222
1,logged_graph_minus_constrained,panel_5,2,1125061,greedy,0,-1,0,20,0.15625
1,logged_graph_minus_constrained,panel_5,2,1125062,greedy,0,-1,0,5,-0.7523148148148148
1,logged_graph_minus_constrained,panel_5,2,1125063,greedy,0,-1,-1,29,0.78125
1,logged_graph_minus_constrained,panel_6,0,1126000,greedy,0,1,1,-28,-0.90625
1,logged_graph_minus_constrained,panel_6,0,1126001,greedy,0,0,0,0,-0.0625
1,logged_graph_minus_constrained,panel_6,0,1126002,greedy,0,0,-1,12,0.5882352941176471
1,logged_graph_minus_constrained,panel_6,0,1126004,greedy,0,0,-1,26,0.0
1,logged_graph_minus_constrained,panel_6,0,1126005,greedy,0,0,0,0,-0.34375
1,logged_graph_minus_constrained,panel_6,0,1126006,greedy,0,0,0,0,0.0625
1,logged_graph_minus_constrained,panel_6,0,1126007,greedy,0,-1,-1,30,0.9375
1,logged_graph_minus_constrained,panel_6,0,1126008,greedy,0,0,-1,10,0.08187134502923976
1,logged_graph_minus_constrained,panel_6,0,1126009,greedy,0,-1,0,26,0.13541666666666663
1,logged_graph_minus_constrained,panel_6,0,1126010,greedy,0,0,0,8,0.03418803418803429
1,logged_graph_minus_constrained,panel_6,0,1126011,greedy,0,0,-1,13,0.05555555555555555
1,logged_graph_minus_constrained,panel_6,0,1126012,greedy,0,0,0,0,-0.21875
1,logged_graph_minus_constrained,panel_6,0,1126013,greedy,0,0,0,6,-0.6
1,logged_graph_minus_constrained,panel_6,0,1126014,greedy,0,0,0,0,-0.21875
1,logged_graph_minus_constrained,panel_6,0,1126015,greedy,0,-1,-1,27,0.875
1,logged_graph_minus_constrained,panel_6,0,1126016,greedy,0,-1,-1,25,0.875
1,logged_graph_minus_constrained,panel_6,0,1126017,greedy,0,-1,0,0,0.21875
1,logged_graph_minus_constrained,panel_6,0,1126018,greedy,0,1,0,-14,-0.13541666666666663
1,logged_graph_minus_constrained,panel_6,0,1126019,greedy,0,0,0,0,0.0
1,logged_graph_minus_constrained,panel_6,0,1126020,greedy,0,-1,0,1,0.13104838709677424
1,logged_graph_minus_constrained,panel_6,0,1126021,greedy,0,0,0,0,0.0
1,logged_graph_minus_constrained,panel_6,0,1126022,greedy,0,0,0,0,0.6875
1,logged_graph_minus_constrained,panel_6,0,1126023,greedy,0,0,0,0,-0.3125
1,logged_graph_minus_constrained,panel_6,0,1126024,greedy,0,0,0,0,0.0
1,logged_graph_minus_constrained,panel_6,0,1126025,greedy,0,0,0,0,0.0
1,logged_graph_minus_constrained,panel_6,0,1126026,greedy,0,0,0,0,0.0
1,logged_graph_minus_constrained,panel_6,0,1126027,greedy,0,0,-1,7,0.1111111111111111
1,logged_graph_minus_constrained,panel_6,0,1126028,greedy,0,0,0,0,0.0
1,logged_graph_minus_constrained,panel_6,0,1126029,greedy,0,0,0,0,0.0
1,logged_graph_minus_constrained,panel_6,0,1126030,greedy,0,0,0,0,0.0
1,logged_graph_minus_constrained,panel_6,0,1126031,greedy,0,0,0,-2,0.6666666666666666
1,logged_graph_minus_constrained,panel_6,0,1126032,greedy,0,0,0,0,-0.03125
1,logged_graph_minus_constrained,panel_6,0,1126033,greedy,0,-1,-1,25,1.0
1,logged_graph_minus_constrained,panel_6,0,1126034,greedy,0,0,0,0,-0.53125
1,logged_graph_minus_constrained,panel_6,0,1126035,greedy,0,0,0,0,-0.46875
1,logged_graph_minus_constrained,panel_6,0,1126036,greedy,0,0,0,0,0.03125
1,logged_graph_minus_constrained,panel_6,0,1126037,greedy,0,1,0,-21,-0.875
1,logged_graph_minus_constrained,panel_6,0,1126038,greedy,0,0,0,0,0.0
1,logged_graph_minus_constrained,panel_6,0,1126039,greedy,0,0,-1,14,0.6666666666666666
1,logged_graph_minus_constrained,panel_6,0,1126040,greedy,0,-1,-1,29,0.96875
1,logged_graph_minus_constrained,panel_6,0,1126041,greedy,0,0,-1,16,0.47058823529411764
1,logged_graph_minus_constrained,panel_6,0,1126042,greedy,0,0,-1,21,0.8636363636363636
1,logged_graph_minus_constrained,panel_6,0,1126043,greedy,0,0,0,0,0.75
1,logged_graph_minus_constrained,panel_6,0,1126044,greedy,0,1,0,-10,-0.31818181818181823
1,logged_graph_minus_constrained,panel_6,0,1126045,greedy,0,1,0,-15,-0.8235294117647058
1,logged_graph_minus_constrained,panel_6,0,1126046,greedy,0,-1,-1,30,0.5
1,logged_graph_minus_constrained,panel_6,0,1126047,greedy,0,-1,-1,31,0.25
1,logged_graph_minus_constrained,panel_6,0,1126048,greedy,0,0,1,-13,-0.7647058823529411
1,logged_graph_minus_constrained,panel_6,0,1126049,greedy,0,0,0,0,-0.34375
1,logged_graph_minus_constrained,panel_6,0,1126050,greedy,0,-1,0,9,0.5339673913043479
1,logged_graph_minus_constrained,panel_6,0,1126051,greedy,0,0,-1,12,0.0
1,logged_graph_minus_constrained,panel_6,0,1126052,greedy,0,-1,-1,29,0.625
1,logged_graph_minus_constrained,panel_6,0,1126053,greedy,0,-1,-1,28,0.96875
1,logged_graph_minus_constrained,panel_6,0,1126054,greedy,0,-1,-1,28,0.9375
1,logged_graph_minus_constrained,panel_6,0,1126055,greedy,0,0,-1,29,0.8333333333333334
1,logged_graph_minus_constrained,panel_6,0,1126056,greedy,0,1,1,-30,-0.65625
1,logged_graph_minus_constrained,panel_6,0,1126057,greedy,0,0,0,0,0.0
1,logged_graph_minus_constrained,panel_6,0,1126058,greedy,0,-1,0,13,0.17927631578947367
1,logged_graph_minus_constrained,panel_6,0,1126059,greedy,0,-1,-1,30,0.8125
1,logged_graph_minus_constrained,panel_6,0,1126060,greedy,0,0,-1,19,0.8636363636363636
1,logged_graph_minus_constrained,panel_6,0,1126061,greedy,0,0,-1,11,0.6428571428571429
1,logged_graph_minus_constrained,panel_6,0,1126062,greedy,0,0,0,0,0.40625
1,logged_graph_minus_constrained,panel_6,0,1126063,greedy,0,0,0,0,0.0
1,logged_graph_minus_constrained,panel_6,0,1126064,greedy,0,0,0,4,0.8571428571428571
1,logged_graph_minus_constrained,panel_6,1,1126000,greedy,0,-1,-1,28,0.125
1,logged_graph_minus_constrained,panel_6,1,1126001,greedy,0,1,0,-7,-0.80875
1,logged_graph_minus_constrained,panel_6,1,1126002,greedy,0,-1,-1,27,0.84375
1,logged_graph_minus_constrained,panel_6,1,1126004,greedy,0,-1,-1,30,0.90625
1,logged_graph_minus_constrained,panel_6,1,1126005,greedy,0,-1,0,17,0.875
1,logged_graph_minus_constrained,panel_6,1,1126006,greedy,0,0,0,0,-0.1875
1,logged_graph_minus_constrained,panel_6,1,1126007,greedy,0,0,0,0,0.0
1,logged_graph_minus_constrained,panel_6,1,1126008,greedy,0,0,0,0,0.0
1,logged_graph_minus_constrained,panel_6,1,1126009,greedy,0,-1,0,20,-0.01041666666666663
1,logged_graph_minus_constrained,panel_6,1,1126010,greedy,0,0,0,0,0.0
1,logged_graph_minus_constrained,panel_6,1,1126011,greedy,0,1,0,-21,-0.75
1,logged_graph_minus_constrained,panel_6,1,1126012,greedy,0,0,0,0,0.0
1,logged_graph_minus_constrained,panel_6,1,1126013,greedy,0,-1,-1,28,0.125
1,logged_graph_minus_constrained,panel_6,1,1126014,greedy,0,0,0,0,-0.03125
1,logged_graph_minus_constrained,panel_6,1,1126015,greedy,0,0,0,0,-0.0625
1,logged_graph_minus_constrained,panel_6,1,1126016,greedy,0,-1,-1,25,0.9375
1,logged_graph_minus_constrained,panel_6,1,1126017,greedy,0,0,0,0,-0.125
1,logged_graph_minus_constrained,panel_6,1,1126018,greedy,0,0,-1,26,0.896551724137931
1,logged_graph_minus_constrained,panel_6,1,1126019,greedy,0,0,0,0,0.0
1,logged_graph_minus_constrained,panel_6,1,1126020,greedy,0,-1,0,1,0.19556451612903225
1,logged_graph_minus_constrained,panel_6,1,1126021,greedy,0,0,0,0,0.0
1,logged_graph_minus_constrained,panel_6,1,1126022,greedy,0,0,0,0,0.0
1,logged_graph_minus_constrained,panel_6,1,1126023,greedy,0,0,0,0,-0.1875
1,logged_graph_minus_constrained,panel_6,1,1126024,greedy,0,0,-1,12,0.5333333333333333
1,logged_graph_minus_constrained,panel_6,1,1126025,greedy,0,-1,-1,28,0.5625
1,logged_graph_minus_constrained,panel_6,1,1126026,greedy,0,1,1,-27,-1.0
1,logged_graph_minus_constrained,panel_6,1,1126027,greedy,0,-1,-1,30,0.96875
1,logged_graph_minus_constrained,panel_6,1,1126028,greedy,0,-1,-1,31,0.9375
1,logged_graph_minus_constrained,panel_6,1,1126029,greedy,0,-1,-1,31,1.0
1,logged_graph_minus_constrained,panel_6,1,1126030,greedy,0,0,0,0,0.0
1,logged_graph_minus_constrained,panel_6,1,1126031,greedy,0,0,-1,29,0.8333333333333334
1,logged_graph_minus_constrained,panel_6,1,1126032,greedy,0,1,0,-11,-0.23958333333333337
1,logged_graph_minus_constrained,panel_6,1,1126033,greedy,0,0,0,0,-0.21875
1,logged_graph_minus_constrained,panel_6,1,1126034,greedy,0,0,0,0,-0.03125
1,logged_graph_minus_constrained,panel_6,1,1126035,greedy,0,1,0,0,0.0625
1,logged_graph_minus_constrained,panel_6,1,1126036,greedy,0,1,1,-26,-1.0
1,logged_graph_minus_constrained,panel_6,1,1126037,greedy,0,0,0,0,-0.2857142857142857
1,logged_graph_minus_constrained,panel_6,1,1126038,greedy,0,0,0,0,0.0
1,logged_graph_minus_constrained,panel_6,1,1126039,greedy,0,0,0,0,0.0
1,logged_graph_minus_constrained,panel_6,1,1126040,greedy,0,0,0,0,0.1875
1,logged_graph_minus_constrained,panel_6,1,1126041,greedy,0,-1,-1,31,0.21875
1,logged_graph_minus_constrained,panel_6,1,1126042,greedy,0,-1,-1,31,0.96875
1,logged_graph_minus_constrained,panel_6,1,1126043,greedy,0,0,0,0,-0.40625
1,logged_graph_minus_constrained,panel_6,1,1126044,greedy,0,0,1,-13,-0.8125
1,logged_graph_minus_constrained,panel_6,1,1126045,greedy,0,0,-1,8,0.5
1,logged_graph_minus_constrained,panel_6,1,1126046,greedy,0,-1,-1,30,0.09375
1,logged_graph_minus_constrained,panel_6,1,1126047,greedy,0,0,-1,20,0.7619047619047619
1,logged_graph_minus_constrained,panel_6,1,1126048,greedy,0,-1,0,5,0.05439814814814814
1,logged_graph_minus_constrained,panel_6,1,1126049,greedy,0,0,0,0,0.625
1,logged_graph_minus_constrained,panel_6,1,1126050,greedy,0,-1,-1,27,0.84375
1,logged_graph_minus_constrained,panel_6,1,1126051,greedy,0,0,0,0,0.0
1,logged_graph_minus_constrained,panel_6,1,1126052,greedy,0,-1,-1,29,0.34375
1,logged_graph_minus_constrained,panel_6,1,1126053,greedy,0,0,0,0,0.03125
1,logged_graph_minus_constrained,panel_6,1,1126054,greedy,0,-1,0,14,0.20833333333333337
1,logged_graph_minus_constrained,panel_6,1,1126055,greedy,0,0,0,-9,0.25
1,logged_graph_minus_constrained,panel_6,1,1126056,greedy,0,0,0,2,0.0
1,logged_graph_minus_constrained,panel_6,1,1126057,greedy,0,0,0,0,0.0
1,logged_graph_minus_constrained,panel_6,1,1126058,greedy,0,-1,0,5,0.05439814814814814
1,logged_graph_minus_constrained,panel_6,1,1126059,greedy,0,0,0,2,0.0
1,logged_graph_minus_constrained,panel_6,1,1126060,greedy,0,0,-1,7,0.7
1,logged_graph_minus_constrained,panel_6,1,1126061,greedy,0,0,-1,25,0.75
1,logged_graph_minus_constrained,panel_6,1,1126062,greedy,0,0,0,0,0.0
1,logged_graph_minus_constrained,panel_6,1,1126063,greedy,0,-1,-1,29,1.0
1,logged_graph_minus_constrained,panel_6,1,1126064,greedy,0,0,0,0,0.0
1,logged_graph_minus_constrained,panel_6,2,1126000,greedy,0,0,0,0,-0.375
1,logged_graph_minus_constrained,panel_6,2,1126001,greedy,0,-1,-1,26,0.6458333333333334
1,logged_graph_minus_constrained,panel_6,2,1126002,greedy,0,1,0,-12,-0.45625
1,logged_graph_minus_constrained,panel_6,2,1126004,greedy,0,-1,-1,30,0.84375
1,logged_graph_minus_constrained,panel_6,2,1126005,greedy,0,0,-1,17,0.7083333333333334
1,logged_graph_minus_constrained,panel_6,2,1126006,greedy,0,1,0,-5,-0.09722222222222221
1,logged_graph_minus_constrained,panel_6,2,1126007,greedy,0,0,0,0,0.0
1,logged_graph_minus_constrained,panel_6,2,1126008,greedy,0,0,1,-8,0.0
1,logged_graph_minus_constrained,panel_6,2,1126009,greedy,0,0,0,0,0.0
1,logged_graph_minus_constrained,panel_6,2,1126010,greedy,0,0,-1,27,0.4482758620689655
1,logged_graph_minus_constrained,panel_6,2,1126011,greedy,0,0,0,0,0.0
1,logged_graph_minus_constrained,panel_6,2,1126012,greedy,0,0,0,0,0.0
1,logged_graph_minus_constrained,panel_6,2,1126013,greedy,0,-1,-1,24,0.125
1,logged_graph_minus_constrained,panel_6,2,1126014,greedy,0,0,0,0,0.0625
1,logged_graph_minus_constrained,panel_6,2,1126015,greedy,0,0,0,5,0.5
1,logged_graph_minus_constrained,panel_6,2,1126016,greedy,0,-1,-1,25,0.84375
1,logged_graph_minus_constrained,panel_6,2,1126017,greedy,0,-1,-1,25,0.0
1,logged_graph_minus_constrained,panel_6,2,1126018,greedy,0,-1,0,17,-0.64375
1,logged_graph_minus_constrained,panel_6,2,1126019,greedy,0,-1,0,24,0.90625
1,logged_graph_minus_constrained,panel_6,2,1126020,greedy,0,-1,-1,26,0.0625
1,logged_graph_minus_constrained,panel_6,2,1126021,greedy,0,0,0,0,-0.4375
1,logged_graph_minus_constrained,panel_6,2,1126022,greedy,0,0,0,0,0.71875
1,logged_graph_minus_constrained,panel_6,2,1126023,greedy,0,-1,-1,26,0.875
1,logged_graph_minus_constrained,panel_6,2,1126024,greedy,0,1,0,-18,0.7857142857142857
1,logged_graph_minus_constrained,panel_6,2,1126025,greedy,0,0,-1,14,0.5555555555555556
1,logged_graph_minus_constrained,panel_6,2,1126026,greedy,0,0,0,0,-0.09375
1,logged_graph_minus_constrained,panel_6,2,1126027,greedy,0,0,-1,23,0.92
1,logged_graph_minus_constrained,panel_6,2,1126028,greedy,0,0,-1,26,0.0
1,logged_graph_minus_constrained,panel_6,2,1126029,greedy,0,-1,-1,31,0.8125
1,logged_graph_minus_constrained,panel_6,2,1126030,greedy,0,0,0,0,0.0
1,logged_graph_minus_constrained,panel_6,2,1126031,greedy,0,0,0,1,0.5
1,logged_graph_minus_constrained,panel_6,2,1126032,greedy,0,0,0,0,-0.5625
1,logged_graph_minus_constrained,panel_6,2,1126033,greedy,0,0,0,0,-0.125
1,logged_graph_minus_constrained,panel_6,2,1126034,greedy,0,0,0,0,-0.8125
1,logged_graph_minus_constrained,panel_6,2,1126035,greedy,0,-1,-1,28,0.90625
1,logged_graph_minus_constrained,panel_6,2,1126036,greedy,0,-1,-1,26,0.78125
1,logged_graph_minus_constrained,panel_6,2,1126037,greedy,0,0,0,0,-0.15625
1,logged_graph_minus_constrained,panel_6,2,1126038,greedy,0,0,0,0,-0.0625
1,logged_graph_minus_constrained,panel_6,2,1126039,greedy,0,0,0,0,0.0
1,logged_graph_minus_constrained,panel_6,2,1126040,greedy,0,-1,-1,29,0.28125
1,logged_graph_minus_constrained,panel_6,2,1126041,greedy,0,0,-1,2,0.0
1,logged_graph_minus_constrained,panel_6,2,1126042,greedy,0,0,0,0,0.0
1,logged_graph_minus_constrained,panel_6,2,1126043,greedy,0,-1,0,18,0.3660714285714286
1,logged_graph_minus_constrained,panel_6,2,1126044,greedy,0,0,0,0,0.0
1,logged_graph_minus_constrained,panel_6,2,1126045,greedy,0,0,-1,21,0.84
1,logged_graph_minus_constrained,panel_6,2,1126046,greedy,0,0,-1,6,0.0
1,logged_graph_minus_constrained,panel_6,2,1126047,greedy,0,0,-1,12,0.0
1,logged_graph_minus_constrained,panel_6,2,1126048,greedy,0,0,-1,18,0.5
1,logged_graph_minus_constrained,panel_6,2,1126049,greedy,0,0,0,0,0.03125
1,logged_graph_minus_constrained,panel_6,2,1126050,greedy,0,0,0,0,0.25
1,logged_graph_minus_constrained,panel_6,2,1126051,greedy,0,0,0,0,-0.34375
1,logged_graph_minus_constrained,panel_6,2,1126052,greedy,0,0,-1,12,0.0
1,logged_graph_minus_constrained,panel_6,2,1126053,greedy,0,0,0,0,-0.09375
1,logged_graph_minus_constrained,panel_6,2,1126054,greedy,0,0,-1,24,0.4
1,logged_graph_minus_constrained,panel_6,2,1126055,greedy,0,0,0,0,0.0
1,logged_graph_minus_constrained,panel_6,2,1126056,greedy,0,0,-1,23,0.68
1,logged_graph_minus_constrained,panel_6,2,1126057,greedy,0,-1,-1,31,0.9375
1,logged_graph_minus_constrained,panel_6,2,1126058,greedy,0,-1,0,8,0.7395833333333334
1,logged_graph_minus_constrained,panel_6,2,1126059,greedy,0,0,0,-16,0.7142857142857143
1,logged_graph_minus_constrained,panel_6,2,1126060,greedy,0,0,0,0,-0.03125
1,logged_graph_minus_constrained,panel_6,2,1126061,greedy,0,-1,0,9,0.84375
1,logged_graph_minus_constrained,panel_6,2,1126062,greedy,0,0,0,0,0.0
1,logged_graph_minus_constrained,panel_6,2,1126063,greedy,0,0,-1,29,0.90625
1,logged_graph_minus_constrained,panel_6,2,1126064,greedy,0,0,1,-10,0.0
1,logged_graph_minus_constrained,panel_7,0,1127000,greedy,0,0,0,0,-0.03125
1,logged_graph_minus_constrained,panel_7,0,1127001,greedy,0,0,0,5,-0.26190476190476186
1,logged_graph_minus_constrained,panel_7,0,1127002,greedy,0,0,-1,16,0.18181818181818182
1,logged_graph_minus_constrained,panel_7,0,1127003,greedy,0,1,1,-29,-0.96875
1,logged_graph_minus_constrained,panel_7,0,1127004,greedy,0,0,0,0,0.0
1,logged_graph_minus_constrained,panel_7,0,1127005,greedy,0,0,0,0,-0.34375
1,logged_graph_minus_constrained,panel_7,0,1127006,greedy,0,0,0,0,-0.25
1,logged_graph_minus_constrained,panel_7,0,1127007,greedy,0,0,0,0,-0.375
1,logged_graph_minus_constrained,panel_7,0,1127008,greedy,0,1,0,-7,-0.12875000000000003
1,logged_graph_minus_constrained,panel_7,0,1127009,greedy,0,0,0,23,0.09722222222222221
1,logged_graph_minus_constrained,panel_7,0,1127010,greedy,0,0,1,-14,0.0
1,logged_graph_minus_constrained,panel_7,0,1127011,greedy,0,-1,0,12,-0.35
1,logged_graph_minus_constrained,panel_7,0,1127012,greedy,0,-1,0,12,0.05625000000000002
1,logged_graph_minus_constrained,panel_7,0,1127013,greedy,0,0,-1,8,0.0
1,logged_graph_minus_constrained,panel_7,0,1127015,greedy,0,0,0,-11,-0.09090909090909083
1,logged_graph_minus_constrained,panel_7,0,1127016,greedy,0,0,0,0,-0.03125
1,logged_graph_minus_constrained,panel_7,0,1127017,greedy,0,0,0,0,-0.03125
1,logged_graph_minus_constrained,panel_7,0,1127018,greedy,0,0,0,0,0.0
1,logged_graph_minus_constrained,panel_7,0,1127019,greedy,0,0,-1,17,0.3214285714285714
1,logged_graph_minus_constrained,panel_7,0,1127020,greedy,0,0,1,-13,-0.75
1,logged_graph_minus_constrained,panel_7,0,1127021,greedy,0,-1,-1,26,0.46875
1,logged_graph_minus_constrained,panel_7,0,1127022,greedy,0,-1,0,7,1.0
1,logged_graph_minus_constrained,panel_7,0,1127023,greedy,0,-1,-1,30,1.0
1,logged_graph_minus_constrained,panel_7,0,1127024,greedy,0,1,0,-16,0.625
1,logged_graph_minus_constrained,panel_7,0,1127025,greedy,0,0,0,0,0.0
1,logged_graph_minus_constrained,panel_7,0,1127026,greedy,0,0,0,0,0.0
1,logged_graph_minus_constrained,panel_7,0,1127027,greedy,0,0,-1,25,0.8333333333333334
1,logged_graph_minus_constrained,panel_7,0,1127028,greedy,0,0,0,10,0.12019230769230771
1,logged_graph_minus_constrained,panel_7,0,1127029,greedy,0,0,0,0,-0.25
1,logged_graph_minus_constrained,panel_7,0,1127030,greedy,0,0,0,0,-0.6875
1,logged_graph_minus_constrained,panel_7,0,1127031,greedy,0,0,1,-5,-0.625
1,logged_graph_minus_constrained,panel_7,0,1127032,greedy,0,-1,-1,27,0.84375
1,logged_graph_minus_constrained,panel_7,0,1127033,greedy,0,-1,-1,28,0.625
1,logged_graph_minus_constrained,panel_7,0,1127034,greedy,0,0,-1,24,0.8148148148148148
1,logged_graph_minus_constrained,panel_7,0,1127035,greedy,0,-1,-1,28,0.875
1,logged_graph_minus_constrained,panel_7,0,1127036,greedy,0,-1,0,27,-0.07500000000000001
1,logged_graph_minus_constrained,panel_7,0,1127037,greedy,0,1,1,-29,-0.96875
1,logged_graph_minus_constrained,panel_7,0,1127038,greedy,0,0,0,0,-0.09375
1,logged_graph_minus_constrained,panel_7,0,1127039,greedy,0,0,0,-3,-0.42857142857142855
1,logged_graph_minus_constrained,panel_7,0,1127040,greedy,0,0,0,0,-0.0625
1,logged_graph_minus_constrained,panel_7,0,1127041,greedy,0,-1,-1,26,0.9375
1,logged_graph_minus_constrained,panel_7,0,1127042,greedy,0,0,0,0,0.0
1,logged_graph_minus_constrained,panel_7,0,1127043,greedy,0,0,0,-1,-0.3333333333333333
1,logged_graph_minus_constrained,panel_7,0,1127044,greedy,0,0,-1,9,0.6363636363636364
1,logged_graph_minus_constrained,panel_7,0,1127045,greedy,0,0,0,-7,-0.05668016194331982
1,logged_graph_minus_constrained,panel_7,0,1127046,greedy,0,-1,-1,28,0.625
1,logged_graph_minus_constrained,panel_7,0,1127047,greedy,0,-1,-1,24,0.65625
1,logged_graph_minus_constrained,panel_7,0,1127048,greedy,0,0,0,-18,0.208695652173913
1,logged_graph_minus_constrained,panel_7,0,1127049,greedy,0,0,0,2,-0.22564102564102562
1,logged_graph_minus_constrained,panel_7,0,1127050,greedy,0,-1,0,11,0.06547619047619047
1,logged_graph_minus_constrained,panel_7,0,1127051,greedy,0,-1,-1,30,0.5
1,logged_graph_minus_constrained,panel_7,0,1127052,greedy,0,0,-1,13,0.9285714285714286
1,logged_graph_minus_constrained,panel_7,0,1127053,greedy,0,-1,-1,30,0.90625
1,logged_graph_minus_constrained,panel_7,0,1127054,greedy,0,-1,-1,28,0.75
1,logged_graph_minus_constrained,panel_7,0,1127055,greedy,0,-1,-1,29,0.40625
1,logged_graph_minus_constrained,panel_7,0,1127056,greedy,0,0,0,0,0.65625
1,logged_graph_minus_constrained,panel_7,0,1127057,greedy,0,0,-1,19,0.26666666666666666
1,logged_graph_minus_constrained,panel_7,0,1127058,greedy,0,-1,-1,26,0.9375
1,logged_graph_minus_constrained,panel_7,0,1127059,greedy,0,-1,0,26,0.5104166666666667
1,logged_graph_minus_constrained,panel_7,0,1127060,greedy,0,0,0,0,-0.09375
1,logged_graph_minus_constrained,panel_7,0,1127061,greedy,0,0,0,0,0.0
1,logged_graph_minus_constrained,panel_7,0,1127062,greedy,0,-1,-1,26,0.9375
1,logged_graph_minus_constrained,panel_7,0,1127063,greedy,0,0,0,0,0.0
1,logged_graph_minus_constrained,panel_7,0,1127064,greedy,0,0,-1,30,0.12903225806451613
1,logged_graph_minus_constrained,panel_7,1,1127000,greedy,0,0,0,0,-0.125
1,logged_graph_minus_constrained,panel_7,1,1127001,greedy,0,-1,0,11,-0.6994047619047619
1,logged_graph_minus_constrained,panel_7,1,1127002,greedy,0,0,-1,16,0.0
1,logged_graph_minus_constrained,panel_7,1,1127003,greedy,0,-1,0,24,0.84375
1,logged_graph_minus_constrained,panel_7,1,1127004,greedy,0,0,0,0,-0.1875
1,logged_graph_minus_constrained,panel_7,1,1127005,greedy,0,0,0,0,-0.09375
1,logged_graph_minus_constrained,panel_7,1,1127006,greedy,0,0,0,0,-0.0625
1,logged_graph_minus_constrained,panel_7,1,1127007,greedy,0,0,0,0,0.6875
1,logged_graph_minus_constrained,panel_7,1,1127008,greedy,0,0,0,0,-0.1875
1,logged_graph_minus_constrained,panel_7,1,1127009,greedy,0,-1,-1,30,0.9375
1,logged_graph_minus_constrained,panel_7,1,1127010,greedy,0,-1,0,27,-0.35
1,logged_graph_minus_constrained,panel_7,1,1127011,greedy,0,0,0,0,0.03125
1,logged_graph_minus_constrained,panel_7,1,1127012,greedy,0,0,0,0,-0.65625
1,logged_graph_minus_constrained,panel_7,1,1127013,greedy,0,-1,-1,29,0.25
1,logged_graph_minus_constrained,panel_7,1,1127015,greedy,0,0,-1,4,0.6666666666666666
1,logged_graph_minus_constrained,panel_7,1,1127016,greedy,0,0,0,0,-0.0625
1,logged_graph_minus_constrained,panel_7,1,1127017,greedy,0,0,1,-24,-0.7741935483870968
1,logged_graph_minus_constrained,panel_7,1,1127018,greedy,0,0,0,0,0.0
1,logged_graph_minus_constrained,panel_7,1,1127019,greedy,0,0,-1,26,0.0
1,logged_graph_minus_constrained,panel_7,1,1127020,greedy,0,-1,0,7,-0.58125
1,logged_graph_minus_constrained,panel_7,1,1127021,greedy,0,0,-1,10,0.0
1,logged_graph_minus_constrained,panel_7,1,1127022,greedy,0,0,-1,7,0.7
1,logged_graph_minus_constrained,panel_7,1,1127023,greedy,0,0,-1,7,0.5555555555555556
1,logged_graph_minus_constrained,panel_7,1,1127024,greedy,0,-1,-1,26,1.0
1,logged_graph_minus_constrained,panel_7,1,1127025,greedy,0,0,-1,28,0.41379310344827586
1,logged_graph_minus_constrained,panel_7,1,1127026,greedy,0,-1,0,24,0.46875
1,logged_graph_minus_constrained,panel_7,1,1127027,greedy,0,1,1,-25,-0.90625
1,logged_graph_minus_constrained,panel_7,1,1127028,greedy,0,0,0,0,0.03125
1,logged_graph_minus_constrained,panel_7,1,1127029,greedy,0,-1,-1,26,0.875
1,logged_graph_minus_constrained,panel_7,1,1127030,greedy,0,0,0,-12,-0.06666666666666665
1,logged_graph_minus_constrained,panel_7,1,1127031,greedy,0,-1,0,13,0.1266447368421053
1,logged_graph_minus_constrained,panel_7,1,1127032,greedy,0,0,0,-2,-0.022727272727272707
1,logged_graph_minus_constrained,panel_7,1,1127033,greedy,0,0,-1,8,0.0
1,logged_graph_minus_constrained,panel_7,1,1127034,greedy,0,0,-1,27,0.9
1,logged_graph_minus_constrained,panel_7,1,1127035,greedy,0,0,0,0,0.0
1,logged_graph_minus_constrained,panel_7,1,1127036,greedy,0,-1,-1,30,0.875
1,logged_graph_minus_constrained,panel_7,1,1127037,greedy,0,0,0,0,0.0
1,logged_graph_minus_constrained,panel_7,1,1127038,greedy,0,0,0,0,-0.03125
1,logged_graph_minus_constrained,panel_7,1,1127039,greedy,0,0,0,0,0.0
1,logged_graph_minus_constrained,panel_7,1,1127040,greedy,0,-1,-1,27,0.84375
1,logged_graph_minus_constrained,panel_7,1,1127041,greedy,0,0,0,0,0.0
1,logged_graph_minus_constrained,panel_7,1,1127042,greedy,0,-1,-1,25,0.6205357142857143
1,logged_graph_minus_constrained,panel_7,1,1127043,greedy,0,-1,-1,30,0.625
1,logged_graph_minus_constrained,panel_7,1,1127044,greedy,0,0,0,-2,0.0
1,logged_graph_minus_constrained,panel_7,1,1127045,greedy,0,-1,0,11,0.19047619047619047
1,logged_graph_minus_constrained,panel_7,1,1127046,greedy,0,-1,-1,24,0.03125
1,logged_graph_minus_constrained,panel_7,1,1127047,greedy,0,0,-1,15,0.7142857142857143
1,logged_graph_minus_constrained,panel_7,1,1127048,greedy,0,0,0,0,-0.15625
1,logged_graph_minus_constrained,panel_7,1,1127049,greedy,0,-1,-1,28,0.5
1,logged_graph_minus_constrained,panel_7,1,1127050,greedy,0,-1,0,12,-0.14375000000000004
1,logged_graph_minus_constrained,panel_7,1,1127051,greedy,0,-1,-1,28,0.25
1,logged_graph_minus_constrained,panel_7,1,1127052,greedy,0,0,0,0,0.0
1,logged_graph_minus_constrained,panel_7,1,1127053,greedy,0,-1,-1,30,0.0625
1,logged_graph_minus_constrained,panel_7,1,1127054,greedy,0,0,0,0,0.0
1,logged_graph_minus_constrained,panel_7,1,1127055,greedy,0,-1,-1,29,0.84375
1,logged_graph_minus_constrained,panel_7,1,1127056,greedy,0,0,0,0,-0.40625
1,logged_graph_minus_constrained,panel_7,1,1127057,greedy,0,-1,-1,28,0.75
1,logged_graph_minus_constrained,panel_7,1,1127058,greedy,0,0,0,0,-0.5625
1,logged_graph_minus_constrained,panel_7,1,1127059,greedy,0,1,1,-30,-1.0
1,logged_graph_minus_constrained,panel_7,1,1127060,greedy,0,0,0,0,-0.09375
1,logged_graph_minus_constrained,panel_7,1,1127061,greedy,0,0,0,13,0.4424342105263158
1,logged_graph_minus_constrained,panel_7,1,1127062,greedy,0,0,0,0,-0.65625
1,logged_graph_minus_constrained,panel_7,1,1127063,greedy,0,0,-1,16,0.0
1,logged_graph_minus_constrained,panel_7,1,1127064,greedy,0,-1,-1,31,0.9375
1,logged_graph_minus_constrained,panel_7,2,1127000,greedy,0,0,0,0,-0.28125
1,logged_graph_minus_constrained,panel_7,2,1127001,greedy,0,-1,-1,27,0.5
1,logged_graph_minus_constrained,panel_7,2,1127002,greedy,0,0,1,-15,-0.48913043478260865
1,logged_graph_minus_constrained,panel_7,2,1127003,greedy,0,0,0,-3,0.65
1,logged_graph_minus_constrained,panel_7,2,1127004,greedy,0,-1,0,16,0.96875
1,logged_graph_minus_constrained,panel_7,2,1127005,greedy,0,0,0,0,0.09375
1,logged_graph_minus_constrained,panel_7,2,1127006,greedy,0,-1,0,4,-0.1026785714285714
1,logged_graph_minus_constrained,panel_7,2,1127007,greedy,0,0,0,0,0.0625
1,logged_graph_minus_constrained,panel_7,2,1127008,greedy,0,0,-1,22,0.9166666666666666
1,logged_graph_minus_constrained,panel_7,2,1127009,greedy,0,-1,-1,28,0.875
1,logged_graph_minus_constrained,panel_7,2,1127010,greedy,0,-1,0,27,0.30625
1,logged_graph_minus_constrained,panel_7,2,1127011,greedy,0,0,0,0,-0.25
1,logged_graph_minus_constrained,panel_7,2,1127012,greedy,0,0,0,0,-0.84375
1,logged_graph_minus_constrained,panel_7,2,1127013,greedy,0,0,0,0,0.0
1,logged_graph_minus_constrained,panel_7,2,1127015,greedy,0,0,1,-9,-0.8181818181818182
1,logged_graph_minus_constrained,panel_7,2,1127016,greedy,0,0,0,0,-0.0625
1,logged_graph_minus_constrained,panel_7,2,1127017,greedy,0,0,0,0,0.125
1,logged_graph_minus_constrained,panel_7,2,1127018,greedy,0,-1,-1,31,0.5
1,logged_graph_minus_constrained,panel_7,2,1127019,greedy,0,-1,0,17,0.875
1,logged_graph_minus_constrained,panel_7,2,1127020,greedy,0,0,0,0,-0.7368421052631579
1,logged_graph_minus_constrained,panel_7,2,1127021,greedy,0,0,0,2,0.0
1,logged_graph_minus_constrained,panel_7,2,1127022,greedy,0,0,0,0,-0.21875
1,logged_graph_minus_constrained,panel_7,2,1127023,greedy,0,-1,-1,30,0.84375
1,logged_graph_minus_constrained,panel_7,2,1127024,greedy,0,0,-1,23,0.7931034482758621
1,logged_graph_minus_constrained,panel_7,2,1127025,greedy,0,0,1,-6,0.0
1,logged_graph_minus_constrained,panel_7,2,1127026,greedy,0,0,-1,12,0.0
1,logged_graph_minus_constrained,panel_7,2,1127027,greedy,0,-1,-1,22,0.40625
1,logged_graph_minus_constrained,panel_7,2,1127028,greedy,0,0,0,0,-0.71875
1,logged_graph_minus_constrained,panel_7,2,1127029,greedy,0,0,0,0,0.5
1,logged_graph_minus_constrained,panel_7,2,1127030,greedy,0,-1,0,11,-0.4955357142857143
1,logged_graph_minus_constrained,panel_7,2,1127031,greedy,0,0,-1,16,0.0
1,logged_graph_minus_constrained,panel_7,2,1127032,greedy,0,0,-1,15,0.75
1,logged_graph_minus_constrained,panel_7,2,1127033,greedy,0,0,0,2,0.22857142857142854
1,logged_graph_minus_constrained,panel_7,2,1127034,greedy,0,-1,-1,29,0.3125
1,logged_graph_minus_constrained,panel_7,2,1127035,greedy,0,0,0,4,0.0
1,logged_graph_minus_constrained,panel_7,2,1127036,greedy,0,-1,0,10,0.34375
1,logged_graph_minus_constrained,panel_7,2,1127037,greedy,0,-1,-1,29,0.125
1,logged_graph_minus_constrained,panel_7,2,1127038,greedy,0,1,1,-29,-0.96875
1,logged_graph_minus_constrained,panel_7,2,1127039,greedy,0,1,1,-26,-1.0
1,logged_graph_minus_constrained,panel_7,2,1127040,greedy,0,-1,0,20,0.16666666666666663
1,logged_graph_minus_constrained,panel_7,2,1127041,greedy,0,0,0,0,0.03125
1,logged_graph_minus_constrained,panel_7,2,1127042,greedy,0,-1,0,12,0.15625
1,logged_graph_minus_constrained,panel_7,2,1127043,greedy,0,0,0,0,0.0
1,logged_graph_minus_constrained,panel_7,2,1127044,greedy,0,0,0,0,0.0
1,logged_graph_minus_constrained,panel_7,2,1127045,greedy,0,1,1,-28,-1.0
1,logged_graph_minus_constrained,panel_7,2,1127046,greedy,0,-1,-1,28,0.5625
1,logged_graph_minus_constrained,panel_7,2,1127047,greedy,0,-1,-1,26,0.8125
1,logged_graph_minus_constrained,panel_7,2,1127048,greedy,0,-1,-1,30,1.0
1,logged_graph_minus_constrained,panel_7,2,1127049,greedy,0,-1,0,2,0.96875
1,logged_graph_minus_constrained,panel_7,2,1127050,greedy,0,0,-1,27,0.16129032258064516
1,logged_graph_minus_constrained,panel_7,2,1127051,greedy,0,-1,-1,30,0.90625
1,logged_graph_minus_constrained,panel_7,2,1127052,greedy,0,0,1,-2,0.0
1,logged_graph_minus_constrained,panel_7,2,1127053,greedy,0,0,1,-14,0.0
1,logged_graph_minus_constrained,panel_7,2,1127054,greedy,0,-1,0,20,0.28125
1,logged_graph_minus_constrained,panel_7,2,1127055,greedy,0,0,-1,10,0.7692307692307693
1,logged_graph_minus_constrained,panel_7,2,1127056,greedy,0,0,0,0,0.0
1,logged_graph_minus_constrained,panel_7,2,1127057,greedy,0,0,0,0,0.0
1,logged_graph_minus_constrained,panel_7,2,1127058,greedy,0,0,0,0,-0.09375
1,logged_graph_minus_constrained,panel_7,2,1127059,greedy,0,0,-1,10,0.8333333333333334
1,logged_graph_minus_constrained,panel_7,2,1127060,greedy,0,0,0,0,-0.375
1,logged_graph_minus_constrained,panel_7,2,1127061,greedy,0,0,-1,27,0.8928571428571429
1,logged_graph_minus_constrained,panel_7,2,1127062,greedy,0,0,0,4,0.0
1,logged_graph_minus_constrained,panel_7,2,1127063,greedy,0,0,1,-8,-0.8
1,logged_graph_minus_constrained,panel_7,2,1127064,greedy,0,-1,-1,31,0.53125
2,logged_graph_minus_constrained,panel_0,0,1120000,greedy,0,1,0,-13,-0.96875
2,logged_graph_minus_constrained,panel_0,0,1120001,greedy,0,-1,0,16,0.875
2,logged_graph_minus_constrained,panel_0,0,1120002,greedy,0,0,0,0,-0.09375
2,logged_graph_minus_constrained,panel_0,0,1120003,greedy,0,0,0,0,0.09375
2,logged_graph_minus_constrained,panel_0,0,1120004,greedy,0,0,0,0,0.0
2,logged_graph_minus_constrained,panel_0,0,1120005,greedy,0,0,0,-3,-0.03896103896103886
2,logged_graph_minus_constrained,panel_0,0,1120006,greedy,0,0,-1,27,0.8620689655172413
2,logged_graph_minus_constrained,panel_0,0,1120007,greedy,0,0,0,0,0.0
2,logged_graph_minus_constrained,panel_0,0,1120008,greedy,0,-1,-1,28,0.5
2,logged_graph_minus_constrained,panel_0,0,1120009,greedy,0,0,-1,15,0.8333333333333334
2,logged_graph_minus_constrained,panel_0,0,1120010,greedy,0,0,0,0,0.0
2,logged_graph_minus_constrained,panel_0,0,1120011,greedy,0,1,1,-22,-0.5
2,logged_graph_minus_constrained,panel_0,0,1120012,greedy,0,-1,-1,28,0.5
2,logged_graph_minus_constrained,panel_0,0,1120013,greedy,0,0,0,0,0.0625
2,logged_graph_minus_constrained,panel_0,0,1120014,greedy,0,-1,-1,29,0.5
2,logged_graph_minus_constrained,panel_0,0,1120015,greedy,0,-1,-1,30,0.875
2,logged_graph_minus_constrained,panel_0,0,1120016,greedy,0,1,1,-29,-1.0
2,logged_graph_minus_constrained,panel_0,0,1120017,greedy,0,0,0,0,0.09375
2,logged_graph_minus_constrained,panel_0,0,1120018,greedy,0,-1,-1,25,0.9375
2,logged_graph_minus_constrained,panel_0,0,1120019,greedy,0,-1,-1,26,-0.03125
2,logged_graph_minus_constrained,panel_0,0,1120020,greedy,0,0,0,0,0.0
2,logged_graph_minus_constrained,panel_0,0,1120021,greedy,0,0,0,0,0.0
2,logged_graph_minus_constrained,panel_0,0,1120022,greedy,0,0,0,0,-0.34375
2,logged_graph_minus_constrained,panel_0,0,1120023,greedy,0,0,0,0,0.0
2,logged_graph_minus_constrained,panel_0,0,1120024,greedy,0,0,0,0,0.0
2,logged_graph_minus_constrained,panel_0,0,1120025,greedy,0,0,0,0,0.09375
2,logged_graph_minus_constrained,panel_0,0,1120026,greedy,0,0,0,0,0.28125
2,logged_graph_minus_constrained,panel_0,0,1120027,greedy,0,0,-1,24,0.6153846153846154
2,logged_graph_minus_constrained,panel_0,0,1120028,greedy,0,0,0,0,-0.09375
2,logged_graph_minus_constrained,panel_0,0,1120029,greedy,0,0,1,-2,0.0
2,logged_graph_minus_constrained,panel_0,0,1120030,greedy,0,0,0,0,0.0
2,logged_graph_minus_constrained,panel_0,0,1120031,greedy,0,0,1,-6,0.0
2,logged_graph_minus_constrained,panel_0,0,1120032,greedy,0,0,0,0,-0.4375
2,logged_graph_minus_constrained,panel_0,0,1120033,greedy,0,0,0,0,0.03125
2,logged_graph_minus_constrained,panel_0,0,1120034,greedy,0,0,0,5,0.1282051282051282
2,logged_graph_minus_constrained,panel_0,0,1120035,greedy,0,0,0,0,-0.125
2,logged_graph_minus_constrained,panel_0,0,1120037,greedy,0,0,-1,11,0.7894736842105263
2,logged_graph_minus_constrained,panel_0,0,1120038,greedy,0,-1,0,11,-0.011904761904761862
2,logged_graph_minus_constrained,panel_0,0,1120039,greedy,0,-1,-1,30,0.59375
2,logged_graph_minus_constrained,panel_0,0,1120040,greedy,0,0,0,0,-0.0625
2,logged_graph_minus_constrained,panel_0,0,1120041,greedy,0,1,0,-9,-1.0
2,logged_graph_minus_constrained,panel_0,0,1120042,greedy,0,0,0,-4,0.0
2,logged_graph_minus_constrained,panel_0,0,1120043,greedy,0,0,0,0,-0.1875
2,logged_graph_minus_constrained,panel_0,0,1120044,greedy,0,-1,-1,29,0.9375
2,logged_graph_minus_constrained,panel_0,0,1120045,greedy,0,0,0,13,-0.080952380952381
2,logged_graph_minus_constrained,panel_0,0,1120046,greedy,0,0,1,-28,0.0
2,logged_graph_minus_constrained,panel_0,0,1120047,greedy,0,0,0,0,-0.3125
2,logged_graph_minus_constrained,panel_0,0,1120048,greedy,0,0,0,0,0.0
2,logged_graph_minus_constrained,panel_0,0,1120049,greedy,0,-1,0,2,-0.20833333333333337
2,logged_graph_minus_constrained,panel_0,0,1120050,greedy,0,0,0,0,0.0
2,logged_graph_minus_constrained,panel_0,0,1120051,greedy,0,0,0,0,-0.53125
2,logged_graph_minus_constrained,panel_0,0,1120052,greedy,0,0,0,0,0.0
2,logged_graph_minus_constrained,panel_0,0,1120053,greedy,0,0,0,0,-0.125
2,logged_graph_minus_constrained,panel_0,0,1120054,greedy,0,0,0,0,0.28125
2,logged_graph_minus_constrained,panel_0,0,1120055,greedy,0,0,0,3,-0.3090909090909091
2,logged_graph_minus_constrained,panel_0,0,1120056,greedy,0,0,0,-8,-0.7712418300653594
2,logged_graph_minus_constrained,panel_0,0,1120058,greedy,0,0,0,0,0.375
2,logged_graph_minus_constrained,panel_0,0,1120059,greedy,0,0,0,0,0.0
2,logged_graph_minus_constrained,panel_0,0,1120060,greedy,0,-1,0,12,-0.4
2,logged_graph_minus_constrained,panel_0,0,1120061,greedy,0,0,-1,11,0.8461538461538461
2,logged_graph_minus_constrained,panel_0,0,1120062,greedy,0,0,0,0,0.0
2,logged_graph_minus_constrained,panel_0,0,1120064,greedy,0,-1,0,21,-0.1960227272727273
2,logged_graph_minus_constrained,panel_0,0,1120065,greedy,0,0,-1,12,0.2117647058823529
2,logged_graph_minus_constrained,panel_0,0,1120066,greedy,0,0,0,0,0.03125
2,logged_graph_minus_constrained,panel_0,1,1120000,greedy,0,0,0,0,0.0
2,logged_graph_minus_constrained,panel_0,1,1120001,greedy,0,0,0,0,0.09375
2,logged_graph_minus_constrained,panel_0,1,1120002,greedy,0,-1,-1,28,0.90625
2,logged_graph_minus_constrained,panel_0,1,1120003,greedy,0,-1,-1,27,0.6875
2,logged_graph_minus_constrained,panel_0,1,1120004,greedy,0,-1,-1,30,0.46875
2,logged_graph_minus_constrained,panel_0,1,1120005,greedy,0,-1,0,17,-0.6166666666666667
2,logged_graph_minus_constrained,panel_0,1,1120006,greedy,0,0,-1,29,0.7419354838709677
2,logged_graph_minus_constrained,panel_0,1,1120007,greedy,0,-1,-1,30,0.78125
2,logged_graph_minus_constrained,panel_0,1,1120008,greedy,0,0,0,0,-0.8125
2,logged_graph_minus_constrained,panel_0,1,1120009,greedy,0,0,-1,13,0.6875
2,logged_graph_minus_constrained,panel_0,1,1120010,greedy,0,0,0,0,0.09375
2,logged_graph_minus_constrained,panel_0,1,1120011,greedy,0,0,0,0,-0.15625
2,logged_graph_minus_constrained,panel_0,1,1120012,greedy,0,0,0,0,-0.34375
2,logged_graph_minus_constrained,panel_0,1,1120013,greedy,0,0,0,0,-0.5
2,logged_graph_minus_constrained,panel_0,1,1120014,greedy,0,0,0,0,-0.5625
2,logged_graph_minus_constrained,panel_0,1,1120015,greedy,0,-1,0,22,0.75
2,logged_graph_minus_constrained,panel_0,1,1120016,greedy,0,1,1,-29,-1.0
2,logged_graph_minus_constrained,panel_0,1,1120017,greedy,0,-1,0,5,0.1909722222222222
2,logged_graph_minus_constrained,panel_0,1,1120018,greedy,0,-1,-1,24,0.78125
2,logged_graph_minus_constrained,panel_0,1,1120019,greedy,0,-1,0,3,-0.02155172413793105
2,logged_graph_minus_constrained,panel_0,1,1120020,greedy,0,0,0,0,0.0
2,logged_graph_minus_constrained,panel_0,1,1120021,greedy,0,0,0,0,0.0
2,logged_graph_minus_constrained,panel_0,1,1120022,greedy,0,0,0,0,-0.0625
2,logged_graph_minus_constrained,panel_0,1,1120023,greedy,0,-1,-1,29,0.0
2,logged_graph_minus_constrained,panel_0,1,1120024,greedy,0,0,0,12,0.1875
2,logged_graph_minus_constrained,panel_0,1,1120025,greedy,0,0,0,0,-0.0625
2,logged_graph_minus_constrained,panel_0,1,1120026,greedy,0,0,0,0,-0.25
2,logged_graph_minus_constrained,panel_0,1,1120027,greedy,0,-1,-1,30,0.96875
2,logged_graph_minus_constrained,panel_0,1,1120028,greedy,0,0,0,0,-0.03125
2,logged_graph_minus_constrained,panel_0,1,1120029,greedy,0,1,0,0,0.625
2,logged_graph_minus_constrained,panel_0,1,1120030,greedy,0,-1,-1,30,1.0
2,logged_graph_minus_constrained,panel_0,1,1120031,greedy,0,0,0,0,0.0
2,logged_graph_minus_constrained,panel_0,1,1120032,greedy,0,0,0,5,-0.4017857142857143
2,logged_graph_minus_constrained,panel_0,1,1120033,greedy,0,0,0,0,-0.125
2,logged_graph_minus_constrained,panel_0,1,1120034,greedy,0,0,-1,27,0.8709677419354839
2,logged_graph_minus_constrained,panel_0,1,1120035,greedy,0,1,0,-15,-0.96875
2,logged_graph_minus_constrained,panel_0,1,1120037,greedy,0,0,0,0,-0.03125
2,logged_graph_minus_constrained,panel_0,1,1120038,greedy,0,-1,-1,23,0.5555555555555556
2,logged_graph_minus_constrained,panel_0,1,1120039,greedy,0,-1,-1,30,0.9375
2,logged_graph_minus_constrained,panel_0,1,1120040,greedy,0,-1,-1,25,0.84375
2,logged_graph_minus_constrained,panel_0,1,1120041,greedy,0,0,0,0,-0.1875
2,logged_graph_minus_constrained,panel_0,1,1120042,greedy,0,0,-1,4,0.20833333333333337
2,logged_graph_minus_constrained,panel_0,1,1120043,greedy,0,0,0,0,-0.4375
2,logged_graph_minus_constrained,panel_0,1,1120044,greedy,0,-1,0,11,0.1428571428571429
2,logged_graph_minus_constrained,panel_0,1,1120045,greedy,0,0,0,0,0.0
2,logged_graph_minus_constrained,panel_0,1,1120046,greedy,0,-1,-1,31,0.3125
2,logged_graph_minus_constrained,panel_0,1,1120047,greedy,0,0,0,0,-0.1875
2,logged_graph_minus_constrained,panel_0,1,1120048,greedy,0,-1,-1,25,0.875
2,logged_graph_minus_constrained,panel_0,1,1120049,greedy,0,1,1,-22,-0.4375
2,logged_graph_minus_constrained,panel_0,1,1120050,greedy,0,0,0,0,0.0
2,logged_graph_minus_constrained,panel_0,1,1120051,greedy,0,0,0,0,-0.53125
2,logged_graph_minus_constrained,panel_0,1,1120052,greedy,0,0,0,0,-0.09375
2,logged_graph_minus_constrained,panel_0,1,1120053,greedy,0,-1,-1,25,0.6383928571428572
2,logged_graph_minus_constrained,panel_0,1,1120054,greedy,0,0,0,0,0.65625
2,logged_graph_minus_constrained,panel_0,1,1120055,greedy,0,0,0,0,0.0
2,logged_graph_minus_constrained,panel_0,1,1120056,greedy,0,0,-1,23,0.76
2,logged_graph_minus_constrained,panel_0,1,1120058,greedy,0,0,0,0,0.0
2,logged_graph_minus_constrained,panel_0,1,1120059,greedy,0,0,0,0,-0.25
2,logged_graph_minus_constrained,panel_0,1,1120060,greedy,0,-1,-1,30,0.8125
2,logged_graph_minus_constrained,panel_0,1,1120061,greedy,0,0,-1,21,0.9130434782608695
2,logged_graph_minus_constrained,panel_0,1,1120062,greedy,0,0,0,0,0.0
2,logged_graph_minus_constrained,panel_0,1,1120064,greedy,0,1,1,-29,-0.25
2,logged_graph_minus_constrained,panel_0,1,1120065,greedy,0,0,0,0,-0.28125
2,logged_graph_minus_constrained,panel_0,1,1120066,greedy,0,0,0,0,0.09375
2,logged_graph_minus_constrained,panel_0,2,1120000,greedy,0,0,0,0,0.0
2,logged_graph_minus_constrained,panel_0,2,1120001,greedy,0,0,0,-2,0.625
2,logged_graph_minus_constrained,panel_0,2,1120002,greedy,0,0,0,0,0.0625
2,logged_graph_minus_constrained,panel_0,2,1120003,greedy,0,0,0,13,0.625
2,logged_graph_minus_constrained,panel_0,2,1120004,greedy,0,-1,0,12,0.71875
2,logged_graph_minus_constrained,panel_0,2,1120005,greedy,0,0,-1,8,0.8
2,logged_graph_minus_constrained,panel_0,2,1120006,greedy,0,0,1,-20,0.0
2,logged_graph_minus_constrained,panel_0,2,1120007,greedy,0,0,-1,28,0.7333333333333333
2,logged_graph_minus_constrained,panel_0,2,1120008,greedy,0,1,0,-15,-0.5882352941176471
2,logged_graph_minus_constrained,panel_0,2,1120009,greedy,0,0,-1,28,0.9032258064516129
2,logged_graph_minus_constrained,panel_0,2,1120010,greedy,0,-1,0,12,0.26875000000000004
2,logged_graph_minus_constrained,panel_0,2,1120011,greedy,0,1,0,-19,-0.875
2,logged_graph_minus_constrained,panel_0,2,1120012,greedy,0,0,1,-20,-0.8333333333333334
2,logged_graph_minus_constrained,panel_0,2,1120013,greedy,0,0,0,0,-0.03125
2,logged_graph_minus_constrained,panel_0,2,1120014,greedy,0,1,0,-18,-0.2142857142857143
2,logged_graph_minus_constrained,panel_0,2,1120015,greedy,0,0,0,0,-0.0625
2,logged_graph_minus_constrained,panel_0,2,1120016,greedy,0,1,0,-22,-0.30000000000000004
2,logged_graph_minus_constrained,panel_0,2,1120017,greedy,0,0,0,0,-0.03125
2,logged_graph_minus_constrained,panel_0,2,1120018,greedy,0,-1,-1,22,0.35625
2,logged_graph_minus_constrained,panel_0,2,1120019,greedy,0,0,-1,24,0.8888888888888888
2,logged_graph_minus_constrained,panel_0,2,1120020,greedy,0,0,0,0,0.0
2,logged_graph_minus_constrained,panel_0,2,1120021,greedy,0,0,0,0,0.0
2,logged_graph_minus_constrained,panel_0,2,1120022,greedy,0,0,0,0,0.03125
2,logged_graph_minus_constrained,panel_0,2,1120023,greedy,0,0,0,12,0.4126984126984127
2,logged_graph_minus_constrained,panel_0,2,1120024,greedy,0,0,-1,13,0.9285714285714286
2,logged_graph_minus_constrained,panel_0,2,1120025,greedy,0,0,0,4,0.4444444444444444
2,logged_graph_minus_constrained,panel_0,2,1120026,greedy,0,0,0,0,-0.0625
2,logged_graph_minus_constrained,panel_0,2,1120027,greedy,0,-1,-1,30,0.9375
2,logged_graph_minus_constrained,panel_0,2,1120028,greedy,0,0,0,0,-0.0625
2,logged_graph_minus_constrained,panel_0,2,1120029,greedy,0,0,1,-25,-0.8518518518518519
2,logged_graph_minus_constrained,panel_0,2,1120030,greedy,0,0,-1,22,-0.038461538461538436
2,logged_graph_minus_constrained,panel_0,2,1120031,greedy,0,-1,0,17,0.78125
2,logged_graph_minus_constrained,panel_0,2,1120032,greedy,0,-1,-1,27,1.0
2,logged_graph_minus_constrained,panel_0,2,1120033,greedy,0,-1,0,6,0.050480769230769273
2,logged_graph_minus_constrained,panel_0,2,1120034,greedy,0,0,1,-23,-0.3709677419354839
2,logged_graph_minus_constrained,panel_0,2,1120035,greedy,0,0,-1,2,0.0
2,logged_graph_minus_constrained,panel_0,2,1120037,greedy,0,0,0,0,0.125
2,logged_graph_minus_constrained,panel_0,2,1120038,greedy,0,-1,-1,27,0.84375
2,logged_graph_minus_constrained,panel_0,2,1120039,greedy,0,0,1,-14,-0.875
2,logged_graph_minus_constrained,panel_0,2,1120040,greedy,0,-1,0,15,0.2555147058823529
2,logged_graph_minus_constrained,panel_0,2,1120041,greedy,0,0,0,0,0.0
2,logged_graph_minus_constrained,panel_0,2,1120042,greedy,0,0,0,0,-0.0625
2,logged_graph_minus_constrained,panel_0,2,1120043,greedy,0,0,0,0,0.15625
2,logged_graph_minus_constrained,panel_0,2,1120044,greedy,0,-1,0,20,0.1875
2,logged_graph_minus_constrained,panel_0,2,1120045,greedy,0,0,-1,26,0.9285714285714286
2,logged_graph_minus_constrained,panel_0,2,1120046,greedy,0,-1,0,12,0.21875
2,logged_graph_minus_constrained,panel_0,2,1120047,greedy,0,0,0,0,0.1875
2,logged_graph_minus_constrained,panel_0,2,1120048,greedy,0,0,0,0,0.03125
2,logged_graph_minus_constrained,panel_0,2,1120049,greedy,0,0,0,0,0.0
2,logged_graph_minus_constrained,panel_0,2,1120050,greedy,0,-1,-1,29,0.875
2,logged_graph_minus_constrained,panel_0,2,1120051,greedy,0,0,0,0,-0.125
2,logged_graph_minus_constrained,panel_0,2,1120052,greedy,0,0,0,0,0.0
2,logged_graph_minus_constrained,panel_0,2,1120053,greedy,0,0,0,0,-0.1875
2,logged_graph_minus_constrained,panel_0,2,1120054,greedy,0,0,0,0,-0.1875
2,logged_graph_minus_constrained,panel_0,2,1120055,greedy,0,-1,0,25,0.2232142857142857
2,logged_graph_minus_constrained,panel_0,2,1120056,greedy,0,0,-1,13,0.06666666666666667
2,logged_graph_minus_constrained,panel_0,2,1120058,greedy,0,0,0,0,-0.59375
2,logged_graph_minus_constrained,panel_0,2,1120059,greedy,0,0,0,0,-0.25
2,logged_graph_minus_constrained,panel_0,2,1120060,greedy,0,-1,0,26,0.08333333333333337
2,logged_graph_minus_constrained,panel_0,2,1120061,greedy,0,0,1,-6,-0.75
2,logged_graph_minus_constrained,panel_0,2,1120062,greedy,0,0,0,0,-0.28125
2,logged_graph_minus_constrained,panel_0,2,1120064,greedy,0,0,-1,18,0.7619047619047619
2,logged_graph_minus_constrained,panel_0,2,1120065,greedy,0,-1,0,0,-0.09375
2,logged_graph_minus_constrained,panel_0,2,1120066,greedy,0,0,0,0,-0.03125
2,logged_graph_minus_constrained,panel_1,0,1121000,greedy,0,0,0,0,0.03125
2,logged_graph_minus_constrained,panel_1,0,1121001,greedy,0,-1,-1,26,0.875
2,logged_graph_minus_constrained,panel_1,0,1121002,greedy,0,-1,0,17,-0.07291666666666663
2,logged_graph_minus_constrained,panel_1,0,1121003,greedy,0,0,0,0,0.0
2,logged_graph_minus_constrained,panel_1,0,1121004,greedy,0,0,0,0,-0.25
2,logged_graph_minus_constrained,panel_1,0,1121005,greedy,0,0,0,0,0.0
2,logged_graph_minus_constrained,panel_1,0,1121006,greedy,0,1,1,-30,-0.40625
2,logged_graph_minus_constrained,panel_1,0,1121007,greedy,0,0,-1,11,0.2
2,logged_graph_minus_constrained,panel_1,0,1121008,greedy,0,-1,-1,29,0.96875
2,logged_graph_minus_constrained,panel_1,0,1121009,greedy,0,-1,-1,28,0.90625
2,logged_graph_minus_constrained,panel_1,0,1121010,greedy,0,0,0,25,0.0357142857142857
2,logged_graph_minus_constrained,panel_1,0,1121011,greedy,0,0,0,0,0.1875
2,logged_graph_minus_constrained,panel_1,0,1121012,greedy,0,1,0,-11,-0.04761904761904767
2,logged_graph_minus_constrained,panel_1,0,1121013,greedy,0,0,0,0,-0.28125
2,logged_graph_minus_constrained,panel_1,0,1121014,greedy,0,0,0,0,0.0
2,logged_graph_minus_constrained,panel_1,0,1121015,greedy,0,-1,-1,28,0.875
2,logged_graph_minus_constrained,panel_1,0,1121016,greedy,0,0,0,0,0.0
2,logged_graph_minus_constrained,panel_1,0,1121017,greedy,0,0,-1,26,0.7586206896551724
2,logged_graph_minus_constrained,panel_1,0,1121018,greedy,0,0,-1,16,0.0
2,logged_graph_minus_constrained,panel_1,0,1121019,greedy,0,0,0,0,0.0
2,logged_graph_minus_constrained,panel_1,0,1121020,greedy,0,1,1,-29,-0.96875
2,logged_graph_minus_constrained,panel_1,0,1121021,greedy,0,-1,-1,26,1.0
2,logged_graph_minus_constrained,panel_1,0,1121022,greedy,0,1,1,-28,-0.65625
2,logged_graph_minus_constrained,panel_1,0,1121023,greedy,0,0,-1,10,0.0
2,logged_graph_minus_constrained,panel_1,0,1121024,greedy,0,0,-1,13,0.8666666666666667
2,logged_graph_minus_constrained,panel_1,0,1121025,greedy,0,-1,0,28,0.1875
2,logged_graph_minus_constrained,panel_1,0,1121026,greedy,0,0,0,0,-0.03125
2,logged_graph_minus_constrained,panel_1,0,1121027,greedy,0,1,0,-13,-0.96875
2,logged_graph_minus_constrained,panel_1,0,1121028,greedy,0,1,1,-24,-0.8125
2,logged_graph_minus_constrained,panel_1,0,1121029,greedy,0,0,-1,28,0.9333333333333333
2,logged_graph_minus_constrained,panel_1,0,1121030,greedy,0,1,1,-26,-0.5
2,logged_graph_minus_constrained,panel_1,0,1121031,greedy,0,0,-1,4,0.0
2,logged_graph_minus_constrained,panel_1,0,1121032,greedy,0,-1,-1,30,0.4375
2,logged_graph_minus_constrained,panel_1,0,1121034,greedy,0,0,0,2,0.0
2,logged_graph_minus_constrained,panel_1,0,1121035,greedy,0,-1,0,17,-0.2708333333333333
2,logged_graph_minus_constrained,panel_1,0,1121036,greedy,0,-1,-1,30,0.5
2,logged_graph_minus_constrained,panel_1,0,1121037,greedy,0,0,0,0,0.0
2,logged_graph_minus_constrained,panel_1,0,1121038,greedy,0,0,0,0,-0.71875
2,logged_graph_minus_constrained,panel_1,0,1121039,greedy,0,0,0,0,-0.03125
2,logged_graph_minus_constrained,panel_1,0,1121040,greedy,0,0,0,0,-0.21875
2,logged_graph_minus_constrained,panel_1,0,1121041,greedy,0,-1,-1,30,0.8125
2,logged_graph_minus_constrained,panel_1,0,1121042,greedy,0,-1,0,4,-0.2857142857142857
2,logged_graph_minus_constrained,panel_1,0,1121043,greedy,0,0,0,0,0.0
2,logged_graph_minus_constrained,panel_1,0,1121044,greedy,0,0,-1,15,0.3888888888888889
2,logged_graph_minus_constrained,panel_1,0,1121045,greedy,0,0,-1,24,0.64
2,logged_graph_minus_constrained,panel_1,0,1121046,greedy,0,0,0,0,0.0
2,logged_graph_minus_constrained,panel_1,0,1121047,greedy,0,0,0,0,0.0
2,logged_graph_minus_constrained,panel_1,0,1121048,greedy,0,0,0,0,0.09375
2,logged_graph_minus_constrained,panel_1,0,1121049,greedy,0,0,0,0,-0.21875
2,logged_graph_minus_constrained,panel_1,0,1121050,greedy,0,0,0,0,0.0
2,logged_graph_minus_constrained,panel_1,0,1121051,greedy,0,0,0,0,-0.15625
2,logged_graph_minus_constrained,panel_1,0,1121052,greedy,0,0,0,13,0.08666666666666667
2,logged_graph_minus_constrained,panel_1,0,1121053,greedy,0,0,0,0,-0.25
2,logged_graph_minus_constrained,panel_1,0,1121054,greedy,0,0,-1,9,0.5384615384615384
2,logged_graph_minus_constrained,panel_1,0,1121055,greedy,0,0,0,-2,-0.42606516290726815
2,logged_graph_minus_constrained,panel_1,0,1121056,greedy,0,1,1,-31,-1.0
2,logged_graph_minus_constrained,panel_1,0,1121057,greedy,0,1,0,-10,0.0028409090909090606
2,logged_graph_minus_constrained,panel_1,0,1121058,greedy,0,0,0,-4,-0.75
2,logged_graph_minus_constrained,panel_1,0,1121059,greedy,0,-1,-1,28,0.9375
2,logged_graph_minus_constrained,panel_1,0,1121060,greedy,0,0,0,-9,-0.6242236024844721
2,logged_graph_minus_constrained,panel_1,0,1121061,greedy,0,0,0,0,0.0
2,logged_graph_minus_constrained,panel_1,0,1121062,greedy,0,0,-1,8,0.8888888888888888
2,logged_graph_minus_constrained,panel_1,0,1121063,greedy,0,-1,-1,31,0.90625
2,logged_graph_minus_constrained,panel_1,0,1121064,greedy,0,0,0,0,0.03125
2,logged_graph_minus_constrained,panel_1,1,1121000,greedy,0,-1,-1,28,0.9375
2,logged_graph_minus_constrained,panel_1,1,1121001,greedy,0,-1,-1,28,0.875
2,logged_graph_minus_constrained,panel_1,1,1121002,greedy,0,0,0,0,0.03125
2,logged_graph_minus_constrained,panel_1,1,1121003,greedy,0,0,0,0,0.25
2,logged_graph_minus_constrained,panel_1,1,1121004,greedy,0,1,0,-6,-0.6370192307692308
2,logged_graph_minus_constrained,panel_1,1,1121005,greedy,0,0,0,0,0.0
2,logged_graph_minus_constrained,panel_1,1,1121006,greedy,0,-1,0,17,-0.1166666666666667
2,logged_graph_minus_constrained,panel_1,1,1121007,greedy,0,0,0,0,0.0
2,logged_graph_minus_constrained,panel_1,1,1121008,greedy,0,0,-1,27,0.7666666666666667
2,logged_graph_minus_constrained,panel_1,1,1121009,greedy,0,0,0,0,0.03125
2,logged_graph_minus_constrained,panel_1,1,1121010,greedy,0,0,0,-5,-0.49333333333333335
2,logged_graph_minus_constrained,panel_1,1,1121011,greedy,0,-1,-1,28,0.21875
2,logged_graph_minus_constrained,panel_1,1,1121012,greedy,0,0,-1,18,0.9473684210526315
2,logged_graph_minus_constrained,panel_1,1,1121013,greedy,0,0,0,0,-0.0625
2,logged_graph_minus_constrained,panel_1,1,1121014,greedy,0,0,-1,24,0.6428571428571429
2,logged_graph_minus_constrained,panel_1,1,1121015,greedy,0,0,-1,7,0.6363636363636364
2,logged_graph_minus_constrained,panel_1,1,1121016,greedy,0,0,-1,20,0.41666666666666663
2,logged_graph_minus_constrained,panel_1,1,1121017,greedy,0,0,0,9,0.32142857142857145
2,logged_graph_minus_constrained,panel_1,1,1121018,greedy,0,-1,-1,30,0.0
2,logged_graph_minus_constrained,panel_1,1,1121019,greedy,0,0,0,0,0.09375
2,logged_graph_minus_constrained,panel_1,1,1121020,greedy,0,0,0,0,-0.375
2,logged_graph_minus_constrained,panel_1,1,1121021,greedy,0,0,-1,5,0.28846153846153844
2,logged_graph_minus_constrained,panel_1,1,1121022,greedy,0,-1,-1,26,0.9375
2,logged_graph_minus_constrained,panel_1,1,1121023,greedy,0,0,0,-7,-0.7222222222222222
2,logged_graph_minus_constrained,panel_1,1,1121024,greedy,0,0,0,0,0.0
2,logged_graph_minus_constrained,panel_1,1,1121025,greedy,0,0,0,-1,-0.5
2,logged_graph_minus_constrained,panel_1,1,1121026,greedy,0,0,0,2,0.0
2,logged_graph_minus_constrained,panel_1,1,1121027,greedy,0,0,0,0,-0.125
2,logged_graph_minus_constrained,panel_1,1,1121028,greedy,0,0,1,-14,0.0
2,logged_graph_minus_constrained,panel_1,1,1121029,greedy,0,0,1,-10,-0.8333333333333334
2,logged_graph_minus_constrained,panel_1,1,1121030,greedy,0,0,-1,26,0.0
2,logged_graph_minus_constrained,panel_1,1,1121031,greedy,0,0,-1,4,0.0
2,logged_graph_minus_constrained,panel_1,1,1121032,greedy,0,-1,-1,31,0.90625
2,logged_graph_minus_constrained,panel_1,1,1121034,greedy,0,0,-1,6,0.2222222222222222
2,logged_graph_minus_constrained,panel_1,1,1121035,greedy,0,0,0,0,-0.65625
2,logged_graph_minus_constrained,panel_1,1,1121036,greedy,0,0,0,3,0.03947368421052633
2,logged_graph_minus_constrained,panel_1,1,1121037,greedy,0,0,0,0,0.0
2,logged_graph_minus_constrained,panel_1,1,1121038,greedy,0,1,0,-13,0.412828947368421
2,logged_graph_minus_constrained,panel_1,1,1121039,greedy,0,1,0,-5,-0.14814814814814814
2,logged_graph_minus_constrained,panel_1,1,1121040,greedy,0,-1,-1,28,0.875
2,logged_graph_minus_constrained,panel_1,1,1121041,greedy,0,0,0,0,0.0
2,logged_graph_minus_constrained,panel_1,1,1121042,greedy,0,0,0,14,-0.09999999999999998
2,logged_graph_minus_constrained,panel_1,1,1121043,greedy,0,0,0,0,0.0
2,logged_graph_minus_constrained,panel_1,1,1121044,greedy,0,0,-1,6,0.7272727272727273
2,logged_graph_minus_constrained,panel_1,1,1121045,greedy,0,-1,-1,31,0.84375
2,logged_graph_minus_constrained,panel_1,1,1121046,greedy,0,0,0,0,-0.5625
2,logged_graph_minus_constrained,panel_1,1,1121047,greedy,0,0,0,0,0.0
2,logged_graph_minus_constrained,panel_1,1,1121048,greedy,0,0,0,0,0.0
2,logged_graph_minus_constrained,panel_1,1,1121049,greedy,0,0,0,0,-0.28125
2,logged_graph_minus_constrained,panel_1,1,1121050,greedy,0,0,0,0,0.0
2,logged_graph_minus_constrained,panel_1,1,1121051,greedy,0,0,0,0,0.21875
2,logged_graph_minus_constrained,panel_1,1,1121052,greedy,0,0,0,2,-0.8888888888888888
2,logged_graph_minus_constrained,panel_1,1,1121053,greedy,0,-1,0,21,0.07954545454545459
2,logged_graph_minus_constrained,panel_1,1,1121054,greedy,0,1,0,-9,-0.782608695652174
2,logged_graph_minus_constrained,panel_1,1,1121055,greedy,0,0,-1,3,0.75
2,logged_graph_minus_constrained,panel_1,1,1121056,greedy,0,0,0,0,0.0
2,logged_graph_minus_constrained,panel_1,1,1121057,greedy,0,0,0,0,0.0
2,logged_graph_minus_constrained,panel_1,1,1121058,greedy,0,-1,-1,28,0.84375
2,logged_graph_minus_constrained,panel_1,1,1121059,greedy,0,0,-1,18,0.8181818181818182
2,logged_graph_minus_constrained,panel_1,1,1121060,greedy,0,-1,-1,27,0.875
2,logged_graph_minus_constrained,panel_1,1,1121061,greedy,0,0,0,-9,-0.9166666666666666
2,logged_graph_minus_constrained,panel_1,1,1121062,greedy,0,0,0,0,0.0
2,logged_graph_minus_constrained,panel_1,1,1121063,greedy,0,0,1,-2,0.0
2,logged_graph_minus_constrained,panel_1,1,1121064,greedy,0,0,0,0,-0.03125
2,logged_graph_minus_constrained,panel_1,2,1121000,greedy,0,0,1,-6,-0.6
2,logged_graph_minus_constrained,panel_1,2,1121001,greedy,0,0,0,0,0.0
2,logged_graph_minus_constrained,panel_1,2,1121002,greedy,0,0,0,0,-0.0625
2,logged_graph_minus_constrained,panel_1,2,1121003,greedy,0,0,0,0,-0.21875
2,logged_graph_minus_constrained,panel_1,2,1121004,greedy,0,0,0,0,0.0
2,logged_graph_minus_constrained,panel_1,2,1121005,greedy,0,1,0,-5,-0.18518518518518523
2,logged_graph_minus_constrained,panel_1,2,1121006,greedy,0,0,0,-4,0.875
2,logged_graph_minus_constrained,panel_1,2,1121007,greedy,0,-1,0,1,0.035282258064516125
2,logged_graph_minus_constrained,panel_1,2,1121008,greedy,0,0,1,-7,-0.75
2,logged_graph_minus_constrained,panel_1,2,1121009,greedy,0,0,0,0,0.0
2,logged_graph_minus_constrained,panel_1,2,1121010,greedy,0,-1,0,19,0.09134615384615385
2,logged_graph_minus_constrained,panel_1,2,1121011,greedy,0,-1,0,19,0.1514423076923077
2,logged_graph_minus_constrained,panel_1,2,1121012,greedy,0,1,1,-31,-0.96875
2,logged_graph_minus_constrained,panel_1,2,1121013,greedy,0,0,0,0,-0.8125
2,logged_graph_minus_constrained,panel_1,2,1121014,greedy,0,0,0,-10,0.6363636363636364
2,logged_graph_minus_constrained,panel_1,2,1121015,greedy,0,-1,-1,28,0.96875
2,logged_graph_minus_constrained,panel_1,2,1121016,greedy,0,0,-1,11,0.8461538461538461
2,logged_graph_minus_constrained,panel_1,2,1121017,greedy,0,-1,-1,29,0.96875
2,logged_graph_minus_constrained,panel_1,2,1121018,greedy,0,0,0,0,0.0
2,logged_graph_minus_constrained,panel_1,2,1121019,greedy,0,0,0,0,-0.09375
2,logged_graph_minus_constrained,panel_1,2,1121020,greedy,0,0,0,0,-0.3125
2,logged_graph_minus_constrained,panel_1,2,1121021,greedy,0,0,-1,15,0.7142857142857143
2,logged_graph_minus_constrained,panel_1,2,1121022,greedy,0,0,0,0,0.0
2,logged_graph_minus_constrained,panel_1,2,1121023,greedy,0,0,-1,12,0.38095238095238093
2,logged_graph_minus_constrained,panel_1,2,1121024,greedy,0,-1,-1,30,0.9375
2,logged_graph_minus_constrained,panel_1,2,1121025,greedy,0,-1,-1,31,0.90625
2,logged_graph_minus_constrained,panel_1,2,1121026,greedy,0,0,0,0,-0.21875
2,logged_graph_minus_constrained,panel_1,2,1121027,greedy,0,0,0,0,-0.65625
2,logged_graph_minus_constrained,panel_1,2,1121028,greedy,0,-1,-1,27,0.8125
2,logged_graph_minus_constrained,panel_1,2,1121029,greedy,0,0,0,6,0.75
2,logged_graph_minus_constrained,panel_1,2,1121030,greedy,0,0,1,-14,-0.7058823529411765
2,logged_graph_minus_constrained,panel_1,2,1121031,greedy,0,-1,0,15,-0.04227941176470584
2,logged_graph_minus_constrained,panel_1,2,1121032,greedy,0,-1,-1,31,0.9375
2,logged_graph_minus_constrained,panel_1,2,1121034,greedy,0,0,-1,25,0.5357142857142857
2,logged_graph_minus_constrained,panel_1,2,1121035,greedy,0,-1,-1,30,0.96875
2,logged_graph_minus_constrained,panel_1,2,1121036,greedy,0,0,1,-19,-0.9130434782608695
2,logged_graph_minus_constrained,panel_1,2,1121037,greedy,0,-1,0,22,0.09999999999999998
2,logged_graph_minus_constrained,panel_1,2,1121038,greedy,0,1,0,-7,-0.26625
2,logged_graph_minus_constrained,panel_1,2,1121039,greedy,0,-1,-1,28,0.75
2,logged_graph_minus_constrained,panel_1,2,1121040,greedy,0,0,0,0,0.125
2,logged_graph_minus_constrained,panel_1,2,1121041,greedy,0,0,0,0,0.0
2,logged_graph_minus_constrained,panel_1,2,1121042,greedy,0,0,0,0,0.0
2,logged_graph_minus_constrained,panel_1,2,1121043,greedy,0,0,0,0,0.0
2,logged_graph_minus_constrained,panel_1,2,1121044,greedy,0,0,0,0,0.0
2,logged_graph_minus_constrained,panel_1,2,1121045,greedy,0,0,-1,8,0.0
2,logged_graph_minus_constrained,panel_1,2,1121046,greedy,0,0,0,0,-0.09375
2,logged_graph_minus_constrained,panel_1,2,1121047,greedy,0,0,0,0,0.0
2,logged_graph_minus_constrained,panel_1,2,1121048,greedy,0,-1,0,6,0.15384615384615385
2,logged_graph_minus_constrained,panel_1,2,1121049,greedy,0,0,0,0,-0.46875
2,logged_graph_minus_constrained,panel_1,2,1121050,greedy,0,0,0,0,0.0
2,logged_graph_minus_constrained,panel_1,2,1121051,greedy,0,-1,-1,28,0.75
2,logged_graph_minus_constrained,panel_1,2,1121052,greedy,0,0,0,1,0.002645502645502673
2,logged_graph_minus_constrained,panel_1,2,1121053,greedy,0,0,0,0,0.15625
2,logged_graph_minus_constrained,panel_1,2,1121054,greedy,0,1,0,-23,-0.4444444444444444
2,logged_graph_minus_constrained,panel_1,2,1121055,greedy,0,0,-1,7,0.875
2,logged_graph_minus_constrained,panel_1,2,1121056,greedy,0,0,0,0,0.0
2,logged_graph_minus_constrained,panel_1,2,1121057,greedy,0,0,0,0,0.0
2,logged_graph_minus_constrained,panel_1,2,1121058,greedy,0,0,0,2,-0.3333333333333333
2,logged_graph_minus_constrained,panel_1,2,1121059,greedy,0,1,0,-20,-1.0
2,logged_graph_minus_constrained,panel_1,2,1121060,greedy,0,0,0,0,0.03125
2,logged_graph_minus_constrained,panel_1,2,1121061,greedy,0,0,1,-2,0.0
2,logged_graph_minus_constrained,panel_1,2,1121062,greedy,0,0,0,0,0.0
2,logged_graph_minus_constrained,panel_1,2,1121063,greedy,0,0,0,0,0.0
2,logged_graph_minus_constrained,panel_1,2,1121064,greedy,0,-1,0,20,0.27083333333333337
2,logged_graph_minus_constrained,panel_2,0,1122000,greedy,0,-1,-1,31,0.75
2,logged_graph_minus_constrained,panel_2,0,1122001,greedy,0,1,1,-31,-0.9375
2,logged_graph_minus_constrained,panel_2,0,1122002,greedy,0,0,-1,23,0.6538461538461539
2,logged_graph_minus_constrained,panel_2,0,1122003,greedy,0,0,0,-3,-0.10227272727272729
2,logged_graph_minus_constrained,panel_2,0,1122004,greedy,0,-1,-1,29,0.0
2,logged_graph_minus_constrained,panel_2,0,1122005,greedy,0,1,0,-13,-0.7582236842105263
2,logged_graph_minus_constrained,panel_2,0,1122006,greedy,0,0,-1,25,0.17857142857142858
2,logged_graph_minus_constrained,panel_2,0,1122007,greedy,0,0,0,-9,0.7647058823529411
2,logged_graph_minus_constrained,panel_2,0,1122008,greedy,0,0,1,-4,0.2857142857142857
2,logged_graph_minus_constrained,panel_2,0,1122009,greedy,0,1,0,-13,-0.14967105263157898
2,logged_graph_minus_constrained,panel_2,0,1122010,greedy,0,0,-1,6,0.75
2,logged_graph_minus_constrained,panel_2,0,1122011,greedy,0,0,-1,19,0.22499999999999998
2,logged_graph_minus_constrained,panel_2,0,1122012,greedy,0,-1,-1,28,0.71875
2,logged_graph_minus_constrained,panel_2,0,1122013,greedy,0,-1,0,17,0.029166666666666674
2,logged_graph_minus_constrained,panel_2,0,1122014,greedy,0,0,0,0,0.0
2,logged_graph_minus_constrained,panel_2,0,1122015,greedy,0,1,0,0,-0.03125
2,logged_graph_minus_constrained,panel_2,0,1122016,greedy,0,0,0,0,-0.90625
2,logged_graph_minus_constrained,panel_2,0,1122017,greedy,0,0,0,0,-0.21875
2,logged_graph_minus_constrained,panel_2,0,1122018,greedy,0,-1,-1,29,0.0
2,logged_graph_minus_constrained,panel_2,0,1122019,greedy,0,0,0,2,0.0
2,logged_graph_minus_constrained,panel_2,0,1122020,greedy,0,-1,0,21,0.0
2,logged_graph_minus_constrained,panel_2,0,1122021,greedy,0,1,0,-22,-0.90625
2,logged_graph_minus_constrained,panel_2,0,1122022,greedy,0,-1,-1,29,1.0
2,logged_graph_minus_constrained,panel_2,0,1122023,greedy,0,0,1,-11,-0.8461538461538461
2,logged_graph_minus_constrained,panel_2,0,1122024,greedy,0,-1,-1,28,0.71875
2,logged_graph_minus_constrained,panel_2,0,1122025,greedy,0,0,-1,10,0.9090909090909091
2,logged_graph_minus_constrained,panel_2,0,1122026,greedy,0,0,0,0,0.46875
2,logged_graph_minus_constrained,panel_2,0,1122027,greedy,0,0,0,0,0.03125
2,logged_graph_minus_constrained,panel_2,0,1122028,greedy,0,0,1,-2,-0.6666666666666666
2,logged_graph_minus_constrained,panel_2,0,1122030,greedy,0,-1,0,7,0.90625
2,logged_graph_minus_constrained,panel_2,0,1122031,greedy,0,1,0,-20,-0.27083333333333337
2,logged_graph_minus_constrained,panel_2,0,1122032,greedy,0,-1,-1,27,0.90625
2,logged_graph_minus_constrained,panel_2,0,1122033,greedy,0,0,0,0,0.0
2,logged_graph_minus_constrained,panel_2,0,1122034,greedy,0,0,0,0,0.0
2,logged_graph_minus_constrained,panel_2,0,1122035,greedy,0,0,-1,13,0.7647058823529411
2,logged_graph_minus_constrained,panel_2,0,1122036,greedy,0,-1,0,11,0.1428571428571429
2,logged_graph_minus_constrained,panel_2,0,1122037,greedy,0,0,0,0,0.125
2,logged_graph_minus_constrained,panel_2,0,1122038,greedy,0,-1,0,18,0.3258928571428571
2,logged_graph_minus_constrained,panel_2,0,1122039,greedy,0,0,0,0,-0.7272727272727273
2,logged_graph_minus_constrained,panel_2,0,1122040,greedy,0,0,0,0,0.40625
2,logged_graph_minus_constrained,panel_2,0,1122041,greedy,0,0,0,-2,0.0
2,logged_graph_minus_constrained,panel_2,0,1122042,greedy,0,0,-1,10,0.0
2,logged_graph_minus_constrained,panel_2,0,1122043,greedy,0,-1,0,4,-0.2946428571428571
2,logged_graph_minus_constrained,panel_2,0,1122044,greedy,0,1,0,0,-0.75
2,logged_graph_minus_constrained,panel_2,0,1122045,greedy,0,-1,-1,29,0.96875
2,logged_graph_minus_constrained,panel_2,0,1122046,greedy,0,-1,-1,31,0.78125
2,logged_graph_minus_constrained,panel_2,0,1122047,greedy,0,-1,0,14,1.0
2,logged_graph_minus_constrained,panel_2,0,1122048,greedy,0,0,0,0,0.0625
2,logged_graph_minus_constrained,panel_2,0,1122049,greedy,0,0,-1,13,0.9285714285714286
2,logged_graph_minus_constrained,panel_2,0,1122050,greedy,0,0,-1,7,0.3
2,logged_graph_minus_constrained,panel_2,0,1122052,greedy,0,-1,-1,26,0.6666666666666667
2,logged_graph_minus_constrained,panel_2,0,1122053,greedy,0,0,-1,20,0.0
2,logged_graph_minus_constrained,panel_2,0,1122054,greedy,0,0,0,0,0.0
2,logged_graph_minus_constrained,panel_2,0,1122055,greedy,0,0,0,0,-0.125
2,logged_graph_minus_constrained,panel_2,0,1122056,greedy,0,-1,0,10,-0.08522727272727271
2,logged_graph_minus_constrained,panel_2,0,1122057,greedy,0,0,-1,1,-0.2692307692307692
2,logged_graph_minus_constrained,panel_2,0,1122058,greedy,0,0,0,8,-0.130718954248366
2,logged_graph_minus_constrained,panel_2,0,1122059,greedy,0,-1,0,16,0.03125
2,logged_graph_minus_constrained,panel_2,0,1122060,greedy,0,0,-1,26,0.3448275862068966
2,logged_graph_minus_constrained,panel_2,0,1122061,greedy,0,0,1,-10,-0.7692307692307693
2,logged_graph_minus_constrained,panel_2,0,1122062,greedy,0,-1,0,22,0.10624999999999996
2,logged_graph_minus_constrained,panel_2,0,1122063,greedy,0,0,0,0,-0.0625
2,logged_graph_minus_constrained,panel_2,0,1122064,greedy,0,-1,0,16,-0.875
2,logged_graph_minus_constrained,panel_2,0,1122065,greedy,0,0,-1,23,0.7916666666666666
2,logged_graph_minus_constrained,panel_2,1,1122000,greedy,0,0,-1,2,0.6666666666666666
2,logged_graph_minus_constrained,panel_2,1,1122001,greedy,0,0,-1,5,0.8333333333333334
2,logged_graph_minus_constrained,panel_2,1,1122002,greedy,0,0,-1,15,0.8333333333333334
2,logged_graph_minus_constrained,panel_2,1,1122003,greedy,0,0,-1,5,0.09999999999999998
2,logged_graph_minus_constrained,panel_2,1,1122004,greedy,0,-1,-1,29,0.53125
2,logged_graph_minus_constrained,panel_2,1,1122005,greedy,0,0,0,0,0.0625
2,logged_graph_minus_constrained,panel_2,1,1122006,greedy,0,0,-1,12,0.8
2,logged_graph_minus_constrained,panel_2,1,1122007,greedy,0,0,-1,13,0.7647058823529411
2,logged_graph_minus_constrained,panel_2,1,1122008,greedy,0,0,0,0,0.0
2,logged_graph_minus_constrained,panel_2,1,1122009,greedy,0,0,0,0,0.09375
2,logged_graph_minus_constrained,panel_2,1,1122010,greedy,0,0,0,0,0.0
2,logged_graph_minus_constrained,panel_2,1,1122011,greedy,0,-1,-1,29,0.71875
2,logged_graph_minus_constrained,panel_2,1,1122012,greedy,0,0,-1,22,0.0
2,logged_graph_minus_constrained,panel_2,1,1122013,greedy,0,0,0,0,-0.46875
2,logged_graph_minus_constrained,panel_2,1,1122014,greedy,0,0,0,0,0.0
2,logged_graph_minus_constrained,panel_2,1,1122015,greedy,0,-1,-1,28,0.4375
2,logged_graph_minus_constrained,panel_2,1,1122016,greedy,0,-1,0,16,-0.125
2,logged_graph_minus_constrained,panel_2,1,1122017,greedy,0,0,0,0,-0.03125
2,logged_graph_minus_constrained,panel_2,1,1122018,greedy,0,0,1,-11,-0.7857142857142857
2,logged_graph_minus_constrained,panel_2,1,1122019,greedy,0,-1,0,9,0.875
2,logged_graph_minus_constrained,panel_2,1,1122020,greedy,0,-1,-1,31,0.90625
2,logged_graph_minus_constrained,panel_2,1,1122021,greedy,0,0,0,0,0.0
2,logged_graph_minus_constrained,panel_2,1,1122022,greedy,0,1,0,-17,-0.19999999999999996
2,logged_graph_minus_constrained,panel_2,1,1122023,greedy,0,0,0,0,0.0
2,logged_graph_minus_constrained,panel_2,1,1122024,greedy,0,-1,-1,28,0.65625
2,logged_graph_minus_constrained,panel_2,1,1122025,greedy,0,0,-1,11,0.9166666666666666
2,logged_graph_minus_constrained,panel_2,1,1122026,greedy,0,-1,0,14,0.96875
2,logged_graph_minus_constrained,panel_2,1,1122027,greedy,0,0,0,0,0.0
2,logged_graph_minus_constrained,panel_2,1,1122028,greedy,0,-1,-1,31,0.71875
2,logged_graph_minus_constrained,panel_2,1,1122030,greedy,0,0,-1,8,0.0
2,logged_graph_minus_constrained,panel_2,1,1122031,greedy,0,-1,-1,28,0.40625
2,logged_graph_minus_constrained,panel_2,1,1122032,greedy,0,1,1,-23,-0.4375
2,logged_graph_minus_constrained,panel_2,1,1122033,greedy,0,0,-1,19,0.7916666666666666
2,logged_graph_minus_constrained,panel_2,1,1122034,greedy,0,0,0,-1,-0.3176638176638176
2,logged_graph_minus_constrained,panel_2,1,1122035,greedy,0,-1,-1,28,0.5625
2,logged_graph_minus_constrained,panel_2,1,1122036,greedy,0,0,0,0,0.0
2,logged_graph_minus_constrained,panel_2,1,1122037,greedy,0,0,0,0,0.1875
2,logged_graph_minus_constrained,panel_2,1,1122038,greedy,0,0,0,0,-0.0625
2,logged_graph_minus_constrained,panel_2,1,1122039,greedy,0,0,-1,12,0.8
2,logged_graph_minus_constrained,panel_2,1,1122040,greedy,0,-1,0,16,0.5625
2,logged_graph_minus_constrained,panel_2,1,1122041,greedy,0,-1,-1,29,0.8125
2,logged_graph_minus_constrained,panel_2,1,1122042,greedy,0,-1,-1,30,0.6875
2,logged_graph_minus_constrained,panel_2,1,1122043,greedy,0,-1,0,22,0.11875000000000002
2,logged_graph_minus_constrained,panel_2,1,1122044,greedy,0,0,1,-9,-0.35714285714285715
2,logged_graph_minus_constrained,panel_2,1,1122045,greedy,0,-1,-1,29,0.71875
2,logged_graph_minus_constrained,panel_2,1,1122046,greedy,0,0,0,3,-0.15714285714285714
2,logged_graph_minus_constrained,panel_2,1,1122047,greedy,0,0,0,0,-0.84375
2,logged_graph_minus_constrained,panel_2,1,1122048,greedy,0,1,0,-6,-0.06730769230769229
2,logged_graph_minus_constrained,panel_2,1,1122049,greedy,0,0,0,0,0.0
2,logged_graph_minus_constrained,panel_2,1,1122050,greedy,0,-1,-1,29,0.375
2,logged_graph_minus_constrained,panel_2,1,1122052,greedy,0,-1,-1,28,0.40625
2,logged_graph_minus_constrained,panel_2,1,1122053,greedy,0,0,-1,23,0.84
2,logged_graph_minus_constrained,panel_2,1,1122054,greedy,0,0,0,0,0.0
2,logged_graph_minus_constrained,panel_2,1,1122055,greedy,0,0,0,0,0.0
2,logged_graph_minus_constrained,panel_2,1,1122056,greedy,0,-1,0,13,0.013157894736842146
2,logged_graph_minus_constrained,panel_2,1,1122057,greedy,0,-1,0,13,0.1282894736842105
2,logged_graph_minus_constrained,panel_2,1,1122058,greedy,0,0,-1,7,0.7777777777777778
2,logged_graph_minus_constrained,panel_2,1,1122059,greedy,0,-1,-1,27,0.375
2,logged_graph_minus_constrained,panel_2,1,1122060,greedy,0,0,0,1,0.25
2,logged_graph_minus_constrained,panel_2,1,1122061,greedy,0,-1,-1,29,1.0
2,logged_graph_minus_constrained,panel_2,1,1122062,greedy,0,0,-1,4,0.6666666666666666
2,logged_graph_minus_constrained,panel_2,1,1122063,greedy,0,0,0,0,-0.25
2,logged_graph_minus_constrained,panel_2,1,1122064,greedy,0,-1,-1,31,0.84375
2,logged_graph_minus_constrained,panel_2,1,1122065,greedy,0,0,0,0,0.0
2,logged_graph_minus_constrained,panel_2,2,1122000,greedy,0,0,0,17,0.18333333333333335
2,logged_graph_minus_constrained,panel_2,2,1122001,greedy,0,0,0,0,0.0
2,logged_graph_minus_constrained,panel_2,2,1122002,greedy,0,-1,-1,29,0.21875
2,logged_graph_minus_constrained,panel_2,2,1122003,greedy,0,-1,0,23,0.65625
2,logged_graph_minus_constrained,panel_2,2,1122004,greedy,0,0,-1,9,0.75
2,logged_graph_minus_constrained,panel_2,2,1122005,greedy,0,0,0,0,0.0
2,logged_graph_minus_constrained,panel_2,2,1122006,greedy,0,0,-1,14,0.8235294117647058
2,logged_graph_minus_constrained,panel_2,2,1122007,greedy,0,0,0,0,-0.21875
2,logged_graph_minus_constrained,panel_2,2,1122008,greedy,0,0,0,0,0.0
2,logged_graph_minus_constrained,panel_2,2,1122009,greedy,0,0,0,0,-0.53125
2,logged_graph_minus_constrained,panel_2,2,1122010,greedy,0,0,-1,25,0.7037037037037037
2,logged_graph_minus_constrained,panel_2,2,1122011,greedy,0,-1,-1,27,0.5375
2,logged_graph_minus_constrained,panel_2,2,1122012,greedy,0,0,-1,9,0.07692307692307693
2,logged_graph_minus_constrained,panel_2,2,1122013,greedy,0,-1,0,13,-0.381578947368421
2,logged_graph_minus_constrained,panel_2,2,1122014,greedy,0,0,-1,14,0.0
2,logged_graph_minus_constrained,panel_2,2,1122015,greedy,0,0,0,0,-0.75
2,logged_graph_minus_constrained,panel_2,2,1122016,greedy,0,-1,0,19,0.30528846153846156
2,logged_graph_minus_constrained,panel_2,2,1122017,greedy,0,-1,0,21,0.3607954545454546
2,logged_graph_minus_constrained,panel_2,2,1122018,greedy,0,-1,-1,29,0.9375
2,logged_graph_minus_constrained,panel_2,2,1122019,greedy,0,-1,-1,27,0.65625
2,logged_graph_minus_constrained,panel_2,2,1122020,greedy,0,0,0,0,0.0
2,logged_graph_minus_constrained,panel_2,2,1122021,greedy,0,1,0,-11,-0.2232142857142857
2,logged_graph_minus_constrained,panel_2,2,1122022,greedy,0,1,1,-29,-1.0
2,logged_graph_minus_constrained,panel_2,2,1122023,greedy,0,0,0,0,0.0
2,logged_graph_minus_constrained,panel_2,2,1122024,greedy,0,-1,0,15,-0.6084558823529411
2,logged_graph_minus_constrained,panel_2,2,1122025,greedy,0,0,0,0,0.0
2,logged_graph_minus_constrained,panel_2,2,1122026,greedy,0,-1,-1,30,0.4375
2,logged_graph_minus_constrained,panel_2,2,1122027,greedy,0,1,0,-4,-0.1026785714285714
2,logged_graph_minus_constrained,panel_2,2,1122028,greedy,0,-1,-1,31,0.25
2,logged_graph_minus_constrained,panel_2,2,1122030,greedy,0,0,-1,25,0.6538461538461539
2,logged_graph_minus_constrained,panel_2,2,1122031,greedy,0,0,0,0,-0.5625
2,logged_graph_minus_constrained,panel_2,2,1122032,greedy,0,1,1,-23,-0.96875
2,logged_graph_minus_constrained,panel_2,2,1122033,greedy,0,1,0,-12,-0.125
2,logged_graph_minus_constrained,panel_2,2,1122034,greedy,0,0,1,-11,-0.26190476190476186
2,logged_graph_minus_constrained,panel_2,2,1122035,greedy,0,-1,-1,26,0.53125
2,logged_graph_minus_constrained,panel_2,2,1122036,greedy,0,0,0,0,0.0
2,logged_graph_minus_constrained,panel_2,2,1122037,greedy,0,0,0,0,-0.25
2,logged_graph_minus_constrained,panel_2,2,1122038,greedy,0,0,0,0,-0.0625
2,logged_graph_minus_constrained,panel_2,2,1122039,greedy,0,0,-1,14,0.35294117647058826
2,logged_graph_minus_constrained,panel_2,2,1122040,greedy,0,0,0,0,-0.03125
2,logged_graph_minus_constrained,panel_2,2,1122041,greedy,0,-1,-1,29,0.90625
2,logged_graph_minus_constrained,panel_2,2,1122042,greedy,0,-1,-1,30,0.9375
2,logged_graph_minus_constrained,panel_2,2,1122043,greedy,0,-1,0,14,0.1284722222222222
2,logged_graph_minus_constrained,panel_2,2,1122044,greedy,0,-1,0,21,0.625
2,logged_graph_minus_constrained,panel_2,2,1122045,greedy,0,0,0,0,0.0
2,logged_graph_minus_constrained,panel_2,2,1122046,greedy,0,-1,-1,31,0.34375
2,logged_graph_minus_constrained,panel_2,2,1122047,greedy,0,-1,-1,26,0.8125
2,logged_graph_minus_constrained,panel_2,2,1122048,greedy,0,0,-1,20,0.4871794871794872
2,logged_graph_minus_constrained,panel_2,2,1122049,greedy,0,1,1,-31,-0.96875
2,logged_graph_minus_constrained,panel_2,2,1122050,greedy,0,0,0,0,0.0
2,logged_graph_minus_constrained,panel_2,2,1122052,greedy,0,0,-1,16,0.6
2,logged_graph_minus_constrained,panel_2,2,1122053,greedy,0,0,-1,4,0.0
2,logged_graph_minus_constrained,panel_2,2,1122054,greedy,0,0,-1,1,0.09999999999999998
2,logged_graph_minus_constrained,panel_2,2,1122055,greedy,0,0,0,0,-0.03125
2,logged_graph_minus_constrained,panel_2,2,1122056,greedy,0,0,0,0,0.0
2,logged_graph_minus_constrained,panel_2,2,1122057,greedy,0,-1,0,19,0.27403846153846156
2,logged_graph_minus_constrained,panel_2,2,1122058,greedy,0,0,0,-1,-0.3333333333333333
2,logged_graph_minus_constrained,panel_2,2,1122059,greedy,0,-1,-1,27,0.59375
2,logged_graph_minus_constrained,panel_2,2,1122060,greedy,0,-1,0,15,0.9375
2,logged_graph_minus_constrained,panel_2,2,1122061,greedy,0,0,0,0,-0.5
2,logged_graph_minus_constrained,panel_2,2,1122062,greedy,0,0,-1,23,0.42592592592592593
2,logged_graph_minus_constrained,panel_2,2,1122063,greedy,0,1,1,-28,-1.0
2,logged_graph_minus_constrained,panel_2,2,1122064,greedy,0,0,0,0,0.0
2,logged_graph_minus_constrained,panel_2,2,1122065,greedy,0,0,0,0,0.0
2,logged_graph_minus_constrained,panel_3,0,1123000,greedy,0,1,1,-29,-0.9375
2,logged_graph_minus_constrained,panel_3,0,1123001,greedy,0,-1,-1,27,0.0
2,logged_graph_minus_constrained,panel_3,0,1123002,greedy,0,0,0,0,-0.34375
2,logged_graph_minus_constrained,panel_3,0,1123003,greedy,0,0,-1,16,0.0
2,logged_graph_minus_constrained,panel_3,0,1123004,greedy,0,0,0,17,-0.09230769230769231
2,logged_graph_minus_constrained,panel_3,0,1123005,greedy,0,0,0,0,0.0
2,logged_graph_minus_constrained,panel_3,0,1123006,greedy,0,0,1,-4,-0.5714285714285714
2,logged_graph_minus_constrained,panel_3,0,1123007,greedy,0,-1,0,8,-0.29166666666666663
2,logged_graph_minus_constrained,panel_3,0,1123008,greedy,0,1,0,-16,0.28125
2,logged_graph_minus_constrained,panel_3,0,1123009,greedy,0,0,0,-10,0.0
2,logged_graph_minus_constrained,panel_3,0,1123010,greedy,0,0,0,0,0.15625
2,logged_graph_minus_constrained,panel_3,0,1123011,greedy,0,-1,0,11,-0.0267857142857143
2,logged_graph_minus_constrained,panel_3,0,1123012,greedy,0,0,1,-4,-0.16969696969696968
2,logged_graph_minus_constrained,panel_3,0,1123013,greedy,0,-1,0,18,0.1517857142857143
2,logged_graph_minus_constrained,panel_3,0,1123014,greedy,0,0,0,0,0.46875
2,logged_graph_minus_constrained,panel_3,0,1123015,greedy,0,0,-1,11,0.7333333333333333
2,logged_graph_minus_constrained,panel_3,0,1123016,greedy,0,-1,0,9,-0.6073369565217391
2,logged_graph_minus_constrained,panel_3,0,1123017,greedy,0,-1,0,25,1.0
2,logged_graph_minus_constrained,panel_3,0,1123018,greedy,0,-1,0,16,0.09375
2,logged_graph_minus_constrained,panel_3,0,1123019,greedy,0,0,0,0,0.0
2,logged_graph_minus_constrained,panel_3,0,1123020,greedy,0,0,0,0,-0.21875
2,logged_graph_minus_constrained,panel_3,0,1123021,greedy,0,1,0,-11,-0.1428571428571429
2,logged_graph_minus_constrained,panel_3,0,1123022,greedy,0,0,0,0,0.0
2,logged_graph_minus_constrained,panel_3,0,1123023,greedy,0,-1,-1,30,0.71875
2,logged_graph_minus_constrained,panel_3,0,1123024,greedy,0,-1,0,22,0.76875
2,logged_graph_minus_constrained,panel_3,0,1123025,greedy,0,0,-1,11,0.6
2,logged_graph_minus_constrained,panel_3,0,1123026,greedy,0,-1,0,19,-0.11298076923076927
2,logged_graph_minus_constrained,panel_3,0,1123027,greedy,0,1,0,-17,-0.2604166666666667
2,logged_graph_minus_constrained,panel_3,0,1123028,greedy,0,-1,0,17,-0.26041666666666663
2,logged_graph_minus_constrained,panel_3,0,1123029,greedy,0,0,0,0,-0.03125
2,logged_graph_minus_constrained,panel_3,0,1123030,greedy,0,0,0,0,-0.125
2,logged_graph_minus_constrained,panel_3,0,1123031,greedy,0,1,1,-27,-0.96875
2,logged_graph_minus_constrained,panel_3,0,1123032,greedy,0,-1,-1,28,1.0
2,logged_graph_minus_constrained,panel_3,0,1123033,greedy,0,0,0,0,-0.09375
2,logged_graph_minus_constrained,panel_3,0,1123034,greedy,0,0,-1,26,0.0
2,logged_graph_minus_constrained,panel_3,0,1123035,greedy,0,0,0,0,-0.1875
2,logged_graph_minus_constrained,panel_3,0,1123036,greedy,0,-1,-1,29,0.09375
2,logged_graph_minus_constrained,panel_3,0,1123037,greedy,0,0,0,0,0.0
2,logged_graph_minus_constrained,panel_3,0,1123038,greedy,0,-1,0,1,0.021169354838709686
2,logged_graph_minus_constrained,panel_3,0,1123039,greedy,0,-1,-1,29,0.90625
2,logged_graph_minus_constrained,panel_3,0,1123040,greedy,0,0,-1,17,0.7222222222222222
2,logged_graph_minus_constrained,panel_3,0,1123041,greedy,0,0,0,1,0.23636363636363633
2,logged_graph_minus_constrained,panel_3,0,1123042,greedy,0,0,0,0,-0.71875
2,logged_graph_minus_constrained,panel_3,0,1123043,greedy,0,0,-1,17,0.391304347826087
2,logged_graph_minus_constrained,panel_3,0,1123044,greedy,0,0,-1,22,0.0
2,logged_graph_minus_constrained,panel_3,0,1123045,greedy,0,0,0,0,0.0
2,logged_graph_minus_constrained,panel_3,0,1123046,greedy,0,0,0,1,0.3333333333333333
2,logged_graph_minus_constrained,panel_3,0,1123047,greedy,0,0,0,0,0.0
2,logged_graph_minus_constrained,panel_3,0,1123048,greedy,0,0,-1,22,0.7692307692307693
2,logged_graph_minus_constrained,panel_3,0,1123049,greedy,0,-1,0,9,0.17391304347826086
2,logged_graph_minus_constrained,panel_3,0,1123050,greedy,0,0,-1,10,0.3076923076923077
2,logged_graph_minus_constrained,panel_3,0,1123051,greedy,0,0,-1,20,0.9523809523809523
2,logged_graph_minus_constrained,panel_3,0,1123052,greedy,0,0,0,0,0.03125
2,logged_graph_minus_constrained,panel_3,0,1123053,greedy,0,0,-1,16,0.9411764705882353
2,logged_graph_minus_constrained,panel_3,0,1123054,greedy,0,0,1,-4,-0.6666666666666666
2,logged_graph_minus_constrained,panel_3,0,1123055,greedy,0,-1,-1,21,0.875
2,logged_graph_minus_constrained,panel_3,0,1123056,greedy,0,-1,-1,27,1.0
2,logged_graph_minus_constrained,panel_3,0,1123057,greedy,0,-1,-1,30,0.1875
2,logged_graph_minus_constrained,panel_3,0,1123058,greedy,0,0,0,0,-0.75
2,logged_graph_minus_constrained,panel_3,0,1123059,greedy,0,0,0,0,-0.28125
2,logged_graph_minus_constrained,panel_3,0,1123060,greedy,0,0,1,-7,-0.1
2,logged_graph_minus_constrained,panel_3,0,1123061,greedy,0,-1,-1,30,0.59375
2,logged_graph_minus_constrained,panel_3,0,1123062,greedy,0,0,-1,7,0.875
2,logged_graph_minus_constrained,panel_3,0,1123063,greedy,0,-1,-1,29,1.0
2,logged_graph_minus_constrained,panel_3,1,1123000,greedy,0,0,0,-2,-0.2828282828282829
2,logged_graph_minus_constrained,panel_3,1,1123001,greedy,0,0,0,-2,-0.22619047619047622
2,logged_graph_minus_constrained,panel_3,1,1123002,greedy,0,0,0,0,-0.8125
2,logged_graph_minus_constrained,panel_3,1,1123003,greedy,0,0,-1,6,0.7272727272727273
2,logged_graph_minus_constrained,panel_3,1,1123004,greedy,0,-1,0,23,0.22569444444444442
2,logged_graph_minus_constrained,panel_3,1,1123005,greedy,0,0,-1,13,0.5625
2,logged_graph_minus_constrained,panel_3,1,1123006,greedy,0,0,-1,19,0.7727272727272727
2,logged_graph_minus_constrained,panel_3,1,1123007,greedy,0,-1,-1,27,0.40625
2,logged_graph_minus_constrained,panel_3,1,1123008,greedy,0,0,0,0,-0.78125
2,logged_graph_minus_constrained,panel_3,1,1123009,greedy,0,0,1,-24,-0.2142857142857143
2,logged_graph_minus_constrained,panel_3,1,1123010,greedy,0,0,0,0,-0.21875
2,logged_graph_minus_constrained,panel_3,1,1123011,greedy,0,0,0,0,-0.59375
2,logged_graph_minus_constrained,panel_3,1,1123012,greedy,0,1,0,-6,-0.11298076923076927
2,logged_graph_minus_constrained,panel_3,1,1123013,greedy,0,0,0,4,0.7272727272727273
2,logged_graph_minus_constrained,panel_3,1,1123014,greedy,0,0,0,0,-0.28125
2,logged_graph_minus_constrained,panel_3,1,1123015,greedy,0,-1,-1,28,0.90625
2,logged_graph_minus_constrained,panel_3,1,1123016,greedy,0,-1,-1,28,0.9375
2,logged_graph_minus_constrained,panel_3,1,1123017,greedy,0,-1,0,25,0.3660714285714286
2,logged_graph_minus_constrained,panel_3,1,1123018,greedy,0,-1,-1,28,0.96875
2,logged_graph_minus_constrained,panel_3,1,1123019,greedy,0,-1,-1,31,0.6875
2,logged_graph_minus_constrained,panel_3,1,1123020,greedy,0,-1,0,19,-0.18990384615384615
2,logged_graph_minus_constrained,panel_3,1,1123021,greedy,0,0,0,0,0.0
2,logged_graph_minus_constrained,panel_3,1,1123022,greedy,0,0,0,0,-0.09375
2,logged_graph_minus_constrained,panel_3,1,1123023,greedy,0,0,0,0,0.0
2,logged_graph_minus_constrained,panel_3,1,1123024,greedy,0,0,0,0,0.0
2,logged_graph_minus_constrained,panel_3,1,1123025,greedy,0,-1,0,9,0.17391304347826086
2,logged_graph_minus_constrained,panel_3,1,1123026,greedy,0,1,0,-21,-0.048295454545454586
2,logged_graph_minus_constrained,panel_3,1,1123027,greedy,0,0,0,0,-0.25
2,logged_graph_minus_constrained,panel_3,1,1123028,greedy,0,0,-1,15,-0.33999999999999997
2,logged_graph_minus_constrained,panel_3,1,1123029,greedy,0,0,0,0,0.0
2,logged_graph_minus_constrained,panel_3,1,1123030,greedy,0,-1,0,0,0.90625
2,logged_graph_minus_constrained,panel_3,1,1123031,greedy,0,0,-1,24,0.6206896551724138
2,logged_graph_minus_constrained,panel_3,1,1123032,greedy,0,0,0,-4,0.0
2,logged_graph_minus_constrained,panel_3,1,1123033,greedy,0,-1,-1,24,0.5
2,logged_graph_minus_constrained,panel_3,1,1123034,greedy,0,0,0,7,0.38461538461538464
2,logged_graph_minus_constrained,panel_3,1,1123035,greedy,0,0,0,0,0.1875
2,logged_graph_minus_constrained,panel_3,1,1123036,greedy,0,0,0,0,0.0
2,logged_graph_minus_constrained,panel_3,1,1123037,greedy,0,1,0,-1,-0.967741935483871
2,logged_graph_minus_constrained,panel_3,1,1123038,greedy,0,0,-1,16,0.5882352941176471
2,logged_graph_minus_constrained,panel_3,1,1123039,greedy,0,0,0,0,0.0
2,logged_graph_minus_constrained,panel_3,1,1123040,greedy,0,0,-1,28,0.6896551724137931
2,logged_graph_minus_constrained,panel_3,1,1123041,greedy,0,-1,-1,28,0.34375
2,logged_graph_minus_constrained,panel_3,1,1123042,greedy,0,0,0,0,-0.1875
2,logged_graph_minus_constrained,panel_3,1,1123043,greedy,0,-1,-1,26,0.78125
2,logged_graph_minus_constrained,panel_3,1,1123044,greedy,0,0,0,14,0.42857142857142855
2,logged_graph_minus_constrained,panel_3,1,1123045,greedy,0,0,1,-5,-0.42857142857142855
2,logged_graph_minus_constrained,panel_3,1,1123046,greedy,0,0,0,0,0.0
2,logged_graph_minus_constrained,panel_3,1,1123047,greedy,0,0,0,0,0.0
2,logged_graph_minus_constrained,panel_3,1,1123048,greedy,0,-1,-1,28,0.78125
2,logged_graph_minus_constrained,panel_3,1,1123049,greedy,0,0,0,0,0.78125
2,logged_graph_minus_constrained,panel_3,1,1123050,greedy,0,0,0,0,0.0
2,logged_graph_minus_constrained,panel_3,1,1123051,greedy,0,0,1,-13,-0.7857142857142857
2,logged_graph_minus_constrained,panel_3,1,1123052,greedy,0,-1,-1,27,0.625
2,logged_graph_minus_constrained,panel_3,1,1123053,greedy,0,-1,-1,31,0.59375
2,logged_graph_minus_constrained,panel_3,1,1123054,greedy,0,0,0,0,0.0
2,logged_graph_minus_constrained,panel_3,1,1123055,greedy,0,0,0,0,-0.4375
2,logged_graph_minus_constrained,panel_3,1,1123056,greedy,0,0,0,0,0.46875
2,logged_graph_minus_constrained,panel_3,1,1123057,greedy,0,0,0,2,0.0
2,logged_graph_minus_constrained,panel_3,1,1123058,greedy,0,0,0,10,-0.019886363636363646
2,logged_graph_minus_constrained,panel_3,1,1123059,greedy,0,-1,-1,29,0.90625
2,logged_graph_minus_constrained,panel_3,1,1123060,greedy,0,0,-1,11,0.6428571428571429
2,logged_graph_minus_constrained,panel_3,1,1123061,greedy,0,0,0,0,0.0
2,logged_graph_minus_constrained,panel_3,1,1123062,greedy,0,0,1,-4,-0.8
2,logged_graph_minus_constrained,panel_3,1,1123063,greedy,0,-1,-1,29,0.40625
2,logged_graph_minus_constrained,panel_3,2,1123000,greedy,0,0,1,-16,-0.8421052631578947
2,logged_graph_minus_constrained,panel_3,2,1123001,greedy,0,-1,-1,27,0.59375
2,logged_graph_minus_constrained,panel_3,2,1123002,greedy,0,-1,-1,30,0.96875
2,logged_graph_minus_constrained,panel_3,2,1123003,greedy,0,-1,-1,29,0.96875
2,logged_graph_minus_constrained,panel_3,2,1123004,greedy,0,-1,-1,28,0.9375
2,logged_graph_minus_constrained,panel_3,2,1123005,greedy,0,0,0,2,0.0
2,logged_graph_minus_constrained,panel_3,2,1123006,greedy,0,-1,-1,29,0.8125
2,logged_graph_minus_constrained,panel_3,2,1123007,greedy,0,-1,0,6,-0.2451923076923077
2,logged_graph_minus_constrained,panel_3,2,1123008,greedy,0,0,0,0,-0.78125
2,logged_graph_minus_constrained,panel_3,2,1123009,greedy,0,0,1,-20,-0.8695652173913043
2,logged_graph_minus_constrained,panel_3,2,1123010,greedy,0,0,0,0,-0.15625
2,logged_graph_minus_constrained,panel_3,2,1123011,greedy,0,-1,-1,26,0.21875
2,logged_graph_minus_constrained,panel_3,2,1123012,greedy,0,-1,-1,25,0.9375
2,logged_graph_minus_constrained,panel_3,2,1123013,greedy,0,0,-1,21,0.5416666666666666
2,logged_graph_minus_constrained,panel_3,2,1123014,greedy,0,0,0,0,-0.59375
2,logged_graph_minus_constrained,panel_3,2,1123015,greedy,0,0,0,1,0.2
2,logged_graph_minus_constrained,panel_3,2,1123016,greedy,0,-1,-1,28,0.75
2,logged_graph_minus_constrained,panel_3,2,1123017,greedy,0,0,1,-15,0.25
2,logged_graph_minus_constrained,panel_3,2,1123018,greedy,0,0,0,0,-0.21875
2,logged_graph_minus_constrained,panel_3,2,1123019,greedy,0,1,0,-27,-0.19999999999999996
2,logged_graph_minus_constrained,panel_3,2,1123020,greedy,0,-1,0,19,0.15384615384615385
2,logged_graph_minus_constrained,panel_3,2,1123021,greedy,0,0,0,-1,-0.009803921568627527
2,logged_graph_minus_constrained,panel_3,2,1123022,greedy,0,0,0,0,-0.25
2,logged_graph_minus_constrained,panel_3,2,1123023,greedy,0,0,0,0,0.0
2,logged_graph_minus_constrained,panel_3,2,1123024,greedy,0,-1,-1,29,0.6041666666666667
2,logged_graph_minus_constrained,panel_3,2,1123025,greedy,0,-1,-1,24,0.40625
2,logged_graph_minus_constrained,panel_3,2,1123026,greedy,0,-1,0,12,-0.03749999999999998
2,logged_graph_minus_constrained,panel_3,2,1123027,greedy,0,0,0,0,0.0
2,logged_graph_minus_constrained,panel_3,2,1123028,greedy,0,0,0,0,-0.0625
2,logged_graph_minus_constrained,panel_3,2,1123029,greedy,0,-1,-1,29,0.9375
2,logged_graph_minus_constrained,panel_3,2,1123030,greedy,0,0,0,0,0.375
2,logged_graph_minus_constrained,panel_3,2,1123031,greedy,0,1,0,-7,-0.16874999999999996
2,logged_graph_minus_constrained,panel_3,2,1123032,greedy,0,0,-1,5,0.5555555555555556
2,logged_graph_minus_constrained,panel_3,2,1123033,greedy,0,0,0,0,0.0
2,logged_graph_minus_constrained,panel_3,2,1123034,greedy,0,0,-1,30,0.9375
2,logged_graph_minus_constrained,panel_3,2,1123035,greedy,0,0,0,0,-0.25
2,logged_graph_minus_constrained,panel_3,2,1123036,greedy,0,-1,-1,29,0.9375
2,logged_graph_minus_constrained,panel_3,2,1123037,greedy,0,0,0,0,-0.4375
2,logged_graph_minus_constrained,panel_3,2,1123038,greedy,0,0,0,0,0.0
2,logged_graph_minus_constrained,panel_3,2,1123039,greedy,0,-1,-1,29,0.75
2,logged_graph_minus_constrained,panel_3,2,1123040,greedy,0,0,-1,12,0.46153846153846156
2,logged_graph_minus_constrained,panel_3,2,1123041,greedy,0,1,0,-4,-0.2142857142857143
2,logged_graph_minus_constrained,panel_3,2,1123042,greedy,0,0,0,0,-0.03125
2,logged_graph_minus_constrained,panel_3,2,1123043,greedy,0,-1,0,18,0.16517857142857145
2,logged_graph_minus_constrained,panel_3,2,1123044,greedy,0,-1,-1,25,0.44642857142857145
2,logged_graph_minus_constrained,panel_3,2,1123045,greedy,0,-1,-1,30,0.6875
2,logged_graph_minus_constrained,panel_3,2,1123046,greedy,0,-1,-1,30,0.875
2,logged_graph_minus_constrained,panel_3,2,1123047,greedy,0,0,0,0,0.0
2,logged_graph_minus_constrained,panel_3,2,1123048,greedy,0,-1,-1,28,0.96875
2,logged_graph_minus_constrained,panel_3,2,1123049,greedy,0,0,0,10,0.09615384615384615
2,logged_graph_minus_constrained,panel_3,2,1123050,greedy,0,-1,-1,29,0.6875
2,logged_graph_minus_constrained,panel_3,2,1123051,greedy,0,0,-1,17,0.2777777777777778
2,logged_graph_minus_constrained,panel_3,2,1123052,greedy,0,-1,-1,23,0.3055555555555556
2,logged_graph_minus_constrained,panel_3,2,1123053,greedy,0,0,0,0,0.0
2,logged_graph_minus_constrained,panel_3,2,1123054,greedy,0,0,-1,14,0.625
2,logged_graph_minus_constrained,panel_3,2,1123055,greedy,0,0,0,0,0.09375
2,logged_graph_minus_constrained,panel_3,2,1123056,greedy,0,-1,0,16,0.5
2,logged_graph_minus_constrained,panel_3,2,1123057,greedy,0,-1,-1,30,0.78125
2,logged_graph_minus_constrained,panel_3,2,1123058,greedy,0,-1,0,13,0.1266447368421053
2,logged_graph_minus_constrained,panel_3,2,1123059,greedy,0,0,0,0,0.0
2,logged_graph_minus_constrained,panel_3,2,1123060,greedy,0,0,0,0,-0.03125
2,logged_graph_minus_constrained,panel_3,2,1123061,greedy,0,-1,-1,30,0.96875
2,logged_graph_minus_constrained,panel_3,2,1123062,greedy,0,0,0,1,0.5
2,logged_graph_minus_constrained,panel_3,2,1123063,greedy,0,-1,0,25,0.2723214285714286
2,logged_graph_minus_constrained,panel_4,0,1124000,greedy,0,-1,0,11,0.09672619047619047
2,logged_graph_minus_constrained,panel_4,0,1124001,greedy,0,0,0,0,-0.40625
2,logged_graph_minus_constrained,panel_4,0,1124002,greedy,0,0,0,0,0.0
2,logged_graph_minus_constrained,panel_4,0,1124004,greedy,0,1,1,-21,-0.6051136363636364
2,logged_graph_minus_constrained,panel_4,0,1124006,greedy,0,-1,-1,30,1.0
2,logged_graph_minus_constrained,panel_4,0,1124007,greedy,0,0,0,0,-0.40625
2,logged_graph_minus_constrained,panel_4,0,1124008,greedy,0,-1,-1,30,1.0
2,logged_graph_minus_constrained,panel_4,0,1124009,greedy,0,0,-1,12,0.9230769230769231
2,logged_graph_minus_constrained,panel_4,0,1124010,greedy,0,0,-1,6,0.0
2,logged_graph_minus_constrained,panel_4,0,1124011,greedy,0,-1,-1,29,0.84375
2,logged_graph_minus_constrained,panel_4,0,1124012,greedy,0,0,0,0,0.0
2,logged_graph_minus_constrained,panel_4,0,1124013,greedy,0,0,0,-8,0.6666666666666666
2,logged_graph_minus_constrained,panel_4,0,1124014,greedy,0,0,-1,7,0.7777777777777778
2,logged_graph_minus_constrained,panel_4,0,1124015,greedy,0,-1,0,17,0.38125
2,logged_graph_minus_constrained,panel_4,0,1124016,greedy,0,0,0,0,0.0
2,logged_graph_minus_constrained,panel_4,0,1124017,greedy,0,0,0,0,-0.09375
2,logged_graph_minus_constrained,panel_4,0,1124019,greedy,0,0,0,12,0.5396825396825397
2,logged_graph_minus_constrained,panel_4,0,1124020,greedy,0,-1,0,12,0.09375
2,logged_graph_minus_constrained,panel_4,0,1124021,greedy,0,-1,-1,29,0.625
2,logged_graph_minus_constrained,panel_4,0,1124023,greedy,0,0,0,-15,-0.8095238095238095
2,logged_graph_minus_constrained,panel_4,0,1124024,greedy,0,0,-1,23,0.76
2,logged_graph_minus_constrained,panel_4,0,1124025,greedy,0,0,-1,11,0.7333333333333333
2,logged_graph_minus_constrained,panel_4,0,1124026,greedy,0,0,-1,2,0.0
2,logged_graph_minus_constrained,panel_4,0,1124027,greedy,0,0,-1,12,0.0
2,logged_graph_minus_constrained,panel_4,0,1124028,greedy,0,0,0,0,0.0
2,logged_graph_minus_constrained,panel_4,0,1124029,greedy,0,-1,-1,27,0.9375
2,logged_graph_minus_constrained,panel_4,0,1124030,greedy,0,-1,-1,29,0.71875
2,logged_graph_minus_constrained,panel_4,0,1124031,greedy,0,0,0,0,-0.4375
2,logged_graph_minus_constrained,panel_4,0,1124032,greedy,0,0,-1,3,0.75
2,logged_graph_minus_constrained,panel_4,0,1124033,greedy,0,0,-1,13,0.9285714285714286
2,logged_graph_minus_constrained,panel_4,0,1124034,greedy,0,0,-1,5,0.375
2,logged_graph_minus_constrained,panel_4,0,1124035,greedy,0,-1,0,14,0.2152777777777778
2,logged_graph_minus_constrained,panel_4,0,1124036,greedy,0,-1,-1,30,0.96875
2,logged_graph_minus_constrained,panel_4,0,1124037,greedy,0,-1,0,22,0.30000000000000004
2,logged_graph_minus_constrained,panel_4,0,1124038,greedy,0,0,0,0,0.0
2,logged_graph_minus_constrained,panel_4,0,1124040,greedy,0,0,0,0,-0.1875
2,logged_graph_minus_constrained,panel_4,0,1124041,greedy,0,1,1,-27,-0.5625
2,logged_graph_minus_constrained,panel_4,0,1124042,greedy,0,0,0,0,0.40625
2,logged_graph_minus_constrained,panel_4,0,1124043,greedy,0,0,-1,22,0.8
2,logged_graph_minus_constrained,panel_4,0,1124044,greedy,0,1,1,-28,-0.96875
2,logged_graph_minus_constrained,panel_4,0,1124045,greedy,0,0,1,-4,-0.2857142857142857
2,logged_graph_minus_constrained,panel_4,0,1124046,greedy,0,0,0,0,0.09375
2,logged_graph_minus_constrained,panel_4,0,1124047,greedy,0,0,0,0,0.0
2,logged_graph_minus_constrained,panel_4,0,1124048,greedy,0,-1,-1,28,0.21875
2,logged_graph_minus_constrained,panel_4,0,1124049,greedy,0,0,0,0,0.0
2,logged_graph_minus_constrained,panel_4,0,1124050,greedy,0,-1,0,11,0.19047619047619047
2,logged_graph_minus_constrained,panel_4,0,1124051,greedy,0,1,0,-3,-0.6616379310344828
2,logged_graph_minus_constrained,panel_4,0,1124052,greedy,0,0,0,0,-0.03125
2,logged_graph_minus_constrained,panel_4,0,1124053,greedy,0,0,0,0,0.03125
2,logged_graph_minus_constrained,panel_4,0,1124054,greedy,0,-1,-1,29,0.25
2,logged_graph_minus_constrained,panel_4,0,1124055,greedy,0,0,0,0,0.0
2,logged_graph_minus_constrained,panel_4,0,1124057,greedy,0,0,-1,9,0.6923076923076923
2,logged_graph_minus_constrained,panel_4,0,1124058,greedy,0,-1,-1,24,0.59375
2,logged_graph_minus_constrained,panel_4,0,1124059,greedy,0,0,-1,19,0.8260869565217391
2,logged_graph_minus_constrained,panel_4,0,1124060,greedy,0,0,0,0,0.0
2,logged_graph_minus_constrained,panel_4,0,1124061,greedy,0,0,-1,13,0.8125
2,logged_graph_minus_constrained,panel_4,0,1124062,greedy,0,0,0,0,0.625
2,logged_graph_minus_constrained,panel_4,0,1124063,greedy,0,0,0,0,-0.03125
2,logged_graph_minus_constrained,panel_4,0,1124064,greedy,0,1,0,-21,-0.8125
2,logged_graph_minus_constrained,panel_4,0,1124065,greedy,0,-1,-1,26,0.78125
2,logged_graph_minus_constrained,panel_4,0,1124066,greedy,0,-1,0,18,0.6473214285714286
2,logged_graph_minus_constrained,panel_4,0,1124067,greedy,0,-1,-1,29,0.5625
2,logged_graph_minus_constrained,panel_4,0,1124068,greedy,0,0,-1,25,0.7307692307692307
2,logged_graph_minus_constrained,panel_4,0,1124069,greedy,0,0,0,0,0.0
2,logged_graph_minus_constrained,panel_4,1,1124000,greedy,0,-1,-1,28,0.5625
2,logged_graph_minus_constrained,panel_4,1,1124001,greedy,0,-1,-1,29,0.625
2,logged_graph_minus_constrained,panel_4,1,1124002,greedy,0,1,0,-10,-0.05965909090909094
2,logged_graph_minus_constrained,panel_4,1,1124004,greedy,0,0,1,-15,-0.324074074074074
2,logged_graph_minus_constrained,panel_4,1,1124006,greedy,0,-1,0,4,-0.2410714285714286
2,logged_graph_minus_constrained,panel_4,1,1124007,greedy,0,0,0,0,0.0
2,logged_graph_minus_constrained,panel_4,1,1124008,greedy,0,-1,-1,30,0.59375
2,logged_graph_minus_constrained,panel_4,1,1124009,greedy,0,0,0,-6,-0.06593406593406603
2,logged_graph_minus_constrained,panel_4,1,1124010,greedy,0,0,0,0,0.0
2,logged_graph_minus_constrained,panel_4,1,1124011,greedy,0,0,1,-27,-0.7
2,logged_graph_minus_constrained,panel_4,1,1124012,greedy,0,0,-1,21,0.42000000000000004
2,logged_graph_minus_constrained,panel_4,1,1124013,greedy,0,-1,-1,30,0.90625
2,logged_graph_minus_constrained,panel_4,1,1124014,greedy,0,0,0,22,0.26666666666666666
2,logged_graph_minus_constrained,panel_4,1,1124015,greedy,0,-1,-1,29,0.875
2,logged_graph_minus_constrained,panel_4,1,1124016,greedy,0,-1,-1,31,0.96875
2,logged_graph_minus_constrained,panel_4,1,1124017,greedy,0,1,0,-8,-0.10416666666666663
2,logged_graph_minus_constrained,panel_4,1,1124019,greedy,0,0,0,0,0.5625
2,logged_graph_minus_constrained,panel_4,1,1124020,greedy,0,0,-1,7,0.2727272727272727
2,logged_graph_minus_constrained,panel_4,1,1124021,greedy,0,-1,0,23,0.9375
2,logged_graph_minus_constrained,panel_4,1,1124023,greedy,0,0,0,0,0.0
2,logged_graph_minus_constrained,panel_4,1,1124024,greedy,0,0,0,16,0.9285714285714286
2,logged_graph_minus_constrained,panel_4,1,1124025,greedy,0,0,0,0,0.0
2,logged_graph_minus_constrained,panel_4,1,1124026,greedy,0,-1,-1,31,0.53125
2,logged_graph_minus_constrained,panel_4,1,1124027,greedy,0,-1,-1,28,0.6875
2,logged_graph_minus_constrained,panel_4,1,1124028,greedy,0,0,0,0,0.0
2,logged_graph_minus_constrained,panel_4,1,1124029,greedy,0,0,0,0,0.0
2,logged_graph_minus_constrained,panel_4,1,1124030,greedy,0,-1,-1,29,0.40625
2,logged_graph_minus_constrained,panel_4,1,1124031,greedy,0,0,0,0,-0.09375
2,logged_graph_minus_constrained,panel_4,1,1124032,greedy,0,-1,-1,31,0.96875
2,logged_graph_minus_constrained,panel_4,1,1124033,greedy,0,0,-1,26,0.9629629629629629
2,logged_graph_minus_constrained,panel_4,1,1124034,greedy,0,-1,-1,29,0.875
2,logged_graph_minus_constrained,panel_4,1,1124035,greedy,0,0,0,0,0.0
2,logged_graph_minus_constrained,panel_4,1,1124036,greedy,0,-1,0,25,0.2232142857142857
2,logged_graph_minus_constrained,panel_4,1,1124037,greedy,0,0,1,-21,-0.875
2,logged_graph_minus_constrained,panel_4,1,1124038,greedy,0,-1,-1,30,0.71875
2,logged_graph_minus_constrained,panel_4,1,1124040,greedy,0,0,0,0,-0.53125
2,logged_graph_minus_constrained,panel_4,1,1124041,greedy,0,-1,-1,27,0.96875
2,logged_graph_minus_constrained,panel_4,1,1124042,greedy,0,0,0,0,-0.9375
2,logged_graph_minus_constrained,panel_4,1,1124043,greedy,0,-1,-1,26,-0.25
2,logged_graph_minus_constrained,panel_4,1,1124044,greedy,0,1,0,-5,-0.7835648148148149
2,logged_graph_minus_constrained,panel_4,1,1124045,greedy,0,0,0,0,0.0
2,logged_graph_minus_constrained,panel_4,1,1124046,greedy,0,0,-1,24,0.3448275862068966
2,logged_graph_minus_constrained,panel_4,1,1124047,greedy,0,0,0,0,0.0
2,logged_graph_minus_constrained,panel_4,1,1124048,greedy,0,0,0,-22,-0.5238095238095237
2,logged_graph_minus_constrained,panel_4,1,1124049,greedy,0,-1,-1,29,0.9375
2,logged_graph_minus_constrained,panel_4,1,1124050,greedy,0,0,0,0,0.0
2,logged_graph_minus_constrained,panel_4,1,1124051,greedy,0,-1,0,19,0.16826923076923073
2,logged_graph_minus_constrained,panel_4,1,1124052,greedy,0,0,0,0,-0.03125
2,logged_graph_minus_constrained,panel_4,1,1124053,greedy,0,0,0,0,-0.03125
2,logged_graph_minus_constrained,panel_4,1,1124054,greedy,0,0,0,0,0.0
2,logged_graph_minus_constrained,panel_4,1,1124055,greedy,0,-1,-1,31,1.0
2,logged_graph_minus_constrained,panel_4,1,1124057,greedy,0,-1,-1,27,0.55
2,logged_graph_minus_constrained,panel_4,1,1124058,greedy,0,-1,-1,27,0.78125
2,logged_graph_minus_constrained,panel_4,1,1124059,greedy,0,1,0,-9,0.8260869565217391
2,logged_graph_minus_constrained,panel_4,1,1124060,greedy,0,1,1,-26,-0.6041666666666667
2,logged_graph_minus_constrained,panel_4,1,1124061,greedy,0,0,0,0,0.0
2,logged_graph_minus_constrained,panel_4,1,1124062,greedy,0,0,0,0,-0.1875
2,logged_graph_minus_constrained,panel_4,1,1124063,greedy,0,0,-1,14,0.46666666666666673
2,logged_graph_minus_constrained,panel_4,1,1124064,greedy,0,-1,-1,29,0.46875
2,logged_graph_minus_constrained,panel_4,1,1124065,greedy,0,0,-1,15,0.6521739130434783
2,logged_graph_minus_constrained,panel_4,1,1124066,greedy,0,-1,0,8,-0.41666666666666663
2,logged_graph_minus_constrained,panel_4,1,1124067,greedy,0,-1,-1,29,0.875
2,logged_graph_minus_constrained,panel_4,1,1124068,greedy,0,-1,-1,31,0.75
2,logged_graph_minus_constrained,panel_4,1,1124069,greedy,0,0,-1,17,0.8947368421052632
2,logged_graph_minus_constrained,panel_4,2,1124000,greedy,0,-1,-1,30,0.875
2,logged_graph_minus_constrained,panel_4,2,1124001,greedy,0,0,0,0,-0.09375
2,logged_graph_minus_constrained,panel_4,2,1124002,greedy,0,0,0,0,0.34375
2,logged_graph_minus_constrained,panel_4,2,1124004,greedy,0,0,-1,19,0.6538461538461539
2,logged_graph_minus_constrained,panel_4,2,1124006,greedy,0,0,0,0,0.0
2,logged_graph_minus_constrained,panel_4,2,1124007,greedy,0,-1,-1,30,0.65625
2,logged_graph_minus_constrained,panel_4,2,1124008,greedy,0,-1,-1,30,0.875
2,logged_graph_minus_constrained,panel_4,2,1124009,greedy,0,0,-1,9,0.3
2,logged_graph_minus_constrained,panel_4,2,1124010,greedy,0,0,-1,16,0.0
2,logged_graph_minus_constrained,panel_4,2,1124011,greedy,0,-1,-1,29,0.84375
2,logged_graph_minus_constrained,panel_4,2,1124012,greedy,0,-1,-1,30,0.84375
2,logged_graph_minus_constrained,panel_4,2,1124013,greedy,0,0,-1,13,0.7333333333333333
2,logged_graph_minus_constrained,panel_4,2,1124014,greedy,0,0,0,0,0.75
2,logged_graph_minus_constrained,panel_4,2,1124015,greedy,0,-1,0,22,-0.175
2,logged_graph_minus_constrained,panel_4,2,1124016,greedy,0,0,1,-10,-0.7272727272727273
2,logged_graph_minus_constrained,panel_4,2,1124017,greedy,0,0,0,0,0.0
2,logged_graph_minus_constrained,panel_4,2,1124019,greedy,0,-1,-1,29,0.5
2,logged_graph_minus_constrained,panel_4,2,1124020,greedy,0,0,-1,21,0.84
2,logged_graph_minus_constrained,panel_4,2,1124021,greedy,0,-1,-1,29,0.875
2,logged_graph_minus_constrained,panel_4,2,1124023,greedy,0,0,-1,12,0.8571428571428571
2,logged_graph_minus_constrained,panel_4,2,1124024,greedy,0,-1,-1,30,0.59375
2,logged_graph_minus_constrained,panel_4,2,1124025,greedy,0,0,-1,15,0.6842105263157895
2,logged_graph_minus_constrained,panel_4,2,1124026,greedy,0,0,0,0,0.0
2,logged_graph_minus_constrained,panel_4,2,1124027,greedy,0,-1,0,18,0.6875
2,logged_graph_minus_constrained,panel_4,2,1124028,greedy,0,0,0,0,0.0
2,logged_graph_minus_constrained,panel_4,2,1124029,greedy,0,-1,0,21,0.4545454545454546
2,logged_graph_minus_constrained,panel_4,2,1124030,greedy,0,0,0,0,-0.0625
2,logged_graph_minus_constrained,panel_4,2,1124031,greedy,0,0,0,0,-0.0625
2,logged_graph_minus_constrained,panel_4,2,1124032,greedy,0,1,1,-31,-1.0
2,logged_graph_minus_constrained,panel_4,2,1124033,greedy,0,0,1,-3,-0.75
2,logged_graph_minus_constrained,panel_4,2,1124034,greedy,0,-1,-1,29,0.34375
2,logged_graph_minus_constrained,panel_4,2,1124035,greedy,0,0,0,0,-0.65625
2,logged_graph_minus_constrained,panel_4,2,1124036,greedy,0,0,-1,5,0.42857142857142855
2,logged_graph_minus_constrained,panel_4,2,1124037,greedy,0,1,0,-21,-0.08522727272727271
2,logged_graph_minus_constrained,panel_4,2,1124038,greedy,0,-1,-1,30,0.96875
2,logged_graph_minus_constrained,panel_4,2,1124040,greedy,0,0,0,0,-0.90625
2,logged_graph_minus_constrained,panel_4,2,1124041,greedy,0,0,0,5,0.6875
2,logged_graph_minus_constrained,panel_4,2,1124042,greedy,0,0,0,0,0.1875
2,logged_graph_minus_constrained,panel_4,2,1124043,greedy,0,0,0,0,0.0
2,logged_graph_minus_constrained,panel_4,2,1124044,greedy,0,0,0,0,-0.09375
2,logged_graph_minus_constrained,panel_4,2,1124045,greedy,0,-1,-1,29,0.46875
2,logged_graph_minus_constrained,panel_4,2,1124046,greedy,0,0,0,0,0.15625
2,logged_graph_minus_constrained,panel_4,2,1124047,greedy,0,0,0,0,0.0
2,logged_graph_minus_constrained,panel_4,2,1124048,greedy,0,-1,-1,30,0.0
2,logged_graph_minus_constrained,panel_4,2,1124049,greedy,0,-1,-1,29,0.9375
2,logged_graph_minus_constrained,panel_4,2,1124050,greedy,0,-1,-1,28,0.875
2,logged_graph_minus_constrained,panel_4,2,1124051,greedy,0,-1,-1,29,0.90625
2,logged_graph_minus_constrained,panel_4,2,1124052,greedy,0,0,0,0,0.15625
2,logged_graph_minus_constrained,panel_4,2,1124053,greedy,0,0,0,6,0.1071428571428571
2,logged_graph_minus_constrained,panel_4,2,1124054,greedy,0,0,-1,18,0.47619047619047616
2,logged_graph_minus_constrained,panel_4,2,1124055,greedy,0,-1,-1,31,1.0
2,logged_graph_minus_constrained,panel_4,2,1124057,greedy,0,-1,-1,28,0.90625
2,logged_graph_minus_constrained,panel_4,2,1124058,greedy,0,-1,-1,27,0.96875
2,logged_graph_minus_constrained,panel_4,2,1124059,greedy,0,0,1,-22,-0.7692307692307693
2,logged_graph_minus_constrained,panel_4,2,1124060,greedy,0,0,0,0,-0.71875
2,logged_graph_minus_constrained,panel_4,2,1124061,greedy,0,0,0,-3,-0.043269230769230727
2,logged_graph_minus_constrained,panel_4,2,1124062,greedy,0,0,0,0,-0.1875
2,logged_graph_minus_constrained,panel_4,2,1124063,greedy,0,-1,-1,24,0.3125
2,logged_graph_minus_constrained,panel_4,2,1124064,greedy,0,-1,-1,29,0.75
2,logged_graph_minus_constrained,panel_4,2,1124065,greedy,0,-1,-1,26,0.96875
2,logged_graph_minus_constrained,panel_4,2,1124066,greedy,0,1,1,-26,-0.4375
2,logged_graph_minus_constrained,panel_4,2,1124067,greedy,0,0,-1,24,0.5185185185185185
2,logged_graph_minus_constrained,panel_4,2,1124068,greedy,0,0,0,0,0.0
2,logged_graph_minus_constrained,panel_4,2,1124069,greedy,0,0,0,0,0.0
2,logged_graph_minus_constrained,panel_5,0,1125000,greedy,0,0,0,0,0.0
2,logged_graph_minus_constrained,panel_5,0,1125001,greedy,0,-1,-1,31,1.0
2,logged_graph_minus_constrained,panel_5,0,1125002,greedy,0,-1,-1,29,0.78125
2,logged_graph_minus_constrained,panel_5,0,1125003,greedy,0,-1,0,21,0.02840909090909094
2,logged_graph_minus_constrained,panel_5,0,1125004,greedy,0,0,0,15,-0.7
2,logged_graph_minus_constrained,panel_5,0,1125005,greedy,0,-1,-1,27,0.625
2,logged_graph_minus_constrained,panel_5,0,1125006,greedy,0,0,0,0,0.0
2,logged_graph_minus_constrained,panel_5,0,1125007,greedy,0,-1,-1,29,1.0
2,logged_graph_minus_constrained,panel_5,0,1125008,greedy,0,-1,0,22,-0.36250000000000004
2,logged_graph_minus_constrained,panel_5,0,1125009,greedy,0,-1,0,0,-0.0625
2,logged_graph_minus_constrained,panel_5,0,1125010,greedy,0,-1,0,21,-0.44034090909090906
2,logged_graph_minus_constrained,panel_5,0,1125011,greedy,0,0,1,-10,-0.8333333333333334
2,logged_graph_minus_constrained,panel_5,0,1125012,greedy,0,0,0,0,-0.25
2,logged_graph_minus_constrained,panel_5,0,1125013,greedy,0,0,0,0,-0.125
2,logged_graph_minus_constrained,panel_5,0,1125014,greedy,0,-1,0,10,0.09090909090909094
2,logged_graph_minus_constrained,panel_5,0,1125015,greedy,0,0,0,0,0.0
2,logged_graph_minus_constrained,panel_5,0,1125016,greedy,0,-1,0,5,0.07754629629629628
2,logged_graph_minus_constrained,panel_5,0,1125017,greedy,0,0,0,0,0.03125
2,logged_graph_minus_constrained,panel_5,0,1125018,greedy,0,0,1,-12,-0.7777777777777778
2,logged_graph_minus_constrained,panel_5,0,1125019,greedy,0,-1,-1,29,0.4375
2,logged_graph_minus_constrained,panel_5,0,1125020,greedy,0,-1,0,18,0.2544642857142857
2,logged_graph_minus_constrained,panel_5,0,1125021,greedy,0,-1,-1,28,0.75
2,logged_graph_minus_constrained,panel_5,0,1125022,greedy,0,0,0,-2,-0.3333333333333333
2,logged_graph_minus_constrained,panel_5,0,1125023,greedy,0,0,0,11,0.18181818181818188
2,logged_graph_minus_constrained,panel_5,0,1125024,greedy,0,0,1,-8,-0.8888888888888888
2,logged_graph_minus_constrained,panel_5,0,1125025,greedy,0,-1,-1,28,0.875
2,logged_graph_minus_constrained,panel_5,0,1125026,greedy,0,-1,0,25,1.0
2,logged_graph_minus_constrained,panel_5,0,1125027,greedy,0,0,0,0,-0.40625
2,logged_graph_minus_constrained,panel_5,0,1125028,greedy,0,0,0,-1,-0.1923076923076923
2,logged_graph_minus_constrained,panel_5,0,1125029,greedy,0,-1,-1,31,0.84375
2,logged_graph_minus_constrained,panel_5,0,1125030,greedy,0,0,-1,18,0.6363636363636364
2,logged_graph_minus_constrained,panel_5,0,1125031,greedy,0,-1,-1,31,1.0
2,logged_graph_minus_constrained,panel_5,0,1125032,greedy,0,-1,0,20,0.875
2,logged_graph_minus_constrained,panel_5,0,1125033,greedy,0,1,0,0,-0.34375
2,logged_graph_minus_constrained,panel_5,0,1125034,greedy,0,0,0,0,-0.25
2,logged_graph_minus_constrained,panel_5,0,1125035,greedy,0,0,0,0,0.0
2,logged_graph_minus_constrained,panel_5,0,1125036,greedy,0,0,0,0,0.0
2,logged_graph_minus_constrained,panel_5,0,1125037,greedy,0,0,1,-5,-0.625
2,logged_graph_minus_constrained,panel_5,0,1125038,greedy,0,0,0,5,-0.4276094276094276
2,logged_graph_minus_constrained,panel_5,0,1125039,greedy,0,0,0,0,-0.15625
2,logged_graph_minus_constrained,panel_5,0,1125040,greedy,0,-1,-1,29,0.15625
2,logged_graph_minus_constrained,panel_5,0,1125041,greedy,0,0,0,7,0.71
2,logged_graph_minus_constrained,panel_5,0,1125042,greedy,0,0,0,-6,-0.3555555555555556
2,logged_graph_minus_constrained,panel_5,0,1125043,greedy,0,0,-1,16,0.35294117647058826
2,logged_graph_minus_constrained,panel_5,0,1125044,greedy,0,1,0,-9,0.15760869565217395
2,logged_graph_minus_constrained,panel_5,0,1125045,greedy,0,-1,-1,26,0.96875
2,logged_graph_minus_constrained,panel_5,0,1125046,greedy,0,0,0,0,-0.625
2,logged_graph_minus_constrained,panel_5,0,1125047,greedy,0,-1,0,17,0.17708333333333337
2,logged_graph_minus_constrained,panel_5,0,1125048,greedy,0,0,0,0,0.0
2,logged_graph_minus_constrained,panel_5,0,1125049,greedy,0,1,0,-12,-0.5
2,logged_graph_minus_constrained,panel_5,0,1125050,greedy,0,0,0,0,0.0
2,logged_graph_minus_constrained,panel_5,0,1125051,greedy,0,0,0,0,0.0625
2,logged_graph_minus_constrained,panel_5,0,1125052,greedy,0,-1,-1,27,0.9375
2,logged_graph_minus_constrained,panel_5,0,1125053,greedy,0,1,0,0,-0.34375
2,logged_graph_minus_constrained,panel_5,0,1125054,greedy,0,0,0,0,0.1875
2,logged_graph_minus_constrained,panel_5,0,1125055,greedy,0,0,-1,26,0.896551724137931
2,logged_graph_minus_constrained,panel_5,0,1125056,greedy,0,0,-1,26,0.8387096774193549
2,logged_graph_minus_constrained,panel_5,0,1125057,greedy,0,0,-1,20,0.7272727272727273
2,logged_graph_minus_constrained,panel_5,0,1125058,greedy,0,0,-1,9,0.8181818181818182
2,logged_graph_minus_constrained,panel_5,0,1125059,greedy,0,1,0,-6,-0.09134615384615385
2,logged_graph_minus_constrained,panel_5,0,1125060,greedy,0,-1,0,14,0.06597222222222221
2,logged_graph_minus_constrained,panel_5,0,1125061,greedy,0,0,-1,23,0.8846153846153846
2,logged_graph_minus_constrained,panel_5,0,1125062,greedy,0,0,1,-6,-0.36363636363636365
2,logged_graph_minus_constrained,panel_5,0,1125063,greedy,0,0,-1,27,0.7
2,logged_graph_minus_constrained,panel_5,1,1125000,greedy,0,-1,-1,29,0.78125
2,logged_graph_minus_constrained,panel_5,1,1125001,greedy,0,0,-1,26,0.9629629629629629
2,logged_graph_minus_constrained,panel_5,1,1125002,greedy,0,1,0,-7,0.34875
2,logged_graph_minus_constrained,panel_5,1,1125003,greedy,0,0,0,0,0.0
2,logged_graph_minus_constrained,panel_5,1,1125004,greedy,0,0,0,0,-0.125
2,logged_graph_minus_constrained,panel_5,1,1125005,greedy,0,-1,-1,27,0.875
2,logged_graph_minus_constrained,panel_5,1,1125006,greedy,0,0,0,0,0.0
2,logged_graph_minus_constrained,panel_5,1,1125007,greedy,0,1,0,-14,0.36111111111111116
2,logged_graph_minus_constrained,panel_5,1,1125008,greedy,0,0,1,-16,-0.8888888888888888
2,logged_graph_minus_constrained,panel_5,1,1125009,greedy,0,1,1,-30,-0.21875
2,logged_graph_minus_constrained,panel_5,1,1125010,greedy,0,-1,-1,31,0.9375
2,logged_graph_minus_constrained,panel_5,1,1125011,greedy,0,0,-1,14,0.0
2,logged_graph_minus_constrained,panel_5,1,1125012,greedy,0,0,0,0,-0.03125
2,logged_graph_minus_constrained,panel_5,1,1125013,greedy,0,0,0,0,-0.25
2,logged_graph_minus_constrained,panel_5,1,1125014,greedy,0,0,0,0,0.0
2,logged_graph_minus_constrained,panel_5,1,1125015,greedy,0,0,0,0,-0.125
2,logged_graph_minus_constrained,panel_5,1,1125016,greedy,0,0,0,-4,-0.4
2,logged_graph_minus_constrained,panel_5,1,1125017,greedy,0,0,0,0,0.0
2,logged_graph_minus_constrained,panel_5,1,1125018,greedy,0,-1,-1,28,0.5625
2,logged_graph_minus_constrained,panel_5,1,1125019,greedy,0,0,0,0,0.0
2,logged_graph_minus_constrained,panel_5,1,1125020,greedy,0,-1,0,6,-0.09615384615384615
2,logged_graph_minus_constrained,panel_5,1,1125021,greedy,0,-1,-1,28,0.0
2,logged_graph_minus_constrained,panel_5,1,1125022,greedy,0,-1,0,4,0.017857142857142905
2,logged_graph_minus_constrained,panel_5,1,1125023,greedy,0,0,-1,12,0.75
2,logged_graph_minus_constrained,panel_5,1,1125024,greedy,0,-1,-1,31,0.96875
2,logged_graph_minus_constrained,panel_5,1,1125025,greedy,0,0,1,-17,-0.8095238095238095
2,logged_graph_minus_constrained,panel_5,1,1125026,greedy,0,-1,-1,31,1.0
2,logged_graph_minus_constrained,panel_5,1,1125027,greedy,0,0,0,0,-0.125
2,logged_graph_minus_constrained,panel_5,1,1125028,greedy,0,0,0,-2,0.14102564102564108
2,logged_graph_minus_constrained,panel_5,1,1125029,greedy,0,0,0,0,0.0
2,logged_graph_minus_constrained,panel_5,1,1125030,greedy,0,0,1,-6,-0.6
2,logged_graph_minus_constrained,panel_5,1,1125031,greedy,0,-1,-1,31,1.0
2,logged_graph_minus_constrained,panel_5,1,1125032,greedy,0,0,0,0,0.0
2,logged_graph_minus_constrained,panel_5,1,1125033,greedy,0,0,-1,7,0.7777777777777778
2,logged_graph_minus_constrained,panel_5,1,1125034,greedy,0,-1,0,22,-0.54375
2,logged_graph_minus_constrained,panel_5,1,1125035,greedy,0,-1,-1,27,0.5625
2,logged_graph_minus_constrained,panel_5,1,1125036,greedy,0,0,0,0,0.125
2,logged_graph_minus_constrained,panel_5,1,1125037,greedy,0,-1,0,20,0.15625
2,logged_graph_minus_constrained,panel_5,1,1125038,greedy,0,0,0,0,0.0
2,logged_graph_minus_constrained,panel_5,1,1125039,greedy,0,0,0,0,-0.0625
2,logged_graph_minus_constrained,panel_5,1,1125040,greedy,0,-1,-1,29,0.96875
2,logged_graph_minus_constrained,panel_5,1,1125041,greedy,0,0,0,2,0.0
2,logged_graph_minus_constrained,panel_5,1,1125042,greedy,0,0,0,0,0.0
2,logged_graph_minus_constrained,panel_5,1,1125043,greedy,0,0,0,0,0.0
2,logged_graph_minus_constrained,panel_5,1,1125044,greedy,0,1,0,-5,-0.09143518518518523
2,logged_graph_minus_constrained,panel_5,1,1125045,greedy,0,1,0,-6,0.4567307692307693
2,logged_graph_minus_constrained,panel_5,1,1125046,greedy,0,0,0,0,-0.21875
2,logged_graph_minus_constrained,panel_5,1,1125047,greedy,0,0,0,0,0.5
2,logged_graph_minus_constrained,panel_5,1,1125048,greedy,0,0,-1,19,0.95
2,logged_graph_minus_constrained,panel_5,1,1125049,greedy,0,-1,0,9,0.22961956521739135
2,logged_graph_minus_constrained,panel_5,1,1125050,greedy,0,0,0,2,0.0
2,logged_graph_minus_constrained,panel_5,1,1125051,greedy,0,1,1,-29,-0.6875
2,logged_graph_minus_constrained,panel_5,1,1125052,greedy,0,0,-1,18,0.0
2,logged_graph_minus_constrained,panel_5,1,1125053,greedy,0,-1,-1,28,0.9375
2,logged_graph_minus_constrained,panel_5,1,1125054,greedy,0,0,0,7,-0.4623188405797101
2,logged_graph_minus_constrained,panel_5,1,1125055,greedy,0,-1,0,16,0.125
2,logged_graph_minus_constrained,panel_5,1,1125056,greedy,0,0,0,0,0.0
2,logged_graph_minus_constrained,panel_5,1,1125057,greedy,0,0,0,0,0.0
2,logged_graph_minus_constrained,panel_5,1,1125058,greedy,0,0,0,0,0.0
2,logged_graph_minus_constrained,panel_5,1,1125059,greedy,0,-1,-1,28,0.9375
2,logged_graph_minus_constrained,panel_5,1,1125060,greedy,0,0,-1,19,-0.16666666666666669
2,logged_graph_minus_constrained,panel_5,1,1125061,greedy,0,-1,-1,29,0.78125
2,logged_graph_minus_constrained,panel_5,1,1125062,greedy,0,-1,0,17,0.1875
2,logged_graph_minus_constrained,panel_5,1,1125063,greedy,0,1,1,-28,-0.5625
2,logged_graph_minus_constrained,panel_5,2,1125000,greedy,0,0,-1,14,0.7058823529411765
2,logged_graph_minus_constrained,panel_5,2,1125001,greedy,0,-1,-1,31,1.0
2,logged_graph_minus_constrained,panel_5,2,1125002,greedy,0,0,0,0,0.0
2,logged_graph_minus_constrained,panel_5,2,1125003,greedy,0,0,0,5,-0.41346153846153844
2,logged_graph_minus_constrained,panel_5,2,1125004,greedy,0,-1,0,4,-0.3303571428571429
2,logged_graph_minus_constrained,panel_5,2,1125005,greedy,0,-1,0,7,0.10624999999999996
2,logged_graph_minus_constrained,panel_5,2,1125006,greedy,0,0,0,0,0.0
2,logged_graph_minus_constrained,panel_5,2,1125007,greedy,0,0,0,10,0.15000000000000002
2,logged_graph_minus_constrained,panel_5,2,1125008,greedy,0,-1,-1,30,0.9375
2,logged_graph_minus_constrained,panel_5,2,1125009,greedy,0,-1,0,22,0.6
2,logged_graph_minus_constrained,panel_5,2,1125010,greedy,0,0,0,0,-0.46875
2,logged_graph_minus_constrained,panel_5,2,1125011,greedy,0,0,-1,3,0.2
2,logged_graph_minus_constrained,panel_5,2,1125012,greedy,0,0,0,0,-0.0625
2,logged_graph_minus_constrained,panel_5,2,1125013,greedy,0,0,0,0,-0.28125
2,logged_graph_minus_constrained,panel_5,2,1125014,greedy,0,-1,0,27,0.24375000000000002
2,logged_graph_minus_constrained,panel_5,2,1125015,greedy,0,0,0,0,0.0
2,logged_graph_minus_constrained,panel_5,2,1125016,greedy,0,-1,-1,26,0.4375
2,logged_graph_minus_constrained,panel_5,2,1125017,greedy,0,0,0,0,0.03125
2,logged_graph_minus_constrained,panel_5,2,1125018,greedy,0,-1,-1,28,0.875
2,logged_graph_minus_constrained,panel_5,2,1125019,greedy,0,0,0,0,0.0
2,logged_graph_minus_constrained,panel_5,2,1125020,greedy,0,-1,0,8,0.13541666666666663
2,logged_graph_minus_constrained,panel_5,2,1125021,greedy,0,0,0,0,0.0
2,logged_graph_minus_constrained,panel_5,2,1125022,greedy,0,-1,-1,26,0.875
2,logged_graph_minus_constrained,panel_5,2,1125023,greedy,0,0,0,0,-0.5
2,logged_graph_minus_constrained,panel_5,2,1125024,greedy,0,0,-1,16,0.9411764705882353
2,logged_graph_minus_constrained,panel_5,2,1125025,greedy,0,-1,-1,28,0.8125
2,logged_graph_minus_constrained,panel_5,2,1125026,greedy,0,0,-1,31,0.96875
2,logged_graph_minus_constrained,panel_5,2,1125027,greedy,0,0,0,0,0.0
2,logged_graph_minus_constrained,panel_5,2,1125028,greedy,0,1,0,-2,-0.33333333333333337
2,logged_graph_minus_constrained,panel_5,2,1125029,greedy,0,0,-1,10,0.18181818181818182
2,logged_graph_minus_constrained,panel_5,2,1125030,greedy,0,-1,-1,28,0.03125
2,logged_graph_minus_constrained,panel_5,2,1125031,greedy,0,0,-1,29,0.9666666666666667
2,logged_graph_minus_constrained,panel_5,2,1125032,greedy,0,0,0,0,0.0
2,logged_graph_minus_constrained,panel_5,2,1125033,greedy,0,-1,-1,30,0.75
2,logged_graph_minus_constrained,panel_5,2,1125034,greedy,0,-1,0,11,-0.19940476190476186
2,logged_graph_minus_constrained,panel_5,2,1125035,greedy,0,-1,0,17,0.65625
2,logged_graph_minus_constrained,panel_5,2,1125036,greedy,0,0,0,0,0.0
2,logged_graph_minus_constrained,panel_5,2,1125037,greedy,0,0,-1,10,0.0
2,logged_graph_minus_constrained,panel_5,2,1125038,greedy,0,-1,-1,28,1.0
2,logged_graph_minus_constrained,panel_5,2,1125039,greedy,0,0,0,0,-0.09375
2,logged_graph_minus_constrained,panel_5,2,1125040,greedy,0,-1,-1,29,0.625
2,logged_graph_minus_constrained,panel_5,2,1125041,greedy,0,1,0,-21,-0.45170454545454547
2,logged_graph_minus_constrained,panel_5,2,1125042,greedy,0,0,0,0,0.0
2,logged_graph_minus_constrained,panel_5,2,1125043,greedy,0,0,0,0,0.0
2,logged_graph_minus_constrained,panel_5,2,1125044,greedy,0,0,-1,19,0.8076923076923077
2,logged_graph_minus_constrained,panel_5,2,1125045,greedy,0,0,0,0,-0.125
2,logged_graph_minus_constrained,panel_5,2,1125046,greedy,0,0,0,0,0.21875
2,logged_graph_minus_constrained,panel_5,2,1125047,greedy,0,0,0,0,-0.46875
2,logged_graph_minus_constrained,panel_5,2,1125048,greedy,0,0,-1,12,0.6153846153846154
2,logged_graph_minus_constrained,panel_5,2,1125049,greedy,0,0,0,0,0.0
2,logged_graph_minus_constrained,panel_5,2,1125050,greedy,0,0,0,0,0.0
2,logged_graph_minus_constrained,panel_5,2,1125051,greedy,0,0,-1,16,0.36363636363636365
2,logged_graph_minus_constrained,panel_5,2,1125052,greedy,0,0,0,1,-0.13177339901477825
2,logged_graph_minus_constrained,panel_5,2,1125053,greedy,0,-1,0,3,0.13793103448275867
2,logged_graph_minus_constrained,panel_5,2,1125054,greedy,0,-1,0,9,0.30434782608695654
2,logged_graph_minus_constrained,panel_5,2,1125055,greedy,0,0,0,0,0.0
2,logged_graph_minus_constrained,panel_5,2,1125056,greedy,0,0,-1,7,0.25
2,logged_graph_minus_constrained,panel_5,2,1125057,greedy,0,0,0,4,0.0
2,logged_graph_minus_constrained,panel_5,2,1125058,greedy,0,0,0,0,0.0
2,logged_graph_minus_constrained,panel_5,2,1125059,greedy,0,1,0,-17,-0.20416666666666672
2,logged_graph_minus_constrained,panel_5,2,1125060,greedy,0,0,0,0,0.625
2,logged_graph_minus_constrained,panel_5,2,1125061,greedy,0,-1,-1,29,0.84375
2,logged_graph_minus_constrained,panel_5,2,1125062,greedy,0,-1,-1,27,0.96875
2,logged_graph_minus_constrained,panel_5,2,1125063,greedy,0,-1,-1,29,0.3125
2,logged_graph_minus_constrained,panel_6,0,1126000,greedy,0,0,0,-8,0.0
2,logged_graph_minus_constrained,panel_6,0,1126001,greedy,0,0,0,0,-0.0625
2,logged_graph_minus_constrained,panel_6,0,1126002,greedy,0,-1,0,10,0.22443181818181823
2,logged_graph_minus_constrained,panel_6,0,1126004,greedy,0,-1,-1,30,0.9375
2,logged_graph_minus_constrained,panel_6,0,1126005,greedy,0,0,0,0,0.28125
2,logged_graph_minus_constrained,panel_6,0,1126006,greedy,0,0,0,0,0.0
2,logged_graph_minus_constrained,panel_6,0,1126007,greedy,0,0,0,0,0.0
2,logged_graph_minus_constrained,panel_6,0,1126008,greedy,0,0,-1,22,0.0
2,logged_graph_minus_constrained,panel_6,0,1126009,greedy,0,0,-1,16,0.9411764705882353
2,logged_graph_minus_constrained,panel_6,0,1126010,greedy,0,-1,-1,30,1.0
2,logged_graph_minus_constrained,panel_6,0,1126011,greedy,0,0,-1,12,0.0
2,logged_graph_minus_constrained,panel_6,0,1126012,greedy,0,0,0,0,0.0
2,logged_graph_minus_constrained,panel_6,0,1126013,greedy,0,1,0,-18,-0.3660714285714286
2,logged_graph_minus_constrained,panel_6,0,1126014,greedy,0,0,0,0,0.5
2,logged_graph_minus_constrained,panel_6,0,1126015,greedy,0,0,0,-4,-0.4444444444444444
2,logged_graph_minus_constrained,panel_6,0,1126016,greedy,0,1,0,-5,-0.17708333333333337
2,logged_graph_minus_constrained,panel_6,0,1126017,greedy,0,-1,-1,27,0.625
2,logged_graph_minus_constrained,panel_6,0,1126018,greedy,0,-1,-1,29,0.75
2,logged_graph_minus_constrained,panel_6,0,1126019,greedy,0,0,1,-10,0.0
2,logged_graph_minus_constrained,panel_6,0,1126020,greedy,0,0,0,0,0.0
2,logged_graph_minus_constrained,panel_6,0,1126021,greedy,0,0,0,0,0.0
2,logged_graph_minus_constrained,panel_6,0,1126022,greedy,0,1,0,-14,-0.27083333333333337
2,logged_graph_minus_constrained,panel_6,0,1126023,greedy,0,0,0,0,0.09375
2,logged_graph_minus_constrained,panel_6,0,1126024,greedy,0,0,0,-1,-0.25
2,logged_graph_minus_constrained,panel_6,0,1126025,greedy,0,-1,-1,28,0.53125
2,logged_graph_minus_constrained,panel_6,0,1126026,greedy,0,0,0,0,0.0
2,logged_graph_minus_constrained,panel_6,0,1126027,greedy,0,0,0,4,-0.19047619047619047
2,logged_graph_minus_constrained,panel_6,0,1126028,greedy,0,0,1,-12,0.0
2,logged_graph_minus_constrained,panel_6,0,1126029,greedy,0,0,1,-20,-0.8571428571428571
2,logged_graph_minus_constrained,panel_6,0,1126030,greedy,0,0,-1,12,0.25
2,logged_graph_minus_constrained,panel_6,0,1126031,greedy,0,1,0,-21,0.6335227272727273
2,logged_graph_minus_constrained,panel_6,0,1126032,greedy,0,0,0,0,-0.09375
2,logged_graph_minus_constrained,panel_6,0,1126033,greedy,0,1,0,0,-0.6875
2,logged_graph_minus_constrained,panel_6,0,1126034,greedy,0,0,0,0,-0.375
2,logged_graph_minus_constrained,panel_6,0,1126035,greedy,0,1,0,-21,-0.6647727272727273
2,logged_graph_minus_constrained,panel_6,0,1126036,greedy,0,-1,0,7,-0.51
2,logged_graph_minus_constrained,panel_6,0,1126037,greedy,0,1,0,-2,-0.46875
2,logged_graph_minus_constrained,panel_6,0,1126038,greedy,0,0,0,0,-0.15625
2,logged_graph_minus_constrained,panel_6,0,1126039,greedy,0,0,1,-2,0.0
2,logged_graph_minus_constrained,panel_6,0,1126040,greedy,0,-1,-1,26,0.15625
2,logged_graph_minus_constrained,panel_6,0,1126041,greedy,0,0,0,0,0.0
2,logged_graph_minus_constrained,panel_6,0,1126042,greedy,0,0,0,0,0.0
2,logged_graph_minus_constrained,panel_6,0,1126043,greedy,0,0,0,0,0.09375
2,logged_graph_minus_constrained,panel_6,0,1126044,greedy,0,-1,-1,27,0.44375
2,logged_graph_minus_constrained,panel_6,0,1126045,greedy,0,0,0,0,-0.28125
2,logged_graph_minus_constrained,panel_6,0,1126046,greedy,0,-1,-1,28,1.0
2,logged_graph_minus_constrained,panel_6,0,1126047,greedy,0,0,0,0,0.0
2,logged_graph_minus_constrained,panel_6,0,1126048,greedy,0,-1,-1,28,0.71875
2,logged_graph_minus_constrained,panel_6,0,1126049,greedy,0,0,0,0,0.75
2,logged_graph_minus_constrained,panel_6,0,1126050,greedy,0,-1,0,19,0.16586538461538458
2,logged_graph_minus_constrained,panel_6,0,1126051,greedy,0,-1,-1,28,0.90625
2,logged_graph_minus_constrained,panel_6,0,1126052,greedy,0,0,-1,6,0.0
2,logged_graph_minus_constrained,panel_6,0,1126053,greedy,0,0,0,0,0.0
2,logged_graph_minus_constrained,panel_6,0,1126054,greedy,0,-1,-1,28,0.6875
2,logged_graph_minus_constrained,panel_6,0,1126055,greedy,0,0,-1,2,0.0
2,logged_graph_minus_constrained,panel_6,0,1126056,greedy,0,-1,0,26,-0.13541666666666663
2,logged_graph_minus_constrained,panel_6,0,1126057,greedy,0,0,-1,2,0.0
2,logged_graph_minus_constrained,panel_6,0,1126058,greedy,0,-1,0,16,0.375
2,logged_graph_minus_constrained,panel_6,0,1126059,greedy,0,-1,-1,30,0.9375
2,logged_graph_minus_constrained,panel_6,0,1126060,greedy,0,-1,-1,29,0.375
2,logged_graph_minus_constrained,panel_6,0,1126061,greedy,0,0,0,0,0.0
2,logged_graph_minus_constrained,panel_6,0,1126062,greedy,0,0,0,0,0.0625
2,logged_graph_minus_constrained,panel_6,0,1126063,greedy,0,-1,-1,29,0.78125
2,logged_graph_minus_constrained,panel_6,0,1126064,greedy,0,0,0,1,0.3333333333333333
2,logged_graph_minus_constrained,panel_6,1,1126000,greedy,0,0,0,0,-0.71875
2,logged_graph_minus_constrained,panel_6,1,1126001,greedy,0,-1,-1,27,0.4375
2,logged_graph_minus_constrained,panel_6,1,1126002,greedy,0,-1,-1,27,0.9375
2,logged_graph_minus_constrained,panel_6,1,1126004,greedy,0,-1,0,26,0.23958333333333337
2,logged_graph_minus_constrained,panel_6,1,1126005,greedy,0,-1,-1,25,0.6875
2,logged_graph_minus_constrained,panel_6,1,1126006,greedy,0,1,0,-9,-0.13586956521739135
2,logged_graph_minus_constrained,panel_6,1,1126007,greedy,0,0,-1,14,0.625
2,logged_graph_minus_constrained,panel_6,1,1126008,greedy,0,0,-1,11,0.4375
2,logged_graph_minus_constrained,panel_6,1,1126009,greedy,0,-1,-1,31,0.59375
2,logged_graph_minus_constrained,panel_6,1,1126010,greedy,0,-1,-1,30,0.75
2,logged_graph_minus_constrained,panel_6,1,1126011,greedy,0,-1,0,20,-0.5833333333333334
2,logged_graph_minus_constrained,panel_6,1,1126012,greedy,0,0,0,0,0.0
2,logged_graph_minus_constrained,panel_6,1,1126013,greedy,0,-1,-1,28,0.9375
2,logged_graph_minus_constrained,panel_6,1,1126014,greedy,0,0,0,0,-0.40625
2,logged_graph_minus_constrained,panel_6,1,1126015,greedy,0,-1,0,14,0.1527777777777778
2,logged_graph_minus_constrained,panel_6,1,1126016,greedy,0,-1,0,3,0.9375
2,logged_graph_minus_constrained,panel_6,1,1126017,greedy,0,-1,0,11,-0.04315476190476186
2,logged_graph_minus_constrained,panel_6,1,1126018,greedy,0,-1,-1,29,0.875
2,logged_graph_minus_constrained,panel_6,1,1126019,greedy,0,0,0,2,0.0
2,logged_graph_minus_constrained,panel_6,1,1126020,greedy,0,0,0,0,0.15625
2,logged_graph_minus_constrained,panel_6,1,1126021,greedy,0,0,0,0,-0.34375
2,logged_graph_minus_constrained,panel_6,1,1126022,greedy,0,0,0,0,0.03125
2,logged_graph_minus_constrained,panel_6,1,1126023,greedy,0,0,0,0,0.21875
2,logged_graph_minus_constrained,panel_6,1,1126024,greedy,0,-1,0,10,-0.8636363636363636
2,logged_graph_minus_constrained,panel_6,1,1126025,greedy,0,-1,-1,28,0.65625
2,logged_graph_minus_constrained,panel_6,1,1126026,greedy,0,-1,0,18,0.1830357142857143
2,logged_graph_minus_constrained,panel_6,1,1126027,greedy,0,0,0,0,0.0
2,logged_graph_minus_constrained,panel_6,1,1126028,greedy,0,0,-1,6,0.0
2,logged_graph_minus_constrained,panel_6,1,1126029,greedy,0,-1,-1,31,0.25
2,logged_graph_minus_constrained,panel_6,1,1126030,greedy,0,-1,-1,28,0.84375
2,logged_graph_minus_constrained,panel_6,1,1126031,greedy,0,0,0,0,0.0
2,logged_graph_minus_constrained,panel_6,1,1126032,greedy,0,0,0,0,-0.15625
2,logged_graph_minus_constrained,panel_6,1,1126033,greedy,0,1,1,-27,-0.59375
2,logged_graph_minus_constrained,panel_6,1,1126034,greedy,0,-1,-1,25,0.53125
2,logged_graph_minus_constrained,panel_6,1,1126035,greedy,0,0,0,0,0.0
2,logged_graph_minus_constrained,panel_6,1,1126036,greedy,0,1,0,-14,-0.33333333333333337
2,logged_graph_minus_constrained,panel_6,1,1126037,greedy,0,-1,0,3,-0.7338362068965517
2,logged_graph_minus_constrained,panel_6,1,1126038,greedy,0,0,0,0,-0.0625
2,logged_graph_minus_constrained,panel_6,1,1126039,greedy,0,0,0,0,0.0
2,logged_graph_minus_constrained,panel_6,1,1126040,greedy,0,0,-1,18,0.8571428571428571
2,logged_graph_minus_constrained,panel_6,1,1126041,greedy,0,0,1,-2,0.0
2,logged_graph_minus_constrained,panel_6,1,1126042,greedy,0,0,0,0,0.0
2,logged_graph_minus_constrained,panel_6,1,1126043,greedy,0,0,0,0,-0.3125
2,logged_graph_minus_constrained,panel_6,1,1126044,greedy,0,0,0,0,-1.0
2,logged_graph_minus_constrained,panel_6,1,1126045,greedy,0,-1,-1,28,0.0
2,logged_graph_minus_constrained,panel_6,1,1126046,greedy,0,0,0,0,0.0
2,logged_graph_minus_constrained,panel_6,1,1126047,greedy,0,0,0,-11,-0.517741935483871
2,logged_graph_minus_constrained,panel_6,1,1126048,greedy,0,0,0,11,0.32608695652173914
2,logged_graph_minus_constrained,panel_6,1,1126049,greedy,0,0,0,0,-0.4375
2,logged_graph_minus_constrained,panel_6,1,1126050,greedy,0,1,1,-27,-0.90625
2,logged_graph_minus_constrained,panel_6,1,1126051,greedy,0,0,0,0,0.0
2,logged_graph_minus_constrained,panel_6,1,1126052,greedy,0,-1,0,8,-0.15625
2,logged_graph_minus_constrained,panel_6,1,1126053,greedy,0,-1,-1,28,0.96875
2,logged_graph_minus_constrained,panel_6,1,1126054,greedy,0,-1,0,10,0.6875
2,logged_graph_minus_constrained,panel_6,1,1126055,greedy,0,-1,-1,31,0.6875
2,logged_graph_minus_constrained,panel_6,1,1126056,greedy,0,0,-1,23,0.68
2,logged_graph_minus_constrained,panel_6,1,1126057,greedy,0,0,0,0,0.0
2,logged_graph_minus_constrained,panel_6,1,1126058,greedy,0,-1,-1,28,0.625
2,logged_graph_minus_constrained,panel_6,1,1126059,greedy,0,1,0,-10,-0.8181818181818181
2,logged_graph_minus_constrained,panel_6,1,1126060,greedy,0,0,0,-3,-0.06923076923076932
2,logged_graph_minus_constrained,panel_6,1,1126061,greedy,0,0,-1,15,0.05555555555555555
2,logged_graph_minus_constrained,panel_6,1,1126062,greedy,0,0,0,0,-0.0625
2,logged_graph_minus_constrained,panel_6,1,1126063,greedy,0,-1,-1,28,0.25
2,logged_graph_minus_constrained,panel_6,1,1126064,greedy,0,-1,-1,30,0.875
2,logged_graph_minus_constrained,panel_6,2,1126000,greedy,0,1,1,-26,0.0
2,logged_graph_minus_constrained,panel_6,2,1126001,greedy,0,-1,0,12,0.21875
2,logged_graph_minus_constrained,panel_6,2,1126002,greedy,0,0,-1,23,0.8214285714285714
2,logged_graph_minus_constrained,panel_6,2,1126004,greedy,0,-1,0,17,-0.6166666666666667
2,logged_graph_minus_constrained,panel_6,2,1126005,greedy,0,0,0,0,-0.78125
2,logged_graph_minus_constrained,panel_6,2,1126006,greedy,0,0,0,0,0.59375
2,logged_graph_minus_constrained,panel_6,2,1126007,greedy,0,-1,-1,30,0.84375
2,logged_graph_minus_constrained,panel_6,2,1126008,greedy,0,0,-1,14,0.7368421052631579
2,logged_graph_minus_constrained,panel_6,2,1126009,greedy,0,0,0,0,0.0
2,logged_graph_minus_constrained,panel_6,2,1126010,greedy,0,-1,-1,29,0.2916666666666667
2,logged_graph_minus_constrained,panel_6,2,1126011,greedy,0,0,0,-10,-0.7619047619047619
2,logged_graph_minus_constrained,panel_6,2,1126012,greedy,0,0,0,0,0.21875
2,logged_graph_minus_constrained,panel_6,2,1126013,greedy,0,0,0,0,0.0
2,logged_graph_minus_constrained,panel_6,2,1126014,greedy,0,0,0,0,-0.03125
2,logged_graph_minus_constrained,panel_6,2,1126015,greedy,0,0,0,0,-0.3125
2,logged_graph_minus_constrained,panel_6,2,1126016,greedy,0,-1,0,12,0.25625
2,logged_graph_minus_constrained,panel_6,2,1126017,greedy,0,-1,0,16,0.625
2,logged_graph_minus_constrained,panel_6,2,1126018,greedy,0,0,-1,28,0.1935483870967742
2,logged_graph_minus_constrained,panel_6,2,1126019,greedy,0,0,-1,28,0.4
2,logged_graph_minus_constrained,panel_6,2,1126020,greedy,0,0,0,0,-0.03125
2,logged_graph_minus_constrained,panel_6,2,1126021,greedy,0,0,0,0,-0.4375
2,logged_graph_minus_constrained,panel_6,2,1126022,greedy,0,0,0,0,0.0
2,logged_graph_minus_constrained,panel_6,2,1126023,greedy,0,0,0,0,-0.46875
2,logged_graph_minus_constrained,panel_6,2,1126024,greedy,0,1,1,-29,-0.96875
2,logged_graph_minus_constrained,panel_6,2,1126025,greedy,0,-1,-1,24,-0.34375
2,logged_graph_minus_constrained,panel_6,2,1126026,greedy,0,-1,0,7,-0.09875
2,logged_graph_minus_constrained,panel_6,2,1126027,greedy,0,-1,-1,30,0.65625
2,logged_graph_minus_constrained,panel_6,2,1126028,greedy,0,0,0,0,0.0
2,logged_graph_minus_constrained,panel_6,2,1126029,greedy,0,-1,0,25,0.017857142857142905
2,logged_graph_minus_constrained,panel_6,2,1126030,greedy,0,0,-1,23,0.4074074074074074
2,logged_graph_minus_constrained,panel_6,2,1126031,greedy,0,-1,-1,31,0.4375
2,logged_graph_minus_constrained,panel_6,2,1126032,greedy,0,1,1,-24,-0.75
2,logged_graph_minus_constrained,panel_6,2,1126033,greedy,0,-1,-1,27,1.0
2,logged_graph_minus_constrained,panel_6,2,1126034,greedy,0,-1,-1,25,0.28125
2,logged_graph_minus_constrained,panel_6,2,1126035,greedy,0,0,0,0,-0.125
2,logged_graph_minus_constrained,panel_6,2,1126036,greedy,0,0,0,6,0.0
2,logged_graph_minus_constrained,panel_6,2,1126037,greedy,0,-1,-1,27,0.5
2,logged_graph_minus_constrained,panel_6,2,1126038,greedy,0,0,0,0,-0.125
2,logged_graph_minus_constrained,panel_6,2,1126039,greedy,0,0,-1,12,0.0
2,logged_graph_minus_constrained,panel_6,2,1126040,greedy,0,0,0,0,-0.21875
2,logged_graph_minus_constrained,panel_6,2,1126041,greedy,0,-1,-1,31,0.28125
2,logged_graph_minus_constrained,panel_6,2,1126042,greedy,0,-1,-1,31,0.6875
2,logged_graph_minus_constrained,panel_6,2,1126043,greedy,0,0,0,0,0.03125
2,logged_graph_minus_constrained,panel_6,2,1126044,greedy,0,-1,0,23,0.02083333333333337
2,logged_graph_minus_constrained,panel_6,2,1126045,greedy,0,-1,0,18,0.2544642857142857
2,logged_graph_minus_constrained,panel_6,2,1126046,greedy,0,-1,-1,30,0.6875
2,logged_graph_minus_constrained,panel_6,2,1126047,greedy,0,0,-1,9,0.9
2,logged_graph_minus_constrained,panel_6,2,1126048,greedy,0,-1,-1,28,0.15625
2,logged_graph_minus_constrained,panel_6,2,1126049,greedy,0,0,0,0,0.09375
2,logged_graph_minus_constrained,panel_6,2,1126050,greedy,0,-1,-1,22,-0.21875
2,logged_graph_minus_constrained,panel_6,2,1126051,greedy,0,-1,0,14,0.78125
2,logged_graph_minus_constrained,panel_6,2,1126052,greedy,0,0,0,15,0.1573426573426573
2,logged_graph_minus_constrained,panel_6,2,1126053,greedy,0,0,0,0,-0.0625
2,logged_graph_minus_constrained,panel_6,2,1126054,greedy,0,-1,-1,28,0.75
2,logged_graph_minus_constrained,panel_6,2,1126055,greedy,0,-1,-1,31,0.875
2,logged_graph_minus_constrained,panel_6,2,1126056,greedy,0,-1,-1,30,0.53125
2,logged_graph_minus_constrained,panel_6,2,1126057,greedy,0,-1,-1,31,1.0
2,logged_graph_minus_constrained,panel_6,2,1126058,greedy,0,0,0,0,-0.03125
2,logged_graph_minus_constrained,panel_6,2,1126059,greedy,0,0,0,0,-0.46875
2,logged_graph_minus_constrained,panel_6,2,1126060,greedy,0,0,-1,19,0.6818181818181818
2,logged_graph_minus_constrained,panel_6,2,1126061,greedy,0,0,-1,16,0.0
2,logged_graph_minus_constrained,panel_6,2,1126062,greedy,0,0,0,0,0.125
2,logged_graph_minus_constrained,panel_6,2,1126063,greedy,0,0,0,0,0.0
2,logged_graph_minus_constrained,panel_6,2,1126064,greedy,0,0,-1,18,0.2
2,logged_graph_minus_constrained,panel_7,0,1127000,greedy,0,1,0,-7,-0.15500000000000003
2,logged_graph_minus_constrained,panel_7,0,1127001,greedy,0,-1,-1,27,0.53125
2,logged_graph_minus_constrained,panel_7,0,1127002,greedy,0,0,0,0,0.0
2,logged_graph_minus_constrained,panel_7,0,1127003,greedy,0,0,0,0,0.0
2,logged_graph_minus_constrained,panel_7,0,1127004,greedy,0,-1,-1,20,-0.0625
2,logged_graph_minus_constrained,panel_7,0,1127005,greedy,0,0,0,0,-0.84375
2,logged_graph_minus_constrained,panel_7,0,1127006,greedy,0,0,0,0,-0.03125
2,logged_graph_minus_constrained,panel_7,0,1127007,greedy,0,0,0,0,-0.15625
2,logged_graph_minus_constrained,panel_7,0,1127008,greedy,0,-1,-1,30,0.9375
2,logged_graph_minus_constrained,panel_7,0,1127009,greedy,0,-1,0,9,-0.4442934782608695
2,logged_graph_minus_constrained,panel_7,0,1127010,greedy,0,0,1,-12,-0.8571428571428571
2,logged_graph_minus_constrained,panel_7,0,1127011,greedy,0,-1,0,20,0.46875
2,logged_graph_minus_constrained,panel_7,0,1127012,greedy,0,1,1,-29,-1.0
2,logged_graph_minus_constrained,panel_7,0,1127013,greedy,0,0,-1,24,0.0
2,logged_graph_minus_constrained,panel_7,0,1127015,greedy,0,1,0,-11,-0.09523809523809523
2,logged_graph_minus_constrained,panel_7,0,1127016,greedy,0,1,1,-22,-0.8375
2,logged_graph_minus_constrained,panel_7,0,1127017,greedy,0,0,0,-6,0.14182692307692307
2,logged_graph_minus_constrained,panel_7,0,1127018,greedy,0,-1,-1,31,1.0
2,logged_graph_minus_constrained,panel_7,0,1127019,greedy,0,0,1,-23,-0.6538461538461539
2,logged_graph_minus_constrained,panel_7,0,1127020,greedy,0,-1,0,8,0.08333333333333337
2,logged_graph_minus_constrained,panel_7,0,1127021,greedy,0,0,-1,4,0.6666666666666666
2,logged_graph_minus_constrained,panel_7,0,1127022,greedy,0,-1,-1,29,0.375
2,logged_graph_minus_constrained,panel_7,0,1127023,greedy,0,0,0,0,0.0
2,logged_graph_minus_constrained,panel_7,0,1127024,greedy,0,-1,-1,26,1.0
2,logged_graph_minus_constrained,panel_7,0,1127025,greedy,0,0,1,-20,-0.9523809523809523
2,logged_graph_minus_constrained,panel_7,0,1127026,greedy,0,0,-1,17,0.5789473684210527
2,logged_graph_minus_constrained,panel_7,0,1127027,greedy,0,0,0,0,-0.15625
2,logged_graph_minus_constrained,panel_7,0,1127028,greedy,0,-1,-1,27,0.84375
2,logged_graph_minus_constrained,panel_7,0,1127029,greedy,0,0,0,0,0.0
2,logged_graph_minus_constrained,panel_7,0,1127030,greedy,0,-1,-1,26,0.90625
2,logged_graph_minus_constrained,panel_7,0,1127031,greedy,0,0,-1,4,0.0
2,logged_graph_minus_constrained,panel_7,0,1127032,greedy,0,0,-1,26,0.1935483870967742
2,logged_graph_minus_constrained,panel_7,0,1127033,greedy,0,-1,0,2,0.0708333333333333
2,logged_graph_minus_constrained,panel_7,0,1127034,greedy,0,0,0,0,0.0
2,logged_graph_minus_constrained,panel_7,0,1127035,greedy,0,0,-1,20,0.5
2,logged_graph_minus_constrained,panel_7,0,1127036,greedy,0,-1,-1,30,0.0
2,logged_graph_minus_constrained,panel_7,0,1127037,greedy,0,-1,0,24,0.15625
2,logged_graph_minus_constrained,panel_7,0,1127038,greedy,0,0,0,0,0.0
2,logged_graph_minus_constrained,panel_7,0,1127039,greedy,0,0,0,0,-0.34375
2,logged_graph_minus_constrained,panel_7,0,1127040,greedy,0,1,0,-12,-0.15625
2,logged_graph_minus_constrained,panel_7,0,1127041,greedy,0,0,0,0,0.0625
2,logged_graph_minus_constrained,panel_7,0,1127042,greedy,0,0,0,0,-0.28125
2,logged_graph_minus_constrained,panel_7,0,1127043,greedy,0,0,0,0,0.0
2,logged_graph_minus_constrained,panel_7,0,1127044,greedy,0,0,0,-1,-0.3333333333333333
2,logged_graph_minus_constrained,panel_7,0,1127045,greedy,0,-1,-1,28,0.0625
2,logged_graph_minus_constrained,panel_7,0,1127046,greedy,0,0,-1,16,0.0
2,logged_graph_minus_constrained,panel_7,0,1127047,greedy,0,0,-1,21,0.5555555555555556
2,logged_graph_minus_constrained,panel_7,0,1127048,greedy,0,1,0,-11,-0.09523809523809523
2,logged_graph_minus_constrained,panel_7,0,1127049,greedy,0,-1,-1,28,0.34375
2,logged_graph_minus_constrained,panel_7,0,1127050,greedy,0,1,0,-10,-0.875
2,logged_graph_minus_constrained,panel_7,0,1127051,greedy,0,0,0,0,0.0
2,logged_graph_minus_constrained,panel_7,0,1127052,greedy,0,0,0,0,0.0
2,logged_graph_minus_constrained,panel_7,0,1127053,greedy,0,0,-1,29,0.5483870967741935
2,logged_graph_minus_constrained,panel_7,0,1127054,greedy,0,0,1,-15,-0.7894736842105263
2,logged_graph_minus_constrained,panel_7,0,1127055,greedy,0,-1,0,15,-0.7297794117647058
2,logged_graph_minus_constrained,panel_7,0,1127056,greedy,0,0,0,0,-0.1875
2,logged_graph_minus_constrained,panel_7,0,1127057,greedy,0,1,0,-13,-0.05427631578947367
2,logged_graph_minus_constrained,panel_7,0,1127058,greedy,0,0,0,0,-0.03125
2,logged_graph_minus_constrained,panel_7,0,1127059,greedy,0,0,0,0,0.9375
2,logged_graph_minus_constrained,panel_7,0,1127060,greedy,0,0,0,0,0.125
2,logged_graph_minus_constrained,panel_7,0,1127061,greedy,0,-1,-1,31,0.6875
2,logged_graph_minus_constrained,panel_7,0,1127062,greedy,0,0,0,0,-0.09375
2,logged_graph_minus_constrained,panel_7,0,1127063,greedy,0,0,-1,26,0.9285714285714286
2,logged_graph_minus_constrained,panel_7,0,1127064,greedy,0,-1,-1,31,0.03125
2,logged_graph_minus_constrained,panel_7,1,1127000,greedy,0,0,0,0,0.03125
2,logged_graph_minus_constrained,panel_7,1,1127001,greedy,0,0,0,0,-0.0625
2,logged_graph_minus_constrained,panel_7,1,1127002,greedy,0,0,0,5,-0.3706896551724138
2,logged_graph_minus_constrained,panel_7,1,1127003,greedy,0,0,-1,11,0.7857142857142857
2,logged_graph_minus_constrained,panel_7,1,1127004,greedy,0,0,0,0,-0.1875
2,logged_graph_minus_constrained,panel_7,1,1127005,greedy,0,0,0,0,-0.4375
2,logged_graph_minus_constrained,panel_7,1,1127006,greedy,0,1,0,-3,-0.2855603448275862
2,logged_graph_minus_constrained,panel_7,1,1127007,greedy,0,0,0,0,0.0
2,logged_graph_minus_constrained,panel_7,1,1127008,greedy,0,0,0,0,0.0
2,logged_graph_minus_constrained,panel_7,1,1127009,greedy,0,-1,0,27,-0.2
2,logged_graph_minus_constrained,panel_7,1,1127010,greedy,0,0,0,-2,-0.5
2,logged_graph_minus_constrained,panel_7,1,1127011,greedy,0,0,0,0,0.0
2,logged_graph_minus_constrained,panel_7,1,1127012,greedy,0,0,0,0,-0.21875
2,logged_graph_minus_constrained,panel_7,1,1127013,greedy,0,1,1,-29,-0.15625
2,logged_graph_minus_constrained,panel_7,1,1127015,greedy,0,0,0,-17,-0.12592592592592589
2,logged_graph_minus_constrained,panel_7,1,1127016,greedy,0,0,1,-7,-0.5833333333333334
2,logged_graph_minus_constrained,panel_7,1,1127017,greedy,0,1,0,-9,-0.08559782608695654
2,logged_graph_minus_constrained,panel_7,1,1127018,greedy,0,0,0,0,0.0
2,logged_graph_minus_constrained,panel_7,1,1127019,greedy,0,0,-1,23,0.8076923076923077
2,logged_graph_minus_constrained,panel_7,1,1127020,greedy,0,0,-1,20,-0.21164021164021163
2,logged_graph_minus_constrained,panel_7,1,1127021,greedy,0,1,1,-29,-0.875
2,logged_graph_minus_constrained,panel_7,1,1127022,greedy,0,0,0,-8,-0.0625
2,logged_graph_minus_constrained,panel_7,1,1127023,greedy,0,-1,-1,29,0.5104166666666667
2,logged_graph_minus_constrained,panel_7,1,1127024,greedy,0,-1,0,1,0.09979838709677424
2,logged_graph_minus_constrained,panel_7,1,1127025,greedy,0,0,0,0,0.0
2,logged_graph_minus_constrained,panel_7,1,1127026,greedy,0,-1,-1,30,0.9375
2,logged_graph_minus_constrained,panel_7,1,1127027,greedy,0,-1,-1,27,0.90625
2,logged_graph_minus_constrained,panel_7,1,1127028,greedy,0,0,0,0,-0.03125
2,logged_graph_minus_constrained,panel_7,1,1127029,greedy,0,-1,-1,26,0.875
2,logged_graph_minus_constrained,panel_7,1,1127030,greedy,0,0,0,0,-0.34375
2,logged_graph_minus_constrained,panel_7,1,1127031,greedy,0,0,0,0,0.0
2,logged_graph_minus_constrained,panel_7,1,1127032,greedy,0,0,1,-14,-0.7368421052631579
2,logged_graph_minus_constrained,panel_7,1,1127033,greedy,0,0,0,13,0.17333333333333334
2,logged_graph_minus_constrained,panel_7,1,1127034,greedy,0,0,0,1,0.09692307692307689
2,logged_graph_minus_constrained,panel_7,1,1127035,greedy,0,0,1,-18,-0.8461538461538461
2,logged_graph_minus_constrained,panel_7,1,1127036,greedy,0,0,-1,16,0.0
2,logged_graph_minus_constrained,panel_7,1,1127037,greedy,0,-1,0,1,-0.5594758064516129
2,logged_graph_minus_constrained,panel_7,1,1127038,greedy,0,-1,-1,29,0.1875
2,logged_graph_minus_constrained,panel_7,1,1127039,greedy,0,0,0,6,-0.031746031746031744
2,logged_graph_minus_constrained,panel_7,1,1127040,greedy,0,0,0,0,-0.34375
2,logged_graph_minus_constrained,panel_7,1,1127041,greedy,0,1,1,-24,-0.75
2,logged_graph_minus_constrained,panel_7,1,1127042,greedy,0,0,0,0,-0.71875
2,logged_graph_minus_constrained,panel_7,1,1127043,greedy,0,0,0,0,0.0
2,logged_graph_minus_constrained,panel_7,1,1127044,greedy,0,-1,-1,30,0.90625
2,logged_graph_minus_constrained,panel_7,1,1127045,greedy,0,0,0,0,0.0
2,logged_graph_minus_constrained,panel_7,1,1127046,greedy,0,0,0,0,0.0
2,logged_graph_minus_constrained,panel_7,1,1127047,greedy,0,0,0,-8,-0.1558441558441559
2,logged_graph_minus_constrained,panel_7,1,1127048,greedy,0,0,0,12,0.8125
2,logged_graph_minus_constrained,panel_7,1,1127049,greedy,0,0,0,0,0.0
2,logged_graph_minus_constrained,panel_7,1,1127050,greedy,0,1,0,-19,-0.30528846153846156
2,logged_graph_minus_constrained,panel_7,1,1127051,greedy,0,0,0,0,0.0
2,logged_graph_minus_constrained,panel_7,1,1127052,greedy,0,0,0,0,0.0
2,logged_graph_minus_constrained,panel_7,1,1127053,greedy,0,1,1,-30,-0.0625
2,logged_graph_minus_constrained,panel_7,1,1127054,greedy,0,0,1,-12,-0.75
2,logged_graph_minus_constrained,panel_7,1,1127055,greedy,0,0,-1,12,0.0
2,logged_graph_minus_constrained,panel_7,1,1127056,greedy,0,0,0,0,-0.09375
2,logged_graph_minus_constrained,panel_7,1,1127057,greedy,0,0,0,0,-0.71875
2,logged_graph_minus_constrained,panel_7,1,1127058,greedy,0,0,0,0,-0.1875
2,logged_graph_minus_constrained,panel_7,1,1127059,greedy,0,-1,-1,30,0.21875
2,logged_graph_minus_constrained,panel_7,1,1127060,greedy,0,0,0,0,-0.125
2,logged_graph_minus_constrained,panel_7,1,1127061,greedy,0,-1,0,11,-0.6086309523809523
2,logged_graph_minus_constrained,panel_7,1,1127062,greedy,0,1,0,-4,-0.5580357142857143
2,logged_graph_minus_constrained,panel_7,1,1127063,greedy,0,-1,-1,30,1.0
2,logged_graph_minus_constrained,panel_7,1,1127064,greedy,0,0,0,0,0.0
2,logged_graph_minus_constrained,panel_7,2,1127000,greedy,0,0,0,0,-0.1875
2,logged_graph_minus_constrained,panel_7,2,1127001,greedy,0,0,0,0,-0.5625
2,logged_graph_minus_constrained,panel_7,2,1127002,greedy,0,0,0,0,-0.125
2,logged_graph_minus_constrained,panel_7,2,1127003,greedy,0,-1,-1,29,0.71875
2,logged_graph_minus_constrained,panel_7,2,1127004,greedy,0,0,0,0,0.0
2,logged_graph_minus_constrained,panel_7,2,1127005,greedy,0,0,0,0,-0.125
2,logged_graph_minus_constrained,panel_7,2,1127006,greedy,0,0,0,0,0.0
2,logged_graph_minus_constrained,panel_7,2,1127007,greedy,0,0,0,0,0.0
2,logged_graph_minus_constrained,panel_7,2,1127008,greedy,0,0,-1,13,0.4117647058823529
2,logged_graph_minus_constrained,panel_7,2,1127009,greedy,0,-1,0,20,0.75
2,logged_graph_minus_constrained,panel_7,2,1127010,greedy,0,0,1,-10,-0.16666666666666666
2,logged_graph_minus_constrained,panel_7,2,1127011,greedy,0,0,0,0,0.0
2,logged_graph_minus_constrained,panel_7,2,1127012,greedy,0,1,0,-6,-0.7451923076923077
2,logged_graph_minus_constrained,panel_7,2,1127013,greedy,0,0,1,-6,0.0
2,logged_graph_minus_constrained,panel_7,2,1127015,greedy,0,1,1,-30,-1.0
2,logged_graph_minus_constrained,panel_7,2,1127016,greedy,0,-1,-1,27,0.875
2,logged_graph_minus_constrained,panel_7,2,1127017,greedy,0,-1,0,17,-0.3458333333333333
2,logged_graph_minus_constrained,panel_7,2,1127018,greedy,0,-1,0,25,1.0
2,logged_graph_minus_constrained,panel_7,2,1127019,greedy,0,0,1,-14,0.0
2,logged_graph_minus_constrained,panel_7,2,1127020,greedy,0,0,0,0,0.0
2,logged_graph_minus_constrained,panel_7,2,1127021,greedy,0,0,-1,18,0.38095238095238093
2,logged_graph_minus_constrained,panel_7,2,1127022,greedy,0,-1,-1,29,0.84375
2,logged_graph_minus_constrained,panel_7,2,1127023,greedy,0,-1,-1,30,0.96875
2,logged_graph_minus_constrained,panel_7,2,1127024,greedy,0,0,0,1,0.022058823529411797
2,logged_graph_minus_constrained,panel_7,2,1127025,greedy,0,0,-1,18,0.8421052631578947
2,logged_graph_minus_constrained,panel_7,2,1127026,greedy,0,-1,-1,30,0.9375
2,logged_graph_minus_constrained,panel_7,2,1127027,greedy,0,0,0,0,-0.1875
2,logged_graph_minus_constrained,panel_7,2,1127028,greedy,0,0,0,0,0.40625
2,logged_graph_minus_constrained,panel_7,2,1127029,greedy,0,-1,-1,26,0.90625
2,logged_graph_minus_constrained,panel_7,2,1127030,greedy,0,0,0,0,0.03125
2,logged_graph_minus_constrained,panel_7,2,1127031,greedy,0,0,-1,10,0.7692307692307693
2,logged_graph_minus_constrained,panel_7,2,1127032,greedy,0,0,0,0,0.0
2,logged_graph_minus_constrained,panel_7,2,1127033,greedy,0,0,0,0,-0.0625
2,logged_graph_minus_constrained,panel_7,2,1127034,greedy,0,0,0,-20,-0.1693121693121693
2,logged_graph_minus_constrained,panel_7,2,1127035,greedy,0,0,-1,15,-0.2
2,logged_graph_minus_constrained,panel_7,2,1127036,greedy,0,-1,-1,30,0.4375
2,logged_graph_minus_constrained,panel_7,2,1127037,greedy,0,0,0,0,0.0
2,logged_graph_minus_constrained,panel_7,2,1127038,greedy,0,-1,0,17,0.19999999999999996
2,logged_graph_minus_constrained,panel_7,2,1127039,greedy,0,-1,0,14,0.1597222222222222
2,logged_graph_minus_constrained,panel_7,2,1127040,greedy,0,0,0,0,-0.15625
2,logged_graph_minus_constrained,panel_7,2,1127041,greedy,0,0,0,0,-0.625
2,logged_graph_minus_constrained,panel_7,2,1127042,greedy,0,0,0,0,0.65625
2,logged_graph_minus_constrained,panel_7,2,1127043,greedy,0,0,0,2,0.0
2,logged_graph_minus_constrained,panel_7,2,1127044,greedy,0,-1,-1,30,0.71875
2,logged_graph_minus_constrained,panel_7,2,1127045,greedy,0,-1,0,19,-0.3173076923076923
2,logged_graph_minus_constrained,panel_7,2,1127046,greedy,0,-1,0,8,0.14583333333333331
2,logged_graph_minus_constrained,panel_7,2,1127047,greedy,0,0,0,4,0.4
2,logged_graph_minus_constrained,panel_7,2,1127048,greedy,0,-1,0,23,-0.7152777777777778
2,logged_graph_minus_constrained,panel_7,2,1127049,greedy,0,-1,-1,28,0.9375
2,logged_graph_minus_constrained,panel_7,2,1127050,greedy,0,-1,0,12,-0.76875
2,logged_graph_minus_constrained,panel_7,2,1127051,greedy,0,0,0,0,0.0
2,logged_graph_minus_constrained,panel_7,2,1127052,greedy,0,0,0,0,0.0
2,logged_graph_minus_constrained,panel_7,2,1127053,greedy,0,0,0,0,0.0
2,logged_graph_minus_constrained,panel_7,2,1127054,greedy,0,0,1,-8,-0.4923076923076923
2,logged_graph_minus_constrained,panel_7,2,1127055,greedy,0,0,-1,23,0.41666666666666663
2,logged_graph_minus_constrained,panel_7,2,1127056,greedy,0,0,0,0,-0.0625
2,logged_graph_minus_constrained,panel_7,2,1127057,greedy,0,-1,0,10,0.15056818181818177
2,logged_graph_minus_constrained,panel_7,2,1127058,greedy,0,-1,-1,24,0.15625
2,logged_graph_minus_constrained,panel_7,2,1127059,greedy,0,0,0,-9,-0.8260869565217391
2,logged_graph_minus_constrained,panel_7,2,1127060,greedy,0,0,0,0,0.0
2,logged_graph_minus_constrained,panel_7,2,1127061,greedy,0,0,1,-6,-0.8571428571428571
2,logged_graph_minus_constrained,panel_7,2,1127062,greedy,0,0,0,0,0.0
2,logged_graph_minus_constrained,panel_7,2,1127063,greedy,0,-1,0,26,0.30208333333333337
2,logged_graph_minus_constrained,panel_7,2,1127064,greedy,0,0,0,0,0.0
3,logged_graph_minus_constrained,panel_0,0,1120000,greedy,0,0,0,0,0.0
3,logged_graph_minus_constrained,panel_0,0,1120001,greedy,0,-1,0,9,-0.2527173913043478
3,logged_graph_minus_constrained,panel_0,0,1120002,greedy,0,-1,-1,28,0.375
3,logged_graph_minus_constrained,panel_0,0,1120003,greedy,0,0,0,0,0.75
3,logged_graph_minus_constrained,panel_0,0,1120004,greedy,0,0,-1,17,0.7894736842105263
3,logged_graph_minus_constrained,panel_0,0,1120005,greedy,0,0,0,0,-0.71875
3,logged_graph_minus_constrained,panel_0,0,1120006,greedy,0,0,-1,10,0.8333333333333334
3,logged_graph_minus_constrained,panel_0,0,1120007,greedy,0,0,0,-1,0.09090909090909091
3,logged_graph_minus_constrained,panel_0,0,1120008,greedy,0,-1,-1,28,0.875
3,logged_graph_minus_constrained,panel_0,0,1120009,greedy,0,0,-1,6,0.0
3,logged_graph_minus_constrained,panel_0,0,1120010,greedy,0,1,0,-16,-0.375
3,logged_graph_minus_constrained,panel_0,0,1120011,greedy,0,-1,0,20,0.35416666666666663
3,logged_graph_minus_constrained,panel_0,0,1120012,greedy,0,0,-1,17,0.8095238095238095
3,logged_graph_minus_constrained,panel_0,0,1120013,greedy,0,0,0,0,-0.125
3,logged_graph_minus_constrained,panel_0,0,1120014,greedy,0,-1,-1,27,1.0
3,logged_graph_minus_constrained,panel_0,0,1120015,greedy,0,-1,0,24,0.8125
3,logged_graph_minus_constrained,panel_0,0,1120016,greedy,0,0,0,0,-0.1875
3,logged_graph_minus_constrained,panel_0,0,1120017,greedy,0,0,0,0,-0.46875
3,logged_graph_minus_constrained,panel_0,0,1120018,greedy,0,-1,0,3,0.053879310344827624
3,logged_graph_minus_constrained,panel_0,0,1120019,greedy,0,-1,-1,29,0.96875
3,logged_graph_minus_constrained,panel_0,0,1120020,greedy,0,0,-1,10,0.7272727272727273
3,logged_graph_minus_constrained,panel_0,0,1120021,greedy,0,0,0,15,-0.5380434782608696
3,logged_graph_minus_constrained,panel_0,0,1120022,greedy,0,0,0,0,0.0625
3,logged_graph_minus_constrained,panel_0,0,1120023,greedy,0,1,0,0,-0.03125
3,logged_graph_minus_constrained,panel_0,0,1120024,greedy,0,1,1,-31,-1.0
3,logged_graph_minus_constrained,panel_0,0,1120025,greedy,0,1,0,-7,-0.19999999999999996
3,logged_graph_minus_constrained,panel_0,0,1120026,greedy,0,0,0,0,0.0625
3,logged_graph_minus_constrained,panel_0,0,1120027,greedy,0,0,0,0,0.0
3,logged_graph_minus_constrained,panel_0,0,1120028,greedy,0,0,0,0,-0.53125
3,logged_graph_minus_constrained,panel_0,0,1120029,greedy,0,-1,0,3,0.07543103448275867
3,logged_graph_minus_constrained,panel_0,0,1120030,greedy,0,0,-1,26,0.3218390804597701
3,logged_graph_minus_constrained,panel_0,0,1120031,greedy,0,0,0,0,0.0
3,logged_graph_minus_constrained,panel_0,0,1120032,greedy,0,0,0,0,-0.0625
3,logged_graph_minus_constrained,panel_0,0,1120033,greedy,0,-1,-1,25,0.875
3,logged_graph_minus_constrained,panel_0,0,1120034,greedy,0,1,0,-5,-0.27662037037037035
3,logged_graph_minus_constrained,panel_0,0,1120035,greedy,0,0,0,0,-0.21875
3,logged_graph_minus_constrained,panel_0,0,1120037,greedy,0,-1,-1,24,0.78125
3,logged_graph_minus_constrained,panel_0,0,1120038,greedy,0,0,0,0,0.375
3,logged_graph_minus_constrained,panel_0,0,1120039,greedy,0,0,0,0,0.0
3,logged_graph_minus_constrained,panel_0,0,1120040,greedy,0,-1,0,17,-0.3458333333333333
3,logged_graph_minus_constrained,panel_0,0,1120041,greedy,0,0,0,0,-0.09375
3,logged_graph_minus_constrained,panel_0,0,1120042,greedy,0,-1,0,19,0.75
3,logged_graph_minus_constrained,panel_0,0,1120043,greedy,0,0,0,0,0.0
3,logged_graph_minus_constrained,panel_0,0,1120044,greedy,0,-1,-1,29,0.75
3,logged_graph_minus_constrained,panel_0,0,1120045,greedy,0,0,0,0,0.0
3,logged_graph_minus_constrained,panel_0,0,1120046,greedy,0,-1,-1,31,0.5625
3,logged_graph_minus_constrained,panel_0,0,1120047,greedy,0,0,0,0,-0.375
3,logged_graph_minus_constrained,panel_0,0,1120048,greedy,0,-1,0,4,0.0848214285714286
3,logged_graph_minus_constrained,panel_0,0,1120049,greedy,0,0,0,0,0.4375
3,logged_graph_minus_constrained,panel_0,0,1120050,greedy,0,0,1,-14,-0.5882352941176471
3,logged_graph_minus_constrained,panel_0,0,1120051,greedy,0,0,0,0,-0.34375
3,logged_graph_minus_constrained,panel_0,0,1120052,greedy,0,0,-1,26,0.21428571428571427
3,logged_graph_minus_constrained,panel_0,0,1120053,greedy,0,1,1,-22,-1.0
3,logged_graph_minus_constrained,panel_0,0,1120054,greedy,0,0,0,0,-0.25
3,logged_graph_minus_constrained,panel_0,0,1120055,greedy,0,1,0,-14,-0.07986111111111116
3,logged_graph_minus_constrained,panel_0,0,1120056,greedy,0,0,0,0,-0.4375
3,logged_graph_minus_constrained,panel_0,0,1120058,greedy,0,0,0,0,0.0
3,logged_graph_minus_constrained,panel_0,0,1120059,greedy,0,0,0,0,0.0
3,logged_graph_minus_constrained,panel_0,0,1120060,greedy,0,0,1,-15,-0.8823529411764706
3,logged_graph_minus_constrained,panel_0,0,1120061,greedy,0,0,0,0,0.0
3,logged_graph_minus_constrained,panel_0,0,1120062,greedy,0,0,0,0,-0.125
3,logged_graph_minus_constrained,panel_0,0,1120064,greedy,0,0,0,-12,-0.25625
3,logged_graph_minus_constrained,panel_0,0,1120065,greedy,0,0,0,0,-0.0625
3,logged_graph_minus_constrained,panel_0,0,1120066,greedy,0,0,0,0,0.09375
3,logged_graph_minus_constrained,panel_0,1,1120000,greedy,0,0,0,0,-0.84375
3,logged_graph_minus_constrained,panel_0,1,1120001,greedy,0,-1,0,16,0.25
3,logged_graph_minus_constrained,panel_0,1,1120002,greedy,0,1,0,-18,-0.2232142857142857
3,logged_graph_minus_constrained,panel_0,1,1120003,greedy,0,-1,-1,27,0.71875
3,logged_graph_minus_constrained,panel_0,1,1120004,greedy,0,0,-1,6,0.75
3,logged_graph_minus_constrained,panel_0,1,1120005,greedy,0,0,1,-26,-0.9285714285714286
3,logged_graph_minus_constrained,panel_0,1,1120006,greedy,0,-1,-1,30,0.65625
3,logged_graph_minus_constrained,panel_0,1,1120007,greedy,0,0,0,0,0.0
3,logged_graph_minus_constrained,panel_0,1,1120008,greedy,0,0,0,0,0.09375
3,logged_graph_minus_constrained,panel_0,1,1120009,greedy,0,0,-1,26,0.896551724137931
3,logged_graph_minus_constrained,panel_0,1,1120010,greedy,0,0,0,0,0.03125
3,logged_graph_minus_constrained,panel_0,1,1120011,greedy,0,-1,-1,27,0.84375
3,logged_graph_minus_constrained,panel_0,1,1120012,greedy,0,-1,-1,28,0.8125
3,logged_graph_minus_constrained,panel_0,1,1120013,greedy,0,0,0,0,-0.28125
3,logged_graph_minus_constrained,panel_0,1,1120014,greedy,0,0,0,0,0.15625
3,logged_graph_minus_constrained,panel_0,1,1120015,greedy,0,0,-1,9,0.8181818181818182
3,logged_graph_minus_constrained,panel_0,1,1120016,greedy,0,1,0,-18,0.0982142857142857
3,logged_graph_minus_constrained,panel_0,1,1120017,greedy,0,0,0,0,0.0
3,logged_graph_minus_constrained,panel_0,1,1120018,greedy,0,-1,-1,18,0.34375
3,logged_graph_minus_constrained,panel_0,1,1120019,greedy,0,-1,-1,29,0.9375
3,logged_graph_minus_constrained,panel_0,1,1120020,greedy,0,0,-1,4,0.4
3,logged_graph_minus_constrained,panel_0,1,1120021,greedy,0,-1,0,14,0.13541666666666663
3,logged_graph_minus_constrained,panel_0,1,1120022,greedy,0,0,0,0,0.375
3,logged_graph_minus_constrained,panel_0,1,1120023,greedy,0,0,-1,20,0.0
3,logged_graph_minus_constrained,panel_0,1,1120024,greedy,0,0,0,-6,0.0
3,logged_graph_minus_constrained,panel_0,1,1120025,greedy,0,0,0,0,0.0
3,logged_graph_minus_constrained,panel_0,1,1120026,greedy,0,0,0,0,0.0
3,logged_graph_minus_constrained,panel_0,1,1120027,greedy,0,0,-1,9,0.8181818181818182
3,logged_graph_minus_constrained,panel_0,1,1120028,greedy,0,0,0,0,-0.40625
3,logged_graph_minus_constrained,panel_0,1,1120029,greedy,0,0,1,-6,0.0
3,logged_graph_minus_constrained,panel_0,1,1120030,greedy,0,1,1,-30,-1.0
3,logged_graph_minus_constrained,panel_0,1,1120031,greedy,0,0,0,0,0.0
3,logged_graph_minus_constrained,panel_0,1,1120032,greedy,0,0,0,0,-0.125
3,logged_graph_minus_constrained,panel_0,1,1120033,greedy,0,0,-1,14,0.6666666666666666
3,logged_graph_minus_constrained,panel_0,1,1120034,greedy,0,0,-1,19,0.84
3,logged_graph_minus_constrained,panel_0,1,1120035,greedy,0,-1,0,13,0.23190789473684215
3,logged_graph_minus_constrained,panel_0,1,1120037,greedy,0,0,0,0,0.25
3,logged_graph_minus_constrained,panel_0,1,1120038,greedy,0,-1,0,17,0.23958333333333337
3,logged_graph_minus_constrained,panel_0,1,1120039,greedy,0,-1,-1,30,0.875
3,logged_graph_minus_constrained,panel_0,1,1120040,greedy,0,0,0,0,-0.71875
3,logged_graph_minus_constrained,panel_0,1,1120041,greedy,0,0,0,-7,-0.11666666666666659
3,logged_graph_minus_constrained,panel_0,1,1120042,greedy,0,0,-1,10,0.3157894736842105
3,logged_graph_minus_constrained,panel_0,1,1120043,greedy,0,0,0,0,-0.03125
3,logged_graph_minus_constrained,panel_0,1,1120044,greedy,0,0,0,1,0.25
3,logged_graph_minus_constrained,panel_0,1,1120045,greedy,0,0,-1,14,0.75
3,logged_graph_minus_constrained,panel_0,1,1120046,greedy,0,0,0,0,0.0
3,logged_graph_minus_constrained,panel_0,1,1120047,greedy,0,0,0,0,-0.25
3,logged_graph_minus_constrained,panel_0,1,1120048,greedy,0,0,0,0,-0.84375
3,logged_graph_minus_constrained,panel_0,1,1120049,greedy,0,-1,-1,25,0.625
3,logged_graph_minus_constrained,panel_0,1,1120050,greedy,0,0,0,0,-0.25
3,logged_graph_minus_constrained,panel_0,1,1120051,greedy,0,0,0,0,-0.09375
3,logged_graph_minus_constrained,panel_0,1,1120052,greedy,0,0,-1,23,0.6296296296296297
3,logged_graph_minus_constrained,panel_0,1,1120053,greedy,0,1,1,-22,-0.44375
3,logged_graph_minus_constrained,panel_0,1,1120054,greedy,0,-1,0,3,0.2920258620689655
3,logged_graph_minus_constrained,panel_0,1,1120055,greedy,0,0,-1,12,0.0
3,logged_graph_minus_constrained,panel_0,1,1120056,greedy,0,-1,-1,30,0.15625
3,logged_graph_minus_constrained,panel_0,1,1120058,greedy,0,0,0,0,0.0
3,logged_graph_minus_constrained,panel_0,1,1120059,greedy,0,0,0,0,-0.25
3,logged_graph_minus_constrained,panel_0,1,1120060,greedy,0,0,-1,23,0.92
3,logged_graph_minus_constrained,panel_0,1,1120061,greedy,0,0,1,-11,-0.8461538461538461
3,logged_graph_minus_constrained,panel_0,1,1120062,greedy,0,0,0,0,0.0
3,logged_graph_minus_constrained,panel_0,1,1120064,greedy,0,0,0,0,0.0
3,logged_graph_minus_constrained,panel_0,1,1120065,greedy,0,0,0,0,1.0
3,logged_graph_minus_constrained,panel_0,1,1120066,greedy,0,0,0,0,0.1875
3,logged_graph_minus_constrained,panel_0,2,1120000,greedy,0,1,1,-29,-0.96875
3,logged_graph_minus_constrained,panel_0,2,1120001,greedy,0,-1,-1,26,0.90625
3,logged_graph_minus_constrained,panel_0,2,1120002,greedy,0,0,0,0,0.09375
3,logged_graph_minus_constrained,panel_0,2,1120003,greedy,0,0,0,0,0.21875
3,logged_graph_minus_constrained,panel_0,2,1120004,greedy,0,0,0,9,-0.11111111111111116
3,logged_graph_minus_constrained,panel_0,2,1120005,greedy,0,0,0,-9,0.8181818181818182
3,logged_graph_minus_constrained,panel_0,2,1120006,greedy,0,-1,-1,30,0.25
3,logged_graph_minus_constrained,panel_0,2,1120007,greedy,0,0,-1,18,0.0
3,logged_graph_minus_constrained,panel_0,2,1120008,greedy,0,-1,-1,28,0.875
3,logged_graph_minus_constrained,panel_0,2,1120009,greedy,0,0,-1,29,0.90625
3,logged_graph_minus_constrained,panel_0,2,1120010,greedy,0,0,0,0,-0.21875
3,logged_graph_minus_constrained,panel_0,2,1120011,greedy,0,0,0,0,0.09375
3,logged_graph_minus_constrained,panel_0,2,1120012,greedy,0,0,-1,24,0.8571428571428571
3,logged_graph_minus_constrained,panel_0,2,1120013,greedy,0,-1,0,16,0.28125
3,logged_graph_minus_constrained,panel_0,2,1120014,greedy,0,-1,-1,28,0.6875
3,logged_graph_minus_constrained,panel_0,2,1120015,greedy,0,0,-1,18,0.0
3,logged_graph_minus_constrained,panel_0,2,1120016,greedy,0,1,0,-9,-0.21739130434782605
3,logged_graph_minus_constrained,panel_0,2,1120017,greedy,0,0,0,0,-0.0625
3,logged_graph_minus_constrained,panel_0,2,1120018,greedy,0,0,0,0,0.09375
3,logged_graph_minus_constrained,panel_0,2,1120019,greedy,0,-1,-1,29,0.9375
3,logged_graph_minus_constrained,panel_0,2,1120020,greedy,0,0,0,0,0.0
3,logged_graph_minus_constrained,panel_0,2,1120021,greedy,0,1,0,-11,-0.1116071428571429
3,logged_graph_minus_constrained,panel_0,2,1120022,greedy,0,0,0,0,0.40625
3,logged_graph_minus_constrained,panel_0,2,1120023,greedy,0,0,-1,14,0.7058823529411765
3,logged_graph_minus_constrained,panel_0,2,1120024,greedy,0,0,-1,25,0.9615384615384616
3,logged_graph_minus_constrained,panel_0,2,1120025,greedy,0,-1,0,7,0.19999999999999996
3,logged_graph_minus_constrained,panel_0,2,1120026,greedy,0,-1,0,13,0.8634868421052632
3,logged_graph_minus_constrained,panel_0,2,1120027,greedy,0,0,0,25,0.9354838709677419
3,logged_graph_minus_constrained,panel_0,2,1120028,greedy,0,-1,0,21,-0.10795454545454541
3,logged_graph_minus_constrained,panel_0,2,1120029,greedy,0,-1,-1,30,0.90625
3,logged_graph_minus_constrained,panel_0,2,1120030,greedy,0,0,0,-3,-0.8222222222222222
3,logged_graph_minus_constrained,panel_0,2,1120031,greedy,0,0,0,0,0.0
3,logged_graph_minus_constrained,panel_0,2,1120032,greedy,0,0,0,0,0.0
3,logged_graph_minus_constrained,panel_0,2,1120033,greedy,0,1,0,-8,-0.22916666666666663
3,logged_graph_minus_constrained,panel_0,2,1120034,greedy,0,-1,0,5,0.11689814814814814
3,logged_graph_minus_constrained,panel_0,2,1120035,greedy,0,-1,-1,29,0.96875
3,logged_graph_minus_constrained,panel_0,2,1120037,greedy,0,1,1,-28,-0.84375
3,logged_graph_minus_constrained,panel_0,2,1120038,greedy,0,0,0,0,-0.1875
3,logged_graph_minus_constrained,panel_0,2,1120039,greedy,0,-1,-1,30,0.8125
3,logged_graph_minus_constrained,panel_0,2,1120040,greedy,0,-1,-1,19,0.41346153846153844
3,logged_graph_minus_constrained,panel_0,2,1120041,greedy,0,1,0,-10,-0.4375
3,logged_graph_minus_constrained,panel_0,2,1120042,greedy,0,0,0,0,0.625
3,logged_graph_minus_constrained,panel_0,2,1120043,greedy,0,0,0,0,-0.59375
3,logged_graph_minus_constrained,panel_0,2,1120044,greedy,0,0,0,4,0.6190476190476191
3,logged_graph_minus_constrained,panel_0,2,1120045,greedy,0,0,0,9,0.0714285714285714
3,logged_graph_minus_constrained,panel_0,2,1120046,greedy,0,0,-1,17,0.5
3,logged_graph_minus_constrained,panel_0,2,1120047,greedy,0,0,0,0,-0.375
3,logged_graph_minus_constrained,panel_0,2,1120048,greedy,0,0,0,0,-0.0625
3,logged_graph_minus_constrained,panel_0,2,1120049,greedy,0,0,0,5,0.5
3,logged_graph_minus_constrained,panel_0,2,1120050,greedy,0,-1,-1,29,0.90625
3,logged_graph_minus_constrained,panel_0,2,1120051,greedy,0,1,1,-25,-0.78125
3,logged_graph_minus_constrained,panel_0,2,1120052,greedy,0,-1,-1,30,1.0
3,logged_graph_minus_constrained,panel_0,2,1120053,greedy,0,-1,0,7,0.05249999999999999
3,logged_graph_minus_constrained,panel_0,2,1120054,greedy,0,0,0,0,0.28125
3,logged_graph_minus_constrained,panel_0,2,1120055,greedy,0,0,0,0,0.0
3,logged_graph_minus_constrained,panel_0,2,1120056,greedy,0,0,-1,4,0.75
3,logged_graph_minus_constrained,panel_0,2,1120058,greedy,0,0,0,0,0.5
3,logged_graph_minus_constrained,panel_0,2,1120059,greedy,0,0,0,0,0.0
3,logged_graph_minus_constrained,panel_0,2,1120060,greedy,0,-1,-1,30,0.78125
3,logged_graph_minus_constrained,panel_0,2,1120061,greedy,0,-1,0,14,0.07986111111111116
3,logged_graph_minus_constrained,panel_0,2,1120062,greedy,0,0,0,0,0.0
3,logged_graph_minus_constrained,panel_0,2,1120064,greedy,0,0,0,0,0.0
3,logged_graph_minus_constrained,panel_0,2,1120065,greedy,0,0,0,0,-0.03125
3,logged_graph_minus_constrained,panel_0,2,1120066,greedy,0,0,0,0,0.03125
3,logged_graph_minus_constrained,panel_1,0,1121000,greedy,0,0,0,-8,-0.7777777777777778
3,logged_graph_minus_constrained,panel_1,0,1121001,greedy,0,0,-1,10,0.5714285714285714
3,logged_graph_minus_constrained,panel_1,0,1121002,greedy,0,0,0,0,0.0
3,logged_graph_minus_constrained,panel_1,0,1121003,greedy,0,0,0,0,-0.3125
3,logged_graph_minus_constrained,panel_1,0,1121004,greedy,0,0,0,0,0.0
3,logged_graph_minus_constrained,panel_1,0,1121005,greedy,0,-1,-1,27,1.0
3,logged_graph_minus_constrained,panel_1,0,1121006,greedy,0,0,-1,28,0.8666666666666667
3,logged_graph_minus_constrained,panel_1,0,1121007,greedy,0,0,0,0,-0.28125
3,logged_graph_minus_constrained,panel_1,0,1121008,greedy,0,0,0,0,0.03125
3,logged_graph_minus_constrained,panel_1,0,1121009,greedy,0,-1,-1,30,1.0
3,logged_graph_minus_constrained,panel_1,0,1121010,greedy,0,0,-1,22,0.9166666666666666
3,logged_graph_minus_constrained,panel_1,0,1121011,greedy,0,0,0,0,-0.78125
3,logged_graph_minus_constrained,panel_1,0,1121012,greedy,0,-1,-1,31,1.0
3,logged_graph_minus_constrained,panel_1,0,1121013,greedy,0,0,0,0,-0.375
3,logged_graph_minus_constrained,panel_1,0,1121014,greedy,0,-1,-1,28,0.65625
3,logged_graph_minus_constrained,panel_1,0,1121015,greedy,0,-1,0,15,0.8235294117647058
3,logged_graph_minus_constrained,panel_1,0,1121016,greedy,0,0,0,0,0.3125
3,logged_graph_minus_constrained,panel_1,0,1121017,greedy,0,-1,-1,29,0.53125
3,logged_graph_minus_constrained,panel_1,0,1121018,greedy,0,0,-1,19,0.8095238095238095
3,logged_graph_minus_constrained,panel_1,0,1121019,greedy,0,0,0,0,0.75
3,logged_graph_minus_constrained,panel_1,0,1121020,greedy,0,0,0,0,-0.0625
3,logged_graph_minus_constrained,panel_1,0,1121021,greedy,0,0,-1,14,0.7
3,logged_graph_minus_constrained,panel_1,0,1121022,greedy,0,0,0,0,0.0625
3,logged_graph_minus_constrained,panel_1,0,1121023,greedy,0,0,0,0,-0.28125
3,logged_graph_minus_constrained,panel_1,0,1121024,greedy,0,0,0,0,0.21875
3,logged_graph_minus_constrained,panel_1,0,1121025,greedy,0,0,1,-3,-0.75
3,logged_graph_minus_constrained,panel_1,0,1121026,greedy,0,0,0,0,0.09375
3,logged_graph_minus_constrained,panel_1,0,1121027,greedy,0,1,1,-29,-0.96875
3,logged_graph_minus_constrained,panel_1,0,1121028,greedy,0,0,0,0,-0.5625
3,logged_graph_minus_constrained,panel_1,0,1121029,greedy,0,0,-1,10,0.0
3,logged_graph_minus_constrained,panel_1,0,1121030,greedy,0,-1,0,22,0.08125000000000004
3,logged_graph_minus_constrained,panel_1,0,1121031,greedy,0,-1,-1,27,0.0
3,logged_graph_minus_constrained,panel_1,0,1121032,greedy,0,0,-1,28,0.896551724137931
3,logged_graph_minus_constrained,panel_1,0,1121034,greedy,0,-1,-1,29,0.875
3,logged_graph_minus_constrained,panel_1,0,1121035,greedy,0,-1,0,8,-0.41666666666666663
3,logged_graph_minus_constrained,panel_1,0,1121036,greedy,0,0,0,0,0.0
3,logged_graph_minus_constrained,panel_1,0,1121037,greedy,0,-1,-1,31,1.0
3,logged_graph_minus_constrained,panel_1,0,1121038,greedy,0,0,0,0,-0.0625
3,logged_graph_minus_constrained,panel_1,0,1121039,greedy,0,-1,0,13,-0.7894736842105263
3,logged_graph_minus_constrained,panel_1,0,1121040,greedy,0,1,0,-19,0.1923076923076923
3,logged_graph_minus_constrained,panel_1,0,1121041,greedy,0,0,-1,4,0.3333333333333333
3,logged_graph_minus_constrained,panel_1,0,1121042,greedy,0,0,1,-17,-0.8095238095238095
3,logged_graph_minus_constrained,panel_1,0,1121043,greedy,0,0,0,0,0.0
3,logged_graph_minus_constrained,panel_1,0,1121044,greedy,0,-1,-1,29,0.59375
3,logged_graph_minus_constrained,panel_1,0,1121045,greedy,0,0,1,-22,-0.8695652173913043
3,logged_graph_minus_constrained,panel_1,0,1121046,greedy,0,0,0,0,0.0625
3,logged_graph_minus_constrained,panel_1,0,1121047,greedy,0,0,0,0,0.0
3,logged_graph_minus_constrained,panel_1,0,1121048,greedy,0,0,-1,17,0.8095238095238095
3,logged_graph_minus_constrained,panel_1,0,1121049,greedy,0,0,0,0,-0.0625
3,logged_graph_minus_constrained,panel_1,0,1121050,greedy,0,0,-1,31,0.84375
3,logged_graph_minus_constrained,panel_1,0,1121051,greedy,0,-1,-1,28,0.96875
3,logged_graph_minus_constrained,panel_1,0,1121052,greedy,0,-1,-1,30,1.0
3,logged_graph_minus_constrained,panel_1,0,1121053,greedy,0,1,1,-25,-0.6205357142857143
3,logged_graph_minus_constrained,panel_1,0,1121054,greedy,0,0,1,-20,-0.5357142857142857
3,logged_graph_minus_constrained,panel_1,0,1121055,greedy,0,0,-1,11,0.9166666666666666
3,logged_graph_minus_constrained,panel_1,0,1121056,greedy,0,0,0,0,0.0
3,logged_graph_minus_constrained,panel_1,0,1121057,greedy,0,0,-1,12,0.42857142857142855
3,logged_graph_minus_constrained,panel_1,0,1121058,greedy,0,0,0,11,-0.6363636363636364
3,logged_graph_minus_constrained,panel_1,0,1121059,greedy,0,-1,-1,28,0.875
3,logged_graph_minus_constrained,panel_1,0,1121060,greedy,0,0,0,0,0.0625
3,logged_graph_minus_constrained,panel_1,0,1121061,greedy,0,0,1,-18,-0.9473684210526315
3,logged_graph_minus_constrained,panel_1,0,1121062,greedy,0,0,0,0,0.0
3,logged_graph_minus_constrained,panel_1,0,1121063,greedy,0,0,-1,30,0.06451612903225806
3,logged_graph_minus_constrained,panel_1,0,1121064,greedy,0,0,0,-8,-0.06237816764132553
3,logged_graph_minus_constrained,panel_1,1,1121000,greedy,0,1,0,-17,-0.20416666666666672
3,logged_graph_minus_constrained,panel_1,1,1121001,greedy,0,-1,0,21,-0.45454545454545453
3,logged_graph_minus_constrained,panel_1,1,1121002,greedy,0,0,0,5,0.3
3,logged_graph_minus_constrained,panel_1,1,1121003,greedy,0,0,0,0,0.0
3,logged_graph_minus_constrained,panel_1,1,1121004,greedy,0,-1,0,13,0.4111842105263158
3,logged_graph_minus_constrained,panel_1,1,1121005,greedy,0,-1,0,6,0.1923076923076923
3,logged_graph_minus_constrained,panel_1,1,1121006,greedy,0,0,-1,14,0.0
3,logged_graph_minus_constrained,panel_1,1,1121007,greedy,0,0,0,0,0.625
3,logged_graph_minus_constrained,panel_1,1,1121008,greedy,0,1,0,-24,-0.3125
3,logged_graph_minus_constrained,panel_1,1,1121009,greedy,0,1,0,-1,-0.32258064516129037
3,logged_graph_minus_constrained,panel_1,1,1121010,greedy,0,0,1,-24,-0.9230769230769231
3,logged_graph_minus_constrained,panel_1,1,1121011,greedy,0,-1,0,18,0.3035714285714286
3,logged_graph_minus_constrained,panel_1,1,1121012,greedy,0,-1,0,17,1.0
3,logged_graph_minus_constrained,panel_1,1,1121013,greedy,0,0,0,0,0.65625
3,logged_graph_minus_constrained,panel_1,1,1121014,greedy,0,-1,0,18,0.78125
3,logged_graph_minus_constrained,panel_1,1,1121015,greedy,0,-1,0,1,-0.3548387096774194
3,logged_graph_minus_constrained,panel_1,1,1121016,greedy,0,-1,-1,30,0.34375
3,logged_graph_minus_constrained,panel_1,1,1121017,greedy,0,-1,-1,29,0.90625
3,logged_graph_minus_constrained,panel_1,1,1121018,greedy,0,0,0,-12,0.0
3,logged_graph_minus_constrained,panel_1,1,1121019,greedy,0,0,0,0,0.0
3,logged_graph_minus_constrained,panel_1,1,1121020,greedy,0,0,0,0,-0.34375
3,logged_graph_minus_constrained,panel_1,1,1121021,greedy,0,-1,-1,26,0.8125
3,logged_graph_minus_constrained,panel_1,1,1121022,greedy,0,0,-1,9,0.32142857142857145
3,logged_graph_minus_constrained,panel_1,1,1121023,greedy,0,-1,0,8,-0.3958333333333333
3,logged_graph_minus_constrained,panel_1,1,1121024,greedy,0,0,0,0,0.8125
3,logged_graph_minus_constrained,panel_1,1,1121025,greedy,0,0,0,0,0.0
3,logged_graph_minus_constrained,panel_1,1,1121026,greedy,0,0,0,0,-0.03125
3,logged_graph_minus_constrained,panel_1,1,1121027,greedy,0,1,0,-12,-0.81875
3,logged_graph_minus_constrained,panel_1,1,1121028,greedy,0,1,0,-6,-0.4831730769230769
3,logged_graph_minus_constrained,panel_1,1,1121029,greedy,0,-1,-1,30,0.8125
3,logged_graph_minus_constrained,panel_1,1,1121030,greedy,0,-1,-1,29,0.75
3,logged_graph_minus_constrained,panel_1,1,1121031,greedy,0,0,0,0,0.0
3,logged_graph_minus_constrained,panel_1,1,1121032,greedy,0,0,-1,28,0.896551724137931
3,logged_graph_minus_constrained,panel_1,1,1121034,greedy,0,0,0,-7,-0.12352941176470589
3,logged_graph_minus_constrained,panel_1,1,1121035,greedy,0,-1,-1,30,1.0
3,logged_graph_minus_constrained,panel_1,1,1121036,greedy,0,0,-1,5,0.7142857142857143
3,logged_graph_minus_constrained,panel_1,1,1121037,greedy,0,0,0,-10,0.0
3,logged_graph_minus_constrained,panel_1,1,1121038,greedy,0,0,-1,15,0.027777777777777735
3,logged_graph_minus_constrained,panel_1,1,1121039,greedy,0,0,-1,12,0.0
3,logged_graph_minus_constrained,panel_1,1,1121040,greedy,0,0,-1,23,0.2413793103448276
3,logged_graph_minus_constrained,panel_1,1,1121041,greedy,0,-1,-1,30,0.875
3,logged_graph_minus_constrained,panel_1,1,1121042,greedy,0,0,-1,19,0.391304347826087
3,logged_graph_minus_constrained,panel_1,1,1121043,greedy,0,-1,-1,30,0.9375
3,logged_graph_minus_constrained,panel_1,1,1121044,greedy,0,-1,-1,29,0.125
3,logged_graph_minus_constrained,panel_1,1,1121045,greedy,0,0,-1,12,0.7692307692307693
3,logged_graph_minus_constrained,panel_1,1,1121046,greedy,0,0,0,0,0.71875
3,logged_graph_minus_constrained,panel_1,1,1121047,greedy,0,-1,-1,30,0.96875
3,logged_graph_minus_constrained,panel_1,1,1121048,greedy,0,0,0,0,-0.03125
3,logged_graph_minus_constrained,panel_1,1,1121049,greedy,0,-1,0,7,0.4975
3,logged_graph_minus_constrained,panel_1,1,1121050,greedy,0,0,0,0,0.0
3,logged_graph_minus_constrained,panel_1,1,1121051,greedy,0,1,0,-10,-0.35795454545454547
3,logged_graph_minus_constrained,panel_1,1,1121052,greedy,0,0,0,0,0.0
3,logged_graph_minus_constrained,panel_1,1,1121053,greedy,0,-1,0,3,0.11637931034482762
3,logged_graph_minus_constrained,panel_1,1,1121054,greedy,0,-1,0,2,0.0708333333333333
3,logged_graph_minus_constrained,panel_1,1,1121055,greedy,0,0,0,0,0.0
3,logged_graph_minus_constrained,panel_1,1,1121056,greedy,0,0,-1,30,0.967741935483871
3,logged_graph_minus_constrained,panel_1,1,1121057,greedy,0,-1,-1,30,0.875
3,logged_graph_minus_constrained,panel_1,1,1121058,greedy,0,0,-1,27,0.8064516129032258
3,logged_graph_minus_constrained,panel_1,1,1121059,greedy,0,0,0,5,0.04385964912280704
3,logged_graph_minus_constrained,panel_1,1,1121060,greedy,0,-1,0,7,0.52
3,logged_graph_minus_constrained,panel_1,1,1121061,greedy,0,0,-1,20,0.9523809523809523
3,logged_graph_minus_constrained,panel_1,1,1121062,greedy,0,0,-1,30,0.6451612903225806
3,logged_graph_minus_constrained,panel_1,1,1121063,greedy,0,0,0,0,0.0
3,logged_graph_minus_constrained,panel_1,1,1121064,greedy,0,0,0,0,0.0
3,logged_graph_minus_constrained,panel_1,2,1121000,greedy,0,-1,0,2,-0.022916666666666696
3,logged_graph_minus_constrained,panel_1,2,1121001,greedy,0,0,0,0,0.1875
3,logged_graph_minus_constrained,panel_1,2,1121002,greedy,0,0,0,0,0.3125
3,logged_graph_minus_constrained,panel_1,2,1121003,greedy,0,0,0,0,0.0
3,logged_graph_minus_constrained,panel_1,2,1121004,greedy,0,0,0,0,0.0
3,logged_graph_minus_constrained,panel_1,2,1121005,greedy,0,-1,0,19,0.3221153846153846
3,logged_graph_minus_constrained,panel_1,2,1121006,greedy,0,-1,0,14,-0.5138888888888888
3,logged_graph_minus_constrained,panel_1,2,1121007,greedy,0,0,1,-4,0.5
3,logged_graph_minus_constrained,panel_1,2,1121008,greedy,0,0,1,-14,-0.8235294117647058
3,logged_graph_minus_constrained,panel_1,2,1121009,greedy,0,-1,0,25,0.2857142857142857
3,logged_graph_minus_constrained,panel_1,2,1121010,greedy,0,0,0,14,-0.6083333333333334
3,logged_graph_minus_constrained,panel_1,2,1121011,greedy,0,-1,-1,24,0.875
3,logged_graph_minus_constrained,panel_1,2,1121012,greedy,0,0,1,-8,0.0
3,logged_graph_minus_constrained,panel_1,2,1121013,greedy,0,0,0,0,0.0
3,logged_graph_minus_constrained,panel_1,2,1121014,greedy,0,0,0,-2,0.09090909090909091
3,logged_graph_minus_constrained,panel_1,2,1121015,greedy,0,-1,-1,28,0.96875
3,logged_graph_minus_constrained,panel_1,2,1121016,greedy,0,0,-1,13,0.8666666666666667
3,logged_graph_minus_constrained,panel_1,2,1121017,greedy,0,0,0,6,0.15384615384615385
3,logged_graph_minus_constrained,panel_1,2,1121018,greedy,0,0,-1,22,0.0
3,logged_graph_minus_constrained,panel_1,2,1121019,greedy,0,0,0,0,0.1875
3,logged_graph_minus_constrained,panel_1,2,1121020,greedy,0,0,0,0,-0.125
3,logged_graph_minus_constrained,panel_1,2,1121021,greedy,0,-1,0,3,0.1443965517241379
3,logged_graph_minus_constrained,panel_1,2,1121022,greedy,0,-1,-1,28,0.9375
3,logged_graph_minus_constrained,panel_1,2,1121023,greedy,0,1,0,-3,-0.4989224137931034
3,logged_graph_minus_constrained,panel_1,2,1121024,greedy,0,-1,-1,30,1.0
3,logged_graph_minus_constrained,panel_1,2,1121025,greedy,0,0,-1,5,0.8333333333333334
3,logged_graph_minus_constrained,panel_1,2,1121026,greedy,0,0,0,0,0.0
3,logged_graph_minus_constrained,panel_1,2,1121027,greedy,0,0,0,0,-0.03125
3,logged_graph_minus_constrained,panel_1,2,1121028,greedy,0,-1,-1,27,0.40625
3,logged_graph_minus_constrained,panel_1,2,1121029,greedy,0,0,1,-10,0.0
3,logged_graph_minus_constrained,panel_1,2,1121030,greedy,0,0,0,11,0.08333333333333337
3,logged_graph_minus_constrained,panel_1,2,1121031,greedy,0,0,-1,15,0.2777777777777778
3,logged_graph_minus_constrained,panel_1,2,1121032,greedy,0,-1,-1,31,0.96875
3,logged_graph_minus_constrained,panel_1,2,1121034,greedy,0,0,0,0,0.0
3,logged_graph_minus_constrained,panel_1,2,1121035,greedy,0,0,0,0,-0.25
3,logged_graph_minus_constrained,panel_1,2,1121036,greedy,0,0,0,0,0.0
3,logged_graph_minus_constrained,panel_1,2,1121037,greedy,0,0,1,-14,-0.9333333333333333
3,logged_graph_minus_constrained,panel_1,2,1121038,greedy,0,0,0,0,0.375
3,logged_graph_minus_constrained,panel_1,2,1121039,greedy,0,0,-1,4,-0.3333333333333333
3,logged_graph_minus_constrained,panel_1,2,1121040,greedy,0,0,-1,12,0.75
3,logged_graph_minus_constrained,panel_1,2,1121041,greedy,0,0,-1,4,0.0
3,logged_graph_minus_constrained,panel_1,2,1121042,greedy,0,0,-1,17,0.8095238095238095
3,logged_graph_minus_constrained,panel_1,2,1121043,greedy,0,-1,0,19,0.2764423076923077
3,logged_graph_minus_constrained,panel_1,2,1121044,greedy,0,-1,-1,29,0.65625
3,logged_graph_minus_constrained,panel_1,2,1121045,greedy,0,0,0,0,0.0
3,logged_graph_minus_constrained,panel_1,2,1121046,greedy,0,1,0,-18,-0.2232142857142857
3,logged_graph_minus_constrained,panel_1,2,1121047,greedy,0,-1,-1,30,0.96875
3,logged_graph_minus_constrained,panel_1,2,1121048,greedy,0,0,-1,27,0.8709677419354839
3,logged_graph_minus_constrained,panel_1,2,1121049,greedy,0,0,0,0,0.0625
3,logged_graph_minus_constrained,panel_1,2,1121050,greedy,0,0,-1,19,0.95
3,logged_graph_minus_constrained,panel_1,2,1121051,greedy,0,0,0,0,-0.0625
3,logged_graph_minus_constrained,panel_1,2,1121052,greedy,0,0,0,0,0.0
3,logged_graph_minus_constrained,panel_1,2,1121053,greedy,0,0,0,0,-0.03125
3,logged_graph_minus_constrained,panel_1,2,1121054,greedy,0,-1,0,1,-0.058467741935483875
3,logged_graph_minus_constrained,panel_1,2,1121055,greedy,0,0,-1,6,0.8571428571428571
3,logged_graph_minus_constrained,panel_1,2,1121056,greedy,0,0,0,0,0.0
3,logged_graph_minus_constrained,panel_1,2,1121057,greedy,0,0,0,0,0.0
3,logged_graph_minus_constrained,panel_1,2,1121058,greedy,0,0,0,0,0.0
3,logged_graph_minus_constrained,panel_1,2,1121059,greedy,0,0,0,0,0.03125
3,logged_graph_minus_constrained,panel_1,2,1121060,greedy,0,1,0,-7,-0.19999999999999996
3,logged_graph_minus_constrained,panel_1,2,1121061,greedy,0,0,-1,24,0.96
3,logged_graph_minus_constrained,panel_1,2,1121062,greedy,0,0,0,0,0.0
3,logged_graph_minus_constrained,panel_1,2,1121063,greedy,0,0,-1,8,0.8888888888888888
3,logged_graph_minus_constrained,panel_1,2,1121064,greedy,0,0,0,0,0.0
3,logged_graph_minus_constrained,panel_2,0,1122000,greedy,0,0,0,0,0.0
3,logged_graph_minus_constrained,panel_2,0,1122001,greedy,0,0,0,0,0.0
3,logged_graph_minus_constrained,panel_2,0,1122002,greedy,0,0,0,0,0.0
3,logged_graph_minus_constrained,panel_2,0,1122003,greedy,0,0,-1,13,0.8125
3,logged_graph_minus_constrained,panel_2,0,1122004,greedy,0,-1,-1,29,0.34375
3,logged_graph_minus_constrained,panel_2,0,1122005,greedy,0,0,0,0,-0.03125
3,logged_graph_minus_constrained,panel_2,0,1122006,greedy,0,0,0,0,0.0
3,logged_graph_minus_constrained,panel_2,0,1122007,greedy,0,0,0,5,0.11363636363636365
3,logged_graph_minus_constrained,panel_2,0,1122008,greedy,0,-1,0,15,0.875
3,logged_graph_minus_constrained,panel_2,0,1122009,greedy,0,0,0,0,0.84375
3,logged_graph_minus_constrained,panel_2,0,1122010,greedy,0,0,0,0,0.0
3,logged_graph_minus_constrained,panel_2,0,1122011,greedy,0,-1,-1,29,0.96875
3,logged_graph_minus_constrained,panel_2,0,1122012,greedy,0,-1,-1,28,0.0
3,logged_graph_minus_constrained,panel_2,0,1122013,greedy,0,0,0,0,-0.15625
3,logged_graph_minus_constrained,panel_2,0,1122014,greedy,0,0,0,0,0.0
3,logged_graph_minus_constrained,panel_2,0,1122015,greedy,0,-1,-1,28,0.875
3,logged_graph_minus_constrained,panel_2,0,1122016,greedy,0,-1,-1,26,0.96875
3,logged_graph_minus_constrained,panel_2,0,1122017,greedy,0,-1,0,8,0.11458333333333337
3,logged_graph_minus_constrained,panel_2,0,1122018,greedy,0,0,-1,12,0.0
3,logged_graph_minus_constrained,panel_2,0,1122019,greedy,0,-1,-1,27,0.5
3,logged_graph_minus_constrained,panel_2,0,1122020,greedy,0,-1,-1,31,0.40625
3,logged_graph_minus_constrained,panel_2,0,1122021,greedy,0,0,0,0,0.0
3,logged_graph_minus_constrained,panel_2,0,1122022,greedy,0,0,0,-9,0.6111111111111112
3,logged_graph_minus_constrained,panel_2,0,1122023,greedy,0,0,-1,16,0.2222222222222222
3,logged_graph_minus_constrained,panel_2,0,1122024,greedy,0,0,-1,5,0.5555555555555556
3,logged_graph_minus_constrained,panel_2,0,1122025,greedy,0,0,0,-1,-0.5
3,logged_graph_minus_constrained,panel_2,0,1122026,greedy,0,0,0,1,0.3333333333333333
3,logged_graph_minus_constrained,panel_2,0,1122027,greedy,0,0,0,4,0.36363636363636365
3,logged_graph_minus_constrained,panel_2,0,1122028,greedy,0,0,-1,27,0.32142857142857145
3,logged_graph_minus_constrained,panel_2,0,1122030,greedy,0,0,0,0,0.0
3,logged_graph_minus_constrained,panel_2,0,1122031,greedy,0,0,0,4,-0.2596491228070175
3,logged_graph_minus_constrained,panel_2,0,1122032,greedy,0,0,0,0,-0.09375
3,logged_graph_minus_constrained,panel_2,0,1122033,greedy,0,-1,0,20,0.26041666666666663
3,logged_graph_minus_constrained,panel_2,0,1122034,greedy,0,-1,-1,27,0.1875
3,logged_graph_minus_constrained,panel_2,0,1122035,greedy,0,0,0,0,0.0
3,logged_graph_minus_constrained,panel_2,0,1122036,greedy,0,1,1,-29,-1.0
3,logged_graph_minus_constrained,panel_2,0,1122037,greedy,0,0,0,0,-0.625
3,logged_graph_minus_constrained,panel_2,0,1122038,greedy,0,-1,0,3,0.07866379310344829
3,logged_graph_minus_constrained,panel_2,0,1122039,greedy,0,-1,-1,29,0.84375
3,logged_graph_minus_constrained,panel_2,0,1122040,greedy,0,0,0,0,0.03125
3,logged_graph_minus_constrained,panel_2,0,1122041,greedy,0,-1,-1,29,0.90625
3,logged_graph_minus_constrained,panel_2,0,1122042,greedy,0,0,-1,23,0.92
3,logged_graph_minus_constrained,panel_2,0,1122043,greedy,0,0,-1,26,0.8
3,logged_graph_minus_constrained,panel_2,0,1122044,greedy,0,-1,0,14,-0.07986111111111116
3,logged_graph_minus_constrained,panel_2,0,1122045,greedy,0,0,-1,16,0.7368421052631579
3,logged_graph_minus_constrained,panel_2,0,1122046,greedy,0,0,-1,31,0.90625
3,logged_graph_minus_constrained,panel_2,0,1122047,greedy,0,-1,-1,26,0.59375
3,logged_graph_minus_constrained,panel_2,0,1122048,greedy,0,-1,0,12,0.125
3,logged_graph_minus_constrained,panel_2,0,1122049,greedy,0,-1,-1,31,0.5625
3,logged_graph_minus_constrained,panel_2,0,1122050,greedy,0,-1,0,21,1.0
3,logged_graph_minus_constrained,panel_2,0,1122052,greedy,0,0,0,0,0.0
3,logged_graph_minus_constrained,panel_2,0,1122053,greedy,0,0,0,11,0.8518518518518519
3,logged_graph_minus_constrained,panel_2,0,1122054,greedy,0,-1,0,25,0.2857142857142857
3,logged_graph_minus_constrained,panel_2,0,1122055,greedy,0,1,0,-4,-0.1830357142857143
3,logged_graph_minus_constrained,panel_2,0,1122056,greedy,0,0,0,0,0.0
3,logged_graph_minus_constrained,panel_2,0,1122057,greedy,0,0,0,0,0.03125
3,logged_graph_minus_constrained,panel_2,0,1122058,greedy,0,-1,0,12,-0.525
3,logged_graph_minus_constrained,panel_2,0,1122059,greedy,0,0,0,0,-0.4375
3,logged_graph_minus_constrained,panel_2,0,1122060,greedy,0,0,-1,18,0.8571428571428571
3,logged_graph_minus_constrained,panel_2,0,1122061,greedy,0,0,0,-2,0.0
3,logged_graph_minus_constrained,panel_2,0,1122062,greedy,0,0,-1,17,0.8947368421052632
3,logged_graph_minus_constrained,panel_2,0,1122063,greedy,0,0,0,-4,-0.5
3,logged_graph_minus_constrained,panel_2,0,1122064,greedy,0,0,0,0,0.0
3,logged_graph_minus_constrained,panel_2,0,1122065,greedy,0,0,0,0,0.0
3,logged_graph_minus_constrained,panel_2,1,1122000,greedy,0,0,0,0,0.0
3,logged_graph_minus_constrained,panel_2,1,1122001,greedy,0,0,0,0,0.0
3,logged_graph_minus_constrained,panel_2,1,1122002,greedy,0,0,-1,16,0.8421052631578947
3,logged_graph_minus_constrained,panel_2,1,1122003,greedy,0,0,-1,18,0.2857142857142857
3,logged_graph_minus_constrained,panel_2,1,1122004,greedy,0,-1,-1,27,0.875
3,logged_graph_minus_constrained,panel_2,1,1122005,greedy,0,0,0,0,0.0
3,logged_graph_minus_constrained,panel_2,1,1122006,greedy,0,0,-1,9,0.75
3,logged_graph_minus_constrained,panel_2,1,1122007,greedy,0,-1,-1,28,0.875
3,logged_graph_minus_constrained,panel_2,1,1122008,greedy,0,0,-1,23,0.8214285714285714
3,logged_graph_minus_constrained,panel_2,1,1122009,greedy,0,0,0,0,-0.65625
3,logged_graph_minus_constrained,panel_2,1,1122010,greedy,0,-1,-1,30,0.875
3,logged_graph_minus_constrained,panel_2,1,1122011,greedy,0,0,-1,19,0.8636363636363636
3,logged_graph_minus_constrained,panel_2,1,1122012,greedy,0,0,0,13,0.13978494623655913
3,logged_graph_minus_constrained,panel_2,1,1122013,greedy,0,-1,-1,25,0.875
3,logged_graph_minus_constrained,panel_2,1,1122014,greedy,0,0,0,0,0.0
3,logged_graph_minus_constrained,panel_2,1,1122015,greedy,0,0,-1,24,0.1875
3,logged_graph_minus_constrained,panel_2,1,1122016,greedy,0,0,-1,16,0.7272727272727273
3,logged_graph_minus_constrained,panel_2,1,1122017,greedy,0,0,0,0,0.34375
3,logged_graph_minus_constrained,panel_2,1,1122018,greedy,0,0,-1,17,0.85
3,logged_graph_minus_constrained,panel_2,1,1122019,greedy,0,-1,0,0,-0.125
3,logged_graph_minus_constrained,panel_2,1,1122020,greedy,0,0,0,0,0.0
3,logged_graph_minus_constrained,panel_2,1,1122021,greedy,0,0,0,0,-0.5454545454545454
3,logged_graph_minus_constrained,panel_2,1,1122022,greedy,0,1,0,-10,-0.8636363636363636
3,logged_graph_minus_constrained,panel_2,1,1122023,greedy,0,0,0,0,0.0
3,logged_graph_minus_constrained,panel_2,1,1122024,greedy,0,0,-1,7,0.6363636363636364
3,logged_graph_minus_constrained,panel_2,1,1122025,greedy,0,0,0,0,0.0
3,logged_graph_minus_constrained,panel_2,1,1122026,greedy,0,0,0,0,0.0
3,logged_graph_minus_constrained,panel_2,1,1122027,greedy,0,0,-1,9,0.24999999999999994
3,logged_graph_minus_constrained,panel_2,1,1122028,greedy,0,-1,0,8,0.7291666666666666
3,logged_graph_minus_constrained,panel_2,1,1122030,greedy,0,1,1,-31,-0.78125
3,logged_graph_minus_constrained,panel_2,1,1122031,greedy,0,-1,-1,26,0.6041666666666667
3,logged_graph_minus_constrained,panel_2,1,1122032,greedy,0,0,0,0,-0.09375
3,logged_graph_minus_constrained,panel_2,1,1122033,greedy,0,0,-1,9,0.6428571428571429
3,logged_graph_minus_constrained,panel_2,1,1122034,greedy,0,-1,-1,27,0.78125
3,logged_graph_minus_constrained,panel_2,1,1122035,greedy,0,0,0,0,-0.125
3,logged_graph_minus_constrained,panel_2,1,1122036,greedy,0,0,0,0,0.0
3,logged_graph_minus_constrained,panel_2,1,1122037,greedy,0,0,0,0,0.0625
3,logged_graph_minus_constrained,panel_2,1,1122038,greedy,0,-1,-1,25,0.1875
3,logged_graph_minus_constrained,panel_2,1,1122039,greedy,0,0,0,0,0.0
3,logged_graph_minus_constrained,panel_2,1,1122040,greedy,0,0,0,2,0.0
3,logged_graph_minus_constrained,panel_2,1,1122041,greedy,0,-1,-1,29,0.96875
3,logged_graph_minus_constrained,panel_2,1,1122042,greedy,0,0,0,2,0.5
3,logged_graph_minus_constrained,panel_2,1,1122043,greedy,0,0,1,-7,-0.7333333333333333
3,logged_graph_minus_constrained,panel_2,1,1122044,greedy,0,1,0,-4,-0.1830357142857143
3,logged_graph_minus_constrained,panel_2,1,1122045,greedy,0,-1,-1,29,0.1875
3,logged_graph_minus_constrained,panel_2,1,1122046,greedy,0,0,-1,30,0.967741935483871
3,logged_graph_minus_constrained,panel_2,1,1122047,greedy,0,0,0,-14,-0.19310344827586212
3,logged_graph_minus_constrained,panel_2,1,1122048,greedy,0,0,0,0,0.1875
3,logged_graph_minus_constrained,panel_2,1,1122049,greedy,0,0,0,0,0.0
3,logged_graph_minus_constrained,panel_2,1,1122050,greedy,0,-1,-1,29,0.78125
3,logged_graph_minus_constrained,panel_2,1,1122052,greedy,0,1,0,-11,-0.19047619047619047
3,logged_graph_minus_constrained,panel_2,1,1122053,greedy,0,0,-1,10,0.3571428571428571
3,logged_graph_minus_constrained,panel_2,1,1122054,greedy,0,-1,-1,30,1.0
3,logged_graph_minus_constrained,panel_2,1,1122055,greedy,0,-1,-1,26,0.65625
3,logged_graph_minus_constrained,panel_2,1,1122056,greedy,0,0,0,0,0.0
3,logged_graph_minus_constrained,panel_2,1,1122057,greedy,0,0,0,0,-0.0625
3,logged_graph_minus_constrained,panel_2,1,1122058,greedy,0,0,0,0,0.0
3,logged_graph_minus_constrained,panel_2,1,1122059,greedy,0,0,0,0,-0.4375
3,logged_graph_minus_constrained,panel_2,1,1122060,greedy,0,0,-1,20,0.5217391304347826
3,logged_graph_minus_constrained,panel_2,1,1122061,greedy,0,0,0,0,-0.4375
3,logged_graph_minus_constrained,panel_2,1,1122062,greedy,0,1,0,-15,-0.11764705882352944
3,logged_graph_minus_constrained,panel_2,1,1122063,greedy,0,-1,-1,26,0.875
3,logged_graph_minus_constrained,panel_2,1,1122064,greedy,0,0,1,-6,-0.8571428571428571
3,logged_graph_minus_constrained,panel_2,1,1122065,greedy,0,0,0,0,0.0
3,logged_graph_minus_constrained,panel_2,2,1122000,greedy,0,-1,-1,31,0.0
3,logged_graph_minus_constrained,panel_2,2,1122001,greedy,0,0,0,0,0.0
3,logged_graph_minus_constrained,panel_2,2,1122002,greedy,0,-1,0,25,0.90625
3,logged_graph_minus_constrained,panel_2,2,1122003,greedy,0,-1,-1,29,0.53125
3,logged_graph_minus_constrained,panel_2,2,1122004,greedy,0,-1,-1,29,0.875
3,logged_graph_minus_constrained,panel_2,2,1122005,greedy,0,0,0,0,0.03125
3,logged_graph_minus_constrained,panel_2,2,1122006,greedy,0,-1,-1,29,0.53125
3,logged_graph_minus_constrained,panel_2,2,1122007,greedy,0,0,0,0,0.0
3,logged_graph_minus_constrained,panel_2,2,1122008,greedy,0,-1,-1,27,0.84375
3,logged_graph_minus_constrained,panel_2,2,1122009,greedy,0,0,0,0,0.34375
3,logged_graph_minus_constrained,panel_2,2,1122010,greedy,0,0,-1,10,0.3333333333333333
3,logged_graph_minus_constrained,panel_2,2,1122011,greedy,0,-1,-1,29,0.9375
3,logged_graph_minus_constrained,panel_2,2,1122012,greedy,0,0,-1,17,0.8095238095238095
3,logged_graph_minus_constrained,panel_2,2,1122013,greedy,0,0,0,0,-0.34375
3,logged_graph_minus_constrained,panel_2,2,1122014,greedy,0,-1,-1,31,0.0625
3,logged_graph_minus_constrained,panel_2,2,1122015,greedy,0,0,0,0,-0.03125
3,logged_graph_minus_constrained,panel_2,2,1122016,greedy,0,0,0,6,0.0
3,logged_graph_minus_constrained,panel_2,2,1122017,greedy,0,0,0,0,0.46875
3,logged_graph_minus_constrained,panel_2,2,1122018,greedy,0,0,-1,5,0.125
3,logged_graph_minus_constrained,panel_2,2,1122019,greedy,0,-1,-1,27,0.84375
3,logged_graph_minus_constrained,panel_2,2,1122020,greedy,0,-1,-1,31,0.90625
3,logged_graph_minus_constrained,panel_2,2,1122021,greedy,0,1,1,-28,-0.9375
3,logged_graph_minus_constrained,panel_2,2,1122022,greedy,0,-1,0,15,0.17647058823529416
3,logged_graph_minus_constrained,panel_2,2,1122023,greedy,0,-1,-1,30,0.90625
3,logged_graph_minus_constrained,panel_2,2,1122024,greedy,0,0,0,0,0.0
3,logged_graph_minus_constrained,panel_2,2,1122025,greedy,0,0,-1,6,0.0
3,logged_graph_minus_constrained,panel_2,2,1122026,greedy,0,-1,-1,30,0.96875
3,logged_graph_minus_constrained,panel_2,2,1122027,greedy,0,-1,-1,25,0.8125
3,logged_graph_minus_constrained,panel_2,2,1122028,greedy,0,0,0,0,0.0
3,logged_graph_minus_constrained,panel_2,2,1122030,greedy,0,0,0,0,-0.375
3,logged_graph_minus_constrained,panel_2,2,1122031,greedy,0,-1,-1,28,0.9375
3,logged_graph_minus_constrained,panel_2,2,1122032,greedy,0,1,0,-10,0.2414772727272727
3,logged_graph_minus_constrained,panel_2,2,1122033,greedy,0,0,0,-7,0.3222222222222222
3,logged_graph_minus_constrained,panel_2,2,1122034,greedy,0,0,0,0,0.03125
3,logged_graph_minus_constrained,panel_2,2,1122035,greedy,0,0,0,0,-0.0625
3,logged_graph_minus_constrained,panel_2,2,1122036,greedy,0,0,0,0,0.03125
3,logged_graph_minus_constrained,panel_2,2,1122037,greedy,0,0,0,0,0.0
3,logged_graph_minus_constrained,panel_2,2,1122038,greedy,0,0,0,0,0.34375
3,logged_graph_minus_constrained,panel_2,2,1122039,greedy,0,0,0,-4,-0.1558441558441559
3,logged_graph_minus_constrained,panel_2,2,1122040,greedy,0,0,0,4,0.12987012987012986
3,logged_graph_minus_constrained,panel_2,2,1122041,greedy,0,0,0,2,0.0
3,logged_graph_minus_constrained,panel_2,2,1122042,greedy,0,0,-1,24,0.5384615384615384
3,logged_graph_minus_constrained,panel_2,2,1122043,greedy,0,0,1,-6,-0.6
3,logged_graph_minus_constrained,panel_2,2,1122044,greedy,0,0,0,0,0.0
3,logged_graph_minus_constrained,panel_2,2,1122045,greedy,0,-1,-1,29,0.59375
3,logged_graph_minus_constrained,panel_2,2,1122046,greedy,0,0,0,3,0.9666666666666667
3,logged_graph_minus_constrained,panel_2,2,1122047,greedy,0,-1,-1,26,0.875
3,logged_graph_minus_constrained,panel_2,2,1122048,greedy,0,0,-1,16,0.7619047619047619
3,logged_graph_minus_constrained,panel_2,2,1122049,greedy,0,0,0,0,0.0
3,logged_graph_minus_constrained,panel_2,2,1122050,greedy,0,0,0,0,0.4375
3,logged_graph_minus_constrained,panel_2,2,1122052,greedy,0,-1,-1,28,1.0
3,logged_graph_minus_constrained,panel_2,2,1122053,greedy,0,0,0,12,0.9230769230769231
3,logged_graph_minus_constrained,panel_2,2,1122054,greedy,0,-1,-1,30,1.0
3,logged_graph_minus_constrained,panel_2,2,1122055,greedy,0,-1,-1,24,0.59375
3,logged_graph_minus_constrained,panel_2,2,1122056,greedy,0,1,1,-26,-0.5520833333333334
3,logged_graph_minus_constrained,panel_2,2,1122057,greedy,0,-1,-1,23,-0.052083333333333315
3,logged_graph_minus_constrained,panel_2,2,1122058,greedy,0,0,0,0,0.03125
3,logged_graph_minus_constrained,panel_2,2,1122059,greedy,0,0,0,0,0.0
3,logged_graph_minus_constrained,panel_2,2,1122060,greedy,0,-1,-1,29,0.03125
3,logged_graph_minus_constrained,panel_2,2,1122061,greedy,0,0,0,0,0.0
3,logged_graph_minus_constrained,panel_2,2,1122062,greedy,0,0,0,0,0.0
3,logged_graph_minus_constrained,panel_2,2,1122063,greedy,0,0,0,0,0.0
3,logged_graph_minus_constrained,panel_2,2,1122064,greedy,0,0,-1,31,0.90625
3,logged_graph_minus_constrained,panel_2,2,1122065,greedy,0,0,0,0,0.0
3,logged_graph_minus_constrained,panel_3,0,1123000,greedy,0,0,1,-9,-0.75
3,logged_graph_minus_constrained,panel_3,0,1123001,greedy,0,0,-1,12,0.0
3,logged_graph_minus_constrained,panel_3,0,1123002,greedy,0,-1,-1,30,0.9375
3,logged_graph_minus_constrained,panel_3,0,1123003,greedy,0,0,1,-27,-0.8333333333333334
3,logged_graph_minus_constrained,panel_3,0,1123004,greedy,0,0,0,-4,-0.08333333333333337
3,logged_graph_minus_constrained,panel_3,0,1123005,greedy,0,0,0,0,0.0
3,logged_graph_minus_constrained,panel_3,0,1123006,greedy,0,0,1,-12,-0.8
3,logged_graph_minus_constrained,panel_3,0,1123007,greedy,0,0,-1,22,0.8148148148148148
3,logged_graph_minus_constrained,panel_3,0,1123008,greedy,0,-1,-1,27,0.75
3,logged_graph_minus_constrained,panel_3,0,1123009,greedy,0,0,0,0,-0.71875
3,logged_graph_minus_constrained,panel_3,0,1123010,greedy,0,-1,-1,28,1.0
3,logged_graph_minus_constrained,panel_3,0,1123011,greedy,0,-1,0,13,0.29605263157894735
3,logged_graph_minus_constrained,panel_3,0,1123012,greedy,0,0,0,0,-0.0625
3,logged_graph_minus_constrained,panel_3,0,1123013,greedy,0,-1,0,9,0.46467391304347827
3,logged_graph_minus_constrained,panel_3,0,1123014,greedy,0,0,0,0,-0.46875
3,logged_graph_minus_constrained,panel_3,0,1123015,greedy,0,1,0,-7,-0.09750000000000003
3,logged_graph_minus_constrained,panel_3,0,1123016,greedy,0,0,-1,6,0.4
3,logged_graph_minus_constrained,panel_3,0,1123017,greedy,0,-1,-1,29,1.0
3,logged_graph_minus_constrained,panel_3,0,1123018,greedy,0,0,0,0,0.0
3,logged_graph_minus_constrained,panel_3,0,1123019,greedy,0,-1,-1,31,1.0
3,logged_graph_minus_constrained,panel_3,0,1123020,greedy,0,0,0,0,0.0
3,logged_graph_minus_constrained,panel_3,0,1123021,greedy,0,-1,-1,29,0.5
3,logged_graph_minus_constrained,panel_3,0,1123022,greedy,0,0,0,0,0.0
3,logged_graph_minus_constrained,panel_3,0,1123023,greedy,0,0,0,0,0.0
3,logged_graph_minus_constrained,panel_3,0,1123024,greedy,0,1,0,-9,-0.11141304347826086
3,logged_graph_minus_constrained,panel_3,0,1123025,greedy,0,0,0,0,0.34375
3,logged_graph_minus_constrained,panel_3,0,1123026,greedy,0,0,1,-26,-0.6206896551724138
3,logged_graph_minus_constrained,panel_3,0,1123027,greedy,0,0,0,0,-0.0625
3,logged_graph_minus_constrained,panel_3,0,1123028,greedy,0,0,0,0,-0.125
3,logged_graph_minus_constrained,panel_3,0,1123029,greedy,0,0,0,0,0.0
3,logged_graph_minus_constrained,panel_3,0,1123030,greedy,0,0,0,0,-0.09375
3,logged_graph_minus_constrained,panel_3,0,1123031,greedy,0,0,0,0,-0.78125
3,logged_graph_minus_constrained,panel_3,0,1123032,greedy,0,0,0,2,0.0
3,logged_graph_minus_constrained,panel_3,0,1123033,greedy,0,1,0,-17,-0.20833333333333337
3,logged_graph_minus_constrained,panel_3,0,1123034,greedy,0,0,-1,28,0.8666666666666667
3,logged_graph_minus_constrained,panel_3,0,1123035,greedy,0,-1,-1,28,0.4375
3,logged_graph_minus_constrained,panel_3,0,1123036,greedy,0,-1,-1,29,0.90625
3,logged_graph_minus_constrained,panel_3,0,1123037,greedy,0,-1,-1,30,0.1875
3,logged_graph_minus_constrained,panel_3,0,1123038,greedy,0,0,0,0,0.0
3,logged_graph_minus_constrained,panel_3,0,1123039,greedy,0,0,0,-2,-0.09739130434782606
3,logged_graph_minus_constrained,panel_3,0,1123040,greedy,0,0,0,0,0.0
3,logged_graph_minus_constrained,panel_3,0,1123041,greedy,0,0,0,0,-0.28125
3,logged_graph_minus_constrained,panel_3,0,1123042,greedy,0,-1,0,16,0.4375
3,logged_graph_minus_constrained,panel_3,0,1123043,greedy,0,-1,0,11,0.34970238095238093
3,logged_graph_minus_constrained,panel_3,0,1123044,greedy,0,-1,-1,28,0.46875
3,logged_graph_minus_constrained,panel_3,0,1123045,greedy,0,-1,-1,28,0.65625
3,logged_graph_minus_constrained,panel_3,0,1123046,greedy,0,0,-1,20,0.9090909090909091
3,logged_graph_minus_constrained,panel_3,0,1123047,greedy,0,0,0,0,0.0
3,logged_graph_minus_constrained,panel_3,0,1123048,greedy,0,0,-1,7,0.6363636363636364
3,logged_graph_minus_constrained,panel_3,0,1123049,greedy,0,-1,0,22,0.4
3,logged_graph_minus_constrained,panel_3,0,1123050,greedy,0,0,-1,8,0.0
3,logged_graph_minus_constrained,panel_3,0,1123051,greedy,0,0,-1,14,0.9333333333333333
3,logged_graph_minus_constrained,panel_3,0,1123052,greedy,0,1,1,-22,-0.46875
3,logged_graph_minus_constrained,panel_3,0,1123053,greedy,0,0,0,0,0.0
3,logged_graph_minus_constrained,panel_3,0,1123054,greedy,0,0,0,0,0.0
3,logged_graph_minus_constrained,panel_3,0,1123055,greedy,0,0,0,0,-0.125
3,logged_graph_minus_constrained,panel_3,0,1123056,greedy,0,0,0,0,-0.25
3,logged_graph_minus_constrained,panel_3,0,1123057,greedy,0,-1,-1,30,0.96875
3,logged_graph_minus_constrained,panel_3,0,1123058,greedy,0,0,0,0,-0.84375
3,logged_graph_minus_constrained,panel_3,0,1123059,greedy,0,0,-1,12,0.26666666666666666
3,logged_graph_minus_constrained,panel_3,0,1123060,greedy,0,0,-1,14,0.5882352941176471
3,logged_graph_minus_constrained,panel_3,0,1123061,greedy,0,-1,-1,30,0.8125
3,logged_graph_minus_constrained,panel_3,0,1123062,greedy,0,-1,-1,31,0.0625
3,logged_graph_minus_constrained,panel_3,0,1123063,greedy,0,-1,-1,29,0.5
3,logged_graph_minus_constrained,panel_3,1,1123000,greedy,0,-1,0,12,0.15000000000000002
3,logged_graph_minus_constrained,panel_3,1,1123001,greedy,0,0,0,0,0.0
3,logged_graph_minus_constrained,panel_3,1,1123002,greedy,0,-1,0,3,0.9655172413793104
3,logged_graph_minus_constrained,panel_3,1,1123003,greedy,0,0,0,0,0.0625
3,logged_graph_minus_constrained,panel_3,1,1123004,greedy,0,-1,0,17,0.17291666666666672
3,logged_graph_minus_constrained,panel_3,1,1123005,greedy,0,0,-1,8,0.7272727272727273
3,logged_graph_minus_constrained,panel_3,1,1123006,greedy,0,-1,0,3,0.07219827586206895
3,logged_graph_minus_constrained,panel_3,1,1123007,greedy,0,-1,0,20,0.13541666666666663
3,logged_graph_minus_constrained,panel_3,1,1123008,greedy,0,0,0,0,-0.0625
3,logged_graph_minus_constrained,panel_3,1,1123009,greedy,0,0,0,0,0.0
3,logged_graph_minus_constrained,panel_3,1,1123010,greedy,0,0,0,0,0.0
3,logged_graph_minus_constrained,panel_3,1,1123011,greedy,0,0,0,0,0.03125
3,logged_graph_minus_constrained,panel_3,1,1123012,greedy,0,0,0,0,-0.125
3,logged_graph_minus_constrained,panel_3,1,1123013,greedy,0,-1,-1,29,0.9375
3,logged_graph_minus_constrained,panel_3,1,1123014,greedy,0,0,0,0,0.125
3,logged_graph_minus_constrained,panel_3,1,1123015,greedy,0,0,0,0,-0.21875
3,logged_graph_minus_constrained,panel_3,1,1123016,greedy,0,-1,-1,26,0.90625
3,logged_graph_minus_constrained,panel_3,1,1123017,greedy,0,0,0,0,0.0
3,logged_graph_minus_constrained,panel_3,1,1123018,greedy,0,-1,0,14,0.875
3,logged_graph_minus_constrained,panel_3,1,1123019,greedy,0,-1,-1,31,1.0
3,logged_graph_minus_constrained,panel_3,1,1123020,greedy,0,-1,-1,30,0.65625
3,logged_graph_minus_constrained,panel_3,1,1123021,greedy,0,-1,-1,26,0.15625
3,logged_graph_minus_constrained,panel_3,1,1123022,greedy,0,0,0,0,0.0
3,logged_graph_minus_constrained,panel_3,1,1123023,greedy,0,1,0,-13,0.03947368421052633
3,logged_graph_minus_constrained,panel_3,1,1123024,greedy,0,0,0,25,0.26881720430107525
3,logged_graph_minus_constrained,panel_3,1,1123025,greedy,0,0,-1,18,0.6363636363636364
3,logged_graph_minus_constrained,panel_3,1,1123026,greedy,0,0,1,-16,-0.8421052631578947
3,logged_graph_minus_constrained,panel_3,1,1123027,greedy,0,-1,-1,23,0.5416666666666667
3,logged_graph_minus_constrained,panel_3,1,1123028,greedy,0,0,-1,26,0.7741935483870968
3,logged_graph_minus_constrained,panel_3,1,1123029,greedy,0,-1,-1,29,0.875
3,logged_graph_minus_constrained,panel_3,1,1123030,greedy,0,0,0,0,-0.15625
3,logged_graph_minus_constrained,panel_3,1,1123031,greedy,0,0,0,0,0.0
3,logged_graph_minus_constrained,panel_3,1,1123032,greedy,0,0,0,1,-0.282051282051282
3,logged_graph_minus_constrained,panel_3,1,1123033,greedy,0,-1,-1,27,0.0
3,logged_graph_minus_constrained,panel_3,1,1123034,greedy,0,-1,-1,30,0.90625
3,logged_graph_minus_constrained,panel_3,1,1123035,greedy,0,1,1,-28,-0.59375
3,logged_graph_minus_constrained,panel_3,1,1123036,greedy,0,0,0,3,0.16666666666666666
3,logged_graph_minus_constrained,panel_3,1,1123037,greedy,0,0,1,-5,-0.7777777777777778
3,logged_graph_minus_constrained,panel_3,1,1123038,greedy,0,0,-1,12,0.7692307692307693
3,logged_graph_minus_constrained,panel_3,1,1123039,greedy,0,-1,-1,29,0.65625
3,logged_graph_minus_constrained,panel_3,1,1123040,greedy,0,-1,-1,31,0.46875
3,logged_graph_minus_constrained,panel_3,1,1123041,greedy,0,-1,-1,28,1.0
3,logged_graph_minus_constrained,panel_3,1,1123042,greedy,0,0,0,0,0.875
3,logged_graph_minus_constrained,panel_3,1,1123043,greedy,0,0,-1,25,0.7419354838709677
3,logged_graph_minus_constrained,panel_3,1,1123044,greedy,0,1,0,-14,0.2222222222222222
3,logged_graph_minus_constrained,panel_3,1,1123045,greedy,0,0,0,2,0.0
3,logged_graph_minus_constrained,panel_3,1,1123046,greedy,0,0,-1,15,0.8823529411764706
3,logged_graph_minus_constrained,panel_3,1,1123047,greedy,0,0,0,0,0.0
3,logged_graph_minus_constrained,panel_3,1,1123048,greedy,0,0,0,0,-0.75
3,logged_graph_minus_constrained,panel_3,1,1123049,greedy,0,-1,0,12,0.25625
3,logged_graph_minus_constrained,panel_3,1,1123050,greedy,0,1,0,-19,-0.23076923076923073
3,logged_graph_minus_constrained,panel_3,1,1123051,greedy,0,0,0,0,0.0
3,logged_graph_minus_constrained,panel_3,1,1123052,greedy,0,-1,-1,24,0.1875
3,logged_graph_minus_constrained,panel_3,1,1123053,greedy,0,0,-1,19,0.95
3,logged_graph_minus_constrained,panel_3,1,1123054,greedy,0,0,-1,18,0.6
3,logged_graph_minus_constrained,panel_3,1,1123055,greedy,0,0,0,0,-0.28125
3,logged_graph_minus_constrained,panel_3,1,1123056,greedy,0,-1,-1,27,0.6875
3,logged_graph_minus_constrained,panel_3,1,1123057,greedy,0,0,0,2,0.0
3,logged_graph_minus_constrained,panel_3,1,1123058,greedy,0,0,0,0,0.125
3,logged_graph_minus_constrained,panel_3,1,1123059,greedy,0,0,-1,10,0.7692307692307693
3,logged_graph_minus_constrained,panel_3,1,1123060,greedy,0,-1,-1,29,0.90625
3,logged_graph_minus_constrained,panel_3,1,1123061,greedy,0,-1,-1,30,0.40625
3,logged_graph_minus_constrained,panel_3,1,1123062,greedy,0,-1,0,19,-0.48557692307692313
3,logged_graph_minus_constrained,panel_3,1,1123063,greedy,0,0,-1,10,0.6153846153846154
3,logged_graph_minus_constrained,panel_3,2,1123000,greedy,0,0,0,6,0.051136363636363646
3,logged_graph_minus_constrained,panel_3,2,1123001,greedy,0,-1,-1,27,0.90625
3,logged_graph_minus_constrained,panel_3,2,1123002,greedy,0,0,0,0,-0.03125
3,logged_graph_minus_constrained,panel_3,2,1123003,greedy,0,-1,0,21,0.2414772727272727
3,logged_graph_minus_constrained,panel_3,2,1123004,greedy,0,1,0,-9,-0.08016304347826086
3,logged_graph_minus_constrained,panel_3,2,1123005,greedy,0,0,0,0,0.0
3,logged_graph_minus_constrained,panel_3,2,1123006,greedy,0,-1,0,5,0.11111111111111116
3,logged_graph_minus_constrained,panel_3,2,1123007,greedy,0,0,0,0,0.0
3,logged_graph_minus_constrained,panel_3,2,1123008,greedy,0,0,0,0,0.40625
3,logged_graph_minus_constrained,panel_3,2,1123009,greedy,0,0,0,2,0.4
3,logged_graph_minus_constrained,panel_3,2,1123010,greedy,0,0,0,0,0.0
3,logged_graph_minus_constrained,panel_3,2,1123011,greedy,0,-1,-1,26,0.75
3,logged_graph_minus_constrained,panel_3,2,1123012,greedy,0,1,1,-25,-0.8125
3,logged_graph_minus_constrained,panel_3,2,1123013,greedy,0,0,-1,8,0.7272727272727273
3,logged_graph_minus_constrained,panel_3,2,1123014,greedy,0,-1,-1,26,0.8125
3,logged_graph_minus_constrained,panel_3,2,1123015,greedy,0,0,0,0,0.0
3,logged_graph_minus_constrained,panel_3,2,1123016,greedy,0,0,0,0,-0.1875
3,logged_graph_minus_constrained,panel_3,2,1123017,greedy,0,-1,0,20,0.25
3,logged_graph_minus_constrained,panel_3,2,1123018,greedy,0,1,0,-8,-0.13541666666666663
3,logged_graph_minus_constrained,panel_3,2,1123019,greedy,0,0,0,17,0.07264957264957272
3,logged_graph_minus_constrained,panel_3,2,1123020,greedy,0,0,0,0,0.0
3,logged_graph_minus_constrained,panel_3,2,1123021,greedy,0,-1,-1,29,0.75
3,logged_graph_minus_constrained,panel_3,2,1123022,greedy,0,0,0,0,-0.03125
3,logged_graph_minus_constrained,panel_3,2,1123023,greedy,0,0,0,0,0.0
3,logged_graph_minus_constrained,panel_3,2,1123024,greedy,0,-1,-1,30,0.96875
3,logged_graph_minus_constrained,panel_3,2,1123025,greedy,0,0,0,0,0.03125
3,logged_graph_minus_constrained,panel_3,2,1123026,greedy,0,0,0,0,0.1875
3,logged_graph_minus_constrained,panel_3,2,1123027,greedy,0,0,0,0,-0.0625
3,logged_graph_minus_constrained,panel_3,2,1123028,greedy,0,-1,0,4,0.1473214285714286
3,logged_graph_minus_constrained,panel_3,2,1123029,greedy,0,-1,-1,29,0.875
3,logged_graph_minus_constrained,panel_3,2,1123030,greedy,0,0,0,0,-0.03125
3,logged_graph_minus_constrained,panel_3,2,1123031,greedy,0,0,0,-1,-0.009057971014492683
3,logged_graph_minus_constrained,panel_3,2,1123032,greedy,0,-1,0,2,0.16874999999999996
3,logged_graph_minus_constrained,panel_3,2,1123033,greedy,0,0,0,-1,-0.19565217391304346
3,logged_graph_minus_constrained,panel_3,2,1123034,greedy,0,0,-1,5,0.7142857142857143
3,logged_graph_minus_constrained,panel_3,2,1123035,greedy,0,0,0,0,-0.25
3,logged_graph_minus_constrained,panel_3,2,1123036,greedy,0,0,-1,26,0.0
3,logged_graph_minus_constrained,panel_3,2,1123037,greedy,0,0,0,-5,-0.11904761904761907
3,logged_graph_minus_constrained,panel_3,2,1123038,greedy,0,-1,-1,31,0.96875
3,logged_graph_minus_constrained,panel_3,2,1123039,greedy,0,-1,-1,26,0.34375
3,logged_graph_minus_constrained,panel_3,2,1123040,greedy,0,0,0,0,0.0
3,logged_graph_minus_constrained,panel_3,2,1123041,greedy,0,-1,-1,28,1.0
3,logged_graph_minus_constrained,panel_3,2,1123042,greedy,0,0,0,0,-0.3125
3,logged_graph_minus_constrained,panel_3,2,1123043,greedy,0,-1,-1,26,0.96875
3,logged_graph_minus_constrained,panel_3,2,1123044,greedy,0,0,0,6,0.12834224598930477
3,logged_graph_minus_constrained,panel_3,2,1123045,greedy,0,-1,-1,29,0.10416666666666669
3,logged_graph_minus_constrained,panel_3,2,1123046,greedy,0,-1,-1,30,0.96875
3,logged_graph_minus_constrained,panel_3,2,1123047,greedy,0,0,1,-19,-0.85
3,logged_graph_minus_constrained,panel_3,2,1123048,greedy,0,1,0,-11,-0.34970238095238093
3,logged_graph_minus_constrained,panel_3,2,1123049,greedy,0,-1,-1,26,0.9375
3,logged_graph_minus_constrained,panel_3,2,1123050,greedy,0,-1,-1,29,0.90625
3,logged_graph_minus_constrained,panel_3,2,1123051,greedy,0,0,1,-5,-0.8333333333333334
3,logged_graph_minus_constrained,panel_3,2,1123052,greedy,0,1,0,-18,-0.2321428571428571
3,logged_graph_minus_constrained,panel_3,2,1123053,greedy,0,0,-1,8,0.8888888888888888
3,logged_graph_minus_constrained,panel_3,2,1123054,greedy,0,0,-1,9,0.8181818181818182
3,logged_graph_minus_constrained,panel_3,2,1123055,greedy,0,0,0,0,0.125
3,logged_graph_minus_constrained,panel_3,2,1123056,greedy,0,0,0,0,-0.25
3,logged_graph_minus_constrained,panel_3,2,1123057,greedy,0,0,0,0,0.0
3,logged_graph_minus_constrained,panel_3,2,1123058,greedy,0,-1,0,2,-0.2895833333333333
3,logged_graph_minus_constrained,panel_3,2,1123059,greedy,0,0,0,0,0.0
3,logged_graph_minus_constrained,panel_3,2,1123060,greedy,0,0,-1,26,0.5517241379310345
3,logged_graph_minus_constrained,panel_3,2,1123061,greedy,0,-1,-1,30,0.90625
3,logged_graph_minus_constrained,panel_3,2,1123062,greedy,0,0,-1,8,0.0
3,logged_graph_minus_constrained,panel_3,2,1123063,greedy,0,0,0,3,0.5
3,logged_graph_minus_constrained,panel_4,0,1124000,greedy,0,-1,-1,30,0.90625
3,logged_graph_minus_constrained,panel_4,0,1124001,greedy,0,0,0,0,-0.125
3,logged_graph_minus_constrained,panel_4,0,1124002,greedy,0,0,-1,12,0.8571428571428571
3,logged_graph_minus_constrained,panel_4,0,1124004,greedy,0,0,0,0,-0.625
3,logged_graph_minus_constrained,panel_4,0,1124006,greedy,0,0,0,0,0.0
3,logged_graph_minus_constrained,panel_4,0,1124007,greedy,0,-1,-1,30,0.59375
3,logged_graph_minus_constrained,panel_4,0,1124008,greedy,0,0,0,0,-0.34375
3,logged_graph_minus_constrained,panel_4,0,1124009,greedy,0,0,0,0,0.0
3,logged_graph_minus_constrained,panel_4,0,1124010,greedy,0,0,0,4,0.5714285714285714
3,logged_graph_minus_constrained,panel_4,0,1124011,greedy,0,0,-1,28,0.7096774193548387
3,logged_graph_minus_constrained,panel_4,0,1124012,greedy,0,0,0,0,0.0
3,logged_graph_minus_constrained,panel_4,0,1124013,greedy,0,-1,-1,30,0.9375
3,logged_graph_minus_constrained,panel_4,0,1124014,greedy,0,0,-1,27,0.5862068965517241
3,logged_graph_minus_constrained,panel_4,0,1124015,greedy,0,0,0,0,0.25
3,logged_graph_minus_constrained,panel_4,0,1124016,greedy,0,0,0,0,0.0
3,logged_graph_minus_constrained,panel_4,0,1124017,greedy,0,0,0,0,-0.46875
3,logged_graph_minus_constrained,panel_4,0,1124019,greedy,0,0,0,0,-0.34375
3,logged_graph_minus_constrained,panel_4,0,1124020,greedy,0,0,0,15,0.2777777777777778
3,logged_graph_minus_constrained,panel_4,0,1124021,greedy,0,-1,0,15,-0.6985294117647058
3,logged_graph_minus_constrained,panel_4,0,1124023,greedy,0,-1,-1,28,0.4375
3,logged_graph_minus_constrained,panel_4,0,1124024,greedy,0,-1,-1,30,0.96875
3,logged_graph_minus_constrained,panel_4,0,1124025,greedy,0,0,-1,14,0.6666666666666666
3,logged_graph_minus_constrained,panel_4,0,1124026,greedy,0,0,0,0,0.0
3,logged_graph_minus_constrained,panel_4,0,1124027,greedy,0,0,-1,22,0.8461538461538461
3,logged_graph_minus_constrained,panel_4,0,1124028,greedy,0,0,0,0,0.0
3,logged_graph_minus_constrained,panel_4,0,1124029,greedy,0,0,0,0,-0.0625
3,logged_graph_minus_constrained,panel_4,0,1124030,greedy,0,0,0,0,-0.5625
3,logged_graph_minus_constrained,panel_4,0,1124031,greedy,0,0,0,0,-0.21875
3,logged_graph_minus_constrained,panel_4,0,1124032,greedy,0,-1,-1,31,0.5
3,logged_graph_minus_constrained,panel_4,0,1124033,greedy,0,0,0,0,0.0
3,logged_graph_minus_constrained,panel_4,0,1124034,greedy,0,0,1,-19,-0.7727272727272727
3,logged_graph_minus_constrained,panel_4,0,1124035,greedy,0,0,0,0,0.0
3,logged_graph_minus_constrained,panel_4,0,1124036,greedy,0,-1,0,24,0.40625
3,logged_graph_minus_constrained,panel_4,0,1124037,greedy,0,1,0,-16,-0.1875
3,logged_graph_minus_constrained,panel_4,0,1124038,greedy,0,-1,0,24,0.75
3,logged_graph_minus_constrained,panel_4,0,1124040,greedy,0,0,0,0,-0.03125
3,logged_graph_minus_constrained,panel_4,0,1124041,greedy,0,-1,-1,27,0.96875
3,logged_graph_minus_constrained,panel_4,0,1124042,greedy,0,0,0,-6,0.0
3,logged_graph_minus_constrained,panel_4,0,1124043,greedy,0,-1,-1,29,0.96875
3,logged_graph_minus_constrained,panel_4,0,1124044,greedy,0,-1,-1,28,0.90625
3,logged_graph_minus_constrained,panel_4,0,1124045,greedy,0,0,-1,7,0.5
3,logged_graph_minus_constrained,panel_4,0,1124046,greedy,0,1,0,-8,-0.5104166666666667
3,logged_graph_minus_constrained,panel_4,0,1124047,greedy,0,-1,-1,31,0.15625
3,logged_graph_minus_constrained,panel_4,0,1124048,greedy,0,-1,-1,30,0.0
3,logged_graph_minus_constrained,panel_4,0,1124049,greedy,0,-1,-1,29,0.875
3,logged_graph_minus_constrained,panel_4,0,1124050,greedy,0,0,0,0,-0.09375
3,logged_graph_minus_constrained,panel_4,0,1124051,greedy,0,-1,0,13,0.09539473684210531
3,logged_graph_minus_constrained,panel_4,0,1124052,greedy,0,0,0,0,-0.21875
3,logged_graph_minus_constrained,panel_4,0,1124053,greedy,0,0,-1,14,0.29166666666666663
3,logged_graph_minus_constrained,panel_4,0,1124054,greedy,0,0,0,0,0.0
3,logged_graph_minus_constrained,panel_4,0,1124055,greedy,0,-1,-1,31,1.0
3,logged_graph_minus_constrained,panel_4,0,1124057,greedy,0,0,0,0,-0.03125
3,logged_graph_minus_constrained,panel_4,0,1124058,greedy,0,1,1,-27,-1.0
3,logged_graph_minus_constrained,panel_4,0,1124059,greedy,0,0,-1,16,0.5
3,logged_graph_minus_constrained,panel_4,0,1124060,greedy,0,0,0,0,0.0
3,logged_graph_minus_constrained,panel_4,0,1124061,greedy,0,0,0,0,0.0
3,logged_graph_minus_constrained,panel_4,0,1124062,greedy,0,0,0,0,0.46875
3,logged_graph_minus_constrained,panel_4,0,1124063,greedy,0,0,0,-12,-0.18675721561969438
3,logged_graph_minus_constrained,panel_4,0,1124064,greedy,0,0,-1,24,0.0
3,logged_graph_minus_constrained,panel_4,0,1124065,greedy,0,-1,-1,26,0.84375
3,logged_graph_minus_constrained,panel_4,0,1124066,greedy,0,1,1,-29,0.0
3,logged_graph_minus_constrained,panel_4,0,1124067,greedy,0,0,-1,20,0.782608695652174
3,logged_graph_minus_constrained,panel_4,0,1124068,greedy,0,0,0,0,0.0
3,logged_graph_minus_constrained,panel_4,0,1124069,greedy,0,0,-1,25,0.9259259259259259
3,logged_graph_minus_constrained,panel_4,1,1124000,greedy,0,0,0,0,0.0
3,logged_graph_minus_constrained,panel_4,1,1124001,greedy,0,1,0,-23,-0.33333333333333337
3,logged_graph_minus_constrained,panel_4,1,1124002,greedy,0,0,0,1,0.5277777777777778
3,logged_graph_minus_constrained,panel_4,1,1124004,greedy,0,1,0,-7,-0.32875
3,logged_graph_minus_constrained,panel_4,1,1124006,greedy,0,0,0,12,0.2222222222222222
3,logged_graph_minus_constrained,panel_4,1,1124007,greedy,0,0,0,7,0.021943573667711602
3,logged_graph_minus_constrained,panel_4,1,1124008,greedy,0,-1,-1,30,0.90625
3,logged_graph_minus_constrained,panel_4,1,1124009,greedy,0,-1,-1,31,1.0
3,logged_graph_minus_constrained,panel_4,1,1124010,greedy,0,-1,-1,31,0.90625
3,logged_graph_minus_constrained,panel_4,1,1124011,greedy,0,0,0,13,0.8928571428571429
3,logged_graph_minus_constrained,panel_4,1,1124012,greedy,0,-1,-1,30,0.03125
3,logged_graph_minus_constrained,panel_4,1,1124013,greedy,0,0,0,0,0.0
3,logged_graph_minus_constrained,panel_4,1,1124014,greedy,0,0,0,2,0.0
3,logged_graph_minus_constrained,panel_4,1,1124015,greedy,0,-1,0,18,0.0580357142857143
3,logged_graph_minus_constrained,panel_4,1,1124016,greedy,0,0,-1,8,0.6666666666666666
3,logged_graph_minus_constrained,panel_4,1,1124017,greedy,0,1,0,-14,-0.9375
3,logged_graph_minus_constrained,panel_4,1,1124019,greedy,0,-1,0,25,0.125
3,logged_graph_minus_constrained,panel_4,1,1124020,greedy,0,-1,-1,28,0.6875
3,logged_graph_minus_constrained,panel_4,1,1124021,greedy,0,0,-1,15,0.7222222222222222
3,logged_graph_minus_constrained,panel_4,1,1124023,greedy,0,1,1,-30,-0.875
3,logged_graph_minus_constrained,panel_4,1,1124024,greedy,0,-1,0,20,0.84375
3,logged_graph_minus_constrained,panel_4,1,1124025,greedy,0,0,0,-3,-0.2894736842105263
3,logged_graph_minus_constrained,panel_4,1,1124026,greedy,0,-1,0,29,0.09375
3,logged_graph_minus_constrained,panel_4,1,1124027,greedy,0,-1,-1,28,0.96875
3,logged_graph_minus_constrained,panel_4,1,1124028,greedy,0,0,0,0,-0.1875
3,logged_graph_minus_constrained,panel_4,1,1124029,greedy,0,0,0,0,-0.15625
3,logged_graph_minus_constrained,panel_4,1,1124030,greedy,0,1,0,-19,-0.19951923076923073
3,logged_graph_minus_constrained,panel_4,1,1124031,greedy,0,0,0,0,-0.125
3,logged_graph_minus_constrained,panel_4,1,1124032,greedy,0,-1,-1,31,0.96875
3,logged_graph_minus_constrained,panel_4,1,1124033,greedy,0,-1,-1,31,1.0
3,logged_graph_minus_constrained,panel_4,1,1124034,greedy,0,0,0,15,0.08669354838709675
3,logged_graph_minus_constrained,panel_4,1,1124035,greedy,0,0,0,11,0.2272727272727273
3,logged_graph_minus_constrained,panel_4,1,1124036,greedy,0,-1,-1,30,0.1875
3,logged_graph_minus_constrained,panel_4,1,1124037,greedy,0,-1,-1,29,0.9375
3,logged_graph_minus_constrained,panel_4,1,1124038,greedy,0,1,0,-15,-0.7922794117647058
3,logged_graph_minus_constrained,panel_4,1,1124040,greedy,0,0,0,0,-0.03125
3,logged_graph_minus_constrained,panel_4,1,1124041,greedy,0,0,-1,21,0.6538461538461539
3,logged_graph_minus_constrained,panel_4,1,1124042,greedy,0,1,0,-8,0.3333333333333333
3,logged_graph_minus_constrained,panel_4,1,1124043,greedy,0,-1,-1,29,0.28125
3,logged_graph_minus_constrained,panel_4,1,1124044,greedy,0,1,0,-17,-0.17291666666666672
3,logged_graph_minus_constrained,panel_4,1,1124045,greedy,0,0,-1,10,0.8
3,logged_graph_minus_constrained,panel_4,1,1124046,greedy,0,0,0,0,-0.1875
3,logged_graph_minus_constrained,panel_4,1,1124047,greedy,0,0,0,0,0.0
3,logged_graph_minus_constrained,panel_4,1,1124048,greedy,0,-1,-1,30,0.90625
3,logged_graph_minus_constrained,panel_4,1,1124049,greedy,0,-1,0,11,0.9375
3,logged_graph_minus_constrained,panel_4,1,1124050,greedy,0,0,0,0,-0.0625
3,logged_graph_minus_constrained,panel_4,1,1124051,greedy,0,0,-1,22,0.88
3,logged_graph_minus_constrained,panel_4,1,1124052,greedy,0,0,0,0,-0.09375
3,logged_graph_minus_constrained,panel_4,1,1124053,greedy,0,-1,-1,22,0.40625
3,logged_graph_minus_constrained,panel_4,1,1124054,greedy,0,0,-1,21,0.5416666666666666
3,logged_graph_minus_constrained,panel_4,1,1124055,greedy,0,0,-1,8,0.8888888888888888
3,logged_graph_minus_constrained,panel_4,1,1124057,greedy,0,-1,0,8,0.4375
3,logged_graph_minus_constrained,panel_4,1,1124058,greedy,0,0,0,0,0.03125
3,logged_graph_minus_constrained,panel_4,1,1124059,greedy,0,-1,-1,28,0.65625
3,logged_graph_minus_constrained,panel_4,1,1124060,greedy,0,0,0,0,-0.1875
3,logged_graph_minus_constrained,panel_4,1,1124061,greedy,0,0,-1,14,0.8235294117647058
3,logged_graph_minus_constrained,panel_4,1,1124062,greedy,0,0,0,0,0.09375
3,logged_graph_minus_constrained,panel_4,1,1124063,greedy,0,0,0,0,0.0
3,logged_graph_minus_constrained,panel_4,1,1124064,greedy,0,-1,-1,29,0.5
3,logged_graph_minus_constrained,panel_4,1,1124065,greedy,0,-1,0,15,0.6433823529411764
3,logged_graph_minus_constrained,panel_4,1,1124066,greedy,0,1,1,-27,-0.0625
3,logged_graph_minus_constrained,panel_4,1,1124067,greedy,0,0,0,0,-0.46875
3,logged_graph_minus_constrained,panel_4,1,1124068,greedy,0,-1,0,9,0.90625
3,logged_graph_minus_constrained,panel_4,1,1124069,greedy,0,-1,-1,30,0.625
3,logged_graph_minus_constrained,panel_4,2,1124000,greedy,0,-1,-1,30,0.90625
3,logged_graph_minus_constrained,panel_4,2,1124001,greedy,0,1,0,-17,-0.9375
3,logged_graph_minus_constrained,panel_4,2,1124002,greedy,0,0,0,0,0.0
3,logged_graph_minus_constrained,panel_4,2,1124004,greedy,0,0,0,0,-0.21875
3,logged_graph_minus_constrained,panel_4,2,1124006,greedy,0,-1,0,22,0.19999999999999996
3,logged_graph_minus_constrained,panel_4,2,1124007,greedy,0,0,1,-15,-0.8823529411764706
3,logged_graph_minus_constrained,panel_4,2,1124008,greedy,0,-1,0,25,0.2857142857142857
3,logged_graph_minus_constrained,panel_4,2,1124009,greedy,0,-1,-1,31,0.9375
3,logged_graph_minus_constrained,panel_4,2,1124010,greedy,0,0,0,0,0.0
3,logged_graph_minus_constrained,panel_4,2,1124011,greedy,0,-1,-1,29,0.96875
3,logged_graph_minus_constrained,panel_4,2,1124012,greedy,0,0,0,0,0.0
3,logged_graph_minus_constrained,panel_4,2,1124013,greedy,0,1,1,-30,-0.96875
3,logged_graph_minus_constrained,panel_4,2,1124014,greedy,0,-1,-1,30,0.8125
3,logged_graph_minus_constrained,panel_4,2,1124015,greedy,0,0,0,0,0.0
3,logged_graph_minus_constrained,panel_4,2,1124016,greedy,0,-1,-1,31,0.96875
3,logged_graph_minus_constrained,panel_4,2,1124017,greedy,0,0,0,0,-0.3125
3,logged_graph_minus_constrained,panel_4,2,1124019,greedy,0,-1,0,18,-0.0625
3,logged_graph_minus_constrained,panel_4,2,1124020,greedy,0,-1,0,12,0.10624999999999996
3,logged_graph_minus_constrained,panel_4,2,1124021,greedy,0,0,0,7,-0.18333333333333335
3,logged_graph_minus_constrained,panel_4,2,1124023,greedy,0,0,0,5,0.6022727272727273
3,logged_graph_minus_constrained,panel_4,2,1124024,greedy,0,0,0,4,0.20833333333333337
3,logged_graph_minus_constrained,panel_4,2,1124025,greedy,0,0,1,-25,-0.6551724137931034
3,logged_graph_minus_constrained,panel_4,2,1124026,greedy,0,-1,-1,31,0.40625
3,logged_graph_minus_constrained,panel_4,2,1124027,greedy,0,-1,-1,24,1.0
3,logged_graph_minus_constrained,panel_4,2,1124028,greedy,0,0,0,0,-0.15625
3,logged_graph_minus_constrained,panel_4,2,1124029,greedy,0,0,0,0,0.0
3,logged_graph_minus_constrained,panel_4,2,1124030,greedy,0,-1,0,15,0.05147058823529416
3,logged_graph_minus_constrained,panel_4,2,1124031,greedy,0,0,0,0,-0.625
3,logged_graph_minus_constrained,panel_4,2,1124032,greedy,0,-1,0,25,-0.1383928571428571
3,logged_graph_minus_constrained,panel_4,2,1124033,greedy,0,0,-1,26,0.9629629629629629
3,logged_graph_minus_constrained,panel_4,2,1124034,greedy,0,-1,0,23,0.30208333333333337
3,logged_graph_minus_constrained,panel_4,2,1124035,greedy,0,0,0,0,-0.71875
3,logged_graph_minus_constrained,panel_4,2,1124036,greedy,0,0,0,-8,-0.5359477124183007
3,logged_graph_minus_constrained,panel_4,2,1124037,greedy,0,-1,0,20,0.25
3,logged_graph_minus_constrained,panel_4,2,1124038,greedy,0,-1,-1,30,0.84375
3,logged_graph_minus_constrained,panel_4,2,1124040,greedy,0,0,0,0,-0.0625
3,logged_graph_minus_constrained,panel_4,2,1124041,greedy,0,0,-1,12,0.7058823529411765
3,logged_graph_minus_constrained,panel_4,2,1124042,greedy,0,0,0,0,0.03125
3,logged_graph_minus_constrained,panel_4,2,1124043,greedy,0,0,-1,12,0.6666666666666666
3,logged_graph_minus_constrained,panel_4,2,1124044,greedy,0,0,1,-10,0.0
3,logged_graph_minus_constrained,panel_4,2,1124045,greedy,0,0,-1,28,0.8387096774193549
3,logged_graph_minus_constrained,panel_4,2,1124046,greedy,0,-1,-1,27,0.9375
3,logged_graph_minus_constrained,panel_4,2,1124047,greedy,0,0,0,0,0.0
3,logged_graph_minus_constrained,panel_4,2,1124048,greedy,0,1,0,-6,-0.90625
3,logged_graph_minus_constrained,panel_4,2,1124049,greedy,0,-1,0,13,0.1578947368421053
3,logged_graph_minus_constrained,panel_4,2,1124050,greedy,0,0,0,0,-0.25
3,logged_graph_minus_constrained,panel_4,2,1124051,greedy,0,-1,-1,27,0.6
3,logged_graph_minus_constrained,panel_4,2,1124052,greedy,0,0,0,0,0.0
3,logged_graph_minus_constrained,panel_4,2,1124053,greedy,0,0,0,0,0.0
3,logged_graph_minus_constrained,panel_4,2,1124054,greedy,0,0,-1,13,0.6875
3,logged_graph_minus_constrained,panel_4,2,1124055,greedy,0,0,-1,19,0.95
3,logged_graph_minus_constrained,panel_4,2,1124057,greedy,0,0,0,-3,-0.014814814814814836
3,logged_graph_minus_constrained,panel_4,2,1124058,greedy,0,0,0,0,-0.03125
3,logged_graph_minus_constrained,panel_4,2,1124059,greedy,0,0,0,11,0.07246376811594202
3,logged_graph_minus_constrained,panel_4,2,1124060,greedy,0,0,0,0,0.0
3,logged_graph_minus_constrained,panel_4,2,1124061,greedy,0,0,0,0,0.0
3,logged_graph_minus_constrained,panel_4,2,1124062,greedy,0,-1,0,19,0.5072115384615384
3,logged_graph_minus_constrained,panel_4,2,1124063,greedy,0,0,0,0,-0.125
3,logged_graph_minus_constrained,panel_4,2,1124064,greedy,0,-1,-1,29,0.5
3,logged_graph_minus_constrained,panel_4,2,1124065,greedy,0,-1,-1,26,1.0
3,logged_graph_minus_constrained,panel_4,2,1124066,greedy,0,-1,-1,29,0.90625
3,logged_graph_minus_constrained,panel_4,2,1124067,greedy,0,-1,-1,29,1.0
3,logged_graph_minus_constrained,panel_4,2,1124068,greedy,0,0,-1,18,0.42105263157894735
3,logged_graph_minus_constrained,panel_4,2,1124069,greedy,0,1,0,-2,-0.03541666666666665
3,logged_graph_minus_constrained,panel_5,0,1125000,greedy,0,-1,-1,29,0.53125
3,logged_graph_minus_constrained,panel_5,0,1125001,greedy,0,-1,-1,31,0.96875
3,logged_graph_minus_constrained,panel_5,0,1125002,greedy,0,0,0,0,-0.03125
3,logged_graph_minus_constrained,panel_5,0,1125003,greedy,0,0,0,0,0.0
3,logged_graph_minus_constrained,panel_5,0,1125004,greedy,0,-1,0,4,-0.5178571428571429
3,logged_graph_minus_constrained,panel_5,0,1125005,greedy,0,-1,-1,27,0.5625
3,logged_graph_minus_constrained,panel_5,0,1125006,greedy,0,0,-1,10,0.9090909090909091
3,logged_graph_minus_constrained,panel_5,0,1125007,greedy,0,-1,0,15,0.2628676470588235
3,logged_graph_minus_constrained,panel_5,0,1125008,greedy,0,0,0,0,0.0
3,logged_graph_minus_constrained,panel_5,0,1125009,greedy,0,1,0,-26,-0.33333333333333337
3,logged_graph_minus_constrained,panel_5,0,1125010,greedy,0,0,0,-2,0.0
3,logged_graph_minus_constrained,panel_5,0,1125011,greedy,0,0,-1,10,0.16666666666666666
3,logged_graph_minus_constrained,panel_5,0,1125012,greedy,0,0,0,0,0.0
3,logged_graph_minus_constrained,panel_5,0,1125013,greedy,0,0,1,-7,-0.5833333333333334
3,logged_graph_minus_constrained,panel_5,0,1125014,greedy,0,0,0,0,0.0
3,logged_graph_minus_constrained,panel_5,0,1125015,greedy,0,-1,0,15,0.5569852941176471
3,logged_graph_minus_constrained,panel_5,0,1125016,greedy,0,0,0,0,-0.125
3,logged_graph_minus_constrained,panel_5,0,1125017,greedy,0,0,0,0,0.03125
3,logged_graph_minus_constrained,panel_5,0,1125018,greedy,0,1,0,-6,-0.6153846153846154
3,logged_graph_minus_constrained,panel_5,0,1125019,greedy,0,0,0,0,0.0
3,logged_graph_minus_constrained,panel_5,0,1125020,greedy,0,0,0,0,0.0
3,logged_graph_minus_constrained,panel_5,0,1125021,greedy,0,-1,-1,28,0.03125
3,logged_graph_minus_constrained,panel_5,0,1125022,greedy,0,-1,-1,26,0.875
3,logged_graph_minus_constrained,panel_5,0,1125023,greedy,0,0,0,0,0.0
3,logged_graph_minus_constrained,panel_5,0,1125024,greedy,0,-1,-1,31,1.0
3,logged_graph_minus_constrained,panel_5,0,1125025,greedy,0,0,0,0,0.0
3,logged_graph_minus_constrained,panel_5,0,1125026,greedy,0,0,0,0,0.0
3,logged_graph_minus_constrained,panel_5,0,1125027,greedy,0,0,0,0,-0.03125
3,logged_graph_minus_constrained,panel_5,0,1125028,greedy,0,0,0,4,0.0
3,logged_graph_minus_constrained,panel_5,0,1125029,greedy,0,-1,-1,31,0.5
3,logged_graph_minus_constrained,panel_5,0,1125030,greedy,0,-1,-1,28,0.8125
3,logged_graph_minus_constrained,panel_5,0,1125031,greedy,0,0,0,0,0.0
3,logged_graph_minus_constrained,panel_5,0,1125032,greedy,0,0,-1,22,0.3333333333333333
3,logged_graph_minus_constrained,panel_5,0,1125033,greedy,0,0,-1,17,0.8947368421052632
3,logged_graph_minus_constrained,panel_5,0,1125034,greedy,0,-1,-1,29,0.90625
3,logged_graph_minus_constrained,panel_5,0,1125035,greedy,0,0,0,0,0.0
3,logged_graph_minus_constrained,panel_5,0,1125036,greedy,0,0,0,0,0.125
3,logged_graph_minus_constrained,panel_5,0,1125037,greedy,0,-1,-1,29,0.8125
3,logged_graph_minus_constrained,panel_5,0,1125038,greedy,0,0,-1,22,0.8333333333333334
3,logged_graph_minus_constrained,panel_5,0,1125039,greedy,0,0,0,0,0.0
3,logged_graph_minus_constrained,panel_5,0,1125040,greedy,0,0,-1,27,0.9
3,logged_graph_minus_constrained,panel_5,0,1125041,greedy,0,0,-1,21,0.84
3,logged_graph_minus_constrained,panel_5,0,1125042,greedy,0,0,-1,12,0.0
3,logged_graph_minus_constrained,panel_5,0,1125043,greedy,0,-1,-1,31,0.5
3,logged_graph_minus_constrained,panel_5,0,1125044,greedy,0,1,0,-1,-0.19455645161290325
3,logged_graph_minus_constrained,panel_5,0,1125045,greedy,0,1,0,0,-0.5
3,logged_graph_minus_constrained,panel_5,0,1125046,greedy,0,0,0,0,0.8125
3,logged_graph_minus_constrained,panel_5,0,1125047,greedy,0,0,0,0,0.09375
3,logged_graph_minus_constrained,panel_5,0,1125048,greedy,0,0,0,0,0.0
3,logged_graph_minus_constrained,panel_5,0,1125049,greedy,0,0,0,0,0.0
3,logged_graph_minus_constrained,panel_5,0,1125050,greedy,0,-1,0,8,0.3125
3,logged_graph_minus_constrained,panel_5,0,1125051,greedy,0,0,0,0,-0.1875
3,logged_graph_minus_constrained,panel_5,0,1125052,greedy,0,0,0,0,0.0
3,logged_graph_minus_constrained,panel_5,0,1125053,greedy,0,0,0,0,0.0
3,logged_graph_minus_constrained,panel_5,0,1125054,greedy,0,0,0,0,0.0
3,logged_graph_minus_constrained,panel_5,0,1125055,greedy,0,0,0,1,0.25
3,logged_graph_minus_constrained,panel_5,0,1125056,greedy,0,0,0,2,0.2857142857142857
3,logged_graph_minus_constrained,panel_5,0,1125057,greedy,0,0,0,0,0.0
3,logged_graph_minus_constrained,panel_5,0,1125058,greedy,0,0,0,0,0.0
3,logged_graph_minus_constrained,panel_5,0,1125059,greedy,0,0,0,7,0.07608695652173914
3,logged_graph_minus_constrained,panel_5,0,1125060,greedy,0,0,0,0,0.5625
3,logged_graph_minus_constrained,panel_5,0,1125061,greedy,0,0,0,2,-0.3614814814814815
3,logged_graph_minus_constrained,panel_5,0,1125062,greedy,0,0,-1,17,0.13636363636363635
3,logged_graph_minus_constrained,panel_5,0,1125063,greedy,0,0,0,0,0.0
3,logged_graph_minus_constrained,panel_5,1,1125000,greedy,0,0,0,0,0.75
3,logged_graph_minus_constrained,panel_5,1,1125001,greedy,0,-1,-1,31,0.71875
3,logged_graph_minus_constrained,panel_5,1,1125002,greedy,0,0,0,0,0.0
3,logged_graph_minus_constrained,panel_5,1,1125003,greedy,0,-1,0,4,-0.0267857142857143
3,logged_graph_minus_constrained,panel_5,1,1125004,greedy,0,0,0,0,0.0
3,logged_graph_minus_constrained,panel_5,1,1125005,greedy,0,0,0,0,-0.08695652173913049
3,logged_graph_minus_constrained,panel_5,1,1125006,greedy,0,0,1,-8,0.0
3,logged_graph_minus_constrained,panel_5,1,1125007,greedy,0,-1,0,24,0.3125
3,logged_graph_minus_constrained,panel_5,1,1125008,greedy,0,0,0,0,0.0
3,logged_graph_minus_constrained,panel_5,1,1125009,greedy,0,0,0,-3,0.6190476190476191
3,logged_graph_minus_constrained,panel_5,1,1125010,greedy,0,0,-1,24,0.96
3,logged_graph_minus_constrained,panel_5,1,1125011,greedy,0,0,0,1,-0.6
3,logged_graph_minus_constrained,panel_5,1,1125012,greedy,0,0,0,0,0.0
3,logged_graph_minus_constrained,panel_5,1,1125013,greedy,0,0,0,0,0.0
3,logged_graph_minus_constrained,panel_5,1,1125014,greedy,0,0,-1,2,0.0
3,logged_graph_minus_constrained,panel_5,1,1125015,greedy,0,1,0,-18,-0.3660714285714286
3,logged_graph_minus_constrained,panel_5,1,1125016,greedy,0,1,1,-25,-0.8258928571428572
3,logged_graph_minus_constrained,panel_5,1,1125017,greedy,0,1,0,-17,-0.30208333333333337
3,logged_graph_minus_constrained,panel_5,1,1125018,greedy,0,0,-1,15,0.7894736842105263
3,logged_graph_minus_constrained,panel_5,1,1125019,greedy,0,-1,-1,29,0.9375
3,logged_graph_minus_constrained,panel_5,1,1125020,greedy,0,0,0,0,0.0
3,logged_graph_minus_constrained,panel_5,1,1125021,greedy,0,0,1,-18,0.0
3,logged_graph_minus_constrained,panel_5,1,1125022,greedy,0,0,0,0,-0.0625
3,logged_graph_minus_constrained,panel_5,1,1125023,greedy,0,0,-1,13,0.7647058823529411
3,logged_graph_minus_constrained,panel_5,1,1125024,greedy,0,1,1,-31,-0.46875
3,logged_graph_minus_constrained,panel_5,1,1125025,greedy,0,-1,-1,28,0.84375
3,logged_graph_minus_constrained,panel_5,1,1125026,greedy,0,-1,-1,31,0.6875
3,logged_graph_minus_constrained,panel_5,1,1125027,greedy,0,0,0,0,-0.8125
3,logged_graph_minus_constrained,panel_5,1,1125028,greedy,0,0,-1,15,0.2631578947368421
3,logged_graph_minus_constrained,panel_5,1,1125029,greedy,0,0,0,0,0.0
3,logged_graph_minus_constrained,panel_5,1,1125030,greedy,0,-1,-1,28,0.4375
3,logged_graph_minus_constrained,panel_5,1,1125031,greedy,0,0,0,0,0.0
3,logged_graph_minus_constrained,panel_5,1,1125032,greedy,0,0,0,2,0.0
3,logged_graph_minus_constrained,panel_5,1,1125033,greedy,0,0,0,-2,0.0
3,logged_graph_minus_constrained,panel_5,1,1125034,greedy,0,-1,-1,29,0.4375
3,logged_graph_minus_constrained,panel_5,1,1125035,greedy,0,-1,0,23,0.90625
3,logged_graph_minus_constrained,panel_5,1,1125036,greedy,0,0,0,0,0.0
3,logged_graph_minus_constrained,panel_5,1,1125037,greedy,0,0,0,15,0.4090909090909091
3,logged_graph_minus_constrained,panel_5,1,1125038,greedy,0,-1,-1,30,0.84375
3,logged_graph_minus_constrained,panel_5,1,1125039,greedy,0,0,0,0,-0.0625
3,logged_graph_minus_constrained,panel_5,1,1125040,greedy,0,1,0,-10,0.11363636363636365
3,logged_graph_minus_constrained,panel_5,1,1125041,greedy,0,0,-1,11,0.17647058823529413
3,logged_graph_minus_constrained,panel_5,1,1125042,greedy,0,-1,-1,31,0.875
3,logged_graph_minus_constrained,panel_5,1,1125043,greedy,0,0,0,0,0.0
3,logged_graph_minus_constrained,panel_5,1,1125044,greedy,0,0,0,0,0.0625
3,logged_graph_minus_constrained,panel_5,1,1125045,greedy,0,-1,-1,26,0.875
3,logged_graph_minus_constrained,panel_5,1,1125046,greedy,0,1,1,-24,0.125
3,logged_graph_minus_constrained,panel_5,1,1125047,greedy,0,0,0,0,0.21875
3,logged_graph_minus_constrained,panel_5,1,1125048,greedy,0,0,0,0,0.0
3,logged_graph_minus_constrained,panel_5,1,1125049,greedy,0,1,0,-10,-0.36363636363636365
3,logged_graph_minus_constrained,panel_5,1,1125050,greedy,0,-1,-1,24,0.4375
3,logged_graph_minus_constrained,panel_5,1,1125051,greedy,0,-1,-1,27,-0.24375000000000002
3,logged_graph_minus_constrained,panel_5,1,1125052,greedy,0,-1,0,17,0.9375
3,logged_graph_minus_constrained,panel_5,1,1125053,greedy,0,1,0,-4,-0.2857142857142857
3,logged_graph_minus_constrained,panel_5,1,1125054,greedy,0,-1,0,15,0.875
3,logged_graph_minus_constrained,panel_5,1,1125055,greedy,0,0,0,9,-0.17701863354037262
3,logged_graph_minus_constrained,panel_5,1,1125056,greedy,0,0,0,3,0.08333333333333326
3,logged_graph_minus_constrained,panel_5,1,1125057,greedy,0,0,-1,14,0.125
3,logged_graph_minus_constrained,panel_5,1,1125058,greedy,0,0,-1,20,0.9090909090909091
3,logged_graph_minus_constrained,panel_5,1,1125059,greedy,0,0,0,17,0.027649769585253448
3,logged_graph_minus_constrained,panel_5,1,1125060,greedy,0,0,0,0,0.125
3,logged_graph_minus_constrained,panel_5,1,1125061,greedy,0,0,0,3,-0.3311688311688311
3,logged_graph_minus_constrained,panel_5,1,1125062,greedy,0,-1,-1,27,0.96875
3,logged_graph_minus_constrained,panel_5,1,1125063,greedy,0,0,-1,12,0.5333333333333333
3,logged_graph_minus_constrained,panel_5,2,1125000,greedy,0,0,-1,15,0.7222222222222222
3,logged_graph_minus_constrained,panel_5,2,1125001,greedy,0,0,1,-10,-0.9090909090909091
3,logged_graph_minus_constrained,panel_5,2,1125002,greedy,0,0,-1,12,0.8
3,logged_graph_minus_constrained,panel_5,2,1125003,greedy,0,-1,-1,31,0.5625
3,logged_graph_minus_constrained,panel_5,2,1125004,greedy,0,0,0,0,-0.25
3,logged_graph_minus_constrained,panel_5,2,1125005,greedy,0,0,-1,19,0.5416666666666666
3,logged_graph_minus_constrained,panel_5,2,1125006,greedy,0,-1,-1,31,0.875
3,logged_graph_minus_constrained,panel_5,2,1125007,greedy,0,-1,-1,29,0.90625
3,logged_graph_minus_constrained,panel_5,2,1125008,greedy,0,0,0,0,0.0
3,logged_graph_minus_constrained,panel_5,2,1125009,greedy,0,-1,-1,30,0.84375
3,logged_graph_minus_constrained,panel_5,2,1125010,greedy,0,-1,-1,31,1.0
3,logged_graph_minus_constrained,panel_5,2,1125011,greedy,0,0,0,9,0.11111111111111105
3,logged_graph_minus_constrained,panel_5,2,1125012,greedy,0,0,0,0,0.0
3,logged_graph_minus_constrained,panel_5,2,1125013,greedy,0,0,0,0,-0.09375
3,logged_graph_minus_constrained,panel_5,2,1125014,greedy,0,0,-1,8,0.0
3,logged_graph_minus_constrained,panel_5,2,1125015,greedy,0,0,0,0,0.09375
3,logged_graph_minus_constrained,panel_5,2,1125016,greedy,0,1,1,-26,-0.96875
3,logged_graph_minus_constrained,panel_5,2,1125017,greedy,0,0,0,0,0.0
3,logged_graph_minus_constrained,panel_5,2,1125018,greedy,0,0,-1,24,0.7857142857142857
3,logged_graph_minus_constrained,panel_5,2,1125019,greedy,0,0,0,0,0.0
3,logged_graph_minus_constrained,panel_5,2,1125020,greedy,0,-1,-1,26,0.6666666666666667
3,logged_graph_minus_constrained,panel_5,2,1125021,greedy,0,0,0,9,0.3894736842105263
3,logged_graph_minus_constrained,panel_5,2,1125022,greedy,0,-1,0,14,0.65625
3,logged_graph_minus_constrained,panel_5,2,1125023,greedy,0,-1,-1,28,0.90625
3,logged_graph_minus_constrained,panel_5,2,1125024,greedy,0,0,0,0,0.0
3,logged_graph_minus_constrained,panel_5,2,1125025,greedy,0,0,0,0,0.03125
3,logged_graph_minus_constrained,panel_5,2,1125026,greedy,0,0,0,0,0.0
3,logged_graph_minus_constrained,panel_5,2,1125027,greedy,0,0,0,0,0.15625
3,logged_graph_minus_constrained,panel_5,2,1125028,greedy,0,-1,-1,28,0.96875
3,logged_graph_minus_constrained,panel_5,2,1125029,greedy,0,0,-1,2,0.0
3,logged_graph_minus_constrained,panel_5,2,1125030,greedy,0,-1,-1,28,0.875
3,logged_graph_minus_constrained,panel_5,2,1125031,greedy,0,0,0,0,0.0
3,logged_graph_minus_constrained,panel_5,2,1125032,greedy,0,-1,-1,30,0.90625
3,logged_graph_minus_constrained,panel_5,2,1125033,greedy,0,1,1,-30,-0.96875
3,logged_graph_minus_constrained,panel_5,2,1125034,greedy,0,0,-1,11,0.35714285714285715
3,logged_graph_minus_constrained,panel_5,2,1125035,greedy,0,0,-1,26,0.8275862068965517
3,logged_graph_minus_constrained,panel_5,2,1125036,greedy,0,0,0,0,0.0
3,logged_graph_minus_constrained,panel_5,2,1125037,greedy,0,0,0,0,0.0
3,logged_graph_minus_constrained,panel_5,2,1125038,greedy,0,0,-1,4,0.6666666666666666
3,logged_graph_minus_constrained,panel_5,2,1125039,greedy,0,0,0,0,0.0
3,logged_graph_minus_constrained,panel_5,2,1125040,greedy,0,0,0,0,0.09375
3,logged_graph_minus_constrained,panel_5,2,1125041,greedy,0,-1,-1,28,0.1875
3,logged_graph_minus_constrained,panel_5,2,1125042,greedy,0,0,0,0,0.0
3,logged_graph_minus_constrained,panel_5,2,1125043,greedy,0,-1,-1,31,0.78125
3,logged_graph_minus_constrained,panel_5,2,1125044,greedy,0,-1,0,17,0.23958333333333337
3,logged_graph_minus_constrained,panel_5,2,1125045,greedy,0,1,0,-16,0.5
3,logged_graph_minus_constrained,panel_5,2,1125046,greedy,0,1,1,-28,-0.40625
3,logged_graph_minus_constrained,panel_5,2,1125047,greedy,0,0,0,0,-0.125
3,logged_graph_minus_constrained,panel_5,2,1125048,greedy,0,0,-1,5,0.8333333333333334
3,logged_graph_minus_constrained,panel_5,2,1125049,greedy,0,0,0,0,0.0
3,logged_graph_minus_constrained,panel_5,2,1125050,greedy,0,0,0,2,0.0535714285714286
3,logged_graph_minus_constrained,panel_5,2,1125051,greedy,0,-1,0,2,0.06874999999999998
3,logged_graph_minus_constrained,panel_5,2,1125052,greedy,0,1,0,-12,-0.1875
3,logged_graph_minus_constrained,panel_5,2,1125053,greedy,0,1,0,-1,-0.3558467741935484
3,logged_graph_minus_constrained,panel_5,2,1125054,greedy,0,1,1,-18,-0.5
3,logged_graph_minus_constrained,panel_5,2,1125055,greedy,0,0,-1,23,0.8846153846153846
3,logged_graph_minus_constrained,panel_5,2,1125056,greedy,0,-1,-1,25,0.5267857142857143
3,logged_graph_minus_constrained,panel_5,2,1125057,greedy,0,0,0,0,0.0
3,logged_graph_minus_constrained,panel_5,2,1125058,greedy,0,0,-1,15,0.8823529411764706
3,logged_graph_minus_constrained,panel_5,2,1125059,greedy,0,0,-1,14,0.7777777777777778
3,logged_graph_minus_constrained,panel_5,2,1125060,greedy,0,0,0,0,0.5625
3,logged_graph_minus_constrained,panel_5,2,1125061,greedy,0,0,1,-19,-0.7916666666666666
3,logged_graph_minus_constrained,panel_5,2,1125062,greedy,0,0,-1,21,0.8076923076923077
3,logged_graph_minus_constrained,panel_5,2,1125063,greedy,0,0,-1,29,0.40625
3,logged_graph_minus_constrained,panel_6,0,1126000,greedy,0,-1,-1,28,0.96875
3,logged_graph_minus_constrained,panel_6,0,1126001,greedy,0,0,0,-14,-0.3532763532763532
3,logged_graph_minus_constrained,panel_6,0,1126002,greedy,0,1,0,-13,-0.11019736842105265
3,logged_graph_minus_constrained,panel_6,0,1126004,greedy,0,0,-1,19,0.9047619047619048
3,logged_graph_minus_constrained,panel_6,0,1126005,greedy,0,-1,0,4,-0.28125
3,logged_graph_minus_constrained,panel_6,0,1126006,greedy,0,0,0,0,0.0
3,logged_graph_minus_constrained,panel_6,0,1126007,greedy,0,0,-1,23,0.92
3,logged_graph_minus_constrained,panel_6,0,1126008,greedy,0,0,-1,21,0.7307692307692307
3,logged_graph_minus_constrained,panel_6,0,1126009,greedy,0,-1,-1,31,1.0
3,logged_graph_minus_constrained,panel_6,0,1126010,greedy,0,0,0,0,0.0
3,logged_graph_minus_constrained,panel_6,0,1126011,greedy,0,0,0,0,0.0
3,logged_graph_minus_constrained,panel_6,0,1126012,greedy,0,0,0,0,0.0
3,logged_graph_minus_constrained,panel_6,0,1126013,greedy,0,0,0,0,-0.5
3,logged_graph_minus_constrained,panel_6,0,1126014,greedy,0,-1,0,10,-0.07386363636363635
3,logged_graph_minus_constrained,panel_6,0,1126015,greedy,0,-1,-1,27,0.46875
3,logged_graph_minus_constrained,panel_6,0,1126016,greedy,0,0,-1,20,0.6666666666666666
3,logged_graph_minus_constrained,panel_6,0,1126017,greedy,0,0,-1,15,0.45
3,logged_graph_minus_constrained,panel_6,0,1126018,greedy,0,0,0,0,-0.40625
3,logged_graph_minus_constrained,panel_6,0,1126019,greedy,0,0,-1,16,0.0
3,logged_graph_minus_constrained,panel_6,0,1126020,greedy,0,0,0,0,-0.71875
3,logged_graph_minus_constrained,panel_6,0,1126021,greedy,0,1,0,-5,-0.4814814814814815
3,logged_graph_minus_constrained,panel_6,0,1126022,greedy,0,-1,-1,28,0.9375
3,logged_graph_minus_constrained,panel_6,0,1126023,greedy,0,0,0,0,0.09375
3,logged_graph_minus_constrained,panel_6,0,1126024,greedy,0,0,0,0,0.0
3,logged_graph_minus_constrained,panel_6,0,1126025,greedy,0,0,1,-6,0.0
3,logged_graph_minus_constrained,panel_6,0,1126026,greedy,0,1,1,-29,-1.0
3,logged_graph_minus_constrained,panel_6,0,1126027,greedy,0,0,0,0,0.0
3,logged_graph_minus_constrained,panel_6,0,1126028,greedy,0,0,0,0,0.0
3,logged_graph_minus_constrained,panel_6,0,1126029,greedy,0,-1,0,17,0.06666666666666665
3,logged_graph_minus_constrained,panel_6,0,1126030,greedy,0,0,0,0,0.0
3,logged_graph_minus_constrained,panel_6,0,1126031,greedy,0,0,-1,31,0.90625
3,logged_graph_minus_constrained,panel_6,0,1126032,greedy,0,1,0,-3,-0.6993534482758621
3,logged_graph_minus_constrained,panel_6,0,1126033,greedy,0,-1,-1,27,0.875
3,logged_graph_minus_constrained,panel_6,0,1126034,greedy,0,-1,-1,25,0.53125
3,logged_graph_minus_constrained,panel_6,0,1126035,greedy,0,0,-1,19,0.21739130434782608
3,logged_graph_minus_constrained,panel_6,0,1126036,greedy,0,-1,-1,26,0.9375
3,logged_graph_minus_constrained,panel_6,0,1126037,greedy,0,-1,0,20,0.29166666666666663
3,logged_graph_minus_constrained,panel_6,0,1126038,greedy,0,0,0,0,0.0625
3,logged_graph_minus_constrained,panel_6,0,1126039,greedy,0,-1,-1,31,0.125
3,logged_graph_minus_constrained,panel_6,0,1126040,greedy,0,-1,-1,29,0.8125
3,logged_graph_minus_constrained,panel_6,0,1126041,greedy,0,0,0,0,0.0
3,logged_graph_minus_constrained,panel_6,0,1126042,greedy,0,0,-1,16,0.0
3,logged_graph_minus_constrained,panel_6,0,1126043,greedy,0,-1,0,15,-0.1158088235294118
3,logged_graph_minus_constrained,panel_6,0,1126044,greedy,0,0,0,0,-0.34375
3,logged_graph_minus_constrained,panel_6,0,1126045,greedy,0,-1,-1,28,1.0
3,logged_graph_minus_constrained,panel_6,0,1126046,greedy,0,-1,-1,30,0.9375
3,logged_graph_minus_constrained,panel_6,0,1126047,greedy,0,1,0,-2,-0.033333333333333326
3,logged_graph_minus_constrained,panel_6,0,1126048,greedy,0,0,-1,5,0.23809523809523808
3,logged_graph_minus_constrained,panel_6,0,1126049,greedy,0,0,0,0,-0.0625
3,logged_graph_minus_constrained,panel_6,0,1126050,greedy,0,0,0,0,0.15625
3,logged_graph_minus_constrained,panel_6,0,1126051,greedy,0,1,0,-11,-0.2857142857142857
3,logged_graph_minus_constrained,panel_6,0,1126052,greedy,0,0,-1,26,0.896551724137931
3,logged_graph_minus_constrained,panel_6,0,1126053,greedy,0,0,0,0,-0.375
3,logged_graph_minus_constrained,panel_6,0,1126054,greedy,0,-1,-1,28,0.8125
3,logged_graph_minus_constrained,panel_6,0,1126055,greedy,0,0,0,0,0.0
3,logged_graph_minus_constrained,panel_6,0,1126056,greedy,0,0,0,0,0.0
3,logged_graph_minus_constrained,panel_6,0,1126057,greedy,0,0,-1,22,0.9565217391304348
3,logged_graph_minus_constrained,panel_6,0,1126058,greedy,0,0,0,0,-0.1875
3,logged_graph_minus_constrained,panel_6,0,1126059,greedy,0,0,0,0,0.0
3,logged_graph_minus_constrained,panel_6,0,1126060,greedy,0,-1,0,24,-0.625
3,logged_graph_minus_constrained,panel_6,0,1126061,greedy,0,-1,-1,29,0.96875
3,logged_graph_minus_constrained,panel_6,0,1126062,greedy,0,-1,0,2,-0.050000000000000044
3,logged_graph_minus_constrained,panel_6,0,1126063,greedy,0,0,0,-2,0.0
3,logged_graph_minus_constrained,panel_6,0,1126064,greedy,0,0,-1,14,0.875
3,logged_graph_minus_constrained,panel_6,1,1126000,greedy,0,-1,-1,24,0.4375
3,logged_graph_minus_constrained,panel_6,1,1126001,greedy,0,0,0,0,-0.1875
3,logged_graph_minus_constrained,panel_6,1,1126002,greedy,0,-1,-1,27,0.875
3,logged_graph_minus_constrained,panel_6,1,1126004,greedy,0,0,-1,10,0.0
3,logged_graph_minus_constrained,panel_6,1,1126005,greedy,0,0,-1,24,0.0
3,logged_graph_minus_constrained,panel_6,1,1126006,greedy,0,0,0,0,0.03125
3,logged_graph_minus_constrained,panel_6,1,1126007,greedy,0,-1,-1,30,0.75
3,logged_graph_minus_constrained,panel_6,1,1126008,greedy,0,-1,-1,27,0.09375
3,logged_graph_minus_constrained,panel_6,1,1126009,greedy,0,0,-1,15,0.9375
3,logged_graph_minus_constrained,panel_6,1,1126010,greedy,0,0,1,-24,0.0
3,logged_graph_minus_constrained,panel_6,1,1126011,greedy,0,0,-1,7,0.20588235294117652
3,logged_graph_minus_constrained,panel_6,1,1126012,greedy,0,0,0,0,-0.03125
3,logged_graph_minus_constrained,panel_6,1,1126013,greedy,0,0,0,0,0.0
3,logged_graph_minus_constrained,panel_6,1,1126014,greedy,0,0,0,0,-0.34375
3,logged_graph_minus_constrained,panel_6,1,1126015,greedy,0,-1,-1,27,0.78125
3,logged_graph_minus_constrained,panel_6,1,1126016,greedy,0,0,0,0,-0.59375
3,logged_graph_minus_constrained,panel_6,1,1126017,greedy,0,0,0,0,-0.75
3,logged_graph_minus_constrained,panel_6,1,1126018,greedy,0,0,1,-26,-0.896551724137931
3,logged_graph_minus_constrained,panel_6,1,1126019,greedy,0,0,-1,16,0.0
3,logged_graph_minus_constrained,panel_6,1,1126020,greedy,0,0,0,0,0.9375
3,logged_graph_minus_constrained,panel_6,1,1126021,greedy,0,0,0,0,0.0
3,logged_graph_minus_constrained,panel_6,1,1126022,greedy,0,0,0,0,0.0625
3,logged_graph_minus_constrained,panel_6,1,1126023,greedy,0,0,0,0,-0.0625
3,logged_graph_minus_constrained,panel_6,1,1126024,greedy,0,-1,0,23,0.59375
3,logged_graph_minus_constrained,panel_6,1,1126025,greedy,0,0,-1,11,-0.2
3,logged_graph_minus_constrained,panel_6,1,1126026,greedy,0,0,-1,15,0.7222222222222222
3,logged_graph_minus_constrained,panel_6,1,1126027,greedy,0,-1,0,22,0.58125
3,logged_graph_minus_constrained,panel_6,1,1126028,greedy,0,-1,0,21,0.375
3,logged_graph_minus_constrained,panel_6,1,1126029,greedy,0,0,0,12,0.04166666666666674
3,logged_graph_minus_constrained,panel_6,1,1126030,greedy,0,-1,-1,28,0.96875
3,logged_graph_minus_constrained,panel_6,1,1126031,greedy,0,0,0,14,-0.15833333333333333
3,logged_graph_minus_constrained,panel_6,1,1126032,greedy,0,0,0,0,0.15625
3,logged_graph_minus_constrained,panel_6,1,1126033,greedy,0,-1,0,21,0.23579545454545459
3,logged_graph_minus_constrained,panel_6,1,1126034,greedy,0,-1,-1,25,0.875
3,logged_graph_minus_constrained,panel_6,1,1126035,greedy,0,0,0,0,0.0
3,logged_graph_minus_constrained,panel_6,1,1126036,greedy,0,-1,-1,26,0.9375
3,logged_graph_minus_constrained,panel_6,1,1126037,greedy,0,-1,-1,23,0.75
3,logged_graph_minus_constrained,panel_6,1,1126038,greedy,0,0,0,0,-0.65625
3,logged_graph_minus_constrained,panel_6,1,1126039,greedy,0,0,0,0,0.0
3,logged_graph_minus_constrained,panel_6,1,1126040,greedy,0,1,1,-29,-0.96875
3,logged_graph_minus_constrained,panel_6,1,1126041,greedy,0,0,-1,18,0.7368421052631579
3,logged_graph_minus_constrained,panel_6,1,1126042,greedy,0,0,0,0,0.0
3,logged_graph_minus_constrained,panel_6,1,1126043,greedy,0,0,0,0,0.6875
3,logged_graph_minus_constrained,panel_6,1,1126044,greedy,0,-1,0,22,0.30000000000000004
3,logged_graph_minus_constrained,panel_6,1,1126045,greedy,0,0,0,0,-0.09375
3,logged_graph_minus_constrained,panel_6,1,1126046,greedy,0,-1,0,26,0.14583333333333337
3,logged_graph_minus_constrained,panel_6,1,1126047,greedy,0,0,-1,31,0.65625
3,logged_graph_minus_constrained,panel_6,1,1126048,greedy,0,-1,-1,28,0.90625
3,logged_graph_minus_constrained,panel_6,1,1126049,greedy,0,0,0,0,-0.3125
3,logged_graph_minus_constrained,panel_6,1,1126050,greedy,0,1,1,-25,-0.90625
3,logged_graph_minus_constrained,panel_6,1,1126051,greedy,0,0,-1,16,0.7
3,logged_graph_minus_constrained,panel_6,1,1126052,greedy,0,0,0,0,0.0
3,logged_graph_minus_constrained,panel_6,1,1126053,greedy,0,0,0,0,0.0
3,logged_graph_minus_constrained,panel_6,1,1126054,greedy,0,0,-1,10,0.0
3,logged_graph_minus_constrained,panel_6,1,1126055,greedy,0,0,0,0,0.0
3,logged_graph_minus_constrained,panel_6,1,1126056,greedy,0,0,0,5,-0.4130434782608695
3,logged_graph_minus_constrained,panel_6,1,1126057,greedy,0,0,-1,12,0.9230769230769231
3,logged_graph_minus_constrained,panel_6,1,1126058,greedy,0,0,0,0,0.6875
3,logged_graph_minus_constrained,panel_6,1,1126059,greedy,0,1,0,-24,-1.0
3,logged_graph_minus_constrained,panel_6,1,1126060,greedy,0,0,-1,20,0.43478260869565216
3,logged_graph_minus_constrained,panel_6,1,1126061,greedy,0,-1,-1,29,0.875
3,logged_graph_minus_constrained,panel_6,1,1126062,greedy,0,0,0,0,0.0
3,logged_graph_minus_constrained,panel_6,1,1126063,greedy,0,-1,-1,29,0.9375
3,logged_graph_minus_constrained,panel_6,1,1126064,greedy,0,0,0,0,0.0
3,logged_graph_minus_constrained,panel_6,2,1126000,greedy,0,-1,0,10,0.2670454545454546
3,logged_graph_minus_constrained,panel_6,2,1126001,greedy,0,0,0,0,-0.21875
3,logged_graph_minus_constrained,panel_6,2,1126002,greedy,0,1,1,-27,-0.8125
3,logged_graph_minus_constrained,panel_6,2,1126004,greedy,0,0,1,-2,-0.26666666666666666
3,logged_graph_minus_constrained,panel_6,2,1126005,greedy,0,-1,-1,25,0.5
3,logged_graph_minus_constrained,panel_6,2,1126006,greedy,0,0,0,0,0.0
3,logged_graph_minus_constrained,panel_6,2,1126007,greedy,0,1,0,-3,-0.3512931034482759
3,logged_graph_minus_constrained,panel_6,2,1126008,greedy,0,0,-1,18,0.34782608695652173
3,logged_graph_minus_constrained,panel_6,2,1126009,greedy,0,0,-1,9,0.9
3,logged_graph_minus_constrained,panel_6,2,1126010,greedy,0,-1,0,11,-0.27976190476190477
3,logged_graph_minus_constrained,panel_6,2,1126011,greedy,0,0,0,0,-0.375
3,logged_graph_minus_constrained,panel_6,2,1126012,greedy,0,0,0,0,-0.09375
3,logged_graph_minus_constrained,panel_6,2,1126013,greedy,0,0,0,0,-0.5
3,logged_graph_minus_constrained,panel_6,2,1126014,greedy,0,0,0,0,0.03125
3,logged_graph_minus_constrained,panel_6,2,1126015,greedy,0,0,1,-7,-0.3571428571428572
3,logged_graph_minus_constrained,panel_6,2,1126016,greedy,0,1,0,-15,-0.3492647058823529
3,logged_graph_minus_constrained,panel_6,2,1126017,greedy,0,-1,0,1,0.09879032258064513
3,logged_graph_minus_constrained,panel_6,2,1126018,greedy,0,-1,-1,29,0.96875
3,logged_graph_minus_constrained,panel_6,2,1126019,greedy,0,0,-1,26,0.8571428571428571
3,logged_graph_minus_constrained,panel_6,2,1126020,greedy,0,-1,-1,26,0.6875
3,logged_graph_minus_constrained,panel_6,2,1126021,greedy,0,0,0,0,0.0
3,logged_graph_minus_constrained,panel_6,2,1126022,greedy,0,-1,0,13,0.21052631578947367
3,logged_graph_minus_constrained,panel_6,2,1126023,greedy,0,0,0,0,-0.34375
3,logged_graph_minus_constrained,panel_6,2,1126024,greedy,0,-1,-1,29,0.9375
3,logged_graph_minus_constrained,panel_6,2,1126025,greedy,0,-1,-1,28,0.71875
3,logged_graph_minus_constrained,panel_6,2,1126026,greedy,0,-1,-1,29,0.96875
3,logged_graph_minus_constrained,panel_6,2,1126027,greedy,0,-1,-1,30,0.875
3,logged_graph_minus_constrained,panel_6,2,1126028,greedy,0,-1,-1,31,0.0
3,logged_graph_minus_constrained,panel_6,2,1126029,greedy,0,-1,-1,31,1.0
3,logged_graph_minus_constrained,panel_6,2,1126030,greedy,0,-1,0,19,0.08653846153846156
3,logged_graph_minus_constrained,panel_6,2,1126031,greedy,0,0,0,0,0.0
3,logged_graph_minus_constrained,panel_6,2,1126032,greedy,0,0,0,0,0.1875
3,logged_graph_minus_constrained,panel_6,2,1126033,greedy,0,-1,0,14,0.1527777777777778
3,logged_graph_minus_constrained,panel_6,2,1126034,greedy,0,-1,-1,25,0.875
3,logged_graph_minus_constrained,panel_6,2,1126035,greedy,0,0,-1,9,0.6923076923076923
3,logged_graph_minus_constrained,panel_6,2,1126036,greedy,0,-1,-1,24,0.59375
3,logged_graph_minus_constrained,panel_6,2,1126037,greedy,0,0,0,0,0.53125
3,logged_graph_minus_constrained,panel_6,2,1126038,greedy,0,0,0,0,-0.1875
3,logged_graph_minus_constrained,panel_6,2,1126039,greedy,0,0,1,-4,0.0
3,logged_graph_minus_constrained,panel_6,2,1126040,greedy,0,0,0,0,0.0
3,logged_graph_minus_constrained,panel_6,2,1126041,greedy,0,0,0,0,0.0
3,logged_graph_minus_constrained,panel_6,2,1126042,greedy,0,-1,-1,31,0.96875
3,logged_graph_minus_constrained,panel_6,2,1126043,greedy,0,0,0,0,-0.0625
3,logged_graph_minus_constrained,panel_6,2,1126044,greedy,0,0,-1,7,0.7
3,logged_graph_minus_constrained,panel_6,2,1126045,greedy,0,0,0,0,-0.09375
3,logged_graph_minus_constrained,panel_6,2,1126046,greedy,0,0,0,0,-0.5
3,logged_graph_minus_constrained,panel_6,2,1126047,greedy,0,-1,-1,31,1.0
3,logged_graph_minus_constrained,panel_6,2,1126048,greedy,0,0,1,-11,-0.7333333333333333
3,logged_graph_minus_constrained,panel_6,2,1126049,greedy,0,0,0,0,0.0625
3,logged_graph_minus_constrained,panel_6,2,1126050,greedy,0,1,0,-4,-0.625
3,logged_graph_minus_constrained,panel_6,2,1126051,greedy,0,0,-1,9,0.5384615384615384
3,logged_graph_minus_constrained,panel_6,2,1126052,greedy,0,0,0,0,-0.65625
3,logged_graph_minus_constrained,panel_6,2,1126053,greedy,0,0,0,0,0.09375
3,logged_graph_minus_constrained,panel_6,2,1126054,greedy,0,0,0,0,0.0
3,logged_graph_minus_constrained,panel_6,2,1126055,greedy,0,0,-1,13,0.7857142857142857
3,logged_graph_minus_constrained,panel_6,2,1126056,greedy,0,0,0,0,0.0
3,logged_graph_minus_constrained,panel_6,2,1126057,greedy,0,-1,-1,31,1.0
3,logged_graph_minus_constrained,panel_6,2,1126058,greedy,0,0,0,0,-0.375
3,logged_graph_minus_constrained,panel_6,2,1126059,greedy,0,0,0,0,0.0
3,logged_graph_minus_constrained,panel_6,2,1126060,greedy,0,0,0,0,-1.0
3,logged_graph_minus_constrained,panel_6,2,1126061,greedy,0,0,0,-2,0.0
3,logged_graph_minus_constrained,panel_6,2,1126062,greedy,0,-1,-1,26,0.90625
3,logged_graph_minus_constrained,panel_6,2,1126063,greedy,0,0,0,0,0.0
3,logged_graph_minus_constrained,panel_6,2,1126064,greedy,0,0,0,0,0.0
3,logged_graph_minus_constrained,panel_7,0,1127000,greedy,0,0,0,0,-0.125
3,logged_graph_minus_constrained,panel_7,0,1127001,greedy,0,0,0,0,-0.5625
3,logged_graph_minus_constrained,panel_7,0,1127002,greedy,0,0,0,-10,-0.11904761904761907
3,logged_graph_minus_constrained,panel_7,0,1127003,greedy,0,0,0,0,0.0
3,logged_graph_minus_constrained,panel_7,0,1127004,greedy,0,0,0,0,-0.375
3,logged_graph_minus_constrained,panel_7,0,1127005,greedy,0,0,0,2,0.0
3,logged_graph_minus_constrained,panel_7,0,1127006,greedy,0,0,0,0,0.03125
3,logged_graph_minus_constrained,panel_7,0,1127007,greedy,0,0,0,0,0.0
3,logged_graph_minus_constrained,panel_7,0,1127008,greedy,0,0,-1,7,0.7777777777777778
3,logged_graph_minus_constrained,panel_7,0,1127009,greedy,0,0,0,25,0.6774193548387096
3,logged_graph_minus_constrained,panel_7,0,1127010,greedy,0,0,-1,16,0.6666666666666666
3,logged_graph_minus_constrained,panel_7,0,1127011,greedy,0,0,0,0,-0.3125
3,logged_graph_minus_constrained,panel_7,0,1127012,greedy,0,-1,-1,29,0.65625
3,logged_graph_minus_constrained,panel_7,0,1127013,greedy,0,0,-1,25,0.17857142857142858
3,logged_graph_minus_constrained,panel_7,0,1127015,greedy,0,1,0,-16,-0.125
3,logged_graph_minus_constrained,panel_7,0,1127016,greedy,0,0,0,0,0.0
3,logged_graph_minus_constrained,panel_7,0,1127017,greedy,0,-1,-1,25,0.3125
3,logged_graph_minus_constrained,panel_7,0,1127018,greedy,0,0,0,0,0.0
3,logged_graph_minus_constrained,panel_7,0,1127019,greedy,0,-1,-1,29,0.96875
3,logged_graph_minus_constrained,panel_7,0,1127020,greedy,0,-1,-1,25,0.6517857142857143
3,logged_graph_minus_constrained,panel_7,0,1127021,greedy,0,0,-1,23,0.8846153846153846
3,logged_graph_minus_constrained,panel_7,0,1127022,greedy,0,0,0,0,-1.0
3,logged_graph_minus_constrained,panel_7,0,1127023,greedy,0,0,-1,24,0.9230769230769231
3,logged_graph_minus_constrained,panel_7,0,1127024,greedy,0,0,0,0,-0.28125
3,logged_graph_minus_constrained,panel_7,0,1127025,greedy,0,0,0,0,0.0
3,logged_graph_minus_constrained,panel_7,0,1127026,greedy,0,0,1,-4,0.0
3,logged_graph_minus_constrained,panel_7,0,1127027,greedy,0,0,-1,13,0.7222222222222222
3,logged_graph_minus_constrained,panel_7,0,1127028,greedy,0,-1,0,3,0.10991379310344829
3,logged_graph_minus_constrained,panel_7,0,1127029,greedy,0,0,0,-1,-0.3333333333333333
3,logged_graph_minus_constrained,panel_7,0,1127030,greedy,0,0,0,0,0.0
3,logged_graph_minus_constrained,panel_7,0,1127031,greedy,0,0,0,0,0.0
3,logged_graph_minus_constrained,panel_7,0,1127032,greedy,0,-1,-1,27,0.53125
3,logged_graph_minus_constrained,panel_7,0,1127033,greedy,0,-1,-1,28,0.96875
3,logged_graph_minus_constrained,panel_7,0,1127034,greedy,0,-1,0,20,-0.25
3,logged_graph_minus_constrained,panel_7,0,1127035,greedy,0,-1,0,18,0.3973214285714286
3,logged_graph_minus_constrained,panel_7,0,1127036,greedy,0,-1,-1,30,0.4375
3,logged_graph_minus_constrained,panel_7,0,1127037,greedy,0,-1,0,7,0.37124999999999997
3,logged_graph_minus_constrained,panel_7,0,1127038,greedy,0,-1,0,23,0.375
3,logged_graph_minus_constrained,panel_7,0,1127039,greedy,0,0,0,0,0.0
3,logged_graph_minus_constrained,panel_7,0,1127040,greedy,0,0,0,0,0.0
3,logged_graph_minus_constrained,panel_7,0,1127041,greedy,0,-1,-1,24,0.75
3,logged_graph_minus_constrained,panel_7,0,1127042,greedy,0,0,0,0,-0.375
3,logged_graph_minus_constrained,panel_7,0,1127043,greedy,0,0,0,0,0.0
3,logged_graph_minus_constrained,panel_7,0,1127044,greedy,0,-1,-1,30,0.90625
3,logged_graph_minus_constrained,panel_7,0,1127045,greedy,0,1,0,-5,-0.37037037037037035
3,logged_graph_minus_constrained,panel_7,0,1127046,greedy,0,0,0,-4,-0.5
3,logged_graph_minus_constrained,panel_7,0,1127047,greedy,0,-1,-1,26,0.71875
3,logged_graph_minus_constrained,panel_7,0,1127048,greedy,0,1,0,-23,-0.4444444444444444
3,logged_graph_minus_constrained,panel_7,0,1127049,greedy,0,0,-1,22,0.46153846153846156
3,logged_graph_minus_constrained,panel_7,0,1127050,greedy,0,0,0,0,0.125
3,logged_graph_minus_constrained,panel_7,0,1127051,greedy,0,-1,-1,30,0.65625
3,logged_graph_minus_constrained,panel_7,0,1127052,greedy,0,0,-1,23,0.9583333333333334
3,logged_graph_minus_constrained,panel_7,0,1127053,greedy,0,-1,0,16,-0.78125
3,logged_graph_minus_constrained,panel_7,0,1127054,greedy,0,1,0,-12,-0.23750000000000004
3,logged_graph_minus_constrained,panel_7,0,1127055,greedy,0,-1,-1,29,0.0
3,logged_graph_minus_constrained,panel_7,0,1127056,greedy,0,0,0,0,-0.03125
3,logged_graph_minus_constrained,panel_7,0,1127057,greedy,0,0,0,6,0.08571428571428574
3,logged_graph_minus_constrained,panel_7,0,1127058,greedy,0,-1,-1,25,0.8258928571428572
3,logged_graph_minus_constrained,panel_7,0,1127059,greedy,0,1,1,-28,-1.0
3,logged_graph_minus_constrained,panel_7,0,1127060,greedy,0,0,0,0,-0.03125
3,logged_graph_minus_constrained,panel_7,0,1127061,greedy,0,0,0,0,0.0
3,logged_graph_minus_constrained,panel_7,0,1127062,greedy,0,0,0,0,0.0625
3,logged_graph_minus_constrained,panel_7,0,1127063,greedy,0,0,1,-6,0.0
3,logged_graph_minus_constrained,panel_7,0,1127064,greedy,0,0,0,0,0.0
3,logged_graph_minus_constrained,panel_7,1,1127000,greedy,0,0,0,0,0.0
3,logged_graph_minus_constrained,panel_7,1,1127001,greedy,0,-1,0,13,0.65625
3,logged_graph_minus_constrained,panel_7,1,1127002,greedy,0,-1,-1,26,0.5
3,logged_graph_minus_constrained,panel_7,1,1127003,greedy,0,0,0,0,0.0
3,logged_graph_minus_constrained,panel_7,1,1127004,greedy,0,-1,-1,26,0.9375
3,logged_graph_minus_constrained,panel_7,1,1127005,greedy,0,-1,0,13,0.09703947368421051
3,logged_graph_minus_constrained,panel_7,1,1127006,greedy,0,1,0,-2,-0.16666666666666663
3,logged_graph_minus_constrained,panel_7,1,1127007,greedy,0,0,0,0,0.0
3,logged_graph_minus_constrained,panel_7,1,1127008,greedy,0,-1,0,24,0.90625
3,logged_graph_minus_constrained,panel_7,1,1127009,greedy,0,0,0,14,0.125
3,logged_graph_minus_constrained,panel_7,1,1127010,greedy,0,0,-1,6,0.75
3,logged_graph_minus_constrained,panel_7,1,1127011,greedy,0,0,0,0,-0.625
3,logged_graph_minus_constrained,panel_7,1,1127012,greedy,0,-1,0,9,0.96875
3,logged_graph_minus_constrained,panel_7,1,1127013,greedy,0,0,-1,16,0.7368421052631579
3,logged_graph_minus_constrained,panel_7,1,1127015,greedy,0,-1,-1,30,0.875
3,logged_graph_minus_constrained,panel_7,1,1127016,greedy,0,1,0,-5,-0.5243055555555556
3,logged_graph_minus_constrained,panel_7,1,1127017,greedy,0,-1,-1,23,-0.03472222222222221
3,logged_graph_minus_constrained,panel_7,1,1127018,greedy,0,0,0,1,0.5
3,logged_graph_minus_constrained,panel_7,1,1127019,greedy,0,-1,-1,29,0.75
3,logged_graph_minus_constrained,panel_7,1,1127020,greedy,0,-1,-1,27,0.75
3,logged_graph_minus_constrained,panel_7,1,1127021,greedy,0,-1,-1,29,0.9375
3,logged_graph_minus_constrained,panel_7,1,1127022,greedy,0,-1,0,3,-0.11530172413793105
3,logged_graph_minus_constrained,panel_7,1,1127023,greedy,0,0,-1,8,0.8
3,logged_graph_minus_constrained,panel_7,1,1127024,greedy,0,0,-1,25,0.7419354838709677
3,logged_graph_minus_constrained,panel_7,1,1127025,greedy,0,0,0,0,0.0
3,logged_graph_minus_constrained,panel_7,1,1127026,greedy,0,0,-1,16,0.8888888888888888
3,logged_graph_minus_constrained,panel_7,1,1127027,greedy,0,-1,-1,27,0.5625
3,logged_graph_minus_constrained,panel_7,1,1127028,greedy,0,0,0,0,0.0
3,logged_graph_minus_constrained,panel_7,1,1127029,greedy,0,1,0,-10,-0.2727272727272727
3,logged_graph_minus_constrained,panel_7,1,1127030,greedy,0,-1,0,7,0.11499999999999999
3,logged_graph_minus_constrained,panel_7,1,1127031,greedy,0,-1,-1,29,0.78125
3,logged_graph_minus_constrained,panel_7,1,1127032,greedy,0,-1,0,11,1.0
3,logged_graph_minus_constrained,panel_7,1,1127033,greedy,0,0,0,0,0.0
3,logged_graph_minus_constrained,panel_7,1,1127034,greedy,0,0,-1,16,0.8421052631578947
3,logged_graph_minus_constrained,panel_7,1,1127035,greedy,0,0,0,4,0.0
3,logged_graph_minus_constrained,panel_7,1,1127036,greedy,0,0,0,0,0.0
3,logged_graph_minus_constrained,panel_7,1,1127037,greedy,0,-1,0,20,0.21875
3,logged_graph_minus_constrained,panel_7,1,1127038,greedy,0,1,0,-9,0.501358695652174
3,logged_graph_minus_constrained,panel_7,1,1127039,greedy,0,0,0,-2,-0.16666666666666663
3,logged_graph_minus_constrained,panel_7,1,1127040,greedy,0,-1,-1,27,0.84375
3,logged_graph_minus_constrained,panel_7,1,1127041,greedy,0,0,0,0,-0.28125
3,logged_graph_minus_constrained,panel_7,1,1127042,greedy,0,0,0,0,-0.15625
3,logged_graph_minus_constrained,panel_7,1,1127043,greedy,0,0,-1,3,0.6
3,logged_graph_minus_constrained,panel_7,1,1127044,greedy,0,-1,0,14,-0.04513888888888884
3,logged_graph_minus_constrained,panel_7,1,1127045,greedy,0,1,0,-22,-0.4
3,logged_graph_minus_constrained,panel_7,1,1127046,greedy,0,0,-1,9,0.23076923076923078
3,logged_graph_minus_constrained,panel_7,1,1127047,greedy,0,0,0,5,-0.4652777777777778
3,logged_graph_minus_constrained,panel_7,1,1127048,greedy,0,-1,0,26,0.2604166666666667
3,logged_graph_minus_constrained,panel_7,1,1127049,greedy,0,0,0,0,-0.125
3,logged_graph_minus_constrained,panel_7,1,1127050,greedy,0,1,0,-9,0.5135869565217391
3,logged_graph_minus_constrained,panel_7,1,1127051,greedy,0,0,0,0,0.0
3,logged_graph_minus_constrained,panel_7,1,1127052,greedy,0,0,0,0,0.0
3,logged_graph_minus_constrained,panel_7,1,1127053,greedy,0,0,-1,9,0.8181818181818182
3,logged_graph_minus_constrained,panel_7,1,1127054,greedy,0,1,1,-28,-1.0
3,logged_graph_minus_constrained,panel_7,1,1127055,greedy,0,0,1,-4,0.0
3,logged_graph_minus_constrained,panel_7,1,1127056,greedy,0,0,0,0,0.03125
3,logged_graph_minus_constrained,panel_7,1,1127057,greedy,0,-1,0,10,0.08806818181818177
3,logged_graph_minus_constrained,panel_7,1,1127058,greedy,0,0,0,0,-0.0625
3,logged_graph_minus_constrained,panel_7,1,1127059,greedy,0,0,0,-14,0.0
3,logged_graph_minus_constrained,panel_7,1,1127060,greedy,0,0,0,0,-0.59375
3,logged_graph_minus_constrained,panel_7,1,1127061,greedy,0,0,1,-2,0.0
3,logged_graph_minus_constrained,panel_7,1,1127062,greedy,0,0,0,0,-0.5
3,logged_graph_minus_constrained,panel_7,1,1127063,greedy,0,0,0,9,0.08181818181818179
3,logged_graph_minus_constrained,panel_7,1,1127064,greedy,0,-1,-1,31,0.0
3,logged_graph_minus_constrained,panel_7,2,1127000,greedy,0,-1,0,11,0.23958333333333337
3,logged_graph_minus_constrained,panel_7,2,1127001,greedy,0,0,0,0,-0.90625
3,logged_graph_minus_constrained,panel_7,2,1127002,greedy,0,0,-1,8,0.5714285714285714
3,logged_graph_minus_constrained,panel_7,2,1127003,greedy,0,-1,-1,29,0.9375
3,logged_graph_minus_constrained,panel_7,2,1127004,greedy,0,0,0,0,0.0
3,logged_graph_minus_constrained,panel_7,2,1127005,greedy,0,0,0,0,-0.40625
3,logged_graph_minus_constrained,panel_7,2,1127006,greedy,0,0,0,0,-0.03125
3,logged_graph_minus_constrained,panel_7,2,1127007,greedy,0,-1,0,10,-0.33806818181818177
3,logged_graph_minus_constrained,panel_7,2,1127008,greedy,0,-1,-1,30,0.21875
3,logged_graph_minus_constrained,panel_7,2,1127009,greedy,0,-1,0,24,-0.03125
3,logged_graph_minus_constrained,panel_7,2,1127010,greedy,0,0,-1,16,0.1111111111111111
3,logged_graph_minus_constrained,panel_7,2,1127011,greedy,0,0,0,0,0.0
3,logged_graph_minus_constrained,panel_7,2,1127012,greedy,0,-1,-1,29,0.71875
3,logged_graph_minus_constrained,panel_7,2,1127013,greedy,0,0,-1,24,0.5925925925925926
3,logged_graph_minus_constrained,panel_7,2,1127015,greedy,0,0,0,9,0.13235294117647056
3,logged_graph_minus_constrained,panel_7,2,1127016,greedy,0,0,0,0,-0.09375
3,logged_graph_minus_constrained,panel_7,2,1127017,greedy,0,0,0,0,-0.09375
3,logged_graph_minus_constrained,panel_7,2,1127018,greedy,0,-1,-1,31,0.90625
3,logged_graph_minus_constrained,panel_7,2,1127019,greedy,0,-1,-1,29,0.0
3,logged_graph_minus_constrained,panel_7,2,1127020,greedy,0,0,0,0,0.0
3,logged_graph_minus_constrained,panel_7,2,1127021,greedy,0,-1,-1,29,0.8125
3,logged_graph_minus_constrained,panel_7,2,1127022,greedy,0,1,0,-19,-0.5384615384615384
3,logged_graph_minus_constrained,panel_7,2,1127023,greedy,0,0,-1,10,0.8333333333333334
3,logged_graph_minus_constrained,panel_7,2,1127024,greedy,0,0,-1,22,0.6428571428571429
3,logged_graph_minus_constrained,panel_7,2,1127025,greedy,0,0,0,0,0.0
3,logged_graph_minus_constrained,panel_7,2,1127026,greedy,0,0,0,0,0.0
3,logged_graph_minus_constrained,panel_7,2,1127027,greedy,0,-1,-1,27,0.90625
3,logged_graph_minus_constrained,panel_7,2,1127028,greedy,0,-1,-1,27,0.875
3,logged_graph_minus_constrained,panel_7,2,1127029,greedy,0,-1,-1,26,0.9375
3,logged_graph_minus_constrained,panel_7,2,1127030,greedy,0,-1,-1,25,0.7008928571428572
3,logged_graph_minus_constrained,panel_7,2,1127031,greedy,0,0,-1,14,0.0
3,logged_graph_minus_constrained,panel_7,2,1127032,greedy,0,-1,-1,27,0.625
3,logged_graph_minus_constrained,panel_7,2,1127033,greedy,0,0,-1,19,0.8260869565217391
3,logged_graph_minus_constrained,panel_7,2,1127034,greedy,0,0,0,0,0.0
3,logged_graph_minus_constrained,panel_7,2,1127035,greedy,0,0,-1,13,0.6470588235294118
3,logged_graph_minus_constrained,panel_7,2,1127036,greedy,0,-1,-1,30,0.90625
3,logged_graph_minus_constrained,panel_7,2,1127037,greedy,0,-1,0,12,0.11875000000000002
3,logged_graph_minus_constrained,panel_7,2,1127038,greedy,0,1,0,-6,0.07211538461538458
3,logged_graph_minus_constrained,panel_7,2,1127039,greedy,0,0,0,0,0.0625
3,logged_graph_minus_constrained,panel_7,2,1127040,greedy,0,0,0,0,0.0
3,logged_graph_minus_constrained,panel_7,2,1127041,greedy,0,0,0,0,0.0
3,logged_graph_minus_constrained,panel_7,2,1127042,greedy,0,0,0,0,-0.03125
3,logged_graph_minus_constrained,panel_7,2,1127043,greedy,0,0,0,0,0.0
3,logged_graph_minus_constrained,panel_7,2,1127044,greedy,0,0,0,0,0.0
3,logged_graph_minus_constrained,panel_7,2,1127045,greedy,0,-1,-1,28,1.0
3,logged_graph_minus_constrained,panel_7,2,1127046,greedy,0,0,0,6,0.11111111111111116
3,logged_graph_minus_constrained,panel_7,2,1127047,greedy,0,-1,-1,26,0.59375
3,logged_graph_minus_constrained,panel_7,2,1127048,greedy,0,-1,0,26,0.3125
3,logged_graph_minus_constrained,panel_7,2,1127049,greedy,0,0,0,0,-0.125
3,logged_graph_minus_constrained,panel_7,2,1127050,greedy,0,-1,0,12,0.65625
3,logged_graph_minus_constrained,panel_7,2,1127051,greedy,0,0,0,0,0.0
3,logged_graph_minus_constrained,panel_7,2,1127052,greedy,0,0,0,0,0.0
3,logged_graph_minus_constrained,panel_7,2,1127053,greedy,0,0,-1,10,0.8333333333333334
3,logged_graph_minus_constrained,panel_7,2,1127054,greedy,0,0,0,0,-0.1875
3,logged_graph_minus_constrained,panel_7,2,1127055,greedy,0,0,-1,7,0.7
3,logged_graph_minus_constrained,panel_7,2,1127056,greedy,0,0,0,0,0.03125
3,logged_graph_minus_constrained,panel_7,2,1127057,greedy,0,1,1,-24,-0.4375
3,logged_graph_minus_constrained,panel_7,2,1127058,greedy,0,0,0,0,0.0
3,logged_graph_minus_constrained,panel_7,2,1127059,greedy,0,0,-1,23,0.76
3,logged_graph_minus_constrained,panel_7,2,1127060,greedy,0,0,0,0,-0.0625
3,logged_graph_minus_constrained,panel_7,2,1127061,greedy,0,0,-1,22,0.9565217391304348
3,logged_graph_minus_constrained,panel_7,2,1127062,greedy,0,0,0,0,0.40625
3,logged_graph_minus_constrained,panel_7,2,1127063,greedy,0,-1,-1,30,1.0
3,logged_graph_minus_constrained,panel_7,2,1127064,greedy,0,0,0,0,0.0
