map_seed,repetition,steps,success,terminated,truncated,complete,base_return,shaped_return,noop_steps
300000,0,32,0,0,1,1,-0.3200000000000001,-0.1608,3
300000,1,32,0,0,1,1,-0.3200000000000001,-0.13079999999999997,10
300000,2,32,0,0,1,1,-0.3200000000000001,-0.12239999999999983,12
300000,3,17,1,1,0,1,0.83,0.9592,5
300000,4,2,1,1,0,1,0.98,1.0612,0
300000,5,8,1,1,0,1,0.9199999999999999,1.0252000000000001,2
300000,6,4,1,1,0,1,0.96,1.0472000000000001,0
300000,7,13,1,1,0,1,0.87,0.9848,3
300000,8,20,1,1,0,1,0.7999999999999999,0.9472,8
300000,9,20,1,1,0,1,0.7999999999999999,0.9520000000000002,8
300000,10,4,1,1,0,1,0.96,1.0448,0
300000,11,13,1,1,0,1,0.87,0.9908000000000001,7
300000,12,14,1,1,0,1,0.86,0.9688,2
300000,13,4,1,1,0,1,0.96,1.0472000000000001,0
300000,14,8,1,1,0,1,0.9199999999999999,1.024,2
300000,15,27,1,1,0,1,0.73,0.9036000000000002,11
300001,0,32,0,0,1,1,-0.3200000000000001,-0.08439999999999996,14
300001,1,32,0,0,1,1,-0.3200000000000001,-0.04959999999999985,15
300001,2,32,0,0,1,1,-0.3200000000000001,-0.014799999999999869,12
300001,3,16,1,1,0,1,0.84,1.0444,2
300001,4,32,0,0,1,1,-0.3200000000000001,-0.019599999999999868,12
300001,5,32,0,0,1,1,-0.3200000000000001,0.004400000000000209,15
300001,6,8,1,1,0,1,0.9199999999999999,1.1028,2
300001,7,32,0,0,1,1,-0.3200000000000001,-0.053199999999999886,9
300001,8,32,0,0,1,1,-0.3200000000000001,-0.0003999999999998727,13
300001,9,5,1,1,0,1,0.95,1.1196000000000002,1
300001,10,27,1,1,0,1,0.73,0.9824000000000002,5
300001,11,32,0,0,1,1,-0.3200000000000001,-0.0687999999999999,9
300001,12,21,1,1,0,1,0.7899999999999999,1.0292000000000001,5
300001,13,19,1,1,0,1,0.8099999999999999,1.0408000000000002,5
300001,14,32,0,0,1,1,-0.3200000000000001,-0.020799999999999874,13
300001,15,5,1,1,0,1,0.95,1.1196000000000002,1
300002,0,32,0,0,1,1,-0.3200000000000001,-0.10159999999999998,11
300002,1,32,0,0,1,1,-0.3200000000000001,-0.08479999999999996,12
300002,2,32,0,0,1,1,-0.3200000000000001,-0.09079999999999998,14
300002,3,23,1,1,0,1,0.7699999999999999,0.9536,10
300002,4,22,1,1,0,1,0.7799999999999999,0.9540000000000001,5
300002,5,9,1,1,0,1,0.91,1.0564,2
300002,6,13,1,1,0,1,0.87,1.0164,2
300002,7,32,0,0,1,1,-0.3200000000000001,-0.1004,5
300002,8,32,0,0,1,1,-0.3200000000000001,-0.1184,5
300002,9,32,0,0,1,1,-0.3200000000000001,-0.10279999999999995,11
300002,10,32,0,0,1,1,-0.3200000000000001,-0.09799999999999998,9
300002,11,14,1,1,0,1,0.86,1.0208000000000002,3
300002,12,32,1,1,0,1,0.6799999999999999,0.9080000000000001,9
300002,13,32,0,0,1,1,-0.3200000000000001,-0.11480000000000003,10
300002,14,32,0,0,1,1,-0.3200000000000001,-0.08719999999999985,16
300002,15,3,1,1,0,1,0.97,1.0936,0
300003,0,32,0,0,1,1,-0.3200000000000001,0.19040000000000012,9
300003,1,32,0,0,1,1,-0.3200000000000001,0.15200000000000008,5
300003,2,32,0,0,1,1,-0.3200000000000001,0.19280000000000014,11
300003,3,32,0,0,1,1,-0.3200000000000001,0.1664000000000001,12
300003,4,32,0,0,1,1,-0.3200000000000001,0.17120000000000019,9
300003,5,32,0,0,1,1,-0.3200000000000001,0.19040000000000018,10
300003,6,32,0,0,1,1,-0.3200000000000001,0.1988000000000002,15
300003,7,31,1,1,0,1,0.69,1.1176000000000001,8
300003,8,32,0,0,1,1,-0.3200000000000001,0.17000000000000015,13
300003,9,32,0,0,1,1,-0.3200000000000001,0.13520000000000007,8
300003,10,32,0,0,1,1,-0.3200000000000001,0.18560000000000015,15
300003,11,32,0,0,1,1,-0.3200000000000001,0.17840000000000017,11
300003,12,32,0,0,1,1,-0.3200000000000001,0.14960000000000007,8
300003,13,32,0,0,1,1,-0.3200000000000001,0.18680000000000013,15
300003,14,32,0,0,1,1,-0.3200000000000001,0.19400000000000017,13
300003,15,32,0,0,1,1,-0.3200000000000001,0.1568000000000001,3
300004,0,32,0,0,1,1,-0.3200000000000001,-0.0923999999999997,22
300004,1,32,0,0,1,1,-0.3200000000000001,-0.0779999999999999,2
300004,2,32,0,0,1,1,-0.3200000000000001,-0.14879999999999982,18
300004,3,32,0,0,1,1,-0.3200000000000001,-0.03719999999999973,13
300004,4,15,1,1,0,1,0.85,0.9552,5
300004,5,32,0,0,1,1,-0.3200000000000001,-0.08039999999999975,10
300004,6,4,1,1,0,1,0.96,1.0472000000000001,0
300004,7,32,0,0,1,1,-0.3200000000000001,-0.044399999999999815,12
300004,8,32,0,0,1,1,-0.3200000000000001,-0.08759999999999987,10
300004,9,21,1,1,0,1,0.7899999999999999,0.9480000000000001,5
300004,10,32,0,0,1,1,-0.3200000000000001,-0.08519999999999983,11
300004,11,6,1,1,0,1,0.94,1.032,2
300004,12,32,0,0,1,1,-0.3200000000000001,-0.11039999999999982,12
300004,13,19,1,1,0,1,0.8099999999999999,0.9248000000000001,7
300004,14,8,1,1,0,1,0.9199999999999999,1.0144,0
300004,15,32,0,0,1,1,-0.3200000000000001,-0.07559999999999986,5
300005,0,22,1,1,0,1,0.7799999999999999,0.9176,10
300005,1,15,1,1,0,1,0.85,0.9768000000000001,3
300005,2,32,0,0,1,1,-0.3200000000000001,-0.12959999999999994,11
300005,3,27,1,1,0,1,0.73,0.9408000000000002,5
300005,4,8,1,1,0,1,0.9199999999999999,1.0156,4
300005,5,32,0,0,1,1,-0.3200000000000001,-0.13920000000000002,13
300005,6,32,0,0,1,1,-0.3200000000000001,-0.10079999999999982,13
300005,7,3,1,1,0,1,0.97,1.0524,1
300005,8,7,1,1,0,1,0.9299999999999999,1.0268,1
300005,9,21,1,1,0,1,0.7899999999999999,0.912,7
300005,10,5,1,1,0,1,0.95,1.036,1
300005,11,4,1,1,0,1,0.96,1.0436,2
300005,12,32,0,0,1,1,-0.3200000000000001,-0.09959999999999997,7
300005,13,3,1,1,0,1,0.97,1.0524,1
300005,14,32,0,0,1,1,-0.3200000000000001,-0.1031999999999999,4
300005,15,32,0,0,1,1,-0.3200000000000001,-0.047999999999999654,16
300006,0,28,1,1,0,1,0.72,1.062,10
300006,1,32,0,0,1,1,-0.3200000000000001,0.09520000000000015,11
300006,2,32,0,0,1,1,-0.3200000000000001,0.0652000000000001,11
300006,3,28,1,1,0,1,0.72,1.0464,4
300006,4,32,0,0,1,1,-0.3200000000000001,0.050800000000000095,13
300006,5,32,0,0,1,1,-0.3200000000000001,0.08680000000000013,16
300006,6,32,0,0,1,1,-0.3200000000000001,0.022000000000000075,16
300006,7,32,0,0,1,1,-0.3200000000000001,0.10360000000000015,15
300006,8,32,0,0,1,1,-0.3200000000000001,0.05080000000000009,12
300006,9,20,1,1,0,1,0.7999999999999999,1.1288,8
300006,10,32,0,0,1,1,-0.3200000000000001,0.10000000000000014,13
300006,11,25,1,1,0,1,0.7499999999999999,1.104,13
300006,12,32,0,0,1,1,-0.3200000000000001,0.06640000000000013,16
300006,13,32,0,0,1,1,-0.3200000000000001,0.08560000000000012,14
300006,14,32,0,0,1,1,-0.3200000000000001,0.09760000000000013,16
300006,15,32,0,0,1,1,-0.3200000000000001,0.024400000000000074,10
300007,0,15,1,1,0,1,0.85,0.9528000000000001,7
300007,1,27,1,1,0,1,0.73,0.8796,3
300007,2,32,0,0,1,1,-0.3200000000000001,-0.11279999999999979,15
300007,3,2,1,1,0,1,0.98,1.0612,0
300007,4,4,1,1,0,1,0.96,1.0448,0
300007,5,32,0,0,1,1,-0.3200000000000001,-0.12719999999999992,9
300007,6,11,1,1,0,1,0.89,0.9868,3
300007,7,14,1,1,0,1,0.86,1.0036,2
300007,8,3,1,1,0,1,0.97,1.0536,1
300007,9,3,1,1,0,1,0.97,1.0536,1
300007,10,29,1,1,0,1,0.71,0.8944000000000002,13
300007,11,6,1,1,0,1,0.94,1.0308,0
300007,12,2,1,1,0,1,0.98,1.0612,0
300007,13,17,1,1,0,1,0.83,0.9496,3
300007,14,27,1,1,0,1,0.73,0.9096000000000001,3
300007,15,3,1,1,0,1,0.97,1.0524,1
300008,0,32,0,0,1,1,-0.3200000000000001,0.014000000000000165,11
300008,1,24,1,1,0,1,0.7599999999999999,1.004,6
300008,2,32,0,0,1,1,-0.3200000000000001,0.01400000000000011,14
300008,3,32,0,0,1,1,-0.3200000000000001,-0.018399999999999847,5
300008,4,10,1,1,0,1,0.9,1.0972,4
300008,5,32,0,0,1,1,-0.3200000000000001,0.03200000000000017,16
300008,6,32,0,0,1,1,-0.3200000000000001,-0.042399999999999924,7
300008,7,32,0,0,1,1,-0.3200000000000001,-0.026799999999999907,3
300008,8,15,1,1,0,1,0.85,1.064,1
300008,9,22,1,1,0,1,0.7799999999999999,1.0036,8
300008,10,32,0,0,1,1,-0.3200000000000001,-0.025599999999999845,8
300008,11,30,1,1,0,1,0.7,0.9560000000000001,4
300008,12,24,1,1,0,1,0.7599999999999999,1.0352000000000001,8
300008,13,32,0,0,1,1,-0.3200000000000001,-0.01719999999999991,13
300008,14,32,0,0,1,1,-0.3200000000000001,-0.0255999999999999,14
300008,15,8,1,1,0,1,0.9199999999999999,1.11,2
300009,0,32,0,0,1,1,-0.3200000000000001,-0.05519999999999979,10
300009,1,3,1,1,0,1,0.97,1.0536,1
300009,2,21,1,1,0,1,0.7899999999999999,0.918,7
300009,3,6,1,1,0,1,0.94,1.0332000000000001,2
300009,4,15,1,1,0,1,0.85,0.9648000000000001,3
300009,5,32,0,0,1,1,-0.3200000000000001,-0.11519999999999991,6
300009,6,27,1,1,0,1,0.73,0.9012000000000001,5
300009,7,4,1,1,0,1,0.96,1.0472000000000001,0
300009,8,8,1,1,0,1,0.9199999999999999,1.0228000000000002,2
300009,9,32,0,0,1,1,-0.3200000000000001,-0.10679999999999995,3
300009,10,3,1,1,0,1,0.97,1.0524,1
300009,11,15,1,1,0,1,0.85,0.9624,7
300009,12,29,1,1,0,1,0.71,0.9544000000000002,9
300009,13,26,1,1,0,1,0.74,0.9076000000000001,8
300009,14,3,1,1,0,1,0.97,1.0536,1
300009,15,14,1,1,0,1,0.86,0.9844,4
300010,0,32,0,0,1,1,-0.3200000000000001,-0.020399999999999932,4
300010,1,32,1,1,0,1,0.6799999999999999,0.9904000000000001,7
300010,2,32,0,0,1,1,-0.3200000000000001,0.02160000000000012,9
300010,3,28,1,1,0,1,0.72,1.0316,5
300010,4,32,0,0,1,1,-0.3200000000000001,-0.02879999999999995,10
300010,5,32,0,0,1,1,-0.3200000000000001,0.037200000000000136,13
300010,6,24,1,1,0,1,0.7599999999999999,1.038,7
300010,7,32,0,0,1,1,-0.3200000000000001,0.03840000000000014,15
300010,8,7,1,1,0,1,0.9299999999999999,1.1456,0
300010,9,32,0,0,1,1,-0.3200000000000001,0.024000000000000105,11
300010,10,32,0,0,1,1,-0.3200000000000001,0.03480000000000016,10
300010,11,32,0,0,1,1,-0.3200000000000001,0.03240000000000011,12
300010,12,32,0,0,1,1,-0.3200000000000001,0.020400000000000085,12
300010,13,26,1,1,0,1,0.74,1.0576,13
300010,14,23,1,1,0,1,0.7699999999999999,1.0684,8
300010,15,32,0,0,1,1,-0.3200000000000001,0.020400000000000112,11
300011,0,31,1,1,0,1,0.69,0.9528000000000001,6
300011,1,32,0,0,1,1,-0.3200000000000001,-0.05959999999999986,7
300011,2,13,1,1,0,1,0.87,1.0332000000000001,4
300011,3,32,0,0,1,1,-0.3200000000000001,-0.04399999999999983,4
300011,4,10,1,1,0,1,0.9,1.0524,1
300011,5,13,1,1,0,1,0.87,1.0392000000000001,6
300011,6,32,0,0,1,1,-0.3200000000000001,-0.07759999999999996,7
300011,7,32,0,0,1,1,-0.3200000000000001,-0.029599999999999765,13
300011,8,6,1,1,0,1,0.94,1.0708,1
300011,9,32,0,0,1,1,-0.3200000000000001,-0.011599999999999736,7
300011,10,20,1,1,0,1,0.7999999999999999,0.9836,1
300011,11,32,0,0,1,1,-0.3200000000000001,0.0004000000000001641,13
300011,12,32,0,0,1,1,-0.3200000000000001,-0.007999999999999688,6
300011,13,32,0,0,1,1,-0.3200000000000001,-0.025999999999999857,8
300011,14,32,0,0,1,1,-0.3200000000000001,-0.07999999999999997,7
300011,15,31,1,1,0,1,0.69,0.9144000000000001,4
300012,0,32,0,0,1,1,-0.3200000000000001,-0.03639999999999982,7
300012,1,32,0,0,1,1,-0.3200000000000001,-0.025599999999999873,10
300012,2,32,0,0,1,1,-0.3200000000000001,-0.07479999999999994,5
300012,3,7,1,1,0,1,0.9299999999999999,1.1056000000000001,1
300012,4,32,1,1,0,1,0.6799999999999999,0.9492,6
300012,5,32,0,0,1,1,-0.3200000000000001,-0.06519999999999992,11
300012,6,32,0,0,1,1,-0.3200000000000001,0.021200000000000108,12
300012,7,32,0,0,1,1,-0.3200000000000001,0.00560000000000016,10
300012,8,32,0,0,1,1,-0.3200000000000001,0.01880000000000026,11
300012,9,32,0,0,1,1,-0.3200000000000001,-0.013599999999999834,10
300012,10,32,0,0,1,1,-0.3200000000000001,0.04760000000000031,12
300012,11,32,0,0,1,1,-0.3200000000000001,-0.04239999999999987,9
300012,12,32,0,0,1,1,-0.3200000000000001,-0.012399999999999856,6
300012,13,11,1,1,0,1,0.89,1.0788,3
300012,14,32,0,0,1,1,-0.3200000000000001,-0.05439999999999991,9
300012,15,21,1,1,0,1,0.7899999999999999,1.0088000000000001,7
300013,0,32,0,0,1,1,-0.3200000000000001,0.026800000000000074,10
300013,1,32,0,0,1,1,-0.3200000000000001,0.10360000000000011,9
300013,2,32,0,0,1,1,-0.3200000000000001,0.15640000000000015,16
300013,3,32,0,0,1,1,-0.3200000000000001,0.12400000000000015,6
300013,4,32,0,0,1,1,-0.3200000000000001,0.09400000000000014,11
300013,5,32,0,0,1,1,-0.3200000000000001,0.1144000000000001,9
300013,6,32,0,0,1,1,-0.3200000000000001,0.14080000000000015,14
300013,7,32,0,0,1,1,-0.3200000000000001,0.13120000000000012,12
300013,8,32,0,0,1,1,-0.3200000000000001,0.06280000000000008,15
300013,9,32,0,0,1,1,-0.3200000000000001,0.061600000000000106,12
300013,10,32,0,0,1,1,-0.3200000000000001,0.10960000000000011,13
300013,11,32,0,0,1,1,-0.3200000000000001,0.05320000000000008,7
300013,12,32,0,0,1,1,-0.3200000000000001,0.040000000000000105,11
300013,13,32,0,0,1,1,-0.3200000000000001,0.09520000000000009,13
300013,14,32,0,0,1,1,-0.3200000000000001,0.06880000000000011,13
300013,15,32,0,0,1,1,-0.3200000000000001,0.14560000000000017,8
300014,0,32,0,0,1,1,-0.3200000000000001,0.03800000000000017,5
300014,1,32,0,0,1,1,-0.3200000000000001,0.0200000000000001,9
300014,2,32,0,0,1,1,-0.3200000000000001,-0.04119999999999992,12
300014,3,32,0,0,1,1,-0.3200000000000001,0.021200000000000163,9
300014,4,32,0,0,1,1,-0.3200000000000001,-0.03639999999999988,9
300014,5,32,0,0,1,1,-0.3200000000000001,-0.0628,3
300014,6,32,0,0,1,1,-0.3200000000000001,-0.02679999999999985,5
300014,7,6,1,1,0,1,0.94,1.1156000000000001,0
300014,8,10,1,1,0,1,0.9,1.0924,2
300014,9,32,0,0,1,1,-0.3200000000000001,-0.05199999999999992,13
300014,10,32,0,0,1,1,-0.3200000000000001,0.02120000000000022,7
300014,11,28,1,1,0,1,0.72,1.0300000000000002,4
300014,12,32,0,0,1,1,-0.3200000000000001,0.02240000000000028,11
300014,13,32,0,0,1,1,-0.3200000000000001,-0.03879999999999986,10
300014,14,32,0,0,1,1,-0.3200000000000001,-0.04479999999999988,11
300014,15,32,0,0,1,1,-0.3200000000000001,-0.0351999999999999,5
300015,0,32,0,0,1,1,-0.3200000000000001,0.05520000000000011,7
300015,1,32,0,0,1,1,-0.3200000000000001,0.014400000000000107,9
300015,2,32,0,0,1,1,-0.3200000000000001,0.06600000000000014,9
300015,3,32,0,0,1,1,-0.3200000000000001,0.02160000000000012,6
300015,4,32,0,0,1,1,-0.3200000000000001,0.02640000000000009,7
300015,5,29,1,1,0,1,0.71,1.024,8
300015,6,32,0,0,1,1,-0.3200000000000001,0.05280000000000015,10
300015,7,13,1,1,0,1,0.87,1.112,6
300015,8,32,0,0,1,1,-0.3200000000000001,0.046800000000000175,10
300015,9,32,0,0,1,1,-0.3200000000000001,0.03840000000000013,9
300015,10,32,0,0,1,1,-0.3200000000000001,0.056400000000000144,10
300015,11,32,0,0,1,1,-0.3200000000000001,-0.014399999999999906,15
300015,12,32,0,0,1,1,-0.3200000000000001,0.030000000000000124,12
300015,13,18,1,1,0,1,0.82,1.0908,7
300015,14,32,0,0,1,1,-0.3200000000000001,0.02280000000000007,7
300015,15,32,0,0,1,1,-0.3200000000000001,0.040800000000000114,9
300016,0,3,1,1,0,1,0.97,1.0124,2
300016,1,18,1,1,0,1,0.82,0.9008,11
300016,2,1,1,1,0,1,0.99,1.03,0
300016,3,3,1,1,0,1,0.97,1.0124,2
300016,4,1,1,1,0,1,0.99,1.03,0
300016,5,2,1,1,0,1,0.98,1.0212,1
300016,6,3,1,1,0,1,0.97,1.0124,2
300016,7,10,1,1,0,1,0.9,0.9628,3
300016,8,7,1,1,0,1,0.9299999999999999,0.9784,4
300016,9,1,1,1,0,1,0.99,1.03,0
300016,10,26,1,1,0,1,0.74,0.8592000000000001,15
300016,11,3,1,1,0,1,0.97,1.0124,2
300016,12,11,1,1,0,1,0.89,0.9504,4
300016,13,1,1,1,0,1,0.99,1.03,0
300016,14,1,1,1,0,1,0.99,1.03,0
300016,15,2,1,1,0,1,0.98,1.0212,1
300017,0,27,1,1,0,1,0.73,1.1808,5
300017,1,32,0,0,1,1,-0.3200000000000001,0.16320000000000015,12
300017,2,32,0,0,1,1,-0.3200000000000001,0.32400000000000034,22
300017,3,32,0,0,1,1,-0.3200000000000001,0.3108000000000003,16
300017,4,32,0,0,1,1,-0.3200000000000001,0.3204000000000003,17
300017,5,32,0,0,1,1,-0.3200000000000001,0.27480000000000027,17
300017,6,27,1,1,0,1,0.73,1.2204000000000002,11
300017,7,32,0,0,1,1,-0.3200000000000001,0.22680000000000025,19
300017,8,32,0,0,1,1,-0.3200000000000001,0.22560000000000022,9
300017,9,32,0,0,1,1,-0.3200000000000001,0.18120000000000014,14
300017,10,32,0,0,1,1,-0.3200000000000001,0.31800000000000034,22
300017,11,32,0,0,1,1,-0.3200000000000001,0.21120000000000022,16
300017,12,32,0,0,1,1,-0.3200000000000001,0.31440000000000035,16
300017,13,25,1,1,0,1,0.7499999999999999,1.2116000000000002,11
300017,14,32,0,0,1,1,-0.3200000000000001,0.30000000000000027,22
300017,15,32,0,0,1,1,-0.3200000000000001,0.3096000000000003,18
300018,0,32,0,0,1,1,-0.3200000000000001,0.07920000000000017,11
300018,1,32,0,0,1,1,-0.3200000000000001,0.0960000000000002,20
300018,2,9,1,1,0,1,0.91,1.1316,2
300018,3,32,0,0,1,1,-0.3200000000000001,0.050400000000000195,6
300018,4,31,1,1,0,1,0.69,1.0424000000000002,2
300018,5,32,0,0,1,1,-0.3200000000000001,0.06120000000000017,9
300018,6,32,0,0,1,1,-0.3200000000000001,0.07200000000000012,10
300018,7,32,0,0,1,1,-0.3200000000000001,-0.004799999999999902,3
300018,8,32,0,0,1,1,-0.3200000000000001,0.03960000000000012,9
300018,9,32,0,0,1,1,-0.3200000000000001,0.01680000000000012,6
300018,10,18,1,1,0,1,0.82,1.0848,3
300018,11,32,0,0,1,1,-0.3200000000000001,0.054000000000000103,6
300018,12,32,0,0,1,1,-0.3200000000000001,0.07440000000000019,10
300018,13,9,1,1,0,1,0.91,1.1436000000000002,2
300018,14,32,0,0,1,1,-0.3200000000000001,0.03360000000000013,8
300018,15,32,0,0,1,1,-0.3200000000000001,0.025200000000000132,8
300019,0,32,0,0,1,1,-0.3200000000000001,0.5112000000000008,14
300019,1,32,0,0,1,1,-0.3200000000000001,0.49440000000000045,14
300019,2,32,0,0,1,1,-0.3200000000000001,0.5148000000000007,9
300019,3,32,0,0,1,1,-0.3200000000000001,0.5292000000000008,18
300019,4,32,0,0,1,1,-0.3200000000000001,0.5160000000000007,13
300019,5,32,0,0,1,1,-0.3200000000000001,0.44160000000000055,12
300019,6,32,0,0,1,1,-0.3200000000000001,0.40440000000000026,10
300019,7,32,0,0,1,1,-0.3200000000000001,0.4272000000000004,12
300019,8,32,0,0,1,1,-0.3200000000000001,0.4668000000000006,14
300019,9,32,0,0,1,1,-0.3200000000000001,0.3876000000000002,13
300019,10,32,0,0,1,1,-0.3200000000000001,0.3660000000000002,21
300019,11,32,0,0,1,1,-0.3200000000000001,0.46080000000000054,6
300019,12,32,0,0,1,1,-0.3200000000000001,0.4032000000000004,14
300019,13,32,0,0,1,1,-0.3200000000000001,0.4260000000000003,7
300019,14,32,0,0,1,1,-0.3200000000000001,0.42840000000000045,9
300019,15,32,0,0,1,1,-0.3200000000000001,0.45000000000000046,7
300020,0,28,1,1,0,1,0.72,1.0136,3
300020,1,32,0,0,1,1,-0.3200000000000001,0.012000000000000115,6
300020,2,32,0,0,1,1,-0.3200000000000001,0.11520000000000022,12
300020,3,32,0,0,1,1,-0.3200000000000001,0.015600000000000072,7
300020,4,11,1,1,0,1,0.89,1.1272,0
300020,5,32,0,0,1,1,-0.3200000000000001,0.06240000000000018,10
300020,6,32,0,0,1,1,-0.3200000000000001,0.08640000000000017,8
300020,7,32,0,0,1,1,-0.3200000000000001,0.030000000000000124,2
300020,8,28,1,1,0,1,0.72,0.9896,9
300020,9,23,1,1,0,1,0.7699999999999999,1.0264,6
300020,10,32,0,0,1,1,-0.3200000000000001,0.06240000000000017,9
300020,11,32,0,0,1,1,-0.3200000000000001,0.14040000000000033,18
300020,12,23,1,1,0,1,0.7699999999999999,1.0828000000000002,8
300020,13,32,0,0,1,1,-0.3200000000000001,0.07800000000000018,10
300020,14,32,0,0,1,1,-0.3200000000000001,0.10680000000000026,13
300020,15,32,0,0,1,1,-0.3200000000000001,0.03720000000000018,3
300021,0,32,0,0,1,1,-0.3200000000000001,0.0020000000000001544,13
300021,1,32,0,0,1,1,-0.3200000000000001,-0.04479999999999991,4
300021,2,9,1,1,0,1,0.91,1.0868,1
300021,3,32,0,0,1,1,-0.3200000000000001,-0.035199999999999954,9
300021,4,32,0,0,1,1,-0.3200000000000001,-0.014799999999999924,9
300021,5,25,1,1,0,1,0.7499999999999999,1.0624000000000002,5
300021,6,32,0,0,1,1,-0.3200000000000001,-0.0279999999999999,10
300021,7,32,0,0,1,1,-0.3200000000000001,-0.05439999999999992,12
300021,8,15,1,1,0,1,0.85,1.0556,1
300021,9,32,0,0,1,1,-0.3200000000000001,0.02840000000000026,7
300021,10,31,1,1,0,1,0.69,0.9460000000000002,7
300021,11,22,1,1,0,1,0.7799999999999999,1.0048000000000001,4
300021,12,32,0,0,1,1,-0.3200000000000001,-0.007599999999999801,8
300021,13,27,1,1,0,1,0.73,1.0016,5
300021,14,32,0,0,1,1,-0.3200000000000001,-0.06159999999999992,3
300021,15,32,0,0,1,1,-0.3200000000000001,-0.051999999999999866,12
300022,0,3,1,1,0,1,0.97,1.0936,0
300022,1,32,0,0,1,1,-0.3200000000000001,-0.07519999999999986,12
300022,2,32,0,0,1,1,-0.3200000000000001,-0.09079999999999995,7
300022,3,12,1,1,0,1,0.88,1.0264,3
300022,4,13,1,1,0,1,0.87,1.0236,0
300022,5,28,1,1,0,1,0.72,0.9420000000000002,9
300022,6,25,1,1,0,1,0.7499999999999999,0.936,6
300022,7,7,1,1,0,1,0.9299999999999999,1.0644,2
300022,8,14,1,1,0,1,0.86,1.004,7
300022,9,3,1,1,0,1,0.97,1.0936,0
300022,10,32,0,0,1,1,-0.3200000000000001,-0.07159999999999991,9
300022,11,4,1,1,0,1,0.96,1.0872,1
300022,12,23,1,1,0,1,0.7699999999999999,0.9476,4
300022,13,32,0,0,1,1,-0.3200000000000001,-0.11599999999999998,10
300022,14,32,0,0,1,1,-0.3200000000000001,-0.06919999999999989,12
300022,15,32,0,0,1,1,-0.3200000000000001,-0.07999999999999992,4
300023,0,32,0,0,1,1,-0.3200000000000001,0.013600000000000279,9
300023,1,17,1,1,0,1,0.83,0.986,2
300023,2,32,0,0,1,1,-0.3200000000000001,0.007600000000000301,7
300023,3,32,0,0,1,1,-0.3200000000000001,-0.0703999999999999,10
300023,4,32,0,0,1,1,-0.3200000000000001,-0.053599999999999974,15
300023,5,32,0,0,1,1,-0.3200000000000001,-0.037999999999999756,8
300023,6,32,0,0,1,1,-0.3200000000000001,-0.05959999999999985,9
300023,7,26,1,1,0,1,0.74,0.9812000000000001,9
300023,8,3,1,1,0,1,0.97,1.0936,0
300023,9,32,0,0,1,1,-0.3200000000000001,-0.09079999999999992,5
300023,10,29,1,1,0,1,0.71,0.914,6
300023,11,32,0,0,1,1,-0.3200000000000001,-0.005599999999999744,7
300023,12,32,0,0,1,1,-0.3200000000000001,-0.07880000000000004,4
300023,13,32,0,0,1,1,-0.3200000000000001,-0.042799999999999824,10
300023,14,32,0,0,1,1,-0.3200000000000001,0.0016000000000002401,6
300023,15,32,0,0,1,1,-0.3200000000000001,-0.00799999999999973,10
300024,0,19,1,1,0,1,0.8099999999999999,1.0468000000000002,3
300024,1,32,0,0,1,1,-0.3200000000000001,-0.03279999999999987,10
300024,2,32,0,0,1,1,-0.3200000000000001,-0.05799999999999991,6
300024,3,32,0,0,1,1,-0.3200000000000001,-0.03639999999999989,12
300024,4,18,1,1,0,1,0.82,1.0544,6
300024,5,24,1,1,0,1,0.7599999999999999,1.0184000000000002,8
300024,6,27,1,1,0,1,0.73,0.9908000000000001,9
300024,7,32,0,0,1,1,-0.3200000000000001,0.03320000000000026,9
300024,8,32,0,0,1,1,-0.3200000000000001,-0.01839999999999989,15
300024,9,32,0,0,1,1,-0.3200000000000001,0.057200000000000195,19
300024,10,32,0,0,1,1,-0.3200000000000001,0.010400000000000131,17
300024,11,25,1,1,0,1,0.7499999999999999,1.0048000000000001,7
300024,12,14,1,1,0,1,0.86,1.0584,2
300024,13,7,1,1,0,1,0.9299999999999999,1.1044,1
300024,14,32,0,0,1,1,-0.3200000000000001,0.02720000000000019,15
300024,15,11,1,1,0,1,0.89,1.0752000000000002,3
300025,0,32,0,0,1,1,-0.3200000000000001,0.1208000000000001,9
300025,1,32,0,0,1,1,-0.3200000000000001,0.21920000000000023,18
300025,2,32,0,0,1,1,-0.3200000000000001,0.18440000000000017,12
300025,3,32,0,0,1,1,-0.3200000000000001,0.16400000000000015,9
300025,4,32,0,0,1,1,-0.3200000000000001,0.20360000000000023,17
300025,5,32,0,0,1,1,-0.3200000000000001,0.17360000000000014,9
300025,6,32,0,0,1,1,-0.3200000000000001,0.20720000000000025,15
300025,7,32,0,0,1,1,-0.3200000000000001,0.16040000000000018,13
300025,8,32,0,0,1,1,-0.3200000000000001,0.1376000000000001,16
300025,9,32,0,0,1,1,-0.3200000000000001,0.23600000000000032,20
300025,10,32,0,0,1,1,-0.3200000000000001,0.19640000000000024,14
300025,11,32,0,0,1,1,-0.3200000000000001,0.21320000000000022,12
300025,12,32,0,0,1,1,-0.3200000000000001,0.2336000000000003,23
300025,13,32,0,0,1,1,-0.3200000000000001,0.18680000000000016,9
300025,14,32,0,0,1,1,-0.3200000000000001,0.24560000000000032,25
300025,15,32,0,0,1,1,-0.3200000000000001,0.2132000000000002,20
300026,0,32,0,0,1,1,-0.3200000000000001,0.012000000000000094,7
300026,1,18,1,1,0,1,0.82,1.0776000000000001,9
300026,2,32,0,0,1,1,-0.3200000000000001,-0.01079999999999992,11
300026,3,32,0,0,1,1,-0.3200000000000001,0.02760000000000013,18
300026,4,32,0,0,1,1,-0.3200000000000001,0.014400000000000114,12
300026,5,32,0,0,1,1,-0.3200000000000001,0.04080000000000014,20
300026,6,24,1,1,0,1,0.7599999999999999,1.0404,7
300026,7,32,0,0,1,1,-0.3200000000000001,0.02520000000000011,10
300026,8,23,1,1,0,1,0.7699999999999999,1.0612000000000001,10
300026,9,32,0,0,1,1,-0.3200000000000001,0.02880000000000015,14
300026,10,16,1,1,0,1,0.84,1.1132,9
300026,11,32,0,0,1,1,-0.3200000000000001,0.008400000000000102,7
300026,12,21,1,1,0,1,0.7899999999999999,1.0848000000000002,6
300026,13,32,1,1,0,1,0.6799999999999999,1.0108000000000001,9
300026,14,32,0,0,1,1,-0.3200000000000001,-0.017999999999999933,6
300026,15,32,0,0,1,1,-0.3200000000000001,0.0012000000000001038,11
300027,0,32,0,0,1,1,-0.3200000000000001,-0.027999999999999817,10
300027,1,24,1,1,0,1,0.7599999999999999,1.0220000000000002,18
300027,2,32,0,0,1,1,-0.3200000000000001,-0.05919999999999989,20
300027,3,32,0,0,1,1,-0.3200000000000001,-0.04719999999999989,16
300027,4,32,0,0,1,1,-0.3200000000000001,-0.024399999999999852,20
300027,5,15,1,1,0,1,0.85,1.058,9
300027,6,19,1,1,0,1,0.8099999999999999,1.0408000000000002,9
300027,7,32,0,0,1,1,-0.3200000000000001,-0.06879999999999996,10
300027,8,10,1,1,0,1,0.9,1.0912000000000002,4
300027,9,32,0,0,1,1,-0.3200000000000001,-0.07479999999999994,11
300027,10,32,0,0,1,1,-0.3200000000000001,-0.04839999999999989,12
300027,11,32,0,0,1,1,-0.3200000000000001,-0.014799999999999786,25
300027,12,32,0,0,1,1,-0.3200000000000001,-0.021999999999999867,25
300027,13,32,0,0,1,1,-0.3200000000000001,-0.023199999999999832,19
300027,14,13,1,1,0,1,0.87,1.0708,9
300027,15,7,1,1,0,1,0.9299999999999999,1.1116000000000001,3
300028,0,32,0,0,1,1,-0.3200000000000001,-0.11399999999999988,15
300028,1,2,1,1,0,1,0.98,1.0612,0
300028,2,6,1,1,0,1,0.94,1.0308,0
300028,3,32,0,0,1,1,-0.3200000000000001,-0.11639999999999985,12
300028,4,2,1,1,0,1,0.98,1.0612,0
300028,5,2,1,1,0,1,0.98,1.0612,0
300028,6,2,1,1,0,1,0.98,1.0612,0
300028,7,26,1,1,0,1,0.74,0.8980000000000001,18
300028,8,8,1,1,0,1,0.9199999999999999,1.0252000000000001,2
300028,9,15,1,1,0,1,0.85,0.9552,3
300028,10,32,0,0,1,1,-0.3200000000000001,-0.11759999999999982,11
300028,11,8,1,1,0,1,0.9199999999999999,1.0156,2
300028,12,14,1,1,0,1,0.86,0.9736,4
300028,13,27,1,1,0,1,0.73,0.9096000000000001,7
300028,14,32,0,0,1,1,-0.3200000000000001,-0.1379999999999999,9
300028,15,26,1,1,0,1,0.74,0.9184000000000001,8
300029,0,32,0,0,1,1,-0.3200000000000001,0.04880000000000023,8
300029,1,22,1,1,0,1,0.7799999999999999,1.0504000000000002,6
300029,2,32,0,0,1,1,-0.3200000000000001,-0.00039999999999981717,12
300029,3,32,0,0,1,1,-0.3200000000000001,0.010400000000000076,12
300029,4,32,0,0,1,1,-0.3200000000000001,0.04160000000000014,8
300029,5,32,0,0,1,1,-0.3200000000000001,0.04640000000000019,10
300029,6,32,0,0,1,1,-0.3200000000000001,0.07400000000000023,10
300029,7,32,0,0,1,1,-0.3200000000000001,0.044000000000000206,10
300029,8,32,0,0,1,1,-0.3200000000000001,0.040400000000000214,9
300029,9,32,0,0,1,1,-0.3200000000000001,-0.035199999999999884,11
300029,10,32,0,0,1,1,-0.3200000000000001,0.03560000000000019,12
300029,11,32,0,0,1,1,-0.3200000000000001,0.06800000000000025,13
300029,12,32,0,0,1,1,-0.3200000000000001,0.008000000000000201,6
300029,13,27,1,1,0,1,0.73,0.9776000000000001,11
300029,14,19,1,1,0,1,0.8099999999999999,1.0228000000000002,9
300029,15,32,0,0,1,1,-0.3200000000000001,0.07760000000000028,15
300030,0,2,1,1,0,1,0.98,1.0212,1
300030,1,2,1,1,0,1,0.98,1.0212,1
300030,2,3,1,1,0,1,0.97,1.0136,0
300030,3,7,1,1,0,1,0.9299999999999999,0.982,2
300030,4,1,1,1,0,1,0.99,1.03,0
300030,5,4,1,1,0,1,0.96,1.006,1
300030,6,32,0,0,1,1,-0.3200000000000001,-0.16119999999999995,8
300030,7,32,0,0,1,1,-0.3200000000000001,-0.15159999999999996,13
300030,8,20,1,1,0,1,0.7999999999999999,0.8964000000000001,3
300030,9,1,1,1,0,1,0.99,1.03,0
300030,10,28,1,1,0,1,0.72,0.8248000000000001,11
300030,11,1,1,1,0,1,0.99,1.03,0
300030,12,23,1,1,0,1,0.7699999999999999,0.8532000000000001,12
300030,13,3,1,1,0,1,0.97,1.0136,0
300030,14,13,1,1,0,1,0.87,0.9328000000000001,2
300030,15,8,1,1,0,1,0.9199999999999999,0.9756,1
300031,0,4,1,1,0,1,0.96,1.0036,3
300031,1,3,1,1,0,1,0.97,1.0124,2
300031,2,1,1,1,0,1,0.99,1.03,0
300031,3,1,1,1,0,1,0.99,1.03,0
300031,4,1,1,1,0,1,0.99,1.03,0
300031,5,2,1,1,0,1,0.98,1.0212,1
300031,6,1,1,1,0,1,0.99,1.03,0
300031,7,1,1,1,0,1,0.99,1.03,0
300031,8,7,1,1,0,1,0.9299999999999999,0.9772000000000001,6
300031,9,1,1,1,0,1,0.99,1.03,0
300031,10,1,1,1,0,1,0.99,1.03,0
300031,11,7,1,1,0,1,0.9299999999999999,0.9772000000000001,6
300031,12,2,1,1,0,1,0.98,1.0212,1
300031,13,1,1,1,0,1,0.99,1.03,0
300031,14,4,1,1,0,1,0.96,1.0036,3
300031,15,1,1,1,0,1,0.99,1.03,0
300032,0,32,0,0,1,1,-0.3200000000000001,0.12200000000000041,15
300032,1,21,1,1,0,1,0.7899999999999999,1.0112,9
300032,2,18,1,1,0,1,0.82,1.0376,8
300032,3,32,0,0,1,1,-0.3200000000000001,0.04760000000000025,8
300032,4,32,1,1,0,1,0.6799999999999999,0.9960000000000002,6
300032,5,14,1,1,0,1,0.86,1.0692000000000002,2
300032,6,32,0,0,1,1,-0.3200000000000001,0.060800000000000215,7
300032,7,32,0,0,1,1,-0.3200000000000001,-0.053199999999999886,12
300032,8,32,0,0,1,1,-0.3200000000000001,-0.03879999999999991,11
300032,9,32,0,0,1,1,-0.3200000000000001,0.08360000000000023,10
300032,10,32,0,0,1,1,-0.3200000000000001,0.11240000000000036,9
300032,11,32,0,0,1,1,-0.3200000000000001,0.05960000000000029,7
300032,12,32,0,0,1,1,-0.3200000000000001,0.0764000000000003,12
300032,13,32,0,0,1,1,-0.3200000000000001,0.08360000000000023,6
300032,14,32,0,0,1,1,-0.3200000000000001,-0.0015999999999998654,16
300032,15,32,0,0,1,1,-0.3200000000000001,0.07280000000000028,11
300033,0,9,1,1,0,1,0.91,1.1352,4
300033,1,32,0,0,1,1,-0.3200000000000001,0.02520000000000011,13
300033,2,32,0,0,1,1,-0.3200000000000001,-0.014399999999999961,5
300033,3,17,1,1,0,1,0.83,1.0708,6
300033,4,32,0,0,1,1,-0.3200000000000001,0.02880000000000013,12
300033,5,29,1,1,0,1,0.71,1.0492000000000001,6
300033,6,15,1,1,0,1,0.85,1.0992000000000002,2
300033,7,30,1,1,0,1,0.7,1.0524000000000002,7
300033,8,14,1,1,0,1,0.86,1.102,1
300033,9,32,0,0,1,1,-0.3200000000000001,0.025200000000000125,17
300033,10,32,0,0,1,1,-0.3200000000000001,0.06000000000000014,17
300033,11,22,1,1,0,1,0.7799999999999999,1.0892000000000002,5
300033,12,32,0,0,1,1,-0.3200000000000001,0.04680000000000016,7
300033,13,32,0,0,1,1,-0.3200000000000001,0.09480000000000019,4
300033,14,32,0,0,1,1,-0.3200000000000001,0.06840000000000018,11
300033,15,32,0,0,1,1,-0.3200000000000001,0.009600000000000136,12
300034,0,32,0,0,1,1,-0.3200000000000001,-0.10399999999999994,5
300034,1,6,1,1,0,1,0.94,1.0708,1
300034,2,32,0,0,1,1,-0.3200000000000001,-0.08479999999999993,13
300034,3,32,0,0,1,1,-0.3200000000000001,-0.11359999999999996,10
300034,4,32,0,0,1,1,-0.3200000000000001,-0.08239999999999992,10
300034,5,32,0,0,1,1,-0.3200000000000001,-0.07999999999999989,9
300034,6,4,1,1,0,1,0.96,1.0872,1
300034,7,18,1,1,0,1,0.82,0.988,5
300034,8,32,0,0,1,1,-0.3200000000000001,-0.09199999999999994,6
300034,9,32,0,0,1,1,-0.3200000000000001,-0.06079999999999991,14
300034,10,16,1,1,0,1,0.84,1.0032,3
300034,11,32,0,0,1,1,-0.3200000000000001,-0.06199999999999985,9
300034,12,32,0,0,1,1,-0.3200000000000001,-0.0967999999999999,8
300034,13,32,0,0,1,1,-0.3200000000000001,-0.07039999999999991,8
300034,14,32,0,0,1,1,-0.3200000000000001,-0.06079999999999988,8
300034,15,18,1,1,0,1,0.82,0.9916,5
300035,0,32,0,0,1,1,-0.3200000000000001,-0.03279999999999986,11
300035,1,32,0,0,1,1,-0.3200000000000001,-0.042399999999999896,9
300035,2,4,1,1,0,1,0.96,1.1272,0
300035,3,32,0,0,1,1,-0.3200000000000001,-0.017199999999999854,15
300035,4,32,0,0,1,1,-0.3200000000000001,-0.04479999999999989,12
300035,5,32,0,0,1,1,-0.3200000000000001,-0.01719999999999984,13
300035,6,32,0,0,1,1,-0.3200000000000001,-0.04959999999999991,16
300035,7,26,1,1,0,1,0.74,0.9804000000000002,6
300035,8,4,1,1,0,1,0.96,1.1272,0
300035,9,32,0,0,1,1,-0.3200000000000001,-0.05319999999999987,9
300035,10,32,0,0,1,1,-0.3200000000000001,-0.07599999999999991,7
300035,11,32,0,0,1,1,-0.3200000000000001,-0.05919999999999993,8
300035,12,4,1,1,0,1,0.96,1.1272,0
300035,13,13,1,1,0,1,0.87,1.0612000000000001,1
300035,14,32,0,0,1,1,-0.3200000000000001,-0.06759999999999997,6
300035,15,32,0,0,1,1,-0.3200000000000001,-0.050799999999999894,12
300036,0,27,1,1,0,1,0.73,1.0028000000000001,11
300036,1,32,0,0,1,1,-0.3200000000000001,0.011600000000000166,12
300036,2,32,0,0,1,1,-0.3200000000000001,0.002000000000000113,10
300036,3,32,0,0,1,1,-0.3200000000000001,-0.029199999999999865,6
300036,4,32,0,0,1,1,-0.3200000000000001,-0.007599999999999885,11
300036,5,32,0,0,1,1,-0.3200000000000001,-0.030399999999999858,10
300036,6,32,0,0,1,1,-0.3200000000000001,-0.01119999999999989,12
300036,7,32,1,1,0,1,0.6799999999999999,1.0164000000000002,10
300036,8,32,0,0,1,1,-0.3200000000000001,0.01160000000000011,9
300036,9,14,1,1,0,1,0.86,1.0764,4
300036,10,32,0,0,1,1,-0.3200000000000001,0.01160000000000011,12
300036,11,32,0,0,1,1,-0.3200000000000001,0.004400000000000154,10
300036,12,23,1,1,0,1,0.7699999999999999,1.008,5
300036,13,32,0,0,1,1,-0.3200000000000001,-0.03399999999999988,13
300036,14,32,0,0,1,1,-0.3200000000000001,-0.003999999999999837,5
300036,15,24,1,1,0,1,0.7599999999999999,1.0292000000000001,6
300037,0,32,0,0,1,1,-0.3200000000000001,0.17240000000000016,8
300037,1,32,0,0,1,1,-0.3200000000000001,0.1568000000000001,15
300037,2,32,0,0,1,1,-0.3200000000000001,0.09800000000000003,9
300037,3,14,1,1,0,1,0.86,1.2000000000000002,7
300037,4,32,0,0,1,1,-0.3200000000000001,0.14480000000000012,9
300037,5,32,0,0,1,1,-0.3200000000000001,0.15560000000000013,7
300037,6,32,0,0,1,1,-0.3200000000000001,0.19640000000000019,10
300037,7,32,0,0,1,1,-0.3200000000000001,0.18560000000000015,12
300037,8,32,0,0,1,1,-0.3200000000000001,0.17600000000000013,10
300037,9,32,0,0,1,1,-0.3200000000000001,0.12560000000000004,11
300037,10,32,0,0,1,1,-0.3200000000000001,0.20000000000000018,12
300037,11,32,0,0,1,1,-0.3200000000000001,0.14240000000000008,6
300037,12,32,0,0,1,1,-0.3200000000000001,0.13040000000000013,8
300037,13,32,0,0,1,1,-0.3200000000000001,0.15560000000000013,10
300037,14,32,0,0,1,1,-0.3200000000000001,0.1724000000000001,10
300037,15,32,0,0,1,1,-0.3200000000000001,0.08120000000000004,4
300038,0,4,1,1,0,1,0.96,1.0448,0
300038,1,19,1,1,0,1,0.8099999999999999,0.9344,11
300038,2,9,1,1,0,1,0.91,1.008,1
300038,3,20,1,1,0,1,0.7999999999999999,0.9424,12
300038,4,32,0,0,1,1,-0.3200000000000001,-0.13559999999999994,15
300038,5,16,1,1,0,1,0.84,0.9476,4
300038,6,5,1,1,0,1,0.95,1.0372000000000001,1
300038,7,4,1,1,0,1,0.96,1.0448,0
300038,8,3,1,1,0,1,0.97,1.0524,1
300038,9,32,0,0,1,1,-0.3200000000000001,-0.13439999999999988,24
300038,10,7,1,1,0,1,0.9299999999999999,1.0208,3
300038,11,2,1,1,0,1,0.98,1.0612,0
300038,12,31,1,1,0,1,0.69,0.8348000000000001,21
300038,13,2,1,1,0,1,0.98,1.0612,0
300038,14,5,1,1,0,1,0.95,1.0372000000000001,1
300038,15,2,1,1,0,1,0.98,1.0612,0
300039,0,10,1,1,0,1,0.9,1.2256,1
300039,1,18,1,1,0,1,0.82,1.1852,5
300039,2,32,0,0,1,1,-0.3200000000000001,0.18320000000000017,11
300039,3,32,0,0,1,1,-0.3200000000000001,0.11960000000000003,10
300039,4,32,0,0,1,1,-0.3200000000000001,0.20720000000000022,13
300039,5,10,1,1,0,1,0.9,1.2292,1
300039,6,32,0,0,1,1,-0.3200000000000001,0.09920000000000007,7
300039,7,32,0,0,1,1,-0.3200000000000001,0.13280000000000008,11
300039,8,32,0,0,1,1,-0.3200000000000001,0.1352000000000001,7
300039,9,32,0,0,1,1,-0.3200000000000001,0.07040000000000005,3
300039,10,32,0,0,1,1,-0.3200000000000001,0.17120000000000013,14
300039,11,32,0,0,1,1,-0.3200000000000001,0.08600000000000008,11
300039,12,32,0,0,1,1,-0.3200000000000001,0.2060000000000003,19
300039,13,32,0,0,1,1,-0.3200000000000001,0.13280000000000014,10
300039,14,30,1,1,0,1,0.7,1.112,5
300039,15,32,0,0,1,1,-0.3200000000000001,0.21200000000000024,19
300040,0,10,1,1,0,1,0.9,1.0524,3
300040,1,32,0,0,1,1,-0.3200000000000001,-0.047599999999999865,13
300040,2,12,1,1,0,1,0.88,1.0312000000000001,3
300040,3,32,0,0,1,1,-0.3200000000000001,-0.03679999999999986,13
300040,4,32,0,0,1,1,-0.3200000000000001,0.008800000000000224,15
300040,5,32,0,0,1,1,-0.3200000000000001,-0.06919999999999987,18
300040,6,5,1,1,0,1,0.95,1.0796000000000001,2
300040,7,32,0,0,1,1,-0.3200000000000001,-0.010399999999999854,9
300040,8,32,0,0,1,1,-0.3200000000000001,-0.08119999999999993,9
300040,9,7,1,1,0,1,0.9299999999999999,1.0608,4
300040,10,32,0,0,1,1,-0.3200000000000001,-0.06319999999999987,13
300040,11,10,1,1,0,1,0.9,1.0428,3
300040,12,32,0,0,1,1,-0.3200000000000001,-0.10039999999999989,21
300040,13,32,0,0,1,1,-0.3200000000000001,-0.10039999999999999,6
300040,14,31,1,1,0,1,0.69,0.8832000000000001,18
300040,15,16,1,1,0,1,0.84,1.02,5
300041,0,27,1,1,0,1,0.73,0.9244,8
300041,1,32,0,0,1,1,-0.3200000000000001,-0.0835999999999999,10
300041,2,32,0,0,1,1,-0.3200000000000001,-0.09559999999999994,9
300041,3,32,0,0,1,1,-0.3200000000000001,-0.07639999999999986,9
300041,4,8,1,1,0,1,0.9199999999999999,1.0544,3
300041,5,5,1,1,0,1,0.95,1.0772,0
300041,6,32,0,0,1,1,-0.3200000000000001,-0.05479999999999982,12
300041,7,20,1,1,0,1,0.7999999999999999,0.9860000000000001,9
300041,8,7,1,1,0,1,0.9299999999999999,1.0644,2
300041,9,32,0,0,1,1,-0.3200000000000001,-0.05959999999999986,12
300041,10,32,0,0,1,1,-0.3200000000000001,-0.07039999999999981,16
300041,11,32,0,0,1,1,-0.3200000000000001,-0.055999999999999855,13
300041,12,14,1,1,0,1,0.86,1.0172,1
300041,13,16,1,1,0,1,0.84,1.0248000000000002,5
300041,14,32,0,0,1,1,-0.3200000000000001,-0.04639999999999983,17
300041,15,32,0,0,1,1,-0.3200000000000001,-0.11959999999999994,12
300042,0,32,0,0,1,1,-0.3200000000000001,-0.08959999999999994,15
300042,1,7,1,1,0,1,0.9299999999999999,1.062,2
300042,2,19,1,1,0,1,0.8099999999999999,0.9924000000000001,6
300042,3,6,1,1,0,1,0.94,1.072,1
300042,4,32,0,0,1,1,-0.3200000000000001,-0.04879999999999991,19
300042,5,32,0,0,1,1,-0.3200000000000001,-0.08839999999999992,10
300042,6,32,0,0,1,1,-0.3200000000000001,-0.09079999999999995,12
300042,7,32,0,0,1,1,-0.3200000000000001,-0.0896,6
300042,8,32,0,0,1,1,-0.3200000000000001,-0.059599999999999945,15
300042,9,4,1,1,0,1,0.96,1.086,1
300042,10,32,0,0,1,1,-0.3200000000000001,-0.09559999999999991,8
300042,11,32,0,0,1,1,-0.3200000000000001,-0.0919999999999999,10
300042,12,32,0,0,1,1,-0.3200000000000001,-0.041599999999999845,17
300042,13,18,1,1,0,1,0.82,1.0012,1
300042,14,32,0,0,1,1,-0.3200000000000001,-0.1076,5
300042,15,5,1,1,0,1,0.95,1.0808,2
300043,0,32,0,0,1,1,-0.3200000000000001,-0.09199999999999996,5
300043,1,7,1,1,0,1,0.9299999999999999,1.0656,0
300043,2,5,1,1,0,1,0.95,1.0796000000000001,0
300043,3,32,0,0,1,1,-0.3200000000000001,-0.039199999999999735,9
300043,4,3,1,1,0,1,0.97,1.0936,0
300043,5,19,1,1,0,1,0.8099999999999999,1.002,10
300043,6,32,0,0,1,1,-0.3200000000000001,-0.07399999999999991,7
300043,7,28,1,1,0,1,0.72,0.9156000000000001,7
300043,8,27,1,1,0,1,0.73,0.9388000000000001,8
300043,9,32,0,0,1,1,-0.3200000000000001,-0.13039999999999996,11
300043,10,32,0,0,1,1,-0.3200000000000001,-0.06799999999999988,13
300043,11,26,1,1,0,1,0.74,0.9548000000000001,9
300043,12,32,0,0,1,1,-0.3200000000000001,-0.08359999999999997,8
300043,13,8,1,1,0,1,0.9199999999999999,1.0592000000000001,1
300043,14,32,0,0,1,1,-0.3200000000000001,-0.06439999999999985,10
300043,15,32,0,0,1,1,-0.3200000000000001,-0.012799999999999867,19
300044,0,32,0,0,1,1,-0.3200000000000001,0.1324000000000001,16
300044,1,32,0,0,1,1,-0.3200000000000001,0.09040000000000015,14
300044,2,28,1,1,0,1,0.72,1.0608000000000002,8
300044,3,32,0,0,1,1,-0.3200000000000001,0.11800000000000015,24
300044,4,32,0,0,1,1,-0.3200000000000001,0.12400000000000014,17
300044,5,29,1,1,0,1,0.71,1.112,17
300044,6,32,0,0,1,1,-0.3200000000000001,0.028000000000000094,7
300044,7,32,0,0,1,1,-0.3200000000000001,0.13600000000000015,24
300044,8,32,0,0,1,1,-0.3200000000000001,0.1360000000000001,22
300044,9,32,0,0,1,1,-0.3200000000000001,0.07240000000000013,9
300044,10,32,0,0,1,1,-0.3200000000000001,0.11800000000000013,20
300044,11,32,0,0,1,1,-0.3200000000000001,0.13360000000000014,24
300044,12,32,0,0,1,1,-0.3200000000000001,0.1276000000000001,20
300044,13,32,0,0,1,1,-0.3200000000000001,0.1312000000000001,20
300044,14,32,0,0,1,1,-0.3200000000000001,0.08080000000000012,12
300044,15,32,0,0,1,1,-0.3200000000000001,0.0400000000000001,10
300045,0,32,0,0,1,1,-0.3200000000000001,-0.04319999999999974,15
300045,1,32,0,0,1,1,-0.3200000000000001,-0.13199999999999995,6
300045,2,8,1,1,0,1,0.9199999999999999,1.0132,2
300045,3,21,1,1,0,1,0.7899999999999999,0.9336000000000001,7
300045,4,2,1,1,0,1,0.98,1.0612,0
300045,5,32,0,0,1,1,-0.3200000000000001,-0.014399999999999719,17
300045,6,2,1,1,0,1,0.98,1.0612,0
300045,7,32,0,0,1,1,-0.3200000000000001,-0.12479999999999997,9
300045,8,13,1,1,0,1,0.87,0.9776,7
300045,9,32,0,0,1,1,-0.3200000000000001,-0.1079999999999998,11
300045,10,32,0,0,1,1,-0.3200000000000001,-0.08879999999999987,12
300045,11,32,0,0,1,1,-0.3200000000000001,-0.027599999999999736,10
300045,12,32,0,0,1,1,-0.3200000000000001,-0.0743999999999998,11
300045,13,32,0,0,1,1,-0.3200000000000001,-0.08279999999999989,10
300045,14,32,0,0,1,1,-0.3200000000000001,-0.06839999999999977,10
300045,15,15,1,1,0,1,0.85,0.9624,1
300046,0,32,0,0,1,1,-0.3200000000000001,-0.03879999999999997,11
300046,1,32,0,0,1,1,-0.3200000000000001,0.020000000000000157,9
300046,2,32,0,0,1,1,-0.3200000000000001,-0.005199999999999871,2
300046,3,32,0,0,1,1,-0.3200000000000001,0.004400000000000126,9
300046,4,32,0,0,1,1,-0.3200000000000001,-0.05199999999999991,9
300046,5,32,0,0,1,1,-0.3200000000000001,-0.014799999999999924,7
300046,6,22,1,1,0,1,0.7799999999999999,0.9964000000000001,8
300046,7,32,0,0,1,1,-0.3200000000000001,-0.05559999999999997,11
300046,8,32,0,0,1,1,-0.3200000000000001,-0.023199999999999874,8
300046,9,32,0,0,1,1,-0.3200000000000001,-0.05199999999999992,10
300046,10,32,0,0,1,1,-0.3200000000000001,0.005600000000000133,10
300046,11,32,0,0,1,1,-0.3200000000000001,-0.06279999999999991,7
300046,12,21,1,1,0,1,0.7899999999999999,1.0244,5
300046,13,32,0,0,1,1,-0.3200000000000001,0.00440000000000014,10
300046,14,32,0,0,1,1,-0.3200000000000001,-0.01839999999999989,0
300046,15,9,1,1,0,1,0.91,1.1012,1
300047,0,32,0,0,1,1,-0.3200000000000001,0.13560000000000028,16
300047,1,32,0,0,1,1,-0.3200000000000001,0.04680000000000013,9
300047,2,32,0,0,1,1,-0.3200000000000001,0.02280000000000014,13
300047,3,7,1,1,0,1,0.9299999999999999,1.1444,2
300047,4,32,0,0,1,1,-0.3200000000000001,0.06480000000000019,12
300047,5,32,0,0,1,1,-0.3200000000000001,-0.03479999999999996,8
300047,6,32,0,0,1,1,-0.3200000000000001,0.06600000000000023,15
300047,7,32,0,0,1,1,-0.3200000000000001,0.04920000000000013,11
300047,8,9,1,1,0,1,0.91,1.1400000000000001,2
300047,9,27,1,1,0,1,0.73,1.0728000000000002,10
300047,10,32,0,0,1,1,-0.3200000000000001,0.04320000000000007,8
300047,11,16,1,1,0,1,0.84,1.1048,1
300047,12,32,0,0,1,1,-0.3200000000000001,0.026400000000000173,6
300047,13,32,0,0,1,1,-0.3200000000000001,0.054000000000000145,1
300047,14,32,0,0,1,1,-0.3200000000000001,0.07080000000000014,7
300047,15,32,0,0,1,1,-0.3200000000000001,0.1176000000000002,15
300048,0,28,1,1,0,1,0.72,1.0776000000000001,6
300048,1,11,1,1,0,1,0.89,1.1852,1
300048,2,9,1,1,0,1,0.91,1.1752,3
300048,3,32,0,0,1,1,-0.3200000000000001,0.1624000000000002,11
300048,4,32,0,0,1,1,-0.3200000000000001,0.15280000000000016,6
300048,5,13,1,1,0,1,0.87,1.1664,3
300048,6,32,0,0,1,1,-0.3200000000000001,0.1636000000000002,14
300048,7,32,0,0,1,1,-0.3200000000000001,0.055600000000000115,15
300048,8,32,0,0,1,1,-0.3200000000000001,0.10480000000000014,13
300048,9,32,0,0,1,1,-0.3200000000000001,0.1468000000000002,8
300048,10,32,0,0,1,1,-0.3200000000000001,0.11800000000000017,16
300048,11,32,0,0,1,1,-0.3200000000000001,0.10240000000000007,8
300048,12,32,0,0,1,1,-0.3200000000000001,0.1492000000000002,8
300048,13,32,0,0,1,1,-0.3200000000000001,0.1432000000000002,2
300048,14,32,0,0,1,1,-0.3200000000000001,0.06280000000000015,6
300048,15,32,0,0,1,1,-0.3200000000000001,0.06880000000000011,6
300049,0,32,0,0,1,1,-0.3200000000000001,-0.14279999999999993,13
300049,1,4,1,1,0,1,0.96,1.0448,2
300049,2,15,1,1,0,1,0.85,0.9636,3
300049,3,8,1,1,0,1,0.9199999999999999,1.012,0
300049,4,14,1,1,0,1,0.86,0.9796,4
300049,5,32,0,0,1,1,-0.3200000000000001,-0.08279999999999987,9
300049,6,32,0,0,1,1,-0.3200000000000001,-0.14039999999999997,5
300049,7,7,1,1,0,1,0.9299999999999999,1.0208,1
300049,8,5,1,1,0,1,0.95,1.0384,3
300049,9,14,1,1,0,1,0.86,0.9736,2
300049,10,5,1,1,0,1,0.95,1.036,1
300049,11,2,1,1,0,1,0.98,1.0612,0
300049,12,6,1,1,0,1,0.94,1.0284,2
300049,13,9,1,1,0,1,0.91,1.0104,1
300049,14,32,0,0,1,1,-0.3200000000000001,-0.14040000000000002,4
300049,15,32,0,0,1,1,-0.3200000000000001,-0.13919999999999993,7
300050,0,32,0,0,1,1,-0.3200000000000001,0.19160000000000021,16
300050,1,32,0,0,1,1,-0.3200000000000001,0.23000000000000023,18
300050,2,32,0,0,1,1,-0.3200000000000001,0.1436000000000001,13
300050,3,32,0,0,1,1,-0.3200000000000001,0.2036000000000002,17
300050,4,32,0,0,1,1,-0.3200000000000001,0.2108000000000002,18
300050,5,32,0,0,1,1,-0.3200000000000001,0.1772000000000002,17
300050,6,32,0,0,1,1,-0.3200000000000001,0.1268000000000001,16
300050,7,32,0,0,1,1,-0.3200000000000001,0.2036000000000002,17
300050,8,32,0,0,1,1,-0.3200000000000001,0.17600000000000016,16
300050,9,32,0,0,1,1,-0.3200000000000001,0.20960000000000023,18
300050,10,32,0,0,1,1,-0.3200000000000001,0.21200000000000024,17
300050,11,32,0,0,1,1,-0.3200000000000001,0.12440000000000012,12
300050,12,32,0,0,1,1,-0.3200000000000001,0.16760000000000017,22
300050,13,32,0,0,1,1,-0.3200000000000001,0.14600000000000013,13
300050,14,32,0,0,1,1,-0.3200000000000001,0.2012000000000002,21
300050,15,32,0,0,1,1,-0.3200000000000001,0.17600000000000016,22
300051,0,2,1,1,0,1,0.98,1.0612,0
300051,1,29,1,1,0,1,0.71,0.8956000000000001,5
300051,2,32,0,0,1,1,-0.3200000000000001,-0.15239999999999992,7
300051,3,3,1,1,0,1,0.97,1.0524,1
300051,4,32,0,0,1,1,-0.3200000000000001,-0.12239999999999991,6
300051,5,9,1,1,0,1,0.91,1.008,1
300051,6,32,0,0,1,1,-0.3200000000000001,-0.08279999999999987,9
300051,7,2,1,1,0,1,0.98,1.0612,0
300051,8,32,0,0,1,1,-0.3200000000000001,-0.08879999999999993,4
300051,9,21,1,1,0,1,0.7899999999999999,0.9228000000000001,11
300051,10,30,1,1,0,1,0.7,0.8628,10
300051,11,32,0,0,1,1,-0.3200000000000001,-0.0803999999999998,16
300051,12,32,0,0,1,1,-0.3200000000000001,-0.1512,7
300051,13,2,1,1,0,1,0.98,1.0612,0
300051,14,15,1,1,0,1,0.85,0.9696,5
300051,15,5,1,1,0,1,0.95,1.0384,3
300052,0,28,1,1,0,1,0.72,0.9092000000000001,6
300052,1,32,0,0,1,1,-0.3200000000000001,-0.09239999999999989,7
300052,2,32,0,0,1,1,-0.3200000000000001,-0.0875999999999999,13
300052,3,32,0,0,1,1,-0.3200000000000001,-0.13079999999999997,4
300052,4,20,1,1,0,1,0.7999999999999999,0.9496000000000001,8
300052,5,14,1,1,0,1,0.86,0.9856,4
300052,6,32,0,0,1,1,-0.3200000000000001,-0.10919999999999984,11
300052,7,8,1,1,0,1,0.9199999999999999,1.0144,2
300052,8,5,1,1,0,1,0.95,1.0372000000000001,1
300052,9,32,0,0,1,1,-0.3200000000000001,-0.10439999999999994,20
300052,10,32,0,0,1,1,-0.3200000000000001,-0.14400000000000002,5
300052,11,31,1,1,0,1,0.69,0.8684000000000001,15
300052,12,32,0,0,1,1,-0.3200000000000001,-0.12479999999999991,4
300052,13,32,0,0,1,1,-0.3200000000000001,-0.10319999999999996,11
300052,14,16,1,1,0,1,0.84,0.9596,2
300052,15,32,0,0,1,1,-0.3200000000000001,-0.14159999999999995,10
300053,0,32,0,0,1,1,-0.3200000000000001,-0.0435999999999999,9
300053,1,32,0,0,1,1,-0.3200000000000001,-0.05679999999999991,16
300053,2,32,0,0,1,1,-0.3200000000000001,-0.0039999999999998925,17
300053,3,32,0,0,1,1,-0.3200000000000001,-0.02679999999999988,10
300053,4,32,0,0,1,1,-0.3200000000000001,-0.0699999999999999,15
300053,5,19,1,1,0,1,0.8099999999999999,1.0288000000000002,11
300053,6,32,0,0,1,1,-0.3200000000000001,-0.03159999999999985,12
300053,7,32,0,0,1,1,-0.3200000000000001,-0.015999999999999875,11
300053,8,32,0,0,1,1,-0.3200000000000001,-0.06279999999999994,10
300053,9,24,1,1,0,1,0.7599999999999999,0.9944000000000001,10
300053,10,9,1,1,0,1,0.91,1.1,3
300053,11,12,1,1,0,1,0.88,1.0748,2
300053,12,32,0,0,1,1,-0.3200000000000001,-0.017199999999999896,10
300053,13,11,1,1,0,1,0.89,1.0824,5
300053,14,32,0,0,1,1,-0.3200000000000001,-0.02679999999999985,12
300053,15,7,1,1,0,1,0.9299999999999999,1.1104,3
300054,0,32,0,0,1,1,-0.3200000000000001,0.04160000000000019,14
300054,1,4,1,1,0,1,0.96,1.1272,0
300054,2,32,0,0,1,1,-0.3200000000000001,0.00920000000000018,7
300054,3,32,0,0,1,1,-0.3200000000000001,-0.03399999999999995,6
300054,4,32,0,0,1,1,-0.3200000000000001,-0.03279999999999991,4
300054,5,32,0,0,1,1,-0.3200000000000001,-0.014799999999999897,7
300054,6,24,1,1,0,1,0.7599999999999999,0.9860000000000001,2
300054,7,4,1,1,0,1,0.96,1.1272,0
300054,8,32,0,0,1,1,-0.3200000000000001,0.0632000000000002,15
300054,9,32,0,0,1,1,-0.3200000000000001,-0.007599999999999885,10
300054,10,32,0,0,1,1,-0.3200000000000001,-0.014799999999999841,8
300054,11,32,0,0,1,1,-0.3200000000000001,0.018800000000000205,9
300054,12,32,0,0,1,1,-0.3200000000000001,-0.027999999999999886,7
300054,13,32,0,0,1,1,-0.3200000000000001,-0.01359999999999989,9
300054,14,32,0,0,1,1,-0.3200000000000001,0.014000000000000193,6
300054,15,32,0,0,1,1,-0.3200000000000001,0.005600000000000105,14
300055,0,32,0,0,1,1,-0.3200000000000001,-0.012799999999999812,12
300055,1,3,1,1,0,1,0.97,1.0936,0
300055,2,8,1,1,0,1,0.9199999999999999,1.0616,5
300055,3,32,0,0,1,1,-0.3200000000000001,-0.09559999999999995,6
300055,4,11,1,1,0,1,0.89,1.0388,2
300055,5,32,0,0,1,1,-0.3200000000000001,-0.003199999999999842,9
300055,6,29,1,1,0,1,0.71,0.9152,6
300055,7,32,0,0,1,1,-0.3200000000000001,-0.0727999999999999,10
300055,8,12,1,1,0,1,0.88,1.0312000000000001,5
300055,9,21,1,1,0,1,0.7899999999999999,0.9724,4
300055,10,12,1,1,0,1,0.88,1.0264,5
300055,11,32,0,0,1,1,-0.3200000000000001,-0.10039999999999999,7
300055,12,32,0,0,1,1,-0.3200000000000001,0.014800000000000257,11
300055,13,32,0,0,1,1,-0.3200000000000001,-0.07279999999999992,8
300055,14,32,0,0,1,1,-0.3200000000000001,-0.015199999999999714,6
300055,15,32,1,1,0,1,0.6799999999999999,0.896,9
300056,0,32,0,0,1,1,-0.3200000000000001,-0.08719999999999997,13
300056,1,32,0,0,1,1,-0.3200000000000001,-0.09679999999999996,12
300056,2,32,0,0,1,1,-0.3200000000000001,-0.0715999999999999,10
300056,3,9,1,1,0,1,0.91,1.048,4
300056,4,16,1,1,0,1,0.84,1.0152,3
300056,5,32,0,0,1,1,-0.3200000000000001,-0.05959999999999985,13
300056,6,32,0,0,1,1,-0.3200000000000001,-0.06199999999999989,10
300056,7,32,0,0,1,1,-0.3200000000000001,-0.08839999999999988,18
300056,8,11,1,1,0,1,0.89,1.0328,4
300056,9,23,1,1,0,1,0.7699999999999999,0.968,10
300056,10,32,0,0,1,1,-0.3200000000000001,-0.08479999999999989,10
300056,11,3,1,1,0,1,0.97,1.0936,0
300056,12,32,0,0,1,1,-0.3200000000000001,-0.04399999999999982,10
300056,13,11,1,1,0,1,0.89,1.0376,0
300056,14,32,0,0,1,1,-0.3200000000000001,-0.07399999999999995,7
300056,15,22,1,1,0,1,0.7799999999999999,0.9432,7
300057,0,32,0,0,1,1,-0.3200000000000001,0.06120000000000009,5
300057,1,32,0,0,1,1,-0.3200000000000001,0.06360000000000014,8
300057,2,32,0,0,1,1,-0.3200000000000001,0.04800000000000011,7
300057,3,32,0,0,1,1,-0.3200000000000001,0.048000000000000105,13
300057,4,17,1,1,0,1,0.83,1.09,0
300057,5,32,1,1,0,1,0.6799999999999999,1.0096,7
300057,6,32,0,0,1,1,-0.3200000000000001,0.05640000000000016,12
300057,7,32,0,0,1,1,-0.3200000000000001,0.04200000000000009,13
300057,8,32,0,0,1,1,-0.3200000000000001,0.0528000000000001,6
300057,9,32,0,0,1,1,-0.3200000000000001,0.04560000000000011,15
300057,10,32,0,0,1,1,-0.3200000000000001,0.016800000000000093,6
300057,11,32,0,0,1,1,-0.3200000000000001,0.09120000000000011,23
300057,12,32,0,0,1,1,-0.3200000000000001,-0.01679999999999994,6
300057,13,32,0,0,1,1,-0.3200000000000001,0.08040000000000017,9
300057,14,32,0,0,1,1,-0.3200000000000001,0.10320000000000024,16
300057,15,32,0,0,1,1,-0.3200000000000001,0.03600000000000009,8
300058,0,32,0,0,1,1,-0.3200000000000001,0.12400000000000017,12
300058,1,32,0,0,1,1,-0.3200000000000001,0.09880000000000014,2
300058,2,32,0,0,1,1,-0.3200000000000001,0.1072000000000001,12
300058,3,24,1,1,0,1,0.7599999999999999,1.1428,6
300058,4,32,0,0,1,1,-0.3200000000000001,0.11080000000000015,11
300058,5,8,1,1,0,1,0.9199999999999999,1.1816,0
300058,6,32,0,0,1,1,-0.3200000000000001,0.09160000000000013,20
300058,7,32,0,0,1,1,-0.3200000000000001,0.1324000000000001,8
300058,8,32,1,1,0,1,0.6799999999999999,1.0484,8
300058,9,32,0,0,1,1,-0.3200000000000001,0.08200000000000013,9
300058,10,32,0,0,1,1,-0.3200000000000001,0.09160000000000014,20
300058,11,32,0,0,1,1,-0.3200000000000001,0.09520000000000015,13
300058,12,32,0,0,1,1,-0.3200000000000001,0.04840000000000007,10
300058,13,32,0,0,1,1,-0.3200000000000001,0.023200000000000054,7
300058,14,32,0,0,1,1,-0.3200000000000001,0.05800000000000013,5
300058,15,11,1,1,0,1,0.89,1.1672,3
300059,0,32,0,0,1,1,-0.3200000000000001,0.020400000000000112,9
300059,1,32,0,0,1,1,-0.3200000000000001,0.04320000000000013,12
300059,2,32,0,0,1,1,-0.3200000000000001,0.03960000000000011,12
300059,3,32,0,0,1,1,-0.3200000000000001,0.03720000000000015,15
300059,4,32,0,0,1,1,-0.3200000000000001,0.04920000000000016,14
300059,5,32,0,0,1,1,-0.3200000000000001,0.030000000000000138,9
300059,6,32,0,0,1,1,-0.3200000000000001,0.04560000000000011,8
300059,7,15,1,1,0,1,0.85,1.1124,8
300059,8,32,0,0,1,1,-0.3200000000000001,0.048000000000000154,13
300059,9,32,0,0,1,1,-0.3200000000000001,0.044400000000000134,11
300059,10,32,0,0,1,1,-0.3200000000000001,0.03120000000000013,7
300059,11,32,0,0,1,1,-0.3200000000000001,0.03960000000000015,8
300059,12,32,0,0,1,1,-0.3200000000000001,0.04320000000000014,13
300059,13,32,0,0,1,1,-0.3200000000000001,0.04320000000000014,13
300059,14,25,1,1,0,1,0.7499999999999999,1.0388000000000002,8
300059,15,10,1,1,0,1,0.9,1.1312,1
300060,0,32,0,0,1,1,-0.3200000000000001,-0.05359999999999987,9
300060,1,6,1,1,0,1,0.94,1.0744,3
300060,2,3,1,1,0,1,0.97,1.0936,0
300060,3,6,1,1,0,1,0.94,1.072,3
300060,4,32,0,0,1,1,-0.3200000000000001,-0.053599999999999856,9
300060,5,15,1,1,0,1,0.85,1.0072,10
300060,6,32,0,0,1,1,-0.3200000000000001,-0.05479999999999981,15
300060,7,11,1,1,0,1,0.89,1.0304,6
300060,8,32,0,0,1,1,-0.3200000000000001,-0.0823999999999998,22
300060,9,25,1,1,0,1,0.7499999999999999,0.9264000000000001,14
300060,10,19,1,1,0,1,0.8099999999999999,0.9876,8
300060,11,32,0,0,1,1,-0.3200000000000001,-0.08719999999999996,17
300060,12,24,1,1,0,1,0.7599999999999999,0.9448000000000001,11
300060,13,10,1,1,0,1,0.9,1.0404,5
300060,14,32,0,0,1,1,-0.3200000000000001,-0.05479999999999992,16
300060,15,16,1,1,0,1,0.84,1.0224,5
300061,0,32,0,0,1,1,-0.3200000000000001,-0.003599999999999909,9
300061,1,32,0,0,1,1,-0.3200000000000001,0.0480000000000001,17
300061,2,32,0,0,1,1,-0.3200000000000001,0.12120000000000034,16
300061,3,32,0,0,1,1,-0.3200000000000001,0.07320000000000013,11
300061,4,32,0,0,1,1,-0.3200000000000001,0.03960000000000016,11
300061,5,32,0,0,1,1,-0.3200000000000001,0.08280000000000015,11
300061,6,32,0,0,1,1,-0.3200000000000001,0.0336000000000001,11
300061,7,32,0,0,1,1,-0.3200000000000001,0.06480000000000011,13
300061,8,32,0,0,1,1,-0.3200000000000001,0.02520000000000018,11
300061,9,11,1,1,0,1,0.89,1.1128,6
300061,10,32,0,0,1,1,-0.3200000000000001,0.05640000000000016,11
300061,11,32,0,0,1,1,-0.3200000000000001,0.012000000000000115,6
300061,12,5,1,1,0,1,0.95,1.162,0
300061,13,32,0,0,1,1,-0.3200000000000001,0.062400000000000164,9
300061,14,32,0,0,1,1,-0.3200000000000001,0.02400000000000014,10
300061,15,32,0,0,1,1,-0.3200000000000001,0.07200000000000017,13
300062,0,21,1,1,0,1,0.7899999999999999,0.9676,8
300062,1,8,1,1,0,1,0.9199999999999999,1.0604,3
300062,2,22,1,1,0,1,0.7799999999999999,0.9468000000000001,5
300062,3,11,1,1,0,1,0.89,1.0304,4
300062,4,7,1,1,0,1,0.9299999999999999,1.0644,2
300062,5,32,0,0,1,1,-0.3200000000000001,-0.12079999999999998,9
300062,6,32,0,0,1,1,-0.3200000000000001,-0.08119999999999987,11
300062,7,7,1,1,0,1,0.9299999999999999,1.0644,4
300062,8,25,1,1,0,1,0.7499999999999999,0.9384000000000001,6
300062,9,32,0,0,1,1,-0.3200000000000001,-0.1136,13
300062,10,30,1,1,0,1,0.7,0.8884000000000001,17
300062,11,13,1,1,0,1,0.87,1.0176,10
300062,12,32,0,0,1,1,-0.3200000000000001,-0.11479999999999992,16
300062,13,8,1,1,0,1,0.9199999999999999,1.0532,1
300062,14,18,1,1,0,1,0.82,0.9808000000000001,9
300062,15,32,0,0,1,1,-0.3200000000000001,-0.10999999999999997,16
300063,0,32,0,0,1,1,-0.3200000000000001,0.1132000000000001,16
300063,1,32,0,0,1,1,-0.3200000000000001,0.1288000000000001,18
300063,2,16,1,1,0,1,0.84,1.1484,6
300063,3,32,0,0,1,1,-0.3200000000000001,0.06160000000000007,15
300063,4,24,1,1,0,1,0.7599999999999999,1.1308,14
300063,5,32,0,0,1,1,-0.3200000000000001,0.12160000000000014,18
300063,6,32,0,0,1,1,-0.3200000000000001,0.11680000000000017,13
300063,7,32,0,0,1,1,-0.3200000000000001,0.12400000000000011,12
300063,8,26,1,1,0,1,0.74,1.0424,12
300063,9,30,1,1,0,1,0.7,1.096,10
300063,10,32,0,0,1,1,-0.3200000000000001,0.11680000000000017,18
300063,11,17,1,1,0,1,0.83,1.1324,5
300063,12,32,0,0,1,1,-0.3200000000000001,0.11800000000000013,12
300063,13,28,1,1,0,1,0.72,1.086,8
300063,14,32,0,0,1,1,-0.3200000000000001,0.15040000000000017,13
300063,15,32,0,0,1,1,-0.3200000000000001,0.1588000000000002,19
300064,0,32,0,0,1,1,-0.3200000000000001,0.17080000000000028,9
300064,1,32,0,0,1,1,-0.3200000000000001,0.10840000000000015,15
300064,2,32,0,0,1,1,-0.3200000000000001,0.1372000000000002,15
300064,3,32,0,0,1,1,-0.3200000000000001,0.1660000000000002,8
300064,4,32,0,0,1,1,-0.3200000000000001,0.16120000000000023,9
300064,5,32,0,0,1,1,-0.3200000000000001,0.1768000000000003,13
300064,6,32,0,0,1,1,-0.3200000000000001,0.18520000000000028,13
300064,7,32,0,0,1,1,-0.3200000000000001,0.16840000000000027,6
300064,8,32,0,0,1,1,-0.3200000000000001,0.053200000000000136,15
300064,9,32,0,0,1,1,-0.3200000000000001,0.1300000000000002,18
300064,10,32,0,0,1,1,-0.3200000000000001,0.11560000000000013,12
300064,11,32,0,0,1,1,-0.3200000000000001,0.16960000000000025,13
300064,12,28,1,1,0,1,0.72,1.1556000000000002,6
300064,13,32,0,0,1,1,-0.3200000000000001,0.05080000000000012,18
300064,14,32,0,0,1,1,-0.3200000000000001,0.02320000000000011,17
300064,15,32,0,0,1,1,-0.3200000000000001,0.042400000000000077,13
300065,0,15,1,1,0,1,0.85,1.012,2
300065,1,29,1,1,0,1,0.71,0.9284000000000001,6
300065,2,12,1,1,0,1,0.88,1.0324,3
300065,3,32,0,0,1,1,-0.3200000000000001,-0.10519999999999995,6
300065,4,32,0,0,1,1,-0.3200000000000001,-0.04879999999999987,10
300065,5,32,0,0,1,1,-0.3200000000000001,-0.12919999999999998,9
300065,6,5,1,1,0,1,0.95,1.0796000000000001,0
300065,7,32,0,0,1,1,-0.3200000000000001,-0.05719999999999992,4
300065,8,22,1,1,0,1,0.7799999999999999,0.9600000000000001,1
300065,9,25,1,1,0,1,0.7499999999999999,0.9864000000000002,8
300065,10,32,0,0,1,1,-0.3200000000000001,-0.04999999999999989,3
300065,11,18,1,1,0,1,0.82,1.0168000000000001,3
300065,12,32,0,0,1,1,-0.3200000000000001,-0.02479999999999989,10
300065,13,32,0,0,1,1,-0.3200000000000001,-0.07879999999999991,6
300065,14,32,0,0,1,1,-0.3200000000000001,-0.0259999999999998,8
300065,15,3,1,1,0,1,0.97,1.0936,0
300066,0,2,1,1,0,1,0.98,1.0612,0
300066,1,4,1,1,0,1,0.96,1.0472000000000001,0
300066,2,32,0,0,1,1,-0.3200000000000001,-0.12719999999999992,3
300066,3,9,1,1,0,1,0.91,1.0092,1
300066,4,32,0,0,1,1,-0.3200000000000001,-0.11159999999999975,14
300066,5,11,1,1,0,1,0.89,0.994,1
300066,6,9,1,1,0,1,0.91,1.0056,3
300066,7,3,1,1,0,1,0.97,1.0524,1
300066,8,32,0,0,1,1,-0.3200000000000001,-0.09479999999999986,11
300066,9,32,0,0,1,1,-0.3200000000000001,-0.14279999999999993,8
300066,10,2,1,1,0,1,0.98,1.0612,0
300066,11,9,1,1,0,1,0.91,1.0068000000000001,5
300066,12,6,1,1,0,1,0.94,1.0296,2
300066,13,7,1,1,0,1,0.9299999999999999,1.0184,3
300066,14,32,0,0,1,1,-0.3200000000000001,-0.10919999999999991,15
300066,15,2,1,1,0,1,0.98,1.0612,0
300067,0,32,0,0,1,1,-0.3200000000000001,-0.047199999999999895,12
300067,1,32,0,0,1,1,-0.3200000000000001,-0.04239999999999994,0
300067,2,31,1,1,0,1,0.69,0.9520000000000001,11
300067,3,32,1,1,0,1,0.6799999999999999,0.9312,4
300067,4,32,0,0,1,1,-0.3200000000000001,0.01640000000000011,15
300067,5,32,0,0,1,1,-0.3200000000000001,-0.01479999999999991,9
300067,6,14,1,1,0,1,0.86,1.0644,4
300067,7,32,0,0,1,1,-0.3200000000000001,-0.03279999999999983,7
300067,8,32,0,0,1,1,-0.3200000000000001,0.005600000000000119,11
300067,9,32,0,0,1,1,-0.3200000000000001,-0.0027999999999999137,18
300067,10,32,0,0,1,1,-0.3200000000000001,-0.05439999999999989,5
300067,11,32,0,0,1,1,-0.3200000000000001,-0.03159999999999985,12
300067,12,32,0,0,1,1,-0.3200000000000001,0.010400000000000124,15
300067,13,19,1,1,0,1,0.8099999999999999,1.0576,5
300067,14,32,0,0,1,1,-0.3200000000000001,-0.05439999999999991,6
300067,15,13,1,1,0,1,0.87,1.0612000000000001,1
300068,0,18,1,1,0,1,0.82,0.9636,2
300068,1,32,0,0,1,1,-0.3200000000000001,-0.10439999999999992,9
300068,2,24,1,1,0,1,0.7599999999999999,0.9360000000000002,12
300068,3,32,0,0,1,1,-0.3200000000000001,-0.06839999999999996,19
300068,4,32,0,0,1,1,-0.3200000000000001,-0.10679999999999983,13
300068,5,18,1,1,0,1,0.82,0.9504,6
300068,6,32,0,0,1,1,-0.3200000000000001,-0.1151999999999999,8
300068,7,32,0,0,1,1,-0.3200000000000001,-0.15359999999999996,11
300068,8,32,0,0,1,1,-0.3200000000000001,-0.11039999999999972,17
300068,9,32,0,0,1,1,-0.3200000000000001,-0.07199999999999979,9
300068,10,18,1,1,0,1,0.82,0.9576,4
300068,11,7,1,1,0,1,0.9299999999999999,1.0208,3
300068,12,27,1,1,0,1,0.73,0.9072000000000001,9
300068,13,17,1,1,0,1,0.83,0.9592,5
300068,14,30,1,1,0,1,0.7,0.8640000000000001,8
300068,15,32,0,0,1,1,-0.3200000000000001,-0.1031999999999999,8
300069,0,32,0,0,1,1,-0.3200000000000001,-0.050799999999999915,5
300069,1,32,0,0,1,1,-0.3200000000000001,-0.0063999999999998225,3
300069,2,32,0,0,1,1,-0.3200000000000001,0.06080000000000024,14
300069,3,32,0,0,1,1,-0.3200000000000001,-0.0231999999999999,5
300069,4,32,0,0,1,1,-0.3200000000000001,-0.020799999999999888,10
300069,5,32,0,0,1,1,-0.3200000000000001,-0.03879999999999988,8
300069,6,21,1,1,0,1,0.7899999999999999,1.0172,7
300069,7,32,0,0,1,1,-0.3200000000000001,0.0692000000000002,21
300069,8,32,0,0,1,1,-0.3200000000000001,0.004400000000000126,5
300069,9,32,0,0,1,1,-0.3200000000000001,-0.005199999999999851,10
300069,10,32,0,0,1,1,-0.3200000000000001,-0.04239999999999988,7
300069,11,15,1,1,0,1,0.85,1.0736,3
300069,12,32,0,0,1,1,-0.3200000000000001,-0.025599999999999817,8
300069,13,32,0,0,1,1,-0.3200000000000001,-0.0363999999999999,6
300069,14,32,0,0,1,1,-0.3200000000000001,-0.008799999999999808,11
300069,15,25,1,1,0,1,0.7499999999999999,1.0012,7
300070,0,32,0,0,1,1,-0.3200000000000001,-0.027999999999999817,22
300070,1,27,1,1,0,1,0.73,1.0040000000000002,19
300070,2,32,0,0,1,1,-0.3200000000000001,-0.01479999999999991,18
300070,3,9,1,1,0,1,0.91,1.1036000000000001,3
300070,4,32,0,0,1,1,-0.3200000000000001,-0.017199999999999882,15
300070,5,32,0,0,1,1,-0.3200000000000001,-0.029199999999999893,12
300070,6,32,0,0,1,1,-0.3200000000000001,-0.003999999999999809,21
300070,7,32,0,0,1,1,-0.3200000000000001,-0.014799999999999855,15
300070,8,13,1,1,0,1,0.87,1.0708,7
300070,9,24,1,1,0,1,0.7599999999999999,1.0088000000000001,14
300070,10,32,0,0,1,1,-0.3200000000000001,-0.020799999999999923,19
300070,11,15,1,1,0,1,0.85,1.0544,5
300070,12,32,0,0,1,1,-0.3200000000000001,-0.04839999999999989,14
300070,13,16,1,1,0,1,0.84,1.0456,8
300070,14,15,1,1,0,1,0.85,1.0616,5
300070,15,31,1,1,0,1,0.69,0.9544000000000001,13
300071,0,16,1,1,0,1,0.84,0.9560000000000001,0
300071,1,5,1,1,0,1,0.95,1.0384,3
300071,2,32,0,0,1,1,-0.3200000000000001,-0.13919999999999993,4
300071,3,11,1,1,0,1,0.89,0.9892000000000001,5
300071,4,6,1,1,0,1,0.94,1.0296,2
300071,5,2,1,1,0,1,0.98,1.0612,0
300071,6,9,1,1,0,1,0.91,1.0176,3
300071,7,32,0,0,1,1,-0.3200000000000001,-0.14400000000000002,6
300071,8,2,1,1,0,1,0.98,1.0612,0
300071,9,32,0,0,1,1,-0.3200000000000001,-0.11279999999999978,15
300071,10,2,1,1,0,1,0.98,1.0612,0
300071,11,18,1,1,0,1,0.82,0.9432,2
300071,12,25,1,1,0,1,0.7499999999999999,0.9188000000000001,7
300071,13,2,1,1,0,1,0.98,1.0612,0
300071,14,2,1,1,0,1,0.98,1.0612,0
300071,15,2,1,1,0,1,0.98,1.0612,0
300072,0,32,0,0,1,1,-0.3200000000000001,-0.0027999999999999553,10
300072,1,32,0,0,1,1,-0.3200000000000001,0.032000000000000195,7
300072,2,32,0,0,1,1,-0.3200000000000001,-0.017199999999999868,6
300072,3,32,0,0,1,1,-0.3200000000000001,0.017600000000000143,9
300072,4,32,0,0,1,1,-0.3200000000000001,0.0176000000000002,4
300072,5,32,0,0,1,1,-0.3200000000000001,0.0008000000000001339,12
300072,6,32,0,0,1,1,-0.3200000000000001,-0.001599999999999796,11
300072,7,22,1,1,0,1,0.7799999999999999,1.048,6
300072,8,32,0,0,1,1,-0.3200000000000001,0.015200000000000227,7
300072,9,32,0,0,1,1,-0.3200000000000001,0.0044000000000001815,9
300072,10,32,0,0,1,1,-0.3200000000000001,-0.0327999999999999,6
300072,11,14,1,1,0,1,0.86,1.0788,6
300072,12,32,0,0,1,1,-0.3200000000000001,-0.035199999999999856,7
300072,13,32,0,0,1,1,-0.3200000000000001,-0.050799999999999915,9
300072,14,32,0,0,1,1,-0.3200000000000001,0.0032000000000001194,14
300072,15,32,0,0,1,1,-0.3200000000000001,-0.018399999999999903,4
300073,0,32,0,0,1,1,-0.3200000000000001,-0.1359999999999999,8
300073,1,1,1,1,0,1,0.99,1.03,0
300073,2,6,1,1,0,1,0.94,0.992,1
300073,3,1,1,1,0,1,0.99,1.03,0
300073,4,16,1,1,0,1,0.84,0.9124000000000001,9
300073,5,1,1,1,0,1,0.99,1.03,0
300073,6,18,1,1,0,1,0.82,0.8972,7
300073,7,1,1,1,0,1,0.99,1.03,0
300073,8,14,1,1,0,1,0.86,0.93,3
300073,9,12,1,1,0,1,0.88,0.9488,3
300073,10,25,1,1,0,1,0.7499999999999999,0.8536000000000001,4
300073,11,1,1,1,0,1,0.99,1.03,0
300073,12,32,0,0,1,1,-0.3200000000000001,-0.14679999999999988,9
300073,13,9,1,1,0,1,0.91,0.9644,0
300073,14,32,0,0,1,1,-0.3200000000000001,-0.14559999999999979,12
300073,15,12,1,1,0,1,0.88,0.9536,3
300074,0,4,1,1,0,1,0.96,1.0472000000000001,0
300074,1,32,0,0,1,1,-0.3200000000000001,-0.09479999999999994,9
300074,2,32,0,0,1,1,-0.3200000000000001,-0.10439999999999999,15
300074,3,32,0,0,1,1,-0.3200000000000001,-0.11159999999999998,15
300074,4,4,1,1,0,1,0.96,1.0472000000000001,0
300074,5,32,0,0,1,1,-0.3200000000000001,-0.13319999999999987,11
300074,6,32,0,0,1,1,-0.3200000000000001,-0.03719999999999968,9
300074,7,32,0,0,1,1,-0.3200000000000001,-0.08159999999999995,7
300074,8,4,1,1,0,1,0.96,1.0472000000000001,0
300074,9,3,1,1,0,1,0.97,1.0524,1
300074,10,2,1,1,0,1,0.98,1.0612,0
300074,11,6,1,1,0,1,0.94,1.026,4
300074,12,7,1,1,0,1,0.9299999999999999,1.0172,5
300074,13,32,0,0,1,1,-0.3200000000000001,-0.12239999999999995,8
300074,14,32,0,0,1,1,-0.3200000000000001,-0.05039999999999968,5
300074,15,32,0,0,1,1,-0.3200000000000001,-0.11759999999999993,3
300075,0,30,1,1,0,1,0.7,0.8748,14
300075,1,2,1,1,0,1,0.98,1.0612,0
300075,2,30,1,1,0,1,0.7,0.8712,10
300075,3,7,1,1,0,1,0.9299999999999999,1.0244,1
300075,4,30,1,1,0,1,0.7,0.8748,12
300075,5,27,1,1,0,1,0.73,0.8964000000000001,11
300075,6,32,0,0,1,1,-0.3200000000000001,-0.1415999999999999,12
300075,7,6,1,1,0,1,0.94,1.0308,0
300075,8,32,0,0,1,1,-0.3200000000000001,-0.14639999999999986,14
300075,9,18,1,1,0,1,0.82,0.9420000000000001,4
300075,10,22,1,1,0,1,0.7799999999999999,0.9320000000000002,6
300075,11,32,0,0,1,1,-0.3200000000000001,-0.1608,10
300075,12,27,1,1,0,1,0.73,0.8808,7
300075,13,32,1,1,0,1,0.6799999999999999,0.8488,8
300075,14,19,1,1,0,1,0.8099999999999999,0.9512,7
300075,15,32,0,0,1,1,-0.3200000000000001,-0.12479999999999987,9
300076,0,3,1,1,0,1,0.97,1.0936,0
300076,1,32,0,0,1,1,-0.3200000000000001,-0.10039999999999995,18
300076,2,17,1,1,0,1,0.83,0.9932000000000001,8
300076,3,32,0,0,1,1,-0.3200000000000001,-0.10399999999999994,16
300076,4,9,1,1,0,1,0.91,1.054,4
300076,5,18,1,1,0,1,0.82,0.9904000000000001,11
300076,6,32,1,1,0,1,0.6799999999999999,0.9116000000000001,13
300076,7,14,1,1,0,1,0.86,1.022,9
300076,8,25,1,1,0,1,0.7499999999999999,0.9444,10
300076,9,32,0,0,1,1,-0.3200000000000001,-0.10759999999999996,12
300076,10,23,1,1,0,1,0.7699999999999999,0.9548000000000001,10
300076,11,28,1,1,0,1,0.72,0.9144,9
300076,12,32,0,0,1,1,-0.3200000000000001,-0.10279999999999996,22
300076,13,32,0,0,1,1,-0.3200000000000001,-0.11359999999999996,11
300076,14,32,0,0,1,1,-0.3200000000000001,-0.11,11
300076,15,8,1,1,0,1,0.9199999999999999,1.0592000000000001,1
300077,0,3,1,1,0,1,0.97,1.0536,1
300077,1,32,0,0,1,1,-0.3200000000000001,-0.14519999999999994,8
300077,2,32,0,0,1,1,-0.3200000000000001,-0.15839999999999999,9
300077,3,27,1,1,0,1,0.73,0.9060000000000001,11
300077,4,32,0,0,1,1,-0.3200000000000001,-0.14760000000000006,6
300077,5,32,0,0,1,1,-0.3200000000000001,-0.1403999999999999,9
300077,6,2,1,1,0,1,0.98,1.0612,0
300077,7,23,1,1,0,1,0.7699999999999999,0.9064000000000001,5
300077,8,12,1,1,0,1,0.88,0.9888,4
300077,9,6,1,1,0,1,0.94,1.0284,0
300077,10,6,1,1,0,1,0.94,1.032,2
300077,11,2,1,1,0,1,0.98,1.0612,0
300077,12,6,1,1,0,1,0.94,1.0296,2
300077,13,32,0,0,1,1,-0.3200000000000001,-0.16199999999999992,17
300077,14,5,1,1,0,1,0.95,1.0372000000000001,1
300077,15,32,0,0,1,1,-0.3200000000000001,-0.1572,11
300078,0,32,0,0,1,1,-0.3200000000000001,-0.048799999999999844,14
300078,1,32,0,0,1,1,-0.3200000000000001,-0.01639999999999983,10
300078,2,12,1,1,0,1,0.88,1.0228,1
300078,3,32,0,0,1,1,-0.3200000000000001,-0.07519999999999988,19
300078,4,32,0,0,1,1,-0.3200000000000001,-0.031999999999999806,6
300078,5,24,1,1,0,1,0.7599999999999999,0.9460000000000001,7
300078,6,32,0,0,1,1,-0.3200000000000001,-0.045199999999999824,13
300078,7,32,0,0,1,1,-0.3200000000000001,-0.04159999999999983,7
300078,8,32,0,0,1,1,-0.3200000000000001,-0.02599999999999983,7
300078,9,28,1,1,0,1,0.72,0.9612000000000002,15
300078,10,32,0,0,1,1,-0.3200000000000001,-0.045199999999999824,9
300078,11,32,0,0,1,1,-0.3200000000000001,-0.08480000000000003,3
300078,12,32,0,0,1,1,-0.3200000000000001,-0.10279999999999993,11
300078,13,28,1,1,0,1,0.72,0.9420000000000001,7
300078,14,19,1,1,0,1,0.8099999999999999,1.0152,4
300078,15,32,0,0,1,1,-0.3200000000000001,-0.042799999999999866,14
300079,0,32,0,0,1,1,-0.3200000000000001,0.07080000000000015,13
300079,1,29,1,1,0,1,0.71,1.066,10
300079,2,32,0,0,1,1,-0.3200000000000001,0.07320000000000013,17
300079,3,14,1,1,0,1,0.86,1.1152000000000002,5
300079,4,32,0,0,1,1,-0.3200000000000001,0.03960000000000011,10
300079,5,32,0,0,1,1,-0.3200000000000001,0.08280000000000014,18
300079,6,32,0,0,1,1,-0.3200000000000001,0.07320000000000013,12
300079,7,32,0,0,1,1,-0.3200000000000001,0.0888000000000001,17
300079,8,32,0,0,1,1,-0.3200000000000001,0.07320000000000013,18
300079,9,32,0,0,1,1,-0.3200000000000001,0.038400000000000094,12
300079,10,32,0,0,1,1,-0.3200000000000001,0.08520000000000015,15
300079,11,32,0,0,1,1,-0.3200000000000001,0.07680000000000012,19
300079,12,25,1,1,0,1,0.7499999999999999,1.0892000000000002,10
300079,13,21,1,1,0,1,0.7899999999999999,1.0476,8
300079,14,11,1,1,0,1,0.89,1.1224,0
300079,15,32,0,0,1,1,-0.3200000000000001,0.037200000000000094,13
300080,0,32,0,0,1,1,-0.3200000000000001,0.04800000000000011,7
300080,1,32,0,0,1,1,-0.3200000000000001,0.09960000000000019,9
300080,2,32,0,0,1,1,-0.3200000000000001,0.03840000000000013,12
300080,3,32,0,0,1,1,-0.3200000000000001,0.0468000000000002,16
300080,4,32,0,0,1,1,-0.3200000000000001,0.08640000000000009,10
300080,5,32,0,0,1,1,-0.3200000000000001,0.0972000000000002,2
300080,6,32,0,0,1,1,-0.3200000000000001,0.10560000000000024,9
300080,7,32,0,0,1,1,-0.3200000000000001,0.09720000000000018,10
300080,8,32,0,0,1,1,-0.3200000000000001,0.022800000000000112,17
300080,9,32,0,0,1,1,-0.3200000000000001,0.04800000000000015,21
300080,10,32,0,0,1,1,-0.3200000000000001,-0.0035999999999999366,15
300080,11,32,0,0,1,1,-0.3200000000000001,0.04920000000000016,12
300080,12,32,0,0,1,1,-0.3200000000000001,0.022800000000000098,9
300080,13,32,0,0,1,1,-0.3200000000000001,0.02640000000000009,12
300080,14,32,0,0,1,1,-0.3200000000000001,0.08760000000000018,11
300080,15,32,0,0,1,1,-0.3200000000000001,0.024000000000000105,4
300081,0,12,1,1,0,1,0.88,0.9876,4
300081,1,32,0,0,1,1,-0.3200000000000001,-0.10199999999999988,18
300081,2,31,1,1,0,1,0.69,0.8468000000000001,9
300081,3,32,0,0,1,1,-0.3200000000000001,-0.12359999999999993,19
300081,4,2,1,1,0,1,0.98,1.0612,0
300081,5,18,1,1,0,1,0.82,0.9384,4
300081,6,32,0,0,1,1,-0.3200000000000001,-0.12359999999999989,14
300081,7,32,0,0,1,1,-0.3200000000000001,-0.14640000000000003,10
300081,8,15,1,1,0,1,0.85,0.9588000000000001,3
300081,9,23,1,1,0,1,0.7699999999999999,0.904,5
300081,10,32,0,0,1,1,-0.3200000000000001,-0.08519999999999978,21
300081,11,18,1,1,0,1,0.82,0.9480000000000001,8
300081,12,14,1,1,0,1,0.86,0.9748,2
300081,13,15,1,1,0,1,0.85,0.96,5
300081,14,9,1,1,0,1,0.91,1.0032,3
300081,15,32,0,0,1,1,-0.3200000000000001,-0.10079999999999988,20
300082,0,32,0,0,1,1,-0.3200000000000001,0.44600000000000073,17
300082,1,32,0,0,1,1,-0.3200000000000001,0.40280000000000044,14
300082,2,24,1,1,0,1,0.7599999999999999,1.3136,6
300082,3,32,0,0,1,1,-0.3200000000000001,0.4676000000000014,23
300082,4,32,0,0,1,1,-0.3200000000000001,0.4088000000000005,15
300082,5,32,0,0,1,1,-0.3200000000000001,0.3860000000000004,11
300082,6,32,0,0,1,1,-0.3200000000000001,0.4136000000000003,15
300082,7,32,0,0,1,1,-0.3200000000000001,0.35120000000000046,11
300082,8,32,0,0,1,1,-0.3200000000000001,0.34280000000000027,12
300082,9,32,0,0,1,1,-0.3200000000000001,0.44720000000000076,11
300082,10,32,0,0,1,1,-0.3200000000000001,0.4064000000000003,15
300082,11,32,0,0,1,1,-0.3200000000000001,0.4520000000000011,22
300082,12,32,0,0,1,1,-0.3200000000000001,0.4424000000000008,11
300082,13,32,0,0,1,1,-0.3200000000000001,0.3848000000000004,13
300082,14,32,0,0,1,1,-0.3200000000000001,0.46280000000000115,19
300082,15,32,0,0,1,1,-0.3200000000000001,0.2840000000000002,10
300083,0,32,0,0,1,1,-0.3200000000000001,0.018000000000000085,10
300083,1,32,0,0,1,1,-0.3200000000000001,0.033600000000000116,9
300083,2,32,0,0,1,1,-0.3200000000000001,0.07680000000000013,11
300083,3,32,0,0,1,1,-0.3200000000000001,0.1356000000000003,16
300083,4,15,1,1,0,1,0.85,1.0944,4
300083,5,32,0,0,1,1,-0.3200000000000001,0.1440000000000003,12
300083,6,22,1,1,0,1,0.7799999999999999,1.052,5
300083,7,32,0,0,1,1,-0.3200000000000001,0.09840000000000018,12
300083,8,32,0,0,1,1,-0.3200000000000001,0.08640000000000017,10
300083,9,32,0,0,1,1,-0.3200000000000001,0.01200000000000008,9
300083,10,32,0,0,1,1,-0.3200000000000001,0.027600000000000117,12
300083,11,17,1,1,0,1,0.83,1.1164,2
300083,12,32,0,0,1,1,-0.3200000000000001,0.10440000000000016,13
300083,13,27,1,1,0,1,0.73,1.0344000000000002,4
300083,14,24,1,1,0,1,0.7599999999999999,1.0896000000000001,7
300083,15,32,0,0,1,1,-0.3200000000000001,0.03600000000000013,7
300084,0,1,1,1,0,1,0.99,1.03,0
300084,1,1,1,1,0,1,0.99,1.03,0
300084,2,11,1,1,0,1,0.89,0.9528,0
300084,3,5,1,1,0,1,0.95,0.9996,0
300084,4,1,1,1,0,1,0.99,1.03,0
300084,5,3,1,1,0,1,0.97,1.0136,0
300084,6,1,1,1,0,1,0.99,1.03,0
300084,7,4,1,1,0,1,0.96,1.0048000000000001,1
300084,8,6,1,1,0,1,0.94,0.9884000000000001,1
300084,9,9,1,1,0,1,0.91,0.968,2
300084,10,32,0,0,1,1,-0.3200000000000001,-0.15279999999999994,7
300084,11,7,1,1,0,1,0.9299999999999999,0.9796,2
300084,12,32,0,0,1,1,-0.3200000000000001,-0.11919999999999997,1
300084,13,19,1,1,0,1,0.8099999999999999,0.8992,6
300084,14,27,1,1,0,1,0.73,0.8528,6
300084,15,32,0,0,1,1,-0.3200000000000001,-0.12399999999999983,11
300085,0,32,0,0,1,1,-0.3200000000000001,-0.021999999999999825,11
300085,1,32,0,0,1,1,-0.3200000000000001,0.029600000000000154,11
300085,2,32,0,0,1,1,-0.3200000000000001,-0.005199999999999899,7
300085,3,32,0,0,1,1,-0.3200000000000001,-0.006399999999999864,6
300085,4,32,0,0,1,1,-0.3200000000000001,0.03080000000000016,11
300085,5,32,0,0,1,1,-0.3200000000000001,0.012800000000000249,11
300085,6,32,0,0,1,1,-0.3200000000000001,0.004400000000000126,2
300085,7,28,1,1,0,1,0.72,1.0108000000000001,2
300085,8,26,1,1,0,1,0.74,1.0176,2
300085,9,32,0,0,1,1,-0.3200000000000001,0.004400000000000154,7
300085,10,32,0,0,1,1,-0.3200000000000001,0.0008000000000001062,6
300085,11,18,1,1,0,1,0.82,1.0412000000000001,8
300085,12,32,0,0,1,1,-0.3200000000000001,0.03560000000000016,21
300085,13,32,0,0,1,1,-0.3200000000000001,0.0008000000000001617,5
300085,14,32,0,0,1,1,-0.3200000000000001,0.015200000000000144,12
300085,15,32,0,0,1,1,-0.3200000000000001,0.03200000000000014,12
300086,0,32,0,0,1,1,-0.3200000000000001,-0.1319999999999999,14
300086,1,2,1,1,0,1,0.98,1.0612,0
300086,2,7,1,1,0,1,0.9299999999999999,1.0184,3
300086,3,2,1,1,0,1,0.98,1.0612,0
300086,4,3,1,1,0,1,0.97,1.0536,1
300086,5,6,1,1,0,1,0.94,1.0308,2
300086,6,32,0,0,1,1,-0.3200000000000001,-0.14999999999999997,13
300086,7,4,1,1,0,1,0.96,1.046,2
300086,8,4,1,1,0,1,0.96,1.0436,2
300086,9,7,1,1,0,1,0.9299999999999999,1.0196,1
300086,10,3,1,1,0,1,0.97,1.0536,1
300086,11,2,1,1,0,1,0.98,1.0612,0
300086,12,6,1,1,0,1,0.94,1.0284,2
300086,13,32,0,0,1,1,-0.3200000000000001,-0.1499999999999999,11
300086,14,32,0,0,1,1,-0.3200000000000001,-0.10919999999999978,11
300086,15,32,0,0,1,1,-0.3200000000000001,-0.1356,6
300087,0,21,1,1,0,1,0.7899999999999999,1.006,10
300087,1,5,1,1,0,1,0.95,1.082,0
300087,2,32,0,0,1,1,-0.3200000000000001,-0.015199999999999908,20
300087,3,32,0,0,1,1,-0.3200000000000001,-0.07879999999999993,10
300087,4,32,0,0,1,1,-0.3200000000000001,-0.09800000000000003,6
300087,5,9,1,1,0,1,0.91,1.0576,2
300087,6,3,1,1,0,1,0.97,1.0936,0
300087,7,5,1,1,0,1,0.95,1.082,0
300087,8,32,0,0,1,1,-0.3200000000000001,-0.07879999999999987,17
300087,9,32,0,0,1,1,-0.3200000000000001,-0.07039999999999991,11
300087,10,27,1,1,0,1,0.73,0.9556000000000001,6
300087,11,12,1,1,0,1,0.88,1.036,3
300087,12,32,0,0,1,1,-0.3200000000000001,-0.0559999999999998,9
300087,13,32,0,0,1,1,-0.3200000000000001,-0.05359999999999991,12
300087,14,9,1,1,0,1,0.91,1.0588,2
300087,15,5,1,1,0,1,0.95,1.0772,0
300088,0,32,0,0,1,1,-0.3200000000000001,0.14920000000000017,22
300088,1,32,0,0,1,1,-0.3200000000000001,0.15400000000000022,22
300088,2,32,0,0,1,1,-0.3200000000000001,0.11560000000000015,20
300088,3,32,0,0,1,1,-0.3200000000000001,0.08560000000000012,20
300088,4,26,1,1,0,1,0.74,1.0952000000000002,14
300088,5,32,0,0,1,1,-0.3200000000000001,0.13720000000000013,24
300088,6,32,0,0,1,1,-0.3200000000000001,0.11560000000000012,18
300088,7,32,0,0,1,1,-0.3200000000000001,0.06760000000000013,14
300088,8,32,0,0,1,1,-0.3200000000000001,0.10960000000000011,18
300088,9,31,1,1,0,1,0.69,1.1064,15
300088,10,32,0,0,1,1,-0.3200000000000001,0.11680000000000015,23
300088,11,32,0,0,1,1,-0.3200000000000001,0.12880000000000014,19
300088,12,32,0,0,1,1,-0.3200000000000001,0.10000000000000014,19
300088,13,32,0,0,1,1,-0.3200000000000001,0.01480000000000005,9
300088,14,32,0,0,1,1,-0.3200000000000001,0.10600000000000015,20
300088,15,21,1,1,0,1,0.7899999999999999,1.114,9
300089,0,31,1,1,0,1,0.69,0.9408000000000001,12
300089,1,28,1,1,0,1,0.72,0.9792000000000002,9
300089,2,5,1,1,0,1,0.95,1.0808,2
300089,3,22,1,1,0,1,0.7799999999999999,0.9720000000000001,7
300089,4,5,1,1,0,1,0.95,1.0784,2
300089,5,32,0,0,1,1,-0.3200000000000001,0.00520000000000026,10
300089,6,32,0,0,1,1,-0.3200000000000001,-0.041599999999999825,9
300089,7,32,0,0,1,1,-0.3200000000000001,-0.007999999999999813,9
300089,8,32,0,0,1,1,-0.3200000000000001,0.016000000000000292,10
300089,9,12,1,1,0,1,0.88,1.0252000000000001,1
300089,10,20,1,1,0,1,0.7999999999999999,0.9812000000000001,3
300089,11,32,0,0,1,1,-0.3200000000000001,-0.006799999999999834,10
300089,12,32,0,0,1,1,-0.3200000000000001,-0.015199999999999818,18
300089,13,5,1,1,0,1,0.95,1.0808,2
300089,14,22,1,1,0,1,0.7799999999999999,0.9588000000000001,5
300089,15,10,1,1,0,1,0.9,1.0464,3
300090,0,32,0,0,1,1,-0.3200000000000001,0.026400000000000104,7
300090,1,32,0,0,1,1,-0.3200000000000001,0.024000000000000132,14
300090,2,18,1,1,0,1,0.82,1.0704,5
300090,3,32,0,0,1,1,-0.3200000000000001,0.002400000000000152,13
300090,4,32,0,0,1,1,-0.3200000000000001,0.0012000000000001176,15
300090,5,32,0,0,1,1,-0.3200000000000001,0.05040000000000016,22
300090,6,27,1,1,0,1,0.73,1.0416,8
300090,7,8,1,1,0,1,0.9199999999999999,1.1428,3
300090,8,24,1,1,0,1,0.7599999999999999,1.0464,5
300090,9,26,1,1,0,1,0.74,1.0348000000000002,13
300090,10,32,0,0,1,1,-0.3200000000000001,0.03480000000000016,10
300090,11,32,0,0,1,1,-0.3200000000000001,0.015600000000000114,5
300090,12,31,1,1,0,1,0.69,1.0052,10
300090,13,32,0,0,1,1,-0.3200000000000001,0.004800000000000068,14
300090,14,23,1,1,0,1,0.7699999999999999,1.0468000000000002,8
300090,15,16,1,1,0,1,0.84,1.1084,5
300091,0,32,0,0,1,1,-0.3200000000000001,-0.13359999999999994,4
300091,1,3,1,1,0,1,0.97,1.0136,0
300091,2,1,1,1,0,1,0.99,1.03,0
300091,3,3,1,1,0,1,0.97,1.0124,2
300091,4,3,1,1,0,1,0.97,1.0124,2
300091,5,2,1,1,0,1,0.98,1.0212,1
300091,6,3,1,1,0,1,0.97,1.0124,2
300091,7,5,1,1,0,1,0.95,0.9948,4
300091,8,13,1,1,0,1,0.87,0.9352,2
300091,9,32,0,0,1,1,-0.3200000000000001,-0.15159999999999985,9
300091,10,1,1,1,0,1,0.99,1.03,0
300091,11,1,1,1,0,1,0.99,1.03,0
300091,12,3,1,1,0,1,0.97,1.0124,2
300091,13,1,1,1,0,1,0.99,1.03,0
300091,14,1,1,1,0,1,0.99,1.03,0
300091,15,22,1,1,0,1,0.7799999999999999,0.9100000000000001,7
300092,0,27,1,1,0,1,0.73,0.8832,5
300092,1,32,0,0,1,1,-0.3200000000000001,-0.1127999999999999,5
300092,2,3,1,1,0,1,0.97,1.0536,1
300092,3,32,0,0,1,1,-0.3200000000000001,-0.03839999999999985,16
300092,4,16,1,1,0,1,0.84,0.9572,6
300092,5,32,0,0,1,1,-0.3200000000000001,-0.039599999999999747,13
300092,6,16,1,1,0,1,0.84,0.9836,6
300092,7,32,0,0,1,1,-0.3200000000000001,-0.12959999999999994,16
300092,8,32,0,0,1,1,-0.3200000000000001,-0.09239999999999993,11
300092,9,6,1,1,0,1,0.94,1.0284,0
300092,10,7,1,1,0,1,0.9299999999999999,1.0184,3
300092,11,32,0,0,1,1,-0.3200000000000001,-0.08399999999999985,8
300092,12,32,0,0,1,1,-0.3200000000000001,-0.11159999999999998,6
300092,13,2,1,1,0,1,0.98,1.0612,0
300092,14,32,0,0,1,1,-0.3200000000000001,-0.13559999999999978,15
300092,15,32,0,0,1,1,-0.3200000000000001,-0.11399999999999996,12
300093,0,10,1,1,0,1,0.9,1.0052,0
300093,1,24,1,1,0,1,0.7599999999999999,0.8880000000000001,16
300093,2,32,0,0,1,1,-0.3200000000000001,-0.11879999999999992,7
300093,3,8,1,1,0,1,0.9199999999999999,1.0132,2
300093,4,32,0,0,1,1,-0.3200000000000001,-0.15599999999999992,5
300093,5,14,1,1,0,1,0.86,0.9664,8
300093,6,5,1,1,0,1,0.95,1.0372000000000001,1
300093,7,3,1,1,0,1,0.97,1.0536,1
300093,8,6,1,1,0,1,0.94,1.0284,4
300093,9,7,1,1,0,1,0.9299999999999999,1.0172,5
300093,10,9,1,1,0,1,0.91,1.002,5
300093,11,3,1,1,0,1,0.97,1.0536,1
300093,12,12,1,1,0,1,0.88,0.9768,4
300093,13,12,1,1,0,1,0.88,0.9792000000000001,6
300093,14,16,1,1,0,1,0.84,0.9452,6
300093,15,21,1,1,0,1,0.7899999999999999,0.9288000000000001,7
300094,0,32,0,0,1,1,-0.3200000000000001,-0.1476,7
300094,1,5,1,1,0,1,0.95,1.0348,3
300094,2,18,1,1,0,1,0.82,0.9564,4
300094,3,10,1,1,0,1,0.9,1.0052,2
300094,4,2,1,1,0,1,0.98,1.0612,0
300094,5,32,0,0,1,1,-0.3200000000000001,-0.12479999999999986,11
300094,6,12,1,1,0,1,0.88,0.984,0
300094,7,2,1,1,0,1,0.98,1.0612,0
300094,8,2,1,1,0,1,0.98,1.0612,0
300094,9,32,0,0,1,1,-0.3200000000000001,-0.07799999999999968,10
300094,10,29,1,1,0,1,0.71,0.8752000000000001,11
300094,11,24,1,1,0,1,0.7599999999999999,0.8952,4
300094,12,15,1,1,0,1,0.85,0.972,3
300094,13,2,1,1,0,1,0.98,1.0612,0
300094,14,2,1,1,0,1,0.98,1.0612,0
300094,15,32,0,0,1,1,-0.3200000000000001,-0.15480000000000005,4
300095,0,13,1,1,0,1,0.87,1.1228,2
300095,1,32,0,0,1,1,-0.3200000000000001,0.03720000000000015,9
300095,2,32,0,0,1,1,-0.3200000000000001,0.031200000000000144,7
300095,3,23,1,1,0,1,0.7699999999999999,1.078,2
300095,4,32,0,0,1,1,-0.3200000000000001,0.08760000000000018,10
300095,5,32,0,0,1,1,-0.3200000000000001,0.021600000000000133,13
300095,6,32,0,0,1,1,-0.3200000000000001,0.042000000000000134,5
300095,7,32,0,0,1,1,-0.3200000000000001,0.030000000000000138,4
300095,8,32,0,0,1,1,-0.3200000000000001,0.009600000000000122,5
300095,9,7,1,1,0,1,0.9299999999999999,1.1504,2
300095,10,32,0,0,1,1,-0.3200000000000001,0.0480000000000001,11
300095,11,32,0,0,1,1,-0.3200000000000001,0.06600000000000017,12
300095,12,32,0,0,1,1,-0.3200000000000001,0.11520000000000016,16
300095,13,32,0,0,1,1,-0.3200000000000001,0.016800000000000093,7
300095,14,32,0,0,1,1,-0.3200000000000001,0.02520000000000011,6
300095,15,32,0,0,1,1,-0.3200000000000001,0.028800000000000103,9
300096,0,17,1,1,0,1,0.83,1.0136,6
300096,1,32,0,0,1,1,-0.3200000000000001,-0.06799999999999984,13
300096,2,32,0,0,1,1,-0.3200000000000001,-0.033199999999999855,14
300096,3,32,0,0,1,1,-0.3200000000000001,-0.0656,11
300096,4,32,0,0,1,1,-0.3200000000000001,-0.0067999999999998895,17
300096,5,32,0,0,1,1,-0.3200000000000001,-0.04879999999999986,12
300096,6,32,0,0,1,1,-0.3200000000000001,-0.06799999999999995,12
300096,7,6,1,1,0,1,0.94,1.0744,3
300096,8,32,0,0,1,1,-0.3200000000000001,-0.06199999999999978,9
300096,9,27,1,1,0,1,0.73,0.9304,8
300096,10,32,0,0,1,1,-0.3200000000000001,-0.09440000000000004,9
300096,11,21,1,1,0,1,0.7899999999999999,0.9832000000000001,2
300096,12,32,0,0,1,1,-0.3200000000000001,-0.07759999999999986,12
300096,13,20,1,1,0,1,0.7999999999999999,0.9932000000000001,9
300096,14,17,1,1,0,1,0.83,1.0064,4
300096,15,32,0,0,1,1,-0.3200000000000001,-0.0895999999999999,10
300097,0,32,0,0,1,1,-0.3200000000000001,0.10280000000000006,11
300097,1,32,0,0,1,1,-0.3200000000000001,0.18080000000000013,7
300097,2,32,0,0,1,1,-0.3200000000000001,0.21320000000000022,9
300097,3,32,0,0,1,1,-0.3200000000000001,0.1832000000000002,9
300097,4,32,0,0,1,1,-0.3200000000000001,0.2000000000000002,11
300097,5,32,0,0,1,1,-0.3200000000000001,0.1304000000000001,12
300097,6,32,0,0,1,1,-0.3200000000000001,0.13760000000000008,9
300097,7,32,0,0,1,1,-0.3200000000000001,0.19760000000000016,9
300097,8,32,0,0,1,1,-0.3200000000000001,0.10760000000000008,6
300097,9,32,0,0,1,1,-0.3200000000000001,0.0824,5
300097,10,32,0,0,1,1,-0.3200000000000001,0.15440000000000015,7
300097,11,32,0,0,1,1,-0.3200000000000001,0.17000000000000012,12
300097,12,32,0,0,1,1,-0.3200000000000001,0.2180000000000002,13
300097,13,25,1,1,0,1,0.7499999999999999,1.1416000000000002,6
300097,14,32,0,0,1,1,-0.3200000000000001,0.09560000000000002,9
300097,15,32,0,0,1,1,-0.3200000000000001,0.19520000000000015,11
300098,0,24,1,1,0,1,0.7599999999999999,1.0096,13
300098,1,32,0,0,1,1,-0.3200000000000001,-0.06919999999999993,5
300098,2,32,0,0,1,1,-0.3200000000000001,-0.06439999999999992,7
300098,3,3,1,1,0,1,0.97,1.0936,0
300098,4,21,1,1,0,1,0.7899999999999999,0.9736,6
300098,5,8,1,1,0,1,0.9199999999999999,1.0532000000000001,3
300098,6,32,0,0,1,1,-0.3200000000000001,-0.07159999999999983,9
300098,7,32,0,0,1,1,-0.3200000000000001,-0.11359999999999994,9
300098,8,32,0,0,1,1,-0.3200000000000001,-0.08959999999999996,10
300098,9,32,0,0,1,1,-0.3200000000000001,-0.0667999999999999,6
300098,10,5,1,1,0,1,0.95,1.082,0
300098,11,32,0,0,1,1,-0.3200000000000001,-0.08359999999999998,6
300098,12,3,1,1,0,1,0.97,1.0936,0
300098,13,3,1,1,0,1,0.97,1.0936,0
300098,14,32,0,0,1,1,-0.3200000000000001,-0.04759999999999989,7
300098,15,3,1,1,0,1,0.97,1.0936,0
300099,0,32,0,0,1,1,-0.3200000000000001,0.05000000000000018,25
300099,1,32,0,0,1,1,-0.3200000000000001,-0.029199999999999893,3
300099,2,32,0,0,1,1,-0.3200000000000001,0.02000000000000013,14
300099,3,32,0,0,1,1,-0.3200000000000001,0.04040000000000016,16
300099,4,32,0,0,1,1,-0.3200000000000001,0.04520000000000013,15
300099,5,32,0,0,1,1,-0.3200000000000001,-0.008799999999999919,11
300099,6,30,1,1,0,1,0.7,0.9464000000000001,10
300099,7,32,0,0,1,1,-0.3200000000000001,0.006800000000000167,9
300099,8,22,1,1,0,1,0.7799999999999999,0.9976,2
300099,9,32,0,0,1,1,-0.3200000000000001,-0.011199999999999793,18
300099,10,32,0,0,1,1,-0.3200000000000001,0.044000000000000164,21
300099,11,32,0,0,1,1,-0.3200000000000001,-0.017199999999999868,12
300099,12,32,0,0,1,1,-0.3200000000000001,-0.011199999999999849,15
300099,13,32,0,0,1,1,-0.3200000000000001,-0.023199999999999943,6
300099,14,32,0,0,1,1,-0.3200000000000001,-0.03999999999999988,7
300099,15,32,0,0,1,1,-0.3200000000000001,-0.025599999999999845,11
300100,0,19,1,1,0,1,0.8099999999999999,1.0168000000000001,3
300100,1,32,0,0,1,1,-0.3200000000000001,-0.04119999999999992,10
300100,2,15,1,1,0,1,0.85,1.0556,5
300100,3,11,1,1,0,1,0.89,1.0824,3
300100,4,32,0,0,1,1,-0.3200000000000001,-0.03879999999999989,12
300100,5,32,0,0,1,1,-0.3200000000000001,-0.04599999999999979,10
300100,6,32,0,0,1,1,-0.3200000000000001,-0.03279999999999983,9
300100,7,32,0,0,1,1,-0.3200000000000001,-0.03639999999999988,7
300100,8,10,1,1,0,1,0.9,1.0852,0
300100,9,7,1,1,0,1,0.9299999999999999,1.1104,1
300100,10,32,0,0,1,1,-0.3200000000000001,-0.035199999999999884,8
300100,11,32,0,0,1,1,-0.3200000000000001,-0.030399999999999816,13
300100,12,32,0,0,1,1,-0.3200000000000001,-0.006399999999999892,17
300100,13,32,0,0,1,1,-0.3200000000000001,-0.01599999999999993,14
300100,14,32,0,0,1,1,-0.3200000000000001,-0.03999999999999987,11
300100,15,28,1,1,0,1,0.72,0.9736,6
300101,0,15,1,1,0,1,0.85,1.1356000000000002,1
300101,1,17,1,1,0,1,0.83,1.1480000000000001,7
300101,2,32,0,0,1,1,-0.3200000000000001,0.10360000000000014,10
300101,3,32,0,0,1,1,-0.3200000000000001,0.12520000000000014,16
300101,4,32,0,0,1,1,-0.3200000000000001,0.11080000000000015,13
300101,5,32,0,0,1,1,-0.3200000000000001,0.14200000000000013,15
300101,6,32,0,0,1,1,-0.3200000000000001,0.15760000000000018,10
300101,7,32,0,0,1,1,-0.3200000000000001,0.07840000000000015,16
300101,8,32,0,0,1,1,-0.3200000000000001,0.11800000000000013,13
300101,9,32,0,0,1,1,-0.3200000000000001,0.10480000000000012,10
300101,10,32,0,0,1,1,-0.3200000000000001,0.10120000000000012,13
300101,11,32,0,0,1,1,-0.3200000000000001,0.1552000000000002,13
300101,12,32,0,0,1,1,-0.3200000000000001,0.11680000000000013,13
300101,13,32,0,0,1,1,-0.3200000000000001,0.12040000000000016,12
300101,14,32,0,0,1,1,-0.3200000000000001,0.13840000000000013,11
300101,15,32,0,0,1,1,-0.3200000000000001,0.14800000000000016,9
300102,0,32,0,0,1,1,-0.3200000000000001,-0.04039999999999991,14
300102,1,32,0,0,1,1,-0.3200000000000001,-0.05599999999999993,17
300102,2,4,1,1,0,1,0.96,1.0848,1
300102,3,32,0,0,1,1,-0.3200000000000001,-0.07279999999999988,16
300102,4,6,1,1,0,1,0.94,1.0696,3
300102,5,32,0,0,1,1,-0.3200000000000001,-0.09439999999999998,7
300102,6,21,1,1,0,1,0.7899999999999999,0.988,6
300102,7,16,1,1,0,1,0.84,1.0332000000000001,5
300102,8,32,0,0,1,1,-0.3200000000000001,-0.05479999999999989,12
300102,9,7,1,1,0,1,0.9299999999999999,1.0644,4
300102,10,32,0,0,1,1,-0.3200000000000001,-0.025999999999999912,22
300102,11,32,0,0,1,1,-0.3200000000000001,-0.06799999999999998,10
300102,12,4,1,1,0,1,0.96,1.0848,1
300102,13,6,1,1,0,1,0.94,1.0708,3
300102,14,32,0,0,1,1,-0.3200000000000001,-0.04039999999999988,6
300102,15,9,1,1,0,1,0.91,1.0492000000000001,2
300103,0,3,1,1,0,1,0.97,1.0536,1
300103,1,6,1,1,0,1,0.94,1.0308,0
300103,2,32,0,0,1,1,-0.3200000000000001,-0.126,3
300103,3,32,0,0,1,1,-0.3200000000000001,-0.13319999999999999,3
300103,4,26,1,1,0,1,0.74,0.886,4
300103,5,17,1,1,0,1,0.83,0.9508000000000001,7
300103,6,32,0,0,1,1,-0.3200000000000001,-0.1355999999999999,13
300103,7,32,0,0,1,1,-0.3200000000000001,-0.11520000000000002,5
300103,8,6,1,1,0,1,0.94,1.0308,4
300103,9,2,1,1,0,1,0.98,1.0612,0
300103,10,32,0,0,1,1,-0.3200000000000001,-0.13559999999999994,5
300103,11,17,1,1,0,1,0.83,0.9628000000000001,5
300103,12,8,1,1,0,1,0.9199999999999999,1.018,2
300103,13,32,0,0,1,1,-0.3200000000000001,-0.1295999999999998,14
300103,14,4,1,1,0,1,0.96,1.0448,0
300103,15,32,1,1,0,1,0.6799999999999999,0.8836000000000002,8
300104,0,9,1,1,0,1,0.91,1.0116,3
300104,1,5,1,1,0,1,0.95,1.036,3
300104,2,2,1,1,0,1,0.98,1.0612,0
300104,3,2,1,1,0,1,0.98,1.0612,0
300104,4,32,0,0,1,1,-0.3200000000000001,-0.12479999999999973,15
300104,5,10,1,1,0,1,0.9,0.9956,2
300104,6,2,1,1,0,1,0.98,1.0612,0
300104,7,32,0,0,1,1,-0.3200000000000001,-0.14879999999999988,11
300104,8,32,0,0,1,1,-0.3200000000000001,-0.10799999999999971,20
300104,9,8,1,1,0,1,0.9199999999999999,1.0252000000000001,2
300104,10,12,1,1,0,1,0.88,0.9876,4
300104,11,18,1,1,0,1,0.82,0.9588000000000001,10
300104,12,2,1,1,0,1,0.98,1.0612,0
300104,13,5,1,1,0,1,0.95,1.036,1
300104,14,21,1,1,0,1,0.7899999999999999,0.9408000000000001,3
300104,15,32,0,0,1,1,-0.3200000000000001,-0.11039999999999993,7
300105,0,12,1,1,0,1,0.88,1.0808,4
300105,1,32,0,0,1,1,-0.3200000000000001,-0.037599999999999904,11
300105,2,9,1,1,0,1,0.91,1.0868,3
300105,3,32,0,0,1,1,-0.3200000000000001,0.008000000000000174,10
300105,4,32,0,0,1,1,-0.3200000000000001,0.016400000000000164,5
300105,5,32,0,0,1,1,-0.3200000000000001,0.05720000000000025,11
300105,6,32,0,0,1,1,-0.3200000000000001,0.057200000000000195,13
300105,7,17,1,1,0,1,0.83,1.044,3
300105,8,32,0,0,1,1,-0.3200000000000001,0.0512000000000003,12
300105,9,32,0,0,1,1,-0.3200000000000001,-0.048399999999999874,12
300105,10,4,1,1,0,1,0.96,1.1272,0
300105,11,11,1,1,0,1,0.89,1.086,1
300105,12,32,0,0,1,1,-0.3200000000000001,0.021200000000000163,11
300105,13,32,0,0,1,1,-0.3200000000000001,0.05840000000000026,8
300105,14,32,0,0,1,1,-0.3200000000000001,0.012800000000000228,6
300105,15,32,0,0,1,1,-0.3200000000000001,0.008000000000000174,9
300106,0,24,1,1,0,1,0.7599999999999999,1.0124000000000002,6
300106,1,32,0,0,1,1,-0.3200000000000001,-0.05679999999999992,9
300106,2,32,0,0,1,1,-0.3200000000000001,-0.0399999999999999,11
300106,3,32,0,0,1,1,-0.3200000000000001,-0.05439999999999985,8
300106,4,25,1,1,0,1,0.7499999999999999,0.9832000000000001,7
300106,5,9,1,1,0,1,0.91,1.0904,5
300106,6,4,1,1,0,1,0.96,1.1272,0
300106,7,32,0,0,1,1,-0.3200000000000001,-0.06519999999999991,13
300106,8,32,0,0,1,1,-0.3200000000000001,-0.048399999999999915,4
300106,9,8,1,1,0,1,0.9199999999999999,1.1016000000000001,2
300106,10,12,1,1,0,1,0.88,1.0796000000000001,6
300106,11,32,0,0,1,1,-0.3200000000000001,-0.07959999999999996,8
300106,12,31,1,1,0,1,0.69,0.9484000000000001,7
300106,13,32,0,0,1,1,-0.3200000000000001,-0.04239999999999991,7
300106,14,12,1,1,0,1,0.88,1.082,4
300106,15,32,0,0,1,1,-0.3200000000000001,-0.03399999999999985,9
300107,0,7,1,1,0,1,0.9299999999999999,1.0644,2
300107,1,11,1,1,0,1,0.89,1.04,4
300107,2,32,0,0,1,1,-0.3200000000000001,-0.01639999999999983,10
300107,3,32,0,0,1,1,-0.3200000000000001,-0.05119999999999997,11
300107,4,32,0,0,1,1,-0.3200000000000001,-0.0931999999999999,16
300107,5,8,1,1,0,1,0.9199999999999999,1.0628,3
300107,6,32,0,0,1,1,-0.3200000000000001,-0.06439999999999982,10
300107,7,32,0,0,1,1,-0.3200000000000001,-0.07519999999999993,6
300107,8,26,1,1,0,1,0.74,0.9176000000000001,9
300107,9,32,0,0,1,1,-0.3200000000000001,0.007600000000000134,9
300107,10,32,0,0,1,1,-0.3200000000000001,-0.05239999999999989,14
300107,11,32,0,0,1,1,-0.3200000000000001,0.03400000000000031,8
300107,12,21,1,1,0,1,0.7899999999999999,0.9808000000000001,8
300107,13,32,0,0,1,1,-0.3200000000000001,-0.0355999999999998,8
300107,14,32,0,0,1,1,-0.3200000000000001,-0.0715999999999999,7
300107,15,32,0,0,1,1,-0.3200000000000001,-0.06679999999999997,11
300108,0,1,1,1,0,1,0.99,1.03,0
300108,1,32,0,0,1,1,-0.3200000000000001,-0.1671999999999999,7
300108,2,1,1,1,0,1,0.99,1.03,0
300108,3,1,1,1,0,1,0.99,1.03,0
300108,4,15,1,1,0,1,0.85,0.9272,4
300108,5,6,1,1,0,1,0.94,0.9884000000000001,1
300108,6,25,1,1,0,1,0.7499999999999999,0.8536,4
300108,7,32,0,0,1,1,-0.3200000000000001,-0.15999999999999992,10
300108,8,1,1,1,0,1,0.99,1.03,0
300108,9,1,1,1,0,1,0.99,1.03,0
300108,10,1,1,1,0,1,0.99,1.03,0
300108,11,27,1,1,0,1,0.73,0.86,4
300108,12,32,0,0,1,1,-0.3200000000000001,-0.21760000000000002,12
300108,13,4,1,1,0,1,0.96,1.0048,1
300108,14,1,1,1,0,1,0.99,1.03,0
300108,15,18,1,1,0,1,0.82,0.914,3
300109,0,32,0,0,1,1,-0.3200000000000001,-0.007599999999999871,9
300109,1,32,0,0,1,1,-0.3200000000000001,-0.03159999999999984,11
300109,2,32,0,0,1,1,-0.3200000000000001,0.029600000000000126,15
300109,3,32,0,0,1,1,-0.3200000000000001,0.015200000000000102,13
300109,4,32,0,0,1,1,-0.3200000000000001,-0.033999999999999905,3
300109,5,32,0,0,1,1,-0.3200000000000001,0.03440000000000015,16
300109,6,32,0,0,1,1,-0.3200000000000001,0.04640000000000019,18
300109,7,24,1,1,0,1,0.7599999999999999,1.022,4
300109,8,32,0,0,1,1,-0.3200000000000001,0.047600000000000114,18
300109,9,16,1,1,0,1,0.84,1.0348000000000002,6
300109,10,32,0,0,1,1,-0.3200000000000001,-0.01359999999999989,7
300109,11,32,0,0,1,1,-0.3200000000000001,-0.030399999999999837,12
300109,12,32,0,0,1,1,-0.3200000000000001,0.0008000000000001617,7
300109,13,14,1,1,0,1,0.86,1.0728,4
300109,14,9,1,1,0,1,0.91,1.1,3
300109,15,32,0,0,1,1,-0.3200000000000001,0.05000000000000013,20
300110,0,32,0,0,1,1,-0.3200000000000001,0.11920000000000017,15
300110,1,32,0,0,1,1,-0.3200000000000001,0.13240000000000013,12
300110,2,32,0,0,1,1,-0.3200000000000001,0.08440000000000013,14
300110,3,32,0,0,1,1,-0.3200000000000001,0.12400000000000014,11
300110,4,27,1,1,0,1,0.73,1.078,3
300110,5,32,0,0,1,1,-0.3200000000000001,0.0820000000000001,9
300110,6,32,0,0,1,1,-0.3200000000000001,0.13240000000000013,9
300110,7,32,0,0,1,1,-0.3200000000000001,0.1168000000000001,8
300110,8,32,0,0,1,1,-0.3200000000000001,0.12760000000000016,12
300110,9,32,0,0,1,1,-0.3200000000000001,0.10720000000000013,14
300110,10,27,1,1,0,1,0.73,1.0744,5
300110,11,32,0,0,1,1,-0.3200000000000001,0.08440000000000013,15
300110,12,32,0,0,1,1,-0.3200000000000001,0.09160000000000015,21
300110,13,16,1,1,0,1,0.84,1.1268,4
300110,14,32,0,0,1,1,-0.3200000000000001,0.07480000000000009,8
300110,15,32,1,1,0,1,0.6799999999999999,1.0868000000000002,12
300111,0,32,0,0,1,1,-0.3200000000000001,-0.02919999999999985,5
300111,1,32,0,0,1,1,-0.3200000000000001,-0.020799999999999902,11
300111,2,32,0,0,1,1,-0.3200000000000001,0.026000000000000176,13
300111,3,4,1,1,0,1,0.96,1.1272,0
300111,4,32,0,0,1,1,-0.3200000000000001,-0.03999999999999995,11
300111,5,20,1,1,0,1,0.7999999999999999,1.02,6
300111,6,32,0,0,1,1,-0.3200000000000001,-0.0231999999999999,4
300111,7,7,1,1,0,1,0.9299999999999999,1.1056000000000001,1
300111,8,32,0,0,1,1,-0.3200000000000001,-0.048399999999999874,13
300111,9,22,1,1,0,1,0.7799999999999999,1.0096,2
300111,10,32,0,0,1,1,-0.3200000000000001,-0.012399999999999828,3
300111,11,6,1,1,0,1,0.94,1.118,0
300111,12,32,0,0,1,1,-0.3200000000000001,-0.03399999999999985,9
300111,13,32,0,0,1,1,-0.3200000000000001,-0.0411999999999999,14
300111,14,25,1,1,0,1,0.7499999999999999,1.0396,7
300111,15,32,0,0,1,1,-0.3200000000000001,-0.0531999999999999,6
300112,0,32,0,0,1,1,-0.3200000000000001,0.09400000000000015,15
300112,1,32,0,0,1,1,-0.3200000000000001,0.1384000000000001,26
300112,2,32,0,0,1,1,-0.3200000000000001,0.07600000000000012,17
300112,3,32,0,0,1,1,-0.3200000000000001,0.05680000000000009,8
300112,4,22,1,1,0,1,0.7799999999999999,1.0956000000000001,6
300112,5,32,0,0,1,1,-0.3200000000000001,0.06040000000000008,8
300112,6,32,0,0,1,1,-0.3200000000000001,0.13480000000000011,24
300112,7,32,0,0,1,1,-0.3200000000000001,0.12280000000000015,20
300112,8,32,0,0,1,1,-0.3200000000000001,0.04240000000000009,12
300112,9,32,0,0,1,1,-0.3200000000000001,0.07240000000000012,10
300112,10,32,0,0,1,1,-0.3200000000000001,0.13240000000000013,21
300112,11,25,1,1,0,1,0.7499999999999999,1.0752000000000002,7
300112,12,32,0,0,1,1,-0.3200000000000001,0.043600000000000104,9
300112,13,32,0,0,1,1,-0.3200000000000001,0.06640000000000013,11
300112,14,32,0,0,1,1,-0.3200000000000001,0.07360000000000012,15
300112,15,32,0,0,1,1,-0.3200000000000001,0.0880000000000001,14
300113,0,24,1,1,0,1,0.7599999999999999,0.9520000000000001,5
300113,1,32,0,0,1,1,-0.3200000000000001,-0.05239999999999993,6
300113,2,6,1,1,0,1,0.94,1.0708,1
300113,3,5,1,1,0,1,0.95,1.082,0
300113,4,32,0,0,1,1,-0.3200000000000001,-0.03079999999999991,10
300113,5,11,1,1,0,1,0.89,1.0436,2
300113,6,8,1,1,0,1,0.9199999999999999,1.0628,1
300113,7,32,0,0,1,1,-0.3200000000000001,-0.09079999999999999,10
300113,8,32,0,0,1,1,-0.3200000000000001,-0.0643999999999999,5
300113,9,32,0,0,1,1,-0.3200000000000001,-0.03199999999999989,9
300113,10,10,1,1,0,1,0.9,1.05,1
300113,11,32,0,0,1,1,-0.3200000000000001,-0.08839999999999994,13
300113,12,17,1,1,0,1,0.83,0.9896,6
300113,13,32,0,0,1,1,-0.3200000000000001,-0.028399999999999814,7
300113,14,32,0,0,1,1,-0.3200000000000001,-0.03199999999999992,10
300113,15,32,0,0,1,1,-0.3200000000000001,-0.0067999999999997784,11
300114,0,32,0,0,1,1,-0.3200000000000001,0.01080000000000006,11
300114,1,32,0,0,1,1,-0.3200000000000001,0.052800000000000125,12
300114,2,32,0,0,1,1,-0.3200000000000001,0.036000000000000115,10
300114,3,32,0,0,1,1,-0.3200000000000001,0.024000000000000105,13
300114,4,32,0,0,1,1,-0.3200000000000001,-0.034799999999999956,11
300114,5,32,0,0,1,1,-0.3200000000000001,0.11280000000000019,14
300114,6,32,0,0,1,1,-0.3200000000000001,0.05760000000000012,9
300114,7,32,0,0,1,1,-0.3200000000000001,0.009600000000000095,3
300114,8,32,0,0,1,1,-0.3200000000000001,0.0336000000000001,7
300114,9,21,1,1,0,1,0.7899999999999999,1.0656,4
300114,10,21,1,1,0,1,0.7899999999999999,1.0872000000000002,14
300114,11,32,0,0,1,1,-0.3200000000000001,0.07440000000000024,13
300114,12,29,1,1,0,1,0.71,1.0324000000000002,12
300114,13,32,0,0,1,1,-0.3200000000000001,0.006000000000000089,4
300114,14,32,0,0,1,1,-0.3200000000000001,0.03600000000000009,8
300114,15,32,0,0,1,1,-0.3200000000000001,0.06600000000000017,17
300115,0,32,0,0,1,1,-0.3200000000000001,-0.026799999999999796,8
300115,1,32,0,0,1,1,-0.3200000000000001,0.017600000000000157,8
300115,2,11,1,1,0,1,0.89,1.08,3
300115,3,32,0,0,1,1,-0.3200000000000001,0.028400000000000092,11
300115,4,27,1,1,0,1,0.73,1.022,7
300115,5,14,1,1,0,1,0.86,1.0668000000000002,2
300115,6,32,0,0,1,1,-0.3200000000000001,-0.02079999999999982,10
300115,7,32,0,0,1,1,-0.3200000000000001,0.0008000000000000923,17
300115,8,10,1,1,0,1,0.9,1.0768,4
300115,9,32,0,0,1,1,-0.3200000000000001,0.021200000000000163,9
300115,10,8,1,1,0,1,0.9199999999999999,1.104,2
300115,11,32,0,0,1,1,-0.3200000000000001,-0.002799999999999858,13
300115,12,25,1,1,0,1,0.7499999999999999,0.9976,11
300115,13,32,0,0,1,1,-0.3200000000000001,-0.014799999999999841,11
300115,14,32,0,0,1,1,-0.3200000000000001,-0.011199999999999863,10
300115,15,32,0,0,1,1,-0.3200000000000001,-0.015999999999999875,11
300116,0,32,1,1,0,1,0.6799999999999999,0.9468000000000001,8
300116,1,32,0,0,1,1,-0.3200000000000001,-0.002799999999999858,12
300116,2,32,0,0,1,1,-0.3200000000000001,-0.04239999999999991,6
300116,3,32,0,0,1,1,-0.3200000000000001,-0.039999999999999925,8
300116,4,32,0,0,1,1,-0.3200000000000001,-0.019599999999999937,13
300116,5,32,0,0,1,1,-0.3200000000000001,-0.0027999999999998165,13
300116,6,15,1,1,0,1,0.85,1.058,3
300116,7,32,0,0,1,1,-0.3200000000000001,-0.00039999999999981717,13
300116,8,26,1,1,0,1,0.74,1.014,8
300116,9,31,1,1,0,1,0.69,0.9580000000000001,3
300116,10,32,0,0,1,1,-0.3200000000000001,-0.030399999999999913,7
300116,11,21,1,1,0,1,0.7899999999999999,1.0184000000000002,9
300116,12,7,1,1,0,1,0.9299999999999999,1.1044,1
300116,13,32,0,0,1,1,-0.3200000000000001,-0.07359999999999996,7
300116,14,32,0,0,1,1,-0.3200000000000001,-0.00999999999999987,9
300116,15,32,0,0,1,1,-0.3200000000000001,-0.045999999999999916,7
300117,0,26,1,1,0,1,0.74,1.1552000000000002,8
300117,1,32,0,0,1,1,-0.3200000000000001,0.03280000000000008,13
300117,2,32,0,0,1,1,-0.3200000000000001,0.07120000000000012,10
300117,3,32,0,0,1,1,-0.3200000000000001,0.0724000000000001,11
300117,4,32,0,0,1,1,-0.3200000000000001,0.18280000000000027,17
300117,5,32,0,0,1,1,-0.3200000000000001,0.17560000000000026,15
300117,6,28,1,1,0,1,0.72,1.1556000000000002,10
300117,7,32,0,0,1,1,-0.3200000000000001,0.1780000000000003,11
300117,8,32,0,0,1,1,-0.3200000000000001,0.18400000000000033,16
300117,9,32,0,0,1,1,-0.3200000000000001,0.1828000000000003,16
300117,10,32,0,0,1,1,-0.3200000000000001,0.1276000000000002,15
300117,11,32,0,0,1,1,-0.3200000000000001,0.06160000000000011,12
300117,12,32,0,0,1,1,-0.3200000000000001,0.14200000000000015,19
300117,13,32,0,0,1,1,-0.3200000000000001,0.1492000000000002,12
300117,14,32,0,0,1,1,-0.3200000000000001,0.12400000000000012,13
300117,15,32,0,0,1,1,-0.3200000000000001,0.1900000000000003,19
300118,0,32,0,0,1,1,-0.3200000000000001,-0.03159999999999992,11
300118,1,32,0,0,1,1,-0.3200000000000001,0.005600000000000119,14
300118,2,30,1,1,0,1,0.7,1.0148000000000001,14
300118,3,32,0,0,1,1,-0.3200000000000001,0.004400000000000126,11
300118,4,32,0,0,1,1,-0.3200000000000001,0.029600000000000126,16
300118,5,32,0,0,1,1,-0.3200000000000001,-0.018399999999999916,13
300118,6,32,0,0,1,1,-0.3200000000000001,-0.045999999999999874,11
300118,7,4,1,1,0,1,0.96,1.1272,0
300118,8,32,0,0,1,1,-0.3200000000000001,0.026000000000000176,14
300118,9,32,0,0,1,1,-0.3200000000000001,-0.01239999999999987,7
300118,10,32,0,0,1,1,-0.3200000000000001,-0.002799999999999858,7
300118,11,7,1,1,0,1,0.9299999999999999,1.1092,1
300118,12,4,1,1,0,1,0.96,1.1272,0
300118,13,32,0,0,1,1,-0.3200000000000001,-0.01359999999999989,9
300118,14,32,0,0,1,1,-0.3200000000000001,-0.047199999999999895,8
300118,15,32,0,0,1,1,-0.3200000000000001,0.026000000000000162,12
300119,0,32,0,0,1,1,-0.3200000000000001,-0.07159999999999989,12
300119,1,3,1,1,0,1,0.97,1.0936,0
300119,2,17,1,1,0,1,0.83,1.0124000000000002,6
300119,3,32,0,0,1,1,-0.3200000000000001,-0.06919999999999997,11
300119,4,27,1,1,0,1,0.73,0.928,8
300119,5,18,1,1,0,1,0.82,0.9988,5
300119,6,7,1,1,0,1,0.9299999999999999,1.0596,2
300119,7,32,1,1,0,1,0.6799999999999999,0.8732,7
300119,8,3,1,1,0,1,0.97,1.0936,0
300119,9,15,1,1,0,1,0.85,1.0048000000000001,0
300119,10,13,1,1,0,1,0.87,1.0284,4
300119,11,19,1,1,0,1,0.8099999999999999,0.978,6
300119,12,32,0,0,1,1,-0.3200000000000001,-0.05119999999999987,12
300119,13,4,1,1,0,1,0.96,1.086,1
300119,14,7,1,1,0,1,0.9299999999999999,1.0632,0
300119,15,27,1,1,0,1,0.73,0.9796000000000001,12
300120,0,32,0,0,1,1,-0.3200000000000001,0.40040000000000037,14
300120,1,32,0,0,1,1,-0.3200000000000001,0.3224000000000003,9
300120,2,32,0,0,1,1,-0.3200000000000001,0.3320000000000002,5
300120,3,32,0,0,1,1,-0.3200000000000001,0.4196000000000003,10
300120,4,32,0,0,1,1,-0.3200000000000001,0.3680000000000003,9
300120,5,32,0,0,1,1,-0.3200000000000001,0.3800000000000003,6
300120,6,32,0,0,1,1,-0.3200000000000001,0.37280000000000024,12
300120,7,32,0,0,1,1,-0.3200000000000001,0.41840000000000027,13
300120,8,32,0,0,1,1,-0.3200000000000001,0.4184000000000003,15
300120,9,32,0,0,1,1,-0.3200000000000001,0.41360000000000036,10
300120,10,32,0,0,1,1,-0.3200000000000001,0.39440000000000036,9
300120,11,32,0,0,1,1,-0.3200000000000001,0.38960000000000033,11
300120,12,32,0,0,1,1,-0.3200000000000001,0.39560000000000034,11
300120,13,32,0,0,1,1,-0.3200000000000001,0.39080000000000026,9
300120,14,32,0,0,1,1,-0.3200000000000001,0.39920000000000033,13
300120,15,32,0,0,1,1,-0.3200000000000001,0.3836000000000003,7
300121,0,11,1,1,0,1,0.89,1.046,2
300121,1,32,0,0,1,1,-0.3200000000000001,-0.06799999999999981,10
300121,2,32,0,0,1,1,-0.3200000000000001,-0.06799999999999985,9
300121,3,32,0,0,1,1,-0.3200000000000001,-0.06919999999999987,8
300121,4,32,0,0,1,1,-0.3200000000000001,-0.08239999999999992,6
300121,5,32,0,0,1,1,-0.3200000000000001,-0.07999999999999981,16
300121,6,32,0,0,1,1,-0.3200000000000001,-0.07039999999999996,10
300121,7,15,1,1,0,1,0.85,1.012,2
300121,8,10,1,1,0,1,0.9,1.0512000000000001,3
300121,9,32,0,0,1,1,-0.3200000000000001,-0.05359999999999987,14
300121,10,32,0,0,1,1,-0.3200000000000001,-0.10399999999999991,9
300121,11,32,0,0,1,1,-0.3200000000000001,-0.04639999999999994,14
300121,12,32,0,0,1,1,-0.3200000000000001,-0.06079999999999988,12
300121,13,32,0,0,1,1,-0.3200000000000001,-0.10999999999999995,11
300121,14,32,0,0,1,1,-0.3200000000000001,-0.09439999999999994,4
300121,15,32,0,0,1,1,-0.3200000000000001,-0.05479999999999985,13
300122,0,32,0,0,1,1,-0.3200000000000001,-0.11519999999999984,10
300122,1,32,0,0,1,1,-0.3200000000000001,-0.0335999999999998,12
300122,2,32,0,0,1,1,-0.3200000000000001,-0.09359999999999996,6
300122,3,32,0,0,1,1,-0.3200000000000001,-0.0899999999999998,11
300122,4,32,0,0,1,1,-0.3200000000000001,-0.04199999999999976,15
300122,5,32,0,0,1,1,-0.3200000000000001,-0.03239999999999976,14
300122,6,32,0,0,1,1,-0.3200000000000001,-0.05279999999999965,8
300122,7,32,0,0,1,1,-0.3200000000000001,-0.1488,8
300122,8,6,1,1,0,1,0.94,1.0296,2
300122,9,32,0,0,1,1,-0.3200000000000001,-0.07679999999999987,12
300122,10,32,0,0,1,1,-0.3200000000000001,-0.04799999999999971,9
300122,11,32,0,0,1,1,-0.3200000000000001,-0.1319999999999999,10
300122,12,11,1,1,0,1,0.89,0.9964000000000001,5
300122,13,32,0,0,1,1,-0.3200000000000001,-0.05759999999999976,7
300122,14,5,1,1,0,1,0.95,1.0396,1
300122,15,32,0,0,1,1,-0.3200000000000001,-0.10560000000000003,11
300123,0,32,0,0,1,1,-0.3200000000000001,0.007200000000000123,14
300123,1,32,0,0,1,1,-0.3200000000000001,0.05520000000000015,10
300123,2,32,0,0,1,1,-0.3200000000000001,0.050400000000000125,11
300123,3,32,0,0,1,1,-0.3200000000000001,0.027600000000000152,16
300123,4,32,0,0,1,1,-0.3200000000000001,0.0744000000000001,8
300123,5,27,1,1,0,1,0.73,1.0524000000000002,10
300123,6,32,0,0,1,1,-0.3200000000000001,0.06480000000000014,19
300123,7,16,1,1,0,1,0.84,1.118,11
300123,8,32,0,0,1,1,-0.3200000000000001,0.048000000000000154,12
300123,9,32,0,0,1,1,-0.3200000000000001,0.022800000000000126,13
300123,10,32,0,0,1,1,-0.3200000000000001,0.012000000000000094,12
300123,11,32,0,0,1,1,-0.3200000000000001,0.10320000000000018,17
300123,12,32,0,0,1,1,-0.3200000000000001,0.07080000000000018,12
300123,13,32,0,0,1,1,-0.3200000000000001,0.03480000000000011,10
300123,14,32,0,0,1,1,-0.3200000000000001,0.048000000000000154,11
300123,15,32,0,0,1,1,-0.3200000000000001,0.030000000000000096,13
300124,0,32,0,0,1,1,-0.3200000000000001,0.032000000000000195,20
300124,1,32,0,0,1,1,-0.3200000000000001,0.03080000000000016,18
300124,2,32,0,0,1,1,-0.3200000000000001,0.03560000000000013,14
300124,3,32,0,0,1,1,-0.3200000000000001,0.011600000000000159,11
300124,4,22,1,1,0,1,0.7799999999999999,1.0324000000000002,4
300124,5,32,0,0,1,1,-0.3200000000000001,-0.02679999999999985,7
300124,6,25,1,1,0,1,0.7499999999999999,0.9940000000000001,5
300124,7,16,1,1,0,1,0.84,1.0648000000000002,2
300124,8,31,1,1,0,1,0.69,0.9916000000000001,7
300124,9,32,0,0,1,1,-0.3200000000000001,-0.03159999999999989,5
300124,10,32,0,0,1,1,-0.3200000000000001,0.0020000000000001406,14
300124,11,32,0,0,1,1,-0.3200000000000001,-0.0459999999999999,5
300124,12,32,0,0,1,1,-0.3200000000000001,-0.0015999999999998654,11
300124,13,32,1,1,0,1,0.6799999999999999,1.0056,14
300124,14,32,0,0,1,1,-0.3200000000000001,0.018800000000000094,13
300124,15,12,1,1,0,1,0.88,1.064,2
300125,0,32,0,0,1,1,-0.3200000000000001,0.06360000000000016,9
300125,1,32,0,0,1,1,-0.3200000000000001,0.09240000000000015,11
300125,2,32,0,0,1,1,-0.3200000000000001,0.05400000000000019,9
300125,3,32,0,0,1,1,-0.3200000000000001,0.09000000000000014,11
300125,4,32,0,0,1,1,-0.3200000000000001,0.11640000000000017,12
300125,5,28,1,1,0,1,0.72,1.0244000000000002,11
300125,6,11,1,1,0,1,0.89,1.1248,4
300125,7,32,0,0,1,1,-0.3200000000000001,0.07200000000000012,12
300125,8,32,0,0,1,1,-0.3200000000000001,0.05040000000000011,7
300125,9,32,0,0,1,1,-0.3200000000000001,0.06720000000000018,13
300125,10,32,0,0,1,1,-0.3200000000000001,0.03480000000000011,12
300125,11,32,0,0,1,1,-0.3200000000000001,0.08160000000000017,12
300125,12,29,1,1,0,1,0.71,1.0264000000000002,12
300125,13,32,0,0,1,1,-0.3200000000000001,0.11400000000000013,14
300125,14,32,0,0,1,1,-0.3200000000000001,0.0720000000000002,15
300125,15,32,0,0,1,1,-0.3200000000000001,0.03240000000000011,7
300126,0,32,1,1,0,1,0.6799999999999999,0.9092000000000001,9
300126,1,32,0,0,1,1,-0.3200000000000001,-0.06559999999999994,14
300126,2,32,0,0,1,1,-0.3200000000000001,-0.01999999999999988,16
300126,3,32,0,0,1,1,-0.3200000000000001,-0.07759999999999995,14
300126,4,32,0,0,1,1,-0.3200000000000001,-0.06559999999999984,15
300126,5,20,1,1,0,1,0.7999999999999999,0.9848000000000001,11
300126,6,32,0,0,1,1,-0.3200000000000001,-0.07279999999999988,12
300126,7,32,0,0,1,1,-0.3200000000000001,-0.07159999999999987,5
300126,8,32,0,0,1,1,-0.3200000000000001,-0.07399999999999993,13
300126,9,24,1,1,0,1,0.7599999999999999,0.9880000000000001,7
300126,10,32,0,0,1,1,-0.3200000000000001,0.02920000000000028,16
300126,11,22,1,1,0,1,0.7799999999999999,0.9900000000000001,7
300126,12,32,0,0,1,1,-0.3200000000000001,-0.0259999999999998,10
300126,13,32,0,0,1,1,-0.3200000000000001,-0.028399999999999884,9
300126,14,32,0,0,1,1,-0.3200000000000001,-0.07639999999999987,9
300126,15,27,1,1,0,1,0.73,0.9640000000000001,8
300127,0,32,0,0,1,1,-0.3200000000000001,-0.07999999999999989,6
300127,1,32,0,0,1,1,-0.3200000000000001,-0.059599999999999834,10
300127,2,32,0,0,1,1,-0.3200000000000001,-0.05479999999999986,12
300127,3,32,0,0,1,1,-0.3200000000000001,-0.07399999999999989,8
300127,4,32,0,0,1,1,-0.3200000000000001,-0.0595999999999999,10
300127,5,32,0,0,1,1,-0.3200000000000001,-0.0835999999999999,9
300127,6,32,0,0,1,1,-0.3200000000000001,-0.06319999999999992,11
300127,7,14,1,1,0,1,0.86,1.0124,5
300127,8,32,0,0,1,1,-0.3200000000000001,-0.03439999999999996,9
300127,9,32,0,0,1,1,-0.3200000000000001,-0.058399999999999855,6
300127,10,17,1,1,0,1,0.83,1.0052,2
300127,11,32,0,0,1,1,-0.3200000000000001,-0.03319999999999983,8
300127,12,21,1,1,0,1,0.7899999999999999,0.9868,6
300127,13,32,0,0,1,1,-0.3200000000000001,-0.07279999999999998,7
300127,14,4,1,1,0,1,0.96,1.0848,1
300127,15,32,0,0,1,1,-0.3200000000000001,-0.03199999999999986,6
300128,0,12,1,1,0,1,0.88,1.0312000000000001,5
300128,1,19,1,1,0,1,0.8099999999999999,0.9732000000000001,6
300128,2,32,0,0,1,1,-0.3200000000000001,-0.0992,9
300128,3,11,1,1,0,1,0.89,1.04,6
300128,4,32,0,0,1,1,-0.3200000000000001,-0.09919999999999991,14
300128,5,32,0,0,1,1,-0.3200000000000001,-0.09079999999999999,16
300128,6,32,0,0,1,1,-0.3200000000000001,-0.03319999999999981,11
300128,7,19,1,1,0,1,0.8099999999999999,0.9792000000000001,4
300128,8,32,0,0,1,1,-0.3200000000000001,-0.10760000000000004,11
300128,9,10,1,1,0,1,0.9,1.0464,5
300128,10,32,0,0,1,1,-0.3200000000000001,-0.11239999999999999,10
300128,11,32,0,0,1,1,-0.3200000000000001,-0.10879999999999994,14
300128,12,17,1,1,0,1,0.83,0.9932000000000001,8
300128,13,8,1,1,0,1,0.9199999999999999,1.058,3
300128,14,32,0,0,1,1,-0.3200000000000001,-0.0487999999999999,13
300128,15,30,1,1,0,1,0.7,0.9076000000000001,13
300129,0,16,1,1,0,1,0.84,1.0344000000000002,5
300129,1,30,1,1,0,1,0.7,0.8944,5
300129,2,14,1,1,0,1,0.86,1.0304,3
300129,3,20,1,1,0,1,0.7999999999999999,1.01,7
300129,4,32,0,0,1,1,-0.3200000000000001,-0.08119999999999993,7
300129,5,32,0,0,1,1,-0.3200000000000001,-0.04879999999999993,7
300129,6,16,1,1,0,1,0.84,1.0008000000000001,5
300129,7,32,0,0,1,1,-0.3200000000000001,-0.06319999999999998,14
300129,8,27,1,1,0,1,0.73,0.9556,2
300129,9,11,1,1,0,1,0.89,1.0376,0
300129,10,30,1,1,0,1,0.7,0.9076000000000001,9
300129,11,32,0,0,1,1,-0.3200000000000001,-0.09919999999999995,8
300129,12,4,1,1,0,1,0.96,1.0872,1
300129,13,32,0,0,1,1,-0.3200000000000001,-0.03560000000000002,20
300129,14,29,1,1,0,1,0.71,0.9092,8
300129,15,8,1,1,0,1,0.9199999999999999,1.0568,1
300130,0,32,0,0,1,1,-0.3200000000000001,0.039600000000000135,15
300130,1,32,0,0,1,1,-0.3200000000000001,0.10920000000000024,13
300130,2,32,0,0,1,1,-0.3200000000000001,0.0588000000000001,7
300130,3,32,0,0,1,1,-0.3200000000000001,0.06480000000000019,12
300130,4,32,0,0,1,1,-0.3200000000000001,0.06480000000000016,12
300130,5,32,0,0,1,1,-0.3200000000000001,0.03840000000000013,5
300130,6,32,0,0,1,1,-0.3200000000000001,0.06720000000000019,9
300130,7,32,0,0,1,1,-0.3200000000000001,0.12480000000000022,11
300130,8,32,0,0,1,1,-0.3200000000000001,0.09000000000000022,6
300130,9,32,0,0,1,1,-0.3200000000000001,0.061200000000000136,9
300130,10,32,0,0,1,1,-0.3200000000000001,0.06480000000000016,11
300130,11,32,0,0,1,1,-0.3200000000000001,0.12360000000000027,9
300130,12,32,0,0,1,1,-0.3200000000000001,0.02760000000000013,12
300130,13,32,0,0,1,1,-0.3200000000000001,0.13560000000000028,8
300130,14,32,0,0,1,1,-0.3200000000000001,0.09240000000000018,5
300130,15,17,1,1,0,1,0.83,1.1116000000000001,4
300131,0,13,1,1,0,1,0.87,1.0792000000000002,1
300131,1,32,0,0,1,1,-0.3200000000000001,-0.011199999999999849,5
300131,2,32,0,0,1,1,-0.3200000000000001,0.0008000000000001062,7
300131,3,32,0,0,1,1,-0.3200000000000001,-0.04839999999999993,2
300131,4,32,0,0,1,1,-0.3200000000000001,0.005600000000000133,14
300131,5,32,0,0,1,1,-0.3200000000000001,-0.02559999999999986,5
300131,6,32,0,0,1,1,-0.3200000000000001,-0.01839999999999986,7
300131,7,32,0,0,1,1,-0.3200000000000001,-0.024399999999999894,8
300131,8,32,0,0,1,1,-0.3200000000000001,-0.012399999999999883,9
300131,9,22,1,1,0,1,0.7799999999999999,1.0228000000000002,8
300131,10,32,0,0,1,1,-0.3200000000000001,-0.055599999999999955,3
300131,11,32,0,0,1,1,-0.3200000000000001,-0.041199999999999896,8
300131,12,28,1,1,0,1,0.72,0.9916000000000001,4
300131,13,32,0,0,1,1,-0.3200000000000001,-0.01119999999999989,4
300131,14,32,0,0,1,1,-0.3200000000000001,-0.05199999999999991,7
300131,15,32,0,0,1,1,-0.3200000000000001,-0.029199999999999893,4
300132,0,32,0,0,1,1,-0.3200000000000001,-0.14439999999999986,14
300132,1,1,1,1,0,1,0.99,1.03,0
300132,2,2,1,1,0,1,0.98,1.0212,1
300132,3,11,1,1,0,1,0.89,0.9456,8
300132,4,1,1,1,0,1,0.99,1.03,0
300132,5,32,0,0,1,1,-0.3200000000000001,-0.11919999999999997,16
300132,6,3,1,1,0,1,0.97,1.0124,2
300132,7,2,1,1,0,1,0.98,1.0212,1
300132,8,8,1,1,0,1,0.9199999999999999,0.9708,3
300132,9,11,1,1,0,1,0.89,0.9600000000000001,4
300132,10,7,1,1,0,1,0.9299999999999999,0.9772000000000001,6
300132,11,32,0,0,1,1,-0.3200000000000001,-0.07599999999999979,7
300132,12,2,1,1,0,1,0.98,1.0212,1
300132,13,7,1,1,0,1,0.9299999999999999,0.9784,4
300132,14,15,1,1,0,1,0.85,0.92,8
300132,15,1,1,1,0,1,0.99,1.03,0
300133,0,15,1,1,0,1,0.85,1.0036,4
300133,1,32,0,0,1,1,-0.3200000000000001,-0.034399999999999764,11
300133,2,32,0,0,1,1,-0.3200000000000001,-0.042799999999999755,13
300133,3,32,0,0,1,1,-0.3200000000000001,-0.04879999999999979,18
300133,4,32,0,0,1,1,-0.3200000000000001,-0.030799999999999786,13
300133,5,30,1,1,0,1,0.7,0.9352000000000001,11
300133,6,32,0,0,1,1,-0.3200000000000001,-0.058399999999999855,13
300133,7,24,1,1,0,1,0.7599999999999999,0.9412,11
300133,8,32,0,0,1,1,-0.3200000000000001,0.00040000000000031677,11
300133,9,12,1,1,0,1,0.88,1.0348000000000002,5
300133,10,32,0,0,1,1,-0.3200000000000001,0.008800000000000252,12
300133,11,32,0,0,1,1,-0.3200000000000001,-0.031999999999999834,13
300133,12,32,0,0,1,1,-0.3200000000000001,-0.05119999999999986,8
300133,13,32,0,0,1,1,-0.3200000000000001,-0.05479999999999982,16
300133,14,32,0,0,1,1,-0.3200000000000001,-0.0031999999999997586,10
300133,15,32,0,0,1,1,-0.3200000000000001,-0.08239999999999985,19
300134,0,32,0,0,1,1,-0.3200000000000001,-0.048799999999999844,7
300134,1,5,1,1,0,1,0.95,1.0772,0
300134,2,7,1,1,0,1,0.9299999999999999,1.068,0
300134,3,32,0,0,1,1,-0.3200000000000001,-0.0679999999999999,4
300134,4,20,1,1,0,1,0.7999999999999999,0.9812000000000001,5
300134,5,13,1,1,0,1,0.87,1.014,4
300134,6,3,1,1,0,1,0.97,1.0936,0
300134,7,30,1,1,0,1,0.7,0.8920000000000001,9
300134,8,16,1,1,0,1,0.84,1.0044,5
300134,9,11,1,1,0,1,0.89,1.0352000000000001,4
300134,10,5,1,1,0,1,0.95,1.076,2
300134,11,32,0,0,1,1,-0.3200000000000001,-0.0667999999999999,5
300134,12,26,1,1,0,1,0.74,0.9728000000000001,5
300134,13,3,1,1,0,1,0.97,1.0936,0
300134,14,32,0,0,1,1,-0.3200000000000001,-0.1076,5
300134,15,7,1,1,0,1,0.9299999999999999,1.0656,2
300135,0,20,1,1,0,1,0.7999999999999999,1.1564,6
300135,1,32,0,0,1,1,-0.3200000000000001,0.11440000000000013,5
300135,2,32,0,0,1,1,-0.3200000000000001,0.0340000000000001,7
300135,3,32,0,0,1,1,-0.3200000000000001,0.0820000000000001,8
300135,4,32,0,0,1,1,-0.3200000000000001,0.08920000000000011,5
300135,5,32,0,0,1,1,-0.3200000000000001,0.10840000000000016,10
300135,6,32,0,0,1,1,-0.3200000000000001,0.13120000000000012,8
300135,7,32,0,0,1,1,-0.3200000000000001,0.0712000000000001,6
300135,8,32,0,0,1,1,-0.3200000000000001,0.1288000000000002,9
300135,9,32,0,0,1,1,-0.3200000000000001,0.10600000000000015,8
300135,10,32,0,0,1,1,-0.3200000000000001,0.05920000000000013,10
300135,11,32,0,0,1,1,-0.3200000000000001,0.12760000000000016,7
300135,12,32,0,0,1,1,-0.3200000000000001,0.10480000000000006,9
300135,13,32,0,0,1,1,-0.3200000000000001,0.05320000000000009,4
300135,14,32,0,0,1,1,-0.3200000000000001,0.10600000000000012,10
300135,15,32,0,0,1,1,-0.3200000000000001,0.055600000000000094,10
300136,0,32,0,0,1,1,-0.3200000000000001,-0.12119999999999996,10
300136,1,9,1,1,0,1,0.91,1.0128000000000001,3
300136,2,32,0,0,1,1,-0.3200000000000001,-0.07679999999999992,10
300136,3,32,0,0,1,1,-0.3200000000000001,-0.1296,9
300136,4,32,0,0,1,1,-0.3200000000000001,-0.09839999999999988,14
300136,5,29,1,1,0,1,0.71,0.8920000000000001,7
300136,6,27,1,1,0,1,0.73,0.9168000000000002,9
300136,7,18,1,1,0,1,0.82,0.9552,4
300136,8,26,1,1,0,1,0.74,0.9196000000000001,6
300136,9,32,0,0,1,1,-0.3200000000000001,-0.12479999999999986,12
300136,10,32,0,0,1,1,-0.3200000000000001,-0.0683999999999998,14
300136,11,13,1,1,0,1,0.87,0.9764,1
300136,12,17,1,1,0,1,0.83,0.9484,3
300136,13,2,1,1,0,1,0.98,1.0612,0
300136,14,32,0,0,1,1,-0.3200000000000001,-0.11159999999999998,7
300136,15,32,0,0,1,1,-0.3200000000000001,-0.07919999999999983,7
300137,0,32,1,1,0,1,0.6799999999999999,0.8404,10
300137,1,12,1,1,0,1,0.88,0.9852000000000001,2
300137,2,32,0,0,1,1,-0.3200000000000001,-0.14880000000000004,2
300137,3,29,1,1,0,1,0.71,0.8836000000000002,13
300137,4,32,0,0,1,1,-0.3200000000000001,-0.11639999999999988,10
300137,5,12,1,1,0,1,0.88,0.9924000000000001,4
300137,6,32,0,0,1,1,-0.3200000000000001,-0.10799999999999993,6
300137,7,32,0,0,1,1,-0.3200000000000001,-0.09599999999999997,14
300137,8,32,0,0,1,1,-0.3200000000000001,-0.13079999999999992,7
300137,9,3,1,1,0,1,0.97,1.0536,1
300137,10,16,1,1,0,1,0.84,0.962,2
300137,11,32,0,0,1,1,-0.3200000000000001,-0.08879999999999977,11
300137,12,32,0,0,1,1,-0.3200000000000001,-0.11400000000000003,3
300137,13,32,0,0,1,1,-0.3200000000000001,-0.09359999999999996,14
300137,14,32,0,0,1,1,-0.3200000000000001,-0.1211999999999998,16
300137,15,32,0,0,1,1,-0.3200000000000001,-0.15479999999999994,15
300138,0,32,0,0,1,1,-0.3200000000000001,-0.055599999999999886,3
300138,1,32,0,0,1,1,-0.3200000000000001,-0.05079999999999994,4
300138,2,32,0,0,1,1,-0.3200000000000001,0.0008000000000001339,11
300138,3,32,0,0,1,1,-0.3200000000000001,0.042800000000000143,20
300138,4,32,0,0,1,1,-0.3200000000000001,-0.04479999999999988,13
300138,5,23,1,1,0,1,0.7699999999999999,1.0488000000000002,11
300138,6,32,0,0,1,1,-0.3200000000000001,-0.0279999999999999,13
300138,7,13,1,1,0,1,0.87,1.0732000000000002,3
300138,8,32,0,0,1,1,-0.3200000000000001,0.02000000000000013,15
300138,9,32,0,0,1,1,-0.3200000000000001,-0.027999999999999907,8
300138,10,32,0,0,1,1,-0.3200000000000001,-0.05079999999999994,5
300138,11,32,0,0,1,1,-0.3200000000000001,-0.027999999999999775,13
300138,12,18,1,1,0,1,0.82,1.0328000000000002,2
300138,13,32,0,0,1,1,-0.3200000000000001,-0.06159999999999989,5
300138,14,8,1,1,0,1,0.9199999999999999,1.104,0
300138,15,15,1,1,0,1,0.85,1.064,7
300139,0,32,0,0,1,1,-0.3200000000000001,0.011600000000000138,7
300139,1,26,1,1,0,1,0.74,0.9708000000000001,10
300139,2,32,0,0,1,1,-0.3200000000000001,-0.02919999999999985,12
300139,3,32,0,0,1,1,-0.3200000000000001,-0.03999999999999989,10
300139,4,32,0,0,1,1,-0.3200000000000001,-0.03639999999999986,9
300139,5,32,0,0,1,1,-0.3200000000000001,-0.003999999999999851,18
300139,6,32,0,0,1,1,-0.3200000000000001,-0.0639999999999999,16
300139,7,32,0,0,1,1,-0.3200000000000001,-0.03999999999999991,11
300139,8,32,0,0,1,1,-0.3200000000000001,0.005600000000000105,10
300139,9,9,1,1,0,1,0.91,1.1036000000000001,1
300139,10,32,0,0,1,1,-0.3200000000000001,0.018800000000000122,21
300139,11,32,0,0,1,1,-0.3200000000000001,0.020000000000000157,16
300139,12,32,0,0,1,1,-0.3200000000000001,-0.017199999999999854,6
300139,13,32,0,0,1,1,-0.3200000000000001,-0.01959999999999986,14
300139,14,32,0,0,1,1,-0.3200000000000001,-0.003999999999999879,10
300139,15,32,0,0,1,1,-0.3200000000000001,-0.045999999999999944,3
300140,0,32,0,0,1,1,-0.3200000000000001,-0.01959999999999988,8
300140,1,32,0,0,1,1,-0.3200000000000001,-0.055599999999999976,9
300140,2,32,0,0,1,1,-0.3200000000000001,-0.05439999999999985,16
300140,3,32,0,0,1,1,-0.3200000000000001,-0.04359999999999983,9
300140,4,32,0,0,1,1,-0.3200000000000001,-0.017199999999999882,9
300140,5,32,0,0,1,1,-0.3200000000000001,0.012800000000000172,15
300140,6,17,1,1,0,1,0.83,1.0428000000000002,3
300140,7,24,1,1,0,1,0.7599999999999999,1.0112,2
300140,8,14,1,1,0,1,0.86,1.0668,0
300140,9,32,0,0,1,1,-0.3200000000000001,-0.03399999999999993,5
300140,10,32,0,0,1,1,-0.3200000000000001,-0.002799999999999872,6
300140,11,32,0,0,1,1,-0.3200000000000001,0.053600000000000175,17
300140,12,7,1,1,0,1,0.9299999999999999,1.1104,1
300140,13,32,0,0,1,1,-0.3200000000000001,0.0056000000000001465,12
300140,14,32,0,0,1,1,-0.3200000000000001,0.051200000000000245,16
300140,15,32,0,0,1,1,-0.3200000000000001,-0.009999999999999828,6
300141,0,32,0,0,1,1,-0.3200000000000001,-0.07039999999999985,18
300141,1,32,0,0,1,1,-0.3200000000000001,-0.049999999999999906,5
300141,2,32,0,0,1,1,-0.3200000000000001,-0.061999999999999805,8
300141,3,32,0,0,1,1,-0.3200000000000001,-0.017599999999999894,8
300141,4,32,0,0,1,1,-0.3200000000000001,-0.06919999999999978,11
300141,5,32,0,0,1,1,-0.3200000000000001,-0.07879999999999993,7
300141,6,32,0,0,1,1,-0.3200000000000001,-0.025999999999999884,7
300141,7,32,0,0,1,1,-0.3200000000000001,-0.018799999999999872,6
300141,8,32,0,0,1,1,-0.3200000000000001,-0.0896,2
300141,9,32,0,0,1,1,-0.3200000000000001,-0.028399999999999814,8
300141,10,32,0,0,1,1,-0.3200000000000001,-0.08120000000000005,4
300141,11,32,0,0,1,1,-0.3200000000000001,-0.028399999999999787,4
300141,12,32,0,0,1,1,-0.3200000000000001,-0.05119999999999991,4
300141,13,32,0,0,1,1,-0.3200000000000001,-0.08359999999999994,6
300141,14,32,0,0,1,1,-0.3200000000000001,-0.017599999999999838,11
300141,15,9,1,1,0,1,0.91,1.0492000000000001,2
300142,0,32,0,0,1,1,-0.3200000000000001,0.01680000000000012,2
300142,1,25,1,1,0,1,0.7499999999999999,1.0544000000000002,2
300142,2,32,1,1,0,1,0.6799999999999999,1.0348000000000002,17
300142,3,13,1,1,0,1,0.87,1.1108,0
300142,4,32,0,0,1,1,-0.3200000000000001,0.05640000000000012,15
300142,5,32,0,0,1,1,-0.3200000000000001,0.0012000000000001454,4
300142,6,32,0,0,1,1,-0.3200000000000001,0.04680000000000012,13
300142,7,32,1,1,0,1,0.6799999999999999,0.9964000000000001,5
300142,8,32,0,0,1,1,-0.3200000000000001,0.048000000000000126,15
300142,9,32,0,0,1,1,-0.3200000000000001,0.07080000000000009,17
300142,10,32,0,0,1,1,-0.3200000000000001,0.03120000000000009,8
300142,11,5,1,1,0,1,0.95,1.162,0
300142,12,32,0,0,1,1,-0.3200000000000001,0.0744000000000001,17
300142,13,32,0,0,1,1,-0.3200000000000001,0.02640000000000009,7
300142,14,25,1,1,0,1,0.7499999999999999,1.0568000000000002,10
300142,15,32,0,0,1,1,-0.3200000000000001,0.01440000000000008,9
300143,0,32,0,0,1,1,-0.3200000000000001,-0.021999999999999853,13
300143,1,32,0,0,1,1,-0.3200000000000001,-0.015999999999999848,8
300143,2,32,0,0,1,1,-0.3200000000000001,0.008000000000000174,10
300143,3,32,0,0,1,1,-0.3200000000000001,-0.03159999999999988,9
300143,4,32,0,0,1,1,-0.3200000000000001,0.02720000000000017,8
300143,5,32,0,0,1,1,-0.3200000000000001,0.03080000000000019,12
300143,6,10,1,1,0,1,0.9,1.0936000000000001,2
300143,7,32,0,0,1,1,-0.3200000000000001,-0.01719999999999984,10
300143,8,32,0,0,1,1,-0.3200000000000001,-0.021999999999999853,13
300143,9,22,1,1,0,1,0.7799999999999999,1.0336,8
300143,10,32,0,0,1,1,-0.3200000000000001,-0.002799999999999886,9
300143,11,18,1,1,0,1,0.82,1.0316,8
300143,12,32,0,0,1,1,-0.3200000000000001,-0.04479999999999991,10
300143,13,32,0,0,1,1,-0.3200000000000001,-0.005199999999999844,11
300143,14,32,0,0,1,1,-0.3200000000000001,0.04640000000000026,10
300143,15,32,0,0,1,1,-0.3200000000000001,-0.02199999999999988,13
300144,0,26,1,1,0,1,0.74,0.8884000000000001,6
300144,1,2,1,1,0,1,0.98,1.0612,0
300144,2,11,1,1,0,1,0.89,0.9916,1
300144,3,32,0,0,1,1,-0.3200000000000001,-0.04439999999999977,5
300144,4,10,1,1,0,1,0.9,1.004,2
300144,5,18,1,1,0,1,0.82,0.9372,6
300144,6,24,1,1,0,1,0.7599999999999999,0.9036000000000001,6
300144,7,32,0,0,1,1,-0.3200000000000001,-0.04799999999999982,12
300144,8,2,1,1,0,1,0.98,1.0612,0
300144,9,2,1,1,0,1,0.98,1.0612,0
300144,10,4,1,1,0,1,0.96,1.046,2
300144,11,3,1,1,0,1,0.97,1.0524,1
300144,12,32,0,0,1,1,-0.3200000000000001,-0.09959999999999981,19
300144,13,2,1,1,0,1,0.98,1.0612,0
300144,14,8,1,1,0,1,0.9199999999999999,1.012,2
300144,15,2,1,1,0,1,0.98,1.0612,0
300145,0,4,1,1,0,1,0.96,1.046,2
300145,1,18,1,1,0,1,0.82,0.9348000000000001,14
300145,2,8,1,1,0,1,0.9199999999999999,1.0132,2
300145,3,12,1,1,0,1,0.88,0.984,4
300145,4,25,1,1,0,1,0.7499999999999999,0.8804000000000001,13
300145,5,3,1,1,0,1,0.97,1.0536,1
300145,6,32,0,0,1,1,-0.3200000000000001,-0.17399999999999993,16
300145,7,9,1,1,0,1,0.91,1.0068000000000001,5
300145,8,22,1,1,0,1,0.7799999999999999,0.9020000000000001,12
300145,9,6,1,1,0,1,0.94,1.0308,4
300145,10,13,1,1,0,1,0.87,0.9752000000000001,9
300145,11,8,1,1,0,1,0.9199999999999999,1.0156,6
300145,12,10,1,1,0,1,0.9,1.0004,8
300145,13,4,1,1,0,1,0.96,1.046,2
300145,14,12,1,1,0,1,0.88,0.9792000000000001,6
300145,15,20,1,1,0,1,0.7999999999999999,0.916,8
300146,0,32,0,0,1,1,-0.3200000000000001,-0.027999999999999886,6
300146,1,32,0,0,1,1,-0.3200000000000001,-0.04719999999999991,9
300146,2,32,0,0,1,1,-0.3200000000000001,-0.033999999999999884,10
300146,3,32,0,0,1,1,-0.3200000000000001,0.02720000000000017,14
300146,4,32,0,0,1,1,-0.3200000000000001,-0.003999999999999865,10
300146,5,32,0,0,1,1,-0.3200000000000001,-0.003999999999999879,8
300146,6,21,1,1,0,1,0.7899999999999999,1.0472000000000001,7
300146,7,32,0,0,1,1,-0.3200000000000001,0.03680000000000014,16
300146,8,32,0,0,1,1,-0.3200000000000001,0.003200000000000175,11
300146,9,32,0,0,1,1,-0.3200000000000001,-0.008799999999999891,9
300146,10,32,0,0,1,1,-0.3200000000000001,-0.005199999999999892,16
300146,11,4,1,1,0,1,0.96,1.1272,0
300146,12,28,1,1,0,1,0.72,0.9628000000000001,4
300146,13,19,1,1,0,1,0.8099999999999999,1.03,3
300146,14,32,0,0,1,1,-0.3200000000000001,0.026000000000000134,19
300146,15,9,1,1,0,1,0.91,1.1012,1
300147,0,32,0,0,1,1,-0.3200000000000001,-0.11519999999999991,14
300147,1,32,0,0,1,1,-0.3200000000000001,-0.07919999999999972,16
300147,2,3,1,1,0,1,0.97,1.0536,1
300147,3,32,0,0,1,1,-0.3200000000000001,-0.16919999999999996,15
300147,4,32,0,0,1,1,-0.3200000000000001,-0.10799999999999992,10
300147,5,3,1,1,0,1,0.97,1.0536,1
300147,6,5,1,1,0,1,0.95,1.036,1
300147,7,14,1,1,0,1,0.86,0.9736,2
300147,8,32,0,0,1,1,-0.3200000000000001,-0.14639999999999997,13
300147,9,32,0,0,1,1,-0.3200000000000001,-0.0923999999999998,12
300147,10,32,0,0,1,1,-0.3200000000000001,-0.06119999999999978,15
300147,11,5,1,1,0,1,0.95,1.0372000000000001,1
300147,12,9,1,1,0,1,0.91,1.0164,3
300147,13,5,1,1,0,1,0.95,1.0372000000000001,1
300147,14,32,0,0,1,1,-0.3200000000000001,-0.11039999999999987,5
300147,15,21,1,1,0,1,0.7899999999999999,0.9636000000000001,9
300148,0,23,1,1,0,1,0.7699999999999999,1.0332000000000001,13
300148,1,32,0,0,1,1,-0.3200000000000001,0.028400000000000203,21
300148,2,32,0,0,1,1,-0.3200000000000001,0.023600000000000163,17
300148,3,32,0,0,1,1,-0.3200000000000001,0.015200000000000102,19
300148,4,32,0,0,1,1,-0.3200000000000001,0.0176000000000002,23
300148,5,32,0,0,1,1,-0.3200000000000001,0.011600000000000207,15
300148,6,14,1,1,0,1,0.86,1.0704,4
300148,7,32,0,0,1,1,-0.3200000000000001,0.03560000000000019,17
300148,8,32,0,0,1,1,-0.3200000000000001,0.00920000000000007,16
300148,9,29,1,1,0,1,0.71,1.0128000000000001,11
300148,10,12,1,1,0,1,0.88,1.0856000000000001,4
300148,11,31,1,1,0,1,0.69,0.9424000000000001,9
300148,12,32,0,0,1,1,-0.3200000000000001,0.014000000000000165,15
300148,13,32,0,0,1,1,-0.3200000000000001,0.003200000000000161,15
300148,14,32,0,0,1,1,-0.3200000000000001,0.008000000000000153,17
300148,15,32,0,0,1,1,-0.3200000000000001,0.00560000000000016,14
300149,0,14,1,1,0,1,0.86,1.0184,5
300149,1,12,1,1,0,1,0.88,1.0288,3
300149,2,32,0,0,1,1,-0.3200000000000001,-0.059599999999999875,8
300149,3,32,0,0,1,1,-0.3200000000000001,-0.02239999999999981,14
300149,4,32,0,0,1,1,-0.3200000000000001,-0.12199999999999993,14
300149,5,32,0,0,1,1,-0.3200000000000001,-0.0019999999999997242,6
300149,6,12,1,1,0,1,0.88,1.0324,7
300149,7,32,0,0,1,1,-0.3200000000000001,-0.06199999999999993,9
300149,8,6,1,1,0,1,0.94,1.0696,1
300149,9,32,0,0,1,1,-0.3200000000000001,-0.08839999999999998,6
300149,10,32,0,0,1,1,-0.3200000000000001,-0.027199999999999835,12
300149,11,29,1,1,0,1,0.71,0.9188000000000001,10
300149,12,20,1,1,0,1,0.7999999999999999,0.9920000000000001,9
300149,13,32,0,0,1,1,-0.3200000000000001,-0.052399999999999836,14
300149,14,8,1,1,0,1,0.9199999999999999,1.0544,3
300149,15,18,1,1,0,1,0.82,0.9784,7
300150,0,17,1,1,0,1,0.83,0.9096,2
300150,1,8,1,1,0,1,0.9199999999999999,0.9732000000000001,1
300150,2,4,1,1,0,1,0.96,1.0048000000000001,1
300150,3,20,1,1,0,1,0.7999999999999999,0.8892000000000001,7
300150,4,6,1,1,0,1,0.94,0.9884000000000001,1
300150,5,4,1,1,0,1,0.96,1.0036,3
300150,6,3,1,1,0,1,0.97,1.0136,0
300150,7,15,1,1,0,1,0.85,0.9188000000000001,2
300150,8,3,1,1,0,1,0.97,1.0136,0
300150,9,7,1,1,0,1,0.9299999999999999,0.9832000000000001,0
300150,10,1,1,1,0,1,0.99,1.03,0
300150,11,19,1,1,0,1,0.8099999999999999,0.8848,8
300150,12,7,1,1,0,1,0.9299999999999999,0.9808,2
300150,13,17,1,1,0,1,0.83,0.9012,8
300150,14,1,1,1,0,1,0.99,1.03,0
300150,15,7,1,1,0,1,0.9299999999999999,0.9808,2
300151,0,9,1,1,0,1,0.91,1.1812,3
300151,1,32,0,0,1,1,-0.3200000000000001,0.1912000000000002,12
300151,2,32,0,0,1,1,-0.3200000000000001,0.1624000000000002,3
300151,3,32,0,0,1,1,-0.3200000000000001,0.16840000000000022,8
300151,4,32,0,0,1,1,-0.3200000000000001,0.18160000000000026,10
300151,5,32,0,0,1,1,-0.3200000000000001,0.19240000000000027,9
300151,6,32,0,0,1,1,-0.3200000000000001,0.23680000000000026,8
300151,7,32,0,0,1,1,-0.3200000000000001,0.14560000000000017,13
300151,8,16,1,1,0,1,0.84,1.1352,6
300151,9,32,0,0,1,1,-0.3200000000000001,0.1516000000000002,12
300151,10,32,0,0,1,1,-0.3200000000000001,0.22240000000000032,10
300151,11,32,0,0,1,1,-0.3200000000000001,0.1768000000000003,6
300151,12,32,0,0,1,1,-0.3200000000000001,0.1192000000000001,10
300151,13,32,0,0,1,1,-0.3200000000000001,0.13000000000000012,8
300151,14,32,0,0,1,1,-0.3200000000000001,0.12160000000000018,6
300151,15,32,0,0,1,1,-0.3200000000000001,0.1876000000000002,6
300152,0,32,0,0,1,1,-0.3200000000000001,0.15040000000000017,11
300152,1,32,0,0,1,1,-0.3200000000000001,0.14200000000000018,12
300152,2,13,1,1,0,1,0.87,1.1568,3
300152,3,32,0,0,1,1,-0.3200000000000001,0.16120000000000018,12
300152,4,32,0,0,1,1,-0.3200000000000001,0.11920000000000018,16
300152,5,32,0,0,1,1,-0.3200000000000001,0.14440000000000017,13
300152,6,32,0,0,1,1,-0.3200000000000001,0.10360000000000011,7
300152,7,17,1,1,0,1,0.83,1.1492,5
300152,8,22,1,1,0,1,0.7799999999999999,1.1472000000000002,6
300152,9,26,1,1,0,1,0.74,1.1300000000000001,12
300152,10,23,1,1,0,1,0.7699999999999999,1.1336000000000002,3
300152,11,32,0,0,1,1,-0.3200000000000001,0.15760000000000018,15
300152,12,23,1,1,0,1,0.7699999999999999,1.1264,5
300152,13,32,0,0,1,1,-0.3200000000000001,0.0568000000000001,11
300152,14,32,0,0,1,1,-0.3200000000000001,0.12520000000000017,8
300152,15,32,0,0,1,1,-0.3200000000000001,0.09160000000000015,14
300153,0,8,1,1,0,1,0.9199999999999999,1.058,3
300153,1,4,1,1,0,1,0.96,1.0872,1
300153,2,32,0,0,1,1,-0.3200000000000001,-0.03679999999999986,13
300153,3,32,0,0,1,1,-0.3200000000000001,-0.06559999999999992,9
300153,4,32,0,0,1,1,-0.3200000000000001,-0.018799999999999803,5
300153,5,32,0,0,1,1,-0.3200000000000001,-0.04759999999999988,10
300153,6,32,0,0,1,1,-0.3200000000000001,-0.02239999999999981,7
300153,7,32,0,0,1,1,-0.3200000000000001,-0.08719999999999987,16
300153,8,32,0,0,1,1,-0.3200000000000001,-0.03919999999999989,9
300153,9,32,0,0,1,1,-0.3200000000000001,-0.015199999999999797,8
300153,10,32,0,0,1,1,-0.3200000000000001,-0.04759999999999989,7
300153,11,32,0,0,1,1,-0.3200000000000001,-0.001999999999999752,6
300153,12,15,1,1,0,1,0.85,1.0108000000000001,4
300153,13,32,0,0,1,1,-0.3200000000000001,-0.04879999999999986,11
300153,14,6,1,1,0,1,0.94,1.0744,3
300153,15,32,0,0,1,1,-0.3200000000000001,-0.028399999999999842,17
300154,0,32,0,0,1,1,-0.3200000000000001,-0.11399999999999977,16
300154,1,12,1,1,0,1,0.88,0.9828000000000001,6
300154,2,20,1,1,0,1,0.7999999999999999,0.9196000000000001,6
300154,3,32,0,0,1,1,-0.3200000000000001,-0.11879999999999995,6
300154,4,32,0,0,1,1,-0.3200000000000001,-0.14639999999999997,5
300154,5,6,1,1,0,1,0.94,1.0308,2
300154,6,20,1,1,0,1,0.7999999999999999,0.9328000000000001,8
300154,7,7,1,1,0,1,0.9299999999999999,1.0208,1
300154,8,5,1,1,0,1,0.95,1.0372000000000001,1
300154,9,32,0,0,1,1,-0.3200000000000001,-0.11879999999999988,16
300154,10,2,1,1,0,1,0.98,1.0612,0
300154,11,32,0,0,1,1,-0.3200000000000001,-0.13199999999999992,8
300154,12,4,1,1,0,1,0.96,1.0448,0
300154,13,5,1,1,0,1,0.95,1.036,1
300154,14,4,1,1,0,1,0.96,1.0472000000000001,0
300154,15,10,1,1,0,1,0.9,0.9932000000000001,4
300155,0,32,1,1,0,1,0.6799999999999999,1.1108000000000002,16
300155,1,32,0,0,1,1,-0.3200000000000001,0.08440000000000014,10
300155,2,32,0,0,1,1,-0.3200000000000001,0.14920000000000017,14
300155,3,32,0,0,1,1,-0.3200000000000001,0.13720000000000013,12
300155,4,32,0,0,1,1,-0.3200000000000001,0.12760000000000013,12
300155,5,32,0,0,1,1,-0.3200000000000001,0.14920000000000017,16
300155,6,32,0,0,1,1,-0.3200000000000001,0.13360000000000014,10
300155,7,32,0,0,1,1,-0.3200000000000001,0.11440000000000014,8
300155,8,32,0,0,1,1,-0.3200000000000001,0.1168000000000001,9
300155,9,32,0,0,1,1,-0.3200000000000001,0.08440000000000013,7
300155,10,32,0,0,1,1,-0.3200000000000001,0.10720000000000013,11
300155,11,30,1,1,0,1,0.7,1.1236000000000002,8
300155,12,32,0,0,1,1,-0.3200000000000001,0.12400000000000017,13
300155,13,32,0,0,1,1,-0.3200000000000001,0.11560000000000013,15
300155,14,32,0,0,1,1,-0.3200000000000001,0.12640000000000012,10
300155,15,32,0,0,1,1,-0.3200000000000001,0.13720000000000016,9
300156,0,1,1,1,0,1,0.99,1.03,0
300156,1,3,1,1,0,1,0.97,1.0124,2
300156,2,32,0,0,1,1,-0.3200000000000001,-0.15279999999999988,12
300156,3,2,1,1,0,1,0.98,1.0212,1
300156,4,6,1,1,0,1,0.94,0.9884000000000001,3
300156,5,9,1,1,0,1,0.91,0.9632000000000001,4
300156,6,9,1,1,0,1,0.91,0.9644,4
300156,7,2,1,1,0,1,0.98,1.0212,1
300156,8,32,0,0,1,1,-0.3200000000000001,-0.15639999999999993,14
300156,9,1,1,1,0,1,0.99,1.03,0
300156,10,5,1,1,0,1,0.95,0.9972000000000001,2
300156,11,1,1,1,0,1,0.99,1.03,0
300156,12,1,1,1,0,1,0.99,1.03,0
300156,13,2,1,1,0,1,0.98,1.0212,1
300156,14,3,1,1,0,1,0.97,1.0124,2
300156,15,2,1,1,0,1,0.98,1.0212,1
300157,0,31,1,1,0,1,0.69,0.8236,4
300157,1,7,1,1,0,1,0.9299999999999999,0.9808,0
300157,2,12,1,1,0,1,0.88,0.9416,3
300157,3,32,0,0,1,1,-0.3200000000000001,-0.19480000000000008,9
300157,4,1,1,1,0,1,0.99,1.03,0
300157,5,1,1,1,0,1,0.99,1.03,0
300157,6,9,1,1,0,1,0.91,0.974,4
300157,7,28,1,1,0,1,0.72,0.8476,7
300157,8,6,1,1,0,1,0.94,0.9884000000000001,1
300157,9,18,1,1,0,1,0.82,0.9068,3
300157,10,32,0,0,1,1,-0.3200000000000001,-0.17559999999999998,9
300157,11,1,1,1,0,1,0.99,1.03,0
300157,12,1,1,1,0,1,0.99,1.03,0
300157,13,10,1,1,0,1,0.9,0.958,3
300157,14,32,0,0,1,1,-0.3200000000000001,-0.1767999999999999,10
300157,15,32,0,0,1,1,-0.3200000000000001,-0.18639999999999995,8
300158,0,32,0,0,1,1,-0.3200000000000001,-0.0691999999999997,23
300158,1,6,1,1,0,1,0.94,1.0744,3
300158,2,12,1,1,0,1,0.88,1.0336,1
300158,3,23,1,1,0,1,0.7699999999999999,0.9788000000000001,16
300158,4,32,0,0,1,1,-0.3200000000000001,-0.049999999999999836,7
300158,5,30,1,1,0,1,0.7,0.9172,13
300158,6,18,1,1,0,1,0.82,0.9976,1
300158,7,32,0,0,1,1,-0.3200000000000001,-0.05479999999999986,11
300158,8,26,1,1,0,1,0.74,0.9548000000000001,11
300158,9,32,0,0,1,1,-0.3200000000000001,-0.07399999999999983,14
300158,10,20,1,1,0,1,0.7999999999999999,0.9704,9
300158,11,32,0,0,1,1,-0.3200000000000001,-0.07159999999999977,23
300158,12,32,0,0,1,1,-0.3200000000000001,-0.04519999999999977,22
300158,13,23,1,1,0,1,0.7699999999999999,0.9680000000000001,12
300158,14,17,1,1,0,1,0.83,1.0064,8
300158,15,8,1,1,0,1,0.9199999999999999,1.0568,3
300159,0,24,1,1,0,1,0.7599999999999999,0.9448000000000001,11
300159,1,6,1,1,0,1,0.94,1.0768,1
300159,2,11,1,1,0,1,0.89,1.0388,2
300159,3,32,0,0,1,1,-0.3200000000000001,-0.07759999999999993,10
300159,4,32,0,0,1,1,-0.3200000000000001,-0.06679999999999985,13
300159,5,32,0,0,1,1,-0.3200000000000001,-0.015199999999999908,18
300159,6,14,1,1,0,1,0.86,1.0136,3
300159,7,11,1,1,0,1,0.89,1.0424,0
300159,8,32,0,0,1,1,-0.3200000000000001,-0.08599999999999991,11
300159,9,32,0,0,1,1,-0.3200000000000001,-0.07759999999999985,14
300159,10,32,0,0,1,1,-0.3200000000000001,-0.11719999999999994,9
300159,11,13,1,1,0,1,0.87,1.0392000000000001,6
300159,12,32,0,0,1,1,-0.3200000000000001,-0.07759999999999993,3
300159,13,5,1,1,0,1,0.95,1.0772,0
300159,14,32,0,0,1,1,-0.3200000000000001,-0.10879999999999995,9
300159,15,18,1,1,0,1,0.82,0.9784,11
300160,0,32,0,0,1,1,-0.3200000000000001,0.11560000000000013,19
300160,1,32,0,0,1,1,-0.3200000000000001,0.07240000000000013,15
300160,2,32,0,0,1,1,-0.3200000000000001,0.1048000000000001,10
300160,3,13,1,1,0,1,0.87,1.1748,3
300160,4,32,0,0,1,1,-0.3200000000000001,0.11440000000000011,11
300160,5,32,0,0,1,1,-0.3200000000000001,0.13600000000000012,14
300160,6,32,0,0,1,1,-0.3200000000000001,0.08800000000000013,14
300160,7,24,1,1,0,1,0.7599999999999999,1.1116000000000001,6
300160,8,32,0,0,1,1,-0.3200000000000001,0.1336000000000001,20
300160,9,32,0,0,1,1,-0.3200000000000001,0.05680000000000013,13
300160,10,31,1,1,0,1,0.69,1.0692000000000002,13
300160,11,32,0,0,1,1,-0.3200000000000001,0.10480000000000006,10
300160,12,12,1,1,0,1,0.88,1.162,4
300160,13,32,0,0,1,1,-0.3200000000000001,0.10840000000000011,11
300160,14,32,0,0,1,1,-0.3200000000000001,0.10240000000000007,11
300160,15,32,0,0,1,1,-0.3200000000000001,0.12040000000000012,7
300161,0,32,0,0,1,1,-0.3200000000000001,0.018000000000000127,16
300161,1,20,1,1,0,1,0.7999999999999999,1.0768,7
300161,2,32,0,0,1,1,-0.3200000000000001,0.02760000000000011,15
300161,3,32,0,0,1,1,-0.3200000000000001,0.003600000000000103,14
300161,4,7,1,1,0,1,0.9299999999999999,1.1492,2
300161,5,32,0,0,1,1,-0.3200000000000001,0.01680000000000012,13
300161,6,32,0,0,1,1,-0.3200000000000001,-0.023999999999999952,11
300161,7,32,0,0,1,1,-0.3200000000000001,0.018000000000000113,15
300161,8,32,0,0,1,1,-0.3200000000000001,0.01680000000000012,14
300161,9,32,0,0,1,1,-0.3200000000000001,-0.008399999999999908,11
300161,10,32,0,0,1,1,-0.3200000000000001,0.02520000000000011,15
300161,11,32,0,0,1,1,-0.3200000000000001,0.010800000000000122,13
300161,12,32,0,0,1,1,-0.3200000000000001,0.040800000000000114,19
300161,13,32,0,0,1,1,-0.3200000000000001,0.02160000000000012,14
300161,14,32,0,0,1,1,-0.3200000000000001,0.04080000000000017,13
300161,15,30,1,1,0,1,0.7,1.0164000000000002,9
300162,0,32,0,0,1,1,-0.3200000000000001,0.05880000000000013,8
300162,1,32,0,0,1,1,-0.3200000000000001,-0.029999999999999985,7
300162,2,20,1,1,0,1,0.7999999999999999,1.0552000000000001,5
300162,3,32,0,0,1,1,-0.3200000000000001,0.06240000000000015,15
300162,4,32,0,0,1,1,-0.3200000000000001,-0.003599999999999909,8
300162,5,32,0,0,1,1,-0.3200000000000001,0.06600000000000016,22
300162,6,5,1,1,0,1,0.95,1.162,0
300162,7,18,1,1,0,1,0.82,1.0668,9
300162,8,32,0,0,1,1,-0.3200000000000001,-0.003599999999999909,1
300162,9,8,1,1,0,1,0.9199999999999999,1.1452,3
300162,10,32,0,0,1,1,-0.3200000000000001,0.04080000000000013,13
300162,11,32,0,0,1,1,-0.3200000000000001,0.022800000000000126,7
300162,12,32,0,0,1,1,-0.3200000000000001,0.018000000000000127,9
300162,13,32,0,0,1,1,-0.3200000000000001,0.09000000000000012,20
300162,14,10,1,1,0,1,0.9,1.1456,1
300162,15,27,1,1,0,1,0.73,1.0668000000000002,8
300163,0,32,0,0,1,1,-0.3200000000000001,-0.019999999999999823,14
300163,1,32,0,0,1,1,-0.3200000000000001,-0.0031999999999997586,9
300163,2,32,0,0,1,1,-0.3200000000000001,-0.08719999999999993,9
300163,3,32,0,0,1,1,-0.3200000000000001,-0.09079999999999987,12
300163,4,32,0,0,1,1,-0.3200000000000001,-0.08479999999999999,7
300163,5,32,0,0,1,1,-0.3200000000000001,-0.10879999999999995,7
300163,6,14,1,1,0,1,0.86,1.016,1
300163,7,32,1,1,0,1,0.6799999999999999,0.8972,7
300163,8,26,1,1,0,1,0.74,0.9428000000000001,7
300163,9,32,0,0,1,1,-0.3200000000000001,-0.09919999999999994,9
300163,10,10,1,1,0,1,0.9,1.038,3
300163,11,32,0,0,1,1,-0.3200000000000001,-0.027199999999999835,9
300163,12,32,0,0,1,1,-0.3200000000000001,-0.07519999999999988,13
300163,13,32,0,0,1,1,-0.3200000000000001,-0.08479999999999993,10
300163,14,6,1,1,0,1,0.94,1.0708,1
300163,15,32,0,0,1,1,-0.3200000000000001,0.010000000000000175,15
300164,0,32,0,0,1,1,-0.3200000000000001,0.0008000000000001617,10
300164,1,32,0,0,1,1,-0.3200000000000001,-0.0399999999999999,7
300164,2,32,0,0,1,1,-0.3200000000000001,0.04760000000000028,9
300164,3,32,0,0,1,1,-0.3200000000000001,-0.031599999999999934,5
300164,4,32,0,0,1,1,-0.3200000000000001,-0.04479999999999992,6
300164,5,32,1,1,0,1,0.6799999999999999,0.9504000000000001,10
300164,6,32,0,0,1,1,-0.3200000000000001,-0.0003999999999998727,12
300164,7,32,0,0,1,1,-0.3200000000000001,-0.0003999999999998727,6
300164,8,29,1,1,0,1,0.71,0.9480000000000001,5
300164,9,20,1,1,0,1,0.7999999999999999,1.0548000000000002,4
300164,10,22,1,1,0,1,0.7799999999999999,1.0264000000000002,2
300164,11,32,0,0,1,1,-0.3200000000000001,-0.04599999999999989,8
300164,12,16,1,1,0,1,0.84,1.0684,4
300164,13,10,1,1,0,1,0.9,1.09,0
300164,14,32,1,1,0,1,0.6799999999999999,0.9432,4
300164,15,18,1,1,0,1,0.82,1.0568000000000002,8
300165,0,32,0,0,1,1,-0.3200000000000001,0.08160000000000012,10
300165,1,18,1,1,0,1,0.82,1.1064,7
300165,2,18,1,1,0,1,0.82,1.1148,5
300165,3,9,1,1,0,1,0.91,1.1316,0
300165,4,13,1,1,0,1,0.87,1.1084,2
300165,5,17,1,1,0,1,0.83,1.0924,4
300165,6,32,0,0,1,1,-0.3200000000000001,0.0696000000000001,11
300165,7,32,0,0,1,1,-0.3200000000000001,0.08160000000000014,12
300165,8,26,1,1,0,1,0.74,1.0144,5
300165,9,32,0,0,1,1,-0.3200000000000001,0.07800000000000026,15
300165,10,32,0,0,1,1,-0.3200000000000001,0.07800000000000012,10
300165,11,32,0,0,1,1,-0.3200000000000001,0.0840000000000001,12
300165,12,32,0,0,1,1,-0.3200000000000001,0.13200000000000034,17
300165,13,32,0,0,1,1,-0.3200000000000001,0.036000000000000115,7
300165,14,32,0,0,1,1,-0.3200000000000001,0.08040000000000015,15
300165,15,32,0,0,1,1,-0.3200000000000001,0.054000000000000103,5
300166,0,4,1,1,0,1,0.96,1.0048000000000001,1
300166,1,1,1,1,0,1,0.99,1.03,0
300166,2,2,1,1,0,1,0.98,1.0212,1
300166,3,1,1,1,0,1,0.99,1.03,0
300166,4,32,0,0,1,1,-0.3200000000000001,-0.1731999999999999,24
300166,5,1,1,1,0,1,0.99,1.03,0
300166,6,1,1,1,0,1,0.99,1.03,0
300166,7,5,1,1,0,1,0.95,0.996,2
300166,8,1,1,1,0,1,0.99,1.03,0
300166,9,2,1,1,0,1,0.98,1.0212,1
300166,10,2,1,1,0,1,0.98,1.0212,1
300166,11,5,1,1,0,1,0.95,0.9972000000000001,0
300166,12,12,1,1,0,1,0.88,0.9452,1
300166,13,4,1,1,0,1,0.96,1.0036,3
300166,14,14,1,1,0,1,0.86,0.918,9
300166,15,1,1,1,0,1,0.99,1.03,0
300167,0,17,1,1,0,1,0.83,0.9968,2
300167,1,32,0,0,1,1,-0.3200000000000001,-0.048799999999999844,12
300167,2,11,1,1,0,1,0.89,1.04,0
300167,3,21,1,1,0,1,0.7899999999999999,0.9652000000000001,6
300167,4,32,0,0,1,1,-0.3200000000000001,-0.053599999999999814,12
300167,5,32,0,0,1,1,-0.3200000000000001,0.017200000000000326,7
300167,6,3,1,1,0,1,0.97,1.0936,0
300167,7,24,1,1,0,1,0.7599999999999999,0.9532,15
300167,8,32,0,0,1,1,-0.3200000000000001,-0.031999999999999806,14
300167,9,23,1,1,0,1,0.7699999999999999,0.9524,6
300167,10,32,0,0,1,1,-0.3200000000000001,0.0004000000000002335,10
300167,11,32,0,0,1,1,-0.3200000000000001,-0.02719999999999982,6
300167,12,32,0,0,1,1,-0.3200000000000001,-0.05719999999999989,6
300167,13,3,1,1,0,1,0.97,1.0936,0
300167,14,6,1,1,0,1,0.94,1.0732,1
300167,15,32,0,0,1,1,-0.3200000000000001,-0.001999999999999766,7
300168,0,23,1,1,0,1,0.7699999999999999,0.9800000000000001,4
300168,1,32,0,0,1,1,-0.3200000000000001,-0.0739999999999999,6
300168,2,25,1,1,0,1,0.7499999999999999,0.9696000000000001,6
300168,3,29,1,1,0,1,0.71,0.9404000000000001,14
300168,4,32,0,0,1,1,-0.3200000000000001,-0.05719999999999986,8
300168,5,32,0,0,1,1,-0.3200000000000001,-0.06439999999999987,8
300168,6,32,0,0,1,1,-0.3200000000000001,-0.05119999999999994,10
300168,7,4,1,1,0,1,0.96,1.0848,1
300168,8,32,0,0,1,1,-0.3200000000000001,-0.03199999999999989,10
300168,9,10,1,1,0,1,0.9,1.0584,3
300168,10,32,0,0,1,1,-0.3200000000000001,0.012400000000000272,16
300168,11,32,0,0,1,1,-0.3200000000000001,-0.06919999999999993,13
300168,12,32,0,0,1,1,-0.3200000000000001,-0.0716,5
300168,13,32,0,0,1,1,-0.3200000000000001,-0.05719999999999989,6
300168,14,24,1,1,0,1,0.7599999999999999,0.9796,3
300168,15,32,0,0,1,1,-0.3200000000000001,-0.06799999999999969,17
300169,0,32,0,0,1,1,-0.3200000000000001,0.08800000000000013,12
300169,1,32,0,0,1,1,-0.3200000000000001,0.03520000000000008,10
300169,2,32,0,0,1,1,-0.3200000000000001,0.055600000000000066,7
300169,3,32,0,0,1,1,-0.3200000000000001,0.07600000000000012,13
300169,4,32,0,0,1,1,-0.3200000000000001,0.07960000000000012,14
300169,5,32,0,0,1,1,-0.3200000000000001,0.04480000000000009,12
300169,6,32,0,0,1,1,-0.3200000000000001,0.09400000000000014,15
300169,7,18,1,1,0,1,0.82,1.1344,8
300169,8,32,0,0,1,1,-0.3200000000000001,0.026800000000000032,10
300169,9,32,0,0,1,1,-0.3200000000000001,0.08920000000000011,19
300169,10,32,0,0,1,1,-0.3200000000000001,0.10000000000000014,18
300169,11,18,1,1,0,1,0.82,1.1488,4
300169,12,32,0,0,1,1,-0.3200000000000001,0.11560000000000015,16
300169,13,32,0,0,1,1,-0.3200000000000001,0.0880000000000001,11
300169,14,32,0,0,1,1,-0.3200000000000001,0.0616000000000001,12
300169,15,32,0,0,1,1,-0.3200000000000001,0.02200000000000006,8
300170,0,5,1,1,0,1,0.95,0.9972000000000001,0
300170,1,1,1,1,0,1,0.99,1.03,0
300170,2,3,1,1,0,1,0.97,1.0136,0
300170,3,32,0,0,1,1,-0.3200000000000001,-0.19,8
300170,4,6,1,1,0,1,0.94,0.9908,3
300170,5,7,1,1,0,1,0.9299999999999999,0.9808,0
300170,6,5,1,1,0,1,0.95,0.9972000000000001,0
300170,7,32,0,0,1,1,-0.3200000000000001,-0.17079999999999998,11
300170,8,32,0,0,1,1,-0.3200000000000001,-0.1419999999999999,10
300170,9,32,0,0,1,1,-0.3200000000000001,-0.172,8
300170,10,10,1,1,0,1,0.9,0.9568000000000001,1
300170,11,13,1,1,0,1,0.87,0.94,2
300170,12,16,1,1,0,1,0.84,0.9148000000000001,3
300170,13,1,1,1,0,1,0.99,1.03,0
300170,14,22,1,1,0,1,0.7799999999999999,0.8776,9
300170,15,1,1,1,0,1,0.99,1.03,0
300171,0,32,0,0,1,1,-0.3200000000000001,-0.11239999999999993,16
300171,1,6,1,1,0,1,0.94,1.0744,3
300171,2,32,0,0,1,1,-0.3200000000000001,-0.11839999999999996,10
300171,3,19,1,1,0,1,0.8099999999999999,0.9708000000000001,4
300171,4,31,1,1,0,1,0.69,0.9096000000000001,10
300171,5,18,1,1,0,1,0.82,1.0,7
300171,6,12,1,1,0,1,0.88,1.03,1
300171,7,32,0,0,1,1,-0.3200000000000001,-0.08599999999999992,11
300171,8,19,1,1,0,1,0.8099999999999999,0.9756,6
300171,9,32,0,0,1,1,-0.3200000000000001,-0.10999999999999993,13
300171,10,32,0,0,1,1,-0.3200000000000001,-0.09319999999999991,8
300171,11,3,1,1,0,1,0.97,1.0936,0
300171,12,30,1,1,0,1,0.7,0.9112000000000001,15
300171,13,7,1,1,0,1,0.9299999999999999,1.0632000000000001,2
300171,14,5,1,1,0,1,0.95,1.0784,2
300171,15,32,0,0,1,1,-0.3200000000000001,-0.08959999999999987,15
300172,0,32,0,0,1,1,-0.3200000000000001,0.06240000000000015,9
300172,1,32,0,0,1,1,-0.3200000000000001,0.05880000000000013,11
300172,2,32,0,0,1,1,-0.3200000000000001,0.06480000000000016,15
300172,3,6,1,1,0,1,0.94,1.1568,1
300172,4,11,1,1,0,1,0.89,1.1380000000000001,2
300172,5,32,0,0,1,1,-0.3200000000000001,0.0336000000000001,16
300172,6,6,1,1,0,1,0.94,1.158,1
300172,7,15,1,1,0,1,0.85,1.0932,4
300172,8,32,0,0,1,1,-0.3200000000000001,0.06840000000000014,11
300172,9,32,0,0,1,1,-0.3200000000000001,0.037200000000000136,11
300172,10,28,1,1,0,1,0.72,1.0316,9
300172,11,22,1,1,0,1,0.7799999999999999,1.0652000000000001,7
300172,12,32,0,0,1,1,-0.3200000000000001,0.05160000000000012,12
300172,13,32,0,0,1,1,-0.3200000000000001,0.07800000000000018,21
300172,14,32,0,0,1,1,-0.3200000000000001,0.06000000000000008,10
300172,15,32,0,0,1,1,-0.3200000000000001,0.033600000000000046,10
300173,0,32,0,0,1,1,-0.3200000000000001,0.16640000000000013,11
300173,1,32,0,0,1,1,-0.3200000000000001,0.17120000000000019,12
300173,2,32,0,0,1,1,-0.3200000000000001,0.18080000000000018,11
300173,3,17,1,1,0,1,0.83,1.1676,4
300173,4,32,0,0,1,1,-0.3200000000000001,0.17120000000000013,7
300173,5,32,0,0,1,1,-0.3200000000000001,0.1664000000000001,12
300173,6,32,0,0,1,1,-0.3200000000000001,0.11840000000000009,11
300173,7,32,0,0,1,1,-0.3200000000000001,0.1304000000000001,10
300173,8,32,0,0,1,1,-0.3200000000000001,0.07640000000000004,8
300173,9,32,0,0,1,1,-0.3200000000000001,0.1532000000000001,11
300173,10,17,1,1,0,1,0.83,1.1916,4
300173,11,32,0,0,1,1,-0.3200000000000001,0.12080000000000012,6
300173,12,32,0,0,1,1,-0.3200000000000001,0.1520000000000001,3
300173,13,32,0,0,1,1,-0.3200000000000001,0.15560000000000013,18
300173,14,32,0,0,1,1,-0.3200000000000001,0.17720000000000014,13
300173,15,32,0,0,1,1,-0.3200000000000001,0.1472000000000001,10
300174,0,9,1,1,0,1,0.91,1.0056,3
300174,1,32,0,0,1,1,-0.3200000000000001,-0.06599999999999989,7
300174,2,32,0,0,1,1,-0.3200000000000001,-0.12359999999999999,4
300174,3,32,0,0,1,1,-0.3200000000000001,-0.0852,8
300174,4,16,1,1,0,1,0.84,0.9692000000000001,2
300174,5,32,0,0,1,1,-0.3200000000000001,-0.14400000000000002,4
300174,6,5,1,1,0,1,0.95,1.0372000000000001,1
300174,7,32,0,0,1,1,-0.3200000000000001,-0.02039999999999964,12
300174,8,32,0,0,1,1,-0.3200000000000001,-0.01559999999999978,9
300174,9,2,1,1,0,1,0.98,1.0612,0
300174,10,4,1,1,0,1,0.96,1.0448,0
300174,11,32,0,0,1,1,-0.3200000000000001,-0.06239999999999979,10
300174,12,19,1,1,0,1,0.8099999999999999,0.9680000000000001,3
300174,13,32,0,0,1,1,-0.3200000000000001,-0.11279999999999978,17
300174,14,17,1,1,0,1,0.83,0.9664,5
300174,15,10,1,1,0,1,0.9,1.0016,6
300175,0,32,0,0,1,1,-0.3200000000000001,0.06000000000000014,22
300175,1,32,0,0,1,1,-0.3200000000000001,0.06240000000000012,10
300175,2,32,0,0,1,1,-0.3200000000000001,0.031200000000000137,21
300175,3,29,1,1,0,1,0.71,1.0504000000000002,10
300175,4,18,1,1,0,1,0.82,1.0932000000000002,5
300175,5,32,0,0,1,1,-0.3200000000000001,0.07560000000000017,10
300175,6,32,0,0,1,1,-0.3200000000000001,0.03120000000000013,11
300175,7,32,0,0,1,1,-0.3200000000000001,0.03720000000000011,7
300175,8,32,0,0,1,1,-0.3200000000000001,0.05280000000000018,9
300175,9,20,1,1,0,1,0.7999999999999999,1.0636,5
300175,10,32,0,0,1,1,-0.3200000000000001,0.026400000000000118,9
300175,11,32,0,0,1,1,-0.3200000000000001,0.03720000000000012,13
300175,12,32,0,0,1,1,-0.3200000000000001,0.0600000000000002,11
300175,13,32,0,0,1,1,-0.3200000000000001,0.09360000000000018,10
300175,14,26,1,1,0,1,0.74,1.0156,13
300175,15,32,0,0,1,1,-0.3200000000000001,0.01680000000000012,13
300176,0,15,1,1,0,1,0.85,1.0012,2
300176,1,32,0,0,1,1,-0.3200000000000001,-0.06199999999999986,16
300176,2,14,1,1,0,1,0.86,1.01,5
300176,3,11,1,1,0,1,0.89,1.0292000000000001,2
300176,4,32,0,0,1,1,-0.3200000000000001,-0.04639999999999988,15
300176,5,32,0,0,1,1,-0.3200000000000001,-0.04759999999999984,20
300176,6,14,1,1,0,1,0.86,1.0292000000000001,5
300176,7,17,1,1,0,1,0.83,0.9968,6
300176,8,32,0,0,1,1,-0.3200000000000001,-0.11599999999999995,13
300176,9,12,1,1,0,1,0.88,1.0276,1
300176,10,32,0,0,1,1,-0.3200000000000001,-0.06799999999999992,11
300176,11,32,0,0,1,1,-0.3200000000000001,-0.1112,9
300176,12,32,0,0,1,1,-0.3200000000000001,-0.048799999999999816,13
300176,13,14,1,1,0,1,0.86,1.0064,5
300176,14,32,0,0,1,1,-0.3200000000000001,-0.12679999999999997,13
300176,15,32,0,0,1,1,-0.3200000000000001,-0.0799999999999999,9
300177,0,32,0,0,1,1,-0.3200000000000001,0.058400000000000174,13
300177,1,32,0,0,1,1,-0.3200000000000001,0.022400000000000198,8
300177,2,32,0,0,1,1,-0.3200000000000001,-0.019599999999999895,5
300177,3,32,0,0,1,1,-0.3200000000000001,-0.009999999999999842,13
300177,4,32,0,0,1,1,-0.3200000000000001,-0.030399999999999816,6
300177,5,32,0,0,1,1,-0.3200000000000001,0.029600000000000223,8
300177,6,32,0,0,1,1,-0.3200000000000001,-0.023199999999999832,7
300177,7,32,0,0,1,1,-0.3200000000000001,0.014000000000000151,2
300177,8,32,0,0,1,1,-0.3200000000000001,0.06080000000000027,8
300177,9,32,0,0,1,1,-0.3200000000000001,0.029600000000000237,9
300177,10,32,0,0,1,1,-0.3200000000000001,-0.04359999999999983,10
300177,11,24,1,1,0,1,0.7599999999999999,1.0628000000000002,6
300177,12,32,0,0,1,1,-0.3200000000000001,0.00560000000000016,8
300177,13,32,0,0,1,1,-0.3200000000000001,-0.011199999999999863,8
300177,14,32,0,0,1,1,-0.3200000000000001,0.010400000000000076,9
300177,15,32,0,0,1,1,-0.3200000000000001,-0.003999999999999879,4
300178,0,32,0,0,1,1,-0.3200000000000001,-0.04559999999999978,15
300178,1,32,0,0,1,1,-0.3200000000000001,-0.16920000000000002,1
300178,2,32,0,0,1,1,-0.3200000000000001,-0.08879999999999993,8
300178,3,32,0,0,1,1,-0.3200000000000001,-0.0659999999999999,10
300178,4,12,1,1,0,1,0.88,0.9996,2
300178,5,32,0,0,1,1,-0.3200000000000001,-0.08999999999999987,10
300178,6,10,1,1,0,1,0.9,1.0028000000000001,0
300178,7,2,1,1,0,1,0.98,1.0612,0
300178,8,32,0,0,1,1,-0.3200000000000001,-0.061199999999999755,14
300178,9,4,1,1,0,1,0.96,1.0448,0
300178,10,32,0,0,1,1,-0.3200000000000001,-0.13559999999999994,6
300178,11,32,0,0,1,1,-0.3200000000000001,-0.06719999999999987,11
300178,12,14,1,1,0,1,0.86,0.9760000000000001,2
300178,13,32,0,0,1,1,-0.3200000000000001,-0.10679999999999984,5
300178,14,29,1,1,0,1,0.71,0.8500000000000001,9
300178,15,5,1,1,0,1,0.95,1.0408,1
300179,0,14,1,1,0,1,0.86,1.004,5
300179,1,4,1,1,0,1,0.96,1.086,1
300179,2,12,1,1,0,1,0.88,1.0216,7
300179,3,32,0,0,1,1,-0.3200000000000001,-0.11719999999999993,12
300179,4,7,1,1,0,1,0.9299999999999999,1.0632000000000001,2
300179,5,23,1,1,0,1,0.7699999999999999,0.9464,6
300179,6,32,0,0,1,1,-0.3200000000000001,-0.03559999999999992,15
300179,7,12,1,1,0,1,0.88,1.0276,3
300179,8,4,1,1,0,1,0.96,1.086,1
300179,9,30,1,1,0,1,0.7,0.9184000000000001,5
300179,10,32,0,0,1,1,-0.3200000000000001,-0.11599999999999992,22
300179,11,32,0,0,1,1,-0.3200000000000001,-0.0932,8
300179,12,16,1,1,0,1,0.84,0.9996,3
300179,13,32,0,0,1,1,-0.3200000000000001,-0.11599999999999992,18
300179,14,11,1,1,0,1,0.89,1.04,4
300179,15,32,0,0,1,1,-0.3200000000000001,-0.11839999999999999,7
300180,0,32,0,0,1,1,-0.3200000000000001,-0.05799999999999994,6
300180,1,32,0,0,1,1,-0.3200000000000001,-0.013599999999999862,9
300180,2,32,0,0,1,1,-0.3200000000000001,0.0032000000000000917,8
300180,3,32,0,0,1,1,-0.3200000000000001,-0.008799999999999863,13
300180,4,14,1,1,0,1,0.86,1.0752000000000002,4
300180,5,32,0,0,1,1,-0.3200000000000001,-0.025599999999999887,15
300180,6,32,0,0,1,1,-0.3200000000000001,-0.006399999999999864,12
300180,7,32,0,0,1,1,-0.3200000000000001,-0.03159999999999977,16
300180,8,32,0,0,1,1,-0.3200000000000001,-0.037599999999999856,14
300180,9,32,0,0,1,1,-0.3200000000000001,0.06080000000000019,19
300180,10,32,0,0,1,1,-0.3200000000000001,-0.027999999999999914,8
300180,11,32,1,1,0,1,0.6799999999999999,0.9780000000000002,6
300180,12,32,0,0,1,1,-0.3200000000000001,-0.01719999999999984,9
300180,13,25,1,1,0,1,0.7499999999999999,0.9976,7
300180,14,16,1,1,0,1,0.84,1.0672000000000001,8
300180,15,32,0,0,1,1,-0.3200000000000001,-0.03519999999999991,7
300181,0,32,0,0,1,1,-0.3200000000000001,-0.15119999999999995,16
300181,1,25,1,1,0,1,0.7499999999999999,0.9032,11
300181,2,8,1,1,0,1,0.9199999999999999,1.0156,2
300181,3,5,1,1,0,1,0.95,1.0408,1
300181,4,22,1,1,0,1,0.7799999999999999,0.9380000000000001,4
300181,5,4,1,1,0,1,0.96,1.0448,0
300181,6,32,0,0,1,1,-0.3200000000000001,-0.10919999999999996,11
300181,7,32,0,0,1,1,-0.3200000000000001,-0.1416,8
300181,8,32,0,0,1,1,-0.3200000000000001,-0.10319999999999986,12
300181,9,32,0,0,1,1,-0.3200000000000001,-0.11159999999999991,11
300181,10,4,1,1,0,1,0.96,1.0448,0
300181,11,7,1,1,0,1,0.9299999999999999,1.0268,1
300181,12,2,1,1,0,1,0.98,1.0612,0
300181,13,28,1,1,0,1,0.72,0.9152,8
300181,14,32,0,0,1,1,-0.3200000000000001,-0.12119999999999992,7
300181,15,32,0,0,1,1,-0.3200000000000001,-0.14399999999999996,7
300182,0,6,1,1,0,1,0.94,1.0308,0
300182,1,15,1,1,0,1,0.85,0.9708,5
300182,2,32,0,0,1,1,-0.3200000000000001,-0.10439999999999992,13
300182,3,32,0,0,1,1,-0.3200000000000001,-0.08159999999999988,14
300182,4,32,0,0,1,1,-0.3200000000000001,-0.16799999999999995,15
300182,5,23,1,1,0,1,0.7699999999999999,0.9148000000000001,5
300182,6,32,0,0,1,1,-0.3200000000000001,-0.07440000000000001,18
300182,7,32,0,0,1,1,-0.3200000000000001,-0.11879999999999995,10
300182,8,27,1,1,0,1,0.73,0.9156,9
300182,9,7,1,1,0,1,0.9299999999999999,1.028,3
300182,10,32,0,0,1,1,-0.3200000000000001,-0.09960000000000002,13
300182,11,21,1,1,0,1,0.7899999999999999,0.9299999999999999,9
300182,12,32,0,0,1,1,-0.3200000000000001,-0.14279999999999998,11
300182,13,32,0,0,1,1,-0.3200000000000001,-0.07439999999999997,16
300182,14,32,0,0,1,1,-0.3200000000000001,-0.10439999999999999,19
300182,15,32,0,0,1,1,-0.3200000000000001,-0.11760000000000004,9
300183,0,32,0,0,1,1,-0.3200000000000001,-0.013999999999999707,4
300183,1,27,1,1,0,1,0.73,0.9376,20
300183,2,14,1,1,0,1,0.86,1.0112,5
300183,3,19,1,1,0,1,0.8099999999999999,0.9756,8
300183,4,32,0,0,1,1,-0.3200000000000001,-0.02719999999999978,10
300183,5,3,1,1,0,1,0.97,1.0936,0
300183,6,32,0,0,1,1,-0.3200000000000001,-0.012799999999999867,8
300183,7,32,0,0,1,1,-0.3200000000000001,0.000400000000000289,9
300183,8,32,0,0,1,1,-0.3200000000000001,-0.05119999999999984,12
300183,9,32,0,0,1,1,-0.3200000000000001,-0.0643999999999999,9
300183,10,32,0,0,1,1,-0.3200000000000001,0.028000000000000413,9
300183,11,32,0,0,1,1,-0.3200000000000001,0.0052000000000002045,10
300183,12,32,0,0,1,1,-0.3200000000000001,-0.024799999999999787,14
300183,13,32,0,0,1,1,-0.3200000000000001,-0.017599999999999727,8
300183,14,32,0,0,1,1,-0.3200000000000001,-0.017599999999999838,8
300183,15,18,1,1,0,1,0.82,0.9820000000000001,9
300184,0,32,0,0,1,1,-0.3200000000000001,0.0868000000000001,6
300184,1,32,0,0,1,1,-0.3200000000000001,0.1168000000000001,7
300184,2,11,1,1,0,1,0.89,1.1732,3
300184,3,32,0,0,1,1,-0.3200000000000001,0.055600000000000115,4
300184,4,32,0,0,1,1,-0.3200000000000001,0.13000000000000017,13
300184,5,32,0,0,1,1,-0.3200000000000001,0.08080000000000012,6
300184,6,32,0,0,1,1,-0.3200000000000001,0.1060000000000001,9
300184,7,32,0,0,1,1,-0.3200000000000001,0.10720000000000011,13
300184,8,32,0,0,1,1,-0.3200000000000001,0.10960000000000013,16
300184,9,32,0,0,1,1,-0.3200000000000001,0.09880000000000014,13
300184,10,32,0,0,1,1,-0.3200000000000001,0.09280000000000016,11
300184,11,32,0,0,1,1,-0.3200000000000001,0.11920000000000008,13
300184,12,32,0,0,1,1,-0.3200000000000001,0.08920000000000014,14
300184,13,28,1,1,0,1,0.72,1.0944,4
300184,14,32,0,0,1,1,-0.3200000000000001,0.0916000000000001,9
300184,15,32,0,0,1,1,-0.3200000000000001,0.1480000000000002,16
300185,0,32,0,0,1,1,-0.3200000000000001,0.040000000000000105,7
300185,1,19,1,1,0,1,0.8099999999999999,1.1292,5
300185,2,32,0,0,1,1,-0.3200000000000001,0.029200000000000073,8
300185,3,32,0,0,1,1,-0.3200000000000001,0.11560000000000012,10
300185,4,32,0,0,1,1,-0.3200000000000001,0.13000000000000014,22
300185,5,32,0,0,1,1,-0.3200000000000001,0.07840000000000014,5
300185,6,32,0,0,1,1,-0.3200000000000001,0.06280000000000012,12
300185,7,32,0,0,1,1,-0.3200000000000001,0.07480000000000006,11
300185,8,29,1,1,0,1,0.71,1.0496,11
300185,9,32,0,0,1,1,-0.3200000000000001,0.1216000000000001,12
300185,10,32,0,0,1,1,-0.3200000000000001,0.11560000000000013,17
300185,11,32,0,0,1,1,-0.3200000000000001,0.08080000000000012,13
300185,12,32,0,0,1,1,-0.3200000000000001,0.10240000000000012,8
300185,13,32,0,0,1,1,-0.3200000000000001,0.10960000000000011,18
300185,14,32,0,0,1,1,-0.3200000000000001,0.054400000000000115,10
300185,15,19,1,1,0,1,0.8099999999999999,1.1316000000000002,7
300186,0,14,1,1,0,1,0.86,1.1092,3
300186,1,32,0,0,1,1,-0.3200000000000001,0.08040000000000014,12
300186,2,32,0,0,1,1,-0.3200000000000001,0.07560000000000015,11
300186,3,32,0,0,1,1,-0.3200000000000001,0.04320000000000014,14
300186,4,32,0,0,1,1,-0.3200000000000001,0.07800000000000012,10
300186,5,21,1,1,0,1,0.7899999999999999,1.0764,6
300186,6,32,0,0,1,1,-0.3200000000000001,0.06360000000000013,16
300186,7,32,0,0,1,1,-0.3200000000000001,0.08280000000000012,13
300186,8,32,0,0,1,1,-0.3200000000000001,0.08760000000000012,22
300186,9,32,0,0,1,1,-0.3200000000000001,0.08160000000000017,13
300186,10,32,0,0,1,1,-0.3200000000000001,0.07920000000000016,10
300186,11,26,1,1,0,1,0.74,1.0984,19
300186,12,32,0,0,1,1,-0.3200000000000001,0.07560000000000013,14
300186,13,32,0,0,1,1,-0.3200000000000001,0.08160000000000019,14
300186,14,32,0,0,1,1,-0.3200000000000001,0.02520000000000011,10
300186,15,32,0,0,1,1,-0.3200000000000001,0.11280000000000018,11
300187,0,32,0,0,1,1,-0.3200000000000001,-0.0435999999999999,19
300187,1,32,0,0,1,1,-0.3200000000000001,0.011600000000000069,15
300187,2,9,1,1,0,1,0.91,1.0868,3
300187,3,22,1,1,0,1,0.7799999999999999,1.0168000000000001,8
300187,4,21,1,1,0,1,0.7899999999999999,1.0124000000000002,7
300187,5,32,0,0,1,1,-0.3200000000000001,-0.03159999999999989,10
300187,6,32,0,0,1,1,-0.3200000000000001,-0.07119999999999994,9
300187,7,32,0,0,1,1,-0.3200000000000001,-0.027999999999999844,12
300187,8,32,0,0,1,1,-0.3200000000000001,-0.03519999999999994,11
300187,9,4,1,1,0,1,0.96,1.1272,0
300187,10,32,0,0,1,1,-0.3200000000000001,-0.033999999999999884,8
300187,11,32,0,0,1,1,-0.3200000000000001,0.005600000000000133,15
300187,12,17,1,1,0,1,0.83,1.0368000000000002,5
300187,13,26,1,1,0,1,0.74,0.9756,10
300187,14,32,0,0,1,1,-0.3200000000000001,-0.04359999999999993,8
300187,15,32,0,0,1,1,-0.3200000000000001,-0.0039999999999998925,9
300188,0,32,0,0,1,1,-0.3200000000000001,0.02880000000000016,14
300188,1,32,0,0,1,1,-0.3200000000000001,0.02040000000000014,10
300188,2,32,0,0,1,1,-0.3200000000000001,0.012000000000000122,9
300188,3,32,0,0,1,1,-0.3200000000000001,0.03240000000000012,11
300188,4,32,0,0,1,1,-0.3200000000000001,0.048000000000000154,15
300188,5,32,0,0,1,1,-0.3200000000000001,0.03240000000000011,10
300188,6,22,1,1,0,1,0.7799999999999999,1.0484,5
300188,7,29,1,1,0,1,0.71,1.0204000000000002,8
300188,8,32,0,0,1,1,-0.3200000000000001,0.03120000000000013,12
300188,9,32,0,0,1,1,-0.3200000000000001,-0.005999999999999915,9
300188,10,32,0,0,1,1,-0.3200000000000001,0.044400000000000106,10
300188,11,32,0,0,1,1,-0.3200000000000001,-0.005999999999999922,10
300188,12,32,0,0,1,1,-0.3200000000000001,0.0024000000000000965,10
300188,13,32,0,0,1,1,-0.3200000000000001,0.024000000000000105,16
300188,14,32,0,0,1,1,-0.3200000000000001,0.04320000000000014,20
300188,15,30,1,1,0,1,0.7,0.9876000000000001,7
300189,0,32,0,0,1,1,-0.3200000000000001,0.02480000000000021,7
300189,1,30,1,1,0,1,0.7,1.0112,14
300189,2,32,0,0,1,1,-0.3200000000000001,0.0008000000000000784,11
300189,3,32,0,0,1,1,-0.3200000000000001,0.06320000000000028,16
300189,4,32,0,0,1,1,-0.3200000000000001,0.00920000000000018,16
300189,5,32,0,0,1,1,-0.3200000000000001,0.0152000000000002,10
300189,6,32,0,0,1,1,-0.3200000000000001,0.05720000000000022,11
300189,7,32,0,0,1,1,-0.3200000000000001,0.021200000000000163,13
300189,8,32,0,0,1,1,-0.3200000000000001,-0.017199999999999827,11
300189,9,32,0,0,1,1,-0.3200000000000001,0.036800000000000194,18
300189,10,32,0,0,1,1,-0.3200000000000001,0.05240000000000031,14
300189,11,11,1,1,0,1,0.89,1.0848,5
300189,12,32,0,0,1,1,-0.3200000000000001,0.0020000000000001544,12
300189,13,32,0,0,1,1,-0.3200000000000001,0.02840000000000025,9
300189,14,32,0,0,1,1,-0.3200000000000001,0.03680000000000022,12
300189,15,32,0,0,1,1,-0.3200000000000001,0.03320000000000023,14
300190,0,32,0,0,1,1,-0.3200000000000001,0.12160000000000015,12
300190,1,25,1,1,0,1,0.7499999999999999,1.0932000000000002,1
300190,2,11,1,1,0,1,0.89,1.1756,1
300190,3,32,0,0,1,1,-0.3200000000000001,0.14680000000000018,12
300190,4,32,0,0,1,1,-0.3200000000000001,0.10360000000000011,22
300190,5,32,0,0,1,1,-0.3200000000000001,0.07720000000000016,12
300190,6,32,0,0,1,1,-0.3200000000000001,0.09040000000000012,6
300190,7,23,1,1,0,1,0.7699999999999999,1.1288,5
300190,8,32,0,0,1,1,-0.3200000000000001,0.11200000000000015,9
300190,9,32,0,0,1,1,-0.3200000000000001,0.11200000000000014,13
300190,10,32,0,0,1,1,-0.3200000000000001,0.09520000000000009,12
300190,11,32,0,0,1,1,-0.3200000000000001,0.12760000000000016,3
300190,12,32,0,0,1,1,-0.3200000000000001,0.09280000000000013,5
300190,13,32,0,0,1,1,-0.3200000000000001,0.1132000000000001,18
300190,14,15,1,1,0,1,0.85,1.1572,3
300190,15,32,0,0,1,1,-0.3200000000000001,0.09640000000000012,8
300191,0,12,1,1,0,1,0.88,0.9864,0
300191,1,29,1,1,0,1,0.71,0.8896,9
300191,2,2,1,1,0,1,0.98,1.0612,0
300191,3,10,1,1,0,1,0.9,1.0076,0
300191,4,32,0,0,1,1,-0.3200000000000001,-0.09599999999999992,6
300191,5,32,0,0,1,1,-0.3200000000000001,-0.09719999999999988,8
300191,6,29,1,1,0,1,0.71,0.8848000000000001,5
300191,7,6,1,1,0,1,0.94,1.0296,2
300191,8,15,1,1,0,1,0.85,0.9732000000000001,5
300191,9,32,0,0,1,1,-0.3200000000000001,-0.14640000000000003,0
300191,10,13,1,1,0,1,0.87,0.9956,1
300191,11,7,1,1,0,1,0.9299999999999999,1.0208,1
300191,12,25,1,1,0,1,0.7499999999999999,0.8864000000000001,3
300191,13,11,1,1,0,1,0.89,0.9988,5
300191,14,8,1,1,0,1,0.9199999999999999,1.0144,4
300191,15,25,1,1,0,1,0.7499999999999999,0.9128000000000001,7
300192,0,32,0,0,1,1,-0.3200000000000001,-0.18279999999999996,9
300192,1,4,1,1,0,1,0.96,1.0048000000000001,1
300192,2,32,0,0,1,1,-0.3200000000000001,-0.20080000000000003,13
300192,3,5,1,1,0,1,0.95,0.9972000000000001,0
300192,4,4,1,1,0,1,0.96,1.006,1
300192,5,2,1,1,0,1,0.98,1.0212,1
300192,6,4,1,1,0,1,0.96,1.006,1
300192,7,7,1,1,0,1,0.9299999999999999,0.982,2
300192,8,1,1,1,0,1,0.99,1.03,0
300192,9,28,1,1,0,1,0.72,0.8176000000000001,9
300192,10,26,1,1,0,1,0.74,0.8448,9
300192,11,1,1,1,0,1,0.99,1.03,0
300192,12,2,1,1,0,1,0.98,1.0212,1
300192,13,24,1,1,0,1,0.7599999999999999,0.8528,9
300192,14,1,1,1,0,1,0.99,1.03,0
300192,15,1,1,1,0,1,0.99,1.03,0
300193,0,18,1,1,0,1,0.82,0.9468000000000001,2
300193,1,32,0,0,1,1,-0.3200000000000001,-0.0779999999999999,3
300193,2,32,0,0,1,1,-0.3200000000000001,-0.04919999999999966,10
300193,3,32,0,0,1,1,-0.3200000000000001,-0.10079999999999989,9
300193,4,32,0,0,1,1,-0.3200000000000001,-0.11759999999999987,12
300193,5,3,1,1,0,1,0.97,1.0536,1
300193,6,32,0,0,1,1,-0.3200000000000001,-0.09119999999999985,11
300193,7,5,1,1,0,1,0.95,1.0396,1
300193,8,11,1,1,0,1,0.89,0.9928,5
300193,9,6,1,1,0,1,0.94,1.0332000000000001,2
300193,10,14,1,1,0,1,0.86,0.9748000000000001,4
300193,11,10,1,1,0,1,0.9,0.9992000000000001,4
300193,12,8,1,1,0,1,0.9199999999999999,1.0168,0
300193,13,4,1,1,0,1,0.96,1.0472000000000001,0
300193,14,32,0,0,1,1,-0.3200000000000001,-0.04319999999999974,20
300193,15,2,1,1,0,1,0.98,1.0612,0
300194,0,32,0,0,1,1,-0.3200000000000001,0.09120000000000017,14
300194,1,32,0,0,1,1,-0.3200000000000001,0.07800000000000021,9
300194,2,32,0,0,1,1,-0.3200000000000001,0.12120000000000028,11
300194,3,32,0,0,1,1,-0.3200000000000001,0.09720000000000022,18
300194,4,32,0,0,1,1,-0.3200000000000001,-0.019199999999999925,6
300194,5,28,1,1,0,1,0.72,1.0376,9
300194,6,32,0,0,1,1,-0.3200000000000001,0.0972000000000002,6
300194,7,32,0,0,1,1,-0.3200000000000001,0.026400000000000118,14
300194,8,32,0,0,1,1,-0.3200000000000001,0.1272000000000002,7
300194,9,32,0,0,1,1,-0.3200000000000001,-0.008399999999999921,4
300194,10,32,0,0,1,1,-0.3200000000000001,0.08640000000000017,5
300194,11,13,1,1,0,1,0.87,1.1288,2
300194,12,32,0,0,1,1,-0.3200000000000001,0.014400000000000066,5
300194,13,32,0,0,1,1,-0.3200000000000001,0.1164000000000002,6
300194,14,32,0,0,1,1,-0.3200000000000001,-0.023999999999999883,13
300194,15,32,0,0,1,1,-0.3200000000000001,0.09360000000000024,9
300195,0,32,0,0,1,1,-0.3200000000000001,-0.049199999999999744,1
300195,1,32,0,0,1,1,-0.3200000000000001,-0.07559999999999967,14
300195,2,32,0,0,1,1,-0.3200000000000001,-0.1283999999999999,6
300195,3,15,1,1,0,1,0.85,0.9840000000000001,5
300195,4,7,1,1,0,1,0.9299999999999999,1.0232,5
300195,5,5,1,1,0,1,0.95,1.0396,1
300195,6,2,1,1,0,1,0.98,1.0612,0
300195,7,32,0,0,1,1,-0.3200000000000001,-0.1055999999999998,15
300195,8,11,1,1,0,1,0.89,0.9988,3
300195,9,9,1,1,0,1,0.91,1.0116,1
300195,10,32,0,0,1,1,-0.3200000000000001,-0.062399999999999844,7
300195,11,4,1,1,0,1,0.96,1.0472000000000001,0
300195,12,5,1,1,0,1,0.95,1.036,1
300195,13,32,0,0,1,1,-0.3200000000000001,-0.039599999999999747,4
300195,14,32,0,0,1,1,-0.3200000000000001,-0.06719999999999976,5
300195,15,32,0,0,1,1,-0.3200000000000001,-0.05879999999999974,10
300196,0,22,1,1,0,1,0.7799999999999999,1.0544,7
300196,1,32,0,0,1,1,-0.3200000000000001,0.04560000000000018,19
300196,2,32,0,0,1,1,-0.3200000000000001,0.03720000000000012,16
300196,3,31,1,1,0,1,0.69,1.0400000000000003,18
300196,4,26,1,1,0,1,0.74,1.0432000000000001,17
300196,5,32,0,0,1,1,-0.3200000000000001,0.027600000000000097,21
300196,6,32,0,0,1,1,-0.3200000000000001,-0.008399999999999908,14
300196,7,32,0,0,1,1,-0.3200000000000001,0.056400000000000144,23
300196,8,22,1,1,0,1,0.7799999999999999,1.07,5
300196,9,32,0,0,1,1,-0.3200000000000001,0.03720000000000015,17
300196,10,10,1,1,0,1,0.9,1.1360000000000001,3
300196,11,32,0,0,1,1,-0.3200000000000001,0.03360000000000013,18
300196,12,17,1,1,0,1,0.83,1.0816000000000001,4
300196,13,17,1,1,0,1,0.83,1.0948,8
300196,14,9,1,1,0,1,0.91,1.1460000000000001,4
300196,15,32,0,0,1,1,-0.3200000000000001,0.022800000000000147,18
300197,0,32,0,0,1,1,-0.3200000000000001,-0.07279999999999989,7
300197,1,32,0,0,1,1,-0.3200000000000001,-0.0559999999999998,11
300197,2,32,0,0,1,1,-0.3200000000000001,-0.07999999999999985,9
300197,3,32,0,0,1,1,-0.3200000000000001,-0.12200000000000001,5
300197,4,13,1,1,0,1,0.87,1.038,4
300197,5,32,0,0,1,1,-0.3200000000000001,-0.06079999999999987,11
300197,6,27,1,1,0,1,0.73,0.9496,6
300197,7,7,1,1,0,1,0.9299999999999999,1.0656,0
300197,8,32,0,0,1,1,-0.3200000000000001,-0.06799999999999982,11
300197,9,30,1,1,0,1,0.7,0.9508000000000001,9
300197,10,9,1,1,0,1,0.91,1.0612000000000001,4
300197,11,32,0,0,1,1,-0.3200000000000001,-0.10999999999999995,11
300197,12,32,0,0,1,1,-0.3200000000000001,-0.03319999999999987,12
300197,13,30,1,1,0,1,0.7,0.9148000000000001,7
300197,14,32,0,0,1,1,-0.3200000000000001,-0.03319999999999981,10
300197,15,9,1,1,0,1,0.91,1.0564,0
300198,0,30,1,1,0,1,0.7,1.08,9
300198,1,32,0,0,1,1,-0.3200000000000001,0.040800000000000114,10
300198,2,32,0,0,1,1,-0.3200000000000001,0.04800000000000011,16
300198,3,32,0,0,1,1,-0.3200000000000001,0.014400000000000121,14
300198,4,6,1,1,0,1,0.94,1.158,1
300198,5,32,0,0,1,1,-0.3200000000000001,0.06000000000000011,8
300198,6,32,0,0,1,1,-0.3200000000000001,0.058800000000000185,13
300198,7,32,0,0,1,1,-0.3200000000000001,0.05400000000000013,9
300198,8,32,0,0,1,1,-0.3200000000000001,0.06480000000000008,11
300198,9,32,1,1,0,1,0.6799999999999999,1.066,5
300198,10,26,1,1,0,1,0.74,1.0684,7
300198,11,32,0,0,1,1,-0.3200000000000001,0.07440000000000013,16
300198,12,32,0,0,1,1,-0.3200000000000001,0.06360000000000013,8
300198,13,32,0,0,1,1,-0.3200000000000001,0.06600000000000016,11
300198,14,32,0,0,1,1,-0.3200000000000001,-0.0011999999999999095,9
300198,15,32,0,0,1,1,-0.3200000000000001,0.010800000000000143,10
300199,0,32,0,0,1,1,-0.3200000000000001,0.06400000000000006,4
300199,1,32,0,0,1,1,-0.3200000000000001,0.08440000000000014,9
300199,2,23,1,1,0,1,0.7699999999999999,1.106,7
300199,3,22,1,1,0,1,0.7799999999999999,1.1328,6
300199,4,32,0,0,1,1,-0.3200000000000001,0.09640000000000014,13
300199,5,32,0,0,1,1,-0.3200000000000001,0.09640000000000012,8
300199,6,32,0,0,1,1,-0.3200000000000001,0.1156000000000001,18
300199,7,32,0,0,1,1,-0.3200000000000001,0.09760000000000016,11
300199,8,32,0,0,1,1,-0.3200000000000001,0.1036000000000001,11
300199,9,32,0,0,1,1,-0.3200000000000001,0.08560000000000016,9
300199,10,32,0,0,1,1,-0.3200000000000001,0.08080000000000015,13
300199,11,25,1,1,0,1,0.7499999999999999,1.1052000000000002,11
300199,12,32,0,0,1,1,-0.3200000000000001,0.05680000000000008,6
300199,13,32,0,0,1,1,-0.3200000000000001,0.08440000000000011,8
300199,14,32,0,0,1,1,-0.3200000000000001,0.1120000000000001,11
300199,15,32,0,0,1,1,-0.3200000000000001,0.0688000000000001,8
300200,0,32,0,0,1,1,-0.3200000000000001,0.1384000000000002,8
300200,1,32,0,0,1,1,-0.3200000000000001,0.1996000000000004,18
300200,2,32,0,0,1,1,-0.3200000000000001,0.10480000000000018,14
300200,3,32,0,0,1,1,-0.3200000000000001,0.10480000000000014,7
300200,4,32,0,0,1,1,-0.3200000000000001,0.18400000000000033,15
300200,5,24,1,1,0,1,0.7599999999999999,1.078,12
300200,6,32,0,0,1,1,-0.3200000000000001,0.17800000000000027,14
300200,7,22,1,1,0,1,0.7799999999999999,1.0824,6
300200,8,32,0,0,1,1,-0.3200000000000001,0.17440000000000022,18
300200,9,32,0,0,1,1,-0.3200000000000001,0.16720000000000024,10
300200,10,32,0,0,1,1,-0.3200000000000001,0.15880000000000025,11
300200,11,29,1,1,0,1,0.71,1.1072000000000002,7
300200,12,32,0,0,1,1,-0.3200000000000001,0.17320000000000021,16
300200,13,32,0,0,1,1,-0.3200000000000001,0.13960000000000014,8
300200,14,32,0,0,1,1,-0.3200000000000001,0.07240000000000013,9
300200,15,27,1,1,0,1,0.73,1.1440000000000001,15
300201,0,32,0,0,1,1,-0.3200000000000001,-0.07039999999999975,26
300201,1,7,1,1,0,1,0.9299999999999999,1.0608,0
300201,2,32,0,0,1,1,-0.3200000000000001,0.020800000000000207,4
300201,3,24,1,1,0,1,0.7599999999999999,0.9556,11
300201,4,14,1,1,0,1,0.86,1.0076,1
300201,5,32,0,0,1,1,-0.3200000000000001,-0.05359999999999979,16
300201,6,32,0,0,1,1,-0.3200000000000001,-0.10639999999999994,10
300201,7,32,0,0,1,1,-0.3200000000000001,-0.03559999999999988,10
300201,8,4,1,1,0,1,0.96,1.086,1
300201,9,32,0,0,1,1,-0.3200000000000001,0.03040000000000026,7
300201,10,32,0,0,1,1,-0.3200000000000001,-0.00799999999999984,9
300201,11,32,0,0,1,1,-0.3200000000000001,-0.11719999999999996,11
300201,12,13,1,1,0,1,0.87,1.0284,4
300201,13,32,0,0,1,1,-0.3200000000000001,-0.08479999999999996,14
300201,14,32,0,0,1,1,-0.3200000000000001,-0.07399999999999973,23
300201,15,7,1,1,0,1,0.9299999999999999,1.0692,2
300202,0,19,1,1,0,1,0.8099999999999999,1.0552000000000001,7
300202,1,32,0,0,1,1,-0.3200000000000001,-0.020799999999999888,8
300202,2,32,1,1,0,1,0.6799999999999999,0.9720000000000001,10
300202,3,32,0,0,1,1,-0.3200000000000001,-0.00039999999999983105,7
300202,4,32,0,0,1,1,-0.3200000000000001,-0.011199999999999898,10
300202,5,32,0,0,1,1,-0.3200000000000001,0.00920000000000018,20
300202,6,32,0,0,1,1,-0.3200000000000001,-0.026799999999999907,12
300202,7,32,0,0,1,1,-0.3200000000000001,-0.003999999999999837,13
300202,8,4,1,1,0,1,0.96,1.1272,0
300202,9,18,1,1,0,1,0.82,1.028,8
300202,10,8,1,1,0,1,0.9199999999999999,1.1076000000000001,2
300202,11,21,1,1,0,1,0.7899999999999999,1.0316,7
300202,12,32,0,0,1,1,-0.3200000000000001,0.020000000000000212,13
300202,13,32,0,0,1,1,-0.3200000000000001,-0.04839999999999993,9
300202,14,32,0,0,1,1,-0.3200000000000001,-0.0495999999999999,13
300202,15,32,0,0,1,1,-0.3200000000000001,0.002000000000000196,11
300203,0,32,0,0,1,1,-0.3200000000000001,-0.0971999999999999,14
300203,1,3,1,1,0,1,0.97,1.0536,1
300203,2,24,1,1,0,1,0.7599999999999999,0.9108,4
300203,3,32,0,0,1,1,-0.3200000000000001,-0.0467999999999997,11
300203,4,32,0,0,1,1,-0.3200000000000001,-0.13919999999999993,11
300203,5,6,1,1,0,1,0.94,1.0272000000000001,2
300203,6,15,1,1,0,1,0.85,0.9732000000000001,3
300203,7,32,0,0,1,1,-0.3200000000000001,-0.08639999999999987,5
300203,8,27,1,1,0,1,0.73,0.9336000000000001,7
300203,9,32,0,0,1,1,-0.3200000000000001,-0.05399999999999969,6
300203,10,32,0,0,1,1,-0.3200000000000001,-0.09719999999999995,6
300203,11,16,1,1,0,1,0.84,0.9728000000000001,4
300203,12,32,0,0,1,1,-0.3200000000000001,-0.07799999999999985,7
300203,13,32,0,0,1,1,-0.3200000000000001,-0.04799999999999972,8
300203,14,32,0,0,1,1,-0.3200000000000001,-0.06479999999999975,15
300203,15,13,1,1,0,1,0.87,0.998,1
300204,0,27,1,1,0,1,0.73,1.0152,14
300204,1,32,0,0,1,1,-0.3200000000000001,0.007200000000000095,4
300204,2,14,1,1,0,1,0.86,1.1152,3
300204,3,17,1,1,0,1,0.83,1.1056000000000001,4
300204,4,32,0,0,1,1,-0.3200000000000001,0.07440000000000013,18
300204,5,32,0,0,1,1,-0.3200000000000001,0.11400000000000018,20
300204,6,28,1,1,0,1,0.72,1.0352000000000001,9
300204,7,32,0,0,1,1,-0.3200000000000001,0.028800000000000103,14
300204,8,10,1,1,0,1,0.9,1.1276,1
300204,9,32,0,0,1,1,-0.3200000000000001,0.013200000000000121,4
300204,10,23,1,1,0,1,0.7699999999999999,1.0492000000000001,2
300204,11,32,0,0,1,1,-0.3200000000000001,0.05040000000000011,8
300204,12,32,0,0,1,1,-0.3200000000000001,0.056400000000000144,14
300204,13,12,1,1,0,1,0.88,1.1148,3
300204,14,15,1,1,0,1,0.85,1.0884,2
300204,15,32,0,0,1,1,-0.3200000000000001,0.046800000000000175,11
300205,0,7,1,1,0,1,0.9299999999999999,1.022,3
300205,1,14,1,1,0,1,0.86,0.97,0
300205,2,32,0,0,1,1,-0.3200000000000001,-0.10799999999999997,8
300205,3,32,0,0,1,1,-0.3200000000000001,-0.1488,4
300205,4,32,0,0,1,1,-0.3200000000000001,-0.15839999999999999,10
300205,5,8,1,1,0,1,0.9199999999999999,1.0168,0
300205,6,32,0,0,1,1,-0.3200000000000001,-0.14879999999999993,14
300205,7,2,1,1,0,1,0.98,1.0612,0
300205,8,29,1,1,0,1,0.71,0.8536,11
300205,9,27,1,1,0,1,0.73,0.8904000000000001,5
300205,10,24,1,1,0,1,0.7599999999999999,0.9108,6
300205,11,32,0,0,1,1,-0.3200000000000001,-0.0995999999999999,11
300205,12,27,1,1,0,1,0.73,0.918,7
300205,13,2,1,1,0,1,0.98,1.0612,0
300205,14,17,1,1,0,1,0.83,0.9484,5
300205,15,9,1,1,0,1,0.91,1.0056,3
300206,0,1,1,1,0,1,0.99,1.03,0
300206,1,16,1,1,0,1,0.84,0.9268000000000001,3
300206,2,1,1,1,0,1,0.99,1.03,0
300206,3,21,1,1,0,1,0.7899999999999999,0.8792000000000001,10
300206,4,1,1,1,0,1,0.99,1.03,0
300206,5,1,1,1,0,1,0.99,1.03,0
300206,6,17,1,1,0,1,0.83,0.912,2
300206,7,3,1,1,0,1,0.97,1.0136,0
300206,8,32,0,0,1,1,-0.3200000000000001,-0.17679999999999996,10
300206,9,1,1,1,0,1,0.99,1.03,0
300206,10,27,1,1,0,1,0.73,0.8732000000000002,8
300206,11,1,1,1,0,1,0.99,1.03,0
300206,12,32,0,0,1,1,-0.3200000000000001,-0.1671999999999999,6
300206,13,32,0,0,1,1,-0.3200000000000001,-0.15639999999999987,8
300206,14,1,1,1,0,1,0.99,1.03,0
300206,15,32,0,0,1,1,-0.3200000000000001,-0.1575999999999999,4
300207,0,32,0,0,1,1,-0.3200000000000001,0.21920000000000023,16
300207,1,32,0,0,1,1,-0.3200000000000001,0.18680000000000013,18
300207,2,32,0,0,1,1,-0.3200000000000001,0.19760000000000022,18
300207,3,32,0,0,1,1,-0.3200000000000001,0.22160000000000027,15
300207,4,32,0,0,1,1,-0.3200000000000001,0.1952000000000002,14
300207,5,32,0,0,1,1,-0.3200000000000001,0.21320000000000022,17
300207,6,32,0,0,1,1,-0.3200000000000001,0.21200000000000022,13
300207,7,32,0,0,1,1,-0.3200000000000001,0.23000000000000037,19
300207,8,32,0,0,1,1,-0.3200000000000001,0.2036000000000002,16
300207,9,32,0,0,1,1,-0.3200000000000001,0.2480000000000003,24
300207,10,32,0,0,1,1,-0.3200000000000001,0.21080000000000026,18
300207,11,32,0,0,1,1,-0.3200000000000001,0.2204000000000003,20
300207,12,32,0,0,1,1,-0.3200000000000001,0.16160000000000013,9
300207,13,32,0,0,1,1,-0.3200000000000001,0.22280000000000033,16
300207,14,32,0,0,1,1,-0.3200000000000001,0.2300000000000002,21
300207,15,32,0,0,1,1,-0.3200000000000001,0.16400000000000015,13
300208,0,32,0,0,1,1,-0.3200000000000001,0.037200000000000163,14
300208,1,32,0,0,1,1,-0.3200000000000001,0.039600000000000135,15
300208,2,32,0,0,1,1,-0.3200000000000001,0.031200000000000117,11
300208,3,32,0,0,1,1,-0.3200000000000001,0.007200000000000095,10
300208,4,19,1,1,0,1,0.8099999999999999,1.0904,8
300208,5,29,1,1,0,1,0.71,1.0288000000000002,10
300208,6,32,0,0,1,1,-0.3200000000000001,0.05880000000000021,12
300208,7,24,1,1,0,1,0.7599999999999999,1.0476,9
300208,8,18,1,1,0,1,0.82,1.0956000000000001,9
300208,9,9,1,1,0,1,0.91,1.1340000000000001,2
300208,10,32,0,0,1,1,-0.3200000000000001,-0.025199999999999903,16
300208,11,32,0,0,1,1,-0.3200000000000001,0.12720000000000026,16
300208,12,23,1,1,0,1,0.7699999999999999,1.0636,10
300208,13,32,0,0,1,1,-0.3200000000000001,0.028800000000000103,9
300208,14,9,1,1,0,1,0.91,1.1388,2
300208,15,23,1,1,0,1,0.7699999999999999,1.0588000000000002,10
300209,0,25,1,1,0,1,0.7499999999999999,0.9816000000000001,6
300209,1,32,0,0,1,1,-0.3200000000000001,-0.12439999999999997,11
300209,2,32,0,0,1,1,-0.3200000000000001,0.0028000000000002467,10
300209,3,7,1,1,0,1,0.9299999999999999,1.0644,2
300209,4,12,1,1,0,1,0.88,1.0264,1
300209,5,32,0,0,1,1,-0.3200000000000001,-0.006799999999999751,14
300209,6,32,0,0,1,1,-0.3200000000000001,-0.0019999999999996965,11
300209,7,24,1,1,0,1,0.7599999999999999,1.0168000000000001,13
300209,8,32,0,0,1,1,-0.3200000000000001,-0.019999999999999823,8
300209,9,3,1,1,0,1,0.97,1.0936,0
300209,10,5,1,1,0,1,0.95,1.0796000000000001,0
300209,11,32,0,0,1,1,-0.3200000000000001,-0.023599999999999843,14
300209,12,32,0,0,1,1,-0.3200000000000001,-0.05479999999999996,18
300209,13,32,0,0,1,1,-0.3200000000000001,0.004000000000000309,14
300209,14,32,0,0,1,1,-0.3200000000000001,-0.11239999999999996,9
300209,15,32,0,0,1,1,-0.3200000000000001,-0.001999999999999849,14
300210,0,32,0,0,1,1,-0.3200000000000001,-0.12119999999999986,14
300210,1,9,1,1,0,1,0.91,1.0164,3
300210,2,32,0,0,1,1,-0.3200000000000001,-0.0995999999999998,9
300210,3,27,1,1,0,1,0.73,0.894,7
300210,4,32,0,0,1,1,-0.3200000000000001,-0.15239999999999998,17
300210,5,21,1,1,0,1,0.7899999999999999,0.9396000000000001,13
300210,6,15,1,1,0,1,0.85,0.9624,3
300210,7,3,1,1,0,1,0.97,1.0524,1
300210,8,2,1,1,0,1,0.98,1.0612,0
300210,9,32,0,0,1,1,-0.3200000000000001,-0.12359999999999993,14
300210,10,32,0,0,1,1,-0.3200000000000001,-0.07199999999999984,11
300210,11,32,0,0,1,1,-0.3200000000000001,-0.11759999999999993,8
300210,12,32,0,0,1,1,-0.3200000000000001,-0.12719999999999987,11
300210,13,32,0,0,1,1,-0.3200000000000001,-0.09719999999999979,9
300210,14,32,0,0,1,1,-0.3200000000000001,-0.038399999999999795,8
300210,15,32,0,0,1,1,-0.3200000000000001,-0.12359999999999993,7
300211,0,32,0,0,1,1,-0.3200000000000001,-0.1863999999999999,20
300211,1,32,0,0,1,1,-0.3200000000000001,-0.184,22
300211,2,16,1,1,0,1,0.84,0.9196,7
300211,3,4,1,1,0,1,0.96,1.0048,1
300211,4,32,0,0,1,1,-0.3200000000000001,-0.18760000000000004,19
300211,5,19,1,1,0,1,0.8099999999999999,0.8944000000000001,8
300211,6,32,0,0,1,1,-0.3200000000000001,-0.18400000000000005,20
300211,7,1,1,1,0,1,0.99,1.03,0
300211,8,32,0,0,1,1,-0.3200000000000001,-0.19480000000000003,13
300211,9,32,0,0,1,1,-0.3200000000000001,-0.19840000000000008,14
300211,10,32,0,0,1,1,-0.3200000000000001,-0.20200000000000007,10
300211,11,1,1,1,0,1,0.99,1.03,0
300211,12,1,1,1,0,1,0.99,1.03,0
300211,13,32,0,0,1,1,-0.3200000000000001,-0.19479999999999992,17
300211,14,2,1,1,0,1,0.98,1.0212,1
300211,15,32,0,0,1,1,-0.3200000000000001,-0.16959999999999992,12
300212,0,32,0,0,1,1,-0.3200000000000001,0.016400000000000164,10
300212,1,32,0,0,1,1,-0.3200000000000001,-0.06039999999999991,12
300212,2,32,0,0,1,1,-0.3200000000000001,0.0032000000000001194,5
300212,3,32,0,0,1,1,-0.3200000000000001,0.021200000000000108,16
300212,4,32,0,0,1,1,-0.3200000000000001,-0.0579999999999999,5
300212,5,32,0,0,1,1,-0.3200000000000001,0.0008000000000001201,6
300212,6,8,1,1,0,1,0.9199999999999999,1.1004,2
300212,7,8,1,1,0,1,0.9199999999999999,1.104,0
300212,8,32,0,0,1,1,-0.3200000000000001,0.03920000000000015,12
300212,9,32,0,0,1,1,-0.3200000000000001,-0.00639999999999985,3
300212,10,32,0,0,1,1,-0.3200000000000001,-0.06999999999999987,15
300212,11,32,0,0,1,1,-0.3200000000000001,-0.008799999999999891,6
300212,12,32,0,0,1,1,-0.3200000000000001,-0.001599999999999921,12
300212,13,32,0,0,1,1,-0.3200000000000001,0.0008000000000002033,11
300212,14,32,0,0,1,1,-0.3200000000000001,0.020000000000000157,11
300212,15,32,0,0,1,1,-0.3200000000000001,0.009200000000000125,8
300213,0,32,0,0,1,1,-0.3200000000000001,-0.08879999999999992,21
300213,1,14,1,1,0,1,0.86,0.9664,6
300213,2,10,1,1,0,1,0.9,1.0004,0
300213,3,2,1,1,0,1,0.98,1.0612,0
300213,4,2,1,1,0,1,0.98,1.0612,0
300213,5,32,0,0,1,1,-0.3200000000000001,-0.09119999999999988,21
300213,6,22,1,1,0,1,0.7799999999999999,0.9368000000000001,6
300213,7,2,1,1,0,1,0.98,1.0612,0
300213,8,32,0,0,1,1,-0.3200000000000001,-0.12959999999999988,17
300213,9,32,0,0,1,1,-0.3200000000000001,-0.09839999999999992,13
300213,10,15,1,1,0,1,0.85,0.984,3
300213,11,2,1,1,0,1,0.98,1.0612,0
300213,12,11,1,1,0,1,0.89,0.988,1
300213,13,32,0,0,1,1,-0.3200000000000001,-0.09479999999999994,16
300213,14,32,0,0,1,1,-0.3200000000000001,-0.11159999999999988,15
300213,15,32,0,0,1,1,-0.3200000000000001,-0.07319999999999999,20
300214,0,20,1,1,0,1,0.7999999999999999,0.9896,7
300214,1,32,0,0,1,1,-0.3200000000000001,-0.0667999999999998,15
300214,2,32,0,0,1,1,-0.3200000000000001,-0.08479999999999994,13
300214,3,32,0,0,1,1,-0.3200000000000001,-0.07879999999999991,10
300214,4,32,0,0,1,1,-0.3200000000000001,-0.09919999999999994,10
300214,5,11,1,1,0,1,0.89,1.0436,2
300214,6,14,1,1,0,1,0.86,1.0184,5
300214,7,22,1,1,0,1,0.7799999999999999,0.9624,3
300214,8,32,0,0,1,1,-0.3200000000000001,-0.1027999999999999,12
300214,9,22,1,1,0,1,0.7799999999999999,0.9660000000000001,5
300214,10,30,1,1,0,1,0.7,0.9052000000000001,7
300214,11,21,1,1,0,1,0.7899999999999999,0.9652000000000001,6
300214,12,13,1,1,0,1,0.87,1.0236,2
300214,13,21,1,1,0,1,0.7899999999999999,0.9784,6
300214,14,32,0,0,1,1,-0.3200000000000001,-0.07999999999999982,12
300214,15,31,1,1,0,1,0.69,0.9168000000000001,12
300215,0,5,1,1,0,1,0.95,1.0808,2
300215,1,14,1,1,0,1,0.86,1.0208000000000002,7
300215,2,32,0,0,1,1,-0.3200000000000001,-0.04519999999999988,7
300215,3,17,1,1,0,1,0.83,1.004,10
300215,4,32,0,0,1,1,-0.3200000000000001,-0.0463999999999998,11
300215,5,14,1,1,0,1,0.86,1.0268000000000002,7
300215,6,32,0,0,1,1,-0.3200000000000001,-0.05359999999999984,12
300215,7,4,1,1,0,1,0.96,1.0872,1
300215,8,21,1,1,0,1,0.7899999999999999,0.9544,14
300215,9,32,0,0,1,1,-0.3200000000000001,-0.040399999999999686,13
300215,10,12,1,1,0,1,0.88,1.0192,9
300215,11,5,1,1,0,1,0.95,1.0784,2
300215,12,32,0,0,1,1,-0.3200000000000001,-0.006799999999999806,7
300215,13,32,0,0,1,1,-0.3200000000000001,-0.034399999999999764,16
300215,14,15,1,1,0,1,0.85,0.9976,8
300215,15,32,0,0,1,1,-0.3200000000000001,-0.04759999999999984,11
300216,0,24,1,1,0,1,0.7599999999999999,0.8988,4
300216,1,6,1,1,0,1,0.94,1.0332000000000001,0
300216,2,2,1,1,0,1,0.98,1.0612,0
300216,3,10,1,1,0,1,0.9,0.998,2
300216,4,14,1,1,0,1,0.86,0.9688,6
300216,5,32,0,0,1,1,-0.3200000000000001,-0.14399999999999996,8
300216,6,32,0,0,1,1,-0.3200000000000001,-0.11759999999999975,14
300216,7,2,1,1,0,1,0.98,1.0612,0
300216,8,2,1,1,0,1,0.98,1.0612,0
300216,9,6,1,1,0,1,0.94,1.0284,2
300216,10,32,0,0,1,1,-0.3200000000000001,-0.15000000000000002,11
300216,11,5,1,1,0,1,0.95,1.0396,1
300216,12,15,1,1,0,1,0.85,0.9564,1
300216,13,10,1,1,0,1,0.9,1.0028000000000001,4
300216,14,17,1,1,0,1,0.83,0.9448000000000001,5
300216,15,32,0,0,1,1,-0.3200000000000001,-0.17519999999999997,13
300217,0,32,0,0,1,1,-0.3200000000000001,0.020000000000000157,11
300217,1,16,1,1,0,1,0.84,1.0336,4
300217,2,29,1,1,0,1,0.71,0.996,13
300217,3,23,1,1,0,1,0.7699999999999999,1.0296,9
300217,4,32,0,0,1,1,-0.3200000000000001,-0.04839999999999997,9
300217,5,4,1,1,0,1,0.96,1.1272,0
300217,6,32,0,0,1,1,-0.3200000000000001,-0.04479999999999991,9
300217,7,32,0,0,1,1,-0.3200000000000001,0.006800000000000084,13
300217,8,32,0,0,1,1,-0.3200000000000001,-0.012399999999999939,11
300217,9,32,0,0,1,1,-0.3200000000000001,-0.06639999999999989,14
300217,10,32,0,0,1,1,-0.3200000000000001,0.02720000000000014,10
300217,11,32,0,0,1,1,-0.3200000000000001,0.0536000000000002,17
300217,12,32,0,0,1,1,-0.3200000000000001,-0.0783999999999999,15
300217,13,28,1,1,0,1,0.72,0.9472,8
300217,14,32,0,0,1,1,-0.3200000000000001,-0.057999999999999954,2
300217,15,8,1,1,0,1,0.9199999999999999,1.1028,4
300218,0,15,1,1,0,1,0.85,1.0652000000000001,1
300218,1,32,0,0,1,1,-0.3200000000000001,-0.011199999999999877,13
300218,2,17,1,1,0,1,0.83,1.0428000000000002,1
300218,3,32,0,0,1,1,-0.3200000000000001,-0.05679999999999985,12
300218,4,32,0,0,1,1,-0.3200000000000001,-0.06999999999999991,11
300218,5,32,0,0,1,1,-0.3200000000000001,-0.06159999999999996,5
300218,6,8,1,1,0,1,0.9199999999999999,1.11,2
300218,7,32,0,0,1,1,-0.3200000000000001,-0.06759999999999992,10
300218,8,8,1,1,0,1,0.9199999999999999,1.1004,2
300218,9,32,0,0,1,1,-0.3200000000000001,0.04040000000000027,10
300218,10,32,0,0,1,1,-0.3200000000000001,-0.026799999999999963,14
300218,11,32,0,0,1,1,-0.3200000000000001,0.030800000000000216,12
300218,12,32,0,0,1,1,-0.3200000000000001,0.0704000000000003,16
300218,13,19,1,1,0,1,0.8099999999999999,1.03,1
300218,14,8,1,1,0,1,0.9199999999999999,1.0968,0
300218,15,32,0,0,1,1,-0.3200000000000001,-0.04479999999999995,7
300219,0,10,1,1,0,1,0.9,1.0476,7
300219,1,32,0,0,1,1,-0.3200000000000001,-0.12559999999999993,12
300219,2,25,1,1,0,1,0.7499999999999999,0.912,4
300219,3,6,1,1,0,1,0.94,1.0708,3
300219,4,7,1,1,0,1,0.9299999999999999,1.0656,4
300219,5,32,0,0,1,1,-0.3200000000000001,-0.11359999999999996,22
300219,6,13,1,1,0,1,0.87,1.0248,6
300219,7,32,0,0,1,1,-0.3200000000000001,-0.08119999999999993,10
300219,8,32,0,0,1,1,-0.3200000000000001,-0.10639999999999995,16
300219,9,15,1,1,0,1,0.85,1.0108000000000001,12
300219,10,20,1,1,0,1,0.7999999999999999,0.9704,11
300219,11,32,0,0,1,1,-0.3200000000000001,-0.02839999999999987,12
300219,12,32,0,0,1,1,-0.3200000000000001,-0.06919999999999993,13
300219,13,32,0,0,1,1,-0.3200000000000001,-0.07639999999999986,13
300219,14,32,0,0,1,1,-0.3200000000000001,-0.11119999999999992,11
300219,15,32,0,0,1,1,-0.3200000000000001,-0.12079999999999992,17
300220,0,19,1,1,0,1,0.8099999999999999,1.1232,7
300220,1,32,0,0,1,1,-0.3200000000000001,0.10120000000000011,8
300220,2,32,1,1,0,1,0.6799999999999999,1.0484000000000002,8
300220,3,32,0,0,1,1,-0.3200000000000001,0.13960000000000017,14
300220,4,32,0,0,1,1,-0.3200000000000001,0.02200000000000006,10
300220,5,28,1,1,0,1,0.72,1.0584,10
300220,6,32,0,0,1,1,-0.3200000000000001,0.13240000000000013,11
300220,7,32,0,0,1,1,-0.3200000000000001,0.08920000000000014,6
300220,8,32,0,0,1,1,-0.3200000000000001,0.11680000000000014,13
300220,9,32,0,0,1,1,-0.3200000000000001,0.11560000000000013,9
300220,10,20,1,1,0,1,0.7999999999999999,1.1420000000000001,2
300220,11,32,0,0,1,1,-0.3200000000000001,0.04240000000000005,4
300220,12,32,0,0,1,1,-0.3200000000000001,0.08320000000000013,10
300220,13,32,0,0,1,1,-0.3200000000000001,0.11440000000000014,9
300220,14,32,0,0,1,1,-0.3200000000000001,0.16000000000000025,16
300220,15,32,0,0,1,1,-0.3200000000000001,0.13480000000000017,10
300221,0,12,1,1,0,1,0.88,1.11,3
300221,1,32,0,0,1,1,-0.3200000000000001,-0.028799999999999937,10
300221,2,24,1,1,0,1,0.7599999999999999,1.0596,5
300221,3,32,0,0,1,1,-0.3200000000000001,0.0564000000000001,5
300221,4,19,1,1,0,1,0.8099999999999999,1.0508,8
300221,5,27,1,1,0,1,0.73,1.0020000000000002,14
300221,6,10,1,1,0,1,0.9,1.1288,1
300221,7,32,0,0,1,1,-0.3200000000000001,0.08640000000000012,18
300221,8,32,0,0,1,1,-0.3200000000000001,0.057600000000000096,10
300221,9,32,0,0,1,1,-0.3200000000000001,0.0204000000000001,9
300221,10,32,0,0,1,1,-0.3200000000000001,0.04680000000000012,11
300221,11,32,0,0,1,1,-0.3200000000000001,0.022800000000000098,11
300221,12,32,0,0,1,1,-0.3200000000000001,0.052800000000000125,6
300221,13,32,0,0,1,1,-0.3200000000000001,0.02400000000000016,13
300221,14,32,1,1,0,1,0.6799999999999999,1.0588000000000002,17
300221,15,22,1,1,0,1,0.7799999999999999,1.076,7
300222,0,32,0,0,1,1,-0.3200000000000001,-0.14159999999999995,8
300222,1,23,1,1,0,1,0.7699999999999999,0.9148000000000001,7
300222,2,14,1,1,0,1,0.86,0.976,4
300222,3,32,0,0,1,1,-0.3200000000000001,-0.11519999999999989,8
300222,4,32,0,0,1,1,-0.3200000000000001,-0.11399999999999988,5
300222,5,32,0,0,1,1,-0.3200000000000001,-0.10199999999999992,9
300222,6,2,1,1,0,1,0.98,1.0612,0
300222,7,32,0,0,1,1,-0.3200000000000001,-0.10079999999999989,7
300222,8,14,1,1,0,1,0.86,0.9616,6
300222,9,31,1,1,0,1,0.69,0.9008000000000002,5
300222,10,32,0,0,1,1,-0.3200000000000001,-0.05759999999999983,18
300222,11,32,0,0,1,1,-0.3200000000000001,-0.08999999999999986,12
300222,12,26,1,1,0,1,0.74,0.9220000000000002,4
300222,13,32,0,0,1,1,-0.3200000000000001,-0.11519999999999991,10
300222,14,32,0,0,1,1,-0.3200000000000001,-0.0575999999999999,13
300222,15,32,0,0,1,1,-0.3200000000000001,-0.0743999999999998,14
300223,0,32,0,0,1,1,-0.3200000000000001,0.009600000000000122,7
300223,1,32,0,0,1,1,-0.3200000000000001,0.037200000000000136,9
300223,2,22,1,1,0,1,0.7799999999999999,1.0436,9
300223,3,32,0,0,1,1,-0.3200000000000001,-0.021599999999999966,10
300223,4,32,0,0,1,1,-0.3200000000000001,-0.015599999999999961,7
300223,5,32,0,0,1,1,-0.3200000000000001,-0.004799999999999902,11
300223,6,32,0,0,1,1,-0.3200000000000001,0.05520000000000014,9
300223,7,32,0,0,1,1,-0.3200000000000001,0.04920000000000016,13
300223,8,32,0,0,1,1,-0.3200000000000001,0.020400000000000112,8
300223,9,32,0,0,1,1,-0.3200000000000001,0.02760000000000014,6
300223,10,23,1,1,0,1,0.7699999999999999,1.0888000000000002,8
300223,11,32,0,0,1,1,-0.3200000000000001,-0.016799999999999912,8
300223,12,32,0,0,1,1,-0.3200000000000001,0.022800000000000126,11
300223,13,22,1,1,0,1,0.7799999999999999,1.0748000000000002,7
300223,14,20,1,1,0,1,0.7999999999999999,1.0768,1
300223,15,32,0,0,1,1,-0.3200000000000001,0.008400000000000088,5
300224,0,3,1,1,0,1,0.97,1.0524,1
300224,1,2,1,1,0,1,0.98,1.0612,0
300224,2,32,0,0,1,1,-0.3200000000000001,-0.15359999999999993,10
300224,3,32,0,0,1,1,-0.3200000000000001,-0.10439999999999983,14
300224,4,32,0,0,1,1,-0.3200000000000001,-0.04199999999999984,12
300224,5,9,1,1,0,1,0.91,1.0044,5
300224,6,32,0,0,1,1,-0.3200000000000001,-0.009599999999999831,10
300224,7,21,1,1,0,1,0.7899999999999999,0.9228000000000001,9
300224,8,2,1,1,0,1,0.98,1.0612,0
300224,9,3,1,1,0,1,0.97,1.0536,1
300224,10,32,0,0,1,1,-0.3200000000000001,-0.11759999999999987,15
300224,11,4,1,1,0,1,0.96,1.046,2
300224,12,3,1,1,0,1,0.97,1.0536,1
300224,13,32,0,0,1,1,-0.3200000000000001,-0.0791999999999999,11
300224,14,16,1,1,0,1,0.84,0.9584,10
300224,15,32,0,0,1,1,-0.3200000000000001,-0.05519999999999972,7
300225,0,1,1,1,0,1,0.99,1.03,0
300225,1,2,1,1,0,1,0.98,1.0212,1
300225,2,3,1,1,0,1,0.97,1.0124,2
300225,3,2,1,1,0,1,0.98,1.0212,1
300225,4,4,1,1,0,1,0.96,1.0036,3
300225,5,10,1,1,0,1,0.9,0.9508,9
300225,6,3,1,1,0,1,0.97,1.0124,2
300225,7,2,1,1,0,1,0.98,1.0212,1
300225,8,1,1,1,0,1,0.99,1.03,0
300225,9,19,1,1,0,1,0.8099999999999999,0.8716,18
300225,10,8,1,1,0,1,0.9199999999999999,0.9684,7
300225,11,1,1,1,0,1,0.99,1.03,0
300225,12,2,1,1,0,1,0.98,1.0212,1
300225,13,1,1,1,0,1,0.99,1.03,0
300225,14,9,1,1,0,1,0.91,0.9596,8
300225,15,2,1,1,0,1,0.98,1.0212,1
300226,0,32,0,0,1,1,-0.3200000000000001,-0.11399999999999993,16
300226,1,4,1,1,0,1,0.96,1.046,2
300226,2,3,1,1,0,1,0.97,1.0524,1
300226,3,32,0,0,1,1,-0.3200000000000001,-0.05759999999999979,14
300226,4,32,0,0,1,1,-0.3200000000000001,-0.15359999999999996,18
300226,5,17,1,1,0,1,0.83,0.9412,5
300226,6,24,1,1,0,1,0.7599999999999999,0.8916000000000001,10
300226,7,5,1,1,0,1,0.95,1.036,3
300226,8,32,0,0,1,1,-0.3200000000000001,-0.07079999999999981,17
300226,9,32,0,0,1,1,-0.3200000000000001,-0.10559999999999989,16
300226,10,3,1,1,0,1,0.97,1.0536,1
300226,11,25,1,1,0,1,0.7499999999999999,0.9404000000000001,9
300226,12,3,1,1,0,1,0.97,1.0524,1
300226,13,2,1,1,0,1,0.98,1.0612,0
300226,14,5,1,1,0,1,0.95,1.0384,3
300226,15,9,1,1,0,1,0.91,1.008,5
300227,0,32,0,0,1,1,-0.3200000000000001,0.003600000000000131,5
300227,1,15,1,1,0,1,0.85,1.1016000000000001,0
300227,2,14,1,1,0,1,0.86,1.1284,5
300227,3,32,0,0,1,1,-0.3200000000000001,0.07320000000000013,14
300227,4,32,0,0,1,1,-0.3200000000000001,0.037200000000000094,11
300227,5,32,0,0,1,1,-0.3200000000000001,-0.007199999999999859,10
300227,6,32,0,0,1,1,-0.3200000000000001,0.020400000000000126,13
300227,7,32,0,0,1,1,-0.3200000000000001,0.030000000000000054,9
300227,8,32,0,0,1,1,-0.3200000000000001,0.06600000000000011,11
300227,9,32,0,0,1,1,-0.3200000000000001,0.04680000000000012,14
300227,10,32,0,0,1,1,-0.3200000000000001,0.04320000000000013,19
300227,11,32,0,0,1,1,-0.3200000000000001,0.016800000000000127,8
300227,12,14,1,1,0,1,0.86,1.1068,1
300227,13,32,0,0,1,1,-0.3200000000000001,0.0528000000000001,16
300227,14,32,0,0,1,1,-0.3200000000000001,0.031200000000000144,7
300227,15,15,1,1,0,1,0.85,1.1124,2
300228,0,32,0,0,1,1,-0.3200000000000001,0.027600000000000117,12
300228,1,17,1,1,0,1,0.83,1.09,6
300228,2,32,0,0,1,1,-0.3200000000000001,0.06480000000000019,16
300228,3,32,0,0,1,1,-0.3200000000000001,0.051600000000000146,13
300228,4,32,0,0,1,1,-0.3200000000000001,0.057600000000000096,15
300228,5,32,0,0,1,1,-0.3200000000000001,0.03480000000000011,13
300228,6,16,1,1,0,1,0.84,1.1156000000000001,5
300228,7,13,1,1,0,1,0.87,1.1264,4
300228,8,32,0,0,1,1,-0.3200000000000001,0.07800000000000017,25
300228,9,16,1,1,0,1,0.84,1.082,1
300228,10,32,0,0,1,1,-0.3200000000000001,0.031200000000000117,15
300228,11,24,1,1,0,1,0.7599999999999999,1.0896000000000001,11
300228,12,32,0,0,1,1,-0.3200000000000001,0.038400000000000094,13
300228,13,32,0,0,1,1,-0.3200000000000001,0.05640000000000016,17
300228,14,32,0,0,1,1,-0.3200000000000001,0.06480000000000011,13
300228,15,32,0,0,1,1,-0.3200000000000001,0.058800000000000144,11
300229,0,20,1,1,0,1,0.7999999999999999,1.1868,7
300229,1,32,0,0,1,1,-0.3200000000000001,0.16400000000000015,15
300229,2,30,1,1,0,1,0.7,1.124,13
300229,3,32,0,0,1,1,-0.3200000000000001,0.2096000000000002,20
300229,4,32,0,0,1,1,-0.3200000000000001,0.18080000000000013,14
300229,5,32,0,0,1,1,-0.3200000000000001,0.12920000000000012,8
300229,6,32,0,0,1,1,-0.3200000000000001,0.19400000000000017,16
300229,7,32,0,0,1,1,-0.3200000000000001,0.16160000000000013,12
300229,8,32,0,0,1,1,-0.3200000000000001,0.1148000000000001,9
300229,9,16,1,1,0,1,0.84,1.1800000000000002,5
300229,10,32,0,0,1,1,-0.3200000000000001,0.17360000000000014,15
300229,11,32,0,0,1,1,-0.3200000000000001,0.17480000000000012,10
300229,12,32,0,0,1,1,-0.3200000000000001,0.19160000000000021,18
300229,13,32,0,0,1,1,-0.3200000000000001,0.16400000000000015,12
300229,14,32,0,0,1,1,-0.3200000000000001,0.11840000000000003,5
300229,15,32,0,0,1,1,-0.3200000000000001,0.2048000000000002,20
300230,0,32,0,0,1,1,-0.3200000000000001,0.24720000000000023,2
300230,1,32,0,0,1,1,-0.3200000000000001,0.2736000000000003,11
300230,2,32,0,0,1,1,-0.3200000000000001,0.2496000000000002,9
300230,3,32,0,0,1,1,-0.3200000000000001,0.26520000000000027,7
300230,4,32,0,0,1,1,-0.3200000000000001,0.19320000000000015,8
300230,5,32,0,0,1,1,-0.3200000000000001,0.20280000000000023,10
300230,6,32,0,0,1,1,-0.3200000000000001,0.19080000000000022,13
300230,7,32,0,0,1,1,-0.3200000000000001,0.24600000000000022,11
300230,8,32,0,0,1,1,-0.3200000000000001,0.1992000000000002,11
300230,9,32,0,0,1,1,-0.3200000000000001,0.2616000000000002,7
300230,10,32,0,0,1,1,-0.3200000000000001,0.18240000000000012,6
300230,11,32,0,0,1,1,-0.3200000000000001,0.23160000000000017,8
300230,12,32,0,0,1,1,-0.3200000000000001,0.25560000000000027,10
300230,13,32,0,0,1,1,-0.3200000000000001,0.23040000000000022,12
300230,14,32,0,0,1,1,-0.3200000000000001,0.2676000000000003,8
300230,15,32,0,0,1,1,-0.3200000000000001,0.2772000000000002,10
300231,0,32,0,0,1,1,-0.3200000000000001,-0.04759999999999984,8
300231,1,32,0,0,1,1,-0.3200000000000001,-0.09919999999999994,8
300231,2,13,1,1,0,1,0.87,1.0296,4
300231,3,23,1,1,0,1,0.7699999999999999,0.9692000000000001,4
300231,4,10,1,1,0,1,0.9,1.0416,1
300231,5,32,0,0,1,1,-0.3200000000000001,-0.10879999999999997,6
300231,6,32,0,0,1,1,-0.3200000000000001,-0.05479999999999985,5
300231,7,14,1,1,0,1,0.86,1.0268000000000002,5
300231,8,32,0,0,1,1,-0.3200000000000001,-0.08119999999999988,8
300231,9,9,1,1,0,1,0.91,1.0516,0
300231,10,27,1,1,0,1,0.73,0.9196,2
300231,11,32,0,0,1,1,-0.3200000000000001,-0.05479999999999988,9
300231,12,3,1,1,0,1,0.97,1.0936,0
300231,13,32,0,0,1,1,-0.3200000000000001,-0.006799999999999751,12
300231,14,32,0,0,1,1,-0.3200000000000001,-0.08839999999999984,15
300231,15,32,0,0,1,1,-0.3200000000000001,-0.023599999999999816,5
300232,0,19,1,1,0,1,0.8099999999999999,0.984,12
300232,1,32,0,0,1,1,-0.3200000000000001,-0.08599999999999987,4
300232,2,6,1,1,0,1,0.94,1.0732,1
300232,3,29,1,1,0,1,0.71,0.9236,8
300232,4,28,1,1,0,1,0.72,0.9468000000000001,3
300232,5,8,1,1,0,1,0.9199999999999999,1.0592000000000001,3
300232,6,32,0,0,1,1,-0.3200000000000001,-0.07280000000000003,10
300232,7,11,1,1,0,1,0.89,1.0412000000000001,8
300232,8,32,0,0,1,1,-0.3200000000000001,-0.09439999999999998,10
300232,9,32,0,0,1,1,-0.3200000000000001,-0.06679999999999987,9
300232,10,32,0,0,1,1,-0.3200000000000001,-0.037999999999999756,8
300232,11,32,0,0,1,1,-0.3200000000000001,-0.1027999999999999,21
300232,12,9,1,1,0,1,0.91,1.0552000000000001,6
300232,13,7,1,1,0,1,0.9299999999999999,1.0644,2
300232,14,27,1,1,0,1,0.73,0.916,10
300232,15,16,1,1,0,1,0.84,1.0044,7
300233,0,4,1,1,0,1,0.96,1.0448,0
300233,1,3,1,1,0,1,0.97,1.0524,1
300233,2,32,0,0,1,1,-0.3200000000000001,-0.07799999999999985,6
300233,3,7,1,1,0,1,0.9299999999999999,1.0232,1
300233,4,6,1,1,0,1,0.94,1.0344,2
300233,5,3,1,1,0,1,0.97,1.0524,1
300233,6,30,1,1,0,1,0.7,0.8856,4
300233,7,25,1,1,0,1,0.7499999999999999,0.914,3
300233,8,22,1,1,0,1,0.7799999999999999,0.9212,4
300233,9,32,0,0,1,1,-0.3200000000000001,-0.05999999999999964,8
300233,10,8,1,1,0,1,0.9199999999999999,1.018,4
300233,11,9,1,1,0,1,0.91,1.0056,1
300233,12,32,0,0,1,1,-0.3200000000000001,-0.08040000000000003,23
300233,13,32,0,0,1,1,-0.3200000000000001,-0.07559999999999978,12
300233,14,32,0,0,1,1,-0.3200000000000001,-0.08759999999999984,9
300233,15,32,0,0,1,1,-0.3200000000000001,-0.10799999999999993,7
300234,0,32,0,0,1,1,-0.3200000000000001,0.13160000000000005,12
300234,1,32,0,0,1,1,-0.3200000000000001,0.18680000000000013,13
300234,2,32,0,0,1,1,-0.3200000000000001,0.10520000000000009,8
300234,3,32,0,0,1,1,-0.3200000000000001,0.1604000000000001,12
300234,4,32,0,0,1,1,-0.3200000000000001,0.16160000000000016,20
300234,5,21,1,1,0,1,0.7899999999999999,1.1708,6
300234,6,32,0,0,1,1,-0.3200000000000001,0.12080000000000007,12
300234,7,32,0,0,1,1,-0.3200000000000001,0.16280000000000017,8
300234,8,32,0,0,1,1,-0.3200000000000001,0.10880000000000009,8
300234,9,32,0,0,1,1,-0.3200000000000001,0.14240000000000014,4
300234,10,32,0,0,1,1,-0.3200000000000001,0.12080000000000012,11
300234,11,14,1,1,0,1,0.86,1.2012,1
300234,12,32,0,0,1,1,-0.3200000000000001,0.1028000000000001,14
300234,13,16,1,1,0,1,0.84,1.1944000000000001,5
300234,14,32,0,0,1,1,-0.3200000000000001,0.16400000000000012,7
300234,15,32,0,0,1,1,-0.3200000000000001,0.18440000000000017,14
300235,0,32,0,0,1,1,-0.3200000000000001,-0.1671999999999998,19
300235,1,32,0,0,1,1,-0.3200000000000001,-0.16719999999999985,18
300235,2,20,1,1,0,1,0.7999999999999999,0.882,9
300235,3,4,1,1,0,1,0.96,1.0048,1
300235,4,1,1,1,0,1,0.99,1.03,0
300235,5,1,1,1,0,1,0.99,1.03,0
300235,6,1,1,1,0,1,0.99,1.03,0
300235,7,17,1,1,0,1,0.83,0.9108,4
300235,8,3,1,1,0,1,0.97,1.0136,0
300235,9,16,1,1,0,1,0.84,0.9244000000000001,5
300235,10,32,0,0,1,1,-0.3200000000000001,-0.1503999999999998,12
300235,11,1,1,1,0,1,0.99,1.03,0
300235,12,15,1,1,0,1,0.85,0.92,10
300235,13,18,1,1,0,1,0.82,0.9032,3
300235,14,16,1,1,0,1,0.84,0.9292,5
300235,15,21,1,1,0,1,0.7899999999999999,0.8828,8
300236,0,32,0,0,1,1,-0.3200000000000001,-0.06919999999999991,2
300236,1,32,0,0,1,1,-0.3200000000000001,-0.060799999999999924,5
300236,2,15,1,1,0,1,0.85,1.0144,0
300236,3,32,0,0,1,1,-0.3200000000000001,-0.04159999999999983,10
300236,4,25,1,1,0,1,0.7499999999999999,0.9840000000000001,4
300236,5,26,1,1,0,1,0.74,0.9224000000000001,3
300236,6,31,1,1,0,1,0.69,0.9144000000000001,8
300236,7,32,0,0,1,1,-0.3200000000000001,-0.08359999999999988,11
300236,8,32,0,0,1,1,-0.3200000000000001,-0.05959999999999985,6
300236,9,3,1,1,0,1,0.97,1.0936,0
300236,10,32,0,0,1,1,-0.3200000000000001,-0.10520000000000003,1
300236,11,19,1,1,0,1,0.8099999999999999,1.0068000000000001,2
300236,12,26,1,1,0,1,0.74,0.9380000000000001,3
300236,13,13,1,1,0,1,0.87,1.02,2
300236,14,29,1,1,0,1,0.71,0.9248000000000001,12
300236,15,32,0,0,1,1,-0.3200000000000001,-0.06319999999999984,4
300237,0,32,0,0,1,1,-0.3200000000000001,0.11440000000000008,12
300237,1,32,0,0,1,1,-0.3200000000000001,0.0856000000000001,12
300237,2,32,0,0,1,1,-0.3200000000000001,0.12160000000000015,14
300237,3,32,0,0,1,1,-0.3200000000000001,0.11560000000000012,13
300237,4,32,0,0,1,1,-0.3200000000000001,0.11560000000000012,11
300237,5,32,0,0,1,1,-0.3200000000000001,0.09760000000000013,12
300237,6,32,0,0,1,1,-0.3200000000000001,0.11080000000000012,8
300237,7,32,0,0,1,1,-0.3200000000000001,0.12160000000000015,11
300237,8,32,0,0,1,1,-0.3200000000000001,0.11320000000000012,12
300237,9,32,0,0,1,1,-0.3200000000000001,0.09400000000000011,5
300237,10,32,0,0,1,1,-0.3200000000000001,0.11800000000000013,7
300237,11,32,0,0,1,1,-0.3200000000000001,0.14920000000000017,16
300237,12,32,0,0,1,1,-0.3200000000000001,0.12280000000000016,8
300237,13,32,0,0,1,1,-0.3200000000000001,0.10840000000000014,8
300237,14,32,0,0,1,1,-0.3200000000000001,0.11680000000000013,13
300237,15,32,0,0,1,1,-0.3200000000000001,0.0352000000000001,9
300238,0,32,0,0,1,1,-0.3200000000000001,0.0008000000000001617,11
300238,1,32,0,0,1,1,-0.3200000000000001,0.005600000000000133,14
300238,2,32,0,0,1,1,-0.3200000000000001,-0.03999999999999991,10
300238,3,32,0,0,1,1,-0.3200000000000001,0.014000000000000179,11
300238,4,32,0,0,1,1,-0.3200000000000001,0.011600000000000152,14
300238,5,32,0,0,1,1,-0.3200000000000001,0.044000000000000206,15
300238,6,32,0,0,1,1,-0.3200000000000001,0.020000000000000157,12
300238,7,17,1,1,0,1,0.83,1.068,11
300238,8,32,0,0,1,1,-0.3200000000000001,-0.0015999999999998238,18
300238,9,32,0,0,1,1,-0.3200000000000001,0.04640000000000022,10
300238,10,32,0,0,1,1,-0.3200000000000001,-0.008799999999999947,13
300238,11,32,0,0,1,1,-0.3200000000000001,-0.027999999999999907,13
300238,12,26,1,1,0,1,0.74,0.9720000000000001,12
300238,13,11,1,1,0,1,0.89,1.0812000000000002,3
300238,14,32,0,0,1,1,-0.3200000000000001,-0.009999999999999891,16
300238,15,32,0,0,1,1,-0.3200000000000001,0.034400000000000264,9
300239,0,10,1,1,0,1,0.9,0.9968,4
300239,1,32,0,0,1,1,-0.3200000000000001,-0.11159999999999992,13
300239,2,23,1,1,0,1,0.7699999999999999,0.8932000000000001,11
300239,3,32,0,0,1,1,-0.3200000000000001,-0.07319999999999988,7
300239,4,32,0,0,1,1,-0.3200000000000001,-0.0719999999999999,14
300239,5,32,0,0,1,1,-0.3200000000000001,-0.07919999999999991,19
300239,6,3,1,1,0,1,0.97,1.0536,1
300239,7,8,1,1,0,1,0.9199999999999999,1.0132,4
300239,8,32,0,0,1,1,-0.3200000000000001,-0.0899999999999999,4
300239,9,5,1,1,0,1,0.95,1.0372000000000001,1
300239,10,2,1,1,0,1,0.98,1.0612,0
300239,11,32,0,0,1,1,-0.3200000000000001,-0.08999999999999993,8
300239,12,25,1,1,0,1,0.7499999999999999,0.8804000000000001,15
300239,13,30,1,1,0,1,0.7,0.9012000000000001,6
300239,14,32,0,0,1,1,-0.3200000000000001,-0.0875999999999999,12
300239,15,32,0,0,1,1,-0.3200000000000001,-0.08039999999999992,9
300240,0,32,0,0,1,1,-0.3200000000000001,0.038400000000000156,12
300240,1,32,0,0,1,1,-0.3200000000000001,0.04200000000000009,8
300240,2,32,0,0,1,1,-0.3200000000000001,0.026400000000000118,5
300240,3,32,0,0,1,1,-0.3200000000000001,0.0564000000000002,12
300240,4,32,0,0,1,1,-0.3200000000000001,0.014400000000000156,9
300240,5,27,1,1,0,1,0.73,1.0044000000000002,2
300240,6,30,1,1,0,1,0.7,1.0176,15
300240,7,32,0,0,1,1,-0.3200000000000001,-0.009599999999999914,8
300240,8,32,0,0,1,1,-0.3200000000000001,0.049200000000000174,23
300240,9,20,1,1,0,1,0.7999999999999999,1.0948,1
300240,10,32,0,0,1,1,-0.3200000000000001,0.04560000000000011,19
300240,11,32,0,0,1,1,-0.3200000000000001,0.006000000000000089,5
300240,12,32,0,0,1,1,-0.3200000000000001,0.022800000000000112,11
300240,13,32,0,0,1,1,-0.3200000000000001,0.031200000000000144,10
300240,14,32,0,0,1,1,-0.3200000000000001,0.051600000000000146,12
300240,15,32,0,0,1,1,-0.3200000000000001,0.05760000000000018,22
300241,0,32,0,0,1,1,-0.3200000000000001,0.20560000000000034,13
300241,1,32,0,0,1,1,-0.3200000000000001,0.1624000000000002,7
300241,2,32,0,0,1,1,-0.3200000000000001,0.19600000000000029,9
300241,3,32,0,0,1,1,-0.3200000000000001,0.13960000000000017,8
300241,4,32,0,0,1,1,-0.3200000000000001,0.14680000000000018,12
300241,5,32,0,0,1,1,-0.3200000000000001,0.1888000000000003,7
300241,6,24,1,1,0,1,0.7599999999999999,1.0972000000000002,8
300241,7,32,0,0,1,1,-0.3200000000000001,0.17680000000000023,5
300241,8,32,0,0,1,1,-0.3200000000000001,0.1108000000000001,8
300241,9,32,1,1,0,1,0.6799999999999999,1.0628000000000002,12
300241,10,32,0,0,1,1,-0.3200000000000001,0.18280000000000024,7
300241,11,32,0,0,1,1,-0.3200000000000001,0.1516000000000002,7
300241,12,32,0,0,1,1,-0.3200000000000001,0.1432000000000002,10
300241,13,32,0,0,1,1,-0.3200000000000001,0.1648000000000002,8
300241,14,32,0,0,1,1,-0.3200000000000001,0.11560000000000017,9
300241,15,32,0,0,1,1,-0.3200000000000001,0.15280000000000024,9
300242,0,32,0,0,1,1,-0.3200000000000001,-0.18159999999999996,13
300242,1,20,1,1,0,1,0.7999999999999999,0.882,5
300242,2,21,1,1,0,1,0.7899999999999999,0.8924000000000001,4
300242,3,32,0,0,1,1,-0.3200000000000001,-0.1552,16
300242,4,2,1,1,0,1,0.98,1.0212,1
300242,5,5,1,1,0,1,0.95,0.9972000000000001,0
300242,6,1,1,1,0,1,0.99,1.03,0
300242,7,25,1,1,0,1,0.7499999999999999,0.8536000000000001,10
300242,8,27,1,1,0,1,0.73,0.8408,6
300242,9,2,1,1,0,1,0.98,1.0212,1
300242,10,1,1,1,0,1,0.99,1.03,0
300242,11,32,0,0,1,1,-0.3200000000000001,-0.1827999999999999,15
300242,12,11,1,1,0,1,0.89,0.9612,2
300242,13,32,0,0,1,1,-0.3200000000000001,-0.11080000000000001,22
300242,14,2,1,1,0,1,0.98,1.0212,1
300242,15,1,1,1,0,1,0.99,1.03,0
300243,0,3,1,1,0,1,0.97,1.0536,1
300243,1,13,1,1,0,1,0.87,0.9884000000000001,3
300243,2,7,1,1,0,1,0.9299999999999999,1.022,3
300243,3,4,1,1,0,1,0.96,1.046,2
300243,4,32,0,0,1,1,-0.3200000000000001,-0.14879999999999993,10
300243,5,9,1,1,0,1,0.91,1.0068000000000001,5
300243,6,23,1,1,0,1,0.7699999999999999,0.9112,13
300243,7,2,1,1,0,1,0.98,1.0612,0
300243,8,2,1,1,0,1,0.98,1.0612,0
300243,9,32,0,0,1,1,-0.3200000000000001,-0.14159999999999995,9
300243,10,32,0,0,1,1,-0.3200000000000001,-0.12959999999999977,20
300243,11,32,0,0,1,1,-0.3200000000000001,-0.14039999999999986,16
300243,12,4,1,1,0,1,0.96,1.0448,0
300243,13,15,1,1,0,1,0.85,0.9612,7
300243,14,6,1,1,0,1,0.94,1.0296,2
300243,15,32,0,0,1,1,-0.3200000000000001,-0.1379999999999999,10
300244,0,2,1,1,0,1,0.98,1.0612,0
300244,1,29,1,1,0,1,0.71,0.9316000000000001,9
300244,2,32,0,0,1,1,-0.3200000000000001,-0.09479999999999994,11
300244,3,4,1,1,0,1,0.96,1.0472000000000001,0
300244,4,32,0,0,1,1,-0.3200000000000001,-0.06959999999999988,12
300244,5,25,1,1,0,1,0.7499999999999999,0.9044000000000001,3
300244,6,32,0,0,1,1,-0.3200000000000001,-0.1067999999999999,10
300244,7,32,0,0,1,1,-0.3200000000000001,-0.04799999999999985,14
300244,8,32,0,0,1,1,-0.3200000000000001,-0.11039999999999989,8
300244,9,32,1,1,0,1,0.6799999999999999,0.8308,8
300244,10,32,0,0,1,1,-0.3200000000000001,-0.13079999999999997,8
300244,11,9,1,1,0,1,0.91,1.0152,1
300244,12,10,1,1,0,1,0.9,1.0076,0
300244,13,32,0,0,1,1,-0.3200000000000001,-0.132,4
300244,14,32,0,0,1,1,-0.3200000000000001,-0.15839999999999999,8
300244,15,20,1,1,0,1,0.7999999999999999,0.9352,0
300245,0,32,0,0,1,1,-0.3200000000000001,0.04920000000000019,6
300245,1,32,0,0,1,1,-0.3200000000000001,0.02400000000000009,3
300245,2,32,0,0,1,1,-0.3200000000000001,0.10920000000000019,14
300245,3,10,1,1,0,1,0.9,1.1336,1
300245,4,32,0,0,1,1,-0.3200000000000001,0.17760000000000034,17
300245,5,32,0,0,1,1,-0.3200000000000001,0.0960000000000002,9
300245,6,32,0,0,1,1,-0.3200000000000001,0.10080000000000017,15
300245,7,32,0,0,1,1,-0.3200000000000001,0.027600000000000124,10
300245,8,23,1,1,0,1,0.7699999999999999,1.0684,6
300245,9,32,0,0,1,1,-0.3200000000000001,0.015600000000000086,6
300245,10,32,0,0,1,1,-0.3200000000000001,0.032400000000000165,5
300245,11,32,0,0,1,1,-0.3200000000000001,0.16800000000000026,11
300245,12,17,1,1,0,1,0.83,1.1212,4
300245,13,32,0,0,1,1,-0.3200000000000001,0.15000000000000033,12
300245,14,32,0,0,1,1,-0.3200000000000001,0.019200000000000106,6
300245,15,32,0,0,1,1,-0.3200000000000001,0.02520000000000011,2
300246,0,31,1,1,0,1,0.69,0.8804000000000001,7
300246,1,3,1,1,0,1,0.97,1.0536,1
300246,2,8,1,1,0,1,0.9199999999999999,1.0144,4
300246,3,13,1,1,0,1,0.87,0.9788000000000001,5
300246,4,32,0,0,1,1,-0.3200000000000001,-0.11279999999999991,20
300246,5,32,0,0,1,1,-0.3200000000000001,-0.09119999999999992,10
300246,6,3,1,1,0,1,0.97,1.0536,1
300246,7,32,0,0,1,1,-0.3200000000000001,-0.15719999999999998,8
300246,8,32,0,0,1,1,-0.3200000000000001,-0.09479999999999994,17
300246,9,14,1,1,0,1,0.86,0.9712000000000001,6
300246,10,24,1,1,0,1,0.7599999999999999,0.9312000000000001,6
300246,11,32,0,0,1,1,-0.3200000000000001,-0.07079999999999986,11
300246,12,32,0,0,1,1,-0.3200000000000001,-0.1488,9
300246,13,4,1,1,0,1,0.96,1.046,2
300246,14,32,0,0,1,1,-0.3200000000000001,-0.11759999999999993,15
300246,15,32,0,0,1,1,-0.3200000000000001,-0.10799999999999993,11
300247,0,1,1,1,0,1,0.99,1.03,0
300247,1,5,1,1,0,1,0.95,0.996,2
300247,2,13,1,1,0,1,0.87,0.9352,8
300247,3,20,1,1,0,1,0.7999999999999999,0.8832000000000001,15
300247,4,26,1,1,0,1,0.74,0.8580000000000001,7
300247,5,1,1,1,0,1,0.99,1.03,0
300247,6,4,1,1,0,1,0.96,1.0048,1
300247,7,32,0,0,1,1,-0.3200000000000001,-0.21159999999999993,23
300247,8,20,1,1,0,1,0.7999999999999999,0.8772000000000001,13
300247,9,1,1,1,0,1,0.99,1.03,0
300247,10,4,1,1,0,1,0.96,1.0048,1
300247,11,1,1,1,0,1,0.99,1.03,0
300247,12,32,0,0,1,1,-0.3200000000000001,-0.20799999999999993,15
300247,13,12,1,1,0,1,0.88,0.9440000000000001,9
300247,14,9,1,1,0,1,0.91,0.9656,4
300247,15,9,1,1,0,1,0.91,0.9656,4
300248,0,1,1,1,0,1,0.99,1.03,0
300248,1,10,1,1,0,1,0.9,0.9556,5
300248,2,32,0,0,1,1,-0.3200000000000001,-0.1552,7
300248,3,1,1,1,0,1,0.99,1.03,0
300248,4,32,0,0,1,1,-0.3200000000000001,-0.17679999999999998,10
300248,5,32,0,0,1,1,-0.3200000000000001,-0.18279999999999996,6
300248,6,15,1,1,0,1,0.85,0.9368000000000001,2
300248,7,17,1,1,0,1,0.83,0.906,2
300248,8,3,1,1,0,1,0.97,1.0136,0
300248,9,5,1,1,0,1,0.95,0.9972000000000001,0
300248,10,32,0,0,1,1,-0.3200000000000001,-0.16839999999999988,11
300248,11,1,1,1,0,1,0.99,1.03,0
300248,12,3,1,1,0,1,0.97,1.0136,0
300248,13,1,1,1,0,1,0.99,1.03,0
300248,14,32,0,0,1,1,-0.3200000000000001,-0.11919999999999992,12
300248,15,1,1,1,0,1,0.99,1.03,0
300249,0,32,0,0,1,1,-0.3200000000000001,-0.03159999999999982,9
300249,1,32,0,0,1,1,-0.3200000000000001,0.022400000000000253,7
300249,2,32,0,0,1,1,-0.3200000000000001,0.0020000000000001406,10
300249,3,32,0,0,1,1,-0.3200000000000001,-0.06759999999999988,7
300249,4,23,1,1,0,1,0.7699999999999999,1.0404000000000002,5
300249,5,32,0,0,1,1,-0.3200000000000001,-0.05199999999999991,12
300249,6,32,0,0,1,1,-0.3200000000000001,0.024800000000000155,6
300249,7,32,0,0,1,1,-0.3200000000000001,-0.055599999999999955,10
300249,8,32,0,0,1,1,-0.3200000000000001,0.01160000000000011,9
300249,9,32,0,0,1,1,-0.3200000000000001,0.012800000000000158,14
300249,10,32,0,0,1,1,-0.3200000000000001,0.046400000000000136,12
300249,11,6,1,1,0,1,0.94,1.1144,2
300249,12,32,0,0,1,1,-0.3200000000000001,0.053600000000000286,15
300249,13,32,0,0,1,1,-0.3200000000000001,-0.06999999999999991,10
300249,14,32,0,0,1,1,-0.3200000000000001,0.022400000000000198,6
300249,15,32,0,0,1,1,-0.3200000000000001,-0.03279999999999986,7
300250,0,32,0,0,1,1,-0.3200000000000001,0.044800000000000076,6
300250,1,15,1,1,0,1,0.85,1.1680000000000001,9
300250,2,18,1,1,0,1,0.82,1.1224,2
300250,3,32,0,0,1,1,-0.3200000000000001,0.05440000000000009,6
300250,4,32,0,0,1,1,-0.3200000000000001,0.09760000000000017,17
300250,5,32,0,0,1,1,-0.3200000000000001,0.07840000000000012,12
300250,6,32,0,0,1,1,-0.3200000000000001,0.06640000000000013,13
300250,7,32,0,0,1,1,-0.3200000000000001,0.09400000000000014,16
300250,8,32,0,0,1,1,-0.3200000000000001,0.08920000000000014,10
300250,9,32,0,0,1,1,-0.3200000000000001,0.09880000000000014,11
300250,10,32,0,0,1,1,-0.3200000000000001,0.11680000000000013,18
300250,11,19,1,1,0,1,0.8099999999999999,1.1484,7
300250,12,32,0,0,1,1,-0.3200000000000001,0.05800000000000014,7
300250,13,32,0,0,1,1,-0.3200000000000001,0.037600000000000106,15
300250,14,32,0,0,1,1,-0.3200000000000001,0.10960000000000013,19
300250,15,15,1,1,0,1,0.85,1.1560000000000001,3
300251,0,12,1,1,0,1,0.88,0.9864,2
300251,1,7,1,1,0,1,0.9299999999999999,1.022,1
300251,2,4,1,1,0,1,0.96,1.0472000000000001,0
300251,3,32,0,0,1,1,-0.3200000000000001,-0.035999999999999754,9
300251,4,2,1,1,0,1,0.98,1.0612,0
300251,5,32,0,0,1,1,-0.3200000000000001,-0.07319999999999978,9
300251,6,32,0,0,1,1,-0.3200000000000001,-0.07079999999999975,6
300251,7,32,0,0,1,1,-0.3200000000000001,-0.05519999999999975,6
300251,8,2,1,1,0,1,0.98,1.0612,0
300251,9,3,1,1,0,1,0.97,1.0524,1
300251,10,12,1,1,0,1,0.88,0.978,4
300251,11,5,1,1,0,1,0.95,1.0372000000000001,1
300251,12,3,1,1,0,1,0.97,1.0524,1
300251,13,4,1,1,0,1,0.96,1.0436,2
300251,14,6,1,1,0,1,0.94,1.0308,2
300251,15,32,0,0,1,1,-0.3200000000000001,-0.05279999999999968,7
300252,0,21,1,1,0,1,0.7899999999999999,1.12,9
300252,1,32,0,0,1,1,-0.3200000000000001,0.0628000000000001,11
300252,2,32,0,0,1,1,-0.3200000000000001,0.07840000000000012,16
300252,3,32,0,0,1,1,-0.3200000000000001,0.06880000000000011,10
300252,4,32,0,0,1,1,-0.3200000000000001,0.10480000000000013,15
300252,5,32,0,0,1,1,-0.3200000000000001,0.10600000000000015,17
300252,6,32,0,0,1,1,-0.3200000000000001,0.03280000000000005,6
300252,7,32,0,0,1,1,-0.3200000000000001,0.07360000000000015,12
300252,8,32,0,0,1,1,-0.3200000000000001,0.06040000000000012,11
300252,9,32,0,0,1,1,-0.3200000000000001,0.04720000000000012,4
300252,10,32,0,0,1,1,-0.3200000000000001,0.03640000000000006,7
300252,11,32,0,0,1,1,-0.3200000000000001,0.07000000000000012,12
300252,12,32,0,0,1,1,-0.3200000000000001,0.07480000000000012,13
300252,13,32,0,0,1,1,-0.3200000000000001,0.0616000000000001,11
300252,14,32,0,0,1,1,-0.3200000000000001,0.10840000000000014,17
300252,15,32,0,0,1,1,-0.3200000000000001,0.11320000000000012,14
300253,0,32,0,0,1,1,-0.3200000000000001,0.16520000000000018,7
300253,1,32,0,0,1,1,-0.3200000000000001,0.2108000000000002,11
300253,2,32,0,0,1,1,-0.3200000000000001,0.20480000000000018,11
300253,3,32,0,0,1,1,-0.3200000000000001,0.17960000000000015,7
300253,4,32,0,0,1,1,-0.3200000000000001,0.0872000000000001,16
300253,5,32,0,0,1,1,-0.3200000000000001,0.13880000000000012,11
300253,6,19,1,1,0,1,0.8099999999999999,1.1812,2
300253,7,32,0,0,1,1,-0.3200000000000001,0.15200000000000008,7
300253,8,32,0,0,1,1,-0.3200000000000001,0.1928000000000002,12
300253,9,32,0,0,1,1,-0.3200000000000001,0.19040000000000012,11
300253,10,32,0,0,1,1,-0.3200000000000001,0.16520000000000018,11
300253,11,32,0,0,1,1,-0.3200000000000001,0.17720000000000014,7
300253,12,32,0,0,1,1,-0.3200000000000001,0.18680000000000022,10
300253,13,32,0,0,1,1,-0.3200000000000001,0.17000000000000015,10
300253,14,32,0,0,1,1,-0.3200000000000001,0.1556000000000001,13
300253,15,32,0,0,1,1,-0.3200000000000001,0.1568000000000001,14
300254,0,23,1,1,0,1,0.7699999999999999,0.9920000000000001,10
300254,1,25,1,1,0,1,0.7499999999999999,0.9684,6
300254,2,7,1,1,0,1,0.9299999999999999,1.068,4
300254,3,32,0,0,1,1,-0.3200000000000001,-0.04879999999999987,18
300254,4,32,0,0,1,1,-0.3200000000000001,-0.08599999999999997,4
300254,5,32,0,0,1,1,-0.3200000000000001,-0.05839999999999987,8
300254,6,9,1,1,0,1,0.91,1.054,0
300254,7,32,0,0,1,1,-0.3200000000000001,-0.11719999999999998,6
300254,8,32,0,0,1,1,-0.3200000000000001,-0.0595999999999999,12
300254,9,32,0,0,1,1,-0.3200000000000001,-0.0391999999999999,12
300254,10,17,1,1,0,1,0.83,1.004,6
300254,11,32,0,0,1,1,-0.3200000000000001,-0.039199999999999874,10
300254,12,8,1,1,0,1,0.9199999999999999,1.064,3
300254,13,7,1,1,0,1,0.9299999999999999,1.0668,2
300254,14,32,0,0,1,1,-0.3200000000000001,-0.04999999999999993,11
300254,15,32,0,0,1,1,-0.3200000000000001,-0.005599999999999772,12
300255,0,3,1,1,0,1,0.97,1.0536,1
300255,1,32,0,0,1,1,-0.3200000000000001,-0.17040000000000002,8
300255,2,32,0,0,1,1,-0.3200000000000001,-0.1055999999999998,15
300255,3,14,1,1,0,1,0.86,0.9652000000000001,4
300255,4,2,1,1,0,1,0.98,1.0612,0
300255,5,4,1,1,0,1,0.96,1.0448,0
300255,6,32,0,0,1,1,-0.3200000000000001,-0.15959999999999996,18
300255,7,10,1,1,0,1,0.9,0.9968,4
300255,8,32,0,0,1,1,-0.3200000000000001,-0.10679999999999995,9
300255,9,32,0,0,1,1,-0.3200000000000001,-0.10799999999999993,15
300255,10,5,1,1,0,1,0.95,1.036,1
300255,11,2,1,1,0,1,0.98,1.0612,0
300255,12,32,0,0,1,1,-0.3200000000000001,-0.11879999999999996,9
300255,13,4,1,1,0,1,0.96,1.0448,0
300255,14,32,0,0,1,1,-0.3200000000000001,-0.12719999999999992,13
300255,15,27,1,1,0,1,0.73,0.8676000000000001,9
