bank_id,condition,policy,seed,checkpoint,checkpoint_complete,mode,panel,map_seed,task_hash,repetition,success,steps,base_return,shaped_return,noop_steps,moving_steps,moved_revisits,unique_positions,winnable_steps,optimal_winnable_actions,avoidable_failure_actions,action_regret_sum,q_abs_error_sum,q_error_steps,initial_abs_q_error,parameter_hash,reference_sample_id
shared,shared,random_actions,0,30000,1,reference,panel_0,1020000,9c19af0a87518c4ba1b6831cb86a6e14dbb4d2ad0f22d78ce5c12c013bff3eae,0,0,32,-0.3200000000000001,0.09040000000000009,13,19,8,12,31,11,1,1.8900372318729008,0.0,0,,random_actions,random_actions:panel_0:0:1020000:0
shared,shared,random_actions,0,30000,1,reference,panel_0,1020000,9c19af0a87518c4ba1b6831cb86a6e14dbb4d2ad0f22d78ce5c12c013bff3eae,1,1,29,0.71,1.1072000000000002,13,16,9,8,29,11,0,0.8074043104931617,0.0,0,,random_actions,random_actions:panel_0:0:1020000:1
shared,shared,random_actions,0,30000,1,reference,panel_0,1020001,c98116acd255e38a326a2f6e2ad1d6a645a73c1c8e703a3b942814700e880299,0,0,32,-0.3200000000000001,-0.17919999999999986,18,14,7,8,29,4,1,2.0846090600000022,0.0,0,,random_actions,random_actions:panel_0:0:1020001:0
shared,shared,random_actions,0,30000,1,reference,panel_0,1020001,c98116acd255e38a326a2f6e2ad1d6a645a73c1c8e703a3b942814700e880299,1,1,14,0.86,0.9504,1,13,4,10,14,7,0,0.4825129115140008,0.0,0,,random_actions,random_actions:panel_0:0:1020001:1
shared,shared,random_actions,0,30000,1,reference,panel_0,1020002,90907afd6c54d0e4b7a9a3b39cc4b4d1265e2382dc76c1716413ca484ec6944c,0,1,7,0.9299999999999999,1.0244,1,6,1,6,7,4,0,0.19142546000000038,0.0,0,,random_actions,random_actions:panel_0:0:1020002:0
shared,shared,random_actions,0,30000,1,reference,panel_0,1020002,90907afd6c54d0e4b7a9a3b39cc4b4d1265e2382dc76c1716413ca484ec6944c,1,0,32,-0.3200000000000001,-0.06599999999999985,10,22,13,10,28,8,1,1.9548398876014943,0.0,0,,random_actions,random_actions:panel_0:0:1020002:1
shared,shared,random_actions,0,30000,1,reference,panel_0,1020003,6f45370f67e8c74f5e936991385eb2968e7684c4f26e03b170453ab8adb06fc7,0,0,32,-0.3200000000000001,-0.09559999999999994,4,28,18,11,30,13,1,2.032663133157002,0.0,0,,random_actions,random_actions:panel_0:0:1020003:0
shared,shared,random_actions,0,30000,1,reference,panel_0,1020003,6f45370f67e8c74f5e936991385eb2968e7684c4f26e03b170453ab8adb06fc7,1,0,32,-0.3200000000000001,-0.0619999999999999,9,23,15,9,29,10,1,1.9737909980850015,0.0,0,,random_actions,random_actions:panel_0:0:1020003:1
shared,shared,random_actions,0,30000,1,reference,panel_0,1020004,40cffee73c706d65a2c28705989ff84b3d71df0e10abae67aa1522a70745feb3,0,1,1,0.99,1.03,0,1,0,2,1,1,0,0.0,0.0,0,,random_actions,random_actions:panel_0:0:1020004:0
shared,shared,random_actions,0,30000,1,reference,panel_0,1020004,40cffee73c706d65a2c28705989ff84b3d71df0e10abae67aa1522a70745feb3,1,1,16,0.84,0.9112,5,11,5,7,16,6,0,0.5824347300000011,0.0,0,,random_actions,random_actions:panel_0:0:1020004:1
shared,shared,random_actions,0,30000,1,reference,panel_0,1020005,25c09c7470631e431b14fbfb020b614e78e88b4116d15624408b63bcd71d81cc,0,0,32,-0.3200000000000001,0.025600000000000178,9,23,11,13,26,7,1,1.8334338247567523,0.0,0,,random_actions,random_actions:panel_0:0:1020005:0
shared,shared,random_actions,0,30000,1,reference,panel_0,1020005,25c09c7470631e431b14fbfb020b614e78e88b4116d15624408b63bcd71d81cc,1,0,32,-0.3200000000000001,-0.09319999999999988,8,24,16,9,31,12,1,2.056090757457002,0.0,0,,random_actions,random_actions:panel_0:0:1020005:1
shared,shared,random_actions,0,30000,1,reference,panel_0,1020006,80bbe5494d93268e202a106b6fb8b8602f408948435f028d93b2e7b0e5c6edff,0,1,2,0.98,1.0612,0,2,0,3,2,2,0,0.0,0.0,0,,random_actions,random_actions:panel_0:0:1020006:0
shared,shared,random_actions,0,30000,1,reference,panel_0,1020006,80bbe5494d93268e202a106b6fb8b8602f408948435f028d93b2e7b0e5c6edff,1,0,32,-0.3200000000000001,-0.1187999999999999,9,23,12,12,29,9,1,2.0313913291000016,0.0,0,,random_actions,random_actions:panel_0:0:1020006:1
shared,shared,random_actions,0,30000,1,reference,panel_0,1020007,b1c7587d4ab70f72591566f9a9e24e980a90635203cb6a771c2690e5e47d7ab0,0,1,27,0.73,1.1480000000000001,10,17,7,11,27,12,0,0.7101833918101327,0.0,0,,random_actions,random_actions:panel_0:0:1020007:0
shared,shared,random_actions,0,30000,1,reference,panel_0,1020007,b1c7587d4ab70f72591566f9a9e24e980a90635203cb6a771c2690e5e47d7ab0,1,0,32,-0.3200000000000001,0.10640000000000008,11,21,13,9,30,12,1,1.8498373261111323,0.0,0,,random_actions,random_actions:panel_0:0:1020007:1
shared,shared,random_actions,0,30000,1,reference,panel_0,1020008,feead6e7bddad13f12fa8fd7eddc6989329cbe314b989731eaa46c3c64f1eb6f,0,1,13,0.87,1.2160000000000002,2,11,2,10,13,9,0,0.20692219965223257,0.0,0,,random_actions,random_actions:panel_0:0:1020008:0
shared,shared,random_actions,0,30000,1,reference,panel_0,1020008,feead6e7bddad13f12fa8fd7eddc6989329cbe314b989731eaa46c3c64f1eb6f,1,0,32,-0.3200000000000001,0.11720000000000011,8,24,15,10,29,12,1,1.815669980913552,0.0,0,,random_actions,random_actions:panel_0:0:1020008:1
shared,shared,random_actions,0,30000,1,reference,panel_0,1020009,ac670dccf17083f8b3eb127c7e5198712f88c7acee092942f73128f6381bd9e1,0,1,12,0.88,1.0712000000000002,0,12,5,8,12,8,0,0.30352130810000066,0.0,0,,random_actions,random_actions:panel_0:0:1020009:0
shared,shared,random_actions,0,30000,1,reference,panel_0,1020009,ac670dccf17083f8b3eb127c7e5198712f88c7acee092942f73128f6381bd9e1,1,0,32,-0.3200000000000001,-0.0279999999999999,5,27,17,11,31,14,1,1.9950214962482915,0.0,0,,random_actions,random_actions:panel_0:0:1020009:1
shared,shared,random_actions,0,30000,1,reference,panel_0,1020011,c4967d9a88121037f7729f9d157ecea6090a86a730002ec53f7b563d2b276f7e,0,0,32,-0.3200000000000001,0.14480000000000015,13,19,12,8,29,10,1,1.7888804994793346,0.0,0,,random_actions,random_actions:panel_0:0:1020011:0
shared,shared,random_actions,0,30000,1,reference,panel_0,1020011,c4967d9a88121037f7729f9d157ecea6090a86a730002ec53f7b563d2b276f7e,1,0,32,-0.3200000000000001,0.11720000000000011,10,22,11,12,31,13,1,1.8674086679672772,0.0,0,,random_actions,random_actions:panel_0:0:1020011:1
shared,shared,random_actions,0,30000,1,reference,panel_0,1020012,9ddf0f0784e0e196e782e0962ca132e0a09924dd109e59a8d34299081677a845,0,1,1,0.99,1.03,0,1,0,2,1,1,0,0.0,0.0,0,,random_actions,random_actions:panel_0:0:1020012:0
shared,shared,random_actions,0,30000,1,reference,panel_0,1020012,9ddf0f0784e0e196e782e0962ca132e0a09924dd109e59a8d34299081677a845,1,0,32,-0.3200000000000001,-0.18279999999999996,12,20,10,11,29,8,1,2.089473818600002,0.0,0,,random_actions,random_actions:panel_0:0:1020012:1
shared,shared,random_actions,0,30000,1,reference,panel_0,1020013,d8c97f426e4d90e06c9d3dfc671114b88d1e90c183ce877cd92d0b29aed6f809,0,0,32,-0.3200000000000001,0.10960000000000023,19,13,6,8,32,9,1,1.9025798306275736,0.0,0,,random_actions,random_actions:panel_0:0:1020013:0
shared,shared,random_actions,0,30000,1,reference,panel_0,1020013,d8c97f426e4d90e06c9d3dfc671114b88d1e90c183ce877cd92d0b29aed6f809,1,0,32,-0.3200000000000001,0.12760000000000016,6,26,17,10,28,13,1,1.7795352454520579,0.0,0,,random_actions,random_actions:panel_0:0:1020013:1
shared,shared,random_actions,0,30000,1,reference,panel_0,1020014,64465715ac4b0c2c4f6a94e91df1032d82bc12cadc2e5494568c7339d175e38c,0,0,32,-0.3200000000000001,0.07000000000000015,8,24,16,9,28,11,1,1.8301014904332917,0.0,0,,random_actions,random_actions:panel_0:0:1020014:0
shared,shared,random_actions,0,30000,1,reference,panel_0,1020014,64465715ac4b0c2c4f6a94e91df1032d82bc12cadc2e5494568c7339d175e38c,1,0,32,-0.3200000000000001,0.11080000000000018,19,13,6,8,29,7,1,1.8189821176644794,0.0,0,,random_actions,random_actions:panel_0:0:1020014:1
shared,shared,random_actions,0,30000,1,reference,panel_0,1020015,bef6aba505c02fb7722b6dc06efd6732d01951f1da6037b73936a562a1c3dc61,0,1,5,0.95,0.996,2,3,1,3,5,2,0,0.15760900000000022,0.0,0,,random_actions,random_actions:panel_0:0:1020015:0
shared,shared,random_actions,0,30000,1,reference,panel_0,1020015,bef6aba505c02fb7722b6dc06efd6732d01951f1da6037b73936a562a1c3dc61,1,1,8,0.9199999999999999,0.972,1,7,4,4,8,4,0,0.2743270000000003,0.0,0,,random_actions,random_actions:panel_0:0:1020015:1
shared,shared,random_actions,0,30000,1,reference,panel_0,1020016,ebfd9ced46c8f13fb875c25129b973a2380ebad00e40710904d09b871fa7df38,0,0,32,-0.3200000000000001,0.10840000000000014,6,26,12,15,26,10,1,1.7551097915921883,0.0,0,,random_actions,random_actions:panel_0:0:1020016:0
shared,shared,random_actions,0,30000,1,reference,panel_0,1020016,ebfd9ced46c8f13fb875c25129b973a2380ebad00e40710904d09b871fa7df38,1,0,32,-0.3200000000000001,0.13720000000000018,7,25,14,12,26,10,1,1.7324279884190439,0.0,0,,random_actions,random_actions:panel_0:0:1020016:1
shared,shared,random_actions,0,30000,1,reference,panel_0,1020017,6aa047581e1562f58033bae53bcae9c144ab33c560eb548b33b92b4bef90b402,0,1,8,0.9199999999999999,1.0192,0,8,2,7,8,5,0,0.22758819000000063,0.0,0,,random_actions,random_actions:panel_0:0:1020017:0
shared,shared,random_actions,0,30000,1,reference,panel_0,1020017,6aa047581e1562f58033bae53bcae9c144ab33c560eb548b33b92b4bef90b402,1,1,25,0.7499999999999999,0.8912,5,20,11,10,25,11,0,0.8813338862000017,0.0,0,,random_actions,random_actions:panel_0:0:1020017:1
shared,shared,random_actions,0,30000,1,reference,panel_0,1020018,ef37c10264dd909e56a9b6611cab8397b277d33b602ab123b7832808888e8a4e,0,0,32,-0.3200000000000001,0.2568000000000003,15,17,12,6,26,8,1,1.6348720631010587,0.0,0,,random_actions,random_actions:panel_0:0:1020018:0
shared,shared,random_actions,0,30000,1,reference,panel_0,1020018,ef37c10264dd909e56a9b6611cab8397b277d33b602ab123b7832808888e8a4e,1,0,32,-0.3200000000000001,0.23760000000000017,13,19,11,9,28,10,1,1.690793225577082,0.0,0,,random_actions,random_actions:panel_0:0:1020018:1
shared,shared,random_actions,0,30000,1,reference,panel_0,1020019,d38e9a3992b3dd5ecf9628524852e1cfd9ec1d8ee7ecddeab6bc31fd2fd7fab0,0,1,8,0.9199999999999999,1.0156,2,6,2,5,8,4,0,0.23112546000000056,0.0,0,,random_actions,random_actions:panel_0:0:1020019:0
shared,shared,random_actions,0,30000,1,reference,panel_0,1020019,d38e9a3992b3dd5ecf9628524852e1cfd9ec1d8ee7ecddeab6bc31fd2fd7fab0,1,1,13,0.87,0.9848000000000001,1,12,5,8,13,7,0,0.41673776810000096,0.0,0,,random_actions,random_actions:panel_0:0:1020019:1
shared,shared,random_actions,0,30000,1,reference,panel_0,1020020,f21510972cd083fdd04535a9b7a769bd177140db265c3b669a205b1628f4ec22,0,1,12,0.88,0.9888,6,6,2,5,12,4,0,0.38176603810000087,0.0,0,,random_actions,random_actions:panel_0:0:1020020:0
shared,shared,random_actions,0,30000,1,reference,panel_0,1020020,f21510972cd083fdd04535a9b7a769bd177140db265c3b669a205b1628f4ec22,1,0,32,-0.3200000000000001,-0.06959999999999983,11,21,13,9,27,7,1,1.9365478337144508,0.0,0,,random_actions,random_actions:panel_0:0:1020020:1
shared,shared,random_actions,0,30000,1,reference,panel_0,1020021,69438490727bcd632260503204e59f6718e7874a18177b0183ce4b7920961ebf,0,0,32,-0.3200000000000001,-0.18639999999999984,10,22,14,9,31,10,1,2.1469773248000017,0.0,0,,random_actions,random_actions:panel_0:0:1020021:0
shared,shared,random_actions,0,30000,1,reference,panel_0,1020021,69438490727bcd632260503204e59f6718e7874a18177b0183ce4b7920961ebf,1,0,32,-0.3200000000000001,-0.1624,6,26,16,11,27,8,1,2.0246303453115817,0.0,0,,random_actions,random_actions:panel_0:0:1020021:1
shared,shared,random_actions,0,30000,1,reference,panel_0,1020022,eb342e7835ed51504253d12f22da960bc4c4cde754eb53c7623aafd13de1351d,0,1,26,0.74,1.0224000000000002,6,20,8,13,26,12,0,0.7886670009965807,0.0,0,,random_actions,random_actions:panel_0:0:1020022:0
shared,shared,random_actions,0,30000,1,reference,panel_0,1020022,eb342e7835ed51504253d12f22da960bc4c4cde754eb53c7623aafd13de1351d,1,0,32,-0.3200000000000001,0.0068000000000001115,6,26,18,9,29,11,1,1.9133016935878713,0.0,0,,random_actions,random_actions:panel_0:0:1020022:1
shared,shared,random_actions,0,30000,1,reference,panel_0,1020023,7b4d444b17a227675787c65e85b70bb2c973ee70f3aa1d768fafd7d7cb824cc7,0,0,32,-0.3200000000000001,0.006000000000000075,9,23,13,11,29,11,1,1.9120953030888712,0.0,0,,random_actions,random_actions:panel_0:0:1020023:0
shared,shared,random_actions,0,30000,1,reference,panel_0,1020023,7b4d444b17a227675787c65e85b70bb2c973ee70f3aa1d768fafd7d7cb824cc7,1,0,32,-0.3200000000000001,0.0840000000000001,25,7,5,3,27,3,1,1.7971681611781907,0.0,0,,random_actions,random_actions:panel_0:0:1020023:1
shared,shared,random_actions,0,30000,1,reference,panel_0,1020024,b9090d9f94f5acd41482360bc2ecd6017058d39f789dba0cfcdcd99008e0d584,0,0,32,-0.3200000000000001,0.0712000000000001,15,17,9,9,30,9,1,1.878128270043451,0.0,0,,random_actions,random_actions:panel_0:0:1020024:0
shared,shared,random_actions,0,30000,1,reference,panel_0,1020024,b9090d9f94f5acd41482360bc2ecd6017058d39f789dba0cfcdcd99008e0d584,1,0,32,-0.3200000000000001,0.07840000000000014,18,14,7,8,30,8,1,1.87390969535361,0.0,0,,random_actions,random_actions:panel_0:0:1020024:1
shared,shared,random_actions,0,30000,1,reference,panel_0,1020025,8dc211d1fb62069ed0397750dfedf2f548b86d44c932fb4a85c4ec33325e9ed4,0,1,27,0.73,0.9544000000000001,4,23,15,9,27,13,0,0.8833478928342914,0.0,0,,random_actions,random_actions:panel_0:0:1020025:0
shared,shared,random_actions,0,30000,1,reference,panel_0,1020025,8dc211d1fb62069ed0397750dfedf2f548b86d44c932fb4a85c4ec33325e9ed4,1,1,6,0.94,1.0696,1,5,1,5,6,4,0,0.11671800000000021,0.0,0,,random_actions,random_actions:panel_0:0:1020025:1
shared,shared,random_actions,0,30000,1,reference,panel_0,1020026,61a1c5728cc49f0e875a612ec16863b327e70130f915f455929e64043145adc1,0,0,32,-0.3200000000000001,0.028400000000000175,19,13,7,7,28,5,1,1.8729081737767417,0.0,0,,random_actions,random_actions:panel_0:0:1020026:0
shared,shared,random_actions,0,30000,1,reference,panel_0,1020026,61a1c5728cc49f0e875a612ec16863b327e70130f915f455929e64043145adc1,1,0,32,-0.3200000000000001,-0.026799999999999893,8,24,16,9,29,11,1,1.9401363894825816,0.0,0,,random_actions,random_actions:panel_0:0:1020026:1
shared,shared,random_actions,0,30000,1,reference,panel_0,1020027,902e33dd72ed57d5fe2be0b1159d9202589f11408ab79f8bcf2a0ad1a3f73efa,0,1,2,0.98,1.0212,1,1,0,2,2,1,0,0.03970000000000007,0.0,0,,random_actions,random_actions:panel_0:0:1020027:0
shared,shared,random_actions,0,30000,1,reference,panel_0,1020027,902e33dd72ed57d5fe2be0b1159d9202589f11408ab79f8bcf2a0ad1a3f73efa,1,1,3,0.97,1.0136,0,3,0,4,3,2,0,0.07820900000000008,0.0,0,,random_actions,random_actions:panel_0:0:1020027:1
shared,shared,random_actions,0,30000,1,reference,panel_0,1020028,2a68ace46911ac11c86d4da356a5de21e97d9f07f0305a8e0253583d6bf95921,0,0,32,-0.3200000000000001,-0.09279999999999977,9,23,14,10,26,6,1,1.9381013941039438,0.0,0,,random_actions,random_actions:panel_0:0:1020028:0
shared,shared,random_actions,0,30000,1,reference,panel_0,1020028,2a68ace46911ac11c86d4da356a5de21e97d9f07f0305a8e0253583d6bf95921,1,1,2,0.98,1.0212,1,1,0,2,2,1,0,0.03970000000000007,0.0,0,,random_actions,random_actions:panel_0:0:1020028:1
shared,shared,random_actions,0,30000,1,reference,panel_0,1020029,4c895c4eab8c1ba46287903fcafb6c7f864dbf3f07e1cad946cebbcdfaf36c1b,0,0,32,-0.3200000000000001,0.3624000000000007,12,20,13,8,21,5,1,1.4525666446563745,0.0,0,,random_actions,random_actions:panel_0:0:1020029:0
shared,shared,random_actions,0,30000,1,reference,panel_0,1020029,4c895c4eab8c1ba46287903fcafb6c7f864dbf3f07e1cad946cebbcdfaf36c1b,1,0,32,-0.3200000000000001,0.30600000000000027,13,19,14,6,23,6,1,1.5294106407658676,0.0,0,,random_actions,random_actions:panel_0:0:1020029:1
shared,shared,random_actions,0,30000,1,reference,panel_0,1020030,d34aacdfeb47ba3bfd2a37ea9b09757985e3e5c29d88a2ff33e25446c761e033,0,1,7,0.9299999999999999,1.1540000000000001,2,5,0,6,7,5,0,0.07029224911400034,0.0,0,,random_actions,random_actions:panel_0:0:1020030:0
shared,shared,random_actions,0,30000,1,reference,panel_0,1020030,d34aacdfeb47ba3bfd2a37ea9b09757985e3e5c29d88a2ff33e25446c761e033,1,0,32,-0.3200000000000001,0.02040000000000014,8,24,13,12,28,11,1,1.8752038483420017,0.0,0,,random_actions,random_actions:panel_0:0:1020030:1
shared,shared,random_actions,0,30000,1,reference,panel_0,1020031,1ebcff4a864a5a6a399707b09cfc0715e05a535f953a7cd35dd0b75aaf61f4d2,0,0,32,-0.3200000000000001,-0.1071999999999999,13,19,11,9,28,6,1,1.9973023652917408,0.0,0,,random_actions,random_actions:panel_0:0:1020031:0
shared,shared,random_actions,0,30000,1,reference,panel_0,1020031,1ebcff4a864a5a6a399707b09cfc0715e05a535f953a7cd35dd0b75aaf61f4d2,1,1,1,0.99,1.03,0,1,0,2,1,1,0,0.0,0.0,0,,random_actions,random_actions:panel_0:0:1020031:1
shared,shared,random_actions,0,30000,1,reference,panel_0,1020032,a62f1f07889c2a86e892adb7d0707bf41565034d46ddd42fce473e56fc936aac,0,1,27,0.73,0.906,11,16,10,7,27,9,0,0.930259994299002,0.0,0,,random_actions,random_actions:panel_0:0:1020032:0
shared,shared,random_actions,0,30000,1,reference,panel_0,1020032,a62f1f07889c2a86e892adb7d0707bf41565034d46ddd42fce473e56fc936aac,1,0,32,-0.3200000000000001,-0.11279999999999994,5,27,16,12,30,12,1,2.047422920242002,0.0,0,,random_actions,random_actions:panel_0:0:1020032:1
shared,shared,random_actions,0,30000,1,reference,panel_0,1020033,39754fefe32f1fa9ebf44ae736b0b96a2713781497d5400ba056fb1baed138c1,0,0,32,-0.3200000000000001,-0.06679999999999997,7,25,16,10,32,13,1,2.0603734587270024,0.0,0,,random_actions,random_actions:panel_0:0:1020033:0
shared,shared,random_actions,0,30000,1,reference,panel_0,1020033,39754fefe32f1fa9ebf44ae736b0b96a2713781497d5400ba056fb1baed138c1,1,0,32,-0.3200000000000001,-0.05719999999999997,16,16,6,11,28,7,1,1.9475314199850016,0.0,0,,random_actions,random_actions:panel_0:0:1020033:1
shared,shared,random_actions,0,30000,1,reference,panel_0,1020034,79b3d365448725d48dc07078a08a7cf9d4cceb8acf8332238db84317f5fa7e24,0,0,32,-0.3200000000000001,0.20960000000000018,4,28,17,12,26,11,1,1.6683465970307054,0.0,0,,random_actions,random_actions:panel_0:0:1020034:0
shared,shared,random_actions,0,30000,1,reference,panel_0,1020034,79b3d365448725d48dc07078a08a7cf9d4cceb8acf8332238db84317f5fa7e24,1,1,23,0.7699999999999999,1.2048,10,13,4,10,23,10,0,0.533832676453634,0.0,0,,random_actions,random_actions:panel_0:0:1020034:1
shared,shared,random_actions,0,30000,1,reference,panel_0,1020035,0573676dbd039f4e5ad8b0615fe7d61babed6ad69e86a637c867f202f553b891,0,0,32,-0.3200000000000001,0.1108000000000001,10,22,16,7,28,11,1,1.7983321615526098,0.0,0,,random_actions,random_actions:panel_0:0:1020035:0
shared,shared,random_actions,0,30000,1,reference,panel_0,1020035,0573676dbd039f4e5ad8b0615fe7d61babed6ad69e86a637c867f202f553b891,1,0,32,-0.3200000000000001,0.09400000000000011,9,23,15,9,28,11,1,1.8119212881386104,0.0,0,,random_actions,random_actions:panel_0:0:1020035:1
shared,shared,random_actions,0,30000,1,reference,panel_0,1020036,c055c004899621d6a4429c05cb85ba548ee28abf57a80e1e8ee50a5fd476f3bf,0,1,3,0.97,1.0524,1,2,0,3,3,2,0,0.03970000000000007,0.0,0,,random_actions,random_actions:panel_0:0:1020036:0
shared,shared,random_actions,0,30000,1,reference,panel_0,1020036,c055c004899621d6a4429c05cb85ba548ee28abf57a80e1e8ee50a5fd476f3bf,1,1,3,0.97,1.0536,1,2,0,3,3,2,0,0.038509000000000126,0.0,0,,random_actions,random_actions:panel_0:0:1020036:1
shared,shared,random_actions,0,30000,1,reference,panel_0,1020037,7b5bf221f75ada5b54a31951a101274f7dc2941fce911867216a26b9f4adb634,0,0,32,-0.3200000000000001,0.0024000000000000965,11,21,13,9,32,12,1,1.9965674730280014,0.0,0,,random_actions,random_actions:panel_0:0:1020037:0
shared,shared,random_actions,0,30000,1,reference,panel_0,1020037,7b5bf221f75ada5b54a31951a101274f7dc2941fce911867216a26b9f4adb634,1,0,32,-0.3200000000000001,0.014400000000000114,13,19,9,11,31,11,1,1.956755103913002,0.0,0,,random_actions,random_actions:panel_0:0:1020037:1
shared,shared,random_actions,0,30000,1,reference,panel_0,1020038,b9fad13400b39498ea9aa36ae61f6f8b8b6508a6263241451a3eec26f1a3efc2,0,0,32,-0.3200000000000001,0.13480000000000017,4,28,16,13,27,12,1,1.759340265757247,0.0,0,,random_actions,random_actions:panel_0:0:1020038:0
shared,shared,random_actions,0,30000,1,reference,panel_0,1020038,b9fad13400b39498ea9aa36ae61f6f8b8b6508a6263241451a3eec26f1a3efc2,1,0,32,-0.3200000000000001,0.15520000000000025,12,20,12,9,26,7,1,1.7085451175772723,0.0,0,,random_actions,random_actions:panel_0:0:1020038:1
shared,shared,random_actions,0,30000,1,reference,panel_0,1020039,c79e630aa09493981ac5070f9e673fd076a0f006328969fa159d727bef1340dc,0,0,32,-0.3200000000000001,0.10080000000000013,11,21,15,7,28,9,1,1.8028597130345094,0.0,0,,random_actions,random_actions:panel_0:0:1020039:0
shared,shared,random_actions,0,30000,1,reference,panel_0,1020039,c79e630aa09493981ac5070f9e673fd076a0f006328969fa159d727bef1340dc,1,0,32,-0.3200000000000001,0.09000000000000014,8,24,17,8,27,10,1,1.7952521176599439,0.0,0,,random_actions,random_actions:panel_0:0:1020039:1
shared,shared,random_actions,0,30000,1,reference,panel_0,1020040,bcce91d037def10d2345dd27fccb4a0c82f4056bb6aa600a3a8e72d7ad36e59a,0,1,32,0.6799999999999999,0.9952000000000001,9,23,14,10,32,14,0,1.003468658214001,0.0,0,,random_actions,random_actions:panel_0:0:1020040:0
shared,shared,random_actions,0,30000,1,reference,panel_0,1020040,bcce91d037def10d2345dd27fccb4a0c82f4056bb6aa600a3a8e72d7ad36e59a,1,0,32,-0.3200000000000001,-0.014399999999999927,11,21,14,8,30,10,1,1.9579903634140021,0.0,0,,random_actions,random_actions:panel_0:0:1020040:1
shared,shared,random_actions,0,30000,1,reference,panel_0,1020041,55000cd402b25ce3e531ca5685a067b6e00766d2266e13f55013ab57ad580078,0,0,32,-0.3200000000000001,-0.08279999999999979,9,23,14,10,29,9,1,1.9946676677598705,0.0,0,,random_actions,random_actions:panel_0:0:1020041:0
shared,shared,random_actions,0,30000,1,reference,panel_0,1020041,55000cd402b25ce3e531ca5685a067b6e00766d2266e13f55013ab57ad580078,1,0,32,-0.3200000000000001,-0.08399999999999985,17,15,7,9,27,4,1,1.9569319961941622,0.0,0,,random_actions,random_actions:panel_0:0:1020041:1
shared,shared,random_actions,0,30000,1,reference,panel_0,1020042,12085f5e09f7b3f20939b4bbf439744fad38c20b397434ea560c5b2fa40cdcb5,0,0,32,-0.3200000000000001,-0.10679999999999983,10,22,16,7,29,8,1,2.017766504671002,0.0,0,,random_actions,random_actions:panel_0:0:1020042:0
shared,shared,random_actions,0,30000,1,reference,panel_0,1020042,12085f5e09f7b3f20939b4bbf439744fad38c20b397434ea560c5b2fa40cdcb5,1,1,2,0.98,1.0612,0,2,0,3,2,2,0,0.0,0.0,0,,random_actions,random_actions:panel_0:0:1020042:1
shared,shared,random_actions,0,30000,1,reference,panel_0,1020043,6e0c932971b2a78717c877fea7cae0566161cc22479fd2fb5e4405ae5cfe3feb,0,1,26,0.74,0.8944000000000001,8,18,8,11,26,10,0,0.9094790424000019,0.0,0,,random_actions,random_actions:panel_0:0:1020043:0
shared,shared,random_actions,0,30000,1,reference,panel_0,1020043,6e0c932971b2a78717c877fea7cae0566161cc22479fd2fb5e4405ae5cfe3feb,1,0,32,-0.3200000000000001,-0.08279999999999993,10,22,14,9,27,8,1,1.948442568727002,0.0,0,,random_actions,random_actions:panel_0:0:1020043:1
shared,shared,random_actions,0,30000,1,reference,panel_0,1020044,d6bf31fed7c6e0843eb726b925d15503ce331d5e9aa0ceb48093df520335c9ec,0,1,3,0.97,1.0136,0,3,0,4,3,2,0,0.07820900000000008,0.0,0,,random_actions,random_actions:panel_0:0:1020044:0
shared,shared,random_actions,0,30000,1,reference,panel_0,1020044,d6bf31fed7c6e0843eb726b925d15503ce331d5e9aa0ceb48093df520335c9ec,1,1,14,0.86,0.9372,3,11,6,6,14,6,0,0.49494676810000104,0.0,0,,random_actions,random_actions:panel_0:0:1020044:1
shared,shared,random_actions,0,30000,1,reference,panel_0,1020045,f4588337c844bd83a9862e90b42daf461a998822991c41d6ab661445e1795346,0,1,9,0.91,1.0468,0,9,5,5,9,6,0,0.23228073000000038,0.0,0,,random_actions,random_actions:panel_0:0:1020045:0
shared,shared,random_actions,0,30000,1,reference,panel_0,1020045,f4588337c844bd83a9862e90b42daf461a998822991c41d6ab661445e1795346,1,1,18,0.82,0.9736,9,9,2,8,18,6,0,0.5835900000000013,0.0,0,,random_actions,random_actions:panel_0:0:1020045:1
shared,shared,random_actions,0,30000,1,reference,panel_0,1020046,8b6318cc3240c37f76ea94ccb765dfe6dc6438211dc54b385787d543e4299a57,0,0,32,-0.3200000000000001,-0.05039999999999972,14,18,9,10,27,6,1,1.9235590434323928,0.0,0,,random_actions,random_actions:panel_0:0:1020046:0
shared,shared,random_actions,0,30000,1,reference,panel_0,1020046,8b6318cc3240c37f76ea94ccb765dfe6dc6438211dc54b385787d543e4299a57,1,1,24,0.7599999999999999,0.9108,6,18,9,10,24,10,0,0.831094608100002,0.0,0,,random_actions,random_actions:panel_0:0:1020046:1
shared,shared,random_actions,0,30000,1,reference,panel_0,1020047,460d9d572464a6e4b1470150787a70df688740970550798fd7c95ce506ec9a16,0,0,32,-0.3200000000000001,0.0864000000000002,14,18,9,10,32,11,1,1.9216506188463498,0.0,0,,random_actions,random_actions:panel_0:0:1020047:0
shared,shared,random_actions,0,30000,1,reference,panel_0,1020047,460d9d572464a6e4b1470150787a70df688740970550798fd7c95ce506ec9a16,1,0,32,-0.3200000000000001,0.10080000000000022,16,16,8,9,26,4,1,1.7497721427182766,0.0,0,,random_actions,random_actions:panel_0:0:1020047:1
shared,shared,random_actions,0,30000,1,reference,panel_0,1020048,a801bdfbb1f70a9497c74587baca720faa4b9578af446137fa0e3c950c483017,0,0,32,-0.3200000000000001,-0.03039999999999987,6,26,18,9,30,13,1,1.973014116050263,0.0,0,,random_actions,random_actions:panel_0:0:1020048:0
shared,shared,random_actions,0,30000,1,reference,panel_0,1020048,a801bdfbb1f70a9497c74587baca720faa4b9578af446137fa0e3c950c483017,1,1,17,0.83,1.0536,5,12,6,7,17,8,0,0.4767701477140007,0.0,0,,random_actions,random_actions:panel_0:0:1020048:1
shared,shared,random_actions,0,30000,1,reference,panel_0,1020049,adbdc38239de82c877ceddccef9707d9013cde5c66fc3d3d5309011696574512,0,0,32,-0.3200000000000001,0.03520000000000012,13,19,13,7,29,9,1,1.8886643505000023,0.0,0,,random_actions,random_actions:panel_0:0:1020049:0
shared,shared,random_actions,0,30000,1,reference,panel_0,1020049,adbdc38239de82c877ceddccef9707d9013cde5c66fc3d3d5309011696574512,1,0,32,-0.3200000000000001,0.1144000000000001,7,25,18,8,29,12,1,1.8203722481173927,0.0,0,,random_actions,random_actions:panel_0:0:1020049:1
shared,shared,random_actions,0,30000,1,reference,panel_0,1020050,abe56fcdf62ae30b2319a0d5891167c4fee2e9167d9888f68a0fddaac71da51f,0,1,10,0.9,1.1408,3,7,2,6,10,6,0,0.17681761632800053,0.0,0,,random_actions,random_actions:panel_0:0:1020050:0
shared,shared,random_actions,0,30000,1,reference,panel_0,1020050,abe56fcdf62ae30b2319a0d5891167c4fee2e9167d9888f68a0fddaac71da51f,1,0,32,-0.3200000000000001,-0.027599999999999944,2,30,20,11,30,15,1,1.9683205888570017,0.0,0,,random_actions,random_actions:panel_0:0:1020050:1
shared,shared,random_actions,0,30000,1,reference,panel_0,1020051,20ffe0d066c672658a8e75381b1199694c67f994c1a1da9126781437a05fbaa4,0,1,1,0.99,1.03,0,1,0,2,1,1,0,0.0,0.0,0,,random_actions,random_actions:panel_0:0:1020051:0
shared,shared,random_actions,0,30000,1,reference,panel_0,1020051,20ffe0d066c672658a8e75381b1199694c67f994c1a1da9126781437a05fbaa4,1,1,1,0.99,1.03,0,1,0,2,1,1,0,0.0,0.0,0,,random_actions,random_actions:panel_0:0:1020051:1
shared,shared,random_actions,0,30000,1,reference,panel_0,1020052,717cb8aec510f610798ce578fd42e9df5811ac8bb283dc048e8ad10b541ed265,0,1,2,0.98,1.0612,0,2,0,3,2,2,0,0.0,0.0,0,,random_actions,random_actions:panel_0:0:1020052:0
shared,shared,random_actions,0,30000,1,reference,panel_0,1020052,717cb8aec510f610798ce578fd42e9df5811ac8bb283dc048e8ad10b541ed265,1,1,8,0.9199999999999999,1.0096,4,4,2,3,8,3,0,0.23700900000000036,0.0,0,,random_actions,random_actions:panel_0:0:1020052:1
shared,shared,random_actions,0,30000,1,reference,panel_0,1020053,250844b72112143cb9f0e2c35c45528d2c63489bccb8dd1135bec9db1bd5f4fd,0,1,19,0.8099999999999999,1.0892000000000002,6,13,4,10,19,9,0,0.5075316228975802,0.0,0,,random_actions,random_actions:panel_0:0:1020053:0
shared,shared,random_actions,0,30000,1,reference,panel_0,1020053,250844b72112143cb9f0e2c35c45528d2c63489bccb8dd1135bec9db1bd5f4fd,1,0,32,-0.3200000000000001,0.061200000000000115,13,19,15,5,28,8,1,1.839803579979161,0.0,0,,random_actions,random_actions:panel_0:0:1020053:1
shared,shared,random_actions,0,30000,1,reference,panel_0,1020054,78e4afce9efe1460b65e63e5ee19209db3804d32e76ed5fe6c92d1b8f3e12dfe,0,1,20,0.7999999999999999,0.9764,13,7,3,5,20,5,0,0.6431360300000015,0.0,0,,random_actions,random_actions:panel_0:0:1020054:0
shared,shared,random_actions,0,30000,1,reference,panel_0,1020054,78e4afce9efe1460b65e63e5ee19209db3804d32e76ed5fe6c92d1b8f3e12dfe,1,1,29,0.71,0.9644000000000001,4,25,15,11,29,14,0,0.9374352110574509,0.0,0,,random_actions,random_actions:panel_0:0:1020054:1
shared,shared,random_actions,0,30000,1,reference,panel_0,1020055,f22ec7b8283b2b8b6f84ec14bb0e6ce58442818096684ef12425bb328ae5442a,0,1,5,0.95,0.9984000000000001,2,3,1,3,5,2,0,0.15522700000000034,0.0,0,,random_actions,random_actions:panel_0:0:1020055:0
shared,shared,random_actions,0,30000,1,reference,panel_0,1020055,f22ec7b8283b2b8b6f84ec14bb0e6ce58442818096684ef12425bb328ae5442a,1,1,14,0.86,0.9276,5,9,4,6,14,5,0,0.504225730000001,0.0,0,,random_actions,random_actions:panel_0:0:1020055:1
shared,shared,random_actions,0,30000,1,reference,panel_0,1020056,852c440f41735199b1f2949149d766a3a37f14104a8637958921d4d7cd1bdefa,0,1,3,0.97,1.0136,0,3,1,3,3,2,0,0.07820900000000008,0.0,0,,random_actions,random_actions:panel_0:0:1020056:0
shared,shared,random_actions,0,30000,1,reference,panel_0,1020056,852c440f41735199b1f2949149d766a3a37f14104a8637958921d4d7cd1bdefa,1,1,27,0.73,0.8456,4,23,15,9,27,12,0,0.9889819769570019,0.0,0,,random_actions,random_actions:panel_0:0:1020056:1
shared,shared,random_actions,0,30000,1,reference,panel_0,1020057,ae19876c0882c1cbc4457aa9c19b02745ef35cfbf988b5afb4de0e977e88d155,0,1,7,0.9299999999999999,1.0644,2,5,1,5,7,4,0,0.1529868481000003,0.0,0,,random_actions,random_actions:panel_0:0:1020057:0
shared,shared,random_actions,0,30000,1,reference,panel_0,1020057,ae19876c0882c1cbc4457aa9c19b02745ef35cfbf988b5afb4de0e977e88d155,1,0,32,-0.3200000000000001,-0.06079999999999991,6,26,12,15,28,10,1,1.953585131256002,0.0,0,,random_actions,random_actions:panel_0:0:1020057:1
shared,shared,random_actions,0,30000,1,reference,panel_0,1020058,a70f0c30019edef700977b046269b02b04e0a219f921501b381dcc9adde4e736,0,1,17,0.83,0.986,2,15,8,8,17,9,0,0.540424190000001,0.0,0,,random_actions,random_actions:panel_0:0:1020058:0
shared,shared,random_actions,0,30000,1,reference,panel_0,1020058,a70f0c30019edef700977b046269b02b04e0a219f921501b381dcc9adde4e736,1,1,5,0.95,1.0772,0,5,2,4,5,4,0,0.07820900000000008,0.0,0,,random_actions,random_actions:panel_0:0:1020058:1
shared,shared,random_actions,0,30000,1,reference,panel_0,1020059,0c2783f47b06558996c444f586233374f0e71bb4e32b71c68c327c5991d51da6,0,0,32,-0.3200000000000001,0.034400000000000125,9,23,15,9,27,9,1,1.83778287180719,0.0,0,,random_actions,random_actions:panel_0:0:1020059:0
shared,shared,random_actions,0,30000,1,reference,panel_0,1020059,0c2783f47b06558996c444f586233374f0e71bb4e32b71c68c327c5991d51da6,1,0,32,-0.3200000000000001,-0.024399999999999894,10,22,13,10,29,9,1,1.9424552493560014,0.0,0,,random_actions,random_actions:panel_0:0:1020059:1
shared,shared,random_actions,0,30000,1,reference,panel_0,1020060,3b99c8250b78d87b47a51e9328054da806dda63cb6769194b4d6a8bd399de18b,0,0,32,-0.3200000000000001,0.0672000000000002,13,19,9,11,27,7,1,1.8200000683347408,0.0,0,,random_actions,random_actions:panel_0:0:1020060:0
shared,shared,random_actions,0,30000,1,reference,panel_0,1020060,3b99c8250b78d87b47a51e9328054da806dda63cb6769194b4d6a8bd399de18b,1,0,32,-0.3200000000000001,0.06480000000000011,6,26,20,7,28,11,1,1.8356196633893203,0.0,0,,random_actions,random_actions:panel_0:0:1020060:1
shared,shared,random_actions,0,30000,1,reference,panel_0,1020061,d49bdec62f64f608f3d6f7526107c3ce653750a6066e0adf3b692008ecb1deb3,0,0,32,-0.3200000000000001,0.006400000000000267,11,21,12,10,28,8,1,1.8901881161064082,0.0,0,,random_actions,random_actions:panel_0:0:1020061:0
shared,shared,random_actions,0,30000,1,reference,panel_0,1020061,d49bdec62f64f608f3d6f7526107c3ce653750a6066e0adf3b692008ecb1deb3,1,1,5,0.95,1.0772,0,5,2,4,5,4,0,0.07820900000000008,0.0,0,,random_actions,random_actions:panel_0:0:1020061:1
shared,shared,random_actions,0,30000,1,reference,panel_0,1020062,9a14d3e252c6722e60cd457f2006980a4f97415dc2a73f9c50f65eb65f597ad3,0,1,28,0.72,0.8708,4,24,15,10,28,13,0,0.994550346200002,0.0,0,,random_actions,random_actions:panel_0:0:1020062:0
shared,shared,random_actions,0,30000,1,reference,panel_0,1020062,9a14d3e252c6722e60cd457f2006980a4f97415dc2a73f9c50f65eb65f597ad3,1,0,32,-0.3200000000000001,-0.1512,11,21,16,6,30,9,1,2.0835692200000024,0.0,0,,random_actions,random_actions:panel_0:0:1020062:1
shared,shared,random_actions,0,30000,1,reference,panel_0,1020063,0274f792085fac23ecb9d0831cfa23348e44a42427cb0ac56cf77618d6952c51,0,0,32,-0.3200000000000001,0.06120000000000014,7,25,16,10,28,11,1,1.842044803779161,0.0,0,,random_actions,random_actions:panel_0:0:1020063:0
shared,shared,random_actions,0,30000,1,reference,panel_0,1020063,0274f792085fac23ecb9d0831cfa23348e44a42427cb0ac56cf77618d6952c51,1,0,32,-0.3200000000000001,0.07680000000000009,6,26,18,9,27,10,1,1.8016782363439725,0.0,0,,random_actions,random_actions:panel_0:0:1020063:1
shared,shared,random_actions,0,30000,1,reference,panel_0,1020064,ea9d69272489a862fffcb8dd4706a5510ed8c37a890b59e2eb28f6d9b4fe64d3,0,0,32,-0.3200000000000001,-0.06279999999999997,9,23,14,10,30,11,1,2.001999456200002,0.0,0,,random_actions,random_actions:panel_0:0:1020064:0
shared,shared,random_actions,0,30000,1,reference,panel_0,1020064,ea9d69272489a862fffcb8dd4706a5510ed8c37a890b59e2eb28f6d9b4fe64d3,1,0,32,-0.3200000000000001,0.008000000000000132,10,22,15,8,30,10,1,1.9361253271284509,0.0,0,,random_actions,random_actions:panel_0:0:1020064:1
shared,shared,random_actions,1,30000,1,reference,panel_0,1020000,9c19af0a87518c4ba1b6831cb86a6e14dbb4d2ad0f22d78ce5c12c013bff3eae,0,0,32,-0.3200000000000001,0.0412000000000001,14,18,7,12,30,9,1,1.9107813496748713,0.0,0,,random_actions,random_actions:panel_0:1:1020000:0
shared,shared,random_actions,1,30000,1,reference,panel_0,1020000,9c19af0a87518c4ba1b6831cb86a6e14dbb4d2ad0f22d78ce5c12c013bff3eae,1,0,32,-0.3200000000000001,0.0772000000000001,14,18,10,9,32,11,1,1.9296255234728728,0.0,0,,random_actions,random_actions:panel_0:1:1020000:1
shared,shared,random_actions,1,30000,1,reference,panel_0,1020001,c98116acd255e38a326a2f6e2ad1d6a645a73c1c8e703a3b942814700e880299,0,0,32,-0.3200000000000001,-0.17919999999999991,17,15,7,9,31,6,1,2.1408154481000023,0.0,0,,random_actions,random_actions:panel_0:1:1020001:0
shared,shared,random_actions,1,30000,1,reference,panel_0,1020001,c98116acd255e38a326a2f6e2ad1d6a645a73c1c8e703a3b942814700e880299,1,1,1,0.99,1.03,0,1,0,2,1,1,0,0.0,0.0,0,,random_actions,random_actions:panel_0:1:1020001:1
shared,shared,random_actions,1,30000,1,reference,panel_0,1020002,90907afd6c54d0e4b7a9a3b39cc4b4d1265e2382dc76c1716413ca484ec6944c,0,1,2,0.98,1.0612,0,2,0,3,2,2,0,0.0,0.0,0,,random_actions,random_actions:panel_0:1:1020002:0
shared,shared,random_actions,1,30000,1,reference,panel_0,1020002,90907afd6c54d0e4b7a9a3b39cc4b4d1265e2382dc76c1716413ca484ec6944c,1,1,2,0.98,1.0612,0,2,0,3,2,2,0,0.0,0.0,0,,random_actions,random_actions:panel_0:1:1020002:1
shared,shared,random_actions,1,30000,1,reference,panel_0,1020003,6f45370f67e8c74f5e936991385eb2968e7684c4f26e03b170453ab8adb06fc7,0,0,32,-0.3200000000000001,-0.09559999999999992,6,26,14,13,30,13,1,2.031749462271002,0.0,0,,random_actions,random_actions:panel_0:1:1020003:0
shared,shared,random_actions,1,30000,1,reference,panel_0,1020003,6f45370f67e8c74f5e936991385eb2968e7684c4f26e03b170453ab8adb06fc7,1,0,32,-0.3200000000000001,-0.06079999999999988,19,13,8,6,28,5,1,1.9497736835280013,0.0,0,,random_actions,random_actions:panel_0:1:1020003:1
shared,shared,random_actions,1,30000,1,reference,panel_0,1020004,40cffee73c706d65a2c28705989ff84b3d71df0e10abae67aa1522a70745feb3,0,1,1,0.99,1.03,0,1,0,2,1,1,0,0.0,0.0,0,,random_actions,random_actions:panel_0:1:1020004:0
shared,shared,random_actions,1,30000,1,reference,panel_0,1020004,40cffee73c706d65a2c28705989ff84b3d71df0e10abae67aa1522a70745feb3,1,0,32,-0.3200000000000001,-0.19240000000000004,13,19,14,6,32,9,1,2.1811782200000027,0.0,0,,random_actions,random_actions:panel_0:1:1020004:1
shared,shared,random_actions,1,30000,1,reference,panel_0,1020005,25c09c7470631e431b14fbfb020b614e78e88b4116d15624408b63bcd71d81cc,0,0,32,-0.3200000000000001,-0.05479999999999992,12,20,7,14,31,10,1,2.0210044439687556,0.0,0,,random_actions,random_actions:panel_0:1:1020005:0
shared,shared,random_actions,1,30000,1,reference,panel_0,1020005,25c09c7470631e431b14fbfb020b614e78e88b4116d15624408b63bcd71d81cc,1,0,32,-0.3200000000000001,-0.019999999999999823,10,22,15,8,28,9,1,1.916426574185075,0.0,0,,random_actions,random_actions:panel_0:1:1020005:1
shared,shared,random_actions,1,30000,1,reference,panel_0,1020006,80bbe5494d93268e202a106b6fb8b8602f408948435f028d93b2e7b0e5c6edff,0,1,28,0.72,0.8828,6,22,16,7,28,12,0,0.9830648186000017,0.0,0,,random_actions,random_actions:panel_0:1:1020006:0
shared,shared,random_actions,1,30000,1,reference,panel_0,1020006,80bbe5494d93268e202a106b6fb8b8602f408948435f028d93b2e7b0e5c6edff,1,1,2,0.98,1.0612,0,2,0,3,2,2,0,0.0,0.0,0,,random_actions,random_actions:panel_0:1:1020006:1
shared,shared,random_actions,1,30000,1,reference,panel_0,1020007,b1c7587d4ab70f72591566f9a9e24e980a90635203cb6a771c2690e5e47d7ab0,0,0,32,-0.3200000000000001,0.12320000000000013,13,19,10,10,30,11,1,1.8346063337348857,0.0,0,,random_actions,random_actions:panel_0:1:1020007:0
shared,shared,random_actions,1,30000,1,reference,panel_0,1020007,b1c7587d4ab70f72591566f9a9e24e980a90635203cb6a771c2690e5e47d7ab0,1,0,32,-0.3200000000000001,0.13640000000000013,9,23,14,10,29,12,1,1.796131694448813,0.0,0,,random_actions,random_actions:panel_0:1:1020007:1
shared,shared,random_actions,1,30000,1,reference,panel_0,1020008,feead6e7bddad13f12fa8fd7eddc6989329cbe314b989731eaa46c3c64f1eb6f,0,0,32,-0.3200000000000001,0.20960000000000023,16,16,8,9,26,6,1,1.6659875949477372,0.0,0,,random_actions,random_actions:panel_0:1:1020008:0
shared,shared,random_actions,1,30000,1,reference,panel_0,1020008,feead6e7bddad13f12fa8fd7eddc6989329cbe314b989731eaa46c3c64f1eb6f,1,0,32,-0.3200000000000001,0.20360000000000023,11,21,14,8,26,9,1,1.6722190028316941,0.0,0,,random_actions,random_actions:panel_0:1:1020008:1
shared,shared,random_actions,1,30000,1,reference,panel_0,1020009,ac670dccf17083f8b3eb127c7e5198712f88c7acee092942f73128f6381bd9e1,0,1,28,0.72,0.9772000000000001,12,16,5,12,28,10,0,0.8939544398052918,0.0,0,,random_actions,random_actions:panel_0:1:1020009:0
shared,shared,random_actions,1,30000,1,reference,panel_0,1020009,ac670dccf17083f8b3eb127c7e5198712f88c7acee092942f73128f6381bd9e1,1,1,4,0.96,1.1272,0,4,0,5,4,4,0,0.0,0.0,0,,random_actions,random_actions:panel_0:1:1020009:1
shared,shared,random_actions,1,30000,1,reference,panel_0,1020011,c4967d9a88121037f7729f9d157ecea6090a86a730002ec53f7b563d2b276f7e,0,0,32,-0.3200000000000001,0.14360000000000012,7,25,14,12,30,14,1,1.8155613817214804,0.0,0,,random_actions,random_actions:panel_0:1:1020011:0
shared,shared,random_actions,1,30000,1,reference,panel_0,1020011,c4967d9a88121037f7729f9d157ecea6090a86a730002ec53f7b563d2b276f7e,1,0,32,-0.3200000000000001,0.18080000000000016,14,18,14,5,27,8,1,1.7102262145673497,0.0,0,,random_actions,random_actions:panel_0:1:1020011:1
shared,shared,random_actions,1,30000,1,reference,panel_0,1020012,9ddf0f0784e0e196e782e0962ca132e0a09924dd109e59a8d34299081677a845,0,1,8,0.9199999999999999,0.9744,5,3,1,3,8,2,0,0.27194500000000066,0.0,0,,random_actions,random_actions:panel_0:1:1020012:0
shared,shared,random_actions,1,30000,1,reference,panel_0,1020012,9ddf0f0784e0e196e782e0962ca132e0a09924dd109e59a8d34299081677a845,1,1,3,0.97,1.0136,0,3,1,3,3,2,0,0.07820900000000008,0.0,0,,random_actions,random_actions:panel_0:1:1020012:1
shared,shared,random_actions,1,30000,1,reference,panel_0,1020013,d8c97f426e4d90e06c9d3dfc671114b88d1e90c183ce877cd92d0b29aed6f809,0,0,32,-0.3200000000000001,0.10480000000000012,10,22,12,11,29,11,1,1.8276475329089577,0.0,0,,random_actions,random_actions:panel_0:1:1020013:0
shared,shared,random_actions,1,30000,1,reference,panel_0,1020013,d8c97f426e4d90e06c9d3dfc671114b88d1e90c183ce877cd92d0b29aed6f809,1,0,32,-0.3200000000000001,0.10480000000000012,6,26,17,10,29,12,1,1.82571235155261,0.0,0,,random_actions,random_actions:panel_0:1:1020013:1
shared,shared,random_actions,1,30000,1,reference,panel_0,1020014,64465715ac4b0c2c4f6a94e91df1032d82bc12cadc2e5494568c7339d175e38c,0,0,32,-0.3200000000000001,0.15160000000000018,21,11,8,4,26,5,1,1.7185569129108274,0.0,0,,random_actions,random_actions:panel_0:1:1020014:0
shared,shared,random_actions,1,30000,1,reference,panel_0,1020014,64465715ac4b0c2c4f6a94e91df1032d82bc12cadc2e5494568c7339d175e38c,1,0,32,-0.3200000000000001,0.18400000000000033,24,8,5,4,25,2,1,1.6712158425796177,0.0,0,,random_actions,random_actions:panel_0:1:1020014:1
shared,shared,random_actions,1,30000,1,reference,panel_0,1020015,bef6aba505c02fb7722b6dc06efd6732d01951f1da6037b73936a562a1c3dc61,0,1,3,0.97,1.0136,0,3,0,4,3,2,0,0.07820900000000008,0.0,0,,random_actions,random_actions:panel_0:1:1020015:0
shared,shared,random_actions,1,30000,1,reference,panel_0,1020015,bef6aba505c02fb7722b6dc06efd6732d01951f1da6037b73936a562a1c3dc61,1,1,3,0.97,1.0136,0,3,1,3,3,2,0,0.07820900000000008,0.0,0,,random_actions,random_actions:panel_0:1:1020015:1
shared,shared,random_actions,1,30000,1,reference,panel_0,1020016,ebfd9ced46c8f13fb875c25129b973a2380ebad00e40710904d09b871fa7df38,0,0,32,-0.3200000000000001,0.17440000000000025,6,26,19,8,25,9,1,1.6782523778849257,0.0,0,,random_actions,random_actions:panel_0:1:1020016:0
shared,shared,random_actions,1,30000,1,reference,panel_0,1020016,ebfd9ced46c8f13fb875c25129b973a2380ebad00e40710904d09b871fa7df38,1,0,32,-0.3200000000000001,0.19000000000000034,16,16,10,7,26,6,1,1.6910586611469798,0.0,0,,random_actions,random_actions:panel_0:1:1020016:1
shared,shared,random_actions,1,30000,1,reference,panel_0,1020017,6aa047581e1562f58033bae53bcae9c144ab33c560eb548b33b92b4bef90b402,0,1,15,0.85,0.9600000000000001,7,8,3,6,15,5,0,0.5030347300000012,0.0,0,,random_actions,random_actions:panel_0:1:1020017:0
shared,shared,random_actions,1,30000,1,reference,panel_0,1020017,6aa047581e1562f58033bae53bcae9c144ab33c560eb548b33b92b4bef90b402,1,0,32,-0.3200000000000001,-0.15719999999999995,12,20,15,6,31,10,1,2.1173606881000024,0.0,0,,random_actions,random_actions:panel_0:1:1020017:1
shared,shared,random_actions,1,30000,1,reference,panel_0,1020018,ef37c10264dd909e56a9b6611cab8397b277d33b602ab123b7832808888e8a4e,0,0,32,-0.3200000000000001,0.26040000000000024,18,14,9,6,26,6,1,1.6228751795063996,0.0,0,,random_actions,random_actions:panel_0:1:1020018:0
shared,shared,random_actions,1,30000,1,reference,panel_0,1020018,ef37c10264dd909e56a9b6611cab8397b277d33b602ab123b7832808888e8a4e,1,0,32,-0.3200000000000001,0.2160000000000002,8,24,13,12,28,12,1,1.709781887338619,0.0,0,,random_actions,random_actions:panel_0:1:1020018:1
shared,shared,random_actions,1,30000,1,reference,panel_0,1020019,d38e9a3992b3dd5ecf9628524852e1cfd9ec1d8ee7ecddeab6bc31fd2fd7fab0,0,0,32,-0.3200000000000001,-0.11759999999999998,4,28,19,10,29,12,1,2.030337953914002,0.0,0,,random_actions,random_actions:panel_0:1:1020019:0
shared,shared,random_actions,1,30000,1,reference,panel_0,1020019,d38e9a3992b3dd5ecf9628524852e1cfd9ec1d8ee7ecddeab6bc31fd2fd7fab0,1,1,2,0.98,1.0612,0,2,0,3,2,2,0,0.0,0.0,0,,random_actions,random_actions:panel_0:1:1020019:1
shared,shared,random_actions,1,30000,1,reference,panel_0,1020020,f21510972cd083fdd04535a9b7a769bd177140db265c3b669a205b1628f4ec22,0,1,18,0.82,0.9456,6,12,8,5,18,7,0,0.6105798862000011,0.0,0,,random_actions,random_actions:panel_0:1:1020020:0
shared,shared,random_actions,1,30000,1,reference,panel_0,1020020,f21510972cd083fdd04535a9b7a769bd177140db265c3b669a205b1628f4ec22,1,1,25,0.7499999999999999,0.8864000000000001,9,16,12,5,25,9,0,0.8860978862000016,0.0,0,,random_actions,random_actions:panel_0:1:1020020:1
shared,shared,random_actions,1,30000,1,reference,panel_0,1020021,69438490727bcd632260503204e59f6718e7874a18177b0183ce4b7920961ebf,0,1,9,0.91,0.9656,2,7,4,4,9,4,0,0.3116450000000005,0.0,0,,random_actions,random_actions:panel_0:1:1020021:0
shared,shared,random_actions,1,30000,1,reference,panel_0,1020021,69438490727bcd632260503204e59f6718e7874a18177b0183ce4b7920961ebf,1,1,14,0.86,0.9372,1,13,6,8,14,7,0,0.49494676810000104,0.0,0,,random_actions,random_actions:panel_0:1:1020021:1
shared,shared,random_actions,1,30000,1,reference,panel_0,1020022,eb342e7835ed51504253d12f22da960bc4c4cde754eb53c7623aafd13de1351d,0,0,32,-0.3200000000000001,-0.005199999999999885,10,22,13,10,31,11,1,1.9753119051637407,0.0,0,,random_actions,random_actions:panel_0:1:1020022:0
shared,shared,random_actions,1,30000,1,reference,panel_0,1020022,eb342e7835ed51504253d12f22da960bc4c4cde754eb53c7623aafd13de1351d,1,0,32,-0.3200000000000001,-0.036399999999999905,9,23,13,11,29,10,1,1.950096782771001,0.0,0,,random_actions,random_actions:panel_0:1:1020022:1
shared,shared,random_actions,1,30000,1,reference,panel_0,1020023,7b4d444b17a227675787c65e85b70bb2c973ee70f3aa1d768fafd7d7cb824cc7,0,0,32,-0.3200000000000001,0.01680000000000012,8,24,17,8,32,14,1,1.983383908596582,0.0,0,,random_actions,random_actions:panel_0:1:1020023:0
shared,shared,random_actions,1,30000,1,reference,panel_0,1020023,7b4d444b17a227675787c65e85b70bb2c973ee70f3aa1d768fafd7d7cb824cc7,1,0,32,-0.3200000000000001,0.032400000000000116,12,20,14,7,31,11,1,1.9402728439081618,0.0,0,,random_actions,random_actions:panel_0:1:1020023:1
shared,shared,random_actions,1,30000,1,reference,panel_0,1020024,b9090d9f94f5acd41482360bc2ecd6017058d39f789dba0cfcdcd99008e0d584,0,0,32,-0.3200000000000001,0.11440000000000011,9,23,13,11,28,10,1,1.7930928829318713,0.0,0,,random_actions,random_actions:panel_0:1:1020024:0
shared,shared,random_actions,1,30000,1,reference,panel_0,1020024,b9090d9f94f5acd41482360bc2ecd6017058d39f789dba0cfcdcd99008e0d584,1,0,32,-0.3200000000000001,0.11920000000000013,9,23,17,7,27,9,1,1.7599458789540594,0.0,0,,random_actions,random_actions:panel_0:1:1020024:1
shared,shared,random_actions,1,30000,1,reference,panel_0,1020025,8dc211d1fb62069ed0397750dfedf2f548b86d44c932fb4a85c4ec33325e9ed4,0,1,18,0.82,0.9772000000000001,7,11,4,8,18,7,0,0.5800884600000012,0.0,0,,random_actions,random_actions:panel_0:1:1020025:0
shared,shared,random_actions,1,30000,1,reference,panel_0,1020025,8dc211d1fb62069ed0397750dfedf2f548b86d44c932fb4a85c4ec33325e9ed4,1,1,24,0.7599999999999999,0.9628000000000001,7,17,7,11,24,10,0,0.7815192255570007,0.0,0,,random_actions,random_actions:panel_0:1:1020025:1
shared,shared,random_actions,1,30000,1,reference,panel_0,1020026,61a1c5728cc49f0e875a612ec16863b327e70130f915f455929e64043145adc1,0,0,32,-0.3200000000000001,0.015200000000000213,8,24,16,9,27,9,1,1.8571877236511605,0.0,0,,random_actions,random_actions:panel_0:1:1020026:0
shared,shared,random_actions,1,30000,1,reference,panel_0,1020026,61a1c5728cc49f0e875a612ec16863b327e70130f915f455929e64043145adc1,1,0,32,-0.3200000000000001,0.016400000000000164,11,21,16,6,30,10,1,1.9305568945361609,0.0,0,,random_actions,random_actions:panel_0:1:1020026:1
shared,shared,random_actions,1,30000,1,reference,panel_0,1020027,902e33dd72ed57d5fe2be0b1159d9202589f11408ab79f8bcf2a0ad1a3f73efa,0,1,3,0.97,1.0124,2,1,0,2,3,1,0,0.07940000000000014,0.0,0,,random_actions,random_actions:panel_0:1:1020027:0
shared,shared,random_actions,1,30000,1,reference,panel_0,1020027,902e33dd72ed57d5fe2be0b1159d9202589f11408ab79f8bcf2a0ad1a3f73efa,1,1,3,0.97,1.0136,0,3,1,3,3,2,0,0.07820900000000008,0.0,0,,random_actions,random_actions:panel_0:1:1020027:1
shared,shared,random_actions,1,30000,1,reference,panel_0,1020028,2a68ace46911ac11c86d4da356a5de21e97d9f07f0305a8e0253583d6bf95921,0,1,4,0.96,1.0036,3,1,0,2,4,1,0,0.1191000000000002,0.0,0,,random_actions,random_actions:panel_0:1:1020028:0
shared,shared,random_actions,1,30000,1,reference,panel_0,1020028,2a68ace46911ac11c86d4da356a5de21e97d9f07f0305a8e0253583d6bf95921,1,1,3,0.97,1.0124,2,1,0,2,3,1,0,0.07940000000000014,0.0,0,,random_actions,random_actions:panel_0:1:1020028:1
shared,shared,random_actions,1,30000,1,reference,panel_0,1020029,4c895c4eab8c1ba46287903fcafb6c7f864dbf3f07e1cad946cebbcdfaf36c1b,0,0,32,-0.3200000000000001,0.31440000000000046,8,24,15,10,27,10,1,1.6079859125302174,0.0,0,,random_actions,random_actions:panel_0:1:1020029:0
shared,shared,random_actions,1,30000,1,reference,panel_0,1020029,4c895c4eab8c1ba46287903fcafb6c7f864dbf3f07e1cad946cebbcdfaf36c1b,1,0,32,-0.3200000000000001,0.3876000000000007,15,17,12,6,22,4,1,1.4521723589443587,0.0,0,,random_actions,random_actions:panel_0:1:1020029:1
shared,shared,random_actions,1,30000,1,reference,panel_0,1020030,d34aacdfeb47ba3bfd2a37ea9b09757985e3e5c29d88a2ff33e25446c761e033,0,0,32,-0.3200000000000001,0.04920000000000016,21,11,9,3,29,5,1,1.8736425287260023,0.0,0,,random_actions,random_actions:panel_0:1:1020030:0
shared,shared,random_actions,1,30000,1,reference,panel_0,1020030,d34aacdfeb47ba3bfd2a37ea9b09757985e3e5c29d88a2ff33e25446c761e033,1,1,29,0.71,0.9928000000000001,8,21,11,11,29,13,0,0.912065871771002,0.0,0,,random_actions,random_actions:panel_0:1:1020030:1
shared,shared,random_actions,1,30000,1,reference,panel_0,1020031,1ebcff4a864a5a6a399707b09cfc0715e05a535f953a7cd35dd0b75aaf61f4d2,0,1,15,0.85,0.9272,4,11,5,7,15,6,0,0.5357316500000012,0.0,0,,random_actions,random_actions:panel_0:1:1020031:0
shared,shared,random_actions,1,30000,1,reference,panel_0,1020031,1ebcff4a864a5a6a399707b09cfc0715e05a535f953a7cd35dd0b75aaf61f4d2,1,1,1,0.99,1.03,0,1,0,2,1,1,0,0.0,0.0,0,,random_actions,random_actions:panel_0:1:1020031:1
shared,shared,random_actions,1,30000,1,reference,panel_0,1020032,a62f1f07889c2a86e892adb7d0707bf41565034d46ddd42fce473e56fc936aac,0,1,2,0.98,1.0612,0,2,0,3,2,2,0,0.0,0.0,0,,random_actions,random_actions:panel_0:1:1020032:0
shared,shared,random_actions,1,30000,1,reference,panel_0,1020032,a62f1f07889c2a86e892adb7d0707bf41565034d46ddd42fce473e56fc936aac,1,1,3,0.97,1.0536,1,2,0,3,3,2,0,0.038509000000000126,0.0,0,,random_actions,random_actions:panel_0:1:1020032:1
shared,shared,random_actions,1,30000,1,reference,panel_0,1020033,39754fefe32f1fa9ebf44ae736b0b96a2713781497d5400ba056fb1baed138c1,0,1,24,0.7599999999999999,0.9436,7,17,9,9,24,10,0,0.7995886881000018,0.0,0,,random_actions,random_actions:panel_0:1:1020033:0
shared,shared,random_actions,1,30000,1,reference,panel_0,1020033,39754fefe32f1fa9ebf44ae736b0b96a2713781497d5400ba056fb1baed138c1,1,1,19,0.8099999999999999,0.9864,4,15,7,9,19,9,0,0.6025958986000006,0.0,0,,random_actions,random_actions:panel_0:1:1020033:1
shared,shared,random_actions,1,30000,1,reference,panel_0,1020034,79b3d365448725d48dc07078a08a7cf9d4cceb8acf8332238db84317f5fa7e24,0,0,32,-0.3200000000000001,0.21200000000000024,12,20,11,10,25,7,1,1.6401003107329388,0.0,0,,random_actions,random_actions:panel_0:1:1020034:0
shared,shared,random_actions,1,30000,1,reference,panel_0,1020034,79b3d365448725d48dc07078a08a7cf9d4cceb8acf8332238db84317f5fa7e24,1,0,32,-0.3200000000000001,0.1988000000000002,10,22,12,11,26,8,1,1.6735264973628663,0.0,0,,random_actions,random_actions:panel_0:1:1020034:1
shared,shared,random_actions,1,30000,1,reference,panel_0,1020035,0573676dbd039f4e5ad8b0615fe7d61babed6ad69e86a637c867f202f553b891,0,0,32,-0.3200000000000001,0.06040000000000011,8,24,14,11,31,13,1,1.916949049162291,0.0,0,,random_actions,random_actions:panel_0:1:1020035:0
shared,shared,random_actions,1,30000,1,reference,panel_0,1020035,0573676dbd039f4e5ad8b0615fe7d61babed6ad69e86a637c867f202f553b891,1,0,32,-0.3200000000000001,0.11800000000000013,18,14,9,6,27,5,1,1.756750117937639,0.0,0,,random_actions,random_actions:panel_0:1:1020035:1
shared,shared,random_actions,1,30000,1,reference,panel_0,1020036,c055c004899621d6a4429c05cb85ba548ee28abf57a80e1e8ee50a5fd476f3bf,0,1,4,0.96,1.0436,2,2,0,3,4,2,0,0.07940000000000014,0.0,0,,random_actions,random_actions:panel_0:1:1020036:0
shared,shared,random_actions,1,30000,1,reference,panel_0,1020036,c055c004899621d6a4429c05cb85ba548ee28abf57a80e1e8ee50a5fd476f3bf,1,1,23,0.7699999999999999,0.8956000000000001,13,10,8,3,23,6,0,0.8146440000000019,0.0,0,,random_actions,random_actions:panel_0:1:1020036:1
shared,shared,random_actions,1,30000,1,reference,panel_0,1020037,7b5bf221f75ada5b54a31951a101274f7dc2941fce911867216a26b9f4adb634,0,0,32,-0.3200000000000001,0.009600000000000136,8,24,18,7,30,12,1,1.9361409598570014,0.0,0,,random_actions,random_actions:panel_0:1:1020037:0
shared,shared,random_actions,1,30000,1,reference,panel_0,1020037,7b5bf221f75ada5b54a31951a101274f7dc2941fce911867216a26b9f4adb634,1,0,32,-0.3200000000000001,0.0024000000000000826,10,22,12,11,30,11,1,1.9396393484710015,0.0,0,,random_actions,random_actions:panel_0:1:1020037:1
shared,shared,random_actions,1,30000,1,reference,panel_0,1020038,b9fad13400b39498ea9aa36ae61f6f8b8b6508a6263241451a3eec26f1a3efc2,0,0,32,-0.3200000000000001,0.09880000000000011,3,29,16,14,30,15,1,1.8554188235401754,0.0,0,,random_actions,random_actions:panel_0:1:1020038:0
shared,shared,random_actions,1,30000,1,reference,panel_0,1020038,b9fad13400b39498ea9aa36ae61f6f8b8b6508a6263241451a3eec26f1a3efc2,1,0,32,-0.3200000000000001,0.12640000000000012,13,19,13,7,27,7,1,1.7535859884333207,0.0,0,,random_actions,random_actions:panel_0:1:1020038:1
shared,shared,random_actions,1,30000,1,reference,panel_0,1020039,c79e630aa09493981ac5070f9e673fd076a0f006328969fa159d727bef1340dc,0,1,26,0.74,1.0444,7,19,10,10,26,12,0,0.7689099346710011,0.0,0,,random_actions,random_actions:panel_0:1:1020039:0
shared,shared,random_actions,1,30000,1,reference,panel_0,1020039,c79e630aa09493981ac5070f9e673fd076a0f006328969fa159d727bef1340dc,1,0,32,-0.3200000000000001,0.024000000000000105,13,19,14,6,28,8,1,1.8672524393560015,0.0,0,,random_actions,random_actions:panel_0:1:1020039:1
shared,shared,random_actions,1,30000,1,reference,panel_0,1020040,bcce91d037def10d2345dd27fccb4a0c82f4056bb6aa600a3a8e72d7ad36e59a,0,0,32,-0.3200000000000001,0.027600000000000124,11,21,15,7,28,9,1,1.8652455978888707,0.0,0,,random_actions,random_actions:panel_0:1:1020040:0
shared,shared,random_actions,1,30000,1,reference,panel_0,1020040,bcce91d037def10d2345dd27fccb4a0c82f4056bb6aa600a3a8e72d7ad36e59a,1,0,32,-0.3200000000000001,0.006000000000000061,16,16,6,11,28,8,1,1.890288682011581,0.0,0,,random_actions,random_actions:panel_0:1:1020040:1
shared,shared,random_actions,1,30000,1,reference,panel_0,1020041,55000cd402b25ce3e531ca5685a067b6e00766d2266e13f55013ab57ad580078,0,0,32,-0.3200000000000001,-0.08399999999999985,12,20,13,8,28,7,1,1.9719126865042917,0.0,0,,random_actions,random_actions:panel_0:1:1020041:0
shared,shared,random_actions,1,30000,1,reference,panel_0,1020041,55000cd402b25ce3e531ca5685a067b6e00766d2266e13f55013ab57ad580078,1,0,32,-0.3200000000000001,-0.017999999999999683,11,21,14,8,26,6,1,1.8722892455702482,0.0,0,,random_actions,random_actions:panel_0:1:1020041:1
shared,shared,random_actions,1,30000,1,reference,panel_0,1020042,12085f5e09f7b3f20939b4bbf439744fad38c20b397434ea560c5b2fa40cdcb5,0,1,2,0.98,1.0612,0,2,0,3,2,2,0,0.0,0.0,0,,random_actions,random_actions:panel_0:1:1020042:0
shared,shared,random_actions,1,30000,1,reference,panel_0,1020042,12085f5e09f7b3f20939b4bbf439744fad38c20b397434ea560c5b2fa40cdcb5,1,1,2,0.98,1.0612,0,2,0,3,2,2,0,0.0,0.0,0,,random_actions,random_actions:panel_0:1:1020042:1
shared,shared,random_actions,1,30000,1,reference,panel_0,1020043,6e0c932971b2a78717c877fea7cae0566161cc22479fd2fb5e4405ae5cfe3feb,0,0,32,-0.3200000000000001,-0.08759999999999984,10,22,13,10,28,8,1,1.9765327901105811,0.0,0,,random_actions,random_actions:panel_0:1:1020043:0
shared,shared,random_actions,1,30000,1,reference,panel_0,1020043,6e0c932971b2a78717c877fea7cae0566161cc22479fd2fb5e4405ae5cfe3feb,1,0,32,-0.3200000000000001,-0.07919999999999994,6,26,17,10,29,11,1,1.9957210117535813,0.0,0,,random_actions,random_actions:panel_0:1:1020043:1
shared,shared,random_actions,1,30000,1,reference,panel_0,1020044,d6bf31fed7c6e0843eb726b925d15503ce331d5e9aa0ceb48093df520335c9ec,0,0,32,-0.3200000000000001,-0.1263999999999998,17,15,10,6,29,5,1,2.039771034219291,0.0,0,,random_actions,random_actions:panel_0:1:1020044:0
shared,shared,random_actions,1,30000,1,reference,panel_0,1020044,d6bf31fed7c6e0843eb726b925d15503ce331d5e9aa0ceb48093df520335c9ec,1,1,5,0.95,0.9972000000000001,0,5,2,4,5,3,0,0.15641800000000017,0.0,0,,random_actions,random_actions:panel_0:1:1020044:1
shared,shared,random_actions,1,30000,1,reference,panel_0,1020045,f4588337c844bd83a9862e90b42daf461a998822991c41d6ab661445e1795346,0,1,6,0.94,1.0696,3,3,0,4,6,3,0,0.11671800000000032,0.0,0,,random_actions,random_actions:panel_0:1:1020045:0
shared,shared,random_actions,1,30000,1,reference,panel_0,1020045,f4588337c844bd83a9862e90b42daf461a998822991c41d6ab661445e1795346,1,1,31,0.69,0.9396000000000001,10,21,13,9,31,12,0,1.0226436561850012,0.0,0,,random_actions,random_actions:panel_0:1:1020045:1
shared,shared,random_actions,1,30000,1,reference,panel_0,1020046,8b6318cc3240c37f76ea94ccb765dfe6dc6438211dc54b385787d543e4299a57,0,0,32,-0.3200000000000001,-0.1259999999999999,12,20,11,10,30,9,1,2.0630148229000023,0.0,0,,random_actions,random_actions:panel_0:1:1020046:0
shared,shared,random_actions,1,30000,1,reference,panel_0,1020046,8b6318cc3240c37f76ea94ccb765dfe6dc6438211dc54b385787d543e4299a57,1,0,32,-0.3200000000000001,-0.1343999999999999,8,24,17,8,32,12,1,2.124496822900002,0.0,0,,random_actions,random_actions:panel_0:1:1020046:1
shared,shared,random_actions,1,30000,1,reference,panel_0,1020047,460d9d572464a6e4b1470150787a70df688740970550798fd7c95ce506ec9a16,0,0,32,-0.3200000000000001,0.05040000000000014,9,23,15,9,30,11,1,1.9007850524585672,0.0,0,,random_actions,random_actions:panel_0:1:1020047:0
shared,shared,random_actions,1,30000,1,reference,panel_0,1020047,460d9d572464a6e4b1470150787a70df688740970550798fd7c95ce506ec9a16,1,0,32,-0.3200000000000001,0.04560000000000014,10,22,14,9,27,10,1,1.8379340791555527,0.0,0,,random_actions,random_actions:panel_0:1:1020047:1
shared,shared,random_actions,1,30000,1,reference,panel_0,1020048,a801bdfbb1f70a9497c74587baca720faa4b9578af446137fa0e3c950c483017,0,1,12,0.88,1.0784,4,8,4,5,12,6,0,0.29662327430000046,0.0,0,,random_actions,random_actions:panel_0:1:1020048:0
shared,shared,random_actions,1,30000,1,reference,panel_0,1020048,a801bdfbb1f70a9497c74587baca720faa4b9578af446137fa0e3c950c483017,1,0,32,-0.3200000000000001,-0.033999999999999975,11,21,15,7,29,9,1,1.9531476710000018,0.0,0,,random_actions,random_actions:panel_0:1:1020048:1
shared,shared,random_actions,1,30000,1,reference,panel_0,1020049,adbdc38239de82c877ceddccef9707d9013cde5c66fc3d3d5309011696574512,0,0,32,-0.3200000000000001,0.08080000000000012,10,22,14,9,28,10,1,1.822087004670001,0.0,0,,random_actions,random_actions:panel_0:1:1020049:0
shared,shared,random_actions,1,30000,1,reference,panel_0,1020049,adbdc38239de82c877ceddccef9707d9013cde5c66fc3d3d5309011696574512,1,0,32,-0.3200000000000001,0.13720000000000013,11,21,12,10,27,8,1,1.7516373351087842,0.0,0,,random_actions,random_actions:panel_0:1:1020049:1
shared,shared,random_actions,1,30000,1,reference,panel_0,1020050,abe56fcdf62ae30b2319a0d5891167c4fee2e9167d9888f68a0fddaac71da51f,0,1,23,0.7699999999999999,1.0504,4,19,9,11,23,12,0,0.6695567789850014,0.0,0,,random_actions,random_actions:panel_0:1:1020050:0
shared,shared,random_actions,1,30000,1,reference,panel_0,1020050,abe56fcdf62ae30b2319a0d5891167c4fee2e9167d9888f68a0fddaac71da51f,1,0,32,-0.3200000000000001,0.02040000000000014,9,23,15,9,30,12,1,1.9263611693560019,0.0,0,,random_actions,random_actions:panel_0:1:1020050:1
shared,shared,random_actions,1,30000,1,reference,panel_0,1020051,20ffe0d066c672658a8e75381b1199694c67f994c1a1da9126781437a05fbaa4,0,1,8,0.9199999999999999,0.9732000000000001,1,7,4,4,8,4,0,0.2731360000000004,0.0,0,,random_actions,random_actions:panel_0:1:1020051:0
shared,shared,random_actions,1,30000,1,reference,panel_0,1020051,20ffe0d066c672658a8e75381b1199694c67f994c1a1da9126781437a05fbaa4,1,1,4,0.96,1.006,1,3,1,3,4,2,0,0.11671800000000021,0.0,0,,random_actions,random_actions:panel_0:1:1020051:1
shared,shared,random_actions,1,30000,1,reference,panel_0,1020052,717cb8aec510f610798ce578fd42e9df5811ac8bb283dc048e8ad10b541ed265,0,1,12,0.88,0.978,2,10,7,4,12,6,0,0.3922360000000005,0.0,0,,random_actions,random_actions:panel_0:1:1020052:0
shared,shared,random_actions,1,30000,1,reference,panel_0,1020052,717cb8aec510f610798ce578fd42e9df5811ac8bb283dc048e8ad10b541ed265,1,1,12,0.88,0.9804,6,6,4,3,12,4,0,0.3898540000000008,0.0,0,,random_actions,random_actions:panel_0:1:1020052:1
shared,shared,random_actions,1,30000,1,reference,panel_0,1020053,250844b72112143cb9f0e2c35c45528d2c63489bccb8dd1135bec9db1bd5f4fd,0,1,24,0.7599999999999999,1.0608000000000002,9,15,5,11,24,10,0,0.6910413405622916,0.0,0,,random_actions,random_actions:panel_0:1:1020053:0
shared,shared,random_actions,1,30000,1,reference,panel_0,1020053,250844b72112143cb9f0e2c35c45528d2c63489bccb8dd1135bec9db1bd5f4fd,1,0,32,-0.3200000000000001,0.07080000000000011,17,15,13,3,28,7,1,1.8312380708603206,0.0,0,,random_actions,random_actions:panel_0:1:1020053:1
shared,shared,random_actions,1,30000,1,reference,panel_0,1020054,78e4afce9efe1460b65e63e5ee19209db3804d32e76ed5fe6c92d1b8f3e12dfe,0,1,11,0.89,1.0328,4,7,4,4,11,5,0,0.3081791900000005,0.0,0,,random_actions,random_actions:panel_0:1:1020054:0
shared,shared,random_actions,1,30000,1,reference,panel_0,1020054,78e4afce9efe1460b65e63e5ee19209db3804d32e76ed5fe6c92d1b8f3e12dfe,1,1,10,0.9,1.0404,1,9,5,5,10,6,0,0.26963446000000046,0.0,0,,random_actions,random_actions:panel_0:1:1020054:1
shared,shared,random_actions,1,30000,1,reference,panel_0,1020055,f22ec7b8283b2b8b6f84ec14bb0e6ce58442818096684ef12425bb328ae5442a,0,1,1,0.99,1.03,0,1,0,2,1,1,0,0.0,0.0,0,,random_actions,random_actions:panel_0:1:1020055:0
shared,shared,random_actions,1,30000,1,reference,panel_0,1020055,f22ec7b8283b2b8b6f84ec14bb0e6ce58442818096684ef12425bb328ae5442a,1,1,3,0.97,1.0136,0,3,1,3,3,2,0,0.07820900000000008,0.0,0,,random_actions,random_actions:panel_0:1:1020055:1
shared,shared,random_actions,1,30000,1,reference,panel_0,1020056,852c440f41735199b1f2949149d766a3a37f14104a8637958921d4d7cd1bdefa,0,1,1,0.99,1.03,0,1,0,2,1,1,0,0.0,0.0,0,,random_actions,random_actions:panel_0:1:1020056:0
shared,shared,random_actions,1,30000,1,reference,panel_0,1020056,852c440f41735199b1f2949149d766a3a37f14104a8637958921d4d7cd1bdefa,1,0,32,-0.3200000000000001,-0.1299999999999999,14,18,8,11,29,6,1,2.0476173658130024,0.0,0,,random_actions,random_actions:panel_0:1:1020056:1
shared,shared,random_actions,1,30000,1,reference,panel_0,1020057,ae19876c0882c1cbc4457aa9c19b02745ef35cfbf988b5afb4de0e977e88d155,0,0,32,-0.3200000000000001,-0.05599999999999988,9,23,14,10,29,9,1,1.9716506293560019,0.0,0,,random_actions,random_actions:panel_0:1:1020057:0
shared,shared,random_actions,1,30000,1,reference,panel_0,1020057,ae19876c0882c1cbc4457aa9c19b02745ef35cfbf988b5afb4de0e977e88d155,1,1,5,0.95,1.082,0,5,0,6,5,4,0,0.07358684810000016,0.0,0,,random_actions,random_actions:panel_0:1:1020057:1
shared,shared,random_actions,1,30000,1,reference,panel_0,1020058,a70f0c30019edef700977b046269b02b04e0a219f921501b381dcc9adde4e736,0,0,32,-0.3200000000000001,-0.08119999999999984,10,22,17,6,30,10,1,2.0164871772000015,0.0,0,,random_actions,random_actions:panel_0:1:1020058:0
shared,shared,random_actions,1,30000,1,reference,panel_0,1020058,a70f0c30019edef700977b046269b02b04e0a219f921501b381dcc9adde4e736,1,0,32,-0.3200000000000001,-0.10039999999999998,7,25,19,7,30,11,1,2.0372516667000014,0.0,0,,random_actions,random_actions:panel_0:1:1020058:1
shared,shared,random_actions,1,30000,1,reference,panel_0,1020059,0c2783f47b06558996c444f586233374f0e71bb4e32b71c68c327c5991d51da6,0,0,32,-0.3200000000000001,0.020000000000000073,9,23,14,10,30,11,1,1.9252207647907413,0.0,0,,random_actions,random_actions:panel_0:1:1020059:0
shared,shared,random_actions,1,30000,1,reference,panel_0,1020059,0c2783f47b06558996c444f586233374f0e71bb4e32b71c68c327c5991d51da6,1,0,32,-0.3200000000000001,0.02480000000000021,5,27,20,8,28,11,1,1.8739941587690296,0.0,0,,random_actions,random_actions:panel_0:1:1020059:1
shared,shared,random_actions,1,30000,1,reference,panel_0,1020060,3b99c8250b78d87b47a51e9328054da806dda63cb6769194b4d6a8bd399de18b,0,0,32,-0.3200000000000001,0.06720000000000016,10,22,16,7,29,10,1,1.8579849302358564,0.0,0,,random_actions,random_actions:panel_0:1:1020060:0
shared,shared,random_actions,1,30000,1,reference,panel_0,1020060,3b99c8250b78d87b47a51e9328054da806dda63cb6769194b4d6a8bd399de18b,1,1,9,0.91,1.1436000000000002,0,9,3,7,9,7,0,0.14275848531400004,0.0,0,,random_actions,random_actions:panel_0:1:1020060:1
shared,shared,random_actions,1,30000,1,reference,panel_0,1020061,d49bdec62f64f608f3d6f7526107c3ce653750a6066e0adf3b692008ecb1deb3,0,0,32,-0.3200000000000001,-0.0463999999999999,9,23,10,14,30,11,1,1.9863104055918137,0.0,0,,random_actions,random_actions:panel_0:1:1020061:0
shared,shared,random_actions,1,30000,1,reference,panel_0,1020061,d49bdec62f64f608f3d6f7526107c3ce653750a6066e0adf3b692008ecb1deb3,1,1,15,0.85,1.0108000000000001,2,13,7,7,15,8,0,0.45409149810000105,0.0,0,,random_actions,random_actions:panel_0:1:1020061:1
shared,shared,random_actions,1,30000,1,reference,panel_0,1020062,9a14d3e252c6722e60cd457f2006980a4f97415dc2a73f9c50f65eb65f597ad3,0,0,32,-0.3200000000000001,-0.13319999999999982,14,18,12,7,30,8,1,2.068826902900002,0.0,0,,random_actions,random_actions:panel_0:1:1020062:0
shared,shared,random_actions,1,30000,1,reference,panel_0,1020062,9a14d3e252c6722e60cd457f2006980a4f97415dc2a73f9c50f65eb65f597ad3,1,1,27,0.73,0.8976000000000001,5,22,11,12,27,12,0,0.9376577848000015,0.0,0,,random_actions,random_actions:panel_0:1:1020062:1
shared,shared,random_actions,1,30000,1,reference,panel_0,1020063,0274f792085fac23ecb9d0831cfa23348e44a42427cb0ac56cf77618d6952c51,0,0,32,-0.3200000000000001,0.06360000000000016,12,20,12,9,28,9,1,1.8387828145994511,0.0,0,,random_actions,random_actions:panel_0:1:1020063:0
shared,shared,random_actions,1,30000,1,reference,panel_0,1020063,0274f792085fac23ecb9d0831cfa23348e44a42427cb0ac56cf77618d6952c51,1,0,32,-0.3200000000000001,0.08640000000000017,8,24,19,6,28,11,1,1.8177525028677985,0.0,0,,random_actions,random_actions:panel_0:1:1020063:1
shared,shared,random_actions,1,30000,1,reference,panel_0,1020064,ea9d69272489a862fffcb8dd4706a5510ed8c37a890b59e2eb28f6d9b4fe64d3,0,0,32,-0.3200000000000001,0.01520000000000013,8,24,18,7,27,9,1,1.8538268965018705,0.0,0,,random_actions,random_actions:panel_0:1:1020064:0
shared,shared,random_actions,1,30000,1,reference,panel_0,1020064,ea9d69272489a862fffcb8dd4706a5510ed8c37a890b59e2eb28f6d9b4fe64d3,1,0,32,-0.3200000000000001,-0.07959999999999999,4,28,18,11,31,14,1,2.045070958100002,0.0,0,,random_actions,random_actions:panel_0:1:1020064:1
shared,shared,random_actions,2,30000,1,reference,panel_0,1020000,9c19af0a87518c4ba1b6831cb86a6e14dbb4d2ad0f22d78ce5c12c013bff3eae,0,1,15,0.85,1.1596000000000002,5,10,1,10,15,8,0,0.3189599532154498,0.0,0,,random_actions,random_actions:panel_0:2:1020000:0
shared,shared,random_actions,2,30000,1,reference,panel_0,1020000,9c19af0a87518c4ba1b6831cb86a6e14dbb4d2ad0f22d78ce5c12c013bff3eae,1,0,32,-0.3200000000000001,0.07960000000000013,13,19,10,10,30,10,1,1.8703196222018716,0.0,0,,random_actions,random_actions:panel_0:2:1020000:1
shared,shared,random_actions,2,30000,1,reference,panel_0,1020001,c98116acd255e38a326a2f6e2ad1d6a645a73c1c8e703a3b942814700e880299,0,0,32,-0.3200000000000001,-0.1372,2,30,19,12,28,11,1,2.021801222702871,0.0,0,,random_actions,random_actions:panel_0:2:1020001:0
shared,shared,random_actions,2,30000,1,reference,panel_0,1020001,c98116acd255e38a326a2f6e2ad1d6a645a73c1c8e703a3b942814700e880299,1,1,3,0.97,1.0124,2,1,0,2,3,1,0,0.07940000000000014,0.0,0,,random_actions,random_actions:panel_0:2:1020001:1
shared,shared,random_actions,2,30000,1,reference,panel_0,1020002,90907afd6c54d0e4b7a9a3b39cc4b4d1265e2382dc76c1716413ca484ec6944c,0,1,28,0.72,0.8996000000000001,8,20,6,15,28,11,0,0.9676432139115813,0.0,0,,random_actions,random_actions:panel_0:2:1020002:0
shared,shared,random_actions,2,30000,1,reference,panel_0,1020002,90907afd6c54d0e4b7a9a3b39cc4b4d1265e2382dc76c1716413ca484ec6944c,1,1,4,0.96,1.0448,0,4,1,4,4,3,0,0.07820900000000008,0.0,0,,random_actions,random_actions:panel_0:2:1020002:1
shared,shared,random_actions,2,30000,1,reference,panel_0,1020003,6f45370f67e8c74f5e936991385eb2968e7684c4f26e03b170453ab8adb06fc7,0,1,29,0.71,0.9212,4,25,13,13,29,14,0,0.977321015057002,0.0,0,,random_actions,random_actions:panel_0:2:1020003:0
shared,shared,random_actions,2,30000,1,reference,panel_0,1020003,6f45370f67e8c74f5e936991385eb2968e7684c4f26e03b170453ab8adb06fc7,1,0,32,-0.3200000000000001,-0.08959999999999992,11,21,13,9,30,10,1,2.0243661186000024,0.0,0,,random_actions,random_actions:panel_0:2:1020003:1
shared,shared,random_actions,2,30000,1,reference,panel_0,1020004,40cffee73c706d65a2c28705989ff84b3d71df0e10abae67aa1522a70745feb3,0,1,8,0.9199999999999999,0.972,1,7,4,4,8,4,0,0.2743270000000003,0.0,0,,random_actions,random_actions:panel_0:2:1020004:0
shared,shared,random_actions,2,30000,1,reference,panel_0,1020004,40cffee73c706d65a2c28705989ff84b3d71df0e10abae67aa1522a70745feb3,1,1,11,0.89,0.9492,4,7,3,5,11,4,0,0.3898540000000007,0.0,0,,random_actions,random_actions:panel_0:2:1020004:1
shared,shared,random_actions,2,30000,1,reference,panel_0,1020005,25c09c7470631e431b14fbfb020b614e78e88b4116d15624408b63bcd71d81cc,0,0,32,-0.3200000000000001,-0.0727999999999999,8,24,13,12,30,11,1,2.0094520635212634,0.0,0,,random_actions,random_actions:panel_0:2:1020005:0
shared,shared,random_actions,2,30000,1,reference,panel_0,1020005,25c09c7470631e431b14fbfb020b614e78e88b4116d15624408b63bcd71d81cc,1,0,32,-0.3200000000000001,-0.025999999999999912,12,20,11,10,26,6,1,1.881409862313031,0.0,0,,random_actions,random_actions:panel_0:2:1020005:1
shared,shared,random_actions,2,30000,1,reference,panel_0,1020006,80bbe5494d93268e202a106b6fb8b8602f408948435f028d93b2e7b0e5c6edff,0,0,32,-0.3200000000000001,-0.09119999999999984,14,18,6,13,27,7,1,1.9599187679028716,0.0,0,,random_actions,random_actions:panel_0:2:1020006:0
shared,shared,random_actions,2,30000,1,reference,panel_0,1020006,80bbe5494d93268e202a106b6fb8b8602f408948435f028d93b2e7b0e5c6edff,1,0,32,-0.3200000000000001,-0.15239999999999998,7,25,19,7,30,11,1,2.0847602200000024,0.0,0,,random_actions,random_actions:panel_0:2:1020006:1
shared,shared,random_actions,2,30000,1,reference,panel_0,1020007,b1c7587d4ab70f72591566f9a9e24e980a90635203cb6a771c2690e5e47d7ab0,0,1,27,0.73,1.1024,10,17,8,10,27,12,0,0.7521809898710017,0.0,0,,random_actions,random_actions:panel_0:2:1020007:0
shared,shared,random_actions,2,30000,1,reference,panel_0,1020007,b1c7587d4ab70f72591566f9a9e24e980a90635203cb6a771c2690e5e47d7ab0,1,0,32,-0.3200000000000001,0.1328000000000001,8,24,17,8,27,10,1,1.7521091571696243,0.0,0,,random_actions,random_actions:panel_0:2:1020007:1
shared,shared,random_actions,2,30000,1,reference,panel_0,1020008,feead6e7bddad13f12fa8fd7eddc6989329cbe314b989731eaa46c3c64f1eb6f,0,0,32,-0.3200000000000001,0.18680000000000016,7,25,17,9,27,12,1,1.7112173352798572,0.0,0,,random_actions,random_actions:panel_0:2:1020008:0
shared,shared,random_actions,2,30000,1,reference,panel_0,1020008,feead6e7bddad13f12fa8fd7eddc6989329cbe314b989731eaa46c3c64f1eb6f,1,0,32,-0.3200000000000001,0.16520000000000018,7,25,14,12,29,12,1,1.7742023097048685,0.0,0,,random_actions,random_actions:panel_0:2:1020008:1
shared,shared,random_actions,2,30000,1,reference,panel_0,1020009,ac670dccf17083f8b3eb127c7e5198712f88c7acee092942f73128f6381bd9e1,0,0,32,-0.3200000000000001,-0.0015999999999998377,10,22,12,11,29,10,1,1.9158445364347414,0.0,0,,random_actions,random_actions:panel_0:2:1020009:0
shared,shared,random_actions,2,30000,1,reference,panel_0,1020009,ac670dccf17083f8b3eb127c7e5198712f88c7acee092942f73128f6381bd9e1,1,0,32,-0.3200000000000001,-0.01239999999999987,11,21,13,9,31,11,1,1.9810903356144516,0.0,0,,random_actions,random_actions:panel_0:2:1020009:1
shared,shared,random_actions,2,30000,1,reference,panel_0,1020011,c4967d9a88121037f7729f9d157ecea6090a86a730002ec53f7b563d2b276f7e,0,0,32,-0.3200000000000001,0.10520000000000007,14,18,6,13,28,9,1,1.800653320848363,0.0,0,,random_actions,random_actions:panel_0:2:1020011:0
shared,shared,random_actions,2,30000,1,reference,panel_0,1020011,c4967d9a88121037f7729f9d157ecea6090a86a730002ec53f7b563d2b276f7e,1,1,8,0.9199999999999999,1.2336,1,7,0,8,8,7,0,0.03306898859568119,0.0,0,,random_actions,random_actions:panel_0:2:1020011:1
shared,shared,random_actions,2,30000,1,reference,panel_0,1020012,9ddf0f0784e0e196e782e0962ca132e0a09924dd109e59a8d34299081677a845,0,1,4,0.96,1.006,1,3,1,3,4,2,0,0.11671800000000021,0.0,0,,random_actions,random_actions:panel_0:2:1020012:0
shared,shared,random_actions,2,30000,1,reference,panel_0,1020012,9ddf0f0784e0e196e782e0962ca132e0a09924dd109e59a8d34299081677a845,1,1,11,0.89,0.9528000000000001,8,3,1,3,11,2,0,0.3862810000000011,0.0,0,,random_actions,random_actions:panel_0:2:1020012:1
shared,shared,random_actions,2,30000,1,reference,panel_0,1020013,d8c97f426e4d90e06c9d3dfc671114b88d1e90c183ce877cd92d0b29aed6f809,0,0,32,-0.3200000000000001,0.08560000000000012,8,24,13,12,31,14,1,1.892823332246842,0.0,0,,random_actions,random_actions:panel_0:2:1020013:0
shared,shared,random_actions,2,30000,1,reference,panel_0,1020013,d8c97f426e4d90e06c9d3dfc671114b88d1e90c183ce877cd92d0b29aed6f809,1,1,23,0.7699999999999999,1.1048,9,14,5,10,23,10,0,0.6215848800846248,0.0,0,,random_actions,random_actions:panel_0:2:1020013:1
shared,shared,random_actions,2,30000,1,reference,panel_0,1020014,64465715ac4b0c2c4f6a94e91df1032d82bc12cadc2e5494568c7339d175e38c,0,0,32,-0.3200000000000001,0.07240000000000012,13,19,11,9,30,10,1,1.8777170757860016,0.0,0,,random_actions,random_actions:panel_0:2:1020014:0
shared,shared,random_actions,2,30000,1,reference,panel_0,1020014,64465715ac4b0c2c4f6a94e91df1032d82bc12cadc2e5494568c7339d175e38c,1,0,32,-0.3200000000000001,0.18880000000000033,23,9,6,4,25,2,1,1.6608934257972257,0.0,0,,random_actions,random_actions:panel_0:2:1020014:1
shared,shared,random_actions,2,30000,1,reference,panel_0,1020015,bef6aba505c02fb7722b6dc06efd6732d01951f1da6037b73936a562a1c3dc61,0,1,2,0.98,1.0212,1,1,0,2,2,1,0,0.03970000000000007,0.0,0,,random_actions,random_actions:panel_0:2:1020015:0
shared,shared,random_actions,2,30000,1,reference,panel_0,1020015,bef6aba505c02fb7722b6dc06efd6732d01951f1da6037b73936a562a1c3dc61,1,1,10,0.9,0.9556,3,7,3,5,10,4,0,0.3525360000000005,0.0,0,,random_actions,random_actions:panel_0:2:1020015:1
shared,shared,random_actions,2,30000,1,reference,panel_0,1020016,ebfd9ced46c8f13fb875c25129b973a2380ebad00e40710904d09b871fa7df38,0,0,32,-0.3200000000000001,0.1576000000000003,16,16,10,7,25,6,1,1.695095748282302,0.0,0,,random_actions,random_actions:panel_0:2:1020016:0
shared,shared,random_actions,2,30000,1,reference,panel_0,1020016,ebfd9ced46c8f13fb875c25129b973a2380ebad00e40710904d09b871fa7df38,1,0,32,-0.3200000000000001,0.19240000000000038,15,17,11,7,25,6,1,1.6640239965498917,0.0,0,,random_actions,random_actions:panel_0:2:1020016:1
shared,shared,random_actions,2,30000,1,reference,panel_0,1020017,6aa047581e1562f58033bae53bcae9c144ab33c560eb548b33b92b4bef90b402,0,1,10,0.9,0.9968,2,8,4,5,10,5,0,0.3116450000000005,0.0,0,,random_actions,random_actions:panel_0:2:1020017:0
shared,shared,random_actions,2,30000,1,reference,panel_0,1020017,6aa047581e1562f58033bae53bcae9c144ab33c560eb548b33b92b4bef90b402,1,1,24,0.7599999999999999,0.9132,14,10,5,6,24,6,0,0.8288523124000019,0.0,0,,random_actions,random_actions:panel_0:2:1020017:1
shared,shared,random_actions,2,30000,1,reference,panel_0,1020018,ef37c10264dd909e56a9b6611cab8397b277d33b602ab123b7832808888e8a4e,0,0,32,-0.3200000000000001,0.2676000000000003,13,19,15,5,26,7,1,1.61788414865031,0.0,0,,random_actions,random_actions:panel_0:2:1020018:0
shared,shared,random_actions,2,30000,1,reference,panel_0,1020018,ef37c10264dd909e56a9b6611cab8397b277d33b602ab123b7832808888e8a4e,1,0,32,-0.3200000000000001,0.25680000000000025,9,23,16,8,25,8,1,1.6029077327813586,0.0,0,,random_actions,random_actions:panel_0:2:1020018:1
shared,shared,random_actions,2,30000,1,reference,panel_0,1020019,d38e9a3992b3dd5ecf9628524852e1cfd9ec1d8ee7ecddeab6bc31fd2fd7fab0,0,0,32,-0.3200000000000001,-0.09599999999999992,10,22,15,8,28,9,1,1.9899108157458714,0.0,0,,random_actions,random_actions:panel_0:2:1020019:0
shared,shared,random_actions,2,30000,1,reference,panel_0,1020019,d38e9a3992b3dd5ecf9628524852e1cfd9ec1d8ee7ecddeab6bc31fd2fd7fab0,1,0,32,-0.3200000000000001,-0.11879999999999995,6,26,16,11,30,11,1,2.055167420371002,0.0,0,,random_actions,random_actions:panel_0:2:1020019:1
shared,shared,random_actions,2,30000,1,reference,panel_0,1020020,f21510972cd083fdd04535a9b7a769bd177140db265c3b669a205b1628f4ec22,0,0,32,-0.3200000000000001,-0.12839999999999985,15,17,11,7,28,6,1,2.012166337714002,0.0,0,,random_actions,random_actions:panel_0:2:1020020:0
shared,shared,random_actions,2,30000,1,reference,panel_0,1020020,f21510972cd083fdd04535a9b7a769bd177140db265c3b669a205b1628f4ec22,1,1,3,0.97,1.0536,1,2,0,3,3,2,0,0.038509000000000126,0.0,0,,random_actions,random_actions:panel_0:2:1020020:1
shared,shared,random_actions,2,30000,1,reference,panel_0,1020021,69438490727bcd632260503204e59f6718e7874a18177b0183ce4b7920961ebf,0,1,14,0.86,0.9252,1,13,5,9,14,7,0,0.5066077300000007,0.0,0,,random_actions,random_actions:panel_0:2:1020021:0
shared,shared,random_actions,2,30000,1,reference,panel_0,1020021,69438490727bcd632260503204e59f6718e7874a18177b0183ce4b7920961ebf,1,1,1,0.99,1.03,0,1,0,2,1,1,0,0.0,0.0,0,,random_actions,random_actions:panel_0:2:1020021:1
shared,shared,random_actions,2,30000,1,reference,panel_0,1020022,eb342e7835ed51504253d12f22da960bc4c4cde754eb53c7623aafd13de1351d,0,0,32,-0.3200000000000001,-0.0015999999999998515,16,16,11,6,28,7,1,1.8955729976990003,0.0,0,,random_actions,random_actions:panel_0:2:1020022:0
shared,shared,random_actions,2,30000,1,reference,panel_0,1020022,eb342e7835ed51504253d12f22da960bc4c4cde754eb53c7623aafd13de1351d,1,0,32,-0.3200000000000001,-0.025599999999999887,7,25,16,10,30,12,1,1.9646642680850013,0.0,0,,random_actions,random_actions:panel_0:2:1020022:1
shared,shared,random_actions,2,30000,1,reference,panel_0,1020023,7b4d444b17a227675787c65e85b70bb2c973ee70f3aa1d768fafd7d7cb824cc7,0,0,32,-0.3200000000000001,0.026400000000000125,8,24,19,6,30,12,1,1.917689605486451,0.0,0,,random_actions,random_actions:panel_0:2:1020023:0
shared,shared,random_actions,2,30000,1,reference,panel_0,1020023,7b4d444b17a227675787c65e85b70bb2c973ee70f3aa1d768fafd7d7cb824cc7,1,1,11,0.89,1.1188,2,9,3,7,11,7,0,0.22877919000000047,0.0,0,,random_actions,random_actions:panel_0:2:1020023:1
shared,shared,random_actions,2,30000,1,reference,panel_0,1020024,b9090d9f94f5acd41482360bc2ecd6017058d39f789dba0cfcdcd99008e0d584,0,0,32,-0.3200000000000001,0.13600000000000012,10,22,14,9,27,10,1,1.749527589341176,0.0,0,,random_actions,random_actions:panel_0:2:1020024:0
shared,shared,random_actions,2,30000,1,reference,panel_0,1020024,b9090d9f94f5acd41482360bc2ecd6017058d39f789dba0cfcdcd99008e0d584,1,1,16,0.84,1.1328,8,8,1,8,16,7,0,0.3751716716405804,0.0,0,,random_actions,random_actions:panel_0:2:1020024:1
shared,shared,random_actions,2,30000,1,reference,panel_0,1020025,8dc211d1fb62069ed0397750dfedf2f548b86d44c932fb4a85c4ec33325e9ed4,0,0,32,-0.3200000000000001,-0.07999999999999982,8,24,17,8,29,11,1,1.9917953355570015,0.0,0,,random_actions,random_actions:panel_0:2:1020025:0
shared,shared,random_actions,2,30000,1,reference,panel_0,1020025,8dc211d1fb62069ed0397750dfedf2f548b86d44c932fb4a85c4ec33325e9ed4,1,0,32,-0.3200000000000001,0.038800000000000306,17,15,10,6,27,4,1,1.841310060778182,0.0,0,,random_actions,random_actions:panel_0:2:1020025:1
shared,shared,random_actions,2,30000,1,reference,panel_0,1020026,61a1c5728cc49f0e875a612ec16863b327e70130f915f455929e64043145adc1,0,0,32,-0.3200000000000001,0.02840000000000012,19,13,5,9,28,5,1,1.869514736821162,0.0,0,,random_actions,random_actions:panel_0:2:1020026:0
shared,shared,random_actions,2,30000,1,reference,panel_0,1020026,61a1c5728cc49f0e875a612ec16863b327e70130f915f455929e64043145adc1,1,0,32,-0.3200000000000001,0.01520000000000013,8,24,15,10,28,10,1,1.8782443035221603,0.0,0,,random_actions,random_actions:panel_0:2:1020026:1
shared,shared,random_actions,2,30000,1,reference,panel_0,1020027,902e33dd72ed57d5fe2be0b1159d9202589f11408ab79f8bcf2a0ad1a3f73efa,0,0,32,-0.3200000000000001,-0.15759999999999985,8,24,14,11,29,10,1,2.0678324601140017,0.0,0,,random_actions,random_actions:panel_0:2:1020027:0
shared,shared,random_actions,2,30000,1,reference,panel_0,1020027,902e33dd72ed57d5fe2be0b1159d9202589f11408ab79f8bcf2a0ad1a3f73efa,1,0,32,-0.3200000000000001,-0.13359999999999983,10,22,15,8,30,10,1,2.0711169234372333,0.0,0,,random_actions,random_actions:panel_0:2:1020027:1
shared,shared,random_actions,2,30000,1,reference,panel_0,1020028,2a68ace46911ac11c86d4da356a5de21e97d9f07f0305a8e0253583d6bf95921,0,1,2,0.98,1.0212,1,1,0,2,2,1,0,0.03970000000000007,0.0,0,,random_actions,random_actions:panel_0:2:1020028:0
shared,shared,random_actions,2,30000,1,reference,panel_0,1020028,2a68ace46911ac11c86d4da356a5de21e97d9f07f0305a8e0253583d6bf95921,1,1,15,0.85,0.9164,6,9,4,6,15,5,0,0.546343460000001,0.0,0,,random_actions,random_actions:panel_0:2:1020028:1
shared,shared,random_actions,2,30000,1,reference,panel_0,1020029,4c895c4eab8c1ba46287903fcafb6c7f864dbf3f07e1cad946cebbcdfaf36c1b,0,0,32,-0.3200000000000001,0.2796000000000003,20,12,6,7,28,6,1,1.6513491584143964,0.0,0,,random_actions,random_actions:panel_0:2:1020029:0
shared,shared,random_actions,2,30000,1,reference,panel_0,1020029,4c895c4eab8c1ba46287903fcafb6c7f864dbf3f07e1cad946cebbcdfaf36c1b,1,0,32,-0.3200000000000001,0.2448000000000002,7,25,19,7,28,12,1,1.6842473417651869,0.0,0,,random_actions,random_actions:panel_0:2:1020029:1
shared,shared,random_actions,2,30000,1,reference,panel_0,1020030,d34aacdfeb47ba3bfd2a37ea9b09757985e3e5c29d88a2ff33e25446c761e033,0,0,32,-0.3200000000000001,0.01440000000000008,6,26,18,9,29,13,1,1.9068942030280023,0.0,0,,random_actions,random_actions:panel_0:2:1020030:0
shared,shared,random_actions,2,30000,1,reference,panel_0,1020030,d34aacdfeb47ba3bfd2a37ea9b09757985e3e5c29d88a2ff33e25446c761e033,1,1,27,0.73,1.0176,10,17,5,13,27,11,0,0.8254905088570019,0.0,0,,random_actions,random_actions:panel_0:2:1020030:1
shared,shared,random_actions,2,30000,1,reference,panel_0,1020031,1ebcff4a864a5a6a399707b09cfc0715e05a535f953a7cd35dd0b75aaf61f4d2,0,1,1,0.99,1.03,0,1,0,2,1,1,0,0.0,0.0,0,,random_actions,random_actions:panel_0:2:1020031:0
shared,shared,random_actions,2,30000,1,reference,panel_0,1020031,1ebcff4a864a5a6a399707b09cfc0715e05a535f953a7cd35dd0b75aaf61f4d2,1,1,8,0.9199999999999999,0.972,3,5,2,4,8,3,0,0.27432700000000043,0.0,0,,random_actions,random_actions:panel_0:2:1020031:1
shared,shared,random_actions,2,30000,1,reference,panel_0,1020032,a62f1f07889c2a86e892adb7d0707bf41565034d46ddd42fce473e56fc936aac,0,0,32,-0.3200000000000001,-0.0971999999999999,15,17,8,10,28,6,1,1.9916455589710012,0.0,0,,random_actions,random_actions:panel_0:2:1020032:0
shared,shared,random_actions,2,30000,1,reference,panel_0,1020032,a62f1f07889c2a86e892adb7d0707bf41565034d46ddd42fce473e56fc936aac,1,1,2,0.98,1.0612,0,2,0,3,2,2,0,0.0,0.0,0,,random_actions,random_actions:panel_0:2:1020032:1
shared,shared,random_actions,2,30000,1,reference,panel_0,1020033,39754fefe32f1fa9ebf44ae736b0b96a2713781497d5400ba056fb1baed138c1,0,1,4,0.96,1.0872,1,3,0,4,4,3,0,0.037353730000000085,0.0,0,,random_actions,random_actions:panel_0:2:1020033:0
shared,shared,random_actions,2,30000,1,reference,panel_0,1020033,39754fefe32f1fa9ebf44ae736b0b96a2713781497d5400ba056fb1baed138c1,1,0,32,-0.3200000000000001,-0.07039999999999984,13,19,10,10,31,10,1,2.0347235445420013,0.0,0,,random_actions,random_actions:panel_0:2:1020033:1
shared,shared,random_actions,2,30000,1,reference,panel_0,1020034,79b3d365448725d48dc07078a08a7cf9d4cceb8acf8332238db84317f5fa7e24,0,0,32,-0.3200000000000001,0.2024000000000002,11,21,12,10,27,9,1,1.6898901045606773,0.0,0,,random_actions,random_actions:panel_0:2:1020034:0
shared,shared,random_actions,2,30000,1,reference,panel_0,1020034,79b3d365448725d48dc07078a08a7cf9d4cceb8acf8332238db84317f5fa7e24,1,1,30,0.7,1.0604,9,21,12,10,30,14,0,0.8862365507570016,0.0,0,,random_actions,random_actions:panel_0:2:1020034:1
shared,shared,random_actions,2,30000,1,reference,panel_0,1020035,0573676dbd039f4e5ad8b0615fe7d61babed6ad69e86a637c867f202f553b891,0,0,32,-0.3200000000000001,0.12040000000000015,19,13,9,5,27,5,1,1.7577718918680598,0.0,0,,random_actions,random_actions:panel_0:2:1020035:0
shared,shared,random_actions,2,30000,1,reference,panel_0,1020035,0573676dbd039f4e5ad8b0615fe7d61babed6ad69e86a637c867f202f553b891,1,0,32,-0.3200000000000001,0.0868000000000001,9,23,15,9,30,12,1,1.8679744552941602,0.0,0,,random_actions,random_actions:panel_0:2:1020035:1
shared,shared,random_actions,2,30000,1,reference,panel_0,1020036,c055c004899621d6a4429c05cb85ba548ee28abf57a80e1e8ee50a5fd476f3bf,0,1,3,0.97,1.0536,1,2,0,3,3,2,0,0.038509000000000126,0.0,0,,random_actions,random_actions:panel_0:2:1020036:0
shared,shared,random_actions,2,30000,1,reference,panel_0,1020036,c055c004899621d6a4429c05cb85ba548ee28abf57a80e1e8ee50a5fd476f3bf,1,1,4,0.96,1.046,2,2,0,3,4,2,0,0.07701800000000025,0.0,0,,random_actions,random_actions:panel_0:2:1020036:1
shared,shared,random_actions,2,30000,1,reference,panel_0,1020037,7b5bf221f75ada5b54a31951a101274f7dc2941fce911867216a26b9f4adb634,0,0,32,-0.3200000000000001,-0.002399999999999902,8,24,18,7,30,12,1,1.9465027241710018,0.0,0,,random_actions,random_actions:panel_0:2:1020037:0
shared,shared,random_actions,2,30000,1,reference,panel_0,1020037,7b5bf221f75ada5b54a31951a101274f7dc2941fce911867216a26b9f4adb634,1,0,32,-0.3200000000000001,-0.009599999999999942,8,24,12,13,30,13,1,1.9522129093570015,0.0,0,,random_actions,random_actions:panel_0:2:1020037:1
shared,shared,random_actions,2,30000,1,reference,panel_0,1020038,b9fad13400b39498ea9aa36ae61f6f8b8b6508a6263241451a3eec26f1a3efc2,0,0,32,-0.3200000000000001,0.11680000000000018,6,26,12,15,32,15,1,1.8947288888363902,0.0,0,,random_actions,random_actions:panel_0:2:1020038:0
shared,shared,random_actions,2,30000,1,reference,panel_0,1020038,b9fad13400b39498ea9aa36ae61f6f8b8b6508a6263241451a3eec26f1a3efc2,1,0,32,-0.3200000000000001,0.10240000000000016,5,27,15,13,28,12,1,1.800766109307784,0.0,0,,random_actions,random_actions:panel_0:2:1020038:1
shared,shared,random_actions,2,30000,1,reference,panel_0,1020039,c79e630aa09493981ac5070f9e673fd076a0f006328969fa159d727bef1340dc,0,1,25,0.7499999999999999,1.0676,10,15,6,10,25,10,0,0.7167317215512342,0.0,0,,random_actions,random_actions:panel_0:2:1020039:0
shared,shared,random_actions,2,30000,1,reference,panel_0,1020039,c79e630aa09493981ac5070f9e673fd076a0f006328969fa159d727bef1340dc,1,0,32,-0.3200000000000001,-0.0011999999999999095,12,20,11,10,31,11,1,1.9714637704990021,0.0,0,,random_actions,random_actions:panel_0:2:1020039:1
shared,shared,random_actions,2,30000,1,reference,panel_0,1020040,bcce91d037def10d2345dd27fccb4a0c82f4056bb6aa600a3a8e72d7ad36e59a,0,0,32,-0.3200000000000001,0.009600000000000108,7,25,15,11,28,11,1,1.8885215171275522,0.0,0,,random_actions,random_actions:panel_0:2:1020040:0
shared,shared,random_actions,2,30000,1,reference,panel_0,1020040,bcce91d037def10d2345dd27fccb4a0c82f4056bb6aa600a3a8e72d7ad36e59a,1,0,32,-0.3200000000000001,-0.019199999999999953,7,25,17,9,31,13,1,1.9890878443000026,0.0,0,,random_actions,random_actions:panel_0:2:1020040:1
shared,shared,random_actions,2,30000,1,reference,panel_0,1020041,55000cd402b25ce3e531ca5685a067b6e00766d2266e13f55013ab57ad580078,0,1,6,0.94,1.026,4,2,0,3,6,2,0,0.15880000000000027,0.0,0,,random_actions,random_actions:panel_0:2:1020041:0
shared,shared,random_actions,2,30000,1,reference,panel_0,1020041,55000cd402b25ce3e531ca5685a067b6e00766d2266e13f55013ab57ad580078,1,1,12,0.88,0.9936,6,6,2,5,12,4,0,0.37714281430000074,0.0,0,,random_actions,random_actions:panel_0:2:1020041:1
shared,shared,random_actions,2,30000,1,reference,panel_0,1020042,12085f5e09f7b3f20939b4bbf439744fad38c20b397434ea560c5b2fa40cdcb5,0,0,32,-0.3200000000000001,-0.05519999999999964,11,21,13,9,27,7,1,1.9291315111632912,0.0,0,,random_actions,random_actions:panel_0:2:1020042:0
shared,shared,random_actions,2,30000,1,reference,panel_0,1020042,12085f5e09f7b3f20939b4bbf439744fad38c20b397434ea560c5b2fa40cdcb5,1,0,32,-0.3200000000000001,-0.1584,13,19,8,12,32,10,1,2.147888095057002,0.0,0,,random_actions,random_actions:panel_0:2:1020042:1
shared,shared,random_actions,2,30000,1,reference,panel_0,1020043,6e0c932971b2a78717c877fea7cae0566161cc22479fd2fb5e4405ae5cfe3feb,0,0,32,-0.3200000000000001,-0.07799999999999996,10,22,11,12,27,7,1,1.9449777984700019,0.0,0,,random_actions,random_actions:panel_0:2:1020043:0
shared,shared,random_actions,2,30000,1,reference,panel_0,1020043,6e0c932971b2a78717c877fea7cae0566161cc22479fd2fb5e4405ae5cfe3feb,1,0,32,-0.3200000000000001,-0.08999999999999997,14,18,10,9,28,7,1,1.9817607222700029,0.0,0,,random_actions,random_actions:panel_0:2:1020043:1
shared,shared,random_actions,2,30000,1,reference,panel_0,1020044,d6bf31fed7c6e0843eb726b925d15503ce331d5e9aa0ceb48093df520335c9ec,0,1,13,0.87,0.9472,4,9,3,7,13,5,0,0.45409149810000105,0.0,0,,random_actions,random_actions:panel_0:2:1020044:0
shared,shared,random_actions,2,30000,1,reference,panel_0,1020044,d6bf31fed7c6e0843eb726b925d15503ce331d5e9aa0ceb48093df520335c9ec,1,1,6,0.94,0.9896,1,5,2,4,6,3,0,0.1949270000000003,0.0,0,,random_actions,random_actions:panel_0:2:1020044:1
shared,shared,random_actions,2,30000,1,reference,panel_0,1020045,f4588337c844bd83a9862e90b42daf461a998822991c41d6ab661445e1795346,0,1,3,0.97,1.0936,0,3,0,4,3,3,0,0.0,0.0,0,,random_actions,random_actions:panel_0:2:1020045:0
shared,shared,random_actions,2,30000,1,reference,panel_0,1020045,f4588337c844bd83a9862e90b42daf461a998822991c41d6ab661445e1795346,1,0,32,-0.3200000000000001,-0.05239999999999988,15,17,11,7,31,8,1,2.0189247008700018,0.0,0,,random_actions,random_actions:panel_0:2:1020045:1
shared,shared,random_actions,2,30000,1,reference,panel_0,1020046,8b6318cc3240c37f76ea94ccb765dfe6dc6438211dc54b385787d543e4299a57,0,0,32,-0.3200000000000001,-0.14039999999999997,13,19,13,7,31,9,1,2.1011143762000026,0.0,0,,random_actions,random_actions:panel_0:2:1020046:0
shared,shared,random_actions,2,30000,1,reference,panel_0,1020046,8b6318cc3240c37f76ea94ccb765dfe6dc6438211dc54b385787d543e4299a57,1,0,32,-0.3200000000000001,-0.11399999999999999,6,26,19,8,28,10,1,2.007511639357002,0.0,0,,random_actions,random_actions:panel_0:2:1020046:1
shared,shared,random_actions,2,30000,1,reference,panel_0,1020047,460d9d572464a6e4b1470150787a70df688740970550798fd7c95ce506ec9a16,0,0,32,-0.3200000000000001,-0.004799999999999902,9,23,13,11,30,12,1,1.946780053285002,0.0,0,,random_actions,random_actions:panel_0:2:1020047:0
shared,shared,random_actions,2,30000,1,reference,panel_0,1020047,460d9d572464a6e4b1470150787a70df688740970550798fd7c95ce506ec9a16,1,0,32,-0.3200000000000001,0.021600000000000126,2,30,20,11,30,15,1,1.9220426847965815,0.0,0,,random_actions,random_actions:panel_0:2:1020047:1
shared,shared,random_actions,2,30000,1,reference,panel_0,1020048,a801bdfbb1f70a9497c74587baca720faa4b9578af446137fa0e3c950c483017,0,0,32,-0.3200000000000001,-0.0015999999999998793,13,19,10,10,28,8,1,1.8979823444762909,0.0,0,,random_actions,random_actions:panel_0:2:1020048:0
shared,shared,random_actions,2,30000,1,reference,panel_0,1020048,a801bdfbb1f70a9497c74587baca720faa4b9578af446137fa0e3c950c483017,1,1,6,0.94,1.1108,0,6,1,6,6,5,0,0.07820900000000008,0.0,0,,random_actions,random_actions:panel_0:2:1020048:1
shared,shared,random_actions,2,30000,1,reference,panel_0,1020049,adbdc38239de82c877ceddccef9707d9013cde5c66fc3d3d5309011696574512,0,1,24,0.7599999999999999,1.1428000000000003,8,16,7,10,24,11,0,0.618489738762509,0.0,0,,random_actions,random_actions:panel_0:2:1020049:0
shared,shared,random_actions,2,30000,1,reference,panel_0,1020049,adbdc38239de82c877ceddccef9707d9013cde5c66fc3d3d5309011696574512,1,0,32,-0.3200000000000001,0.12520000000000014,15,17,8,10,27,7,1,1.7636595744639294,0.0,0,,random_actions,random_actions:panel_0:2:1020049:1
shared,shared,random_actions,2,30000,1,reference,panel_0,1020050,abe56fcdf62ae30b2319a0d5891167c4fee2e9167d9888f68a0fddaac71da51f,0,1,24,0.7599999999999999,1.0296,1,23,10,14,24,14,0,0.7204681288570012,0.0,0,,random_actions,random_actions:panel_0:2:1020050:0
shared,shared,random_actions,2,30000,1,reference,panel_0,1020050,abe56fcdf62ae30b2319a0d5891167c4fee2e9167d9888f68a0fddaac71da51f,1,0,32,-0.3200000000000001,0.030000000000000138,4,28,21,8,28,12,1,1.864977597199001,0.0,0,,random_actions,random_actions:panel_0:2:1020050:1
shared,shared,random_actions,2,30000,1,reference,panel_0,1020051,20ffe0d066c672658a8e75381b1199694c67f994c1a1da9126781437a05fbaa4,0,1,8,0.9199999999999999,0.9756,5,3,1,3,8,2,0,0.2707540000000007,0.0,0,,random_actions,random_actions:panel_0:2:1020051:0
shared,shared,random_actions,2,30000,1,reference,panel_0,1020051,20ffe0d066c672658a8e75381b1199694c67f994c1a1da9126781437a05fbaa4,1,1,1,0.99,1.03,0,1,0,2,1,1,0,0.0,0.0,0,,random_actions,random_actions:panel_0:2:1020051:1
shared,shared,random_actions,2,30000,1,reference,panel_0,1020052,717cb8aec510f610798ce578fd42e9df5811ac8bb283dc048e8ad10b541ed265,0,0,32,-0.3200000000000001,-0.11039999999999994,11,21,14,8,28,8,1,1.996266671128002,0.0,0,,random_actions,random_actions:panel_0:2:1020052:0
shared,shared,random_actions,2,30000,1,reference,panel_0,1020052,717cb8aec510f610798ce578fd42e9df5811ac8bb283dc048e8ad10b541ed265,1,1,3,0.97,1.0524,1,2,0,3,3,2,0,0.03970000000000007,0.0,0,,random_actions,random_actions:panel_0:2:1020052:1
shared,shared,random_actions,2,30000,1,reference,panel_0,1020053,250844b72112143cb9f0e2c35c45528d2c63489bccb8dd1135bec9db1bd5f4fd,0,1,32,0.6799999999999999,1.0036,11,21,12,10,32,13,0,0.9954815192280015,0.0,0,,random_actions,random_actions:panel_0:2:1020053:0
shared,shared,random_actions,2,30000,1,reference,panel_0,1020053,250844b72112143cb9f0e2c35c45528d2c63489bccb8dd1135bec9db1bd5f4fd,1,0,32,-0.3200000000000001,0.024000000000000132,12,20,14,7,29,9,1,1.8949689065028714,0.0,0,,random_actions,random_actions:panel_0:2:1020053:1
shared,shared,random_actions,2,30000,1,reference,panel_0,1020054,78e4afce9efe1460b65e63e5ee19209db3804d32e76ed5fe6c92d1b8f3e12dfe,0,1,29,0.71,0.8984000000000001,6,23,16,8,29,13,0,0.9991378400000019,0.0,0,,random_actions,random_actions:panel_0:2:1020054:0
shared,shared,random_actions,2,30000,1,reference,panel_0,1020054,78e4afce9efe1460b65e63e5ee19209db3804d32e76ed5fe6c92d1b8f3e12dfe,1,1,13,0.87,1.0152,2,11,6,6,13,7,0,0.3875077300000007,0.0,0,,random_actions,random_actions:panel_0:2:1020054:1
shared,shared,random_actions,2,30000,1,reference,panel_0,1020055,f22ec7b8283b2b8b6f84ec14bb0e6ce58442818096684ef12425bb328ae5442a,0,1,12,0.88,0.9464,3,9,3,7,12,5,0,0.42367046000000097,0.0,0,,random_actions,random_actions:panel_0:2:1020055:0
shared,shared,random_actions,2,30000,1,reference,panel_0,1020055,f22ec7b8283b2b8b6f84ec14bb0e6ce58442818096684ef12425bb328ae5442a,1,1,10,0.9,0.964,1,9,4,6,10,5,0,0.34437657810000066,0.0,0,,random_actions,random_actions:panel_0:2:1020055:1
shared,shared,random_actions,2,30000,1,reference,panel_0,1020056,852c440f41735199b1f2949149d766a3a37f14104a8637958921d4d7cd1bdefa,0,1,4,0.96,1.0048,1,3,0,4,4,2,0,0.11790900000000015,0.0,0,,random_actions,random_actions:panel_0:2:1020056:0
shared,shared,random_actions,2,30000,1,reference,panel_0,1020056,852c440f41735199b1f2949149d766a3a37f14104a8637958921d4d7cd1bdefa,1,1,17,0.83,0.9156,0,17,7,11,17,9,0,0.6093888862000012,0.0,0,,random_actions,random_actions:panel_0:2:1020056:1
shared,shared,random_actions,2,30000,1,reference,panel_0,1020057,ae19876c0882c1cbc4457aa9c19b02745ef35cfbf988b5afb4de0e977e88d155,0,0,32,-0.3200000000000001,-0.10999999999999995,8,24,19,6,30,12,1,2.0451652662000024,0.0,0,,random_actions,random_actions:panel_0:2:1020057:0
shared,shared,random_actions,2,30000,1,reference,panel_0,1020057,ae19876c0882c1cbc4457aa9c19b02745ef35cfbf988b5afb4de0e977e88d155,1,0,32,-0.3200000000000001,-0.05479999999999986,11,21,10,12,31,10,1,2.0217692261130304,0.0,0,,random_actions,random_actions:panel_0:2:1020057:1
shared,shared,random_actions,2,30000,1,reference,panel_0,1020058,a70f0c30019edef700977b046269b02b04e0a219f921501b381dcc9adde4e736,0,0,32,-0.3200000000000001,-0.08719999999999992,9,23,18,6,32,12,1,2.079054059100002,0.0,0,,random_actions,random_actions:panel_0:2:1020058:0
shared,shared,random_actions,2,30000,1,reference,panel_0,1020058,a70f0c30019edef700977b046269b02b04e0a219f921501b381dcc9adde4e736,1,1,10,0.9,1.0392000000000001,1,9,3,7,10,6,0,0.2707897300000005,0.0,0,,random_actions,random_actions:panel_0:2:1020058:1
shared,shared,random_actions,2,30000,1,reference,panel_0,1020059,0c2783f47b06558996c444f586233374f0e71bb4e32b71c68c327c5991d51da6,0,0,32,-0.3200000000000001,-0.03399999999999994,4,28,16,13,32,15,1,2.0296436481482916,0.0,0,,random_actions,random_actions:panel_0:2:1020059:0
shared,shared,random_actions,2,30000,1,reference,panel_0,1020059,0c2783f47b06558996c444f586233374f0e71bb4e32b71c68c327c5991d51da6,1,1,26,0.74,0.9816,2,24,14,11,26,14,0,0.8277468387888708,0.0,0,,random_actions,random_actions:panel_0:2:1020059:1
shared,shared,random_actions,2,30000,1,reference,panel_0,1020060,3b99c8250b78d87b47a51e9328054da806dda63cb6769194b4d6a8bd399de18b,0,0,32,-0.3200000000000001,0.048000000000000195,11,21,12,10,27,7,1,1.8244550424588717,0.0,0,,random_actions,random_actions:panel_0:2:1020060:0
shared,shared,random_actions,2,30000,1,reference,panel_0,1020060,3b99c8250b78d87b47a51e9328054da806dda63cb6769194b4d6a8bd399de18b,1,0,32,-0.3200000000000001,0.07320000000000018,11,21,12,10,30,11,1,1.8774997859852016,0.0,0,,random_actions,random_actions:panel_0:2:1020060:1
shared,shared,random_actions,2,30000,1,reference,panel_0,1020061,d49bdec62f64f608f3d6f7526107c3ce653750a6066e0adf3b692008ecb1deb3,0,0,32,-0.3200000000000001,-0.11,6,26,15,12,31,13,1,2.072266713414002,0.0,0,,random_actions,random_actions:panel_0:2:1020061:0
shared,shared,random_actions,2,30000,1,reference,panel_0,1020061,d49bdec62f64f608f3d6f7526107c3ce653750a6066e0adf3b692008ecb1deb3,1,0,32,-0.3200000000000001,-0.08479999999999999,10,22,14,9,28,8,1,1.9761055025280023,0.0,0,,random_actions,random_actions:panel_0:2:1020061:1
shared,shared,random_actions,2,30000,1,reference,panel_0,1020062,9a14d3e252c6722e60cd457f2006980a4f97415dc2a73f9c50f65eb65f597ad3,0,1,30,0.7,0.864,8,22,14,9,30,12,0,1.0634446543000022,0.0,0,,random_actions,random_actions:panel_0:2:1020062:0
shared,shared,random_actions,2,30000,1,reference,panel_0,1020062,9a14d3e252c6722e60cd457f2006980a4f97415dc2a73f9c50f65eb65f597ad3,1,0,32,-0.3200000000000001,-0.1439999999999999,8,24,11,14,31,11,1,2.1060516667000018,0.0,0,,random_actions,random_actions:panel_0:2:1020062:1
shared,shared,random_actions,2,30000,1,reference,panel_0,1020063,0274f792085fac23ecb9d0831cfa23348e44a42427cb0ac56cf77618d6952c51,0,1,7,0.9299999999999999,1.1528,0,7,2,6,7,6,0,0.07137924265700002,0.0,0,,random_actions,random_actions:panel_0:2:1020063:0
shared,shared,random_actions,2,30000,1,reference,panel_0,1020063,0274f792085fac23ecb9d0831cfa23348e44a42427cb0ac56cf77618d6952c51,1,0,32,-0.3200000000000001,0.0948000000000001,6,26,20,7,26,9,1,1.7610530704068856,0.0,0,,random_actions,random_actions:panel_0:2:1020063:1
shared,shared,random_actions,2,30000,1,reference,panel_0,1020064,ea9d69272489a862fffcb8dd4706a5510ed8c37a890b59e2eb28f6d9b4fe64d3,0,0,32,-0.3200000000000001,0.035600000000000104,10,22,19,4,27,8,1,1.8377166436439,0.0,0,,random_actions,random_actions:panel_0:2:1020064:0
shared,shared,random_actions,2,30000,1,reference,panel_0,1020064,ea9d69272489a862fffcb8dd4706a5510ed8c37a890b59e2eb28f6d9b4fe64d3,1,1,24,0.7599999999999999,1.0316,8,16,6,11,24,10,0,0.7173193284028707,0.0,0,,random_actions,random_actions:panel_0:2:1020064:1
shared,shared,shortest_path,0,30000,1,reference,panel_0,1020000,9c19af0a87518c4ba1b6831cb86a6e14dbb4d2ad0f22d78ce5c12c013bff3eae,0,1,6,0.94,1.198,0,6,0,7,6,6,0,0.0,0.0,0,,shortest_path,shortest_path:panel_0:0:1020000:0
shared,shared,shortest_path,0,30000,1,reference,panel_0,1020001,c98116acd255e38a326a2f6e2ad1d6a645a73c1c8e703a3b942814700e880299,0,1,1,0.99,1.03,0,1,0,2,1,1,0,0.0,0.0,0,,shortest_path,shortest_path:panel_0:0:1020001:0
shared,shared,shortest_path,0,30000,1,reference,panel_0,1020002,90907afd6c54d0e4b7a9a3b39cc4b4d1265e2382dc76c1716413ca484ec6944c,0,1,2,0.98,1.0612,0,2,0,3,2,2,0,0.0,0.0,0,,shortest_path,shortest_path:panel_0:0:1020002:0
shared,shared,shortest_path,0,30000,1,reference,panel_0,1020003,6f45370f67e8c74f5e936991385eb2968e7684c4f26e03b170453ab8adb06fc7,0,1,3,0.97,1.0936,0,3,0,4,3,3,0,0.0,0.0,0,,shortest_path,shortest_path:panel_0:0:1020003:0
shared,shared,shortest_path,0,30000,1,reference,panel_0,1020004,40cffee73c706d65a2c28705989ff84b3d71df0e10abae67aa1522a70745feb3,0,1,1,0.99,1.03,0,1,0,2,1,1,0,0.0,0.0,0,,shortest_path,shortest_path:panel_0:0:1020004:0
shared,shared,shortest_path,0,30000,1,reference,panel_0,1020005,25c09c7470631e431b14fbfb020b614e78e88b4116d15624408b63bcd71d81cc,0,1,3,0.97,1.0936,0,3,0,4,3,3,0,0.0,0.0,0,,shortest_path,shortest_path:panel_0:0:1020005:0
shared,shared,shortest_path,0,30000,1,reference,panel_0,1020006,80bbe5494d93268e202a106b6fb8b8602f408948435f028d93b2e7b0e5c6edff,0,1,2,0.98,1.0612,0,2,0,3,2,2,0,0.0,0.0,0,,shortest_path,shortest_path:panel_0:0:1020006:0
shared,shared,shortest_path,0,30000,1,reference,panel_0,1020007,b1c7587d4ab70f72591566f9a9e24e980a90635203cb6a771c2690e5e47d7ab0,0,1,7,0.9299999999999999,1.2352,0,7,0,8,7,7,0,0.0,0.0,0,,shortest_path,shortest_path:panel_0:0:1020007:0
shared,shared,shortest_path,0,30000,1,reference,panel_0,1020008,feead6e7bddad13f12fa8fd7eddc6989329cbe314b989731eaa46c3c64f1eb6f,0,1,7,0.9299999999999999,1.2352,0,7,0,8,7,7,0,0.0,0.0,0,,shortest_path,shortest_path:panel_0:0:1020008:0
shared,shared,shortest_path,0,30000,1,reference,panel_0,1020009,ac670dccf17083f8b3eb127c7e5198712f88c7acee092942f73128f6381bd9e1,0,1,4,0.96,1.1272,0,4,0,5,4,4,0,0.0,0.0,0,,shortest_path,shortest_path:panel_0:0:1020009:0
shared,shared,shortest_path,0,30000,1,reference,panel_0,1020011,c4967d9a88121037f7729f9d157ecea6090a86a730002ec53f7b563d2b276f7e,0,1,7,0.9299999999999999,1.2352,0,7,0,8,7,7,0,0.0,0.0,0,,shortest_path,shortest_path:panel_0:0:1020011:0
shared,shared,shortest_path,0,30000,1,reference,panel_0,1020012,9ddf0f0784e0e196e782e0962ca132e0a09924dd109e59a8d34299081677a845,0,1,1,0.99,1.03,0,1,0,2,1,1,0,0.0,0.0,0,,shortest_path,shortest_path:panel_0:0:1020012:0
shared,shared,shortest_path,0,30000,1,reference,panel_0,1020013,d8c97f426e4d90e06c9d3dfc671114b88d1e90c183ce877cd92d0b29aed6f809,0,1,6,0.94,1.198,0,6,0,7,6,6,0,0.0,0.0,0,,shortest_path,shortest_path:panel_0:0:1020013:0
shared,shared,shortest_path,0,30000,1,reference,panel_0,1020014,64465715ac4b0c2c4f6a94e91df1032d82bc12cadc2e5494568c7339d175e38c,0,1,6,0.94,1.198,0,6,0,7,6,6,0,0.0,0.0,0,,shortest_path,shortest_path:panel_0:0:1020014:0
shared,shared,shortest_path,0,30000,1,reference,panel_0,1020015,bef6aba505c02fb7722b6dc06efd6732d01951f1da6037b73936a562a1c3dc61,0,1,1,0.99,1.03,0,1,0,2,1,1,0,0.0,0.0,0,,shortest_path,shortest_path:panel_0:0:1020015:0
shared,shared,shortest_path,0,30000,1,reference,panel_0,1020016,ebfd9ced46c8f13fb875c25129b973a2380ebad00e40710904d09b871fa7df38,0,1,6,0.94,1.198,0,6,0,7,6,6,0,0.0,0.0,0,,shortest_path,shortest_path:panel_0:0:1020016:0
shared,shared,shortest_path,0,30000,1,reference,panel_0,1020017,6aa047581e1562f58033bae53bcae9c144ab33c560eb548b33b92b4bef90b402,0,1,2,0.98,1.0612,0,2,0,3,2,2,0,0.0,0.0,0,,shortest_path,shortest_path:panel_0:0:1020017:0
shared,shared,shortest_path,0,30000,1,reference,panel_0,1020018,ef37c10264dd909e56a9b6611cab8397b277d33b602ab123b7832808888e8a4e,0,1,8,0.9199999999999999,1.2736,0,8,0,9,8,8,0,0.0,0.0,0,,shortest_path,shortest_path:panel_0:0:1020018:0
shared,shared,shortest_path,0,30000,1,reference,panel_0,1020019,d38e9a3992b3dd5ecf9628524852e1cfd9ec1d8ee7ecddeab6bc31fd2fd7fab0,0,1,2,0.98,1.0612,0,2,0,3,2,2,0,0.0,0.0,0,,shortest_path,shortest_path:panel_0:0:1020019:0
shared,shared,shortest_path,0,30000,1,reference,panel_0,1020020,f21510972cd083fdd04535a9b7a769bd177140db265c3b669a205b1628f4ec22,0,1,2,0.98,1.0612,0,2,0,3,2,2,0,0.0,0.0,0,,shortest_path,shortest_path:panel_0:0:1020020:0
shared,shared,shortest_path,0,30000,1,reference,panel_0,1020021,69438490727bcd632260503204e59f6718e7874a18177b0183ce4b7920961ebf,0,1,1,0.99,1.03,0,1,0,2,1,1,0,0.0,0.0,0,,shortest_path,shortest_path:panel_0:0:1020021:0
shared,shared,shortest_path,0,30000,1,reference,panel_0,1020022,eb342e7835ed51504253d12f22da960bc4c4cde754eb53c7623aafd13de1351d,0,1,4,0.96,1.1272,0,4,0,5,4,4,0,0.0,0.0,0,,shortest_path,shortest_path:panel_0:0:1020022:0
shared,shared,shortest_path,0,30000,1,reference,panel_0,1020023,7b4d444b17a227675787c65e85b70bb2c973ee70f3aa1d768fafd7d7cb824cc7,0,1,5,0.95,1.162,0,5,0,6,5,5,0,0.0,0.0,0,,shortest_path,shortest_path:panel_0:0:1020023:0
shared,shared,shortest_path,0,30000,1,reference,panel_0,1020024,b9090d9f94f5acd41482360bc2ecd6017058d39f789dba0cfcdcd99008e0d584,0,1,6,0.94,1.198,0,6,0,7,6,6,0,0.0,0.0,0,,shortest_path,shortest_path:panel_0:0:1020024:0
shared,shared,shortest_path,0,30000,1,reference,panel_0,1020025,8dc211d1fb62069ed0397750dfedf2f548b86d44c932fb4a85c4ec33325e9ed4,0,1,3,0.97,1.0936,0,3,0,4,3,3,0,0.0,0.0,0,,shortest_path,shortest_path:panel_0:0:1020025:0
shared,shared,shortest_path,0,30000,1,reference,panel_0,1020026,61a1c5728cc49f0e875a612ec16863b327e70130f915f455929e64043145adc1,0,1,4,0.96,1.1272,0,4,0,5,4,4,0,0.0,0.0,0,,shortest_path,shortest_path:panel_0:0:1020026:0
shared,shared,shortest_path,0,30000,1,reference,panel_0,1020027,902e33dd72ed57d5fe2be0b1159d9202589f11408ab79f8bcf2a0ad1a3f73efa,0,1,1,0.99,1.03,0,1,0,2,1,1,0,0.0,0.0,0,,shortest_path,shortest_path:panel_0:0:1020027:0
shared,shared,shortest_path,0,30000,1,reference,panel_0,1020028,2a68ace46911ac11c86d4da356a5de21e97d9f07f0305a8e0253583d6bf95921,0,1,1,0.99,1.03,0,1,0,2,1,1,0,0.0,0.0,0,,shortest_path,shortest_path:panel_0:0:1020028:0
shared,shared,shortest_path,0,30000,1,reference,panel_0,1020029,4c895c4eab8c1ba46287903fcafb6c7f864dbf3f07e1cad946cebbcdfaf36c1b,0,1,8,0.9199999999999999,1.2736,0,8,0,9,8,8,0,0.0,0.0,0,,shortest_path,shortest_path:panel_0:0:1020029:0
shared,shared,shortest_path,0,30000,1,reference,panel_0,1020030,d34aacdfeb47ba3bfd2a37ea9b09757985e3e5c29d88a2ff33e25446c761e033,0,1,5,0.95,1.162,0,5,0,6,5,5,0,0.0,0.0,0,,shortest_path,shortest_path:panel_0:0:1020030:0
shared,shared,shortest_path,0,30000,1,reference,panel_0,1020031,1ebcff4a864a5a6a399707b09cfc0715e05a535f953a7cd35dd0b75aaf61f4d2,0,1,1,0.99,1.03,0,1,0,2,1,1,0,0.0,0.0,0,,shortest_path,shortest_path:panel_0:0:1020031:0
shared,shared,shortest_path,0,30000,1,reference,panel_0,1020032,a62f1f07889c2a86e892adb7d0707bf41565034d46ddd42fce473e56fc936aac,0,1,2,0.98,1.0612,0,2,0,3,2,2,0,0.0,0.0,0,,shortest_path,shortest_path:panel_0:0:1020032:0
shared,shared,shortest_path,0,30000,1,reference,panel_0,1020033,39754fefe32f1fa9ebf44ae736b0b96a2713781497d5400ba056fb1baed138c1,0,1,3,0.97,1.0936,0,3,0,4,3,3,0,0.0,0.0,0,,shortest_path,shortest_path:panel_0:0:1020033:0
shared,shared,shortest_path,0,30000,1,reference,panel_0,1020034,79b3d365448725d48dc07078a08a7cf9d4cceb8acf8332238db84317f5fa7e24,0,1,7,0.9299999999999999,1.2352,0,7,0,8,7,7,0,0.0,0.0,0,,shortest_path,shortest_path:panel_0:0:1020034:0
shared,shared,shortest_path,0,30000,1,reference,panel_0,1020035,0573676dbd039f4e5ad8b0615fe7d61babed6ad69e86a637c867f202f553b891,0,1,6,0.94,1.198,0,6,0,7,6,6,0,0.0,0.0,0,,shortest_path,shortest_path:panel_0:0:1020035:0
shared,shared,shortest_path,0,30000,1,reference,panel_0,1020036,c055c004899621d6a4429c05cb85ba548ee28abf57a80e1e8ee50a5fd476f3bf,0,1,2,0.98,1.0612,0,2,0,3,2,2,0,0.0,0.0,0,,shortest_path,shortest_path:panel_0:0:1020036:0
shared,shared,shortest_path,0,30000,1,reference,panel_0,1020037,7b5bf221f75ada5b54a31951a101274f7dc2941fce911867216a26b9f4adb634,0,1,5,0.95,1.162,0,5,0,6,5,5,0,0.0,0.0,0,,shortest_path,shortest_path:panel_0:0:1020037:0
shared,shared,shortest_path,0,30000,1,reference,panel_0,1020038,b9fad13400b39498ea9aa36ae61f6f8b8b6508a6263241451a3eec26f1a3efc2,0,1,6,0.94,1.198,0,6,0,7,6,6,0,0.0,0.0,0,,shortest_path,shortest_path:panel_0:0:1020038:0
shared,shared,shortest_path,0,30000,1,reference,panel_0,1020039,c79e630aa09493981ac5070f9e673fd076a0f006328969fa159d727bef1340dc,0,1,5,0.95,1.162,0,5,0,6,5,5,0,0.0,0.0,0,,shortest_path,shortest_path:panel_0:0:1020039:0
shared,shared,shortest_path,0,30000,1,reference,panel_0,1020040,bcce91d037def10d2345dd27fccb4a0c82f4056bb6aa600a3a8e72d7ad36e59a,0,1,5,0.95,1.162,0,5,0,6,5,5,0,0.0,0.0,0,,shortest_path,shortest_path:panel_0:0:1020040:0
shared,shared,shortest_path,0,30000,1,reference,panel_0,1020041,55000cd402b25ce3e531ca5685a067b6e00766d2266e13f55013ab57ad580078,0,1,2,0.98,1.0612,0,2,0,3,2,2,0,0.0,0.0,0,,shortest_path,shortest_path:panel_0:0:1020041:0
shared,shared,shortest_path,0,30000,1,reference,panel_0,1020042,12085f5e09f7b3f20939b4bbf439744fad38c20b397434ea560c5b2fa40cdcb5,0,1,2,0.98,1.0612,0,2,0,3,2,2,0,0.0,0.0,0,,shortest_path,shortest_path:panel_0:0:1020042:0
shared,shared,shortest_path,0,30000,1,reference,panel_0,1020043,6e0c932971b2a78717c877fea7cae0566161cc22479fd2fb5e4405ae5cfe3feb,0,1,2,0.98,1.0612,0,2,0,3,2,2,0,0.0,0.0,0,,shortest_path,shortest_path:panel_0:0:1020043:0
shared,shared,shortest_path,0,30000,1,reference,panel_0,1020044,d6bf31fed7c6e0843eb726b925d15503ce331d5e9aa0ceb48093df520335c9ec,0,1,1,0.99,1.03,0,1,0,2,1,1,0,0.0,0.0,0,,shortest_path,shortest_path:panel_0:0:1020044:0
shared,shared,shortest_path,0,30000,1,reference,panel_0,1020045,f4588337c844bd83a9862e90b42daf461a998822991c41d6ab661445e1795346,0,1,3,0.97,1.0936,0,3,0,4,3,3,0,0.0,0.0,0,,shortest_path,shortest_path:panel_0:0:1020045:0
shared,shared,shortest_path,0,30000,1,reference,panel_0,1020046,8b6318cc3240c37f76ea94ccb765dfe6dc6438211dc54b385787d543e4299a57,0,1,2,0.98,1.0612,0,2,0,3,2,2,0,0.0,0.0,0,,shortest_path,shortest_path:panel_0:0:1020046:0
shared,shared,shortest_path,0,30000,1,reference,panel_0,1020047,460d9d572464a6e4b1470150787a70df688740970550798fd7c95ce506ec9a16,0,1,5,0.95,1.162,0,5,0,6,5,5,0,0.0,0.0,0,,shortest_path,shortest_path:panel_0:0:1020047:0
shared,shared,shortest_path,0,30000,1,reference,panel_0,1020048,a801bdfbb1f70a9497c74587baca720faa4b9578af446137fa0e3c950c483017,0,1,4,0.96,1.1272,0,4,0,5,4,4,0,0.0,0.0,0,,shortest_path,shortest_path:panel_0:0:1020048:0
shared,shared,shortest_path,0,30000,1,reference,panel_0,1020049,adbdc38239de82c877ceddccef9707d9013cde5c66fc3d3d5309011696574512,0,1,6,0.94,1.198,0,6,0,7,6,6,0,0.0,0.0,0,,shortest_path,shortest_path:panel_0:0:1020049:0
shared,shared,shortest_path,0,30000,1,reference,panel_0,1020050,abe56fcdf62ae30b2319a0d5891167c4fee2e9167d9888f68a0fddaac71da51f,0,1,5,0.95,1.162,0,5,0,6,5,5,0,0.0,0.0,0,,shortest_path,shortest_path:panel_0:0:1020050:0
shared,shared,shortest_path,0,30000,1,reference,panel_0,1020051,20ffe0d066c672658a8e75381b1199694c67f994c1a1da9126781437a05fbaa4,0,1,1,0.99,1.03,0,1,0,2,1,1,0,0.0,0.0,0,,shortest_path,shortest_path:panel_0:0:1020051:0
shared,shared,shortest_path,0,30000,1,reference,panel_0,1020052,717cb8aec510f610798ce578fd42e9df5811ac8bb283dc048e8ad10b541ed265,0,1,2,0.98,1.0612,0,2,0,3,2,2,0,0.0,0.0,0,,shortest_path,shortest_path:panel_0:0:1020052:0
shared,shared,shortest_path,0,30000,1,reference,panel_0,1020053,250844b72112143cb9f0e2c35c45528d2c63489bccb8dd1135bec9db1bd5f4fd,0,1,5,0.95,1.162,0,5,0,6,5,5,0,0.0,0.0,0,,shortest_path,shortest_path:panel_0:0:1020053:0
shared,shared,shortest_path,0,30000,1,reference,panel_0,1020054,78e4afce9efe1460b65e63e5ee19209db3804d32e76ed5fe6c92d1b8f3e12dfe,0,1,3,0.97,1.0936,0,3,0,4,3,3,0,0.0,0.0,0,,shortest_path,shortest_path:panel_0:0:1020054:0
shared,shared,shortest_path,0,30000,1,reference,panel_0,1020055,f22ec7b8283b2b8b6f84ec14bb0e6ce58442818096684ef12425bb328ae5442a,0,1,1,0.99,1.03,0,1,0,2,1,1,0,0.0,0.0,0,,shortest_path,shortest_path:panel_0:0:1020055:0
shared,shared,shortest_path,0,30000,1,reference,panel_0,1020056,852c440f41735199b1f2949149d766a3a37f14104a8637958921d4d7cd1bdefa,0,1,1,0.99,1.03,0,1,0,2,1,1,0,0.0,0.0,0,,shortest_path,shortest_path:panel_0:0:1020056:0
shared,shared,shortest_path,0,30000,1,reference,panel_0,1020057,ae19876c0882c1cbc4457aa9c19b02745ef35cfbf988b5afb4de0e977e88d155,0,1,3,0.97,1.0936,0,3,0,4,3,3,0,0.0,0.0,0,,shortest_path,shortest_path:panel_0:0:1020057:0
shared,shared,shortest_path,0,30000,1,reference,panel_0,1020058,a70f0c30019edef700977b046269b02b04e0a219f921501b381dcc9adde4e736,0,1,3,0.97,1.0936,0,3,0,4,3,3,0,0.0,0.0,0,,shortest_path,shortest_path:panel_0:0:1020058:0
shared,shared,shortest_path,0,30000,1,reference,panel_0,1020059,0c2783f47b06558996c444f586233374f0e71bb4e32b71c68c327c5991d51da6,0,1,4,0.96,1.1272,0,4,0,5,4,4,0,0.0,0.0,0,,shortest_path,shortest_path:panel_0:0:1020059:0
shared,shared,shortest_path,0,30000,1,reference,panel_0,1020060,3b99c8250b78d87b47a51e9328054da806dda63cb6769194b4d6a8bd399de18b,0,1,5,0.95,1.162,0,5,0,6,5,5,0,0.0,0.0,0,,shortest_path,shortest_path:panel_0:0:1020060:0
shared,shared,shortest_path,0,30000,1,reference,panel_0,1020061,d49bdec62f64f608f3d6f7526107c3ce653750a6066e0adf3b692008ecb1deb3,0,1,3,0.97,1.0936,0,3,0,4,3,3,0,0.0,0.0,0,,shortest_path,shortest_path:panel_0:0:1020061:0
shared,shared,shortest_path,0,30000,1,reference,panel_0,1020062,9a14d3e252c6722e60cd457f2006980a4f97415dc2a73f9c50f65eb65f597ad3,0,1,2,0.98,1.0612,0,2,0,3,2,2,0,0.0,0.0,0,,shortest_path,shortest_path:panel_0:0:1020062:0
shared,shared,shortest_path,0,30000,1,reference,panel_0,1020063,0274f792085fac23ecb9d0831cfa23348e44a42427cb0ac56cf77618d6952c51,0,1,5,0.95,1.162,0,5,0,6,5,5,0,0.0,0.0,0,,shortest_path,shortest_path:panel_0:0:1020063:0
shared,shared,shortest_path,0,30000,1,reference,panel_0,1020064,ea9d69272489a862fffcb8dd4706a5510ed8c37a890b59e2eb28f6d9b4fe64d3,0,1,4,0.96,1.1272,0,4,0,5,4,4,0,0.0,0.0,0,,shortest_path,shortest_path:panel_0:0:1020064:0
shared,shared,random_actions,0,30000,1,reference,panel_1,1021000,e684768c97c4f622189d17c403c007479a6e146db010de5961bc170ae57f4c7d,0,0,32,-0.3200000000000001,0.0852000000000002,6,26,11,16,31,14,1,1.8935894250571015,0.0,0,,random_actions,random_actions:panel_1:0:1021000:0
shared,shared,random_actions,0,30000,1,reference,panel_1,1021000,e684768c97c4f622189d17c403c007479a6e146db010de5961bc170ae57f4c7d,1,0,32,-0.3200000000000001,0.10680000000000016,4,28,20,9,28,12,1,1.8030802140226818,0.0,0,,random_actions,random_actions:panel_1:0:1021000:1
shared,shared,random_actions,0,30000,1,reference,panel_1,1021001,020af6eea8f5b1777a0d790c847ba50d117c5dfaf765ec240ee7dd86fcb679df,0,1,5,0.95,0.9996,0,5,1,5,5,3,0,0.1540717300000003,0.0,0,,random_actions,random_actions:panel_1:0:1021001:0
shared,shared,random_actions,0,30000,1,reference,panel_1,1021001,020af6eea8f5b1777a0d790c847ba50d117c5dfaf765ec240ee7dd86fcb679df,1,1,3,0.97,1.0136,0,3,1,3,3,2,0,0.07820900000000008,0.0,0,,random_actions,random_actions:panel_1:0:1021001:1
shared,shared,random_actions,0,30000,1,reference,panel_1,1021002,d7972d00235531102ec68ce478d01cf27487acffdad223a1c99b49b3ff61ea45,0,0,32,-0.3200000000000001,-0.1827999999999999,9,23,15,9,29,9,1,2.090701620500002,0.0,0,,random_actions,random_actions:panel_1:0:1021002:0
shared,shared,random_actions,0,30000,1,reference,panel_1,1021002,d7972d00235531102ec68ce478d01cf27487acffdad223a1c99b49b3ff61ea45,1,0,32,-0.3200000000000001,-0.1635999999999999,11,21,12,10,27,6,1,2.031426420948292,0.0,0,,random_actions,random_actions:panel_1:0:1021002:1
shared,shared,random_actions,0,30000,1,reference,panel_1,1021003,a0db3d877d2a3d422a407569dfa13ba4139b011da426cc94abc11d4f90514017,0,0,32,-0.3200000000000001,-0.09279999999999966,13,19,9,11,29,7,1,2.0104096259581903,0.0,0,,random_actions,random_actions:panel_1:0:1021003:0
shared,shared,random_actions,0,30000,1,reference,panel_1,1021003,a0db3d877d2a3d422a407569dfa13ba4139b011da426cc94abc11d4f90514017,1,1,23,0.7699999999999999,0.8748,6,17,11,7,23,9,0,0.8359972405000013,0.0,0,,random_actions,random_actions:panel_1:0:1021003:1
shared,shared,random_actions,0,30000,1,reference,panel_1,1021004,e249249b279703f00c05456df7dc890aee454d93e2307a6ecc8d49074be21464,0,1,11,0.89,0.9976,1,10,3,8,11,6,0,0.3421006962000005,0.0,0,,random_actions,random_actions:panel_1:0:1021004:0
shared,shared,random_actions,0,30000,1,reference,panel_1,1021004,e249249b279703f00c05456df7dc890aee454d93e2307a6ecc8d49074be21464,1,1,2,0.98,1.0612,0,2,0,3,2,2,0,0.0,0.0,0,,random_actions,random_actions:panel_1:0:1021004:1
shared,shared,random_actions,0,30000,1,reference,panel_1,1021005,4d57fcd00865f9d4f936d3fab50ce0efa89adc6096367a2ebc04bddef6a7d578,0,0,32,-0.3200000000000001,-0.0639999999999999,9,23,15,9,31,12,1,2.028858232400002,0.0,0,,random_actions,random_actions:panel_1:0:1021005:0
shared,shared,random_actions,0,30000,1,reference,panel_1,1021005,4d57fcd00865f9d4f936d3fab50ce0efa89adc6096367a2ebc04bddef6a7d578,1,1,30,0.7,0.9668000000000001,10,20,15,6,30,12,0,0.9656978948000019,0.0,0,,random_actions,random_actions:panel_1:0:1021005:1
shared,shared,random_actions,0,30000,1,reference,panel_1,1021006,a3adbbfb88964e5e123b73ce18fb9eef6237fbf9319ffdd4cbaa1c1543743bb1,0,1,2,0.98,1.0612,0,2,0,3,2,2,0,0.0,0.0,0,,random_actions,random_actions:panel_1:0:1021006:0
shared,shared,random_actions,0,30000,1,reference,panel_1,1021006,a3adbbfb88964e5e123b73ce18fb9eef6237fbf9319ffdd4cbaa1c1543743bb1,1,1,2,0.98,1.0612,0,2,0,3,2,2,0,0.0,0.0,0,,random_actions,random_actions:panel_1:0:1021006:1
shared,shared,random_actions,0,30000,1,reference,panel_1,1021007,23b9b64b5bde5351e3cf47ffa2aae31c6c9367481ac172ca655f6d62d1ca4583,0,0,32,-0.3200000000000001,-0.0943999999999999,17,15,8,8,29,7,1,2.0054191524000022,0.0,0,,random_actions,random_actions:panel_1:0:1021007:0
shared,shared,random_actions,0,30000,1,reference,panel_1,1021007,23b9b64b5bde5351e3cf47ffa2aae31c6c9367481ac172ca655f6d62d1ca4583,1,1,7,0.9299999999999999,1.0668,2,5,2,4,7,4,0,0.15057019000000038,0.0,0,,random_actions,random_actions:panel_1:0:1021007:1
shared,shared,random_actions,0,30000,1,reference,panel_1,1021008,bd13bd149e88ed0d0a3d46d1dcb3cbed1771db3be4221793a8151e467f31b80a,0,0,32,-0.3200000000000001,-0.04639999999999987,10,22,16,7,31,11,1,2.0122672264410015,0.0,0,,random_actions,random_actions:panel_1:0:1021008:0
shared,shared,random_actions,0,30000,1,reference,panel_1,1021008,bd13bd149e88ed0d0a3d46d1dcb3cbed1771db3be4221793a8151e467f31b80a,1,0,32,-0.3200000000000001,-0.018799999999999817,6,26,19,8,27,9,1,1.8871974426956104,0.0,0,,random_actions,random_actions:panel_1:0:1021008:1
shared,shared,random_actions,0,30000,1,reference,panel_1,1021009,630f61ea606fbc62d8a8bba572fd46cd8b38b66a84fb2e83a9cdcf94b818a933,0,1,8,0.9199999999999999,1.0556,3,5,1,5,8,4,0,0.19261646000000032,0.0,0,,random_actions,random_actions:panel_1:0:1021009:0
shared,shared,random_actions,0,30000,1,reference,panel_1,1021009,630f61ea606fbc62d8a8bba572fd46cd8b38b66a84fb2e83a9cdcf94b818a933,1,1,9,0.91,1.0444,2,7,3,5,9,5,0,0.23462700000000036,0.0,0,,random_actions,random_actions:panel_1:0:1021009:1
shared,shared,random_actions,0,30000,1,reference,panel_1,1021010,e6418c65f311a925bc9bd6f09a0241337d4d9c2daf783cc3484c1bc4d5bad5dc,0,0,32,-0.3200000000000001,0.2320000000000003,20,12,6,7,25,3,1,1.629824554293457,0.0,0,,random_actions,random_actions:panel_1:0:1021010:0
shared,shared,random_actions,0,30000,1,reference,panel_1,1021010,e6418c65f311a925bc9bd6f09a0241337d4d9c2daf783cc3484c1bc4d5bad5dc,1,0,32,-0.3200000000000001,0.08920000000000014,13,19,12,8,29,10,1,1.8376683324879428,0.0,0,,random_actions,random_actions:panel_1:0:1021010:1
shared,shared,random_actions,0,30000,1,reference,panel_1,1021011,2690022ad1103d9d88059f24d0519ef6313889fa78f060973305d38c0beec01b,0,0,32,-0.3200000000000001,-0.005999999999999894,11,21,13,9,31,12,1,1.9761185322052917,0.0,0,,random_actions,random_actions:panel_1:0:1021011:0
shared,shared,random_actions,0,30000,1,reference,panel_1,1021011,2690022ad1103d9d88059f24d0519ef6313889fa78f060973305d38c0beec01b,1,0,32,-0.3200000000000001,0.039600000000000135,7,25,17,9,29,12,1,1.8836251636535812,0.0,0,,random_actions,random_actions:panel_1:0:1021011:1
shared,shared,random_actions,0,30000,1,reference,panel_1,1021012,cc520c3be4847646f8d22121d784d6fce3ee5571a9c91b68b040927db3ccd575,0,1,10,0.9,1.0948,4,6,2,5,10,5,0,0.2185193205,0.0,0,,random_actions,random_actions:panel_1:0:1021012:0
shared,shared,random_actions,0,30000,1,reference,panel_1,1021012,cc520c3be4847646f8d22121d784d6fce3ee5571a9c91b68b040927db3ccd575,1,1,18,0.82,1.0232,4,14,6,9,18,9,0,0.5369226500000012,0.0,0,,random_actions,random_actions:panel_1:0:1021012:1
shared,shared,random_actions,0,30000,1,reference,panel_1,1021013,b6e1e83eb35d545a535ec3aaa96f0a9140dc0c33ff0417c2d433fe0d1fd172c9,0,1,2,0.98,1.0612,0,2,0,3,2,2,0,0.0,0.0,0,,random_actions,random_actions:panel_1:0:1021013:0
shared,shared,random_actions,0,30000,1,reference,panel_1,1021013,b6e1e83eb35d545a535ec3aaa96f0a9140dc0c33ff0417c2d433fe0d1fd172c9,1,1,3,0.97,1.0524,1,2,0,3,3,2,0,0.03970000000000007,0.0,0,,random_actions,random_actions:panel_1:0:1021013:1
shared,shared,random_actions,0,30000,1,reference,panel_1,1021014,2fe8bd5c32d1ff68c9f130158a0a4c35130620875fd8b970a539a5b62f97f4bf,0,1,22,0.7799999999999999,1.052,7,15,5,11,22,10,0,0.6364438653140018,0.0,0,,random_actions,random_actions:panel_1:0:1021014:0
shared,shared,random_actions,0,30000,1,reference,panel_1,1021014,2fe8bd5c32d1ff68c9f130158a0a4c35130620875fd8b970a539a5b62f97f4bf,1,0,32,-0.3200000000000001,-0.015599999999999906,10,22,10,13,30,11,1,1.9570420022710016,0.0,0,,random_actions,random_actions:panel_1:0:1021014:1
shared,shared,random_actions,0,30000,1,reference,panel_1,1021015,e131a0a0a096f7d82f5a7d99a6b504ec38ff9ccf5db12e4616183dea698ba4dc,0,0,32,-0.3200000000000001,0.23040000000000024,10,22,12,11,26,8,1,1.6454149808716223,0.0,0,,random_actions,random_actions:panel_1:0:1021015:0
shared,shared,random_actions,0,30000,1,reference,panel_1,1021015,e131a0a0a096f7d82f5a7d99a6b504ec38ff9ccf5db12e4616183dea698ba4dc,1,0,32,-0.3200000000000001,0.2796000000000003,25,7,5,3,25,2,1,1.587810961000772,0.0,0,,random_actions,random_actions:panel_1:0:1021015:1
shared,shared,random_actions,0,30000,1,reference,panel_1,1021016,bd364dc95679df069b5a2832ccbb48f2dab10c1f9eefb75399ab63b7b6a31e38,0,0,32,-0.3200000000000001,0.05760000000000012,8,24,14,11,28,10,1,1.8421100233917405,0.0,0,,random_actions,random_actions:panel_1:0:1021016:0
shared,shared,random_actions,0,30000,1,reference,panel_1,1021016,bd364dc95679df069b5a2832ccbb48f2dab10c1f9eefb75399ab63b7b6a31e38,1,0,32,-0.3200000000000001,0.045600000000000133,10,22,14,9,31,12,1,1.9279042069347403,0.0,0,,random_actions,random_actions:panel_1:0:1021016:1
shared,shared,random_actions,0,30000,1,reference,panel_1,1021017,e6391d28a877a4e55e5ac72f32b67a91637766e4eca55421787ad53373865626,0,0,32,-0.3200000000000001,0.2720000000000004,14,18,9,10,24,5,1,1.59185776802508,0.0,0,,random_actions,random_actions:panel_1:0:1021017:0
shared,shared,random_actions,0,30000,1,reference,panel_1,1021017,e6391d28a877a4e55e5ac72f32b67a91637766e4eca55421787ad53373865626,1,0,32,-0.3200000000000001,0.1880000000000002,10,22,12,11,29,11,1,1.7541208415446907,0.0,0,,random_actions,random_actions:panel_1:0:1021017:1
shared,shared,random_actions,0,30000,1,reference,panel_1,1021018,20cfc4cd227df075735005393c4247befef665e10b4ef3a183c86a608ec5b15c,0,1,28,0.72,1.1380000000000001,3,25,11,15,28,16,0,0.7515394690593759,0.0,0,,random_actions,random_actions:panel_1:0:1021018:0
shared,shared,random_actions,0,30000,1,reference,panel_1,1021018,20cfc4cd227df075735005393c4247befef665e10b4ef3a183c86a608ec5b15c,1,0,32,-0.3200000000000001,0.16400000000000017,11,21,14,8,28,10,1,1.7487707730294049,0.0,0,,random_actions,random_actions:panel_1:0:1021018:1
shared,shared,random_actions,0,30000,1,reference,panel_1,1021019,a4e97683b710adc3eeb72863e4f54d8daefcdd0287c9d921fa2f4b7bf3a3d51f,0,0,32,-0.3200000000000001,0.07040000000000023,13,19,12,8,29,8,1,1.857204988088828,0.0,0,,random_actions,random_actions:panel_1:0:1021019:0
shared,shared,random_actions,0,30000,1,reference,panel_1,1021019,a4e97683b710adc3eeb72863e4f54d8daefcdd0287c9d921fa2f4b7bf3a3d51f,1,0,32,-0.3200000000000001,-0.07359999999999996,4,28,18,11,29,13,1,1.983051418100002,0.0,0,,random_actions,random_actions:panel_1:0:1021019:1
shared,shared,random_actions,0,30000,1,reference,panel_1,1021020,b63be8ff388d1009246df8d585d08ccb46ba874c94e1d30bee6cf7571027102d,0,0,32,-0.3200000000000001,0.08160000000000017,9,23,15,9,28,10,1,1.8218109019599433,0.0,0,,random_actions,random_actions:panel_1:0:1021020:0
shared,shared,random_actions,0,30000,1,reference,panel_1,1021020,b63be8ff388d1009246df8d585d08ccb46ba874c94e1d30bee6cf7571027102d,1,0,32,-0.3200000000000001,0.07800000000000018,12,20,13,8,26,8,1,1.7778302722463206,0.0,0,,random_actions,random_actions:panel_1:0:1021020:1
shared,shared,random_actions,0,30000,1,reference,panel_1,1021021,9aa5d886184fa8f1e468fcadf1f056f8e5c11be25801f40b45b43b5e02bed880,0,1,32,0.6799999999999999,0.8284000000000001,22,10,8,3,32,6,0,1.1600340000000031,0.0,0,,random_actions,random_actions:panel_1:0:1021021:0
shared,shared,random_actions,0,30000,1,reference,panel_1,1021021,9aa5d886184fa8f1e468fcadf1f056f8e5c11be25801f40b45b43b5e02bed880,1,1,8,0.9199999999999999,1.0156,6,2,0,3,8,2,0,0.23105400000000076,0.0,0,,random_actions,random_actions:panel_1:0:1021021:1
shared,shared,random_actions,0,30000,1,reference,panel_1,1021022,f19e98eb6311aafcbc70fbd667f87e13770d25796e60bf820174c4e406168b32,0,1,2,0.98,1.0612,0,2,0,3,2,2,0,0.0,0.0,0,,random_actions,random_actions:panel_1:0:1021022:0
shared,shared,random_actions,0,30000,1,reference,panel_1,1021022,f19e98eb6311aafcbc70fbd667f87e13770d25796e60bf820174c4e406168b32,1,0,32,-0.3200000000000001,-0.1163999999999999,7,25,14,12,30,11,1,2.050752209485002,0.0,0,,random_actions,random_actions:panel_1:0:1021022:1
shared,shared,random_actions,0,30000,1,reference,panel_1,1021023,72052460a1c549ba2ed688a03a93809107923b9bda2eafa930b451cde90d42b8,0,0,32,-0.3200000000000001,0.06480000000000015,9,23,13,11,29,10,1,1.8586844890236107,0.0,0,,random_actions,random_actions:panel_1:0:1021023:0
shared,shared,random_actions,0,30000,1,reference,panel_1,1021023,72052460a1c549ba2ed688a03a93809107923b9bda2eafa930b451cde90d42b8,1,0,32,-0.3200000000000001,0.08640000000000012,15,17,10,8,28,7,1,1.8195094105313496,0.0,0,,random_actions,random_actions:panel_1:0:1021023:1
shared,shared,random_actions,0,30000,1,reference,panel_1,1021024,caadc29efd481445a286db424305e73cfa411c8fb0528c2e38dedf97e46df028,0,1,19,0.8099999999999999,1.0168000000000001,7,12,6,7,19,8,0,0.5743110381000011,0.0,0,,random_actions,random_actions:panel_1:0:1021024:0
shared,shared,random_actions,0,30000,1,reference,panel_1,1021024,caadc29efd481445a286db424305e73cfa411c8fb0528c2e38dedf97e46df028,1,0,32,-0.3200000000000001,0.015200000000000116,9,23,12,12,32,13,1,1.9843533745970312,0.0,0,,random_actions,random_actions:panel_1:0:1021024:1
shared,shared,random_actions,0,30000,1,reference,panel_1,1021025,3ef3381f74549043f617889a7b16ad6ce85fd3ccfded3158b071f470c21d9d82,0,0,32,-0.3200000000000001,0.055200000000000166,24,8,7,2,28,4,1,1.8440211149260022,0.0,0,,random_actions,random_actions:panel_1:0:1021025:0
shared,shared,random_actions,0,30000,1,reference,panel_1,1021025,3ef3381f74549043f617889a7b16ad6ce85fd3ccfded3158b071f470c21d9d82,1,0,32,-0.3200000000000001,0.0012000000000001038,12,20,14,7,30,10,1,1.9432459346710014,0.0,0,,random_actions,random_actions:panel_1:0:1021025:1
shared,shared,random_actions,0,30000,1,reference,panel_1,1021026,4ef1d727617635bd2836e6018d6f4a55659e8d78398182af450f75b509544bf6,0,1,31,0.69,0.8828,5,26,15,12,31,14,0,1.076741407457002,0.0,0,,random_actions,random_actions:panel_1:0:1021026:0
shared,shared,random_actions,0,30000,1,reference,panel_1,1021026,4ef1d727617635bd2836e6018d6f4a55659e8d78398182af450f75b509544bf6,1,1,13,0.87,0.9812000000000001,1,12,8,5,13,7,0,0.42016892000000106,0.0,0,,random_actions,random_actions:panel_1:0:1021026:1
shared,shared,random_actions,0,30000,1,reference,panel_1,1021027,ed9c266d1ed18a00fcbd5056c647d5828dfd4a72351d7b151e7ed9db6e11d916,0,0,32,-0.3200000000000001,0.027600000000000117,16,16,8,9,31,9,1,1.9450212117473207,0.0,0,,random_actions,random_actions:panel_1:0:1021027:0
shared,shared,random_actions,0,30000,1,reference,panel_1,1021027,ed9c266d1ed18a00fcbd5056c647d5828dfd4a72351d7b151e7ed9db6e11d916,1,0,32,-0.3200000000000001,0.0024000000000000965,8,24,14,11,29,11,1,1.9148792303710018,0.0,0,,random_actions,random_actions:panel_1:0:1021027:1
shared,shared,random_actions,0,30000,1,reference,panel_1,1021028,cf272edf5a87dc6efbe362c06d102032d585181451ad76b722efe911606098e0,0,1,22,0.7799999999999999,1.098,6,16,8,9,22,11,0,0.595934264234291,0.0,0,,random_actions,random_actions:panel_1:0:1021028:0
shared,shared,random_actions,0,30000,1,reference,panel_1,1021028,cf272edf5a87dc6efbe362c06d102032d585181451ad76b722efe911606098e0,1,0,32,-0.3200000000000001,0.0376000000000001,16,16,8,9,31,10,1,1.9377103872762926,0.0,0,,random_actions,random_actions:panel_1:0:1021028:1
shared,shared,random_actions,0,30000,1,reference,panel_1,1021029,e07e61887d791b850b3cb0a6aed603eb6e989d8795f7eb00f66fa2f96c090e2a,0,0,32,-0.3200000000000001,-0.0679999999999999,13,19,14,6,29,8,1,1.9817728740420018,0.0,0,,random_actions,random_actions:panel_1:0:1021029:0
shared,shared,random_actions,0,30000,1,reference,panel_1,1021029,e07e61887d791b850b3cb0a6aed603eb6e989d8795f7eb00f66fa2f96c090e2a,1,0,32,-0.3200000000000001,-0.08119999999999994,17,15,11,5,30,7,1,2.0186244267000024,0.0,0,,random_actions,random_actions:panel_1:0:1021029:1
shared,shared,random_actions,0,30000,1,reference,panel_1,1021030,6063d45448f96fc7ad1bce14e25f1dcb37cfc90a29d02071b7a70eb6d54a0187,0,1,23,0.7699999999999999,0.9548000000000001,2,21,15,7,23,12,0,0.7576474643000016,0.0,0,,random_actions,random_actions:panel_1:0:1021030:0
shared,shared,random_actions,0,30000,1,reference,panel_1,1021030,6063d45448f96fc7ad1bce14e25f1dcb37cfc90a29d02071b7a70eb6d54a0187,1,0,32,-0.3200000000000001,-0.09679999999999991,8,24,16,9,29,10,1,2.0066437386000016,0.0,0,,random_actions,random_actions:panel_1:0:1021030:1
shared,shared,random_actions,0,30000,1,reference,panel_1,1021031,7d8d327b897838d268fa58b0d5a6360c42ca1381fabfff5a0944aa5cd4f21480,0,1,31,0.69,1.0184000000000002,4,27,17,11,31,16,0,0.9506554818825808,0.0,0,,random_actions,random_actions:panel_1:0:1021031:0
shared,shared,random_actions,0,30000,1,reference,panel_1,1021031,7d8d327b897838d268fa58b0d5a6360c42ca1381fabfff5a0944aa5cd4f21480,1,0,32,-0.3200000000000001,0.040800000000000086,9,23,15,9,26,10,1,1.8154391857951606,0.0,0,,random_actions,random_actions:panel_1:0:1021031:1
shared,shared,random_actions,0,30000,1,reference,panel_1,1021032,ea7bfabb404018d322df9191e18c4688ef24339011f1f212bd4a9310d6aa4c10,0,0,32,-0.3200000000000001,-0.07279999999999993,4,28,16,13,31,14,1,2.0369994264420015,0.0,0,,random_actions,random_actions:panel_1:0:1021032:0
shared,shared,random_actions,0,30000,1,reference,panel_1,1021032,ea7bfabb404018d322df9191e18c4688ef24339011f1f212bd4a9310d6aa4c10,1,0,32,-0.3200000000000001,-0.05959999999999989,5,27,20,8,29,12,1,1.9716170109990014,0.0,0,,random_actions,random_actions:panel_1:0:1021032:1
shared,shared,random_actions,0,30000,1,reference,panel_1,1021033,77517ec0f16488d02862783d6a0cf17decee4ae24aeb47e35951ed3d7e42994b,0,0,32,-0.3200000000000001,0.15760000000000018,7,25,19,7,26,10,1,1.7083562481012016,0.0,0,,random_actions,random_actions:panel_1:0:1021033:0
shared,shared,random_actions,0,30000,1,reference,panel_1,1021033,77517ec0f16488d02862783d6a0cf17decee4ae24aeb47e35951ed3d7e42994b,1,0,32,-0.3200000000000001,0.14200000000000018,7,25,14,12,28,11,1,1.7704936436727232,0.0,0,,random_actions,random_actions:panel_1:0:1021033:1
shared,shared,random_actions,0,30000,1,reference,panel_1,1021034,38f788810c2a60533b2f0b350395446b109cfef83e5b4366e24bfff76e3d5ccf,0,0,32,-0.3200000000000001,0.05640000000000017,10,22,15,8,28,9,1,1.8409904200424512,0.0,0,,random_actions,random_actions:panel_1:0:1021034:0
shared,shared,random_actions,0,30000,1,reference,panel_1,1021034,38f788810c2a60533b2f0b350395446b109cfef83e5b4366e24bfff76e3d5ccf,1,0,32,-0.3200000000000001,0.02400000000000012,10,22,12,11,29,11,1,1.8953124637801608,0.0,0,,random_actions,random_actions:panel_1:0:1021034:1
shared,shared,random_actions,0,30000,1,reference,panel_1,1021035,4267264a72f8bce9a8c94342e20dea09273b6bb754439bf374214761a6c3fdfa,0,1,1,0.99,1.03,0,1,0,2,1,1,0,0.0,0.0,0,,random_actions,random_actions:panel_1:0:1021035:0
shared,shared,random_actions,0,30000,1,reference,panel_1,1021035,4267264a72f8bce9a8c94342e20dea09273b6bb754439bf374214761a6c3fdfa,1,1,1,0.99,1.03,0,1,0,2,1,1,0,0.0,0.0,0,,random_actions,random_actions:panel_1:0:1021035:1
shared,shared,random_actions,0,30000,1,reference,panel_1,1021036,cc4721322e94f1c0fcc4fca0699a5481427cd136761f65e0bb1f5a3404942f34,0,0,32,-0.3200000000000001,-0.07799999999999978,8,24,14,11,27,8,1,1.9397415464371606,0.0,0,,random_actions,random_actions:panel_1:0:1021036:0
shared,shared,random_actions,0,30000,1,reference,panel_1,1021036,cc4721322e94f1c0fcc4fca0699a5481427cd136761f65e0bb1f5a3404942f34,1,0,32,-0.3200000000000001,-0.11159999999999992,7,25,19,7,29,10,1,2.024526913657002,0.0,0,,random_actions,random_actions:panel_1:0:1021036:1
shared,shared,random_actions,0,30000,1,reference,panel_1,1021037,0048c7ca6b76c98598e7e9ff6544f85b019c6d7eea18521e689077bf7733e409,0,1,22,0.7799999999999999,1.1004,8,14,3,12,22,10,0,0.594231183713552,0.0,0,,random_actions,random_actions:panel_1:0:1021037:0
shared,shared,random_actions,0,30000,1,reference,panel_1,1021037,0048c7ca6b76c98598e7e9ff6544f85b019c6d7eea18521e689077bf7733e409,1,0,32,-0.3200000000000001,0.13840000000000008,6,26,21,6,26,11,1,1.728878351399031,0.0,0,,random_actions,random_actions:panel_1:0:1021037:1
shared,shared,random_actions,0,30000,1,reference,panel_1,1021038,023bc04577863dc63c9b506234464420708fa58e55e955ea43bd9ebd9bad6632,0,1,1,0.99,1.03,0,1,0,2,1,1,0,0.0,0.0,0,,random_actions,random_actions:panel_1:0:1021038:0
shared,shared,random_actions,0,30000,1,reference,panel_1,1021038,023bc04577863dc63c9b506234464420708fa58e55e955ea43bd9ebd9bad6632,1,1,3,0.97,1.0136,0,3,1,3,3,2,0,0.07820900000000008,0.0,0,,random_actions,random_actions:panel_1:0:1021038:1
shared,shared,random_actions,0,30000,1,reference,panel_1,1021039,e2b4768c3f19d91381f1ea80ff0152274b065aaa80929ff6f0ca55bd71f05c2f,0,0,32,-0.3200000000000001,-0.02919999999999985,14,18,13,6,29,8,1,1.9430611241570008,0.0,0,,random_actions,random_actions:panel_1:0:1021039:0
shared,shared,random_actions,0,30000,1,reference,panel_1,1021039,e2b4768c3f19d91381f1ea80ff0152274b065aaa80929ff6f0ca55bd71f05c2f,1,0,32,-0.3200000000000001,0.011600000000000082,10,22,16,7,29,10,1,1.912313538014451,0.0,0,,random_actions,random_actions:panel_1:0:1021039:1
shared,shared,random_actions,0,30000,1,reference,panel_1,1021040,d9fe5b6b3232621d91ffe3c5af8960d361bfbd8dcf354ad592901f0ec707177a,0,1,10,0.9,0.9616,3,7,3,5,10,4,0,0.34668819000000073,0.0,0,,random_actions,random_actions:panel_1:0:1021040:0
shared,shared,random_actions,0,30000,1,reference,panel_1,1021040,d9fe5b6b3232621d91ffe3c5af8960d361bfbd8dcf354ad592901f0ec707177a,1,1,29,0.71,0.8940000000000001,12,17,6,12,29,9,0,1.0068401908613205,0.0,0,,random_actions,random_actions:panel_1:0:1021040:1
shared,shared,random_actions,0,30000,1,reference,panel_1,1021041,23473cdbb49494e5ce93267fd9f4df1b55f156ca93f2e2c2be2a482730329ca8,0,1,19,0.8099999999999999,0.9368000000000001,5,14,9,6,19,8,0,0.6500676500000018,0.0,0,,random_actions,random_actions:panel_1:0:1021041:0
shared,shared,random_actions,0,30000,1,reference,panel_1,1021041,23473cdbb49494e5ce93267fd9f4df1b55f156ca93f2e2c2be2a482730329ca8,1,0,32,-0.3200000000000001,-0.14279999999999993,12,20,7,14,31,9,1,2.104790278600002,0.0,0,,random_actions,random_actions:panel_1:0:1021041:1
shared,shared,random_actions,0,30000,1,reference,panel_1,1021042,7817b948fb1eac7719c474645faef388a8bc4536aa38394eaca44131123f5f83,0,0,32,-0.3200000000000001,-0.04959999999999988,13,19,10,10,31,10,1,2.015717645942002,0.0,0,,random_actions,random_actions:panel_1:0:1021042:0
shared,shared,random_actions,0,30000,1,reference,panel_1,1021042,7817b948fb1eac7719c474645faef388a8bc4536aa38394eaca44131123f5f83,1,0,32,-0.3200000000000001,-0.029199999999999934,13,19,8,12,30,9,1,1.9680261037850015,0.0,0,,random_actions,random_actions:panel_1:0:1021042:1
shared,shared,random_actions,0,30000,1,reference,panel_1,1021043,05de15878dde59979c3548df73273e0bfcaf7cc8fb3093bb099e3c0fe5b2e700,0,1,32,0.6799999999999999,0.9212,5,27,18,10,32,15,0,1.0711036898570017,0.0,0,,random_actions,random_actions:panel_1:0:1021043:0
shared,shared,random_actions,0,30000,1,reference,panel_1,1021043,05de15878dde59979c3548df73273e0bfcaf7cc8fb3093bb099e3c0fe5b2e700,1,1,5,0.95,1.0772,0,5,2,4,5,4,0,0.07820900000000008,0.0,0,,random_actions,random_actions:panel_1:0:1021043:1
shared,shared,random_actions,0,30000,1,reference,panel_1,1021044,f80a9b77b6febf4a1c5b51928fb919b5f063acc7249b422e2b4ad34ef65f2dfc,0,1,10,0.9,0.9932000000000001,4,6,3,4,10,4,0,0.31521800000000044,0.0,0,,random_actions,random_actions:panel_1:0:1021044:0
shared,shared,random_actions,0,30000,1,reference,panel_1,1021044,f80a9b77b6febf4a1c5b51928fb919b5f063acc7249b422e2b4ad34ef65f2dfc,1,0,32,-0.3200000000000001,-0.13199999999999995,6,26,16,11,30,12,1,2.0675319286000025,0.0,0,,random_actions,random_actions:panel_1:0:1021044:1
shared,shared,random_actions,0,30000,1,reference,panel_1,1021045,d0321698e5b9bd18868f14929defda6819cc5efbda67a76c7cbcc4b13f803974,0,0,32,-0.3200000000000001,-0.09239999999999991,11,21,13,9,30,9,1,2.0286078785980024,0.0,0,,random_actions,random_actions:panel_1:0:1021045:0
shared,shared,random_actions,0,30000,1,reference,panel_1,1021045,d0321698e5b9bd18868f14929defda6819cc5efbda67a76c7cbcc4b13f803974,1,1,12,0.88,0.984,2,10,5,6,12,6,0,0.3863524600000008,0.0,0,,random_actions,random_actions:panel_1:0:1021045:1
shared,shared,random_actions,0,30000,1,reference,panel_1,1021046,5ebc6c5a85b3eb3aafe233170e862aa2f40152b1698fe2a39b2008e2a45bb8f4,0,0,32,-0.3200000000000001,-0.1068,7,25,15,11,29,11,1,2.021681926699002,0.0,0,,random_actions,random_actions:panel_1:0:1021046:0
shared,shared,random_actions,0,30000,1,reference,panel_1,1021046,5ebc6c5a85b3eb3aafe233170e862aa2f40152b1698fe2a39b2008e2a45bb8f4,1,1,4,0.96,1.0436,2,2,0,3,4,2,0,0.07940000000000014,0.0,0,,random_actions,random_actions:panel_1:0:1021046:1
shared,shared,random_actions,0,30000,1,reference,panel_1,1021047,75016ef2af4504294bcdcf66c00aa6a97609b33dcd840ed4d45553f442e18872,0,0,32,-0.3200000000000001,-0.012399999999999828,9,23,16,8,30,11,1,1.9558674646700014,0.0,0,,random_actions,random_actions:panel_1:0:1021047:0
shared,shared,random_actions,0,30000,1,reference,panel_1,1021047,75016ef2af4504294bcdcf66c00aa6a97609b33dcd840ed4d45553f442e18872,1,0,32,-0.3200000000000001,0.03560000000000024,10,22,15,8,27,8,1,1.8391604489807551,0.0,0,,random_actions,random_actions:panel_1:0:1021047:1
shared,shared,random_actions,0,30000,1,reference,panel_1,1021048,606eabdc27ecbc7cfe98d3885e0d25a795d279043c914c046fd8f969471c1dc9,0,0,32,-0.3200000000000001,-0.031599999999999864,13,19,8,12,31,10,1,1.9991324825724506,0.0,0,,random_actions,random_actions:panel_1:0:1021048:0
shared,shared,random_actions,0,30000,1,reference,panel_1,1021048,606eabdc27ecbc7cfe98d3885e0d25a795d279043c914c046fd8f969471c1dc9,1,1,19,0.8099999999999999,1.0648000000000002,5,14,7,8,19,9,0,0.5295625228294498,0.0,0,,random_actions,random_actions:panel_1:0:1021048:1
shared,shared,random_actions,0,30000,1,reference,panel_1,1021049,23c3a82f652de99aa85b9921a0a6442fc77f5e4520f78f8461e14c06375234e8,0,1,4,0.96,1.1272,0,4,0,5,4,4,0,0.0,0.0,0,,random_actions,random_actions:panel_1:0:1021049:0
shared,shared,random_actions,0,30000,1,reference,panel_1,1021049,23c3a82f652de99aa85b9921a0a6442fc77f5e4520f78f8461e14c06375234e8,1,0,32,-0.3200000000000001,-0.045999999999999916,11,21,14,8,31,11,1,2.012890289357002,0.0,0,,random_actions,random_actions:panel_1:0:1021049:1
shared,shared,random_actions,0,30000,1,reference,panel_1,1021050,d6c25d5c77e0340f03bfb96919e74c856e7ae417d92554c1e4406955aaefe47d,0,1,11,0.89,0.9988,3,8,4,5,11,5,0,0.34090969620000067,0.0,0,,random_actions,random_actions:panel_1:0:1021050:0
shared,shared,random_actions,0,30000,1,reference,panel_1,1021050,d6c25d5c77e0340f03bfb96919e74c856e7ae417d92554c1e4406955aaefe47d,1,0,32,-0.3200000000000001,-0.11999999999999993,7,25,21,5,30,11,1,2.0561167891000025,0.0,0,,random_actions,random_actions:panel_1:0:1021050:1
shared,shared,random_actions,0,30000,1,reference,panel_1,1021051,6e293a99c0bed4353590512005943278bbee6c396728a4cb85fc89a64281990c,0,1,8,0.9199999999999999,1.064,3,5,1,5,8,4,0,0.1845274262000003,0.0,0,,random_actions,random_actions:panel_1:0:1021051:0
shared,shared,random_actions,0,30000,1,reference,panel_1,1021051,6e293a99c0bed4353590512005943278bbee6c396728a4cb85fc89a64281990c,1,1,15,0.85,1.0036,6,9,1,9,15,6,0,0.4611649662000008,0.0,0,,random_actions,random_actions:panel_1:0:1021051:1
shared,shared,random_actions,0,30000,1,reference,panel_1,1021052,2e48e8e237d154a0bae24fa760c724470ccf8929c5f3016de178b1396d038761,0,0,32,-0.3200000000000001,0.21600000000000016,8,24,14,11,29,12,1,1.7365172971230574,0.0,0,,random_actions,random_actions:panel_1:0:1021052:0
shared,shared,random_actions,0,30000,1,reference,panel_1,1021052,2e48e8e237d154a0bae24fa760c724470ccf8929c5f3016de178b1396d038761,1,0,32,-0.3200000000000001,0.2928000000000003,15,17,8,10,27,9,1,1.619731961104789,0.0,0,,random_actions,random_actions:panel_1:0:1021052:1
shared,shared,random_actions,0,30000,1,reference,panel_1,1021053,03ff27bb5685131dbf20ec3a57e48d368e912239e32f78b45ce9213d7b42f63c,0,1,26,0.74,0.9176,9,17,9,9,26,10,0,0.887076650000002,0.0,0,,random_actions,random_actions:panel_1:0:1021053:0
shared,shared,random_actions,0,30000,1,reference,panel_1,1021053,03ff27bb5685131dbf20ec3a57e48d368e912239e32f78b45ce9213d7b42f63c,1,0,32,-0.3200000000000001,-0.0031999999999997586,8,24,14,11,27,10,1,1.8815587468014217,0.0,0,,random_actions,random_actions:panel_1:0:1021053:1
shared,shared,random_actions,0,30000,1,reference,panel_1,1021054,4fd1b4380778edc5e87343d937b12a11bb9bb1e3bb1f8b78f4aac6c09972c1f3,0,1,8,0.9199999999999999,1.0168,2,6,3,4,8,4,0,0.2299344600000005,0.0,0,,random_actions,random_actions:panel_1:0:1021054:0
shared,shared,random_actions,0,30000,1,reference,panel_1,1021054,4fd1b4380778edc5e87343d937b12a11bb9bb1e3bb1f8b78f4aac6c09972c1f3,1,0,32,-0.3200000000000001,-0.09839999999999988,15,17,12,6,28,6,1,1.9849870447990021,0.0,0,,random_actions,random_actions:panel_1:0:1021054:1
shared,shared,random_actions,0,30000,1,reference,panel_1,1021055,b9614e2b93ebab331618bcc4d5884a6e30e73bd423f3002f4afd73bbe684c073,0,1,31,0.69,0.9444000000000001,12,19,12,8,31,11,0,1.0181601688420012,0.0,0,,random_actions,random_actions:panel_1:0:1021055:0
shared,shared,random_actions,0,30000,1,reference,panel_1,1021055,b9614e2b93ebab331618bcc4d5884a6e30e73bd423f3002f4afd73bbe684c073,1,0,32,-0.3200000000000001,0.005200000000000149,22,10,4,7,27,3,1,1.871511269537784,0.0,0,,random_actions,random_actions:panel_1:0:1021055:1
shared,shared,random_actions,0,30000,1,reference,panel_1,1021056,c30d881779130d6a6c3e6b8d5c2c28c535b7a8a94bfa9f274b18f74d77700a5f,0,0,32,-0.3200000000000001,-0.0063999999999998225,17,15,11,5,29,6,1,1.9218325757990002,0.0,0,,random_actions,random_actions:panel_1:0:1021056:0
shared,shared,random_actions,0,30000,1,reference,panel_1,1021056,c30d881779130d6a6c3e6b8d5c2c28c535b7a8a94bfa9f274b18f74d77700a5f,1,0,32,-0.3200000000000001,-0.020799999999999846,8,24,17,8,29,11,1,1.937996115295161,0.0,0,,random_actions,random_actions:panel_1:0:1021056:1
shared,shared,random_actions,0,30000,1,reference,panel_1,1021057,7cf71cd5483b413bff135099f2b83b8d30f6a6657030b997bde6e971a0fc390a,0,0,32,-0.3200000000000001,0.0864000000000002,7,25,14,12,26,10,1,1.7780595796975815,0.0,0,,random_actions,random_actions:panel_1:0:1021057:0
shared,shared,random_actions,0,30000,1,reference,panel_1,1021057,7cf71cd5483b413bff135099f2b83b8d30f6a6657030b997bde6e971a0fc390a,1,0,32,-0.3200000000000001,0.01800000000000007,3,29,17,13,28,13,1,1.8811034198502632,0.0,0,,random_actions,random_actions:panel_1:0:1021057:1
shared,shared,random_actions,0,30000,1,reference,panel_1,1021058,ee221951f8ee338a55f50c6a319ac666a72fdfc11fab9e0c8d587d058dccff5a,0,1,2,0.98,1.0612,0,2,0,3,2,2,0,0.0,0.0,0,,random_actions,random_actions:panel_1:0:1021058:0
shared,shared,random_actions,0,30000,1,reference,panel_1,1021058,ee221951f8ee338a55f50c6a319ac666a72fdfc11fab9e0c8d587d058dccff5a,1,1,14,0.86,0.9652000000000001,4,10,6,5,14,6,0,0.46687200000000084,0.0,0,,random_actions,random_actions:panel_1:0:1021058:1
shared,shared,random_actions,0,30000,1,reference,panel_1,1021059,7798b735ff56ee51527c0800b325883c68ce33b30a2ce1037c49846ea3d6d078,0,0,32,-0.3200000000000001,-0.05359999999999979,7,25,15,11,29,11,1,1.9683529735255814,0.0,0,,random_actions,random_actions:panel_1:0:1021059:0
shared,shared,random_actions,0,30000,1,reference,panel_1,1021059,7798b735ff56ee51527c0800b325883c68ce33b30a2ce1037c49846ea3d6d078,1,1,4,0.96,1.0872,1,3,0,4,4,3,0,0.037353730000000085,0.0,0,,random_actions,random_actions:panel_1:0:1021059:1
shared,shared,random_actions,0,30000,1,reference,panel_1,1021060,a2ca6d8710b610a27c0f92008283c5c28369c3447949b144e2ec6149d62f0e70,0,1,31,0.69,0.9664000000000001,3,28,16,13,31,16,0,0.9977574011280016,0.0,0,,random_actions,random_actions:panel_1:0:1021060:0
shared,shared,random_actions,0,30000,1,reference,panel_1,1021060,a2ca6d8710b610a27c0f92008283c5c28369c3447949b144e2ec6149d62f0e70,1,0,32,-0.3200000000000001,-0.04239999999999991,9,23,10,14,30,11,1,1.9828723951850025,0.0,0,,random_actions,random_actions:panel_1:0:1021060:1
shared,shared,random_actions,0,30000,1,reference,panel_1,1021061,5b509240a2359c651d2620abd244b29d24a22a183f6dc3d581b7c4c2ab6630f9,0,0,32,-0.3200000000000001,0.026400000000000118,7,25,18,8,29,11,1,1.8957542809990011,0.0,0,,random_actions,random_actions:panel_1:0:1021061:0
shared,shared,random_actions,0,30000,1,reference,panel_1,1021061,5b509240a2359c651d2620abd244b29d24a22a183f6dc3d581b7c4c2ab6630f9,1,0,32,-0.3200000000000001,0.00960000000000008,7,25,13,13,29,12,1,1.9129489540420015,0.0,0,,random_actions,random_actions:panel_1:0:1021061:1
shared,shared,random_actions,0,30000,1,reference,panel_1,1021062,26fd3ed1ca488951544e0531828c1750ceae53b9c3679133f5ee57ede92ab3f2,0,0,32,-0.3200000000000001,-0.00039999999999983105,9,23,15,9,32,13,1,1.9986616475158714,0.0,0,,random_actions,random_actions:panel_1:0:1021062:0
shared,shared,random_actions,0,30000,1,reference,panel_1,1021062,26fd3ed1ca488951544e0531828c1750ceae53b9c3679133f5ee57ede92ab3f2,1,0,32,-0.3200000000000001,0.0008000000000001339,8,24,14,11,28,10,1,1.8958766338472919,0.0,0,,random_actions,random_actions:panel_1:0:1021062:1
shared,shared,random_actions,0,30000,1,reference,panel_1,1021063,3f6e1b75a498e37920cd5afee38c13322c9b7db6b112eacf2c8b5cbc28955dcf,0,0,32,-0.3200000000000001,-0.14559999999999979,15,17,9,9,28,6,1,2.031209006057001,0.0,0,,random_actions,random_actions:panel_1:0:1021063:0
shared,shared,random_actions,0,30000,1,reference,panel_1,1021063,3f6e1b75a498e37920cd5afee38c13322c9b7db6b112eacf2c8b5cbc28955dcf,1,0,32,-0.3200000000000001,-0.1552,11,21,13,9,30,9,1,2.090623420499002,0.0,0,,random_actions,random_actions:panel_1:0:1021063:1
shared,shared,random_actions,1,30000,1,reference,panel_1,1021000,e684768c97c4f622189d17c403c007479a6e146db010de5961bc170ae57f4c7d,0,0,32,-0.3200000000000001,0.08280000000000012,13,19,12,8,27,8,1,1.7962432383724505,0.0,0,,random_actions,random_actions:panel_1:1:1021000:0
shared,shared,random_actions,1,30000,1,reference,panel_1,1021000,e684768c97c4f622189d17c403c007479a6e146db010de5961bc170ae57f4c7d,1,0,32,-0.3200000000000001,0.05760000000000012,7,25,12,14,26,9,1,1.8001051340638132,0.0,0,,random_actions,random_actions:panel_1:1:1021000:1
shared,shared,random_actions,1,30000,1,reference,panel_1,1021001,020af6eea8f5b1777a0d790c847ba50d117c5dfaf765ec240ee7dd86fcb679df,0,0,32,-0.3200000000000001,-0.14439999999999986,11,21,15,7,29,8,1,2.0544135047990015,0.0,0,,random_actions,random_actions:panel_1:1:1021001:0
shared,shared,random_actions,1,30000,1,reference,panel_1,1021001,020af6eea8f5b1777a0d790c847ba50d117c5dfaf765ec240ee7dd86fcb679df,1,0,32,-0.3200000000000001,-0.18520000000000003,13,19,9,11,29,7,1,2.0928377981000024,0.0,0,,random_actions,random_actions:panel_1:1:1021001:1
shared,shared,random_actions,1,30000,1,reference,panel_1,1021002,d7972d00235531102ec68ce478d01cf27487acffdad223a1c99b49b3ff61ea45,0,1,3,0.97,1.0124,2,1,0,2,3,1,0,0.07940000000000014,0.0,0,,random_actions,random_actions:panel_1:1:1021002:0
shared,shared,random_actions,1,30000,1,reference,panel_1,1021002,d7972d00235531102ec68ce478d01cf27487acffdad223a1c99b49b3ff61ea45,1,1,1,0.99,1.03,0,1,0,2,1,1,0,0.0,0.0,0,,random_actions,random_actions:panel_1:1:1021002:1
shared,shared,random_actions,1,30000,1,reference,panel_1,1021003,a0db3d877d2a3d422a407569dfa13ba4139b011da426cc94abc11d4f90514017,0,1,2,0.98,1.0212,1,1,0,2,2,1,0,0.03970000000000007,0.0,0,,random_actions,random_actions:panel_1:1:1021003:0
shared,shared,random_actions,1,30000,1,reference,panel_1,1021003,a0db3d877d2a3d422a407569dfa13ba4139b011da426cc94abc11d4f90514017,1,1,10,0.9,0.9556,3,7,3,5,10,4,0,0.3525360000000005,0.0,0,,random_actions,random_actions:panel_1:1:1021003:1
shared,shared,random_actions,1,30000,1,reference,panel_1,1021004,e249249b279703f00c05456df7dc890aee454d93e2307a6ecc8d49074be21464,0,1,4,0.96,1.046,2,2,0,3,4,2,0,0.07701800000000025,0.0,0,,random_actions,random_actions:panel_1:1:1021004:0
shared,shared,random_actions,1,30000,1,reference,panel_1,1021004,e249249b279703f00c05456df7dc890aee454d93e2307a6ecc8d49074be21464,1,1,16,0.84,0.9524,2,14,7,8,16,8,0,0.541579460000001,0.0,0,,random_actions,random_actions:panel_1:1:1021004:1
shared,shared,random_actions,1,30000,1,reference,panel_1,1021005,4d57fcd00865f9d4f936d3fab50ce0efa89adc6096367a2ebc04bddef6a7d578,0,0,32,-0.3200000000000001,-0.03759999999999987,12,20,16,5,30,9,1,1.978048565300001,0.0,0,,random_actions,random_actions:panel_1:1:1021005:0
shared,shared,random_actions,1,30000,1,reference,panel_1,1021005,4d57fcd00865f9d4f936d3fab50ce0efa89adc6096367a2ebc04bddef6a7d578,1,1,8,0.9199999999999999,1.0932,2,6,0,7,8,5,0,0.15760900000000022,0.0,0,,random_actions,random_actions:panel_1:1:1021005:1
shared,shared,random_actions,1,30000,1,reference,panel_1,1021006,a3adbbfb88964e5e123b73ce18fb9eef6237fbf9319ffdd4cbaa1c1543743bb1,0,1,13,0.87,0.9776,1,12,4,9,13,7,0,0.4237765781000007,0.0,0,,random_actions,random_actions:panel_1:1:1021006:0
shared,shared,random_actions,1,30000,1,reference,panel_1,1021006,a3adbbfb88964e5e123b73ce18fb9eef6237fbf9319ffdd4cbaa1c1543743bb1,1,1,2,0.98,1.0612,0,2,0,3,2,2,0,0.0,0.0,0,,random_actions,random_actions:panel_1:1:1021006:1
shared,shared,random_actions,1,30000,1,reference,panel_1,1021007,23b9b64b5bde5351e3cf47ffa2aae31c6c9367481ac172ca655f6d62d1ca4583,0,1,6,0.94,1.0696,3,3,0,4,6,3,0,0.11675373000000022,0.0,0,,random_actions,random_actions:panel_1:1:1021007:0
shared,shared,random_actions,1,30000,1,reference,panel_1,1021007,23b9b64b5bde5351e3cf47ffa2aae31c6c9367481ac172ca655f6d62d1ca4583,1,1,10,0.9,1.0464,3,7,3,5,10,5,0,0.2637866500000007,0.0,0,,random_actions,random_actions:panel_1:1:1021007:1
shared,shared,random_actions,1,30000,1,reference,panel_1,1021008,bd13bd149e88ed0d0a3d46d1dcb3cbed1771db3be4221793a8151e467f31b80a,0,0,32,-0.3200000000000001,-0.0235999999999999,10,22,15,8,28,8,1,1.9199806346018713,0.0,0,,random_actions,random_actions:panel_1:1:1021008:0
shared,shared,random_actions,1,30000,1,reference,panel_1,1021008,bd13bd149e88ed0d0a3d46d1dcb3cbed1771db3be4221793a8151e467f31b80a,1,1,22,0.7799999999999999,0.9708000000000001,9,13,6,8,22,8,0,0.7111187788570016,0.0,0,,random_actions,random_actions:panel_1:1:1021008:1
shared,shared,random_actions,1,30000,1,reference,panel_1,1021009,630f61ea606fbc62d8a8bba572fd46cd8b38b66a84fb2e83a9cdcf94b818a933,0,1,10,0.9,1.0452000000000001,1,9,3,7,10,6,0,0.2649419200000007,0.0,0,,random_actions,random_actions:panel_1:1:1021009:0
shared,shared,random_actions,1,30000,1,reference,panel_1,1021009,630f61ea606fbc62d8a8bba572fd46cd8b38b66a84fb2e83a9cdcf94b818a933,1,1,20,0.7999999999999999,0.98,7,13,6,8,20,8,0,0.6397038062000016,0.0,0,,random_actions,random_actions:panel_1:1:1021009:1
shared,shared,random_actions,1,30000,1,reference,panel_1,1021010,e6418c65f311a925bc9bd6f09a0241337d4d9c2daf783cc3484c1bc4d5bad5dc,0,0,32,-0.3200000000000001,0.18280000000000032,9,23,16,8,27,9,1,1.7160136850742633,0.0,0,,random_actions,random_actions:panel_1:1:1021010:0
shared,shared,random_actions,1,30000,1,reference,panel_1,1021010,e6418c65f311a925bc9bd6f09a0241337d4d9c2daf783cc3484c1bc4d5bad5dc,1,0,32,-0.3200000000000001,0.14560000000000017,4,28,17,12,29,14,1,1.7911946041942326,0.0,0,,random_actions,random_actions:panel_1:1:1021010:1
shared,shared,random_actions,1,30000,1,reference,panel_1,1021011,2690022ad1103d9d88059f24d0519ef6313889fa78f060973305d38c0beec01b,0,0,32,-0.3200000000000001,0.008400000000000095,4,28,19,10,30,14,1,1.9348190901091609,0.0,0,,random_actions,random_actions:panel_1:1:1021011:0
shared,shared,random_actions,1,30000,1,reference,panel_1,1021011,2690022ad1103d9d88059f24d0519ef6313889fa78f060973305d38c0beec01b,1,1,9,0.91,1.1292,2,7,1,7,9,6,0,0.15641800000000028,0.0,0,,random_actions,random_actions:panel_1:1:1021011:1
shared,shared,random_actions,1,30000,1,reference,panel_1,1021012,cc520c3be4847646f8d22121d784d6fce3ee5571a9c91b68b040927db3ccd575,0,0,32,-0.3200000000000001,-0.01959999999999988,8,24,16,9,30,12,1,1.960516018145871,0.0,0,,random_actions,random_actions:panel_1:1:1021012:0
shared,shared,random_actions,1,30000,1,reference,panel_1,1021012,cc520c3be4847646f8d22121d784d6fce3ee5571a9c91b68b040927db3ccd575,1,1,9,0.91,1.0964,1,8,2,7,9,6,0,0.18568269620000033,0.0,0,,random_actions,random_actions:panel_1:1:1021012:1
shared,shared,random_actions,1,30000,1,reference,panel_1,1021013,b6e1e83eb35d545a535ec3aaa96f0a9140dc0c33ff0417c2d433fe0d1fd172c9,0,1,21,0.7899999999999999,0.9588000000000001,7,14,4,11,21,8,0,0.6921293738482907,0.0,0,,random_actions,random_actions:panel_1:1:1021013:0
shared,shared,random_actions,1,30000,1,reference,panel_1,1021013,b6e1e83eb35d545a535ec3aaa96f0a9140dc0c33ff0417c2d433fe0d1fd172c9,1,1,30,0.7,0.8940000000000002,12,18,10,9,30,10,0,1.0349756179570013,0.0,0,,random_actions,random_actions:panel_1:1:1021013:1
shared,shared,random_actions,1,30000,1,reference,panel_1,1021014,2fe8bd5c32d1ff68c9f130158a0a4c35130620875fd8b970a539a5b62f97f4bf,0,0,32,-0.3200000000000001,-0.020399999999999918,15,17,11,7,28,8,1,1.9140777215140017,0.0,0,,random_actions,random_actions:panel_1:1:1021014:0
shared,shared,random_actions,1,30000,1,reference,panel_1,1021014,2fe8bd5c32d1ff68c9f130158a0a4c35130620875fd8b970a539a5b62f97f4bf,1,1,10,0.9,1.1288,3,7,1,7,10,6,0,0.1880289662000001,0.0,0,,random_actions,random_actions:panel_1:1:1021014:1
shared,shared,random_actions,1,30000,1,reference,panel_1,1021015,e131a0a0a096f7d82f5a7d99a6b504ec38ff9ccf5db12e4616183dea698ba4dc,0,0,32,-0.3200000000000001,0.27240000000000025,19,13,8,6,25,4,1,1.5887723480919034,0.0,0,,random_actions,random_actions:panel_1:1:1021015:0
shared,shared,random_actions,1,30000,1,reference,panel_1,1021015,e131a0a0a096f7d82f5a7d99a6b504ec38ff9ccf5db12e4616183dea698ba4dc,1,0,32,-0.3200000000000001,0.2904000000000003,26,6,5,2,26,3,1,1.6077784077258133,0.0,0,,random_actions,random_actions:panel_1:1:1021015:1
shared,shared,random_actions,1,30000,1,reference,panel_1,1021016,bd364dc95679df069b5a2832ccbb48f2dab10c1f9eefb75399ab63b7b6a31e38,0,0,32,-0.3200000000000001,0.0864000000000002,8,24,11,14,30,12,1,1.8671531858319268,0.0,0,,random_actions,random_actions:panel_1:1:1021016:0
shared,shared,random_actions,1,30000,1,reference,panel_1,1021016,bd364dc95679df069b5a2832ccbb48f2dab10c1f9eefb75399ab63b7b6a31e38,1,0,32,-0.3200000000000001,0.058800000000000185,5,27,21,7,28,12,1,1.843131797322161,0.0,0,,random_actions,random_actions:panel_1:1:1021016:1
shared,shared,random_actions,1,30000,1,reference,panel_1,1021017,e6391d28a877a4e55e5ac72f32b67a91637766e4eca55421787ad53373865626,0,0,32,-0.3200000000000001,0.23480000000000026,9,23,15,9,25,8,1,1.6300224624758126,0.0,0,,random_actions,random_actions:panel_1:1:1021017:0
shared,shared,random_actions,1,30000,1,reference,panel_1,1021017,e6391d28a877a4e55e5ac72f32b67a91637766e4eca55421787ad53373865626,1,0,32,-0.3200000000000001,0.2504000000000003,10,22,13,10,27,9,1,1.668713525244181,0.0,0,,random_actions,random_actions:panel_1:1:1021017:1
shared,shared,random_actions,1,30000,1,reference,panel_1,1021018,20cfc4cd227df075735005393c4247befef665e10b4ef3a183c86a608ec5b15c,0,0,32,-0.3200000000000001,0.23360000000000036,14,18,15,4,26,8,1,1.6528749624828913,0.0,0,,random_actions,random_actions:panel_1:1:1021018:0
shared,shared,random_actions,1,30000,1,reference,panel_1,1021018,20cfc4cd227df075735005393c4247befef665e10b4ef3a183c86a608ec5b15c,1,0,32,-0.3200000000000001,0.22040000000000023,14,18,14,5,26,6,1,1.6578966759057194,0.0,0,,random_actions,random_actions:panel_1:1:1021018:1
shared,shared,random_actions,1,30000,1,reference,panel_1,1021019,a4e97683b710adc3eeb72863e4f54d8daefcdd0287c9d921fa2f4b7bf3a3d51f,0,1,11,0.89,1.0896000000000001,3,8,3,6,11,6,0,0.2549583398710006,0.0,0,,random_actions,random_actions:panel_1:1:1021019:0
shared,shared,random_actions,1,30000,1,reference,panel_1,1021019,a4e97683b710adc3eeb72863e4f54d8daefcdd0287c9d921fa2f4b7bf3a3d51f,1,0,32,-0.3200000000000001,-0.05919999999999993,3,29,18,12,31,15,1,2.0245480677140018,0.0,0,,random_actions,random_actions:panel_1:1:1021019:1
shared,shared,random_actions,1,30000,1,reference,panel_1,1021020,b63be8ff388d1009246df8d585d08ccb46ba874c94e1d30bee6cf7571027102d,0,0,32,-0.3200000000000001,0.07200000000000015,12,20,13,8,27,8,1,1.809983815050161,0.0,0,,random_actions,random_actions:panel_1:1:1021020:0
shared,shared,random_actions,1,30000,1,reference,panel_1,1021020,b63be8ff388d1009246df8d585d08ccb46ba874c94e1d30bee6cf7571027102d,1,0,32,-0.3200000000000001,0.032400000000000095,5,27,14,14,28,13,1,1.8683740909990014,0.0,0,,random_actions,random_actions:panel_1:1:1021020:1
shared,shared,random_actions,1,30000,1,reference,panel_1,1021021,9aa5d886184fa8f1e468fcadf1f056f8e5c11be25801f40b45b43b5e02bed880,0,1,27,0.73,0.8628000000000001,19,8,5,4,27,5,0,0.9710620000000024,0.0,0,,random_actions,random_actions:panel_1:1:1021021:0
shared,shared,random_actions,1,30000,1,reference,panel_1,1021021,9aa5d886184fa8f1e468fcadf1f056f8e5c11be25801f40b45b43b5e02bed880,1,1,5,0.95,1.036,1,4,0,5,5,3,0,0.11790900000000015,0.0,0,,random_actions,random_actions:panel_1:1:1021021:1
shared,shared,random_actions,1,30000,1,reference,panel_1,1021022,f19e98eb6311aafcbc70fbd667f87e13770d25796e60bf820174c4e406168b32,0,0,32,-0.3200000000000001,-0.11639999999999995,11,21,13,9,29,9,1,2.0302696774570017,0.0,0,,random_actions,random_actions:panel_1:1:1021022:0
shared,shared,random_actions,1,30000,1,reference,panel_1,1021022,f19e98eb6311aafcbc70fbd667f87e13770d25796e60bf820174c4e406168b32,1,1,24,0.7599999999999999,0.9036000000000001,6,18,10,9,24,10,0,0.8380630300000018,0.0,0,,random_actions,random_actions:panel_1:1:1021022:1
shared,shared,random_actions,1,30000,1,reference,panel_1,1021023,72052460a1c549ba2ed688a03a93809107923b9bda2eafa930b451cde90d42b8,0,1,29,0.71,1.0036,10,19,9,11,29,12,0,0.9015276012570015,0.0,0,,random_actions,random_actions:panel_1:1:1021023:0
shared,shared,random_actions,1,30000,1,reference,panel_1,1021023,72052460a1c549ba2ed688a03a93809107923b9bda2eafa930b451cde90d42b8,1,1,9,0.91,1.1376,2,7,2,6,9,6,0,0.14832896620000025,0.0,0,,random_actions,random_actions:panel_1:1:1021023:1
shared,shared,random_actions,1,30000,1,reference,panel_1,1021024,caadc29efd481445a286db424305e73cfa411c8fb0528c2e38dedf97e46df028,0,0,32,-0.3200000000000001,-0.002799999999999858,5,27,16,12,29,12,1,1.9231875388395805,0.0,0,,random_actions,random_actions:panel_1:1:1021024:0
shared,shared,random_actions,1,30000,1,reference,panel_1,1021024,caadc29efd481445a286db424305e73cfa411c8fb0528c2e38dedf97e46df028,1,0,32,-0.3200000000000001,-0.03399999999999988,8,24,12,13,31,12,1,2.0020907410622915,0.0,0,,random_actions,random_actions:panel_1:1:1021024:1
shared,shared,random_actions,1,30000,1,reference,panel_1,1021025,3ef3381f74549043f617889a7b16ad6ce85fd3ccfded3158b071f470c21d9d82,0,0,32,-0.3200000000000001,-0.023999999999999924,11,21,14,8,31,11,1,1.9941942663280023,0.0,0,,random_actions,random_actions:panel_1:1:1021025:0
shared,shared,random_actions,1,30000,1,reference,panel_1,1021025,3ef3381f74549043f617889a7b16ad6ce85fd3ccfded3158b071f470c21d9d82,1,0,32,-0.3200000000000001,0.04800000000000018,22,10,7,4,28,4,1,1.849523319355002,0.0,0,,random_actions,random_actions:panel_1:1:1021025:1
shared,shared,random_actions,1,30000,1,reference,panel_1,1021026,4ef1d727617635bd2836e6018d6f4a55659e8d78398182af450f75b509544bf6,0,1,16,0.84,0.9524,8,8,4,5,16,5,0,0.5415437300000013,0.0,0,,random_actions,random_actions:panel_1:1:1021026:0
shared,shared,random_actions,1,30000,1,reference,panel_1,1021026,4ef1d727617635bd2836e6018d6f4a55659e8d78398182af450f75b509544bf6,1,0,32,-0.3200000000000001,-0.05879999999999977,16,16,8,9,27,5,1,1.9261446780057696,0.0,0,,random_actions,random_actions:panel_1:1:1021026:1
shared,shared,random_actions,1,30000,1,reference,panel_1,1021027,ed9c266d1ed18a00fcbd5056c647d5828dfd4a72351d7b151e7ed9db6e11d916,0,0,32,-0.3200000000000001,0.025200000000000132,14,18,9,10,29,8,1,1.8913013551685809,0.0,0,,random_actions,random_actions:panel_1:1:1021027:0
shared,shared,random_actions,1,30000,1,reference,panel_1,1021027,ed9c266d1ed18a00fcbd5056c647d5828dfd4a72351d7b151e7ed9db6e11d916,1,0,32,-0.3200000000000001,-0.0023999999999998467,10,22,6,17,29,10,1,1.9218486920140014,0.0,0,,random_actions,random_actions:panel_1:1:1021027:1
shared,shared,random_actions,1,30000,1,reference,panel_1,1021028,cf272edf5a87dc6efbe362c06d102032d585181451ad76b722efe911606098e0,0,0,32,-0.3200000000000001,0.05800000000000011,14,18,11,8,28,8,1,1.840057723785001,0.0,0,,random_actions,random_actions:panel_1:1:1021028:0
shared,shared,random_actions,1,30000,1,reference,panel_1,1021028,cf272edf5a87dc6efbe362c06d102032d585181451ad76b722efe911606098e0,1,0,32,-0.3200000000000001,0.08800000000000013,14,18,12,7,29,9,1,1.8376723061777405,0.0,0,,random_actions,random_actions:panel_1:1:1021028:1
shared,shared,random_actions,1,30000,1,reference,panel_1,1021029,e07e61887d791b850b3cb0a6aed603eb6e989d8795f7eb00f66fa2f96c090e2a,0,0,32,-0.3200000000000001,-0.08479999999999992,15,17,12,6,29,7,1,1.993898966700002,0.0,0,,random_actions,random_actions:panel_1:1:1021029:0
shared,shared,random_actions,1,30000,1,reference,panel_1,1021029,e07e61887d791b850b3cb0a6aed603eb6e989d8795f7eb00f66fa2f96c090e2a,1,1,32,0.6799999999999999,0.9020000000000001,7,25,19,7,32,14,0,1.089489362900002,0.0,0,,random_actions,random_actions:panel_1:1:1021029:1
shared,shared,random_actions,1,30000,1,reference,panel_1,1021030,6063d45448f96fc7ad1bce14e25f1dcb37cfc90a29d02071b7a70eb6d54a0187,0,1,6,0.94,1.0744,3,3,0,4,6,3,0,0.11206119000000025,0.0,0,,random_actions,random_actions:panel_1:1:1021030:0
shared,shared,random_actions,1,30000,1,reference,panel_1,1021030,6063d45448f96fc7ad1bce14e25f1dcb37cfc90a29d02071b7a70eb6d54a0187,1,0,32,-0.3200000000000001,-0.12199999999999998,6,26,16,11,30,12,1,2.0555648400000024,0.0,0,,random_actions,random_actions:panel_1:1:1021030:1
shared,shared,random_actions,1,30000,1,reference,panel_1,1021031,7d8d327b897838d268fa58b0d5a6360c42ca1381fabfff5a0944aa5cd4f21480,0,0,32,-0.3200000000000001,0.0768000000000002,12,20,14,7,28,9,1,1.8306037316851458,0.0,0,,random_actions,random_actions:panel_1:1:1021031:0
shared,shared,random_actions,1,30000,1,reference,panel_1,1021031,7d8d327b897838d268fa58b0d5a6360c42ca1381fabfff5a0944aa5cd4f21480,1,0,32,-0.3200000000000001,0.06480000000000014,14,18,12,7,29,8,1,1.8622350447324643,0.0,0,,random_actions,random_actions:panel_1:1:1021031:1
shared,shared,random_actions,1,30000,1,reference,panel_1,1021032,ea7bfabb404018d322df9191e18c4688ef24339011f1f212bd4a9310d6aa4c10,0,1,8,0.9199999999999999,1.0592000000000001,3,5,0,6,8,4,0,0.18914957810000044,0.0,0,,random_actions,random_actions:panel_1:1:1021032:0
shared,shared,random_actions,1,30000,1,reference,panel_1,1021032,ea7bfabb404018d322df9191e18c4688ef24339011f1f212bd4a9310d6aa4c10,1,1,16,0.84,1.0164,1,15,7,9,16,9,0,0.4801687531570007,0.0,0,,random_actions,random_actions:panel_1:1:1021032:1
shared,shared,random_actions,1,30000,1,reference,panel_1,1021033,77517ec0f16488d02862783d6a0cf17decee4ae24aeb47e35951ed3d7e42994b,0,0,32,-0.3200000000000001,0.14320000000000016,12,20,16,5,26,7,1,1.7216558228025678,0.0,0,,random_actions,random_actions:panel_1:1:1021033:0
shared,shared,random_actions,1,30000,1,reference,panel_1,1021033,77517ec0f16488d02862783d6a0cf17decee4ae24aeb47e35951ed3d7e42994b,1,0,32,-0.3200000000000001,0.16840000000000022,10,22,16,7,27,9,1,1.7290658728826354,0.0,0,,random_actions,random_actions:panel_1:1:1021033:1
shared,shared,random_actions,1,30000,1,reference,panel_1,1021034,38f788810c2a60533b2f0b350395446b109cfef83e5b4366e24bfff76e3d5ccf,0,1,21,0.7899999999999999,1.074,6,15,7,9,21,10,0,0.5843825084710007,0.0,0,,random_actions,random_actions:panel_1:1:1021034:0
shared,shared,random_actions,1,30000,1,reference,panel_1,1021034,38f788810c2a60533b2f0b350395446b109cfef83e5b4366e24bfff76e3d5ccf,1,0,32,-0.3200000000000001,0.006000000000000144,10,22,12,11,31,12,1,1.9649356955521613,0.0,0,,random_actions,random_actions:panel_1:1:1021034:1
shared,shared,random_actions,1,30000,1,reference,panel_1,1021035,4267264a72f8bce9a8c94342e20dea09273b6bb754439bf374214761a6c3fdfa,0,1,1,0.99,1.03,0,1,0,2,1,1,0,0.0,0.0,0,,random_actions,random_actions:panel_1:1:1021035:0
shared,shared,random_actions,1,30000,1,reference,panel_1,1021035,4267264a72f8bce9a8c94342e20dea09273b6bb754439bf374214761a6c3fdfa,1,1,1,0.99,1.03,0,1,0,2,1,1,0,0.0,0.0,0,,random_actions,random_actions:panel_1:1:1021035:1
shared,shared,random_actions,1,30000,1,reference,panel_1,1021036,cc4721322e94f1c0fcc4fca0699a5481427cd136761f65e0bb1f5a3404942f34,0,0,32,-0.3200000000000001,-0.0923999999999999,13,19,9,11,29,8,1,2.0048551008661613,0.0,0,,random_actions,random_actions:panel_1:1:1021036:0
shared,shared,random_actions,1,30000,1,reference,panel_1,1021036,cc4721322e94f1c0fcc4fca0699a5481427cd136761f65e0bb1f5a3404942f34,1,1,29,0.71,0.8932000000000001,5,24,17,8,29,13,0,1.0044169872000015,0.0,0,,random_actions,random_actions:panel_1:1:1021036:1
shared,shared,random_actions,1,30000,1,reference,panel_1,1021037,0048c7ca6b76c98598e7e9ff6544f85b019c6d7eea18521e689077bf7733e409,0,0,32,-0.3200000000000001,0.06880000000000014,11,21,13,9,28,10,1,1.8322398108685807,0.0,0,,random_actions,random_actions:panel_1:1:1021037:0
shared,shared,random_actions,1,30000,1,reference,panel_1,1021037,0048c7ca6b76c98598e7e9ff6544f85b019c6d7eea18521e689077bf7733e409,1,1,22,0.7799999999999999,1.1196000000000002,8,14,5,10,22,10,0,0.5761910547927401,0.0,0,,random_actions,random_actions:panel_1:1:1021037:1
shared,shared,random_actions,1,30000,1,reference,panel_1,1021038,023bc04577863dc63c9b506234464420708fa58e55e955ea43bd9ebd9bad6632,0,0,32,-0.3200000000000001,-0.18519999999999998,16,16,8,9,31,7,1,2.1466275281000025,0.0,0,,random_actions,random_actions:panel_1:1:1021038:0
shared,shared,random_actions,1,30000,1,reference,panel_1,1021038,023bc04577863dc63c9b506234464420708fa58e55e955ea43bd9ebd9bad6632,1,0,32,-0.3200000000000001,-0.1647999999999999,9,23,15,9,29,10,1,2.0747651520140016,0.0,0,,random_actions,random_actions:panel_1:1:1021038:1
shared,shared,random_actions,1,30000,1,reference,panel_1,1021039,e2b4768c3f19d91381f1ea80ff0152274b065aaa80929ff6f0ca55bd71f05c2f,0,0,32,-0.3200000000000001,-0.020799999999999888,7,25,16,10,29,11,1,1.9329724978280005,0.0,0,,random_actions,random_actions:panel_1:1:1021039:0
shared,shared,random_actions,1,30000,1,reference,panel_1,1021039,e2b4768c3f19d91381f1ea80ff0152274b065aaa80929ff6f0ca55bd71f05c2f,1,0,32,-0.3200000000000001,-0.012399999999999842,9,23,12,12,31,12,1,1.9803138060560008,0.0,0,,random_actions,random_actions:panel_1:1:1021039:1
shared,shared,random_actions,1,30000,1,reference,panel_1,1021040,d9fe5b6b3232621d91ffe3c5af8960d361bfbd8dcf354ad592901f0ec707177a,0,1,1,0.99,1.03,0,1,0,2,1,1,0,0.0,0.0,0,,random_actions,random_actions:panel_1:1:1021040:0
shared,shared,random_actions,1,30000,1,reference,panel_1,1021040,d9fe5b6b3232621d91ffe3c5af8960d361bfbd8dcf354ad592901f0ec707177a,1,1,1,0.99,1.03,0,1,0,2,1,1,0,0.0,0.0,0,,random_actions,random_actions:panel_1:1:1021040:1
shared,shared,random_actions,1,30000,1,reference,panel_1,1021041,23473cdbb49494e5ce93267fd9f4df1b55f156ca93f2e2c2be2a482730329ca8,0,1,3,0.97,1.0536,1,2,0,3,3,2,0,0.038509000000000126,0.0,0,,random_actions,random_actions:panel_1:1:1021041:0
shared,shared,random_actions,1,30000,1,reference,panel_1,1021041,23473cdbb49494e5ce93267fd9f4df1b55f156ca93f2e2c2be2a482730329ca8,1,0,32,-0.3200000000000001,-0.12359999999999988,8,24,12,13,29,11,1,2.033702941000002,0.0,0,,random_actions,random_actions:panel_1:1:1021041:1
shared,shared,random_actions,1,30000,1,reference,panel_1,1021042,7817b948fb1eac7719c474645faef388a8bc4536aa38394eaca44131123f5f83,0,1,9,0.91,1.0988,1,8,1,8,9,6,0,0.1834750907570002,0.0,0,,random_actions,random_actions:panel_1:1:1021042:0
shared,shared,random_actions,1,30000,1,reference,panel_1,1021042,7817b948fb1eac7719c474645faef388a8bc4536aa38394eaca44131123f5f83,1,0,32,-0.3200000000000001,-0.0231999999999999,9,23,12,12,31,12,1,1.9917930620762918,0.0,0,,random_actions,random_actions:panel_1:1:1021042:1
shared,shared,random_actions,1,30000,1,reference,panel_1,1021043,05de15878dde59979c3548df73273e0bfcaf7cc8fb3093bb099e3c0fe5b2e700,0,1,16,0.84,0.9912000000000001,7,9,4,6,16,6,0,0.504261460000001,0.0,0,,random_actions,random_actions:panel_1:1:1021043:0
shared,shared,random_actions,1,30000,1,reference,panel_1,1021043,05de15878dde59979c3548df73273e0bfcaf7cc8fb3093bb099e3c0fe5b2e700,1,1,24,0.7599999999999999,0.9760000000000002,11,13,7,7,24,8,0,0.7687744215000004,0.0,0,,random_actions,random_actions:panel_1:1:1021043:1
shared,shared,random_actions,1,30000,1,reference,panel_1,1021044,f80a9b77b6febf4a1c5b51928fb919b5f063acc7249b422e2b4ad34ef65f2dfc,0,1,4,0.96,1.0472000000000001,0,4,1,4,4,3,0,0.07586273000000021,0.0,0,,random_actions,random_actions:panel_1:1:1021044:0
shared,shared,random_actions,1,30000,1,reference,panel_1,1021044,f80a9b77b6febf4a1c5b51928fb919b5f063acc7249b422e2b4ad34ef65f2dfc,1,1,7,0.9299999999999999,1.0184,3,4,2,3,7,3,0,0.1973090000000003,0.0,0,,random_actions,random_actions:panel_1:1:1021044:1
shared,shared,random_actions,1,30000,1,reference,panel_1,1021045,d0321698e5b9bd18868f14929defda6819cc5efbda67a76c7cbcc4b13f803974,0,0,32,-0.3200000000000001,-0.1379999999999999,11,21,10,12,30,9,1,2.0714126925280025,0.0,0,,random_actions,random_actions:panel_1:1:1021045:0
shared,shared,random_actions,1,30000,1,reference,panel_1,1021045,d0321698e5b9bd18868f14929defda6819cc5efbda67a76c7cbcc4b13f803974,1,0,32,-0.3200000000000001,-0.1512,4,28,20,9,31,13,1,2.1130873253140026,0.0,0,,random_actions,random_actions:panel_1:1:1021045:1
shared,shared,random_actions,1,30000,1,reference,panel_1,1021046,5ebc6c5a85b3eb3aafe233170e862aa2f40152b1698fe2a39b2008e2a45bb8f4,0,0,32,-0.3200000000000001,-0.08639999999999991,8,24,15,10,28,9,1,1.9728641356840018,0.0,0,,random_actions,random_actions:panel_1:1:1021046:0
shared,shared,random_actions,1,30000,1,reference,panel_1,1021046,5ebc6c5a85b3eb3aafe233170e862aa2f40152b1698fe2a39b2008e2a45bb8f4,1,1,32,0.6799999999999999,0.8716000000000002,8,24,15,10,32,13,0,1.118683671000002,0.0,0,,random_actions,random_actions:panel_1:1:1021046:1
shared,shared,random_actions,1,30000,1,reference,panel_1,1021047,75016ef2af4504294bcdcf66c00aa6a97609b33dcd840ed4d45553f442e18872,0,0,32,-0.3200000000000001,0.059600000000000264,9,23,16,8,28,9,1,1.8453884803368572,0.0,0,,random_actions,random_actions:panel_1:1:1021047:0
shared,shared,random_actions,1,30000,1,reference,panel_1,1021047,75016ef2af4504294bcdcf66c00aa6a97609b33dcd840ed4d45553f442e18872,1,0,32,-0.3200000000000001,0.011600000000000138,11,21,14,8,27,8,1,1.8604853794815814,0.0,0,,random_actions,random_actions:panel_1:1:1021047:1
shared,shared,random_actions,1,30000,1,reference,panel_1,1021048,606eabdc27ecbc7cfe98d3885e0d25a795d279043c914c046fd8f969471c1dc9,0,0,32,-0.3200000000000001,0.03080000000000016,16,16,13,4,28,6,1,1.8685907923096097,0.0,0,,random_actions,random_actions:panel_1:1:1021048:0
shared,shared,random_actions,1,30000,1,reference,panel_1,1021048,606eabdc27ecbc7cfe98d3885e0d25a795d279043c914c046fd8f969471c1dc9,1,0,32,-0.3200000000000001,-0.003999999999999823,13,19,14,6,31,10,1,1.9727721191612915,0.0,0,,random_actions,random_actions:panel_1:1:1021048:1
shared,shared,random_actions,1,30000,1,reference,panel_1,1021049,23c3a82f652de99aa85b9921a0a6442fc77f5e4520f78f8461e14c06375234e8,0,0,32,-0.3200000000000001,0.012800000000000145,8,24,15,10,26,8,1,1.8371969165497406,0.0,0,,random_actions,random_actions:panel_1:1:1021049:0
shared,shared,random_actions,1,30000,1,reference,panel_1,1021049,23c3a82f652de99aa85b9921a0a6442fc77f5e4520f78f8461e14c06375234e8,1,0,32,-0.3200000000000001,0.016400000000000248,11,21,13,9,27,7,1,1.8598876238024942,0.0,0,,random_actions,random_actions:panel_1:1:1021049:1
shared,shared,random_actions,1,30000,1,reference,panel_1,1021050,d6c25d5c77e0340f03bfb96919e74c856e7ae417d92554c1e4406955aaefe47d,0,0,32,-0.3200000000000001,-0.03959999999999972,16,16,10,7,27,5,1,1.9105812885666391,0.0,0,,random_actions,random_actions:panel_1:1:1021050:0
shared,shared,random_actions,1,30000,1,reference,panel_1,1021050,d6c25d5c77e0340f03bfb96919e74c856e7ae417d92554c1e4406955aaefe47d,1,0,32,-0.3200000000000001,-0.12479999999999986,12,20,13,8,29,8,1,2.0384301391000013,0.0,0,,random_actions,random_actions:panel_1:1:1021050:1
shared,shared,random_actions,1,30000,1,reference,panel_1,1021051,6e293a99c0bed4353590512005943278bbee6c396728a4cb85fc89a64281990c,0,1,29,0.71,0.8936000000000001,6,23,11,13,29,13,0,1.003830380000002,0.0,0,,random_actions,random_actions:panel_1:1:1021051:0
shared,shared,random_actions,1,30000,1,reference,panel_1,1021051,6e293a99c0bed4353590512005943278bbee6c396728a4cb85fc89a64281990c,1,1,4,0.96,1.0872,1,3,0,4,4,3,0,0.037353730000000085,0.0,0,,random_actions,random_actions:panel_1:1:1021051:1
shared,shared,random_actions,1,30000,1,reference,panel_1,1021052,2e48e8e237d154a0bae24fa760c724470ccf8929c5f3016de178b1396d038761,0,0,32,-0.3200000000000001,0.28680000000000033,10,22,14,9,26,11,1,1.6102415571369568,0.0,0,,random_actions,random_actions:panel_1:1:1021052:0
shared,shared,random_actions,1,30000,1,reference,panel_1,1021052,2e48e8e237d154a0bae24fa760c724470ccf8929c5f3016de178b1396d038761,1,0,32,-0.3200000000000001,0.29880000000000023,11,21,12,10,28,10,1,1.6433433780439115,0.0,0,,random_actions,random_actions:panel_1:1:1021052:1
shared,shared,random_actions,1,30000,1,reference,panel_1,1021053,03ff27bb5685131dbf20ec3a57e48d368e912239e32f78b45ce9213d7b42f63c,0,0,32,-0.3200000000000001,0.006400000000000239,8,24,15,10,29,10,1,1.916973607271741,0.0,0,,random_actions,random_actions:panel_1:1:1021053:0
shared,shared,random_actions,1,30000,1,reference,panel_1,1021053,03ff27bb5685131dbf20ec3a57e48d368e912239e32f78b45ce9213d7b42f63c,1,0,32,-0.3200000000000001,-0.03799999999999989,6,26,12,15,32,14,1,2.033963634579712,0.0,0,,random_actions,random_actions:panel_1:1:1021053:1
shared,shared,random_actions,1,30000,1,reference,panel_1,1021054,4fd1b4380778edc5e87343d937b12a11bb9bb1e3bb1f8b78f4aac6c09972c1f3,0,1,18,0.82,0.9672000000000001,6,12,4,9,18,7,0,0.5902271670850016,0.0,0,,random_actions,random_actions:panel_1:1:1021054:0
shared,shared,random_actions,1,30000,1,reference,panel_1,1021054,4fd1b4380778edc5e87343d937b12a11bb9bb1e3bb1f8b78f4aac6c09972c1f3,1,1,11,0.89,0.9892000000000001,3,8,5,4,11,5,0,0.35015400000000063,0.0,0,,random_actions,random_actions:panel_1:1:1021054:1
shared,shared,random_actions,1,30000,1,reference,panel_1,1021055,b9614e2b93ebab331618bcc4d5884a6e30e73bd423f3002f4afd73bbe684c073,0,0,32,-0.3200000000000001,-0.03559999999999991,19,13,10,4,28,5,1,1.9274917599840018,0.0,0,,random_actions,random_actions:panel_1:1:1021055:0
shared,shared,random_actions,1,30000,1,reference,panel_1,1021055,b9614e2b93ebab331618bcc4d5884a6e30e73bd423f3002f4afd73bbe684c073,1,1,30,0.7,0.9352000000000001,7,23,13,11,30,13,0,0.9955182889710011,0.0,0,,random_actions,random_actions:panel_1:1:1021055:1
shared,shared,random_actions,1,30000,1,reference,panel_1,1021056,c30d881779130d6a6c3e6b8d5c2c28c535b7a8a94bfa9f274b18f74d77700a5f,0,0,32,-0.3200000000000001,-0.012399999999999856,7,25,18,8,29,11,1,1.927503911756001,0.0,0,,random_actions,random_actions:panel_1:1:1021056:0
shared,shared,random_actions,1,30000,1,reference,panel_1,1021056,c30d881779130d6a6c3e6b8d5c2c28c535b7a8a94bfa9f274b18f74d77700a5f,1,1,9,0.91,1.0916000000000001,3,6,0,7,9,5,0,0.19030484810000037,0.0,0,,random_actions,random_actions:panel_1:1:1021056:1
shared,shared,random_actions,1,30000,1,reference,panel_1,1021057,7cf71cd5483b413bff135099f2b83b8d30f6a6657030b997bde6e971a0fc390a,0,0,32,-0.3200000000000001,0.09840000000000018,11,21,15,7,29,9,1,1.8336610574177397,0.0,0,,random_actions,random_actions:panel_1:1:1021057:0
shared,shared,random_actions,1,30000,1,reference,panel_1,1021057,7cf71cd5483b413bff135099f2b83b8d30f6a6657030b997bde6e971a0fc390a,1,0,32,-0.3200000000000001,0.06600000000000017,14,18,13,6,28,7,1,1.8323586827603209,0.0,0,,random_actions,random_actions:panel_1:1:1021057:1
shared,shared,random_actions,1,30000,1,reference,panel_1,1021058,ee221951f8ee338a55f50c6a319ac666a72fdfc11fab9e0c8d587d058dccff5a,0,1,3,0.97,1.0524,1,2,0,3,3,2,0,0.03970000000000007,0.0,0,,random_actions,random_actions:panel_1:1:1021058:0
shared,shared,random_actions,1,30000,1,reference,panel_1,1021058,ee221951f8ee338a55f50c6a319ac666a72fdfc11fab9e0c8d587d058dccff5a,1,1,2,0.98,1.0612,0,2,0,3,2,2,0,0.0,0.0,0,,random_actions,random_actions:panel_1:1:1021058:1
shared,shared,random_actions,1,30000,1,reference,panel_1,1021059,7798b735ff56ee51527c0800b325883c68ce33b30a2ce1037c49846ea3d6d078,0,0,32,-0.3200000000000001,-0.07519999999999989,9,23,14,10,29,10,1,1.9848962620140018,0.0,0,,random_actions,random_actions:panel_1:1:1021059:0
shared,shared,random_actions,1,30000,1,reference,panel_1,1021059,7798b735ff56ee51527c0800b325883c68ce33b30a2ce1037c49846ea3d6d078,1,0,32,-0.3200000000000001,-0.03319999999999984,11,21,12,10,27,9,1,1.9049001611207408,0.0,0,,random_actions,random_actions:panel_1:1:1021059:1
shared,shared,random_actions,1,30000,1,reference,panel_1,1021060,a2ca6d8710b610a27c0f92008283c5c28369c3447949b144e2ec6149d62f0e70,0,1,21,0.7899999999999999,1.0436,7,14,4,11,21,9,0,0.6117841650560012,0.0,0,,random_actions,random_actions:panel_1:1:1021060:0
shared,shared,random_actions,1,30000,1,reference,panel_1,1021060,a2ca6d8710b610a27c0f92008283c5c28369c3447949b144e2ec6149d62f0e70,1,0,32,-0.3200000000000001,-0.07119999999999994,11,21,16,6,31,11,1,2.0356154900000023,0.0,0,,random_actions,random_actions:panel_1:1:1021060:1
shared,shared,random_actions,1,30000,1,reference,panel_1,1021061,5b509240a2359c651d2620abd244b29d24a22a183f6dc3d581b7c4c2ab6630f9,0,1,17,0.83,1.0888,2,15,6,10,17,10,0,0.44533146442800076,0.0,0,,random_actions,random_actions:panel_1:1:1021061:0
shared,shared,random_actions,1,30000,1,reference,panel_1,1021061,5b509240a2359c651d2620abd244b29d24a22a183f6dc3d581b7c4c2ab6630f9,1,0,32,-0.3200000000000001,0.03480000000000011,7,25,19,7,28,11,1,1.8582865044130008,0.0,0,,random_actions,random_actions:panel_1:1:1021061:1
shared,shared,random_actions,1,30000,1,reference,panel_1,1021062,26fd3ed1ca488951544e0531828c1750ceae53b9c3679133f5ee57ede92ab3f2,0,0,32,-0.3200000000000001,-0.048399999999999915,11,21,9,13,29,9,1,1.9652918632850018,0.0,0,,random_actions,random_actions:panel_1:1:1021062:0
shared,shared,random_actions,1,30000,1,reference,panel_1,1021062,26fd3ed1ca488951544e0531828c1750ceae53b9c3679133f5ee57ede92ab3f2,1,0,32,-0.3200000000000001,0.011600000000000138,10,22,11,12,29,9,1,1.908886482701871,0.0,0,,random_actions,random_actions:panel_1:1:1021062:1
shared,shared,random_actions,1,30000,1,reference,panel_1,1021063,3f6e1b75a498e37920cd5afee38c13322c9b7db6b112eacf2c8b5cbc28955dcf,0,1,4,0.96,1.0048000000000001,1,3,1,3,4,2,0,0.11790900000000015,0.0,0,,random_actions,random_actions:panel_1:1:1021063:0
shared,shared,random_actions,1,30000,1,reference,panel_1,1021063,3f6e1b75a498e37920cd5afee38c13322c9b7db6b112eacf2c8b5cbc28955dcf,1,1,20,0.7999999999999999,0.8976,1,19,9,11,20,10,0,0.7202590762000016,0.0,0,,random_actions,random_actions:panel_1:1:1021063:1
shared,shared,random_actions,2,30000,1,reference,panel_1,1021000,e684768c97c4f622189d17c403c007479a6e146db010de5961bc170ae57f4c7d,0,0,32,-0.3200000000000001,0.05040000000000011,10,22,13,10,29,10,1,1.8785499728715238,0.0,0,,random_actions,random_actions:panel_1:2:1021000:0
shared,shared,random_actions,2,30000,1,reference,panel_1,1021000,e684768c97c4f622189d17c403c007479a6e146db010de5961bc170ae57f4c7d,1,0,32,-0.3200000000000001,0.056400000000000144,4,28,17,12,28,12,1,1.8390803985077118,0.0,0,,random_actions,random_actions:panel_1:2:1021000:1
shared,shared,random_actions,2,30000,1,reference,panel_1,1021001,020af6eea8f5b1777a0d790c847ba50d117c5dfaf765ec240ee7dd86fcb679df,0,0,32,-0.3200000000000001,-0.18640000000000007,5,27,17,11,30,12,1,2.119977772400002,0.0,0,,random_actions,random_actions:panel_1:2:1021001:0
shared,shared,random_actions,2,30000,1,reference,panel_1,1021001,020af6eea8f5b1777a0d790c847ba50d117c5dfaf765ec240ee7dd86fcb679df,1,1,4,0.96,1.0048000000000001,1,3,1,3,4,2,0,0.11790900000000015,0.0,0,,random_actions,random_actions:panel_1:2:1021001:1
shared,shared,random_actions,2,30000,1,reference,panel_1,1021002,d7972d00235531102ec68ce478d01cf27487acffdad223a1c99b49b3ff61ea45,0,1,19,0.8099999999999999,0.8884000000000001,10,9,4,6,19,5,0,0.6979260000000016,0.0,0,,random_actions,random_actions:panel_1:2:1021002:0
shared,shared,random_actions,2,30000,1,reference,panel_1,1021002,d7972d00235531102ec68ce478d01cf27487acffdad223a1c99b49b3ff61ea45,1,1,16,0.84,0.9088,7,9,5,5,16,5,0,0.5847810000000011,0.0,0,,random_actions,random_actions:panel_1:2:1021002:1
shared,shared,random_actions,2,30000,1,reference,panel_1,1021003,a0db3d877d2a3d422a407569dfa13ba4139b011da426cc94abc11d4f90514017,0,1,1,0.99,1.03,0,1,0,2,1,1,0,0.0,0.0,0,,random_actions,random_actions:panel_1:2:1021003:0
shared,shared,random_actions,2,30000,1,reference,panel_1,1021003,a0db3d877d2a3d422a407569dfa13ba4139b011da426cc94abc11d4f90514017,1,1,9,0.91,0.9656,4,5,3,3,9,3,0,0.3116450000000006,0.0,0,,random_actions,random_actions:panel_1:2:1021003:1
shared,shared,random_actions,2,30000,1,reference,panel_1,1021004,e249249b279703f00c05456df7dc890aee454d93e2307a6ecc8d49074be21464,0,0,32,-0.3200000000000001,-0.12119999999999975,20,12,8,5,29,5,1,2.0314606453000015,0.0,0,,random_actions,random_actions:panel_1:2:1021004:0
shared,shared,random_actions,2,30000,1,reference,panel_1,1021004,e249249b279703f00c05456df7dc890aee454d93e2307a6ecc8d49074be21464,1,1,19,0.8099999999999999,0.9428000000000001,7,12,7,6,19,7,0,0.6443952743000015,0.0,0,,random_actions,random_actions:panel_1:2:1021004:1
shared,shared,random_actions,2,30000,1,reference,panel_1,1021005,4d57fcd00865f9d4f936d3fab50ce0efa89adc6096367a2ebc04bddef6a7d578,0,0,32,-0.3200000000000001,-0.06399999999999993,15,17,8,10,30,9,1,2.001999456200002,0.0,0,,random_actions,random_actions:panel_1:2:1021005:0
shared,shared,random_actions,2,30000,1,reference,panel_1,1021005,4d57fcd00865f9d4f936d3fab50ce0efa89adc6096367a2ebc04bddef6a7d578,1,0,32,-0.3200000000000001,-0.041199999999999876,15,17,9,9,30,8,1,1.981445059100001,0.0,0,,random_actions,random_actions:panel_1:2:1021005:1
shared,shared,random_actions,2,30000,1,reference,panel_1,1021006,a3adbbfb88964e5e123b73ce18fb9eef6237fbf9319ffdd4cbaa1c1543743bb1,0,1,26,0.74,0.8944000000000001,2,24,14,11,26,13,0,0.9095473188570017,0.0,0,,random_actions,random_actions:panel_1:2:1021006:0
shared,shared,random_actions,2,30000,1,reference,panel_1,1021006,a3adbbfb88964e5e123b73ce18fb9eef6237fbf9319ffdd4cbaa1c1543743bb1,1,1,9,0.91,1.014,1,8,3,6,9,5,0,0.2638916962000004,0.0,0,,random_actions,random_actions:panel_1:2:1021006:1
shared,shared,random_actions,2,30000,1,reference,panel_1,1021007,23b9b64b5bde5351e3cf47ffa2aae31c6c9367481ac172ca655f6d62d1ca4583,0,1,10,0.9,1.0404,1,9,4,6,10,6,0,0.26963446000000046,0.0,0,,random_actions,random_actions:panel_1:2:1021007:0
shared,shared,random_actions,2,30000,1,reference,panel_1,1021007,23b9b64b5bde5351e3cf47ffa2aae31c6c9367481ac172ca655f6d62d1ca4583,1,1,24,0.7599999999999999,0.9352,9,15,11,5,24,9,0,0.8077481100000017,0.0,0,,random_actions,random_actions:panel_1:2:1021007:1
shared,shared,random_actions,2,30000,1,reference,panel_1,1021008,bd13bd149e88ed0d0a3d46d1dcb3cbed1771db3be4221793a8151e467f31b80a,0,0,32,-0.3200000000000001,-0.06799999999999988,11,21,12,10,28,8,1,1.9544630721420018,0.0,0,,random_actions,random_actions:panel_1:2:1021008:0
shared,shared,random_actions,2,30000,1,reference,panel_1,1021008,bd13bd149e88ed0d0a3d46d1dcb3cbed1771db3be4221793a8151e467f31b80a,1,0,32,-0.3200000000000001,-0.03799999999999984,13,19,14,6,29,8,1,1.9550370161168709,0.0,0,,random_actions,random_actions:panel_1:2:1021008:1
shared,shared,random_actions,2,30000,1,reference,panel_1,1021009,630f61ea606fbc62d8a8bba572fd46cd8b38b66a84fb2e83a9cdcf94b818a933,0,0,32,-0.3200000000000001,-0.005599999999999772,8,24,18,7,27,9,1,1.8805399682666102,0.0,0,,random_actions,random_actions:panel_1:2:1021009:0
shared,shared,random_actions,2,30000,1,reference,panel_1,1021009,630f61ea606fbc62d8a8bba572fd46cd8b38b66a84fb2e83a9cdcf94b818a933,1,0,32,-0.3200000000000001,-0.0007999999999998286,13,19,10,10,28,7,1,1.8978010748537266,0.0,0,,random_actions,random_actions:panel_1:2:1021009:1
shared,shared,random_actions,2,30000,1,reference,panel_1,1021010,e6418c65f311a925bc9bd6f09a0241337d4d9c2daf783cc3484c1bc4d5bad5dc,0,0,32,-0.3200000000000001,0.15520000000000023,13,19,10,10,29,10,1,1.7821432470064458,0.0,0,,random_actions,random_actions:panel_1:2:1021010:0
shared,shared,random_actions,2,30000,1,reference,panel_1,1021010,e6418c65f311a925bc9bd6f09a0241337d4d9c2daf783cc3484c1bc4d5bad5dc,1,0,32,-0.3200000000000001,0.23440000000000036,13,19,14,6,25,7,1,1.6346090086324685,0.0,0,,random_actions,random_actions:panel_1:2:1021010:1
shared,shared,random_actions,2,30000,1,reference,panel_1,1021011,2690022ad1103d9d88059f24d0519ef6313889fa78f060973305d38c0beec01b,0,0,32,-0.3200000000000001,0.06960000000000016,12,20,15,6,28,8,1,1.8323912925666104,0.0,0,,random_actions,random_actions:panel_1:2:1021011:0
shared,shared,random_actions,2,30000,1,reference,panel_1,1021011,2690022ad1103d9d88059f24d0519ef6313889fa78f060973305d38c0beec01b,1,0,32,-0.3200000000000001,0.04440000000000016,10,22,16,7,30,11,1,1.9031552379511605,0.0,0,,random_actions,random_actions:panel_1:2:1021011:1
shared,shared,random_actions,2,30000,1,reference,panel_1,1021012,cc520c3be4847646f8d22121d784d6fce3ee5571a9c91b68b040927db3ccd575,0,0,32,-0.3200000000000001,-0.045999999999999916,4,28,19,10,31,14,1,2.012891329100002,0.0,0,,random_actions,random_actions:panel_1:2:1021012:0
shared,shared,random_actions,2,30000,1,reference,panel_1,1021012,cc520c3be4847646f8d22121d784d6fce3ee5571a9c91b68b040927db3ccd575,1,0,32,-0.3200000000000001,-0.054399999999999935,9,23,16,8,30,11,1,1.991739586700002,0.0,0,,random_actions,random_actions:panel_1:2:1021012:1
shared,shared,random_actions,2,30000,1,reference,panel_1,1021013,b6e1e83eb35d545a535ec3aaa96f0a9140dc0c33ff0417c2d433fe0d1fd172c9,0,1,7,0.9299999999999999,1.0244,3,4,1,4,7,3,0,0.1913897300000006,0.0,0,,random_actions,random_actions:panel_1:2:1021013:0
shared,shared,random_actions,2,30000,1,reference,panel_1,1021013,b6e1e83eb35d545a535ec3aaa96f0a9140dc0c33ff0417c2d433fe0d1fd172c9,1,0,32,-0.3200000000000001,-0.07439999999999986,10,22,13,10,28,8,1,1.9642598397207407,0.0,0,,random_actions,random_actions:panel_1:2:1021013:1
shared,shared,random_actions,2,30000,1,reference,panel_1,1021014,2fe8bd5c32d1ff68c9f130158a0a4c35130620875fd8b970a539a5b62f97f4bf,0,0,32,-0.3200000000000001,0.04440000000000015,13,19,15,5,30,10,1,1.9018022920120012,0.0,0,,random_actions,random_actions:panel_1:2:1021014:0
shared,shared,random_actions,2,30000,1,reference,panel_1,1021014,2fe8bd5c32d1ff68c9f130158a0a4c35130620875fd8b970a539a5b62f97f4bf,1,1,13,0.87,1.118,2,11,4,8,13,8,0,0.29227633987100055,0.0,0,,random_actions,random_actions:panel_1:2:1021014:1
shared,shared,random_actions,2,30000,1,reference,panel_1,1021015,e131a0a0a096f7d82f5a7d99a6b504ec38ff9ccf5db12e4616183dea698ba4dc,0,0,32,-0.3200000000000001,0.21840000000000023,6,26,15,12,30,14,1,1.7556771367828539,0.0,0,,random_actions,random_actions:panel_1:2:1021015:0
shared,shared,random_actions,2,30000,1,reference,panel_1,1021015,e131a0a0a096f7d82f5a7d99a6b504ec38ff9ccf5db12e4616183dea698ba4dc,1,0,32,-0.3200000000000001,0.24600000000000022,13,19,9,11,26,8,1,1.6392430108815916,0.0,0,,random_actions,random_actions:panel_1:2:1021015:1
shared,shared,random_actions,2,30000,1,reference,panel_1,1021016,bd364dc95679df069b5a2832ccbb48f2dab10c1f9eefb75399ab63b7b6a31e38,0,0,32,-0.3200000000000001,0.046800000000000064,7,25,16,10,27,11,1,1.8287357487245814,0.0,0,,random_actions,random_actions:panel_1:2:1021016:0
shared,shared,random_actions,2,30000,1,reference,panel_1,1021016,bd364dc95679df069b5a2832ccbb48f2dab10c1f9eefb75399ab63b7b6a31e38,1,0,32,-0.3200000000000001,0.058800000000000185,10,22,10,13,30,11,1,1.8911829703115357,0.0,0,,random_actions,random_actions:panel_1:2:1021016:1
shared,shared,random_actions,2,30000,1,reference,panel_1,1021017,e6391d28a877a4e55e5ac72f32b67a91637766e4eca55421787ad53373865626,0,1,12,0.88,1.2056,3,9,2,8,12,8,0,0.1845274262000003,0.0,0,,random_actions,random_actions:panel_1:2:1021017:0
shared,shared,random_actions,2,30000,1,reference,panel_1,1021017,e6391d28a877a4e55e5ac72f32b67a91637766e4eca55421787ad53373865626,1,0,32,-0.3200000000000001,0.21440000000000028,11,21,14,8,26,9,1,1.6689638039213488,0.0,0,,random_actions,random_actions:panel_1:2:1021017:1
shared,shared,random_actions,2,30000,1,reference,panel_1,1021018,20cfc4cd227df075735005393c4247befef665e10b4ef3a183c86a608ec5b15c,0,0,32,-0.3200000000000001,0.2516000000000003,22,10,8,3,25,3,1,1.6148661665157542,0.0,0,,random_actions,random_actions:panel_1:2:1021018:0
shared,shared,random_actions,2,30000,1,reference,panel_1,1021018,20cfc4cd227df075735005393c4247befef665e10b4ef3a183c86a608ec5b15c,1,0,32,-0.3200000000000001,0.2516000000000003,24,8,7,2,25,2,1,1.6148661665157544,0.0,0,,random_actions,random_actions:panel_1:2:1021018:1
shared,shared,random_actions,2,30000,1,reference,panel_1,1021019,a4e97683b710adc3eeb72863e4f54d8daefcdd0287c9d921fa2f4b7bf3a3d51f,0,1,8,0.9199999999999999,1.104,0,8,2,7,8,6,0,0.14724197265700023,0.0,0,,random_actions,random_actions:panel_1:2:1021019:0
shared,shared,random_actions,2,30000,1,reference,panel_1,1021019,a4e97683b710adc3eeb72863e4f54d8daefcdd0287c9d921fa2f4b7bf3a3d51f,1,0,32,-0.3200000000000001,-0.006399999999999864,11,21,10,12,30,10,1,1.9480286628488859,0.0,0,,random_actions,random_actions:panel_1:2:1021019:1
shared,shared,random_actions,2,30000,1,reference,panel_1,1021020,b63be8ff388d1009246df8d585d08ccb46ba874c94e1d30bee6cf7571027102d,0,0,32,-0.3200000000000001,0.022800000000000126,7,25,14,12,30,12,1,1.9251018928990018,0.0,0,,random_actions,random_actions:panel_1:2:1021020:0
shared,shared,random_actions,2,30000,1,reference,panel_1,1021020,b63be8ff388d1009246df8d585d08ccb46ba874c94e1d30bee6cf7571027102d,1,0,32,-0.3200000000000001,0.026400000000000104,5,27,18,10,32,15,1,1.9749560554840309,0.0,0,,random_actions,random_actions:panel_1:2:1021020:1
shared,shared,random_actions,2,30000,1,reference,panel_1,1021021,9aa5d886184fa8f1e468fcadf1f056f8e5c11be25801f40b45b43b5e02bed880,0,1,4,0.96,1.046,2,2,0,3,4,2,0,0.07701800000000025,0.0,0,,random_actions,random_actions:panel_1:2:1021021:0
shared,shared,random_actions,2,30000,1,reference,panel_1,1021021,9aa5d886184fa8f1e468fcadf1f056f8e5c11be25801f40b45b43b5e02bed880,1,1,5,0.95,1.0372000000000001,1,4,1,4,5,3,0,0.11671800000000021,0.0,0,,random_actions,random_actions:panel_1:2:1021021:1
shared,shared,random_actions,2,30000,1,reference,panel_1,1021022,f19e98eb6311aafcbc70fbd667f87e13770d25796e60bf820174c4e406168b32,0,1,26,0.74,0.9184000000000001,12,14,4,11,26,8,0,0.8869880661990022,0.0,0,,random_actions,random_actions:panel_1:2:1021022:0
shared,shared,random_actions,2,30000,1,reference,panel_1,1021022,f19e98eb6311aafcbc70fbd667f87e13770d25796e60bf820174c4e406168b32,1,0,32,-0.3200000000000001,-0.13559999999999994,9,23,19,5,30,10,1,2.0686178824000026,0.0,0,,random_actions,random_actions:panel_1:2:1021022:1
shared,shared,random_actions,2,30000,1,reference,panel_1,1021023,72052460a1c549ba2ed688a03a93809107923b9bda2eafa930b451cde90d42b8,0,0,32,-0.3200000000000001,0.06720000000000016,18,14,9,6,29,7,1,1.8565431117439006,0.0,0,,random_actions,random_actions:panel_1:2:1021023:0
shared,shared,random_actions,2,30000,1,reference,panel_1,1021023,72052460a1c549ba2ed688a03a93809107923b9bda2eafa930b451cde90d42b8,1,0,32,-0.3200000000000001,0.08160000000000014,9,23,17,7,28,9,1,1.8227051715477698,0.0,0,,random_actions,random_actions:panel_1:2:1021023:1
shared,shared,random_actions,2,30000,1,reference,panel_1,1021024,caadc29efd481445a286db424305e73cfa411c8fb0528c2e38dedf97e46df028,0,0,32,-0.3200000000000001,0.008000000000000174,9,23,14,10,28,9,1,1.888466394728451,0.0,0,,random_actions,random_actions:panel_1:2:1021024:0
shared,shared,random_actions,2,30000,1,reference,panel_1,1021024,caadc29efd481445a286db424305e73cfa411c8fb0528c2e38dedf97e46df028,1,0,32,-0.3200000000000001,0.021200000000000163,12,20,13,8,28,8,1,1.87728875775503,0.0,0,,random_actions,random_actions:panel_1:2:1021024:1
shared,shared,random_actions,2,30000,1,reference,panel_1,1021025,3ef3381f74549043f617889a7b16ad6ce85fd3ccfded3158b071f470c21d9d82,0,1,17,0.83,1.0996000000000001,10,7,0,8,17,6,0,0.43493293037100056,0.0,0,,random_actions,random_actions:panel_1:2:1021025:0
shared,shared,random_actions,2,30000,1,reference,panel_1,1021025,3ef3381f74549043f617889a7b16ad6ce85fd3ccfded3158b071f470c21d9d82,1,1,18,0.82,1.0896000000000001,5,13,4,10,18,9,0,0.4758554370850011,0.0,0,,random_actions,random_actions:panel_1:2:1021025:1
shared,shared,random_actions,2,30000,1,reference,panel_1,1021026,4ef1d727617635bd2836e6018d6f4a55659e8d78398182af450f75b509544bf6,0,1,2,0.98,1.0612,0,2,0,3,2,2,0,0.0,0.0,0,,random_actions,random_actions:panel_1:2:1021026:0
shared,shared,random_actions,2,30000,1,reference,panel_1,1021026,4ef1d727617635bd2836e6018d6f4a55659e8d78398182af450f75b509544bf6,1,1,32,0.6799999999999999,0.8992000000000001,8,24,12,13,32,13,0,1.0932804711270019,0.0,0,,random_actions,random_actions:panel_1:2:1021026:1
shared,shared,random_actions,2,30000,1,reference,panel_1,1021027,ed9c266d1ed18a00fcbd5056c647d5828dfd4a72351d7b151e7ed9db6e11d916,0,0,32,-0.3200000000000001,0.04560000000000011,13,19,10,10,29,9,1,1.8750280844714509,0.0,0,,random_actions,random_actions:panel_1:2:1021027:0
shared,shared,random_actions,2,30000,1,reference,panel_1,1021027,ed9c266d1ed18a00fcbd5056c647d5828dfd4a72351d7b151e7ed9db6e11d916,1,0,32,-0.3200000000000001,0.03960000000000008,9,23,15,9,29,11,1,1.8826380478231601,0.0,0,,random_actions,random_actions:panel_1:2:1021027:1
shared,shared,random_actions,2,30000,1,reference,panel_1,1021028,cf272edf5a87dc6efbe362c06d102032d585181451ad76b722efe911606098e0,0,0,32,-0.3200000000000001,0.034000000000000086,13,19,11,9,31,11,1,1.9417831439772915,0.0,0,,random_actions,random_actions:panel_1:2:1021028:0
shared,shared,random_actions,2,30000,1,reference,panel_1,1021028,cf272edf5a87dc6efbe362c06d102032d585181451ad76b722efe911606098e0,1,0,32,-0.3200000000000001,0.08200000000000014,17,15,9,7,29,8,1,1.846306091753581,0.0,0,,random_actions,random_actions:panel_1:2:1021028:1
shared,shared,random_actions,2,30000,1,reference,panel_1,1021029,e07e61887d791b850b3cb0a6aed603eb6e989d8795f7eb00f66fa2f96c090e2a,0,0,32,-0.3200000000000001,-0.05479999999999981,15,17,10,8,30,7,1,1.9941380169420009,0.0,0,,random_actions,random_actions:panel_1:2:1021029:0
shared,shared,random_actions,2,30000,1,reference,panel_1,1021029,e07e61887d791b850b3cb0a6aed603eb6e989d8795f7eb00f66fa2f96c090e2a,1,1,11,0.89,1.0376,0,11,5,7,11,7,0,0.30352130810000066,0.0,0,,random_actions,random_actions:panel_1:2:1021029:1
shared,shared,random_actions,2,30000,1,reference,panel_1,1021030,6063d45448f96fc7ad1bce14e25f1dcb37cfc90a29d02071b7a70eb6d54a0187,0,1,8,0.9199999999999999,1.0568,1,7,2,6,8,5,0,0.19142546000000038,0.0,0,,random_actions,random_actions:panel_1:2:1021030:0
shared,shared,random_actions,2,30000,1,reference,panel_1,1021030,6063d45448f96fc7ad1bce14e25f1dcb37cfc90a29d02071b7a70eb6d54a0187,1,1,19,0.8099999999999999,0.9864,6,13,7,7,19,8,0,0.6023154181000016,0.0,0,,random_actions,random_actions:panel_1:2:1021030:1
shared,shared,random_actions,2,30000,1,reference,panel_1,1021031,7d8d327b897838d268fa58b0d5a6360c42ca1381fabfff5a0944aa5cd4f21480,0,0,32,-0.3200000000000001,-0.005999999999999887,16,16,8,9,32,10,1,2.0047636325140004,0.0,0,,random_actions,random_actions:panel_1:2:1021031:0
shared,shared,random_actions,2,30000,1,reference,panel_1,1021031,7d8d327b897838d268fa58b0d5a6360c42ca1381fabfff5a0944aa5cd4f21480,1,1,10,0.9,1.124,1,9,1,9,10,7,0,0.19258073000000042,0.0,0,,random_actions,random_actions:panel_1:2:1021031:1
shared,shared,random_actions,2,30000,1,reference,panel_1,1021032,ea7bfabb404018d322df9191e18c4688ef24339011f1f212bd4a9310d6aa4c10,0,0,32,-0.3200000000000001,-0.07879999999999995,6,26,12,15,32,14,1,2.071989425552161,0.0,0,,random_actions,random_actions:panel_1:2:1021032:0
shared,shared,random_actions,2,30000,1,reference,panel_1,1021032,ea7bfabb404018d322df9191e18c4688ef24339011f1f212bd4a9310d6aa4c10,1,1,32,0.6799999999999999,0.9680000000000002,13,19,7,13,32,11,0,1.0287386978159003,0.0,0,,random_actions,random_actions:panel_1:2:1021032:1
shared,shared,random_actions,2,30000,1,reference,panel_1,1021033,77517ec0f16488d02862783d6a0cf17decee4ae24aeb47e35951ed3d7e42994b,0,0,32,-0.3200000000000001,0.1132000000000001,8,24,17,8,27,10,1,1.771771390407711,0.0,0,,random_actions,random_actions:panel_1:2:1021033:0
shared,shared,random_actions,2,30000,1,reference,panel_1,1021033,77517ec0f16488d02862783d6a0cf17decee4ae24aeb47e35951ed3d7e42994b,1,0,32,-0.3200000000000001,0.14680000000000015,14,18,13,6,27,8,1,1.7443505651939293,0.0,0,,random_actions,random_actions:panel_1:2:1021033:1
shared,shared,random_actions,2,30000,1,reference,panel_1,1021034,38f788810c2a60533b2f0b350395446b109cfef83e5b4366e24bfff76e3d5ccf,0,0,32,-0.3200000000000001,-0.0023999999999998467,15,17,7,11,30,9,1,1.947627527200001,0.0,0,,random_actions,random_actions:panel_1:2:1021034:0
shared,shared,random_actions,2,30000,1,reference,panel_1,1021034,38f788810c2a60533b2f0b350395446b109cfef83e5b4366e24bfff76e3d5ccf,1,0,32,-0.3200000000000001,0.052800000000000194,14,18,11,8,28,8,1,1.8420437952284505,0.0,0,,random_actions,random_actions:panel_1:2:1021034:1
shared,shared,random_actions,2,30000,1,reference,panel_1,1021035,4267264a72f8bce9a8c94342e20dea09273b6bb754439bf374214761a6c3fdfa,0,0,32,-0.3200000000000001,-0.1900000000000001,6,26,20,7,31,12,1,2.1501637262000024,0.0,0,,random_actions,random_actions:panel_1:2:1021035:0
shared,shared,random_actions,2,30000,1,reference,panel_1,1021035,4267264a72f8bce9a8c94342e20dea09273b6bb754439bf374214761a6c3fdfa,1,1,1,0.99,1.03,0,1,0,2,1,1,0,0.0,0.0,0,,random_actions,random_actions:panel_1:2:1021035:1
shared,shared,random_actions,2,30000,1,reference,panel_1,1021036,cc4721322e94f1c0fcc4fca0699a5481427cd136761f65e0bb1f5a3404942f34,0,0,32,-0.3200000000000001,-0.09479999999999987,3,29,18,12,29,12,1,2.0037060390965813,0.0,0,,random_actions,random_actions:panel_1:2:1021036:0
shared,shared,random_actions,2,30000,1,reference,panel_1,1021036,cc4721322e94f1c0fcc4fca0699a5481427cd136761f65e0bb1f5a3404942f34,1,1,14,0.86,0.97,4,10,5,6,14,6,0,0.4622509200000009,0.0,0,,random_actions,random_actions:panel_1:2:1021036:1
shared,shared,random_actions,2,30000,1,reference,panel_1,1021037,0048c7ca6b76c98598e7e9ff6544f85b019c6d7eea18521e689077bf7733e409,0,0,32,-0.3200000000000001,0.061600000000000106,10,22,12,11,29,11,1,1.8613093156599436,0.0,0,,random_actions,random_actions:panel_1:2:1021037:0
shared,shared,random_actions,2,30000,1,reference,panel_1,1021037,0048c7ca6b76c98598e7e9ff6544f85b019c6d7eea18521e689077bf7733e409,1,1,32,0.6799999999999999,1.0148000000000001,18,14,6,9,32,10,0,0.9876848588570023,0.0,0,,random_actions,random_actions:panel_1:2:1021037:1
shared,shared,random_actions,2,30000,1,reference,panel_1,1021038,023bc04577863dc63c9b506234464420708fa58e55e955ea43bd9ebd9bad6632,0,1,1,0.99,1.03,0,1,0,2,1,1,0,0.0,0.0,0,,random_actions,random_actions:panel_1:2:1021038:0
shared,shared,random_actions,2,30000,1,reference,panel_1,1021038,023bc04577863dc63c9b506234464420708fa58e55e955ea43bd9ebd9bad6632,1,1,12,0.88,0.9500000000000001,7,5,2,4,12,3,0,0.42020465000000096,0.0,0,,random_actions,random_actions:panel_1:2:1021038:1
shared,shared,random_actions,2,30000,1,reference,panel_1,1021039,e2b4768c3f19d91381f1ea80ff0152274b065aaa80929ff6f0ca55bd71f05c2f,0,0,32,-0.3200000000000001,-0.03159999999999989,16,16,9,8,31,8,1,1.9995080716280011,0.0,0,,random_actions,random_actions:panel_1:2:1021039:0
shared,shared,random_actions,2,30000,1,reference,panel_1,1021039,e2b4768c3f19d91381f1ea80ff0152274b065aaa80929ff6f0ca55bd71f05c2f,1,0,32,-0.3200000000000001,-0.045999999999999916,6,26,15,12,29,11,1,1.9603251455570012,0.0,0,,random_actions,random_actions:panel_1:2:1021039:1
shared,shared,random_actions,2,30000,1,reference,panel_1,1021040,d9fe5b6b3232621d91ffe3c5af8960d361bfbd8dcf354ad592901f0ec707177a,0,1,1,0.99,1.03,0,1,0,2,1,1,0,0.0,0.0,0,,random_actions,random_actions:panel_1:2:1021040:0
shared,shared,random_actions,2,30000,1,reference,panel_1,1021040,d9fe5b6b3232621d91ffe3c5af8960d361bfbd8dcf354ad592901f0ec707177a,1,1,21,0.7899999999999999,0.8864000000000001,4,17,10,8,21,9,0,0.7623400043000013,0.0,0,,random_actions,random_actions:panel_1:2:1021040:1
shared,shared,random_actions,2,30000,1,reference,panel_1,1021041,23473cdbb49494e5ce93267fd9f4df1b55f156ca93f2e2c2be2a482730329ca8,0,1,2,0.98,1.0612,0,2,0,3,2,2,0,0.0,0.0,0,,random_actions,random_actions:panel_1:2:1021041:0
shared,shared,random_actions,2,30000,1,reference,panel_1,1021041,23473cdbb49494e5ce93267fd9f4df1b55f156ca93f2e2c2be2a482730329ca8,1,0,32,-0.3200000000000001,-0.12959999999999983,16,16,5,12,30,7,1,2.0655680339140012,0.0,0,,random_actions,random_actions:panel_1:2:1021041:1
shared,shared,random_actions,2,30000,1,reference,panel_1,1021042,7817b948fb1eac7719c474645faef388a8bc4536aa38394eaca44131123f5f83,0,0,32,-0.3200000000000001,-0.002799999999999858,5,27,17,11,29,13,1,1.9210135517535807,0.0,0,,random_actions,random_actions:panel_1:2:1021042:0
shared,shared,random_actions,2,30000,1,reference,panel_1,1021042,7817b948fb1eac7719c474645faef388a8bc4536aa38394eaca44131123f5f83,1,0,32,-0.3200000000000001,-0.0015999999999998238,11,21,13,9,30,10,1,1.9449598454878714,0.0,0,,random_actions,random_actions:panel_1:2:1021042:1
shared,shared,random_actions,2,30000,1,reference,panel_1,1021043,05de15878dde59979c3548df73273e0bfcaf7cc8fb3093bb099e3c0fe5b2e700,0,0,32,-0.3200000000000001,-0.09559999999999998,4,28,22,7,29,12,1,2.003071810500002,0.0,0,,random_actions,random_actions:panel_1:2:1021043:0
shared,shared,random_actions,2,30000,1,reference,panel_1,1021043,05de15878dde59979c3548df73273e0bfcaf7cc8fb3093bb099e3c0fe5b2e700,1,0,32,-0.3200000000000001,-0.07399999999999982,12,20,11,10,32,11,1,2.0665183077000013,0.0,0,,random_actions,random_actions:panel_1:2:1021043:1
shared,shared,random_actions,2,30000,1,reference,panel_1,1021044,f80a9b77b6febf4a1c5b51928fb919b5f063acc7249b422e2b4ad34ef65f2dfc,0,1,22,0.7799999999999999,0.9392,8,14,9,6,22,8,0,0.7415744750570015,0.0,0,,random_actions,random_actions:panel_1:2:1021044:0
shared,shared,random_actions,2,30000,1,reference,panel_1,1021044,f80a9b77b6febf4a1c5b51928fb919b5f063acc7249b422e2b4ad34ef65f2dfc,1,1,5,0.95,1.0396,1,4,1,4,5,3,0,0.11437173000000034,0.0,0,,random_actions,random_actions:panel_1:2:1021044:1
shared,shared,random_actions,2,30000,1,reference,panel_1,1021045,d0321698e5b9bd18868f14929defda6819cc5efbda67a76c7cbcc4b13f803974,0,0,32,-0.3200000000000001,-0.13199999999999984,10,22,12,11,29,9,1,2.039407863157002,0.0,0,,random_actions,random_actions:panel_1:2:1021045:0
shared,shared,random_actions,2,30000,1,reference,panel_1,1021045,d0321698e5b9bd18868f14929defda6819cc5efbda67a76c7cbcc4b13f803974,1,0,32,-0.3200000000000001,-0.07919999999999988,9,23,17,7,28,8,1,1.9671213718840015,0.0,0,,random_actions,random_actions:panel_1:2:1021045:1
shared,shared,random_actions,2,30000,1,reference,panel_1,1021046,5ebc6c5a85b3eb3aafe233170e862aa2f40152b1698fe2a39b2008e2a45bb8f4,0,1,2,0.98,1.0612,0,2,0,3,2,2,0,0.0,0.0,0,,random_actions,random_actions:panel_1:2:1021046:0
shared,shared,random_actions,2,30000,1,reference,panel_1,1021046,5ebc6c5a85b3eb3aafe233170e862aa2f40152b1698fe2a39b2008e2a45bb8f4,1,1,28,0.72,0.8876000000000001,6,22,11,12,28,12,0,0.9783376205000022,0.0,0,,random_actions,random_actions:panel_1:2:1021046:1
shared,shared,random_actions,2,30000,1,reference,panel_1,1021047,75016ef2af4504294bcdcf66c00aa6a97609b33dcd840ed4d45553f442e18872,0,0,32,-0.3200000000000001,0.05600000000000027,12,20,14,7,27,7,1,1.826307233318509,0.0,0,,random_actions,random_actions:panel_1:2:1021047:0
shared,shared,random_actions,2,30000,1,reference,panel_1,1021047,75016ef2af4504294bcdcf66c00aa6a97609b33dcd840ed4d45553f442e18872,1,0,32,-0.3200000000000001,-0.02199999999999991,6,26,17,10,29,12,1,1.940852478971001,0.0,0,,random_actions,random_actions:panel_1:2:1021047:1
shared,shared,random_actions,2,30000,1,reference,panel_1,1021048,606eabdc27ecbc7cfe98d3885e0d25a795d279043c914c046fd8f969471c1dc9,0,1,7,0.9299999999999999,1.1032,1,6,0,7,7,5,0,0.11671800000000021,0.0,0,,random_actions,random_actions:panel_1:2:1021048:0
shared,shared,random_actions,2,30000,1,reference,panel_1,1021048,606eabdc27ecbc7cfe98d3885e0d25a795d279043c914c046fd8f969471c1dc9,1,1,23,0.7699999999999999,1.0068000000000001,3,20,13,8,23,12,0,0.7088439367000013,0.0,0,,random_actions,random_actions:panel_1:2:1021048:1
shared,shared,random_actions,2,30000,1,reference,panel_1,1021049,23c3a82f652de99aa85b9921a0a6442fc77f5e4520f78f8461e14c06375234e8,0,0,32,-0.3200000000000001,0.04160000000000025,11,21,13,9,26,6,1,1.8132383140608712,0.0,0,,random_actions,random_actions:panel_1:2:1021049:0
shared,shared,random_actions,2,30000,1,reference,panel_1,1021049,23c3a82f652de99aa85b9921a0a6442fc77f5e4520f78f8461e14c06375234e8,1,0,32,-0.3200000000000001,0.0728000000000002,15,17,11,7,27,7,1,1.8084430379360745,0.0,0,,random_actions,random_actions:panel_1:2:1021049:1
shared,shared,random_actions,2,30000,1,reference,panel_1,1021050,d6c25d5c77e0340f03bfb96919e74c856e7ae417d92554c1e4406955aaefe47d,0,0,32,-0.3200000000000001,-0.13079999999999992,11,21,17,5,30,9,1,2.0662716124000022,0.0,0,,random_actions,random_actions:panel_1:2:1021050:0
shared,shared,random_actions,2,30000,1,reference,panel_1,1021050,d6c25d5c77e0340f03bfb96919e74c856e7ae417d92554c1e4406955aaefe47d,1,0,32,-0.3200000000000001,-0.06599999999999961,17,15,8,8,27,5,1,1.9367118601043205,0.0,0,,random_actions,random_actions:panel_1:2:1021050:1
shared,shared,random_actions,2,30000,1,reference,panel_1,1021051,6e293a99c0bed4353590512005943278bbee6c396728a4cb85fc89a64281990c,0,1,14,0.86,1.0148000000000001,5,9,3,7,14,6,0,0.419013650000001,0.0,0,,random_actions,random_actions:panel_1:2:1021051:0
shared,shared,random_actions,2,30000,1,reference,panel_1,1021051,6e293a99c0bed4353590512005943278bbee6c396728a4cb85fc89a64281990c,1,0,32,-0.3200000000000001,-0.10759999999999996,8,24,14,11,31,12,1,2.0707983843000024,0.0,0,,random_actions,random_actions:panel_1:2:1021051:1
shared,shared,random_actions,2,30000,1,reference,panel_1,1021052,2e48e8e237d154a0bae24fa760c724470ccf8929c5f3016de178b1396d038761,0,0,32,-0.3200000000000001,0.22800000000000015,9,23,16,8,28,11,1,1.6985073546123206,0.0,0,,random_actions,random_actions:panel_1:2:1021052:0
shared,shared,random_actions,2,30000,1,reference,panel_1,1021052,2e48e8e237d154a0bae24fa760c724470ccf8929c5f3016de178b1396d038761,1,0,32,-0.3200000000000001,0.23520000000000016,11,21,12,10,27,10,1,1.6691248821637599,0.0,0,,random_actions,random_actions:panel_1:2:1021052:1
shared,shared,random_actions,2,30000,1,reference,panel_1,1021053,03ff27bb5685131dbf20ec3a57e48d368e912239e32f78b45ce9213d7b42f63c,0,1,4,0.96,1.0848,1,3,0,4,4,3,0,0.03970000000000007,0.0,0,,random_actions,random_actions:panel_1:2:1021053:0
shared,shared,random_actions,2,30000,1,reference,panel_1,1021053,03ff27bb5685131dbf20ec3a57e48d368e912239e32f78b45ce9213d7b42f63c,1,1,8,0.9199999999999999,1.0568,1,7,0,8,8,5,0,0.1914958481000003,0.0,0,,random_actions,random_actions:panel_1:2:1021053:1
shared,shared,random_actions,2,30000,1,reference,panel_1,1021054,4fd1b4380778edc5e87343d937b12a11bb9bb1e3bb1f8b78f4aac6c09972c1f3,0,1,6,0.94,1.0332000000000001,2,4,1,4,6,3,0,0.15172546000000042,0.0,0,,random_actions,random_actions:panel_1:2:1021054:0
shared,shared,random_actions,2,30000,1,reference,panel_1,1021054,4fd1b4380778edc5e87343d937b12a11bb9bb1e3bb1f8b78f4aac6c09972c1f3,1,0,32,-0.3200000000000001,-0.13199999999999984,10,22,15,8,30,9,1,2.069912856700002,0.0,0,,random_actions,random_actions:panel_1:2:1021054:1
shared,shared,random_actions,2,30000,1,reference,panel_1,1021055,b9614e2b93ebab331618bcc4d5884a6e30e73bd423f3002f4afd73bbe684c073,0,1,31,0.69,0.9984000000000002,10,21,12,10,31,12,0,0.9697521466884949,0.0,0,,random_actions,random_actions:panel_1:2:1021055:0
shared,shared,random_actions,2,30000,1,reference,panel_1,1021055,b9614e2b93ebab331618bcc4d5884a6e30e73bd423f3002f4afd73bbe684c073,1,1,16,0.84,1.0116,3,13,5,9,16,8,0,0.48458185240000096,0.0,0,,random_actions,random_actions:panel_1:2:1021055:1
shared,shared,random_actions,2,30000,1,reference,panel_1,1021056,c30d881779130d6a6c3e6b8d5c2c28c535b7a8a94bfa9f274b18f74d77700a5f,0,0,32,-0.3200000000000001,-0.029199999999999886,7,25,14,12,32,14,1,2.0251580491622914,0.0,0,,random_actions,random_actions:panel_1:2:1021056:0
shared,shared,random_actions,2,30000,1,reference,panel_1,1021056,c30d881779130d6a6c3e6b8d5c2c28c535b7a8a94bfa9f274b18f74d77700a5f,1,1,25,0.7499999999999999,0.9820000000000001,5,20,13,8,25,12,0,0.7951419705000015,0.0,0,,random_actions,random_actions:panel_1:2:1021056:1
shared,shared,random_actions,2,30000,1,reference,panel_1,1021057,7cf71cd5483b413bff135099f2b83b8d30f6a6657030b997bde6e971a0fc390a,0,1,16,0.84,1.1216000000000002,7,9,2,8,16,7,0,0.38347682872316036,0.0,0,,random_actions,random_actions:panel_1:2:1021057:0
shared,shared,random_actions,2,30000,1,reference,panel_1,1021057,7cf71cd5483b413bff135099f2b83b8d30f6a6657030b997bde6e971a0fc390a,1,0,32,-0.3200000000000001,0.06120000000000017,10,22,15,8,28,9,1,1.8344338318767408,0.0,0,,random_actions,random_actions:panel_1:2:1021057:1
shared,shared,random_actions,2,30000,1,reference,panel_1,1021058,ee221951f8ee338a55f50c6a319ac666a72fdfc11fab9e0c8d587d058dccff5a,0,1,2,0.98,1.0612,0,2,0,3,2,2,0,0.0,0.0,0,,random_actions,random_actions:panel_1:2:1021058:0
shared,shared,random_actions,2,30000,1,reference,panel_1,1021058,ee221951f8ee338a55f50c6a319ac666a72fdfc11fab9e0c8d587d058dccff5a,1,1,8,0.9199999999999999,1.0132,2,6,1,6,8,4,0,0.23343600000000042,0.0,0,,random_actions,random_actions:panel_1:2:1021058:1
shared,shared,random_actions,2,30000,1,reference,panel_1,1021059,7798b735ff56ee51527c0800b325883c68ce33b30a2ce1037c49846ea3d6d078,0,1,23,0.7699999999999999,0.9872000000000001,8,15,5,11,23,9,0,0.7276811239091608,0.0,0,,random_actions,random_actions:panel_1:2:1021059:0
shared,shared,random_actions,2,30000,1,reference,panel_1,1021059,7798b735ff56ee51527c0800b325883c68ce33b30a2ce1037c49846ea3d6d078,1,0,32,-0.3200000000000001,-0.05719999999999986,7,25,12,14,29,11,1,1.9732094765661614,0.0,0,,random_actions,random_actions:panel_1:2:1021059:1
shared,shared,random_actions,2,30000,1,reference,panel_1,1021060,a2ca6d8710b610a27c0f92008283c5c28369c3447949b144e2ec6149d62f0e70,0,1,9,0.91,1.1048,1,8,1,8,9,6,0,0.1779046098710002,0.0,0,,random_actions,random_actions:panel_1:2:1021060:0
shared,shared,random_actions,2,30000,1,reference,panel_1,1021060,a2ca6d8710b610a27c0f92008283c5c28369c3447949b144e2ec6149d62f0e70,1,0,32,-0.3200000000000001,0.005600000000000188,10,22,14,9,29,9,1,1.9142236209980013,0.0,0,,random_actions,random_actions:panel_1:2:1021060:1
shared,shared,random_actions,2,30000,1,reference,panel_1,1021061,5b509240a2359c651d2620abd244b29d24a22a183f6dc3d581b7c4c2ab6630f9,0,0,32,-0.3200000000000001,0.014400000000000107,9,23,9,15,29,11,1,1.9083268021420015,0.0,0,,random_actions,random_actions:panel_1:2:1021061:0
shared,shared,random_actions,2,30000,1,reference,panel_1,1021061,5b509240a2359c651d2620abd244b29d24a22a183f6dc3d581b7c4c2ab6630f9,1,0,32,-0.3200000000000001,-0.005999999999999915,11,21,11,11,32,12,1,2.0046554349280017,0.0,0,,random_actions,random_actions:panel_1:2:1021061:1
shared,shared,random_actions,2,30000,1,reference,panel_1,1021062,26fd3ed1ca488951544e0531828c1750ceae53b9c3679133f5ee57ede92ab3f2,0,1,26,0.74,1.0296,8,18,7,12,26,11,0,0.7821114213815816,0.0,0,,random_actions,random_actions:panel_1:2:1021062:0
shared,shared,random_actions,2,30000,1,reference,panel_1,1021062,26fd3ed1ca488951544e0531828c1750ceae53b9c3679133f5ee57ede92ab3f2,1,0,32,-0.3200000000000001,0.01880000000000015,9,23,18,6,28,10,1,1.87620176421203,0.0,0,,random_actions,random_actions:panel_1:2:1021062:1
shared,shared,random_actions,2,30000,1,reference,panel_1,1021063,3f6e1b75a498e37920cd5afee38c13322c9b7db6b112eacf2c8b5cbc28955dcf,0,1,19,0.8099999999999999,0.8956000000000001,6,13,8,6,19,7,0,0.6909943800000015,0.0,0,,random_actions,random_actions:panel_1:2:1021063:0
shared,shared,random_actions,2,30000,1,reference,panel_1,1021063,3f6e1b75a498e37920cd5afee38c13322c9b7db6b112eacf2c8b5cbc28955dcf,1,1,5,0.95,0.9996,0,5,0,6,5,3,0,0.1540717300000003,0.0,0,,random_actions,random_actions:panel_1:2:1021063:1
shared,shared,shortest_path,0,30000,1,reference,panel_1,1021000,e684768c97c4f622189d17c403c007479a6e146db010de5961bc170ae57f4c7d,0,1,5,0.95,1.162,0,5,0,6,5,5,0,0.0,0.0,0,,shortest_path,shortest_path:panel_1:0:1021000:0
shared,shared,shortest_path,0,30000,1,reference,panel_1,1021001,020af6eea8f5b1777a0d790c847ba50d117c5dfaf765ec240ee7dd86fcb679df,0,1,1,0.99,1.03,0,1,0,2,1,1,0,0.0,0.0,0,,shortest_path,shortest_path:panel_1:0:1021001:0
shared,shared,shortest_path,0,30000,1,reference,panel_1,1021002,d7972d00235531102ec68ce478d01cf27487acffdad223a1c99b49b3ff61ea45,0,1,1,0.99,1.03,0,1,0,2,1,1,0,0.0,0.0,0,,shortest_path,shortest_path:panel_1:0:1021002:0
shared,shared,shortest_path,0,30000,1,reference,panel_1,1021003,a0db3d877d2a3d422a407569dfa13ba4139b011da426cc94abc11d4f90514017,0,1,1,0.99,1.03,0,1,0,2,1,1,0,0.0,0.0,0,,shortest_path,shortest_path:panel_1:0:1021003:0
shared,shared,shortest_path,0,30000,1,reference,panel_1,1021004,e249249b279703f00c05456df7dc890aee454d93e2307a6ecc8d49074be21464,0,1,2,0.98,1.0612,0,2,0,3,2,2,0,0.0,0.0,0,,shortest_path,shortest_path:panel_1:0:1021004:0
shared,shared,shortest_path,0,30000,1,reference,panel_1,1021005,4d57fcd00865f9d4f936d3fab50ce0efa89adc6096367a2ebc04bddef6a7d578,0,1,4,0.96,1.1272,0,4,0,5,4,4,0,0.0,0.0,0,,shortest_path,shortest_path:panel_1:0:1021005:0
shared,shared,shortest_path,0,30000,1,reference,panel_1,1021006,a3adbbfb88964e5e123b73ce18fb9eef6237fbf9319ffdd4cbaa1c1543743bb1,0,1,2,0.98,1.0612,0,2,0,3,2,2,0,0.0,0.0,0,,shortest_path,shortest_path:panel_1:0:1021006:0
shared,shared,shortest_path,0,30000,1,reference,panel_1,1021007,23b9b64b5bde5351e3cf47ffa2aae31c6c9367481ac172ca655f6d62d1ca4583,0,1,3,0.97,1.0936,0,3,0,4,3,3,0,0.0,0.0,0,,shortest_path,shortest_path:panel_1:0:1021007:0
shared,shared,shortest_path,0,30000,1,reference,panel_1,1021008,bd13bd149e88ed0d0a3d46d1dcb3cbed1771db3be4221793a8151e467f31b80a,0,1,3,0.97,1.0936,0,3,0,4,3,3,0,0.0,0.0,0,,shortest_path,shortest_path:panel_1:0:1021008:0
shared,shared,shortest_path,0,30000,1,reference,panel_1,1021009,630f61ea606fbc62d8a8bba572fd46cd8b38b66a84fb2e83a9cdcf94b818a933,0,1,3,0.97,1.0936,0,3,0,4,3,3,0,0.0,0.0,0,,shortest_path,shortest_path:panel_1:0:1021009:0
shared,shared,shortest_path,0,30000,1,reference,panel_1,1021010,e6418c65f311a925bc9bd6f09a0241337d4d9c2daf783cc3484c1bc4d5bad5dc,0,1,6,0.94,1.198,0,6,0,7,6,6,0,0.0,0.0,0,,shortest_path,shortest_path:panel_1:0:1021010:0
shared,shared,shortest_path,0,30000,1,reference,panel_1,1021011,2690022ad1103d9d88059f24d0519ef6313889fa78f060973305d38c0beec01b,0,1,5,0.95,1.162,0,5,0,6,5,5,0,0.0,0.0,0,,shortest_path,shortest_path:panel_1:0:1021011:0
shared,shared,shortest_path,0,30000,1,reference,panel_1,1021012,cc520c3be4847646f8d22121d784d6fce3ee5571a9c91b68b040927db3ccd575,0,1,4,0.96,1.1272,0,4,0,5,4,4,0,0.0,0.0,0,,shortest_path,shortest_path:panel_1:0:1021012:0
shared,shared,shortest_path,0,30000,1,reference,panel_1,1021013,b6e1e83eb35d545a535ec3aaa96f0a9140dc0c33ff0417c2d433fe0d1fd172c9,0,1,2,0.98,1.0612,0,2,0,3,2,2,0,0.0,0.0,0,,shortest_path,shortest_path:panel_1:0:1021013:0
shared,shared,shortest_path,0,30000,1,reference,panel_1,1021014,2fe8bd5c32d1ff68c9f130158a0a4c35130620875fd8b970a539a5b62f97f4bf,0,1,5,0.95,1.162,0,5,0,6,5,5,0,0.0,0.0,0,,shortest_path,shortest_path:panel_1:0:1021014:0
shared,shared,shortest_path,0,30000,1,reference,panel_1,1021015,e131a0a0a096f7d82f5a7d99a6b504ec38ff9ccf5db12e4616183dea698ba4dc,0,1,8,0.9199999999999999,1.2736,0,8,0,9,8,8,0,0.0,0.0,0,,shortest_path,shortest_path:panel_1:0:1021015:0
shared,shared,shortest_path,0,30000,1,reference,panel_1,1021016,bd364dc95679df069b5a2832ccbb48f2dab10c1f9eefb75399ab63b7b6a31e38,0,1,5,0.95,1.162,0,5,0,6,5,5,0,0.0,0.0,0,,shortest_path,shortest_path:panel_1:0:1021016:0
shared,shared,shortest_path,0,30000,1,reference,panel_1,1021017,e6391d28a877a4e55e5ac72f32b67a91637766e4eca55421787ad53373865626,0,1,7,0.9299999999999999,1.2352,0,7,0,8,7,7,0,0.0,0.0,0,,shortest_path,shortest_path:panel_1:0:1021017:0
shared,shared,shortest_path,0,30000,1,reference,panel_1,1021018,20cfc4cd227df075735005393c4247befef665e10b4ef3a183c86a608ec5b15c,0,1,7,0.9299999999999999,1.2352,0,7,0,8,7,7,0,0.0,0.0,0,,shortest_path,shortest_path:panel_1:0:1021018:0
shared,shared,shortest_path,0,30000,1,reference,panel_1,1021019,a4e97683b710adc3eeb72863e4f54d8daefcdd0287c9d921fa2f4b7bf3a3d51f,0,1,4,0.96,1.1272,0,4,0,5,4,4,0,0.0,0.0,0,,shortest_path,shortest_path:panel_1:0:1021019:0
shared,shared,shortest_path,0,30000,1,reference,panel_1,1021020,b63be8ff388d1009246df8d585d08ccb46ba874c94e1d30bee6cf7571027102d,0,1,5,0.95,1.162,0,5,0,6,5,5,0,0.0,0.0,0,,shortest_path,shortest_path:panel_1:0:1021020:0
shared,shared,shortest_path,0,30000,1,reference,panel_1,1021021,9aa5d886184fa8f1e468fcadf1f056f8e5c11be25801f40b45b43b5e02bed880,0,1,2,0.98,1.0612,0,2,0,3,2,2,0,0.0,0.0,0,,shortest_path,shortest_path:panel_1:0:1021021:0
shared,shared,shortest_path,0,30000,1,reference,panel_1,1021022,f19e98eb6311aafcbc70fbd667f87e13770d25796e60bf820174c4e406168b32,0,1,2,0.98,1.0612,0,2,0,3,2,2,0,0.0,0.0,0,,shortest_path,shortest_path:panel_1:0:1021022:0
shared,shared,shortest_path,0,30000,1,reference,panel_1,1021023,72052460a1c549ba2ed688a03a93809107923b9bda2eafa930b451cde90d42b8,0,1,5,0.95,1.162,0,5,0,6,5,5,0,0.0,0.0,0,,shortest_path,shortest_path:panel_1:0:1021023:0
shared,shared,shortest_path,0,30000,1,reference,panel_1,1021024,caadc29efd481445a286db424305e73cfa411c8fb0528c2e38dedf97e46df028,0,1,4,0.96,1.1272,0,4,0,5,4,4,0,0.0,0.0,0,,shortest_path,shortest_path:panel_1:0:1021024:0
shared,shared,shortest_path,0,30000,1,reference,panel_1,1021025,3ef3381f74549043f617889a7b16ad6ce85fd3ccfded3158b071f470c21d9d82,0,1,5,0.95,1.162,0,5,0,6,5,5,0,0.0,0.0,0,,shortest_path,shortest_path:panel_1:0:1021025:0
shared,shared,shortest_path,0,30000,1,reference,panel_1,1021026,4ef1d727617635bd2836e6018d6f4a55659e8d78398182af450f75b509544bf6,0,1,2,0.98,1.0612,0,2,0,3,2,2,0,0.0,0.0,0,,shortest_path,shortest_path:panel_1:0:1021026:0
shared,shared,shortest_path,0,30000,1,reference,panel_1,1021027,ed9c266d1ed18a00fcbd5056c647d5828dfd4a72351d7b151e7ed9db6e11d916,0,1,5,0.95,1.162,0,5,0,6,5,5,0,0.0,0.0,0,,shortest_path,shortest_path:panel_1:0:1021027:0
shared,shared,shortest_path,0,30000,1,reference,panel_1,1021028,cf272edf5a87dc6efbe362c06d102032d585181451ad76b722efe911606098e0,0,1,6,0.94,1.198,0,6,0,7,6,6,0,0.0,0.0,0,,shortest_path,shortest_path:panel_1:0:1021028:0
shared,shared,shortest_path,0,30000,1,reference,panel_1,1021029,e07e61887d791b850b3cb0a6aed603eb6e989d8795f7eb00f66fa2f96c090e2a,0,1,3,0.97,1.0936,0,3,0,4,3,3,0,0.0,0.0,0,,shortest_path,shortest_path:panel_1:0:1021029:0
shared,shared,shortest_path,0,30000,1,reference,panel_1,1021030,6063d45448f96fc7ad1bce14e25f1dcb37cfc90a29d02071b7a70eb6d54a0187,0,1,3,0.97,1.0936,0,3,0,4,3,3,0,0.0,0.0,0,,shortest_path,shortest_path:panel_1:0:1021030:0
shared,shared,shortest_path,0,30000,1,reference,panel_1,1021031,7d8d327b897838d268fa58b0d5a6360c42ca1381fabfff5a0944aa5cd4f21480,0,1,5,0.95,1.162,0,5,0,6,5,5,0,0.0,0.0,0,,shortest_path,shortest_path:panel_1:0:1021031:0
shared,shared,shortest_path,0,30000,1,reference,panel_1,1021032,ea7bfabb404018d322df9191e18c4688ef24339011f1f212bd4a9310d6aa4c10,0,1,3,0.97,1.0936,0,3,0,4,3,3,0,0.0,0.0,0,,shortest_path,shortest_path:panel_1:0:1021032:0
shared,shared,shortest_path,0,30000,1,reference,panel_1,1021033,77517ec0f16488d02862783d6a0cf17decee4ae24aeb47e35951ed3d7e42994b,0,1,6,0.94,1.198,0,6,0,7,6,6,0,0.0,0.0,0,,shortest_path,shortest_path:panel_1:0:1021033:0
shared,shared,shortest_path,0,30000,1,reference,panel_1,1021034,38f788810c2a60533b2f0b350395446b109cfef83e5b4366e24bfff76e3d5ccf,0,1,5,0.95,1.162,0,5,0,6,5,5,0,0.0,0.0,0,,shortest_path,shortest_path:panel_1:0:1021034:0
shared,shared,shortest_path,0,30000,1,reference,panel_1,1021035,4267264a72f8bce9a8c94342e20dea09273b6bb754439bf374214761a6c3fdfa,0,1,1,0.99,1.03,0,1,0,2,1,1,0,0.0,0.0,0,,shortest_path,shortest_path:panel_1:0:1021035:0
shared,shared,shortest_path,0,30000,1,reference,panel_1,1021036,cc4721322e94f1c0fcc4fca0699a5481427cd136761f65e0bb1f5a3404942f34,0,1,2,0.98,1.0612,0,2,0,3,2,2,0,0.0,0.0,0,,shortest_path,shortest_path:panel_1:0:1021036:0
shared,shared,shortest_path,0,30000,1,reference,panel_1,1021037,0048c7ca6b76c98598e7e9ff6544f85b019c6d7eea18521e689077bf7733e409,0,1,6,0.94,1.198,0,6,0,7,6,6,0,0.0,0.0,0,,shortest_path,shortest_path:panel_1:0:1021037:0
shared,shared,shortest_path,0,30000,1,reference,panel_1,1021038,023bc04577863dc63c9b506234464420708fa58e55e955ea43bd9ebd9bad6632,0,1,1,0.99,1.03,0,1,0,2,1,1,0,0.0,0.0,0,,shortest_path,shortest_path:panel_1:0:1021038:0
shared,shared,shortest_path,0,30000,1,reference,panel_1,1021039,e2b4768c3f19d91381f1ea80ff0152274b065aaa80929ff6f0ca55bd71f05c2f,0,1,4,0.96,1.1272,0,4,0,5,4,4,0,0.0,0.0,0,,shortest_path,shortest_path:panel_1:0:1021039:0
shared,shared,shortest_path,0,30000,1,reference,panel_1,1021040,d9fe5b6b3232621d91ffe3c5af8960d361bfbd8dcf354ad592901f0ec707177a,0,1,1,0.99,1.03,0,1,0,2,1,1,0,0.0,0.0,0,,shortest_path,shortest_path:panel_1:0:1021040:0
shared,shared,shortest_path,0,30000,1,reference,panel_1,1021041,23473cdbb49494e5ce93267fd9f4df1b55f156ca93f2e2c2be2a482730329ca8,0,1,2,0.98,1.0612,0,2,0,3,2,2,0,0.0,0.0,0,,shortest_path,shortest_path:panel_1:0:1021041:0
shared,shared,shortest_path,0,30000,1,reference,panel_1,1021042,7817b948fb1eac7719c474645faef388a8bc4536aa38394eaca44131123f5f83,0,1,4,0.96,1.1272,0,4,0,5,4,4,0,0.0,0.0,0,,shortest_path,shortest_path:panel_1:0:1021042:0
shared,shared,shortest_path,0,30000,1,reference,panel_1,1021043,05de15878dde59979c3548df73273e0bfcaf7cc8fb3093bb099e3c0fe5b2e700,0,1,3,0.97,1.0936,0,3,0,4,3,3,0,0.0,0.0,0,,shortest_path,shortest_path:panel_1:0:1021043:0
shared,shared,shortest_path,0,30000,1,reference,panel_1,1021044,f80a9b77b6febf4a1c5b51928fb919b5f063acc7249b422e2b4ad34ef65f2dfc,0,1,2,0.98,1.0612,0,2,0,3,2,2,0,0.0,0.0,0,,shortest_path,shortest_path:panel_1:0:1021044:0
shared,shared,shortest_path,0,30000,1,reference,panel_1,1021045,d0321698e5b9bd18868f14929defda6819cc5efbda67a76c7cbcc4b13f803974,0,1,2,0.98,1.0612,0,2,0,3,2,2,0,0.0,0.0,0,,shortest_path,shortest_path:panel_1:0:1021045:0
shared,shared,shortest_path,0,30000,1,reference,panel_1,1021046,5ebc6c5a85b3eb3aafe233170e862aa2f40152b1698fe2a39b2008e2a45bb8f4,0,1,2,0.98,1.0612,0,2,0,3,2,2,0,0.0,0.0,0,,shortest_path,shortest_path:panel_1:0:1021046:0
shared,shared,shortest_path,0,30000,1,reference,panel_1,1021047,75016ef2af4504294bcdcf66c00aa6a97609b33dcd840ed4d45553f442e18872,0,1,4,0.96,1.1272,0,4,0,5,4,4,0,0.0,0.0,0,,shortest_path,shortest_path:panel_1:0:1021047:0
shared,shared,shortest_path,0,30000,1,reference,panel_1,1021048,606eabdc27ecbc7cfe98d3885e0d25a795d279043c914c046fd8f969471c1dc9,0,1,4,0.96,1.1272,0,4,0,5,4,4,0,0.0,0.0,0,,shortest_path,shortest_path:panel_1:0:1021048:0
shared,shared,shortest_path,0,30000,1,reference,panel_1,1021049,23c3a82f652de99aa85b9921a0a6442fc77f5e4520f78f8461e14c06375234e8,0,1,4,0.96,1.1272,0,4,0,5,4,4,0,0.0,0.0,0,,shortest_path,shortest_path:panel_1:0:1021049:0
shared,shared,shortest_path,0,30000,1,reference,panel_1,1021050,d6c25d5c77e0340f03bfb96919e74c856e7ae417d92554c1e4406955aaefe47d,0,1,2,0.98,1.0612,0,2,0,3,2,2,0,0.0,0.0,0,,shortest_path,shortest_path:panel_1:0:1021050:0
shared,shared,shortest_path,0,30000,1,reference,panel_1,1021051,6e293a99c0bed4353590512005943278bbee6c396728a4cb85fc89a64281990c,0,1,3,0.97,1.0936,0,3,0,4,3,3,0,0.0,0.0,0,,shortest_path,shortest_path:panel_1:0:1021051:0
shared,shared,shortest_path,0,30000,1,reference,panel_1,1021052,2e48e8e237d154a0bae24fa760c724470ccf8929c5f3016de178b1396d038761,0,1,8,0.9199999999999999,1.2736,0,8,0,9,8,8,0,0.0,0.0,0,,shortest_path,shortest_path:panel_1:0:1021052:0
shared,shared,shortest_path,0,30000,1,reference,panel_1,1021053,03ff27bb5685131dbf20ec3a57e48d368e912239e32f78b45ce9213d7b42f63c,0,1,3,0.97,1.0936,0,3,0,4,3,3,0,0.0,0.0,0,,shortest_path,shortest_path:panel_1:0:1021053:0
shared,shared,shortest_path,0,30000,1,reference,panel_1,1021054,4fd1b4380778edc5e87343d937b12a11bb9bb1e3bb1f8b78f4aac6c09972c1f3,0,1,2,0.98,1.0612,0,2,0,3,2,2,0,0.0,0.0,0,,shortest_path,shortest_path:panel_1:0:1021054:0
shared,shared,shortest_path,0,30000,1,reference,panel_1,1021055,b9614e2b93ebab331618bcc4d5884a6e30e73bd423f3002f4afd73bbe684c073,0,1,3,0.97,1.0936,0,3,0,4,3,3,0,0.0,0.0,0,,shortest_path,shortest_path:panel_1:0:1021055:0
shared,shared,shortest_path,0,30000,1,reference,panel_1,1021056,c30d881779130d6a6c3e6b8d5c2c28c535b7a8a94bfa9f274b18f74d77700a5f,0,1,4,0.96,1.1272,0,4,0,5,4,4,0,0.0,0.0,0,,shortest_path,shortest_path:panel_1:0:1021056:0
shared,shared,shortest_path,0,30000,1,reference,panel_1,1021057,7cf71cd5483b413bff135099f2b83b8d30f6a6657030b997bde6e971a0fc390a,0,1,5,0.95,1.162,0,5,0,6,5,5,0,0.0,0.0,0,,shortest_path,shortest_path:panel_1:0:1021057:0
shared,shared,shortest_path,0,30000,1,reference,panel_1,1021058,ee221951f8ee338a55f50c6a319ac666a72fdfc11fab9e0c8d587d058dccff5a,0,1,2,0.98,1.0612,0,2,0,3,2,2,0,0.0,0.0,0,,shortest_path,shortest_path:panel_1:0:1021058:0
shared,shared,shortest_path,0,30000,1,reference,panel_1,1021059,7798b735ff56ee51527c0800b325883c68ce33b30a2ce1037c49846ea3d6d078,0,1,3,0.97,1.0936,0,3,0,4,3,3,0,0.0,0.0,0,,shortest_path,shortest_path:panel_1:0:1021059:0
shared,shared,shortest_path,0,30000,1,reference,panel_1,1021060,a2ca6d8710b610a27c0f92008283c5c28369c3447949b144e2ec6149d62f0e70,0,1,4,0.96,1.1272,0,4,0,5,4,4,0,0.0,0.0,0,,shortest_path,shortest_path:panel_1:0:1021060:0
shared,shared,shortest_path,0,30000,1,reference,panel_1,1021061,5b509240a2359c651d2620abd244b29d24a22a183f6dc3d581b7c4c2ab6630f9,0,1,5,0.95,1.162,0,5,0,6,5,5,0,0.0,0.0,0,,shortest_path,shortest_path:panel_1:0:1021061:0
shared,shared,shortest_path,0,30000,1,reference,panel_1,1021062,26fd3ed1ca488951544e0531828c1750ceae53b9c3679133f5ee57ede92ab3f2,0,1,4,0.96,1.1272,0,4,0,5,4,4,0,0.0,0.0,0,,shortest_path,shortest_path:panel_1:0:1021062:0
shared,shared,shortest_path,0,30000,1,reference,panel_1,1021063,3f6e1b75a498e37920cd5afee38c13322c9b7db6b112eacf2c8b5cbc28955dcf,0,1,1,0.99,1.03,0,1,0,2,1,1,0,0.0,0.0,0,,shortest_path,shortest_path:panel_1:0:1021063:0
shared,shared,random_actions,0,30000,1,reference,panel_2,1022000,7c700ebbe0160a1e41a4f3fdc7f3b9ec7934b8eba4888c419604b53d9f09cc63,0,1,3,0.97,1.0536,1,2,0,3,3,2,0,0.038509000000000126,0.0,0,,random_actions,random_actions:panel_2:0:1022000:0
shared,shared,random_actions,0,30000,1,reference,panel_2,1022000,7c700ebbe0160a1e41a4f3fdc7f3b9ec7934b8eba4888c419604b53d9f09cc63,1,1,6,0.94,1.0284,0,6,2,5,6,4,0,0.15641800000000017,0.0,0,,random_actions,random_actions:panel_2:0:1022000:1
shared,shared,random_actions,0,30000,1,reference,panel_2,1022001,294ae36ff3fef617e5c6fbcc07614bd23981701b6fc60194fe9e1499b32011fb,0,0,32,-0.3200000000000001,0.1920000000000003,6,26,15,12,24,7,1,1.6558930960516984,0.0,0,,random_actions,random_actions:panel_2:0:1022001:0
shared,shared,random_actions,0,30000,1,reference,panel_2,1022001,294ae36ff3fef617e5c6fbcc07614bd23981701b6fc60194fe9e1499b32011fb,1,0,32,-0.3200000000000001,0.039600000000000135,10,22,15,8,30,11,1,1.9084061760246827,0.0,0,,random_actions,random_actions:panel_2:0:1022001:1
shared,shared,random_actions,0,30000,1,reference,panel_2,1022002,be8b12c491020798883ad0280d382808c1d6b2f548f0f3c341ada3e932a09026,0,1,25,0.7499999999999999,0.9868000000000001,9,16,11,6,25,10,0,0.7905902067000011,0.0,0,,random_actions,random_actions:panel_2:0:1022002:0
shared,shared,random_actions,0,30000,1,reference,panel_2,1022002,be8b12c491020798883ad0280d382808c1d6b2f548f0f3c341ada3e932a09026,1,1,24,0.7599999999999999,1.0340000000000003,12,12,6,7,24,8,0,0.7150832097410018,0.0,0,,random_actions,random_actions:panel_2:0:1022002:1
shared,shared,random_actions,0,30000,1,reference,panel_2,1022003,9ee52be70009eb883d94c08863e58e241029a3811daacb3136853cbd9e57d71e,0,0,32,-0.3200000000000001,-0.02239999999999981,9,23,8,16,28,9,1,1.918168472742524,0.0,0,,random_actions,random_actions:panel_2:0:1022003:0
shared,shared,random_actions,0,30000,1,reference,panel_2,1022003,9ee52be70009eb883d94c08863e58e241029a3811daacb3136853cbd9e57d71e,1,0,32,-0.3200000000000001,-0.06439999999999985,6,26,16,11,29,11,1,1.9789910584028712,0.0,0,,random_actions,random_actions:panel_2:0:1022003:1
shared,shared,random_actions,0,30000,1,reference,panel_2,1022004,6f19fa9f872bb2a4c479137041e35c7ec9523054a59f6fe5271b66dc6bc66ab9,0,1,21,0.7899999999999999,1.08,6,15,7,9,21,10,0,0.5796253268864506,0.0,0,,random_actions,random_actions:panel_2:0:1022004:0
shared,shared,random_actions,0,30000,1,reference,panel_2,1022004,6f19fa9f872bb2a4c479137041e35c7ec9523054a59f6fe5271b66dc6bc66ab9,1,1,25,0.7499999999999999,1.0856000000000001,10,15,7,9,25,10,0,0.6999886171246098,0.0,0,,random_actions,random_actions:panel_2:0:1022004:1
shared,shared,random_actions,0,30000,1,reference,panel_2,1022005,b74df23325499e7d535e72bdf009f58c1a3ed0c81b8ed99212e3d9269b99b099,0,0,32,-0.3200000000000001,-0.07399999999999997,10,22,15,8,30,11,1,2.011120485942002,0.0,0,,random_actions,random_actions:panel_2:0:1022005:0
shared,shared,random_actions,0,30000,1,reference,panel_2,1022005,b74df23325499e7d535e72bdf009f58c1a3ed0c81b8ed99212e3d9269b99b099,1,1,3,0.97,1.0936,0,3,0,4,3,3,0,0.0,0.0,0,,random_actions,random_actions:panel_2:0:1022005:1
shared,shared,random_actions,0,30000,1,reference,panel_2,1022006,c3756b40daa8c3daed6c1d096e0c4de9fb321f1547ee976d03a18203ead340fc,0,0,32,-0.3200000000000001,0.22400000000000025,19,13,9,5,25,5,1,1.6330628264822686,0.0,0,,random_actions,random_actions:panel_2:0:1022006:0
shared,shared,random_actions,0,30000,1,reference,panel_2,1022006,c3756b40daa8c3daed6c1d096e0c4de9fb321f1547ee976d03a18203ead340fc,1,1,22,0.7799999999999999,1.1668,7,15,6,10,22,11,0,0.5354397912497402,0.0,0,,random_actions,random_actions:panel_2:0:1022006:1
shared,shared,random_actions,0,30000,1,reference,panel_2,1022007,9bf07b08658307b68c10f7c93c315f2b9aad2420bf6d266898dcad3e5d6e10e0,0,0,32,-0.3200000000000001,0.023600000000000093,18,14,8,7,27,6,1,1.852116537751189,0.0,0,,random_actions,random_actions:panel_2:0:1022007:0
shared,shared,random_actions,0,30000,1,reference,panel_2,1022007,9bf07b08658307b68c10f7c93c315f2b9aad2420bf6d266898dcad3e5d6e10e0,1,1,22,0.7799999999999999,1.0384000000000002,6,16,8,9,22,10,0,0.6481487309318702,0.0,0,,random_actions,random_actions:panel_2:0:1022007:1
shared,shared,random_actions,0,30000,1,reference,panel_2,1022008,56844a61531aac4e5fbd56441195c9848ecc1366b2a089efe5af157bd467002d,0,0,32,-0.3200000000000001,0.10960000000000011,7,25,17,9,27,10,1,1.764130804094611,0.0,0,,random_actions,random_actions:panel_2:0:1022008:0
shared,shared,random_actions,0,30000,1,reference,panel_2,1022008,56844a61531aac4e5fbd56441195c9848ecc1366b2a089efe5af157bd467002d,1,1,23,0.7699999999999999,1.0988,5,18,10,9,23,12,0,0.6269383470825811,0.0,0,,random_actions,random_actions:panel_2:0:1022008:1
shared,shared,random_actions,0,30000,1,reference,panel_2,1022009,38376b3cecf71cd187811dd19eccabb123118a6fe2db811d8b6d8a8392bc7398,0,1,18,0.82,0.9928,7,11,3,9,18,7,0,0.5651717805000007,0.0,0,,random_actions,random_actions:panel_2:0:1022009:0
shared,shared,random_actions,0,30000,1,reference,panel_2,1022009,38376b3cecf71cd187811dd19eccabb123118a6fe2db811d8b6d8a8392bc7398,1,0,32,-0.3200000000000001,-0.07159999999999983,14,18,13,6,29,8,1,1.9839836308710015,0.0,0,,random_actions,random_actions:panel_2:0:1022009:1
shared,shared,random_actions,0,30000,1,reference,panel_2,1022010,a3df4171b2c9730098c481b9e8f177d81b92cff1cf19ee328dfcf96dadb5c49a,0,0,32,-0.3200000000000001,0.012800000000000256,9,23,15,9,28,9,1,1.8903739201059584,0.0,0,,random_actions,random_actions:panel_2:0:1022010:0
shared,shared,random_actions,0,30000,1,reference,panel_2,1022010,a3df4171b2c9730098c481b9e8f177d81b92cff1cf19ee328dfcf96dadb5c49a,1,1,12,0.88,1.0652000000000001,2,10,3,8,12,7,0,0.30933446000000053,0.0,0,,random_actions,random_actions:panel_2:0:1022010:1
shared,shared,random_actions,0,30000,1,reference,panel_2,1022011,a334e022d8c82c9c68a9494b6e13ea46c78b6ddad0cb881503298c6605897833,0,0,32,-0.3200000000000001,0.021200000000000108,11,21,12,10,28,9,1,1.873003038056523,0.0,0,,random_actions,random_actions:panel_2:0:1022011:0
shared,shared,random_actions,0,30000,1,reference,panel_2,1022011,a334e022d8c82c9c68a9494b6e13ea46c78b6ddad0cb881503298c6605897833,1,0,32,-0.3200000000000001,0.012800000000000145,7,25,13,13,28,11,1,1.8859887714941603,0.0,0,,random_actions,random_actions:panel_2:0:1022011:1
shared,shared,random_actions,0,30000,1,reference,panel_2,1022012,d7630e459807c9b58310895d522d9be71ca0eb690706c07fcd24224459ebbcdb,0,0,32,-0.3200000000000001,0.009600000000000108,2,30,18,13,29,14,1,1.9104304011280013,0.0,0,,random_actions,random_actions:panel_2:0:1022012:0
shared,shared,random_actions,0,30000,1,reference,panel_2,1022012,d7630e459807c9b58310895d522d9be71ca0eb690706c07fcd24224459ebbcdb,1,1,26,0.74,1.0288000000000002,3,23,10,14,26,14,0,0.7839611187912916,0.0,0,,random_actions,random_actions:panel_2:0:1022012:1
shared,shared,random_actions,0,30000,1,reference,panel_2,1022013,2dddbec8d912e499d67bcd252c203fe74ef4a848b39b6fd531a1e5535e99be07,0,1,26,0.74,0.9888000000000001,12,14,5,10,26,9,0,0.8197834750570017,0.0,0,,random_actions,random_actions:panel_2:0:1022013:0
shared,shared,random_actions,0,30000,1,reference,panel_2,1022013,2dddbec8d912e499d67bcd252c203fe74ef4a848b39b6fd531a1e5535e99be07,1,0,32,-0.3200000000000001,0.015200000000000186,9,23,18,6,27,8,1,1.8550789561777399,0.0,0,,random_actions,random_actions:panel_2:0:1022013:1
shared,shared,random_actions,0,30000,1,reference,panel_2,1022014,8b739e8926ffe9ba1e411df37b3a60675e7de61acb06a32e292e187ce0a96fa5,0,0,32,-0.3200000000000001,0.0008000000000001756,16,16,11,6,28,6,1,1.8891865496120026,0.0,0,,random_actions,random_actions:panel_2:0:1022014:0
shared,shared,random_actions,0,30000,1,reference,panel_2,1022014,8b739e8926ffe9ba1e411df37b3a60675e7de61acb06a32e292e187ce0a96fa5,1,0,32,-0.3200000000000001,-0.04479999999999991,10,22,14,9,30,11,1,1.9839278820140016,0.0,0,,random_actions,random_actions:panel_2:0:1022014:1
shared,shared,random_actions,0,30000,1,reference,panel_2,1022015,423b0737c8101bb5cc3c14984a4a66a8482c33911eca97d7d0df5a349eb1aee0,0,0,32,-0.3200000000000001,-0.03639999999999982,14,18,12,7,29,9,1,1.9509400655570013,0.0,0,,random_actions,random_actions:panel_2:0:1022015:0
shared,shared,random_actions,0,30000,1,reference,panel_2,1022015,423b0737c8101bb5cc3c14984a4a66a8482c33911eca97d7d0df5a349eb1aee0,1,0,32,-0.3200000000000001,0.021200000000000163,13,19,13,7,26,7,1,1.8317885366575233,0.0,0,,random_actions,random_actions:panel_2:0:1022015:1
shared,shared,random_actions,0,30000,1,reference,panel_2,1022016,669d0d2b455aa989716cf7f8a6228866cb02a5103996a5463b67289bd229a3a9,0,0,32,-0.3200000000000001,-0.1479999999999998,13,19,10,10,29,7,1,2.057709143528001,0.0,0,,random_actions,random_actions:panel_2:0:1022016:0
shared,shared,random_actions,0,30000,1,reference,panel_2,1022016,669d0d2b455aa989716cf7f8a6228866cb02a5103996a5463b67289bd229a3a9,1,0,32,-0.3200000000000001,-0.19240000000000002,3,29,21,9,31,13,1,2.1538407005000018,0.0,0,,random_actions,random_actions:panel_2:0:1022016:1
shared,shared,random_actions,0,30000,1,reference,panel_2,1022017,766739e5c7038c163ba3b8a176659ceeb2a23ded97b8b721cada05f859ed614a,0,0,32,-0.3200000000000001,-0.04399999999999986,9,23,14,10,27,8,1,1.9045597552294504,0.0,0,,random_actions,random_actions:panel_2:0:1022017:0
shared,shared,random_actions,0,30000,1,reference,panel_2,1022017,766739e5c7038c163ba3b8a176659ceeb2a23ded97b8b721cada05f859ed614a,1,0,32,-0.3200000000000001,-0.04999999999999992,5,27,16,12,30,12,1,1.990702180041031,0.0,0,,random_actions,random_actions:panel_2:0:1022017:1
shared,shared,random_actions,0,30000,1,reference,panel_2,1022018,fd139adc3ec555a01fe748b93d2b4b5bcbaae6000e43873353465c4a50a5dcc3,0,1,7,0.9299999999999999,1.1516,2,5,0,6,7,5,0,0.07249985455700025,0.0,0,,random_actions,random_actions:panel_2:0:1022018:0
shared,shared,random_actions,0,30000,1,reference,panel_2,1022018,fd139adc3ec555a01fe748b93d2b4b5bcbaae6000e43873353465c4a50a5dcc3,1,0,32,-0.3200000000000001,0.052800000000000145,12,20,8,13,31,11,1,1.9235231750929294,0.0,0,,random_actions,random_actions:panel_2:0:1022018:1
shared,shared,random_actions,0,30000,1,reference,panel_2,1022019,ae4e2dedb18fa25058ff41483046e6ca51d95e1a2a06e77d104d72ad25af76bf,0,1,14,0.86,1.0244,3,11,5,7,14,7,0,0.4099080107570009,0.0,0,,random_actions,random_actions:panel_2:0:1022019:0
shared,shared,random_actions,0,30000,1,reference,panel_2,1022019,ae4e2dedb18fa25058ff41483046e6ca51d95e1a2a06e77d104d72ad25af76bf,1,0,32,-0.3200000000000001,-0.03199999999999972,13,19,9,11,29,8,1,1.9488056082329144,0.0,0,,random_actions,random_actions:panel_2:0:1022019:1
shared,shared,random_actions,0,30000,1,reference,panel_2,1022020,d0d20e814ab69a7fae52359eb587c4a4bf21ee3edacc5202286b9b42ca6b4f6b,0,0,32,-0.3200000000000001,0.028400000000000203,8,24,15,10,27,9,1,1.8430537819400303,0.0,0,,random_actions,random_actions:panel_2:0:1022020:0
shared,shared,random_actions,0,30000,1,reference,panel_2,1022020,d0d20e814ab69a7fae52359eb587c4a4bf21ee3edacc5202286b9b42ca6b4f6b,1,0,32,-0.3200000000000001,0.005600000000000105,6,26,16,11,27,10,1,1.876959382962291,0.0,0,,random_actions,random_actions:panel_2:0:1022020:1
shared,shared,random_actions,0,30000,1,reference,panel_2,1022021,84e54b83b12794a873065e959c36f21477e18b7aed1fc0e81d6c6759e1075c0f,0,1,8,0.9199999999999999,0.9732000000000001,5,3,1,3,8,2,0,0.2731360000000006,0.0,0,,random_actions,random_actions:panel_2:0:1022021:0
shared,shared,random_actions,0,30000,1,reference,panel_2,1022021,84e54b83b12794a873065e959c36f21477e18b7aed1fc0e81d6c6759e1075c0f,1,1,5,0.95,0.996,2,3,1,3,5,2,0,0.15760900000000022,0.0,0,,random_actions,random_actions:panel_2:0:1022021:1
shared,shared,random_actions,0,30000,1,reference,panel_2,1022022,255969c3d6641da940b2ccd612d761df38f44f43d3f74f9024bc97561e11157f,0,0,32,-0.3200000000000001,0.04520000000000013,17,15,12,4,27,5,1,1.8291837443313494,0.0,0,,random_actions,random_actions:panel_2:0:1022022:0
shared,shared,random_actions,0,30000,1,reference,panel_2,1022022,255969c3d6641da940b2ccd612d761df38f44f43d3f74f9024bc97561e11157f,1,0,32,-0.3200000000000001,-0.0327999999999999,4,28,17,12,30,14,1,1.9718334227685812,0.0,0,,random_actions,random_actions:panel_2:0:1022022:1
shared,shared,random_actions,0,30000,1,reference,panel_2,1022023,f21aadccefbf20523d81451de58f92016be22c7ac97bb6e4002e1f93b2ea60ab,0,0,32,-0.3200000000000001,-0.06759999999999997,15,17,14,4,32,10,1,2.061168772400002,0.0,0,,random_actions,random_actions:panel_2:0:1022023:0
shared,shared,random_actions,0,30000,1,reference,panel_2,1022023,f21aadccefbf20523d81451de58f92016be22c7ac97bb6e4002e1f93b2ea60ab,1,1,26,0.74,1.0236,4,22,11,12,26,13,0,0.7879856329574508,0.0,0,,random_actions,random_actions:panel_2:0:1022023:1
shared,shared,random_actions,0,30000,1,reference,panel_2,1022024,31775ecb77fe9e621af69ba5b526bfd4b5d465135182a1fb0486d4f4ec557589,0,0,32,-0.3200000000000001,-0.007599999999999912,12,20,14,7,28,8,1,1.9000890636560013,0.0,0,,random_actions,random_actions:panel_2:0:1022024:0
shared,shared,random_actions,0,30000,1,reference,panel_2,1022024,31775ecb77fe9e621af69ba5b526bfd4b5d465135182a1fb0486d4f4ec557589,1,1,17,0.83,1.0608000000000002,7,10,4,7,17,7,0,0.4700443968280006,0.0,0,,random_actions,random_actions:panel_2:0:1022024:1
shared,shared,random_actions,0,30000,1,reference,panel_2,1022025,d3fedccaf3c08c41dc6c7a1ce06b431a1f7fe4fea7a9080aae91786cdafa4337,0,0,32,-0.3200000000000001,-0.05359999999999987,18,14,8,7,29,5,1,1.9695827282130014,0.0,0,,random_actions,random_actions:panel_2:0:1022025:0
shared,shared,random_actions,0,30000,1,reference,panel_2,1022025,d3fedccaf3c08c41dc6c7a1ce06b431a1f7fe4fea7a9080aae91786cdafa4337,1,0,32,-0.3200000000000001,-0.05239999999999988,16,16,10,7,30,7,1,1.9897228060560008,0.0,0,,random_actions,random_actions:panel_2:0:1022025:1
shared,shared,random_actions,0,30000,1,reference,panel_2,1022026,5ac1841938f396c9992194f9eb0148b9a0a44019e0dc2f14449d63998bf66417,0,1,5,0.95,1.0384,3,2,0,3,5,2,0,0.11552700000000038,0.0,0,,random_actions,random_actions:panel_2:0:1022026:0
shared,shared,random_actions,0,30000,1,reference,panel_2,1022026,5ac1841938f396c9992194f9eb0148b9a0a44019e0dc2f14449d63998bf66417,1,0,32,-0.3200000000000001,-0.09839999999999983,9,23,10,14,30,11,1,2.035530265680162,0.0,0,,random_actions,random_actions:panel_2:0:1022026:1
shared,shared,random_actions,0,30000,1,reference,panel_2,1022027,f91661c4e36f29d6339d8bb9986cf010e75370dc75acaa3bd83e3091833650d4,0,0,32,-0.3200000000000001,-0.0663999999999999,13,19,14,6,30,9,1,2.005847641514002,0.0,0,,random_actions,random_actions:panel_2:0:1022027:0
shared,shared,random_actions,0,30000,1,reference,panel_2,1022027,f91661c4e36f29d6339d8bb9986cf010e75370dc75acaa3bd83e3091833650d4,1,1,28,0.72,1.0012,10,18,6,13,28,11,0,0.8712270953622908,0.0,0,,random_actions,random_actions:panel_2:0:1022027:1
shared,shared,random_actions,0,30000,1,reference,panel_2,1022028,b3a4730c8829aae1772efc24c2f4a71dc3793b0a20b6b4264abbb8801c087f8f,0,1,16,0.84,1.06,6,10,3,8,16,7,0,0.43962231898500104,0.0,0,,random_actions,random_actions:panel_2:0:1022028:0
shared,shared,random_actions,0,30000,1,reference,panel_2,1022028,b3a4730c8829aae1772efc24c2f4a71dc3793b0a20b6b4264abbb8801c087f8f,1,1,14,0.86,1.0656,6,8,3,6,14,6,0,0.37133073430000063,0.0,0,,random_actions,random_actions:panel_2:0:1022028:1
shared,shared,random_actions,0,30000,1,reference,panel_2,1022029,3b01f2c2b1d9287361b6b39588cc5b5b557cecb514dfb5f89649669da5a3a5de,0,0,32,-0.3200000000000001,0.025200000000000097,8,24,17,8,28,11,1,1.8693928080850015,0.0,0,,random_actions,random_actions:panel_2:0:1022029:0
shared,shared,random_actions,0,30000,1,reference,panel_2,1022029,3b01f2c2b1d9287361b6b39588cc5b5b557cecb514dfb5f89649669da5a3a5de,1,0,32,-0.3200000000000001,0.0048000000000000265,12,20,5,16,28,10,1,1.891243251385002,0.0,0,,random_actions,random_actions:panel_2:0:1022029:1
shared,shared,random_actions,0,30000,1,reference,panel_2,1022030,32624273e5b7f1d85d8ca86e966514f0e8075742452fdcc3ff5d07ede26ec71f,0,1,5,0.95,1.082,0,5,0,6,5,4,0,0.07358684810000016,0.0,0,,random_actions,random_actions:panel_2:0:1022030:0
shared,shared,random_actions,0,30000,1,reference,panel_2,1022030,32624273e5b7f1d85d8ca86e966514f0e8075742452fdcc3ff5d07ede26ec71f,1,0,32,-0.3200000000000001,-0.09439999999999996,7,25,17,9,30,12,1,2.031369198600002,0.0,0,,random_actions,random_actions:panel_2:0:1022030:1
shared,shared,random_actions,0,30000,1,reference,panel_2,1022031,708b4fbb0fcb10dacc2f446a4a2234d1113f8c97ab065468757e1792ffb3835e,0,0,32,-0.3200000000000001,0.35920000000000035,17,15,10,6,25,6,1,1.5333601374612855,0.0,0,,random_actions,random_actions:panel_2:0:1022031:0
shared,shared,random_actions,0,30000,1,reference,panel_2,1022031,708b4fbb0fcb10dacc2f446a4a2234d1113f8c97ab065468757e1792ffb3835e,1,0,32,-0.3200000000000001,0.3220000000000003,10,22,10,13,26,10,1,1.5673375039380812,0.0,0,,random_actions,random_actions:panel_2:0:1022031:1
shared,shared,random_actions,0,30000,1,reference,panel_2,1022032,8f2889903a799643da66714df93a41d10dd20fad495983b5d47eb16c6a039e41,0,1,7,0.9299999999999999,1.0208,5,2,0,3,7,2,0,0.19492700000000052,0.0,0,,random_actions,random_actions:panel_2:0:1022032:0
shared,shared,random_actions,0,30000,1,reference,panel_2,1022032,8f2889903a799643da66714df93a41d10dd20fad495983b5d47eb16c6a039e41,1,0,32,-0.3200000000000001,-0.05519999999999972,12,20,11,10,26,5,1,1.9024802644937846,0.0,0,,random_actions,random_actions:panel_2:0:1022032:1
shared,shared,random_actions,0,30000,1,reference,panel_2,1022033,2925364e50def0ebc9d594b4987808f575b555c56b762d559296d1876423344e,0,1,11,0.89,1.052,2,9,2,8,11,6,0,0.28993218151400046,0.0,0,,random_actions,random_actions:panel_2:0:1022033:0
shared,shared,random_actions,0,30000,1,reference,panel_2,1022033,2925364e50def0ebc9d594b4987808f575b555c56b762d559296d1876423344e,1,0,32,-0.3200000000000001,-0.06679999999999992,4,28,21,8,29,12,1,1.9817392556850018,0.0,0,,random_actions,random_actions:panel_2:0:1022033:1
shared,shared,random_actions,0,30000,1,reference,panel_2,1022034,270d8515fe376fb4ce536d3a6846584e950952359b3e8d53217a6147a99f1709,0,0,32,-0.3200000000000001,-0.1319999999999999,6,26,19,8,31,12,1,2.0949453630280015,0.0,0,,random_actions,random_actions:panel_2:0:1022034:0
shared,shared,random_actions,0,30000,1,reference,panel_2,1022034,270d8515fe376fb4ce536d3a6846584e950952359b3e8d53217a6147a99f1709,1,1,23,0.7699999999999999,0.8908,11,12,9,4,23,7,0,0.8194080000000016,0.0,0,,random_actions,random_actions:panel_2:0:1022034:1
shared,shared,random_actions,0,30000,1,reference,panel_2,1022035,40812198f49cffcd516f6b9f807a40c5db2cedaca4a9b8bc3a81b53975e01fc6,0,0,32,-0.3200000000000001,-0.035599999999999854,5,27,15,13,27,10,1,1.9069773585308711,0.0,0,,random_actions,random_actions:panel_2:0:1022035:0
shared,shared,random_actions,0,30000,1,reference,panel_2,1022035,40812198f49cffcd516f6b9f807a40c5db2cedaca4a9b8bc3a81b53975e01fc6,1,0,32,-0.3200000000000001,-0.03319999999999981,13,19,10,10,27,7,1,1.901812503148741,0.0,0,,random_actions,random_actions:panel_2:0:1022035:1
shared,shared,random_actions,0,30000,1,reference,panel_2,1022036,665c5c0dc48340bf257817579d9e2561cfe6f12d678eab89ec93bba361ee191f,0,1,11,0.89,1.0716,3,8,2,7,11,6,0,0.27205111810000027,0.0,0,,random_actions,random_actions:panel_2:0:1022036:0
shared,shared,random_actions,0,30000,1,reference,panel_2,1022036,665c5c0dc48340bf257817579d9e2561cfe6f12d678eab89ec93bba361ee191f,1,1,31,0.69,1.0012,11,20,14,7,31,12,0,0.9655814070004505,0.0,0,,random_actions,random_actions:panel_2:0:1022036:1
shared,shared,random_actions,0,30000,1,reference,panel_2,1022037,1d4b9974f27afddf31818dbf221b75d1829ca3f248b4a9cfaecd69a1695f3571,0,1,18,0.82,1.1332,6,12,5,8,18,9,0,0.4372424306280007,0.0,0,,random_actions,random_actions:panel_2:0:1022037:0
shared,shared,random_actions,0,30000,1,reference,panel_2,1022037,1d4b9974f27afddf31818dbf221b75d1829ca3f248b4a9cfaecd69a1695f3571,1,0,32,-0.3200000000000001,0.13120000000000012,13,19,12,8,27,8,1,1.7547678765126251,0.0,0,,random_actions,random_actions:panel_2:0:1022037:1
shared,shared,random_actions,0,30000,1,reference,panel_2,1022038,a46dc24fe518aa06c4d7dac3adb1eec654c6de540c59264b35f191be2424dae3,0,0,32,-0.3200000000000001,-0.06639999999999989,9,23,11,13,30,12,1,2.004624095057001,0.0,0,,random_actions,random_actions:panel_2:0:1022038:0
shared,shared,random_actions,0,30000,1,reference,panel_2,1022038,a46dc24fe518aa06c4d7dac3adb1eec654c6de540c59264b35f191be2424dae3,1,0,32,-0.3200000000000001,0.05120000000000011,26,6,4,3,27,2,1,1.8270749768579289,0.0,0,,random_actions,random_actions:panel_2:0:1022038:1
shared,shared,random_actions,0,30000,1,reference,panel_2,1022039,858be5fee443aa03f1adc14032d4338df303edda94714b17052fdd7f184ff900,0,1,9,0.91,1.048,2,7,4,4,9,5,0,0.23112546000000045,0.0,0,,random_actions,random_actions:panel_2:0:1022039:0
shared,shared,random_actions,0,30000,1,reference,panel_2,1022039,858be5fee443aa03f1adc14032d4338df303edda94714b17052fdd7f184ff900,1,1,23,0.7699999999999999,0.9872000000000001,8,15,6,10,23,9,0,0.727241848856002,0.0,0,,random_actions,random_actions:panel_2:0:1022039:1
shared,shared,random_actions,0,30000,1,reference,panel_2,1022040,5eed1ae06a924db4692b5134d1e8166adf3e9caacf45027adb6b16c522e235a5,0,0,32,-0.3200000000000001,-0.05239999999999988,5,27,17,11,29,11,1,1.9661851946700013,0.0,0,,random_actions,random_actions:panel_2:0:1022040:0
shared,shared,random_actions,0,30000,1,reference,panel_2,1022040,5eed1ae06a924db4692b5134d1e8166adf3e9caacf45027adb6b16c522e235a5,1,0,32,-0.3200000000000001,-0.116,5,27,20,8,31,13,1,2.0790628524000017,0.0,0,,random_actions,random_actions:panel_2:0:1022040:1
shared,shared,random_actions,0,30000,1,reference,panel_2,1022041,140da004a355e645ab6bcac66ce48eab9e9eb44b9f5e4455fd4a25aa61e3dfcc,0,1,31,0.69,0.8924000000000002,7,24,11,14,31,13,0,1.0678753190342916,0.0,0,,random_actions,random_actions:panel_2:0:1022041:0
shared,shared,random_actions,0,30000,1,reference,panel_2,1022041,140da004a355e645ab6bcac66ce48eab9e9eb44b9f5e4455fd4a25aa61e3dfcc,1,1,2,0.98,1.0612,0,2,0,3,2,2,0,0.0,0.0,0,,random_actions,random_actions:panel_2:0:1022041:1
shared,shared,random_actions,0,30000,1,reference,panel_2,1022042,b504610ee609f888e1131e68c71c6597e7281431165ac8288140974e7cd4ac76,0,1,32,0.6799999999999999,1.0288000000000002,13,19,9,11,32,12,0,0.9731623954183204,0.0,0,,random_actions,random_actions:panel_2:0:1022042:0
shared,shared,random_actions,0,30000,1,reference,panel_2,1022042,b504610ee609f888e1131e68c71c6597e7281431165ac8288140974e7cd4ac76,1,0,32,-0.3200000000000001,0.06720000000000012,12,20,14,7,29,9,1,1.8576301052869,0.0,0,,random_actions,random_actions:panel_2:0:1022042:1
shared,shared,random_actions,0,30000,1,reference,panel_2,1022043,4724e3eaea5da6385d2edf3006632431499cfb75311ac24ffd9dd0abde5f2f25,0,0,32,-0.3200000000000001,0.18560000000000015,18,14,11,4,28,7,1,1.7335902161451173,0.0,0,,random_actions,random_actions:panel_2:0:1022043:0
shared,shared,random_actions,0,30000,1,reference,panel_2,1022043,4724e3eaea5da6385d2edf3006632431499cfb75311ac24ffd9dd0abde5f2f25,1,0,32,-0.3200000000000001,0.18080000000000016,16,16,12,5,26,6,1,1.6855185775330601,0.0,0,,random_actions,random_actions:panel_2:0:1022043:1
shared,shared,random_actions,0,30000,1,reference,panel_2,1022044,9b0721a4684840c895249bc85691708c7af2cbcdf0ff940746236bef85962bd1,0,0,32,-0.3200000000000001,-0.005199999999999788,7,25,21,5,28,11,1,1.8966936095990004,0.0,0,,random_actions,random_actions:panel_2:0:1022044:0
shared,shared,random_actions,0,30000,1,reference,panel_2,1022044,9b0721a4684840c895249bc85691708c7af2cbcdf0ff940746236bef85962bd1,1,1,13,0.87,1.0804,5,8,2,7,13,6,0,0.326131681257,0.0,0,,random_actions,random_actions:panel_2:0:1022044:1
shared,shared,random_actions,0,30000,1,reference,panel_2,1022045,bbafeb0a56a42c5dc444767a2daa500f01743c57eaa5770179d4a00e9d1d4ec5,0,1,4,0.96,1.046,2,2,0,3,4,2,0,0.07701800000000025,0.0,0,,random_actions,random_actions:panel_2:0:1022045:0
shared,shared,random_actions,0,30000,1,reference,panel_2,1022045,bbafeb0a56a42c5dc444767a2daa500f01743c57eaa5770179d4a00e9d1d4ec5,1,1,2,0.98,1.0612,0,2,0,3,2,2,0,0.0,0.0,0,,random_actions,random_actions:panel_2:0:1022045:1
shared,shared,random_actions,0,30000,1,reference,panel_2,1022046,742e104fed832181dd783ba8d0764a71b54914794fe5e7bcf4cd3956e3832466,0,1,5,0.95,1.036,3,2,0,3,5,2,0,0.11790900000000026,0.0,0,,random_actions,random_actions:panel_2:0:1022046:0
shared,shared,random_actions,0,30000,1,reference,panel_2,1022046,742e104fed832181dd783ba8d0764a71b54914794fe5e7bcf4cd3956e3832466,1,0,32,-0.3200000000000001,-0.11399999999999982,18,14,10,5,29,6,1,2.024563683400001,0.0,0,,random_actions,random_actions:panel_2:0:1022046:1
shared,shared,random_actions,0,30000,1,reference,panel_2,1022047,509a9008a37c7b01157a3763a8d6695d4cb3f8a6cb77882bb7f921ab0074fec5,0,1,1,0.99,1.03,0,1,0,2,1,1,0,0.0,0.0,0,,random_actions,random_actions:panel_2:0:1022047:0
shared,shared,random_actions,0,30000,1,reference,panel_2,1022047,509a9008a37c7b01157a3763a8d6695d4cb3f8a6cb77882bb7f921ab0074fec5,1,1,1,0.99,1.03,0,1,0,2,1,1,0,0.0,0.0,0,,random_actions,random_actions:panel_2:0:1022047:1
shared,shared,random_actions,0,30000,1,reference,panel_2,1022048,33170dc12acbcdec92dbcfd6cc596207e3fd5f7e097b539f49e7048c291ec99f,0,0,32,-0.3200000000000001,-0.059199999999999905,12,20,14,7,31,11,1,2.0248517350545816,0.0,0,,random_actions,random_actions:panel_2:0:1022048:0
shared,shared,random_actions,0,30000,1,reference,panel_2,1022048,33170dc12acbcdec92dbcfd6cc596207e3fd5f7e097b539f49e7048c291ec99f,1,0,32,-0.3200000000000001,0.07520000000000027,7,25,12,14,26,8,1,1.7956194013039983,0.0,0,,random_actions,random_actions:panel_2:0:1022048:1
shared,shared,random_actions,0,30000,1,reference,panel_2,1022049,8f598c2ff859ff50a223407e2957e17e1c4bacd898b74780f4276ef0ca6a7c97,0,0,32,-0.3200000000000001,0.08520000000000011,7,25,18,8,28,11,1,1.8227684345719735,0.0,0,,random_actions,random_actions:panel_2:0:1022049:0
shared,shared,random_actions,0,30000,1,reference,panel_2,1022049,8f598c2ff859ff50a223407e2957e17e1c4bacd898b74780f4276ef0ca6a7c97,1,0,32,-0.3200000000000001,0.10440000000000013,13,19,13,7,28,8,1,1.806151346881422,0.0,0,,random_actions,random_actions:panel_2:0:1022049:1
shared,shared,random_actions,0,30000,1,reference,panel_2,1022050,b892f0093d1a505e52b091ef9ca2fcf8004e2b3bc1940664ab66956c1af06978,0,1,25,0.7499999999999999,0.9552,8,17,8,10,25,10,0,0.8197130869570017,0.0,0,,random_actions,random_actions:panel_2:0:1022050:0
shared,shared,random_actions,0,30000,1,reference,panel_2,1022050,b892f0093d1a505e52b091ef9ca2fcf8004e2b3bc1940664ab66956c1af06978,1,0,32,-0.3200000000000001,-0.039199999999999915,11,21,10,12,30,9,1,1.9801049303018718,0.0,0,,random_actions,random_actions:panel_2:0:1022050:1
shared,shared,random_actions,0,30000,1,reference,panel_2,1022051,34da3d42d7cee9dd38be292b5f1fb0ddb39106cb2d65c22fa5306c5233fc3997,0,0,32,-0.3200000000000001,0.1820000000000002,17,15,11,5,28,8,1,1.7337809835119151,0.0,0,,random_actions,random_actions:panel_2:0:1022051:0
shared,shared,random_actions,0,30000,1,reference,panel_2,1022051,34da3d42d7cee9dd38be292b5f1fb0ddb39106cb2d65c22fa5306c5233fc3997,1,1,26,0.74,1.1532,3,23,14,10,26,15,0,0.6742061056348854,0.0,0,,random_actions,random_actions:panel_2:0:1022051:1
shared,shared,random_actions,0,30000,1,reference,panel_2,1022052,fb09a004e8e13b562840d154d85a9ccf0064faf5b0636668712d8bbcc43b0c32,0,0,32,-0.3200000000000001,-0.0231999999999999,6,26,15,12,31,13,1,1.9915220045420015,0.0,0,,random_actions,random_actions:panel_2:0:1022052:0
shared,shared,random_actions,0,30000,1,reference,panel_2,1022052,fb09a004e8e13b562840d154d85a9ccf0064faf5b0636668712d8bbcc43b0c32,1,0,32,-0.3200000000000001,-0.015999999999999834,11,21,13,9,31,11,1,1.984123142141002,0.0,0,,random_actions,random_actions:panel_2:0:1022052:1
shared,shared,random_actions,0,30000,1,reference,panel_2,1022053,5f96d7c35a5595f55ca645a729606bc7cd6f00b6b07a3efa3e72c606be58a158,0,1,3,0.97,1.0124,2,1,0,2,3,1,0,0.07940000000000014,0.0,0,,random_actions,random_actions:panel_2:0:1022053:0
shared,shared,random_actions,0,30000,1,reference,panel_2,1022053,5f96d7c35a5595f55ca645a729606bc7cd6f00b6b07a3efa3e72c606be58a158,1,1,3,0.97,1.0136,0,3,0,4,3,2,0,0.07820900000000008,0.0,0,,random_actions,random_actions:panel_2:0:1022053:1
shared,shared,random_actions,0,30000,1,reference,panel_2,1022054,ebacbab321513182eebcf2740cc30d16f6f9da7623e31fc2f3fecb494e91c1d1,0,0,32,-0.3200000000000001,0.024000000000000125,7,25,16,10,29,12,1,1.8927266429598713,0.0,0,,random_actions,random_actions:panel_2:0:1022054:0
shared,shared,random_actions,0,30000,1,reference,panel_2,1022054,ebacbab321513182eebcf2740cc30d16f6f9da7623e31fc2f3fecb494e91c1d1,1,0,32,-0.3200000000000001,0.08640000000000009,14,18,12,7,28,8,1,1.820723908416944,0.0,0,,random_actions,random_actions:panel_2:0:1022054:1
shared,shared,random_actions,0,30000,1,reference,panel_2,1022055,a0b3244320010c72f10bacd8a64288a0c0f971336447c6d9e1465d14c372c945,0,1,9,0.91,1.0564,0,9,4,6,9,6,0,0.22303642620000053,0.0,0,,random_actions,random_actions:panel_2:0:1022055:0
shared,shared,random_actions,0,30000,1,reference,panel_2,1022055,a0b3244320010c72f10bacd8a64288a0c0f971336447c6d9e1465d14c372c945,1,0,32,-0.3200000000000001,-0.022399999999999753,10,22,12,11,26,7,1,1.8727018397454944,0.0,0,,random_actions,random_actions:panel_2:0:1022055:1
shared,shared,random_actions,0,30000,1,reference,panel_2,1022056,e49a73edfbf14f62badb56deb77ef61fac72cc1747cf829b3650c098b1d60caf,0,0,32,-0.3200000000000001,-0.04159999999999979,13,19,12,8,29,8,1,1.955171520737161,0.0,0,,random_actions,random_actions:panel_2:0:1022056:0
shared,shared,random_actions,0,30000,1,reference,panel_2,1022056,e49a73edfbf14f62badb56deb77ef61fac72cc1747cf829b3650c098b1d60caf,1,0,32,-0.3200000000000001,-0.06919999999999987,10,22,14,9,27,8,1,1.9370761552482918,0.0,0,,random_actions,random_actions:panel_2:0:1022056:1
shared,shared,random_actions,0,30000,1,reference,panel_2,1022057,577b0e2520504c4479ace1d823672d2dc01b06ec7a206ce697a1b955639c835e,0,0,32,-0.3200000000000001,0.02920000000000003,7,25,16,10,29,13,1,1.8950921805608711,0.0,0,,random_actions,random_actions:panel_2:0:1022057:0
shared,shared,random_actions,0,30000,1,reference,panel_2,1022057,577b0e2520504c4479ace1d823672d2dc01b06ec7a206ce697a1b955639c835e,1,0,32,-0.3200000000000001,0.15160000000000018,16,16,13,4,27,7,1,1.74227342923261,0.0,0,,random_actions,random_actions:panel_2:0:1022057:1
shared,shared,random_actions,0,30000,1,reference,panel_2,1022058,0be7a21c4ab11b67b53f002368797c0fcf9e0582972cb732b0a3536b5a69bcb1,0,1,1,0.99,1.03,0,1,0,2,1,1,0,0.0,0.0,0,,random_actions,random_actions:panel_2:0:1022058:0
shared,shared,random_actions,0,30000,1,reference,panel_2,1022058,0be7a21c4ab11b67b53f002368797c0fcf9e0582972cb732b0a3536b5a69bcb1,1,1,6,0.94,0.9896,3,3,1,3,6,2,0,0.1949270000000004,0.0,0,,random_actions,random_actions:panel_2:0:1022058:1
shared,shared,random_actions,0,30000,1,reference,panel_2,1022059,ed95a6750996c7d57c518c0481ba59bff0c190e0d9e2d47589a6ccea92979aee,0,0,32,-0.3200000000000001,-0.15159999999999985,14,18,9,10,29,6,1,2.0644396011864514,0.0,0,,random_actions,random_actions:panel_2:0:1022059:0
shared,shared,random_actions,0,30000,1,reference,panel_2,1022059,ed95a6750996c7d57c518c0481ba59bff0c190e0d9e2d47589a6ccea92979aee,1,1,3,0.97,1.0124,2,1,0,2,3,1,0,0.07940000000000014,0.0,0,,random_actions,random_actions:panel_2:0:1022059:1
shared,shared,random_actions,0,30000,1,reference,panel_2,1022060,0ccacc0ff2169d743155b25cd98ac9117d2022561a49ad32ff65abfe3d7b58e3,0,1,7,0.9299999999999999,1.062,4,3,0,4,7,3,0,0.15526273000000035,0.0,0,,random_actions,random_actions:panel_2:0:1022060:0
shared,shared,random_actions,0,30000,1,reference,panel_2,1022060,0ccacc0ff2169d743155b25cd98ac9117d2022561a49ad32ff65abfe3d7b58e3,1,0,32,-0.3200000000000001,-0.1075999999999999,18,14,10,5,30,6,1,2.0415586800000023,0.0,0,,random_actions,random_actions:panel_2:0:1022060:1
shared,shared,random_actions,0,30000,1,reference,panel_2,1022061,2cab0eb934c7dd9fa10145ddabb92456439fe2a60f1a0efd50cd2b431619c47d,0,1,15,0.85,1.0084,8,7,3,5,15,5,0,0.456403110000001,0.0,0,,random_actions,random_actions:panel_2:0:1022061:0
shared,shared,random_actions,0,30000,1,reference,panel_2,1022061,2cab0eb934c7dd9fa10145ddabb92456439fe2a60f1a0efd50cd2b431619c47d,1,0,32,-0.3200000000000001,-0.10879999999999984,16,16,9,8,29,7,1,2.0196722067000015,0.0,0,,random_actions,random_actions:panel_2:0:1022061:1
shared,shared,random_actions,0,30000,1,reference,panel_2,1022062,0cd42d9099634d397decf5246c77b70313abcf20abeba7cebefec51e9b0aa7ac,0,1,32,0.6799999999999999,0.8764000000000001,6,26,15,12,32,14,0,1.1146476840420019,0.0,0,,random_actions,random_actions:panel_2:0:1022062:0
shared,shared,random_actions,0,30000,1,reference,panel_2,1022062,0cd42d9099634d397decf5246c77b70313abcf20abeba7cebefec51e9b0aa7ac,1,1,19,0.8099999999999999,0.9524,3,16,11,6,19,9,0,0.6351867005000013,0.0,0,,random_actions,random_actions:panel_2:0:1022062:1
shared,shared,random_actions,0,30000,1,reference,panel_2,1022063,2c983c0d6d3488c7d55781007507d8dd710438e3d39c57ef85aaa533855db703,0,0,32,-0.3200000000000001,-0.09119999999999977,10,22,11,12,30,10,1,2.0270765360560006,0.0,0,,random_actions,random_actions:panel_2:0:1022063:0
shared,shared,random_actions,0,30000,1,reference,panel_2,1022063,2c983c0d6d3488c7d55781007507d8dd710438e3d39c57ef85aaa533855db703,1,1,29,0.71,0.9244000000000001,5,24,11,14,29,13,0,0.975402032639581,0.0,0,,random_actions,random_actions:panel_2:0:1022063:1
shared,shared,random_actions,1,30000,1,reference,panel_2,1022000,7c700ebbe0160a1e41a4f3fdc7f3b9ec7934b8eba4888c419604b53d9f09cc63,0,1,11,0.89,0.9928,3,8,5,4,11,5,0,0.34665246000000083,0.0,0,,random_actions,random_actions:panel_2:1:1022000:0
shared,shared,random_actions,1,30000,1,reference,panel_2,1022000,7c700ebbe0160a1e41a4f3fdc7f3b9ec7934b8eba4888c419604b53d9f09cc63,1,0,32,-0.3200000000000001,-0.14759999999999995,8,24,19,6,30,11,1,2.0801727262000025,0.0,0,,random_actions,random_actions:panel_2:1:1022000:1
shared,shared,random_actions,1,30000,1,reference,panel_2,1022001,294ae36ff3fef617e5c6fbcc07614bd23981701b6fc60194fe9e1499b32011fb,0,0,32,-0.3200000000000001,0.13680000000000025,8,24,16,9,27,9,1,1.7519956480877132,0.0,0,,random_actions,random_actions:panel_2:1:1022001:0
shared,shared,random_actions,1,30000,1,reference,panel_2,1022001,294ae36ff3fef617e5c6fbcc07614bd23981701b6fc60194fe9e1499b32011fb,1,0,32,-0.3200000000000001,0.11760000000000019,9,23,15,9,27,9,1,1.7663831368090808,0.0,0,,random_actions,random_actions:panel_2:1:1022001:1
shared,shared,random_actions,1,30000,1,reference,panel_2,1022002,be8b12c491020798883ad0280d382808c1d6b2f548f0f3c341ada3e932a09026,0,1,9,0.91,1.0952000000000002,3,6,2,5,9,5,0,0.18680330810000045,0.0,0,,random_actions,random_actions:panel_2:1:1022002:0
shared,shared,random_actions,1,30000,1,reference,panel_2,1022002,be8b12c491020798883ad0280d382808c1d6b2f548f0f3c341ada3e932a09026,1,1,10,0.9,1.0816000000000001,2,8,3,6,10,6,0,0.23112546000000034,0.0,0,,random_actions,random_actions:panel_2:1:1022002:1
shared,shared,random_actions,1,30000,1,reference,panel_2,1022003,9ee52be70009eb883d94c08863e58e241029a3811daacb3136853cbd9e57d71e,0,0,32,-0.3200000000000001,-0.061999999999999944,5,27,18,10,30,12,1,2.0035136739762924,0.0,0,,random_actions,random_actions:panel_2:1:1022003:0
shared,shared,random_actions,1,30000,1,reference,panel_2,1022003,9ee52be70009eb883d94c08863e58e241029a3811daacb3136853cbd9e57d71e,1,1,8,0.9199999999999999,1.0592000000000001,3,5,1,5,8,4,0,0.18914957810000044,0.0,0,,random_actions,random_actions:panel_2:1:1022003:1
shared,shared,random_actions,1,30000,1,reference,panel_2,1022004,6f19fa9f872bb2a4c479137041e35c7ec9523054a59f6fe5271b66dc6bc66ab9,0,1,27,0.73,1.0392000000000001,4,23,12,12,27,14,0,0.8055507265685808,0.0,0,,random_actions,random_actions:panel_2:1:1022004:0
shared,shared,random_actions,1,30000,1,reference,panel_2,1022004,6f19fa9f872bb2a4c479137041e35c7ec9523054a59f6fe5271b66dc6bc66ab9,1,1,16,0.84,1.1108,5,11,4,8,16,8,0,0.39316294974200083,0.0,0,,random_actions,random_actions:panel_2:1:1022004:1
shared,shared,random_actions,1,30000,1,reference,panel_2,1022005,b74df23325499e7d535e72bdf009f58c1a3ed0c81b8ed99212e3d9269b99b099,0,0,32,-0.3200000000000001,-0.06799999999999991,7,25,15,11,31,12,1,2.0332226689710016,0.0,0,,random_actions,random_actions:panel_2:1:1022005:0
shared,shared,random_actions,1,30000,1,reference,panel_2,1022005,b74df23325499e7d535e72bdf009f58c1a3ed0c81b8ed99212e3d9269b99b099,1,0,32,-0.3200000000000001,-0.046399999999999914,8,24,12,13,28,10,1,1.9364230680192915,0.0,0,,random_actions,random_actions:panel_2:1:1022005:1
shared,shared,random_actions,1,30000,1,reference,panel_2,1022006,c3756b40daa8c3daed6c1d096e0c4de9fb321f1547ee976d03a18203ead340fc,0,0,32,-0.3200000000000001,0.05239999999999996,13,19,10,10,32,12,1,1.9564626350570014,0.0,0,,random_actions,random_actions:panel_2:1:1022006:0
shared,shared,random_actions,1,30000,1,reference,panel_2,1022006,c3756b40daa8c3daed6c1d096e0c4de9fb321f1547ee976d03a18203ead340fc,1,0,32,-0.3200000000000001,0.17960000000000015,12,20,14,7,27,8,1,1.7125564613231306,0.0,0,,random_actions,random_actions:panel_2:1:1022006:1
shared,shared,random_actions,1,30000,1,reference,panel_2,1022007,9bf07b08658307b68c10f7c93c315f2b9aad2420bf6d266898dcad3e5d6e10e0,0,1,4,0.96,1.1272,0,4,0,5,4,4,0,0.0,0.0,0,,random_actions,random_actions:panel_2:1:1022007:0
shared,shared,random_actions,1,30000,1,reference,panel_2,1022007,9bf07b08658307b68c10f7c93c315f2b9aad2420bf6d266898dcad3e5d6e10e0,1,0,32,-0.3200000000000001,-0.026799999999999893,12,20,13,8,31,10,1,1.994714708714001,0.0,0,,random_actions,random_actions:panel_2:1:1022007:1
shared,shared,random_actions,1,30000,1,reference,panel_2,1022008,56844a61531aac4e5fbd56441195c9848ecc1366b2a089efe5af157bd467002d,0,0,32,-0.3200000000000001,0.08800000000000013,16,16,7,10,31,9,1,1.8920409843386103,0.0,0,,random_actions,random_actions:panel_2:1:1022008:0
shared,shared,random_actions,1,30000,1,reference,panel_2,1022008,56844a61531aac4e5fbd56441195c9848ecc1366b2a089efe5af157bd467002d,1,0,32,-0.3200000000000001,0.09040000000000012,10,22,13,10,29,11,1,1.83539847257145,0.0,0,,random_actions,random_actions:panel_2:1:1022008:1
shared,shared,random_actions,1,30000,1,reference,panel_2,1022009,38376b3cecf71cd187811dd19eccabb123118a6fe2db811d8b6d8a8392bc7398,0,1,16,0.84,1.0176,5,11,6,6,16,7,0,0.4789094767000007,0.0,0,,random_actions,random_actions:panel_2:1:1022009:0
shared,shared,random_actions,1,30000,1,reference,panel_2,1022009,38376b3cecf71cd187811dd19eccabb123118a6fe2db811d8b6d8a8392bc7398,1,1,15,0.85,1.0204,6,9,4,6,15,6,0,0.44498689860000074,0.0,0,,random_actions,random_actions:panel_2:1:1022009:1
shared,shared,random_actions,1,30000,1,reference,panel_2,1022010,a3df4171b2c9730098c481b9e8f177d81b92cff1cf19ee328dfcf96dadb5c49a,0,1,26,0.74,0.9612,10,16,8,9,26,10,0,0.8464661626570015,0.0,0,,random_actions,random_actions:panel_2:1:1022010:0
shared,shared,random_actions,1,30000,1,reference,panel_2,1022010,a3df4171b2c9730098c481b9e8f177d81b92cff1cf19ee328dfcf96dadb5c49a,1,0,32,-0.3200000000000001,0.04400000000000018,9,23,19,5,28,9,1,1.8579145591289739,0.0,0,,random_actions,random_actions:panel_2:1:1022010:1
shared,shared,random_actions,1,30000,1,reference,panel_2,1022011,a334e022d8c82c9c68a9494b6e13ea46c78b6ddad0cb881503298c6605897833,0,0,32,-0.3200000000000001,-0.06039999999999989,15,17,6,12,32,10,1,2.0547140468912923,0.0,0,,random_actions,random_actions:panel_2:1:1022011:0
shared,shared,random_actions,1,30000,1,reference,panel_2,1022011,a334e022d8c82c9c68a9494b6e13ea46c78b6ddad0cb881503298c6605897833,1,0,32,-0.3200000000000001,-0.06399999999999993,7,25,14,12,30,12,1,2.001394652334292,0.0,0,,random_actions,random_actions:panel_2:1:1022011:1
shared,shared,random_actions,1,30000,1,reference,panel_2,1022012,d7630e459807c9b58310895d522d9be71ca0eb690706c07fcd24224459ebbcdb,0,0,32,-0.3200000000000001,0.025200000000000083,12,20,12,9,27,9,1,1.8501019530888712,0.0,0,,random_actions,random_actions:panel_2:1:1022012:0
shared,shared,random_actions,1,30000,1,reference,panel_2,1022012,d7630e459807c9b58310895d522d9be71ca0eb690706c07fcd24224459ebbcdb,1,0,32,-0.3200000000000001,0.04800000000000012,16,16,6,11,29,7,1,1.8712518416791901,0.0,0,,random_actions,random_actions:panel_2:1:1022012:1
shared,shared,random_actions,1,30000,1,reference,panel_2,1022013,2dddbec8d912e499d67bcd252c203fe74ef4a848b39b6fd531a1e5535e99be07,0,0,32,-0.3200000000000001,0.010400000000000215,10,22,14,9,29,11,1,1.9079666035854506,0.0,0,,random_actions,random_actions:panel_2:1:1022013:0
shared,shared,random_actions,1,30000,1,reference,panel_2,1022013,2dddbec8d912e499d67bcd252c203fe74ef4a848b39b6fd531a1e5535e99be07,1,0,32,-0.3200000000000001,0.01640000000000011,12,20,13,8,29,8,1,1.9048350224386101,0.0,0,,random_actions,random_actions:panel_2:1:1022013:1
shared,shared,random_actions,1,30000,1,reference,panel_2,1022014,8b739e8926ffe9ba1e411df37b3a60675e7de61acb06a32e292e187ce0a96fa5,0,1,14,0.86,1.05,2,12,4,9,14,8,0,0.3864228481000006,0.0,0,,random_actions,random_actions:panel_2:1:1022014:0
shared,shared,random_actions,1,30000,1,reference,panel_2,1022014,8b739e8926ffe9ba1e411df37b3a60675e7de61acb06a32e292e187ce0a96fa5,1,0,32,-0.3200000000000001,-0.06759999999999992,10,22,10,13,31,11,1,2.033757713414002,0.0,0,,random_actions,random_actions:panel_2:1:1022014:1
shared,shared,random_actions,1,30000,1,reference,panel_2,1022015,423b0737c8101bb5cc3c14984a4a66a8482c33911eca97d7d0df5a349eb1aee0,0,0,32,-0.3200000000000001,-0.019599999999999895,16,16,10,7,28,6,1,1.9145592825140012,0.0,0,,random_actions,random_actions:panel_2:1:1022015:0
shared,shared,random_actions,1,30000,1,reference,panel_2,1022015,423b0737c8101bb5cc3c14984a4a66a8482c33911eca97d7d0df5a349eb1aee0,1,0,32,-0.3200000000000001,-0.06039999999999994,12,20,14,7,31,10,1,2.0268628310000008,0.0,0,,random_actions,random_actions:panel_2:1:1022015:1
shared,shared,random_actions,1,30000,1,reference,panel_2,1022016,669d0d2b455aa989716cf7f8a6228866cb02a5103996a5463b67289bd229a3a9,0,0,32,-0.3200000000000001,-0.14439999999999997,8,24,17,8,29,10,1,2.053422229031871,0.0,0,,random_actions,random_actions:panel_2:1:1022016:0
shared,shared,random_actions,1,30000,1,reference,panel_2,1022016,669d0d2b455aa989716cf7f8a6228866cb02a5103996a5463b67289bd229a3a9,1,0,32,-0.3200000000000001,-0.1588,8,24,15,10,28,10,1,2.046229692014002,0.0,0,,random_actions,random_actions:panel_2:1:1022016:1
shared,shared,random_actions,1,30000,1,reference,panel_2,1022017,766739e5c7038c163ba3b8a176659ceeb2a23ded97b8b721cada05f859ed614a,0,1,11,0.89,1.0508,2,9,2,8,11,6,0,0.29101917505700026,0.0,0,,random_actions,random_actions:panel_2:1:1022017:0
shared,shared,random_actions,1,30000,1,reference,panel_2,1022017,766739e5c7038c163ba3b8a176659ceeb2a23ded97b8b721cada05f859ed614a,1,0,32,-0.3200000000000001,-0.08479999999999993,4,28,14,15,30,13,1,2.0234892174570023,0.0,0,,random_actions,random_actions:panel_2:1:1022017:1
shared,shared,random_actions,1,30000,1,reference,panel_2,1022018,fd139adc3ec555a01fe748b93d2b4b5bcbaae6000e43873353465c4a50a5dcc3,0,0,32,-0.3200000000000001,0.08160000000000014,9,23,15,9,26,9,1,1.7769705993096827,0.0,0,,random_actions,random_actions:panel_2:1:1022018:0
shared,shared,random_actions,1,30000,1,reference,panel_2,1022018,fd139adc3ec555a01fe748b93d2b4b5bcbaae6000e43873353465c4a50a5dcc3,1,1,23,0.7699999999999999,1.0492000000000001,4,19,7,13,23,12,0,0.6708466169545809,0.0,0,,random_actions,random_actions:panel_2:1:1022018:1
shared,shared,random_actions,1,30000,1,reference,panel_2,1022019,ae4e2dedb18fa25058ff41483046e6ca51d95e1a2a06e77d104d72ad25af76bf,0,0,32,-0.3200000000000001,-0.0439999999999999,11,21,13,9,29,9,1,1.961728108902871,0.0,0,,random_actions,random_actions:panel_2:1:1022019:0
shared,shared,random_actions,1,30000,1,reference,panel_2,1022019,ae4e2dedb18fa25058ff41483046e6ca51d95e1a2a06e77d104d72ad25af76bf,1,0,32,-0.3200000000000001,-0.027199999999999863,14,18,12,7,28,7,1,1.919054703245421,0.0,0,,random_actions,random_actions:panel_2:1:1022019:1
shared,shared,random_actions,1,30000,1,reference,panel_2,1022020,d0d20e814ab69a7fae52359eb587c4a4bf21ee3edacc5202286b9b42ca6b4f6b,0,0,32,-0.3200000000000001,0.04880000000000012,9,23,16,8,25,7,1,1.7864626611875947,0.0,0,,random_actions,random_actions:panel_2:1:1022020:0
shared,shared,random_actions,1,30000,1,reference,panel_2,1022020,d0d20e814ab69a7fae52359eb587c4a4bf21ee3edacc5202286b9b42ca6b4f6b,1,0,32,-0.3200000000000001,0.04760000000000014,7,25,11,15,25,10,1,1.7937483932029143,0.0,0,,random_actions,random_actions:panel_2:1:1022020:1
shared,shared,random_actions,1,30000,1,reference,panel_2,1022021,84e54b83b12794a873065e959c36f21477e18b7aed1fc0e81d6c6759e1075c0f,0,1,31,0.69,0.8164,16,15,10,6,31,8,0,1.1415496800000025,0.0,0,,random_actions,random_actions:panel_2:1:1022021:0
shared,shared,random_actions,1,30000,1,reference,panel_2,1022021,84e54b83b12794a873065e959c36f21477e18b7aed1fc0e81d6c6759e1075c0f,1,1,1,0.99,1.03,0,1,0,2,1,1,0,0.0,0.0,0,,random_actions,random_actions:panel_2:1:1022021:1
shared,shared,random_actions,1,30000,1,reference,panel_2,1022022,255969c3d6641da940b2ccd612d761df38f44f43d3f74f9024bc97561e11157f,0,1,19,0.8099999999999999,1.0648000000000002,3,16,7,10,19,10,0,0.5295299130231602,0.0,0,,random_actions,random_actions:panel_2:1:1022022:0
shared,shared,random_actions,1,30000,1,reference,panel_2,1022022,255969c3d6641da940b2ccd612d761df38f44f43d3f74f9024bc97561e11157f,1,0,32,-0.3200000000000001,-0.002799999999999886,10,22,12,11,27,9,1,1.8727133347965808,0.0,0,,random_actions,random_actions:panel_2:1:1022022:1
shared,shared,random_actions,1,30000,1,reference,panel_2,1022023,f21aadccefbf20523d81451de58f92016be22c7ac97bb6e4002e1f93b2ea60ab,0,1,18,0.82,1.0424,6,12,8,5,18,8,0,0.5185390886000009,0.0,0,,random_actions,random_actions:panel_2:1:1022023:0
shared,shared,random_actions,1,30000,1,reference,panel_2,1022023,f21aadccefbf20523d81451de58f92016be22c7ac97bb6e4002e1f93b2ea60ab,1,0,32,-0.3200000000000001,-0.002799999999999879,10,22,17,6,32,12,1,2.001034319091741,0.0,0,,random_actions,random_actions:panel_2:1:1022023:1
shared,shared,random_actions,1,30000,1,reference,panel_2,1022024,31775ecb77fe9e621af69ba5b526bfd4b5d465135182a1fb0486d4f4ec557589,0,1,9,0.91,1.0928,1,8,2,7,9,6,0,0.18914957810000044,0.0,0,,random_actions,random_actions:panel_2:1:1022024:0
shared,shared,random_actions,1,30000,1,reference,panel_2,1022024,31775ecb77fe9e621af69ba5b526bfd4b5d465135182a1fb0486d4f4ec557589,1,0,32,-0.3200000000000001,-0.030399999999999948,6,26,19,8,32,14,1,2.026073768342002,0.0,0,,random_actions,random_actions:panel_2:1:1022024:1
shared,shared,random_actions,1,30000,1,reference,panel_2,1022025,d3fedccaf3c08c41dc6c7a1ce06b431a1f7fe4fea7a9080aae91786cdafa4337,0,0,32,-0.3200000000000001,-0.039199999999999735,11,21,15,7,29,9,1,1.9550033977598704,0.0,0,,random_actions,random_actions:panel_2:1:1022025:0
shared,shared,random_actions,1,30000,1,reference,panel_2,1022025,d3fedccaf3c08c41dc6c7a1ce06b431a1f7fe4fea7a9080aae91786cdafa4337,1,0,32,-0.3200000000000001,-0.10759999999999999,11,21,14,8,31,11,1,2.0695727262000023,0.0,0,,random_actions,random_actions:panel_2:1:1022025:1
shared,shared,random_actions,1,30000,1,reference,panel_2,1022026,5ac1841938f396c9992194f9eb0148b9a0a44019e0dc2f14449d63998bf66417,0,0,32,-0.3200000000000001,-0.10199999999999991,6,26,18,9,31,12,1,2.0662956927052916,0.0,0,,random_actions,random_actions:panel_2:1:1022026:0
shared,shared,random_actions,1,30000,1,reference,panel_2,1022026,5ac1841938f396c9992194f9eb0148b9a0a44019e0dc2f14449d63998bf66417,1,0,32,-0.3200000000000001,-0.08400000000000002,25,7,3,5,28,2,1,1.9741885372120032,0.0,0,,random_actions,random_actions:panel_2:1:1022026:1
shared,shared,random_actions,1,30000,1,reference,panel_2,1022027,f91661c4e36f29d6339d8bb9986cf010e75370dc75acaa3bd83e3091833650d4,0,1,23,0.7699999999999999,1.0068000000000001,5,18,6,13,23,11,0,0.7094637833482912,0.0,0,,random_actions,random_actions:panel_2:1:1022027:0
shared,shared,random_actions,1,30000,1,reference,panel_2,1022027,f91661c4e36f29d6339d8bb9986cf010e75370dc75acaa3bd83e3091833650d4,1,0,32,-0.3200000000000001,0.015200000000000116,8,24,14,11,30,11,1,1.93000281433619,0.0,0,,random_actions,random_actions:panel_2:1:1022027:1
shared,shared,random_actions,1,30000,1,reference,panel_2,1022028,b3a4730c8829aae1772efc24c2f4a71dc3793b0a20b6b4264abbb8801c087f8f,0,0,32,-0.3200000000000001,0.05960000000000021,12,20,14,7,26,6,1,1.793328614229219,0.0,0,,random_actions,random_actions:panel_2:1:1022028:0
shared,shared,random_actions,1,30000,1,reference,panel_2,1022028,b3a4730c8829aae1772efc24c2f4a71dc3793b0a20b6b4264abbb8801c087f8f,1,0,32,-0.3200000000000001,-0.009999999999999898,17,15,8,8,28,7,1,1.9033510840280006,0.0,0,,random_actions,random_actions:panel_2:1:1022028:1
shared,shared,random_actions,1,30000,1,reference,panel_2,1022029,3b01f2c2b1d9287361b6b39588cc5b5b557cecb514dfb5f89649669da5a3a5de,0,0,32,-0.3200000000000001,0.04680000000000015,5,27,16,12,27,11,1,1.826558704794161,0.0,0,,random_actions,random_actions:panel_2:1:1022029:0
shared,shared,random_actions,1,30000,1,reference,panel_2,1022029,3b01f2c2b1d9287361b6b39588cc5b5b557cecb514dfb5f89649669da5a3a5de,1,1,31,0.69,1.0316,8,23,10,14,31,14,0,0.9389656083980311,0.0,0,,random_actions,random_actions:panel_2:1:1022029:1
shared,shared,random_actions,1,30000,1,reference,panel_2,1022030,32624273e5b7f1d85d8ca86e966514f0e8075742452fdcc3ff5d07ede26ec71f,0,0,32,-0.3200000000000001,-0.07519999999999993,6,26,16,11,28,11,1,1.962379823028002,0.0,0,,random_actions,random_actions:panel_2:1:1022030:0
shared,shared,random_actions,1,30000,1,reference,panel_2,1022030,32624273e5b7f1d85d8ca86e966514f0e8075742452fdcc3ff5d07ede26ec71f,1,0,32,-0.3200000000000001,-0.07039999999999991,9,23,16,8,29,10,1,1.9817413673280013,0.0,0,,random_actions,random_actions:panel_2:1:1022030:1
shared,shared,random_actions,1,30000,1,reference,panel_2,1022031,708b4fbb0fcb10dacc2f446a4a2234d1113f8c97ab065468757e1792ffb3835e,0,0,32,-0.3200000000000001,0.3832000000000003,17,15,10,6,24,5,1,1.4957611444840704,0.0,0,,random_actions,random_actions:panel_2:1:1022031:0
shared,shared,random_actions,1,30000,1,reference,panel_2,1022031,708b4fbb0fcb10dacc2f446a4a2234d1113f8c97ab065468757e1792ffb3835e,1,0,32,-0.3200000000000001,0.37240000000000034,10,22,16,7,24,8,1,1.5014195129847008,0.0,0,,random_actions,random_actions:panel_2:1:1022031:1
shared,shared,random_actions,1,30000,1,reference,panel_2,1022032,8f2889903a799643da66714df93a41d10dd20fad495983b5d47eb16c6a039e41,0,0,32,-0.3200000000000001,-0.14879999999999996,18,14,9,6,32,7,1,2.138258232400003,0.0,0,,random_actions,random_actions:panel_2:1:1022032:0
shared,shared,random_actions,1,30000,1,reference,panel_2,1022032,8f2889903a799643da66714df93a41d10dd20fad495983b5d47eb16c6a039e41,1,1,16,0.84,0.9668,4,12,6,7,16,7,0,0.5276079581000014,0.0,0,,random_actions,random_actions:panel_2:1:1022032:1
shared,shared,random_actions,1,30000,1,reference,panel_2,1022033,2925364e50def0ebc9d594b4987808f575b555c56b762d559296d1876423344e,0,0,32,-0.3200000000000001,-0.06919999999999987,4,28,20,9,29,12,1,1.9840172492280015,0.0,0,,random_actions,random_actions:panel_2:1:1022033:0
shared,shared,random_actions,1,30000,1,reference,panel_2,1022033,2925364e50def0ebc9d594b4987808f575b555c56b762d559296d1876423344e,1,0,32,-0.3200000000000001,-0.053599999999999925,5,27,19,9,29,12,1,1.9706004055560014,0.0,0,,random_actions,random_actions:panel_2:1:1022033:1
shared,shared,random_actions,1,30000,1,reference,panel_2,1022034,270d8515fe376fb4ce536d3a6846584e950952359b3e8d53217a6147a99f1709,0,0,32,-0.3200000000000001,-0.10559999999999986,7,25,19,7,29,10,1,2.017835820871002,0.0,0,,random_actions,random_actions:panel_2:1:1022034:0
shared,shared,random_actions,1,30000,1,reference,panel_2,1022034,270d8515fe376fb4ce536d3a6846584e950952359b3e8d53217a6147a99f1709,1,0,32,-0.3200000000000001,-0.07919999999999988,8,24,14,11,28,9,1,1.9688871601081614,0.0,0,,random_actions,random_actions:panel_2:1:1022034:1
shared,shared,random_actions,1,30000,1,reference,panel_2,1022035,40812198f49cffcd516f6b9f807a40c5db2cedaca4a9b8bc3a81b53975e01fc6,0,1,5,0.95,1.0796000000000001,0,5,0,6,5,4,0,0.07586273000000021,0.0,0,,random_actions,random_actions:panel_2:1:1022035:0
shared,shared,random_actions,1,30000,1,reference,panel_2,1022035,40812198f49cffcd516f6b9f807a40c5db2cedaca4a9b8bc3a81b53975e01fc6,1,0,32,-0.3200000000000001,0.03040000000000015,15,17,6,12,25,5,1,1.8176186631094498,0.0,0,,random_actions,random_actions:panel_2:1:1022035:1
shared,shared,random_actions,1,30000,1,reference,panel_2,1022036,665c5c0dc48340bf257817579d9e2561cfe6f12d678eab89ec93bba361ee191f,0,0,32,-0.3200000000000001,-0.011199999999999821,9,23,11,13,30,11,1,1.9550821535231608,0.0,0,,random_actions,random_actions:panel_2:1:1022036:0
shared,shared,random_actions,1,30000,1,reference,panel_2,1022036,665c5c0dc48340bf257817579d9e2561cfe6f12d678eab89ec93bba361ee191f,1,1,26,0.74,1.0356,10,16,5,12,26,10,0,0.7770728452878997,0.0,0,,random_actions,random_actions:panel_2:1:1022036:1
shared,shared,random_actions,1,30000,1,reference,panel_2,1022037,1d4b9974f27afddf31818dbf221b75d1829ca3f248b4a9cfaecd69a1695f3571,0,0,32,-0.3200000000000001,0.06760000000000012,11,21,13,9,30,11,1,1.8822025499739001,0.0,0,,random_actions,random_actions:panel_2:1:1022037:0
shared,shared,random_actions,1,30000,1,reference,panel_2,1022037,1d4b9974f27afddf31818dbf221b75d1829ca3f248b4a9cfaecd69a1695f3571,1,0,32,-0.3200000000000001,0.046000000000000055,12,20,11,10,29,10,1,1.8759252929584507,0.0,0,,random_actions,random_actions:panel_2:1:1022037:1
shared,shared,random_actions,1,30000,1,reference,panel_2,1022038,a46dc24fe518aa06c4d7dac3adb1eec654c6de540c59264b35f191be2424dae3,0,0,32,-0.3200000000000001,0.03200000000000014,23,9,7,3,27,3,1,1.8398906307299,0.0,0,,random_actions,random_actions:panel_2:1:1022038:0
shared,shared,random_actions,1,30000,1,reference,panel_2,1022038,a46dc24fe518aa06c4d7dac3adb1eec654c6de540c59264b35f191be2424dae3,1,0,32,-0.3200000000000001,-0.03759999999999987,12,20,15,6,30,9,1,1.9782533946710013,0.0,0,,random_actions,random_actions:panel_2:1:1022038:1
shared,shared,random_actions,1,30000,1,reference,panel_2,1022039,858be5fee443aa03f1adc14032d4338df303edda94714b17052fdd7f184ff900,0,0,32,-0.3200000000000001,-0.10879999999999997,11,21,14,8,31,11,1,2.0709748905000023,0.0,0,,random_actions,random_actions:panel_2:1:1022039:0
shared,shared,random_actions,1,30000,1,reference,panel_2,1022039,858be5fee443aa03f1adc14032d4338df303edda94714b17052fdd7f184ff900,1,1,11,0.89,1.0424,0,11,6,6,11,7,0,0.29889915620000074,0.0,0,,random_actions,random_actions:panel_2:1:1022039:1
shared,shared,random_actions,1,30000,1,reference,panel_2,1022040,5eed1ae06a924db4692b5134d1e8166adf3e9caacf45027adb6b16c522e235a5,0,1,5,0.95,1.0796000000000001,0,5,1,5,5,4,0,0.07586273000000021,0.0,0,,random_actions,random_actions:panel_2:1:1022040:0
shared,shared,random_actions,1,30000,1,reference,panel_2,1022040,5eed1ae06a924db4692b5134d1e8166adf3e9caacf45027adb6b16c522e235a5,1,1,3,0.97,1.0936,0,3,0,4,3,3,0,0.0,0.0,0,,random_actions,random_actions:panel_2:1:1022040:1
shared,shared,random_actions,1,30000,1,reference,panel_2,1022041,140da004a355e645ab6bcac66ce48eab9e9eb44b9f5e4455fd4a25aa61e3dfcc,0,1,6,0.94,1.0284,2,4,0,5,6,3,0,0.15641800000000028,0.0,0,,random_actions,random_actions:panel_2:1:1022041:0
shared,shared,random_actions,1,30000,1,reference,panel_2,1022041,140da004a355e645ab6bcac66ce48eab9e9eb44b9f5e4455fd4a25aa61e3dfcc,1,0,32,-0.3200000000000001,-0.059999999999999665,17,15,9,7,27,5,1,1.9311118574487414,0.0,0,,random_actions,random_actions:panel_2:1:1022041:1
shared,shared,random_actions,1,30000,1,reference,panel_2,1022042,b504610ee609f888e1131e68c71c6597e7281431165ac8288140974e7cd4ac76,0,0,32,-0.3200000000000001,0.08040000000000011,19,13,9,5,29,6,1,1.8490961974236384,0.0,0,,random_actions,random_actions:panel_2:1:1022042:0
shared,shared,random_actions,1,30000,1,reference,panel_2,1022042,b504610ee609f888e1131e68c71c6597e7281431165ac8288140974e7cd4ac76,1,1,13,0.87,1.118,2,11,3,9,13,8,0,0.29247918429758024,0.0,0,,random_actions,random_actions:panel_2:1:1022042:1
shared,shared,random_actions,1,30000,1,reference,panel_2,1022043,4724e3eaea5da6385d2edf3006632431499cfb75311ac24ffd9dd0abde5f2f25,0,0,32,-0.3200000000000001,0.15560000000000013,8,24,16,9,30,13,1,1.8043571569252772,0.0,0,,random_actions,random_actions:panel_2:1:1022043:0
shared,shared,random_actions,1,30000,1,reference,panel_2,1022043,4724e3eaea5da6385d2edf3006632431499cfb75311ac24ffd9dd0abde5f2f25,1,0,32,-0.3200000000000001,0.19280000000000014,14,18,14,5,26,8,1,1.680246658849509,0.0,0,,random_actions,random_actions:panel_2:1:1022043:1
shared,shared,random_actions,1,30000,1,reference,panel_2,1022044,9b0721a4684840c895249bc85691708c7af2cbcdf0ff940746236bef85962bd1,0,0,32,-0.3200000000000001,-0.008799999999999891,11,21,18,4,29,10,1,1.927402016942001,0.0,0,,random_actions,random_actions:panel_2:1:1022044:0
shared,shared,random_actions,1,30000,1,reference,panel_2,1022044,9b0721a4684840c895249bc85691708c7af2cbcdf0ff940746236bef85962bd1,1,0,32,-0.3200000000000001,-0.04479999999999988,12,20,13,8,31,11,1,2.0106501053000008,0.0,0,,random_actions,random_actions:panel_2:1:1022044:1
shared,shared,random_actions,1,30000,1,reference,panel_2,1022045,bbafeb0a56a42c5dc444767a2daa500f01743c57eaa5770179d4a00e9d1d4ec5,0,0,32,-0.3200000000000001,-0.16199999999999998,13,19,14,6,31,9,1,2.1220185700000025,0.0,0,,random_actions,random_actions:panel_2:1:1022045:0
shared,shared,random_actions,1,30000,1,reference,panel_2,1022045,bbafeb0a56a42c5dc444767a2daa500f01743c57eaa5770179d4a00e9d1d4ec5,1,1,26,0.74,0.8668,12,14,10,5,26,8,0,0.9361260000000018,0.0,0,,random_actions,random_actions:panel_2:1:1022045:1
shared,shared,random_actions,1,30000,1,reference,panel_2,1022046,742e104fed832181dd783ba8d0764a71b54914794fe5e7bcf4cd3956e3832466,0,1,2,0.98,1.0612,0,2,0,3,2,2,0,0.0,0.0,0,,random_actions,random_actions:panel_2:1:1022046:0
shared,shared,random_actions,1,30000,1,reference,panel_2,1022046,742e104fed832181dd783ba8d0764a71b54914794fe5e7bcf4cd3956e3832466,1,1,10,0.9,1.0052,0,10,3,8,10,6,0,0.30352130810000066,0.0,0,,random_actions,random_actions:panel_2:1:1022046:1
shared,shared,random_actions,1,30000,1,reference,panel_2,1022047,509a9008a37c7b01157a3763a8d6695d4cb3f8a6cb77882bb7f921ab0074fec5,0,1,6,0.94,0.9908,3,3,1,3,6,2,0,0.19373600000000046,0.0,0,,random_actions,random_actions:panel_2:1:1022047:0
shared,shared,random_actions,1,30000,1,reference,panel_2,1022047,509a9008a37c7b01157a3763a8d6695d4cb3f8a6cb77882bb7f921ab0074fec5,1,0,32,-0.3200000000000001,-0.202,13,19,16,4,30,8,1,2.1337381100000026,0.0,0,,random_actions,random_actions:panel_2:1:1022047:1
shared,shared,random_actions,1,30000,1,reference,panel_2,1022048,33170dc12acbcdec92dbcfd6cc596207e3fd5f7e097b539f49e7048c291ec99f,0,1,29,0.71,0.9588000000000001,13,16,11,6,29,10,0,0.9424511477140018,0.0,0,,random_actions,random_actions:panel_2:1:1022048:0
shared,shared,random_actions,1,30000,1,reference,panel_2,1022048,33170dc12acbcdec92dbcfd6cc596207e3fd5f7e097b539f49e7048c291ec99f,1,0,32,-0.3200000000000001,0.09920000000000037,7,25,17,9,26,9,1,1.7715851338222588,0.0,0,,random_actions,random_actions:panel_2:1:1022048:1
shared,shared,random_actions,1,30000,1,reference,panel_2,1022049,8f598c2ff859ff50a223407e2957e17e1c4bacd898b74780f4276ef0ca6a7c97,0,0,32,-0.3200000000000001,0.09240000000000019,14,18,9,10,28,8,1,1.81030561880406,0.0,0,,random_actions,random_actions:panel_2:1:1022049:0
shared,shared,random_actions,1,30000,1,reference,panel_2,1022049,8f598c2ff859ff50a223407e2957e17e1c4bacd898b74780f4276ef0ca6a7c97,1,1,29,0.71,1.0216,10,19,7,13,29,12,0,0.885361583909161,0.0,0,,random_actions,random_actions:panel_2:1:1022049:1
shared,shared,random_actions,1,30000,1,reference,panel_2,1022050,b892f0093d1a505e52b091ef9ca2fcf8004e2b3bc1940664ab66956c1af06978,0,0,32,-0.3200000000000001,-0.08239999999999993,19,13,6,8,29,5,1,1.9928455915140022,0.0,0,,random_actions,random_actions:panel_2:1:1022050:0
shared,shared,random_actions,1,30000,1,reference,panel_2,1022050,b892f0093d1a505e52b091ef9ca2fcf8004e2b3bc1940664ab66956c1af06978,1,1,25,0.7499999999999999,0.9564000000000001,8,17,9,9,25,10,0,0.8186292448000014,0.0,0,,random_actions,random_actions:panel_2:1:1022050:1
shared,shared,random_actions,1,30000,1,reference,panel_2,1022051,34da3d42d7cee9dd38be292b5f1fb0ddb39106cb2d65c22fa5306c5233fc3997,0,1,22,0.7799999999999999,1.1560000000000001,7,15,7,9,22,11,0,0.5448537516420013,0.0,0,,random_actions,random_actions:panel_2:1:1022051:0
shared,shared,random_actions,1,30000,1,reference,panel_2,1022051,34da3d42d7cee9dd38be292b5f1fb0ddb39106cb2d65c22fa5306c5233fc3997,1,1,11,0.89,1.212,0,11,3,9,11,9,0,0.14724197265700023,0.0,0,,random_actions,random_actions:panel_2:1:1022051:1
shared,shared,random_actions,1,30000,1,reference,panel_2,1022052,fb09a004e8e13b562840d154d85a9ccf0064faf5b0636668712d8bbcc43b0c32,0,0,32,-0.3200000000000001,-0.03039999999999992,8,24,13,12,32,13,1,2.0259718735280012,0.0,0,,random_actions,random_actions:panel_2:1:1022052:0
shared,shared,random_actions,1,30000,1,reference,panel_2,1022052,fb09a004e8e13b562840d154d85a9ccf0064faf5b0636668712d8bbcc43b0c32,1,1,14,0.86,1.0608,2,12,4,9,14,8,0,0.3760211626570007,0.0,0,,random_actions,random_actions:panel_2:1:1022052:1
shared,shared,random_actions,1,30000,1,reference,panel_2,1022053,5f96d7c35a5595f55ca645a729606bc7cd6f00b6b07a3efa3e72c606be58a158,0,1,1,0.99,1.03,0,1,0,2,1,1,0,0.0,0.0,0,,random_actions,random_actions:panel_2:1:1022053:0
shared,shared,random_actions,1,30000,1,reference,panel_2,1022053,5f96d7c35a5595f55ca645a729606bc7cd6f00b6b07a3efa3e72c606be58a158,1,1,14,0.86,0.9480000000000001,5,9,2,8,14,5,0,0.4849631879710009,0.0,0,,random_actions,random_actions:panel_2:1:1022053:1
shared,shared,random_actions,1,30000,1,reference,panel_2,1022054,ebacbab321513182eebcf2740cc30d16f6f9da7623e31fc2f3fecb494e91c1d1,0,0,32,-0.3200000000000001,0.03000000000000011,7,25,16,10,28,11,1,1.8619825689661607,0.0,0,,random_actions,random_actions:panel_2:1:1022054:0
shared,shared,random_actions,1,30000,1,reference,panel_2,1022054,ebacbab321513182eebcf2740cc30d16f6f9da7623e31fc2f3fecb494e91c1d1,1,0,32,-0.3200000000000001,0.0468000000000002,5,27,18,10,26,11,1,1.805280171366161,0.0,0,,random_actions,random_actions:panel_2:1:1022054:1
shared,shared,random_actions,1,30000,1,reference,panel_2,1022055,a0b3244320010c72f10bacd8a64288a0c0f971336447c6d9e1465d14c372c945,0,0,32,-0.3200000000000001,-0.10759999999999999,9,23,16,8,31,11,1,2.071076785314002,0.0,0,,random_actions,random_actions:panel_2:1:1022055:0
shared,shared,random_actions,1,30000,1,reference,panel_2,1022055,a0b3244320010c72f10bacd8a64288a0c0f971336447c6d9e1465d14c372c945,1,1,26,0.74,0.9344000000000001,5,21,13,9,26,12,0,0.8711087069570016,0.0,0,,random_actions,random_actions:panel_2:1:1022055:1
shared,shared,random_actions,1,30000,1,reference,panel_2,1022056,e49a73edfbf14f62badb56deb77ef61fac72cc1747cf829b3650c098b1d60caf,0,1,10,0.9,1.0416,3,7,2,6,10,5,0,0.26844346000000074,0.0,0,,random_actions,random_actions:panel_2:1:1022056:0
shared,shared,random_actions,1,30000,1,reference,panel_2,1022056,e49a73edfbf14f62badb56deb77ef61fac72cc1747cf829b3650c098b1d60caf,1,0,32,-0.3200000000000001,-0.03319999999999991,12,20,10,11,29,9,1,1.9474596625714509,0.0,0,,random_actions,random_actions:panel_2:1:1022056:1
shared,shared,random_actions,1,30000,1,reference,panel_2,1022057,577b0e2520504c4479ace1d823672d2dc01b06ec7a206ce697a1b955639c835e,0,1,14,0.86,1.1492,0,14,5,10,14,10,0,0.2966232743000007,0.0,0,,random_actions,random_actions:panel_2:1:1022057:0
shared,shared,random_actions,1,30000,1,reference,panel_2,1022057,577b0e2520504c4479ace1d823672d2dc01b06ec7a206ce697a1b955639c835e,1,0,32,-0.3200000000000001,0.09640000000000012,15,17,9,9,27,7,1,1.7838352266917408,0.0,0,,random_actions,random_actions:panel_2:1:1022057:1
shared,shared,random_actions,1,30000,1,reference,panel_2,1022058,0be7a21c4ab11b67b53f002368797c0fcf9e0582972cb732b0a3536b5a69bcb1,0,1,4,0.96,1.006,1,3,1,3,4,2,0,0.11671800000000021,0.0,0,,random_actions,random_actions:panel_2:1:1022058:0
shared,shared,random_actions,1,30000,1,reference,panel_2,1022058,0be7a21c4ab11b67b53f002368797c0fcf9e0582972cb732b0a3536b5a69bcb1,1,1,2,0.98,1.0212,1,1,0,2,2,1,0,0.03970000000000007,0.0,0,,random_actions,random_actions:panel_2:1:1022058:1
shared,shared,random_actions,1,30000,1,reference,panel_2,1022059,ed95a6750996c7d57c518c0481ba59bff0c190e0d9e2d47589a6ccea92979aee,0,1,15,0.85,0.9176,4,11,5,7,15,6,0,0.5451167300000009,0.0,0,,random_actions,random_actions:panel_2:1:1022059:0
shared,shared,random_actions,1,30000,1,reference,panel_2,1022059,ed95a6750996c7d57c518c0481ba59bff0c190e0d9e2d47589a6ccea92979aee,1,1,3,0.97,1.0124,2,1,0,2,3,1,0,0.07940000000000014,0.0,0,,random_actions,random_actions:panel_2:1:1022059:1
shared,shared,random_actions,1,30000,1,reference,panel_2,1022060,0ccacc0ff2169d743155b25cd98ac9117d2022561a49ad32ff65abfe3d7b58e3,0,1,20,0.7999999999999999,0.9776,9,11,7,5,20,7,0,0.6419450300000017,0.0,0,,random_actions,random_actions:panel_2:1:1022060:0
shared,shared,random_actions,1,30000,1,reference,panel_2,1022060,0ccacc0ff2169d743155b25cd98ac9117d2022561a49ad32ff65abfe3d7b58e3,1,1,15,0.85,0.9952000000000001,4,11,6,6,15,7,0,0.4692540000000007,0.0,0,,random_actions,random_actions:panel_2:1:1022060:1
shared,shared,random_actions,1,30000,1,reference,panel_2,1022061,2cab0eb934c7dd9fa10145ddabb92456439fe2a60f1a0efd50cd2b431619c47d,0,0,32,-0.3200000000000001,-0.10999999999999995,16,16,9,8,30,7,1,2.0439049500000026,0.0,0,,random_actions,random_actions:panel_2:1:1022061:0
shared,shared,random_actions,1,30000,1,reference,panel_2,1022061,2cab0eb934c7dd9fa10145ddabb92456439fe2a60f1a0efd50cd2b431619c47d,1,0,32,-0.3200000000000001,-0.11480000000000001,4,28,17,12,30,13,1,2.051013076200002,0.0,0,,random_actions,random_actions:panel_2:1:1022061:1
shared,shared,random_actions,1,30000,1,reference,panel_2,1022062,0cd42d9099634d397decf5246c77b70313abcf20abeba7cebefec51e9b0aa7ac,0,1,26,0.74,0.886,4,22,14,9,26,12,0,0.9174262281000022,0.0,0,,random_actions,random_actions:panel_2:1:1022062:0
shared,shared,random_actions,1,30000,1,reference,panel_2,1022062,0cd42d9099634d397decf5246c77b70313abcf20abeba7cebefec51e9b0aa7ac,1,1,11,0.89,0.9964000000000001,5,6,2,5,11,4,0,0.343115190000001,0.0,0,,random_actions,random_actions:panel_2:1:1022062:1
shared,shared,random_actions,1,30000,1,reference,panel_2,1022063,2c983c0d6d3488c7d55781007507d8dd710438e3d39c57ef85aaa533855db703,0,1,18,0.82,0.9648000000000001,4,14,2,13,18,8,0,0.5922982196140013,0.0,0,,random_actions,random_actions:panel_2:1:1022063:0
shared,shared,random_actions,1,30000,1,reference,panel_2,1022063,2c983c0d6d3488c7d55781007507d8dd710438e3d39c57ef85aaa533855db703,1,1,10,0.9,0.998,2,8,4,5,10,5,0,0.3104897300000006,0.0,0,,random_actions,random_actions:panel_2:1:1022063:1
shared,shared,random_actions,2,30000,1,reference,panel_2,1022000,7c700ebbe0160a1e41a4f3fdc7f3b9ec7934b8eba4888c419604b53d9f09cc63,0,1,3,0.97,1.0536,1,2,0,3,3,2,0,0.038509000000000126,0.0,0,,random_actions,random_actions:panel_2:2:1022000:0
shared,shared,random_actions,2,30000,1,reference,panel_2,1022000,7c700ebbe0160a1e41a4f3fdc7f3b9ec7934b8eba4888c419604b53d9f09cc63,1,1,2,0.98,1.0612,0,2,0,3,2,2,0,0.0,0.0,0,,random_actions,random_actions:panel_2:2:1022000:1
shared,shared,random_actions,2,30000,1,reference,panel_2,1022001,294ae36ff3fef617e5c6fbcc07614bd23981701b6fc60194fe9e1499b32011fb,0,0,32,-0.3200000000000001,0.07200000000000012,13,19,14,6,29,9,1,1.8559404040808278,0.0,0,,random_actions,random_actions:panel_2:2:1022001:0
shared,shared,random_actions,2,30000,1,reference,panel_2,1022001,294ae36ff3fef617e5c6fbcc07614bd23981701b6fc60194fe9e1499b32011fb,1,0,32,-0.3200000000000001,0.06600000000000017,16,16,12,5,27,6,1,1.8136381909691028,0.0,0,,random_actions,random_actions:panel_2:2:1022001:1
shared,shared,random_actions,2,30000,1,reference,panel_2,1022002,be8b12c491020798883ad0280d382808c1d6b2f548f0f3c341ada3e932a09026,0,0,32,-0.3200000000000001,-0.023199999999999887,16,16,11,6,29,7,1,1.9423869728990013,0.0,0,,random_actions,random_actions:panel_2:2:1022002:0
shared,shared,random_actions,2,30000,1,reference,panel_2,1022002,be8b12c491020798883ad0280d382808c1d6b2f548f0f3c341ada3e932a09026,1,0,32,-0.3200000000000001,-0.03759999999999983,16,16,10,7,29,7,1,1.953425000114001,0.0,0,,random_actions,random_actions:panel_2:2:1022002:1
shared,shared,random_actions,2,30000,1,reference,panel_2,1022003,9ee52be70009eb883d94c08863e58e241029a3811daacb3136853cbd9e57d71e,0,0,32,-0.3200000000000001,0.01840000000000025,6,26,18,9,25,8,1,1.8005706458440427,0.0,0,,random_actions,random_actions:panel_2:2:1022003:0
shared,shared,random_actions,2,30000,1,reference,panel_2,1022003,9ee52be70009eb883d94c08863e58e241029a3811daacb3136853cbd9e57d71e,1,0,32,-0.3200000000000001,-0.07639999999999993,5,27,16,12,30,12,1,2.0149015300482915,0.0,0,,random_actions,random_actions:panel_2:2:1022003:1
shared,shared,random_actions,2,30000,1,reference,panel_2,1022004,6f19fa9f872bb2a4c479137041e35c7ec9523054a59f6fe5271b66dc6bc66ab9,0,1,30,0.7,1.0284000000000002,7,23,15,9,30,14,0,0.9099326048598715,0.0,0,,random_actions,random_actions:panel_2:2:1022004:0
shared,shared,random_actions,2,30000,1,reference,panel_2,1022004,6f19fa9f872bb2a4c479137041e35c7ec9523054a59f6fe5271b66dc6bc66ab9,1,1,25,0.7499999999999999,1.022,6,19,6,14,25,12,0,0.7589413988570014,0.0,0,,random_actions,random_actions:panel_2:2:1022004:1
shared,shared,random_actions,2,30000,1,reference,panel_2,1022005,b74df23325499e7d535e72bdf009f58c1a3ed0c81b8ed99212e3d9269b99b099,0,0,32,-0.3200000000000001,-0.09319999999999994,7,25,15,11,31,12,1,2.057107362900002,0.0,0,,random_actions,random_actions:panel_2:2:1022005:0
shared,shared,random_actions,2,30000,1,reference,panel_2,1022005,b74df23325499e7d535e72bdf009f58c1a3ed0c81b8ed99212e3d9269b99b099,1,0,32,-0.3200000000000001,-0.05959999999999993,9,23,12,12,28,9,1,1.9498073018850017,0.0,0,,random_actions,random_actions:panel_2:2:1022005:1
shared,shared,random_actions,2,30000,1,reference,panel_2,1022006,c3756b40daa8c3daed6c1d096e0c4de9fb321f1547ee976d03a18203ead340fc,0,0,32,-0.3200000000000001,0.14960000000000012,4,28,21,8,29,14,1,1.7887490517034652,0.0,0,,random_actions,random_actions:panel_2:2:1022006:0
shared,shared,random_actions,2,30000,1,reference,panel_2,1022006,c3756b40daa8c3daed6c1d096e0c4de9fb321f1547ee976d03a18203ead340fc,1,0,32,-0.3200000000000001,0.18920000000000023,10,22,14,9,25,8,1,1.6539397547290537,0.0,0,,random_actions,random_actions:panel_2:2:1022006:1
shared,shared,random_actions,2,30000,1,reference,panel_2,1022007,9bf07b08658307b68c10f7c93c315f2b9aad2420bf6d266898dcad3e5d6e10e0,0,0,32,-0.3200000000000001,-0.07119999999999997,8,24,11,14,30,12,1,2.0077411481000023,0.0,0,,random_actions,random_actions:panel_2:2:1022007:0
shared,shared,random_actions,2,30000,1,reference,panel_2,1022007,9bf07b08658307b68c10f7c93c315f2b9aad2420bf6d266898dcad3e5d6e10e0,1,1,26,0.74,0.9804,6,20,12,9,26,12,0,0.8279764831570015,0.0,0,,random_actions,random_actions:panel_2:2:1022007:1
shared,shared,random_actions,2,30000,1,reference,panel_2,1022008,56844a61531aac4e5fbd56441195c9848ecc1366b2a089efe5af157bd467002d,0,0,32,-0.3200000000000001,0.08800000000000013,12,20,13,8,29,10,1,1.8396812271308705,0.0,0,,random_actions,random_actions:panel_2:2:1022008:0
shared,shared,random_actions,2,30000,1,reference,panel_2,1022008,56844a61531aac4e5fbd56441195c9848ecc1366b2a089efe5af157bd467002d,1,0,32,-0.3200000000000001,0.09640000000000012,9,23,18,6,27,9,1,1.7783299654183198,0.0,0,,random_actions,random_actions:panel_2:2:1022008:1
shared,shared,random_actions,2,30000,1,reference,panel_2,1022009,38376b3cecf71cd187811dd19eccabb123118a6fe2db811d8b6d8a8392bc7398,0,0,32,-0.3200000000000001,-0.04879999999999991,8,24,12,13,30,11,1,1.9868664423801603,0.0,0,,random_actions,random_actions:panel_2:2:1022009:0
shared,shared,random_actions,2,30000,1,reference,panel_2,1022009,38376b3cecf71cd187811dd19eccabb123118a6fe2db811d8b6d8a8392bc7398,1,1,15,0.85,1.0192,6,9,5,5,15,6,0,0.44607285240000083,0.0,0,,random_actions,random_actions:panel_2:2:1022009:1
shared,shared,random_actions,2,30000,1,reference,panel_2,1022010,a3df4171b2c9730098c481b9e8f177d81b92cff1cf19ee328dfcf96dadb5c49a,0,1,24,0.7599999999999999,0.9920000000000001,6,18,12,7,24,11,0,0.754075536200002,0.0,0,,random_actions,random_actions:panel_2:2:1022010:0
shared,shared,random_actions,2,30000,1,reference,panel_2,1022010,a3df4171b2c9730098c481b9e8f177d81b92cff1cf19ee328dfcf96dadb5c49a,1,0,32,-0.3200000000000001,0.04280000000000023,7,25,17,9,26,9,1,1.8092115464808276,0.0,0,,random_actions,random_actions:panel_2:2:1022010:1
shared,shared,random_actions,2,30000,1,reference,panel_2,1022011,a334e022d8c82c9c68a9494b6e13ea46c78b6ddad0cb881503298c6605897833,0,0,32,-0.3200000000000001,0.011600000000000138,8,24,18,7,29,10,1,1.9088538728955813,0.0,0,,random_actions,random_actions:panel_2:2:1022011:0
shared,shared,random_actions,2,30000,1,reference,panel_2,1022011,a334e022d8c82c9c68a9494b6e13ea46c78b6ddad0cb881503298c6605897833,1,0,32,-0.3200000000000001,-0.054399999999999914,4,28,19,10,32,15,1,2.0487706458140016,0.0,0,,random_actions,random_actions:panel_2:2:1022011:1
shared,shared,random_actions,2,30000,1,reference,panel_2,1022012,d7630e459807c9b58310895d522d9be71ca0eb690706c07fcd24224459ebbcdb,0,0,32,-0.3200000000000001,-0.0047999999999999085,10,22,14,9,32,13,1,2.003942496825582,0.0,0,,random_actions,random_actions:panel_2:2:1022012:0
shared,shared,random_actions,2,30000,1,reference,panel_2,1022012,d7630e459807c9b58310895d522d9be71ca0eb690706c07fcd24224459ebbcdb,1,0,32,-0.3200000000000001,0.06720000000000015,14,18,8,11,27,8,1,1.8166056228284504,0.0,0,,random_actions,random_actions:panel_2:2:1022012:1
shared,shared,random_actions,2,30000,1,reference,panel_2,1022013,2dddbec8d912e499d67bcd252c203fe74ef4a848b39b6fd531a1e5535e99be07,0,0,32,-0.3200000000000001,-0.0015999999999998793,8,24,16,9,29,11,1,1.917650676310581,0.0,0,,random_actions,random_actions:panel_2:2:1022013:0
shared,shared,random_actions,2,30000,1,reference,panel_2,1022013,2dddbec8d912e499d67bcd252c203fe74ef4a848b39b6fd531a1e5535e99be07,1,0,32,-0.3200000000000001,-0.007599999999999871,9,23,12,12,28,9,1,1.894619469033291,0.0,0,,random_actions,random_actions:panel_2:2:1022013:1
shared,shared,random_actions,2,30000,1,reference,panel_2,1022014,8b739e8926ffe9ba1e411df37b3a60675e7de61acb06a32e292e187ce0a96fa5,0,1,16,0.84,1.0468000000000002,6,10,3,8,16,7,0,0.45178095810000096,0.0,0,,random_actions,random_actions:panel_2:2:1022014:0
shared,shared,random_actions,2,30000,1,reference,panel_2,1022014,8b739e8926ffe9ba1e411df37b3a60675e7de61acb06a32e292e187ce0a96fa5,1,0,32,-0.3200000000000001,-0.018399999999999944,17,15,9,7,28,7,1,1.911262604042002,0.0,0,,random_actions,random_actions:panel_2:2:1022014:1
shared,shared,random_actions,2,30000,1,reference,panel_2,1022015,423b0737c8101bb5cc3c14984a4a66a8482c33911eca97d7d0df5a349eb1aee0,0,1,12,0.88,1.07,4,8,2,7,12,6,0,0.3047469662000005,0.0,0,,random_actions,random_actions:panel_2:2:1022015:0
shared,shared,random_actions,2,30000,1,reference,panel_2,1022015,423b0737c8101bb5cc3c14984a4a66a8482c33911eca97d7d0df5a349eb1aee0,1,1,9,0.91,1.0964,3,6,2,5,9,5,0,0.18568269620000022,0.0,0,,random_actions,random_actions:panel_2:2:1022015:1
shared,shared,random_actions,2,30000,1,reference,panel_2,1022016,669d0d2b455aa989716cf7f8a6228866cb02a5103996a5463b67289bd229a3a9,0,1,19,0.8099999999999999,0.8884000000000001,6,13,7,7,19,7,0,0.6980331900000013,0.0,0,,random_actions,random_actions:panel_2:2:1022016:0
shared,shared,random_actions,2,30000,1,reference,panel_2,1022016,669d0d2b455aa989716cf7f8a6228866cb02a5103996a5463b67289bd229a3a9,1,1,1,0.99,1.03,0,1,0,2,1,1,0,0.0,0.0,0,,random_actions,random_actions:panel_2:2:1022016:1
shared,shared,random_actions,2,30000,1,reference,panel_2,1022017,766739e5c7038c163ba3b8a176659ceeb2a23ded97b8b721cada05f859ed614a,0,1,18,0.82,1.0072,3,15,6,10,18,9,0,0.5516162722710009,0.0,0,,random_actions,random_actions:panel_2:2:1022017:0
shared,shared,random_actions,2,30000,1,reference,panel_2,1022017,766739e5c7038c163ba3b8a176659ceeb2a23ded97b8b721cada05f859ed614a,1,0,32,-0.3200000000000001,-0.08960000000000001,7,25,13,13,29,11,1,2.006985184234292,0.0,0,,random_actions,random_actions:panel_2:2:1022017:1
shared,shared,random_actions,2,30000,1,reference,panel_2,1022018,fd139adc3ec555a01fe748b93d2b4b5bcbaae6000e43873353465c4a50a5dcc3,0,0,32,-0.3200000000000001,0.008400000000000074,5,27,18,10,31,14,1,1.9635848612560016,0.0,0,,random_actions,random_actions:panel_2:2:1022018:0
shared,shared,random_actions,2,30000,1,reference,panel_2,1022018,fd139adc3ec555a01fe748b93d2b4b5bcbaae6000e43873353465c4a50a5dcc3,1,0,32,-0.3200000000000001,0.08160000000000017,10,22,11,12,30,11,1,1.8726957392819439,0.0,0,,random_actions,random_actions:panel_2:2:1022018:1
shared,shared,random_actions,2,30000,1,reference,panel_2,1022019,ae4e2dedb18fa25058ff41483046e6ca51d95e1a2a06e77d104d72ad25af76bf,0,0,32,-0.3200000000000001,-0.061999999999999944,6,26,15,12,28,11,1,1.9508942954280015,0.0,0,,random_actions,random_actions:panel_2:2:1022019:0
shared,shared,random_actions,2,30000,1,reference,panel_2,1022019,ae4e2dedb18fa25058ff41483046e6ca51d95e1a2a06e77d104d72ad25af76bf,1,0,32,-0.3200000000000001,-0.03439999999999982,10,22,16,7,29,10,1,1.9498965754657118,0.0,0,,random_actions,random_actions:panel_2:2:1022019:1
shared,shared,random_actions,2,30000,1,reference,panel_2,1022020,d0d20e814ab69a7fae52359eb587c4a4bf21ee3edacc5202286b9b42ca6b4f6b,0,0,32,-0.3200000000000001,0.03320000000000026,4,28,17,12,28,11,1,1.8647351128459437,0.0,0,,random_actions,random_actions:panel_2:2:1022020:0
shared,shared,random_actions,2,30000,1,reference,panel_2,1022020,d0d20e814ab69a7fae52359eb587c4a4bf21ee3edacc5202286b9b42ca6b4f6b,1,0,32,-0.3200000000000001,-0.04719999999999992,7,25,13,13,31,13,1,2.0146989922052914,0.0,0,,random_actions,random_actions:panel_2:2:1022020:1
shared,shared,random_actions,2,30000,1,reference,panel_2,1022021,84e54b83b12794a873065e959c36f21477e18b7aed1fc0e81d6c6759e1075c0f,0,1,1,0.99,1.03,0,1,0,2,1,1,0,0.0,0.0,0,,random_actions,random_actions:panel_2:2:1022021:0
shared,shared,random_actions,2,30000,1,reference,panel_2,1022021,84e54b83b12794a873065e959c36f21477e18b7aed1fc0e81d6c6759e1075c0f,1,0,32,-0.3200000000000001,-0.18039999999999984,11,21,8,14,31,10,1,2.141302837457001,0.0,0,,random_actions,random_actions:panel_2:2:1022021:1
shared,shared,random_actions,2,30000,1,reference,panel_2,1022022,255969c3d6641da940b2ccd612d761df38f44f43d3f74f9024bc97561e11157f,0,0,32,-0.3200000000000001,-0.00879999999999985,6,26,17,10,29,12,1,1.924173646119291,0.0,0,,random_actions,random_actions:panel_2:2:1022022:0
shared,shared,random_actions,2,30000,1,reference,panel_2,1022022,255969c3d6641da940b2ccd612d761df38f44f43d3f74f9024bc97561e11157f,1,0,32,-0.3200000000000001,-0.01359999999999982,7,25,17,9,30,12,1,1.9536904207395809,0.0,0,,random_actions,random_actions:panel_2:2:1022022:1
shared,shared,random_actions,2,30000,1,reference,panel_2,1022023,f21aadccefbf20523d81451de58f92016be22c7ac97bb6e4002e1f93b2ea60ab,0,0,32,-0.3200000000000001,-0.021999999999999867,9,23,13,11,27,8,1,1.8824289775850012,0.0,0,,random_actions,random_actions:panel_2:2:1022023:0
shared,shared,random_actions,2,30000,1,reference,panel_2,1022023,f21aadccefbf20523d81451de58f92016be22c7ac97bb6e4002e1f93b2ea60ab,1,0,32,-0.3200000000000001,0.023600000000000176,4,28,18,11,28,12,1,1.871917022807711,0.0,0,,random_actions,random_actions:panel_2:2:1022023:1
shared,shared,random_actions,2,30000,1,reference,panel_2,1022024,31775ecb77fe9e621af69ba5b526bfd4b5d465135182a1fb0486d4f4ec557589,0,0,32,-0.3200000000000001,-0.005199999999999844,9,23,16,8,29,10,1,1.9241420760560004,0.0,0,,random_actions,random_actions:panel_2:2:1022024:0
shared,shared,random_actions,2,30000,1,reference,panel_2,1022024,31775ecb77fe9e621af69ba5b526bfd4b5d465135182a1fb0486d4f4ec557589,1,1,17,0.83,1.0452000000000001,3,14,4,11,17,9,0,0.4847205169570007,0.0,0,,random_actions,random_actions:panel_2:2:1022024:1
shared,shared,random_actions,2,30000,1,reference,panel_2,1022025,d3fedccaf3c08c41dc6c7a1ce06b431a1f7fe4fea7a9080aae91786cdafa4337,0,0,32,-0.3200000000000001,-0.11479999999999994,6,26,19,8,29,11,1,2.021524688100002,0.0,0,,random_actions,random_actions:panel_2:2:1022025:0
shared,shared,random_actions,2,30000,1,reference,panel_2,1022025,d3fedccaf3c08c41dc6c7a1ce06b431a1f7fe4fea7a9080aae91786cdafa4337,1,0,32,-0.3200000000000001,-0.0667999999999999,12,20,11,10,31,10,1,2.031319739419293,0.0,0,,random_actions,random_actions:panel_2:2:1022025:1
shared,shared,random_actions,2,30000,1,reference,panel_2,1022026,5ac1841938f396c9992194f9eb0148b9a0a44019e0dc2f14449d63998bf66417,0,0,32,-0.3200000000000001,-0.0816,15,17,7,11,27,5,1,1.949699733541003,0.0,0,,random_actions,random_actions:panel_2:2:1022026:0
shared,shared,random_actions,2,30000,1,reference,panel_2,1022026,5ac1841938f396c9992194f9eb0148b9a0a44019e0dc2f14449d63998bf66417,1,0,32,-0.3200000000000001,-0.14639999999999997,9,23,16,8,29,9,1,2.052050772400002,0.0,0,,random_actions,random_actions:panel_2:2:1022026:1
shared,shared,random_actions,2,30000,1,reference,panel_2,1022027,f91661c4e36f29d6339d8bb9986cf010e75370dc75acaa3bd83e3091833650d4,0,1,22,0.7799999999999999,1.0288000000000002,12,10,2,9,22,7,0,0.6578385501724501,0.0,0,,random_actions,random_actions:panel_2:2:1022027:0
shared,shared,random_actions,2,30000,1,reference,panel_2,1022027,f91661c4e36f29d6339d8bb9986cf010e75370dc75acaa3bd83e3091833650d4,1,0,32,-0.3200000000000001,-0.02079999999999984,7,25,17,9,32,14,1,2.0172372016888716,0.0,0,,random_actions,random_actions:panel_2:2:1022027:1
shared,shared,random_actions,2,30000,1,reference,panel_2,1022028,b3a4730c8829aae1772efc24c2f4a71dc3793b0a20b6b4264abbb8801c087f8f,0,1,13,0.87,1.0588,3,10,2,9,13,7,0,0.34672284810000054,0.0,0,,random_actions,random_actions:panel_2:2:1022028:0
shared,shared,random_actions,2,30000,1,reference,panel_2,1022028,b3a4730c8829aae1772efc24c2f4a71dc3793b0a20b6b4264abbb8801c087f8f,1,1,13,0.87,1.0732000000000002,3,10,1,10,13,7,0,0.33285639240000053,0.0,0,,random_actions,random_actions:panel_2:2:1022028:1
shared,shared,random_actions,2,30000,1,reference,panel_2,1022029,3b01f2c2b1d9287361b6b39588cc5b5b557cecb514dfb5f89649669da5a3a5de,0,0,32,-0.3200000000000001,0.03000000000000011,7,25,11,15,29,12,1,1.8926940331535818,0.0,0,,random_actions,random_actions:panel_2:2:1022029:0
shared,shared,random_actions,2,30000,1,reference,panel_2,1022029,3b01f2c2b1d9287361b6b39588cc5b5b557cecb514dfb5f89649669da5a3a5de,1,0,32,-0.3200000000000001,0.051600000000000174,11,21,13,9,28,9,1,1.8452731746018711,0.0,0,,random_actions,random_actions:panel_2:2:1022029:1
shared,shared,random_actions,2,30000,1,reference,panel_2,1022030,32624273e5b7f1d85d8ca86e966514f0e8075742452fdcc3ff5d07ede26ec71f,0,0,32,-0.3200000000000001,-0.0871999999999999,13,19,12,8,30,9,1,2.022194211000002,0.0,0,,random_actions,random_actions:panel_2:2:1022030:0
shared,shared,random_actions,2,30000,1,reference,panel_2,1022030,32624273e5b7f1d85d8ca86e966514f0e8075742452fdcc3ff5d07ede26ec71f,1,1,27,0.73,0.9316,2,25,13,13,27,14,0,0.904786502400002,0.0,0,,random_actions,random_actions:panel_2:2:1022030:1
shared,shared,random_actions,2,30000,1,reference,panel_2,1022031,708b4fbb0fcb10dacc2f446a4a2234d1113f8c97ab065468757e1792ffb3835e,0,0,32,-0.3200000000000001,0.3772000000000003,16,16,12,5,24,6,1,1.494769967688892,0.0,0,,random_actions,random_actions:panel_2:2:1022031:0
shared,shared,random_actions,2,30000,1,reference,panel_2,1022031,708b4fbb0fcb10dacc2f446a4a2234d1113f8c97ab065468757e1792ffb3835e,1,0,32,-0.3200000000000001,0.35080000000000033,15,17,11,7,24,6,1,1.5110155051643845,0.0,0,,random_actions,random_actions:panel_2:2:1022031:1
shared,shared,random_actions,2,30000,1,reference,panel_2,1022032,8f2889903a799643da66714df93a41d10dd20fad495983b5d47eb16c6a039e41,0,1,2,0.98,1.0612,0,2,0,3,2,2,0,0.0,0.0,0,,random_actions,random_actions:panel_2:2:1022032:0
shared,shared,random_actions,2,30000,1,reference,panel_2,1022032,8f2889903a799643da66714df93a41d10dd20fad495983b5d47eb16c6a039e41,1,0,32,-0.3200000000000001,-0.12719999999999987,12,20,15,6,29,8,1,2.0360134810000017,0.0,0,,random_actions,random_actions:panel_2:2:1022032:1
shared,shared,random_actions,2,30000,1,reference,panel_2,1022033,2925364e50def0ebc9d594b4987808f575b555c56b762d559296d1876423344e,0,1,32,0.6799999999999999,0.92,5,27,17,11,32,15,0,1.072671802142002,0.0,0,,random_actions,random_actions:panel_2:2:1022033:0
shared,shared,random_actions,2,30000,1,reference,panel_2,1022033,2925364e50def0ebc9d594b4987808f575b555c56b762d559296d1876423344e,1,0,32,-0.3200000000000001,-0.08599999999999997,1,31,21,11,32,16,1,2.077964953914002,0.0,0,,random_actions,random_actions:panel_2:2:1022033:1
shared,shared,random_actions,2,30000,1,reference,panel_2,1022034,270d8515fe376fb4ce536d3a6846584e950952359b3e8d53217a6147a99f1709,0,0,32,-0.3200000000000001,-0.1439999999999999,14,18,12,7,31,9,1,2.1048606667000023,0.0,0,,random_actions,random_actions:panel_2:2:1022034:0
shared,shared,random_actions,2,30000,1,reference,panel_2,1022034,270d8515fe376fb4ce536d3a6846584e950952359b3e8d53217a6147a99f1709,1,0,32,-0.3200000000000001,-0.1379999999999998,16,16,11,6,30,7,1,2.071313949100001,0.0,0,,random_actions,random_actions:panel_2:2:1022034:1
shared,shared,random_actions,2,30000,1,reference,panel_2,1022035,40812198f49cffcd516f6b9f807a40c5db2cedaca4a9b8bc3a81b53975e01fc6,0,1,19,0.8099999999999999,0.9888000000000001,2,17,8,10,19,10,0,0.6001445824000012,0.0,0,,random_actions,random_actions:panel_2:2:1022035:0
shared,shared,random_actions,2,30000,1,reference,panel_2,1022035,40812198f49cffcd516f6b9f807a40c5db2cedaca4a9b8bc3a81b53975e01fc6,1,0,32,-0.3200000000000001,-0.0643999999999999,9,23,14,10,27,9,1,1.9301445030912912,0.0,0,,random_actions,random_actions:panel_2:2:1022035:1
shared,shared,random_actions,2,30000,1,reference,panel_2,1022036,665c5c0dc48340bf257817579d9e2561cfe6f12d678eab89ec93bba361ee191f,0,0,32,-0.3200000000000001,0.021200000000000135,10,22,17,6,28,8,1,1.87722252959174,0.0,0,,random_actions,random_actions:panel_2:2:1022036:0
shared,shared,random_actions,2,30000,1,reference,panel_2,1022036,665c5c0dc48340bf257817579d9e2561cfe6f12d678eab89ec93bba361ee191f,1,0,32,-0.3200000000000001,0.010400000000000159,20,12,5,8,31,7,1,1.9605659749627695,0.0,0,,random_actions,random_actions:panel_2:2:1022036:1
shared,shared,random_actions,2,30000,1,reference,panel_2,1022037,1d4b9974f27afddf31818dbf221b75d1829ca3f248b4a9cfaecd69a1695f3571,0,0,32,-0.3200000000000001,0.10720000000000016,12,20,12,9,31,11,1,1.8749611851581172,0.0,0,,random_actions,random_actions:panel_2:2:1022037:0
shared,shared,random_actions,2,30000,1,reference,panel_2,1022037,1d4b9974f27afddf31818dbf221b75d1829ca3f248b4a9cfaecd69a1695f3571,1,0,32,-0.3200000000000001,0.11680000000000014,16,16,8,9,27,6,1,1.7578371114806388,0.0,0,,random_actions,random_actions:panel_2:2:1022037:1
shared,shared,random_actions,2,30000,1,reference,panel_2,1022038,a46dc24fe518aa06c4d7dac3adb1eec654c6de540c59264b35f191be2424dae3,0,0,32,-0.3200000000000001,0.012800000000000145,15,17,14,4,28,7,1,1.8804845187714503,0.0,0,,random_actions,random_actions:panel_2:2:1022038:0
shared,shared,random_actions,2,30000,1,reference,panel_2,1022038,a46dc24fe518aa06c4d7dac3adb1eec654c6de540c59264b35f191be2424dae3,1,0,32,-0.3200000000000001,-0.021999999999999874,12,20,13,8,32,11,1,2.0181234624482913,0.0,0,,random_actions,random_actions:panel_2:2:1022038:1
shared,shared,random_actions,2,30000,1,reference,panel_2,1022039,858be5fee443aa03f1adc14032d4338df303edda94714b17052fdd7f184ff900,0,1,25,0.7499999999999999,0.9600000000000001,10,15,10,6,25,9,0,0.8150930467000016,0.0,0,,random_actions,random_actions:panel_2:2:1022039:0
shared,shared,random_actions,2,30000,1,reference,panel_2,1022039,858be5fee443aa03f1adc14032d4338df303edda94714b17052fdd7f184ff900,1,0,32,-0.3200000000000001,-0.0919999999999998,14,18,6,13,29,8,1,2.0033859093570014,0.0,0,,random_actions,random_actions:panel_2:2:1022039:1
shared,shared,random_actions,2,30000,1,reference,panel_2,1022040,5eed1ae06a924db4692b5134d1e8166adf3e9caacf45027adb6b16c522e235a5,0,1,4,0.96,1.0848,1,3,0,4,4,3,0,0.03970000000000007,0.0,0,,random_actions,random_actions:panel_2:2:1022040:0
shared,shared,random_actions,2,30000,1,reference,panel_2,1022040,5eed1ae06a924db4692b5134d1e8166adf3e9caacf45027adb6b16c522e235a5,1,1,8,0.9199999999999999,1.052,1,7,4,4,8,5,0,0.19611800000000024,0.0,0,,random_actions,random_actions:panel_2:2:1022040:1
shared,shared,random_actions,2,30000,1,reference,panel_2,1022041,140da004a355e645ab6bcac66ce48eab9e9eb44b9f5e4455fd4a25aa61e3dfcc,0,1,10,0.9,0.998,6,4,0,5,10,3,0,0.3104540000000008,0.0,0,,random_actions,random_actions:panel_2:2:1022041:0
shared,shared,random_actions,2,30000,1,reference,panel_2,1022041,140da004a355e645ab6bcac66ce48eab9e9eb44b9f5e4455fd4a25aa61e3dfcc,1,1,11,0.89,0.9904000000000001,3,8,5,4,11,5,0,0.3489987300000007,0.0,0,,random_actions,random_actions:panel_2:2:1022041:1
shared,shared,random_actions,2,30000,1,reference,panel_2,1022042,b504610ee609f888e1131e68c71c6597e7281431165ac8288140974e7cd4ac76,0,0,32,-0.3200000000000001,0.052800000000000125,11,21,15,7,29,9,1,1.8717966568043196,0.0,0,,random_actions,random_actions:panel_2:2:1022042:0
shared,shared,random_actions,2,30000,1,reference,panel_2,1022042,b504610ee609f888e1131e68c71c6597e7281431165ac8288140974e7cd4ac76,1,1,29,0.71,1.0204000000000002,10,19,7,13,29,12,0,0.8860387286622915,0.0,0,,random_actions,random_actions:panel_2:2:1022042:1
shared,shared,random_actions,2,30000,1,reference,panel_2,1022043,4724e3eaea5da6385d2edf3006632431499cfb75311ac24ffd9dd0abde5f2f25,0,1,16,0.84,1.2040000000000002,3,13,5,9,16,10,0,0.3121301958724497,0.0,0,,random_actions,random_actions:panel_2:2:1022043:0
shared,shared,random_actions,2,30000,1,reference,panel_2,1022043,4724e3eaea5da6385d2edf3006632431499cfb75311ac24ffd9dd0abde5f2f25,1,0,32,-0.3200000000000001,0.17120000000000019,14,18,10,9,30,10,1,1.7903476627123205,0.0,0,,random_actions,random_actions:panel_2:2:1022043:1
shared,shared,random_actions,2,30000,1,reference,panel_2,1022044,9b0721a4684840c895249bc85691708c7af2cbcdf0ff940746236bef85962bd1,0,0,32,-0.3200000000000001,0.008000000000000118,13,19,13,7,27,8,1,1.8679272198560004,0.0,0,,random_actions,random_actions:panel_2:2:1022044:0
shared,shared,random_actions,2,30000,1,reference,panel_2,1022044,9b0721a4684840c895249bc85691708c7af2cbcdf0ff940746236bef85962bd1,1,0,32,-0.3200000000000001,-0.023199999999999915,10,22,16,7,28,10,1,1.915850065685002,0.0,0,,random_actions,random_actions:panel_2:2:1022044:1
shared,shared,random_actions,2,30000,1,reference,panel_2,1022045,bbafeb0a56a42c5dc444767a2daa500f01743c57eaa5770179d4a00e9d1d4ec5,0,1,2,0.98,1.0612,0,2,0,3,2,2,0,0.0,0.0,0,,random_actions,random_actions:panel_2:2:1022045:0
shared,shared,random_actions,2,30000,1,reference,panel_2,1022045,bbafeb0a56a42c5dc444767a2daa500f01743c57eaa5770179d4a00e9d1d4ec5,1,0,32,-0.3200000000000001,-0.12959999999999994,13,19,10,10,32,10,1,2.1198021712570023,0.0,0,,random_actions,random_actions:panel_2:2:1022045:1
shared,shared,random_actions,2,30000,1,reference,panel_2,1022046,742e104fed832181dd783ba8d0764a71b54914794fe5e7bcf4cd3956e3832466,0,1,7,0.9299999999999999,1.0232,1,6,2,5,7,4,0,0.19258073000000042,0.0,0,,random_actions,random_actions:panel_2:2:1022046:0
shared,shared,random_actions,2,30000,1,reference,panel_2,1022046,742e104fed832181dd783ba8d0764a71b54914794fe5e7bcf4cd3956e3832466,1,1,13,0.87,0.98,3,10,6,5,13,6,0,0.4213241900000011,0.0,0,,random_actions,random_actions:panel_2:2:1022046:1
shared,shared,random_actions,2,30000,1,reference,panel_2,1022047,509a9008a37c7b01157a3763a8d6695d4cb3f8a6cb77882bb7f921ab0074fec5,0,1,29,0.71,0.8136000000000001,8,21,16,6,29,11,0,1.081967920000002,0.0,0,,random_actions,random_actions:panel_2:2:1022047:0
shared,shared,random_actions,2,30000,1,reference,panel_2,1022047,509a9008a37c7b01157a3763a8d6695d4cb3f8a6cb77882bb7f921ab0074fec5,1,0,32,-0.3200000000000001,-0.14919999999999994,13,19,11,9,28,6,1,2.0339985531560023,0.0,0,,random_actions,random_actions:panel_2:2:1022047:1
shared,shared,random_actions,2,30000,1,reference,panel_2,1022048,33170dc12acbcdec92dbcfd6cc596207e3fd5f7e097b539f49e7048c291ec99f,0,0,32,-0.3200000000000001,-0.045999999999999916,10,22,17,6,31,12,1,2.011770717200002,0.0,0,,random_actions,random_actions:panel_2:2:1022048:0
shared,shared,random_actions,2,30000,1,reference,panel_2,1022048,33170dc12acbcdec92dbcfd6cc596207e3fd5f7e097b539f49e7048c291ec99f,1,1,14,0.86,1.056,4,10,4,7,14,7,0,0.3808523672140006,0.0,0,,random_actions,random_actions:panel_2:2:1022048:1
shared,shared,random_actions,2,30000,1,reference,panel_2,1022049,8f598c2ff859ff50a223407e2957e17e1c4bacd898b74780f4276ef0ca6a7c97,0,0,32,-0.3200000000000001,0.033600000000000116,7,25,16,10,32,14,1,1.9680214381879437,0.0,0,,random_actions,random_actions:panel_2:2:1022049:0
shared,shared,random_actions,2,30000,1,reference,panel_2,1022049,8f598c2ff859ff50a223407e2957e17e1c4bacd898b74780f4276ef0ca6a7c97,1,0,32,-0.3200000000000001,0.03720000000000015,8,24,17,8,28,10,1,1.8584199692902912,0.0,0,,random_actions,random_actions:panel_2:2:1022049:1
shared,shared,random_actions,2,30000,1,reference,panel_2,1022050,b892f0093d1a505e52b091ef9ca2fcf8004e2b3bc1940664ab66956c1af06978,0,0,32,-0.3200000000000001,-0.07399999999999995,18,14,9,6,27,4,1,1.9376809591140023,0.0,0,,random_actions,random_actions:panel_2:2:1022050:0
shared,shared,random_actions,2,30000,1,reference,panel_2,1022050,b892f0093d1a505e52b091ef9ca2fcf8004e2b3bc1940664ab66956c1af06978,1,1,23,0.7699999999999999,0.962,14,9,6,4,23,6,0,0.7505404100000018,0.0,0,,random_actions,random_actions:panel_2:2:1022050:1
shared,shared,random_actions,2,30000,1,reference,panel_2,1022051,34da3d42d7cee9dd38be292b5f1fb0ddb39106cb2d65c22fa5306c5233fc3997,0,0,32,-0.3200000000000001,0.13160000000000005,7,25,15,11,28,12,1,1.781307696889987,0.0,0,,random_actions,random_actions:panel_2:2:1022051:0
shared,shared,random_actions,2,30000,1,reference,panel_2,1022051,34da3d42d7cee9dd38be292b5f1fb0ddb39106cb2d65c22fa5306c5233fc3997,1,0,32,-0.3200000000000001,0.1376000000000001,11,21,13,9,31,12,1,1.8495664314890594,0.0,0,,random_actions,random_actions:panel_2:2:1022051:1
shared,shared,random_actions,2,30000,1,reference,panel_2,1022052,fb09a004e8e13b562840d154d85a9ccf0064faf5b0636668712d8bbcc43b0c32,0,0,32,-0.3200000000000001,-0.027999999999999886,8,24,9,16,28,10,1,1.919592165056002,0.0,0,,random_actions,random_actions:panel_2:2:1022052:0
shared,shared,random_actions,2,30000,1,reference,panel_2,1022052,fb09a004e8e13b562840d154d85a9ccf0064faf5b0636668712d8bbcc43b0c32,1,1,12,0.88,1.076,4,8,2,7,12,6,0,0.29900420240000014,0.0,0,,random_actions,random_actions:panel_2:2:1022052:1
shared,shared,random_actions,2,30000,1,reference,panel_2,1022053,5f96d7c35a5595f55ca645a729606bc7cd6f00b6b07a3efa3e72c606be58a158,0,1,15,0.85,0.9284,4,11,5,7,15,6,0,0.5346110381000012,0.0,0,,random_actions,random_actions:panel_2:2:1022053:0
shared,shared,random_actions,2,30000,1,reference,panel_2,1022053,5f96d7c35a5595f55ca645a729606bc7cd6f00b6b07a3efa3e72c606be58a158,1,1,2,0.98,1.0212,1,1,0,2,2,1,0,0.03970000000000007,0.0,0,,random_actions,random_actions:panel_2:2:1022053:1
shared,shared,random_actions,2,30000,1,reference,panel_2,1022054,ebacbab321513182eebcf2740cc30d16f6f9da7623e31fc2f3fecb494e91c1d1,0,0,32,-0.3200000000000001,0.019200000000000127,9,23,13,11,31,13,1,1.951992239162292,0.0,0,,random_actions,random_actions:panel_2:2:1022054:0
shared,shared,random_actions,2,30000,1,reference,panel_2,1022054,ebacbab321513182eebcf2740cc30d16f6f9da7623e31fc2f3fecb494e91c1d1,1,0,32,-0.3200000000000001,0.0924000000000001,16,16,12,5,28,7,1,1.8184540485004517,0.0,0,,random_actions,random_actions:panel_2:2:1022054:1
shared,shared,random_actions,2,30000,1,reference,panel_2,1022055,a0b3244320010c72f10bacd8a64288a0c0f971336447c6d9e1465d14c372c945,0,1,13,0.87,1.0248,2,11,4,8,13,7,0,0.37826342620000075,0.0,0,,random_actions,random_actions:panel_2:2:1022055:0
shared,shared,random_actions,2,30000,1,reference,panel_2,1022055,a0b3244320010c72f10bacd8a64288a0c0f971336447c6d9e1465d14c372c945,1,0,32,-0.3200000000000001,-0.013999999999999818,5,27,14,14,29,11,1,1.9335550283115817,0.0,0,,random_actions,random_actions:panel_2:2:1022055:1
shared,shared,random_actions,2,30000,1,reference,panel_2,1022056,e49a73edfbf14f62badb56deb77ef61fac72cc1747cf829b3650c098b1d60caf,0,0,32,-0.3200000000000001,-0.11479999999999997,10,22,16,7,31,11,1,2.076717654300002,0.0,0,,random_actions,random_actions:panel_2:2:1022056:0
shared,shared,random_actions,2,30000,1,reference,panel_2,1022056,e49a73edfbf14f62badb56deb77ef61fac72cc1747cf829b3650c098b1d60caf,1,1,12,0.88,1.0312000000000001,1,11,5,7,12,7,0,0.34087503810000075,0.0,0,,random_actions,random_actions:panel_2:2:1022056:1
shared,shared,random_actions,2,30000,1,reference,panel_2,1022057,577b0e2520504c4479ace1d823672d2dc01b06ec7a206ce697a1b955639c835e,0,0,32,-0.3200000000000001,0.07240000000000008,14,18,8,11,27,9,1,1.8092824130888707,0.0,0,,random_actions,random_actions:panel_2:2:1022057:0
shared,shared,random_actions,2,30000,1,reference,panel_2,1022057,577b0e2520504c4479ace1d823672d2dc01b06ec7a206ce697a1b955639c835e,1,0,32,-0.3200000000000001,0.1372000000000002,15,17,10,8,31,10,1,1.8484928488670453,0.0,0,,random_actions,random_actions:panel_2:2:1022057:1
shared,shared,random_actions,2,30000,1,reference,panel_2,1022058,0be7a21c4ab11b67b53f002368797c0fcf9e0582972cb732b0a3536b5a69bcb1,0,1,1,0.99,1.03,0,1,0,2,1,1,0,0.0,0.0,0,,random_actions,random_actions:panel_2:2:1022058:0
shared,shared,random_actions,2,30000,1,reference,panel_2,1022058,0be7a21c4ab11b67b53f002368797c0fcf9e0582972cb732b0a3536b5a69bcb1,1,1,1,0.99,1.03,0,1,0,2,1,1,0,0.0,0.0,0,,random_actions,random_actions:panel_2:2:1022058:1
shared,shared,random_actions,2,30000,1,reference,panel_2,1022059,ed95a6750996c7d57c518c0481ba59bff0c190e0d9e2d47589a6ccea92979aee,0,1,2,0.98,1.0212,1,1,0,2,2,1,0,0.03970000000000007,0.0,0,,random_actions,random_actions:panel_2:2:1022059:0
shared,shared,random_actions,2,30000,1,reference,panel_2,1022059,ed95a6750996c7d57c518c0481ba59bff0c190e0d9e2d47589a6ccea92979aee,1,1,8,0.9199999999999999,0.9684,7,1,0,2,8,1,0,0.2779000000000005,0.0,0,,random_actions,random_actions:panel_2:2:1022059:1
shared,shared,random_actions,2,30000,1,reference,panel_2,1022060,0ccacc0ff2169d743155b25cd98ac9117d2022561a49ad32ff65abfe3d7b58e3,0,1,4,0.96,1.0848,1,3,0,4,4,3,0,0.03970000000000007,0.0,0,,random_actions,random_actions:panel_2:2:1022060:0
shared,shared,random_actions,2,30000,1,reference,panel_2,1022060,0ccacc0ff2169d743155b25cd98ac9117d2022561a49ad32ff65abfe3d7b58e3,1,0,32,-0.3200000000000001,-0.08839999999999988,16,16,11,6,28,6,1,1.9712438631570017,0.0,0,,random_actions,random_actions:panel_2:2:1022060:1
shared,shared,random_actions,2,30000,1,reference,panel_2,1022061,2cab0eb934c7dd9fa10145ddabb92456439fe2a60f1a0efd50cd2b431619c47d,0,1,30,0.7,0.9016000000000001,19,11,4,8,30,7,0,1.0271422200000024,0.0,0,,random_actions,random_actions:panel_2:2:1022061:0
shared,shared,random_actions,2,30000,1,reference,panel_2,1022061,2cab0eb934c7dd9fa10145ddabb92456439fe2a60f1a0efd50cd2b431619c47d,1,1,12,0.88,1.0312000000000001,5,7,2,6,12,5,0,0.3408403800000007,0.0,0,,random_actions,random_actions:panel_2:2:1022061:1
shared,shared,random_actions,2,30000,1,reference,panel_2,1022062,0cd42d9099634d397decf5246c77b70313abcf20abeba7cebefec51e9b0aa7ac,0,1,7,0.9299999999999999,1.0196,1,6,2,5,7,4,0,0.19611800000000024,0.0,0,,random_actions,random_actions:panel_2:2:1022062:0
shared,shared,random_actions,2,30000,1,reference,panel_2,1022062,0cd42d9099634d397decf5246c77b70313abcf20abeba7cebefec51e9b0aa7ac,1,0,32,-0.3200000000000001,-0.04439999999999983,15,17,7,11,30,7,1,1.9879321556513794,0.0,0,,random_actions,random_actions:panel_2:2:1022062:1
shared,shared,random_actions,2,30000,1,reference,panel_2,1022063,2c983c0d6d3488c7d55781007507d8dd710438e3d39c57ef85aaa533855db703,0,0,32,-0.3200000000000001,-0.09239999999999979,11,21,15,7,30,9,1,2.0314917469420015,0.0,0,,random_actions,random_actions:panel_2:2:1022063:0
shared,shared,random_actions,2,30000,1,reference,panel_2,1022063,2c983c0d6d3488c7d55781007507d8dd710438e3d39c57ef85aaa533855db703,1,1,4,0.96,1.0472000000000001,0,4,1,4,4,3,0,0.07586273000000021,0.0,0,,random_actions,random_actions:panel_2:2:1022063:1
shared,shared,shortest_path,0,30000,1,reference,panel_2,1022000,7c700ebbe0160a1e41a4f3fdc7f3b9ec7934b8eba4888c419604b53d9f09cc63,0,1,2,0.98,1.0612,0,2,0,3,2,2,0,0.0,0.0,0,,shortest_path,shortest_path:panel_2:0:1022000:0
shared,shared,shortest_path,0,30000,1,reference,panel_2,1022001,294ae36ff3fef617e5c6fbcc07614bd23981701b6fc60194fe9e1499b32011fb,0,1,5,0.95,1.162,0,5,0,6,5,5,0,0.0,0.0,0,,shortest_path,shortest_path:panel_2:0:1022001:0
shared,shared,shortest_path,0,30000,1,reference,panel_2,1022002,be8b12c491020798883ad0280d382808c1d6b2f548f0f3c341ada3e932a09026,0,1,4,0.96,1.1272,0,4,0,5,4,4,0,0.0,0.0,0,,shortest_path,shortest_path:panel_2:0:1022002:0
shared,shared,shortest_path,0,30000,1,reference,panel_2,1022003,9ee52be70009eb883d94c08863e58e241029a3811daacb3136853cbd9e57d71e,0,1,3,0.97,1.0936,0,3,0,4,3,3,0,0.0,0.0,0,,shortest_path,shortest_path:panel_2:0:1022003:0
shared,shared,shortest_path,0,30000,1,reference,panel_2,1022004,6f19fa9f872bb2a4c479137041e35c7ec9523054a59f6fe5271b66dc6bc66ab9,0,1,5,0.95,1.162,0,5,0,6,5,5,0,0.0,0.0,0,,shortest_path,shortest_path:panel_2:0:1022004:0
shared,shared,shortest_path,0,30000,1,reference,panel_2,1022005,b74df23325499e7d535e72bdf009f58c1a3ed0c81b8ed99212e3d9269b99b099,0,1,3,0.97,1.0936,0,3,0,4,3,3,0,0.0,0.0,0,,shortest_path,shortest_path:panel_2:0:1022005:0
shared,shared,shortest_path,0,30000,1,reference,panel_2,1022006,c3756b40daa8c3daed6c1d096e0c4de9fb321f1547ee976d03a18203ead340fc,0,1,7,0.9299999999999999,1.2352,0,7,0,8,7,7,0,0.0,0.0,0,,shortest_path,shortest_path:panel_2:0:1022006:0
shared,shared,shortest_path,0,30000,1,reference,panel_2,1022007,9bf07b08658307b68c10f7c93c315f2b9aad2420bf6d266898dcad3e5d6e10e0,0,1,4,0.96,1.1272,0,4,0,5,4,4,0,0.0,0.0,0,,shortest_path,shortest_path:panel_2:0:1022007:0
shared,shared,shortest_path,0,30000,1,reference,panel_2,1022008,56844a61531aac4e5fbd56441195c9848ecc1366b2a089efe5af157bd467002d,0,1,6,0.94,1.198,0,6,0,7,6,6,0,0.0,0.0,0,,shortest_path,shortest_path:panel_2:0:1022008:0
shared,shared,shortest_path,0,30000,1,reference,panel_2,1022009,38376b3cecf71cd187811dd19eccabb123118a6fe2db811d8b6d8a8392bc7398,0,1,3,0.97,1.0936,0,3,0,4,3,3,0,0.0,0.0,0,,shortest_path,shortest_path:panel_2:0:1022009:0
shared,shared,shortest_path,0,30000,1,reference,panel_2,1022010,a3df4171b2c9730098c481b9e8f177d81b92cff1cf19ee328dfcf96dadb5c49a,0,1,4,0.96,1.1272,0,4,0,5,4,4,0,0.0,0.0,0,,shortest_path,shortest_path:panel_2:0:1022010:0
shared,shared,shortest_path,0,30000,1,reference,panel_2,1022011,a334e022d8c82c9c68a9494b6e13ea46c78b6ddad0cb881503298c6605897833,0,1,4,0.96,1.1272,0,4,0,5,4,4,0,0.0,0.0,0,,shortest_path,shortest_path:panel_2:0:1022011:0
shared,shared,shortest_path,0,30000,1,reference,panel_2,1022012,d7630e459807c9b58310895d522d9be71ca0eb690706c07fcd24224459ebbcdb,0,1,5,0.95,1.162,0,5,0,6,5,5,0,0.0,0.0,0,,shortest_path,shortest_path:panel_2:0:1022012:0
shared,shared,shortest_path,0,30000,1,reference,panel_2,1022013,2dddbec8d912e499d67bcd252c203fe74ef4a848b39b6fd531a1e5535e99be07,0,1,4,0.96,1.1272,0,4,0,5,4,4,0,0.0,0.0,0,,shortest_path,shortest_path:panel_2:0:1022013:0
shared,shared,shortest_path,0,30000,1,reference,panel_2,1022014,8b739e8926ffe9ba1e411df37b3a60675e7de61acb06a32e292e187ce0a96fa5,0,1,4,0.96,1.1272,0,4,0,5,4,4,0,0.0,0.0,0,,shortest_path,shortest_path:panel_2:0:1022014:0
shared,shared,shortest_path,0,30000,1,reference,panel_2,1022015,423b0737c8101bb5cc3c14984a4a66a8482c33911eca97d7d0df5a349eb1aee0,0,1,4,0.96,1.1272,0,4,0,5,4,4,0,0.0,0.0,0,,shortest_path,shortest_path:panel_2:0:1022015:0
shared,shared,shortest_path,0,30000,1,reference,panel_2,1022016,669d0d2b455aa989716cf7f8a6228866cb02a5103996a5463b67289bd229a3a9,0,1,1,0.99,1.03,0,1,0,2,1,1,0,0.0,0.0,0,,shortest_path,shortest_path:panel_2:0:1022016:0
shared,shared,shortest_path,0,30000,1,reference,panel_2,1022017,766739e5c7038c163ba3b8a176659ceeb2a23ded97b8b721cada05f859ed614a,0,1,3,0.97,1.0936,0,3,0,4,3,3,0,0.0,0.0,0,,shortest_path,shortest_path:panel_2:0:1022017:0
shared,shared,shortest_path,0,30000,1,reference,panel_2,1022018,fd139adc3ec555a01fe748b93d2b4b5bcbaae6000e43873353465c4a50a5dcc3,0,1,5,0.95,1.162,0,5,0,6,5,5,0,0.0,0.0,0,,shortest_path,shortest_path:panel_2:0:1022018:0
shared,shared,shortest_path,0,30000,1,reference,panel_2,1022019,ae4e2dedb18fa25058ff41483046e6ca51d95e1a2a06e77d104d72ad25af76bf,0,1,3,0.97,1.0936,0,3,0,4,3,3,0,0.0,0.0,0,,shortest_path,shortest_path:panel_2:0:1022019:0
shared,shared,shortest_path,0,30000,1,reference,panel_2,1022020,d0d20e814ab69a7fae52359eb587c4a4bf21ee3edacc5202286b9b42ca6b4f6b,0,1,4,0.96,1.1272,0,4,0,5,4,4,0,0.0,0.0,0,,shortest_path,shortest_path:panel_2:0:1022020:0
shared,shared,shortest_path,0,30000,1,reference,panel_2,1022021,84e54b83b12794a873065e959c36f21477e18b7aed1fc0e81d6c6759e1075c0f,0,1,1,0.99,1.03,0,1,0,2,1,1,0,0.0,0.0,0,,shortest_path,shortest_path:panel_2:0:1022021:0
shared,shared,shortest_path,0,30000,1,reference,panel_2,1022022,255969c3d6641da940b2ccd612d761df38f44f43d3f74f9024bc97561e11157f,0,1,4,0.96,1.1272,0,4,0,5,4,4,0,0.0,0.0,0,,shortest_path,shortest_path:panel_2:0:1022022:0
shared,shared,shortest_path,0,30000,1,reference,panel_2,1022023,f21aadccefbf20523d81451de58f92016be22c7ac97bb6e4002e1f93b2ea60ab,0,1,4,0.96,1.1272,0,4,0,5,4,4,0,0.0,0.0,0,,shortest_path,shortest_path:panel_2:0:1022023:0
shared,shared,shortest_path,0,30000,1,reference,panel_2,1022024,31775ecb77fe9e621af69ba5b526bfd4b5d465135182a1fb0486d4f4ec557589,0,1,4,0.96,1.1272,0,4,0,5,4,4,0,0.0,0.0,0,,shortest_path,shortest_path:panel_2:0:1022024:0
shared,shared,shortest_path,0,30000,1,reference,panel_2,1022025,d3fedccaf3c08c41dc6c7a1ce06b431a1f7fe4fea7a9080aae91786cdafa4337,0,1,3,0.97,1.0936,0,3,0,4,3,3,0,0.0,0.0,0,,shortest_path,shortest_path:panel_2:0:1022025:0
shared,shared,shortest_path,0,30000,1,reference,panel_2,1022026,5ac1841938f396c9992194f9eb0148b9a0a44019e0dc2f14449d63998bf66417,0,1,2,0.98,1.0612,0,2,0,3,2,2,0,0.0,0.0,0,,shortest_path,shortest_path:panel_2:0:1022026:0
shared,shared,shortest_path,0,30000,1,reference,panel_2,1022027,f91661c4e36f29d6339d8bb9986cf010e75370dc75acaa3bd83e3091833650d4,0,1,4,0.96,1.1272,0,4,0,5,4,4,0,0.0,0.0,0,,shortest_path,shortest_path:panel_2:0:1022027:0
shared,shared,shortest_path,0,30000,1,reference,panel_2,1022028,b3a4730c8829aae1772efc24c2f4a71dc3793b0a20b6b4264abbb8801c087f8f,0,1,4,0.96,1.1272,0,4,0,5,4,4,0,0.0,0.0,0,,shortest_path,shortest_path:panel_2:0:1022028:0
shared,shared,shortest_path,0,30000,1,reference,panel_2,1022029,3b01f2c2b1d9287361b6b39588cc5b5b557cecb514dfb5f89649669da5a3a5de,0,1,5,0.95,1.162,0,5,0,6,5,5,0,0.0,0.0,0,,shortest_path,shortest_path:panel_2:0:1022029:0
shared,shared,shortest_path,0,30000,1,reference,panel_2,1022030,32624273e5b7f1d85d8ca86e966514f0e8075742452fdcc3ff5d07ede26ec71f,0,1,3,0.97,1.0936,0,3,0,4,3,3,0,0.0,0.0,0,,shortest_path,shortest_path:panel_2:0:1022030:0
shared,shared,shortest_path,0,30000,1,reference,panel_2,1022031,708b4fbb0fcb10dacc2f446a4a2234d1113f8c97ab065468757e1792ffb3835e,0,1,9,0.91,1.3132000000000001,0,9,0,10,9,9,0,0.0,0.0,0,,shortest_path,shortest_path:panel_2:0:1022031:0
shared,shared,shortest_path,0,30000,1,reference,panel_2,1022032,8f2889903a799643da66714df93a41d10dd20fad495983b5d47eb16c6a039e41,0,1,2,0.98,1.0612,0,2,0,3,2,2,0,0.0,0.0,0,,shortest_path,shortest_path:panel_2:0:1022032:0
shared,shared,shortest_path,0,30000,1,reference,panel_2,1022033,2925364e50def0ebc9d594b4987808f575b555c56b762d559296d1876423344e,0,1,3,0.97,1.0936,0,3,0,4,3,3,0,0.0,0.0,0,,shortest_path,shortest_path:panel_2:0:1022033:0
shared,shared,shortest_path,0,30000,1,reference,panel_2,1022034,270d8515fe376fb4ce536d3a6846584e950952359b3e8d53217a6147a99f1709,0,1,2,0.98,1.0612,0,2,0,3,2,2,0,0.0,0.0,0,,shortest_path,shortest_path:panel_2:0:1022034:0
shared,shared,shortest_path,0,30000,1,reference,panel_2,1022035,40812198f49cffcd516f6b9f807a40c5db2cedaca4a9b8bc3a81b53975e01fc6,0,1,3,0.97,1.0936,0,3,0,4,3,3,0,0.0,0.0,0,,shortest_path,shortest_path:panel_2:0:1022035:0
shared,shared,shortest_path,0,30000,1,reference,panel_2,1022036,665c5c0dc48340bf257817579d9e2561cfe6f12d678eab89ec93bba361ee191f,0,1,4,0.96,1.1272,0,4,0,5,4,4,0,0.0,0.0,0,,shortest_path,shortest_path:panel_2:0:1022036:0
shared,shared,shortest_path,0,30000,1,reference,panel_2,1022037,1d4b9974f27afddf31818dbf221b75d1829ca3f248b4a9cfaecd69a1695f3571,0,1,6,0.94,1.198,0,6,0,7,6,6,0,0.0,0.0,0,,shortest_path,shortest_path:panel_2:0:1022037:0
shared,shared,shortest_path,0,30000,1,reference,panel_2,1022038,a46dc24fe518aa06c4d7dac3adb1eec654c6de540c59264b35f191be2424dae3,0,1,4,0.96,1.1272,0,4,0,5,4,4,0,0.0,0.0,0,,shortest_path,shortest_path:panel_2:0:1022038:0
shared,shared,shortest_path,0,30000,1,reference,panel_2,1022039,858be5fee443aa03f1adc14032d4338df303edda94714b17052fdd7f184ff900,0,1,3,0.97,1.0936,0,3,0,4,3,3,0,0.0,0.0,0,,shortest_path,shortest_path:panel_2:0:1022039:0
shared,shared,shortest_path,0,30000,1,reference,panel_2,1022040,5eed1ae06a924db4692b5134d1e8166adf3e9caacf45027adb6b16c522e235a5,0,1,3,0.97,1.0936,0,3,0,4,3,3,0,0.0,0.0,0,,shortest_path,shortest_path:panel_2:0:1022040:0
shared,shared,shortest_path,0,30000,1,reference,panel_2,1022041,140da004a355e645ab6bcac66ce48eab9e9eb44b9f5e4455fd4a25aa61e3dfcc,0,1,2,0.98,1.0612,0,2,0,3,2,2,0,0.0,0.0,0,,shortest_path,shortest_path:panel_2:0:1022041:0
shared,shared,shortest_path,0,30000,1,reference,panel_2,1022042,b504610ee609f888e1131e68c71c6597e7281431165ac8288140974e7cd4ac76,0,1,5,0.95,1.162,0,5,0,6,5,5,0,0.0,0.0,0,,shortest_path,shortest_path:panel_2:0:1022042:0
shared,shared,shortest_path,0,30000,1,reference,panel_2,1022043,4724e3eaea5da6385d2edf3006632431499cfb75311ac24ffd9dd0abde5f2f25,0,1,7,0.9299999999999999,1.2352,0,7,0,8,7,7,0,0.0,0.0,0,,shortest_path,shortest_path:panel_2:0:1022043:0
shared,shared,shortest_path,0,30000,1,reference,panel_2,1022044,9b0721a4684840c895249bc85691708c7af2cbcdf0ff940746236bef85962bd1,0,1,4,0.96,1.1272,0,4,0,5,4,4,0,0.0,0.0,0,,shortest_path,shortest_path:panel_2:0:1022044:0
shared,shared,shortest_path,0,30000,1,reference,panel_2,1022045,bbafeb0a56a42c5dc444767a2daa500f01743c57eaa5770179d4a00e9d1d4ec5,0,1,2,0.98,1.0612,0,2,0,3,2,2,0,0.0,0.0,0,,shortest_path,shortest_path:panel_2:0:1022045:0
shared,shared,shortest_path,0,30000,1,reference,panel_2,1022046,742e104fed832181dd783ba8d0764a71b54914794fe5e7bcf4cd3956e3832466,0,1,2,0.98,1.0612,0,2,0,3,2,2,0,0.0,0.0,0,,shortest_path,shortest_path:panel_2:0:1022046:0
shared,shared,shortest_path,0,30000,1,reference,panel_2,1022047,509a9008a37c7b01157a3763a8d6695d4cb3f8a6cb77882bb7f921ab0074fec5,0,1,1,0.99,1.03,0,1,0,2,1,1,0,0.0,0.0,0,,shortest_path,shortest_path:panel_2:0:1022047:0
shared,shared,shortest_path,0,30000,1,reference,panel_2,1022048,33170dc12acbcdec92dbcfd6cc596207e3fd5f7e097b539f49e7048c291ec99f,0,1,4,0.96,1.1272,0,4,0,5,4,4,0,0.0,0.0,0,,shortest_path,shortest_path:panel_2:0:1022048:0
shared,shared,shortest_path,0,30000,1,reference,panel_2,1022049,8f598c2ff859ff50a223407e2957e17e1c4bacd898b74780f4276ef0ca6a7c97,0,1,5,0.95,1.162,0,5,0,6,5,5,0,0.0,0.0,0,,shortest_path,shortest_path:panel_2:0:1022049:0
shared,shared,shortest_path,0,30000,1,reference,panel_2,1022050,b892f0093d1a505e52b091ef9ca2fcf8004e2b3bc1940664ab66956c1af06978,0,1,3,0.97,1.0936,0,3,0,4,3,3,0,0.0,0.0,0,,shortest_path,shortest_path:panel_2:0:1022050:0
shared,shared,shortest_path,0,30000,1,reference,panel_2,1022051,34da3d42d7cee9dd38be292b5f1fb0ddb39106cb2d65c22fa5306c5233fc3997,0,1,7,0.9299999999999999,1.2352,0,7,0,8,7,7,0,0.0,0.0,0,,shortest_path,shortest_path:panel_2:0:1022051:0
shared,shared,shortest_path,0,30000,1,reference,panel_2,1022052,fb09a004e8e13b562840d154d85a9ccf0064faf5b0636668712d8bbcc43b0c32,0,1,4,0.96,1.1272,0,4,0,5,4,4,0,0.0,0.0,0,,shortest_path,shortest_path:panel_2:0:1022052:0
shared,shared,shortest_path,0,30000,1,reference,panel_2,1022053,5f96d7c35a5595f55ca645a729606bc7cd6f00b6b07a3efa3e72c606be58a158,0,1,1,0.99,1.03,0,1,0,2,1,1,0,0.0,0.0,0,,shortest_path,shortest_path:panel_2:0:1022053:0
shared,shared,shortest_path,0,30000,1,reference,panel_2,1022054,ebacbab321513182eebcf2740cc30d16f6f9da7623e31fc2f3fecb494e91c1d1,0,1,5,0.95,1.162,0,5,0,6,5,5,0,0.0,0.0,0,,shortest_path,shortest_path:panel_2:0:1022054:0
shared,shared,shortest_path,0,30000,1,reference,panel_2,1022055,a0b3244320010c72f10bacd8a64288a0c0f971336447c6d9e1465d14c372c945,0,1,3,0.97,1.0936,0,3,0,4,3,3,0,0.0,0.0,0,,shortest_path,shortest_path:panel_2:0:1022055:0
shared,shared,shortest_path,0,30000,1,reference,panel_2,1022056,e49a73edfbf14f62badb56deb77ef61fac72cc1747cf829b3650c098b1d60caf,0,1,3,0.97,1.0936,0,3,0,4,3,3,0,0.0,0.0,0,,shortest_path,shortest_path:panel_2:0:1022056:0
shared,shared,shortest_path,0,30000,1,reference,panel_2,1022057,577b0e2520504c4479ace1d823672d2dc01b06ec7a206ce697a1b955639c835e,0,1,6,0.94,1.198,0,6,0,7,6,6,0,0.0,0.0,0,,shortest_path,shortest_path:panel_2:0:1022057:0
shared,shared,shortest_path,0,30000,1,reference,panel_2,1022058,0be7a21c4ab11b67b53f002368797c0fcf9e0582972cb732b0a3536b5a69bcb1,0,1,1,0.99,1.03,0,1,0,2,1,1,0,0.0,0.0,0,,shortest_path,shortest_path:panel_2:0:1022058:0
shared,shared,shortest_path,0,30000,1,reference,panel_2,1022059,ed95a6750996c7d57c518c0481ba59bff0c190e0d9e2d47589a6ccea92979aee,0,1,1,0.99,1.03,0,1,0,2,1,1,0,0.0,0.0,0,,shortest_path,shortest_path:panel_2:0:1022059:0
shared,shared,shortest_path,0,30000,1,reference,panel_2,1022060,0ccacc0ff2169d743155b25cd98ac9117d2022561a49ad32ff65abfe3d7b58e3,0,1,3,0.97,1.0936,0,3,0,4,3,3,0,0.0,0.0,0,,shortest_path,shortest_path:panel_2:0:1022060:0
shared,shared,shortest_path,0,30000,1,reference,panel_2,1022061,2cab0eb934c7dd9fa10145ddabb92456439fe2a60f1a0efd50cd2b431619c47d,0,1,3,0.97,1.0936,0,3,0,4,3,3,0,0.0,0.0,0,,shortest_path,shortest_path:panel_2:0:1022061:0
shared,shared,shortest_path,0,30000,1,reference,panel_2,1022062,0cd42d9099634d397decf5246c77b70313abcf20abeba7cebefec51e9b0aa7ac,0,1,2,0.98,1.0612,0,2,0,3,2,2,0,0.0,0.0,0,,shortest_path,shortest_path:panel_2:0:1022062:0
shared,shared,shortest_path,0,30000,1,reference,panel_2,1022063,2c983c0d6d3488c7d55781007507d8dd710438e3d39c57ef85aaa533855db703,0,1,2,0.98,1.0612,0,2,0,3,2,2,0,0.0,0.0,0,,shortest_path,shortest_path:panel_2:0:1022063:0
shared,shared,random_actions,0,30000,1,reference,panel_3,1023000,b63b4a8bc6864de6229408449b25f973acbd2dbdfd5b5248b647df1c4e9fbad4,0,0,32,-0.3200000000000001,0.08200000000000014,16,16,12,5,29,9,1,1.8440964380168707,0.0,0,,random_actions,random_actions:panel_3:0:1023000:0
shared,shared,random_actions,0,30000,1,reference,panel_3,1023000,b63b4a8bc6864de6229408449b25f973acbd2dbdfd5b5248b647df1c4e9fbad4,1,1,23,0.7699999999999999,1.1072000000000002,9,14,5,10,23,10,0,0.6184752578420015,0.0,0,,random_actions,random_actions:panel_3:0:1023000:1
shared,shared,random_actions,0,30000,1,reference,panel_3,1023001,2da5cd5171f42d790f266743969c8403bf4a4f790604e42585de98f421be1964,0,1,24,0.7599999999999999,1.0292000000000001,12,12,5,8,24,8,0,0.7194984206270019,0.0,0,,random_actions,random_actions:panel_3:0:1023001:0
shared,shared,random_actions,0,30000,1,reference,panel_3,1023001,2da5cd5171f42d790f266743969c8403bf4a4f790604e42585de98f421be1964,1,0,32,-0.3200000000000001,-0.04959999999999988,9,23,12,12,31,12,1,2.0157166061990024,0.0,0,,random_actions,random_actions:panel_3:0:1023001:1
shared,shared,random_actions,0,30000,1,reference,panel_3,1023002,d73c477586f1d0de35ac27244e7bcfae1e916aa2fdd6f7c39a5b44be58b73b92,0,1,1,0.99,1.03,0,1,0,2,1,1,0,0.0,0.0,0,,random_actions,random_actions:panel_3:0:1023002:0
shared,shared,random_actions,0,30000,1,reference,panel_3,1023002,d73c477586f1d0de35ac27244e7bcfae1e916aa2fdd6f7c39a5b44be58b73b92,1,1,15,0.85,0.9284,2,13,6,8,15,7,0,0.5345763800000012,0.0,0,,random_actions,random_actions:panel_3:0:1023002:1
shared,shared,random_actions,0,30000,1,reference,panel_3,1023003,a870ab6154eedf236893f991d1999fc37be0f3fedbcfdbc3f9cd37d5b6c0aecc,0,1,12,0.88,1.0288,5,7,1,7,12,5,0,0.34325703810000063,0.0,0,,random_actions,random_actions:panel_3:0:1023003:0
shared,shared,random_actions,0,30000,1,reference,panel_3,1023003,a870ab6154eedf236893f991d1999fc37be0f3fedbcfdbc3f9cd37d5b6c0aecc,1,1,9,0.91,1.0528,2,7,2,6,9,5,0,0.22653796620000033,0.0,0,,random_actions,random_actions:panel_3:0:1023003:1
shared,shared,random_actions,0,30000,1,reference,panel_3,1023004,c0b0470822d81ce8bc1f06019fe7b79b7ab928d175aa67d117705c60fff10ac2,0,1,12,0.88,1.0724,2,10,6,5,12,7,0,0.30233030810000083,0.0,0,,random_actions,random_actions:panel_3:0:1023004:0
shared,shared,random_actions,0,30000,1,reference,panel_3,1023004,c0b0470822d81ce8bc1f06019fe7b79b7ab928d175aa67d117705c60fff10ac2,1,0,32,-0.3200000000000001,0.06080000000000019,16,16,11,6,26,5,1,1.7921734056780303,0.0,0,,random_actions,random_actions:panel_3:0:1023004:1
shared,shared,random_actions,0,30000,1,reference,panel_3,1023005,1664c6ef347fc573922477986f70b47a24aa4d2f4b17bccd5d4e3349715afd37,0,0,32,-0.3200000000000001,-0.019599999999999868,9,23,16,8,30,11,1,1.9615062220130017,0.0,0,,random_actions,random_actions:panel_3:0:1023005:0
shared,shared,random_actions,0,30000,1,reference,panel_3,1023005,1664c6ef347fc573922477986f70b47a24aa4d2f4b17bccd5d4e3349715afd37,1,0,32,-0.3200000000000001,-0.021999999999999867,9,23,16,8,31,12,1,1.9892461226420017,0.0,0,,random_actions,random_actions:panel_3:0:1023005:1
shared,shared,random_actions,0,30000,1,reference,panel_3,1023006,fb71c287ab2e67c2e415dbd6edc475c63c523102353578650bfebd5a2bce2839,0,0,32,-0.3200000000000001,-0.04759999999999995,11,21,15,7,30,9,1,1.989790042770002,0.0,0,,random_actions,random_actions:panel_3:0:1023006:0
shared,shared,random_actions,0,30000,1,reference,panel_3,1023006,fb71c287ab2e67c2e415dbd6edc475c63c523102353578650bfebd5a2bce2839,1,1,3,0.97,1.0936,0,3,0,4,3,3,0,0.0,0.0,0,,random_actions,random_actions:panel_3:0:1023006:1
shared,shared,random_actions,0,30000,1,reference,panel_3,1023007,2e92cd630944f79edcd436f7bcbf48da85b2d32f85763e6ad60971cdc329ef2f,0,1,31,0.69,1.0444000000000002,13,18,7,12,31,11,0,0.9271215762774805,0.0,0,,random_actions,random_actions:panel_3:0:1023007:0
shared,shared,random_actions,0,30000,1,reference,panel_3,1023007,2e92cd630944f79edcd436f7bcbf48da85b2d32f85763e6ad60971cdc329ef2f,1,0,32,-0.3200000000000001,0.036800000000000166,12,20,14,7,28,8,1,1.8610470571211903,0.0,0,,random_actions,random_actions:panel_3:0:1023007:1
shared,shared,random_actions,0,30000,1,reference,panel_3,1023008,0c040bd2456d5e111be0dea27450470949a485e4e4d25df146ad5e0e47e86fbd,0,1,5,0.95,1.122,1,4,0,5,5,4,0,0.03623311809999996,0.0,0,,random_actions,random_actions:panel_3:0:1023008:0
shared,shared,random_actions,0,30000,1,reference,panel_3,1023008,0c040bd2456d5e111be0dea27450470949a485e4e4d25df146ad5e0e47e86fbd,1,1,20,0.7999999999999999,1.038,10,10,4,7,20,7,0,0.5853676072000001,0.0,0,,random_actions,random_actions:panel_3:0:1023008:1
shared,shared,random_actions,0,30000,1,reference,panel_3,1023009,fadd7564dad85997f023efcc24a7885d108471253dd47bd838a699c0886c7272,0,1,8,0.9199999999999999,0.9744,3,5,0,6,8,3,0,0.27194500000000055,0.0,0,,random_actions,random_actions:panel_3:0:1023009:0
shared,shared,random_actions,0,30000,1,reference,panel_3,1023009,fadd7564dad85997f023efcc24a7885d108471253dd47bd838a699c0886c7272,1,1,7,0.9299999999999999,0.982,2,5,2,4,7,3,0,0.23343600000000042,0.0,0,,random_actions,random_actions:panel_3:0:1023009:1
shared,shared,random_actions,0,30000,1,reference,panel_3,1023010,ba7424f2314f7e6bd932cef6402504a611a1116db4ae8e656399b227ade8a98c,0,0,32,-0.3200000000000001,-0.10559999999999986,9,23,13,11,29,10,1,2.020320755428001,0.0,0,,random_actions,random_actions:panel_3:0:1023010:0
shared,shared,random_actions,0,30000,1,reference,panel_3,1023010,ba7424f2314f7e6bd932cef6402504a611a1116db4ae8e656399b227ade8a98c,1,0,32,-0.3200000000000001,-0.11999999999999987,8,24,14,11,28,9,1,2.003975441257002,0.0,0,,random_actions,random_actions:panel_3:0:1023010:1
shared,shared,random_actions,0,30000,1,reference,panel_3,1023011,39c5c53165819ba3800f6f13688b2bf72bc9f3834be9ea27f260875d7a8eaddd,0,0,32,-0.3200000000000001,0.17000000000000015,12,20,14,7,31,12,1,1.819669201600029,0.0,0,,random_actions,random_actions:panel_3:0:1023011:0
shared,shared,random_actions,0,30000,1,reference,panel_3,1023011,39c5c53165819ba3800f6f13688b2bf72bc9f3834be9ea27f260875d7a8eaddd,1,0,32,-0.3200000000000001,0.23480000000000037,19,13,10,4,26,5,1,1.6528749624828916,0.0,0,,random_actions,random_actions:panel_3:0:1023011:1
shared,shared,random_actions,0,30000,1,reference,panel_3,1023012,8a1b7837a3f5a02ee616c76e7aa22670aff57d9959fbfd252b7c6c8ff66043bc,0,1,15,0.85,1.0884,6,9,1,9,15,7,0,0.38305997265700087,0.0,0,,random_actions,random_actions:panel_3:0:1023012:0
shared,shared,random_actions,0,30000,1,reference,panel_3,1023012,8a1b7837a3f5a02ee616c76e7aa22670aff57d9959fbfd252b7c6c8ff66043bc,1,0,32,-0.3200000000000001,0.03480000000000019,7,25,12,14,28,10,1,1.8680260983169439,0.0,0,,random_actions,random_actions:panel_3:0:1023012:1
shared,shared,random_actions,0,30000,1,reference,panel_3,1023013,8ff7973e4c0ec8de74c4dacb7fac38f74ec3860ea442b72c4b7cad12fad44173,0,1,23,0.7699999999999999,1.02,9,14,6,9,23,9,0,0.6967199878420015,0.0,0,,random_actions,random_actions:panel_3:0:1023013:0
shared,shared,random_actions,0,30000,1,reference,panel_3,1023013,8ff7973e4c0ec8de74c4dacb7fac38f74ec3860ea442b72c4b7cad12fad44173,1,1,25,0.7499999999999999,0.9832000000000001,9,16,8,9,25,10,0,0.7938448524000019,0.0,0,,random_actions,random_actions:panel_3:0:1023013:1
shared,shared,random_actions,0,30000,1,reference,panel_3,1023014,b54e0b1f1a6101661474278b89b4913c67114b799d53a793fc2f3966b550070c,0,0,32,-0.3200000000000001,0.17560000000000023,10,22,16,7,26,7,1,1.6990259009766802,0.0,0,,random_actions,random_actions:panel_3:0:1023014:0
shared,shared,random_actions,0,30000,1,reference,panel_3,1023014,b54e0b1f1a6101661474278b89b4913c67114b799d53a793fc2f3966b550070c,1,0,32,-0.3200000000000001,0.06280000000000008,16,16,9,8,28,7,1,1.8446452175850014,0.0,0,,random_actions,random_actions:panel_3:0:1023014:1
shared,shared,random_actions,0,30000,1,reference,panel_3,1023015,c6bc33ed73ae48c7ee9e790a29db80d42c4142113bad55a0f9137ae92c24d3b7,0,0,32,-0.3200000000000001,0.18400000000000027,8,24,12,13,28,10,1,1.7345382846123496,0.0,0,,random_actions,random_actions:panel_3:0:1023015:0
shared,shared,random_actions,0,30000,1,reference,panel_3,1023015,c6bc33ed73ae48c7ee9e790a29db80d42c4142113bad55a0f9137ae92c24d3b7,1,0,32,-0.3200000000000001,0.08800000000000019,11,21,13,9,28,9,1,1.819979245747292,0.0,0,,random_actions,random_actions:panel_3:0:1023015:1
shared,shared,random_actions,0,30000,1,reference,panel_3,1023016,5fa5658fb1bd49c0c7c51113c7546d3c028fdbb06a8b6aa92f2d01ebb18a4ae8,0,0,32,-0.3200000000000001,-0.15119999999999983,15,17,12,6,31,8,1,2.1117229705000025,0.0,0,,random_actions,random_actions:panel_3:0:1023016:0
shared,shared,random_actions,0,30000,1,reference,panel_3,1023016,5fa5658fb1bd49c0c7c51113c7546d3c028fdbb06a8b6aa92f2d01ebb18a4ae8,1,1,6,0.94,1.0296,2,4,1,4,6,3,0,0.15522700000000034,0.0,0,,random_actions,random_actions:panel_3:0:1023016:1
shared,shared,random_actions,0,30000,1,reference,panel_3,1023017,987b691369f1d70352c8680dfaf05e5912e72395e1399b15f752a1ae5be6ac41,0,1,19,0.8099999999999999,1.0796000000000001,6,13,5,9,19,9,0,0.5169135515115806,0.0,0,,random_actions,random_actions:panel_3:0:1023017:0
shared,shared,random_actions,0,30000,1,reference,panel_3,1023017,987b691369f1d70352c8680dfaf05e5912e72395e1399b15f752a1ae5be6ac41,1,0,32,-0.3200000000000001,0.016800000000000148,10,22,16,7,29,11,1,1.9026807646685813,0.0,0,,random_actions,random_actions:panel_3:0:1023017:1
shared,shared,random_actions,0,30000,1,reference,panel_3,1023018,93e9bd3c4ed43bea09639fb057ee566e9a4baf894a99aeef2860f97f1076760b,0,1,11,0.89,0.9916,1,10,4,7,11,6,0,0.34784346000000066,0.0,0,,random_actions,random_actions:panel_3:0:1023018:0
shared,shared,random_actions,0,30000,1,reference,panel_3,1023018,93e9bd3c4ed43bea09639fb057ee566e9a4baf894a99aeef2860f97f1076760b,1,1,29,0.71,0.8944000000000001,11,18,13,6,29,10,0,1.0032585658140019,0.0,0,,random_actions,random_actions:panel_3:0:1023018:1
shared,shared,random_actions,0,30000,1,reference,panel_3,1023019,d21d47ba60984a2b9858123f57d8b108dad941d5fdb724af013ce043972a560e,0,0,32,-0.3200000000000001,-0.09679999999999994,5,27,16,12,30,13,1,2.0351837977140015,0.0,0,,random_actions,random_actions:panel_3:0:1023019:0
shared,shared,random_actions,0,30000,1,reference,panel_3,1023019,d21d47ba60984a2b9858123f57d8b108dad941d5fdb724af013ce043972a560e,1,0,32,-0.3200000000000001,-0.07399999999999986,11,21,15,7,28,8,1,1.9588793227710015,0.0,0,,random_actions,random_actions:panel_3:0:1023019:1
shared,shared,random_actions,0,30000,1,reference,panel_3,1023020,372a53fc7c309500c4ccf5244b75b28b6ae21541dac0db3783dac94ea6ec1d23,0,1,6,0.94,0.9932000000000001,1,5,1,5,6,3,0,0.19142546000000038,0.0,0,,random_actions,random_actions:panel_3:0:1023020:0
shared,shared,random_actions,0,30000,1,reference,panel_3,1023020,372a53fc7c309500c4ccf5244b75b28b6ae21541dac0db3783dac94ea6ec1d23,1,1,29,0.71,0.8460000000000001,6,23,15,9,29,12,0,1.0511851922710018,0.0,0,,random_actions,random_actions:panel_3:0:1023020:1
shared,shared,random_actions,0,30000,1,reference,panel_3,1023021,15a689f3cf18f19b9a93303ce629ae698ad1ef99f5369a7e70aa3ad1ec977b63,0,1,3,0.97,1.0124,2,1,0,2,3,1,0,0.07940000000000014,0.0,0,,random_actions,random_actions:panel_3:0:1023021:0
shared,shared,random_actions,0,30000,1,reference,panel_3,1023021,15a689f3cf18f19b9a93303ce629ae698ad1ef99f5369a7e70aa3ad1ec977b63,1,1,23,0.7699999999999999,0.9,4,19,7,13,23,10,0,0.8125507185318711,0.0,0,,random_actions,random_actions:panel_3:0:1023021:1
shared,shared,random_actions,0,30000,1,reference,panel_3,1023022,8914e4756a6f797ecdf3b3e732bf5bb6b4e021f3346f57f4384849babf7495c6,0,1,3,0.97,1.0124,2,1,0,2,3,1,0,0.07940000000000014,0.0,0,,random_actions,random_actions:panel_3:0:1023022:0
shared,shared,random_actions,0,30000,1,reference,panel_3,1023022,8914e4756a6f797ecdf3b3e732bf5bb6b4e021f3346f57f4384849babf7495c6,1,1,5,0.95,0.996,2,3,1,3,5,2,0,0.15760900000000022,0.0,0,,random_actions,random_actions:panel_3:0:1023022:1
shared,shared,random_actions,0,30000,1,reference,panel_3,1023023,ca1775f373c43bc0ea940cc2f44b1c65923c767bb2b2b4658780edbc99684473,0,1,30,0.7,0.9992000000000002,6,24,13,12,30,14,0,0.9358396574535816,0.0,0,,random_actions,random_actions:panel_3:0:1023023:0
shared,shared,random_actions,0,30000,1,reference,panel_3,1023023,ca1775f373c43bc0ea940cc2f44b1c65923c767bb2b2b4658780edbc99684473,1,0,32,-0.3200000000000001,-0.05679999999999992,3,29,20,10,30,14,1,1.994118403157002,0.0,0,,random_actions,random_actions:panel_3:0:1023023:1
shared,shared,random_actions,0,30000,1,reference,panel_3,1023024,132ee6dedbb61dd08c272e07b168d4e368e2f05733ded939ee4aaf3d89e237cc,0,1,23,0.7699999999999999,0.864,4,19,9,11,23,10,0,0.8462213800000017,0.0,0,,random_actions,random_actions:panel_3:0:1023024:0
shared,shared,random_actions,0,30000,1,reference,panel_3,1023024,132ee6dedbb61dd08c272e07b168d4e368e2f05733ded939ee4aaf3d89e237cc,1,1,22,0.7799999999999999,0.8896000000000001,3,19,9,11,22,10,0,0.7904494305000016,0.0,0,,random_actions,random_actions:panel_3:0:1023024:1
shared,shared,random_actions,0,30000,1,reference,panel_3,1023025,7f965e7a20c1fc2eea53084a38c47a31561d33e63bf0d6810115025a25ce8715,0,0,32,-0.3200000000000001,0.05680000000000032,18,14,6,9,25,3,1,1.7768518032356042,0.0,0,,random_actions,random_actions:panel_3:0:1023025:0
shared,shared,random_actions,0,30000,1,reference,panel_3,1023025,7f965e7a20c1fc2eea53084a38c47a31561d33e63bf0d6810115025a25ce8715,1,0,32,-0.3200000000000001,-0.10519999999999995,11,21,12,10,31,10,1,2.069146572334292,0.0,0,,random_actions,random_actions:panel_3:0:1023025:1
shared,shared,random_actions,0,30000,1,reference,panel_3,1023026,f7931551c601f725587f1f44312b0c385819bf5d726100b5b123c6409e6f5691,0,0,32,-0.3200000000000001,0.10120000000000012,10,22,18,5,28,10,1,1.7982007137767408,0.0,0,,random_actions,random_actions:panel_3:0:1023026:0
shared,shared,random_actions,0,30000,1,reference,panel_3,1023026,f7931551c601f725587f1f44312b0c385819bf5d726100b5b123c6409e6f5691,1,0,32,-0.3200000000000001,0.11800000000000012,13,19,16,4,27,8,1,1.7663374009868997,0.0,0,,random_actions,random_actions:panel_3:0:1023026:1
shared,shared,random_actions,0,30000,1,reference,panel_3,1023027,08fda2b326960d82e9ea52682f650de1ba4a966e5577aa6cd5142a288b18af15,0,0,32,-0.3200000000000001,-0.049199999999999855,11,21,12,10,28,7,1,1.9447471013357847,0.0,0,,random_actions,random_actions:panel_3:0:1023027:0
shared,shared,random_actions,0,30000,1,reference,panel_3,1023027,08fda2b326960d82e9ea52682f650de1ba4a966e5577aa6cd5142a288b18af15,1,0,32,-0.3200000000000001,-0.08999999999999991,8,24,13,12,28,8,1,1.9799913521371617,0.0,0,,random_actions,random_actions:panel_3:0:1023027:1
shared,shared,random_actions,0,30000,1,reference,panel_3,1023028,5b24fa6e67c1f39f2841cf1ee524a26c4c55a26c5e335b48b9650d9f6b083708,0,0,32,-0.3200000000000001,-0.06279999999999993,10,22,12,11,30,10,1,2.002069844300002,0.0,0,,random_actions,random_actions:panel_3:0:1023028:0
shared,shared,random_actions,0,30000,1,reference,panel_3,1023028,5b24fa6e67c1f39f2841cf1ee524a26c4c55a26c5e335b48b9650d9f6b083708,1,0,32,-0.3200000000000001,-0.04839999999999993,9,23,12,12,30,11,1,1.9859621648000019,0.0,0,,random_actions,random_actions:panel_3:0:1023028:1
shared,shared,random_actions,0,30000,1,reference,panel_3,1023029,38341b40712f9246c5bf1ac5db31598bce1ffaa0ccd71dd4f246b364a4f92121,0,0,32,-0.3200000000000001,0.058800000000000074,9,23,14,10,29,11,1,1.8676178453526104,0.0,0,,random_actions,random_actions:panel_3:0:1023029:0
shared,shared,random_actions,0,30000,1,reference,panel_3,1023029,38341b40712f9246c5bf1ac5db31598bce1ffaa0ccd71dd4f246b364a4f92121,1,0,32,-0.3200000000000001,0.09120000000000017,9,23,17,7,30,11,1,1.8638386379818284,0.0,0,,random_actions,random_actions:panel_3:0:1023029:1
shared,shared,random_actions,0,30000,1,reference,panel_3,1023030,8947f20d6704e43c98af188c95d0c75531ffafcf201cf26e0d88bc5b76c41361,0,0,32,-0.3200000000000001,-0.0899999999999998,14,18,9,10,29,7,1,2.0044200169420012,0.0,0,,random_actions,random_actions:panel_3:0:1023030:0
shared,shared,random_actions,0,30000,1,reference,panel_3,1023030,8947f20d6704e43c98af188c95d0c75531ffafcf201cf26e0d88bc5b76c41361,1,0,32,-0.3200000000000001,-0.1608,9,23,14,10,31,11,1,2.1209694181000023,0.0,0,,random_actions,random_actions:panel_3:0:1023030:1
shared,shared,random_actions,0,30000,1,reference,panel_3,1023031,eb06f17c001dc78860b011a0033c8aa100e13d0ce2d5caba743b96b0853fabc3,0,0,32,-0.3200000000000001,0.1056000000000002,6,26,13,14,27,10,1,1.7702583903266236,0.0,0,,random_actions,random_actions:panel_3:0:1023031:0
shared,shared,random_actions,0,30000,1,reference,panel_3,1023031,eb06f17c001dc78860b011a0033c8aa100e13d0ce2d5caba743b96b0853fabc3,1,0,32,-0.3200000000000001,0.0948000000000001,9,23,12,12,26,8,1,1.7677025956128265,0.0,0,,random_actions,random_actions:panel_3:0:1023031:1
shared,shared,random_actions,0,30000,1,reference,panel_3,1023032,95c50166442b08ab74d4c5d0d6704b4d0924f94190d36950c74b0cd80f7d14d6,0,0,32,-0.3200000000000001,0.16840000000000022,13,19,13,7,25,6,1,1.6792444475427952,0.0,0,,random_actions,random_actions:panel_3:0:1023032:0
shared,shared,random_actions,0,30000,1,reference,panel_3,1023032,95c50166442b08ab74d4c5d0d6704b4d0924f94190d36950c74b0cd80f7d14d6,1,1,25,0.7499999999999999,1.1028,9,16,6,11,25,11,0,0.6869295335567981,0.0,0,,random_actions,random_actions:panel_3:0:1023032:1
shared,shared,random_actions,0,30000,1,reference,panel_3,1023033,7d623317e5768c26850b8ac79ef3b1473b6a5809ac088b6e07955546cf5495ad,0,1,9,0.91,1.0904,3,6,1,6,9,5,0,0.1914601181000003,0.0,0,,random_actions,random_actions:panel_3:0:1023033:0
shared,shared,random_actions,0,30000,1,reference,panel_3,1023033,7d623317e5768c26850b8ac79ef3b1473b6a5809ac088b6e07955546cf5495ad,1,0,32,-0.3200000000000001,-0.07599999999999996,8,24,16,9,32,13,1,2.0695025888570022,0.0,0,,random_actions,random_actions:panel_3:0:1023033:1
shared,shared,random_actions,0,30000,1,reference,panel_3,1023034,9ba9965a96256d0debd9370b0f62b4cb38b70dca2ed0bdc3f55847dfb8438c84,0,1,8,0.9199999999999999,1.0544,1,7,2,6,8,5,0,0.19377173000000025,0.0,0,,random_actions,random_actions:panel_3:0:1023034:0
shared,shared,random_actions,0,30000,1,reference,panel_3,1023034,9ba9965a96256d0debd9370b0f62b4cb38b70dca2ed0bdc3f55847dfb8438c84,1,1,24,0.7599999999999999,0.9616,9,15,8,8,24,9,0,0.7823246988570017,0.0,0,,random_actions,random_actions:panel_3:0:1023034:1
shared,shared,random_actions,0,30000,1,reference,panel_3,1023035,dab84c3ca78157c8950c231ce7574b800fb41d7593bd7703cd5efb35fc0bd373,0,0,32,-0.3200000000000001,1.249000902703301e-16,14,18,11,8,29,8,1,1.9153971188560024,0.0,0,,random_actions,random_actions:panel_3:0:1023035:0
shared,shared,random_actions,0,30000,1,reference,panel_3,1023035,dab84c3ca78157c8950c231ce7574b800fb41d7593bd7703cd5efb35fc0bd373,1,0,32,-0.3200000000000001,0.019200000000000148,13,19,13,7,30,10,1,1.9253424522700022,0.0,0,,random_actions,random_actions:panel_3:0:1023035:1
shared,shared,random_actions,0,30000,1,reference,panel_3,1023036,6970d0359e495d9fe8343a92526aa442c0cf87cc69bad3631e7009767f3d8134,0,0,32,-0.3200000000000001,-0.07039999999999988,12,20,15,6,30,9,1,2.0086397746710016,0.0,0,,random_actions,random_actions:panel_3:0:1023036:0
shared,shared,random_actions,0,30000,1,reference,panel_3,1023036,6970d0359e495d9fe8343a92526aa442c0cf87cc69bad3631e7009767f3d8134,1,0,32,-0.3200000000000001,-0.05239999999999986,8,24,16,9,29,10,1,1.9675696473231614,0.0,0,,random_actions,random_actions:panel_3:0:1023036:1
shared,shared,random_actions,0,30000,1,reference,panel_3,1023037,56969b0dc5c02c5dbeafa82e7f582565840c7c405c849ecf4f99baa8e0b529b7,0,1,17,0.83,0.9968,2,15,8,8,17,9,0,0.5299888862000013,0.0,0,,random_actions,random_actions:panel_3:0:1023037:0
shared,shared,random_actions,0,30000,1,reference,panel_3,1023037,56969b0dc5c02c5dbeafa82e7f582565840c7c405c849ecf4f99baa8e0b529b7,1,1,26,0.74,0.9536,5,21,10,12,26,12,0,0.8526904874570016,0.0,0,,random_actions,random_actions:panel_3:0:1023037:1
shared,shared,random_actions,0,30000,1,reference,panel_3,1023038,2aacb504af986fc56526d74bdaf8490606f5bb978fc2d3e47e0cae3647863dd3,0,0,32,-0.3200000000000001,0.046400000000000136,19,13,10,4,27,3,1,1.8271401964705078,0.0,0,,random_actions,random_actions:panel_3:0:1023038:0
shared,shared,random_actions,0,30000,1,reference,panel_3,1023038,2aacb504af986fc56526d74bdaf8490606f5bb978fc2d3e47e0cae3647863dd3,1,1,26,0.74,1.0020000000000002,12,14,8,7,26,9,0,0.8075597108710005,0.0,0,,random_actions,random_actions:panel_3:0:1023038:1
shared,shared,random_actions,0,30000,1,reference,panel_3,1023039,450059c9c21c77ec3c668eff996a5a3fe6c71730e46422287a5b53926d416550,0,1,1,0.99,1.03,0,1,0,2,1,1,0,0.0,0.0,0,,random_actions,random_actions:panel_3:0:1023039:0
shared,shared,random_actions,0,30000,1,reference,panel_3,1023039,450059c9c21c77ec3c668eff996a5a3fe6c71730e46422287a5b53926d416550,1,0,32,-0.3200000000000001,-0.1432,5,27,14,14,28,9,1,2.0362398403052917,0.0,0,,random_actions,random_actions:panel_3:0:1023039:1
shared,shared,random_actions,0,30000,1,reference,panel_3,1023040,34b61fbe6bb2a4fe68ba58ce7b78489ccce2426de2955872e80e9c00941e37aa,0,0,32,-0.3200000000000001,0.18120000000000008,8,24,8,17,26,10,1,1.6859718215352912,0.0,0,,random_actions,random_actions:panel_3:0:1023040:0
shared,shared,random_actions,0,30000,1,reference,panel_3,1023040,34b61fbe6bb2a4fe68ba58ce7b78489ccce2426de2955872e80e9c00941e37aa,1,0,32,-0.3200000000000001,0.17160000000000009,7,25,16,10,29,13,1,1.7686249088632462,0.0,0,,random_actions,random_actions:panel_3:0:1023040:1
shared,shared,random_actions,0,30000,1,reference,panel_3,1023041,89933b1295d62e3e830b2cb40d01250680ae03f495989ac20378d19dabc7939a,0,0,32,-0.3200000000000001,-0.1124,8,24,17,8,30,11,1,2.0486310762000026,0.0,0,,random_actions,random_actions:panel_3:0:1023041:0
shared,shared,random_actions,0,30000,1,reference,panel_3,1023041,89933b1295d62e3e830b2cb40d01250680ae03f495989ac20378d19dabc7939a,1,1,3,0.97,1.0936,0,3,0,4,3,3,0,0.0,0.0,0,,random_actions,random_actions:panel_3:0:1023041:1
shared,shared,random_actions,0,30000,1,reference,panel_3,1023042,47814339dd16c9b9ef6d838003574021f92903c38cdc529d65b98d56670e4c5b,0,0,32,-0.3200000000000001,0.13600000000000012,18,14,11,4,27,5,1,1.7493684534864795,0.0,0,,random_actions,random_actions:panel_3:0:1023042:0
shared,shared,random_actions,0,30000,1,reference,panel_3,1023042,47814339dd16c9b9ef6d838003574021f92903c38cdc529d65b98d56670e4c5b,1,0,32,-0.3200000000000001,0.14320000000000016,13,19,14,6,28,9,1,1.7698233342451177,0.0,0,,random_actions,random_actions:panel_3:0:1023042:1
shared,shared,random_actions,0,30000,1,reference,panel_3,1023043,4bd5ccfeaff69c986d798650a032d2779324449d15bec63f9d1fc9b1c1c47b81,0,1,7,0.9299999999999999,1.0692,2,5,1,5,7,4,0,0.14832896620000025,0.0,0,,random_actions,random_actions:panel_3:0:1023043:0
shared,shared,random_actions,0,30000,1,reference,panel_3,1023043,4bd5ccfeaff69c986d798650a032d2779324449d15bec63f9d1fc9b1c1c47b81,1,1,16,0.84,1.0056,3,13,4,10,16,8,0,0.49039500430000094,0.0,0,,random_actions,random_actions:panel_3:0:1023043:1
shared,shared,random_actions,0,30000,1,reference,panel_3,1023044,00f34d31b80a70f1191a2e3f03dbd390d279781b3b590e097bd2e59134049ac7,0,1,6,0.94,1.032,2,4,1,4,6,3,0,0.15288073000000046,0.0,0,,random_actions,random_actions:panel_3:0:1023044:0
shared,shared,random_actions,0,30000,1,reference,panel_3,1023044,00f34d31b80a70f1191a2e3f03dbd390d279781b3b590e097bd2e59134049ac7,1,1,8,0.9199999999999999,1.0168000000000001,2,6,1,6,8,4,0,0.2299344600000005,0.0,0,,random_actions,random_actions:panel_3:0:1023044:1
shared,shared,random_actions,0,30000,1,reference,panel_3,1023045,47f5ba3d3ff57f29d7804be54616f68e7ff70e012336742aa1092fa66d409b9d,0,0,32,-0.3200000000000001,0.07600000000000012,11,21,12,10,31,12,1,1.9016283307371609,0.0,0,,random_actions,random_actions:panel_3:0:1023045:0
shared,shared,random_actions,0,30000,1,reference,panel_3,1023045,47f5ba3d3ff57f29d7804be54616f68e7ff70e012336742aa1092fa66d409b9d,1,0,32,-0.3200000000000001,0.07600000000000012,14,18,7,12,28,9,1,1.8268384927028707,0.0,0,,random_actions,random_actions:panel_3:0:1023045:1
shared,shared,random_actions,0,30000,1,reference,panel_3,1023046,a0f62cc82807f6012d52f4b7bafd25f26cc94e127e3d2456cf354f62d49c682e,0,1,3,0.97,1.0524,1,2,0,3,3,2,0,0.03970000000000007,0.0,0,,random_actions,random_actions:panel_3:0:1023046:0
shared,shared,random_actions,0,30000,1,reference,panel_3,1023046,a0f62cc82807f6012d52f4b7bafd25f26cc94e127e3d2456cf354f62d49c682e,1,0,32,-0.3200000000000001,-0.14639999999999992,10,22,13,10,29,8,1,2.055446194300002,0.0,0,,random_actions,random_actions:panel_3:0:1023046:1
shared,shared,random_actions,0,30000,1,reference,panel_3,1023047,771810cdfc035cdcc6151cf770c0e078862b1b92783655f1e5cc7e659cbe7acd,0,0,32,-0.3200000000000001,-0.15879999999999994,13,19,11,9,30,8,1,2.0962989475850025,0.0,0,,random_actions,random_actions:panel_3:0:1023047:0
shared,shared,random_actions,0,30000,1,reference,panel_3,1023047,771810cdfc035cdcc6151cf770c0e078862b1b92783655f1e5cc7e659cbe7acd,1,1,1,0.99,1.03,0,1,0,2,1,1,0,0.0,0.0,0,,random_actions,random_actions:panel_3:0:1023047:1
shared,shared,random_actions,0,30000,1,reference,panel_3,1023048,31eb4c3a52faf800e53fef5d9a7d60be6770dd55f94c4501ef4dcde766b5a561,0,0,32,-0.3200000000000001,-0.12839999999999996,12,20,12,9,29,7,1,2.042841158857002,0.0,0,,random_actions,random_actions:panel_3:0:1023048:0
shared,shared,random_actions,0,30000,1,reference,panel_3,1023048,31eb4c3a52faf800e53fef5d9a7d60be6770dd55f94c4501ef4dcde766b5a561,1,1,12,0.88,0.996,8,4,1,4,12,3,0,0.3746925700000009,0.0,0,,random_actions,random_actions:panel_3:0:1023048:1
shared,shared,random_actions,0,30000,1,reference,panel_3,1023049,2d3fca397ca5168280b3090b1feb01e24065f18b49236ea14b694e649fc031ed,0,1,6,0.94,1.0708,1,5,2,4,6,4,0,0.11556273000000017,0.0,0,,random_actions,random_actions:panel_3:0:1023049:0
shared,shared,random_actions,0,30000,1,reference,panel_3,1023049,2d3fca397ca5168280b3090b1feb01e24065f18b49236ea14b694e649fc031ed,1,1,23,0.7699999999999999,0.9476,6,17,12,6,23,10,0,0.7645108400000017,0.0,0,,random_actions,random_actions:panel_3:0:1023049:1
shared,shared,random_actions,0,30000,1,reference,panel_3,1023050,f1f749bb4515cb7c2ba10c0b1f69091eda6ac28ffa2698b70fa2e712fbe95b13,0,0,32,-0.3200000000000001,-0.09119999999999989,6,26,21,6,29,11,1,2.002211371756001,0.0,0,,random_actions,random_actions:panel_3:0:1023050:0
shared,shared,random_actions,0,30000,1,reference,panel_3,1023050,f1f749bb4515cb7c2ba10c0b1f69091eda6ac28ffa2698b70fa2e712fbe95b13,1,1,4,0.96,1.0472000000000001,0,4,1,4,4,3,0,0.07586273000000021,0.0,0,,random_actions,random_actions:panel_3:0:1023050:1
shared,shared,random_actions,0,30000,1,reference,panel_3,1023051,5b647a1967ad990e92d3c434f1311d2d4dca9f0ddc665ace9def640b1045eaaf,0,0,32,-0.3200000000000001,-0.03999999999999987,10,22,9,14,29,10,1,1.9557691584710017,0.0,0,,random_actions,random_actions:panel_3:0:1023051:0
shared,shared,random_actions,0,30000,1,reference,panel_3,1023051,5b647a1967ad990e92d3c434f1311d2d4dca9f0ddc665ace9def640b1045eaaf,1,1,22,0.7799999999999999,0.9988000000000001,10,12,4,9,22,8,0,0.6853209324000014,0.0,0,,random_actions,random_actions:panel_3:0:1023051:1
shared,shared,random_actions,0,30000,1,reference,panel_3,1023052,569a861e0ac550e8d1e48bedcc7123850a59d1646bf07b3d1e60621ee3ac2e9c,0,0,32,-0.3200000000000001,0.17080000000000023,8,24,15,10,25,9,1,1.6824085770471147,0.0,0,,random_actions,random_actions:panel_3:0:1023052:0
shared,shared,random_actions,0,30000,1,reference,panel_3,1023052,569a861e0ac550e8d1e48bedcc7123850a59d1646bf07b3d1e60621ee3ac2e9c,1,0,32,-0.3200000000000001,0.14680000000000015,5,27,16,12,26,10,1,1.734312340819842,0.0,0,,random_actions,random_actions:panel_3:0:1023052:1
shared,shared,random_actions,0,30000,1,reference,panel_3,1023053,46f5435b69e177913fcd8de4630d17d3d60620ceb1982fa57e883aeb3c3fc53a,0,0,32,-0.3200000000000001,0.032400000000000116,8,24,14,11,31,13,1,1.9402361687067402,0.0,0,,random_actions,random_actions:panel_3:0:1023053:0
shared,shared,random_actions,0,30000,1,reference,panel_3,1023053,46f5435b69e177913fcd8de4630d17d3d60620ceb1982fa57e883aeb3c3fc53a,1,0,32,-0.3200000000000001,0.08160000000000014,9,23,17,7,27,9,1,1.7951562448294507,0.0,0,,random_actions,random_actions:panel_3:0:1023053:1
shared,shared,random_actions,0,30000,1,reference,panel_3,1023054,77a2e535e57c9a7a8fda0680c965dbe5efac830083fe2db61c0ac439f47d5e9d,0,1,6,0.94,1.0768,1,5,1,5,6,4,0,0.10981996620000012,0.0,0,,random_actions,random_actions:panel_3:0:1023054:0
shared,shared,random_actions,0,30000,1,reference,panel_3,1023054,77a2e535e57c9a7a8fda0680c965dbe5efac830083fe2db61c0ac439f47d5e9d,1,0,32,-0.3200000000000001,-0.04039999999999985,5,27,16,12,29,11,1,1.959725332830871,0.0,0,,random_actions,random_actions:panel_3:0:1023054:1
shared,shared,random_actions,0,30000,1,reference,panel_3,1023055,05f24b13eb031ae820b885b7a152e92ad9034f6e6220718147de9999470fa703,0,1,2,0.98,1.0612,0,2,0,3,2,2,0,0.0,0.0,0,,random_actions,random_actions:panel_3:0:1023055:0
shared,shared,random_actions,0,30000,1,reference,panel_3,1023055,05f24b13eb031ae820b885b7a152e92ad9034f6e6220718147de9999470fa703,1,1,5,0.95,1.0408,1,4,0,5,5,3,0,0.1132164600000003,0.0,0,,random_actions,random_actions:panel_3:0:1023055:1
shared,shared,random_actions,0,30000,1,reference,panel_3,1023056,6c419960882984ba31de62d8947fc103c7bf2deb05a07018d5706cffba9fd94d,0,1,2,0.98,1.0212,1,1,0,2,2,1,0,0.03970000000000007,0.0,0,,random_actions,random_actions:panel_3:0:1023056:0
shared,shared,random_actions,0,30000,1,reference,panel_3,1023056,6c419960882984ba31de62d8947fc103c7bf2deb05a07018d5706cffba9fd94d,1,0,32,-0.3200000000000001,-0.08799999999999986,10,22,13,10,27,6,1,1.9599704664299007,0.0,0,,random_actions,random_actions:panel_3:0:1023056:1
shared,shared,random_actions,0,30000,1,reference,panel_3,1023057,4d50c2ef4db6c00f78d0ff3a41cadf08cd09f0a43b4939ef94129a01b9d8bbb6,0,0,32,-0.3200000000000001,0.02240000000000017,10,22,13,10,29,9,1,1.8993980376221895,0.0,0,,random_actions,random_actions:panel_3:0:1023057:0
shared,shared,random_actions,0,30000,1,reference,panel_3,1023057,4d50c2ef4db6c00f78d0ff3a41cadf08cd09f0a43b4939ef94129a01b9d8bbb6,1,0,32,-0.3200000000000001,-0.025599999999999887,3,29,19,11,29,13,1,1.9376220598545815,0.0,0,,random_actions,random_actions:panel_3:0:1023057:1
shared,shared,random_actions,0,30000,1,reference,panel_3,1023058,c20568565d45521ad5af6d5200edfa3e3fb88e1f32a6e0be82a77d92679b31db,0,1,13,0.87,1.0248000000000002,6,7,2,6,13,5,0,0.3781941100000008,0.0,0,,random_actions,random_actions:panel_3:0:1023058:0
shared,shared,random_actions,0,30000,1,reference,panel_3,1023058,c20568565d45521ad5af6d5200edfa3e3fb88e1f32a6e0be82a77d92679b31db,1,0,32,-0.3200000000000001,-0.10999999999999999,13,19,13,7,32,10,1,2.100622950000003,0.0,0,,random_actions,random_actions:panel_3:0:1023058:1
shared,shared,random_actions,0,30000,1,reference,panel_3,1023059,62a2c28bc77a0f1c5e194724e7ee52fb3fe44448ae398be48abc8746a68b7726,0,0,32,-0.3200000000000001,0.09280000000000013,12,20,10,11,29,11,1,1.8350085416589725,0.0,0,,random_actions,random_actions:panel_3:0:1023059:0
shared,shared,random_actions,0,30000,1,reference,panel_3,1023059,62a2c28bc77a0f1c5e194724e7ee52fb3fe44448ae398be48abc8746a68b7726,1,0,32,-0.3200000000000001,0.1384000000000002,12,20,12,9,26,8,1,1.7206973118963496,0.0,0,,random_actions,random_actions:panel_3:0:1023059:1
shared,shared,random_actions,0,30000,1,reference,panel_3,1023060,fa1eec8eeccdfeb1c64301a787a1090ba3e9cce344260fb7e66d6f9afbc71cea,0,1,8,0.9199999999999999,1.0532000000000001,5,3,0,4,8,3,0,0.19496273000000042,0.0,0,,random_actions,random_actions:panel_3:0:1023060:0
shared,shared,random_actions,0,30000,1,reference,panel_3,1023060,fa1eec8eeccdfeb1c64301a787a1090ba3e9cce344260fb7e66d6f9afbc71cea,1,1,30,0.7,0.9436000000000001,13,17,10,8,30,10,0,0.9883538410598712,0.0,0,,random_actions,random_actions:panel_3:0:1023060:1
shared,shared,random_actions,0,30000,1,reference,panel_3,1023061,3ab0753fe612a72d0aacb47538d36e9a8729cb67aecbefbe927b6d6b1bb02efe,0,1,1,0.99,1.03,0,1,0,2,1,1,0,0.0,0.0,0,,random_actions,random_actions:panel_3:0:1023061:0
shared,shared,random_actions,0,30000,1,reference,panel_3,1023061,3ab0753fe612a72d0aacb47538d36e9a8729cb67aecbefbe927b6d6b1bb02efe,1,0,32,-0.3200000000000001,-0.16959999999999997,7,25,14,12,28,10,1,2.061351264234292,0.0,0,,random_actions,random_actions:panel_3:0:1023061:1
shared,shared,random_actions,0,30000,1,reference,panel_3,1023062,74cec6407c37c011484647565dc379d628d98c7b2ec01993dff710a4d5812ffe,0,0,32,-0.3200000000000001,-0.03439999999999985,7,25,16,10,26,8,1,1.8778483023801618,0.0,0,,random_actions,random_actions:panel_3:0:1023062:0
shared,shared,random_actions,0,30000,1,reference,panel_3,1023062,74cec6407c37c011484647565dc379d628d98c7b2ec01993dff710a4d5812ffe,1,0,32,-0.3200000000000001,-0.055999999999999855,7,25,15,11,26,9,1,1.9037653555995524,0.0,0,,random_actions,random_actions:panel_3:0:1023062:1
shared,shared,random_actions,0,30000,1,reference,panel_3,1023063,509e79797d18938f399b27f0734aa39d06bc69bbec39aeea33022806fe0a92fc,0,1,6,0.94,1.026,4,2,0,3,6,2,0,0.15880000000000027,0.0,0,,random_actions,random_actions:panel_3:0:1023063:0
shared,shared,random_actions,0,30000,1,reference,panel_3,1023063,509e79797d18938f399b27f0734aa39d06bc69bbec39aeea33022806fe0a92fc,1,0,32,-0.3200000000000001,-0.08399999999999981,10,22,12,11,31,11,1,2.049431883110205,0.0,0,,random_actions,random_actions:panel_3:0:1023063:1
shared,shared,random_actions,1,30000,1,reference,panel_3,1023000,b63b4a8bc6864de6229408449b25f973acbd2dbdfd5b5248b647df1c4e9fbad4,0,0,32,-0.3200000000000001,0.1564000000000002,13,19,15,5,26,7,1,1.7177220518681016,0.0,0,,random_actions,random_actions:panel_3:1:1023000:0
shared,shared,random_actions,1,30000,1,reference,panel_3,1023000,b63b4a8bc6864de6229408449b25f973acbd2dbdfd5b5248b647df1c4e9fbad4,1,1,25,0.7499999999999999,1.0908000000000002,11,14,6,9,25,10,0,0.6973242656787402,0.0,0,,random_actions,random_actions:panel_3:1:1023000:1
shared,shared,random_actions,1,30000,1,reference,panel_3,1023001,2da5cd5171f42d790f266743969c8403bf4a4f790604e42585de98f421be1964,0,1,9,0.91,1.0928,1,8,2,7,9,6,0,0.18914957810000033,0.0,0,,random_actions,random_actions:panel_3:1:1023001:0
shared,shared,random_actions,1,30000,1,reference,panel_3,1023001,2da5cd5171f42d790f266743969c8403bf4a4f790604e42585de98f421be1964,1,0,32,-0.3200000000000001,0.003200000000000147,19,13,10,4,30,6,1,1.941431903912002,0.0,0,,random_actions,random_actions:panel_3:1:1023001:1
shared,shared,random_actions,1,30000,1,reference,panel_3,1023002,d73c477586f1d0de35ac27244e7bcfae1e916aa2fdd6f7c39a5b44be58b73b92,0,1,9,0.91,0.9668,0,9,5,5,9,5,0,0.31048973000000046,0.0,0,,random_actions,random_actions:panel_3:1:1023002:0
shared,shared,random_actions,1,30000,1,reference,panel_3,1023002,d73c477586f1d0de35ac27244e7bcfae1e916aa2fdd6f7c39a5b44be58b73b92,1,1,1,0.99,1.03,0,1,0,2,1,1,0,0.0,0.0,0,,random_actions,random_actions:panel_3:1:1023002:1
shared,shared,random_actions,1,30000,1,reference,panel_3,1023003,a870ab6154eedf236893f991d1999fc37be0f3fedbcfdbc3f9cd37d5b6c0aecc,0,0,32,-0.3200000000000001,0.020800000000000263,13,19,13,7,27,6,1,1.8593791870532774,0.0,0,,random_actions,random_actions:panel_3:1:1023003:0
shared,shared,random_actions,1,30000,1,reference,panel_3,1023003,a870ab6154eedf236893f991d1999fc37be0f3fedbcfdbc3f9cd37d5b6c0aecc,1,0,32,-0.3200000000000001,-0.0787999999999999,4,28,21,8,29,12,1,1.9898241295482917,0.0,0,,random_actions,random_actions:panel_3:1:1023003:1
shared,shared,random_actions,1,30000,1,reference,panel_3,1023004,c0b0470822d81ce8bc1f06019fe7b79b7ab928d175aa67d117705c60fff10ac2,0,0,32,-0.3200000000000001,-0.06519999999999991,16,16,10,7,31,9,1,2.029978844300002,0.0,0,,random_actions,random_actions:panel_3:1:1023004:0
shared,shared,random_actions,1,30000,1,reference,panel_3,1023004,c0b0470822d81ce8bc1f06019fe7b79b7ab928d175aa67d117705c60fff10ac2,1,1,4,0.96,1.1272,0,4,0,5,4,4,0,0.0,0.0,0,,random_actions,random_actions:panel_3:1:1023004:1
shared,shared,random_actions,1,30000,1,reference,panel_3,1023005,1664c6ef347fc573922477986f70b47a24aa4d2f4b17bccd5d4e3349715afd37,0,0,32,-0.3200000000000001,-0.035199999999999926,11,21,15,7,30,10,1,1.977942479357002,0.0,0,,random_actions,random_actions:panel_3:1:1023005:0
shared,shared,random_actions,1,30000,1,reference,panel_3,1023005,1664c6ef347fc573922477986f70b47a24aa4d2f4b17bccd5d4e3349715afd37,1,0,32,-0.3200000000000001,-0.032799999999999885,12,20,8,13,29,8,1,1.954889105942002,0.0,0,,random_actions,random_actions:panel_3:1:1023005:1
shared,shared,random_actions,1,30000,1,reference,panel_3,1023006,fb71c287ab2e67c2e415dbd6edc475c63c523102353578650bfebd5a2bce2839,0,1,3,0.97,1.0936,0,3,0,4,3,3,0,0.0,0.0,0,,random_actions,random_actions:panel_3:1:1023006:0
shared,shared,random_actions,1,30000,1,reference,panel_3,1023006,fb71c287ab2e67c2e415dbd6edc475c63c523102353578650bfebd5a2bce2839,1,1,9,0.91,1.0564,0,9,3,7,9,6,0,0.22317509075700026,0.0,0,,random_actions,random_actions:panel_3:1:1023006:1
shared,shared,random_actions,1,30000,1,reference,panel_3,1023007,2e92cd630944f79edcd436f7bcbf48da85b2d32f85763e6ad60971cdc329ef2f,0,0,32,-0.3200000000000001,-0.008799999999999808,9,23,15,9,27,8,1,1.879236273413002,0.0,0,,random_actions,random_actions:panel_3:1:1023007:0
shared,shared,random_actions,1,30000,1,reference,panel_3,1023007,2e92cd630944f79edcd436f7bcbf48da85b2d32f85763e6ad60971cdc329ef2f,1,0,32,-0.3200000000000001,0.03920000000000018,7,25,20,6,28,10,1,1.8621014408579006,0.0,0,,random_actions,random_actions:panel_3:1:1023007:1
shared,shared,random_actions,1,30000,1,reference,panel_3,1023008,0c040bd2456d5e111be0dea27450470949a485e4e4d25df146ad5e0e47e86fbd,0,1,30,0.7,0.9620000000000001,6,24,15,10,30,14,0,0.9705963039140016,0.0,0,,random_actions,random_actions:panel_3:1:1023008:0
shared,shared,random_actions,1,30000,1,reference,panel_3,1023008,0c040bd2456d5e111be0dea27450470949a485e4e4d25df146ad5e0e47e86fbd,1,0,32,-0.3200000000000001,-0.0507999999999999,10,22,15,8,29,11,1,1.9647729029000014,0.0,0,,random_actions,random_actions:panel_3:1:1023008:1
shared,shared,random_actions,1,30000,1,reference,panel_3,1023009,fadd7564dad85997f023efcc24a7885d108471253dd47bd838a699c0886c7272,0,1,1,0.99,1.03,0,1,0,2,1,1,0,0.0,0.0,0,,random_actions,random_actions:panel_3:1:1023009:0
shared,shared,random_actions,1,30000,1,reference,panel_3,1023009,fadd7564dad85997f023efcc24a7885d108471253dd47bd838a699c0886c7272,1,1,3,0.97,1.0136,0,3,0,4,3,2,0,0.07820900000000008,0.0,0,,random_actions,random_actions:panel_3:1:1023009:1
shared,shared,random_actions,1,30000,1,reference,panel_3,1023010,ba7424f2314f7e6bd932cef6402504a611a1116db4ae8e656399b227ade8a98c,0,0,32,-0.3200000000000001,-0.1283999999999999,8,24,12,13,31,12,1,2.090047993657002,0.0,0,,random_actions,random_actions:panel_3:1:1023010:0
shared,shared,random_actions,1,30000,1,reference,panel_3,1023010,ba7424f2314f7e6bd932cef6402504a611a1116db4ae8e656399b227ade8a98c,1,1,4,0.96,1.0472000000000001,0,4,1,4,4,3,0,0.07586273000000021,0.0,0,,random_actions,random_actions:panel_3:1:1023010:1
shared,shared,random_actions,1,30000,1,reference,panel_3,1023011,39c5c53165819ba3800f6f13688b2bf72bc9f3834be9ea27f260875d7a8eaddd,0,0,32,-0.3200000000000001,0.24440000000000026,19,13,10,4,25,5,1,1.620849267029714,0.0,0,,random_actions,random_actions:panel_3:1:1023011:0
shared,shared,random_actions,1,30000,1,reference,panel_3,1023011,39c5c53165819ba3800f6f13688b2bf72bc9f3834be9ea27f260875d7a8eaddd,1,1,29,0.71,1.1076000000000001,8,21,10,12,29,14,0,0.8115084226031739,0.0,0,,random_actions,random_actions:panel_3:1:1023011:1
shared,shared,random_actions,1,30000,1,reference,panel_3,1023012,8a1b7837a3f5a02ee616c76e7aa22670aff57d9959fbfd252b7c6c8ff66043bc,0,0,32,-0.3200000000000001,0.01680000000000012,6,26,17,10,29,12,1,1.9012901037850016,0.0,0,,random_actions,random_actions:panel_3:1:1023012:0
shared,shared,random_actions,1,30000,1,reference,panel_3,1023012,8a1b7837a3f5a02ee616c76e7aa22670aff57d9959fbfd252b7c6c8ff66043bc,1,0,32,-0.3200000000000001,0.03600000000000009,13,19,10,10,27,8,1,1.8372982009990007,0.0,0,,random_actions,random_actions:panel_3:1:1023012:1
shared,shared,random_actions,1,30000,1,reference,panel_3,1023013,8ff7973e4c0ec8de74c4dacb7fac38f74ec3860ea442b72c4b7cad12fad44173,0,0,32,-0.3200000000000001,-0.07600000000000003,10,22,12,11,31,11,1,2.041708082657002,0.0,0,,random_actions,random_actions:panel_3:1:1023013:0
shared,shared,random_actions,1,30000,1,reference,panel_3,1023013,8ff7973e4c0ec8de74c4dacb7fac38f74ec3860ea442b72c4b7cad12fad44173,1,1,18,0.82,1.0484,8,10,3,8,18,7,0,0.513040035557,0.0,0,,random_actions,random_actions:panel_3:1:1023013:1
shared,shared,random_actions,1,30000,1,reference,panel_3,1023014,b54e0b1f1a6101661474278b89b4913c67114b799d53a793fc2f3966b550070c,0,0,32,-0.3200000000000001,0.13840000000000013,16,16,11,6,28,7,1,1.778353328023929,0.0,0,,random_actions,random_actions:panel_3:1:1023014:0
shared,shared,random_actions,1,30000,1,reference,panel_3,1023014,b54e0b1f1a6101661474278b89b4913c67114b799d53a793fc2f3966b550070c,1,0,32,-0.3200000000000001,0.10960000000000014,19,13,10,4,28,5,1,1.7962836919643062,0.0,0,,random_actions,random_actions:panel_3:1:1023014:1
shared,shared,random_actions,1,30000,1,reference,panel_3,1023015,c6bc33ed73ae48c7ee9e790a29db80d42c4142113bad55a0f9137ae92c24d3b7,0,0,32,-0.3200000000000001,0.16720000000000024,11,21,14,8,26,9,1,1.7134402756028697,0.0,0,,random_actions,random_actions:panel_3:1:1023015:0
shared,shared,random_actions,1,30000,1,reference,panel_3,1023015,c6bc33ed73ae48c7ee9e790a29db80d42c4142113bad55a0f9137ae92c24d3b7,1,0,32,-0.3200000000000001,0.1972000000000004,21,11,5,7,24,4,1,1.6460428912807825,0.0,0,,random_actions,random_actions:panel_3:1:1023015:1
shared,shared,random_actions,1,30000,1,reference,panel_3,1023016,5fa5658fb1bd49c0c7c51113c7546d3c028fdbb06a8b6aa92f2d01ebb18a4ae8,0,1,14,0.86,0.9796,6,8,2,7,14,5,0,0.45307593240000066,0.0,0,,random_actions,random_actions:panel_3:1:1023016:0
shared,shared,random_actions,1,30000,1,reference,panel_3,1023016,5fa5658fb1bd49c0c7c51113c7546d3c028fdbb06a8b6aa92f2d01ebb18a4ae8,1,1,2,0.98,1.0612,0,2,0,3,2,2,0,0.0,0.0,0,,random_actions,random_actions:panel_3:1:1023016:1
shared,shared,random_actions,1,30000,1,reference,panel_3,1023017,987b691369f1d70352c8680dfaf05e5912e72395e1399b15f752a1ae5be6ac41,0,0,32,-0.3200000000000001,0.054000000000000145,9,23,12,12,31,12,1,1.921908158742075,0.0,0,,random_actions,random_actions:panel_3:1:1023017:0
shared,shared,random_actions,1,30000,1,reference,panel_3,1023017,987b691369f1d70352c8680dfaf05e5912e72395e1399b15f752a1ae5be6ac41,1,0,32,-0.3200000000000001,0.056400000000000144,5,27,19,9,30,13,1,1.894882299307784,0.0,0,,random_actions,random_actions:panel_3:1:1023017:1
shared,shared,random_actions,1,30000,1,reference,panel_3,1023018,93e9bd3c4ed43bea09639fb057ee566e9a4baf894a99aeef2860f97f1076760b,0,0,32,-0.3200000000000001,-0.09239999999999998,10,22,12,11,29,8,1,2.0090043593560023,0.0,0,,random_actions,random_actions:panel_3:1:1023018:0
shared,shared,random_actions,1,30000,1,reference,panel_3,1023018,93e9bd3c4ed43bea09639fb057ee566e9a4baf894a99aeef2860f97f1076760b,1,0,32,-0.3200000000000001,-0.1452,6,26,16,11,28,10,1,2.0304133462000022,0.0,0,,random_actions,random_actions:panel_3:1:1023018:1
shared,shared,random_actions,1,30000,1,reference,panel_3,1023019,d21d47ba60984a2b9858123f57d8b108dad941d5fdb724af013ce043972a560e,0,0,32,-0.3200000000000001,-0.04759999999999992,8,24,17,8,30,11,1,1.9900896135231614,0.0,0,,random_actions,random_actions:panel_3:1:1023019:0
shared,shared,random_actions,1,30000,1,reference,panel_3,1023019,d21d47ba60984a2b9858123f57d8b108dad941d5fdb724af013ce043972a560e,1,0,32,-0.3200000000000001,-0.024799999999999905,14,18,7,12,27,6,1,1.8903269755487404,0.0,0,,random_actions,random_actions:panel_3:1:1023019:1
shared,shared,random_actions,1,30000,1,reference,panel_3,1023020,372a53fc7c309500c4ccf5244b75b28b6ae21541dac0db3783dac94ea6ec1d23,0,1,4,0.96,1.0048,1,3,0,4,4,2,0,0.11790900000000015,0.0,0,,random_actions,random_actions:panel_3:1:1023020:0
shared,shared,random_actions,1,30000,1,reference,panel_3,1023020,372a53fc7c309500c4ccf5244b75b28b6ae21541dac0db3783dac94ea6ec1d23,1,1,3,0.97,1.0136,0,3,1,3,3,2,0,0.07820900000000008,0.0,0,,random_actions,random_actions:panel_3:1:1023020:1
shared,shared,random_actions,1,30000,1,reference,panel_3,1023021,15a689f3cf18f19b9a93303ce629ae698ad1ef99f5369a7e70aa3ad1ec977b63,0,0,32,-0.3200000000000001,-0.14919999999999994,5,27,18,10,29,11,1,2.058047501125581,0.0,0,,random_actions,random_actions:panel_3:1:1023021:0
shared,shared,random_actions,1,30000,1,reference,panel_3,1023021,15a689f3cf18f19b9a93303ce629ae698ad1ef99f5369a7e70aa3ad1ec977b63,1,0,32,-0.3200000000000001,-0.14079999999999998,12,20,11,10,28,6,1,2.0312415846710015,0.0,0,,random_actions,random_actions:panel_3:1:1023021:1
shared,shared,random_actions,1,30000,1,reference,panel_3,1023022,8914e4756a6f797ecdf3b3e732bf5bb6b4e021f3346f57f4384849babf7495c6,0,1,4,0.96,1.0048000000000001,1,3,1,3,4,2,0,0.11790900000000015,0.0,0,,random_actions,random_actions:panel_3:1:1023022:0
shared,shared,random_actions,1,30000,1,reference,panel_3,1023022,8914e4756a6f797ecdf3b3e732bf5bb6b4e021f3346f57f4384849babf7495c6,1,1,15,0.85,0.9152,8,7,3,5,15,4,0,0.547498730000001,0.0,0,,random_actions,random_actions:panel_3:1:1023022:1
shared,shared,random_actions,1,30000,1,reference,panel_3,1023023,ca1775f373c43bc0ea940cc2f44b1c65923c767bb2b2b4658780edbc99684473,0,0,32,-0.3200000000000001,-0.04959999999999988,10,22,13,10,31,12,1,2.015753375942002,0.0,0,,random_actions,random_actions:panel_3:1:1023023:0
shared,shared,random_actions,1,30000,1,reference,panel_3,1023023,ca1775f373c43bc0ea940cc2f44b1c65923c767bb2b2b4658780edbc99684473,1,1,28,0.72,1.0204000000000002,6,22,13,10,28,13,0,0.8537189629391315,0.0,0,,random_actions,random_actions:panel_3:1:1023023:1
shared,shared,random_actions,1,30000,1,reference,panel_3,1023024,132ee6dedbb61dd08c272e07b168d4e368e2f05733ded939ee4aaf3d89e237cc,0,1,7,0.9299999999999999,0.9832000000000001,0,7,1,7,7,4,0,0.23228073000000038,0.0,0,,random_actions,random_actions:panel_3:1:1023024:0
shared,shared,random_actions,1,30000,1,reference,panel_3,1023024,132ee6dedbb61dd08c272e07b168d4e368e2f05733ded939ee4aaf3d89e237cc,1,0,32,-0.3200000000000001,-0.17799999999999994,6,26,18,9,29,10,1,2.086078396700002,0.0,0,,random_actions,random_actions:panel_3:1:1023024:1
shared,shared,random_actions,1,30000,1,reference,panel_3,1023025,7f965e7a20c1fc2eea53084a38c47a31561d33e63bf0d6810115025a25ce8715,0,0,32,-0.3200000000000001,-0.0643999999999999,3,29,20,10,30,13,1,2.0057233910622916,0.0,0,,random_actions,random_actions:panel_3:1:1023025:0
shared,shared,random_actions,1,30000,1,reference,panel_3,1023025,7f965e7a20c1fc2eea53084a38c47a31561d33e63bf0d6810115025a25ce8715,1,0,32,-0.3200000000000001,-0.03439999999999989,9,23,15,9,28,9,1,1.9235402076898427,0.0,0,,random_actions,random_actions:panel_3:1:1023025:1
shared,shared,random_actions,1,30000,1,reference,panel_3,1023026,f7931551c601f725587f1f44312b0c385819bf5d726100b5b123c6409e6f5691,0,0,32,-0.3200000000000001,0.12760000000000013,16,16,14,3,28,7,1,1.781167524957929,0.0,0,,random_actions,random_actions:panel_3:1:1023026:0
shared,shared,random_actions,1,30000,1,reference,panel_3,1023026,f7931551c601f725587f1f44312b0c385819bf5d726100b5b123c6409e6f5691,1,1,15,0.85,1.1512,3,12,4,9,15,9,0,0.32619891797100053,0.0,0,,random_actions,random_actions:panel_3:1:1023026:1
shared,shared,random_actions,1,30000,1,reference,panel_3,1023027,08fda2b326960d82e9ea52682f650de1ba4a966e5577aa6cd5142a288b18af15,0,1,6,0.94,1.0296,2,4,1,4,6,3,0,0.15522700000000034,0.0,0,,random_actions,random_actions:panel_3:1:1023027:0
shared,shared,random_actions,1,30000,1,reference,panel_3,1023027,08fda2b326960d82e9ea52682f650de1ba4a966e5577aa6cd5142a288b18af15,1,0,32,-0.3200000000000001,-0.06239999999999968,14,18,8,11,27,5,1,1.9290693181386107,0.0,0,,random_actions,random_actions:panel_3:1:1023027:1
shared,shared,random_actions,1,30000,1,reference,panel_3,1023028,5b24fa6e67c1f39f2841cf1ee524a26c4c55a26c5e335b48b9650d9f6b083708,0,0,32,-0.3200000000000001,-0.048399999999999915,6,26,17,10,30,13,1,1.989463704800002,0.0,0,,random_actions,random_actions:panel_3:1:1023028:0
shared,shared,random_actions,1,30000,1,reference,panel_3,1023028,5b24fa6e67c1f39f2841cf1ee524a26c4c55a26c5e335b48b9650d9f6b083708,1,0,32,-0.3200000000000001,-0.03039999999999987,9,23,18,6,29,11,1,1.9451994134000015,0.0,0,,random_actions,random_actions:panel_3:1:1023028:1
shared,shared,random_actions,1,30000,1,reference,panel_3,1023029,38341b40712f9246c5bf1ac5db31598bce1ffaa0ccd71dd4f246b364a4f92121,0,0,32,-0.3200000000000001,1.249000902703301e-16,18,14,7,8,31,8,1,1.9708385442092342,0.0,0,,random_actions,random_actions:panel_3:1:1023029:0
shared,shared,random_actions,1,30000,1,reference,panel_3,1023029,38341b40712f9246c5bf1ac5db31598bce1ffaa0ccd71dd4f246b364a4f92121,1,0,32,-0.3200000000000001,0.07200000000000015,10,22,17,6,29,10,1,1.8565094933868997,0.0,0,,random_actions,random_actions:panel_3:1:1023029:1
shared,shared,random_actions,1,30000,1,reference,panel_3,1023030,8947f20d6704e43c98af188c95d0c75531ffafcf201cf26e0d88bc5b76c41361,0,0,32,-0.3200000000000001,-0.13559999999999994,8,24,15,10,29,10,1,2.0438220343000024,0.0,0,,random_actions,random_actions:panel_3:1:1023030:0
shared,shared,random_actions,1,30000,1,reference,panel_3,1023030,8947f20d6704e43c98af188c95d0c75531ffafcf201cf26e0d88bc5b76c41361,1,0,32,-0.3200000000000001,-0.14279999999999993,6,26,15,12,30,11,1,2.078106936700002,0.0,0,,random_actions,random_actions:panel_3:1:1023030:1
shared,shared,random_actions,1,30000,1,reference,panel_3,1023031,eb06f17c001dc78860b011a0033c8aa100e13d0ce2d5caba743b96b0853fabc3,0,0,32,-0.3200000000000001,0.013200000000000107,9,23,14,10,30,12,1,1.9300867849705525,0.0,0,,random_actions,random_actions:panel_3:1:1023031:0
shared,shared,random_actions,1,30000,1,reference,panel_3,1023031,eb06f17c001dc78860b011a0033c8aa100e13d0ce2d5caba743b96b0853fabc3,1,0,32,-0.3200000000000001,0.10440000000000013,2,30,19,12,27,13,1,1.7798783427875216,0.0,0,,random_actions,random_actions:panel_3:1:1023031:1
shared,shared,random_actions,1,30000,1,reference,panel_3,1023032,95c50166442b08ab74d4c5d0d6704b4d0924f94190d36950c74b0cd80f7d14d6,0,0,32,-0.3200000000000001,0.14680000000000018,8,24,18,7,26,9,1,1.7125440787754918,0.0,0,,random_actions,random_actions:panel_3:1:1023032:0
shared,shared,random_actions,1,30000,1,reference,panel_3,1023032,95c50166442b08ab74d4c5d0d6704b4d0924f94190d36950c74b0cd80f7d14d6,1,0,32,-0.3200000000000001,0.15880000000000025,9,23,16,8,27,9,1,1.7394247246015937,0.0,0,,random_actions,random_actions:panel_3:1:1023032:1
shared,shared,random_actions,1,30000,1,reference,panel_3,1023033,7d623317e5768c26850b8ac79ef3b1473b6a5809ac088b6e07955546cf5495ad,0,0,32,-0.3200000000000001,-0.020799999999999902,6,26,14,13,28,11,1,1.9147998418850016,0.0,0,,random_actions,random_actions:panel_3:1:1023033:0
shared,shared,random_actions,1,30000,1,reference,panel_3,1023033,7d623317e5768c26850b8ac79ef3b1473b6a5809ac088b6e07955546cf5495ad,1,0,32,-0.3200000000000001,-0.03639999999999988,8,24,13,12,30,12,1,1.977270407585002,0.0,0,,random_actions,random_actions:panel_3:1:1023033:1
shared,shared,random_actions,1,30000,1,reference,panel_3,1023034,9ba9965a96256d0debd9370b0f62b4cb38b70dca2ed0bdc3f55847dfb8438c84,0,0,32,-0.3200000000000001,-0.0739999999999999,9,23,15,9,30,11,1,2.013259814928002,0.0,0,,random_actions,random_actions:panel_3:1:1023034:0
shared,shared,random_actions,1,30000,1,reference,panel_3,1023034,9ba9965a96256d0debd9370b0f62b4cb38b70dca2ed0bdc3f55847dfb8438c84,1,1,12,0.88,1.0312000000000001,3,9,3,7,12,6,0,0.34094542620000057,0.0,0,,random_actions,random_actions:panel_3:1:1023034:1
shared,shared,random_actions,1,30000,1,reference,panel_3,1023035,dab84c3ca78157c8950c231ce7574b800fb41d7593bd7703cd5efb35fc0bd373,0,1,27,0.73,1.0416,10,17,10,8,27,11,0,0.8031749669560019,0.0,0,,random_actions,random_actions:panel_3:1:1023035:0
shared,shared,random_actions,1,30000,1,reference,panel_3,1023035,dab84c3ca78157c8950c231ce7574b800fb41d7593bd7703cd5efb35fc0bd373,1,1,24,0.7599999999999999,1.0152,9,15,4,12,24,10,0,0.7342988545570016,0.0,0,,random_actions,random_actions:panel_3:1:1023035:1
shared,shared,random_actions,1,30000,1,reference,panel_3,1023036,6970d0359e495d9fe8343a92526aa442c0cf87cc69bad3631e7009767f3d8134,0,0,32,-0.3200000000000001,0.0004000000000001225,11,21,13,9,26,7,1,1.85694249775203,0.0,0,,random_actions,random_actions:panel_3:1:1023036:0
shared,shared,random_actions,1,30000,1,reference,panel_3,1023036,6970d0359e495d9fe8343a92526aa442c0cf87cc69bad3631e7009767f3d8134,1,1,25,0.7499999999999999,0.9288,6,19,12,8,25,11,0,0.8450661100000016,0.0,0,,random_actions,random_actions:panel_3:1:1023036:1
shared,shared,random_actions,1,30000,1,reference,panel_3,1023037,56969b0dc5c02c5dbeafa82e7f582565840c7c405c849ecf4f99baa8e0b529b7,0,1,25,0.7499999999999999,0.9516,8,17,11,7,25,10,0,0.8231106205000018,0.0,0,,random_actions,random_actions:panel_3:1:1023037:0
shared,shared,random_actions,1,30000,1,reference,panel_3,1023037,56969b0dc5c02c5dbeafa82e7f582565840c7c405c849ecf4f99baa8e0b529b7,1,0,32,-0.3200000000000001,-0.04399999999999982,7,25,9,17,29,10,1,1.960810278080161,0.0,0,,random_actions,random_actions:panel_3:1:1023037:1
shared,shared,random_actions,1,30000,1,reference,panel_3,1023038,2aacb504af986fc56526d74bdaf8490606f5bb978fc2d3e47e0cae3647863dd3,0,0,32,-0.3200000000000001,0.02720000000000014,14,18,14,5,27,7,1,1.8476004406018995,0.0,0,,random_actions,random_actions:panel_3:1:1023038:0
shared,shared,random_actions,1,30000,1,reference,panel_3,1023038,2aacb504af986fc56526d74bdaf8490606f5bb978fc2d3e47e0cae3647863dd3,1,0,32,-0.3200000000000001,0.006800000000000167,12,20,16,5,29,8,1,1.9134657511700297,0.0,0,,random_actions,random_actions:panel_3:1:1023038:1
shared,shared,random_actions,1,30000,1,reference,panel_3,1023039,450059c9c21c77ec3c668eff996a5a3fe6c71730e46422287a5b53926d416550,0,1,1,0.99,1.03,0,1,0,2,1,1,0,0.0,0.0,0,,random_actions,random_actions:panel_3:1:1023039:0
shared,shared,random_actions,1,30000,1,reference,panel_3,1023039,450059c9c21c77ec3c668eff996a5a3fe6c71730e46422287a5b53926d416550,1,1,1,0.99,1.03,0,1,0,2,1,1,0,0.0,0.0,0,,random_actions,random_actions:panel_3:1:1023039:1
shared,shared,random_actions,1,30000,1,reference,panel_3,1023040,34b61fbe6bb2a4fe68ba58ce7b78489ccce2426de2955872e80e9c00941e37aa,0,0,32,-0.3200000000000001,0.2376000000000002,22,10,5,6,27,5,1,1.6710801798667663,0.0,0,,random_actions,random_actions:panel_3:1:1023040:0
shared,shared,random_actions,1,30000,1,reference,panel_3,1023040,34b61fbe6bb2a4fe68ba58ce7b78489ccce2426de2955872e80e9c00941e37aa,1,0,32,-0.3200000000000001,0.18840000000000018,9,23,16,8,29,13,1,1.7528362508554056,0.0,0,,random_actions,random_actions:panel_3:1:1023040:1
shared,shared,random_actions,1,30000,1,reference,panel_3,1023041,89933b1295d62e3e830b2cb40d01250680ae03f495989ac20378d19dabc7939a,0,1,17,0.83,0.9884000000000001,0,17,10,8,17,10,0,0.5380779200000011,0.0,0,,random_actions,random_actions:panel_3:1:1023041:0
shared,shared,random_actions,1,30000,1,reference,panel_3,1023041,89933b1295d62e3e830b2cb40d01250680ae03f495989ac20378d19dabc7939a,1,1,13,0.87,1.0212,0,13,5,9,13,8,0,0.38173030810000075,0.0,0,,random_actions,random_actions:panel_3:1:1023041:1
shared,shared,random_actions,1,30000,1,reference,panel_3,1023042,47814339dd16c9b9ef6d838003574021f92903c38cdc529d65b98d56670e4c5b,0,0,32,-0.3200000000000001,0.07240000000000013,12,20,14,7,28,9,1,1.826838492702871,0.0,0,,random_actions,random_actions:panel_3:1:1023042:0
shared,shared,random_actions,1,30000,1,reference,panel_3,1023042,47814339dd16c9b9ef6d838003574021f92903c38cdc529d65b98d56670e4c5b,1,0,32,-0.3200000000000001,0.13240000000000013,15,17,9,9,26,6,1,1.7335505275585952,0.0,0,,random_actions,random_actions:panel_3:1:1023042:1
shared,shared,random_actions,1,30000,1,reference,panel_3,1023043,4bd5ccfeaff69c986d798650a032d2779324449d15bec63f9d1fc9b1c1c47b81,0,0,32,-0.3200000000000001,-0.08959999999999989,10,22,13,10,29,10,1,1.9997803629000015,0.0,0,,random_actions,random_actions:panel_3:1:1023043:0
shared,shared,random_actions,1,30000,1,reference,panel_3,1023043,4bd5ccfeaff69c986d798650a032d2779324449d15bec63f9d1fc9b1c1c47b81,1,1,20,0.7999999999999999,0.9788,1,19,9,11,20,11,0,0.6409294643000014,0.0,0,,random_actions,random_actions:panel_3:1:1023043:1
shared,shared,random_actions,1,30000,1,reference,panel_3,1023044,00f34d31b80a70f1191a2e3f03dbd390d279781b3b590e097bd2e59134049ac7,0,1,11,0.89,0.9868,3,8,1,8,11,5,0,0.3525360000000005,0.0,0,,random_actions,random_actions:panel_3:1:1023044:0
shared,shared,random_actions,1,30000,1,reference,panel_3,1023044,00f34d31b80a70f1191a2e3f03dbd390d279781b3b590e097bd2e59134049ac7,1,1,5,0.95,1.0372000000000001,1,4,1,4,5,3,0,0.11671800000000021,0.0,0,,random_actions,random_actions:panel_3:1:1023044:1
shared,shared,random_actions,1,30000,1,reference,panel_3,1023045,47f5ba3d3ff57f29d7804be54616f68e7ff70e012336742aa1092fa66d409b9d,0,0,32,-0.3200000000000001,0.16000000000000028,20,12,8,5,25,5,1,1.6936281396022466,0.0,0,,random_actions,random_actions:panel_3:1:1023045:0
shared,shared,random_actions,1,30000,1,reference,panel_3,1023045,47f5ba3d3ff57f29d7804be54616f68e7ff70e012336742aa1092fa66d409b9d,1,0,32,-0.3200000000000001,0.09640000000000012,10,22,13,10,30,12,1,1.8552883540584948,0.0,0,,random_actions,random_actions:panel_3:1:1023045:1
shared,shared,random_actions,1,30000,1,reference,panel_3,1023046,a0f62cc82807f6012d52f4b7bafd25f26cc94e127e3d2456cf354f62d49c682e,0,1,24,0.7599999999999999,0.912,4,20,11,10,24,11,0,0.8302523650570013,0.0,0,,random_actions,random_actions:panel_3:1:1023046:0
shared,shared,random_actions,1,30000,1,reference,panel_3,1023046,a0f62cc82807f6012d52f4b7bafd25f26cc94e127e3d2456cf354f62d49c682e,1,1,24,0.7599999999999999,0.9504000000000001,10,14,8,7,24,8,0,0.7942426503700014,0.0,0,,random_actions,random_actions:panel_3:1:1023046:1
shared,shared,random_actions,1,30000,1,reference,panel_3,1023047,771810cdfc035cdcc6151cf770c0e078862b1b92783655f1e5cc7e659cbe7acd,0,1,3,0.97,1.0136,0,3,0,4,3,2,0,0.07820900000000008,0.0,0,,random_actions,random_actions:panel_3:1:1023047:0
shared,shared,random_actions,1,30000,1,reference,panel_3,1023047,771810cdfc035cdcc6151cf770c0e078862b1b92783655f1e5cc7e659cbe7acd,1,1,1,0.99,1.03,0,1,0,2,1,1,0,0.0,0.0,0,,random_actions,random_actions:panel_3:1:1023047:1
shared,shared,random_actions,1,30000,1,reference,panel_3,1023048,31eb4c3a52faf800e53fef5d9a7d60be6770dd55f94c4501ef4dcde766b5a561,0,0,32,-0.3200000000000001,-0.13319999999999999,12,20,9,12,29,7,1,2.045360751514002,0.0,0,,random_actions,random_actions:panel_3:1:1023048:0
shared,shared,random_actions,1,30000,1,reference,panel_3,1023048,31eb4c3a52faf800e53fef5d9a7d60be6770dd55f94c4501ef4dcde766b5a561,1,0,32,-0.3200000000000001,-0.06719999999999994,18,14,5,10,27,3,1,1.9307124089830028,0.0,0,,random_actions,random_actions:panel_3:1:1023048:1
shared,shared,random_actions,1,30000,1,reference,panel_3,1023049,2d3fca397ca5168280b3090b1feb01e24065f18b49236ea14b694e649fc031ed,0,0,32,-0.3200000000000001,-0.015199999999999936,16,16,13,4,28,6,1,1.9113142704120296,0.0,0,,random_actions,random_actions:panel_3:1:1023049:0
shared,shared,random_actions,1,30000,1,reference,panel_3,1023049,2d3fca397ca5168280b3090b1feb01e24065f18b49236ea14b694e649fc031ed,1,1,18,0.82,0.9820000000000001,5,13,5,9,18,8,0,0.5754663081000012,0.0,0,,random_actions,random_actions:panel_3:1:1023049:1
shared,shared,random_actions,1,30000,1,reference,panel_3,1023050,f1f749bb4515cb7c2ba10c0b1f69091eda6ac28ffa2698b70fa2e712fbe95b13,0,1,2,0.98,1.0612,0,2,0,3,2,2,0,0.0,0.0,0,,random_actions,random_actions:panel_3:1:1023050:0
shared,shared,random_actions,1,30000,1,reference,panel_3,1023050,f1f749bb4515cb7c2ba10c0b1f69091eda6ac28ffa2698b70fa2e712fbe95b13,1,1,19,0.8099999999999999,0.9440000000000001,3,16,7,10,19,9,0,0.6432410762000015,0.0,0,,random_actions,random_actions:panel_3:1:1023050:1
shared,shared,random_actions,1,30000,1,reference,panel_3,1023051,5b647a1967ad990e92d3c434f1311d2d4dca9f0ddc665ace9def640b1045eaaf,0,0,32,-0.3200000000000001,-0.030399999999999844,15,17,14,4,30,8,1,1.972340459600001,0.0,0,,random_actions,random_actions:panel_3:1:1023051:0
shared,shared,random_actions,1,30000,1,reference,panel_3,1023051,5b647a1967ad990e92d3c434f1311d2d4dca9f0ddc665ace9def640b1045eaaf,1,0,32,-0.3200000000000001,-0.024399999999999894,10,22,10,13,27,8,1,1.8971050977140016,0.0,0,,random_actions,random_actions:panel_3:1:1023051:1
shared,shared,random_actions,1,30000,1,reference,panel_3,1023052,569a861e0ac550e8d1e48bedcc7123850a59d1646bf07b3d1e60621ee3ac2e9c,0,0,32,-0.3200000000000001,0.20800000000000027,12,20,9,12,27,8,1,1.6942022640196601,0.0,0,,random_actions,random_actions:panel_3:1:1023052:0
shared,shared,random_actions,1,30000,1,reference,panel_3,1023052,569a861e0ac550e8d1e48bedcc7123850a59d1646bf07b3d1e60621ee3ac2e9c,1,0,32,-0.3200000000000001,0.1552000000000003,11,21,10,12,25,6,1,1.697652366699082,0.0,0,,random_actions,random_actions:panel_3:1:1023052:1
shared,shared,random_actions,1,30000,1,reference,panel_3,1023053,46f5435b69e177913fcd8de4630d17d3d60620ceb1982fa57e883aeb3c3fc53a,0,1,20,0.7999999999999999,1.0696,1,19,10,10,20,12,0,0.5573590360710008,0.0,0,,random_actions,random_actions:panel_3:1:1023053:0
shared,shared,random_actions,1,30000,1,reference,panel_3,1023053,46f5435b69e177913fcd8de4630d17d3d60620ceb1982fa57e883aeb3c3fc53a,1,1,26,0.74,1.078,11,15,7,9,26,10,0,0.73846295902461,0.0,0,,random_actions,random_actions:panel_3:1:1023053:1
shared,shared,random_actions,1,30000,1,reference,panel_3,1023054,77a2e535e57c9a7a8fda0680c965dbe5efac830083fe2db61c0ac439f47d5e9d,0,0,32,-0.3200000000000001,-0.04519999999999985,2,30,20,11,28,12,1,1.9368929348415524,0.0,0,,random_actions,random_actions:panel_3:1:1023054:0
shared,shared,random_actions,1,30000,1,reference,panel_3,1023054,77a2e535e57c9a7a8fda0680c965dbe5efac830083fe2db61c0ac439f47d5e9d,1,0,32,-0.3200000000000001,-0.061999999999999916,12,20,12,9,28,7,1,1.9475629900482918,0.0,0,,random_actions,random_actions:panel_3:1:1023054:1
shared,shared,random_actions,1,30000,1,reference,panel_3,1023055,05f24b13eb031ae820b885b7a152e92ad9034f6e6220718147de9999470fa703,0,1,5,0.95,1.0372000000000001,1,4,1,4,5,3,0,0.11671800000000021,0.0,0,,random_actions,random_actions:panel_3:1:1023055:0
shared,shared,random_actions,1,30000,1,reference,panel_3,1023055,05f24b13eb031ae820b885b7a152e92ad9034f6e6220718147de9999470fa703,1,1,16,0.84,0.9596,6,10,5,6,16,6,0,0.5347518143000008,0.0,0,,random_actions,random_actions:panel_3:1:1023055:1
shared,shared,random_actions,1,30000,1,reference,panel_3,1023056,6c419960882984ba31de62d8947fc103c7bf2deb05a07018d5706cffba9fd94d,0,1,25,0.7499999999999999,0.8632,4,21,14,8,25,11,0,0.9095115888570019,0.0,0,,random_actions,random_actions:panel_3:1:1023056:0
shared,shared,random_actions,1,30000,1,reference,panel_3,1023056,6c419960882984ba31de62d8947fc103c7bf2deb05a07018d5706cffba9fd94d,1,1,6,0.94,0.9884000000000001,1,5,2,4,6,3,0,0.19611800000000024,0.0,0,,random_actions,random_actions:panel_3:1:1023056:1
shared,shared,random_actions,1,30000,1,reference,panel_3,1023057,4d50c2ef4db6c00f78d0ff3a41cadf08cd09f0a43b4939ef94129a01b9d8bbb6,0,0,32,-0.3200000000000001,0.02600000000000012,13,19,11,9,29,8,1,1.8949502169298997,0.0,0,,random_actions,random_actions:panel_3:1:1023057:0
shared,shared,random_actions,1,30000,1,reference,panel_3,1023057,4d50c2ef4db6c00f78d0ff3a41cadf08cd09f0a43b4939ef94129a01b9d8bbb6,1,0,32,-0.3200000000000001,-0.02199999999999991,4,28,19,10,28,12,1,1.9168005063140017,0.0,0,,random_actions,random_actions:panel_3:1:1023057:1
shared,shared,random_actions,1,30000,1,reference,panel_3,1023058,c20568565d45521ad5af6d5200edfa3e3fb88e1f32a6e0be82a77d92679b31db,0,0,32,-0.3200000000000001,-0.08239999999999993,12,20,13,8,30,10,1,2.0188334472000014,0.0,0,,random_actions,random_actions:panel_3:1:1023058:0
shared,shared,random_actions,1,30000,1,reference,panel_3,1023058,c20568565d45521ad5af6d5200edfa3e3fb88e1f32a6e0be82a77d92679b31db,1,1,18,0.82,0.9844,5,13,5,9,18,8,0,0.5730853800000013,0.0,0,,random_actions,random_actions:panel_3:1:1023058:1
shared,shared,random_actions,1,30000,1,reference,panel_3,1023059,62a2c28bc77a0f1c5e194724e7ee52fb3fe44448ae398be48abc8746a68b7726,0,0,32,-0.3200000000000001,0.13360000000000016,21,11,7,5,27,3,1,1.7493368219743775,0.0,0,,random_actions,random_actions:panel_3:1:1023059:0
shared,shared,random_actions,1,30000,1,reference,panel_3,1023059,62a2c28bc77a0f1c5e194724e7ee52fb3fe44448ae398be48abc8746a68b7726,1,0,32,-0.3200000000000001,0.11200000000000015,19,13,7,7,29,7,1,1.8151369129299286,0.0,0,,random_actions,random_actions:panel_3:1:1023059:1
shared,shared,random_actions,1,30000,1,reference,panel_3,1023060,fa1eec8eeccdfeb1c64301a787a1090ba3e9cce344260fb7e66d6f9afbc71cea,0,0,32,-0.3200000000000001,-0.010399999999999826,16,16,9,8,28,7,1,1.9053438317479583,0.0,0,,random_actions,random_actions:panel_3:1:1023060:0
shared,shared,random_actions,1,30000,1,reference,panel_3,1023060,fa1eec8eeccdfeb1c64301a787a1090ba3e9cce344260fb7e66d6f9afbc71cea,1,1,22,0.7799999999999999,0.9396000000000001,13,9,6,4,22,6,0,0.7412347300000015,0.0,0,,random_actions,random_actions:panel_3:1:1023060:1
shared,shared,random_actions,1,30000,1,reference,panel_3,1023061,3ab0753fe612a72d0aacb47538d36e9a8729cb67aecbefbe927b6d6b1bb02efe,0,0,32,-0.3200000000000001,-0.15520000000000012,4,28,20,9,29,11,1,2.062764267709162,0.0,0,,random_actions,random_actions:panel_3:1:1023061:0
shared,shared,random_actions,1,30000,1,reference,panel_3,1023061,3ab0753fe612a72d0aacb47538d36e9a8729cb67aecbefbe927b6d6b1bb02efe,1,0,32,-0.3200000000000001,-0.15999999999999992,7,25,18,8,30,10,1,2.0958167891000015,0.0,0,,random_actions,random_actions:panel_3:1:1023061:1
shared,shared,random_actions,1,30000,1,reference,panel_3,1023062,74cec6407c37c011484647565dc379d628d98c7b2ec01993dff710a4d5812ffe,0,0,32,-0.3200000000000001,-0.09079999999999995,4,28,18,11,30,13,1,2.0256947112570023,0.0,0,,random_actions,random_actions:panel_3:1:1023062:0
shared,shared,random_actions,1,30000,1,reference,panel_3,1023062,74cec6407c37c011484647565dc379d628d98c7b2ec01993dff710a4d5812ffe,1,1,26,0.74,0.9884000000000002,5,21,10,12,26,12,0,0.8208558756144508,0.0,0,,random_actions,random_actions:panel_3:1:1023062:1
shared,shared,random_actions,1,30000,1,reference,panel_3,1023063,509e79797d18938f399b27f0734aa39d06bc69bbec39aeea33022806fe0a92fc,0,1,19,0.8099999999999999,0.9212,5,14,10,5,19,8,0,0.665372000000001,0.0,0,,random_actions,random_actions:panel_3:1:1023063:0
shared,shared,random_actions,1,30000,1,reference,panel_3,1023063,509e79797d18938f399b27f0734aa39d06bc69bbec39aeea33022806fe0a92fc,1,1,13,0.87,0.9884000000000001,7,6,2,5,13,4,0,0.41327195810000095,0.0,0,,random_actions,random_actions:panel_3:1:1023063:1
shared,shared,random_actions,2,30000,1,reference,panel_3,1023000,b63b4a8bc6864de6229408449b25f973acbd2dbdfd5b5248b647df1c4e9fbad4,0,0,32,-0.3200000000000001,0.10720000000000013,9,23,18,6,28,10,1,1.7962886439482917,0.0,0,,random_actions,random_actions:panel_3:2:1023000:0
shared,shared,random_actions,2,30000,1,reference,panel_3,1023000,b63b4a8bc6864de6229408449b25f973acbd2dbdfd5b5248b647df1c4e9fbad4,1,0,32,-0.3200000000000001,0.16720000000000027,21,11,7,5,27,4,1,1.7217187161284908,0.0,0,,random_actions,random_actions:panel_3:2:1023000:1
shared,shared,random_actions,2,30000,1,reference,panel_3,1023001,2da5cd5171f42d790f266743969c8403bf4a4f790604e42585de98f421be1964,0,0,32,-0.3200000000000001,-0.04719999999999987,17,15,6,10,31,8,1,2.013265289999003,0.0,0,,random_actions,random_actions:panel_3:2:1023001:0
shared,shared,random_actions,2,30000,1,reference,panel_3,1023001,2da5cd5171f42d790f266743969c8403bf4a4f790604e42585de98f421be1964,1,0,32,-0.3200000000000001,-0.03159999999999984,20,12,4,9,31,7,1,1.999003051898003,0.0,0,,random_actions,random_actions:panel_3:2:1023001:1
shared,shared,random_actions,2,30000,1,reference,panel_3,1023002,d73c477586f1d0de35ac27244e7bcfae1e916aa2fdd6f7c39a5b44be58b73b92,0,0,32,-0.3200000000000001,-0.15639999999999982,16,16,7,10,30,6,1,2.0924549534000016,0.0,0,,random_actions,random_actions:panel_3:2:1023002:0
shared,shared,random_actions,2,30000,1,reference,panel_3,1023002,d73c477586f1d0de35ac27244e7bcfae1e916aa2fdd6f7c39a5b44be58b73b92,1,1,6,0.94,0.9896,1,5,2,4,6,3,0,0.1949270000000003,0.0,0,,random_actions,random_actions:panel_3:2:1023002:1
shared,shared,random_actions,2,30000,1,reference,panel_3,1023003,a870ab6154eedf236893f991d1999fc37be0f3fedbcfdbc3f9cd37d5b6c0aecc,0,0,32,-0.3200000000000001,-0.0679999999999999,10,22,17,6,28,9,1,1.958706000114002,0.0,0,,random_actions,random_actions:panel_3:2:1023003:0
shared,shared,random_actions,2,30000,1,reference,panel_3,1023003,a870ab6154eedf236893f991d1999fc37be0f3fedbcfdbc3f9cd37d5b6c0aecc,1,1,20,0.7999999999999999,0.9764,5,15,9,7,20,9,0,0.6431349581000018,0.0,0,,random_actions,random_actions:panel_3:2:1023003:1
shared,shared,random_actions,2,30000,1,reference,panel_3,1023004,c0b0470822d81ce8bc1f06019fe7b79b7ab928d175aa67d117705c60fff10ac2,0,0,32,-0.3200000000000001,0.03200000000000014,19,13,6,8,28,5,1,1.8665116997599154,0.0,0,,random_actions,random_actions:panel_3:2:1023004:0
shared,shared,random_actions,2,30000,1,reference,panel_3,1023004,c0b0470822d81ce8bc1f06019fe7b79b7ab928d175aa67d117705c60fff10ac2,1,0,32,-0.3200000000000001,0.06800000000000025,14,18,13,6,27,6,1,1.8147070556263207,0.0,0,,random_actions,random_actions:panel_3:2:1023004:1
shared,shared,random_actions,2,30000,1,reference,panel_3,1023005,1664c6ef347fc573922477986f70b47a24aa4d2f4b17bccd5d4e3349715afd37,0,1,24,0.7599999999999999,0.9872000000000001,8,16,6,11,24,10,0,0.7592219115140012,0.0,0,,random_actions,random_actions:panel_3:2:1023005:0
shared,shared,random_actions,2,30000,1,reference,panel_3,1023005,1664c6ef347fc573922477986f70b47a24aa4d2f4b17bccd5d4e3349715afd37,1,0,32,-0.3200000000000001,-0.0627999999999999,13,19,11,9,31,10,1,2.028014949614002,0.0,0,,random_actions,random_actions:panel_3:2:1023005:1
shared,shared,random_actions,2,30000,1,reference,panel_3,1023006,fb71c287ab2e67c2e415dbd6edc475c63c523102353578650bfebd5a2bce2839,0,0,32,-0.3200000000000001,-0.10159999999999995,8,24,16,9,31,12,1,2.0637595743000032,0.0,0,,random_actions,random_actions:panel_3:2:1023006:0
shared,shared,random_actions,2,30000,1,reference,panel_3,1023006,fb71c287ab2e67c2e415dbd6edc475c63c523102353578650bfebd5a2bce2839,1,1,3,0.97,1.0936,0,3,0,4,3,3,0,0.0,0.0,0,,random_actions,random_actions:panel_3:2:1023006:1
shared,shared,random_actions,2,30000,1,reference,panel_3,1023007,2e92cd630944f79edcd436f7bcbf48da85b2d32f85763e6ad60971cdc329ef2f,0,0,32,-0.3200000000000001,0.03680000000000014,8,24,15,10,29,10,1,1.8864805806415528,0.0,0,,random_actions,random_actions:panel_3:2:1023007:0
shared,shared,random_actions,2,30000,1,reference,panel_3,1023007,2e92cd630944f79edcd436f7bcbf48da85b2d32f85763e6ad60971cdc329ef2f,1,0,32,-0.3200000000000001,0.04280000000000028,6,26,19,8,27,10,1,1.8325070096903642,0.0,0,,random_actions,random_actions:panel_3:2:1023007:1
shared,shared,random_actions,2,30000,1,reference,panel_3,1023008,0c040bd2456d5e111be0dea27450470949a485e4e4d25df146ad5e0e47e86fbd,0,0,32,-0.3200000000000001,-0.05319999999999987,15,17,6,12,31,9,1,2.0186687510000008,0.0,0,,random_actions,random_actions:panel_3:2:1023008:0
shared,shared,random_actions,2,30000,1,reference,panel_3,1023008,0c040bd2456d5e111be0dea27450470949a485e4e4d25df146ad5e0e47e86fbd,1,0,32,-0.3200000000000001,-0.0351999999999999,5,27,18,10,29,12,1,1.9512510130280019,0.0,0,,random_actions,random_actions:panel_3:2:1023008:1
shared,shared,random_actions,2,30000,1,reference,panel_3,1023009,fadd7564dad85997f023efcc24a7885d108471253dd47bd838a699c0886c7272,0,1,3,0.97,1.0136,0,3,0,4,3,2,0,0.07820900000000008,0.0,0,,random_actions,random_actions:panel_3:2:1023009:0
shared,shared,random_actions,2,30000,1,reference,panel_3,1023009,fadd7564dad85997f023efcc24a7885d108471253dd47bd838a699c0886c7272,1,1,8,0.9199999999999999,0.9756,1,7,3,5,8,4,0,0.2707897300000005,0.0,0,,random_actions,random_actions:panel_3:2:1023009:1
shared,shared,random_actions,2,30000,1,reference,panel_3,1023010,ba7424f2314f7e6bd932cef6402504a611a1116db4ae8e656399b227ade8a98c,0,1,8,0.9199999999999999,1.0168000000000001,0,8,2,7,8,5,0,0.2299344600000005,0.0,0,,random_actions,random_actions:panel_3:2:1023010:0
shared,shared,random_actions,2,30000,1,reference,panel_3,1023010,ba7424f2314f7e6bd932cef6402504a611a1116db4ae8e656399b227ade8a98c,1,1,21,0.7899999999999999,0.9420000000000001,7,14,4,11,21,8,0,0.7078609496140013,0.0,0,,random_actions,random_actions:panel_3:2:1023010:1
shared,shared,random_actions,2,30000,1,reference,panel_3,1023011,39c5c53165819ba3800f6f13688b2bf72bc9f3834be9ea27f260875d7a8eaddd,0,0,32,-0.3200000000000001,0.2516000000000003,24,8,6,3,25,2,1,1.6128820272000137,0.0,0,,random_actions,random_actions:panel_3:2:1023011:0
shared,shared,random_actions,2,30000,1,reference,panel_3,1023011,39c5c53165819ba3800f6f13688b2bf72bc9f3834be9ea27f260875d7a8eaddd,1,0,32,-0.3200000000000001,0.15800000000000017,14,18,12,7,29,9,1,1.7752873164029697,0.0,0,,random_actions,random_actions:panel_3:2:1023011:1
shared,shared,random_actions,2,30000,1,reference,panel_3,1023012,8a1b7837a3f5a02ee616c76e7aa22670aff57d9959fbfd252b7c6c8ff66043bc,0,1,6,0.94,1.1568,1,5,0,6,6,5,0,0.03623311809999996,0.0,0,,random_actions,random_actions:panel_3:2:1023012:0
shared,shared,random_actions,2,30000,1,reference,panel_3,1023012,8a1b7837a3f5a02ee616c76e7aa22670aff57d9959fbfd252b7c6c8ff66043bc,1,1,26,0.74,1.0636,11,15,9,7,26,10,0,0.7511461565700011,0.0,0,,random_actions,random_actions:panel_3:2:1023012:1
shared,shared,random_actions,2,30000,1,reference,panel_3,1023013,8ff7973e4c0ec8de74c4dacb7fac38f74ec3860ea442b72c4b7cad12fad44173,0,0,32,-0.3200000000000001,-0.032799999999999885,9,23,14,10,31,12,1,1.999779161319292,0.0,0,,random_actions,random_actions:panel_3:2:1023013:0
shared,shared,random_actions,2,30000,1,reference,panel_3,1023013,8ff7973e4c0ec8de74c4dacb7fac38f74ec3860ea442b72c4b7cad12fad44173,1,0,32,-0.3200000000000001,-0.05199999999999991,7,25,18,8,29,11,1,1.966874422400002,0.0,0,,random_actions,random_actions:panel_3:2:1023013:1
shared,shared,random_actions,2,30000,1,reference,panel_3,1023014,b54e0b1f1a6101661474278b89b4913c67114b799d53a793fc2f3966b550070c,0,0,32,-0.3200000000000001,0.13600000000000018,12,20,10,11,25,7,1,1.7001500715114206,0.0,0,,random_actions,random_actions:panel_3:2:1023014:0
shared,shared,random_actions,2,30000,1,reference,panel_3,1023014,b54e0b1f1a6101661474278b89b4913c67114b799d53a793fc2f3966b550070c,1,0,32,-0.3200000000000001,0.15160000000000026,12,20,12,9,28,10,1,1.7565860442737669,0.0,0,,random_actions,random_actions:panel_3:2:1023014:1
shared,shared,random_actions,2,30000,1,reference,panel_3,1023015,c6bc33ed73ae48c7ee9e790a29db80d42c4142113bad55a0f9137ae92c24d3b7,0,0,32,-0.3200000000000001,0.18880000000000027,14,18,9,10,29,9,1,1.7530456614946184,0.0,0,,random_actions,random_actions:panel_3:2:1023015:0
shared,shared,random_actions,2,30000,1,reference,panel_3,1023015,c6bc33ed73ae48c7ee9e790a29db80d42c4142113bad55a0f9137ae92c24d3b7,1,0,32,-0.3200000000000001,0.17920000000000025,13,19,11,9,24,5,1,1.6460726249021582,0.0,0,,random_actions,random_actions:panel_3:2:1023015:1
shared,shared,random_actions,2,30000,1,reference,panel_3,1023016,5fa5658fb1bd49c0c7c51113c7546d3c028fdbb06a8b6aa92f2d01ebb18a4ae8,0,1,7,0.9299999999999999,1.0232,1,6,0,7,7,4,0,0.19258073000000042,0.0,0,,random_actions,random_actions:panel_3:2:1023016:0
shared,shared,random_actions,2,30000,1,reference,panel_3,1023016,5fa5658fb1bd49c0c7c51113c7546d3c028fdbb06a8b6aa92f2d01ebb18a4ae8,1,1,6,0.94,1.0308,0,6,1,6,6,4,0,0.1540717300000003,0.0,0,,random_actions,random_actions:panel_3:2:1023016:1
shared,shared,random_actions,2,30000,1,reference,panel_3,1023017,987b691369f1d70352c8680dfaf05e5912e72395e1399b15f752a1ae5be6ac41,0,0,32,-0.3200000000000001,0.04920000000000016,8,24,16,9,27,9,1,1.82649146808016,0.0,0,,random_actions,random_actions:panel_3:2:1023017:0
shared,shared,random_actions,2,30000,1,reference,panel_3,1023017,987b691369f1d70352c8680dfaf05e5912e72395e1399b15f752a1ae5be6ac41,1,0,32,-0.3200000000000001,0.11160000000000016,10,22,14,9,27,8,1,1.7752781765099006,0.0,0,,random_actions,random_actions:panel_3:2:1023017:1
shared,shared,random_actions,2,30000,1,reference,panel_3,1023018,93e9bd3c4ed43bea09639fb057ee566e9a4baf894a99aeef2860f97f1076760b,0,1,2,0.98,1.0612,0,2,0,3,2,2,0,0.0,0.0,0,,random_actions,random_actions:panel_3:2:1023018:0
shared,shared,random_actions,2,30000,1,reference,panel_3,1023018,93e9bd3c4ed43bea09639fb057ee566e9a4baf894a99aeef2860f97f1076760b,1,1,2,0.98,1.0612,0,2,0,3,2,2,0,0.0,0.0,0,,random_actions,random_actions:panel_3:2:1023018:1
shared,shared,random_actions,2,30000,1,reference,panel_3,1023019,d21d47ba60984a2b9858123f57d8b108dad941d5fdb724af013ce043972a560e,0,0,32,-0.3200000000000001,-0.08479999999999999,8,24,13,12,27,9,1,1.951721777214002,0.0,0,,random_actions,random_actions:panel_3:2:1023019:0
shared,shared,random_actions,2,30000,1,reference,panel_3,1023019,d21d47ba60984a2b9858123f57d8b108dad941d5fdb724af013ce043972a560e,1,0,32,-0.3200000000000001,-0.06439999999999989,11,21,13,9,31,10,1,2.029827214914001,0.0,0,,random_actions,random_actions:panel_3:2:1023019:1
shared,shared,random_actions,2,30000,1,reference,panel_3,1023020,372a53fc7c309500c4ccf5244b75b28b6ae21541dac0db3783dac94ea6ec1d23,0,1,1,0.99,1.03,0,1,0,2,1,1,0,0.0,0.0,0,,random_actions,random_actions:panel_3:2:1023020:0
shared,shared,random_actions,2,30000,1,reference,panel_3,1023020,372a53fc7c309500c4ccf5244b75b28b6ae21541dac0db3783dac94ea6ec1d23,1,1,6,0.94,0.9896,1,5,2,4,6,3,0,0.1949270000000003,0.0,0,,random_actions,random_actions:panel_3:2:1023020:1
shared,shared,random_actions,2,30000,1,reference,panel_3,1023021,15a689f3cf18f19b9a93303ce629ae698ad1ef99f5369a7e70aa3ad1ec977b63,0,0,32,-0.3200000000000001,-0.19360000000000005,4,28,19,10,30,12,1,2.1291874181000026,0.0,0,,random_actions,random_actions:panel_3:2:1023021:0
shared,shared,random_actions,2,30000,1,reference,panel_3,1023021,15a689f3cf18f19b9a93303ce629ae698ad1ef99f5369a7e70aa3ad1ec977b63,1,1,1,0.99,1.03,0,1,0,2,1,1,0,0.0,0.0,0,,random_actions,random_actions:panel_3:2:1023021:1
shared,shared,random_actions,2,30000,1,reference,panel_3,1023022,8914e4756a6f797ecdf3b3e732bf5bb6b4e021f3346f57f4384849babf7495c6,0,1,16,0.84,0.9244000000000001,11,5,2,4,16,3,0,0.5696553000000012,0.0,0,,random_actions,random_actions:panel_3:2:1023022:0
shared,shared,random_actions,2,30000,1,reference,panel_3,1023022,8914e4756a6f797ecdf3b3e732bf5bb6b4e021f3346f57f4384849babf7495c6,1,1,14,0.86,0.9264,5,9,5,5,14,5,0,0.505416730000001,0.0,0,,random_actions,random_actions:panel_3:2:1023022:1
shared,shared,random_actions,2,30000,1,reference,panel_3,1023023,ca1775f373c43bc0ea940cc2f44b1c65923c767bb2b2b4658780edbc99684473,0,0,32,-0.3200000000000001,0.014000000000000137,8,24,15,10,30,11,1,1.930656741056451,0.0,0,,random_actions,random_actions:panel_3:2:1023023:0
shared,shared,random_actions,2,30000,1,reference,panel_3,1023023,ca1775f373c43bc0ea940cc2f44b1c65923c767bb2b2b4658780edbc99684473,1,0,32,-0.3200000000000001,-0.024399999999999866,9,23,12,12,28,9,1,1.9184032766990016,0.0,0,,random_actions,random_actions:panel_3:2:1023023:1
shared,shared,random_actions,2,30000,1,reference,panel_3,1023024,132ee6dedbb61dd08c272e07b168d4e368e2f05733ded939ee4aaf3d89e237cc,0,1,11,0.89,0.96,6,5,1,5,11,3,0,0.37934938000000085,0.0,0,,random_actions,random_actions:panel_3:2:1023024:0
shared,shared,random_actions,2,30000,1,reference,panel_3,1023024,132ee6dedbb61dd08c272e07b168d4e368e2f05733ded939ee4aaf3d89e237cc,1,1,1,0.99,1.03,0,1,0,2,1,1,0,0.0,0.0,0,,random_actions,random_actions:panel_3:2:1023024:1
shared,shared,random_actions,2,30000,1,reference,panel_3,1023025,7f965e7a20c1fc2eea53084a38c47a31561d33e63bf0d6810115025a25ce8715,0,0,32,-0.3200000000000001,-0.03679999999999975,11,21,9,13,29,9,1,1.9542832731328423,0.0,0,,random_actions,random_actions:panel_3:2:1023025:0
shared,shared,random_actions,2,30000,1,reference,panel_3,1023025,7f965e7a20c1fc2eea53084a38c47a31561d33e63bf0d6810115025a25ce8715,1,1,3,0.97,1.0936,0,3,0,4,3,3,0,0.0,0.0,0,,random_actions,random_actions:panel_3:2:1023025:1
shared,shared,random_actions,2,30000,1,reference,panel_3,1023026,f7931551c601f725587f1f44312b0c385819bf5d726100b5b123c6409e6f5691,0,0,32,-0.3200000000000001,0.11200000000000007,16,16,11,6,27,8,1,1.7729928271221898,0.0,0,,random_actions,random_actions:panel_3:2:1023026:0
shared,shared,random_actions,2,30000,1,reference,panel_3,1023026,f7931551c601f725587f1f44312b0c385819bf5d726100b5b123c6409e6f5691,1,1,29,0.71,1.0544,9,20,12,9,29,13,0,0.8569768768888714,0.0,0,,random_actions,random_actions:panel_3:2:1023026:1
shared,shared,random_actions,2,30000,1,reference,panel_3,1023027,08fda2b326960d82e9ea52682f650de1ba4a966e5577aa6cd5142a288b18af15,0,0,32,-0.3200000000000001,-0.07199999999999988,13,19,11,9,30,9,1,2.0109672917487416,0.0,0,,random_actions,random_actions:panel_3:2:1023027:0
shared,shared,random_actions,2,30000,1,reference,panel_3,1023027,08fda2b326960d82e9ea52682f650de1ba4a966e5577aa6cd5142a288b18af15,1,0,32,-0.3200000000000001,-0.03719999999999982,12,20,11,10,26,5,1,1.882641337276365,0.0,0,,random_actions,random_actions:panel_3:2:1023027:1
shared,shared,random_actions,2,30000,1,reference,panel_3,1023028,5b24fa6e67c1f39f2841cf1ee524a26c4c55a26c5e335b48b9650d9f6b083708,0,0,32,-0.3200000000000001,-0.037599999999999884,8,24,15,10,29,12,1,1.9520974472000014,0.0,0,,random_actions,random_actions:panel_3:2:1023028:0
shared,shared,random_actions,2,30000,1,reference,panel_3,1023028,5b24fa6e67c1f39f2841cf1ee524a26c4c55a26c5e335b48b9650d9f6b083708,1,0,32,-0.3200000000000001,-0.031599999999999864,11,21,15,7,29,9,1,1.942958189600001,0.0,0,,random_actions,random_actions:panel_3:2:1023028:1
shared,shared,random_actions,2,30000,1,reference,panel_3,1023029,38341b40712f9246c5bf1ac5db31598bce1ffaa0ccd71dd4f246b364a4f92121,0,0,32,-0.3200000000000001,0.052800000000000125,16,16,10,7,30,9,1,1.8951115755667562,0.0,0,,random_actions,random_actions:panel_3:2:1023029:0
shared,shared,random_actions,2,30000,1,reference,panel_3,1023029,38341b40712f9246c5bf1ac5db31598bce1ffaa0ccd71dd4f246b364a4f92121,1,0,32,-0.3200000000000001,0.06720000000000012,11,21,13,9,28,9,1,1.8345326698463205,0.0,0,,random_actions,random_actions:panel_3:2:1023029:1
shared,shared,random_actions,2,30000,1,reference,panel_3,1023030,8947f20d6704e43c98af188c95d0c75531ffafcf201cf26e0d88bc5b76c41361,0,0,32,-0.3200000000000001,-0.10919999999999991,6,26,19,8,28,11,1,1.993818506314002,0.0,0,,random_actions,random_actions:panel_3:2:1023030:0
shared,shared,random_actions,2,30000,1,reference,panel_3,1023030,8947f20d6704e43c98af188c95d0c75531ffafcf201cf26e0d88bc5b76c41361,1,0,32,-0.3200000000000001,-0.14039999999999997,3,29,21,9,31,14,1,2.1013244686000023,0.0,0,,random_actions,random_actions:panel_3:2:1023030:1
shared,shared,random_actions,2,30000,1,reference,panel_3,1023031,eb06f17c001dc78860b011a0033c8aa100e13d0ce2d5caba743b96b0853fabc3,0,0,32,-0.3200000000000001,0.04080000000000012,13,19,11,9,31,11,1,1.9334019759589722,0.0,0,,random_actions,random_actions:panel_3:2:1023031:0
shared,shared,random_actions,2,30000,1,reference,panel_3,1023031,eb06f17c001dc78860b011a0033c8aa100e13d0ce2d5caba743b96b0853fabc3,1,0,32,-0.3200000000000001,0.03840000000000013,4,28,18,11,31,15,1,1.9348919053348135,0.0,0,,random_actions,random_actions:panel_3:2:1023031:1
shared,shared,random_actions,2,30000,1,reference,panel_3,1023032,95c50166442b08ab74d4c5d0d6704b4d0924f94190d36950c74b0cd80f7d14d6,0,0,32,-0.3200000000000001,0.13600000000000018,10,22,15,8,28,10,1,1.7746785385567518,0.0,0,,random_actions,random_actions:panel_3:2:1023032:0
shared,shared,random_actions,2,30000,1,reference,panel_3,1023032,95c50166442b08ab74d4c5d0d6704b4d0924f94190d36950c74b0cd80f7d14d6,1,0,32,-0.3200000000000001,0.16000000000000017,16,16,11,6,26,6,1,1.7051326807029574,0.0,0,,random_actions,random_actions:panel_3:2:1023032:1
shared,shared,random_actions,2,30000,1,reference,panel_3,1023033,7d623317e5768c26850b8ac79ef3b1473b6a5809ac088b6e07955546cf5495ad,0,1,21,0.7899999999999999,1.0196,1,20,10,11,21,12,0,0.6341700950570012,0.0,0,,random_actions,random_actions:panel_3:2:1023033:0
shared,shared,random_actions,2,30000,1,reference,panel_3,1023033,7d623317e5768c26850b8ac79ef3b1473b6a5809ac088b6e07955546cf5495ad,1,0,32,-0.3200000000000001,-0.03999999999999984,6,26,14,13,28,11,1,1.9295463501140016,0.0,0,,random_actions,random_actions:panel_3:2:1023033:1
shared,shared,random_actions,2,30000,1,reference,panel_3,1023034,9ba9965a96256d0debd9370b0f62b4cb38b70dca2ed0bdc3f55847dfb8438c84,0,1,5,0.95,1.0772,0,5,1,5,5,4,0,0.07820900000000008,0.0,0,,random_actions,random_actions:panel_3:2:1023034:0
shared,shared,random_actions,2,30000,1,reference,panel_3,1023034,9ba9965a96256d0debd9370b0f62b4cb38b70dca2ed0bdc3f55847dfb8438c84,1,0,32,-0.3200000000000001,-0.07999999999999984,15,17,6,12,28,6,1,1.9658488165710013,0.0,0,,random_actions,random_actions:panel_3:2:1023034:1
shared,shared,random_actions,2,30000,1,reference,panel_3,1023035,dab84c3ca78157c8950c231ce7574b800fb41d7593bd7703cd5efb35fc0bd373,0,1,23,0.7699999999999999,1.036,8,15,4,12,23,10,0,0.6828706881000015,0.0,0,,random_actions,random_actions:panel_3:2:1023035:0
shared,shared,random_actions,2,30000,1,reference,panel_3,1023035,dab84c3ca78157c8950c231ce7574b800fb41d7593bd7703cd5efb35fc0bd373,1,0,32,-0.3200000000000001,-0.0011999999999999095,7,25,13,13,31,13,1,1.9724489013850017,0.0,0,,random_actions,random_actions:panel_3:2:1023035:1
shared,shared,random_actions,2,30000,1,reference,panel_3,1023036,6970d0359e495d9fe8343a92526aa442c0cf87cc69bad3631e7009767f3d8134,0,1,29,0.71,0.9296000000000001,12,17,9,9,29,10,0,0.9695429287280021,0.0,0,,random_actions,random_actions:panel_3:2:1023036:0
shared,shared,random_actions,2,30000,1,reference,panel_3,1023036,6970d0359e495d9fe8343a92526aa442c0cf87cc69bad3631e7009767f3d8134,1,1,9,0.91,1.0552000000000001,6,3,0,4,9,3,0,0.2241223800000005,0.0,0,,random_actions,random_actions:panel_3:2:1023036:1
shared,shared,random_actions,2,30000,1,reference,panel_3,1023037,56969b0dc5c02c5dbeafa82e7f582565840c7c405c849ecf4f99baa8e0b529b7,0,0,32,-0.3200000000000001,-0.03199999999999978,4,28,17,12,29,13,1,1.9506218052308708,0.0,0,,random_actions,random_actions:panel_3:2:1023037:0
shared,shared,random_actions,2,30000,1,reference,panel_3,1023037,56969b0dc5c02c5dbeafa82e7f582565840c7c405c849ecf4f99baa8e0b529b7,1,1,11,0.89,1.04,2,9,4,6,11,6,0,0.3012454262000007,0.0,0,,random_actions,random_actions:panel_3:2:1023037:1
shared,shared,random_actions,2,30000,1,reference,panel_3,1023038,2aacb504af986fc56526d74bdaf8490606f5bb978fc2d3e47e0cae3647863dd3,0,0,32,-0.3200000000000001,0.022400000000000087,20,12,8,5,27,5,1,1.8530364168676092,0.0,0,,random_actions,random_actions:panel_3:2:1023038:0
shared,shared,random_actions,2,30000,1,reference,panel_3,1023038,2aacb504af986fc56526d74bdaf8490606f5bb978fc2d3e47e0cae3647863dd3,1,0,32,-0.3200000000000001,0.016400000000000137,18,14,9,6,30,7,1,1.9290483083120589,0.0,0,,random_actions,random_actions:panel_3:2:1023038:1
shared,shared,random_actions,2,30000,1,reference,panel_3,1023039,450059c9c21c77ec3c668eff996a5a3fe6c71730e46422287a5b53926d416550,0,1,1,0.99,1.03,0,1,0,2,1,1,0,0.0,0.0,0,,random_actions,random_actions:panel_3:2:1023039:0
shared,shared,random_actions,2,30000,1,reference,panel_3,1023039,450059c9c21c77ec3c668eff996a5a3fe6c71730e46422287a5b53926d416550,1,1,2,0.98,1.0212,1,1,0,2,2,1,0,0.03970000000000007,0.0,0,,random_actions,random_actions:panel_3:2:1023039:1
shared,shared,random_actions,2,30000,1,reference,panel_3,1023040,34b61fbe6bb2a4fe68ba58ce7b78489ccce2426de2955872e80e9c00941e37aa,0,0,32,-0.3200000000000001,0.2832000000000003,19,13,11,3,26,6,1,1.6118080514907716,0.0,0,,random_actions,random_actions:panel_3:2:1023040:0
shared,shared,random_actions,2,30000,1,reference,panel_3,1023040,34b61fbe6bb2a4fe68ba58ce7b78489ccce2426de2955872e80e9c00941e37aa,1,0,32,-0.3200000000000001,0.24240000000000023,11,21,14,8,27,9,1,1.6539714623886153,0.0,0,,random_actions,random_actions:panel_3:2:1023040:1
shared,shared,random_actions,2,30000,1,reference,panel_3,1023041,89933b1295d62e3e830b2cb40d01250680ae03f495989ac20378d19dabc7939a,0,1,9,0.91,1.0576,4,5,1,5,9,4,0,0.22188115620000037,0.0,0,,random_actions,random_actions:panel_3:2:1023041:0
shared,shared,random_actions,2,30000,1,reference,panel_3,1023041,89933b1295d62e3e830b2cb40d01250680ae03f495989ac20378d19dabc7939a,1,0,32,-0.3200000000000001,-0.11119999999999997,6,26,17,10,28,10,1,1.9944617805000018,0.0,0,,random_actions,random_actions:panel_3:2:1023041:1
shared,shared,random_actions,2,30000,1,reference,panel_3,1023042,47814339dd16c9b9ef6d838003574021f92903c38cdc529d65b98d56670e4c5b,0,0,32,-0.3200000000000001,0.11080000000000012,5,27,18,10,27,11,1,1.77180699560961,0.0,0,,random_actions,random_actions:panel_3:2:1023042:0
shared,shared,random_actions,2,30000,1,reference,panel_3,1023042,47814339dd16c9b9ef6d838003574021f92903c38cdc529d65b98d56670e4c5b,1,0,32,-0.3200000000000001,0.1216000000000001,17,15,11,5,27,7,1,1.7643610898400595,0.0,0,,random_actions,random_actions:panel_3:2:1023042:1
shared,shared,random_actions,2,30000,1,reference,panel_3,1023043,4bd5ccfeaff69c986d798650a032d2779324449d15bec63f9d1fc9b1c1c47b81,0,0,32,-0.3200000000000001,-0.07519999999999992,9,23,10,14,31,12,1,2.0390683673280017,0.0,0,,random_actions,random_actions:panel_3:2:1023043:0
shared,shared,random_actions,2,30000,1,reference,panel_3,1023043,4bd5ccfeaff69c986d798650a032d2779324449d15bec63f9d1fc9b1c1c47b81,1,0,32,-0.3200000000000001,-0.06799999999999995,4,28,17,12,28,11,1,1.957890127454582,0.0,0,,random_actions,random_actions:panel_3:2:1023043:1
shared,shared,random_actions,2,30000,1,reference,panel_3,1023044,00f34d31b80a70f1191a2e3f03dbd390d279781b3b590e097bd2e59134049ac7,0,0,32,-0.3200000000000001,-0.05999999999999969,16,16,8,9,27,4,1,1.9318192267975816,0.0,0,,random_actions,random_actions:panel_3:2:1023044:0
shared,shared,random_actions,2,30000,1,reference,panel_3,1023044,00f34d31b80a70f1191a2e3f03dbd390d279781b3b590e097bd2e59134049ac7,1,1,5,0.95,1.0396,1,4,0,5,5,3,0,0.11437173000000034,0.0,0,,random_actions,random_actions:panel_3:2:1023044:1
shared,shared,random_actions,2,30000,1,reference,panel_3,1023045,47f5ba3d3ff57f29d7804be54616f68e7ff70e012336742aa1092fa66d409b9d,0,0,32,-0.3200000000000001,0.19960000000000036,16,16,13,4,26,6,1,1.6809529202224829,0.0,0,,random_actions,random_actions:panel_3:2:1023045:0
shared,shared,random_actions,2,30000,1,reference,panel_3,1023045,47f5ba3d3ff57f29d7804be54616f68e7ff70e012336742aa1092fa66d409b9d,1,0,32,-0.3200000000000001,0.044800000000000104,12,20,11,10,32,12,1,1.9600994787231618,0.0,0,,random_actions,random_actions:panel_3:2:1023045:1
shared,shared,random_actions,2,30000,1,reference,panel_3,1023046,a0f62cc82807f6012d52f4b7bafd25f26cc94e127e3d2456cf354f62d49c682e,0,0,32,-0.3200000000000001,-0.07679999999999992,19,13,9,5,28,4,1,1.9661362731550027,0.0,0,,random_actions,random_actions:panel_3:2:1023046:0
shared,shared,random_actions,2,30000,1,reference,panel_3,1023046,a0f62cc82807f6012d52f4b7bafd25f26cc94e127e3d2456cf354f62d49c682e,1,1,2,0.98,1.0612,0,2,0,3,2,2,0,0.0,0.0,0,,random_actions,random_actions:panel_3:2:1023046:1
shared,shared,random_actions,2,30000,1,reference,panel_3,1023047,771810cdfc035cdcc6151cf770c0e078862b1b92783655f1e5cc7e659cbe7acd,0,0,32,-0.3200000000000001,-0.19720000000000004,9,23,17,7,31,10,1,2.1581813000000025,0.0,0,,random_actions,random_actions:panel_3:2:1023047:0
shared,shared,random_actions,2,30000,1,reference,panel_3,1023047,771810cdfc035cdcc6151cf770c0e078862b1b92783655f1e5cc7e659cbe7acd,1,1,2,0.98,1.0212,1,1,0,2,2,1,0,0.03970000000000007,0.0,0,,random_actions,random_actions:panel_3:2:1023047:1
shared,shared,random_actions,2,30000,1,reference,panel_3,1023048,31eb4c3a52faf800e53fef5d9a7d60be6770dd55f94c4501ef4dcde766b5a561,0,0,32,-0.3200000000000001,-0.09719999999999995,4,28,17,12,29,11,1,2.011586020239582,0.0,0,,random_actions,random_actions:panel_3:2:1023048:0
shared,shared,random_actions,2,30000,1,reference,panel_3,1023048,31eb4c3a52faf800e53fef5d9a7d60be6770dd55f94c4501ef4dcde766b5a561,1,0,32,-0.3200000000000001,-0.15359999999999996,12,20,13,8,29,7,1,2.064833418100002,0.0,0,,random_actions,random_actions:panel_3:2:1023048:1
shared,shared,random_actions,2,30000,1,reference,panel_3,1023049,2d3fca397ca5168280b3090b1feb01e24065f18b49236ea14b694e649fc031ed,0,1,4,0.96,1.086,1,3,0,4,4,3,0,0.038509000000000126,0.0,0,,random_actions,random_actions:panel_3:2:1023049:0
shared,shared,random_actions,2,30000,1,reference,panel_3,1023049,2d3fca397ca5168280b3090b1feb01e24065f18b49236ea14b694e649fc031ed,1,0,32,-0.3200000000000001,-0.1244,6,26,18,9,30,12,1,2.0579111100000023,0.0,0,,random_actions,random_actions:panel_3:2:1023049:1
shared,shared,random_actions,2,30000,1,reference,panel_3,1023050,f1f749bb4515cb7c2ba10c0b1f69091eda6ac28ffa2698b70fa2e712fbe95b13,0,1,7,0.9299999999999999,1.0232,3,4,1,4,7,3,0,0.19261646000000043,0.0,0,,random_actions,random_actions:panel_3:2:1023050:0
shared,shared,random_actions,2,30000,1,reference,panel_3,1023050,f1f749bb4515cb7c2ba10c0b1f69091eda6ac28ffa2698b70fa2e712fbe95b13,1,1,10,0.9,1.0004,2,8,4,5,10,5,0,0.3081434600000007,0.0,0,,random_actions,random_actions:panel_3:2:1023050:1
shared,shared,random_actions,2,30000,1,reference,panel_3,1023051,5b647a1967ad990e92d3c434f1311d2d4dca9f0ddc665ace9def640b1045eaaf,0,0,32,-0.3200000000000001,-0.014799999999999702,15,17,11,7,29,8,1,1.930833168842001,0.0,0,,random_actions,random_actions:panel_3:2:1023051:0
shared,shared,random_actions,2,30000,1,reference,panel_3,1023051,5b647a1967ad990e92d3c434f1311d2d4dca9f0ddc665ace9def640b1045eaaf,1,0,32,-0.3200000000000001,-0.013599999999999807,25,7,4,4,30,3,1,1.9576685305999992,0.0,0,,random_actions,random_actions:panel_3:2:1023051:1
shared,shared,random_actions,2,30000,1,reference,panel_3,1023052,569a861e0ac550e8d1e48bedcc7123850a59d1646bf07b3d1e60621ee3ac2e9c,0,0,32,-0.3200000000000001,0.1660000000000002,4,28,20,9,26,10,1,1.7092860036802322,0.0,0,,random_actions,random_actions:panel_3:2:1023052:0
shared,shared,random_actions,2,30000,1,reference,panel_3,1023052,569a861e0ac550e8d1e48bedcc7123850a59d1646bf07b3d1e60621ee3ac2e9c,1,0,32,-0.3200000000000001,0.17560000000000028,10,22,16,7,26,8,1,1.6910279785802413,0.0,0,,random_actions,random_actions:panel_3:2:1023052:1
shared,shared,random_actions,2,30000,1,reference,panel_3,1023053,46f5435b69e177913fcd8de4630d17d3d60620ceb1982fa57e883aeb3c3fc53a,0,0,32,-0.3200000000000001,0.10920000000000014,14,18,14,5,27,7,1,1.7763651700529006,0.0,0,,random_actions,random_actions:panel_3:2:1023053:0
shared,shared,random_actions,2,30000,1,reference,panel_3,1023053,46f5435b69e177913fcd8de4630d17d3d60620ceb1982fa57e883aeb3c3fc53a,1,0,32,-0.3200000000000001,0.08760000000000016,9,23,13,11,26,8,1,1.7643476693928857,0.0,0,,random_actions,random_actions:panel_3:2:1023053:1
shared,shared,random_actions,2,30000,1,reference,panel_3,1023054,77a2e535e57c9a7a8fda0680c965dbe5efac830083fe2db61c0ac439f47d5e9d,0,0,32,-0.3200000000000001,-0.037999999999999895,14,18,8,11,29,8,1,1.9551052925738706,0.0,0,,random_actions,random_actions:panel_3:2:1023054:0
shared,shared,random_actions,2,30000,1,reference,panel_3,1023054,77a2e535e57c9a7a8fda0680c965dbe5efac830083fe2db61c0ac439f47d5e9d,1,1,10,0.9,1.05,3,7,1,7,10,5,0,0.2605992088570003,0.0,0,,random_actions,random_actions:panel_3:2:1023054:1
shared,shared,random_actions,2,30000,1,reference,panel_3,1023055,05f24b13eb031ae820b885b7a152e92ad9034f6e6220718147de9999470fa703,0,0,32,-0.3200000000000001,-0.1343999999999999,10,22,11,12,31,10,1,2.097046850371002,0.0,0,,random_actions,random_actions:panel_3:2:1023055:0
shared,shared,random_actions,2,30000,1,reference,panel_3,1023055,05f24b13eb031ae820b885b7a152e92ad9034f6e6220718147de9999470fa703,1,1,10,0.9,0.9968,2,8,4,5,10,5,0,0.3116807300000005,0.0,0,,random_actions,random_actions:panel_3:2:1023055:1
shared,shared,random_actions,2,30000,1,reference,panel_3,1023056,6c419960882984ba31de62d8947fc103c7bf2deb05a07018d5706cffba9fd94d,0,0,32,-0.3200000000000001,-0.172,11,21,14,8,31,9,1,2.1339510005000024,0.0,0,,random_actions,random_actions:panel_3:2:1023056:0
shared,shared,random_actions,2,30000,1,reference,panel_3,1023056,6c419960882984ba31de62d8947fc103c7bf2deb05a07018d5706cffba9fd94d,1,1,3,0.97,1.0136,0,3,1,3,3,2,0,0.07820900000000008,0.0,0,,random_actions,random_actions:panel_3:2:1023056:1
shared,shared,random_actions,2,30000,1,reference,panel_3,1023057,4d50c2ef4db6c00f78d0ff3a41cadf08cd09f0a43b4939ef94129a01b9d8bbb6,0,1,13,0.87,1.0852,1,12,4,9,13,8,0,0.32215571423187006,0.0,0,,random_actions,random_actions:panel_3:2:1023057:0
shared,shared,random_actions,2,30000,1,reference,panel_3,1023057,4d50c2ef4db6c00f78d0ff3a41cadf08cd09f0a43b4939ef94129a01b9d8bbb6,1,1,28,0.72,0.9868000000000001,2,26,13,14,28,15,0,0.8844685047342916,0.0,0,,random_actions,random_actions:panel_3:2:1023057:1
shared,shared,random_actions,2,30000,1,reference,panel_3,1023058,c20568565d45521ad5af6d5200edfa3e3fb88e1f32a6e0be82a77d92679b31db,0,1,3,0.97,1.0936,0,3,0,4,3,3,0,0.0,0.0,0,,random_actions,random_actions:panel_3:2:1023058:0
shared,shared,random_actions,2,30000,1,reference,panel_3,1023058,c20568565d45521ad5af6d5200edfa3e3fb88e1f32a6e0be82a77d92679b31db,1,1,21,0.7899999999999999,0.9724,8,13,9,5,21,8,0,0.6781434900000017,0.0,0,,random_actions,random_actions:panel_3:2:1023058:1
shared,shared,random_actions,2,30000,1,reference,panel_3,1023059,62a2c28bc77a0f1c5e194724e7ee52fb3fe44448ae398be48abc8746a68b7726,0,0,32,-0.3200000000000001,0.1396000000000002,12,20,13,8,27,8,1,1.746300196812654,0.0,0,,random_actions,random_actions:panel_3:2:1023059:0
shared,shared,random_actions,2,30000,1,reference,panel_3,1023059,62a2c28bc77a0f1c5e194724e7ee52fb3fe44448ae398be48abc8746a68b7726,1,1,32,0.6799999999999999,1.0736,12,20,8,13,32,13,0,0.9330547216207404,0.0,0,,random_actions,random_actions:panel_3:2:1023059:1
shared,shared,random_actions,2,30000,1,reference,panel_3,1023060,fa1eec8eeccdfeb1c64301a787a1090ba3e9cce344260fb7e66d6f9afbc71cea,0,1,5,0.95,1.0784,2,3,0,4,5,3,0,0.07701800000000025,0.0,0,,random_actions,random_actions:panel_3:2:1023060:0
shared,shared,random_actions,2,30000,1,reference,panel_3,1023060,fa1eec8eeccdfeb1c64301a787a1090ba3e9cce344260fb7e66d6f9afbc71cea,1,0,32,-0.3200000000000001,-0.047599999999999865,15,17,11,7,29,7,1,1.962581759856001,0.0,0,,random_actions,random_actions:panel_3:2:1023060:1
shared,shared,random_actions,2,30000,1,reference,panel_3,1023061,3ab0753fe612a72d0aacb47538d36e9a8729cb67aecbefbe927b6d6b1bb02efe,0,1,1,0.99,1.03,0,1,0,2,1,1,0,0.0,0.0,0,,random_actions,random_actions:panel_3:2:1023061:0
shared,shared,random_actions,2,30000,1,reference,panel_3,1023061,3ab0753fe612a72d0aacb47538d36e9a8729cb67aecbefbe927b6d6b1bb02efe,1,1,1,0.99,1.03,0,1,0,2,1,1,0,0.0,0.0,0,,random_actions,random_actions:panel_3:2:1023061:1
shared,shared,random_actions,2,30000,1,reference,panel_3,1023062,74cec6407c37c011484647565dc379d628d98c7b2ec01993dff710a4d5812ffe,0,1,23,0.7699999999999999,0.9572,4,19,11,9,23,11,0,0.7552665362000018,0.0,0,,random_actions,random_actions:panel_3:2:1023062:0
shared,shared,random_actions,2,30000,1,reference,panel_3,1023062,74cec6407c37c011484647565dc379d628d98c7b2ec01993dff710a4d5812ffe,1,0,32,-0.3200000000000001,-0.07639999999999991,9,23,13,11,32,12,1,2.069097825748292,0.0,0,,random_actions,random_actions:panel_3:2:1023062:1
shared,shared,random_actions,2,30000,1,reference,panel_3,1023063,509e79797d18938f399b27f0734aa39d06bc69bbec39aeea33022806fe0a92fc,0,1,16,0.84,0.9440000000000001,8,8,4,5,16,5,0,0.5498807300000009,0.0,0,,random_actions,random_actions:panel_3:2:1023063:0
shared,shared,random_actions,2,30000,1,reference,panel_3,1023063,509e79797d18938f399b27f0734aa39d06bc69bbec39aeea33022806fe0a92fc,1,1,2,0.98,1.0612,0,2,0,3,2,2,0,0.0,0.0,0,,random_actions,random_actions:panel_3:2:1023063:1
shared,shared,shortest_path,0,30000,1,reference,panel_3,1023000,b63b4a8bc6864de6229408449b25f973acbd2dbdfd5b5248b647df1c4e9fbad4,0,1,6,0.94,1.198,0,6,0,7,6,6,0,0.0,0.0,0,,shortest_path,shortest_path:panel_3:0:1023000:0
shared,shared,shortest_path,0,30000,1,reference,panel_3,1023001,2da5cd5171f42d790f266743969c8403bf4a4f790604e42585de98f421be1964,0,1,4,0.96,1.1272,0,4,0,5,4,4,0,0.0,0.0,0,,shortest_path,shortest_path:panel_3:0:1023001:0
shared,shared,shortest_path,0,30000,1,reference,panel_3,1023002,d73c477586f1d0de35ac27244e7bcfae1e916aa2fdd6f7c39a5b44be58b73b92,0,1,1,0.99,1.03,0,1,0,2,1,1,0,0.0,0.0,0,,shortest_path,shortest_path:panel_3:0:1023002:0
shared,shared,shortest_path,0,30000,1,reference,panel_3,1023003,a870ab6154eedf236893f991d1999fc37be0f3fedbcfdbc3f9cd37d5b6c0aecc,0,1,3,0.97,1.0936,0,3,0,4,3,3,0,0.0,0.0,0,,shortest_path,shortest_path:panel_3:0:1023003:0
shared,shared,shortest_path,0,30000,1,reference,panel_3,1023004,c0b0470822d81ce8bc1f06019fe7b79b7ab928d175aa67d117705c60fff10ac2,0,1,4,0.96,1.1272,0,4,0,5,4,4,0,0.0,0.0,0,,shortest_path,shortest_path:panel_3:0:1023004:0
shared,shared,shortest_path,0,30000,1,reference,panel_3,1023005,1664c6ef347fc573922477986f70b47a24aa4d2f4b17bccd5d4e3349715afd37,0,1,4,0.96,1.1272,0,4,0,5,4,4,0,0.0,0.0,0,,shortest_path,shortest_path:panel_3:0:1023005:0
shared,shared,shortest_path,0,30000,1,reference,panel_3,1023006,fb71c287ab2e67c2e415dbd6edc475c63c523102353578650bfebd5a2bce2839,0,1,3,0.97,1.0936,0,3,0,4,3,3,0,0.0,0.0,0,,shortest_path,shortest_path:panel_3:0:1023006:0
shared,shared,shortest_path,0,30000,1,reference,panel_3,1023007,2e92cd630944f79edcd436f7bcbf48da85b2d32f85763e6ad60971cdc329ef2f,0,1,4,0.96,1.1272,0,4,0,5,4,4,0,0.0,0.0,0,,shortest_path,shortest_path:panel_3:0:1023007:0
shared,shared,shortest_path,0,30000,1,reference,panel_3,1023008,0c040bd2456d5e111be0dea27450470949a485e4e4d25df146ad5e0e47e86fbd,0,1,4,0.96,1.1272,0,4,0,5,4,4,0,0.0,0.0,0,,shortest_path,shortest_path:panel_3:0:1023008:0
shared,shared,shortest_path,0,30000,1,reference,panel_3,1023009,fadd7564dad85997f023efcc24a7885d108471253dd47bd838a699c0886c7272,0,1,1,0.99,1.03,0,1,0,2,1,1,0,0.0,0.0,0,,shortest_path,shortest_path:panel_3:0:1023009:0
shared,shared,shortest_path,0,30000,1,reference,panel_3,1023010,ba7424f2314f7e6bd932cef6402504a611a1116db4ae8e656399b227ade8a98c,0,1,2,0.98,1.0612,0,2,0,3,2,2,0,0.0,0.0,0,,shortest_path,shortest_path:panel_3:0:1023010:0
shared,shared,shortest_path,0,30000,1,reference,panel_3,1023011,39c5c53165819ba3800f6f13688b2bf72bc9f3834be9ea27f260875d7a8eaddd,0,1,7,0.9299999999999999,1.2352,0,7,0,8,7,7,0,0.0,0.0,0,,shortest_path,shortest_path:panel_3:0:1023011:0
shared,shared,shortest_path,0,30000,1,reference,panel_3,1023012,8a1b7837a3f5a02ee616c76e7aa22670aff57d9959fbfd252b7c6c8ff66043bc,0,1,5,0.95,1.162,0,5,0,6,5,5,0,0.0,0.0,0,,shortest_path,shortest_path:panel_3:0:1023012:0
shared,shared,shortest_path,0,30000,1,reference,panel_3,1023013,8ff7973e4c0ec8de74c4dacb7fac38f74ec3860ea442b72c4b7cad12fad44173,0,1,4,0.96,1.1272,0,4,0,5,4,4,0,0.0,0.0,0,,shortest_path,shortest_path:panel_3:0:1023013:0
shared,shared,shortest_path,0,30000,1,reference,panel_3,1023014,b54e0b1f1a6101661474278b89b4913c67114b799d53a793fc2f3966b550070c,0,1,6,0.94,1.198,0,6,0,7,6,6,0,0.0,0.0,0,,shortest_path,shortest_path:panel_3:0:1023014:0
shared,shared,shortest_path,0,30000,1,reference,panel_3,1023015,c6bc33ed73ae48c7ee9e790a29db80d42c4142113bad55a0f9137ae92c24d3b7,0,1,6,0.94,1.198,0,6,0,7,6,6,0,0.0,0.0,0,,shortest_path,shortest_path:panel_3:0:1023015:0
shared,shared,shortest_path,0,30000,1,reference,panel_3,1023016,5fa5658fb1bd49c0c7c51113c7546d3c028fdbb06a8b6aa92f2d01ebb18a4ae8,0,1,2,0.98,1.0612,0,2,0,3,2,2,0,0.0,0.0,0,,shortest_path,shortest_path:panel_3:0:1023016:0
shared,shared,shortest_path,0,30000,1,reference,panel_3,1023017,987b691369f1d70352c8680dfaf05e5912e72395e1399b15f752a1ae5be6ac41,0,1,5,0.95,1.162,0,5,0,6,5,5,0,0.0,0.0,0,,shortest_path,shortest_path:panel_3:0:1023017:0
shared,shared,shortest_path,0,30000,1,reference,panel_3,1023018,93e9bd3c4ed43bea09639fb057ee566e9a4baf894a99aeef2860f97f1076760b,0,1,2,0.98,1.0612,0,2,0,3,2,2,0,0.0,0.0,0,,shortest_path,shortest_path:panel_3:0:1023018:0
shared,shared,shortest_path,0,30000,1,reference,panel_3,1023019,d21d47ba60984a2b9858123f57d8b108dad941d5fdb724af013ce043972a560e,0,1,3,0.97,1.0936,0,3,0,4,3,3,0,0.0,0.0,0,,shortest_path,shortest_path:panel_3:0:1023019:0
shared,shared,shortest_path,0,30000,1,reference,panel_3,1023020,372a53fc7c309500c4ccf5244b75b28b6ae21541dac0db3783dac94ea6ec1d23,0,1,1,0.99,1.03,0,1,0,2,1,1,0,0.0,0.0,0,,shortest_path,shortest_path:panel_3:0:1023020:0
shared,shared,shortest_path,0,30000,1,reference,panel_3,1023021,15a689f3cf18f19b9a93303ce629ae698ad1ef99f5369a7e70aa3ad1ec977b63,0,1,1,0.99,1.03,0,1,0,2,1,1,0,0.0,0.0,0,,shortest_path,shortest_path:panel_3:0:1023021:0
shared,shared,shortest_path,0,30000,1,reference,panel_3,1023022,8914e4756a6f797ecdf3b3e732bf5bb6b4e021f3346f57f4384849babf7495c6,0,1,1,0.99,1.03,0,1,0,2,1,1,0,0.0,0.0,0,,shortest_path,shortest_path:panel_3:0:1023022:0
shared,shared,shortest_path,0,30000,1,reference,panel_3,1023023,ca1775f373c43bc0ea940cc2f44b1c65923c767bb2b2b4658780edbc99684473,0,1,4,0.96,1.1272,0,4,0,5,4,4,0,0.0,0.0,0,,shortest_path,shortest_path:panel_3:0:1023023:0
shared,shared,shortest_path,0,30000,1,reference,panel_3,1023024,132ee6dedbb61dd08c272e07b168d4e368e2f05733ded939ee4aaf3d89e237cc,0,1,1,0.99,1.03,0,1,0,2,1,1,0,0.0,0.0,0,,shortest_path,shortest_path:panel_3:0:1023024:0
shared,shared,shortest_path,0,30000,1,reference,panel_3,1023025,7f965e7a20c1fc2eea53084a38c47a31561d33e63bf0d6810115025a25ce8715,0,1,3,0.97,1.0936,0,3,0,4,3,3,0,0.0,0.0,0,,shortest_path,shortest_path:panel_3:0:1023025:0
shared,shared,shortest_path,0,30000,1,reference,panel_3,1023026,f7931551c601f725587f1f44312b0c385819bf5d726100b5b123c6409e6f5691,0,1,6,0.94,1.198,0,6,0,7,6,6,0,0.0,0.0,0,,shortest_path,shortest_path:panel_3:0:1023026:0
shared,shared,shortest_path,0,30000,1,reference,panel_3,1023027,08fda2b326960d82e9ea52682f650de1ba4a966e5577aa6cd5142a288b18af15,0,1,2,0.98,1.0612,0,2,0,3,2,2,0,0.0,0.0,0,,shortest_path,shortest_path:panel_3:0:1023027:0
shared,shared,shortest_path,0,30000,1,reference,panel_3,1023028,5b24fa6e67c1f39f2841cf1ee524a26c4c55a26c5e335b48b9650d9f6b083708,0,1,4,0.96,1.1272,0,4,0,5,4,4,0,0.0,0.0,0,,shortest_path,shortest_path:panel_3:0:1023028:0
shared,shared,shortest_path,0,30000,1,reference,panel_3,1023029,38341b40712f9246c5bf1ac5db31598bce1ffaa0ccd71dd4f246b364a4f92121,0,1,5,0.95,1.162,0,5,0,6,5,5,0,0.0,0.0,0,,shortest_path,shortest_path:panel_3:0:1023029:0
shared,shared,shortest_path,0,30000,1,reference,panel_3,1023030,8947f20d6704e43c98af188c95d0c75531ffafcf201cf26e0d88bc5b76c41361,0,1,2,0.98,1.0612,0,2,0,3,2,2,0,0.0,0.0,0,,shortest_path,shortest_path:panel_3:0:1023030:0
shared,shared,shortest_path,0,30000,1,reference,panel_3,1023031,eb06f17c001dc78860b011a0033c8aa100e13d0ce2d5caba743b96b0853fabc3,0,1,5,0.95,1.162,0,5,0,6,5,5,0,0.0,0.0,0,,shortest_path,shortest_path:panel_3:0:1023031:0
shared,shared,shortest_path,0,30000,1,reference,panel_3,1023032,95c50166442b08ab74d4c5d0d6704b4d0924f94190d36950c74b0cd80f7d14d6,0,1,6,0.94,1.198,0,6,0,7,6,6,0,0.0,0.0,0,,shortest_path,shortest_path:panel_3:0:1023032:0
shared,shared,shortest_path,0,30000,1,reference,panel_3,1023033,7d623317e5768c26850b8ac79ef3b1473b6a5809ac088b6e07955546cf5495ad,0,1,4,0.96,1.1272,0,4,0,5,4,4,0,0.0,0.0,0,,shortest_path,shortest_path:panel_3:0:1023033:0
shared,shared,shortest_path,0,30000,1,reference,panel_3,1023034,9ba9965a96256d0debd9370b0f62b4cb38b70dca2ed0bdc3f55847dfb8438c84,0,1,3,0.97,1.0936,0,3,0,4,3,3,0,0.0,0.0,0,,shortest_path,shortest_path:panel_3:0:1023034:0
shared,shared,shortest_path,0,30000,1,reference,panel_3,1023035,dab84c3ca78157c8950c231ce7574b800fb41d7593bd7703cd5efb35fc0bd373,0,1,5,0.95,1.162,0,5,0,6,5,5,0,0.0,0.0,0,,shortest_path,shortest_path:panel_3:0:1023035:0
shared,shared,shortest_path,0,30000,1,reference,panel_3,1023036,6970d0359e495d9fe8343a92526aa442c0cf87cc69bad3631e7009767f3d8134,0,1,3,0.97,1.0936,0,3,0,4,3,3,0,0.0,0.0,0,,shortest_path,shortest_path:panel_3:0:1023036:0
shared,shared,shortest_path,0,30000,1,reference,panel_3,1023037,56969b0dc5c02c5dbeafa82e7f582565840c7c405c849ecf4f99baa8e0b529b7,0,1,3,0.97,1.0936,0,3,0,4,3,3,0,0.0,0.0,0,,shortest_path,shortest_path:panel_3:0:1023037:0
shared,shared,shortest_path,0,30000,1,reference,panel_3,1023038,2aacb504af986fc56526d74bdaf8490606f5bb978fc2d3e47e0cae3647863dd3,0,1,4,0.96,1.1272,0,4,0,5,4,4,0,0.0,0.0,0,,shortest_path,shortest_path:panel_3:0:1023038:0
shared,shared,shortest_path,0,30000,1,reference,panel_3,1023039,450059c9c21c77ec3c668eff996a5a3fe6c71730e46422287a5b53926d416550,0,1,1,0.99,1.03,0,1,0,2,1,1,0,0.0,0.0,0,,shortest_path,shortest_path:panel_3:0:1023039:0
shared,shared,shortest_path,0,30000,1,reference,panel_3,1023040,34b61fbe6bb2a4fe68ba58ce7b78489ccce2426de2955872e80e9c00941e37aa,0,1,8,0.9199999999999999,1.2736,0,8,0,9,8,8,0,0.0,0.0,0,,shortest_path,shortest_path:panel_3:0:1023040:0
shared,shared,shortest_path,0,30000,1,reference,panel_3,1023041,89933b1295d62e3e830b2cb40d01250680ae03f495989ac20378d19dabc7939a,0,1,3,0.97,1.0936,0,3,0,4,3,3,0,0.0,0.0,0,,shortest_path,shortest_path:panel_3:0:1023041:0
shared,shared,shortest_path,0,30000,1,reference,panel_3,1023042,47814339dd16c9b9ef6d838003574021f92903c38cdc529d65b98d56670e4c5b,0,1,6,0.94,1.198,0,6,0,7,6,6,0,0.0,0.0,0,,shortest_path,shortest_path:panel_3:0:1023042:0
shared,shared,shortest_path,0,30000,1,reference,panel_3,1023043,4bd5ccfeaff69c986d798650a032d2779324449d15bec63f9d1fc9b1c1c47b81,0,1,3,0.97,1.0936,0,3,0,4,3,3,0,0.0,0.0,0,,shortest_path,shortest_path:panel_3:0:1023043:0
shared,shared,shortest_path,0,30000,1,reference,panel_3,1023044,00f34d31b80a70f1191a2e3f03dbd390d279781b3b590e097bd2e59134049ac7,0,1,2,0.98,1.0612,0,2,0,3,2,2,0,0.0,0.0,0,,shortest_path,shortest_path:panel_3:0:1023044:0
shared,shared,shortest_path,0,30000,1,reference,panel_3,1023045,47f5ba3d3ff57f29d7804be54616f68e7ff70e012336742aa1092fa66d409b9d,0,1,6,0.94,1.198,0,6,0,7,6,6,0,0.0,0.0,0,,shortest_path,shortest_path:panel_3:0:1023045:0
shared,shared,shortest_path,0,30000,1,reference,panel_3,1023046,a0f62cc82807f6012d52f4b7bafd25f26cc94e127e3d2456cf354f62d49c682e,0,1,2,0.98,1.0612,0,2,0,3,2,2,0,0.0,0.0,0,,shortest_path,shortest_path:panel_3:0:1023046:0
shared,shared,shortest_path,0,30000,1,reference,panel_3,1023047,771810cdfc035cdcc6151cf770c0e078862b1b92783655f1e5cc7e659cbe7acd,0,1,1,0.99,1.03,0,1,0,2,1,1,0,0.0,0.0,0,,shortest_path,shortest_path:panel_3:0:1023047:0
shared,shared,shortest_path,0,30000,1,reference,panel_3,1023048,31eb4c3a52faf800e53fef5d9a7d60be6770dd55f94c4501ef4dcde766b5a561,0,1,2,0.98,1.0612,0,2,0,3,2,2,0,0.0,0.0,0,,shortest_path,shortest_path:panel_3:0:1023048:0
shared,shared,shortest_path,0,30000,1,reference,panel_3,1023049,2d3fca397ca5168280b3090b1feb01e24065f18b49236ea14b694e649fc031ed,0,1,3,0.97,1.0936,0,3,0,4,3,3,0,0.0,0.0,0,,shortest_path,shortest_path:panel_3:0:1023049:0
shared,shared,shortest_path,0,30000,1,reference,panel_3,1023050,f1f749bb4515cb7c2ba10c0b1f69091eda6ac28ffa2698b70fa2e712fbe95b13,0,1,2,0.98,1.0612,0,2,0,3,2,2,0,0.0,0.0,0,,shortest_path,shortest_path:panel_3:0:1023050:0
shared,shared,shortest_path,0,30000,1,reference,panel_3,1023051,5b647a1967ad990e92d3c434f1311d2d4dca9f0ddc665ace9def640b1045eaaf,0,1,4,0.96,1.1272,0,4,0,5,4,4,0,0.0,0.0,0,,shortest_path,shortest_path:panel_3:0:1023051:0
shared,shared,shortest_path,0,30000,1,reference,panel_3,1023052,569a861e0ac550e8d1e48bedcc7123850a59d1646bf07b3d1e60621ee3ac2e9c,0,1,6,0.94,1.198,0,6,0,7,6,6,0,0.0,0.0,0,,shortest_path,shortest_path:panel_3:0:1023052:0
shared,shared,shortest_path,0,30000,1,reference,panel_3,1023053,46f5435b69e177913fcd8de4630d17d3d60620ceb1982fa57e883aeb3c3fc53a,0,1,5,0.95,1.162,0,5,0,6,5,5,0,0.0,0.0,0,,shortest_path,shortest_path:panel_3:0:1023053:0
shared,shared,shortest_path,0,30000,1,reference,panel_3,1023054,77a2e535e57c9a7a8fda0680c965dbe5efac830083fe2db61c0ac439f47d5e9d,0,1,3,0.97,1.0936,0,3,0,4,3,3,0,0.0,0.0,0,,shortest_path,shortest_path:panel_3:0:1023054:0
shared,shared,shortest_path,0,30000,1,reference,panel_3,1023055,05f24b13eb031ae820b885b7a152e92ad9034f6e6220718147de9999470fa703,0,1,2,0.98,1.0612,0,2,0,3,2,2,0,0.0,0.0,0,,shortest_path,shortest_path:panel_3:0:1023055:0
shared,shared,shortest_path,0,30000,1,reference,panel_3,1023056,6c419960882984ba31de62d8947fc103c7bf2deb05a07018d5706cffba9fd94d,0,1,1,0.99,1.03,0,1,0,2,1,1,0,0.0,0.0,0,,shortest_path,shortest_path:panel_3:0:1023056:0
shared,shared,shortest_path,0,30000,1,reference,panel_3,1023057,4d50c2ef4db6c00f78d0ff3a41cadf08cd09f0a43b4939ef94129a01b9d8bbb6,0,1,4,0.96,1.1272,0,4,0,5,4,4,0,0.0,0.0,0,,shortest_path,shortest_path:panel_3:0:1023057:0
shared,shared,shortest_path,0,30000,1,reference,panel_3,1023058,c20568565d45521ad5af6d5200edfa3e3fb88e1f32a6e0be82a77d92679b31db,0,1,3,0.97,1.0936,0,3,0,4,3,3,0,0.0,0.0,0,,shortest_path,shortest_path:panel_3:0:1023058:0
shared,shared,shortest_path,0,30000,1,reference,panel_3,1023059,62a2c28bc77a0f1c5e194724e7ee52fb3fe44448ae398be48abc8746a68b7726,0,1,6,0.94,1.198,0,6,0,7,6,6,0,0.0,0.0,0,,shortest_path,shortest_path:panel_3:0:1023059:0
shared,shared,shortest_path,0,30000,1,reference,panel_3,1023060,fa1eec8eeccdfeb1c64301a787a1090ba3e9cce344260fb7e66d6f9afbc71cea,0,1,3,0.97,1.0936,0,3,0,4,3,3,0,0.0,0.0,0,,shortest_path,shortest_path:panel_3:0:1023060:0
shared,shared,shortest_path,0,30000,1,reference,panel_3,1023061,3ab0753fe612a72d0aacb47538d36e9a8729cb67aecbefbe927b6d6b1bb02efe,0,1,1,0.99,1.03,0,1,0,2,1,1,0,0.0,0.0,0,,shortest_path,shortest_path:panel_3:0:1023061:0
shared,shared,shortest_path,0,30000,1,reference,panel_3,1023062,74cec6407c37c011484647565dc379d628d98c7b2ec01993dff710a4d5812ffe,0,1,3,0.97,1.0936,0,3,0,4,3,3,0,0.0,0.0,0,,shortest_path,shortest_path:panel_3:0:1023062:0
shared,shared,shortest_path,0,30000,1,reference,panel_3,1023063,509e79797d18938f399b27f0734aa39d06bc69bbec39aeea33022806fe0a92fc,0,1,2,0.98,1.0612,0,2,0,3,2,2,0,0.0,0.0,0,,shortest_path,shortest_path:panel_3:0:1023063:0
shared,shared,random_actions,0,30000,1,reference,panel_4,1024000,0ec72beefc19c087f705de097aa5867814dab453d9d44b0f26d302c20da409c2,0,1,29,0.71,0.8560000000000001,17,12,9,4,29,7,0,1.0398501900000028,0.0,0,,random_actions,random_actions:panel_4:0:1024000:0
shared,shared,random_actions,0,30000,1,reference,panel_4,1024000,0ec72beefc19c087f705de097aa5867814dab453d9d44b0f26d302c20da409c2,1,0,32,-0.3200000000000001,-0.16319999999999996,13,19,14,6,30,9,1,2.096384380000002,0.0,0,,random_actions,random_actions:panel_4:0:1024000:1
shared,shared,random_actions,0,30000,1,reference,panel_4,1024001,33c3c47ee3acc63cad5c086e1f9e987973b47c11335e1ae5e0f4aa25f866b4ce,0,1,9,0.91,1.0044,1,8,4,5,9,5,0,0.2731360000000004,0.0,0,,random_actions,random_actions:panel_4:0:1024001:0
shared,shared,random_actions,0,30000,1,reference,panel_4,1024001,33c3c47ee3acc63cad5c086e1f9e987973b47c11335e1ae5e0f4aa25f866b4ce,1,1,28,0.72,0.8756,6,22,12,11,28,12,0,0.9898924643000023,0.0,0,,random_actions,random_actions:panel_4:0:1024001:1
shared,shared,random_actions,0,30000,1,reference,panel_4,1024002,2e8485cf00f810187d16d21cc45df1087919a63aa579f08f6eb54c030fe69ada,0,1,24,0.7599999999999999,0.9216000000000001,8,16,8,9,24,9,0,0.8212853903710011,0.0,0,,random_actions,random_actions:panel_4:0:1024002:0
shared,shared,random_actions,0,30000,1,reference,panel_4,1024002,2e8485cf00f810187d16d21cc45df1087919a63aa579f08f6eb54c030fe69ada,1,1,4,0.96,1.0448,0,4,2,3,4,3,0,0.07820900000000008,0.0,0,,random_actions,random_actions:panel_4:0:1024002:1
shared,shared,random_actions,0,30000,1,reference,panel_4,1024003,f9b5c669a9b4b0c7e71b2ffeb73c97ef4fdeafd843ff5ea6275c7040cbca2bd6,0,0,32,-0.3200000000000001,0.03000000000000011,11,21,13,9,28,9,1,1.8662337534622906,0.0,0,,random_actions,random_actions:panel_4:0:1024003:0
shared,shared,random_actions,0,30000,1,reference,panel_4,1024003,f9b5c669a9b4b0c7e71b2ffeb73c97ef4fdeafd843ff5ea6275c7040cbca2bd6,1,0,32,-0.3200000000000001,0.007200000000000137,11,21,10,12,31,11,1,1.9658713921575965,0.0,0,,random_actions,random_actions:panel_4:0:1024003:1
shared,shared,random_actions,0,30000,1,reference,panel_4,1024004,87da26312ac9c3bb9592d1128a16e8f0e12086080b6bc492396693fbb106e894,0,1,11,0.89,0.9504,4,7,4,4,11,4,0,0.38866300000000076,0.0,0,,random_actions,random_actions:panel_4:0:1024004:0
shared,shared,random_actions,0,30000,1,reference,panel_4,1024004,87da26312ac9c3bb9592d1128a16e8f0e12086080b6bc492396693fbb106e894,1,1,1,0.99,1.03,0,1,0,2,1,1,0,0.0,0.0,0,,random_actions,random_actions:panel_4:0:1024004:1
shared,shared,random_actions,0,30000,1,reference,panel_4,1024005,20c31eb929edad6f6b05951530a37dd23864b782ed4f8795d73e06b6f31c5b49,0,0,32,-0.3200000000000001,-0.11039999999999994,10,22,14,9,28,8,1,2.0012344285990022,0.0,0,,random_actions,random_actions:panel_4:0:1024005:0
shared,shared,random_actions,0,30000,1,reference,panel_4,1024005,20c31eb929edad6f6b05951530a37dd23864b782ed4f8795d73e06b6f31c5b49,1,0,32,-0.3200000000000001,-0.08639999999999995,18,14,9,6,32,7,1,2.079722851255003,0.0,0,,random_actions,random_actions:panel_4:0:1024005:1
shared,shared,random_actions,0,30000,1,reference,panel_4,1024006,dea6494f5b2506468eedb4a7fa4e848750a2e35c8957434f7956a5cddce98edc,0,0,32,-0.3200000000000001,-0.0935999999999998,11,21,10,12,27,7,1,1.959003112072451,0.0,0,,random_actions,random_actions:panel_4:0:1024006:0
shared,shared,random_actions,0,30000,1,reference,panel_4,1024006,dea6494f5b2506468eedb4a7fa4e848750a2e35c8957434f7956a5cddce98edc,1,1,5,0.95,1.0396,1,4,1,4,5,3,0,0.11437173000000034,0.0,0,,random_actions,random_actions:panel_4:0:1024006:1
shared,shared,random_actions,0,30000,1,reference,panel_4,1024007,161ce41f7f56d7cc69bfe3b306eab46ba2b0f7314231ec980e53b9a62d8cd756,0,0,32,-0.3200000000000001,-0.08599999999999997,5,27,20,8,32,14,1,2.078346289485002,0.0,0,,random_actions,random_actions:panel_4:0:1024007:0
shared,shared,random_actions,0,30000,1,reference,panel_4,1024007,161ce41f7f56d7cc69bfe3b306eab46ba2b0f7314231ec980e53b9a62d8cd756,1,0,32,-0.3200000000000001,-0.07519999999999992,11,21,11,11,31,10,1,2.0401543211280018,0.0,0,,random_actions,random_actions:panel_4:0:1024007:1
shared,shared,random_actions,0,30000,1,reference,panel_4,1024008,f26d95b8d41921ac1311725af53d1cbde0e27e9c52d6b51235ee49d11137d946,0,0,32,-0.3200000000000001,0.04080000000000013,9,23,16,8,27,9,1,1.8298196854231603,0.0,0,,random_actions,random_actions:panel_4:0:1024008:0
shared,shared,random_actions,0,30000,1,reference,panel_4,1024008,f26d95b8d41921ac1311725af53d1cbde0e27e9c52d6b51235ee49d11137d946,1,0,32,-0.3200000000000001,0.03240000000000016,11,21,15,7,31,12,1,1.9397653235902914,0.0,0,,random_actions,random_actions:panel_4:0:1024008:1
shared,shared,random_actions,0,30000,1,reference,panel_4,1024009,2f3425ef2382f5dda648e6705ec897e9a5a923446072f26b581bdc56b38af7b0,0,0,32,-0.3200000000000001,-0.12880000000000008,11,21,13,9,28,7,1,2.0206123343458713,0.0,0,,random_actions,random_actions:panel_4:0:1024009:0
shared,shared,random_actions,0,30000,1,reference,panel_4,1024009,2f3425ef2382f5dda648e6705ec897e9a5a923446072f26b581bdc56b38af7b0,1,1,1,0.99,1.03,0,1,0,2,1,1,0,0.0,0.0,0,,random_actions,random_actions:panel_4:0:1024009:1
shared,shared,random_actions,0,30000,1,reference,panel_4,1024010,a6ffcdb095541f533a340381de1a06cbcab77b35637b9e686346d44cffefbabb,0,0,32,-0.3200000000000001,0.10000000000000012,11,21,15,7,28,10,1,1.8037029182057407,0.0,0,,random_actions,random_actions:panel_4:0:1024010:0
shared,shared,random_actions,0,30000,1,reference,panel_4,1024010,a6ffcdb095541f533a340381de1a06cbcab77b35637b9e686346d44cffefbabb,1,0,32,-0.3200000000000001,0.08440000000000011,5,27,19,9,28,12,1,1.8127687308613205,0.0,0,,random_actions,random_actions:panel_4:0:1024010:1
shared,shared,random_actions,0,30000,1,reference,panel_4,1024011,6beec53b5043cecc0e773781c602bcb4056626f1970e1235cfca714383c455c7,0,1,1,0.99,1.03,0,1,0,2,1,1,0,0.0,0.0,0,,random_actions,random_actions:panel_4:0:1024011:0
shared,shared,random_actions,0,30000,1,reference,panel_4,1024011,6beec53b5043cecc0e773781c602bcb4056626f1970e1235cfca714383c455c7,1,1,10,0.9,0.9592,5,5,3,3,10,3,0,0.3489630000000008,0.0,0,,random_actions,random_actions:panel_4:0:1024011:1
shared,shared,random_actions,0,30000,1,reference,panel_4,1024012,bbbb38e081d4189e3db867676bfe121b44cb75a2e394f669d033e3fca50afc09,0,0,32,-0.3200000000000001,0.30240000000000034,12,20,11,10,24,7,1,1.5637570903984255,0.0,0,,random_actions,random_actions:panel_4:0:1024012:0
shared,shared,random_actions,0,30000,1,reference,panel_4,1024012,bbbb38e081d4189e3db867676bfe121b44cb75a2e394f669d033e3fca50afc09,1,0,32,-0.3200000000000001,0.2688000000000002,8,24,15,10,27,11,1,1.6412763609858394,0.0,0,,random_actions,random_actions:panel_4:0:1024012:1
shared,shared,random_actions,0,30000,1,reference,panel_4,1024013,cc33f33b5c2460fce87383bae81365a9f21fbc9763df621510642a38dc0babf1,0,0,32,-0.3200000000000001,-0.10999999999999999,13,19,12,8,29,8,1,2.0262529581000024,0.0,0,,random_actions,random_actions:panel_4:0:1024013:0
shared,shared,random_actions,0,30000,1,reference,panel_4,1024013,cc33f33b5c2460fce87383bae81365a9f21fbc9763df621510642a38dc0babf1,1,1,16,0.84,1.002,7,9,3,7,16,6,0,0.4937200381000014,0.0,0,,random_actions,random_actions:panel_4:0:1024013:1
shared,shared,random_actions,0,30000,1,reference,panel_4,1024014,a29f88d1d956cd1f81a9fdf093144d4a8597d31f93c59e2e6078ccb460432ac6,0,0,32,-0.3200000000000001,0.11080000000000012,8,24,17,8,27,10,1,1.7754288231710738,0.0,0,,random_actions,random_actions:panel_4:0:1024014:0
shared,shared,random_actions,0,30000,1,reference,panel_4,1024014,a29f88d1d956cd1f81a9fdf093144d4a8597d31f93c59e2e6078ccb460432ac6,1,0,32,-0.3200000000000001,0.12760000000000016,8,24,16,9,28,11,1,1.7816824640557698,0.0,0,,random_actions,random_actions:panel_4:0:1024014:1
shared,shared,random_actions,0,30000,1,reference,panel_4,1024015,cbd6f517ecac8308d56b06b81f3f115362e986ea6280190cc42eb54be5bd2d91,0,0,32,-0.3200000000000001,0.06360000000000013,8,24,12,13,29,12,1,1.8580156128025949,0.0,0,,random_actions,random_actions:panel_4:0:1024015:0
shared,shared,random_actions,0,30000,1,reference,panel_4,1024015,cbd6f517ecac8308d56b06b81f3f115362e986ea6280190cc42eb54be5bd2d91,1,0,32,-0.3200000000000001,0.08520000000000018,14,18,10,9,28,8,1,1.816505395175915,0.0,0,,random_actions,random_actions:panel_4:0:1024015:1
shared,shared,random_actions,0,30000,1,reference,panel_4,1024016,ae8a3aff9d86276b5e72ff14d3245c6dcc712524241668019370cb3345a87e87,0,0,32,-0.3200000000000001,0.032400000000000095,12,20,10,11,28,8,1,1.8677599908661608,0.0,0,,random_actions,random_actions:panel_4:0:1024016:0
shared,shared,random_actions,0,30000,1,reference,panel_4,1024016,ae8a3aff9d86276b5e72ff14d3245c6dcc712524241668019370cb3345a87e87,1,0,32,-0.3200000000000001,0.05880000000000013,14,18,13,6,28,8,1,1.8400674840816096,0.0,0,,random_actions,random_actions:panel_4:0:1024016:1
shared,shared,random_actions,0,30000,1,reference,panel_4,1024017,88ee24283d18ee5e3aa469c799306a3cd176108b17e4aab8cd3c0ea1817c05c5,0,1,10,0.9,1.0028000000000001,4,6,2,5,10,4,0,0.30576146000000093,0.0,0,,random_actions,random_actions:panel_4:0:1024017:0
shared,shared,random_actions,0,30000,1,reference,panel_4,1024017,88ee24283d18ee5e3aa469c799306a3cd176108b17e4aab8cd3c0ea1817c05c5,1,1,2,0.98,1.0612,0,2,0,3,2,2,0,0.0,0.0,0,,random_actions,random_actions:panel_4:0:1024017:1
shared,shared,random_actions,0,30000,1,reference,panel_4,1024018,b99688c3764d4a21edbb58ca478a905413d4384b7b09aefc3b3c664487cedc97,0,1,17,0.83,1.038,3,14,6,9,17,9,0,0.49147988620000116,0.0,0,,random_actions,random_actions:panel_4:0:1024018:0
shared,shared,random_actions,0,30000,1,reference,panel_4,1024018,b99688c3764d4a21edbb58ca478a905413d4384b7b09aefc3b3c664487cedc97,1,0,32,-0.3200000000000001,0.03440000000000018,10,22,16,7,29,10,1,1.8890776076846976,0.0,0,,random_actions,random_actions:panel_4:0:1024018:1
shared,shared,random_actions,0,30000,1,reference,panel_4,1024019,0d13bd6580589d46a1f2bbb6fc2ceb597af5c8eafdb69b64a4cf9e1a17351caf,0,1,17,0.83,0.9216000000000001,4,13,6,8,17,7,0,0.603646122400001,0.0,0,,random_actions,random_actions:panel_4:0:1024019:0
shared,shared,random_actions,0,30000,1,reference,panel_4,1024019,0d13bd6580589d46a1f2bbb6fc2ceb597af5c8eafdb69b64a4cf9e1a17351caf,1,1,1,0.99,1.03,0,1,0,2,1,1,0,0.0,0.0,0,,random_actions,random_actions:panel_4:0:1024019:1
shared,shared,random_actions,0,30000,1,reference,panel_4,1024020,8c5c98d8c36441c50f5d216fe4b0a356cd2a669803cd660591a7fdf60d22030f,0,0,32,-0.3200000000000001,0.016400000000000164,6,26,17,10,28,11,1,1.880419299158871,0.0,0,,random_actions,random_actions:panel_4:0:1024020:0
shared,shared,random_actions,0,30000,1,reference,panel_4,1024020,8c5c98d8c36441c50f5d216fe4b0a356cd2a669803cd660591a7fdf60d22030f,1,0,32,-0.3200000000000001,0.028400000000000203,11,21,15,7,27,7,1,1.838902475156479,0.0,0,,random_actions,random_actions:panel_4:0:1024020:1
shared,shared,random_actions,0,30000,1,reference,panel_4,1024021,dc4a55a0c2418d7600b9fb6693346a903fed14cbc47a9683b42788f686219aed,0,1,5,0.95,1.122,1,4,0,5,5,4,0,0.03623311809999996,0.0,0,,random_actions,random_actions:panel_4:0:1024021:0
shared,shared,random_actions,0,30000,1,reference,panel_4,1024021,dc4a55a0c2418d7600b9fb6693346a903fed14cbc47a9683b42788f686219aed,1,0,32,-0.3200000000000001,0.0032000000000001055,16,16,12,5,28,6,1,1.8879976612550018,0.0,0,,random_actions,random_actions:panel_4:0:1024021:1
shared,shared,random_actions,0,30000,1,reference,panel_4,1024022,23e1ea082e9f29ff483f2c98d100120d0573b87e0d656c052e9938b745e4a105,0,0,32,-0.3200000000000001,0.14440000000000025,15,17,10,8,25,6,1,1.7049825406359111,0.0,0,,random_actions,random_actions:panel_4:0:1024022:0
shared,shared,random_actions,0,30000,1,reference,panel_4,1024022,23e1ea082e9f29ff483f2c98d100120d0573b87e0d656c052e9938b745e4a105,1,0,32,-0.3200000000000001,0.17080000000000028,15,17,12,6,26,6,1,1.6971040757397793,0.0,0,,random_actions,random_actions:panel_4:0:1024022:1
shared,shared,random_actions,0,30000,1,reference,panel_4,1024023,f36b7b047ee5e293361909fe8c9d7e247bbbedcc171021fa56272d7f912215d5,0,0,32,-0.3200000000000001,0.00560000000000016,13,19,12,8,28,8,1,1.8868434309980011,0.0,0,,random_actions,random_actions:panel_4:0:1024023:0
shared,shared,random_actions,0,30000,1,reference,panel_4,1024023,f36b7b047ee5e293361909fe8c9d7e247bbbedcc171021fa56272d7f912215d5,1,1,31,0.69,1.0000000000000002,9,22,12,11,31,13,0,0.9669047999777407,0.0,0,,random_actions,random_actions:panel_4:0:1024023:1
shared,shared,random_actions,0,30000,1,reference,panel_4,1024024,3507f5677d19b816c8acc81f7f3d72c49eaf2e970da8d850e3d7a6c21a7da1b9,0,0,32,-0.3200000000000001,0.026000000000000162,13,19,14,6,28,8,1,1.8739615489627406,0.0,0,,random_actions,random_actions:panel_4:0:1024024:0
shared,shared,random_actions,0,30000,1,reference,panel_4,1024024,3507f5677d19b816c8acc81f7f3d72c49eaf2e970da8d850e3d7a6c21a7da1b9,1,0,32,-0.3200000000000001,-0.01959999999999991,7,25,14,12,30,12,1,1.9594300331535819,0.0,0,,random_actions,random_actions:panel_4:0:1024024:1
shared,shared,random_actions,0,30000,1,reference,panel_4,1024025,61372c61f8cbf8daed63dbca93c072bbd5b3a86c36f4d92917ff25a6ea1ba6d7,0,0,32,-0.3200000000000001,-0.01039999999999991,12,20,11,10,30,9,1,1.9563144205337701,0.0,0,,random_actions,random_actions:panel_4:0:1024025:0
shared,shared,random_actions,0,30000,1,reference,panel_4,1024025,61372c61f8cbf8daed63dbca93c072bbd5b3a86c36f4d92917ff25a6ea1ba6d7,1,0,32,-0.3200000000000001,-0.03679999999999983,11,21,13,9,27,8,1,1.9065696847332911,0.0,0,,random_actions,random_actions:panel_4:0:1024025:1
shared,shared,random_actions,0,30000,1,reference,panel_4,1024026,016222828d97db9a9e1602aec440b8671e6f98a5ec7d18511200240368ffbaf3,0,0,32,-0.3200000000000001,0.3352000000000003,14,18,12,7,27,8,1,1.5840526870633753,0.0,0,,random_actions,random_actions:panel_4:0:1024026:0
shared,shared,random_actions,0,30000,1,reference,panel_4,1024026,016222828d97db9a9e1602aec440b8671e6f98a5ec7d18511200240368ffbaf3,1,0,32,-0.3200000000000001,0.30400000000000027,16,16,9,8,25,6,1,1.5711953512047585,0.0,0,,random_actions,random_actions:panel_4:0:1024026:1
shared,shared,random_actions,0,30000,1,reference,panel_4,1024027,32e81df3a968d5b8ba593b4b9437a16a2571774f78a6da899131d0ba12507cd3,0,0,32,-0.3200000000000001,-0.0847999999999999,13,19,5,15,32,10,1,2.0767435191000017,0.0,0,,random_actions,random_actions:panel_4:0:1024027:0
shared,shared,random_actions,0,30000,1,reference,panel_4,1024027,32e81df3a968d5b8ba593b4b9437a16a2571774f78a6da899131d0ba12507cd3,1,0,32,-0.3200000000000001,-0.09679999999999993,7,25,14,12,30,12,1,2.032594856700002,0.0,0,,random_actions,random_actions:panel_4:0:1024027:1
shared,shared,random_actions,0,30000,1,reference,panel_4,1024028,997927921afd5062ab5e78dc6e7c9184cb1fce52f787b0418da3912a7611d572,0,0,32,-0.3200000000000001,0.007600000000000107,16,16,13,4,27,4,1,1.8633743231212185,0.0,0,,random_actions,random_actions:panel_4:0:1024028:0
shared,shared,random_actions,0,30000,1,reference,panel_4,1024028,997927921afd5062ab5e78dc6e7c9184cb1fce52f787b0418da3912a7611d572,1,1,4,0.96,1.0848,1,3,0,4,4,3,0,0.03970000000000007,0.0,0,,random_actions,random_actions:panel_4:0:1024028:1
shared,shared,random_actions,0,30000,1,reference,panel_4,1024029,d9551c453fbbc96529eae2842d0be14e10b27259f6b9a8a4aec498a603dcb5f1,0,0,32,-0.3200000000000001,-0.06839999999999978,10,22,15,8,30,10,1,2.0065184625057406,0.0,0,,random_actions,random_actions:panel_4:0:1024029:0
shared,shared,random_actions,0,30000,1,reference,panel_4,1024029,d9551c453fbbc96529eae2842d0be14e10b27259f6b9a8a4aec498a603dcb5f1,1,0,32,-0.3200000000000001,-0.046799999999999675,9,23,13,11,26,6,1,1.8957429228706977,0.0,0,,random_actions,random_actions:panel_4:0:1024029:1
shared,shared,random_actions,0,30000,1,reference,panel_4,1024030,0e0ad4ec4f7bce8f6b830ed1f72860d4934236bd2f134212e6b9eaed67d7de41,0,0,32,-0.3200000000000001,0.012800000000000089,18,14,12,3,28,6,1,1.8813412265690015,0.0,0,,random_actions,random_actions:panel_4:0:1024030:0
shared,shared,random_actions,0,30000,1,reference,panel_4,1024030,0e0ad4ec4f7bce8f6b830ed1f72860d4934236bd2f134212e6b9eaed67d7de41,1,0,32,-0.3200000000000001,-0.0303999999999999,12,20,15,6,30,10,1,1.971319663028002,0.0,0,,random_actions,random_actions:panel_4:0:1024030:1
shared,shared,random_actions,0,30000,1,reference,panel_4,1024031,4b22eee42a8aa7221112c135ee83818c22b5b60045124f832486ff9fea6f4809,0,1,30,0.7,0.9852000000000001,11,19,11,9,30,12,0,0.9504740167000011,0.0,0,,random_actions,random_actions:panel_4:0:1024031:0
shared,shared,random_actions,0,30000,1,reference,panel_4,1024031,4b22eee42a8aa7221112c135ee83818c22b5b60045124f832486ff9fea6f4809,1,0,32,-0.3200000000000001,0.0204000000000001,9,23,17,7,30,11,1,1.925136550999001,0.0,0,,random_actions,random_actions:panel_4:0:1024031:1
shared,shared,random_actions,0,30000,1,reference,panel_4,1024032,e9fd522e2a6b68d2de946a49eb4ea12092a76c5dca08eb456fd26cc8d601b730,0,1,19,0.8099999999999999,0.8932000000000001,6,13,7,7,19,7,0,0.6933763800000011,0.0,0,,random_actions,random_actions:panel_4:0:1024032:0
shared,shared,random_actions,0,30000,1,reference,panel_4,1024032,e9fd522e2a6b68d2de946a49eb4ea12092a76c5dca08eb456fd26cc8d601b730,1,1,15,0.85,0.9272,4,11,5,7,15,6,0,0.5357673800000011,0.0,0,,random_actions,random_actions:panel_4:0:1024032:1
shared,shared,random_actions,0,30000,1,reference,panel_4,1024033,966533326cc6efdefb4d59f3d611d2c7e2d9b8cf052109c01d0feeba80889f59,0,1,25,0.7499999999999999,1.1292000000000002,7,18,8,11,25,12,0,0.6618058674058852,0.0,0,,random_actions,random_actions:panel_4:0:1024033:0
shared,shared,random_actions,0,30000,1,reference,panel_4,1024033,966533326cc6efdefb4d59f3d611d2c7e2d9b8cf052109c01d0feeba80889f59,1,0,32,-0.3200000000000001,0.08320000000000013,12,20,11,10,32,12,1,1.9243037825285958,0.0,0,,random_actions,random_actions:panel_4:0:1024033:1
shared,shared,random_actions,0,30000,1,reference,panel_4,1024034,e785a3e2977b94cd73b229c650c1da936e2b3583b9eea3a1746a9f03a2531c18,0,1,1,0.99,1.03,0,1,0,2,1,1,0,0.0,0.0,0,,random_actions,random_actions:panel_4:0:1024034:0
shared,shared,random_actions,0,30000,1,reference,panel_4,1024034,e785a3e2977b94cd73b229c650c1da936e2b3583b9eea3a1746a9f03a2531c18,1,1,3,0.97,1.0124,2,1,0,2,3,1,0,0.07940000000000014,0.0,0,,random_actions,random_actions:panel_4:0:1024034:1
shared,shared,random_actions,0,30000,1,reference,panel_4,1024035,88ca303f980b963ee3ca01ba4d4dd6d47012ed0c36ac174a58b84d04b1cc6c39,0,0,32,-0.3200000000000001,0.017600000000000157,20,12,8,5,29,5,1,1.9005502507777683,0.0,0,,random_actions,random_actions:panel_4:0:1024035:0
shared,shared,random_actions,0,30000,1,reference,panel_4,1024035,88ca303f980b963ee3ca01ba4d4dd6d47012ed0c36ac174a58b84d04b1cc6c39,1,1,28,0.72,1.0192,12,16,9,8,28,10,0,0.8554489597144795,0.0,0,,random_actions,random_actions:panel_4:0:1024035:1
shared,shared,random_actions,0,30000,1,reference,panel_4,1024036,97a93f4eb5a88bd8d7c4fe8c993e5a8de728151366a0b205c96a912eba677e5d,0,0,32,-0.3200000000000001,-0.11,5,27,18,10,31,13,1,2.073109996200002,0.0,0,,random_actions,random_actions:panel_4:0:1024036:0
shared,shared,random_actions,0,30000,1,reference,panel_4,1024036,97a93f4eb5a88bd8d7c4fe8c993e5a8de728151366a0b205c96a912eba677e5d,1,0,32,-0.3200000000000001,-0.07879999999999991,9,23,15,9,31,11,1,2.0434153017570016,0.0,0,,random_actions,random_actions:panel_4:0:1024036:1
shared,shared,random_actions,0,30000,1,reference,panel_4,1024037,c30ab322bd97379c3f68b43142d37b0b101b9115ff6da8f234b41ddf526e3dc4,0,0,32,-0.3200000000000001,0.11040000000000015,2,30,23,8,26,11,1,1.7496714664633186,0.0,0,,random_actions,random_actions:panel_4:0:1024037:0
shared,shared,random_actions,0,30000,1,reference,panel_4,1024037,c30ab322bd97379c3f68b43142d37b0b101b9115ff6da8f234b41ddf526e3dc4,1,0,32,-0.3200000000000001,0.06240000000000018,11,21,12,10,31,11,1,1.914934856204448,0.0,0,,random_actions,random_actions:panel_4:0:1024037:1
shared,shared,random_actions,0,30000,1,reference,panel_4,1024038,3c9f50369df2081cb4c643c77fa9c741b43facc89e9b05e35aaa5fd28a3121c1,0,0,32,-0.3200000000000001,-0.004799999999999929,5,27,16,12,31,14,1,1.975742428471002,0.0,0,,random_actions,random_actions:panel_4:0:1024038:0
shared,shared,random_actions,0,30000,1,reference,panel_4,1024038,3c9f50369df2081cb4c643c77fa9c741b43facc89e9b05e35aaa5fd28a3121c1,1,0,32,-0.3200000000000001,0.0732000000000002,10,22,13,10,27,9,1,1.8017741091744652,0.0,0,,random_actions,random_actions:panel_4:0:1024038:1
shared,shared,random_actions,0,30000,1,reference,panel_4,1024039,8ac7eec7bbedd33d58b4c9bdb0ebaea2c0fe3cfe805475c8ead103d9fdf88512,0,0,32,-0.3200000000000001,0.051600000000000146,10,22,12,11,28,9,1,1.8524299742734225,0.0,0,,random_actions,random_actions:panel_4:0:1024039:0
shared,shared,random_actions,0,30000,1,reference,panel_4,1024039,8ac7eec7bbedd33d58b4c9bdb0ebaea2c0fe3cfe805475c8ead103d9fdf88512,1,0,32,-0.3200000000000001,0.12000000000000027,12,20,15,6,26,7,1,1.7499245772577803,0.0,0,,random_actions,random_actions:panel_4:0:1024039:1
shared,shared,random_actions,0,30000,1,reference,panel_4,1024040,fceed3cc7b485f213290abec79c1fa7510388d58d32caea45f0af59457d545c9,0,0,32,-0.3200000000000001,-0.17799999999999994,13,19,14,6,31,8,1,2.1397620086000027,0.0,0,,random_actions,random_actions:panel_4:0:1024040:0
shared,shared,random_actions,0,30000,1,reference,panel_4,1024040,fceed3cc7b485f213290abec79c1fa7510388d58d32caea45f0af59457d545c9,1,1,1,0.99,1.03,0,1,0,2,1,1,0,0.0,0.0,0,,random_actions,random_actions:panel_4:0:1024040:1
shared,shared,random_actions,0,30000,1,reference,panel_4,1024041,6ae23ec82e5cb4c750e93c2d329f3812f8febcccff7aa4495240cb6119776c59,0,1,3,0.97,1.0536,1,2,0,3,3,2,0,0.038509000000000126,0.0,0,,random_actions,random_actions:panel_4:0:1024041:0
shared,shared,random_actions,0,30000,1,reference,panel_4,1024041,6ae23ec82e5cb4c750e93c2d329f3812f8febcccff7aa4495240cb6119776c59,1,1,24,0.7599999999999999,0.8892000000000001,16,8,6,3,24,5,0,0.8519620000000022,0.0,0,,random_actions,random_actions:panel_4:0:1024041:1
shared,shared,random_actions,0,30000,1,reference,panel_4,1024042,365efcdfa26bcae4707c99a33a71e6dafa4fcf6c9f173b487e8ccb29977dfc57,0,1,19,0.8099999999999999,0.9404,5,14,6,9,19,8,0,0.6467426162000012,0.0,0,,random_actions,random_actions:panel_4:0:1024042:0
shared,shared,random_actions,0,30000,1,reference,panel_4,1024042,365efcdfa26bcae4707c99a33a71e6dafa4fcf6c9f173b487e8ccb29977dfc57,1,1,3,0.97,1.0524,1,2,0,3,3,2,0,0.03970000000000007,0.0,0,,random_actions,random_actions:panel_4:0:1024042:1
shared,shared,random_actions,0,30000,1,reference,panel_4,1024043,dd97b490568402bd62664c9510ee46986699c20a14349b8d7b755b7007706fc6,0,1,4,0.96,1.006,1,3,1,3,4,2,0,0.11671800000000021,0.0,0,,random_actions,random_actions:panel_4:0:1024043:0
shared,shared,random_actions,0,30000,1,reference,panel_4,1024043,dd97b490568402bd62664c9510ee46986699c20a14349b8d7b755b7007706fc6,1,1,1,0.99,1.03,0,1,0,2,1,1,0,0.0,0.0,0,,random_actions,random_actions:panel_4:0:1024043:1
shared,shared,random_actions,0,30000,1,reference,panel_4,1024044,16fa7310d0abc09dfd4f1fea6559638b914f745289586d5176456b746ae92cd3,0,1,6,0.94,1.1108,0,6,1,6,6,5,0,0.07820900000000008,0.0,0,,random_actions,random_actions:panel_4:0:1024044:0
shared,shared,random_actions,0,30000,1,reference,panel_4,1024044,16fa7310d0abc09dfd4f1fea6559638b914f745289586d5176456b746ae92cd3,1,1,8,0.9199999999999999,1.098,2,6,1,6,8,5,0,0.15295111810000017,0.0,0,,random_actions,random_actions:panel_4:0:1024044:1
shared,shared,random_actions,0,30000,1,reference,panel_4,1024045,6f39d51d0c46f7a64825666deb85f65925f640996d287d86870460c06786e2a9,0,0,32,-0.3200000000000001,-0.07599999999999994,9,23,11,13,30,11,1,2.0123979581000024,0.0,0,,random_actions,random_actions:panel_4:0:1024045:0
shared,shared,random_actions,0,30000,1,reference,panel_4,1024045,6f39d51d0c46f7a64825666deb85f65925f640996d287d86870460c06786e2a9,1,0,32,-0.3200000000000001,-0.06159999999999992,7,25,15,11,30,12,1,1.998637620500002,0.0,0,,random_actions,random_actions:panel_4:0:1024045:1
shared,shared,random_actions,0,30000,1,reference,panel_4,1024046,c98dc1fcb427d86cdac50c8b51bfe8fe2099e16ae510ac505507e757b67fc349,0,0,32,-0.3200000000000001,0.015200000000000213,9,23,18,6,27,8,1,1.8527062846018703,0.0,0,,random_actions,random_actions:panel_4:0:1024046:0
shared,shared,random_actions,0,30000,1,reference,panel_4,1024046,c98dc1fcb427d86cdac50c8b51bfe8fe2099e16ae510ac505507e757b67fc349,1,1,9,0.91,1.0904,1,8,2,7,9,6,0,0.19142546000000038,0.0,0,,random_actions,random_actions:panel_4:0:1024046:1
shared,shared,random_actions,0,30000,1,reference,panel_4,1024047,1d668ad476e636b19e81b53fe9162d960fe388bf5b3e36abb5dfc03813b3a455,0,1,18,0.82,1.0376,4,14,5,10,18,9,0,0.523229516957001,0.0,0,,random_actions,random_actions:panel_4:0:1024047:0
shared,shared,random_actions,0,30000,1,reference,panel_4,1024047,1d668ad476e636b19e81b53fe9162d960fe388bf5b3e36abb5dfc03813b3a455,1,0,32,-0.3200000000000001,0.016400000000000248,12,20,13,8,30,10,1,1.9287476978159002,0.0,0,,random_actions,random_actions:panel_4:0:1024047:1
shared,shared,random_actions,0,30000,1,reference,panel_4,1024048,af865bdab0e5d49d37545204d3f4c7aebea47aba133db2e07a3d4c769d1ee0cb,0,0,32,-0.3200000000000001,0.05240000000000028,9,23,14,10,26,8,1,1.7975125308190596,0.0,0,,random_actions,random_actions:panel_4:0:1024048:0
shared,shared,random_actions,0,30000,1,reference,panel_4,1024048,af865bdab0e5d49d37545204d3f4c7aebea47aba133db2e07a3d4c769d1ee0cb,1,0,32,-0.3200000000000001,0.03560000000000013,16,16,11,6,29,7,1,1.8885913047033487,0.0,0,,random_actions,random_actions:panel_4:0:1024048:1
shared,shared,random_actions,0,30000,1,reference,panel_4,1024049,3cb75e9e2b6b66eb89e13b194f75acc65958b50b30bcd5d13e43ec3ac998f91c,0,1,21,0.7899999999999999,0.976,14,7,4,4,21,5,0,0.6746776800000016,0.0,0,,random_actions,random_actions:panel_4:0:1024049:0
shared,shared,random_actions,0,30000,1,reference,panel_4,1024049,3cb75e9e2b6b66eb89e13b194f75acc65958b50b30bcd5d13e43ec3ac998f91c,1,1,24,0.7599999999999999,0.9376000000000001,13,11,6,6,24,7,0,0.8052946500000021,0.0,0,,random_actions,random_actions:panel_4:0:1024049:1
shared,shared,random_actions,0,30000,1,reference,panel_4,1024050,18718767728bf07693746a952f4b8e9534d5aac47c5b2edc7e19fc5c9c241898,0,0,32,-0.3200000000000001,-0.0015999999999998793,15,17,9,9,27,6,1,1.877595292311132,0.0,0,,random_actions,random_actions:panel_4:0:1024050:0
shared,shared,random_actions,0,30000,1,reference,panel_4,1024050,18718767728bf07693746a952f4b8e9534d5aac47c5b2edc7e19fc5c9c241898,1,0,32,-0.3200000000000001,-0.024399999999999852,16,16,11,6,29,7,1,1.9365738209990013,0.0,0,,random_actions,random_actions:panel_4:0:1024050:1
shared,shared,random_actions,0,30000,1,reference,panel_4,1024051,76c95411cd2e3197921d1658bb777ba7c7aa506e31b33ac1e94fdb41f3cc10d6,0,0,32,-0.3200000000000001,-0.08239999999999996,10,22,14,9,30,11,1,2.019003618471002,0.0,0,,random_actions,random_actions:panel_4:0:1024051:0
shared,shared,random_actions,0,30000,1,reference,panel_4,1024051,76c95411cd2e3197921d1658bb777ba7c7aa506e31b33ac1e94fdb41f3cc10d6,1,0,32,-0.3200000000000001,-0.09439999999999996,6,26,15,12,30,12,1,2.0316832974570014,0.0,0,,random_actions,random_actions:panel_4:0:1024051:1
shared,shared,random_actions,0,30000,1,reference,panel_4,1024052,6c884d595aa4b7ebad900aa2ba89818442c9a9808e6e5222b4aa8c6c292187da,0,0,32,-0.3200000000000001,-0.14999999999999997,14,18,13,6,30,8,1,2.082447536200003,0.0,0,,random_actions,random_actions:panel_4:0:1024052:0
shared,shared,random_actions,0,30000,1,reference,panel_4,1024052,6c884d595aa4b7ebad900aa2ba89818442c9a9808e6e5222b4aa8c6c292187da,1,0,32,-0.3200000000000001,-0.14519999999999994,12,20,6,15,31,10,1,2.1058058443000025,0.0,0,,random_actions,random_actions:panel_4:0:1024052:1
shared,shared,random_actions,0,30000,1,reference,panel_4,1024053,0ae8260a6c07e217494d77367973107a3d62519a5d83da98d5bb131b932144e0,0,0,32,-0.3200000000000001,0.03360000000000014,10,22,15,8,29,10,1,1.8834916987762904,0.0,0,,random_actions,random_actions:panel_4:0:1024053:0
shared,shared,random_actions,0,30000,1,reference,panel_4,1024053,0ae8260a6c07e217494d77367973107a3d62519a5d83da98d5bb131b932144e0,1,0,32,-0.3200000000000001,0.010800000000000087,6,26,16,11,31,14,1,1.9609333903004509,0.0,0,,random_actions,random_actions:panel_4:0:1024053:1
shared,shared,random_actions,0,30000,1,reference,panel_4,1024054,47b30f88ac63c9073e7e45d4c2e98c7cba21fa5fc78be8f825414eff6c7f5904,0,1,22,0.7799999999999999,0.9840000000000001,5,17,9,9,22,10,0,0.6985830274570011,0.0,0,,random_actions,random_actions:panel_4:0:1024054:0
shared,shared,random_actions,0,30000,1,reference,panel_4,1024054,47b30f88ac63c9073e7e45d4c2e98c7cba21fa5fc78be8f825414eff6c7f5904,1,0,32,-0.3200000000000001,-0.07879999999999993,11,21,15,7,28,8,1,1.9667235739140025,0.0,0,,random_actions,random_actions:panel_4:0:1024054:1
shared,shared,random_actions,0,30000,1,reference,panel_4,1024055,91cbf57e8fbc361151d766599e7c2fc1bcd98447ce117744961b3b7cd4e1bf3e,0,1,3,0.97,1.0936,0,3,0,4,3,3,0,0.0,0.0,0,,random_actions,random_actions:panel_4:0:1024055:0
shared,shared,random_actions,0,30000,1,reference,panel_4,1024055,91cbf57e8fbc361151d766599e7c2fc1bcd98447ce117744961b3b7cd4e1bf3e,1,1,9,0.91,1.0564,2,7,1,7,9,5,0,0.22303642620000041,0.0,0,,random_actions,random_actions:panel_4:0:1024055:1
shared,shared,random_actions,0,30000,1,reference,panel_4,1024056,bdceafe62b8417c56d07a22c7364bca153a4830829648158d7709a89d6b6b00d,0,0,32,-0.3200000000000001,-0.08759999999999984,15,17,6,12,28,7,1,1.977306787888871,0.0,0,,random_actions,random_actions:panel_4:0:1024056:0
shared,shared,random_actions,0,30000,1,reference,panel_4,1024056,bdceafe62b8417c56d07a22c7364bca153a4830829648158d7709a89d6b6b00d,1,1,7,0.9299999999999999,1.0268,1,6,3,4,7,4,0,0.1890791900000005,0.0,0,,random_actions,random_actions:panel_4:0:1024056:1
shared,shared,random_actions,0,30000,1,reference,panel_4,1024057,c4bf81741a19a6ec1bc689443ef5214d57568f711b31fe452cdd0a066f4cb49e,0,1,5,0.95,0.9948,4,1,0,2,5,1,0,0.15880000000000027,0.0,0,,random_actions,random_actions:panel_4:0:1024057:0
shared,shared,random_actions,0,30000,1,reference,panel_4,1024057,c4bf81741a19a6ec1bc689443ef5214d57568f711b31fe452cdd0a066f4cb49e,1,1,3,0.97,1.0124,2,1,0,2,3,1,0,0.07940000000000014,0.0,0,,random_actions,random_actions:panel_4:0:1024057:1
shared,shared,random_actions,0,30000,1,reference,panel_4,1024058,2d87a06e6dd198c62d85363017a67660a1879c4295eb2554780b002a6e467e7e,0,1,17,0.83,0.9568000000000001,7,10,4,7,17,6,0,0.5683928400000016,0.0,0,,random_actions,random_actions:panel_4:0:1024058:0
shared,shared,random_actions,0,30000,1,reference,panel_4,1024058,2d87a06e6dd198c62d85363017a67660a1879c4295eb2554780b002a6e467e7e,1,1,10,0.9,1.004,2,8,2,7,10,5,0,0.3046765781000007,0.0,0,,random_actions,random_actions:panel_4:0:1024058:1
shared,shared,random_actions,0,30000,1,reference,panel_4,1024059,bc159f06f334d6b6c96589a329289fb3589d115b4e29ad67d8d783f071392868,0,0,32,-0.3200000000000001,-0.12839999999999985,14,18,12,7,30,7,1,2.0643066458140025,0.0,0,,random_actions,random_actions:panel_4:0:1024059:0
shared,shared,random_actions,0,30000,1,reference,panel_4,1024059,bc159f06f334d6b6c96589a329289fb3589d115b4e29ad67d8d783f071392868,1,1,13,0.87,0.9968,1,12,2,11,13,7,0,0.40549491151400063,0.0,0,,random_actions,random_actions:panel_4:0:1024059:1
shared,shared,random_actions,0,30000,1,reference,panel_4,1024060,d942cf14224fffe603db47c81f87dd1c4ca8dd9942fb9496948eba3b59afccea,0,0,32,-0.3200000000000001,0.03960000000000011,8,24,12,13,30,12,1,1.9088591837144513,0.0,0,,random_actions,random_actions:panel_4:0:1024060:0
shared,shared,random_actions,0,30000,1,reference,panel_4,1024060,d942cf14224fffe603db47c81f87dd1c4ca8dd9942fb9496948eba3b59afccea,1,0,32,-0.3200000000000001,0.03720000000000018,6,26,19,8,29,12,1,1.8825371615598705,0.0,0,,random_actions,random_actions:panel_4:0:1024060:1
shared,shared,random_actions,0,30000,1,reference,panel_4,1024061,281d2fecab1d843e09032ae8be9bdad7b8822153585f6b5e536a19b23a315abb,0,0,32,-0.3200000000000001,0.1276000000000001,19,13,11,3,27,6,1,1.7588588854110596,0.0,0,,random_actions,random_actions:panel_4:0:1024061:0
shared,shared,random_actions,0,30000,1,reference,panel_4,1024061,281d2fecab1d843e09032ae8be9bdad7b8822153585f6b5e536a19b23a315abb,1,0,32,-0.3200000000000001,0.09880000000000014,14,18,13,6,30,10,1,1.8561143471893207,0.0,0,,random_actions,random_actions:panel_4:0:1024061:1
shared,shared,random_actions,0,30000,1,reference,panel_4,1024062,4df0881e25f49f4562d02283c3a893dca98b8a81ad3188891afa241a5957d020,0,0,32,-0.3200000000000001,-0.02159999999999994,12,20,12,9,30,11,1,1.963629120757002,0.0,0,,random_actions,random_actions:panel_4:0:1024062:0
shared,shared,random_actions,0,30000,1,reference,panel_4,1024062,4df0881e25f49f4562d02283c3a893dca98b8a81ad3188891afa241a5957d020,1,0,32,-0.3200000000000001,0.032400000000000095,10,22,13,10,30,12,1,1.9134088992207414,0.0,0,,random_actions,random_actions:panel_4:0:1024062:1
shared,shared,random_actions,0,30000,1,reference,panel_4,1024063,8d399f6f1f1ba74221729f6b912896a44761acaf4c270493d5263c0c9c857550,0,1,8,0.9199999999999999,1.0144,4,4,0,5,8,3,0,0.2322807300000006,0.0,0,,random_actions,random_actions:panel_4:0:1024063:0
shared,shared,random_actions,0,30000,1,reference,panel_4,1024063,8d399f6f1f1ba74221729f6b912896a44761acaf4c270493d5263c0c9c857550,1,0,32,-0.3200000000000001,-0.1319999999999999,9,23,11,13,30,10,1,2.0689666393570016,0.0,0,,random_actions,random_actions:panel_4:0:1024063:1
shared,shared,random_actions,1,30000,1,reference,panel_4,1024000,0ec72beefc19c087f705de097aa5867814dab453d9d44b0f26d302c20da409c2,0,1,24,0.7599999999999999,0.9072,8,16,11,6,24,9,0,0.8345257600000021,0.0,0,,random_actions,random_actions:panel_4:1:1024000:0
shared,shared,random_actions,1,30000,1,reference,panel_4,1024000,0ec72beefc19c087f705de097aa5867814dab453d9d44b0f26d302c20da409c2,1,1,3,0.97,1.0536,1,2,0,3,3,2,0,0.038509000000000126,0.0,0,,random_actions,random_actions:panel_4:1:1024000:1
shared,shared,random_actions,1,30000,1,reference,panel_4,1024001,33c3c47ee3acc63cad5c086e1f9e987973b47c11335e1ae5e0f4aa25f866b4ce,0,0,32,-0.3200000000000001,-0.09719999999999979,11,21,17,5,30,9,1,2.034854622385001,0.0,0,,random_actions,random_actions:panel_4:1:1024001:0
shared,shared,random_actions,1,30000,1,reference,panel_4,1024001,33c3c47ee3acc63cad5c086e1f9e987973b47c11335e1ae5e0f4aa25f866b4ce,1,0,32,-0.3200000000000001,-0.11399999999999988,13,19,9,11,28,7,1,1.9991613277762923,0.0,0,,random_actions,random_actions:panel_4:1:1024001:1
shared,shared,random_actions,1,30000,1,reference,panel_4,1024002,2e8485cf00f810187d16d21cc45df1087919a63aa579f08f6eb54c030fe69ada,0,1,20,0.7999999999999999,0.9304000000000001,6,14,9,6,20,8,0,0.6874213800000019,0.0,0,,random_actions,random_actions:panel_4:1:1024002:0
shared,shared,random_actions,1,30000,1,reference,panel_4,1024002,2e8485cf00f810187d16d21cc45df1087919a63aa579f08f6eb54c030fe69ada,1,1,19,0.8099999999999999,0.9296000000000001,9,10,4,7,19,6,0,0.6570707300000016,0.0,0,,random_actions,random_actions:panel_4:1:1024002:1
shared,shared,random_actions,1,30000,1,reference,panel_4,1024003,f9b5c669a9b4b0c7e71b2ffeb73c97ef4fdeafd843ff5ea6275c7040cbca2bd6,0,0,32,-0.3200000000000001,0.03360000000000014,8,24,18,7,29,11,1,1.8834927073270014,0.0,0,,random_actions,random_actions:panel_4:1:1024003:0
shared,shared,random_actions,1,30000,1,reference,panel_4,1024003,f9b5c669a9b4b0c7e71b2ffeb73c97ef4fdeafd843ff5ea6275c7040cbca2bd6,1,0,32,-0.3200000000000001,0.04200000000000009,6,26,19,8,28,11,1,1.859407116313001,0.0,0,,random_actions,random_actions:panel_4:1:1024003:1
shared,shared,random_actions,1,30000,1,reference,panel_4,1024004,87da26312ac9c3bb9592d1128a16e8f0e12086080b6bc492396693fbb106e894,0,0,32,-0.3200000000000001,-0.15399999999999997,10,22,16,7,31,10,1,2.116706213976292,0.0,0,,random_actions,random_actions:panel_4:1:1024004:0
shared,shared,random_actions,1,30000,1,reference,panel_4,1024004,87da26312ac9c3bb9592d1128a16e8f0e12086080b6bc492396693fbb106e894,1,1,2,0.98,1.0212,1,1,0,2,2,1,0,0.03970000000000007,0.0,0,,random_actions,random_actions:panel_4:1:1024004:1
shared,shared,random_actions,1,30000,1,reference,panel_4,1024005,20c31eb929edad6f6b05951530a37dd23864b782ed4f8795d73e06b6f31c5b49,0,1,4,0.96,1.0472000000000001,0,4,0,5,4,3,0,0.07586273000000021,0.0,0,,random_actions,random_actions:panel_4:1:1024005:0
shared,shared,random_actions,1,30000,1,reference,panel_4,1024005,20c31eb929edad6f6b05951530a37dd23864b782ed4f8795d73e06b6f31c5b49,1,0,32,-0.3200000000000001,-0.16920000000000002,7,25,21,5,31,12,1,2.129021650000002,0.0,0,,random_actions,random_actions:panel_4:1:1024005:1
shared,shared,random_actions,1,30000,1,reference,panel_4,1024006,dea6494f5b2506468eedb4a7fa4e848750a2e35c8957434f7956a5cddce98edc,0,1,8,0.9199999999999999,1.0216,4,4,1,4,8,3,0,0.22527765000000055,0.0,0,,random_actions,random_actions:panel_4:1:1024006:0
shared,shared,random_actions,1,30000,1,reference,panel_4,1024006,dea6494f5b2506468eedb4a7fa4e848750a2e35c8957434f7956a5cddce98edc,1,1,32,0.6799999999999999,0.8608,10,22,14,9,32,12,0,1.1288731524000024,0.0,0,,random_actions,random_actions:panel_4:1:1024006:1
shared,shared,random_actions,1,30000,1,reference,panel_4,1024007,161ce41f7f56d7cc69bfe3b306eab46ba2b0f7314231ec980e53b9a62d8cd756,0,0,32,-0.3200000000000001,-0.08119999999999994,11,21,11,11,30,10,1,2.0201935787280023,0.0,0,,random_actions,random_actions:panel_4:1:1024007:0
shared,shared,random_actions,1,30000,1,reference,panel_4,1024007,161ce41f7f56d7cc69bfe3b306eab46ba2b0f7314231ec980e53b9a62d8cd756,1,0,32,-0.3200000000000001,-0.08119999999999991,9,23,15,9,30,11,1,2.0189710720140024,0.0,0,,random_actions,random_actions:panel_4:1:1024007:1
shared,shared,random_actions,1,30000,1,reference,panel_4,1024008,f26d95b8d41921ac1311725af53d1cbde0e27e9c52d6b51235ee49d11137d946,0,0,32,-0.3200000000000001,0.08640000000000016,10,22,11,12,27,10,1,1.7909377315884218,0.0,0,,random_actions,random_actions:panel_4:1:1024008:0
shared,shared,random_actions,1,30000,1,reference,panel_4,1024008,f26d95b8d41921ac1311725af53d1cbde0e27e9c52d6b51235ee49d11137d946,1,0,32,-0.3200000000000001,0.03960000000000011,9,23,14,10,30,11,1,1.90964354965987,0.0,0,,random_actions,random_actions:panel_4:1:1024008:1
shared,shared,random_actions,1,30000,1,reference,panel_4,1024009,2f3425ef2382f5dda648e6705ec897e9a5a923446072f26b581bdc56b38af7b0,0,0,32,-0.3200000000000001,-0.1336,6,26,14,13,28,9,1,2.023496747625132,0.0,0,,random_actions,random_actions:panel_4:1:1024009:0
shared,shared,random_actions,1,30000,1,reference,panel_4,1024009,2f3425ef2382f5dda648e6705ec897e9a5a923446072f26b581bdc56b38af7b0,1,1,11,0.89,0.9564,2,9,3,7,11,5,0,0.38285092000000076,0.0,0,,random_actions,random_actions:panel_4:1:1024009:1
shared,shared,random_actions,1,30000,1,reference,panel_4,1024010,a6ffcdb095541f533a340381de1a06cbcab77b35637b9e686346d44cffefbabb,0,0,32,-0.3200000000000001,0.0796000000000001,6,26,18,9,30,13,1,1.8730968473816108,0.0,0,,random_actions,random_actions:panel_4:1:1024010:0
shared,shared,random_actions,1,30000,1,reference,panel_4,1024010,a6ffcdb095541f533a340381de1a06cbcab77b35637b9e686346d44cffefbabb,1,0,32,-0.3200000000000001,0.08920000000000013,10,22,11,12,30,11,1,1.8638577754183205,0.0,0,,random_actions,random_actions:panel_4:1:1024010:1
shared,shared,random_actions,1,30000,1,reference,panel_4,1024011,6beec53b5043cecc0e773781c602bcb4056626f1970e1235cfca714383c455c7,0,1,2,0.98,1.0212,1,1,0,2,2,1,0,0.03970000000000007,0.0,0,,random_actions,random_actions:panel_4:1:1024011:0
shared,shared,random_actions,1,30000,1,reference,panel_4,1024011,6beec53b5043cecc0e773781c602bcb4056626f1970e1235cfca714383c455c7,1,1,2,0.98,1.0212,1,1,0,2,2,1,0,0.03970000000000007,0.0,0,,random_actions,random_actions:panel_4:1:1024011:1
shared,shared,random_actions,1,30000,1,reference,panel_4,1024012,bbbb38e081d4189e3db867676bfe121b44cb75a2e394f669d033e3fca50afc09,0,0,32,-0.3200000000000001,0.30120000000000036,7,25,18,8,26,11,1,1.5974284702204569,0.0,0,,random_actions,random_actions:panel_4:1:1024012:0
shared,shared,random_actions,1,30000,1,reference,panel_4,1024012,bbbb38e081d4189e3db867676bfe121b44cb75a2e394f669d033e3fca50afc09,1,0,32,-0.3200000000000001,0.2772000000000003,10,22,11,12,27,11,1,1.6391062283789424,0.0,0,,random_actions,random_actions:panel_4:1:1024012:1
shared,shared,random_actions,1,30000,1,reference,panel_4,1024013,cc33f33b5c2460fce87383bae81365a9f21fbc9763df621510642a38dc0babf1,0,0,32,-0.3200000000000001,-0.010399999999999854,9,23,14,10,27,8,1,1.8907906955893932,0.0,0,,random_actions,random_actions:panel_4:1:1024013:0
shared,shared,random_actions,1,30000,1,reference,panel_4,1024013,cc33f33b5c2460fce87383bae81365a9f21fbc9763df621510642a38dc0babf1,1,1,26,0.74,0.9512000000000002,7,19,12,8,26,11,0,0.8550693039140014,0.0,0,,random_actions,random_actions:panel_4:1:1024013:1
shared,shared,random_actions,1,30000,1,reference,panel_4,1024014,a29f88d1d956cd1f81a9fdf093144d4a8597d31f93c59e2e6078ccb460432ac6,0,0,32,-0.3200000000000001,0.1156000000000001,5,27,17,11,28,12,1,1.7964833547483643,0.0,0,,random_actions,random_actions:panel_4:1:1024014:0
shared,shared,random_actions,1,30000,1,reference,panel_4,1024014,a29f88d1d956cd1f81a9fdf093144d4a8597d31f93c59e2e6078ccb460432ac6,1,0,32,-0.3200000000000001,0.17320000000000027,17,15,10,6,25,6,1,1.6803937551646349,0.0,0,,random_actions,random_actions:panel_4:1:1024014:1
shared,shared,random_actions,1,30000,1,reference,panel_4,1024015,cbd6f517ecac8308d56b06b81f3f115362e986ea6280190cc42eb54be5bd2d91,0,1,31,0.69,1.0064000000000002,10,21,12,10,31,13,0,0.9613509603710018,0.0,0,,random_actions,random_actions:panel_4:1:1024015:0
shared,shared,random_actions,1,30000,1,reference,panel_4,1024015,cbd6f517ecac8308d56b06b81f3f115362e986ea6280190cc42eb54be5bd2d91,1,0,32,-0.3200000000000001,0.0816000000000002,12,20,11,10,28,8,1,1.8167633690001908,0.0,0,,random_actions,random_actions:panel_4:1:1024015:1
shared,shared,random_actions,1,30000,1,reference,panel_4,1024016,ae8a3aff9d86276b5e72ff14d3245c6dcc712524241668019370cb3345a87e87,0,0,32,-0.3200000000000001,0.04200000000000011,13,19,7,13,28,8,1,1.853324430108161,0.0,0,,random_actions,random_actions:panel_4:1:1024016:0
shared,shared,random_actions,1,30000,1,reference,panel_4,1024016,ae8a3aff9d86276b5e72ff14d3245c6dcc712524241668019370cb3345a87e87,1,0,32,-0.3200000000000001,0.030000000000000082,14,18,9,10,28,8,1,1.8699003284028715,0.0,0,,random_actions,random_actions:panel_4:1:1024016:1
shared,shared,random_actions,1,30000,1,reference,panel_4,1024017,88ee24283d18ee5e3aa469c799306a3cd176108b17e4aab8cd3c0ea1817c05c5,0,0,32,-0.3200000000000001,-0.1608,9,23,16,8,31,11,1,2.1208275700000025,0.0,0,,random_actions,random_actions:panel_4:1:1024017:0
shared,shared,random_actions,1,30000,1,reference,panel_4,1024017,88ee24283d18ee5e3aa469c799306a3cd176108b17e4aab8cd3c0ea1817c05c5,1,1,2,0.98,1.0612,0,2,0,3,2,2,0,0.0,0.0,0,,random_actions,random_actions:panel_4:1:1024017:1
shared,shared,random_actions,1,30000,1,reference,panel_4,1024018,b99688c3764d4a21edbb58ca478a905413d4384b7b09aefc3b3c664487cedc97,0,0,32,-0.3200000000000001,-0.061599999999999926,13,19,11,9,32,11,1,2.0553913505000025,0.0,0,,random_actions,random_actions:panel_4:1:1024018:0
shared,shared,random_actions,1,30000,1,reference,panel_4,1024018,b99688c3764d4a21edbb58ca478a905413d4384b7b09aefc3b3c664487cedc97,1,1,26,0.74,0.9972000000000001,10,16,10,7,26,10,0,0.8117312110000012,0.0,0,,random_actions,random_actions:panel_4:1:1024018:1
shared,shared,random_actions,1,30000,1,reference,panel_4,1024019,0d13bd6580589d46a1f2bbb6fc2ceb597af5c8eafdb69b64a4cf9e1a17351caf,0,1,26,0.74,0.8448,9,17,10,8,26,9,0,0.9582111100000024,0.0,0,,random_actions,random_actions:panel_4:1:1024019:0
shared,shared,random_actions,1,30000,1,reference,panel_4,1024019,0d13bd6580589d46a1f2bbb6fc2ceb597af5c8eafdb69b64a4cf9e1a17351caf,1,1,22,0.7799999999999999,0.8620000000000001,5,17,8,10,22,9,0,0.8170974600000013,0.0,0,,random_actions,random_actions:panel_4:1:1024019:1
shared,shared,random_actions,1,30000,1,reference,panel_4,1024020,8c5c98d8c36441c50f5d216fe4b0a356cd2a669803cd660591a7fdf60d22030f,0,0,32,-0.3200000000000001,0.010400000000000117,8,24,15,10,30,11,1,1.9338851118791611,0.0,0,,random_actions,random_actions:panel_4:1:1024020:0
shared,shared,random_actions,1,30000,1,reference,panel_4,1024020,8c5c98d8c36441c50f5d216fe4b0a356cd2a669803cd660591a7fdf60d22030f,1,1,31,0.69,1.0060000000000002,5,26,15,12,31,15,0,0.9614729836487409,0.0,0,,random_actions,random_actions:panel_4:1:1024020:1
shared,shared,random_actions,1,30000,1,reference,panel_4,1024021,dc4a55a0c2418d7600b9fb6693346a903fed14cbc47a9683b42788f686219aed,0,1,24,0.7599999999999999,1.0196,6,18,9,10,24,11,0,0.7281933292280008,0.0,0,,random_actions,random_actions:panel_4:1:1024021:0
shared,shared,random_actions,1,30000,1,reference,panel_4,1024021,dc4a55a0c2418d7600b9fb6693346a903fed14cbc47a9683b42788f686219aed,1,0,32,-0.3200000000000001,-0.02319999999999986,8,24,12,13,29,11,1,1.9410583802420014,0.0,0,,random_actions,random_actions:panel_4:1:1024021:1
shared,shared,random_actions,1,30000,1,reference,panel_4,1024022,23e1ea082e9f29ff483f2c98d100120d0573b87e0d656c052e9938b745e4a105,0,0,32,-0.3200000000000001,0.029200000000000045,7,25,15,11,31,14,1,1.9467162433482916,0.0,0,,random_actions,random_actions:panel_4:1:1024022:0
shared,shared,random_actions,1,30000,1,reference,panel_4,1024022,23e1ea082e9f29ff483f2c98d100120d0573b87e0d656c052e9938b745e4a105,1,0,32,-0.3200000000000001,0.08680000000000014,11,21,12,10,29,10,1,1.839186374816494,0.0,0,,random_actions,random_actions:panel_4:1:1024022:1
shared,shared,random_actions,1,30000,1,reference,panel_4,1024023,f36b7b047ee5e293361909fe8c9d7e247bbbedcc171021fa56272d7f912215d5,0,0,32,-0.3200000000000001,-0.0411999999999999,7,25,18,8,29,11,1,1.9547200065710018,0.0,0,,random_actions,random_actions:panel_4:1:1024023:0
shared,shared,random_actions,1,30000,1,reference,panel_4,1024023,f36b7b047ee5e293361909fe8c9d7e247bbbedcc171021fa56272d7f912215d5,1,0,32,-0.3200000000000001,-0.026799999999999963,13,19,9,11,28,8,1,1.9225768884710015,0.0,0,,random_actions,random_actions:panel_4:1:1024023:1
shared,shared,random_actions,1,30000,1,reference,panel_4,1024024,3507f5677d19b816c8acc81f7f3d72c49eaf2e970da8d850e3d7a6c21a7da1b9,0,1,25,0.7499999999999999,0.9916,9,16,7,10,25,10,0,0.7858262388570016,0.0,0,,random_actions,random_actions:panel_4:1:1024024:0
shared,shared,random_actions,1,30000,1,reference,panel_4,1024024,3507f5677d19b816c8acc81f7f3d72c49eaf2e970da8d850e3d7a6c21a7da1b9,1,0,32,-0.3200000000000001,0.026000000000000183,9,23,17,7,27,8,1,1.8388698653501896,0.0,0,,random_actions,random_actions:panel_4:1:1024024:1
shared,shared,random_actions,1,30000,1,reference,panel_4,1024025,61372c61f8cbf8daed63dbca93c072bbd5b3a86c36f4d92917ff25a6ea1ba6d7,0,0,32,-0.3200000000000001,-0.05599999999999988,12,20,14,7,28,8,1,1.9454257093560017,0.0,0,,random_actions,random_actions:panel_4:1:1024025:0
shared,shared,random_actions,1,30000,1,reference,panel_4,1024025,61372c61f8cbf8daed63dbca93c072bbd5b3a86c36f4d92917ff25a6ea1ba6d7,1,0,32,-0.3200000000000001,-0.07639999999999991,13,19,10,10,29,8,1,1.9905350193570017,0.0,0,,random_actions,random_actions:panel_4:1:1024025:1
shared,shared,random_actions,1,30000,1,reference,panel_4,1024026,016222828d97db9a9e1602aec440b8671e6f98a5ec7d18511200240368ffbaf3,0,0,32,-0.3200000000000001,0.2980000000000002,10,22,16,7,27,11,1,1.6288017334595133,0.0,0,,random_actions,random_actions:panel_4:1:1024026:0
shared,shared,random_actions,1,30000,1,reference,panel_4,1024026,016222828d97db9a9e1602aec440b8671e6f98a5ec7d18511200240368ffbaf3,1,0,32,-0.3200000000000001,0.3160000000000003,19,13,7,7,27,7,1,1.5949710046303247,0.0,0,,random_actions,random_actions:panel_4:1:1024026:1
shared,shared,random_actions,1,30000,1,reference,panel_4,1024027,32e81df3a968d5b8ba593b4b9437a16a2571774f78a6da899131d0ba12507cd3,0,0,32,-0.3200000000000001,-0.10280000000000002,5,27,13,15,31,13,1,2.066246620500002,0.0,0,,random_actions,random_actions:panel_4:1:1024027:0
shared,shared,random_actions,1,30000,1,reference,panel_4,1024027,32e81df3a968d5b8ba593b4b9437a16a2571774f78a6da899131d0ba12507cd3,1,0,32,-0.3200000000000001,-0.0259999999999998,19,13,6,8,29,5,1,1.9480976221144792,0.0,0,,random_actions,random_actions:panel_4:1:1024027:1
shared,shared,random_actions,1,30000,1,reference,panel_4,1024028,997927921afd5062ab5e78dc6e7c9184cb1fce52f787b0418da3912a7611d572,0,0,32,-0.3200000000000001,-0.061999999999999944,7,25,18,8,28,10,1,1.9511990346685817,0.0,0,,random_actions,random_actions:panel_4:1:1024028:0
shared,shared,random_actions,1,30000,1,reference,panel_4,1024028,997927921afd5062ab5e78dc6e7c9184cb1fce52f787b0418da3912a7611d572,1,0,32,-0.3200000000000001,-0.058399999999999896,13,19,12,8,29,9,1,1.9716811908685812,0.0,0,,random_actions,random_actions:panel_4:1:1024028:1
shared,shared,random_actions,1,30000,1,reference,panel_4,1024029,d9551c453fbbc96529eae2842d0be14e10b27259f6b9a8a4aec498a603dcb5f1,0,1,2,0.98,1.0612,0,2,0,3,2,2,0,0.0,0.0,0,,random_actions,random_actions:panel_4:1:1024029:0
shared,shared,random_actions,1,30000,1,reference,panel_4,1024029,d9551c453fbbc96529eae2842d0be14e10b27259f6b9a8a4aec498a603dcb5f1,1,1,14,0.86,0.9724,6,8,4,5,14,5,0,0.4598331900000012,0.0,0,,random_actions,random_actions:panel_4:1:1024029:1
shared,shared,random_actions,1,30000,1,reference,panel_4,1024030,0e0ad4ec4f7bce8f6b830ed1f72860d4934236bd2f134212e6b9eaed67d7de41,0,1,8,0.9199999999999999,1.1016000000000001,0,8,2,7,8,6,0,0.14944957810000037,0.0,0,,random_actions,random_actions:panel_4:1:1024030:0
shared,shared,random_actions,1,30000,1,reference,panel_4,1024030,0e0ad4ec4f7bce8f6b830ed1f72860d4934236bd2f134212e6b9eaed67d7de41,1,1,23,0.7699999999999999,1.0056,1,22,13,10,23,13,0,0.7100328250570014,0.0,0,,random_actions,random_actions:panel_4:1:1024030:1
shared,shared,random_actions,1,30000,1,reference,panel_4,1024031,4b22eee42a8aa7221112c135ee83818c22b5b60045124f832486ff9fea6f4809,0,0,32,-0.3200000000000001,0.02880000000000016,13,19,11,9,31,10,1,1.9442162011270017,0.0,0,,random_actions,random_actions:panel_4:1:1024031:0
shared,shared,random_actions,1,30000,1,reference,panel_4,1024031,4b22eee42a8aa7221112c135ee83818c22b5b60045124f832486ff9fea6f4809,1,0,32,-0.3200000000000001,0.04560000000000017,18,14,11,4,29,6,1,1.877956884541001,0.0,0,,random_actions,random_actions:panel_4:1:1024031:1
shared,shared,random_actions,1,30000,1,reference,panel_4,1024032,e9fd522e2a6b68d2de946a49eb4ea12092a76c5dca08eb456fd26cc8d601b730,0,1,17,0.83,0.8976000000000001,8,9,6,4,17,5,0,0.6268630000000011,0.0,0,,random_actions,random_actions:panel_4:1:1024032:0
shared,shared,random_actions,1,30000,1,reference,panel_4,1024032,e9fd522e2a6b68d2de946a49eb4ea12092a76c5dca08eb456fd26cc8d601b730,1,1,7,0.9299999999999999,0.982,2,5,0,6,7,3,0,0.23343600000000042,0.0,0,,random_actions,random_actions:panel_4:1:1024032:1
shared,shared,random_actions,1,30000,1,reference,panel_4,1024033,966533326cc6efdefb4d59f3d611d2c7e2d9b8cf052109c01d0feeba80889f59,0,0,32,-0.3200000000000001,0.07960000000000014,19,13,5,9,30,8,1,1.8723361060203643,0.0,0,,random_actions,random_actions:panel_4:1:1024033:0
shared,shared,random_actions,1,30000,1,reference,panel_4,1024033,966533326cc6efdefb4d59f3d611d2c7e2d9b8cf052109c01d0feeba80889f59,1,0,32,-0.3200000000000001,0.035200000000000065,12,20,6,15,32,12,1,1.968453886891292,0.0,0,,random_actions,random_actions:panel_4:1:1024033:1
shared,shared,random_actions,1,30000,1,reference,panel_4,1024034,e785a3e2977b94cd73b229c650c1da936e2b3583b9eea3a1746a9f03a2531c18,0,1,1,0.99,1.03,0,1,0,2,1,1,0,0.0,0.0,0,,random_actions,random_actions:panel_4:1:1024034:0
shared,shared,random_actions,1,30000,1,reference,panel_4,1024034,e785a3e2977b94cd73b229c650c1da936e2b3583b9eea3a1746a9f03a2531c18,1,1,1,0.99,1.03,0,1,0,2,1,1,0,0.0,0.0,0,,random_actions,random_actions:panel_4:1:1024034:1
shared,shared,random_actions,1,30000,1,reference,panel_4,1024035,88ca303f980b963ee3ca01ba4d4dd6d47012ed0c36ac174a58b84d04b1cc6c39,0,0,32,-0.3200000000000001,0.015200000000000116,18,14,8,7,32,8,1,1.984584700085479,0.0,0,,random_actions,random_actions:panel_4:1:1024035:0
shared,shared,random_actions,1,30000,1,reference,panel_4,1024035,88ca303f980b963ee3ca01ba4d4dd6d47012ed0c36ac174a58b84d04b1cc6c39,1,0,32,-0.3200000000000001,0.010400000000000104,14,18,13,6,29,7,1,1.9124134157270296,0.0,0,,random_actions,random_actions:panel_4:1:1024035:1
shared,shared,random_actions,1,30000,1,reference,panel_4,1024036,97a93f4eb5a88bd8d7c4fe8c993e5a8de728151366a0b205c96a912eba677e5d,0,0,32,-0.3200000000000001,-0.08719999999999992,9,23,15,9,32,12,1,2.079399664671002,0.0,0,,random_actions,random_actions:panel_4:1:1024036:0
shared,shared,random_actions,1,30000,1,reference,panel_4,1024036,97a93f4eb5a88bd8d7c4fe8c993e5a8de728151366a0b205c96a912eba677e5d,1,0,32,-0.3200000000000001,-0.041600000000000026,20,12,6,7,30,5,1,1.9835769173400037,0.0,0,,random_actions,random_actions:panel_4:1:1024036:1
shared,shared,random_actions,1,30000,1,reference,panel_4,1024037,c30ab322bd97379c3f68b43142d37b0b101b9115ff6da8f234b41ddf526e3dc4,0,0,32,-0.3200000000000001,0.09840000000000024,4,28,17,12,30,14,1,1.8572271909273765,0.0,0,,random_actions,random_actions:panel_4:1:1024037:0
shared,shared,random_actions,1,30000,1,reference,panel_4,1024037,c30ab322bd97379c3f68b43142d37b0b101b9115ff6da8f234b41ddf526e3dc4,1,0,32,-0.3200000000000001,0.14160000000000034,19,13,8,6,25,3,1,1.707044364291015,0.0,0,,random_actions,random_actions:panel_4:1:1024037:1
shared,shared,random_actions,1,30000,1,reference,panel_4,1024038,3c9f50369df2081cb4c643c77fa9c741b43facc89e9b05e35aaa5fd28a3121c1,0,1,13,0.87,1.1168,4,9,3,7,13,7,0,0.29336544505700013,0.0,0,,random_actions,random_actions:panel_4:1:1024038:0
shared,shared,random_actions,1,30000,1,reference,panel_4,1024038,3c9f50369df2081cb4c643c77fa9c741b43facc89e9b05e35aaa5fd28a3121c1,1,0,32,-0.3200000000000001,0.06840000000000016,10,22,12,11,27,8,1,1.8047118963666098,0.0,0,,random_actions,random_actions:panel_4:1:1024038:1
shared,shared,random_actions,1,30000,1,reference,panel_4,1024039,8ac7eec7bbedd33d58b4c9bdb0ebaea2c0fe3cfe805475c8ead103d9fdf88512,0,0,32,-0.3200000000000001,0.08400000000000021,11,21,15,7,27,8,1,1.8046056084123492,0.0,0,,random_actions,random_actions:panel_4:1:1024039:0
shared,shared,random_actions,1,30000,1,reference,panel_4,1024039,8ac7eec7bbedd33d58b4c9bdb0ebaea2c0fe3cfe805475c8ead103d9fdf88512,1,1,26,0.74,1.0792000000000002,11,15,7,9,26,10,0,0.7381935321770308,0.0,0,,random_actions,random_actions:panel_4:1:1024039:1
shared,shared,random_actions,1,30000,1,reference,panel_4,1024040,fceed3cc7b485f213290abec79c1fa7510388d58d32caea45f0af59457d545c9,0,1,1,0.99,1.03,0,1,0,2,1,1,0,0.0,0.0,0,,random_actions,random_actions:panel_4:1:1024040:0
shared,shared,random_actions,1,30000,1,reference,panel_4,1024040,fceed3cc7b485f213290abec79c1fa7510388d58d32caea45f0af59457d545c9,1,1,3,0.97,1.0136,0,3,1,3,3,2,0,0.07820900000000008,0.0,0,,random_actions,random_actions:panel_4:1:1024040:1
shared,shared,random_actions,1,30000,1,reference,panel_4,1024041,6ae23ec82e5cb4c750e93c2d329f3812f8febcccff7aa4495240cb6119776c59,0,1,4,0.96,1.0436,2,2,0,3,4,2,0,0.07940000000000014,0.0,0,,random_actions,random_actions:panel_4:1:1024041:0
shared,shared,random_actions,1,30000,1,reference,panel_4,1024041,6ae23ec82e5cb4c750e93c2d329f3812f8febcccff7aa4495240cb6119776c59,1,1,17,0.83,0.9436000000000001,15,2,0,3,17,2,0,0.5812080000000017,0.0,0,,random_actions,random_actions:panel_4:1:1024041:1
shared,shared,random_actions,1,30000,1,reference,panel_4,1024042,365efcdfa26bcae4707c99a33a71e6dafa4fcf6c9f173b487e8ccb29977dfc57,0,0,32,-0.3200000000000001,-0.06599999999999978,6,26,16,11,28,10,1,1.9597773609284515,0.0,0,,random_actions,random_actions:panel_4:1:1024042:0
shared,shared,random_actions,1,30000,1,reference,panel_4,1024042,365efcdfa26bcae4707c99a33a71e6dafa4fcf6c9f173b487e8ccb29977dfc57,1,1,16,0.84,0.9476,4,12,8,5,16,7,0,0.5462720000000009,0.0,0,,random_actions,random_actions:panel_4:1:1024042:1
shared,shared,random_actions,1,30000,1,reference,panel_4,1024043,dd97b490568402bd62664c9510ee46986699c20a14349b8d7b755b7007706fc6,0,0,32,-0.3200000000000001,-0.1743999999999999,11,21,15,7,30,9,1,2.1108027848000024,0.0,0,,random_actions,random_actions:panel_4:1:1024043:0
shared,shared,random_actions,1,30000,1,reference,panel_4,1024043,dd97b490568402bd62664c9510ee46986699c20a14349b8d7b755b7007706fc6,1,1,2,0.98,1.0212,1,1,0,2,2,1,0,0.03970000000000007,0.0,0,,random_actions,random_actions:panel_4:1:1024043:1
shared,shared,random_actions,1,30000,1,reference,panel_4,1024044,16fa7310d0abc09dfd4f1fea6559638b914f745289586d5176456b746ae92cd3,0,1,4,0.96,1.1272,0,4,0,5,4,4,0,0.0,0.0,0,,random_actions,random_actions:panel_4:1:1024044:0
shared,shared,random_actions,1,30000,1,reference,panel_4,1024044,16fa7310d0abc09dfd4f1fea6559638b914f745289586d5176456b746ae92cd3,1,1,18,0.82,1.0304,2,16,10,7,18,10,0,0.5300246162000011,0.0,0,,random_actions,random_actions:panel_4:1:1024044:1
shared,shared,random_actions,1,30000,1,reference,panel_4,1024045,6f39d51d0c46f7a64825666deb85f65925f640996d287d86870460c06786e2a9,0,0,32,-0.3200000000000001,-0.02799999999999979,20,12,10,3,29,5,1,1.9407516239000002,0.0,0,,random_actions,random_actions:panel_4:1:1024045:0
shared,shared,random_actions,1,30000,1,reference,panel_4,1024045,6f39d51d0c46f7a64825666deb85f65925f640996d287d86870460c06786e2a9,1,0,32,-0.3200000000000001,-0.024399999999999825,24,8,5,4,30,4,1,1.9644268601,0.0,0,,random_actions,random_actions:panel_4:1:1024045:1
shared,shared,random_actions,1,30000,1,reference,panel_4,1024046,c98dc1fcb427d86cdac50c8b51bfe8fe2099e16ae510ac505507e757b67fc349,0,0,32,-0.3200000000000001,0.03560000000000019,19,13,6,8,27,4,1,1.8456251380057693,0.0,0,,random_actions,random_actions:panel_4:1:1024046:0
shared,shared,random_actions,1,30000,1,reference,panel_4,1024046,c98dc1fcb427d86cdac50c8b51bfe8fe2099e16ae510ac505507e757b67fc349,1,0,32,-0.3200000000000001,0.034400000000000236,10,22,14,9,26,7,1,1.8185102327444223,0.0,0,,random_actions,random_actions:panel_4:1:1024046:1
shared,shared,random_actions,1,30000,1,reference,panel_4,1024047,1d668ad476e636b19e81b53fe9162d960fe388bf5b3e36abb5dfc03813b3a455,0,1,17,0.83,1.0536,3,14,7,8,17,9,0,0.4767701477140006,0.0,0,,random_actions,random_actions:panel_4:1:1024047:0
shared,shared,random_actions,1,30000,1,reference,panel_4,1024047,1d668ad476e636b19e81b53fe9162d960fe388bf5b3e36abb5dfc03813b3a455,1,1,9,0.91,1.0916000000000001,1,8,2,7,9,6,0,0.19030484810000026,0.0,0,,random_actions,random_actions:panel_4:1:1024047:1
shared,shared,random_actions,1,30000,1,reference,panel_4,1024048,af865bdab0e5d49d37545204d3f4c7aebea47aba133db2e07a3d4c769d1ee0cb,0,0,32,-0.3200000000000001,0.027200000000000252,3,29,20,10,28,12,1,1.8677321279236831,0.0,0,,random_actions,random_actions:panel_4:1:1024048:0
shared,shared,random_actions,1,30000,1,reference,panel_4,1024048,af865bdab0e5d49d37545204d3f4c7aebea47aba133db2e07a3d4c769d1ee0cb,1,1,30,0.7,1.0148000000000001,6,24,12,13,30,14,0,0.921810761942451,0.0,0,,random_actions,random_actions:panel_4:1:1024048:1
shared,shared,random_actions,1,30000,1,reference,panel_4,1024049,3cb75e9e2b6b66eb89e13b194f75acc65958b50b30bcd5d13e43ec3ac998f91c,0,0,32,-0.3200000000000001,-0.09439999999999983,28,4,2,3,30,2,1,2.0299702500000025,0.0,0,,random_actions,random_actions:panel_4:1:1024049:0
shared,shared,random_actions,1,30000,1,reference,panel_4,1024049,3cb75e9e2b6b66eb89e13b194f75acc65958b50b30bcd5d13e43ec3ac998f91c,1,0,32,-0.3200000000000001,-0.10039999999999989,22,10,7,4,30,5,1,2.0357823300000017,0.0,0,,random_actions,random_actions:panel_4:1:1024049:1
shared,shared,random_actions,1,30000,1,reference,panel_4,1024050,18718767728bf07693746a952f4b8e9534d5aac47c5b2edc7e19fc5c9c241898,0,0,32,-0.3200000000000001,-0.02559999999999986,14,18,13,6,30,9,1,1.9652463364395814,0.0,0,,random_actions,random_actions:panel_4:1:1024050:0
shared,shared,random_actions,1,30000,1,reference,panel_4,1024050,18718767728bf07693746a952f4b8e9534d5aac47c5b2edc7e19fc5c9c241898,1,0,32,-0.3200000000000001,-0.015999999999999792,13,19,15,5,29,8,1,1.9307302342850008,0.0,0,,random_actions,random_actions:panel_4:1:1024050:1
shared,shared,random_actions,1,30000,1,reference,panel_4,1024051,76c95411cd2e3197921d1658bb777ba7c7aa506e31b33ac1e94fdb41f3cc10d6,0,0,32,-0.3200000000000001,0.014800000000000285,10,22,14,9,28,8,1,1.8808271753693213,0.0,0,,random_actions,random_actions:panel_4:1:1024051:0
shared,shared,random_actions,1,30000,1,reference,panel_4,1024051,76c95411cd2e3197921d1658bb777ba7c7aa506e31b33ac1e94fdb41f3cc10d6,1,0,32,-0.3200000000000001,-0.08359999999999985,17,15,8,8,30,7,1,2.019555125313002,0.0,0,,random_actions,random_actions:panel_4:1:1024051:1
shared,shared,random_actions,1,30000,1,reference,panel_4,1024052,6c884d595aa4b7ebad900aa2ba89818442c9a9808e6e5222b4aa8c6c292187da,0,1,17,0.83,0.9652000000000001,7,10,3,8,17,6,0,0.5605149705000008,0.0,0,,random_actions,random_actions:panel_4:1:1024052:0
shared,shared,random_actions,1,30000,1,reference,panel_4,1024052,6c884d595aa4b7ebad900aa2ba89818442c9a9808e6e5222b4aa8c6c292187da,1,1,5,0.95,1.0372000000000001,1,4,0,5,5,3,0,0.11671800000000021,0.0,0,,random_actions,random_actions:panel_4:1:1024052:1
shared,shared,random_actions,1,30000,1,reference,panel_4,1024053,0ae8260a6c07e217494d77367973107a3d62519a5d83da98d5bb131b932144e0,0,0,32,-0.3200000000000001,0.05640000000000013,11,21,14,8,30,10,1,1.8922150089627405,0.0,0,,random_actions,random_actions:panel_4:1:1024053:0
shared,shared,random_actions,1,30000,1,reference,panel_4,1024053,0ae8260a6c07e217494d77367973107a3d62519a5d83da98d5bb131b932144e0,1,0,32,-0.3200000000000001,0.027600000000000117,6,26,16,11,30,13,1,1.9164427454902908,0.0,0,,random_actions,random_actions:panel_4:1:1024053:1
shared,shared,random_actions,1,30000,1,reference,panel_4,1024054,47b30f88ac63c9073e7e45d4c2e98c7cba21fa5fc78be8f825414eff6c7f5904,0,0,32,-0.3200000000000001,-0.08959999999999994,5,27,19,9,31,13,1,2.053814875557002,0.0,0,,random_actions,random_actions:panel_4:1:1024054:0
shared,shared,random_actions,1,30000,1,reference,panel_4,1024054,47b30f88ac63c9073e7e45d4c2e98c7cba21fa5fc78be8f825414eff6c7f5904,1,1,30,0.7,0.9064000000000001,5,25,12,14,30,14,0,1.0230757660710017,0.0,0,,random_actions,random_actions:panel_4:1:1024054:1
shared,shared,random_actions,1,30000,1,reference,panel_4,1024055,91cbf57e8fbc361151d766599e7c2fc1bcd98447ce117744961b3b7cd4e1bf3e,0,0,32,-0.3200000000000001,-0.08119999999999993,8,24,14,11,30,11,1,2.0173056449888715,0.0,0,,random_actions,random_actions:panel_4:1:1024055:0
shared,shared,random_actions,1,30000,1,reference,panel_4,1024055,91cbf57e8fbc361151d766599e7c2fc1bcd98447ce117744961b3b7cd4e1bf3e,1,1,15,0.85,1.0096,4,11,3,9,15,7,0,0.45521211000000106,0.0,0,,random_actions,random_actions:panel_4:1:1024055:1
shared,shared,random_actions,1,30000,1,reference,panel_4,1024056,bdceafe62b8417c56d07a22c7364bca153a4830829648158d7709a89d6b6b00d,0,1,15,0.85,0.9648000000000001,1,14,7,8,15,8,0,0.49844830810000096,0.0,0,,random_actions,random_actions:panel_4:1:1024056:0
shared,shared,random_actions,1,30000,1,reference,panel_4,1024056,bdceafe62b8417c56d07a22c7364bca153a4830829648158d7709a89d6b6b00d,1,1,4,0.96,1.0448,0,4,1,4,4,3,0,0.07820900000000008,0.0,0,,random_actions,random_actions:panel_4:1:1024056:1
shared,shared,random_actions,1,30000,1,reference,panel_4,1024057,c4bf81741a19a6ec1bc689443ef5214d57568f711b31fe452cdd0a066f4cb49e,0,1,3,0.97,1.0124,2,1,0,2,3,1,0,0.07940000000000014,0.0,0,,random_actions,random_actions:panel_4:1:1024057:0
shared,shared,random_actions,1,30000,1,reference,panel_4,1024057,c4bf81741a19a6ec1bc689443ef5214d57568f711b31fe452cdd0a066f4cb49e,1,1,4,0.96,1.0048000000000001,1,3,1,3,4,2,0,0.11790900000000015,0.0,0,,random_actions,random_actions:panel_4:1:1024057:1
shared,shared,random_actions,1,30000,1,reference,panel_4,1024058,2d87a06e6dd198c62d85363017a67660a1879c4295eb2554780b002a6e467e7e,0,1,21,0.7899999999999999,0.9492000000000003,13,8,1,8,21,5,0,0.7008599491000005,0.0,0,,random_actions,random_actions:panel_4:1:1024058:0
shared,shared,random_actions,1,30000,1,reference,panel_4,1024058,2d87a06e6dd198c62d85363017a67660a1879c4295eb2554780b002a6e467e7e,1,0,32,-0.3200000000000001,-0.1608,4,28,19,10,30,13,1,2.0929185700000024,0.0,0,,random_actions,random_actions:panel_4:1:1024058:1
shared,shared,random_actions,1,30000,1,reference,panel_4,1024059,bc159f06f334d6b6c96589a329289fb3589d115b4e29ad67d8d783f071392868,0,1,22,0.7799999999999999,0.9104000000000001,8,14,5,10,22,8,0,0.7692023081000018,0.0,0,,random_actions,random_actions:panel_4:1:1024059:0
shared,shared,random_actions,1,30000,1,reference,panel_4,1024059,bc159f06f334d6b6c96589a329289fb3589d115b4e29ad67d8d783f071392868,1,0,32,-0.3200000000000001,-0.0839999999999998,13,19,8,12,28,7,1,1.9776094154864516,0.0,0,,random_actions,random_actions:panel_4:1:1024059:1
shared,shared,random_actions,1,30000,1,reference,panel_4,1024060,d942cf14224fffe603db47c81f87dd1c4ca8dd9942fb9496948eba3b59afccea,0,0,32,-0.3200000000000001,0.006000000000000116,8,24,16,9,30,12,1,1.9408749130231608,0.0,0,,random_actions,random_actions:panel_4:1:1024060:0
shared,shared,random_actions,1,30000,1,reference,panel_4,1024060,d942cf14224fffe603db47c81f87dd1c4ca8dd9942fb9496948eba3b59afccea,1,0,32,-0.3200000000000001,0.07200000000000013,14,18,11,8,28,7,1,1.8281411478134797,0.0,0,,random_actions,random_actions:panel_4:1:1024060:1
shared,shared,random_actions,1,30000,1,reference,panel_4,1024061,281d2fecab1d843e09032ae8be9bdad7b8822153585f6b5e536a19b23a315abb,0,0,32,-0.3200000000000001,0.16000000000000023,13,19,9,11,26,7,1,1.7127003384452737,0.0,0,,random_actions,random_actions:panel_4:1:1024061:0
shared,shared,random_actions,1,30000,1,reference,panel_4,1024061,281d2fecab1d843e09032ae8be9bdad7b8822153585f6b5e536a19b23a315abb,1,0,32,-0.3200000000000001,0.09160000000000013,7,25,17,9,28,11,1,1.8123010371308705,0.0,0,,random_actions,random_actions:panel_4:1:1024061:1
shared,shared,random_actions,1,30000,1,reference,panel_4,1024062,4df0881e25f49f4562d02283c3a893dca98b8a81ad3188891afa241a5957d020,0,0,32,-0.3200000000000001,0.02640000000000009,8,24,13,12,29,12,1,1.8953450735864503,0.0,0,,random_actions,random_actions:panel_4:1:1024062:0
shared,shared,random_actions,1,30000,1,reference,panel_4,1024062,4df0881e25f49f4562d02283c3a893dca98b8a81ad3188891afa241a5957d020,1,1,27,0.73,1.0368000000000002,6,21,10,12,27,13,0,0.8078907883381611,0.0,0,,random_actions,random_actions:panel_4:1:1024062:1
shared,shared,random_actions,1,30000,1,reference,panel_4,1024063,8d399f6f1f1ba74221729f6b912896a44761acaf4c270493d5263c0c9c857550,0,1,3,0.97,1.0536,1,2,0,3,3,2,0,0.038509000000000126,0.0,0,,random_actions,random_actions:panel_4:1:1024063:0
shared,shared,random_actions,1,30000,1,reference,panel_4,1024063,8d399f6f1f1ba74221729f6b912896a44761acaf4c270493d5263c0c9c857550,1,0,32,-0.3200000000000001,-0.15839999999999999,8,24,16,9,29,10,1,2.065846840000002,0.0,0,,random_actions,random_actions:panel_4:1:1024063:1
shared,shared,random_actions,2,30000,1,reference,panel_4,1024000,0ec72beefc19c087f705de097aa5867814dab453d9d44b0f26d302c20da409c2,0,1,17,0.83,0.9496,5,12,7,6,17,7,0,0.5754316500000012,0.0,0,,random_actions,random_actions:panel_4:2:1024000:0
shared,shared,random_actions,2,30000,1,reference,panel_4,1024000,0ec72beefc19c087f705de097aa5867814dab453d9d44b0f26d302c20da409c2,1,0,32,-0.3200000000000001,-0.15359999999999996,8,24,16,9,29,10,1,2.061260418100002,0.0,0,,random_actions,random_actions:panel_4:2:1024000:1
shared,shared,random_actions,2,30000,1,reference,panel_4,1024001,33c3c47ee3acc63cad5c086e1f9e987973b47c11335e1ae5e0f4aa25f866b4ce,0,0,32,-0.3200000000000001,-0.09239999999999982,14,18,13,6,28,7,1,1.9816619788420007,0.0,0,,random_actions,random_actions:panel_4:2:1024001:0
shared,shared,random_actions,2,30000,1,reference,panel_4,1024001,33c3c47ee3acc63cad5c086e1f9e987973b47c11335e1ae5e0f4aa25f866b4ce,1,1,31,0.69,0.8756000000000002,11,20,11,10,31,11,0,1.0838820801140017,0.0,0,,random_actions,random_actions:panel_4:2:1024001:1
shared,shared,random_actions,2,30000,1,reference,panel_4,1024002,2e8485cf00f810187d16d21cc45df1087919a63aa579f08f6eb54c030fe69ada,0,0,32,-0.3200000000000001,-0.13319999999999987,22,10,4,7,31,5,1,2.0949022895482927,0.0,0,,random_actions,random_actions:panel_4:2:1024002:0
shared,shared,random_actions,2,30000,1,reference,panel_4,1024002,2e8485cf00f810187d16d21cc45df1087919a63aa579f08f6eb54c030fe69ada,1,1,19,0.8099999999999999,0.9464,5,14,7,8,19,8,0,0.6409977407570014,0.0,0,,random_actions,random_actions:panel_4:2:1024002:1
shared,shared,random_actions,2,30000,1,reference,panel_4,1024003,f9b5c669a9b4b0c7e71b2ffeb73c97ef4fdeafd843ff5ea6275c7040cbca2bd6,0,1,13,0.87,1.1132,0,13,7,7,13,9,0,0.2968964434772905,0.0,0,,random_actions,random_actions:panel_4:2:1024003:0
shared,shared,random_actions,2,30000,1,reference,panel_4,1024003,f9b5c669a9b4b0c7e71b2ffeb73c97ef4fdeafd843ff5ea6275c7040cbca2bd6,1,1,19,0.8099999999999999,1.0628,4,15,8,8,19,10,0,0.532542097214001,0.0,0,,random_actions,random_actions:panel_4:2:1024003:1
shared,shared,random_actions,2,30000,1,reference,panel_4,1024004,87da26312ac9c3bb9592d1128a16e8f0e12086080b6bc492396693fbb106e894,0,0,32,-0.3200000000000001,-0.10719999999999985,13,19,13,7,28,6,1,2.0017827957903203,0.0,0,,random_actions,random_actions:panel_4:2:1024004:0
shared,shared,random_actions,2,30000,1,reference,panel_4,1024004,87da26312ac9c3bb9592d1128a16e8f0e12086080b6bc492396693fbb106e894,1,1,3,0.97,1.0136,0,3,1,3,3,2,0,0.07820900000000008,0.0,0,,random_actions,random_actions:panel_4:2:1024004:1
shared,shared,random_actions,2,30000,1,reference,panel_4,1024005,20c31eb929edad6f6b05951530a37dd23864b782ed4f8795d73e06b6f31c5b49,0,0,32,-0.3200000000000001,-0.12719999999999987,12,20,15,6,29,8,1,2.038459534171002,0.0,0,,random_actions,random_actions:panel_4:2:1024005:0
shared,shared,random_actions,2,30000,1,reference,panel_4,1024005,20c31eb929edad6f6b05951530a37dd23864b782ed4f8795d73e06b6f31c5b49,1,1,2,0.98,1.0612,0,2,0,3,2,2,0,0.0,0.0,0,,random_actions,random_actions:panel_4:2:1024005:1
shared,shared,random_actions,2,30000,1,reference,panel_4,1024006,dea6494f5b2506468eedb4a7fa4e848750a2e35c8957434f7956a5cddce98edc,0,1,5,0.95,1.0384,1,4,1,4,5,3,0,0.11556273000000028,0.0,0,,random_actions,random_actions:panel_4:2:1024006:0
shared,shared,random_actions,2,30000,1,reference,panel_4,1024006,dea6494f5b2506468eedb4a7fa4e848750a2e35c8957434f7956a5cddce98edc,1,1,23,0.7699999999999999,0.9004000000000001,5,18,7,12,23,10,0,0.8100933081000016,0.0,0,,random_actions,random_actions:panel_4:2:1024006:1
shared,shared,random_actions,2,30000,1,reference,panel_4,1024007,161ce41f7f56d7cc69bfe3b306eab46ba2b0f7314231ec980e53b9a62d8cd756,0,1,5,0.95,1.0772,0,5,0,6,5,4,0,0.07820900000000008,0.0,0,,random_actions,random_actions:panel_4:2:1024007:0
shared,shared,random_actions,2,30000,1,reference,panel_4,1024007,161ce41f7f56d7cc69bfe3b306eab46ba2b0f7314231ec980e53b9a62d8cd756,1,0,32,-0.3200000000000001,-0.042800000000000005,24,8,3,6,28,3,1,1.934385602655003,0.0,0,,random_actions,random_actions:panel_4:2:1024007:1
shared,shared,random_actions,2,30000,1,reference,panel_4,1024008,f26d95b8d41921ac1311725af53d1cbde0e27e9c52d6b51235ee49d11137d946,0,0,32,-0.3200000000000001,0.051600000000000146,13,19,14,6,29,8,1,1.8727858209284511,0.0,0,,random_actions,random_actions:panel_4:2:1024008:0
shared,shared,random_actions,2,30000,1,reference,panel_4,1024008,f26d95b8d41921ac1311725af53d1cbde0e27e9c52d6b51235ee49d11137d946,1,0,32,-0.3200000000000001,0.06840000000000018,9,23,14,10,27,9,1,1.815946682675393,0.0,0,,random_actions,random_actions:panel_4:2:1024008:1
shared,shared,random_actions,2,30000,1,reference,panel_4,1024009,2f3425ef2382f5dda648e6705ec897e9a5a923446072f26b581bdc56b38af7b0,0,1,9,0.91,0.9608,6,3,0,4,9,2,0,0.3164090000000005,0.0,0,,random_actions,random_actions:panel_4:2:1024009:0
shared,shared,random_actions,2,30000,1,reference,panel_4,1024009,2f3425ef2382f5dda648e6705ec897e9a5a923446072f26b581bdc56b38af7b0,1,1,4,0.96,1.0036,3,1,0,2,4,1,0,0.1191000000000002,0.0,0,,random_actions,random_actions:panel_4:2:1024009:1
shared,shared,random_actions,2,30000,1,reference,panel_4,1024010,a6ffcdb095541f533a340381de1a06cbcab77b35637b9e686346d44cffefbabb,0,0,32,-0.3200000000000001,0.11200000000000021,8,24,12,13,27,10,1,1.78159195459803,0.0,0,,random_actions,random_actions:panel_4:2:1024010:0
shared,shared,random_actions,2,30000,1,reference,panel_4,1024010,a6ffcdb095541f533a340381de1a06cbcab77b35637b9e686346d44cffefbabb,1,0,32,-0.3200000000000001,0.06160000000000013,13,19,9,11,30,10,1,1.8907731642308718,0.0,0,,random_actions,random_actions:panel_4:2:1024010:1
shared,shared,random_actions,2,30000,1,reference,panel_4,1024011,6beec53b5043cecc0e773781c602bcb4056626f1970e1235cfca714383c455c7,0,1,7,0.9299999999999999,0.982,4,3,1,3,7,2,0,0.23343600000000053,0.0,0,,random_actions,random_actions:panel_4:2:1024011:0
shared,shared,random_actions,2,30000,1,reference,panel_4,1024011,6beec53b5043cecc0e773781c602bcb4056626f1970e1235cfca714383c455c7,1,1,3,0.97,1.0136,0,3,1,3,3,2,0,0.07820900000000008,0.0,0,,random_actions,random_actions:panel_4:2:1024011:1
shared,shared,random_actions,2,30000,1,reference,panel_4,1024012,bbbb38e081d4189e3db867676bfe121b44cb75a2e394f669d033e3fca50afc09,0,1,27,0.73,1.1712000000000002,9,18,5,14,27,13,0,0.6941051442235361,0.0,0,,random_actions,random_actions:panel_4:2:1024012:0
shared,shared,random_actions,2,30000,1,reference,panel_4,1024012,bbbb38e081d4189e3db867676bfe121b44cb75a2e394f669d033e3fca50afc09,1,0,32,-0.3200000000000001,0.3192000000000003,9,23,16,8,25,8,1,1.5646515632583042,0.0,0,,random_actions,random_actions:panel_4:2:1024012:1
shared,shared,random_actions,2,30000,1,reference,panel_4,1024013,cc33f33b5c2460fce87383bae81365a9f21fbc9763df621510642a38dc0babf1,0,1,12,0.88,1.0348,1,11,3,9,12,7,0,0.3375468207570006,0.0,0,,random_actions,random_actions:panel_4:2:1024013:0
shared,shared,random_actions,2,30000,1,reference,panel_4,1024013,cc33f33b5c2460fce87383bae81365a9f21fbc9763df621510642a38dc0babf1,1,0,32,-0.3200000000000001,-0.06199999999999989,9,23,17,7,29,10,1,1.9761993363115813,0.0,0,,random_actions,random_actions:panel_4:2:1024013:1
shared,shared,random_actions,2,30000,1,reference,panel_4,1024014,a29f88d1d956cd1f81a9fdf093144d4a8597d31f93c59e2e6078ccb460432ac6,0,0,32,-0.3200000000000001,0.13960000000000017,8,24,15,10,27,10,1,1.7476709543680289,0.0,0,,random_actions,random_actions:panel_4:2:1024014:0
shared,shared,random_actions,2,30000,1,reference,panel_4,1024014,a29f88d1d956cd1f81a9fdf093144d4a8597d31f93c59e2e6078ccb460432ac6,1,0,32,-0.3200000000000001,0.09040000000000012,17,15,8,8,28,7,1,1.809007446695582,0.0,0,,random_actions,random_actions:panel_4:2:1024014:1
shared,shared,random_actions,2,30000,1,reference,panel_4,1024015,cbd6f517ecac8308d56b06b81f3f115362e986ea6280190cc42eb54be5bd2d91,0,0,32,-0.3200000000000001,0.09480000000000016,16,16,7,10,28,7,1,1.8135310840930308,0.0,0,,random_actions,random_actions:panel_4:2:1024015:0
shared,shared,random_actions,2,30000,1,reference,panel_4,1024015,cbd6f517ecac8308d56b06b81f3f115362e986ea6280190cc42eb54be5bd2d91,1,0,32,-0.3200000000000001,0.07920000000000013,5,27,18,10,29,12,1,1.8504401864967264,0.0,0,,random_actions,random_actions:panel_4:2:1024015:1
shared,shared,random_actions,2,30000,1,reference,panel_4,1024016,ae8a3aff9d86276b5e72ff14d3245c6dcc712524241668019370cb3345a87e87,0,0,32,-0.3200000000000001,0.04080000000000013,9,23,10,14,30,11,1,1.9073161558937843,0.0,0,,random_actions,random_actions:panel_4:2:1024016:0
shared,shared,random_actions,2,30000,1,reference,panel_4,1024016,ae8a3aff9d86276b5e72ff14d3245c6dcc712524241668019370cb3345a87e87,1,0,32,-0.3200000000000001,0.07920000000000016,13,19,14,6,28,8,1,1.8279770902313213,0.0,0,,random_actions,random_actions:panel_4:2:1024016:1
shared,shared,random_actions,2,30000,1,reference,panel_4,1024017,88ee24283d18ee5e3aa469c799306a3cd176108b17e4aab8cd3c0ea1817c05c5,0,1,32,0.6799999999999999,0.8476,10,22,11,12,32,12,0,1.1416189962000025,0.0,0,,random_actions,random_actions:panel_4:2:1024017:0
shared,shared,random_actions,2,30000,1,reference,panel_4,1024017,88ee24283d18ee5e3aa469c799306a3cd176108b17e4aab8cd3c0ea1817c05c5,1,1,7,0.9299999999999999,1.022,3,4,1,4,7,3,0,0.19373600000000046,0.0,0,,random_actions,random_actions:panel_4:2:1024017:1
shared,shared,random_actions,2,30000,1,reference,panel_4,1024018,b99688c3764d4a21edbb58ca478a905413d4384b7b09aefc3b3c664487cedc97,0,1,15,0.85,1.0652000000000001,7,8,3,6,15,6,0,0.4030467467000003,0.0,0,,random_actions,random_actions:panel_4:2:1024018:0
shared,shared,random_actions,2,30000,1,reference,panel_4,1024018,b99688c3764d4a21edbb58ca478a905413d4384b7b09aefc3b3c664487cedc97,1,0,32,-0.3200000000000001,-0.05799999999999993,10,22,17,6,31,12,1,2.0231501267000023,0.0,0,,random_actions,random_actions:panel_4:2:1024018:1
shared,shared,random_actions,2,30000,1,reference,panel_4,1024019,0d13bd6580589d46a1f2bbb6fc2ceb597af5c8eafdb69b64a4cf9e1a17351caf,0,1,8,0.9199999999999999,0.972,3,5,1,5,8,3,0,0.27432700000000043,0.0,0,,random_actions,random_actions:panel_4:2:1024019:0
shared,shared,random_actions,2,30000,1,reference,panel_4,1024019,0d13bd6580589d46a1f2bbb6fc2ceb597af5c8eafdb69b64a4cf9e1a17351caf,1,0,32,-0.3200000000000001,-0.18999999999999995,11,21,15,7,32,10,1,2.179148160500002,0.0,0,,random_actions,random_actions:panel_4:2:1024019:1
shared,shared,random_actions,2,30000,1,reference,panel_4,1024020,8c5c98d8c36441c50f5d216fe4b0a356cd2a669803cd660591a7fdf60d22030f,0,0,32,-0.3200000000000001,0.012800000000000145,4,28,17,12,28,12,1,1.8849353963081608,0.0,0,,random_actions,random_actions:panel_4:2:1024020:0
shared,shared,random_actions,2,30000,1,reference,panel_4,1024020,8c5c98d8c36441c50f5d216fe4b0a356cd2a669803cd660591a7fdf60d22030f,1,0,32,-0.3200000000000001,-0.017199999999999882,5,27,18,10,27,10,1,1.8826685284052909,0.0,0,,random_actions,random_actions:panel_4:2:1024020:1
shared,shared,random_actions,2,30000,1,reference,panel_4,1024021,dc4a55a0c2418d7600b9fb6693346a903fed14cbc47a9683b42788f686219aed,0,0,32,-0.3200000000000001,-0.021999999999999867,13,19,13,7,31,10,1,1.9895181887270026,0.0,0,,random_actions,random_actions:panel_4:2:1024021:0
shared,shared,random_actions,2,30000,1,reference,panel_4,1024021,dc4a55a0c2418d7600b9fb6693346a903fed14cbc47a9683b42788f686219aed,1,0,32,-0.3200000000000001,-0.027999999999999872,12,20,17,4,30,10,1,1.9681636964420013,0.0,0,,random_actions,random_actions:panel_4:2:1024021:1
shared,shared,random_actions,2,30000,1,reference,panel_4,1024022,23e1ea082e9f29ff483f2c98d100120d0573b87e0d656c052e9938b745e4a105,0,0,32,-0.3200000000000001,0.08920000000000014,12,20,12,9,29,10,1,1.8368788614043927,0.0,0,,random_actions,random_actions:panel_4:2:1024022:0
shared,shared,random_actions,2,30000,1,reference,panel_4,1024022,23e1ea082e9f29ff483f2c98d100120d0573b87e0d656c052e9938b745e4a105,1,1,16,0.84,1.1460000000000001,2,14,5,10,16,10,0,0.3627999447299718,0.0,0,,random_actions,random_actions:panel_4:2:1024022:1
shared,shared,random_actions,2,30000,1,reference,panel_4,1024023,f36b7b047ee5e293361909fe8c9d7e247bbbedcc171021fa56272d7f912215d5,0,0,32,-0.3200000000000001,0.03320000000000009,13,19,14,6,28,9,1,1.8643416561071904,0.0,0,,random_actions,random_actions:panel_4:2:1024023:0
shared,shared,random_actions,2,30000,1,reference,panel_4,1024023,f36b7b047ee5e293361909fe8c9d7e247bbbedcc171021fa56272d7f912215d5,1,0,32,-0.3200000000000001,-0.027999999999999886,3,29,19,11,29,13,1,1.9422136502420015,0.0,0,,random_actions,random_actions:panel_4:2:1024023:1
shared,shared,random_actions,2,30000,1,reference,panel_4,1024024,3507f5677d19b816c8acc81f7f3d72c49eaf2e970da8d850e3d7a6c21a7da1b9,0,0,32,-0.3200000000000001,0.004400000000000126,9,23,16,8,29,10,1,1.91488899066761,0.0,0,,random_actions,random_actions:panel_4:2:1024024:0
shared,shared,random_actions,2,30000,1,reference,panel_4,1024024,3507f5677d19b816c8acc81f7f3d72c49eaf2e970da8d850e3d7a6c21a7da1b9,1,0,32,-0.3200000000000001,-0.037599999999999904,12,20,8,13,32,11,1,2.0331358285318717,0.0,0,,random_actions,random_actions:panel_4:2:1024024:1
shared,shared,random_actions,2,30000,1,reference,panel_4,1024025,61372c61f8cbf8daed63dbca93c072bbd5b3a86c36f4d92917ff25a6ea1ba6d7,0,1,25,0.7499999999999999,0.954,8,17,9,9,25,10,0,0.8210049098710022,0.0,0,,random_actions,random_actions:panel_4:2:1024025:0
shared,shared,random_actions,2,30000,1,reference,panel_4,1024025,61372c61f8cbf8daed63dbca93c072bbd5b3a86c36f4d92917ff25a6ea1ba6d7,1,0,32,-0.3200000000000001,-0.017599999999999866,15,17,10,8,29,7,1,1.9367222146603211,0.0,0,,random_actions,random_actions:panel_4:2:1024025:1
shared,shared,random_actions,2,30000,1,reference,panel_4,1024026,016222828d97db9a9e1602aec440b8671e6f98a5ec7d18511200240368ffbaf3,0,0,32,-0.3200000000000001,0.30880000000000024,9,23,17,7,26,9,1,1.5892075002267934,0.0,0,,random_actions,random_actions:panel_4:2:1024026:0
shared,shared,random_actions,2,30000,1,reference,panel_4,1024026,016222828d97db9a9e1602aec440b8671e6f98a5ec7d18511200240368ffbaf3,1,0,32,-0.3200000000000001,0.34840000000000027,21,11,8,4,24,3,1,1.5109568738476047,0.0,0,,random_actions,random_actions:panel_4:2:1024026:1
shared,shared,random_actions,2,30000,1,reference,panel_4,1024027,32e81df3a968d5b8ba593b4b9437a16a2571774f78a6da899131d0ba12507cd3,0,0,32,-0.3200000000000001,-0.05719999999999982,6,26,16,11,27,9,1,1.916177675806741,0.0,0,,random_actions,random_actions:panel_4:2:1024027:0
shared,shared,random_actions,2,30000,1,reference,panel_4,1024027,32e81df3a968d5b8ba593b4b9437a16a2571774f78a6da899131d0ba12507cd3,1,1,27,0.73,0.9232,2,25,15,11,27,14,0,0.912839806200002,0.0,0,,random_actions,random_actions:panel_4:2:1024027:1
shared,shared,random_actions,2,30000,1,reference,panel_4,1024028,997927921afd5062ab5e78dc6e7c9184cb1fce52f787b0418da3912a7611d572,0,0,32,-0.3200000000000001,-0.061999999999999875,9,23,17,7,29,10,1,1.9737573797280008,0.0,0,,random_actions,random_actions:panel_4:2:1024028:0
shared,shared,random_actions,2,30000,1,reference,panel_4,1024028,997927921afd5062ab5e78dc6e7c9184cb1fce52f787b0418da3912a7611d572,1,0,32,-0.3200000000000001,-0.04759999999999984,9,23,15,9,28,9,1,1.9399908361825813,0.0,0,,random_actions,random_actions:panel_4:2:1024028:1
shared,shared,random_actions,2,30000,1,reference,panel_4,1024029,d9551c453fbbc96529eae2842d0be14e10b27259f6b9a8a4aec498a603dcb5f1,0,0,32,-0.3200000000000001,-0.015599999999999836,7,25,11,15,25,6,1,1.8502583859097526,0.0,0,,random_actions,random_actions:panel_4:2:1024029:0
shared,shared,random_actions,2,30000,1,reference,panel_4,1024029,d9551c453fbbc96529eae2842d0be14e10b27259f6b9a8a4aec498a603dcb5f1,1,1,6,0.94,1.0296,2,4,2,3,6,3,0,0.15522700000000034,0.0,0,,random_actions,random_actions:panel_4:2:1024029:1
shared,shared,random_actions,2,30000,1,reference,panel_4,1024030,0e0ad4ec4f7bce8f6b830ed1f72860d4934236bd2f134212e6b9eaed67d7de41,0,1,29,0.71,0.9768000000000001,11,18,8,11,29,11,0,0.9254298294850015,0.0,0,,random_actions,random_actions:panel_4:2:1024030:0
shared,shared,random_actions,2,30000,1,reference,panel_4,1024030,0e0ad4ec4f7bce8f6b830ed1f72860d4934236bd2f134212e6b9eaed67d7de41,1,0,32,-0.3200000000000001,-0.018399999999999805,13,19,14,6,29,9,1,1.9341603464420012,0.0,0,,random_actions,random_actions:panel_4:2:1024030:1
shared,shared,random_actions,2,30000,1,reference,panel_4,1024031,4b22eee42a8aa7221112c135ee83818c22b5b60045124f832486ff9fea6f4809,0,0,32,-0.3200000000000001,0.024000000000000105,10,22,14,9,29,10,1,1.8981688274560011,0.0,0,,random_actions,random_actions:panel_4:2:1024031:0
shared,shared,random_actions,2,30000,1,reference,panel_4,1024031,4b22eee42a8aa7221112c135ee83818c22b5b60045124f832486ff9fea6f4809,1,1,31,0.69,0.9596,6,25,14,12,31,15,0,1.006105190000002,0.0,0,,random_actions,random_actions:panel_4:2:1024031:1
shared,shared,random_actions,2,30000,1,reference,panel_4,1024032,e9fd522e2a6b68d2de946a49eb4ea12092a76c5dca08eb456fd26cc8d601b730,0,0,32,-0.3200000000000001,-0.14199999999999996,12,20,13,8,28,8,1,2.0304298085990022,0.0,0,,random_actions,random_actions:panel_4:2:1024032:0
shared,shared,random_actions,2,30000,1,reference,panel_4,1024032,e9fd522e2a6b68d2de946a49eb4ea12092a76c5dca08eb456fd26cc8d601b730,1,0,32,-0.3200000000000001,-0.1768,12,20,12,9,30,9,1,2.1110780344280022,0.0,0,,random_actions,random_actions:panel_4:2:1024032:1
shared,shared,random_actions,2,30000,1,reference,panel_4,1024033,966533326cc6efdefb4d59f3d611d2c7e2d9b8cf052109c01d0feeba80889f59,0,0,32,-0.3200000000000001,0.07960000000000009,15,17,8,10,30,9,1,1.8747960790106535,0.0,0,,random_actions,random_actions:panel_4:2:1024033:0
shared,shared,random_actions,2,30000,1,reference,panel_4,1024033,966533326cc6efdefb4d59f3d611d2c7e2d9b8cf052109c01d0feeba80889f59,1,0,32,-0.3200000000000001,0.15520000000000023,17,15,12,4,26,5,1,1.706093118848726,0.0,0,,random_actions,random_actions:panel_4:2:1024033:1
shared,shared,random_actions,2,30000,1,reference,panel_4,1024034,e785a3e2977b94cd73b229c650c1da936e2b3583b9eea3a1746a9f03a2531c18,0,1,5,0.95,0.9948,4,1,0,2,5,1,0,0.15880000000000027,0.0,0,,random_actions,random_actions:panel_4:2:1024034:0
shared,shared,random_actions,2,30000,1,reference,panel_4,1024034,e785a3e2977b94cd73b229c650c1da936e2b3583b9eea3a1746a9f03a2531c18,1,1,16,0.84,0.898,15,1,0,2,16,1,0,0.595500000000001,0.0,0,,random_actions,random_actions:panel_4:2:1024034:1
shared,shared,random_actions,2,30000,1,reference,panel_4,1024035,88ca303f980b963ee3ca01ba4d4dd6d47012ed0c36ac174a58b84d04b1cc6c39,0,0,32,-0.3200000000000001,-0.0027999999999998304,12,20,13,8,28,8,1,1.8952636368067397,0.0,0,,random_actions,random_actions:panel_4:2:1024035:0
shared,shared,random_actions,2,30000,1,reference,panel_4,1024035,88ca303f980b963ee3ca01ba4d4dd6d47012ed0c36ac174a58b84d04b1cc6c39,1,1,17,0.83,1.0632000000000001,3,14,8,7,17,9,0,0.4679050678420007,0.0,0,,random_actions,random_actions:panel_4:2:1024035:1
shared,shared,random_actions,2,30000,1,reference,panel_4,1024036,97a93f4eb5a88bd8d7c4fe8c993e5a8de728151366a0b205c96a912eba677e5d,0,0,32,-0.3200000000000001,-0.08599999999999991,4,28,19,10,28,11,1,1.9726428439140014,0.0,0,,random_actions,random_actions:panel_4:2:1024036:0
shared,shared,random_actions,2,30000,1,reference,panel_4,1024036,97a93f4eb5a88bd8d7c4fe8c993e5a8de728151366a0b205c96a912eba677e5d,1,1,16,0.84,1.0116,5,11,4,8,16,7,0,0.48454719430000104,0.0,0,,random_actions,random_actions:panel_4:2:1024036:1
shared,shared,random_actions,2,30000,1,reference,panel_4,1024037,c30ab322bd97379c3f68b43142d37b0b101b9115ff6da8f234b41ddf526e3dc4,0,0,32,-0.3200000000000001,0.06960000000000016,10,22,13,10,28,9,1,1.827150027100973,0.0,0,,random_actions,random_actions:panel_4:2:1024037:0
shared,shared,random_actions,2,30000,1,reference,panel_4,1024037,c30ab322bd97379c3f68b43142d37b0b101b9115ff6da8f234b41ddf526e3dc4,1,0,32,-0.3200000000000001,0.10200000000000017,7,25,15,11,26,9,1,1.7603803397067672,0.0,0,,random_actions,random_actions:panel_4:2:1024037:1
shared,shared,random_actions,2,30000,1,reference,panel_4,1024038,3c9f50369df2081cb4c643c77fa9c741b43facc89e9b05e35aaa5fd28a3121c1,0,1,27,0.73,1.0188000000000001,12,15,6,10,27,10,0,0.8245106731570016,0.0,0,,random_actions,random_actions:panel_4:2:1024038:0
shared,shared,random_actions,2,30000,1,reference,panel_4,1024038,3c9f50369df2081cb4c643c77fa9c741b43facc89e9b05e35aaa5fd28a3121c1,1,0,32,-0.3200000000000001,0.05760000000000021,11,21,15,7,28,10,1,1.8412493721609144,0.0,0,,random_actions,random_actions:panel_4:2:1024038:1
shared,shared,random_actions,2,30000,1,reference,panel_4,1024039,8ac7eec7bbedd33d58b4c9bdb0ebaea2c0fe3cfe805475c8ead103d9fdf88512,0,0,32,-0.3200000000000001,0.038400000000000115,17,15,11,5,30,8,1,1.9097128346675811,0.0,0,,random_actions,random_actions:panel_4:2:1024039:0
shared,shared,random_actions,2,30000,1,reference,panel_4,1024039,8ac7eec7bbedd33d58b4c9bdb0ebaea2c0fe3cfe805475c8ead103d9fdf88512,1,0,32,-0.3200000000000001,0.09240000000000015,18,14,7,8,26,5,1,1.7727827090300443,0.0,0,,random_actions,random_actions:panel_4:2:1024039:1
shared,shared,random_actions,2,30000,1,reference,panel_4,1024040,fceed3cc7b485f213290abec79c1fa7510388d58d32caea45f0af59457d545c9,0,1,9,0.91,0.9716,0,9,5,5,9,5,0,0.30586757810000054,0.0,0,,random_actions,random_actions:panel_4:2:1024040:0
shared,shared,random_actions,2,30000,1,reference,panel_4,1024040,fceed3cc7b485f213290abec79c1fa7510388d58d32caea45f0af59457d545c9,1,0,32,-0.3200000000000001,-0.14079999999999998,7,25,15,11,26,7,1,1.9826923685835813,0.0,0,,random_actions,random_actions:panel_4:2:1024040:1
shared,shared,random_actions,2,30000,1,reference,panel_4,1024041,6ae23ec82e5cb4c750e93c2d329f3812f8febcccff7aa4495240cb6119776c59,0,1,21,0.7899999999999999,0.9108,15,6,4,3,21,4,0,0.7376260000000019,0.0,0,,random_actions,random_actions:panel_4:2:1024041:0
shared,shared,random_actions,2,30000,1,reference,panel_4,1024041,6ae23ec82e5cb4c750e93c2d329f3812f8febcccff7aa4495240cb6119776c59,1,1,32,0.6799999999999999,0.8272000000000002,26,6,4,3,32,4,0,1.1612250000000033,0.0,0,,random_actions,random_actions:panel_4:2:1024041:1
shared,shared,random_actions,2,30000,1,reference,panel_4,1024042,365efcdfa26bcae4707c99a33a71e6dafa4fcf6c9f173b487e8ccb29977dfc57,0,1,12,0.88,0.9864,0,12,6,7,12,7,0,0.3840061900000008,0.0,0,,random_actions,random_actions:panel_4:2:1024042:0
shared,shared,random_actions,2,30000,1,reference,panel_4,1024042,365efcdfa26bcae4707c99a33a71e6dafa4fcf6c9f173b487e8ccb29977dfc57,1,1,2,0.98,1.0612,0,2,0,3,2,2,0,0.0,0.0,0,,random_actions,random_actions:panel_4:2:1024042:1
shared,shared,random_actions,2,30000,1,reference,panel_4,1024043,dd97b490568402bd62664c9510ee46986699c20a14349b8d7b755b7007706fc6,0,0,32,-0.3200000000000001,-0.18519999999999992,11,21,13,9,31,10,1,2.1457863248000013,0.0,0,,random_actions,random_actions:panel_4:2:1024043:0
shared,shared,random_actions,2,30000,1,reference,panel_4,1024043,dd97b490568402bd62664c9510ee46986699c20a14349b8d7b755b7007706fc6,1,1,4,0.96,1.0048,1,3,1,3,4,2,0,0.11790900000000015,0.0,0,,random_actions,random_actions:panel_4:2:1024043:1
shared,shared,random_actions,2,30000,1,reference,panel_4,1024044,16fa7310d0abc09dfd4f1fea6559638b914f745289586d5176456b746ae92cd3,0,1,12,0.88,1.0736,4,8,2,7,12,6,0,0.30114038000000076,0.0,0,,random_actions,random_actions:panel_4:2:1024044:0
shared,shared,random_actions,2,30000,1,reference,panel_4,1024044,16fa7310d0abc09dfd4f1fea6559638b914f745289586d5176456b746ae92cd3,1,0,32,-0.3200000000000001,-0.05679999999999989,13,19,11,9,30,9,1,1.9938746924000024,0.0,0,,random_actions,random_actions:panel_4:2:1024044:1
shared,shared,random_actions,2,30000,1,reference,panel_4,1024045,6f39d51d0c46f7a64825666deb85f65925f640996d287d86870460c06786e2a9,0,0,32,-0.3200000000000001,-0.05079999999999992,16,16,12,5,32,9,1,2.045200797200001,0.0,0,,random_actions,random_actions:panel_4:2:1024045:0
shared,shared,random_actions,2,30000,1,reference,panel_4,1024045,6f39d51d0c46f7a64825666deb85f65925f640996d287d86870460c06786e2a9,1,1,24,0.7599999999999999,1.0052,16,8,3,6,24,6,0,0.7416101729000008,0.0,0,,random_actions,random_actions:panel_4:2:1024045:1
shared,shared,random_actions,2,30000,1,reference,panel_4,1024046,c98dc1fcb427d86cdac50c8b51bfe8fe2099e16ae510ac505507e757b67fc349,0,0,32,-0.3200000000000001,-0.025599999999999887,7,25,13,13,30,13,1,1.9663648366965816,0.0,0,,random_actions,random_actions:panel_4:2:1024046:0
shared,shared,random_actions,2,30000,1,reference,panel_4,1024046,c98dc1fcb427d86cdac50c8b51bfe8fe2099e16ae510ac505507e757b67fc349,1,0,32,-0.3200000000000001,0.024800000000000183,8,24,18,7,28,9,1,1.8740267685753196,0.0,0,,random_actions,random_actions:panel_4:2:1024046:1
shared,shared,random_actions,2,30000,1,reference,panel_4,1024047,1d668ad476e636b19e81b53fe9162d960fe388bf5b3e36abb5dfc03813b3a455,0,1,23,0.7699999999999999,0.9960000000000001,3,20,10,11,23,12,0,0.7192771288570015,0.0,0,,random_actions,random_actions:panel_4:2:1024047:0
shared,shared,random_actions,2,30000,1,reference,panel_4,1024047,1d668ad476e636b19e81b53fe9162d960fe388bf5b3e36abb5dfc03813b3a455,1,1,20,0.7999999999999999,1.0584,4,16,7,10,20,10,0,0.56691625282945,0.0,0,,random_actions,random_actions:panel_4:2:1024047:1
shared,shared,random_actions,2,30000,1,reference,panel_4,1024048,af865bdab0e5d49d37545204d3f4c7aebea47aba133db2e07a3d4c769d1ee0cb,0,0,32,-0.3200000000000001,0.03320000000000012,18,14,9,6,28,6,1,1.8643742659134797,0.0,0,,random_actions,random_actions:panel_4:2:1024048:0
shared,shared,random_actions,2,30000,1,reference,panel_4,1024048,af865bdab0e5d49d37545204d3f4c7aebea47aba133db2e07a3d4c769d1ee0cb,1,1,21,0.7899999999999999,1.0232,3,18,8,11,21,11,0,0.6308776077140011,0.0,0,,random_actions,random_actions:panel_4:2:1024048:1
shared,shared,random_actions,2,30000,1,reference,panel_4,1024049,3cb75e9e2b6b66eb89e13b194f75acc65958b50b30bcd5d13e43ec3ac998f91c,0,1,17,0.83,1.004,4,13,5,9,17,8,0,0.5232999050570007,0.0,0,,random_actions,random_actions:panel_4:2:1024049:0
shared,shared,random_actions,2,30000,1,reference,panel_4,1024049,3cb75e9e2b6b66eb89e13b194f75acc65958b50b30bcd5d13e43ec3ac998f91c,1,0,32,-0.3200000000000001,-0.09919999999999998,12,20,10,11,30,9,1,2.0358863043000026,0.0,0,,random_actions,random_actions:panel_4:2:1024049:1
shared,shared,random_actions,2,30000,1,reference,panel_4,1024050,18718767728bf07693746a952f4b8e9534d5aac47c5b2edc7e19fc5c9c241898,0,0,32,-0.3200000000000001,-0.02199999999999988,9,23,18,6,30,11,1,1.9647325445420012,0.0,0,,random_actions,random_actions:panel_4:2:1024050:0
shared,shared,random_actions,2,30000,1,reference,panel_4,1024050,18718767728bf07693746a952f4b8e9534d5aac47c5b2edc7e19fc5c9c241898,1,1,12,0.88,1.0688,6,6,1,6,12,5,0,0.3061123607570003,0.0,0,,random_actions,random_actions:panel_4:2:1024050:1
shared,shared,random_actions,2,30000,1,reference,panel_4,1024051,76c95411cd2e3197921d1658bb777ba7c7aa506e31b33ac1e94fdb41f3cc10d6,0,0,32,-0.3200000000000001,-0.01639999999999986,13,19,14,6,27,7,1,1.8903229404101318,0.0,0,,random_actions,random_actions:panel_4:2:1024051:0
shared,shared,random_actions,2,30000,1,reference,panel_4,1024051,76c95411cd2e3197921d1658bb777ba7c7aa506e31b33ac1e94fdb41f3cc10d6,1,1,3,0.97,1.0936,0,3,0,4,3,3,0,0.0,0.0,0,,random_actions,random_actions:panel_4:2:1024051:1
shared,shared,random_actions,2,30000,1,reference,panel_4,1024052,6c884d595aa4b7ebad900aa2ba89818442c9a9808e6e5222b4aa8c6c292187da,0,0,32,-0.3200000000000001,-0.12599999999999978,19,13,9,5,29,5,1,2.0360481391000014,0.0,0,,random_actions,random_actions:panel_4:2:1024052:0
shared,shared,random_actions,2,30000,1,reference,panel_4,1024052,6c884d595aa4b7ebad900aa2ba89818442c9a9808e6e5222b4aa8c6c292187da,1,1,8,0.9199999999999999,1.0156,2,6,2,5,8,4,0,0.23108973000000055,0.0,0,,random_actions,random_actions:panel_4:2:1024052:1
shared,shared,random_actions,2,30000,1,reference,panel_4,1024053,0ae8260a6c07e217494d77367973107a3d62519a5d83da98d5bb131b932144e0,0,0,32,-0.3200000000000001,0.06360000000000018,7,25,19,7,28,11,1,1.8334782861096102,0.0,0,,random_actions,random_actions:panel_4:2:1024053:0
shared,shared,random_actions,2,30000,1,reference,panel_4,1024053,0ae8260a6c07e217494d77367973107a3d62519a5d83da98d5bb131b932144e0,1,0,32,-0.3200000000000001,0.045600000000000133,6,26,20,7,30,13,1,1.9000613717487407,0.0,0,,random_actions,random_actions:panel_4:2:1024053:1
shared,shared,random_actions,2,30000,1,reference,panel_4,1024054,47b30f88ac63c9073e7e45d4c2e98c7cba21fa5fc78be8f825414eff6c7f5904,0,1,3,0.97,1.0936,0,3,0,4,3,3,0,0.0,0.0,0,,random_actions,random_actions:panel_4:2:1024054:0
shared,shared,random_actions,2,30000,1,reference,panel_4,1024054,47b30f88ac63c9073e7e45d4c2e98c7cba21fa5fc78be8f825414eff6c7f5904,1,0,32,-0.3200000000000001,-0.07879999999999976,17,15,7,9,30,7,1,2.0167319277000004,0.0,0,,random_actions,random_actions:panel_4:2:1024054:1
shared,shared,random_actions,2,30000,1,reference,panel_4,1024055,91cbf57e8fbc361151d766599e7c2fc1bcd98447ce117744961b3b7cd4e1bf3e,0,1,6,0.94,1.0732,1,5,0,6,6,4,0,0.1132164600000003,0.0,0,,random_actions,random_actions:panel_4:2:1024055:0
shared,shared,random_actions,2,30000,1,reference,panel_4,1024055,91cbf57e8fbc361151d766599e7c2fc1bcd98447ce117744961b3b7cd4e1bf3e,1,1,26,0.74,0.9368000000000001,7,19,9,11,26,11,0,0.8684483381000021,0.0,0,,random_actions,random_actions:panel_4:2:1024055:1
shared,shared,random_actions,2,30000,1,reference,panel_4,1024056,bdceafe62b8417c56d07a22c7364bca153a4830829648158d7709a89d6b6b00d,0,1,11,0.89,0.9904000000000001,1,10,4,7,11,6,0,0.3489987300000006,0.0,0,,random_actions,random_actions:panel_4:2:1024056:0
shared,shared,random_actions,2,30000,1,reference,panel_4,1024056,bdceafe62b8417c56d07a22c7364bca153a4830829648158d7709a89d6b6b00d,1,1,15,0.85,0.9732000000000001,1,14,7,8,15,8,0,0.4903246162000011,0.0,0,,random_actions,random_actions:panel_4:2:1024056:1
shared,shared,random_actions,2,30000,1,reference,panel_4,1024057,c4bf81741a19a6ec1bc689443ef5214d57568f711b31fe452cdd0a066f4cb49e,0,1,28,0.72,0.8548,3,25,13,13,28,13,0,1.0113118696140022,0.0,0,,random_actions,random_actions:panel_4:2:1024057:0
shared,shared,random_actions,2,30000,1,reference,panel_4,1024057,c4bf81741a19a6ec1bc689443ef5214d57568f711b31fe452cdd0a066f4cb49e,1,1,5,0.95,0.996,2,3,1,3,5,2,0,0.15760900000000022,0.0,0,,random_actions,random_actions:panel_4:2:1024057:1
shared,shared,random_actions,2,30000,1,reference,panel_4,1024058,2d87a06e6dd198c62d85363017a67660a1879c4295eb2554780b002a6e467e7e,0,1,6,0.94,1.0284,0,6,2,5,6,4,0,0.15641800000000017,0.0,0,,random_actions,random_actions:panel_4:2:1024058:0
shared,shared,random_actions,2,30000,1,reference,panel_4,1024058,2d87a06e6dd198c62d85363017a67660a1879c4295eb2554780b002a6e467e7e,1,1,30,0.7,0.8712000000000001,10,20,12,9,30,11,0,1.0566873967000014,0.0,0,,random_actions,random_actions:panel_4:2:1024058:1
shared,shared,random_actions,2,30000,1,reference,panel_4,1024059,bc159f06f334d6b6c96589a329289fb3589d115b4e29ad67d8d783f071392868,0,1,32,0.6799999999999999,0.8812000000000002,14,18,13,6,32,10,0,1.109680998471002,0.0,0,,random_actions,random_actions:panel_4:2:1024059:0
shared,shared,random_actions,2,30000,1,reference,panel_4,1024059,bc159f06f334d6b6c96589a329289fb3589d115b4e29ad67d8d783f071392868,1,0,32,-0.3200000000000001,-0.09839999999999988,7,25,19,7,28,9,1,1.9827111628990015,0.0,0,,random_actions,random_actions:panel_4:2:1024059:1
shared,shared,random_actions,2,30000,1,reference,panel_4,1024060,d942cf14224fffe603db47c81f87dd1c4ca8dd9942fb9496948eba3b59afccea,0,0,32,-0.3200000000000001,0.06480000000000016,15,17,8,10,27,7,1,1.81228924991203,0.0,0,,random_actions,random_actions:panel_4:2:1024060:0
shared,shared,random_actions,2,30000,1,reference,panel_4,1024060,d942cf14224fffe603db47c81f87dd1c4ca8dd9942fb9496948eba3b59afccea,1,0,32,-0.3200000000000001,0.052800000000000125,13,19,7,13,28,9,1,1.8475133898511606,0.0,0,,random_actions,random_actions:panel_4:2:1024060:1
shared,shared,random_actions,2,30000,1,reference,panel_4,1024061,281d2fecab1d843e09032ae8be9bdad7b8822153585f6b5e536a19b23a315abb,0,0,32,-0.3200000000000001,0.15880000000000025,16,16,7,10,26,5,1,1.7106558122902435,0.0,0,,random_actions,random_actions:panel_4:2:1024061:0
shared,shared,random_actions,2,30000,1,reference,panel_4,1024061,281d2fecab1d843e09032ae8be9bdad7b8822153585f6b5e536a19b23a315abb,1,0,32,-0.3200000000000001,0.07240000000000013,13,19,13,7,29,9,1,1.8497688137168713,0.0,0,,random_actions,random_actions:panel_4:2:1024061:1
shared,shared,random_actions,2,30000,1,reference,panel_4,1024062,4df0881e25f49f4562d02283c3a893dca98b8a81ad3188891afa241a5957d020,0,0,32,-0.3200000000000001,0.05520000000000011,18,14,9,6,27,6,1,1.8229971448612914,0.0,0,,random_actions,random_actions:panel_4:2:1024062:0
shared,shared,random_actions,2,30000,1,reference,panel_4,1024062,4df0881e25f49f4562d02283c3a893dca98b8a81ad3188891afa241a5957d020,1,0,32,-0.3200000000000001,0.05760000000000012,7,25,19,7,29,12,1,1.87071171155503,0.0,0,,random_actions,random_actions:panel_4:2:1024062:1
shared,shared,random_actions,2,30000,1,reference,panel_4,1024063,8d399f6f1f1ba74221729f6b912896a44761acaf4c270493d5263c0c9c857550,0,1,23,0.7699999999999999,0.9064,5,18,14,5,23,10,0,0.8042108400000016,0.0,0,,random_actions,random_actions:panel_4:2:1024063:0
shared,shared,random_actions,2,30000,1,reference,panel_4,1024063,8d399f6f1f1ba74221729f6b912896a44761acaf4c270493d5263c0c9c857550,1,0,32,-0.3200000000000001,-0.15119999999999992,10,22,9,14,32,11,1,2.140604502400002,0.0,0,,random_actions,random_actions:panel_4:2:1024063:1
shared,shared,shortest_path,0,30000,1,reference,panel_4,1024000,0ec72beefc19c087f705de097aa5867814dab453d9d44b0f26d302c20da409c2,0,1,2,0.98,1.0612,0,2,0,3,2,2,0,0.0,0.0,0,,shortest_path,shortest_path:panel_4:0:1024000:0
shared,shared,shortest_path,0,30000,1,reference,panel_4,1024001,33c3c47ee3acc63cad5c086e1f9e987973b47c11335e1ae5e0f4aa25f866b4ce,0,1,2,0.98,1.0612,0,2,0,3,2,2,0,0.0,0.0,0,,shortest_path,shortest_path:panel_4:0:1024001:0
shared,shared,shortest_path,0,30000,1,reference,panel_4,1024002,2e8485cf00f810187d16d21cc45df1087919a63aa579f08f6eb54c030fe69ada,0,1,2,0.98,1.0612,0,2,0,3,2,2,0,0.0,0.0,0,,shortest_path,shortest_path:panel_4:0:1024002:0
shared,shared,shortest_path,0,30000,1,reference,panel_4,1024003,f9b5c669a9b4b0c7e71b2ffeb73c97ef4fdeafd843ff5ea6275c7040cbca2bd6,0,1,5,0.95,1.162,0,5,0,6,5,5,0,0.0,0.0,0,,shortest_path,shortest_path:panel_4:0:1024003:0
shared,shared,shortest_path,0,30000,1,reference,panel_4,1024004,87da26312ac9c3bb9592d1128a16e8f0e12086080b6bc492396693fbb106e894,0,1,1,0.99,1.03,0,1,0,2,1,1,0,0.0,0.0,0,,shortest_path,shortest_path:panel_4:0:1024004:0
shared,shared,shortest_path,0,30000,1,reference,panel_4,1024005,20c31eb929edad6f6b05951530a37dd23864b782ed4f8795d73e06b6f31c5b49,0,1,2,0.98,1.0612,0,2,0,3,2,2,0,0.0,0.0,0,,shortest_path,shortest_path:panel_4:0:1024005:0
shared,shared,shortest_path,0,30000,1,reference,panel_4,1024006,dea6494f5b2506468eedb4a7fa4e848750a2e35c8957434f7956a5cddce98edc,0,1,2,0.98,1.0612,0,2,0,3,2,2,0,0.0,0.0,0,,shortest_path,shortest_path:panel_4:0:1024006:0
shared,shared,shortest_path,0,30000,1,reference,panel_4,1024007,161ce41f7f56d7cc69bfe3b306eab46ba2b0f7314231ec980e53b9a62d8cd756,0,1,3,0.97,1.0936,0,3,0,4,3,3,0,0.0,0.0,0,,shortest_path,shortest_path:panel_4:0:1024007:0
shared,shared,shortest_path,0,30000,1,reference,panel_4,1024008,f26d95b8d41921ac1311725af53d1cbde0e27e9c52d6b51235ee49d11137d946,0,1,5,0.95,1.162,0,5,0,6,5,5,0,0.0,0.0,0,,shortest_path,shortest_path:panel_4:0:1024008:0
shared,shared,shortest_path,0,30000,1,reference,panel_4,1024009,2f3425ef2382f5dda648e6705ec897e9a5a923446072f26b581bdc56b38af7b0,0,1,1,0.99,1.03,0,1,0,2,1,1,0,0.0,0.0,0,,shortest_path,shortest_path:panel_4:0:1024009:0
shared,shared,shortest_path,0,30000,1,reference,panel_4,1024010,a6ffcdb095541f533a340381de1a06cbcab77b35637b9e686346d44cffefbabb,0,1,6,0.94,1.198,0,6,0,7,6,6,0,0.0,0.0,0,,shortest_path,shortest_path:panel_4:0:1024010:0
shared,shared,shortest_path,0,30000,1,reference,panel_4,1024011,6beec53b5043cecc0e773781c602bcb4056626f1970e1235cfca714383c455c7,0,1,1,0.99,1.03,0,1,0,2,1,1,0,0.0,0.0,0,,shortest_path,shortest_path:panel_4:0:1024011:0
shared,shared,shortest_path,0,30000,1,reference,panel_4,1024012,bbbb38e081d4189e3db867676bfe121b44cb75a2e394f669d033e3fca50afc09,0,1,8,0.9199999999999999,1.2736,0,8,0,9,8,8,0,0.0,0.0,0,,shortest_path,shortest_path:panel_4:0:1024012:0
shared,shared,shortest_path,0,30000,1,reference,panel_4,1024013,cc33f33b5c2460fce87383bae81365a9f21fbc9763df621510642a38dc0babf1,0,1,3,0.97,1.0936,0,3,0,4,3,3,0,0.0,0.0,0,,shortest_path,shortest_path:panel_4:0:1024013:0
shared,shared,shortest_path,0,30000,1,reference,panel_4,1024014,a29f88d1d956cd1f81a9fdf093144d4a8597d31f93c59e2e6078ccb460432ac6,0,1,6,0.94,1.198,0,6,0,7,6,6,0,0.0,0.0,0,,shortest_path,shortest_path:panel_4:0:1024014:0
shared,shared,shortest_path,0,30000,1,reference,panel_4,1024015,cbd6f517ecac8308d56b06b81f3f115362e986ea6280190cc42eb54be5bd2d91,0,1,5,0.95,1.162,0,5,0,6,5,5,0,0.0,0.0,0,,shortest_path,shortest_path:panel_4:0:1024015:0
shared,shared,shortest_path,0,30000,1,reference,panel_4,1024016,ae8a3aff9d86276b5e72ff14d3245c6dcc712524241668019370cb3345a87e87,0,1,5,0.95,1.162,0,5,0,6,5,5,0,0.0,0.0,0,,shortest_path,shortest_path:panel_4:0:1024016:0
shared,shared,shortest_path,0,30000,1,reference,panel_4,1024017,88ee24283d18ee5e3aa469c799306a3cd176108b17e4aab8cd3c0ea1817c05c5,0,1,2,0.98,1.0612,0,2,0,3,2,2,0,0.0,0.0,0,,shortest_path,shortest_path:panel_4:0:1024017:0
shared,shared,shortest_path,0,30000,1,reference,panel_4,1024018,b99688c3764d4a21edbb58ca478a905413d4384b7b09aefc3b3c664487cedc97,0,1,4,0.96,1.1272,0,4,0,5,4,4,0,0.0,0.0,0,,shortest_path,shortest_path:panel_4:0:1024018:0
shared,shared,shortest_path,0,30000,1,reference,panel_4,1024019,0d13bd6580589d46a1f2bbb6fc2ceb597af5c8eafdb69b64a4cf9e1a17351caf,0,1,1,0.99,1.03,0,1,0,2,1,1,0,0.0,0.0,0,,shortest_path,shortest_path:panel_4:0:1024019:0
shared,shared,shortest_path,0,30000,1,reference,panel_4,1024020,8c5c98d8c36441c50f5d216fe4b0a356cd2a669803cd660591a7fdf60d22030f,0,1,4,0.96,1.1272,0,4,0,5,4,4,0,0.0,0.0,0,,shortest_path,shortest_path:panel_4:0:1024020:0
shared,shared,shortest_path,0,30000,1,reference,panel_4,1024021,dc4a55a0c2418d7600b9fb6693346a903fed14cbc47a9683b42788f686219aed,0,1,4,0.96,1.1272,0,4,0,5,4,4,0,0.0,0.0,0,,shortest_path,shortest_path:panel_4:0:1024021:0
shared,shared,shortest_path,0,30000,1,reference,panel_4,1024022,23e1ea082e9f29ff483f2c98d100120d0573b87e0d656c052e9938b745e4a105,0,1,6,0.94,1.198,0,6,0,7,6,6,0,0.0,0.0,0,,shortest_path,shortest_path:panel_4:0:1024022:0
shared,shared,shortest_path,0,30000,1,reference,panel_4,1024023,f36b7b047ee5e293361909fe8c9d7e247bbbedcc171021fa56272d7f912215d5,0,1,4,0.96,1.1272,0,4,0,5,4,4,0,0.0,0.0,0,,shortest_path,shortest_path:panel_4:0:1024023:0
shared,shared,shortest_path,0,30000,1,reference,panel_4,1024024,3507f5677d19b816c8acc81f7f3d72c49eaf2e970da8d850e3d7a6c21a7da1b9,0,1,4,0.96,1.1272,0,4,0,5,4,4,0,0.0,0.0,0,,shortest_path,shortest_path:panel_4:0:1024024:0
shared,shared,shortest_path,0,30000,1,reference,panel_4,1024025,61372c61f8cbf8daed63dbca93c072bbd5b3a86c36f4d92917ff25a6ea1ba6d7,0,1,3,0.97,1.0936,0,3,0,4,3,3,0,0.0,0.0,0,,shortest_path,shortest_path:panel_4:0:1024025:0
shared,shared,shortest_path,0,30000,1,reference,panel_4,1024026,016222828d97db9a9e1602aec440b8671e6f98a5ec7d18511200240368ffbaf3,0,1,9,0.91,1.3132000000000001,0,9,0,10,9,9,0,0.0,0.0,0,,shortest_path,shortest_path:panel_4:0:1024026:0
shared,shared,shortest_path,0,30000,1,reference,panel_4,1024027,32e81df3a968d5b8ba593b4b9437a16a2571774f78a6da899131d0ba12507cd3,0,1,3,0.97,1.0936,0,3,0,4,3,3,0,0.0,0.0,0,,shortest_path,shortest_path:panel_4:0:1024027:0
shared,shared,shortest_path,0,30000,1,reference,panel_4,1024028,997927921afd5062ab5e78dc6e7c9184cb1fce52f787b0418da3912a7611d572,0,1,3,0.97,1.0936,0,3,0,4,3,3,0,0.0,0.0,0,,shortest_path,shortest_path:panel_4:0:1024028:0
shared,shared,shortest_path,0,30000,1,reference,panel_4,1024029,d9551c453fbbc96529eae2842d0be14e10b27259f6b9a8a4aec498a603dcb5f1,0,1,2,0.98,1.0612,0,2,0,3,2,2,0,0.0,0.0,0,,shortest_path,shortest_path:panel_4:0:1024029:0
shared,shared,shortest_path,0,30000,1,reference,panel_4,1024030,0e0ad4ec4f7bce8f6b830ed1f72860d4934236bd2f134212e6b9eaed67d7de41,0,1,4,0.96,1.1272,0,4,0,5,4,4,0,0.0,0.0,0,,shortest_path,shortest_path:panel_4:0:1024030:0
shared,shared,shortest_path,0,30000,1,reference,panel_4,1024031,4b22eee42a8aa7221112c135ee83818c22b5b60045124f832486ff9fea6f4809,0,1,5,0.95,1.162,0,5,0,6,5,5,0,0.0,0.0,0,,shortest_path,shortest_path:panel_4:0:1024031:0
shared,shared,shortest_path,0,30000,1,reference,panel_4,1024032,e9fd522e2a6b68d2de946a49eb4ea12092a76c5dca08eb456fd26cc8d601b730,0,1,1,0.99,1.03,0,1,0,2,1,1,0,0.0,0.0,0,,shortest_path,shortest_path:panel_4:0:1024032:0
shared,shared,shortest_path,0,30000,1,reference,panel_4,1024033,966533326cc6efdefb4d59f3d611d2c7e2d9b8cf052109c01d0feeba80889f59,0,1,6,0.94,1.198,0,6,0,7,6,6,0,0.0,0.0,0,,shortest_path,shortest_path:panel_4:0:1024033:0
shared,shared,shortest_path,0,30000,1,reference,panel_4,1024034,e785a3e2977b94cd73b229c650c1da936e2b3583b9eea3a1746a9f03a2531c18,0,1,1,0.99,1.03,0,1,0,2,1,1,0,0.0,0.0,0,,shortest_path,shortest_path:panel_4:0:1024034:0
shared,shared,shortest_path,0,30000,1,reference,panel_4,1024035,88ca303f980b963ee3ca01ba4d4dd6d47012ed0c36ac174a58b84d04b1cc6c39,0,1,4,0.96,1.1272,0,4,0,5,4,4,0,0.0,0.0,0,,shortest_path,shortest_path:panel_4:0:1024035:0
shared,shared,shortest_path,0,30000,1,reference,panel_4,1024036,97a93f4eb5a88bd8d7c4fe8c993e5a8de728151366a0b205c96a912eba677e5d,0,1,3,0.97,1.0936,0,3,0,4,3,3,0,0.0,0.0,0,,shortest_path,shortest_path:panel_4:0:1024036:0
shared,shared,shortest_path,0,30000,1,reference,panel_4,1024037,c30ab322bd97379c3f68b43142d37b0b101b9115ff6da8f234b41ddf526e3dc4,0,1,5,0.95,1.162,0,5,0,6,5,5,0,0.0,0.0,0,,shortest_path,shortest_path:panel_4:0:1024037:0
shared,shared,shortest_path,0,30000,1,reference,panel_4,1024038,3c9f50369df2081cb4c643c77fa9c741b43facc89e9b05e35aaa5fd28a3121c1,0,1,5,0.95,1.162,0,5,0,6,5,5,0,0.0,0.0,0,,shortest_path,shortest_path:panel_4:0:1024038:0
shared,shared,shortest_path,0,30000,1,reference,panel_4,1024039,8ac7eec7bbedd33d58b4c9bdb0ebaea2c0fe3cfe805475c8ead103d9fdf88512,0,1,5,0.95,1.162,0,5,0,6,5,5,0,0.0,0.0,0,,shortest_path,shortest_path:panel_4:0:1024039:0
shared,shared,shortest_path,0,30000,1,reference,panel_4,1024040,fceed3cc7b485f213290abec79c1fa7510388d58d32caea45f0af59457d545c9,0,1,1,0.99,1.03,0,1,0,2,1,1,0,0.0,0.0,0,,shortest_path,shortest_path:panel_4:0:1024040:0
shared,shared,shortest_path,0,30000,1,reference,panel_4,1024041,6ae23ec82e5cb4c750e93c2d329f3812f8febcccff7aa4495240cb6119776c59,0,1,2,0.98,1.0612,0,2,0,3,2,2,0,0.0,0.0,0,,shortest_path,shortest_path:panel_4:0:1024041:0
shared,shared,shortest_path,0,30000,1,reference,panel_4,1024042,365efcdfa26bcae4707c99a33a71e6dafa4fcf6c9f173b487e8ccb29977dfc57,0,1,2,0.98,1.0612,0,2,0,3,2,2,0,0.0,0.0,0,,shortest_path,shortest_path:panel_4:0:1024042:0
shared,shared,shortest_path,0,30000,1,reference,panel_4,1024043,dd97b490568402bd62664c9510ee46986699c20a14349b8d7b755b7007706fc6,0,1,1,0.99,1.03,0,1,0,2,1,1,0,0.0,0.0,0,,shortest_path,shortest_path:panel_4:0:1024043:0
shared,shared,shortest_path,0,30000,1,reference,panel_4,1024044,16fa7310d0abc09dfd4f1fea6559638b914f745289586d5176456b746ae92cd3,0,1,4,0.96,1.1272,0,4,0,5,4,4,0,0.0,0.0,0,,shortest_path,shortest_path:panel_4:0:1024044:0
shared,shared,shortest_path,0,30000,1,reference,panel_4,1024045,6f39d51d0c46f7a64825666deb85f65925f640996d287d86870460c06786e2a9,0,1,4,0.96,1.1272,0,4,0,5,4,4,0,0.0,0.0,0,,shortest_path,shortest_path:panel_4:0:1024045:0
shared,shared,shortest_path,0,30000,1,reference,panel_4,1024046,c98dc1fcb427d86cdac50c8b51bfe8fe2099e16ae510ac505507e757b67fc349,0,1,4,0.96,1.1272,0,4,0,5,4,4,0,0.0,0.0,0,,shortest_path,shortest_path:panel_4:0:1024046:0
shared,shared,shortest_path,0,30000,1,reference,panel_4,1024047,1d668ad476e636b19e81b53fe9162d960fe388bf5b3e36abb5dfc03813b3a455,0,1,4,0.96,1.1272,0,4,0,5,4,4,0,0.0,0.0,0,,shortest_path,shortest_path:panel_4:0:1024047:0
shared,shared,shortest_path,0,30000,1,reference,panel_4,1024048,af865bdab0e5d49d37545204d3f4c7aebea47aba133db2e07a3d4c769d1ee0cb,0,1,4,0.96,1.1272,0,4,0,5,4,4,0,0.0,0.0,0,,shortest_path,shortest_path:panel_4:0:1024048:0
shared,shared,shortest_path,0,30000,1,reference,panel_4,1024049,3cb75e9e2b6b66eb89e13b194f75acc65958b50b30bcd5d13e43ec3ac998f91c,0,1,3,0.97,1.0936,0,3,0,4,3,3,0,0.0,0.0,0,,shortest_path,shortest_path:panel_4:0:1024049:0
shared,shared,shortest_path,0,30000,1,reference,panel_4,1024050,18718767728bf07693746a952f4b8e9534d5aac47c5b2edc7e19fc5c9c241898,0,1,4,0.96,1.1272,0,4,0,5,4,4,0,0.0,0.0,0,,shortest_path,shortest_path:panel_4:0:1024050:0
shared,shared,shortest_path,0,30000,1,reference,panel_4,1024051,76c95411cd2e3197921d1658bb777ba7c7aa506e31b33ac1e94fdb41f3cc10d6,0,1,3,0.97,1.0936,0,3,0,4,3,3,0,0.0,0.0,0,,shortest_path,shortest_path:panel_4:0:1024051:0
shared,shared,shortest_path,0,30000,1,reference,panel_4,1024052,6c884d595aa4b7ebad900aa2ba89818442c9a9808e6e5222b4aa8c6c292187da,0,1,2,0.98,1.0612,0,2,0,3,2,2,0,0.0,0.0,0,,shortest_path,shortest_path:panel_4:0:1024052:0
shared,shared,shortest_path,0,30000,1,reference,panel_4,1024053,0ae8260a6c07e217494d77367973107a3d62519a5d83da98d5bb131b932144e0,0,1,5,0.95,1.162,0,5,0,6,5,5,0,0.0,0.0,0,,shortest_path,shortest_path:panel_4:0:1024053:0
shared,shared,shortest_path,0,30000,1,reference,panel_4,1024054,47b30f88ac63c9073e7e45d4c2e98c7cba21fa5fc78be8f825414eff6c7f5904,0,1,3,0.97,1.0936,0,3,0,4,3,3,0,0.0,0.0,0,,shortest_path,shortest_path:panel_4:0:1024054:0
shared,shared,shortest_path,0,30000,1,reference,panel_4,1024055,91cbf57e8fbc361151d766599e7c2fc1bcd98447ce117744961b3b7cd4e1bf3e,0,1,3,0.97,1.0936,0,3,0,4,3,3,0,0.0,0.0,0,,shortest_path,shortest_path:panel_4:0:1024055:0
shared,shared,shortest_path,0,30000,1,reference,panel_4,1024056,bdceafe62b8417c56d07a22c7364bca153a4830829648158d7709a89d6b6b00d,0,1,2,0.98,1.0612,0,2,0,3,2,2,0,0.0,0.0,0,,shortest_path,shortest_path:panel_4:0:1024056:0
shared,shared,shortest_path,0,30000,1,reference,panel_4,1024057,c4bf81741a19a6ec1bc689443ef5214d57568f711b31fe452cdd0a066f4cb49e,0,1,1,0.99,1.03,0,1,0,2,1,1,0,0.0,0.0,0,,shortest_path,shortest_path:panel_4:0:1024057:0
shared,shared,shortest_path,0,30000,1,reference,panel_4,1024058,2d87a06e6dd198c62d85363017a67660a1879c4295eb2554780b002a6e467e7e,0,1,2,0.98,1.0612,0,2,0,3,2,2,0,0.0,0.0,0,,shortest_path,shortest_path:panel_4:0:1024058:0
shared,shared,shortest_path,0,30000,1,reference,panel_4,1024059,bc159f06f334d6b6c96589a329289fb3589d115b4e29ad67d8d783f071392868,0,1,2,0.98,1.0612,0,2,0,3,2,2,0,0.0,0.0,0,,shortest_path,shortest_path:panel_4:0:1024059:0
shared,shared,shortest_path,0,30000,1,reference,panel_4,1024060,d942cf14224fffe603db47c81f87dd1c4ca8dd9942fb9496948eba3b59afccea,0,1,5,0.95,1.162,0,5,0,6,5,5,0,0.0,0.0,0,,shortest_path,shortest_path:panel_4:0:1024060:0
shared,shared,shortest_path,0,30000,1,reference,panel_4,1024061,281d2fecab1d843e09032ae8be9bdad7b8822153585f6b5e536a19b23a315abb,0,1,6,0.94,1.198,0,6,0,7,6,6,0,0.0,0.0,0,,shortest_path,shortest_path:panel_4:0:1024061:0
shared,shared,shortest_path,0,30000,1,reference,panel_4,1024062,4df0881e25f49f4562d02283c3a893dca98b8a81ad3188891afa241a5957d020,0,1,5,0.95,1.162,0,5,0,6,5,5,0,0.0,0.0,0,,shortest_path,shortest_path:panel_4:0:1024062:0
shared,shared,shortest_path,0,30000,1,reference,panel_4,1024063,8d399f6f1f1ba74221729f6b912896a44761acaf4c270493d5263c0c9c857550,0,1,2,0.98,1.0612,0,2,0,3,2,2,0,0.0,0.0,0,,shortest_path,shortest_path:panel_4:0:1024063:0
shared,shared,random_actions,0,30000,1,reference,panel_5,1025000,45b752a29cbae0f5b7953a1c5f48796a9449adb27bb6b576f014c409607ee439,0,0,32,-0.3200000000000001,0.0828000000000001,15,17,10,8,28,7,1,1.819637893168132,0.0,0,,random_actions,random_actions:panel_5:0:1025000:0
shared,shared,random_actions,0,30000,1,reference,panel_5,1025000,45b752a29cbae0f5b7953a1c5f48796a9449adb27bb6b576f014c409607ee439,1,0,32,-0.3200000000000001,0.06240000000000015,11,21,12,10,28,9,1,1.8435924605183927,0.0,0,,random_actions,random_actions:panel_5:0:1025000:1
shared,shared,random_actions,0,30000,1,reference,panel_5,1025001,a55ca2c2843fec638678154515a0062a8bd0660ea4d0d2f7f9be223f21c6bc67,0,0,32,-0.3200000000000001,0.1564000000000002,23,9,5,5,26,4,1,1.7144975355244938,0.0,0,,random_actions,random_actions:panel_5:0:1025001:0
shared,shared,random_actions,0,30000,1,reference,panel_5,1025001,a55ca2c2843fec638678154515a0062a8bd0660ea4d0d2f7f9be223f21c6bc67,1,0,32,-0.3200000000000001,0.11320000000000013,10,22,15,8,28,10,1,1.7908516591318708,0.0,0,,random_actions,random_actions:panel_5:0:1025001:1
shared,shared,random_actions,0,30000,1,reference,panel_5,1025002,43ee6e1ba64b867ff579a1deff55abf989f2cd3d99a609b68f84bbf350c61a62,0,0,32,-0.3200000000000001,-0.18400000000000005,7,25,21,5,31,11,1,2.145540502400003,0.0,0,,random_actions,random_actions:panel_5:0:1025002:0
shared,shared,random_actions,0,30000,1,reference,panel_5,1025002,43ee6e1ba64b867ff579a1deff55abf989f2cd3d99a609b68f84bbf350c61a62,1,1,14,0.86,0.9408000000000001,3,11,4,8,14,6,0,0.49155027430000087,0.0,0,,random_actions,random_actions:panel_5:0:1025002:1
shared,shared,random_actions,0,30000,1,reference,panel_5,1025003,9c56969adba8406ccd92736c6c6ff4bae65b614bd38389b3701347eab04a44da,0,1,9,0.91,1.008,1,8,4,5,9,5,0,0.26963446000000046,0.0,0,,random_actions,random_actions:panel_5:0:1025003:0
shared,shared,random_actions,0,30000,1,reference,panel_5,1025003,9c56969adba8406ccd92736c6c6ff4bae65b614bd38389b3701347eab04a44da,1,1,3,0.97,1.0536,1,2,0,3,3,2,0,0.038509000000000126,0.0,0,,random_actions,random_actions:panel_5:0:1025003:1
shared,shared,random_actions,0,30000,1,reference,panel_5,1025004,6d2a7c883e42e2cf089187970de8da261741de9b1b5333f6de1992c9c76094aa,0,0,32,-0.3200000000000001,-0.16079999999999994,5,27,19,9,30,12,1,2.095370958100002,0.0,0,,random_actions,random_actions:panel_5:0:1025004:0
shared,shared,random_actions,0,30000,1,reference,panel_5,1025004,6d2a7c883e42e2cf089187970de8da261741de9b1b5333f6de1992c9c76094aa,1,0,32,-0.3200000000000001,-0.14399999999999996,7,25,16,10,30,11,1,2.0767415743000024,0.0,0,,random_actions,random_actions:panel_5:0:1025004:1
shared,shared,random_actions,0,30000,1,reference,panel_5,1025005,0c7af214bc66e3ea9972ebe04e88adec503bb64c66cf315f725ccfb62f0a6ce1,0,0,32,-0.3200000000000001,-0.07279999999999988,19,13,7,7,29,5,1,1.9826928477000005,0.0,0,,random_actions,random_actions:panel_5:0:1025005:0
shared,shared,random_actions,0,30000,1,reference,panel_5,1025005,0c7af214bc66e3ea9972ebe04e88adec503bb64c66cf315f725ccfb62f0a6ce1,1,0,32,-0.3200000000000001,-0.08119999999999993,17,15,6,10,30,7,1,2.0178525396000007,0.0,0,,random_actions,random_actions:panel_5:0:1025005:1
shared,shared,random_actions,0,30000,1,reference,panel_5,1025006,5d5cbbd72fa51621cee1a8f9252ef7da141fa91a8d7f1cb854f7b4783d6bfd09,0,1,1,0.99,1.03,0,1,0,2,1,1,0,0.0,0.0,0,,random_actions,random_actions:panel_5:0:1025006:0
shared,shared,random_actions,0,30000,1,reference,panel_5,1025006,5d5cbbd72fa51621cee1a8f9252ef7da141fa91a8d7f1cb854f7b4783d6bfd09,1,1,5,0.95,0.9948,4,1,0,2,5,1,0,0.15880000000000027,0.0,0,,random_actions,random_actions:panel_5:0:1025006:1
shared,shared,random_actions,0,30000,1,reference,panel_5,1025007,f8a7c4a59f0a5d2908879e6c15bc688fafd20715930a92ffd9aa9136c6830e07,0,1,17,0.83,0.9484,7,10,2,9,17,6,0,0.5765511900000014,0.0,0,,random_actions,random_actions:panel_5:0:1025007:0
shared,shared,random_actions,0,30000,1,reference,panel_5,1025007,f8a7c4a59f0a5d2908879e6c15bc688fafd20715930a92ffd9aa9136c6830e07,1,1,2,0.98,1.0612,0,2,0,3,2,2,0,0.0,0.0,0,,random_actions,random_actions:panel_5:0:1025007:1
shared,shared,random_actions,0,30000,1,reference,panel_5,1025008,41920ef9d2617fcb2613f83c9fcc00047abea7df06cccc8bb0c8c418565f1efc,0,0,32,-0.3200000000000001,0.021600000000000105,5,27,20,8,30,13,1,1.9239130045420014,0.0,0,,random_actions,random_actions:panel_5:0:1025008:0
shared,shared,random_actions,0,30000,1,reference,panel_5,1025008,41920ef9d2617fcb2613f83c9fcc00047abea7df06cccc8bb0c8c418565f1efc,1,0,32,-0.3200000000000001,0.020400000000000112,6,26,20,7,29,13,1,1.9011882089710013,0.0,0,,random_actions,random_actions:panel_5:0:1025008:1
shared,shared,random_actions,0,30000,1,reference,panel_5,1025009,d87de750bc2d817fa5e32ef6aeee984ad3ffd90a1fd7e28c3f33ec8cf295f406,0,1,8,0.9199999999999999,1.0628,3,5,1,5,8,4,0,0.1856480381000004,0.0,0,,random_actions,random_actions:panel_5:0:1025009:0
shared,shared,random_actions,0,30000,1,reference,panel_5,1025009,d87de750bc2d817fa5e32ef6aeee984ad3ffd90a1fd7e28c3f33ec8cf295f406,1,0,32,-0.3200000000000001,-0.08839999999999992,9,23,11,13,29,10,1,2.0020919748000017,0.0,0,,random_actions,random_actions:panel_5:0:1025009:1
shared,shared,random_actions,0,30000,1,reference,panel_5,1025010,27321007dce23b1b2e28a5f545a5460fc3c1026a1d0773f3b10d3c10f72a2d96,0,1,13,0.87,1.02,2,11,5,7,13,7,0,0.38285092000000076,0.0,0,,random_actions,random_actions:panel_5:0:1025010:0
shared,shared,random_actions,0,30000,1,reference,panel_5,1025010,27321007dce23b1b2e28a5f545a5460fc3c1026a1d0773f3b10d3c10f72a2d96,1,1,21,0.7899999999999999,0.9664,4,17,9,9,21,10,0,0.6839198400000019,0.0,0,,random_actions,random_actions:panel_5:0:1025010:1
shared,shared,random_actions,0,30000,1,reference,panel_5,1025011,ae42ff8a8fa093769968ad4e77cd483737efb133e7524cdffa117f465e7f0702,0,1,1,0.99,1.03,0,1,0,2,1,1,0,0.0,0.0,0,,random_actions,random_actions:panel_5:0:1025011:0
shared,shared,random_actions,0,30000,1,reference,panel_5,1025011,ae42ff8a8fa093769968ad4e77cd483737efb133e7524cdffa117f465e7f0702,1,1,25,0.7499999999999999,0.8464,12,13,10,4,25,7,0,0.9256928400000018,0.0,0,,random_actions,random_actions:panel_5:0:1025011:1
shared,shared,random_actions,0,30000,1,reference,panel_5,1025012,8882287e64fa7dc98d6589e59e0525c926e01f7d92b72375f6b2809f149f73e7,0,0,32,-0.3200000000000001,-0.13079999999999992,8,24,13,12,29,10,1,2.039548639357002,0.0,0,,random_actions,random_actions:panel_5:0:1025012:0
shared,shared,random_actions,0,30000,1,reference,panel_5,1025012,8882287e64fa7dc98d6589e59e0525c926e01f7d92b72375f6b2809f149f73e7,1,1,10,0.9,1.0052,0,10,6,5,10,6,0,0.30345092000000085,0.0,0,,random_actions,random_actions:panel_5:0:1025012:1
shared,shared,random_actions,0,30000,1,reference,panel_5,1025013,3399930256a6a9edacf48bc575066d30421677ad8eeebed34fc5bccaa6c8ceb0,0,1,9,0.91,1.0188000000000001,1,8,3,6,9,5,0,0.2592695443000005,0.0,0,,random_actions,random_actions:panel_5:0:1025013:0
shared,shared,random_actions,0,30000,1,reference,panel_5,1025013,3399930256a6a9edacf48bc575066d30421677ad8eeebed34fc5bccaa6c8ceb0,1,0,32,-0.3200000000000001,-0.055199999999999694,15,17,11,7,27,4,1,1.9224108351588995,0.0,0,,random_actions,random_actions:panel_5:0:1025013:1
shared,shared,random_actions,0,30000,1,reference,panel_5,1025014,1734086f7ea97d634016a3abcb61d9690d644e9e573256a902d21e1ea8aab7b2,0,1,24,0.7599999999999999,0.9520000000000001,15,9,6,4,24,6,0,0.791359950000002,0.0,0,,random_actions,random_actions:panel_5:0:1025014:0
shared,shared,random_actions,0,30000,1,reference,panel_5,1025014,1734086f7ea97d634016a3abcb61d9690d644e9e573256a902d21e1ea8aab7b2,1,1,25,0.7499999999999999,0.9432,6,19,8,12,25,11,0,0.8314454767000011,0.0,0,,random_actions,random_actions:panel_5:0:1025014:1
shared,shared,random_actions,0,30000,1,reference,panel_5,1025015,69eb9b7a9f1670381e6c7c063a054c16c2969b9191fa3ed21be9a47fc5c95d00,0,0,32,-0.3200000000000001,-0.02479999999999985,15,17,10,8,29,7,1,1.9430770614917408,0.0,0,,random_actions,random_actions:panel_5:0:1025015:0
shared,shared,random_actions,0,30000,1,reference,panel_5,1025015,69eb9b7a9f1670381e6c7c063a054c16c2969b9191fa3ed21be9a47fc5c95d00,1,1,5,0.95,1.0796000000000001,0,5,1,5,5,4,0,0.07586273000000021,0.0,0,,random_actions,random_actions:panel_5:0:1025015:1
shared,shared,random_actions,0,30000,1,reference,panel_5,1025016,a0ba4cb8cd6500255a28d4a6453334a3138b99dfad8d5dd3a3962f2fa24177ca,0,0,32,-0.3200000000000001,-0.013199999999999906,2,30,20,11,29,14,1,1.9296257386000017,0.0,0,,random_actions,random_actions:panel_5:0:1025016:0
shared,shared,random_actions,0,30000,1,reference,panel_5,1025016,a0ba4cb8cd6500255a28d4a6453334a3138b99dfad8d5dd3a3962f2fa24177ca,1,1,12,0.88,1.1256000000000002,1,11,3,9,12,8,0,0.2537673398710004,0.0,0,,random_actions,random_actions:panel_5:0:1025016:1
shared,shared,random_actions,0,30000,1,reference,panel_5,1025017,90aae1f2f41a44d84b87b7c386497825ed36bcaf8755d8d59e19a981c54403a9,0,1,3,0.97,1.0524,1,2,0,3,3,2,0,0.03970000000000007,0.0,0,,random_actions,random_actions:panel_5:0:1025017:0
shared,shared,random_actions,0,30000,1,reference,panel_5,1025017,90aae1f2f41a44d84b87b7c386497825ed36bcaf8755d8d59e19a981c54403a9,1,0,32,-0.3200000000000001,-0.1571999999999999,20,12,10,3,31,6,1,2.1173260300000027,0.0,0,,random_actions,random_actions:panel_5:0:1025017:1
shared,shared,random_actions,0,30000,1,reference,panel_5,1025018,1f52bef992026d1406d67f3ddc1fe600cff662c8915b9877f88b0674057a5b49,0,0,32,-0.3200000000000001,0.06000000000000015,12,20,11,10,30,10,1,1.8904410310296689,0.0,0,,random_actions,random_actions:panel_5:0:1025018:0
shared,shared,random_actions,0,30000,1,reference,panel_5,1025018,1f52bef992026d1406d67f3ddc1fe600cff662c8915b9877f88b0674057a5b49,1,0,32,-0.3200000000000001,0.04680000000000015,9,23,18,6,29,10,1,1.8771001767434496,0.0,0,,random_actions,random_actions:panel_5:0:1025018:1
shared,shared,random_actions,0,30000,1,reference,panel_5,1025019,ef1054b2ba3b417888faade171560510802db2ca9f7c18a5fc84e3dd5ccf580f,0,0,32,-0.3200000000000001,0.13000000000000012,20,12,11,2,27,5,1,1.754608740657929,0.0,0,,random_actions,random_actions:panel_5:0:1025019:0
shared,shared,random_actions,0,30000,1,reference,panel_5,1025019,ef1054b2ba3b417888faade171560510802db2ca9f7c18a5fc84e3dd5ccf580f,1,0,32,-0.3200000000000001,0.0724000000000001,8,24,13,12,30,12,1,1.8814647439105812,0.0,0,,random_actions,random_actions:panel_5:0:1025019:1
shared,shared,random_actions,0,30000,1,reference,panel_5,1025020,3d2184318a05f6c1b6ee6ff15d10e697891dfdb531232711c363deefcf65647a,0,1,28,0.72,0.8380000000000001,13,15,8,8,28,8,0,1.027318726200002,0.0,0,,random_actions,random_actions:panel_5:0:1025020:0
shared,shared,random_actions,0,30000,1,reference,panel_5,1025020,3d2184318a05f6c1b6ee6ff15d10e697891dfdb531232711c363deefcf65647a,1,1,1,0.99,1.03,0,1,0,2,1,1,0,0.0,0.0,0,,random_actions,random_actions:panel_5:0:1025020:1
shared,shared,random_actions,0,30000,1,reference,panel_5,1025021,be895431f2b1357e47cd16312bdca147b53744385646a58236861b4fa4de6a53,0,0,32,-0.3200000000000001,-0.1283999999999999,11,21,12,10,28,7,1,2.0131168105000024,0.0,0,,random_actions,random_actions:panel_5:0:1025021:0
shared,shared,random_actions,0,30000,1,reference,panel_5,1025021,be895431f2b1357e47cd16312bdca147b53744385646a58236861b4fa4de6a53,1,1,3,0.97,1.0536,1,2,0,3,3,2,0,0.038509000000000126,0.0,0,,random_actions,random_actions:panel_5:0:1025021:1
shared,shared,random_actions,0,30000,1,reference,panel_5,1025022,cb12e9d32b61ec1a58c0622f694a3229e4772782bb062cfd31a1083c6e3d260c,0,0,32,-0.3200000000000001,-0.06999999999999997,4,28,20,9,31,14,1,2.035826654300002,0.0,0,,random_actions,random_actions:panel_5:0:1025022:0
shared,shared,random_actions,0,30000,1,reference,panel_5,1025022,cb12e9d32b61ec1a58c0622f694a3229e4772782bb062cfd31a1083c6e3d260c,1,0,32,-0.3200000000000001,-0.02079999999999982,7,25,14,12,29,11,1,1.9356234437192912,0.0,0,,random_actions,random_actions:panel_5:0:1025022:1
shared,shared,random_actions,0,30000,1,reference,panel_5,1025023,b28b75aa5db49b3e010ff115651fad6fec595165ad4316b13bbe410925a99f5a,0,0,32,-0.3200000000000001,0.037600000000000085,8,24,15,10,30,13,1,1.9093843850545815,0.0,0,,random_actions,random_actions:panel_5:0:1025023:0
shared,shared,random_actions,0,30000,1,reference,panel_5,1025023,b28b75aa5db49b3e010ff115651fad6fec595165ad4316b13bbe410925a99f5a,1,0,32,-0.3200000000000001,0.1276000000000001,18,14,11,4,28,6,1,1.7833415120439287,0.0,0,,random_actions,random_actions:panel_5:0:1025023:1
shared,shared,random_actions,0,30000,1,reference,panel_5,1025024,24cf662346dc58f22f34ee5ed855172ecd00081863418d8e0edb034b18e72eaf,0,1,3,0.97,1.0936,0,3,0,4,3,3,0,0.0,0.0,0,,random_actions,random_actions:panel_5:0:1025024:0
shared,shared,random_actions,0,30000,1,reference,panel_5,1025024,24cf662346dc58f22f34ee5ed855172ecd00081863418d8e0edb034b18e72eaf,1,0,32,-0.3200000000000001,0.00400000000000017,11,21,15,7,27,8,1,1.8699259593029436,0.0,0,,random_actions,random_actions:panel_5:0:1025024:1
shared,shared,random_actions,0,30000,1,reference,panel_5,1025025,1fae62bfe9c957f8d533230eb664e6644bb181242c419374bc6a2b3178896d1f,0,0,32,-0.3200000000000001,-0.10679999999999995,3,29,21,9,29,12,1,2.018956432771002,0.0,0,,random_actions,random_actions:panel_5:0:1025025:0
shared,shared,random_actions,0,30000,1,reference,panel_5,1025025,1fae62bfe9c957f8d533230eb664e6644bb181242c419374bc6a2b3178896d1f,1,1,8,0.9199999999999999,1.0132,2,6,3,4,8,4,0,0.23347173000000043,0.0,0,,random_actions,random_actions:panel_5:0:1025025:1
shared,shared,random_actions,0,30000,1,reference,panel_5,1025026,e91cd7f5fa1ca4937ceceddae663c130e6ff4049f35cfcb493432de74229ab6b,0,0,32,-0.3200000000000001,0.02840000000000019,9,23,14,10,27,9,1,1.8423225916401753,0.0,0,,random_actions,random_actions:panel_5:0:1025026:0
shared,shared,random_actions,0,30000,1,reference,panel_5,1025026,e91cd7f5fa1ca4937ceceddae663c130e6ff4049f35cfcb493432de74229ab6b,1,0,32,-0.3200000000000001,0.05600000000000027,9,23,16,8,27,8,1,1.822982989665307,0.0,0,,random_actions,random_actions:panel_5:0:1025026:1
shared,shared,random_actions,0,30000,1,reference,panel_5,1025027,14c443e061e11bd8af3c9f0a3d3ae2047cc4f81ab5f3acc6c4d60a6c40ba268c,0,1,5,0.95,0.9984000000000001,2,3,0,4,5,2,0,0.15522700000000034,0.0,0,,random_actions,random_actions:panel_5:0:1025027:0
shared,shared,random_actions,0,30000,1,reference,panel_5,1025027,14c443e061e11bd8af3c9f0a3d3ae2047cc4f81ab5f3acc6c4d60a6c40ba268c,1,1,8,0.9199999999999999,0.9732000000000001,1,7,2,6,8,4,0,0.2731360000000004,0.0,0,,random_actions,random_actions:panel_5:0:1025027:1
shared,shared,random_actions,0,30000,1,reference,panel_5,1025028,1845720a2af3b3475ca3a4a8726557b6204bc4266b6c3d58f02e9c9a39cb8a91,0,0,32,-0.3200000000000001,-0.1804,10,22,15,8,30,9,1,2.1165119624000024,0.0,0,,random_actions,random_actions:panel_5:0:1025028:0
shared,shared,random_actions,0,30000,1,reference,panel_5,1025028,1845720a2af3b3475ca3a4a8726557b6204bc4266b6c3d58f02e9c9a39cb8a91,1,1,1,0.99,1.03,0,1,0,2,1,1,0,0.0,0.0,0,,random_actions,random_actions:panel_5:0:1025028:1
shared,shared,random_actions,0,30000,1,reference,panel_5,1025029,d457f74c2332335015bd445320e1ea1ff16efdae2b82f3560e79b44c711f1bdf,0,0,32,-0.3200000000000001,0.04120000000000012,11,21,13,9,31,12,1,1.9338990028975815,0.0,0,,random_actions,random_actions:panel_5:0:1025029:0
shared,shared,random_actions,0,30000,1,reference,panel_5,1025029,d457f74c2332335015bd445320e1ea1ff16efdae2b82f3560e79b44c711f1bdf,1,0,32,-0.3200000000000001,0.10960000000000011,11,21,15,7,29,10,1,1.8213969871869002,0.0,0,,random_actions,random_actions:panel_5:0:1025029:1
shared,shared,random_actions,0,30000,1,reference,panel_5,1025030,eae8f9008673c92dfe59abf758f8fbba64acf9ec4510fb4c2b7c9dd7e6ac5d17,0,0,32,-0.3200000000000001,0.09240000000000015,11,21,14,8,28,9,1,1.8176882615494077,0.0,0,,random_actions,random_actions:panel_5:0:1025030:0
shared,shared,random_actions,0,30000,1,reference,panel_5,1025030,eae8f9008673c92dfe59abf758f8fbba64acf9ec4510fb4c2b7c9dd7e6ac5d17,1,0,32,-0.3200000000000001,0.06120000000000014,9,23,14,10,27,10,1,1.816573013022161,0.0,0,,random_actions,random_actions:panel_5:0:1025030:1
shared,shared,random_actions,0,30000,1,reference,panel_5,1025031,c41718e579e9921215b2dcce5d5de2e76116ebee141e56085f9af366355581db,0,1,4,0.96,1.1272,0,4,0,5,4,4,0,0.0,0.0,0,,random_actions,random_actions:panel_5:0:1025031:0
shared,shared,random_actions,0,30000,1,reference,panel_5,1025031,c41718e579e9921215b2dcce5d5de2e76116ebee141e56085f9af366355581db,1,0,32,-0.3200000000000001,0.0020000000000001544,12,20,13,8,28,7,1,1.8901716483410018,0.0,0,,random_actions,random_actions:panel_5:0:1025031:1
shared,shared,random_actions,0,30000,1,reference,panel_5,1025032,b313f66225307f203e954df8420105a6b299a208ece5bf11c959857602a9a689,0,0,32,-0.3200000000000001,0.026400000000000146,8,24,20,5,29,11,1,1.8923231290990012,0.0,0,,random_actions,random_actions:panel_5:0:1025032:0
shared,shared,random_actions,0,30000,1,reference,panel_5,1025032,b313f66225307f203e954df8420105a6b299a208ece5bf11c959857602a9a689,1,0,32,-0.3200000000000001,-0.003599999999999909,8,24,17,8,28,10,1,1.8942930677140017,0.0,0,,random_actions,random_actions:panel_5:0:1025032:1
shared,shared,random_actions,0,30000,1,reference,panel_5,1025033,e99662a7fbbbf6ff3b03c17ea2786ea0084defb64dce59470c28e1b0810ab848,0,0,32,-0.3200000000000001,-0.039199999999999846,10,22,11,12,26,7,1,1.899109521993263,0.0,0,,random_actions,random_actions:panel_5:0:1025033:0
shared,shared,random_actions,0,30000,1,reference,panel_5,1025033,e99662a7fbbbf6ff3b03c17ea2786ea0084defb64dce59470c28e1b0810ab848,1,0,32,-0.3200000000000001,-0.0703999999999999,14,18,10,9,31,9,1,2.0348243674560016,0.0,0,,random_actions,random_actions:panel_5:0:1025033:1
shared,shared,random_actions,0,30000,1,reference,panel_5,1025034,f77bfddbb5e668baf8cba5a25bc73315de3f6249e0122f34a767d0fca5744ca0,0,0,32,-0.3200000000000001,-0.05079999999999994,8,24,14,11,31,12,1,2.017546027457002,0.0,0,,random_actions,random_actions:panel_5:0:1025034:0
shared,shared,random_actions,0,30000,1,reference,panel_5,1025034,f77bfddbb5e668baf8cba5a25bc73315de3f6249e0122f34a767d0fca5744ca0,1,1,15,0.85,1.0472000000000001,5,10,2,9,15,7,0,0.4203454262000008,0.0,0,,random_actions,random_actions:panel_5:0:1025034:1
shared,shared,random_actions,0,30000,1,reference,panel_5,1025035,0456e8e3c37402c6d8fb1374a492d138103eae7dff577f59e9e69d743969a463,0,1,7,0.9299999999999999,1.028,1,6,2,5,7,4,0,0.1879585781000005,0.0,0,,random_actions,random_actions:panel_5:0:1025035:0
shared,shared,random_actions,0,30000,1,reference,panel_5,1025035,0456e8e3c37402c6d8fb1374a492d138103eae7dff577f59e9e69d743969a463,1,1,12,0.88,0.9888,6,6,3,4,12,4,0,0.38162419000000114,0.0,0,,random_actions,random_actions:panel_5:0:1025035:1
shared,shared,random_actions,0,30000,1,reference,panel_5,1025036,6d29403c7f18c9238a81315b3ad944dd91a380a37ebb0de02f8660ef5062f6e8,0,0,32,-0.3200000000000001,0.570000000000001,13,19,15,5,21,5,1,1.3134837716050378,0.0,0,,random_actions,random_actions:panel_5:0:1025036:0
shared,shared,random_actions,0,30000,1,reference,panel_5,1025036,6d29403c7f18c9238a81315b3ad944dd91a380a37ebb0de02f8660ef5062f6e8,1,0,32,-0.3200000000000001,0.5556000000000009,15,17,11,7,21,6,1,1.3206466040592286,0.0,0,,random_actions,random_actions:panel_5:0:1025036:1
shared,shared,random_actions,0,30000,1,reference,panel_5,1025037,b796fd177e7dd73bfc02ca8063737f6348155fca43a0abbfe26acec0a8b72229,0,1,2,0.98,1.0612,0,2,0,3,2,2,0,0.0,0.0,0,,random_actions,random_actions:panel_5:0:1025037:0
shared,shared,random_actions,0,30000,1,reference,panel_5,1025037,b796fd177e7dd73bfc02ca8063737f6348155fca43a0abbfe26acec0a8b72229,1,1,4,0.96,1.0448,2,2,0,3,4,2,0,0.0782090000000002,0.0,0,,random_actions,random_actions:panel_5:0:1025037:1
shared,shared,random_actions,0,30000,1,reference,panel_5,1025038,0b4ed6499de9f0ceed5ba20363d9f9b89bcbe65bc487bc4c8998f9cbc9a30584,0,1,5,0.95,0.9996,0,5,1,5,5,3,0,0.1540717300000003,0.0,0,,random_actions,random_actions:panel_5:0:1025038:0
shared,shared,random_actions,0,30000,1,reference,panel_5,1025038,0b4ed6499de9f0ceed5ba20363d9f9b89bcbe65bc487bc4c8998f9cbc9a30584,1,1,1,0.99,1.03,0,1,0,2,1,1,0,0.0,0.0,0,,random_actions,random_actions:panel_5:0:1025038:1
shared,shared,random_actions,0,30000,1,reference,panel_5,1025039,d4b5f1f783bb2c42612f7219fc1cee2568dfb497fa608188d26e0261e31cb8d9,0,1,14,0.86,1.0304,3,11,2,10,14,7,0,0.4042692534140009,0.0,0,,random_actions,random_actions:panel_5:0:1025039:0
shared,shared,random_actions,0,30000,1,reference,panel_5,1025039,d4b5f1f783bb2c42612f7219fc1cee2568dfb497fa608188d26e0261e31cb8d9,1,0,32,-0.3200000000000001,-0.043999999999999914,12,20,8,13,28,7,1,1.9294164061106103,0.0,0,,random_actions,random_actions:panel_5:0:1025039:1
shared,shared,random_actions,0,30000,1,reference,panel_5,1025040,1cae03417ae6ae59963d895334443e79f53af1681840c144a32d699623c5e687,0,1,23,0.7699999999999999,0.8556,6,17,10,8,23,9,0,0.8544869200000015,0.0,0,,random_actions,random_actions:panel_5:0:1025040:0
shared,shared,random_actions,0,30000,1,reference,panel_5,1025040,1cae03417ae6ae59963d895334443e79f53af1681840c144a32d699623c5e687,1,1,11,0.89,0.9588,4,7,3,5,11,4,0,0.3805046500000009,0.0,0,,random_actions,random_actions:panel_5:0:1025040:1
shared,shared,random_actions,0,30000,1,reference,panel_5,1025041,783793fc604733819d6a1710240a5b0f6c55546bccdee93f5e0e8cae7af234ab,0,0,32,-0.3200000000000001,-0.0647999999999998,7,25,13,13,28,10,1,1.9596449046018711,0.0,0,,random_actions,random_actions:panel_5:0:1025041:0
shared,shared,random_actions,0,30000,1,reference,panel_5,1025041,783793fc604733819d6a1710240a5b0f6c55546bccdee93f5e0e8cae7af234ab,1,1,15,0.85,0.9552,5,10,6,5,15,6,0,0.5077630000000009,0.0,0,,random_actions,random_actions:panel_5:0:1025041:1
shared,shared,random_actions,0,30000,1,reference,panel_5,1025042,5cb904d108d430c50a7bd88b866368742717dc72db96e921990192b6189355e7,0,0,32,-0.3200000000000001,-0.04279999999999985,5,27,13,15,29,11,1,1.9578143963512336,0.0,0,,random_actions,random_actions:panel_5:0:1025042:0
shared,shared,random_actions,0,30000,1,reference,panel_5,1025042,5cb904d108d430c50a7bd88b866368742717dc72db96e921990192b6189355e7,1,0,32,-0.3200000000000001,-0.03799999999999998,12,20,9,12,28,8,1,1.9354053594840024,0.0,0,,random_actions,random_actions:panel_5:0:1025042:1
shared,shared,random_actions,0,30000,1,reference,panel_5,1025043,4a4fa82f81943563b46a2f35d0bc5eecfc7bfc5504559ea3175223fa91c09cda,0,1,15,0.85,1.0956000000000001,2,13,5,9,15,9,0,0.3760211626570009,0.0,0,,random_actions,random_actions:panel_5:0:1025043:0
shared,shared,random_actions,0,30000,1,reference,panel_5,1025043,4a4fa82f81943563b46a2f35d0bc5eecfc7bfc5504559ea3175223fa91c09cda,1,0,32,-0.3200000000000001,-0.0071999999999999426,12,20,14,7,30,10,1,1.9486745996140022,0.0,0,,random_actions,random_actions:panel_5:0:1025043:1
shared,shared,random_actions,0,30000,1,reference,panel_5,1025044,b45ca5cb2293626f97098eff7d3a2a347c0bd9d8dfedf34cf26da982d76a9fa4,0,1,29,0.71,1.0204000000000002,10,19,10,10,29,12,0,0.8863646990908428,0.0,0,,random_actions,random_actions:panel_5:0:1025044:0
shared,shared,random_actions,0,30000,1,reference,panel_5,1025044,b45ca5cb2293626f97098eff7d3a2a347c0bd9d8dfedf34cf26da982d76a9fa4,1,0,32,-0.3200000000000001,-0.013199999999999892,14,18,14,5,31,10,1,1.9824272496772923,0.0,0,,random_actions,random_actions:panel_5:0:1025044:1
shared,shared,random_actions,0,30000,1,reference,panel_5,1025045,c596b74a2d24f353b10e4ddcd9cccdc272e495664f37b179bc7e07e70cdffda2,0,1,2,0.98,1.0612,0,2,0,3,2,2,0,0.0,0.0,0,,random_actions,random_actions:panel_5:0:1025045:0
shared,shared,random_actions,0,30000,1,reference,panel_5,1025045,c596b74a2d24f353b10e4ddcd9cccdc272e495664f37b179bc7e07e70cdffda2,1,1,3,0.97,1.0524,1,2,0,3,3,2,0,0.03970000000000007,0.0,0,,random_actions,random_actions:panel_5:0:1025045:1
shared,shared,random_actions,0,30000,1,reference,panel_5,1025046,4fe61f58b8f18e83fa3c6e1d041b1c77c111b4700ece9d5118acca5fc80b8ff6,0,0,32,-0.3200000000000001,-0.04159999999999989,21,11,8,4,28,4,1,1.931873352513001,0.0,0,,random_actions,random_actions:panel_5:0:1025046:0
shared,shared,random_actions,0,30000,1,reference,panel_5,1025046,4fe61f58b8f18e83fa3c6e1d041b1c77c111b4700ece9d5118acca5fc80b8ff6,1,0,32,-0.3200000000000001,-0.004399999999999807,13,19,13,7,27,6,1,1.8697658451540593,0.0,0,,random_actions,random_actions:panel_5:0:1025046:1
shared,shared,random_actions,0,30000,1,reference,panel_5,1025047,2b4b81b6991359172ebc234a58e0873fed969c2101d093f61cba0ae519e174d5,0,1,14,0.86,1.0124,7,7,4,4,14,5,0,0.421359920000001,0.0,0,,random_actions,random_actions:panel_5:0:1025047:0
shared,shared,random_actions,0,30000,1,reference,panel_5,1025047,2b4b81b6991359172ebc234a58e0873fed969c2101d093f61cba0ae519e174d5,1,1,5,0.95,1.0784,2,3,0,4,5,3,0,0.07701800000000025,0.0,0,,random_actions,random_actions:panel_5:0:1025047:1
shared,shared,random_actions,0,30000,1,reference,panel_5,1025048,cdbc1efaeacb4e6cede0a766267e7137618102a9c522608cd64022b808b8cfa2,0,0,32,-0.3200000000000001,-0.04879999999999993,10,22,12,11,28,8,1,1.9375772982762918,0.0,0,,random_actions,random_actions:panel_5:0:1025048:0
shared,shared,random_actions,0,30000,1,reference,panel_5,1025048,cdbc1efaeacb4e6cede0a766267e7137618102a9c522608cd64022b808b8cfa2,1,1,32,0.6799999999999999,0.9152,3,29,18,12,32,16,0,1.0767414074570023,0.0,0,,random_actions,random_actions:panel_5:0:1025048:1
shared,shared,random_actions,0,30000,1,reference,panel_5,1025049,5cd7da79a7dc947d224337513385bfa3ce029c0cbfff0f65c5d03e0a0b5658f1,0,1,10,0.9,0.9628,1,9,4,6,10,5,0,0.3454971900000007,0.0,0,,random_actions,random_actions:panel_5:0:1025049:0
shared,shared,random_actions,0,30000,1,reference,panel_5,1025049,5cd7da79a7dc947d224337513385bfa3ce029c0cbfff0f65c5d03e0a0b5658f1,1,0,32,-0.3200000000000001,-0.14679999999999988,4,28,18,11,29,12,1,2.0603580411255815,0.0,0,,random_actions,random_actions:panel_5:0:1025049:1
shared,shared,random_actions,0,30000,1,reference,panel_5,1025050,1ffc9585b5af4f8907a299c61147315a94fa8e68f2840d65019d5c5bf519dce3,0,0,32,-0.3200000000000001,-0.10799999999999987,11,21,14,8,30,9,1,2.0475290383420015,0.0,0,,random_actions,random_actions:panel_5:0:1025050:0
shared,shared,random_actions,0,30000,1,reference,panel_5,1025050,1ffc9585b5af4f8907a299c61147315a94fa8e68f2840d65019d5c5bf519dce3,1,1,6,0.94,1.0308,0,6,1,6,6,4,0,0.1540717300000003,0.0,0,,random_actions,random_actions:panel_5:0:1025050:1
shared,shared,random_actions,0,30000,1,reference,panel_5,1025051,35129050a9b126fc6da790129ba3a875f0b5b73708e1685718d32b3dd1431cff,0,0,32,-0.3200000000000001,-0.029199999999999837,5,27,21,7,29,12,1,1.9452676898570014,0.0,0,,random_actions,random_actions:panel_5:0:1025051:0
shared,shared,random_actions,0,30000,1,reference,panel_5,1025051,35129050a9b126fc6da790129ba3a875f0b5b73708e1685718d32b3dd1431cff,1,1,29,0.71,1.0092,5,24,13,12,29,14,0,0.8956296252265525,0.0,0,,random_actions,random_actions:panel_5:0:1025051:1
shared,shared,random_actions,0,30000,1,reference,panel_5,1025053,6580e0ff1504b8cfd4cac3ede4b68748b484fcb42efb7a4aafb58db8241e702d,0,1,15,0.85,0.9176,4,11,6,6,15,6,0,0.5451167300000009,0.0,0,,random_actions,random_actions:panel_5:0:1025053:0
shared,shared,random_actions,0,30000,1,reference,panel_5,1025053,6580e0ff1504b8cfd4cac3ede4b68748b484fcb42efb7a4aafb58db8241e702d,1,0,32,-0.3200000000000001,-0.10239999999999971,6,26,17,10,28,9,1,1.992027481469103,0.0,0,,random_actions,random_actions:panel_5:0:1025053:1
shared,shared,random_actions,0,30000,1,reference,panel_5,1025054,884d22a7c86320a7941e0590d1210061b99613bb1ab147924dad49b603da985d,0,0,32,-0.3200000000000001,-0.0652,10,22,15,8,31,11,1,2.031205574300002,0.0,0,,random_actions,random_actions:panel_5:0:1025054:0
shared,shared,random_actions,0,30000,1,reference,panel_5,1025054,884d22a7c86320a7941e0590d1210061b99613bb1ab147924dad49b603da985d,1,0,32,-0.3200000000000001,-0.029199999999999865,8,24,18,7,29,11,1,1.9431273211280016,0.0,0,,random_actions,random_actions:panel_5:0:1025054:1
shared,shared,random_actions,0,30000,1,reference,panel_5,1025055,8eb432cd0600d5b57645247a7fe359b693d01c25e7a15d4e1b2f52e8cf071c5f,0,0,32,-0.3200000000000001,-0.011199999999999904,10,22,13,10,27,10,1,1.8840224195458717,0.0,0,,random_actions,random_actions:panel_5:0:1025055:0
shared,shared,random_actions,0,30000,1,reference,panel_5,1025055,8eb432cd0600d5b57645247a7fe359b693d01c25e7a15d4e1b2f52e8cf071c5f,1,0,32,-0.3200000000000001,0.021200000000000163,11,21,13,9,30,10,1,1.9244343817439007,0.0,0,,random_actions,random_actions:panel_5:0:1025055:1
shared,shared,random_actions,0,30000,1,reference,panel_5,1025056,bda0093363ce425ada5165ec267d549826148b685829094c7a1f68902a679786,0,1,26,0.74,1.094,4,22,12,11,26,14,0,0.7257100426985521,0.0,0,,random_actions,random_actions:panel_5:0:1025056:0
shared,shared,random_actions,0,30000,1,reference,panel_5,1025056,bda0093363ce425ada5165ec267d549826148b685829094c7a1f68902a679786,1,0,32,-0.3200000000000001,0.09040000000000013,11,21,12,10,29,10,1,1.83777319244103,0.0,0,,random_actions,random_actions:panel_5:0:1025056:1
shared,shared,random_actions,0,30000,1,reference,panel_5,1025057,dd995b127324a855d55a9ba4a1fcfdad05155972cd519029816e5c05399f7fa2,0,0,32,-0.3200000000000001,0.0020000000000000295,16,16,13,4,28,7,1,1.8912586418840016,0.0,0,,random_actions,random_actions:panel_5:0:1025057:0
shared,shared,random_actions,0,30000,1,reference,panel_5,1025057,dd995b127324a855d55a9ba4a1fcfdad05155972cd519029816e5c05399f7fa2,1,1,15,0.85,1.0424,1,14,6,9,15,9,0,0.4248614600000008,0.0,0,,random_actions,random_actions:panel_5:0:1025057:1
shared,shared,random_actions,0,30000,1,reference,panel_5,1025058,4ad5674dad5289d1f3b0b03a925cb9ba32c2b0dda34d9945141d49991f6df8b4,0,1,19,0.8099999999999999,1.0336,3,16,7,10,19,10,0,0.5582369769570011,0.0,0,,random_actions,random_actions:panel_5:0:1025058:0
shared,shared,random_actions,0,30000,1,reference,panel_5,1025058,4ad5674dad5289d1f3b0b03a925cb9ba32c2b0dda34d9945141d49991f6df8b4,1,0,32,-0.3200000000000001,0.04160000000000019,9,23,16,8,29,10,1,1.8815288902557694,0.0,0,,random_actions,random_actions:panel_5:0:1025058:1
shared,shared,random_actions,0,30000,1,reference,panel_5,1025059,61855073b8bf4514a91f43871731a29fdc3d170b18e95a3226a48889b75a262f,0,0,32,-0.3200000000000001,-0.17559999999999998,8,24,14,11,28,8,1,2.057819226071002,0.0,0,,random_actions,random_actions:panel_5:0:1025059:0
shared,shared,random_actions,0,30000,1,reference,panel_5,1025059,61855073b8bf4514a91f43871731a29fdc3d170b18e95a3226a48889b75a262f,1,0,32,-0.3200000000000001,-0.1588,9,23,12,12,30,9,1,2.095213025942002,0.0,0,,random_actions,random_actions:panel_5:0:1025059:1
shared,shared,random_actions,0,30000,1,reference,panel_5,1025060,3440fedb6ef6473ab84f5d5030d949266735aa4ce89973d8a291076606c14ac4,0,0,32,-0.3200000000000001,-0.043999999999999886,9,23,14,10,30,10,1,1.9847524752270307,0.0,0,,random_actions,random_actions:panel_5:0:1025060:0
shared,shared,random_actions,0,30000,1,reference,panel_5,1025060,3440fedb6ef6473ab84f5d5030d949266735aa4ce89973d8a291076606c14ac4,1,0,32,-0.3200000000000001,-0.0439999999999999,8,24,11,14,27,9,1,1.9104400804941615,0.0,0,,random_actions,random_actions:panel_5:0:1025060:1
shared,shared,random_actions,0,30000,1,reference,panel_5,1025061,c1a1fdc1bdb32b8fc3d121c2e320d051b010768708db361929bb3da0a7b9f9c6,0,1,7,0.9299999999999999,1.0268,1,6,3,4,7,4,0,0.1890791900000005,0.0,0,,random_actions,random_actions:panel_5:0:1025061:0
shared,shared,random_actions,0,30000,1,reference,panel_5,1025061,c1a1fdc1bdb32b8fc3d121c2e320d051b010768708db361929bb3da0a7b9f9c6,1,1,22,0.7799999999999999,0.9332,6,16,7,10,22,9,0,0.7476281541710013,0.0,0,,random_actions,random_actions:panel_5:0:1025061:1
shared,shared,random_actions,0,30000,1,reference,panel_5,1025062,2be05a64dcd17d9032c4764e6e2c91acaf73d58de613d8d740eee3e6898b8e70,0,1,31,0.69,0.9520000000000001,13,18,8,11,31,11,0,1.0114894155570013,0.0,0,,random_actions,random_actions:panel_5:0:1025062:0
shared,shared,random_actions,0,30000,1,reference,panel_5,1025062,2be05a64dcd17d9032c4764e6e2c91acaf73d58de613d8d740eee3e6898b8e70,1,1,32,0.6799999999999999,0.9336000000000001,10,22,14,9,32,13,0,1.060224666700002,0.0,0,,random_actions,random_actions:panel_5:0:1025062:1
shared,shared,random_actions,0,30000,1,reference,panel_5,1025063,482aaf640b6a3beb996d25e4e3dc52cac293bccb559b805923c92a20ed28a925,0,1,18,0.82,0.9372,4,14,8,7,18,8,0,0.6185974600000013,0.0,0,,random_actions,random_actions:panel_5:0:1025063:0
shared,shared,random_actions,0,30000,1,reference,panel_5,1025063,482aaf640b6a3beb996d25e4e3dc52cac293bccb559b805923c92a20ed28a925,1,0,32,-0.3200000000000001,-0.10559999999999997,8,24,16,9,28,10,1,1.9960964998570017,0.0,0,,random_actions,random_actions:panel_5:0:1025063:1
shared,shared,random_actions,0,30000,1,reference,panel_5,1025064,1183e2d0916953bc5637657997eaaaaf5c729624c668d2b9313905e3e257c158,0,0,32,-0.3200000000000001,-0.016399999999999804,8,24,13,12,26,9,1,1.867091778124334,0.0,0,,random_actions,random_actions:panel_5:0:1025064:0
shared,shared,random_actions,0,30000,1,reference,panel_5,1025064,1183e2d0916953bc5637657997eaaaaf5c729624c668d2b9313905e3e257c158,1,1,21,0.7899999999999999,0.9832000000000001,6,15,4,12,21,9,0,0.668195607714001,0.0,0,,random_actions,random_actions:panel_5:0:1025064:1
shared,shared,random_actions,1,30000,1,reference,panel_5,1025000,45b752a29cbae0f5b7953a1c5f48796a9449adb27bb6b576f014c409607ee439,0,0,32,-0.3200000000000001,0.02160000000000009,8,24,17,8,30,12,1,1.9245266108028705,0.0,0,,random_actions,random_actions:panel_5:1:1025000:0
shared,shared,random_actions,1,30000,1,reference,panel_5,1025000,45b752a29cbae0f5b7953a1c5f48796a9449adb27bb6b576f014c409607ee439,1,0,32,-0.3200000000000001,0.027600000000000097,9,23,11,13,31,12,1,1.9463183298473203,0.0,0,,random_actions,random_actions:panel_5:1:1025000:1
shared,shared,random_actions,1,30000,1,reference,panel_5,1025001,a55ca2c2843fec638678154515a0062a8bd0660ea4d0d2f7f9be223f21c6bc67,0,0,32,-0.3200000000000001,0.12640000000000015,14,18,11,8,28,8,1,1.7837299553498853,0.0,0,,random_actions,random_actions:panel_5:1:1025001:0
shared,shared,random_actions,1,30000,1,reference,panel_5,1025001,a55ca2c2843fec638678154515a0062a8bd0660ea4d0d2f7f9be223f21c6bc67,1,0,32,-0.3200000000000001,0.1660000000000002,27,5,4,2,26,2,1,1.706061487336624,0.0,0,,random_actions,random_actions:panel_5:1:1025001:1
shared,shared,random_actions,1,30000,1,reference,panel_5,1025002,43ee6e1ba64b867ff579a1deff55abf989f2cd3d99a609b68f84bbf350c61a62,0,1,29,0.71,0.8352,6,23,13,11,29,12,0,1.0612391605000022,0.0,0,,random_actions,random_actions:panel_5:1:1025002:0
shared,shared,random_actions,1,30000,1,reference,panel_5,1025002,43ee6e1ba64b867ff579a1deff55abf989f2cd3d99a609b68f84bbf350c61a62,1,0,32,-0.3200000000000001,-0.18279999999999996,11,21,17,5,32,10,1,2.1721450805000027,0.0,0,,random_actions,random_actions:panel_5:1:1025002:1
shared,shared,random_actions,1,30000,1,reference,panel_5,1025003,9c56969adba8406ccd92736c6c6ff4bae65b614bd38389b3701347eab04a44da,0,0,32,-0.3200000000000001,-0.14639999999999997,9,23,16,8,31,11,1,2.1072731015140023,0.0,0,,random_actions,random_actions:panel_5:1:1025003:0
shared,shared,random_actions,1,30000,1,reference,panel_5,1025003,9c56969adba8406ccd92736c6c6ff4bae65b614bd38389b3701347eab04a44da,1,1,32,0.6799999999999999,0.8812000000000002,10,22,10,13,32,12,0,1.1098196308710018,0.0,0,,random_actions,random_actions:panel_5:1:1025003:1
shared,shared,random_actions,1,30000,1,reference,panel_5,1025004,6d2a7c883e42e2cf089187970de8da261741de9b1b5333f6de1992c9c76094aa,0,1,15,0.85,0.9612,1,14,7,8,15,8,0,0.501915190000001,0.0,0,,random_actions,random_actions:panel_5:1:1025004:0
shared,shared,random_actions,1,30000,1,reference,panel_5,1025004,6d2a7c883e42e2cf089187970de8da261741de9b1b5333f6de1992c9c76094aa,1,1,7,0.9299999999999999,1.0196,1,6,3,4,7,4,0,0.19611800000000024,0.0,0,,random_actions,random_actions:panel_5:1:1025004:1
shared,shared,random_actions,1,30000,1,reference,panel_5,1025005,0c7af214bc66e3ea9972ebe04e88adec503bb64c66cf315f725ccfb62f0a6ce1,0,0,32,-0.3200000000000001,-0.10399999999999994,8,24,14,11,31,12,1,2.066282350500002,0.0,0,,random_actions,random_actions:panel_5:1:1025005:0
shared,shared,random_actions,1,30000,1,reference,panel_5,1025005,0c7af214bc66e3ea9972ebe04e88adec503bb64c66cf315f725ccfb62f0a6ce1,1,1,24,0.7599999999999999,0.9496,7,17,7,11,24,10,0,0.7938459243000016,0.0,0,,random_actions,random_actions:panel_5:1:1025005:1
shared,shared,random_actions,1,30000,1,reference,panel_5,1025006,5d5cbbd72fa51621cee1a8f9252ef7da141fa91a8d7f1cb854f7b4783d6bfd09,0,1,17,0.83,0.8964000000000001,10,7,4,4,17,4,0,0.6280540000000011,0.0,0,,random_actions,random_actions:panel_5:1:1025006:0
shared,shared,random_actions,1,30000,1,reference,panel_5,1025006,5d5cbbd72fa51621cee1a8f9252ef7da141fa91a8d7f1cb854f7b4783d6bfd09,1,1,6,0.94,0.9884000000000001,3,3,1,3,6,2,0,0.19611800000000035,0.0,0,,random_actions,random_actions:panel_5:1:1025006:1
shared,shared,random_actions,1,30000,1,reference,panel_5,1025007,f8a7c4a59f0a5d2908879e6c15bc688fafd20715930a92ffd9aa9136c6830e07,0,1,2,0.98,1.0612,0,2,0,3,2,2,0,0.0,0.0,0,,random_actions,random_actions:panel_5:1:1025007:0
shared,shared,random_actions,1,30000,1,reference,panel_5,1025007,f8a7c4a59f0a5d2908879e6c15bc688fafd20715930a92ffd9aa9136c6830e07,1,1,9,0.91,1.0056,3,6,3,4,9,4,0,0.27194500000000055,0.0,0,,random_actions,random_actions:panel_5:1:1025007:1
shared,shared,random_actions,1,30000,1,reference,panel_5,1025008,41920ef9d2617fcb2613f83c9fcc00047abea7df06cccc8bb0c8c418565f1efc,0,1,22,0.7799999999999999,1.0748000000000002,5,17,7,11,22,11,0,0.6152836567622909,0.0,0,,random_actions,random_actions:panel_5:1:1025008:0
shared,shared,random_actions,1,30000,1,reference,panel_5,1025008,41920ef9d2617fcb2613f83c9fcc00047abea7df06cccc8bb0c8c418565f1efc,1,0,32,-0.3200000000000001,0.06960000000000012,7,25,18,8,28,12,1,1.8314011501482912,0.0,0,,random_actions,random_actions:panel_5:1:1025008:1
shared,shared,random_actions,1,30000,1,reference,panel_5,1025009,d87de750bc2d817fa5e32ef6aeee984ad3ffd90a1fd7e28c3f33ec8cf295f406,0,1,25,0.7499999999999999,0.9576,8,17,10,8,25,10,0,0.8175086329000012,0.0,0,,random_actions,random_actions:panel_5:1:1025009:0
shared,shared,random_actions,1,30000,1,reference,panel_5,1025009,d87de750bc2d817fa5e32ef6aeee984ad3ffd90a1fd7e28c3f33ec8cf295f406,1,0,32,-0.3200000000000001,-0.0931999999999999,11,21,13,9,32,11,1,2.0858264549888714,0.0,0,,random_actions,random_actions:panel_5:1:1025009:1
shared,shared,random_actions,1,30000,1,reference,panel_5,1025010,27321007dce23b1b2e28a5f545a5460fc3c1026a1d0773f3b10d3c10f72a2d96,0,1,5,0.95,1.0796000000000001,0,5,2,4,5,4,0,0.07586273000000021,0.0,0,,random_actions,random_actions:panel_5:1:1025010:0
shared,shared,random_actions,1,30000,1,reference,panel_5,1025010,27321007dce23b1b2e28a5f545a5460fc3c1026a1d0773f3b10d3c10f72a2d96,1,0,32,-0.3200000000000001,-0.07999999999999985,16,16,10,7,29,7,1,1.9916924010000017,0.0,0,,random_actions,random_actions:panel_5:1:1025010:1
shared,shared,random_actions,1,30000,1,reference,panel_5,1025011,ae42ff8a8fa093769968ad4e77cd483737efb133e7524cdffa117f465e7f0702,0,1,9,0.91,0.9644,4,5,3,3,9,3,0,0.31283600000000056,0.0,0,,random_actions,random_actions:panel_5:1:1025011:0
shared,shared,random_actions,1,30000,1,reference,panel_5,1025011,ae42ff8a8fa093769968ad4e77cd483737efb133e7524cdffa117f465e7f0702,1,1,1,0.99,1.03,0,1,0,2,1,1,0,0.0,0.0,0,,random_actions,random_actions:panel_5:1:1025011:1
shared,shared,random_actions,1,30000,1,reference,panel_5,1025012,8882287e64fa7dc98d6589e59e0525c926e01f7d92b72375f6b2809f149f73e7,0,0,32,-0.3200000000000001,-0.11279999999999989,9,23,14,10,31,11,1,2.076353820871002,0.0,0,,random_actions,random_actions:panel_5:1:1025012:0
shared,shared,random_actions,1,30000,1,reference,panel_5,1025012,8882287e64fa7dc98d6589e59e0525c926e01f7d92b72375f6b2809f149f73e7,1,1,28,0.72,0.8864,4,24,13,12,28,13,0,0.9797009034140021,0.0,0,,random_actions,random_actions:panel_5:1:1025012:1
shared,shared,random_actions,1,30000,1,reference,panel_5,1025013,3399930256a6a9edacf48bc575066d30421677ad8eeebed34fc5bccaa6c8ceb0,0,1,21,0.7899999999999999,0.9420000000000001,5,16,7,10,21,9,0,0.7082023952482915,0.0,0,,random_actions,random_actions:panel_5:1:1025013:0
shared,shared,random_actions,1,30000,1,reference,panel_5,1025013,3399930256a6a9edacf48bc575066d30421677ad8eeebed34fc5bccaa6c8ceb0,1,0,32,-0.3200000000000001,-0.11879999999999985,9,23,14,10,29,10,1,2.029181612014002,0.0,0,,random_actions,random_actions:panel_5:1:1025013:1
shared,shared,random_actions,1,30000,1,reference,panel_5,1025014,1734086f7ea97d634016a3abcb61d9690d644e9e573256a902d21e1ea8aab7b2,0,1,13,0.87,1.0152,6,7,2,6,13,5,0,0.38754346000000073,0.0,0,,random_actions,random_actions:panel_5:1:1025014:0
shared,shared,random_actions,1,30000,1,reference,panel_5,1025014,1734086f7ea97d634016a3abcb61d9690d644e9e573256a902d21e1ea8aab7b2,1,1,8,0.9199999999999999,1.0616,5,3,0,4,8,3,0,0.18676865000000042,0.0,0,,random_actions,random_actions:panel_5:1:1025014:1
shared,shared,random_actions,1,30000,1,reference,panel_5,1025015,69eb9b7a9f1670381e6c7c063a054c16c2969b9191fa3ed21be9a47fc5c95d00,0,1,22,0.7799999999999999,0.954,1,21,10,12,22,12,0,0.7271571100000016,0.0,0,,random_actions,random_actions:panel_5:1:1025015:0
shared,shared,random_actions,1,30000,1,reference,panel_5,1025015,69eb9b7a9f1670381e6c7c063a054c16c2969b9191fa3ed21be9a47fc5c95d00,1,1,14,0.86,1.0088,3,11,5,7,14,7,0,0.4248971900000008,0.0,0,,random_actions,random_actions:panel_5:1:1025015:1
shared,shared,random_actions,1,30000,1,reference,panel_5,1025016,a0ba4cb8cd6500255a28d4a6453334a3138b99dfad8d5dd3a3962f2fa24177ca,0,0,32,-0.3200000000000001,0.03840000000000014,7,25,16,10,29,11,1,1.8827409511878717,0.0,0,,random_actions,random_actions:panel_5:1:1025016:0
shared,shared,random_actions,1,30000,1,reference,panel_5,1025016,a0ba4cb8cd6500255a28d4a6453334a3138b99dfad8d5dd3a3962f2fa24177ca,1,0,32,-0.3200000000000001,0.0336000000000001,1,31,23,9,30,15,1,1.9152833155535811,0.0,0,,random_actions,random_actions:panel_5:1:1025016:1
shared,shared,random_actions,1,30000,1,reference,panel_5,1025017,90aae1f2f41a44d84b87b7c386497825ed36bcaf8755d8d59e19a981c54403a9,0,1,2,0.98,1.0612,0,2,0,3,2,2,0,0.0,0.0,0,,random_actions,random_actions:panel_5:1:1025017:0
shared,shared,random_actions,1,30000,1,reference,panel_5,1025017,90aae1f2f41a44d84b87b7c386497825ed36bcaf8755d8d59e19a981c54403a9,1,1,14,0.86,0.9724,4,10,6,5,14,6,0,0.4598689200000011,0.0,0,,random_actions,random_actions:panel_5:1:1025017:1
shared,shared,random_actions,1,30000,1,reference,panel_5,1025018,1f52bef992026d1406d67f3ddc1fe600cff662c8915b9877f88b0674057a5b49,0,0,32,-0.3200000000000001,0.08760000000000012,7,25,19,7,27,10,1,1.7900108521943063,0.0,0,,random_actions,random_actions:panel_5:1:1025018:0
shared,shared,random_actions,1,30000,1,reference,panel_5,1025018,1f52bef992026d1406d67f3ddc1fe600cff662c8915b9877f88b0674057a5b49,1,0,32,-0.3200000000000001,0.06480000000000008,6,26,19,8,29,12,1,1.8624754178565526,0.0,0,,random_actions,random_actions:panel_5:1:1025018:1
shared,shared,random_actions,1,30000,1,reference,panel_5,1025019,ef1054b2ba3b417888faade171560510802db2ca9f7c18a5fc84e3dd5ccf580f,0,0,32,-0.3200000000000001,0.08080000000000014,12,20,14,7,29,10,1,1.8441290478231602,0.0,0,,random_actions,random_actions:panel_5:1:1025019:0
shared,shared,random_actions,1,30000,1,reference,panel_5,1025019,ef1054b2ba3b417888faade171560510802db2ca9f7c18a5fc84e3dd5ccf580f,1,0,32,-0.3200000000000001,0.059200000000000086,9,23,13,11,30,12,1,1.8915839317521606,0.0,0,,random_actions,random_actions:panel_5:1:1025019:1
shared,shared,random_actions,1,30000,1,reference,panel_5,1025020,3d2184318a05f6c1b6ee6ff15d10e697891dfdb531232711c363deefcf65647a,0,1,1,0.99,1.03,0,1,0,2,1,1,0,0.0,0.0,0,,random_actions,random_actions:panel_5:1:1025020:0
shared,shared,random_actions,1,30000,1,reference,panel_5,1025020,3d2184318a05f6c1b6ee6ff15d10e697891dfdb531232711c363deefcf65647a,1,1,1,0.99,1.03,0,1,0,2,1,1,0,0.0,0.0,0,,random_actions,random_actions:panel_5:1:1025020:1
shared,shared,random_actions,1,30000,1,reference,panel_5,1025021,be895431f2b1357e47cd16312bdca147b53744385646a58236861b4fa4de6a53,0,1,2,0.98,1.0612,0,2,0,3,2,2,0,0.0,0.0,0,,random_actions,random_actions:panel_5:1:1025021:0
shared,shared,random_actions,1,30000,1,reference,panel_5,1025021,be895431f2b1357e47cd16312bdca147b53744385646a58236861b4fa4de6a53,1,0,32,-0.3200000000000001,-0.08519999999999972,14,18,10,9,27,5,1,1.9561524097912906,0.0,0,,random_actions,random_actions:panel_5:1:1025021:1
shared,shared,random_actions,1,30000,1,reference,panel_5,1025022,cb12e9d32b61ec1a58c0622f694a3229e4772782bb062cfd31a1083c6e3d260c,0,0,32,-0.3200000000000001,-0.0027999999999998304,7,25,15,11,28,11,1,1.8948528116231609,0.0,0,,random_actions,random_actions:panel_5:1:1025022:0
shared,shared,random_actions,1,30000,1,reference,panel_5,1025022,cb12e9d32b61ec1a58c0622f694a3229e4772782bb062cfd31a1083c6e3d260c,1,0,32,-0.3200000000000001,0.017600000000000116,14,18,10,9,27,8,1,1.85708787713087,0.0,0,,random_actions,random_actions:panel_5:1:1025022:1
shared,shared,random_actions,1,30000,1,reference,panel_5,1025023,b28b75aa5db49b3e010ff115651fad6fec595165ad4316b13bbe410925a99f5a,0,0,32,-0.3200000000000001,0.08920000000000014,13,19,9,11,29,9,1,1.8343104704777398,0.0,0,,random_actions,random_actions:panel_5:1:1025023:0
shared,shared,random_actions,1,30000,1,reference,panel_5,1025023,b28b75aa5db49b3e010ff115651fad6fec595165ad4316b13bbe410925a99f5a,1,0,32,-0.3200000000000001,0.11440000000000013,15,17,14,4,27,7,1,1.7642286335134794,0.0,0,,random_actions,random_actions:panel_5:1:1025023:1
shared,shared,random_actions,1,30000,1,reference,panel_5,1025024,24cf662346dc58f22f34ee5ed855172ecd00081863418d8e0edb034b18e72eaf,0,1,3,0.97,1.0936,0,3,0,4,3,3,0,0.0,0.0,0,,random_actions,random_actions:panel_5:1:1025024:0
shared,shared,random_actions,1,30000,1,reference,panel_5,1025024,24cf662346dc58f22f34ee5ed855172ecd00081863418d8e0edb034b18e72eaf,1,1,5,0.95,1.082,0,5,1,5,5,4,0,0.07358684810000016,0.0,0,,random_actions,random_actions:panel_5:1:1025024:1
shared,shared,random_actions,1,30000,1,reference,panel_5,1025025,1fae62bfe9c957f8d533230eb664e6644bb181242c419374bc6a2b3178896d1f,0,0,32,-0.3200000000000001,-0.09839999999999988,7,25,19,7,29,10,1,2.008970740999002,0.0,0,,random_actions,random_actions:panel_5:1:1025025:0
shared,shared,random_actions,1,30000,1,reference,panel_5,1025025,1fae62bfe9c957f8d533230eb664e6644bb181242c419374bc6a2b3178896d1f,1,0,32,-0.3200000000000001,-0.11999999999999987,11,21,15,7,30,10,1,2.054926861000002,0.0,0,,random_actions,random_actions:panel_5:1:1025025:1
shared,shared,random_actions,1,30000,1,reference,panel_5,1025026,e91cd7f5fa1ca4937ceceddae663c130e6ff4049f35cfcb493432de74229ab6b,0,1,25,0.7499999999999999,1.006,7,18,7,12,25,11,0,0.7731291195458709,0.0,0,,random_actions,random_actions:panel_5:1:1025026:0
shared,shared,random_actions,1,30000,1,reference,panel_5,1025026,e91cd7f5fa1ca4937ceceddae663c130e6ff4049f35cfcb493432de74229ab6b,1,0,32,-0.3200000000000001,-0.001599999999999796,7,25,17,9,29,11,1,1.9200274444738712,0.0,0,,random_actions,random_actions:panel_5:1:1025026:1
shared,shared,random_actions,1,30000,1,reference,panel_5,1025027,14c443e061e11bd8af3c9f0a3d3ae2047cc4f81ab5f3acc6c4d60a6c40ba268c,0,1,3,0.97,1.0136,0,3,0,4,3,2,0,0.07820900000000008,0.0,0,,random_actions,random_actions:panel_5:1:1025027:0
shared,shared,random_actions,1,30000,1,reference,panel_5,1025027,14c443e061e11bd8af3c9f0a3d3ae2047cc4f81ab5f3acc6c4d60a6c40ba268c,1,1,16,0.84,0.9268000000000001,5,11,5,7,16,6,0,0.5673783462000012,0.0,0,,random_actions,random_actions:panel_5:1:1025027:1
shared,shared,random_actions,1,30000,1,reference,panel_5,1025028,1845720a2af3b3475ca3a4a8726557b6204bc4266b6c3d58f02e9c9a39cb8a91,0,0,32,-0.3200000000000001,-0.15279999999999982,13,19,11,9,29,8,1,2.0630726834000015,0.0,0,,random_actions,random_actions:panel_5:1:1025028:0
shared,shared,random_actions,1,30000,1,reference,panel_5,1025028,1845720a2af3b3475ca3a4a8726557b6204bc4266b6c3d58f02e9c9a39cb8a91,1,0,32,-0.3200000000000001,-0.16959999999999992,12,20,6,15,29,7,1,2.0759918820140015,0.0,0,,random_actions,random_actions:panel_5:1:1025028:1
shared,shared,random_actions,1,30000,1,reference,panel_5,1025029,d457f74c2332335015bd445320e1ea1ff16efdae2b82f3560e79b44c711f1bdf,0,0,32,-0.3200000000000001,0.07240000000000012,3,29,19,11,28,13,1,1.829897700805291,0.0,0,,random_actions,random_actions:panel_5:1:1025029:0
shared,shared,random_actions,1,30000,1,reference,panel_5,1025029,d457f74c2332335015bd445320e1ea1ff16efdae2b82f3560e79b44c711f1bdf,1,0,32,-0.3200000000000001,0.10360000000000011,14,18,12,7,29,9,1,1.82999510611203,0.0,0,,random_actions,random_actions:panel_5:1:1025029:1
shared,shared,random_actions,1,30000,1,reference,panel_5,1025030,eae8f9008673c92dfe59abf758f8fbba64acf9ec4510fb4c2b7c9dd7e6ac5d17,0,0,32,-0.3200000000000001,0.09360000000000013,15,17,12,6,28,7,1,1.8155468842696973,0.0,0,,random_actions,random_actions:panel_5:1:1025030:0
shared,shared,random_actions,1,30000,1,reference,panel_5,1025030,eae8f9008673c92dfe59abf758f8fbba64acf9ec4510fb4c2b7c9dd7e6ac5d17,1,0,32,-0.3200000000000001,0.08880000000000016,13,19,14,6,27,8,1,1.789946610875915,0.0,0,,random_actions,random_actions:panel_5:1:1025030:1
shared,shared,random_actions,1,30000,1,reference,panel_5,1025031,c41718e579e9921215b2dcce5d5de2e76116ebee141e56085f9af366355581db,0,0,32,-0.3200000000000001,-0.07359999999999993,6,26,20,7,29,12,1,1.9843474643000016,0.0,0,,random_actions,random_actions:panel_5:1:1025031:0
shared,shared,random_actions,1,30000,1,reference,panel_5,1025031,c41718e579e9921215b2dcce5d5de2e76116ebee141e56085f9af366355581db,1,1,6,0.94,1.1132,0,6,2,5,6,5,0,0.07586273000000021,0.0,0,,random_actions,random_actions:panel_5:1:1025031:1
shared,shared,random_actions,1,30000,1,reference,panel_5,1025032,b313f66225307f203e954df8420105a6b299a208ece5bf11c959857602a9a689,0,1,28,0.72,1.0088000000000001,9,19,11,9,28,12,0,0.8653984896140015,0.0,0,,random_actions,random_actions:panel_5:1:1025032:0
shared,shared,random_actions,1,30000,1,reference,panel_5,1025032,b313f66225307f203e954df8420105a6b299a208ece5bf11c959857602a9a689,1,1,11,0.89,1.1320000000000001,4,7,1,7,11,6,0,0.2163453334140002,0.0,0,,random_actions,random_actions:panel_5:1:1025032:1
shared,shared,random_actions,1,30000,1,reference,panel_5,1025033,e99662a7fbbbf6ff3b03c17ea2786ea0084defb64dce59470c28e1b0810ab848,0,0,32,-0.3200000000000001,-0.03679999999999983,7,25,13,13,30,12,1,1.9780950622468423,0.0,0,,random_actions,random_actions:panel_5:1:1025033:0
shared,shared,random_actions,1,30000,1,reference,panel_5,1025033,e99662a7fbbbf6ff3b03c17ea2786ea0084defb64dce59470c28e1b0810ab848,1,0,32,-0.3200000000000001,-0.08839999999999998,10,22,9,14,29,9,1,2.006748784800002,0.0,0,,random_actions,random_actions:panel_5:1:1025033:1
shared,shared,random_actions,1,30000,1,reference,panel_5,1025034,f77bfddbb5e668baf8cba5a25bc73315de3f6249e0122f34a767d0fca5744ca0,0,0,32,-0.3200000000000001,-0.06279999999999991,8,24,15,10,30,12,1,2.002068772400002,0.0,0,,random_actions,random_actions:panel_5:1:1025034:0
shared,shared,random_actions,1,30000,1,reference,panel_5,1025034,f77bfddbb5e668baf8cba5a25bc73315de3f6249e0122f34a767d0fca5744ca0,1,0,32,-0.3200000000000001,-0.009999999999999856,14,18,11,8,28,6,1,1.9011434785850003,0.0,0,,random_actions,random_actions:panel_5:1:1025034:1
shared,shared,random_actions,1,30000,1,reference,panel_5,1025035,0456e8e3c37402c6d8fb1374a492d138103eae7dff577f59e9e69d743969a463,0,0,32,-0.3200000000000001,-0.14999999999999997,11,21,10,12,30,9,1,2.087247266200002,0.0,0,,random_actions,random_actions:panel_5:1:1025035:0
shared,shared,random_actions,1,30000,1,reference,panel_5,1025035,0456e8e3c37402c6d8fb1374a492d138103eae7dff577f59e9e69d743969a463,1,1,4,0.96,1.0436,2,2,0,3,4,2,0,0.07940000000000014,0.0,0,,random_actions,random_actions:panel_5:1:1025035:1
shared,shared,random_actions,1,30000,1,reference,panel_5,1025036,6d29403c7f18c9238a81315b3ad944dd91a380a37ebb0de02f8660ef5062f6e8,0,0,32,-0.3200000000000001,0.5412000000000009,9,23,18,6,21,5,1,1.3276200596093404,0.0,0,,random_actions,random_actions:panel_5:1:1025036:0
shared,shared,random_actions,1,30000,1,reference,panel_5,1025036,6d29403c7f18c9238a81315b3ad944dd91a380a37ebb0de02f8660ef5062f6e8,1,0,32,-0.3200000000000001,0.5724000000000009,19,13,8,6,21,5,1,1.3074676074793838,0.0,0,,random_actions,random_actions:panel_5:1:1025036:1
shared,shared,random_actions,1,30000,1,reference,panel_5,1025037,b796fd177e7dd73bfc02ca8063737f6348155fca43a0abbfe26acec0a8b72229,0,1,9,0.91,1.0068000000000001,3,6,3,4,9,4,0,0.2707897300000006,0.0,0,,random_actions,random_actions:panel_5:1:1025037:0
shared,shared,random_actions,1,30000,1,reference,panel_5,1025037,b796fd177e7dd73bfc02ca8063737f6348155fca43a0abbfe26acec0a8b72229,1,0,32,-0.3200000000000001,-0.05999999999999975,10,22,16,7,27,7,1,1.9267964930830312,0.0,0,,random_actions,random_actions:panel_5:1:1025037:1
shared,shared,random_actions,1,30000,1,reference,panel_5,1025038,0b4ed6499de9f0ceed5ba20363d9f9b89bcbe65bc487bc4c8998f9cbc9a30584,0,1,1,0.99,1.03,0,1,0,2,1,1,0,0.0,0.0,0,,random_actions,random_actions:panel_5:1:1025038:0
shared,shared,random_actions,1,30000,1,reference,panel_5,1025038,0b4ed6499de9f0ceed5ba20363d9f9b89bcbe65bc487bc4c8998f9cbc9a30584,1,0,32,-0.3200000000000001,-0.12519999999999992,12,20,13,8,30,8,1,2.0647044437840023,0.0,0,,random_actions,random_actions:panel_5:1:1025038:1
shared,shared,random_actions,1,30000,1,reference,panel_5,1025039,d4b5f1f783bb2c42612f7219fc1cee2568dfb497fa608188d26e0261e31cb8d9,0,0,32,-0.3200000000000001,-0.08359999999999994,10,22,15,8,29,9,1,1.991655631257002,0.0,0,,random_actions,random_actions:panel_5:1:1025039:0
shared,shared,random_actions,1,30000,1,reference,panel_5,1025039,d4b5f1f783bb2c42612f7219fc1cee2568dfb497fa608188d26e0261e31cb8d9,1,1,23,0.7699999999999999,0.9632000000000001,8,15,7,9,23,9,0,0.7495931207570016,0.0,0,,random_actions,random_actions:panel_5:1:1025039:1
shared,shared,random_actions,1,30000,1,reference,panel_5,1025040,1cae03417ae6ae59963d895334443e79f53af1681840c144a32d699623c5e687,0,1,6,0.94,0.9872000000000001,3,3,0,4,6,2,0,0.1973090000000003,0.0,0,,random_actions,random_actions:panel_5:1:1025040:0
shared,shared,random_actions,1,30000,1,reference,panel_5,1025040,1cae03417ae6ae59963d895334443e79f53af1681840c144a32d699623c5e687,1,0,32,-0.3200000000000001,-0.15399999999999991,7,25,16,10,29,10,1,2.0657614075850015,0.0,0,,random_actions,random_actions:panel_5:1:1025040:1
shared,shared,random_actions,1,30000,1,reference,panel_5,1025041,783793fc604733819d6a1710240a5b0f6c55546bccdee93f5e0e8cae7af234ab,0,1,11,0.89,0.988,3,8,5,4,11,5,0,0.3513450000000006,0.0,0,,random_actions,random_actions:panel_5:1:1025041:0
shared,shared,random_actions,1,30000,1,reference,panel_5,1025041,783793fc604733819d6a1710240a5b0f6c55546bccdee93f5e0e8cae7af234ab,1,0,32,-0.3200000000000001,-0.08279999999999978,8,24,13,12,30,11,1,2.020818478900451,0.0,0,,random_actions,random_actions:panel_5:1:1025041:1
shared,shared,random_actions,1,30000,1,reference,panel_5,1025042,5cb904d108d430c50a7bd88b866368742717dc72db96e921990192b6189355e7,0,1,20,0.7999999999999999,0.9812000000000001,7,13,8,6,20,8,0,0.6386189243000013,0.0,0,,random_actions,random_actions:panel_5:1:1025042:0
shared,shared,random_actions,1,30000,1,reference,panel_5,1025042,5cb904d108d430c50a7bd88b866368742717dc72db96e921990192b6189355e7,1,1,26,0.74,0.9596000000000001,7,19,10,10,26,11,0,0.846982381757001,0.0,0,,random_actions,random_actions:panel_5:1:1025042:1
shared,shared,random_actions,1,30000,1,reference,panel_5,1025043,4a4fa82f81943563b46a2f35d0bc5eecfc7bfc5504559ea3175223fa91c09cda,0,0,32,-0.3200000000000001,0.043200000000000155,18,14,8,7,28,5,1,1.8507794444260033,0.0,0,,random_actions,random_actions:panel_5:1:1025043:0
shared,shared,random_actions,1,30000,1,reference,panel_5,1025043,4a4fa82f81943563b46a2f35d0bc5eecfc7bfc5504559ea3175223fa91c09cda,1,1,25,0.7499999999999999,1.0268000000000002,4,21,9,13,25,13,0,0.7544568717710018,0.0,0,,random_actions,random_actions:panel_5:1:1025043:1
shared,shared,random_actions,1,30000,1,reference,panel_5,1025044,b45ca5cb2293626f97098eff7d3a2a347c0bd9d8dfedf34cf26da982d76a9fa4,0,0,32,-0.3200000000000001,0.07080000000000011,9,23,17,7,30,12,1,1.8787354015049154,0.0,0,,random_actions,random_actions:panel_5:1:1025044:0
shared,shared,random_actions,1,30000,1,reference,panel_5,1025044,b45ca5cb2293626f97098eff7d3a2a347c0bd9d8dfedf34cf26da982d76a9fa4,1,0,32,-0.3200000000000001,-0.008399999999999921,18,14,10,5,31,8,1,1.9792009271482927,0.0,0,,random_actions,random_actions:panel_5:1:1025044:1
shared,shared,random_actions,1,30000,1,reference,panel_5,1025045,c596b74a2d24f353b10e4ddcd9cccdc272e495664f37b179bc7e07e70cdffda2,0,0,32,-0.3200000000000001,-0.0959999999999998,13,19,13,7,30,8,1,2.033906293399001,0.0,0,,random_actions,random_actions:panel_5:1:1025045:0
shared,shared,random_actions,1,30000,1,reference,panel_5,1025045,c596b74a2d24f353b10e4ddcd9cccdc272e495664f37b179bc7e07e70cdffda2,1,0,32,-0.3200000000000001,-0.12119999999999986,13,19,10,10,29,8,1,2.032048954042002,0.0,0,,random_actions,random_actions:panel_5:1:1025045:1
shared,shared,random_actions,1,30000,1,reference,panel_5,1025046,4fe61f58b8f18e83fa3c6e1d041b1c77c111b4700ece9d5118acca5fc80b8ff6,0,1,18,0.82,0.9916,7,11,5,7,18,7,0,0.5665025169570008,0.0,0,,random_actions,random_actions:panel_5:1:1025046:0
shared,shared,random_actions,1,30000,1,reference,panel_5,1025046,4fe61f58b8f18e83fa3c6e1d041b1c77c111b4700ece9d5118acca5fc80b8ff6,1,0,32,-0.3200000000000001,-0.11359999999999996,6,26,19,8,29,11,1,2.020580582400002,0.0,0,,random_actions,random_actions:panel_5:1:1025046:1
shared,shared,random_actions,1,30000,1,reference,panel_5,1025047,2b4b81b6991359172ebc234a58e0873fed969c2101d093f61cba0ae519e174d5,0,0,32,-0.3200000000000001,-0.09559999999999992,22,10,9,2,30,5,1,2.0310897900000024,0.0,0,,random_actions,random_actions:panel_5:1:1025047:0
shared,shared,random_actions,1,30000,1,reference,panel_5,1025047,2b4b81b6991359172ebc234a58e0873fed969c2101d093f61cba0ae519e174d5,1,1,3,0.97,1.0936,0,3,0,4,3,3,0,0.0,0.0,0,,random_actions,random_actions:panel_5:1:1025047:1
shared,shared,random_actions,1,30000,1,reference,panel_5,1025048,cdbc1efaeacb4e6cede0a766267e7137618102a9c522608cd64022b808b8cfa2,0,0,32,-0.3200000000000001,-0.07519999999999995,12,20,12,9,31,10,1,2.039276380242002,0.0,0,,random_actions,random_actions:panel_5:1:1025048:0
shared,shared,random_actions,1,30000,1,reference,panel_5,1025048,cdbc1efaeacb4e6cede0a766267e7137618102a9c522608cd64022b808b8cfa2,1,0,32,-0.3200000000000001,-0.06799999999999998,10,22,12,11,29,9,1,1.9798079396130022,0.0,0,,random_actions,random_actions:panel_5:1:1025048:1
shared,shared,random_actions,1,30000,1,reference,panel_5,1025049,5cd7da79a7dc947d224337513385bfa3ce029c0cbfff0f65c5d03e0a0b5658f1,0,0,32,-0.3200000000000001,-0.19119999999999998,13,19,11,9,31,8,1,2.1523681481000025,0.0,0,,random_actions,random_actions:panel_5:1:1025049:0
shared,shared,random_actions,1,30000,1,reference,panel_5,1025049,5cd7da79a7dc947d224337513385bfa3ce029c0cbfff0f65c5d03e0a0b5658f1,1,0,32,-0.3200000000000001,-0.11799999999999994,13,19,11,9,27,6,1,1.9851801503004514,0.0,0,,random_actions,random_actions:panel_5:1:1025049:1
shared,shared,random_actions,1,30000,1,reference,panel_5,1025050,1ffc9585b5af4f8907a299c61147315a94fa8e68f2840d65019d5c5bf519dce3,0,1,6,0.94,1.0284,2,4,1,4,6,3,0,0.15641800000000028,0.0,0,,random_actions,random_actions:panel_5:1:1025050:0
shared,shared,random_actions,1,30000,1,reference,panel_5,1025050,1ffc9585b5af4f8907a299c61147315a94fa8e68f2840d65019d5c5bf519dce3,1,1,13,0.87,0.9788,3,10,5,6,13,6,0,0.42251519000000093,0.0,0,,random_actions,random_actions:panel_5:1:1025050:1
shared,shared,random_actions,1,30000,1,reference,panel_5,1025051,35129050a9b126fc6da790129ba3a875f0b5b73708e1685718d32b3dd1431cff,0,0,32,-0.3200000000000001,-0.05679999999999995,3,29,20,10,31,15,1,2.023392797714002,0.0,0,,random_actions,random_actions:panel_5:1:1025051:0
shared,shared,random_actions,1,30000,1,reference,panel_5,1025051,35129050a9b126fc6da790129ba3a875f0b5b73708e1685718d32b3dd1431cff,1,1,31,0.69,1.0036000000000003,7,24,12,13,31,14,0,0.9634696743879434,0.0,0,,random_actions,random_actions:panel_5:1:1025051:1
shared,shared,random_actions,1,30000,1,reference,panel_5,1025053,6580e0ff1504b8cfd4cac3ede4b68748b484fcb42efb7a4aafb58db8241e702d,0,1,11,0.89,0.9444,6,5,2,4,11,3,0,0.3946180000000006,0.0,0,,random_actions,random_actions:panel_5:1:1025053:0
shared,shared,random_actions,1,30000,1,reference,panel_5,1025053,6580e0ff1504b8cfd4cac3ede4b68748b484fcb42efb7a4aafb58db8241e702d,1,0,32,-0.3200000000000001,-0.17320000000000002,16,16,9,8,28,6,1,2.060372437085002,0.0,0,,random_actions,random_actions:panel_5:1:1025053:1
shared,shared,random_actions,1,30000,1,reference,panel_5,1025054,884d22a7c86320a7941e0590d1210061b99613bb1ab147924dad49b603da985d,0,0,32,-0.3200000000000001,-0.044799999999999916,5,27,19,9,32,15,1,2.0395946184710017,0.0,0,,random_actions,random_actions:panel_5:1:1025054:0
shared,shared,random_actions,1,30000,1,reference,panel_5,1025054,884d22a7c86320a7941e0590d1210061b99613bb1ab147924dad49b603da985d,1,1,29,0.71,0.9528000000000001,9,20,15,6,29,12,0,0.9478829962000022,0.0,0,,random_actions,random_actions:panel_5:1:1025054:1
shared,shared,random_actions,1,30000,1,reference,panel_5,1025055,8eb432cd0600d5b57645247a7fe359b693d01c25e7a15d4e1b2f52e8cf071c5f,0,1,28,0.72,0.9592,4,24,11,14,28,14,0,0.9106668588570019,0.0,0,,random_actions,random_actions:panel_5:1:1025055:0
shared,shared,random_actions,1,30000,1,reference,panel_5,1025055,8eb432cd0600d5b57645247a7fe359b693d01c25e7a15d4e1b2f52e8cf071c5f,1,0,32,-0.3200000000000001,0.022400000000000142,12,20,13,8,27,8,1,1.8519188618120301,0.0,0,,random_actions,random_actions:panel_5:1:1025055:1
shared,shared,random_actions,1,30000,1,reference,panel_5,1025056,bda0093363ce425ada5165ec267d549826148b685829094c7a1f68902a679786,0,0,32,-0.3200000000000001,0.04240000000000005,9,23,12,12,29,11,1,1.8858898149912915,0.0,0,,random_actions,random_actions:panel_5:1:1025056:0
shared,shared,random_actions,1,30000,1,reference,panel_5,1025056,bda0093363ce425ada5165ec267d549826148b685829094c7a1f68902a679786,1,0,32,-0.3200000000000001,0.0676000000000001,11,21,13,9,27,9,1,1.8146909792280006,0.0,0,,random_actions,random_actions:panel_5:1:1025056:1
shared,shared,random_actions,1,30000,1,reference,panel_5,1025057,dd995b127324a855d55a9ba4a1fcfdad05155972cd519029816e5c05399f7fa2,0,0,32,-0.3200000000000001,-0.02559999999999986,18,14,6,9,30,7,1,1.9648333996130025,0.0,0,,random_actions,random_actions:panel_5:1:1025057:0
shared,shared,random_actions,1,30000,1,reference,panel_5,1025057,dd995b127324a855d55a9ba4a1fcfdad05155972cd519029816e5c05399f7fa2,1,0,32,-0.3200000000000001,-0.08199999999999992,15,17,10,8,30,9,1,2.019437840000002,0.0,0,,random_actions,random_actions:panel_5:1:1025057:1
shared,shared,random_actions,1,30000,1,reference,panel_5,1025058,4ad5674dad5289d1f3b0b03a925cb9ba32c2b0dda34d9945141d49991f6df8b4,0,0,32,-0.3200000000000001,0.00920000000000018,10,22,16,7,29,10,1,1.9143550687738702,0.0,0,,random_actions,random_actions:panel_5:1:1025058:0
shared,shared,random_actions,1,30000,1,reference,panel_5,1025058,4ad5674dad5289d1f3b0b03a925cb9ba32c2b0dda34d9945141d49991f6df8b4,1,0,32,-0.3200000000000001,0.0020000000000001267,9,23,15,9,30,11,1,1.9397155231778127,0.0,0,,random_actions,random_actions:panel_5:1:1025058:1
shared,shared,random_actions,1,30000,1,reference,panel_5,1025059,61855073b8bf4514a91f43871731a29fdc3d170b18e95a3226a48889b75a262f,0,0,32,-0.3200000000000001,-0.15760000000000002,14,18,12,7,28,7,1,2.0456942053130023,0.0,0,,random_actions,random_actions:panel_5:1:1025059:0
shared,shared,random_actions,1,30000,1,reference,panel_5,1025059,61855073b8bf4514a91f43871731a29fdc3d170b18e95a3226a48889b75a262f,1,1,14,0.86,0.9432,5,9,2,8,14,5,0,0.48916934620000097,0.0,0,,random_actions,random_actions:panel_5:1:1025059:1
shared,shared,random_actions,1,30000,1,reference,panel_5,1025060,3440fedb6ef6473ab84f5d5030d949266735aa4ce89973d8a291076606c14ac4,0,0,32,-0.3200000000000001,-0.02719999999999989,12,20,16,5,28,7,1,1.9158293278183205,0.0,0,,random_actions,random_actions:panel_5:1:1025060:0
shared,shared,random_actions,1,30000,1,reference,panel_5,1025060,3440fedb6ef6473ab84f5d5030d949266735aa4ce89973d8a291076606c14ac4,1,1,13,0.87,1.0248,6,7,3,5,13,5,0,0.37826449810000085,0.0,0,,random_actions,random_actions:panel_5:1:1025060:1
shared,shared,random_actions,1,30000,1,reference,panel_5,1025061,c1a1fdc1bdb32b8fc3d121c2e320d051b010768708db361929bb3da0a7b9f9c6,0,0,32,-0.3200000000000001,-0.15479999999999994,12,20,15,6,30,8,1,2.0894159581000027,0.0,0,,random_actions,random_actions:panel_5:1:1025061:0
shared,shared,random_actions,1,30000,1,reference,panel_5,1025061,c1a1fdc1bdb32b8fc3d121c2e320d051b010768708db361929bb3da0a7b9f9c6,1,1,7,0.9299999999999999,1.022,3,4,1,4,7,3,0,0.19373600000000046,0.0,0,,random_actions,random_actions:panel_5:1:1025061:1
shared,shared,random_actions,1,30000,1,reference,panel_5,1025062,2be05a64dcd17d9032c4764e6e2c91acaf73d58de613d8d740eee3e6898b8e70,0,1,17,0.83,1.0368000000000002,7,10,4,7,17,7,0,0.49267088620000077,0.0,0,,random_actions,random_actions:panel_5:1:1025062:0
shared,shared,random_actions,1,30000,1,reference,panel_5,1025062,2be05a64dcd17d9032c4764e6e2c91acaf73d58de613d8d740eee3e6898b8e70,1,0,32,-0.3200000000000001,0.00560000000000016,12,20,15,6,28,8,1,1.88479988313716,0.0,0,,random_actions,random_actions:panel_5:1:1025062:1
shared,shared,random_actions,1,30000,1,reference,panel_5,1025063,482aaf640b6a3beb996d25e4e3dc52cac293bccb559b805923c92a20ed28a925,0,1,22,0.7799999999999999,0.9128000000000001,6,16,10,7,22,9,0,0.7669264262000015,0.0,0,,random_actions,random_actions:panel_5:1:1025063:0
shared,shared,random_actions,1,30000,1,reference,panel_5,1025063,482aaf640b6a3beb996d25e4e3dc52cac293bccb559b805923c92a20ed28a925,1,1,19,0.8099999999999999,0.9488000000000001,1,18,12,7,19,10,0,0.6386535824000014,0.0,0,,random_actions,random_actions:panel_5:1:1025063:1
shared,shared,random_actions,1,30000,1,reference,panel_5,1025064,1183e2d0916953bc5637657997eaaaaf5c729624c668d2b9313905e3e257c158,0,0,32,-0.3200000000000001,0.033999999999999975,13,19,11,9,25,5,1,1.8054377730685331,0.0,0,,random_actions,random_actions:panel_5:1:1025064:0
shared,shared,random_actions,1,30000,1,reference,panel_5,1025064,1183e2d0916953bc5637657997eaaaaf5c729624c668d2b9313905e3e257c158,1,1,19,0.8099999999999999,0.9900000000000001,14,5,1,5,19,4,0,0.5989199962000012,0.0,0,,random_actions,random_actions:panel_5:1:1025064:1
shared,shared,random_actions,2,30000,1,reference,panel_5,1025000,45b752a29cbae0f5b7953a1c5f48796a9449adb27bb6b576f014c409607ee439,0,0,32,-0.3200000000000001,0.09600000000000009,19,13,7,7,27,4,1,1.786688565129479,0.0,0,,random_actions,random_actions:panel_5:2:1025000:0
shared,shared,random_actions,2,30000,1,reference,panel_5,1025000,45b752a29cbae0f5b7953a1c5f48796a9449adb27bb6b576f014c409607ee439,1,0,32,-0.3200000000000001,0.04680000000000015,12,20,16,5,29,9,1,1.8760804199144507,0.0,0,,random_actions,random_actions:panel_5:2:1025000:1
shared,shared,random_actions,2,30000,1,reference,panel_5,1025001,a55ca2c2843fec638678154515a0062a8bd0660ea4d0d2f7f9be223f21c6bc67,0,0,32,-0.3200000000000001,0.09400000000000014,9,23,15,9,28,10,1,1.8111804252308703,0.0,0,,random_actions,random_actions:panel_5:2:1025001:0
shared,shared,random_actions,2,30000,1,reference,panel_5,1025001,a55ca2c2843fec638678154515a0062a8bd0660ea4d0d2f7f9be223f21c6bc67,1,0,32,-0.3200000000000001,0.10960000000000013,7,25,17,9,29,12,1,1.8213307590236103,0.0,0,,random_actions,random_actions:panel_5:2:1025001:1
shared,shared,random_actions,2,30000,1,reference,panel_5,1025002,43ee6e1ba64b867ff579a1deff55abf989f2cd3d99a609b68f84bbf350c61a62,0,1,1,0.99,1.03,0,1,0,2,1,1,0,0.0,0.0,0,,random_actions,random_actions:panel_5:2:1025002:0
shared,shared,random_actions,2,30000,1,reference,panel_5,1025002,43ee6e1ba64b867ff579a1deff55abf989f2cd3d99a609b68f84bbf350c61a62,1,1,5,0.95,0.9996,0,5,2,4,5,3,0,0.1540717300000003,0.0,0,,random_actions,random_actions:panel_5:2:1025002:1
shared,shared,random_actions,2,30000,1,reference,panel_5,1025003,9c56969adba8406ccd92736c6c6ff4bae65b614bd38389b3701347eab04a44da,0,0,32,-0.3200000000000001,-0.13319999999999987,10,22,16,7,31,11,1,2.0945661391000017,0.0,0,,random_actions,random_actions:panel_5:2:1025003:0
shared,shared,random_actions,2,30000,1,reference,panel_5,1025003,9c56969adba8406ccd92736c6c6ff4bae65b614bd38389b3701347eab04a44da,1,1,26,0.74,0.9004000000000001,10,16,7,10,26,9,0,0.903766713414002,0.0,0,,random_actions,random_actions:panel_5:2:1025003:1
shared,shared,random_actions,2,30000,1,reference,panel_5,1025004,6d2a7c883e42e2cf089187970de8da261741de9b1b5333f6de1992c9c76094aa,0,0,32,-0.3200000000000001,-0.07799999999999992,6,26,16,11,31,12,1,2.044786169975321,0.0,0,,random_actions,random_actions:panel_5:2:1025004:0
shared,shared,random_actions,2,30000,1,reference,panel_5,1025004,6d2a7c883e42e2cf089187970de8da261741de9b1b5333f6de1992c9c76094aa,1,0,32,-0.3200000000000001,-0.05639999999999987,11,21,13,9,27,6,1,1.9210915075767412,0.0,0,,random_actions,random_actions:panel_5:2:1025004:1
shared,shared,random_actions,2,30000,1,reference,panel_5,1025005,0c7af214bc66e3ea9972ebe04e88adec503bb64c66cf315f725ccfb62f0a6ce1,0,0,32,-0.3200000000000001,-0.09319999999999988,10,22,15,8,30,10,1,2.0280430929000017,0.0,0,,random_actions,random_actions:panel_5:2:1025005:0
shared,shared,random_actions,2,30000,1,reference,panel_5,1025005,0c7af214bc66e3ea9972ebe04e88adec503bb64c66cf315f725ccfb62f0a6ce1,1,1,26,0.74,0.9368000000000001,7,19,9,11,26,11,0,0.868863259871002,0.0,0,,random_actions,random_actions:panel_5:2:1025005:1
shared,shared,random_actions,2,30000,1,reference,panel_5,1025006,5d5cbbd72fa51621cee1a8f9252ef7da141fa91a8d7f1cb854f7b4783d6bfd09,0,1,2,0.98,1.0212,1,1,0,2,2,1,0,0.03970000000000007,0.0,0,,random_actions,random_actions:panel_5:2:1025006:0
shared,shared,random_actions,2,30000,1,reference,panel_5,1025006,5d5cbbd72fa51621cee1a8f9252ef7da141fa91a8d7f1cb854f7b4783d6bfd09,1,0,32,-0.3200000000000001,-0.10239999999999988,12,20,8,13,28,7,1,1.9936812232155674,0.0,0,,random_actions,random_actions:panel_5:2:1025006:1
shared,shared,random_actions,2,30000,1,reference,panel_5,1025007,f8a7c4a59f0a5d2908879e6c15bc688fafd20715930a92ffd9aa9136c6830e07,0,1,7,0.9299999999999999,1.0208,1,6,1,6,7,4,0,0.1949270000000003,0.0,0,,random_actions,random_actions:panel_5:2:1025007:0
shared,shared,random_actions,2,30000,1,reference,panel_5,1025007,f8a7c4a59f0a5d2908879e6c15bc688fafd20715930a92ffd9aa9136c6830e07,1,1,10,0.9,0.9968,2,8,3,6,10,5,0,0.3116450000000005,0.0,0,,random_actions,random_actions:panel_5:2:1025007:1
shared,shared,random_actions,2,30000,1,reference,panel_5,1025008,41920ef9d2617fcb2613f83c9fcc00047abea7df06cccc8bb0c8c418565f1efc,0,1,28,0.72,1.076,9,19,8,12,28,12,0,0.8040765621320162,0.0,0,,random_actions,random_actions:panel_5:2:1025008:0
shared,shared,random_actions,2,30000,1,reference,panel_5,1025008,41920ef9d2617fcb2613f83c9fcc00047abea7df06cccc8bb0c8c418565f1efc,1,0,32,-0.3200000000000001,0.012000000000000094,6,26,16,11,30,13,1,1.9330869202420016,0.0,0,,random_actions,random_actions:panel_5:2:1025008:1
shared,shared,random_actions,2,30000,1,reference,panel_5,1025009,d87de750bc2d817fa5e32ef6aeee984ad3ffd90a1fd7e28c3f33ec8cf295f406,0,0,32,-0.3200000000000001,-0.10759999999999996,5,27,19,9,30,13,1,2.042994430500002,0.0,0,,random_actions,random_actions:panel_5:2:1025009:0
shared,shared,random_actions,2,30000,1,reference,panel_5,1025009,d87de750bc2d817fa5e32ef6aeee984ad3ffd90a1fd7e28c3f33ec8cf295f406,1,0,32,-0.3200000000000001,-0.08959999999999997,7,25,18,8,30,11,1,2.026887822900002,0.0,0,,random_actions,random_actions:panel_5:2:1025009:1
shared,shared,random_actions,2,30000,1,reference,panel_5,1025010,27321007dce23b1b2e28a5f545a5460fc3c1026a1d0773f3b10d3c10f72a2d96,0,1,14,0.86,1.0232,3,11,6,6,14,7,0,0.4109950043000009,0.0,0,,random_actions,random_actions:panel_5:2:1025010:0
shared,shared,random_actions,2,30000,1,reference,panel_5,1025010,27321007dce23b1b2e28a5f545a5460fc3c1026a1d0773f3b10d3c10f72a2d96,1,1,8,0.9199999999999999,1.0544,3,5,2,4,8,4,0,0.19373600000000046,0.0,0,,random_actions,random_actions:panel_5:2:1025010:1
shared,shared,random_actions,2,30000,1,reference,panel_5,1025011,ae42ff8a8fa093769968ad4e77cd483737efb133e7524cdffa117f465e7f0702,0,1,1,0.99,1.03,0,1,0,2,1,1,0,0.0,0.0,0,,random_actions,random_actions:panel_5:2:1025011:0
shared,shared,random_actions,2,30000,1,reference,panel_5,1025011,ae42ff8a8fa093769968ad4e77cd483737efb133e7524cdffa117f465e7f0702,1,1,1,0.99,1.03,0,1,0,2,1,1,0,0.0,0.0,0,,random_actions,random_actions:panel_5:2:1025011:1
shared,shared,random_actions,2,30000,1,reference,panel_5,1025012,8882287e64fa7dc98d6589e59e0525c926e01f7d92b72375f6b2809f149f73e7,0,1,2,0.98,1.0612,0,2,0,3,2,2,0,0.0,0.0,0,,random_actions,random_actions:panel_5:2:1025012:0
shared,shared,random_actions,2,30000,1,reference,panel_5,1025012,8882287e64fa7dc98d6589e59e0525c926e01f7d92b72375f6b2809f149f73e7,1,0,32,-0.3200000000000001,-0.1488,7,25,16,10,30,11,1,2.0813269243000025,0.0,0,,random_actions,random_actions:panel_5:2:1025012:1
shared,shared,random_actions,2,30000,1,reference,panel_5,1025013,3399930256a6a9edacf48bc575066d30421677ad8eeebed34fc5bccaa6c8ceb0,0,1,29,0.71,0.9088,7,22,10,13,29,12,0,0.9899793147990019,0.0,0,,random_actions,random_actions:panel_5:2:1025013:0
shared,shared,random_actions,2,30000,1,reference,panel_5,1025013,3399930256a6a9edacf48bc575066d30421677ad8eeebed34fc5bccaa6c8ceb0,1,0,32,-0.3200000000000001,-0.11399999999999993,9,23,12,12,28,9,1,2.0055813630280017,0.0,0,,random_actions,random_actions:panel_5:2:1025013:1
shared,shared,random_actions,2,30000,1,reference,panel_5,1025014,1734086f7ea97d634016a3abcb61d9690d644e9e573256a902d21e1ea8aab7b2,0,1,9,0.91,1.0516,4,5,1,5,9,4,0,0.22762392000000042,0.0,0,,random_actions,random_actions:panel_5:2:1025014:0
shared,shared,random_actions,2,30000,1,reference,panel_5,1025014,1734086f7ea97d634016a3abcb61d9690d644e9e573256a902d21e1ea8aab7b2,1,1,16,0.84,1.0056,7,9,6,4,16,6,0,0.49021957000000127,0.0,0,,random_actions,random_actions:panel_5:2:1025014:1
shared,shared,random_actions,2,30000,1,reference,panel_5,1025015,69eb9b7a9f1670381e6c7c063a054c16c2969b9191fa3ed21be9a47fc5c95d00,0,0,32,-0.3200000000000001,-0.04759999999999989,24,8,1,8,28,2,1,1.937576258533292,0.0,0,,random_actions,random_actions:panel_5:2:1025015:0
shared,shared,random_actions,2,30000,1,reference,panel_5,1025015,69eb9b7a9f1670381e6c7c063a054c16c2969b9191fa3ed21be9a47fc5c95d00,1,0,32,-0.3200000000000001,-0.01399999999999993,17,15,9,7,29,6,1,1.93467866679948,0.0,0,,random_actions,random_actions:panel_5:2:1025015:1
shared,shared,random_actions,2,30000,1,reference,panel_5,1025016,a0ba4cb8cd6500255a28d4a6453334a3138b99dfad8d5dd3a3962f2fa24177ca,0,0,32,-0.3200000000000001,0.056400000000000144,8,24,18,7,27,9,1,1.8134098618120302,0.0,0,,random_actions,random_actions:panel_5:2:1025016:0
shared,shared,random_actions,2,30000,1,reference,panel_5,1025016,a0ba4cb8cd6500255a28d4a6453334a3138b99dfad8d5dd3a3962f2fa24177ca,1,0,32,-0.3200000000000001,0.05880000000000013,11,21,9,13,27,8,1,1.8125898292159002,0.0,0,,random_actions,random_actions:panel_5:2:1025016:1
shared,shared,random_actions,2,30000,1,reference,panel_5,1025017,90aae1f2f41a44d84b87b7c386497825ed36bcaf8755d8d59e19a981c54403a9,0,1,16,0.84,0.9596,10,6,3,4,16,4,0,0.5346478400000011,0.0,0,,random_actions,random_actions:panel_5:2:1025017:0
shared,shared,random_actions,2,30000,1,reference,panel_5,1025017,90aae1f2f41a44d84b87b7c386497825ed36bcaf8755d8d59e19a981c54403a9,1,1,19,0.8099999999999999,0.9416,13,6,3,4,19,4,0,0.6454108400000018,0.0,0,,random_actions,random_actions:panel_5:2:1025017:1
shared,shared,random_actions,2,30000,1,reference,panel_5,1025018,1f52bef992026d1406d67f3ddc1fe600cff662c8915b9877f88b0674057a5b49,0,0,32,-0.3200000000000001,0.02880000000000013,7,25,15,11,31,13,1,1.9450825512759145,0.0,0,,random_actions,random_actions:panel_5:2:1025018:0
shared,shared,random_actions,2,30000,1,reference,panel_5,1025018,1f52bef992026d1406d67f3ddc1fe600cff662c8915b9877f88b0674057a5b49,1,0,32,-0.3200000000000001,0.039600000000000135,9,23,15,9,29,11,1,1.880658771537233,0.0,0,,random_actions,random_actions:panel_5:2:1025018:1
shared,shared,random_actions,2,30000,1,reference,panel_5,1025019,ef1054b2ba3b417888faade171560510802db2ca9f7c18a5fc84e3dd5ccf580f,0,0,32,-0.3200000000000001,0.13120000000000012,24,8,7,2,27,3,1,1.754608740657929,0.0,0,,random_actions,random_actions:panel_5:2:1025019:0
shared,shared,random_actions,2,30000,1,reference,panel_5,1025019,ef1054b2ba3b417888faade171560510802db2ca9f7c18a5fc84e3dd5ccf580f,1,0,32,-0.3200000000000001,0.09640000000000012,17,15,8,8,31,9,1,1.8830393515526103,0.0,0,,random_actions,random_actions:panel_5:2:1025019:1
shared,shared,random_actions,2,30000,1,reference,panel_5,1025020,3d2184318a05f6c1b6ee6ff15d10e697891dfdb531232711c363deefcf65647a,0,1,1,0.99,1.03,0,1,0,2,1,1,0,0.0,0.0,0,,random_actions,random_actions:panel_5:2:1025020:0
shared,shared,random_actions,2,30000,1,reference,panel_5,1025020,3d2184318a05f6c1b6ee6ff15d10e697891dfdb531232711c363deefcf65647a,1,0,32,-0.3200000000000001,-0.13599999999999995,15,17,7,11,29,6,1,2.051152524170002,0.0,0,,random_actions,random_actions:panel_5:2:1025020:1
shared,shared,random_actions,2,30000,1,reference,panel_5,1025021,be895431f2b1357e47cd16312bdca147b53744385646a58236861b4fa4de6a53,0,1,9,0.91,1.0056,3,6,3,4,9,4,0,0.27194500000000055,0.0,0,,random_actions,random_actions:panel_5:2:1025021:0
shared,shared,random_actions,2,30000,1,reference,panel_5,1025021,be895431f2b1357e47cd16312bdca147b53744385646a58236861b4fa4de6a53,1,1,4,0.96,1.0472000000000001,0,4,1,4,4,3,0,0.07586273000000021,0.0,0,,random_actions,random_actions:panel_5:2:1025021:1
shared,shared,random_actions,2,30000,1,reference,panel_5,1025022,cb12e9d32b61ec1a58c0622f694a3229e4772782bb062cfd31a1083c6e3d260c,0,0,32,-0.3200000000000001,-0.0015999999999998793,7,25,17,9,30,12,1,1.9450260736511609,0.0,0,,random_actions,random_actions:panel_5:2:1025022:0
shared,shared,random_actions,2,30000,1,reference,panel_5,1025022,cb12e9d32b61ec1a58c0622f694a3229e4772782bb062cfd31a1083c6e3d260c,1,1,6,0.94,1.1132,0,6,0,7,6,5,0,0.07586273000000021,0.0,0,,random_actions,random_actions:panel_5:2:1025022:1
shared,shared,random_actions,2,30000,1,reference,panel_5,1025023,b28b75aa5db49b3e010ff115651fad6fec595165ad4316b13bbe410925a99f5a,0,0,32,-0.3200000000000001,0.10480000000000013,14,18,12,7,28,9,1,1.7983983897158997,0.0,0,,random_actions,random_actions:panel_5:2:1025023:0
shared,shared,random_actions,2,30000,1,reference,panel_5,1025023,b28b75aa5db49b3e010ff115651fad6fec595165ad4316b13bbe410925a99f5a,1,1,15,0.85,1.1488,1,14,6,9,15,10,0,0.3286419142975805,0.0,0,,random_actions,random_actions:panel_5:2:1025023:1
shared,shared,random_actions,2,30000,1,reference,panel_5,1025024,24cf662346dc58f22f34ee5ed855172ecd00081863418d8e0edb034b18e72eaf,0,1,18,0.82,0.9868000000000001,3,15,7,9,18,9,0,0.5708441562000012,0.0,0,,random_actions,random_actions:panel_5:2:1025024:0
shared,shared,random_actions,2,30000,1,reference,panel_5,1025024,24cf662346dc58f22f34ee5ed855172ecd00081863418d8e0edb034b18e72eaf,1,1,4,0.96,1.0848,1,3,0,4,4,3,0,0.03970000000000007,0.0,0,,random_actions,random_actions:panel_5:2:1025024:1
shared,shared,random_actions,2,30000,1,reference,panel_5,1025025,1fae62bfe9c957f8d533230eb664e6644bb181242c419374bc6a2b3178896d1f,0,1,21,0.7899999999999999,0.9504000000000001,9,12,7,6,21,7,0,0.6997046791000007,0.0,0,,random_actions,random_actions:panel_5:2:1025025:0
shared,shared,random_actions,2,30000,1,reference,panel_5,1025025,1fae62bfe9c957f8d533230eb664e6644bb181242c419374bc6a2b3178896d1f,1,1,18,0.82,0.9588000000000001,8,10,3,8,18,6,0,0.5978340424000012,0.0,0,,random_actions,random_actions:panel_5:2:1025025:1
shared,shared,random_actions,2,30000,1,reference,panel_5,1025026,e91cd7f5fa1ca4937ceceddae663c130e6ff4049f35cfcb493432de74229ab6b,0,0,32,-0.3200000000000001,0.012800000000000172,7,25,17,9,27,10,1,1.8562026249221608,0.0,0,,random_actions,random_actions:panel_5:2:1025026:0
shared,shared,random_actions,2,30000,1,reference,panel_5,1025026,e91cd7f5fa1ca4937ceceddae663c130e6ff4049f35cfcb493432de74229ab6b,1,0,32,-0.3200000000000001,-0.03639999999999989,15,17,7,11,30,9,1,1.9764545349255815,0.0,0,,random_actions,random_actions:panel_5:2:1025026:1
shared,shared,random_actions,2,30000,1,reference,panel_5,1025027,14c443e061e11bd8af3c9f0a3d3ae2047cc4f81ab5f3acc6c4d60a6c40ba268c,0,1,5,0.95,0.9972000000000001,2,3,0,4,5,2,0,0.15641800000000028,0.0,0,,random_actions,random_actions:panel_5:2:1025027:0
shared,shared,random_actions,2,30000,1,reference,panel_5,1025027,14c443e061e11bd8af3c9f0a3d3ae2047cc4f81ab5f3acc6c4d60a6c40ba268c,1,1,8,0.9199999999999999,0.9732000000000001,1,7,5,3,8,4,0,0.2731360000000004,0.0,0,,random_actions,random_actions:panel_5:2:1025027:1
shared,shared,random_actions,2,30000,1,reference,panel_5,1025028,1845720a2af3b3475ca3a4a8726557b6204bc4266b6c3d58f02e9c9a39cb8a91,0,1,9,0.91,0.9608,6,3,1,3,9,2,0,0.3164090000000005,0.0,0,,random_actions,random_actions:panel_5:2:1025028:0
shared,shared,random_actions,2,30000,1,reference,panel_5,1025028,1845720a2af3b3475ca3a4a8726557b6204bc4266b6c3d58f02e9c9a39cb8a91,1,1,1,0.99,1.03,0,1,0,2,1,1,0,0.0,0.0,0,,random_actions,random_actions:panel_5:2:1025028:1
shared,shared,random_actions,2,30000,1,reference,panel_5,1025029,d457f74c2332335015bd445320e1ea1ff16efdae2b82f3560e79b44c711f1bdf,0,0,32,-0.3200000000000001,0.038800000000000084,10,22,9,14,31,13,1,1.9367611130888711,0.0,0,,random_actions,random_actions:panel_5:2:1025029:0
shared,shared,random_actions,2,30000,1,reference,panel_5,1025029,d457f74c2332335015bd445320e1ea1ff16efdae2b82f3560e79b44c711f1bdf,1,0,32,-0.3200000000000001,0.0628000000000001,15,17,8,10,32,11,1,1.9424981716255805,0.0,0,,random_actions,random_actions:panel_5:2:1025029:1
shared,shared,random_actions,2,30000,1,reference,panel_5,1025030,eae8f9008673c92dfe59abf758f8fbba64acf9ec4510fb4c2b7c9dd7e6ac5d17,0,0,32,-0.3200000000000001,0.0768000000000002,12,20,12,9,26,8,1,1.7834263626609141,0.0,0,,random_actions,random_actions:panel_5:2:1025030:0
shared,shared,random_actions,2,30000,1,reference,panel_5,1025030,eae8f9008673c92dfe59abf758f8fbba64acf9ec4510fb4c2b7c9dd7e6ac5d17,1,0,32,-0.3200000000000001,0.060000000000000164,4,28,16,13,30,14,1,1.8914275861729002,0.0,0,,random_actions,random_actions:panel_5:2:1025030:1
shared,shared,random_actions,2,30000,1,reference,panel_5,1025031,c41718e579e9921215b2dcce5d5de2e76116ebee141e56085f9af366355581db,0,0,32,-0.3200000000000001,-0.023199999999999887,11,21,13,9,30,10,1,1.9646306497280008,0.0,0,,random_actions,random_actions:panel_5:2:1025031:0
shared,shared,random_actions,2,30000,1,reference,panel_5,1025031,c41718e579e9921215b2dcce5d5de2e76116ebee141e56085f9af366355581db,1,0,32,-0.3200000000000001,0.010400000000000187,6,26,19,8,27,10,1,1.8626899280801605,0.0,0,,random_actions,random_actions:panel_5:2:1025031:1
shared,shared,random_actions,2,30000,1,reference,panel_5,1025032,b313f66225307f203e954df8420105a6b299a208ece5bf11c959857602a9a689,0,1,19,0.8099999999999999,1.0904,4,15,7,9,19,10,0,0.5063457913850007,0.0,0,,random_actions,random_actions:panel_5:2:1025032:0
shared,shared,random_actions,2,30000,1,reference,panel_5,1025032,b313f66225307f203e954df8420105a6b299a208ece5bf11c959857602a9a689,1,0,32,-0.3200000000000001,0.09120000000000017,16,16,10,7,27,6,1,1.793078130573944,0.0,0,,random_actions,random_actions:panel_5:2:1025032:1
shared,shared,random_actions,2,30000,1,reference,panel_5,1025033,e99662a7fbbbf6ff3b03c17ea2786ea0084defb64dce59470c28e1b0810ab848,0,0,32,-0.3200000000000001,-0.06559999999999999,10,22,13,10,28,8,1,1.956035407713002,0.0,0,,random_actions,random_actions:panel_5:2:1025033:0
shared,shared,random_actions,2,30000,1,reference,panel_5,1025033,e99662a7fbbbf6ff3b03c17ea2786ea0084defb64dce59470c28e1b0810ab848,1,0,32,-0.3200000000000001,-0.05599999999999991,12,20,11,10,29,8,1,1.9737553002420016,0.0,0,,random_actions,random_actions:panel_5:2:1025033:1
shared,shared,random_actions,2,30000,1,reference,panel_5,1025034,f77bfddbb5e668baf8cba5a25bc73315de3f6249e0122f34a767d0fca5744ca0,0,1,4,0.96,1.1272,0,4,0,5,4,4,0,0.0,0.0,0,,random_actions,random_actions:panel_5:2:1025034:0
shared,shared,random_actions,2,30000,1,reference,panel_5,1025034,f77bfddbb5e668baf8cba5a25bc73315de3f6249e0122f34a767d0fca5744ca0,1,0,32,-0.3200000000000001,0.04760000000000031,11,21,14,8,26,8,1,1.8103311498301173,0.0,0,,random_actions,random_actions:panel_5:2:1025034:1
shared,shared,random_actions,2,30000,1,reference,panel_5,1025035,0456e8e3c37402c6d8fb1374a492d138103eae7dff577f59e9e69d743969a463,0,1,18,0.82,0.9552,6,12,8,5,18,7,0,0.6011601481000015,0.0,0,,random_actions,random_actions:panel_5:2:1025035:0
shared,shared,random_actions,2,30000,1,reference,panel_5,1025035,0456e8e3c37402c6d8fb1374a492d138103eae7dff577f59e9e69d743969a463,1,0,32,-0.3200000000000001,-0.11039999999999989,7,25,18,8,28,10,1,1.9974219411280014,0.0,0,,random_actions,random_actions:panel_5:2:1025035:1
shared,shared,random_actions,2,30000,1,reference,panel_5,1025036,6d29403c7f18c9238a81315b3ad944dd91a380a37ebb0de02f8660ef5062f6e8,0,0,32,-0.3200000000000001,0.5280000000000008,8,24,15,10,21,7,1,1.3349500968527248,0.0,0,,random_actions,random_actions:panel_5:2:1025036:0
shared,shared,random_actions,2,30000,1,reference,panel_5,1025036,6d29403c7f18c9238a81315b3ad944dd91a380a37ebb0de02f8660ef5062f6e8,1,0,32,-0.3200000000000001,0.49440000000000084,11,21,12,10,22,6,1,1.3762660824772766,0.0,0,,random_actions,random_actions:panel_5:2:1025036:1
shared,shared,random_actions,2,30000,1,reference,panel_5,1025037,b796fd177e7dd73bfc02ca8063737f6348155fca43a0abbfe26acec0a8b72229,0,0,32,-0.3200000000000001,-0.02519999999999993,13,19,8,12,28,7,1,1.9173575640041265,0.0,0,,random_actions,random_actions:panel_5:2:1025037:0
shared,shared,random_actions,2,30000,1,reference,panel_5,1025037,b796fd177e7dd73bfc02ca8063737f6348155fca43a0abbfe26acec0a8b72229,1,1,2,0.98,1.0612,0,2,0,3,2,2,0,0.0,0.0,0,,random_actions,random_actions:panel_5:2:1025037:1
shared,shared,random_actions,2,30000,1,reference,panel_5,1025038,0b4ed6499de9f0ceed5ba20363d9f9b89bcbe65bc487bc4c8998f9cbc9a30584,0,1,7,0.9299999999999999,0.9856,2,5,2,4,7,3,0,0.2299344600000005,0.0,0,,random_actions,random_actions:panel_5:2:1025038:0
shared,shared,random_actions,2,30000,1,reference,panel_5,1025038,0b4ed6499de9f0ceed5ba20363d9f9b89bcbe65bc487bc4c8998f9cbc9a30584,1,1,10,0.9,0.9592,1,9,5,5,10,5,0,0.3489987300000006,0.0,0,,random_actions,random_actions:panel_5:2:1025038:1
shared,shared,random_actions,2,30000,1,reference,panel_5,1025039,d4b5f1f783bb2c42612f7219fc1cee2568dfb497fa608188d26e0261e31cb8d9,0,0,32,-0.3200000000000001,-0.10400000000000002,13,19,12,8,31,9,1,2.0673336462000025,0.0,0,,random_actions,random_actions:panel_5:2:1025039:0
shared,shared,random_actions,2,30000,1,reference,panel_5,1025039,d4b5f1f783bb2c42612f7219fc1cee2568dfb497fa608188d26e0261e31cb8d9,1,1,17,0.83,1.016,2,15,3,13,17,9,0,0.5120865068912908,0.0,0,,random_actions,random_actions:panel_5:2:1025039:1
shared,shared,random_actions,2,30000,1,reference,panel_5,1025040,1cae03417ae6ae59963d895334443e79f53af1681840c144a32d699623c5e687,0,1,1,0.99,1.03,0,1,0,2,1,1,0,0.0,0.0,0,,random_actions,random_actions:panel_5:2:1025040:0
shared,shared,random_actions,2,30000,1,reference,panel_5,1025040,1cae03417ae6ae59963d895334443e79f53af1681840c144a32d699623c5e687,1,1,1,0.99,1.03,0,1,0,2,1,1,0,0.0,0.0,0,,random_actions,random_actions:panel_5:2:1025040:1
shared,shared,random_actions,2,30000,1,reference,panel_5,1025041,783793fc604733819d6a1710240a5b0f6c55546bccdee93f5e0e8cae7af234ab,0,0,32,-0.3200000000000001,-0.10559999999999992,14,18,10,9,27,6,1,1.9710996196115818,0.0,0,,random_actions,random_actions:panel_5:2:1025041:0
shared,shared,random_actions,2,30000,1,reference,panel_5,1025041,783793fc604733819d6a1710240a5b0f6c55546bccdee93f5e0e8cae7af234ab,1,1,21,0.7899999999999999,0.9624000000000001,5,16,9,8,21,9,0,0.6889346213825811,0.0,0,,random_actions,random_actions:panel_5:2:1025041:1
shared,shared,random_actions,2,30000,1,reference,panel_5,1025042,5cb904d108d430c50a7bd88b866368742717dc72db96e921990192b6189355e7,0,0,32,-0.3200000000000001,-0.0727999999999998,15,17,13,5,29,7,1,1.9836737553000012,0.0,0,,random_actions,random_actions:panel_5:2:1025042:0
shared,shared,random_actions,2,30000,1,reference,panel_5,1025042,5cb904d108d430c50a7bd88b866368742717dc72db96e921990192b6189355e7,1,0,32,-0.3200000000000001,-0.10639999999999993,12,20,15,6,31,10,1,2.0684867724000027,0.0,0,,random_actions,random_actions:panel_5:2:1025042:1
shared,shared,random_actions,2,30000,1,reference,panel_5,1025043,4a4fa82f81943563b46a2f35d0bc5eecfc7bfc5504559ea3175223fa91c09cda,0,0,32,-0.3200000000000001,-0.002399999999999923,17,15,7,9,32,9,1,2.001357684556003,0.0,0,,random_actions,random_actions:panel_5:2:1025043:0
shared,shared,random_actions,2,30000,1,reference,panel_5,1025043,4a4fa82f81943563b46a2f35d0bc5eecfc7bfc5504559ea3175223fa91c09cda,1,1,23,0.7699999999999999,1.09,6,17,7,11,23,11,0,0.6330858615329144,0.0,0,,random_actions,random_actions:panel_5:2:1025043:1
shared,shared,random_actions,2,30000,1,reference,panel_5,1025044,b45ca5cb2293626f97098eff7d3a2a347c0bd9d8dfedf34cf26da982d76a9fa4,0,0,32,-0.3200000000000001,0.08760000000000015,13,19,13,7,26,6,1,1.7662943358725234,0.0,0,,random_actions,random_actions:panel_5:2:1025044:0
shared,shared,random_actions,2,30000,1,reference,panel_5,1025044,b45ca5cb2293626f97098eff7d3a2a347c0bd9d8dfedf34cf26da982d76a9fa4,1,1,26,0.74,1.018,9,17,5,13,26,11,0,0.7944342642342911,0.0,0,,random_actions,random_actions:panel_5:2:1025044:1
shared,shared,random_actions,2,30000,1,reference,panel_5,1025045,c596b74a2d24f353b10e4ddcd9cccdc272e495664f37b179bc7e07e70cdffda2,0,1,9,0.91,1.0068000000000001,1,8,3,6,9,5,0,0.2707897300000005,0.0,0,,random_actions,random_actions:panel_5:2:1025045:0
shared,shared,random_actions,2,30000,1,reference,panel_5,1025045,c596b74a2d24f353b10e4ddcd9cccdc272e495664f37b179bc7e07e70cdffda2,1,1,7,0.9299999999999999,1.0208000000000002,3,4,1,4,7,3,0,0.1949270000000004,0.0,0,,random_actions,random_actions:panel_5:2:1025045:1
shared,shared,random_actions,2,30000,1,reference,panel_5,1025046,4fe61f58b8f18e83fa3c6e1d041b1c77c111b4700ece9d5118acca5fc80b8ff6,0,0,32,-0.3200000000000001,-0.02719999999999989,14,18,9,10,30,8,1,1.9712714516854508,0.0,0,,random_actions,random_actions:panel_5:2:1025046:0
shared,shared,random_actions,2,30000,1,reference,panel_5,1025046,4fe61f58b8f18e83fa3c6e1d041b1c77c111b4700ece9d5118acca5fc80b8ff6,1,1,3,0.97,1.0936,0,3,0,4,3,3,0,0.0,0.0,0,,random_actions,random_actions:panel_5:2:1025046:1
shared,shared,random_actions,2,30000,1,reference,panel_5,1025047,2b4b81b6991359172ebc234a58e0873fed969c2101d093f61cba0ae519e174d5,0,1,25,0.7499999999999999,0.9216000000000001,16,9,6,4,25,6,0,0.8521763800000017,0.0,0,,random_actions,random_actions:panel_5:2:1025047:0
shared,shared,random_actions,2,30000,1,reference,panel_5,1025047,2b4b81b6991359172ebc234a58e0873fed969c2101d093f61cba0ae519e174d5,1,1,3,0.97,1.0936,0,3,0,4,3,3,0,0.0,0.0,0,,random_actions,random_actions:panel_5:2:1025047:1
shared,shared,random_actions,2,30000,1,reference,panel_5,1025048,cdbc1efaeacb4e6cede0a766267e7137618102a9c522608cd64022b808b8cfa2,0,0,32,-0.3200000000000001,-0.05359999999999987,5,27,15,13,28,10,1,1.9488936943482909,0.0,0,,random_actions,random_actions:panel_5:2:1025048:0
shared,shared,random_actions,2,30000,1,reference,panel_5,1025048,cdbc1efaeacb4e6cede0a766267e7137618102a9c522608cd64022b808b8cfa2,1,1,9,0.91,1.054,4,5,1,5,9,4,0,0.22527765000000055,0.0,0,,random_actions,random_actions:panel_5:2:1025048:1
shared,shared,random_actions,2,30000,1,reference,panel_5,1025049,5cd7da79a7dc947d224337513385bfa3ce029c0cbfff0f65c5d03e0a0b5658f1,0,0,32,-0.3200000000000001,-0.11319999999999968,13,19,11,9,30,7,1,2.05331001230819,0.0,0,,random_actions,random_actions:panel_5:2:1025049:0
shared,shared,random_actions,2,30000,1,reference,panel_5,1025049,5cd7da79a7dc947d224337513385bfa3ce029c0cbfff0f65c5d03e0a0b5658f1,1,1,25,0.7499999999999999,0.8596,6,19,7,13,25,10,0,0.9130488588570017,0.0,0,,random_actions,random_actions:panel_5:2:1025049:1
shared,shared,random_actions,2,30000,1,reference,panel_5,1025050,1ffc9585b5af4f8907a299c61147315a94fa8e68f2840d65019d5c5bf519dce3,0,0,32,-0.3200000000000001,-0.12480000000000001,7,25,14,12,27,8,1,1.9800024144280024,0.0,0,,random_actions,random_actions:panel_5:2:1025050:0
shared,shared,random_actions,2,30000,1,reference,panel_5,1025050,1ffc9585b5af4f8907a299c61147315a94fa8e68f2840d65019d5c5bf519dce3,1,1,29,0.71,0.9004000000000001,13,16,9,8,29,9,0,0.997755289485002,0.0,0,,random_actions,random_actions:panel_5:2:1025050:1
shared,shared,random_actions,2,30000,1,reference,panel_5,1025051,35129050a9b126fc6da790129ba3a875f0b5b73708e1685718d32b3dd1431cff,0,0,32,-0.3200000000000001,-0.03879999999999993,4,28,18,11,30,14,1,1.9788995795458715,0.0,0,,random_actions,random_actions:panel_5:2:1025051:0
shared,shared,random_actions,2,30000,1,reference,panel_5,1025051,35129050a9b126fc6da790129ba3a875f0b5b73708e1685718d32b3dd1431cff,1,0,32,-0.3200000000000001,-0.030399999999999844,6,26,13,14,28,11,1,1.9206067222052918,0.0,0,,random_actions,random_actions:panel_5:2:1025051:1
shared,shared,random_actions,2,30000,1,reference,panel_5,1025053,6580e0ff1504b8cfd4cac3ede4b68748b484fcb42efb7a4aafb58db8241e702d,0,1,1,0.99,1.03,0,1,0,2,1,1,0,0.0,0.0,0,,random_actions,random_actions:panel_5:2:1025053:0
shared,shared,random_actions,2,30000,1,reference,panel_5,1025053,6580e0ff1504b8cfd4cac3ede4b68748b484fcb42efb7a4aafb58db8241e702d,1,1,1,0.99,1.03,0,1,0,2,1,1,0,0.0,0.0,0,,random_actions,random_actions:panel_5:2:1025053:1
shared,shared,random_actions,2,30000,1,reference,panel_5,1025054,884d22a7c86320a7941e0590d1210061b99613bb1ab147924dad49b603da985d,0,1,24,0.7599999999999999,1.0148000000000001,6,18,8,11,24,11,0,0.7327787113850014,0.0,0,,random_actions,random_actions:panel_5:2:1025054:0
shared,shared,random_actions,2,30000,1,reference,panel_5,1025054,884d22a7c86320a7941e0590d1210061b99613bb1ab147924dad49b603da985d,1,0,32,-0.3200000000000001,-0.05919999999999988,15,17,6,12,30,9,1,1.9973426462000023,0.0,0,,random_actions,random_actions:panel_5:2:1025054:1
shared,shared,random_actions,2,30000,1,reference,panel_5,1025055,8eb432cd0600d5b57645247a7fe359b693d01c25e7a15d4e1b2f52e8cf071c5f,0,1,27,0.73,1.0076,7,20,11,10,27,12,0,0.8336306943482906,0.0,0,,random_actions,random_actions:panel_5:2:1025055:0
shared,shared,random_actions,2,30000,1,reference,panel_5,1025055,8eb432cd0600d5b57645247a7fe359b693d01c25e7a15d4e1b2f52e8cf071c5f,1,0,32,-0.3200000000000001,-0.01359999999999989,6,26,19,8,27,10,1,1.8812747473280014,0.0,0,,random_actions,random_actions:panel_5:2:1025055:1
shared,shared,random_actions,2,30000,1,reference,panel_5,1025056,bda0093363ce425ada5165ec267d549826148b685829094c7a1f68902a679786,0,0,32,-0.3200000000000001,0.1192000000000001,5,27,21,7,26,11,1,1.7439322336753922,0.0,0,,random_actions,random_actions:panel_5:2:1025056:0
shared,shared,random_actions,2,30000,1,reference,panel_5,1025056,bda0093363ce425ada5165ec267d549826148b685829094c7a1f68902a679786,1,0,32,-0.3200000000000001,0.09880000000000014,10,22,16,7,28,10,1,1.807853216438581,0.0,0,,random_actions,random_actions:panel_5:2:1025056:1
shared,shared,random_actions,2,30000,1,reference,panel_5,1025057,dd995b127324a855d55a9ba4a1fcfdad05155972cd519029816e5c05399f7fa2,0,0,32,-0.3200000000000001,-0.04959999999999986,10,22,15,8,32,12,1,2.043905822900002,0.0,0,,random_actions,random_actions:panel_5:2:1025057:0
shared,shared,random_actions,2,30000,1,reference,panel_5,1025057,dd995b127324a855d55a9ba4a1fcfdad05155972cd519029816e5c05399f7fa2,1,1,29,0.71,0.9528000000000001,5,24,16,9,29,14,0,0.9480930886000013,0.0,0,,random_actions,random_actions:panel_5:2:1025057:1
shared,shared,random_actions,2,30000,1,reference,panel_5,1025058,4ad5674dad5289d1f3b0b03a925cb9ba32c2b0dda34d9945141d49991f6df8b4,0,0,32,-0.3200000000000001,0.03920000000000015,8,24,16,9,28,10,1,1.8549757633861175,0.0,0,,random_actions,random_actions:panel_5:2:1025058:0
shared,shared,random_actions,2,30000,1,reference,panel_5,1025058,4ad5674dad5289d1f3b0b03a925cb9ba32c2b0dda34d9945141d49991f6df8b4,1,0,32,-0.3200000000000001,0.026000000000000106,9,23,14,10,28,10,1,1.867959448530045,0.0,0,,random_actions,random_actions:panel_5:2:1025058:1
shared,shared,random_actions,2,30000,1,reference,panel_5,1025059,61855073b8bf4514a91f43871731a29fdc3d170b18e95a3226a48889b75a262f,0,0,32,-0.3200000000000001,-0.13599999999999995,10,22,16,7,28,8,1,2.023705097456002,0.0,0,,random_actions,random_actions:panel_5:2:1025059:0
shared,shared,random_actions,2,30000,1,reference,panel_5,1025059,61855073b8bf4514a91f43871731a29fdc3d170b18e95a3226a48889b75a262f,1,1,8,0.9199999999999999,0.9744,1,7,2,6,8,4,0,0.27198073000000045,0.0,0,,random_actions,random_actions:panel_5:2:1025059:1
shared,shared,random_actions,2,30000,1,reference,panel_5,1025060,3440fedb6ef6473ab84f5d5030d949266735aa4ce89973d8a291076606c14ac4,0,0,32,-0.3200000000000001,-0.03319999999999987,15,17,5,13,29,7,1,1.9477266849671326,0.0,0,,random_actions,random_actions:panel_5:2:1025060:0
shared,shared,random_actions,2,30000,1,reference,panel_5,1025060,3440fedb6ef6473ab84f5d5030d949266735aa4ce89973d8a291076606c14ac4,1,1,29,0.71,0.9584000000000001,8,21,9,13,29,12,0,0.9435051419841035,0.0,0,,random_actions,random_actions:panel_5:2:1025060:1
shared,shared,random_actions,2,30000,1,reference,panel_5,1025061,c1a1fdc1bdb32b8fc3d121c2e320d051b010768708db361929bb3da0a7b9f9c6,0,1,3,0.97,1.0536,1,2,0,3,3,2,0,0.038509000000000126,0.0,0,,random_actions,random_actions:panel_5:2:1025061:0
shared,shared,random_actions,2,30000,1,reference,panel_5,1025061,c1a1fdc1bdb32b8fc3d121c2e320d051b010768708db361929bb3da0a7b9f9c6,1,1,5,0.95,1.0372000000000001,1,4,2,3,5,3,0,0.11671800000000021,0.0,0,,random_actions,random_actions:panel_5:2:1025061:1
shared,shared,random_actions,2,30000,1,reference,panel_5,1025062,2be05a64dcd17d9032c4764e6e2c91acaf73d58de613d8d740eee3e6898b8e70,0,0,32,-0.3200000000000001,0.046400000000000136,17,15,13,3,27,5,1,1.8303033476806387,0.0,0,,random_actions,random_actions:panel_5:2:1025062:0
shared,shared,random_actions,2,30000,1,reference,panel_5,1025062,2be05a64dcd17d9032c4764e6e2c91acaf73d58de613d8d740eee3e6898b8e70,1,0,32,-0.3200000000000001,0.011600000000000166,18,14,9,6,30,7,1,1.9339819327473189,0.0,0,,random_actions,random_actions:panel_5:2:1025062:1
shared,shared,random_actions,2,30000,1,reference,panel_5,1025063,482aaf640b6a3beb996d25e4e3dc52cac293bccb559b805923c92a20ed28a925,0,1,31,0.69,0.8504,9,22,14,9,31,12,0,1.1077321481000022,0.0,0,,random_actions,random_actions:panel_5:2:1025063:0
shared,shared,random_actions,2,30000,1,reference,panel_5,1025063,482aaf640b6a3beb996d25e4e3dc52cac293bccb559b805923c92a20ed28a925,1,1,7,0.9299999999999999,1.0208,1,6,1,6,7,4,0,0.1949270000000003,0.0,0,,random_actions,random_actions:panel_5:2:1025063:1
shared,shared,random_actions,2,30000,1,reference,panel_5,1025064,1183e2d0916953bc5637657997eaaaaf5c729624c668d2b9313905e3e257c158,0,0,32,-0.3200000000000001,-0.06439999999999996,17,15,9,7,28,4,1,1.963461553542003,0.0,0,,random_actions,random_actions:panel_5:2:1025064:0
shared,shared,random_actions,2,30000,1,reference,panel_5,1025064,1183e2d0916953bc5637657997eaaaaf5c729624c668d2b9313905e3e257c158,1,0,32,-0.3200000000000001,-0.08479999999999989,12,20,9,12,30,9,1,2.0202324279570005,0.0,0,,random_actions,random_actions:panel_5:2:1025064:1
shared,shared,shortest_path,0,30000,1,reference,panel_5,1025000,45b752a29cbae0f5b7953a1c5f48796a9449adb27bb6b576f014c409607ee439,0,1,5,0.95,1.162,0,5,0,6,5,5,0,0.0,0.0,0,,shortest_path,shortest_path:panel_5:0:1025000:0
shared,shared,shortest_path,0,30000,1,reference,panel_5,1025001,a55ca2c2843fec638678154515a0062a8bd0660ea4d0d2f7f9be223f21c6bc67,0,1,6,0.94,1.198,0,6,0,7,6,6,0,0.0,0.0,0,,shortest_path,shortest_path:panel_5:0:1025001:0
shared,shared,shortest_path,0,30000,1,reference,panel_5,1025002,43ee6e1ba64b867ff579a1deff55abf989f2cd3d99a609b68f84bbf350c61a62,0,1,1,0.99,1.03,0,1,0,2,1,1,0,0.0,0.0,0,,shortest_path,shortest_path:panel_5:0:1025002:0
shared,shared,shortest_path,0,30000,1,reference,panel_5,1025003,9c56969adba8406ccd92736c6c6ff4bae65b614bd38389b3701347eab04a44da,0,1,2,0.98,1.0612,0,2,0,3,2,2,0,0.0,0.0,0,,shortest_path,shortest_path:panel_5:0:1025003:0
shared,shared,shortest_path,0,30000,1,reference,panel_5,1025004,6d2a7c883e42e2cf089187970de8da261741de9b1b5333f6de1992c9c76094aa,0,1,2,0.98,1.0612,0,2,0,3,2,2,0,0.0,0.0,0,,shortest_path,shortest_path:panel_5:0:1025004:0
shared,shared,shortest_path,0,30000,1,reference,panel_5,1025005,0c7af214bc66e3ea9972ebe04e88adec503bb64c66cf315f725ccfb62f0a6ce1,0,1,3,0.97,1.0936,0,3,0,4,3,3,0,0.0,0.0,0,,shortest_path,shortest_path:panel_5:0:1025005:0
shared,shared,shortest_path,0,30000,1,reference,panel_5,1025006,5d5cbbd72fa51621cee1a8f9252ef7da141fa91a8d7f1cb854f7b4783d6bfd09,0,1,1,0.99,1.03,0,1,0,2,1,1,0,0.0,0.0,0,,shortest_path,shortest_path:panel_5:0:1025006:0
shared,shared,shortest_path,0,30000,1,reference,panel_5,1025007,f8a7c4a59f0a5d2908879e6c15bc688fafd20715930a92ffd9aa9136c6830e07,0,1,2,0.98,1.0612,0,2,0,3,2,2,0,0.0,0.0,0,,shortest_path,shortest_path:panel_5:0:1025007:0
shared,shared,shortest_path,0,30000,1,reference,panel_5,1025008,41920ef9d2617fcb2613f83c9fcc00047abea7df06cccc8bb0c8c418565f1efc,0,1,5,0.95,1.162,0,5,0,6,5,5,0,0.0,0.0,0,,shortest_path,shortest_path:panel_5:0:1025008:0
shared,shared,shortest_path,0,30000,1,reference,panel_5,1025009,d87de750bc2d817fa5e32ef6aeee984ad3ffd90a1fd7e28c3f33ec8cf295f406,0,1,3,0.97,1.0936,0,3,0,4,3,3,0,0.0,0.0,0,,shortest_path,shortest_path:panel_5:0:1025009:0
shared,shared,shortest_path,0,30000,1,reference,panel_5,1025010,27321007dce23b1b2e28a5f545a5460fc3c1026a1d0773f3b10d3c10f72a2d96,0,1,3,0.97,1.0936,0,3,0,4,3,3,0,0.0,0.0,0,,shortest_path,shortest_path:panel_5:0:1025010:0
shared,shared,shortest_path,0,30000,1,reference,panel_5,1025011,ae42ff8a8fa093769968ad4e77cd483737efb133e7524cdffa117f465e7f0702,0,1,1,0.99,1.03,0,1,0,2,1,1,0,0.0,0.0,0,,shortest_path,shortest_path:panel_5:0:1025011:0
shared,shared,shortest_path,0,30000,1,reference,panel_5,1025012,8882287e64fa7dc98d6589e59e0525c926e01f7d92b72375f6b2809f149f73e7,0,1,2,0.98,1.0612,0,2,0,3,2,2,0,0.0,0.0,0,,shortest_path,shortest_path:panel_5:0:1025012:0
shared,shared,shortest_path,0,30000,1,reference,panel_5,1025013,3399930256a6a9edacf48bc575066d30421677ad8eeebed34fc5bccaa6c8ceb0,0,1,2,0.98,1.0612,0,2,0,3,2,2,0,0.0,0.0,0,,shortest_path,shortest_path:panel_5:0:1025013:0
shared,shared,shortest_path,0,30000,1,reference,panel_5,1025014,1734086f7ea97d634016a3abcb61d9690d644e9e573256a902d21e1ea8aab7b2,0,1,3,0.97,1.0936,0,3,0,4,3,3,0,0.0,0.0,0,,shortest_path,shortest_path:panel_5:0:1025014:0
shared,shared,shortest_path,0,30000,1,reference,panel_5,1025015,69eb9b7a9f1670381e6c7c063a054c16c2969b9191fa3ed21be9a47fc5c95d00,0,1,3,0.97,1.0936,0,3,0,4,3,3,0,0.0,0.0,0,,shortest_path,shortest_path:panel_5:0:1025015:0
shared,shared,shortest_path,0,30000,1,reference,panel_5,1025016,a0ba4cb8cd6500255a28d4a6453334a3138b99dfad8d5dd3a3962f2fa24177ca,0,1,5,0.95,1.162,0,5,0,6,5,5,0,0.0,0.0,0,,shortest_path,shortest_path:panel_5:0:1025016:0
shared,shared,shortest_path,0,30000,1,reference,panel_5,1025017,90aae1f2f41a44d84b87b7c386497825ed36bcaf8755d8d59e19a981c54403a9,0,1,2,0.98,1.0612,0,2,0,3,2,2,0,0.0,0.0,0,,shortest_path,shortest_path:panel_5:0:1025017:0
shared,shared,shortest_path,0,30000,1,reference,panel_5,1025018,1f52bef992026d1406d67f3ddc1fe600cff662c8915b9877f88b0674057a5b49,0,1,5,0.95,1.162,0,5,0,6,5,5,0,0.0,0.0,0,,shortest_path,shortest_path:panel_5:0:1025018:0
shared,shared,shortest_path,0,30000,1,reference,panel_5,1025019,ef1054b2ba3b417888faade171560510802db2ca9f7c18a5fc84e3dd5ccf580f,0,1,6,0.94,1.198,0,6,0,7,6,6,0,0.0,0.0,0,,shortest_path,shortest_path:panel_5:0:1025019:0
shared,shared,shortest_path,0,30000,1,reference,panel_5,1025020,3d2184318a05f6c1b6ee6ff15d10e697891dfdb531232711c363deefcf65647a,0,1,1,0.99,1.03,0,1,0,2,1,1,0,0.0,0.0,0,,shortest_path,shortest_path:panel_5:0:1025020:0
shared,shared,shortest_path,0,30000,1,reference,panel_5,1025021,be895431f2b1357e47cd16312bdca147b53744385646a58236861b4fa4de6a53,0,1,2,0.98,1.0612,0,2,0,3,2,2,0,0.0,0.0,0,,shortest_path,shortest_path:panel_5:0:1025021:0
shared,shared,shortest_path,0,30000,1,reference,panel_5,1025022,cb12e9d32b61ec1a58c0622f694a3229e4772782bb062cfd31a1083c6e3d260c,0,1,4,0.96,1.1272,0,4,0,5,4,4,0,0.0,0.0,0,,shortest_path,shortest_path:panel_5:0:1025022:0
shared,shared,shortest_path,0,30000,1,reference,panel_5,1025023,b28b75aa5db49b3e010ff115651fad6fec595165ad4316b13bbe410925a99f5a,0,1,6,0.94,1.198,0,6,0,7,6,6,0,0.0,0.0,0,,shortest_path,shortest_path:panel_5:0:1025023:0
shared,shared,shortest_path,0,30000,1,reference,panel_5,1025024,24cf662346dc58f22f34ee5ed855172ecd00081863418d8e0edb034b18e72eaf,0,1,3,0.97,1.0936,0,3,0,4,3,3,0,0.0,0.0,0,,shortest_path,shortest_path:panel_5:0:1025024:0
shared,shared,shortest_path,0,30000,1,reference,panel_5,1025025,1fae62bfe9c957f8d533230eb664e6644bb181242c419374bc6a2b3178896d1f,0,1,2,0.98,1.0612,0,2,0,3,2,2,0,0.0,0.0,0,,shortest_path,shortest_path:panel_5:0:1025025:0
shared,shared,shortest_path,0,30000,1,reference,panel_5,1025026,e91cd7f5fa1ca4937ceceddae663c130e6ff4049f35cfcb493432de74229ab6b,0,1,4,0.96,1.1272,0,4,0,5,4,4,0,0.0,0.0,0,,shortest_path,shortest_path:panel_5:0:1025026:0
shared,shared,shortest_path,0,30000,1,reference,panel_5,1025027,14c443e061e11bd8af3c9f0a3d3ae2047cc4f81ab5f3acc6c4d60a6c40ba268c,0,1,1,0.99,1.03,0,1,0,2,1,1,0,0.0,0.0,0,,shortest_path,shortest_path:panel_5:0:1025027:0
shared,shared,shortest_path,0,30000,1,reference,panel_5,1025028,1845720a2af3b3475ca3a4a8726557b6204bc4266b6c3d58f02e9c9a39cb8a91,0,1,1,0.99,1.03,0,1,0,2,1,1,0,0.0,0.0,0,,shortest_path,shortest_path:panel_5:0:1025028:0
shared,shared,shortest_path,0,30000,1,reference,panel_5,1025029,d457f74c2332335015bd445320e1ea1ff16efdae2b82f3560e79b44c711f1bdf,0,1,6,0.94,1.198,0,6,0,7,6,6,0,0.0,0.0,0,,shortest_path,shortest_path:panel_5:0:1025029:0
shared,shared,shortest_path,0,30000,1,reference,panel_5,1025030,eae8f9008673c92dfe59abf758f8fbba64acf9ec4510fb4c2b7c9dd7e6ac5d17,0,1,5,0.95,1.162,0,5,0,6,5,5,0,0.0,0.0,0,,shortest_path,shortest_path:panel_5:0:1025030:0
shared,shared,shortest_path,0,30000,1,reference,panel_5,1025031,c41718e579e9921215b2dcce5d5de2e76116ebee141e56085f9af366355581db,0,1,4,0.96,1.1272,0,4,0,5,4,4,0,0.0,0.0,0,,shortest_path,shortest_path:panel_5:0:1025031:0
shared,shared,shortest_path,0,30000,1,reference,panel_5,1025032,b313f66225307f203e954df8420105a6b299a208ece5bf11c959857602a9a689,0,1,5,0.95,1.162,0,5,0,6,5,5,0,0.0,0.0,0,,shortest_path,shortest_path:panel_5:0:1025032:0
shared,shared,shortest_path,0,30000,1,reference,panel_5,1025033,e99662a7fbbbf6ff3b03c17ea2786ea0084defb64dce59470c28e1b0810ab848,0,1,3,0.97,1.0936,0,3,0,4,3,3,0,0.0,0.0,0,,shortest_path,shortest_path:panel_5:0:1025033:0
shared,shared,shortest_path,0,30000,1,reference,panel_5,1025034,f77bfddbb5e668baf8cba5a25bc73315de3f6249e0122f34a767d0fca5744ca0,0,1,4,0.96,1.1272,0,4,0,5,4,4,0,0.0,0.0,0,,shortest_path,shortest_path:panel_5:0:1025034:0
shared,shared,shortest_path,0,30000,1,reference,panel_5,1025035,0456e8e3c37402c6d8fb1374a492d138103eae7dff577f59e9e69d743969a463,0,1,2,0.98,1.0612,0,2,0,3,2,2,0,0.0,0.0,0,,shortest_path,shortest_path:panel_5:0:1025035:0
shared,shared,shortest_path,0,30000,1,reference,panel_5,1025036,6d29403c7f18c9238a81315b3ad944dd91a380a37ebb0de02f8660ef5062f6e8,0,1,11,0.89,1.3960000000000001,0,11,0,12,11,11,0,0.0,0.0,0,,shortest_path,shortest_path:panel_5:0:1025036:0
shared,shared,shortest_path,0,30000,1,reference,panel_5,1025037,b796fd177e7dd73bfc02ca8063737f6348155fca43a0abbfe26acec0a8b72229,0,1,2,0.98,1.0612,0,2,0,3,2,2,0,0.0,0.0,0,,shortest_path,shortest_path:panel_5:0:1025037:0
shared,shared,shortest_path,0,30000,1,reference,panel_5,1025038,0b4ed6499de9f0ceed5ba20363d9f9b89bcbe65bc487bc4c8998f9cbc9a30584,0,1,1,0.99,1.03,0,1,0,2,1,1,0,0.0,0.0,0,,shortest_path,shortest_path:panel_5:0:1025038:0
shared,shared,shortest_path,0,30000,1,reference,panel_5,1025039,d4b5f1f783bb2c42612f7219fc1cee2568dfb497fa608188d26e0261e31cb8d9,0,1,3,0.97,1.0936,0,3,0,4,3,3,0,0.0,0.0,0,,shortest_path,shortest_path:panel_5:0:1025039:0
shared,shared,shortest_path,0,30000,1,reference,panel_5,1025040,1cae03417ae6ae59963d895334443e79f53af1681840c144a32d699623c5e687,0,1,1,0.99,1.03,0,1,0,2,1,1,0,0.0,0.0,0,,shortest_path,shortest_path:panel_5:0:1025040:0
shared,shared,shortest_path,0,30000,1,reference,panel_5,1025041,783793fc604733819d6a1710240a5b0f6c55546bccdee93f5e0e8cae7af234ab,0,1,2,0.98,1.0612,0,2,0,3,2,2,0,0.0,0.0,0,,shortest_path,shortest_path:panel_5:0:1025041:0
shared,shared,shortest_path,0,30000,1,reference,panel_5,1025042,5cb904d108d430c50a7bd88b866368742717dc72db96e921990192b6189355e7,0,1,3,0.97,1.0936,0,3,0,4,3,3,0,0.0,0.0,0,,shortest_path,shortest_path:panel_5:0:1025042:0
shared,shared,shortest_path,0,30000,1,reference,panel_5,1025043,4a4fa82f81943563b46a2f35d0bc5eecfc7bfc5504559ea3175223fa91c09cda,0,1,5,0.95,1.162,0,5,0,6,5,5,0,0.0,0.0,0,,shortest_path,shortest_path:panel_5:0:1025043:0
shared,shared,shortest_path,0,30000,1,reference,panel_5,1025044,b45ca5cb2293626f97098eff7d3a2a347c0bd9d8dfedf34cf26da982d76a9fa4,0,1,5,0.95,1.162,0,5,0,6,5,5,0,0.0,0.0,0,,shortest_path,shortest_path:panel_5:0:1025044:0
shared,shared,shortest_path,0,30000,1,reference,panel_5,1025045,c596b74a2d24f353b10e4ddcd9cccdc272e495664f37b179bc7e07e70cdffda2,0,1,2,0.98,1.0612,0,2,0,3,2,2,0,0.0,0.0,0,,shortest_path,shortest_path:panel_5:0:1025045:0
shared,shared,shortest_path,0,30000,1,reference,panel_5,1025046,4fe61f58b8f18e83fa3c6e1d041b1c77c111b4700ece9d5118acca5fc80b8ff6,0,1,3,0.97,1.0936,0,3,0,4,3,3,0,0.0,0.0,0,,shortest_path,shortest_path:panel_5:0:1025046:0
shared,shared,shortest_path,0,30000,1,reference,panel_5,1025047,2b4b81b6991359172ebc234a58e0873fed969c2101d093f61cba0ae519e174d5,0,1,3,0.97,1.0936,0,3,0,4,3,3,0,0.0,0.0,0,,shortest_path,shortest_path:panel_5:0:1025047:0
shared,shared,shortest_path,0,30000,1,reference,panel_5,1025048,cdbc1efaeacb4e6cede0a766267e7137618102a9c522608cd64022b808b8cfa2,0,1,3,0.97,1.0936,0,3,0,4,3,3,0,0.0,0.0,0,,shortest_path,shortest_path:panel_5:0:1025048:0
shared,shared,shortest_path,0,30000,1,reference,panel_5,1025049,5cd7da79a7dc947d224337513385bfa3ce029c0cbfff0f65c5d03e0a0b5658f1,0,1,1,0.99,1.03,0,1,0,2,1,1,0,0.0,0.0,0,,shortest_path,shortest_path:panel_5:0:1025049:0
shared,shared,shortest_path,0,30000,1,reference,panel_5,1025050,1ffc9585b5af4f8907a299c61147315a94fa8e68f2840d65019d5c5bf519dce3,0,1,2,0.98,1.0612,0,2,0,3,2,2,0,0.0,0.0,0,,shortest_path,shortest_path:panel_5:0:1025050:0
shared,shared,shortest_path,0,30000,1,reference,panel_5,1025051,35129050a9b126fc6da790129ba3a875f0b5b73708e1685718d32b3dd1431cff,0,1,4,0.96,1.1272,0,4,0,5,4,4,0,0.0,0.0,0,,shortest_path,shortest_path:panel_5:0:1025051:0
shared,shared,shortest_path,0,30000,1,reference,panel_5,1025053,6580e0ff1504b8cfd4cac3ede4b68748b484fcb42efb7a4aafb58db8241e702d,0,1,1,0.99,1.03,0,1,0,2,1,1,0,0.0,0.0,0,,shortest_path,shortest_path:panel_5:0:1025053:0
shared,shared,shortest_path,0,30000,1,reference,panel_5,1025054,884d22a7c86320a7941e0590d1210061b99613bb1ab147924dad49b603da985d,0,1,4,0.96,1.1272,0,4,0,5,4,4,0,0.0,0.0,0,,shortest_path,shortest_path:panel_5:0:1025054:0
shared,shared,shortest_path,0,30000,1,reference,panel_5,1025055,8eb432cd0600d5b57645247a7fe359b693d01c25e7a15d4e1b2f52e8cf071c5f,0,1,4,0.96,1.1272,0,4,0,5,4,4,0,0.0,0.0,0,,shortest_path,shortest_path:panel_5:0:1025055:0
shared,shared,shortest_path,0,30000,1,reference,panel_5,1025056,bda0093363ce425ada5165ec267d549826148b685829094c7a1f68902a679786,0,1,6,0.94,1.198,0,6,0,7,6,6,0,0.0,0.0,0,,shortest_path,shortest_path:panel_5:0:1025056:0
shared,shared,shortest_path,0,30000,1,reference,panel_5,1025057,dd995b127324a855d55a9ba4a1fcfdad05155972cd519029816e5c05399f7fa2,0,1,4,0.96,1.1272,0,4,0,5,4,4,0,0.0,0.0,0,,shortest_path,shortest_path:panel_5:0:1025057:0
shared,shared,shortest_path,0,30000,1,reference,panel_5,1025058,4ad5674dad5289d1f3b0b03a925cb9ba32c2b0dda34d9945141d49991f6df8b4,0,1,4,0.96,1.1272,0,4,0,5,4,4,0,0.0,0.0,0,,shortest_path,shortest_path:panel_5:0:1025058:0
shared,shared,shortest_path,0,30000,1,reference,panel_5,1025059,61855073b8bf4514a91f43871731a29fdc3d170b18e95a3226a48889b75a262f,0,1,1,0.99,1.03,0,1,0,2,1,1,0,0.0,0.0,0,,shortest_path,shortest_path:panel_5:0:1025059:0
shared,shared,shortest_path,0,30000,1,reference,panel_5,1025060,3440fedb6ef6473ab84f5d5030d949266735aa4ce89973d8a291076606c14ac4,0,1,3,0.97,1.0936,0,3,0,4,3,3,0,0.0,0.0,0,,shortest_path,shortest_path:panel_5:0:1025060:0
shared,shared,shortest_path,0,30000,1,reference,panel_5,1025061,c1a1fdc1bdb32b8fc3d121c2e320d051b010768708db361929bb3da0a7b9f9c6,0,1,2,0.98,1.0612,0,2,0,3,2,2,0,0.0,0.0,0,,shortest_path,shortest_path:panel_5:0:1025061:0
shared,shared,shortest_path,0,30000,1,reference,panel_5,1025062,2be05a64dcd17d9032c4764e6e2c91acaf73d58de613d8d740eee3e6898b8e70,0,1,4,0.96,1.1272,0,4,0,5,4,4,0,0.0,0.0,0,,shortest_path,shortest_path:panel_5:0:1025062:0
shared,shared,shortest_path,0,30000,1,reference,panel_5,1025063,482aaf640b6a3beb996d25e4e3dc52cac293bccb559b805923c92a20ed28a925,0,1,2,0.98,1.0612,0,2,0,3,2,2,0,0.0,0.0,0,,shortest_path,shortest_path:panel_5:0:1025063:0
shared,shared,shortest_path,0,30000,1,reference,panel_5,1025064,1183e2d0916953bc5637657997eaaaaf5c729624c668d2b9313905e3e257c158,0,1,3,0.97,1.0936,0,3,0,4,3,3,0,0.0,0.0,0,,shortest_path,shortest_path:panel_5:0:1025064:0
shared,shared,random_actions,0,30000,1,reference,panel_6,1026000,cceb612e12996df9153dc59634e43dd36b93ec518f88f6e86e176019e3d7ad56,0,0,32,-0.3200000000000001,-0.07399999999999984,11,21,13,9,29,10,1,1.986389857454582,0.0,0,,random_actions,random_actions:panel_6:0:1026000:0
shared,shared,random_actions,0,30000,1,reference,panel_6,1026000,cceb612e12996df9153dc59634e43dd36b93ec518f88f6e86e176019e3d7ad56,1,0,32,-0.3200000000000001,-0.03799999999999987,7,25,16,10,29,11,1,1.9522081240164222,0.0,0,,random_actions,random_actions:panel_6:0:1026000:1
shared,shared,random_actions,0,30000,1,reference,panel_6,1026001,94605e8996180451828032800d75e2c08a88617fbdb4bafa2d201b2cdca7b731,0,0,32,-0.3200000000000001,0.0020000000000001406,14,18,10,9,29,8,1,1.917752571124582,0.0,0,,random_actions,random_actions:panel_6:0:1026001:0
shared,shared,random_actions,0,30000,1,reference,panel_6,1026001,94605e8996180451828032800d75e2c08a88617fbdb4bafa2d201b2cdca7b731,1,0,32,-0.3200000000000001,-0.04359999999999986,11,21,13,9,30,10,1,1.984771164800002,0.0,0,,random_actions,random_actions:panel_6:0:1026001:1
shared,shared,random_actions,0,30000,1,reference,panel_6,1026002,cb1f89206f710dd4b7da1f9442aa9ea35ff79085d72a98dc81a5e1238259f5cf,0,0,32,-0.3200000000000001,0.12160000000000011,13,19,10,10,27,7,1,1.7642286335134791,0.0,0,,random_actions,random_actions:panel_6:0:1026002:0
shared,shared,random_actions,0,30000,1,reference,panel_6,1026002,cb1f89206f710dd4b7da1f9442aa9ea35ff79085d72a98dc81a5e1238259f5cf,1,0,32,-0.3200000000000001,0.09880000000000011,14,18,13,6,28,9,1,1.8082852435183205,0.0,0,,random_actions,random_actions:panel_6:0:1026002:1
shared,shared,random_actions,0,30000,1,reference,panel_6,1026003,b7b9359aa4576920327860855d8fa35dc679ac982d05fd7ba1c3d660ba19b316,0,0,32,-0.3200000000000001,0.06120000000000009,6,26,16,11,27,11,1,1.814628333387422,0.0,0,,random_actions,random_actions:panel_6:0:1026003:0
shared,shared,random_actions,0,30000,1,reference,panel_6,1026003,b7b9359aa4576920327860855d8fa35dc679ac982d05fd7ba1c3d660ba19b316,1,0,32,-0.3200000000000001,0.07200000000000017,14,18,12,7,26,7,1,1.787679472553132,0.0,0,,random_actions,random_actions:panel_6:0:1026003:1
shared,shared,random_actions,0,30000,1,reference,panel_6,1026004,fbff20aa9319fabf30aec3ff8b1f82b623315344d46a4c8176532833502c813b,0,0,32,-0.3200000000000001,-0.04959999999999998,14,18,11,8,30,8,1,1.991633500757002,0.0,0,,random_actions,random_actions:panel_6:0:1026004:0
shared,shared,random_actions,0,30000,1,reference,panel_6,1026004,fbff20aa9319fabf30aec3ff8b1f82b623315344d46a4c8176532833502c813b,1,1,18,0.82,1.0376,10,8,1,8,18,6,0,0.5231601686000007,0.0,0,,random_actions,random_actions:panel_6:0:1026004:1
shared,shared,random_actions,0,30000,1,reference,panel_6,1026005,1651533e717557bda753456f62652c003181e5c929840ef6ca691ec80b5b420c,0,1,1,0.99,1.03,0,1,0,2,1,1,0,0.0,0.0,0,,random_actions,random_actions:panel_6:0:1026005:0
shared,shared,random_actions,0,30000,1,reference,panel_6,1026005,1651533e717557bda753456f62652c003181e5c929840ef6ca691ec80b5b420c,1,1,11,0.89,0.9516,2,9,2,8,11,5,0,0.3875077300000007,0.0,0,,random_actions,random_actions:panel_6:0:1026005:1
shared,shared,random_actions,0,30000,1,reference,panel_6,1026006,19f79b40228b58e39506985b7678670fdd9a271ccd6ce40b0a81e892b54f2ce5,0,0,32,-0.3200000000000001,-0.08759999999999986,17,15,11,5,30,7,1,2.0251348518168717,0.0,0,,random_actions,random_actions:panel_6:0:1026006:0
shared,shared,random_actions,0,30000,1,reference,panel_6,1026006,19f79b40228b58e39506985b7678670fdd9a271ccd6ce40b0a81e892b54f2ce5,1,0,32,-0.3200000000000001,-0.13679999999999992,11,21,10,12,29,8,1,2.0495290681000027,0.0,0,,random_actions,random_actions:panel_6:0:1026006:1
shared,shared,random_actions,0,30000,1,reference,panel_6,1026007,c2ed8a87262eb02dcf7c6e8c71c44a5abe922e12aa50b8702da7d53cb6fa64b9,0,1,18,0.82,0.9372,12,6,1,6,18,4,0,0.6185260000000017,0.0,0,,random_actions,random_actions:panel_6:0:1026007:0
shared,shared,random_actions,0,30000,1,reference,panel_6,1026007,c2ed8a87262eb02dcf7c6e8c71c44a5abe922e12aa50b8702da7d53cb6fa64b9,1,0,32,-0.3200000000000001,-0.12599999999999995,8,24,16,9,29,10,1,2.034753164800002,0.0,0,,random_actions,random_actions:panel_6:0:1026007:1
shared,shared,random_actions,0,30000,1,reference,panel_6,1026008,6a812cdb5c80159c227e7bd120fb6f92ce2dac6633dcdb6dba75c2c3c18a9e6f,0,0,32,-0.3200000000000001,0.07600000000000012,12,20,11,10,30,10,1,1.875653703653581,0.0,0,,random_actions,random_actions:panel_6:0:1026008:0
shared,shared,random_actions,0,30000,1,reference,panel_6,1026008,6a812cdb5c80159c227e7bd120fb6f92ce2dac6633dcdb6dba75c2c3c18a9e6f,1,1,17,0.83,1.1420000000000001,3,14,3,12,17,10,0,0.3978135515115806,0.0,0,,random_actions,random_actions:panel_6:0:1026008:1
shared,shared,random_actions,0,30000,1,reference,panel_6,1026009,181429e05bda415ce6c754e97478f7fcfcb8d18f9cd62f2b2a2bb01008764fc6,0,1,7,0.9299999999999999,0.982,2,5,3,3,7,3,0,0.23343600000000042,0.0,0,,random_actions,random_actions:panel_6:0:1026009:0
shared,shared,random_actions,0,30000,1,reference,panel_6,1026009,181429e05bda415ce6c754e97478f7fcfcb8d18f9cd62f2b2a2bb01008764fc6,1,0,32,-0.3200000000000001,-0.12039999999999978,19,13,5,9,27,3,1,1.987388795486451,0.0,0,,random_actions,random_actions:panel_6:0:1026009:1
shared,shared,random_actions,0,30000,1,reference,panel_6,1026010,4c23141490f363d94341b92db8e059b215f2bbb5e0d4aeb014b07c7fb8cbc843,0,0,32,-0.3200000000000001,0.032000000000000195,6,26,17,10,26,9,1,1.8221320603058855,0.0,0,,random_actions,random_actions:panel_6:0:1026010:0
shared,shared,random_actions,0,30000,1,reference,panel_6,1026010,4c23141490f363d94341b92db8e059b215f2bbb5e0d4aeb014b07c7fb8cbc843,1,0,32,-0.3200000000000001,0.039200000000000124,13,19,13,7,27,7,1,1.837651424031321,0.0,0,,random_actions,random_actions:panel_6:0:1026010:1
shared,shared,random_actions,0,30000,1,reference,panel_6,1026011,a5ed02c5f87afef9183b028ee4304bd757da66463cc54dfc4d31bc1f5261993e,0,0,32,-0.3200000000000001,0.029600000000000293,8,24,14,11,26,8,1,1.8240074549329135,0.0,0,,random_actions,random_actions:panel_6:0:1026011:0
shared,shared,random_actions,0,30000,1,reference,panel_6,1026011,a5ed02c5f87afef9183b028ee4304bd757da66463cc54dfc4d31bc1f5261993e,1,1,26,0.74,1.0068000000000001,12,14,9,6,26,9,0,0.8030762235280005,0.0,0,,random_actions,random_actions:panel_6:0:1026011:1
shared,shared,random_actions,0,30000,1,reference,panel_6,1026012,c772f0d1addf92c801afe75c79c4671a62b0c6f59d42862ebc555d76a9199f98,0,0,32,-0.3200000000000001,0.009200000000000125,14,18,8,11,28,7,1,1.8847030622690024,0.0,0,,random_actions,random_actions:panel_6:0:1026012:0
shared,shared,random_actions,0,30000,1,reference,panel_6,1026012,c772f0d1addf92c801afe75c79c4671a62b0c6f59d42862ebc555d76a9199f98,1,0,32,-0.3200000000000001,0.029600000000000237,13,19,9,11,26,7,1,1.826645130867277,0.0,0,,random_actions,random_actions:panel_6:0:1026012:1
shared,shared,random_actions,0,30000,1,reference,panel_6,1026013,fd617eb2080a93960615a3e5fd7e672ee13d9afe4e83eb1dc122bf89ba3f4c8c,0,1,17,0.83,1.0028000000000001,0,17,7,11,17,10,0,0.5244887934140008,0.0,0,,random_actions,random_actions:panel_6:0:1026013:0
shared,shared,random_actions,0,30000,1,reference,panel_6,1026013,fd617eb2080a93960615a3e5fd7e672ee13d9afe4e83eb1dc122bf89ba3f4c8c,1,1,22,0.7799999999999999,0.9864,7,15,6,10,22,9,0,0.6964436984710011,0.0,0,,random_actions,random_actions:panel_6:0:1026013:1
shared,shared,random_actions,0,30000,1,reference,panel_6,1026014,0f6449ab40988d4debaef7358c5ed804453166be3356cb1de47579823a833e73,0,0,32,-0.3200000000000001,-0.006399999999999795,10,22,10,13,26,8,1,1.860301992883581,0.0,0,,random_actions,random_actions:panel_6:0:1026014:0
shared,shared,random_actions,0,30000,1,reference,panel_6,1026014,0f6449ab40988d4debaef7358c5ed804453166be3356cb1de47579823a833e73,1,0,32,-0.3200000000000001,-0.0375999999999998,16,16,10,7,29,8,1,1.952096375300001,0.0,0,,random_actions,random_actions:panel_6:0:1026014:1
shared,shared,random_actions,0,30000,1,reference,panel_6,1026015,c41f561f0687cbc0e7a26300bacbc40f6a6fa46849922f66f8aca4a393ae4645,0,0,32,-0.3200000000000001,-0.09079999999999992,8,24,17,8,29,10,1,1.9986250929000016,0.0,0,,random_actions,random_actions:panel_6:0:1026015:0
shared,shared,random_actions,0,30000,1,reference,panel_6,1026015,c41f561f0687cbc0e7a26300bacbc40f6a6fa46849922f66f8aca4a393ae4645,1,1,10,0.9,1.0512000000000001,1,9,3,7,10,6,0,0.2592695443000005,0.0,0,,random_actions,random_actions:panel_6:0:1026015:1
shared,shared,random_actions,0,30000,1,reference,panel_6,1026016,6bd57691edab24c06935af38eeca6a80a0a5068b7c79de88ccd10641a7456dd8,0,0,32,-0.3200000000000001,-0.013999999999999763,10,22,13,10,29,10,1,1.9318703707948282,0.0,0,,random_actions,random_actions:panel_6:0:1026016:0
shared,shared,random_actions,0,30000,1,reference,panel_6,1026016,6bd57691edab24c06935af38eeca6a80a0a5068b7c79de88ccd10641a7456dd8,1,1,12,0.88,1.0228000000000002,3,9,5,5,12,6,0,0.3490344600000005,0.0,0,,random_actions,random_actions:panel_6:0:1026016:1
shared,shared,random_actions,0,30000,1,reference,panel_6,1026017,69d197f31f1accf4d96cb4a08efe9116ea0397efa73fc779123afe0087003847,0,0,32,-0.3200000000000001,-0.1223999999999999,11,21,14,8,29,8,1,2.031977494042002,0.0,0,,random_actions,random_actions:panel_6:0:1026017:0
shared,shared,random_actions,0,30000,1,reference,panel_6,1026017,69d197f31f1accf4d96cb4a08efe9116ea0397efa73fc779123afe0087003847,1,1,2,0.98,1.0612,0,2,0,3,2,2,0,0.0,0.0,0,,random_actions,random_actions:panel_6:0:1026017:1
shared,shared,random_actions,0,30000,1,reference,panel_6,1026018,30518e048802454e08bed62542dda111a09cff0386b2b2d2eff3d69adfe3af81,0,0,32,-0.3200000000000001,-0.011999999999999941,5,27,15,13,31,14,1,1.9824324815140022,0.0,0,,random_actions,random_actions:panel_6:0:1026018:0
shared,shared,random_actions,0,30000,1,reference,panel_6,1026018,30518e048802454e08bed62542dda111a09cff0386b2b2d2eff3d69adfe3af81,1,0,32,-0.3200000000000001,0.05280000000000015,19,13,11,3,28,5,1,1.8451753451830026,0.0,0,,random_actions,random_actions:panel_6:0:1026018:1
shared,shared,random_actions,0,30000,1,reference,panel_6,1026019,8e663bfc51bc5d70790eb50a28f9683786d6fc0253ec41662926d1f029085ff9,0,0,32,-0.3200000000000001,0.06520000000000009,12,20,12,9,31,12,1,1.9117904020105811,0.0,0,,random_actions,random_actions:panel_6:0:1026019:0
shared,shared,random_actions,0,30000,1,reference,panel_6,1026019,8e663bfc51bc5d70790eb50a28f9683786d6fc0253ec41662926d1f029085ff9,1,1,23,0.7699999999999999,1.0784,7,16,5,12,23,11,0,0.6457942872140013,0.0,0,,random_actions,random_actions:panel_6:0:1026019:1
shared,shared,random_actions,0,30000,1,reference,panel_6,1026020,b72ca581f448616bace2f3ca2228a09fa021464f6d708c82c4c32f06517078f8,0,0,32,-0.3200000000000001,0.07360000000000014,13,19,10,10,29,10,1,1.8519071341521602,0.0,0,,random_actions,random_actions:panel_6:0:1026020:0
shared,shared,random_actions,0,30000,1,reference,panel_6,1026020,b72ca581f448616bace2f3ca2228a09fa021464f6d708c82c4c32f06517078f8,1,0,32,-0.3200000000000001,0.12520000000000012,20,12,7,6,28,5,1,1.7833089022376392,0.0,0,,random_actions,random_actions:panel_6:0:1026020:1
shared,shared,random_actions,0,30000,1,reference,panel_6,1026021,e7f1051a7fd5baed1b54cf4976f43f67f79f39025bd3537d57bcc31d2ad16850,0,0,32,-0.3200000000000001,-0.15719999999999995,12,20,13,8,30,9,1,2.0894874181000023,0.0,0,,random_actions,random_actions:panel_6:0:1026021:0
shared,shared,random_actions,0,30000,1,reference,panel_6,1026021,e7f1051a7fd5baed1b54cf4976f43f67f79f39025bd3537d57bcc31d2ad16850,1,1,11,0.89,0.994,5,6,2,5,11,4,0,0.3454614600000009,0.0,0,,random_actions,random_actions:panel_6:0:1026021:1
shared,shared,random_actions,0,30000,1,reference,panel_6,1026022,2fc822cece44a2e913787d7c2ec918eeedc41d890bde8a5edcc7c962a1a450e0,0,0,32,-0.3200000000000001,0.021200000000000135,4,28,19,10,31,14,1,1.9526881263755205,0.0,0,,random_actions,random_actions:panel_6:0:1026022:0
shared,shared,random_actions,0,30000,1,reference,panel_6,1026022,2fc822cece44a2e913787d7c2ec918eeedc41d890bde8a5edcc7c962a1a450e0,1,0,32,-0.3200000000000001,0.0872000000000003,10,22,15,8,26,8,1,1.776697916651114,0.0,0,,random_actions,random_actions:panel_6:0:1026022:1
shared,shared,random_actions,0,30000,1,reference,panel_6,1026023,a4c5fd10a5424eac342c57bb5b41c71a395ce29589e4166f5e1d01f8fbf2fecb,0,1,24,0.7599999999999999,0.9400000000000001,9,15,11,5,24,9,0,0.802984110000002,0.0,0,,random_actions,random_actions:panel_6:0:1026023:0
shared,shared,random_actions,0,30000,1,reference,panel_6,1026023,a4c5fd10a5424eac342c57bb5b41c71a395ce29589e4166f5e1d01f8fbf2fecb,1,1,11,0.89,1.0388,6,5,1,5,11,4,0,0.3022956500000008,0.0,0,,random_actions,random_actions:panel_6:0:1026023:1
shared,shared,random_actions,0,30000,1,reference,panel_6,1026024,9203ab44a16de52de5547b0887f9b02d943f33cc3ec154d7eccbc6071a30b23e,0,1,27,0.73,1.2228,5,22,10,13,27,15,0,0.6460811220636095,0.0,0,,random_actions,random_actions:panel_6:0:1026024:0
shared,shared,random_actions,0,30000,1,reference,panel_6,1026024,9203ab44a16de52de5547b0887f9b02d943f33cc3ec154d7eccbc6071a30b23e,1,0,32,-0.3200000000000001,0.20760000000000015,6,26,18,9,29,13,1,1.740682534375566,0.0,0,,random_actions,random_actions:panel_6:0:1026024:1
shared,shared,random_actions,0,30000,1,reference,panel_6,1026025,bd82dc82fcd36fc33e325c94b7349c5673d036018b786763d36f5e54c3fd175b,0,0,32,-0.3200000000000001,0.003200000000000147,9,23,13,11,27,9,1,1.8728142210598708,0.0,0,,random_actions,random_actions:panel_6:0:1026025:0
shared,shared,random_actions,0,30000,1,reference,panel_6,1026025,bd82dc82fcd36fc33e325c94b7349c5673d036018b786763d36f5e54c3fd175b,1,1,28,0.72,1.0228000000000002,6,22,8,15,28,13,0,0.8520892659140017,0.0,0,,random_actions,random_actions:panel_6:0:1026025:1
shared,shared,random_actions,0,30000,1,reference,panel_6,1026026,d19a776a9055df2e9e475c16a14a2d112acaede87cb5de8058aff0b8b664d51a,0,0,32,-0.3200000000000001,-0.01039999999999991,19,13,9,5,27,4,1,1.8826467186386093,0.0,0,,random_actions,random_actions:panel_6:0:1026026:0
shared,shared,random_actions,0,30000,1,reference,panel_6,1026026,d19a776a9055df2e9e475c16a14a2d112acaede87cb5de8058aff0b8b664d51a,1,0,32,-0.3200000000000001,-0.03799999999999987,2,30,20,11,28,12,1,1.9331284690332913,0.0,0,,random_actions,random_actions:panel_6:0:1026026:1
shared,shared,random_actions,0,30000,1,reference,panel_6,1026027,0fd91119ce528122a295766a923e6504e182d350cfb025a2f182d8c6b30b0688,0,0,32,-0.3200000000000001,-0.06479999999999987,14,18,7,12,28,6,1,1.9520309061115535,0.0,0,,random_actions,random_actions:panel_6:0:1026027:0
shared,shared,random_actions,0,30000,1,reference,panel_6,1026027,0fd91119ce528122a295766a923e6504e182d350cfb025a2f182d8c6b30b0688,1,1,13,0.87,0.9752000000000001,5,8,2,7,13,5,0,0.4261585781000008,0.0,0,,random_actions,random_actions:panel_6:0:1026027:1
shared,shared,random_actions,0,30000,1,reference,panel_6,1026028,f3023848db642fce5300e2f085b8e0eb12a05a6ad14b194d3c7fc508d1334269,0,1,9,0.91,0.968,4,5,0,6,9,3,0,0.30929873000000074,0.0,0,,random_actions,random_actions:panel_6:0:1026028:0
shared,shared,random_actions,0,30000,1,reference,panel_6,1026028,f3023848db642fce5300e2f085b8e0eb12a05a6ad14b194d3c7fc508d1334269,1,1,7,0.9299999999999999,0.9832000000000001,0,7,4,4,7,4,0,0.23228073000000038,0.0,0,,random_actions,random_actions:panel_6:0:1026028:1
shared,shared,random_actions,0,30000,1,reference,panel_6,1026029,ab61489b19839e6e400d9c1c52e349945cbc30a348c52d250dc20acab5f7ea77,0,1,7,0.9299999999999999,1.0584,4,3,0,4,7,3,0,0.15880000000000027,0.0,0,,random_actions,random_actions:panel_6:0:1026029:0
shared,shared,random_actions,0,30000,1,reference,panel_6,1026029,ab61489b19839e6e400d9c1c52e349945cbc30a348c52d250dc20acab5f7ea77,1,0,32,-0.3200000000000001,-0.058399999999999855,7,25,18,8,28,10,1,1.9429796561850012,0.0,0,,random_actions,random_actions:panel_6:0:1026029:1
shared,shared,random_actions,0,30000,1,reference,panel_6,1026030,8d3fc61e5146f807a25e15d1a1c2a5052bcba7ed4f1fd9c7a01b1c10e7343835,0,0,32,-0.3200000000000001,0.12280000000000015,11,21,13,9,27,9,1,1.7590189995599435,0.0,0,,random_actions,random_actions:panel_6:0:1026030:0
shared,shared,random_actions,0,30000,1,reference,panel_6,1026030,8d3fc61e5146f807a25e15d1a1c2a5052bcba7ed4f1fd9c7a01b1c10e7343835,1,1,28,0.72,1.0896000000000001,2,26,17,10,28,16,0,0.7919269418825807,0.0,0,,random_actions,random_actions:panel_6:0:1026030:1
shared,shared,random_actions,0,30000,1,reference,panel_6,1026031,c68defc8244f967f59d4fd104ddcd0773bd5720df03b3f44f81ebd59979714d2,0,1,1,0.99,1.03,0,1,0,2,1,1,0,0.0,0.0,0,,random_actions,random_actions:panel_6:0:1026031:0
shared,shared,random_actions,0,30000,1,reference,panel_6,1026031,c68defc8244f967f59d4fd104ddcd0773bd5720df03b3f44f81ebd59979714d2,1,1,1,0.99,1.03,0,1,0,2,1,1,0,0.0,0.0,0,,random_actions,random_actions:panel_6:0:1026031:1
shared,shared,random_actions,0,30000,1,reference,panel_6,1026032,7265bbf074dccea7352b0d70ab8a290683f06f568007b2bc60c0c9e409a9701b,0,0,32,-0.3200000000000001,0.003200000000000161,11,21,12,10,30,10,1,1.9386365999120305,0.0,0,,random_actions,random_actions:panel_6:0:1026032:0
shared,shared,random_actions,0,30000,1,reference,panel_6,1026032,7265bbf074dccea7352b0d70ab8a290683f06f568007b2bc60c0c9e409a9701b,1,0,32,-0.3200000000000001,0.011600000000000152,13,19,12,8,30,9,1,1.93303045237532,0.0,0,,random_actions,random_actions:panel_6:0:1026032:1
shared,shared,random_actions,0,30000,1,reference,panel_6,1026033,22605d1b36216eb40e742629eacc9a54eab69b6f8de2d6c8d615ec53af6cc7a9,0,0,32,-0.3200000000000001,0.08680000000000007,13,19,11,9,28,9,1,1.818306601941031,0.0,0,,random_actions,random_actions:panel_6:0:1026033:0
shared,shared,random_actions,0,30000,1,reference,panel_6,1026033,22605d1b36216eb40e742629eacc9a54eab69b6f8de2d6c8d615ec53af6cc7a9,1,0,32,-0.3200000000000001,0.1072000000000001,13,19,11,9,29,9,1,1.8270989158487692,0.0,0,,random_actions,random_actions:panel_6:0:1026033:1
shared,shared,random_actions,0,30000,1,reference,panel_6,1026034,4ef8e7499892037936a6dc7d5af5154808a94977e7dd41902e9bccd9f4ae6d41,0,0,32,-0.3200000000000001,0.09640000000000012,7,25,17,9,29,13,1,1.8301552202609137,0.0,0,,random_actions,random_actions:panel_6:0:1026034:0
shared,shared,random_actions,0,30000,1,reference,panel_6,1026034,4ef8e7499892037936a6dc7d5af5154808a94977e7dd41902e9bccd9f4ae6d41,1,0,32,-0.3200000000000001,0.08920000000000011,6,26,18,9,28,12,1,1.81118042523087,0.0,0,,random_actions,random_actions:panel_6:0:1026034:1
shared,shared,random_actions,0,30000,1,reference,panel_6,1026035,6b87a850267ddd983525c9a02bc5ecb54ee5eac250b322c2c2f2d33bf2e79d23,0,1,1,0.99,1.03,0,1,0,2,1,1,0,0.0,0.0,0,,random_actions,random_actions:panel_6:0:1026035:0
shared,shared,random_actions,0,30000,1,reference,panel_6,1026035,6b87a850267ddd983525c9a02bc5ecb54ee5eac250b322c2c2f2d33bf2e79d23,1,1,1,0.99,1.03,0,1,0,2,1,1,0,0.0,0.0,0,,random_actions,random_actions:panel_6:0:1026035:1
shared,shared,random_actions,0,30000,1,reference,panel_6,1026036,f703a422838af56770960efae258b860e6522fd5706cc6ad94db3c3d0271adf1,0,0,32,-0.3200000000000001,0.1604000000000001,14,18,14,5,28,8,1,1.7588044444666102,0.0,0,,random_actions,random_actions:panel_6:0:1026036:0
shared,shared,random_actions,0,30000,1,reference,panel_6,1026036,f703a422838af56770960efae258b860e6522fd5706cc6ad94db3c3d0271adf1,1,0,32,-0.3200000000000001,0.17960000000000018,9,23,17,7,28,11,1,1.7380321065592337,0.0,0,,random_actions,random_actions:panel_6:0:1026036:1
shared,shared,random_actions,0,30000,1,reference,panel_6,1026037,71884973ec5d33caed5bbb72047e57bc83be600823354e53f8c0005ae564a46d,0,1,3,0.97,1.0524,1,2,0,3,3,2,0,0.03970000000000007,0.0,0,,random_actions,random_actions:panel_6:0:1026037:0
shared,shared,random_actions,0,30000,1,reference,panel_6,1026037,71884973ec5d33caed5bbb72047e57bc83be600823354e53f8c0005ae564a46d,1,1,2,0.98,1.0612,0,2,0,3,2,2,0,0.0,0.0,0,,random_actions,random_actions:panel_6:0:1026037:1
shared,shared,random_actions,0,30000,1,reference,panel_6,1026038,a5f1c2327a2de1c4df802cc061235d67c505857130654f54fbfc5e4761e34a0d,0,0,32,-0.3200000000000001,0.010400000000000117,14,18,8,11,29,7,1,1.9079269632449427,0.0,0,,random_actions,random_actions:panel_6:0:1026038:0
shared,shared,random_actions,0,30000,1,reference,panel_6,1026038,a5f1c2327a2de1c4df802cc061235d67c505857130654f54fbfc5e4761e34a0d,1,0,32,-0.3200000000000001,-0.014799999999999869,17,15,8,8,28,5,1,1.9103489009990011,0.0,0,,random_actions,random_actions:panel_6:0:1026038:1
shared,shared,random_actions,0,30000,1,reference,panel_6,1026039,7581a68fc3f11699416438046524ac8efc017787122103f7641454ce1ffaf225,0,0,32,-0.3200000000000001,0.12920000000000006,2,30,18,13,28,14,1,1.7804831299168704,0.0,0,,random_actions,random_actions:panel_6:0:1026039:0
shared,shared,random_actions,0,30000,1,reference,panel_6,1026039,7581a68fc3f11699416438046524ac8efc017787122103f7641454ce1ffaf225,1,0,32,-0.3200000000000001,0.1436000000000001,12,20,12,9,27,9,1,1.7431492442101315,0.0,0,,random_actions,random_actions:panel_6:0:1026039:1
shared,shared,random_actions,0,30000,1,reference,panel_6,1026040,90ee21dd3cb447d563291d254f88e87a9969f19637ff81565e4cb23ecc29516a,0,0,32,-0.3200000000000001,0.13600000000000015,16,16,14,3,26,5,1,1.7246924479642916,0.0,0,,random_actions,random_actions:panel_6:0:1026040:0
shared,shared,random_actions,0,30000,1,reference,panel_6,1026040,90ee21dd3cb447d563291d254f88e87a9969f19637ff81565e4cb23ecc29516a,1,0,32,-0.3200000000000001,0.10480000000000017,14,18,11,8,31,11,1,1.8770450285882339,0.0,0,,random_actions,random_actions:panel_6:0:1026040:1
shared,shared,random_actions,0,30000,1,reference,panel_6,1026041,0aa44ae5b9e05035195da0dc08421eb4bd5bd3edb14aaa0a476d67533327cd19,0,0,32,-0.3200000000000001,-0.10559999999999989,12,20,11,10,32,10,1,2.097557017456002,0.0,0,,random_actions,random_actions:panel_6:0:1026041:0
shared,shared,random_actions,0,30000,1,reference,panel_6,1026041,0aa44ae5b9e05035195da0dc08421eb4bd5bd3edb14aaa0a476d67533327cd19,1,1,2,0.98,1.0612,0,2,0,3,2,2,0,0.0,0.0,0,,random_actions,random_actions:panel_6:0:1026041:1
shared,shared,random_actions,0,30000,1,reference,panel_6,1026042,e0cc2b8007b2d3f680e7eb68f515f3ebe4a7985466a881e28648f6d0c1ce1143,0,1,28,0.72,0.9808000000000001,8,20,10,11,28,12,0,0.8900053360710022,0.0,0,,random_actions,random_actions:panel_6:0:1026042:0
shared,shared,random_actions,0,30000,1,reference,panel_6,1026042,e0cc2b8007b2d3f680e7eb68f515f3ebe4a7985466a881e28648f6d0c1ce1143,1,0,32,-0.3200000000000001,0.003200000000000036,19,13,9,5,28,5,1,1.8902052666980023,0.0,0,,random_actions,random_actions:panel_6:0:1026042:1
shared,shared,random_actions,0,30000,1,reference,panel_6,1026043,bd2065d78e8538569ce3a16384ed6989966d2c8413a8a24cf5b81466e4d47994,0,1,7,0.9299999999999999,1.0644,2,5,2,4,7,4,0,0.15288073000000046,0.0,0,,random_actions,random_actions:panel_6:0:1026043:0
shared,shared,random_actions,0,30000,1,reference,panel_6,1026043,bd2065d78e8538569ce3a16384ed6989966d2c8413a8a24cf5b81466e4d47994,1,0,32,-0.3200000000000001,-0.08959999999999992,15,17,10,8,31,9,1,2.0528990930280013,0.0,0,,random_actions,random_actions:panel_6:0:1026043:1
shared,shared,random_actions,0,30000,1,reference,panel_6,1026044,c7a4f017bcd92148fe96519ee34e035c14103a32763f5bad9961cc54927ffcd6,0,0,32,-0.3200000000000001,0.09880000000000014,17,15,8,8,28,6,1,1.8036040802361617,0.0,0,,random_actions,random_actions:panel_6:0:1026044:0
shared,shared,random_actions,0,30000,1,reference,panel_6,1026044,c7a4f017bcd92148fe96519ee34e035c14103a32763f5bad9961cc54927ffcd6,1,0,32,-0.3200000000000001,0.12400000000000014,20,12,10,3,27,5,1,1.758891495217349,0.0,0,,random_actions,random_actions:panel_6:0:1026044:1
shared,shared,random_actions,0,30000,1,reference,panel_6,1026045,3efa810f95d454ff5f0e06919457f950ac63cfe5044b04f2053ad241e4f1813c,0,1,4,0.96,1.0472000000000001,0,4,1,4,4,3,0,0.07586273000000021,0.0,0,,random_actions,random_actions:panel_6:0:1026045:0
shared,shared,random_actions,0,30000,1,reference,panel_6,1026045,3efa810f95d454ff5f0e06919457f950ac63cfe5044b04f2053ad241e4f1813c,1,1,2,0.98,1.0612,0,2,0,3,2,2,0,0.0,0.0,0,,random_actions,random_actions:panel_6:0:1026045:1
shared,shared,random_actions,0,30000,1,reference,panel_6,1026046,b3bd9329d2bc0417277b7e9463cbe378bb162cbe667afc524189a41747a0a0b6,0,1,28,0.72,0.8816,8,20,6,15,28,11,0,0.984185430500002,0.0,0,,random_actions,random_actions:panel_6:0:1026046:0
shared,shared,random_actions,0,30000,1,reference,panel_6,1026046,b3bd9329d2bc0417277b7e9463cbe378bb162cbe667afc524189a41747a0a0b6,1,1,9,0.91,1.0044,3,6,3,4,9,4,0,0.2731360000000005,0.0,0,,random_actions,random_actions:panel_6:0:1026046:1
shared,shared,random_actions,0,30000,1,reference,panel_6,1026047,7ae596ad447d794261e16d660b4ac637840f1599e5283b0be9009f758bc32e4b,0,0,32,-0.3200000000000001,0.47120000000000106,5,27,21,7,22,9,1,1.3924387509714418,0.0,0,,random_actions,random_actions:panel_6:0:1026047:0
shared,shared,random_actions,0,30000,1,reference,panel_6,1026047,7ae596ad447d794261e16d660b4ac637840f1599e5283b0be9009f758bc32e4b,1,0,32,-0.3200000000000001,0.31160000000000043,8,24,13,12,29,14,1,1.6536085488573629,0.0,0,,random_actions,random_actions:panel_6:0:1026047:1
shared,shared,random_actions,0,30000,1,reference,panel_6,1026048,2cff2e0966d9aeb89c64a6fbee359c4b73a4995efdc8c0bf55352a2cac537bef,0,0,32,-0.3200000000000001,-0.12959999999999983,12,20,11,10,29,9,1,2.039480362900002,0.0,0,,random_actions,random_actions:panel_6:0:1026048:0
shared,shared,random_actions,0,30000,1,reference,panel_6,1026048,2cff2e0966d9aeb89c64a6fbee359c4b73a4995efdc8c0bf55352a2cac537bef,1,1,11,0.89,1.0048000000000001,3,8,3,6,11,5,0,0.3351322743000006,0.0,0,,random_actions,random_actions:panel_6:0:1026048:1
shared,shared,random_actions,0,30000,1,reference,panel_6,1026049,b9934fe4b7765c9cc17fc98f20aa3eeb7d571f769079236746d21f3c9a142ecb,0,0,32,-0.3200000000000001,0.0724000000000001,9,23,14,10,31,13,1,1.9049239382738712,0.0,0,,random_actions,random_actions:panel_6:0:1026049:0
shared,shared,random_actions,0,30000,1,reference,panel_6,1026049,b9934fe4b7765c9cc17fc98f20aa3eeb7d571f769079236746d21f3c9a142ecb,1,0,32,-0.3200000000000001,0.11800000000000015,7,25,17,9,28,11,1,1.7921323851807551,0.0,0,,random_actions,random_actions:panel_6:0:1026049:1
shared,shared,random_actions,0,30000,1,reference,panel_6,1026050,dd9da225b8cc1dcc823231b6348b2d79793d38fc1ccad6e560e4a65a1db94fd0,0,0,32,-0.3200000000000001,0.0760000000000001,4,28,19,10,31,15,1,1.902879287320741,0.0,0,,random_actions,random_actions:panel_6:0:1026050:0
shared,shared,random_actions,0,30000,1,reference,panel_6,1026050,dd9da225b8cc1dcc823231b6348b2d79793d38fc1ccad6e560e4a65a1db94fd0,1,0,32,-0.3200000000000001,0.20800000000000046,26,6,4,3,25,2,1,1.6529261859675253,0.0,0,,random_actions,random_actions:panel_6:0:1026050:1
shared,shared,random_actions,0,30000,1,reference,panel_6,1026051,2aff09db7b49df8d5e16b0aa5aa5fbf93d7c4dd331dd9106583d2011a5c0e326,0,0,32,-0.3200000000000001,0.2576000000000003,13,19,15,5,24,6,1,1.5928182622535196,0.0,0,,random_actions,random_actions:panel_6:0:1026051:0
shared,shared,random_actions,0,30000,1,reference,panel_6,1026051,2aff09db7b49df8d5e16b0aa5aa5fbf93d7c4dd331dd9106583d2011a5c0e326,1,1,10,0.9,1.2268000000000001,3,7,0,8,10,7,0,0.10237109529136235,0.0,0,,random_actions,random_actions:panel_6:0:1026051:1
shared,shared,random_actions,0,30000,1,reference,panel_6,1026052,30e271335737c65e987a86238c383bdeb959b3a7957c4526ec87a068410db2b7,0,0,32,-0.3200000000000001,-0.03399999999999992,13,19,14,6,29,9,1,1.9523716249280016,0.0,0,,random_actions,random_actions:panel_6:0:1026052:0
shared,shared,random_actions,0,30000,1,reference,panel_6,1026052,30e271335737c65e987a86238c383bdeb959b3a7957c4526ec87a068410db2b7,1,1,26,0.74,1.0416,10,16,7,10,26,10,0,0.7713668814874222,0.0,0,,random_actions,random_actions:panel_6:0:1026052:1
shared,shared,random_actions,0,30000,1,reference,panel_6,1026053,aa3113877a19a0daefd1d201ee835a9f8fef3fe1d2162906d968bf6244d5063d,0,1,6,0.94,1.0744,3,3,0,4,6,3,0,0.11206119000000025,0.0,0,,random_actions,random_actions:panel_6:0:1026053:0
shared,shared,random_actions,0,30000,1,reference,panel_6,1026053,aa3113877a19a0daefd1d201ee835a9f8fef3fe1d2162906d968bf6244d5063d,1,1,19,0.8099999999999999,0.9624,6,13,3,11,19,8,0,0.625672000000001,0.0,0,,random_actions,random_actions:panel_6:0:1026053:1
shared,shared,random_actions,0,30000,1,reference,panel_6,1026054,0a09998651f020fa95968e53dc8b72f7f98069a3e840e079a243dd770a485e9b,0,0,32,-0.3200000000000001,0.19760000000000025,12,20,14,7,26,8,1,1.6836629208541014,0.0,0,,random_actions,random_actions:panel_6:0:1026054:0
shared,shared,random_actions,0,30000,1,reference,panel_6,1026054,0a09998651f020fa95968e53dc8b72f7f98069a3e840e079a243dd770a485e9b,1,0,32,-0.3200000000000001,0.2360000000000003,20,12,7,6,27,5,1,1.6737389490433805,0.0,0,,random_actions,random_actions:panel_6:0:1026054:1
shared,shared,random_actions,0,30000,1,reference,panel_6,1026055,ad2de98a33c6a96da60b4d97d3121460172cb25867c4c0820564f15b67234833,0,1,6,0.94,1.0768,1,5,1,5,6,4,0,0.10981996620000012,0.0,0,,random_actions,random_actions:panel_6:0:1026055:0
shared,shared,random_actions,0,30000,1,reference,panel_6,1026055,ad2de98a33c6a96da60b4d97d3121460172cb25867c4c0820564f15b67234833,1,0,32,-0.3200000000000001,-0.10159999999999995,9,23,16,8,29,10,1,2.0110200681000023,0.0,0,,random_actions,random_actions:panel_6:0:1026055:1
shared,shared,random_actions,0,30000,1,reference,panel_6,1026056,bb9897927695c0f6531f42cae73655f05141d18125190fe29d0df5a5c7627196,0,0,32,-0.3200000000000001,-0.07319999999999996,22,10,6,5,30,4,1,2.012912001640003,0.0,0,,random_actions,random_actions:panel_6:0:1026056:0
shared,shared,random_actions,0,30000,1,reference,panel_6,1026056,bb9897927695c0f6531f42cae73655f05141d18125190fe29d0df5a5c7627196,1,0,32,-0.3200000000000001,-0.09119999999999995,13,19,13,7,28,7,1,1.9797957878410024,0.0,0,,random_actions,random_actions:panel_6:0:1026056:1
shared,shared,random_actions,0,30000,1,reference,panel_6,1026057,722e565d8a7916c8109c7054c70f120acfb682a8299540604b451b0fe1a8fc90,0,0,32,-0.3200000000000001,0.08680000000000011,6,26,17,10,29,13,1,1.8424830220962045,0.0,0,,random_actions,random_actions:panel_6:0:1026057:0
shared,shared,random_actions,0,30000,1,reference,panel_6,1026057,722e565d8a7916c8109c7054c70f120acfb682a8299540604b451b0fe1a8fc90,1,1,12,0.88,1.1608,0,12,5,8,12,9,0,0.22303642620000053,0.0,0,,random_actions,random_actions:panel_6:0:1026057:1
shared,shared,random_actions,0,30000,1,reference,panel_6,1026058,4e75638dfd1fcd7d061e1e17ab8ea4e81b5f771b0d486aee572f19c272cda7b2,0,0,32,-0.3200000000000001,-0.1668,17,15,9,7,29,6,1,2.0729213800000017,0.0,0,,random_actions,random_actions:panel_6:0:1026058:0
shared,shared,random_actions,0,30000,1,reference,panel_6,1026058,4e75638dfd1fcd7d061e1e17ab8ea4e81b5f771b0d486aee572f19c272cda7b2,1,1,2,0.98,1.0612,0,2,0,3,2,2,0,0.0,0.0,0,,random_actions,random_actions:panel_6:0:1026058:1
shared,shared,random_actions,0,30000,1,reference,panel_6,1026059,4579d4206fdee1aea4bc6eacf096cc58588dd5a77ee09d8a284ad5781ebdb3ee,0,1,9,0.91,1.0032,1,8,4,5,9,5,0,0.2743270000000003,0.0,0,,random_actions,random_actions:panel_6:0:1026059:0
shared,shared,random_actions,0,30000,1,reference,panel_6,1026059,4579d4206fdee1aea4bc6eacf096cc58588dd5a77ee09d8a284ad5781ebdb3ee,1,1,29,0.71,0.9112000000000001,5,24,15,10,29,13,0,0.9881111700458712,0.0,0,,random_actions,random_actions:panel_6:0:1026059:1
shared,shared,random_actions,0,30000,1,reference,panel_6,1026060,08f0b56027ee4f35411224dbd4caef11071272e62992eb453fe0ba04e955564d,0,0,32,-0.3200000000000001,-0.074,8,24,11,14,28,10,1,1.9599988949280025,0.0,0,,random_actions,random_actions:panel_6:0:1026060:0
shared,shared,random_actions,0,30000,1,reference,panel_6,1026060,08f0b56027ee4f35411224dbd4caef11071272e62992eb453fe0ba04e955564d,1,1,5,0.95,1.0796000000000001,0,5,1,5,5,4,0,0.07586273000000021,0.0,0,,random_actions,random_actions:panel_6:0:1026060:1
shared,shared,random_actions,0,30000,1,reference,panel_6,1026061,1a97a5025ff3eac427d2b71b11ce30d6b41484efc54f80ca4013875f351a75cc,0,1,14,0.86,1.0608,2,12,5,8,14,8,0,0.3759875443000006,0.0,0,,random_actions,random_actions:panel_6:0:1026061:0
shared,shared,random_actions,0,30000,1,reference,panel_6,1026061,1a97a5025ff3eac427d2b71b11ce30d6b41484efc54f80ca4013875f351a75cc,1,0,32,-0.3200000000000001,0.014000000000000144,13,19,7,13,31,10,1,1.9566588094589,0.0,0,,random_actions,random_actions:panel_6:0:1026061:1
shared,shared,random_actions,0,30000,1,reference,panel_6,1026062,c050fb307a41cec399a22297b33d82997851d3def24d004f9a9702829b18077a,0,1,28,0.72,0.8728000000000001,9,19,11,9,28,10,0,0.9944291837850016,0.0,0,,random_actions,random_actions:panel_6:0:1026062:0
shared,shared,random_actions,0,30000,1,reference,panel_6,1026062,c050fb307a41cec399a22297b33d82997851d3def24d004f9a9702829b18077a,1,1,4,0.96,1.0048000000000001,1,3,0,4,4,2,0,0.11790900000000015,0.0,0,,random_actions,random_actions:panel_6:0:1026062:1
shared,shared,random_actions,0,30000,1,reference,panel_6,1026063,212345d38a473afc6d638107cfc632d17d6c0b34b56a4b85502223d6d02e6071,0,1,6,0.94,1.1156000000000001,0,6,2,5,6,5,0,0.07358684810000016,0.0,0,,random_actions,random_actions:panel_6:0:1026063:0
shared,shared,random_actions,0,30000,1,reference,panel_6,1026063,212345d38a473afc6d638107cfc632d17d6c0b34b56a4b85502223d6d02e6071,1,0,32,-0.3200000000000001,0.07400000000000029,9,23,16,8,25,7,1,1.767213000857347,0.0,0,,random_actions,random_actions:panel_6:0:1026063:1
shared,shared,random_actions,1,30000,1,reference,panel_6,1026000,cceb612e12996df9153dc59634e43dd36b93ec518f88f6e86e176019e3d7ad56,0,0,32,-0.3200000000000001,-0.09679999999999998,8,24,15,10,31,12,1,2.060607863157002,0.0,0,,random_actions,random_actions:panel_6:1:1026000:0
shared,shared,random_actions,1,30000,1,reference,panel_6,1026000,cceb612e12996df9153dc59634e43dd36b93ec518f88f6e86e176019e3d7ad56,1,0,32,-0.3200000000000001,-0.00919999999999982,9,23,15,9,27,9,1,1.88519057003619,0.0,0,,random_actions,random_actions:panel_6:1:1026000:1
shared,shared,random_actions,1,30000,1,reference,panel_6,1026001,94605e8996180451828032800d75e2c08a88617fbdb4bafa2d201b2cdca7b731,0,0,32,-0.3200000000000001,-0.026799999999999907,9,23,12,12,28,9,1,1.9148650303052914,0.0,0,,random_actions,random_actions:panel_6:1:1026001:0
shared,shared,random_actions,1,30000,1,reference,panel_6,1026001,94605e8996180451828032800d75e2c08a88617fbdb4bafa2d201b2cdca7b731,1,0,32,-0.3200000000000001,-0.04119999999999986,11,21,12,10,31,11,1,2.0073849013850023,0.0,0,,random_actions,random_actions:panel_6:1:1026001:1
shared,shared,random_actions,1,30000,1,reference,panel_6,1026002,cb1f89206f710dd4b7da1f9442aa9ea35ff79085d72a98dc81a5e1238259f5cf,0,0,32,-0.3200000000000001,0.10360000000000008,3,29,15,15,27,13,1,1.7795504852874222,0.0,0,,random_actions,random_actions:panel_6:1:1026002:0
shared,shared,random_actions,1,30000,1,reference,panel_6,1026002,cb1f89206f710dd4b7da1f9442aa9ea35ff79085d72a98dc81a5e1238259f5cf,1,0,32,-0.3200000000000001,0.12520000000000006,13,19,12,8,27,7,1,1.7589903331869285,0.0,0,,random_actions,random_actions:panel_6:1:1026002:1
shared,shared,random_actions,1,30000,1,reference,panel_6,1026003,b7b9359aa4576920327860855d8fa35dc679ac982d05fd7ba1c3d660ba19b316,0,0,32,-0.3200000000000001,0.030000000000000138,14,18,14,5,30,9,1,1.916202154927002,0.0,0,,random_actions,random_actions:panel_6:1:1026003:0
shared,shared,random_actions,1,30000,1,reference,panel_6,1026003,b7b9359aa4576920327860855d8fa35dc679ac982d05fd7ba1c3d660ba19b316,1,1,14,0.86,1.0972,5,9,3,7,14,7,0,0.34346397911400084,0.0,0,,random_actions,random_actions:panel_6:1:1026003:1
shared,shared,random_actions,1,30000,1,reference,panel_6,1026004,fbff20aa9319fabf30aec3ff8b1f82b623315344d46a4c8176532833502c813b,0,1,19,0.8099999999999999,1.018,7,12,5,8,19,8,0,0.5731546962000011,0.0,0,,random_actions,random_actions:panel_6:1:1026004:0
shared,shared,random_actions,1,30000,1,reference,panel_6,1026004,fbff20aa9319fabf30aec3ff8b1f82b623315344d46a4c8176532833502c813b,1,1,8,0.9199999999999999,1.0992,0,8,3,6,8,6,0,0.15172546000000042,0.0,0,,random_actions,random_actions:panel_6:1:1026004:1
shared,shared,random_actions,1,30000,1,reference,panel_6,1026005,1651533e717557bda753456f62652c003181e5c929840ef6ca691ec80b5b420c,0,1,23,0.7699999999999999,0.8556000000000001,12,11,8,4,23,6,0,0.8543440000000019,0.0,0,,random_actions,random_actions:panel_6:1:1026005:0
shared,shared,random_actions,1,30000,1,reference,panel_6,1026005,1651533e717557bda753456f62652c003181e5c929840ef6ca691ec80b5b420c,1,1,21,0.7899999999999999,0.8756,12,9,2,8,21,5,0,0.772633460000002,0.0,0,,random_actions,random_actions:panel_6:1:1026005:1
shared,shared,random_actions,1,30000,1,reference,panel_6,1026006,19f79b40228b58e39506985b7678670fdd9a271ccd6ce40b0a81e892b54f2ce5,0,1,2,0.98,1.0612,0,2,0,3,2,2,0,0.0,0.0,0,,random_actions,random_actions:panel_6:1:1026006:0
shared,shared,random_actions,1,30000,1,reference,panel_6,1026006,19f79b40228b58e39506985b7678670fdd9a271ccd6ce40b0a81e892b54f2ce5,1,1,2,0.98,1.0612,0,2,0,3,2,2,0,0.0,0.0,0,,random_actions,random_actions:panel_6:1:1026006:1
shared,shared,random_actions,1,30000,1,reference,panel_6,1026007,c2ed8a87262eb02dcf7c6e8c71c44a5abe922e12aa50b8702da7d53cb6fa64b9,0,1,21,0.7899999999999999,0.9420000000000001,5,16,3,14,21,9,0,0.7078252196140016,0.0,0,,random_actions,random_actions:panel_6:1:1026007:0
shared,shared,random_actions,1,30000,1,reference,panel_6,1026007,c2ed8a87262eb02dcf7c6e8c71c44a5abe922e12aa50b8702da7d53cb6fa64b9,1,1,13,0.87,0.9704,3,10,3,8,13,6,0,0.4307450000000006,0.0,0,,random_actions,random_actions:panel_6:1:1026007:1
shared,shared,random_actions,1,30000,1,reference,panel_6,1026008,6a812cdb5c80159c227e7bd120fb6f92ce2dac6633dcdb6dba75c2c3c18a9e6f,0,0,32,-0.3200000000000001,0.09520000000000013,11,21,10,12,28,11,1,1.8092357455961317,0.0,0,,random_actions,random_actions:panel_6:1:1026008:0
shared,shared,random_actions,1,30000,1,reference,panel_6,1026008,6a812cdb5c80159c227e7bd120fb6f92ce2dac6633dcdb6dba75c2c3c18a9e6f,1,0,32,-0.3200000000000001,0.15040000000000014,14,18,12,7,27,8,1,1.74239805739029,0.0,0,,random_actions,random_actions:panel_6:1:1026008:1
shared,shared,random_actions,1,30000,1,reference,panel_6,1026009,181429e05bda415ce6c754e97478f7fcfcb8d18f9cd62f2b2a2bb01008764fc6,0,1,1,0.99,1.03,0,1,0,2,1,1,0,0.0,0.0,0,,random_actions,random_actions:panel_6:1:1026009:0
shared,shared,random_actions,1,30000,1,reference,panel_6,1026009,181429e05bda415ce6c754e97478f7fcfcb8d18f9cd62f2b2a2bb01008764fc6,1,1,2,0.98,1.0212,1,1,0,2,2,1,0,0.03970000000000007,0.0,0,,random_actions,random_actions:panel_6:1:1026009:1
shared,shared,random_actions,1,30000,1,reference,panel_6,1026010,4c23141490f363d94341b92db8e059b215f2bbb5e0d4aeb014b07c7fb8cbc843,0,0,32,-0.3200000000000001,0.026000000000000106,11,21,13,9,27,8,1,1.8484245385931612,0.0,0,,random_actions,random_actions:panel_6:1:1026010:0
shared,shared,random_actions,1,30000,1,reference,panel_6,1026010,4c23141490f363d94341b92db8e059b215f2bbb5e0d4aeb014b07c7fb8cbc843,1,0,32,-0.3200000000000001,0.05720000000000014,13,19,12,8,27,7,1,1.8199799526040594,0.0,0,,random_actions,random_actions:panel_6:1:1026010:1
shared,shared,random_actions,1,30000,1,reference,panel_6,1026011,a5ed02c5f87afef9183b028ee4304bd757da66463cc54dfc4d31bc1f5261993e,0,0,32,-0.3200000000000001,0.05240000000000024,8,24,12,13,32,13,1,1.9518503895157848,0.0,0,,random_actions,random_actions:panel_6:1:1026011:0
shared,shared,random_actions,1,30000,1,reference,panel_6,1026011,a5ed02c5f87afef9183b028ee4304bd757da66463cc54dfc4d31bc1f5261993e,1,0,32,-0.3200000000000001,0.06200000000000033,9,23,12,12,26,8,1,1.7965243752456397,0.0,0,,random_actions,random_actions:panel_6:1:1026011:1
shared,shared,random_actions,1,30000,1,reference,panel_6,1026012,c772f0d1addf92c801afe75c79c4671a62b0c6f59d42862ebc555d76a9199f98,0,0,32,-0.3200000000000001,-0.013599999999999945,13,19,13,7,28,7,1,1.9049496632840026,0.0,0,,random_actions,random_actions:panel_6:1:1026012:0
shared,shared,random_actions,1,30000,1,reference,panel_6,1026012,c772f0d1addf92c801afe75c79c4671a62b0c6f59d42862ebc555d76a9199f98,1,1,19,0.8099999999999999,1.048,9,10,5,6,19,7,0,0.5449587978420011,0.0,0,,random_actions,random_actions:panel_6:1:1026012:1
shared,shared,random_actions,1,30000,1,reference,panel_6,1026013,fd617eb2080a93960615a3e5fd7e672ee13d9afe4e83eb1dc122bf89ba3f4c8c,0,0,32,-0.3200000000000001,-0.024799999999999836,14,18,12,7,30,9,1,1.966395006842075,0.0,0,,random_actions,random_actions:panel_6:1:1026013:0
shared,shared,random_actions,1,30000,1,reference,panel_6,1026013,fd617eb2080a93960615a3e5fd7e672ee13d9afe4e83eb1dc122bf89ba3f4c8c,1,0,32,-0.3200000000000001,-0.01879999999999979,12,20,12,9,29,8,1,1.9381996080976536,0.0,0,,random_actions,random_actions:panel_6:1:1026013:1
shared,shared,random_actions,1,30000,1,reference,panel_6,1026014,0f6449ab40988d4debaef7358c5ed804453166be3356cb1de47579823a833e73,0,0,32,-0.3200000000000001,-0.07119999999999992,5,27,17,11,31,14,1,2.036035706957002,0.0,0,,random_actions,random_actions:panel_6:1:1026014:0
shared,shared,random_actions,1,30000,1,reference,panel_6,1026014,0f6449ab40988d4debaef7358c5ed804453166be3356cb1de47579823a833e73,1,0,32,-0.3200000000000001,-0.018399999999999875,14,18,8,11,28,6,1,1.9091947340912903,0.0,0,,random_actions,random_actions:panel_6:1:1026014:1
shared,shared,random_actions,1,30000,1,reference,panel_6,1026015,c41f561f0687cbc0e7a26300bacbc40f6a6fa46849922f66f8aca4a393ae4645,0,1,18,0.82,0.9892000000000001,5,13,3,11,18,8,0,0.5686386624000008,0.0,0,,random_actions,random_actions:panel_6:1:1026015:0
shared,shared,random_actions,1,30000,1,reference,panel_6,1026015,c41f561f0687cbc0e7a26300bacbc40f6a6fa46849922f66f8aca4a393ae4645,1,1,16,0.84,1.014,5,11,4,8,16,7,0,0.4823406286000007,0.0,0,,random_actions,random_actions:panel_6:1:1026015:1
shared,shared,random_actions,1,30000,1,reference,panel_6,1026016,6bd57691edab24c06935af38eeca6a80a0a5068b7c79de88ccd10641a7456dd8,0,1,9,0.91,1.0516,4,5,2,4,9,4,0,0.22758819000000063,0.0,0,,random_actions,random_actions:panel_6:1:1026016:0
shared,shared,random_actions,1,30000,1,reference,panel_6,1026016,6bd57691edab24c06935af38eeca6a80a0a5068b7c79de88ccd10641a7456dd8,1,1,6,0.94,1.0744,3,3,0,4,6,3,0,0.11206119000000025,0.0,0,,random_actions,random_actions:panel_6:1:1026016:1
shared,shared,random_actions,1,30000,1,reference,panel_6,1026017,69d197f31f1accf4d96cb4a08efe9116ea0397efa73fc779123afe0087003847,0,1,6,0.94,1.0344,2,4,1,4,6,3,0,0.15057019000000038,0.0,0,,random_actions,random_actions:panel_6:1:1026017:0
shared,shared,random_actions,1,30000,1,reference,panel_6,1026017,69d197f31f1accf4d96cb4a08efe9116ea0397efa73fc779123afe0087003847,1,1,2,0.98,1.0612,0,2,0,3,2,2,0,0.0,0.0,0,,random_actions,random_actions:panel_6:1:1026017:1
shared,shared,random_actions,1,30000,1,reference,panel_6,1026018,30518e048802454e08bed62542dda111a09cff0386b2b2d2eff3d69adfe3af81,0,1,17,0.83,1.1092000000000002,12,5,0,6,17,5,0,0.42616870557000186,0.0,0,,random_actions,random_actions:panel_6:1:1026018:0
shared,shared,random_actions,1,30000,1,reference,panel_6,1026018,30518e048802454e08bed62542dda111a09cff0386b2b2d2eff3d69adfe3af81,1,0,32,-0.3200000000000001,0.027600000000000124,18,14,11,4,28,6,1,1.8684749460700025,0.0,0,,random_actions,random_actions:panel_6:1:1026018:1
shared,shared,random_actions,1,30000,1,reference,panel_6,1026019,8e663bfc51bc5d70790eb50a28f9683786d6fc0253ec41662926d1f029085ff9,0,0,32,-0.3200000000000001,0.0952000000000001,14,18,10,9,29,9,1,1.8341800312525818,0.0,0,,random_actions,random_actions:panel_6:1:1026019:0
shared,shared,random_actions,1,30000,1,reference,panel_6,1026019,8e663bfc51bc5d70790eb50a28f9683786d6fc0253ec41662926d1f029085ff9,1,1,25,0.7499999999999999,1.0776000000000001,5,20,13,8,25,13,0,0.7090803361342916,0.0,0,,random_actions,random_actions:panel_6:1:1026019:1
shared,shared,random_actions,1,30000,1,reference,panel_6,1026020,b72ca581f448616bace2f3ca2228a09fa021464f6d708c82c4c32f06517078f8,0,1,22,0.7799999999999999,1.1232000000000002,4,18,7,12,22,12,0,0.5725927884661602,0.0,0,,random_actions,random_actions:panel_6:1:1026020:0
shared,shared,random_actions,1,30000,1,reference,panel_6,1026020,b72ca581f448616bace2f3ca2228a09fa021464f6d708c82c4c32f06517078f8,1,0,32,-0.3200000000000001,0.04600000000000007,7,25,14,12,29,12,1,1.8772580777091612,0.0,0,,random_actions,random_actions:panel_6:1:1026020:1
shared,shared,random_actions,1,30000,1,reference,panel_6,1026021,e7f1051a7fd5baed1b54cf4976f43f67f79f39025bd3537d57bcc31d2ad16850,0,1,5,0.95,1.0384,3,2,0,3,5,2,0,0.11552700000000038,0.0,0,,random_actions,random_actions:panel_6:1:1026021:0
shared,shared,random_actions,1,30000,1,reference,panel_6,1026021,e7f1051a7fd5baed1b54cf4976f43f67f79f39025bd3537d57bcc31d2ad16850,1,1,31,0.69,0.8432000000000001,15,16,9,8,31,9,0,1.1145576500000032,0.0,0,,random_actions,random_actions:panel_6:1:1026021:1
shared,shared,random_actions,1,30000,1,reference,panel_6,1026022,2fc822cece44a2e913787d7c2ec918eeedc41d890bde8a5edcc7c962a1a450e0,0,1,17,0.83,1.0608000000000002,5,12,4,9,17,8,0,0.4700443968280005,0.0,0,,random_actions,random_actions:panel_6:1:1026022:0
shared,shared,random_actions,1,30000,1,reference,panel_6,1026022,2fc822cece44a2e913787d7c2ec918eeedc41d890bde8a5edcc7c962a1a450e0,1,1,15,0.85,1.0448,7,8,2,7,15,6,0,0.4227957026570007,0.0,0,,random_actions,random_actions:panel_6:1:1026022:1
shared,shared,random_actions,1,30000,1,reference,panel_6,1026023,a4c5fd10a5424eac342c57bb5b41c71a395ce29589e4166f5e1d01f8fbf2fecb,0,1,32,0.6799999999999999,0.8780000000000001,11,21,13,9,32,12,0,1.1123185700000024,0.0,0,,random_actions,random_actions:panel_6:1:1026023:0
shared,shared,random_actions,1,30000,1,reference,panel_6,1026023,a4c5fd10a5424eac342c57bb5b41c71a395ce29589e4166f5e1d01f8fbf2fecb,1,1,10,0.9,1.0404,1,9,5,5,10,6,0,0.26963446000000046,0.0,0,,random_actions,random_actions:panel_6:1:1026023:1
shared,shared,random_actions,1,30000,1,reference,panel_6,1026024,9203ab44a16de52de5547b0887f9b02d943f33cc3ec154d7eccbc6071a30b23e,0,0,32,-0.3200000000000001,0.20280000000000026,9,23,14,10,28,11,1,1.718101135537709,0.0,0,,random_actions,random_actions:panel_6:1:1026024:0
shared,shared,random_actions,1,30000,1,reference,panel_6,1026024,9203ab44a16de52de5547b0887f9b02d943f33cc3ec154d7eccbc6071a30b23e,1,0,32,-0.3200000000000001,0.19560000000000016,9,23,15,9,30,13,1,1.7730677203826541,0.0,0,,random_actions,random_actions:panel_6:1:1026024:1
shared,shared,random_actions,1,30000,1,reference,panel_6,1026025,bd82dc82fcd36fc33e325c94b7349c5673d036018b786763d36f5e54c3fd175b,0,0,32,-0.3200000000000001,-0.017199999999999743,18,14,9,6,29,7,1,1.932905261114,0.0,0,,random_actions,random_actions:panel_6:1:1026025:0
shared,shared,random_actions,1,30000,1,reference,panel_6,1026025,bd82dc82fcd36fc33e325c94b7349c5673d036018b786763d36f5e54c3fd175b,1,0,32,-0.3200000000000001,-0.003999999999999809,5,27,18,10,29,13,1,1.921148056373871,0.0,0,,random_actions,random_actions:panel_6:1:1026025:1
shared,shared,random_actions,1,30000,1,reference,panel_6,1026026,d19a776a9055df2e9e475c16a14a2d112acaede87cb5de8058aff0b8b664d51a,0,0,32,-0.3200000000000001,-0.06919999999999993,13,19,11,9,28,7,1,1.9613274875850015,0.0,0,,random_actions,random_actions:panel_6:1:1026026:0
shared,shared,random_actions,1,30000,1,reference,panel_6,1026026,d19a776a9055df2e9e475c16a14a2d112acaede87cb5de8058aff0b8b664d51a,1,0,32,-0.3200000000000001,-0.003199999999999731,6,26,19,8,28,10,1,1.894471848960016,0.0,0,,random_actions,random_actions:panel_6:1:1026026:1
shared,shared,random_actions,1,30000,1,reference,panel_6,1026027,0fd91119ce528122a295766a923e6504e182d350cfb025a2f182d8c6b30b0688,0,0,32,-0.3200000000000001,-0.09359999999999992,14,18,10,9,31,8,1,2.058554312770002,0.0,0,,random_actions,random_actions:panel_6:1:1026027:0
shared,shared,random_actions,1,30000,1,reference,panel_6,1026027,0fd91119ce528122a295766a923e6504e182d350cfb025a2f182d8c6b30b0688,1,0,32,-0.3200000000000001,-0.07199999999999984,19,13,6,8,27,4,1,1.9406644823980024,0.0,0,,random_actions,random_actions:panel_6:1:1026027:1
shared,shared,random_actions,1,30000,1,reference,panel_6,1026028,f3023848db642fce5300e2f085b8e0eb12a05a6ad14b194d3c7fc508d1334269,0,1,1,0.99,1.03,0,1,0,2,1,1,0,0.0,0.0,0,,random_actions,random_actions:panel_6:1:1026028:0
shared,shared,random_actions,1,30000,1,reference,panel_6,1026028,f3023848db642fce5300e2f085b8e0eb12a05a6ad14b194d3c7fc508d1334269,1,0,32,-0.3200000000000001,-0.07959999999999962,6,26,13,14,26,7,1,1.9340816268015963,0.0,0,,random_actions,random_actions:panel_6:1:1026028:1
shared,shared,random_actions,1,30000,1,reference,panel_6,1026029,ab61489b19839e6e400d9c1c52e349945cbc30a348c52d250dc20acab5f7ea77,0,1,7,0.9299999999999999,1.0728,0,7,1,7,7,5,0,0.14496609075700018,0.0,0,,random_actions,random_actions:panel_6:1:1026029:0
shared,shared,random_actions,1,30000,1,reference,panel_6,1026029,ab61489b19839e6e400d9c1c52e349945cbc30a348c52d250dc20acab5f7ea77,1,0,32,-0.3200000000000001,0.0052000000000000934,12,20,11,10,27,7,1,1.8779492072033466,0.0,0,,random_actions,random_actions:panel_6:1:1026029:1
shared,shared,random_actions,1,30000,1,reference,panel_6,1026030,8d3fc61e5146f807a25e15d1a1c2a5052bcba7ed4f1fd9c7a01b1c10e7343835,0,0,32,-0.3200000000000001,0.1132000000000001,6,26,16,11,28,12,1,1.7952985015299725,0.0,0,,random_actions,random_actions:panel_6:1:1026030:0
shared,shared,random_actions,1,30000,1,reference,panel_6,1026030,8d3fc61e5146f807a25e15d1a1c2a5052bcba7ed4f1fd9c7a01b1c10e7343835,1,0,32,-0.3200000000000001,0.1372000000000002,6,26,19,8,25,9,1,1.7070260582402303,0.0,0,,random_actions,random_actions:panel_6:1:1026030:1
shared,shared,random_actions,1,30000,1,reference,panel_6,1026031,c68defc8244f967f59d4fd104ddcd0773bd5720df03b3f44f81ebd59979714d2,0,1,10,0.9,0.9520000000000001,7,3,1,3,10,2,0,0.35610900000000056,0.0,0,,random_actions,random_actions:panel_6:1:1026031:0
shared,shared,random_actions,1,30000,1,reference,panel_6,1026031,c68defc8244f967f59d4fd104ddcd0773bd5720df03b3f44f81ebd59979714d2,1,1,4,0.96,1.0048,1,3,0,4,4,2,0,0.11790900000000015,0.0,0,,random_actions,random_actions:panel_6:1:1026031:1
shared,shared,random_actions,1,30000,1,reference,panel_6,1026032,7265bbf074dccea7352b0d70ab8a290683f06f568007b2bc60c0c9e409a9701b,0,0,32,-0.3200000000000001,0.030800000000000133,19,13,9,5,28,5,1,1.867438579154031,0.0,0,,random_actions,random_actions:panel_6:1:1026032:0
shared,shared,random_actions,1,30000,1,reference,panel_6,1026032,7265bbf074dccea7352b0d70ab8a290683f06f568007b2bc60c0c9e409a9701b,1,0,32,-0.3200000000000001,-0.027999999999999872,11,21,7,15,30,10,1,1.9676241131535814,0.0,0,,random_actions,random_actions:panel_6:1:1026032:1
shared,shared,random_actions,1,30000,1,reference,panel_6,1026033,22605d1b36216eb40e742629eacc9a54eab69b6f8de2d6c8d615ec53af6cc7a9,0,0,32,-0.3200000000000001,0.03880000000000008,7,25,15,11,30,13,1,1.908158726954582,0.0,0,,random_actions,random_actions:panel_6:1:1026033:0
shared,shared,random_actions,1,30000,1,reference,panel_6,1026033,22605d1b36216eb40e742629eacc9a54eab69b6f8de2d6c8d615ec53af6cc7a9,1,0,32,-0.3200000000000001,0.10600000000000015,11,21,14,8,29,10,1,1.8246579678158996,0.0,0,,random_actions,random_actions:panel_6:1:1026033:1
shared,shared,random_actions,1,30000,1,reference,panel_6,1026034,4ef8e7499892037936a6dc7d5af5154808a94977e7dd41902e9bccd9f4ae6d41,0,0,32,-0.3200000000000001,0.11560000000000016,9,23,14,10,27,10,1,1.7733150422648565,0.0,0,,random_actions,random_actions:panel_6:1:1026034:0
shared,shared,random_actions,1,30000,1,reference,panel_6,1026034,4ef8e7499892037936a6dc7d5af5154808a94977e7dd41902e9bccd9f4ae6d41,1,0,32,-0.3200000000000001,0.13120000000000015,12,20,14,7,27,7,1,1.7547046134884219,0.0,0,,random_actions,random_actions:panel_6:1:1026034:1
shared,shared,random_actions,1,30000,1,reference,panel_6,1026035,6b87a850267ddd983525c9a02bc5ecb54ee5eac250b322c2c2f2d33bf2e79d23,0,1,18,0.82,0.9056,1,17,9,9,18,9,0,0.6502441562000012,0.0,0,,random_actions,random_actions:panel_6:1:1026035:0
shared,shared,random_actions,1,30000,1,reference,panel_6,1026035,6b87a850267ddd983525c9a02bc5ecb54ee5eac250b322c2c2f2d33bf2e79d23,1,1,5,0.95,0.9996,0,5,1,5,5,3,0,0.1540717300000003,0.0,0,,random_actions,random_actions:panel_6:1:1026035:1
shared,shared,random_actions,1,30000,1,reference,panel_6,1026036,f703a422838af56770960efae258b860e6522fd5706cc6ad94db3c3d0271adf1,0,1,26,0.74,1.1244,7,19,8,12,26,13,0,0.7010470097600162,0.0,0,,random_actions,random_actions:panel_6:1:1026036:0
shared,shared,random_actions,1,30000,1,reference,panel_6,1026036,f703a422838af56770960efae258b860e6522fd5706cc6ad94db3c3d0271adf1,1,0,32,-0.3200000000000001,0.14960000000000012,17,15,11,5,27,7,1,1.7390285906444944,0.0,0,,random_actions,random_actions:panel_6:1:1026036:1
shared,shared,random_actions,1,30000,1,reference,panel_6,1026037,71884973ec5d33caed5bbb72047e57bc83be600823354e53f8c0005ae564a46d,0,1,7,0.9299999999999999,1.0268,1,6,2,5,7,4,0,0.18914957810000044,0.0,0,,random_actions,random_actions:panel_6:1:1026037:0
shared,shared,random_actions,1,30000,1,reference,panel_6,1026037,71884973ec5d33caed5bbb72047e57bc83be600823354e53f8c0005ae564a46d,1,0,32,-0.3200000000000001,-0.12599999999999995,6,26,20,7,31,12,1,2.0887183291000024,0.0,0,,random_actions,random_actions:panel_6:1:1026037:1
shared,shared,random_actions,1,30000,1,reference,panel_6,1026038,a5f1c2327a2de1c4df802cc061235d67c505857130654f54fbfc5e4761e34a0d,0,0,32,-0.3200000000000001,0.0056000000000001465,10,22,10,13,31,11,1,1.9657960802140018,0.0,0,,random_actions,random_actions:panel_6:1:1026038:0
shared,shared,random_actions,1,30000,1,reference,panel_6,1026038,a5f1c2327a2de1c4df802cc061235d67c505857130654f54fbfc5e4761e34a0d,1,0,32,-0.3200000000000001,-0.020799999999999867,6,26,14,13,32,14,1,2.017411532896582,0.0,0,,random_actions,random_actions:panel_6:1:1026038:1
shared,shared,random_actions,1,30000,1,reference,panel_6,1026039,7581a68fc3f11699416438046524ac8efc017787122103f7641454ce1ffaf225,0,0,32,-0.3200000000000001,0.15080000000000016,11,21,13,9,28,9,1,1.7632809315319147,0.0,0,,random_actions,random_actions:panel_6:1:1026039:0
shared,shared,random_actions,1,30000,1,reference,panel_6,1026039,7581a68fc3f11699416438046524ac8efc017787122103f7641454ce1ffaf225,1,0,32,-0.3200000000000001,0.13880000000000012,13,19,9,11,27,8,1,1.7547560991145947,0.0,0,,random_actions,random_actions:panel_6:1:1026039:1
shared,shared,random_actions,1,30000,1,reference,panel_6,1026040,90ee21dd3cb447d563291d254f88e87a9969f19637ff81565e4cb23ecc29516a,0,0,32,-0.3200000000000001,0.11560000000000016,15,17,13,5,26,6,1,1.7398748431339581,0.0,0,,random_actions,random_actions:panel_6:1:1026040:0
shared,shared,random_actions,1,30000,1,reference,panel_6,1026040,90ee21dd3cb447d563291d254f88e87a9969f19637ff81565e4cb23ecc29516a,1,1,32,0.6799999999999999,1.076,10,22,13,10,32,14,0,0.9310733336918136,0.0,0,,random_actions,random_actions:panel_6:1:1026040:1
shared,shared,random_actions,1,30000,1,reference,panel_6,1026041,0aa44ae5b9e05035195da0dc08421eb4bd5bd3edb14aaa0a476d67533327cd19,0,1,20,0.7999999999999999,0.9184000000000001,6,14,4,11,20,8,0,0.6991884600000013,0.0,0,,random_actions,random_actions:panel_6:1:1026041:0
shared,shared,random_actions,1,30000,1,reference,panel_6,1026041,0aa44ae5b9e05035195da0dc08421eb4bd5bd3edb14aaa0a476d67533327cd19,1,0,32,-0.3200000000000001,-0.09359999999999978,20,12,4,9,31,6,1,2.0573654244130015,0.0,0,,random_actions,random_actions:panel_6:1:1026041:1
shared,shared,random_actions,1,30000,1,reference,panel_6,1026042,e0cc2b8007b2d3f680e7eb68f515f3ebe4a7985466a881e28648f6d0c1ce1143,0,1,8,0.9199999999999999,1.0956000000000001,2,6,0,7,8,5,0,0.15522700000000034,0.0,0,,random_actions,random_actions:panel_6:1:1026042:0
shared,shared,random_actions,1,30000,1,reference,panel_6,1026042,e0cc2b8007b2d3f680e7eb68f515f3ebe4a7985466a881e28648f6d0c1ce1143,1,1,18,0.82,1.0412000000000001,2,16,8,9,18,10,0,0.5196597005000011,0.0,0,,random_actions,random_actions:panel_6:1:1026042:1
shared,shared,random_actions,1,30000,1,reference,panel_6,1026043,bd2065d78e8538569ce3a16384ed6989966d2c8413a8a24cf5b81466e4d47994,0,1,6,0.94,1.072,3,3,0,4,6,3,0,0.11437173000000034,0.0,0,,random_actions,random_actions:panel_6:1:1026043:0
shared,shared,random_actions,1,30000,1,reference,panel_6,1026043,bd2065d78e8538569ce3a16384ed6989966d2c8413a8a24cf5b81466e4d47994,1,0,32,-0.3200000000000001,-0.06079999999999987,13,19,11,9,28,7,1,1.9474967618850014,0.0,0,,random_actions,random_actions:panel_6:1:1026043:1
shared,shared,random_actions,1,30000,1,reference,panel_6,1026044,c7a4f017bcd92148fe96519ee34e035c14103a32763f5bad9961cc54927ffcd6,0,1,28,0.72,1.0944,10,18,10,9,28,12,0,0.787646235616871,0.0,0,,random_actions,random_actions:panel_6:1:1026044:0
shared,shared,random_actions,1,30000,1,reference,panel_6,1026044,c7a4f017bcd92148fe96519ee34e035c14103a32763f5bad9961cc54927ffcd6,1,0,32,-0.3200000000000001,0.07960000000000013,10,22,15,8,29,11,1,1.8484128109332914,0.0,0,,random_actions,random_actions:panel_6:1:1026044:1
shared,shared,random_actions,1,30000,1,reference,panel_6,1026045,3efa810f95d454ff5f0e06919457f950ac63cfe5044b04f2053ad241e4f1813c,0,0,32,-0.3200000000000001,-0.10679999999999971,18,14,8,7,30,5,1,2.0437911301,0.0,0,,random_actions,random_actions:panel_6:1:1026045:0
shared,shared,random_actions,1,30000,1,reference,panel_6,1026045,3efa810f95d454ff5f0e06919457f950ac63cfe5044b04f2053ad241e4f1813c,1,1,16,0.84,0.9620000000000001,2,14,9,6,16,8,0,0.532335156200001,0.0,0,,random_actions,random_actions:panel_6:1:1026045:1
shared,shared,random_actions,1,30000,1,reference,panel_6,1026046,b3bd9329d2bc0417277b7e9463cbe378bb162cbe667afc524189a41747a0a0b6,0,1,2,0.98,1.0612,0,2,0,3,2,2,0,0.0,0.0,0,,random_actions,random_actions:panel_6:1:1026046:0
shared,shared,random_actions,1,30000,1,reference,panel_6,1026046,b3bd9329d2bc0417277b7e9463cbe378bb162cbe667afc524189a41747a0a0b6,1,1,3,0.97,1.0524,1,2,0,3,3,2,0,0.03970000000000007,0.0,0,,random_actions,random_actions:panel_6:1:1026046:1
shared,shared,random_actions,1,30000,1,reference,panel_6,1026047,7ae596ad447d794261e16d660b4ac637840f1599e5283b0be9009f758bc32e4b,0,0,32,-0.3200000000000001,0.48560000000000103,8,24,18,7,22,8,1,1.3870596258432402,0.0,0,,random_actions,random_actions:panel_6:1:1026047:0
shared,shared,random_actions,1,30000,1,reference,panel_6,1026047,7ae596ad447d794261e16d660b4ac637840f1599e5283b0be9009f758bc32e4b,1,0,32,-0.3200000000000001,0.47840000000000105,12,20,14,7,23,6,1,1.4035276711723683,0.0,0,,random_actions,random_actions:panel_6:1:1026047:1
shared,shared,random_actions,1,30000,1,reference,panel_6,1026048,2cff2e0966d9aeb89c64a6fbee359c4b73a4995efdc8c0bf55352a2cac537bef,0,1,11,0.89,0.9892000000000001,1,10,7,4,11,6,0,0.35018973000000053,0.0,0,,random_actions,random_actions:panel_6:1:1026048:0
shared,shared,random_actions,1,30000,1,reference,panel_6,1026048,2cff2e0966d9aeb89c64a6fbee359c4b73a4995efdc8c0bf55352a2cac537bef,1,1,4,0.96,1.0448,0,4,1,4,4,3,0,0.07820900000000008,0.0,0,,random_actions,random_actions:panel_6:1:1026048:1
shared,shared,random_actions,1,30000,1,reference,panel_6,1026049,b9934fe4b7765c9cc17fc98f20aa3eeb7d571f769079236746d21f3c9a142ecb,0,0,32,-0.3200000000000001,0.16840000000000022,15,17,9,9,28,8,1,1.750102915805742,0.0,0,,random_actions,random_actions:panel_6:1:1026049:0
shared,shared,random_actions,1,30000,1,reference,panel_6,1026049,b9934fe4b7765c9cc17fc98f20aa3eeb7d571f769079236746d21f3c9a142ecb,1,0,32,-0.3200000000000001,0.18040000000000025,10,22,16,7,24,7,1,1.6564295493815653,0.0,0,,random_actions,random_actions:panel_6:1:1026049:1
shared,shared,random_actions,1,30000,1,reference,panel_6,1026050,dd9da225b8cc1dcc823231b6348b2d79793d38fc1ccad6e560e4a65a1db94fd0,0,0,32,-0.3200000000000001,0.1264000000000002,8,24,14,11,32,14,1,1.886187062006592,0.0,0,,random_actions,random_actions:panel_6:1:1026050:0
shared,shared,random_actions,1,30000,1,reference,panel_6,1026050,dd9da225b8cc1dcc823231b6348b2d79793d38fc1ccad6e560e4a65a1db94fd0,1,0,32,-0.3200000000000001,0.17920000000000028,21,11,7,5,27,3,1,1.7147435459566607,0.0,0,,random_actions,random_actions:panel_6:1:1026050:1
shared,shared,random_actions,1,30000,1,reference,panel_6,1026051,2aff09db7b49df8d5e16b0aa5aa5fbf93d7c4dd331dd9106583d2011a5c0e326,0,0,32,-0.3200000000000001,0.22520000000000026,14,18,13,6,26,7,1,1.6658945983021591,0.0,0,,random_actions,random_actions:panel_6:1:1026051:0
shared,shared,random_actions,1,30000,1,reference,panel_6,1026051,2aff09db7b49df8d5e16b0aa5aa5fbf93d7c4dd331dd9106583d2011a5c0e326,1,0,32,-0.3200000000000001,0.2744000000000003,12,20,15,6,23,6,1,1.555891449199217,0.0,0,,random_actions,random_actions:panel_6:1:1026051:1
shared,shared,random_actions,1,30000,1,reference,panel_6,1026052,30e271335737c65e987a86238c383bdeb959b3a7957c4526ec87a068410db2b7,0,0,32,-0.3200000000000001,0.010400000000000187,21,11,9,3,29,5,1,1.9076344230260018,0.0,0,,random_actions,random_actions:panel_6:1:1026052:0
shared,shared,random_actions,1,30000,1,reference,panel_6,1026052,30e271335737c65e987a86238c383bdeb959b3a7957c4526ec87a068410db2b7,1,0,32,-0.3200000000000001,0.009200000000000097,12,20,10,11,28,8,1,1.8895809846449443,0.0,0,,random_actions,random_actions:panel_6:1:1026052:1
shared,shared,random_actions,1,30000,1,reference,panel_6,1026053,aa3113877a19a0daefd1d201ee835a9f8fef3fe1d2162906d968bf6244d5063d,0,1,15,0.85,1.0072,4,11,5,7,15,7,0,0.45762876810000097,0.0,0,,random_actions,random_actions:panel_6:1:1026053:0
shared,shared,random_actions,1,30000,1,reference,panel_6,1026053,aa3113877a19a0daefd1d201ee835a9f8fef3fe1d2162906d968bf6244d5063d,1,1,14,0.86,1.0196,7,7,2,6,14,5,0,0.4144965443000007,0.0,0,,random_actions,random_actions:panel_6:1:1026053:1
shared,shared,random_actions,1,30000,1,reference,panel_6,1026054,0a09998651f020fa95968e53dc8b72f7f98069a3e840e079a243dd770a485e9b,0,0,32,-0.3200000000000001,0.1436000000000001,14,18,7,12,27,7,1,1.7491467387430737,0.0,0,,random_actions,random_actions:panel_6:1:1026054:0
shared,shared,random_actions,1,30000,1,reference,panel_6,1026054,0a09998651f020fa95968e53dc8b72f7f98069a3e840e079a243dd770a485e9b,1,0,32,-0.3200000000000001,0.2024000000000002,11,21,15,7,26,8,1,1.6640657697108363,0.0,0,,random_actions,random_actions:panel_6:1:1026054:1
shared,shared,random_actions,1,30000,1,reference,panel_6,1026055,ad2de98a33c6a96da60b4d97d3121460172cb25867c4c0820564f15b67234833,0,0,32,-0.3200000000000001,-0.07999999999999984,9,23,15,9,30,11,1,2.0153665653000017,0.0,0,,random_actions,random_actions:panel_6:1:1026055:0
shared,shared,random_actions,1,30000,1,reference,panel_6,1026055,ad2de98a33c6a96da60b4d97d3121460172cb25867c4c0820564f15b67234833,1,1,18,0.82,0.9928,7,11,4,8,18,7,0,0.5649974181000013,0.0,0,,random_actions,random_actions:panel_6:1:1026055:1
shared,shared,random_actions,1,30000,1,reference,panel_6,1026056,bb9897927695c0f6531f42cae73655f05141d18125190fe29d0df5a5c7627196,0,1,11,0.89,0.9904000000000001,3,8,3,6,11,5,0,0.3490344600000006,0.0,0,,random_actions,random_actions:panel_6:1:1026056:0
shared,shared,random_actions,1,30000,1,reference,panel_6,1026056,bb9897927695c0f6531f42cae73655f05141d18125190fe29d0df5a5c7627196,1,1,4,0.96,1.0472000000000001,0,4,1,4,4,3,0,0.07586273000000021,0.0,0,,random_actions,random_actions:panel_6:1:1026056:1
shared,shared,random_actions,1,30000,1,reference,panel_6,1026057,722e565d8a7916c8109c7054c70f120acfb682a8299540604b451b0fe1a8fc90,0,0,32,-0.3200000000000001,0.16480000000000022,18,14,9,6,27,6,1,1.7247879217476805,0.0,0,,random_actions,random_actions:panel_6:1:1026057:0
shared,shared,random_actions,1,30000,1,reference,panel_6,1026057,722e565d8a7916c8109c7054c70f120acfb682a8299540604b451b0fe1a8fc90,1,0,32,-0.3200000000000001,0.1984000000000003,15,17,11,7,26,8,1,1.6794523666268975,0.0,0,,random_actions,random_actions:panel_6:1:1026057:1
shared,shared,random_actions,1,30000,1,reference,panel_6,1026058,4e75638dfd1fcd7d061e1e17ab8ea4e81b5f771b0d486aee572f19c272cda7b2,0,1,6,0.94,1.0308,4,2,0,3,6,2,0,0.1540360000000005,0.0,0,,random_actions,random_actions:panel_6:1:1026058:0
shared,shared,random_actions,1,30000,1,reference,panel_6,1026058,4e75638dfd1fcd7d061e1e17ab8ea4e81b5f771b0d486aee572f19c272cda7b2,1,1,4,0.96,1.0448,0,4,1,4,4,3,0,0.07820900000000008,0.0,0,,random_actions,random_actions:panel_6:1:1026058:1
shared,shared,random_actions,1,30000,1,reference,panel_6,1026059,4579d4206fdee1aea4bc6eacf096cc58588dd5a77ee09d8a284ad5781ebdb3ee,0,0,32,-0.3200000000000001,-0.0815999999999999,9,23,16,8,29,9,1,1.9936132528308717,0.0,0,,random_actions,random_actions:panel_6:1:1026059:0
shared,shared,random_actions,1,30000,1,reference,panel_6,1026059,4579d4206fdee1aea4bc6eacf096cc58588dd5a77ee09d8a284ad5781ebdb3ee,1,0,32,-0.3200000000000001,-0.02759999999999979,11,21,13,9,28,8,1,1.9310035595189876,0.0,0,,random_actions,random_actions:panel_6:1:1026059:1
shared,shared,random_actions,1,30000,1,reference,panel_6,1026060,08f0b56027ee4f35411224dbd4caef11071272e62992eb453fe0ba04e955564d,0,1,17,0.83,1.004,2,15,6,10,17,9,0,0.5230561943000013,0.0,0,,random_actions,random_actions:panel_6:1:1026060:0
shared,shared,random_actions,1,30000,1,reference,panel_6,1026060,08f0b56027ee4f35411224dbd4caef11071272e62992eb453fe0ba04e955564d,1,0,32,-0.3200000000000001,-0.07279999999999986,16,16,10,7,29,7,1,1.9870355910000015,0.0,0,,random_actions,random_actions:panel_6:1:1026060:1
shared,shared,random_actions,1,30000,1,reference,panel_6,1026061,1a97a5025ff3eac427d2b71b11ce30d6b41484efc54f80ca4013875f351a75cc,0,0,32,-0.3200000000000001,-0.005199999999999885,8,24,15,10,28,10,1,1.896109976437161,0.0,0,,random_actions,random_actions:panel_6:1:1026061:0
shared,shared,random_actions,1,30000,1,reference,panel_6,1026061,1a97a5025ff3eac427d2b71b11ce30d6b41484efc54f80ca4013875f351a75cc,1,0,32,-0.3200000000000001,-0.07239999999999992,9,23,12,12,31,12,1,2.037119516957002,0.0,0,,random_actions,random_actions:panel_6:1:1026061:1
shared,shared,random_actions,1,30000,1,reference,panel_6,1026062,c050fb307a41cec399a22297b33d82997851d3def24d004f9a9702829b18077a,0,0,32,-0.3200000000000001,-0.1768,7,25,15,11,31,11,1,2.138922981257002,0.0,0,,random_actions,random_actions:panel_6:1:1026062:0
shared,shared,random_actions,1,30000,1,reference,panel_6,1026062,c050fb307a41cec399a22297b33d82997851d3def24d004f9a9702829b18077a,1,1,1,0.99,1.03,0,1,0,2,1,1,0,0.0,0.0,0,,random_actions,random_actions:panel_6:1:1026062:1
shared,shared,random_actions,1,30000,1,reference,panel_6,1026063,212345d38a473afc6d638107cfc632d17d6c0b34b56a4b85502223d6d02e6071,0,0,32,-0.3200000000000001,0.0032000000000000917,8,24,13,12,26,8,1,1.850618928709161,0.0,0,,random_actions,random_actions:panel_6:1:1026063:0
shared,shared,random_actions,1,30000,1,reference,panel_6,1026063,212345d38a473afc6d638107cfc632d17d6c0b34b56a4b85502223d6d02e6071,1,1,16,0.84,1.0552000000000001,6,10,3,8,16,7,0,0.4438305888570008,0.0,0,,random_actions,random_actions:panel_6:1:1026063:1
shared,shared,random_actions,2,30000,1,reference,panel_6,1026000,cceb612e12996df9153dc59634e43dd36b93ec518f88f6e86e176019e3d7ad56,0,1,11,0.89,1.0436,4,7,2,6,11,5,0,0.2977785443000005,0.0,0,,random_actions,random_actions:panel_6:2:1026000:0
shared,shared,random_actions,2,30000,1,reference,panel_6,1026000,cceb612e12996df9153dc59634e43dd36b93ec518f88f6e86e176019e3d7ad56,1,0,32,-0.3200000000000001,-0.06319999999999981,9,23,15,9,30,10,1,2.004599658968581,0.0,0,,random_actions,random_actions:panel_6:2:1026000:1
shared,shared,random_actions,2,30000,1,reference,panel_6,1026001,94605e8996180451828032800d75e2c08a88617fbdb4bafa2d201b2cdca7b731,0,0,32,-0.3200000000000001,0.02600000000000019,9,23,16,8,27,9,1,1.852870372440552,0.0,0,,random_actions,random_actions:panel_6:2:1026001:0
shared,shared,random_actions,2,30000,1,reference,panel_6,1026001,94605e8996180451828032800d75e2c08a88617fbdb4bafa2d201b2cdca7b731,1,0,32,-0.3200000000000001,-0.024399999999999894,12,20,11,10,30,10,1,1.9671714130888718,0.0,0,,random_actions,random_actions:panel_6:2:1026001:1
shared,shared,random_actions,2,30000,1,reference,panel_6,1026002,cb1f89206f710dd4b7da1f9442aa9ea35ff79085d72a98dc81a5e1238259f5cf,0,0,32,-0.3200000000000001,0.16120000000000023,10,22,14,9,26,8,1,1.7074284197617224,0.0,0,,random_actions,random_actions:panel_6:2:1026002:0
shared,shared,random_actions,2,30000,1,reference,panel_6,1026002,cb1f89206f710dd4b7da1f9442aa9ea35ff79085d72a98dc81a5e1238259f5cf,1,0,32,-0.3200000000000001,0.13480000000000011,19,13,6,8,27,4,1,1.7535869667275081,0.0,0,,random_actions,random_actions:panel_6:2:1026002:1
shared,shared,random_actions,2,30000,1,reference,panel_6,1026003,b7b9359aa4576920327860855d8fa35dc679ac982d05fd7ba1c3d660ba19b316,0,0,32,-0.3200000000000001,0.06840000000000013,10,22,12,11,27,10,1,1.8155186292854504,0.0,0,,random_actions,random_actions:panel_6:2:1026003:0
shared,shared,random_actions,2,30000,1,reference,panel_6,1026003,b7b9359aa4576920327860855d8fa35dc679ac982d05fd7ba1c3d660ba19b316,1,0,32,-0.3200000000000001,0.06480000000000016,14,18,6,13,29,8,1,1.8631945944459154,0.0,0,,random_actions,random_actions:panel_6:2:1026003:1
shared,shared,random_actions,2,30000,1,reference,panel_6,1026004,fbff20aa9319fabf30aec3ff8b1f82b623315344d46a4c8176532833502c813b,0,0,32,-0.3200000000000001,-0.0003999999999998449,14,18,15,4,29,8,1,1.920745582256,0.0,0,,random_actions,random_actions:panel_6:2:1026004:0
shared,shared,random_actions,2,30000,1,reference,panel_6,1026004,fbff20aa9319fabf30aec3ff8b1f82b623315344d46a4c8176532833502c813b,1,0,32,-0.3200000000000001,-0.05319999999999982,14,18,7,12,31,10,1,2.018876731757001,0.0,0,,random_actions,random_actions:panel_6:2:1026004:1
shared,shared,random_actions,2,30000,1,reference,panel_6,1026005,1651533e717557bda753456f62652c003181e5c929840ef6ca691ec80b5b420c,0,1,2,0.98,1.0212,1,1,0,2,2,1,0,0.03970000000000007,0.0,0,,random_actions,random_actions:panel_6:2:1026005:0
shared,shared,random_actions,2,30000,1,reference,panel_6,1026005,1651533e717557bda753456f62652c003181e5c929840ef6ca691ec80b5b420c,1,1,1,0.99,1.03,0,1,0,2,1,1,0,0.0,0.0,0,,random_actions,random_actions:panel_6:2:1026005:1
shared,shared,random_actions,2,30000,1,reference,panel_6,1026006,19f79b40228b58e39506985b7678670fdd9a271ccd6ce40b0a81e892b54f2ce5,0,1,4,0.96,1.046,2,2,0,3,4,2,0,0.07701800000000025,0.0,0,,random_actions,random_actions:panel_6:2:1026006:0
shared,shared,random_actions,2,30000,1,reference,panel_6,1026006,19f79b40228b58e39506985b7678670fdd9a271ccd6ce40b0a81e892b54f2ce5,1,1,23,0.7699999999999999,0.9016000000000001,7,16,9,8,23,9,0,0.8089033800000016,0.0,0,,random_actions,random_actions:panel_6:2:1026006:1
shared,shared,random_actions,2,30000,1,reference,panel_6,1026007,c2ed8a87262eb02dcf7c6e8c71c44a5abe922e12aa50b8702da7d53cb6fa64b9,0,1,29,0.71,0.8500000000000001,13,16,9,8,29,9,0,1.0457694600000023,0.0,0,,random_actions,random_actions:panel_6:2:1026007:0
shared,shared,random_actions,2,30000,1,reference,panel_6,1026007,c2ed8a87262eb02dcf7c6e8c71c44a5abe922e12aa50b8702da7d53cb6fa64b9,1,1,2,0.98,1.0612,0,2,0,3,2,2,0,0.0,0.0,0,,random_actions,random_actions:panel_6:2:1026007:1
shared,shared,random_actions,2,30000,1,reference,panel_6,1026008,6a812cdb5c80159c227e7bd120fb6f92ce2dac6633dcdb6dba75c2c3c18a9e6f,0,0,32,-0.3200000000000001,0.16240000000000027,11,21,12,10,28,9,1,1.7506384297510102,0.0,0,,random_actions,random_actions:panel_6:2:1026008:0
shared,shared,random_actions,2,30000,1,reference,panel_6,1026008,6a812cdb5c80159c227e7bd120fb6f92ce2dac6633dcdb6dba75c2c3c18a9e6f,1,0,32,-0.3200000000000001,0.09760000000000012,9,23,10,14,29,12,1,1.8329671971464654,0.0,0,,random_actions,random_actions:panel_6:2:1026008:1
shared,shared,random_actions,2,30000,1,reference,panel_6,1026009,181429e05bda415ce6c754e97478f7fcfcb8d18f9cd62f2b2a2bb01008764fc6,0,1,11,0.89,0.9456,6,5,3,3,11,3,0,0.39342700000000064,0.0,0,,random_actions,random_actions:panel_6:2:1026009:0
shared,shared,random_actions,2,30000,1,reference,panel_6,1026009,181429e05bda415ce6c754e97478f7fcfcb8d18f9cd62f2b2a2bb01008764fc6,1,1,9,0.91,0.9644,6,3,1,3,9,2,0,0.31283600000000067,0.0,0,,random_actions,random_actions:panel_6:2:1026009:1
shared,shared,random_actions,2,30000,1,reference,panel_6,1026010,4c23141490f363d94341b92db8e059b215f2bbb5e0d4aeb014b07c7fb8cbc843,0,0,32,-0.3200000000000001,0.05120000000000019,7,25,15,11,25,8,1,1.7862016626188848,0.0,0,,random_actions,random_actions:panel_6:2:1026010:0
shared,shared,random_actions,2,30000,1,reference,panel_6,1026010,4c23141490f363d94341b92db8e059b215f2bbb5e0d4aeb014b07c7fb8cbc843,1,0,32,-0.3200000000000001,0.03080000000000016,8,24,13,12,27,10,1,1.8508980964323203,0.0,0,,random_actions,random_actions:panel_6:2:1026010:1
shared,shared,random_actions,2,30000,1,reference,panel_6,1026011,a5ed02c5f87afef9183b028ee4304bd757da66463cc54dfc4d31bc1f5261993e,0,1,7,0.9299999999999999,1.1032,1,6,2,5,7,5,0,0.11671800000000021,0.0,0,,random_actions,random_actions:panel_6:2:1026011:0
shared,shared,random_actions,2,30000,1,reference,panel_6,1026011,a5ed02c5f87afef9183b028ee4304bd757da66463cc54dfc4d31bc1f5261993e,1,0,32,-0.3200000000000001,0.029600000000000237,9,23,14,10,27,8,1,1.8485866093304213,0.0,0,,random_actions,random_actions:panel_6:2:1026011:1
shared,shared,random_actions,2,30000,1,reference,panel_6,1026012,c772f0d1addf92c801afe75c79c4671a62b0c6f59d42862ebc555d76a9199f98,0,0,32,-0.3200000000000001,0.036800000000000235,6,26,14,13,26,9,1,1.809282788076915,0.0,0,,random_actions,random_actions:panel_6:2:1026012:0
shared,shared,random_actions,2,30000,1,reference,panel_6,1026012,c772f0d1addf92c801afe75c79c4671a62b0c6f59d42862ebc555d76a9199f98,1,1,19,0.8099999999999999,1.0492000000000001,9,10,5,6,19,7,0,0.5437331397420011,0.0,0,,random_actions,random_actions:panel_6:2:1026012:1
shared,shared,random_actions,2,30000,1,reference,panel_6,1026013,fd617eb2080a93960615a3e5fd7e672ee13d9afe4e83eb1dc122bf89ba3f4c8c,0,1,9,0.91,1.06,2,7,2,6,9,5,0,0.21981221531400041,0.0,0,,random_actions,random_actions:panel_6:2:1026013:0
shared,shared,random_actions,2,30000,1,reference,panel_6,1026013,fd617eb2080a93960615a3e5fd7e672ee13d9afe4e83eb1dc122bf89ba3f4c8c,1,0,32,-0.3200000000000001,-0.03439999999999979,16,16,11,6,27,6,1,1.9044639741042912,0.0,0,,random_actions,random_actions:panel_6:2:1026013:1
shared,shared,random_actions,2,30000,1,reference,panel_6,1026014,0f6449ab40988d4debaef7358c5ed804453166be3356cb1de47579823a833e73,0,0,32,-0.3200000000000001,-0.03279999999999986,18,14,7,8,30,7,1,1.9747917758000002,0.0,0,,random_actions,random_actions:panel_6:2:1026014:0
shared,shared,random_actions,2,30000,1,reference,panel_6,1026014,0f6449ab40988d4debaef7358c5ed804453166be3356cb1de47579823a833e73,1,0,32,-0.3200000000000001,-0.04479999999999991,9,23,14,10,31,12,1,2.011165945491291,0.0,0,,random_actions,random_actions:panel_6:2:1026014:1
shared,shared,random_actions,2,30000,1,reference,panel_6,1026015,c41f561f0687cbc0e7a26300bacbc40f6a6fa46849922f66f8aca4a393ae4645,0,0,32,-0.3200000000000001,-0.08,7,25,16,10,31,12,1,2.0444319072000017,0.0,0,,random_actions,random_actions:panel_6:2:1026015:0
shared,shared,random_actions,2,30000,1,reference,panel_6,1026015,c41f561f0687cbc0e7a26300bacbc40f6a6fa46849922f66f8aca4a393ae4645,1,0,32,-0.3200000000000001,-0.0871999999999999,6,26,13,14,31,13,1,2.050485618471002,0.0,0,,random_actions,random_actions:panel_6:2:1026015:1
shared,shared,random_actions,2,30000,1,reference,panel_6,1026016,6bd57691edab24c06935af38eeca6a80a0a5068b7c79de88ccd10641a7456dd8,0,1,18,0.82,0.988,7,11,6,6,18,7,0,0.5696195700000012,0.0,0,,random_actions,random_actions:panel_6:2:1026016:0
shared,shared,random_actions,2,30000,1,reference,panel_6,1026016,6bd57691edab24c06935af38eeca6a80a0a5068b7c79de88ccd10641a7456dd8,1,0,32,-0.3200000000000001,-0.0355999999999998,9,23,13,11,27,8,1,1.909493863151161,0.0,0,,random_actions,random_actions:panel_6:2:1026016:1
shared,shared,random_actions,2,30000,1,reference,panel_6,1026017,69d197f31f1accf4d96cb4a08efe9116ea0397efa73fc779123afe0087003847,0,1,11,0.89,0.994,3,8,0,9,11,5,0,0.3454614600000009,0.0,0,,random_actions,random_actions:panel_6:2:1026017:0
shared,shared,random_actions,2,30000,1,reference,panel_6,1026017,69d197f31f1accf4d96cb4a08efe9116ea0397efa73fc779123afe0087003847,1,1,19,0.8099999999999999,0.9416,9,10,4,7,19,6,0,0.6454823000000015,0.0,0,,random_actions,random_actions:panel_6:2:1026017:1
shared,shared,random_actions,2,30000,1,reference,panel_6,1026018,30518e048802454e08bed62542dda111a09cff0386b2b2d2eff3d69adfe3af81,0,1,16,0.84,1.094,5,11,5,7,16,8,0,0.4086844643000008,0.0,0,,random_actions,random_actions:panel_6:2:1026018:0
shared,shared,random_actions,2,30000,1,reference,panel_6,1026018,30518e048802454e08bed62542dda111a09cff0386b2b2d2eff3d69adfe3af81,1,1,12,0.88,1.1184,3,9,3,7,12,7,0,0.2605267091140009,0.0,0,,random_actions,random_actions:panel_6:2:1026018:1
shared,shared,random_actions,2,30000,1,reference,panel_6,1026019,8e663bfc51bc5d70790eb50a28f9683786d6fc0253ec41662926d1f029085ff9,0,0,32,-0.3200000000000001,0.10600000000000011,13,19,13,7,27,8,1,1.7771441339057406,0.0,0,,random_actions,random_actions:panel_6:2:1026019:0
shared,shared,random_actions,2,30000,1,reference,panel_6,1026019,8e663bfc51bc5d70790eb50a28f9683786d6fc0253ec41662926d1f029085ff9,1,0,32,-0.3200000000000001,0.06760000000000012,8,24,17,8,28,11,1,1.8335632038458711,0.0,0,,random_actions,random_actions:panel_6:2:1026019:1
shared,shared,random_actions,2,30000,1,reference,panel_6,1026020,b72ca581f448616bace2f3ca2228a09fa021464f6d708c82c4c32f06517078f8,0,1,31,0.69,1.1124,9,22,13,10,31,14,0,0.8660657286970594,0.0,0,,random_actions,random_actions:panel_6:2:1026020:0
shared,shared,random_actions,2,30000,1,reference,panel_6,1026020,b72ca581f448616bace2f3ca2228a09fa021464f6d708c82c4c32f06517078f8,1,0,32,-0.3200000000000001,0.0520000000000001,6,26,17,10,28,12,1,1.8446094875850014,0.0,0,,random_actions,random_actions:panel_6:2:1026020:1
shared,shared,random_actions,2,30000,1,reference,panel_6,1026021,e7f1051a7fd5baed1b54cf4976f43f67f79f39025bd3537d57bcc31d2ad16850,0,0,32,-0.3200000000000001,-0.12239999999999988,19,13,9,5,30,5,1,2.0562880001140016,0.0,0,,random_actions,random_actions:panel_6:2:1026021:0
shared,shared,random_actions,2,30000,1,reference,panel_6,1026021,e7f1051a7fd5baed1b54cf4976f43f67f79f39025bd3537d57bcc31d2ad16850,1,1,2,0.98,1.0612,0,2,0,3,2,2,0,0.0,0.0,0,,random_actions,random_actions:panel_6:2:1026021:1
shared,shared,random_actions,2,30000,1,reference,panel_6,1026022,2fc822cece44a2e913787d7c2ec918eeedc41d890bde8a5edcc7c962a1a450e0,0,0,32,-0.3200000000000001,0.048800000000000274,8,24,15,10,29,10,1,1.8739169996645089,0.0,0,,random_actions,random_actions:panel_6:2:1026022:0
shared,shared,random_actions,2,30000,1,reference,panel_6,1026022,2fc822cece44a2e913787d7c2ec918eeedc41d890bde8a5edcc7c962a1a450e0,1,0,32,-0.3200000000000001,0.05120000000000019,14,18,9,10,25,6,1,1.7876119092040874,0.0,0,,random_actions,random_actions:panel_6:2:1026022:1
shared,shared,random_actions,2,30000,1,reference,panel_6,1026023,a4c5fd10a5424eac342c57bb5b41c71a395ce29589e4166f5e1d01f8fbf2fecb,0,1,15,0.85,1.0096,8,7,2,6,15,5,0,0.45521211000000106,0.0,0,,random_actions,random_actions:panel_6:2:1026023:0
shared,shared,random_actions,2,30000,1,reference,panel_6,1026023,a4c5fd10a5424eac342c57bb5b41c71a395ce29589e4166f5e1d01f8fbf2fecb,1,1,7,0.9299999999999999,1.062,2,5,1,5,7,4,0,0.15522700000000034,0.0,0,,random_actions,random_actions:panel_6:2:1026023:1
shared,shared,random_actions,2,30000,1,reference,panel_6,1026024,9203ab44a16de52de5547b0887f9b02d943f33cc3ec154d7eccbc6071a30b23e,0,0,32,-0.3200000000000001,0.19560000000000013,13,19,11,9,28,10,1,1.7248431731280016,0.0,0,,random_actions,random_actions:panel_6:2:1026024:0
shared,shared,random_actions,2,30000,1,reference,panel_6,1026024,9203ab44a16de52de5547b0887f9b02d943f33cc3ec154d7eccbc6071a30b23e,1,0,32,-0.3200000000000001,0.23280000000000023,17,15,9,7,27,7,1,1.674057337785741,0.0,0,,random_actions,random_actions:panel_6:2:1026024:1
shared,shared,random_actions,2,30000,1,reference,panel_6,1026025,bd82dc82fcd36fc33e325c94b7349c5673d036018b786763d36f5e54c3fd175b,0,0,32,-0.3200000000000001,0.012800000000000145,7,25,14,12,27,9,1,1.8574190793961316,0.0,0,,random_actions,random_actions:panel_6:2:1026025:0
shared,shared,random_actions,2,30000,1,reference,panel_6,1026025,bd82dc82fcd36fc33e325c94b7349c5673d036018b786763d36f5e54c3fd175b,1,0,32,-0.3200000000000001,-0.008799999999999808,13,19,10,10,27,6,1,1.8847731671342904,0.0,0,,random_actions,random_actions:panel_6:2:1026025:1
shared,shared,random_actions,2,30000,1,reference,panel_6,1026026,d19a776a9055df2e9e475c16a14a2d112acaede87cb5de8058aff0b8b664d51a,0,1,8,0.9199999999999999,1.052,1,7,3,5,8,5,0,0.19611800000000024,0.0,0,,random_actions,random_actions:panel_6:2:1026026:0
shared,shared,random_actions,2,30000,1,reference,panel_6,1026026,d19a776a9055df2e9e475c16a14a2d112acaede87cb5de8058aff0b8b664d51a,1,0,32,-0.3200000000000001,-0.08840000000000003,3,29,18,12,30,13,1,2.028448655054582,0.0,0,,random_actions,random_actions:panel_6:2:1026026:1
shared,shared,random_actions,2,30000,1,reference,panel_6,1026027,0fd91119ce528122a295766a923e6504e182d350cfb025a2f182d8c6b30b0688,0,1,2,0.98,1.0612,0,2,0,3,2,2,0,0.0,0.0,0,,random_actions,random_actions:panel_6:2:1026027:0
shared,shared,random_actions,2,30000,1,reference,panel_6,1026027,0fd91119ce528122a295766a923e6504e182d350cfb025a2f182d8c6b30b0688,1,1,4,0.96,1.0448,0,4,0,5,4,3,0,0.07820900000000008,0.0,0,,random_actions,random_actions:panel_6:2:1026027:1
shared,shared,random_actions,2,30000,1,reference,panel_6,1026028,f3023848db642fce5300e2f085b8e0eb12a05a6ad14b194d3c7fc508d1334269,0,1,21,0.7899999999999999,0.884,4,17,11,7,21,9,0,0.7646516162000014,0.0,0,,random_actions,random_actions:panel_6:2:1026028:0
shared,shared,random_actions,2,30000,1,reference,panel_6,1026028,f3023848db642fce5300e2f085b8e0eb12a05a6ad14b194d3c7fc508d1334269,1,0,32,-0.3200000000000001,-0.08799999999999997,9,23,11,13,25,5,1,1.9177011785704776,0.0,0,,random_actions,random_actions:panel_6:2:1026028:1
shared,shared,random_actions,2,30000,1,reference,panel_6,1026029,ab61489b19839e6e400d9c1c52e349945cbc30a348c52d250dc20acab5f7ea77,0,0,32,-0.3200000000000001,-0.06679999999999987,11,21,13,9,30,10,1,2.0042592218850013,0.0,0,,random_actions,random_actions:panel_6:2:1026029:0
shared,shared,random_actions,2,30000,1,reference,panel_6,1026029,ab61489b19839e6e400d9c1c52e349945cbc30a348c52d250dc20acab5f7ea77,1,0,32,-0.3200000000000001,-0.0031999999999997863,13,19,9,11,28,8,1,1.8975707588517552,0.0,0,,random_actions,random_actions:panel_6:2:1026029:1
shared,shared,random_actions,2,30000,1,reference,panel_6,1026030,8d3fc61e5146f807a25e15d1a1c2a5052bcba7ed4f1fd9c7a01b1c10e7343835,0,0,32,-0.3200000000000001,0.14680000000000012,17,15,10,6,27,6,1,1.7432933052723043,0.0,0,,random_actions,random_actions:panel_6:2:1026030:0
shared,shared,random_actions,2,30000,1,reference,panel_6,1026030,8d3fc61e5146f807a25e15d1a1c2a5052bcba7ed4f1fd9c7a01b1c10e7343835,1,0,32,-0.3200000000000001,0.11920000000000013,7,25,15,11,27,10,1,1.7646813777431747,0.0,0,,random_actions,random_actions:panel_6:2:1026030:1
shared,shared,random_actions,2,30000,1,reference,panel_6,1026031,c68defc8244f967f59d4fd104ddcd0773bd5720df03b3f44f81ebd59979714d2,0,1,1,0.99,1.03,0,1,0,2,1,1,0,0.0,0.0,0,,random_actions,random_actions:panel_6:2:1026031:0
shared,shared,random_actions,2,30000,1,reference,panel_6,1026031,c68defc8244f967f59d4fd104ddcd0773bd5720df03b3f44f81ebd59979714d2,1,1,6,0.94,0.9896,1,5,2,4,6,3,0,0.1949270000000003,0.0,0,,random_actions,random_actions:panel_6:2:1026031:1
shared,shared,random_actions,2,30000,1,reference,panel_6,1026032,7265bbf074dccea7352b0d70ab8a290683f06f568007b2bc60c0c9e409a9701b,0,1,12,0.88,1.0736,2,10,4,7,12,7,0,0.30138409075700046,0.0,0,,random_actions,random_actions:panel_6:2:1026032:0
shared,shared,random_actions,2,30000,1,reference,panel_6,1026032,7265bbf074dccea7352b0d70ab8a290683f06f568007b2bc60c0c9e409a9701b,1,0,32,-0.3200000000000001,0.021200000000000135,7,25,18,8,28,11,1,1.87620176421203,0.0,0,,random_actions,random_actions:panel_6:2:1026032:1
shared,shared,random_actions,2,30000,1,reference,panel_6,1026033,22605d1b36216eb40e742629eacc9a54eab69b6f8de2d6c8d615ec53af6cc7a9,0,0,32,-0.3200000000000001,0.08560000000000012,12,20,10,11,31,11,1,1.8941150937120308,0.0,0,,random_actions,random_actions:panel_6:2:1026033:0
shared,shared,random_actions,2,30000,1,reference,panel_6,1026033,22605d1b36216eb40e742629eacc9a54eab69b6f8de2d6c8d615ec53af6cc7a9,1,0,32,-0.3200000000000001,0.08920000000000011,10,22,14,9,31,12,1,1.89074916142461,0.0,0,,random_actions,random_actions:panel_6:2:1026033:1
shared,shared,random_actions,2,30000,1,reference,panel_6,1026034,4ef8e7499892037936a6dc7d5af5154808a94977e7dd41902e9bccd9f4ae6d41,0,0,32,-0.3200000000000001,0.056800000000000093,12,20,12,9,29,10,1,1.8650718267803064,0.0,0,,random_actions,random_actions:panel_6:2:1026034:0
shared,shared,random_actions,2,30000,1,reference,panel_6,1026034,4ef8e7499892037936a6dc7d5af5154808a94977e7dd41902e9bccd9f4ae6d41,1,0,32,-0.3200000000000001,0.09760000000000017,13,19,11,9,28,9,1,1.8059085368038423,0.0,0,,random_actions,random_actions:panel_6:2:1026034:1
shared,shared,random_actions,2,30000,1,reference,panel_6,1026035,6b87a850267ddd983525c9a02bc5ecb54ee5eac250b322c2c2f2d33bf2e79d23,0,1,26,0.74,0.8400000000000001,5,21,13,9,26,11,0,0.9630097681000018,0.0,0,,random_actions,random_actions:panel_6:2:1026035:0
shared,shared,random_actions,2,30000,1,reference,panel_6,1026035,6b87a850267ddd983525c9a02bc5ecb54ee5eac250b322c2c2f2d33bf2e79d23,1,0,32,-0.3200000000000001,-0.17199999999999985,11,21,15,7,32,10,1,2.161814822900002,0.0,0,,random_actions,random_actions:panel_6:2:1026035:1
shared,shared,random_actions,2,30000,1,reference,panel_6,1026036,f703a422838af56770960efae258b860e6522fd5706cc6ad94db3c3d0271adf1,0,0,32,-0.3200000000000001,0.17600000000000013,12,20,14,7,27,10,1,1.7175129844822048,0.0,0,,random_actions,random_actions:panel_6:2:1026036:0
shared,shared,random_actions,2,30000,1,reference,panel_6,1026036,f703a422838af56770960efae258b860e6522fd5706cc6ad94db3c3d0271adf1,1,0,32,-0.3200000000000001,0.13160000000000008,8,24,16,9,29,12,1,1.8047980283821317,0.0,0,,random_actions,random_actions:panel_6:2:1026036:1
shared,shared,random_actions,2,30000,1,reference,panel_6,1026037,71884973ec5d33caed5bbb72047e57bc83be600823354e53f8c0005ae564a46d,0,0,32,-0.3200000000000001,-0.10919999999999991,5,27,17,11,29,11,1,2.0191613254912912,0.0,0,,random_actions,random_actions:panel_6:2:1026037:0
shared,shared,random_actions,2,30000,1,reference,panel_6,1026037,71884973ec5d33caed5bbb72047e57bc83be600823354e53f8c0005ae564a46d,1,1,14,0.86,0.9880000000000001,4,10,4,7,14,6,0,0.44502262860000064,0.0,0,,random_actions,random_actions:panel_6:2:1026037:1
shared,shared,random_actions,2,30000,1,reference,panel_6,1026038,a5f1c2327a2de1c4df802cc061235d67c505857130654f54fbfc5e4761e34a0d,0,0,32,-0.3200000000000001,-0.0255999999999999,10,22,13,10,30,10,1,1.969456591256002,0.0,0,,random_actions,random_actions:panel_6:2:1026038:0
shared,shared,random_actions,2,30000,1,reference,panel_6,1026038,a5f1c2327a2de1c4df802cc061235d67c505857130654f54fbfc5e4761e34a0d,1,0,32,-0.3200000000000001,0.04280000000000023,22,10,7,4,26,2,1,1.806776620431466,0.0,0,,random_actions,random_actions:panel_6:2:1026038:1
shared,shared,random_actions,2,30000,1,reference,panel_6,1026039,7581a68fc3f11699416438046524ac8efc017787122103f7641454ce1ffaf225,0,0,32,-0.3200000000000001,0.09920000000000008,13,19,8,12,28,9,1,1.807583933262364,0.0,0,,random_actions,random_actions:panel_6:2:1026039:0
shared,shared,random_actions,2,30000,1,reference,panel_6,1026039,7581a68fc3f11699416438046524ac8efc017787122103f7641454ce1ffaf225,1,0,32,-0.3200000000000001,0.1412000000000001,10,22,14,9,26,9,1,1.7256351765903923,0.0,0,,random_actions,random_actions:panel_6:2:1026039:1
shared,shared,random_actions,2,30000,1,reference,panel_6,1026040,90ee21dd3cb447d563291d254f88e87a9969f19637ff81565e4cb23ecc29516a,0,0,32,-0.3200000000000001,0.0844000000000001,14,18,14,5,31,11,1,1.893981597642452,0.0,0,,random_actions,random_actions:panel_6:2:1026040:0
shared,shared,random_actions,2,30000,1,reference,panel_6,1026040,90ee21dd3cb447d563291d254f88e87a9969f19637ff81565e4cb23ecc29516a,1,1,17,0.83,1.1528,7,10,4,7,17,8,0,0.3878258114458706,0.0,0,,random_actions,random_actions:panel_6:2:1026040:1
shared,shared,random_actions,2,30000,1,reference,panel_6,1026041,0aa44ae5b9e05035195da0dc08421eb4bd5bd3edb14aaa0a476d67533327cd19,0,1,2,0.98,1.0612,0,2,0,3,2,2,0,0.0,0.0,0,,random_actions,random_actions:panel_6:2:1026041:0
shared,shared,random_actions,2,30000,1,reference,panel_6,1026041,0aa44ae5b9e05035195da0dc08421eb4bd5bd3edb14aaa0a476d67533327cd19,1,0,32,-0.3200000000000001,-0.09359999999999992,8,24,13,12,29,10,1,2.0036072011270014,0.0,0,,random_actions,random_actions:panel_6:2:1026041:1
shared,shared,random_actions,2,30000,1,reference,panel_6,1026042,e0cc2b8007b2d3f680e7eb68f515f3ebe4a7985466a881e28648f6d0c1ce1143,0,1,29,0.71,0.9636000000000001,9,20,12,9,29,12,0,0.9378983441710019,0.0,0,,random_actions,random_actions:panel_6:2:1026042:0
shared,shared,random_actions,2,30000,1,reference,panel_6,1026042,e0cc2b8007b2d3f680e7eb68f515f3ebe4a7985466a881e28648f6d0c1ce1143,1,0,32,-0.3200000000000001,-0.0015999999999998238,13,19,15,5,30,9,1,1.9457788383410017,0.0,0,,random_actions,random_actions:panel_6:2:1026042:1
shared,shared,random_actions,2,30000,1,reference,panel_6,1026043,bd2065d78e8538569ce3a16384ed6989966d2c8413a8a24cf5b81466e4d47994,0,0,32,-0.3200000000000001,-0.058399999999999896,10,22,15,8,29,9,1,1.9726693464420015,0.0,0,,random_actions,random_actions:panel_6:2:1026043:0
shared,shared,random_actions,2,30000,1,reference,panel_6,1026043,bd2065d78e8538569ce3a16384ed6989966d2c8413a8a24cf5b81466e4d47994,1,0,32,-0.3200000000000001,-0.05719999999999997,13,19,11,9,30,8,1,1.9988589122700027,0.0,0,,random_actions,random_actions:panel_6:2:1026043:1
shared,shared,random_actions,2,30000,1,reference,panel_6,1026044,c7a4f017bcd92148fe96519ee34e035c14103a32763f5bad9961cc54927ffcd6,0,0,32,-0.3200000000000001,0.10360000000000015,17,15,13,3,28,6,1,1.8004725302816091,0.0,0,,random_actions,random_actions:panel_6:2:1026044:0
shared,shared,random_actions,2,30000,1,reference,panel_6,1026044,c7a4f017bcd92148fe96519ee34e035c14103a32763f5bad9961cc54927ffcd6,1,0,32,-0.3200000000000001,0.09760000000000014,15,17,10,8,29,8,1,1.8311819461753203,0.0,0,,random_actions,random_actions:panel_6:2:1026044:1
shared,shared,random_actions,2,30000,1,reference,panel_6,1026045,3efa810f95d454ff5f0e06919457f950ac63cfe5044b04f2053ad241e4f1813c,0,1,2,0.98,1.0612,0,2,0,3,2,2,0,0.0,0.0,0,,random_actions,random_actions:panel_6:2:1026045:0
shared,shared,random_actions,2,30000,1,reference,panel_6,1026045,3efa810f95d454ff5f0e06919457f950ac63cfe5044b04f2053ad241e4f1813c,1,0,32,-0.3200000000000001,-0.11999999999999982,13,19,11,9,29,8,1,2.029220493400001,0.0,0,,random_actions,random_actions:panel_6:2:1026045:1
shared,shared,random_actions,2,30000,1,reference,panel_6,1026046,b3bd9329d2bc0417277b7e9463cbe378bb162cbe667afc524189a41747a0a0b6,0,1,2,0.98,1.0612,0,2,0,3,2,2,0,0.0,0.0,0,,random_actions,random_actions:panel_6:2:1026046:0
shared,shared,random_actions,2,30000,1,reference,panel_6,1026046,b3bd9329d2bc0417277b7e9463cbe378bb162cbe667afc524189a41747a0a0b6,1,0,32,-0.3200000000000001,-0.1356,7,25,18,8,30,11,1,2.0687229286000024,0.0,0,,random_actions,random_actions:panel_6:2:1026046:1
shared,shared,random_actions,2,30000,1,reference,panel_6,1026047,7ae596ad447d794261e16d660b4ac637840f1599e5283b0be9009f758bc32e4b,0,0,32,-0.3200000000000001,0.39200000000000035,8,24,17,8,25,10,1,1.5061524948182345,0.0,0,,random_actions,random_actions:panel_6:2:1026047:0
shared,shared,random_actions,2,30000,1,reference,panel_6,1026047,7ae596ad447d794261e16d660b4ac637840f1599e5283b0be9009f758bc32e4b,1,0,32,-0.3200000000000001,0.4076000000000004,6,26,19,8,24,9,1,1.4724018928226272,0.0,0,,random_actions,random_actions:panel_6:2:1026047:1
shared,shared,random_actions,2,30000,1,reference,panel_6,1026048,2cff2e0966d9aeb89c64a6fbee359c4b73a4995efdc8c0bf55352a2cac537bef,0,0,32,-0.3200000000000001,-0.13079999999999992,10,22,15,8,30,10,1,2.065326434800002,0.0,0,,random_actions,random_actions:panel_6:2:1026048:0
shared,shared,random_actions,2,30000,1,reference,panel_6,1026048,2cff2e0966d9aeb89c64a6fbee359c4b73a4995efdc8c0bf55352a2cac537bef,1,1,2,0.98,1.0612,0,2,0,3,2,2,0,0.0,0.0,0,,random_actions,random_actions:panel_6:2:1026048:1
shared,shared,random_actions,2,30000,1,reference,panel_6,1026049,b9934fe4b7765c9cc17fc98f20aa3eeb7d571f769079236746d21f3c9a142ecb,0,1,29,0.71,1.1096000000000001,7,22,12,11,29,14,0,0.8066454447631884,0.0,0,,random_actions,random_actions:panel_6:2:1026049:0
shared,shared,random_actions,2,30000,1,reference,panel_6,1026049,b9934fe4b7765c9cc17fc98f20aa3eeb7d571f769079236746d21f3c9a142ecb,1,1,15,0.85,1.1500000000000001,3,12,4,9,15,9,0,0.3276294687912902,0.0,0,,random_actions,random_actions:panel_6:2:1026049:1
shared,shared,random_actions,2,30000,1,reference,panel_6,1026050,dd9da225b8cc1dcc823231b6348b2d79793d38fc1ccad6e560e4a65a1db94fd0,0,0,32,-0.3200000000000001,0.07960000000000012,10,22,12,11,31,12,1,1.8997203877526545,0.0,0,,random_actions,random_actions:panel_6:2:1026050:0
shared,shared,random_actions,2,30000,1,reference,panel_6,1026050,dd9da225b8cc1dcc823231b6348b2d79793d38fc1ccad6e560e4a65a1db94fd0,1,1,19,0.8099999999999999,1.122,1,18,7,12,19,12,0,0.4793549287912906,0.0,0,,random_actions,random_actions:panel_6:2:1026050:1
shared,shared,random_actions,2,30000,1,reference,panel_6,1026051,2aff09db7b49df8d5e16b0aa5aa5fbf93d7c4dd331dd9106583d2011a5c0e326,0,0,32,-0.3200000000000001,0.27440000000000025,15,17,11,7,24,6,1,1.5846421116487608,0.0,0,,random_actions,random_actions:panel_6:2:1026051:0
shared,shared,random_actions,2,30000,1,reference,panel_6,1026051,2aff09db7b49df8d5e16b0aa5aa5fbf93d7c4dd331dd9106583d2011a5c0e326,1,0,32,-0.3200000000000001,0.2900000000000003,16,16,12,5,24,5,1,1.567616121492843,0.0,0,,random_actions,random_actions:panel_6:2:1026051:1
shared,shared,random_actions,2,30000,1,reference,panel_6,1026052,30e271335737c65e987a86238c383bdeb959b3a7957c4526ec87a068410db2b7,0,0,32,-0.3200000000000001,-0.015999999999999834,17,15,11,5,30,7,1,1.955629016942001,0.0,0,,random_actions,random_actions:panel_6:2:1026052:0
shared,shared,random_actions,2,30000,1,reference,panel_6,1026052,30e271335737c65e987a86238c383bdeb959b3a7957c4526ec87a068410db2b7,1,0,32,-0.3200000000000001,0.011600000000000166,22,10,8,3,28,4,1,1.8824954568260024,0.0,0,,random_actions,random_actions:panel_6:2:1026052:1
shared,shared,random_actions,2,30000,1,reference,panel_6,1026053,aa3113877a19a0daefd1d201ee835a9f8fef3fe1d2162906d968bf6244d5063d,0,0,32,-0.3200000000000001,-0.07519999999999999,10,22,13,10,29,9,1,1.9899250158115818,0.0,0,,random_actions,random_actions:panel_6:2:1026053:0
shared,shared,random_actions,2,30000,1,reference,panel_6,1026053,aa3113877a19a0daefd1d201ee835a9f8fef3fe1d2162906d968bf6244d5063d,1,1,11,0.89,1.034,2,9,4,6,11,6,0,0.30695246000000076,0.0,0,,random_actions,random_actions:panel_6:2:1026053:1
shared,shared,random_actions,2,30000,1,reference,panel_6,1026054,0a09998651f020fa95968e53dc8b72f7f98069a3e840e079a243dd770a485e9b,0,0,32,-0.3200000000000001,0.16160000000000016,13,19,11,9,28,9,1,1.7483516178078857,0.0,0,,random_actions,random_actions:panel_6:2:1026054:0
shared,shared,random_actions,2,30000,1,reference,panel_6,1026054,0a09998651f020fa95968e53dc8b72f7f98069a3e840e079a243dd770a485e9b,1,0,32,-0.3200000000000001,0.15920000000000012,11,21,13,9,27,9,1,1.7377765007121022,0.0,0,,random_actions,random_actions:panel_6:2:1026054:1
shared,shared,random_actions,2,30000,1,reference,panel_6,1026055,ad2de98a33c6a96da60b4d97d3121460172cb25867c4c0820564f15b67234833,0,0,32,-0.3200000000000001,-0.07639999999999991,12,20,12,9,30,9,1,2.0142459534000015,0.0,0,,random_actions,random_actions:panel_6:2:1026055:0
shared,shared,random_actions,2,30000,1,reference,panel_6,1026055,ad2de98a33c6a96da60b4d97d3121460172cb25867c4c0820564f15b67234833,1,1,5,0.95,1.082,0,5,1,5,5,4,0,0.07358684810000016,0.0,0,,random_actions,random_actions:panel_6:2:1026055:1
shared,shared,random_actions,2,30000,1,reference,panel_6,1026056,bb9897927695c0f6531f42cae73655f05141d18125190fe29d0df5a5c7627196,0,0,32,-0.3200000000000001,-0.08999999999999996,15,17,9,9,29,6,1,1.9992592269550031,0.0,0,,random_actions,random_actions:panel_6:2:1026056:0
shared,shared,random_actions,2,30000,1,reference,panel_6,1026056,bb9897927695c0f6531f42cae73655f05141d18125190fe29d0df5a5c7627196,1,1,2,0.98,1.0612,0,2,0,3,2,2,0,0.0,0.0,0,,random_actions,random_actions:panel_6:2:1026056:1
shared,shared,random_actions,2,30000,1,reference,panel_6,1026057,722e565d8a7916c8109c7054c70f120acfb682a8299540604b451b0fe1a8fc90,0,0,32,-0.3200000000000001,0.09880000000000014,13,19,10,10,29,9,1,1.8315773897589727,0.0,0,,random_actions,random_actions:panel_6:2:1026057:0
shared,shared,random_actions,2,30000,1,reference,panel_6,1026057,722e565d8a7916c8109c7054c70f120acfb682a8299540604b451b0fe1a8fc90,1,0,32,-0.3200000000000001,0.1528000000000002,9,23,17,7,28,10,1,1.759901745657773,0.0,0,,random_actions,random_actions:panel_6:2:1026057:1
shared,shared,random_actions,2,30000,1,reference,panel_6,1026058,4e75638dfd1fcd7d061e1e17ab8ea4e81b5f771b0d486aee572f19c272cda7b2,0,1,2,0.98,1.0612,0,2,0,3,2,2,0,0.0,0.0,0,,random_actions,random_actions:panel_6:2:1026058:0
shared,shared,random_actions,2,30000,1,reference,panel_6,1026058,4e75638dfd1fcd7d061e1e17ab8ea4e81b5f771b0d486aee572f19c272cda7b2,1,1,2,0.98,1.0612,0,2,0,3,2,2,0,0.0,0.0,0,,random_actions,random_actions:panel_6:2:1026058:1
shared,shared,random_actions,2,30000,1,reference,panel_6,1026059,4579d4206fdee1aea4bc6eacf096cc58588dd5a77ee09d8a284ad5781ebdb3ee,0,1,10,0.9,0.9992000000000001,2,8,3,6,10,5,0,0.30933446000000053,0.0,0,,random_actions,random_actions:panel_6:2:1026059:0
shared,shared,random_actions,2,30000,1,reference,panel_6,1026059,4579d4206fdee1aea4bc6eacf096cc58588dd5a77ee09d8a284ad5781ebdb3ee,1,1,12,0.88,0.9972000000000001,6,6,2,5,12,4,0,0.3735719581000009,0.0,0,,random_actions,random_actions:panel_6:2:1026059:1
shared,shared,random_actions,2,30000,1,reference,panel_6,1026060,08f0b56027ee4f35411224dbd4caef11071272e62992eb453fe0ba04e955564d,0,1,5,0.95,1.0772,0,5,0,6,5,4,0,0.07820900000000008,0.0,0,,random_actions,random_actions:panel_6:2:1026060:0
shared,shared,random_actions,2,30000,1,reference,panel_6,1026060,08f0b56027ee4f35411224dbd4caef11071272e62992eb453fe0ba04e955564d,1,1,12,0.88,1.0336,5,7,4,4,12,5,0,0.33849411000000085,0.0,0,,random_actions,random_actions:panel_6:2:1026060:1
shared,shared,random_actions,2,30000,1,reference,panel_6,1026061,1a97a5025ff3eac427d2b71b11ce30d6b41484efc54f80ca4013875f351a75cc,0,1,7,0.9299999999999999,1.1104,3,4,0,5,7,4,0,0.10981996620000001,0.0,0,,random_actions,random_actions:panel_6:2:1026061:0
shared,shared,random_actions,2,30000,1,reference,panel_6,1026061,1a97a5025ff3eac427d2b71b11ce30d6b41484efc54f80ca4013875f351a75cc,1,0,32,-0.3200000000000001,-0.018399999999999805,12,20,11,10,29,9,1,1.9351464849140005,0.0,0,,random_actions,random_actions:panel_6:2:1026061:1
shared,shared,random_actions,2,30000,1,reference,panel_6,1026062,c050fb307a41cec399a22297b33d82997851d3def24d004f9a9702829b18077a,0,1,1,0.99,1.03,0,1,0,2,1,1,0,0.0,0.0,0,,random_actions,random_actions:panel_6:2:1026062:0
shared,shared,random_actions,2,30000,1,reference,panel_6,1026062,c050fb307a41cec399a22297b33d82997851d3def24d004f9a9702829b18077a,1,1,5,0.95,0.9996,0,5,1,5,5,3,0,0.1540717300000003,0.0,0,,random_actions,random_actions:panel_6:2:1026062:1
shared,shared,random_actions,2,30000,1,reference,panel_6,1026063,212345d38a473afc6d638107cfc632d17d6c0b34b56a4b85502223d6d02e6071,0,0,32,-0.3200000000000001,-0.02559999999999983,10,22,17,6,29,10,1,1.9386448735280009,0.0,0,,random_actions,random_actions:panel_6:2:1026063:0
shared,shared,random_actions,2,30000,1,reference,panel_6,1026063,212345d38a473afc6d638107cfc632d17d6c0b34b56a4b85502223d6d02e6071,1,0,32,-0.3200000000000001,-0.039999999999999925,7,25,20,6,29,11,1,1.9532149077140022,0.0,0,,random_actions,random_actions:panel_6:2:1026063:1
shared,shared,shortest_path,0,30000,1,reference,panel_6,1026000,cceb612e12996df9153dc59634e43dd36b93ec518f88f6e86e176019e3d7ad56,0,1,3,0.97,1.0936,0,3,0,4,3,3,0,0.0,0.0,0,,shortest_path,shortest_path:panel_6:0:1026000:0
shared,shared,shortest_path,0,30000,1,reference,panel_6,1026001,94605e8996180451828032800d75e2c08a88617fbdb4bafa2d201b2cdca7b731,0,1,4,0.96,1.1272,0,4,0,5,4,4,0,0.0,0.0,0,,shortest_path,shortest_path:panel_6:0:1026001:0
shared,shared,shortest_path,0,30000,1,reference,panel_6,1026002,cb1f89206f710dd4b7da1f9442aa9ea35ff79085d72a98dc81a5e1238259f5cf,0,1,6,0.94,1.198,0,6,0,7,6,6,0,0.0,0.0,0,,shortest_path,shortest_path:panel_6:0:1026002:0
shared,shared,shortest_path,0,30000,1,reference,panel_6,1026003,b7b9359aa4576920327860855d8fa35dc679ac982d05fd7ba1c3d660ba19b316,0,1,5,0.95,1.162,0,5,0,6,5,5,0,0.0,0.0,0,,shortest_path,shortest_path:panel_6:0:1026003:0
shared,shared,shortest_path,0,30000,1,reference,panel_6,1026004,fbff20aa9319fabf30aec3ff8b1f82b623315344d46a4c8176532833502c813b,0,1,4,0.96,1.1272,0,4,0,5,4,4,0,0.0,0.0,0,,shortest_path,shortest_path:panel_6:0:1026004:0
shared,shared,shortest_path,0,30000,1,reference,panel_6,1026005,1651533e717557bda753456f62652c003181e5c929840ef6ca691ec80b5b420c,0,1,1,0.99,1.03,0,1,0,2,1,1,0,0.0,0.0,0,,shortest_path,shortest_path:panel_6:0:1026005:0
shared,shared,shortest_path,0,30000,1,reference,panel_6,1026006,19f79b40228b58e39506985b7678670fdd9a271ccd6ce40b0a81e892b54f2ce5,0,1,2,0.98,1.0612,0,2,0,3,2,2,0,0.0,0.0,0,,shortest_path,shortest_path:panel_6:0:1026006:0
shared,shared,shortest_path,0,30000,1,reference,panel_6,1026007,c2ed8a87262eb02dcf7c6e8c71c44a5abe922e12aa50b8702da7d53cb6fa64b9,0,1,2,0.98,1.0612,0,2,0,3,2,2,0,0.0,0.0,0,,shortest_path,shortest_path:panel_6:0:1026007:0
shared,shared,shortest_path,0,30000,1,reference,panel_6,1026008,6a812cdb5c80159c227e7bd120fb6f92ce2dac6633dcdb6dba75c2c3c18a9e6f,0,1,6,0.94,1.198,0,6,0,7,6,6,0,0.0,0.0,0,,shortest_path,shortest_path:panel_6:0:1026008:0
shared,shared,shortest_path,0,30000,1,reference,panel_6,1026009,181429e05bda415ce6c754e97478f7fcfcb8d18f9cd62f2b2a2bb01008764fc6,0,1,1,0.99,1.03,0,1,0,2,1,1,0,0.0,0.0,0,,shortest_path,shortest_path:panel_6:0:1026009:0
shared,shared,shortest_path,0,30000,1,reference,panel_6,1026010,4c23141490f363d94341b92db8e059b215f2bbb5e0d4aeb014b07c7fb8cbc843,0,1,4,0.96,1.1272,0,4,0,5,4,4,0,0.0,0.0,0,,shortest_path,shortest_path:panel_6:0:1026010:0
shared,shared,shortest_path,0,30000,1,reference,panel_6,1026011,a5ed02c5f87afef9183b028ee4304bd757da66463cc54dfc4d31bc1f5261993e,0,1,4,0.96,1.1272,0,4,0,5,4,4,0,0.0,0.0,0,,shortest_path,shortest_path:panel_6:0:1026011:0
shared,shared,shortest_path,0,30000,1,reference,panel_6,1026012,c772f0d1addf92c801afe75c79c4671a62b0c6f59d42862ebc555d76a9199f98,0,1,4,0.96,1.1272,0,4,0,5,4,4,0,0.0,0.0,0,,shortest_path,shortest_path:panel_6:0:1026012:0
shared,shared,shortest_path,0,30000,1,reference,panel_6,1026013,fd617eb2080a93960615a3e5fd7e672ee13d9afe4e83eb1dc122bf89ba3f4c8c,0,1,3,0.97,1.0936,0,3,0,4,3,3,0,0.0,0.0,0,,shortest_path,shortest_path:panel_6:0:1026013:0
shared,shared,shortest_path,0,30000,1,reference,panel_6,1026014,0f6449ab40988d4debaef7358c5ed804453166be3356cb1de47579823a833e73,0,1,4,0.96,1.1272,0,4,0,5,4,4,0,0.0,0.0,0,,shortest_path,shortest_path:panel_6:0:1026014:0
shared,shared,shortest_path,0,30000,1,reference,panel_6,1026015,c41f561f0687cbc0e7a26300bacbc40f6a6fa46849922f66f8aca4a393ae4645,0,1,3,0.97,1.0936,0,3,0,4,3,3,0,0.0,0.0,0,,shortest_path,shortest_path:panel_6:0:1026015:0
shared,shared,shortest_path,0,30000,1,reference,panel_6,1026016,6bd57691edab24c06935af38eeca6a80a0a5068b7c79de88ccd10641a7456dd8,0,1,3,0.97,1.0936,0,3,0,4,3,3,0,0.0,0.0,0,,shortest_path,shortest_path:panel_6:0:1026016:0
shared,shared,shortest_path,0,30000,1,reference,panel_6,1026017,69d197f31f1accf4d96cb4a08efe9116ea0397efa73fc779123afe0087003847,0,1,2,0.98,1.0612,0,2,0,3,2,2,0,0.0,0.0,0,,shortest_path,shortest_path:panel_6:0:1026017:0
shared,shared,shortest_path,0,30000,1,reference,panel_6,1026018,30518e048802454e08bed62542dda111a09cff0386b2b2d2eff3d69adfe3af81,0,1,5,0.95,1.162,0,5,0,6,5,5,0,0.0,0.0,0,,shortest_path,shortest_path:panel_6:0:1026018:0
shared,shared,shortest_path,0,30000,1,reference,panel_6,1026019,8e663bfc51bc5d70790eb50a28f9683786d6fc0253ec41662926d1f029085ff9,0,1,6,0.94,1.198,0,6,0,7,6,6,0,0.0,0.0,0,,shortest_path,shortest_path:panel_6:0:1026019:0
shared,shared,shortest_path,0,30000,1,reference,panel_6,1026020,b72ca581f448616bace2f3ca2228a09fa021464f6d708c82c4c32f06517078f8,0,1,6,0.94,1.198,0,6,0,7,6,6,0,0.0,0.0,0,,shortest_path,shortest_path:panel_6:0:1026020:0
shared,shared,shortest_path,0,30000,1,reference,panel_6,1026021,e7f1051a7fd5baed1b54cf4976f43f67f79f39025bd3537d57bcc31d2ad16850,0,1,2,0.98,1.0612,0,2,0,3,2,2,0,0.0,0.0,0,,shortest_path,shortest_path:panel_6:0:1026021:0
shared,shared,shortest_path,0,30000,1,reference,panel_6,1026022,2fc822cece44a2e913787d7c2ec918eeedc41d890bde8a5edcc7c962a1a450e0,0,1,4,0.96,1.1272,0,4,0,5,4,4,0,0.0,0.0,0,,shortest_path,shortest_path:panel_6:0:1026022:0
shared,shared,shortest_path,0,30000,1,reference,panel_6,1026023,a4c5fd10a5424eac342c57bb5b41c71a395ce29589e4166f5e1d01f8fbf2fecb,0,1,3,0.97,1.0936,0,3,0,4,3,3,0,0.0,0.0,0,,shortest_path,shortest_path:panel_6:0:1026023:0
shared,shared,shortest_path,0,30000,1,reference,panel_6,1026024,9203ab44a16de52de5547b0887f9b02d943f33cc3ec154d7eccbc6071a30b23e,0,1,8,0.9199999999999999,1.2736,0,8,0,9,8,8,0,0.0,0.0,0,,shortest_path,shortest_path:panel_6:0:1026024:0
shared,shared,shortest_path,0,30000,1,reference,panel_6,1026025,bd82dc82fcd36fc33e325c94b7349c5673d036018b786763d36f5e54c3fd175b,0,1,4,0.96,1.1272,0,4,0,5,4,4,0,0.0,0.0,0,,shortest_path,shortest_path:panel_6:0:1026025:0
shared,shared,shortest_path,0,30000,1,reference,panel_6,1026026,d19a776a9055df2e9e475c16a14a2d112acaede87cb5de8058aff0b8b664d51a,0,1,3,0.97,1.0936,0,3,0,4,3,3,0,0.0,0.0,0,,shortest_path,shortest_path:panel_6:0:1026026:0
shared,shared,shortest_path,0,30000,1,reference,panel_6,1026027,0fd91119ce528122a295766a923e6504e182d350cfb025a2f182d8c6b30b0688,0,1,2,0.98,1.0612,0,2,0,3,2,2,0,0.0,0.0,0,,shortest_path,shortest_path:panel_6:0:1026027:0
shared,shared,shortest_path,0,30000,1,reference,panel_6,1026028,f3023848db642fce5300e2f085b8e0eb12a05a6ad14b194d3c7fc508d1334269,0,1,1,0.99,1.03,0,1,0,2,1,1,0,0.0,0.0,0,,shortest_path,shortest_path:panel_6:0:1026028:0
shared,shared,shortest_path,0,30000,1,reference,panel_6,1026029,ab61489b19839e6e400d9c1c52e349945cbc30a348c52d250dc20acab5f7ea77,0,1,3,0.97,1.0936,0,3,0,4,3,3,0,0.0,0.0,0,,shortest_path,shortest_path:panel_6:0:1026029:0
shared,shared,shortest_path,0,30000,1,reference,panel_6,1026030,8d3fc61e5146f807a25e15d1a1c2a5052bcba7ed4f1fd9c7a01b1c10e7343835,0,1,6,0.94,1.198,0,6,0,7,6,6,0,0.0,0.0,0,,shortest_path,shortest_path:panel_6:0:1026030:0
shared,shared,shortest_path,0,30000,1,reference,panel_6,1026031,c68defc8244f967f59d4fd104ddcd0773bd5720df03b3f44f81ebd59979714d2,0,1,1,0.99,1.03,0,1,0,2,1,1,0,0.0,0.0,0,,shortest_path,shortest_path:panel_6:0:1026031:0
shared,shared,shortest_path,0,30000,1,reference,panel_6,1026032,7265bbf074dccea7352b0d70ab8a290683f06f568007b2bc60c0c9e409a9701b,0,1,4,0.96,1.1272,0,4,0,5,4,4,0,0.0,0.0,0,,shortest_path,shortest_path:panel_6:0:1026032:0
shared,shared,shortest_path,0,30000,1,reference,panel_6,1026033,22605d1b36216eb40e742629eacc9a54eab69b6f8de2d6c8d615ec53af6cc7a9,0,1,6,0.94,1.198,0,6,0,7,6,6,0,0.0,0.0,0,,shortest_path,shortest_path:panel_6:0:1026033:0
shared,shared,shortest_path,0,30000,1,reference,panel_6,1026034,4ef8e7499892037936a6dc7d5af5154808a94977e7dd41902e9bccd9f4ae6d41,0,1,6,0.94,1.198,0,6,0,7,6,6,0,0.0,0.0,0,,shortest_path,shortest_path:panel_6:0:1026034:0
shared,shared,shortest_path,0,30000,1,reference,panel_6,1026035,6b87a850267ddd983525c9a02bc5ecb54ee5eac250b322c2c2f2d33bf2e79d23,0,1,1,0.99,1.03,0,1,0,2,1,1,0,0.0,0.0,0,,shortest_path,shortest_path:panel_6:0:1026035:0
shared,shared,shortest_path,0,30000,1,reference,panel_6,1026036,f703a422838af56770960efae258b860e6522fd5706cc6ad94db3c3d0271adf1,0,1,7,0.9299999999999999,1.2352,0,7,0,8,7,7,0,0.0,0.0,0,,shortest_path,shortest_path:panel_6:0:1026036:0
shared,shared,shortest_path,0,30000,1,reference,panel_6,1026037,71884973ec5d33caed5bbb72047e57bc83be600823354e53f8c0005ae564a46d,0,1,2,0.98,1.0612,0,2,0,3,2,2,0,0.0,0.0,0,,shortest_path,shortest_path:panel_6:0:1026037:0
shared,shared,shortest_path,0,30000,1,reference,panel_6,1026038,a5f1c2327a2de1c4df802cc061235d67c505857130654f54fbfc5e4761e34a0d,0,1,4,0.96,1.1272,0,4,0,5,4,4,0,0.0,0.0,0,,shortest_path,shortest_path:panel_6:0:1026038:0
shared,shared,shortest_path,0,30000,1,reference,panel_6,1026039,7581a68fc3f11699416438046524ac8efc017787122103f7641454ce1ffaf225,0,1,7,0.9299999999999999,1.2352,0,7,0,8,7,7,0,0.0,0.0,0,,shortest_path,shortest_path:panel_6:0:1026039:0
shared,shared,shortest_path,0,30000,1,reference,panel_6,1026040,90ee21dd3cb447d563291d254f88e87a9969f19637ff81565e4cb23ecc29516a,0,1,6,0.94,1.198,0,6,0,7,6,6,0,0.0,0.0,0,,shortest_path,shortest_path:panel_6:0:1026040:0
shared,shared,shortest_path,0,30000,1,reference,panel_6,1026041,0aa44ae5b9e05035195da0dc08421eb4bd5bd3edb14aaa0a476d67533327cd19,0,1,2,0.98,1.0612,0,2,0,3,2,2,0,0.0,0.0,0,,shortest_path,shortest_path:panel_6:0:1026041:0
shared,shared,shortest_path,0,30000,1,reference,panel_6,1026042,e0cc2b8007b2d3f680e7eb68f515f3ebe4a7985466a881e28648f6d0c1ce1143,0,1,4,0.96,1.1272,0,4,0,5,4,4,0,0.0,0.0,0,,shortest_path,shortest_path:panel_6:0:1026042:0
shared,shared,shortest_path,0,30000,1,reference,panel_6,1026043,bd2065d78e8538569ce3a16384ed6989966d2c8413a8a24cf5b81466e4d47994,0,1,3,0.97,1.0936,0,3,0,4,3,3,0,0.0,0.0,0,,shortest_path,shortest_path:panel_6:0:1026043:0
shared,shared,shortest_path,0,30000,1,reference,panel_6,1026044,c7a4f017bcd92148fe96519ee34e035c14103a32763f5bad9961cc54927ffcd6,0,1,6,0.94,1.198,0,6,0,7,6,6,0,0.0,0.0,0,,shortest_path,shortest_path:panel_6:0:1026044:0
shared,shared,shortest_path,0,30000,1,reference,panel_6,1026045,3efa810f95d454ff5f0e06919457f950ac63cfe5044b04f2053ad241e4f1813c,0,1,2,0.98,1.0612,0,2,0,3,2,2,0,0.0,0.0,0,,shortest_path,shortest_path:panel_6:0:1026045:0
shared,shared,shortest_path,0,30000,1,reference,panel_6,1026046,b3bd9329d2bc0417277b7e9463cbe378bb162cbe667afc524189a41747a0a0b6,0,1,2,0.98,1.0612,0,2,0,3,2,2,0,0.0,0.0,0,,shortest_path,shortest_path:panel_6:0:1026046:0
shared,shared,shortest_path,0,30000,1,reference,panel_6,1026047,7ae596ad447d794261e16d660b4ac637840f1599e5283b0be9009f758bc32e4b,0,1,10,0.9,1.354,0,10,0,11,10,10,0,0.0,0.0,0,,shortest_path,shortest_path:panel_6:0:1026047:0
shared,shared,shortest_path,0,30000,1,reference,panel_6,1026048,2cff2e0966d9aeb89c64a6fbee359c4b73a4995efdc8c0bf55352a2cac537bef,0,1,2,0.98,1.0612,0,2,0,3,2,2,0,0.0,0.0,0,,shortest_path,shortest_path:panel_6:0:1026048:0
shared,shared,shortest_path,0,30000,1,reference,panel_6,1026049,b9934fe4b7765c9cc17fc98f20aa3eeb7d571f769079236746d21f3c9a142ecb,0,1,6,0.94,1.198,0,6,0,7,6,6,0,0.0,0.0,0,,shortest_path,shortest_path:panel_6:0:1026049:0
shared,shared,shortest_path,0,30000,1,reference,panel_6,1026050,dd9da225b8cc1dcc823231b6348b2d79793d38fc1ccad6e560e4a65a1db94fd0,0,1,6,0.94,1.198,0,6,0,7,6,6,0,0.0,0.0,0,,shortest_path,shortest_path:panel_6:0:1026050:0
shared,shared,shortest_path,0,30000,1,reference,panel_6,1026051,2aff09db7b49df8d5e16b0aa5aa5fbf93d7c4dd331dd9106583d2011a5c0e326,0,1,7,0.9299999999999999,1.2352,0,7,0,8,7,7,0,0.0,0.0,0,,shortest_path,shortest_path:panel_6:0:1026051:0
shared,shared,shortest_path,0,30000,1,reference,panel_6,1026052,30e271335737c65e987a86238c383bdeb959b3a7957c4526ec87a068410db2b7,0,1,4,0.96,1.1272,0,4,0,5,4,4,0,0.0,0.0,0,,shortest_path,shortest_path:panel_6:0:1026052:0
shared,shared,shortest_path,0,30000,1,reference,panel_6,1026053,aa3113877a19a0daefd1d201ee835a9f8fef3fe1d2162906d968bf6244d5063d,0,1,3,0.97,1.0936,0,3,0,4,3,3,0,0.0,0.0,0,,shortest_path,shortest_path:panel_6:0:1026053:0
shared,shared,shortest_path,0,30000,1,reference,panel_6,1026054,0a09998651f020fa95968e53dc8b72f7f98069a3e840e079a243dd770a485e9b,0,1,7,0.9299999999999999,1.2352,0,7,0,8,7,7,0,0.0,0.0,0,,shortest_path,shortest_path:panel_6:0:1026054:0
shared,shared,shortest_path,0,30000,1,reference,panel_6,1026055,ad2de98a33c6a96da60b4d97d3121460172cb25867c4c0820564f15b67234833,0,1,3,0.97,1.0936,0,3,0,4,3,3,0,0.0,0.0,0,,shortest_path,shortest_path:panel_6:0:1026055:0
shared,shared,shortest_path,0,30000,1,reference,panel_6,1026056,bb9897927695c0f6531f42cae73655f05141d18125190fe29d0df5a5c7627196,0,1,2,0.98,1.0612,0,2,0,3,2,2,0,0.0,0.0,0,,shortest_path,shortest_path:panel_6:0:1026056:0
shared,shared,shortest_path,0,30000,1,reference,panel_6,1026057,722e565d8a7916c8109c7054c70f120acfb682a8299540604b451b0fe1a8fc90,0,1,6,0.94,1.198,0,6,0,7,6,6,0,0.0,0.0,0,,shortest_path,shortest_path:panel_6:0:1026057:0
shared,shared,shortest_path,0,30000,1,reference,panel_6,1026058,4e75638dfd1fcd7d061e1e17ab8ea4e81b5f771b0d486aee572f19c272cda7b2,0,1,2,0.98,1.0612,0,2,0,3,2,2,0,0.0,0.0,0,,shortest_path,shortest_path:panel_6:0:1026058:0
shared,shared,shortest_path,0,30000,1,reference,panel_6,1026059,4579d4206fdee1aea4bc6eacf096cc58588dd5a77ee09d8a284ad5781ebdb3ee,0,1,2,0.98,1.0612,0,2,0,3,2,2,0,0.0,0.0,0,,shortest_path,shortest_path:panel_6:0:1026059:0
shared,shared,shortest_path,0,30000,1,reference,panel_6,1026060,08f0b56027ee4f35411224dbd4caef11071272e62992eb453fe0ba04e955564d,0,1,3,0.97,1.0936,0,3,0,4,3,3,0,0.0,0.0,0,,shortest_path,shortest_path:panel_6:0:1026060:0
shared,shared,shortest_path,0,30000,1,reference,panel_6,1026061,1a97a5025ff3eac427d2b71b11ce30d6b41484efc54f80ca4013875f351a75cc,0,1,4,0.96,1.1272,0,4,0,5,4,4,0,0.0,0.0,0,,shortest_path,shortest_path:panel_6:0:1026061:0
shared,shared,shortest_path,0,30000,1,reference,panel_6,1026062,c050fb307a41cec399a22297b33d82997851d3def24d004f9a9702829b18077a,0,1,1,0.99,1.03,0,1,0,2,1,1,0,0.0,0.0,0,,shortest_path,shortest_path:panel_6:0:1026062:0
shared,shared,shortest_path,0,30000,1,reference,panel_6,1026063,212345d38a473afc6d638107cfc632d17d6c0b34b56a4b85502223d6d02e6071,0,1,4,0.96,1.1272,0,4,0,5,4,4,0,0.0,0.0,0,,shortest_path,shortest_path:panel_6:0:1026063:0
shared,shared,random_actions,0,30000,1,reference,panel_7,1027000,92f9dee48e9cac138f7ff62459eec3bd554a2183715b70404faa23ffe608b9cd,0,0,32,-0.3200000000000001,0.08440000000000011,12,20,13,8,30,10,1,1.8683423025043198,0.0,0,,random_actions,random_actions:panel_7:0:1027000:0
shared,shared,random_actions,0,30000,1,reference,panel_7,1027000,92f9dee48e9cac138f7ff62459eec3bd554a2183715b70404faa23ffe608b9cd,1,0,32,-0.3200000000000001,0.11440000000000011,14,18,14,5,27,8,1,1.769664609779189,0.0,0,,random_actions,random_actions:panel_7:0:1027000:1
shared,shared,random_actions,0,30000,1,reference,panel_7,1027001,713bfcf2314371695d704f06cb5562a7c0bf452df0ad5055c67866595774ea25,0,0,32,-0.3200000000000001,0.2532000000000003,6,26,17,10,26,11,1,1.6363301227493692,0.0,0,,random_actions,random_actions:panel_7:0:1027001:0
shared,shared,random_actions,0,30000,1,reference,panel_7,1027001,713bfcf2314371695d704f06cb5562a7c0bf452df0ad5055c67866595774ea25,1,0,32,-0.3200000000000001,0.23760000000000026,10,22,13,10,27,11,1,1.6752056964622177,0.0,0,,random_actions,random_actions:panel_7:0:1027001:1
shared,shared,random_actions,0,30000,1,reference,panel_7,1027002,054b24cb98b6fd40dac88f785f71b575a9417073082c1840386e22394e693201,0,1,9,0.91,1.2188,2,7,0,8,9,7,0,0.0782090000000002,0.0,0,,random_actions,random_actions:panel_7:0:1027002:0
shared,shared,random_actions,0,30000,1,reference,panel_7,1027002,054b24cb98b6fd40dac88f785f71b575a9417073082c1840386e22394e693201,1,0,32,-0.3200000000000001,0.18800000000000017,11,21,13,9,26,8,1,1.685486946020959,0.0,0,,random_actions,random_actions:panel_7:0:1027002:1
shared,shared,random_actions,0,30000,1,reference,panel_7,1027003,f918e475e8f4a7252d5968a98191386325d32a3509703336339c35dd9914704d,0,1,8,0.9199999999999999,1.0204,2,6,3,4,8,4,0,0.2264329200000006,0.0,0,,random_actions,random_actions:panel_7:0:1027003:0
shared,shared,random_actions,0,30000,1,reference,panel_7,1027003,f918e475e8f4a7252d5968a98191386325d32a3509703336339c35dd9914704d,1,1,19,0.8099999999999999,0.9632000000000001,7,12,7,6,19,7,0,0.6252346270850015,0.0,0,,random_actions,random_actions:panel_7:0:1027003:1
shared,shared,random_actions,0,30000,1,reference,panel_7,1027004,698cc392abd1bfa06b5d1907cb50b45e5bf99043b20f6cd805cb4ea8ce29647e,0,0,32,-0.3200000000000001,-0.01119999999999996,9,23,13,11,30,11,1,1.9538942103675818,0.0,0,,random_actions,random_actions:panel_7:0:1027004:0
shared,shared,random_actions,0,30000,1,reference,panel_7,1027004,698cc392abd1bfa06b5d1907cb50b45e5bf99043b20f6cd805cb4ea8ce29647e,1,0,32,-0.3200000000000001,0.0008000000000001894,8,24,18,7,29,12,1,1.9166625207371608,0.0,0,,random_actions,random_actions:panel_7:0:1027004:1
shared,shared,random_actions,0,30000,1,reference,panel_7,1027005,4d20d8f0dadcfae4249c8516c7790616ac8a5bdf2a5e258fd877852849506a29,0,0,32,-0.3200000000000001,-0.01839999999999986,8,24,13,12,30,12,1,1.961031858337161,0.0,0,,random_actions,random_actions:panel_7:0:1027005:0
shared,shared,random_actions,0,30000,1,reference,panel_7,1027005,4d20d8f0dadcfae4249c8516c7790616ac8a5bdf2a5e258fd877852849506a29,1,1,17,0.83,1.0356,3,14,6,9,17,9,0,0.49389654430000085,0.0,0,,random_actions,random_actions:panel_7:0:1027005:1
shared,shared,random_actions,0,30000,1,reference,panel_7,1027006,92ca69f4c13963e1d07ae6705c055ebf64ab0522e3ccdac981e99303f14ac7e1,0,1,30,0.7,0.8676000000000001,12,18,13,6,30,10,0,1.0598034100000024,0.0,0,,random_actions,random_actions:panel_7:0:1027006:0
shared,shared,random_actions,0,30000,1,reference,panel_7,1027006,92ca69f4c13963e1d07ae6705c055ebf64ab0522e3ccdac981e99303f14ac7e1,1,1,9,0.91,1.014,5,4,0,5,9,3,0,0.2637866500000007,0.0,0,,random_actions,random_actions:panel_7:0:1027006:1
shared,shared,random_actions,0,30000,1,reference,panel_7,1027007,57513b595a48f527341016b124d038ea7fc0fd338ddd592c233c25c4ef2f4284,0,1,7,0.9299999999999999,1.068,0,7,3,5,7,5,0,0.14944957810000037,0.0,0,,random_actions,random_actions:panel_7:0:1027007:0
shared,shared,random_actions,0,30000,1,reference,panel_7,1027007,57513b595a48f527341016b124d038ea7fc0fd338ddd592c233c25c4ef2f4284,1,0,32,-0.3200000000000001,-0.07639999999999983,12,20,14,7,30,9,1,2.0142112953000018,0.0,0,,random_actions,random_actions:panel_7:0:1027007:1
shared,shared,random_actions,0,30000,1,reference,panel_7,1027008,110196f3610c8cf8aaa3dc097be859f9311f3ebaea5cbd8be8e9643ba022cafe,0,1,5,0.95,1.0348,3,2,0,3,5,2,0,0.1191000000000002,0.0,0,,random_actions,random_actions:panel_7:0:1027008:0
shared,shared,random_actions,0,30000,1,reference,panel_7,1027008,110196f3610c8cf8aaa3dc097be859f9311f3ebaea5cbd8be8e9643ba022cafe,1,0,32,-0.3200000000000001,-0.0191999999999998,7,25,13,13,28,9,1,1.9125853606647656,0.0,0,,random_actions,random_actions:panel_7:0:1027008:1
shared,shared,random_actions,0,30000,1,reference,panel_7,1027009,d012ebc71560fbea842cf793a7c66f1821d355f3799b314d0f0d721d68b46306,0,0,32,-0.3200000000000001,0.002000000000000182,15,17,13,5,29,7,1,1.9153442328980015,0.0,0,,random_actions,random_actions:panel_7:0:1027009:0
shared,shared,random_actions,0,30000,1,reference,panel_7,1027009,d012ebc71560fbea842cf793a7c66f1821d355f3799b314d0f0d721d68b46306,1,1,21,0.7899999999999999,1.0232,7,14,4,11,21,9,0,0.6307389431570009,0.0,0,,random_actions,random_actions:panel_7:0:1027009:1
shared,shared,random_actions,0,30000,1,reference,panel_7,1027010,2c11ca94837c8aaab939d3e43d1f6cd8c292980e2cc67a46fc63f53065a8e8c2,0,0,32,-0.3200000000000001,0.13960000000000017,14,18,10,9,26,8,1,1.7270581807112766,0.0,0,,random_actions,random_actions:panel_7:0:1027010:0
shared,shared,random_actions,0,30000,1,reference,panel_7,1027010,2c11ca94837c8aaab939d3e43d1f6cd8c292980e2cc67a46fc63f53065a8e8c2,1,1,28,0.72,1.1376000000000002,12,16,7,10,28,11,0,0.7495105151761322,0.0,0,,random_actions,random_actions:panel_7:0:1027010:1
shared,shared,random_actions,0,30000,1,reference,panel_7,1027011,837ef3097c94e5943ba2e61b85a4b37d1f60d6e61bb465f8d08e52d74ffd5e22,0,0,32,-0.3200000000000001,0.1636000000000002,5,27,21,7,27,11,1,1.730026311028404,0.0,0,,random_actions,random_actions:panel_7:0:1027011:0
shared,shared,random_actions,0,30000,1,reference,panel_7,1027011,837ef3097c94e5943ba2e61b85a4b37d1f60d6e61bb465f8d08e52d74ffd5e22,1,0,32,-0.3200000000000001,0.13000000000000014,13,19,10,10,29,10,1,1.8035308049595669,0.0,0,,random_actions,random_actions:panel_7:0:1027011:1
shared,shared,random_actions,0,30000,1,reference,panel_7,1027012,223c7f0862c7584aa118ef169c028e35ff3d90e0f25519dfba0f26625a6d9595,0,0,32,-0.3200000000000001,0.13000000000000012,13,19,13,7,27,9,1,1.759977510466161,0.0,0,,random_actions,random_actions:panel_7:0:1027012:0
shared,shared,random_actions,0,30000,1,reference,panel_7,1027012,223c7f0862c7584aa118ef169c028e35ff3d90e0f25519dfba0f26625a6d9595,1,1,10,0.9,1.1724,4,6,0,7,10,6,0,0.1495178545570005,0.0,0,,random_actions,random_actions:panel_7:0:1027012:1
shared,shared,random_actions,0,30000,1,reference,panel_7,1027013,7948a96a7124719e8fac181cdde3a3f82b8fa34437e3239f0a7ebdb013684f03,0,0,32,-0.3200000000000001,-0.0011999999999999234,10,22,13,10,30,12,1,1.9446417640420015,0.0,0,,random_actions,random_actions:panel_7:0:1027013:0
shared,shared,random_actions,0,30000,1,reference,panel_7,1027013,7948a96a7124719e8fac181cdde3a3f82b8fa34437e3239f0a7ebdb013684f03,1,0,32,-0.3200000000000001,0.04080000000000013,12,20,13,8,30,10,1,1.9064487971941606,0.0,0,,random_actions,random_actions:panel_7:0:1027013:1
shared,shared,random_actions,0,30000,1,reference,panel_7,1027014,2b0c6428ba68946d5cf0f09a9d9cd153aad3561bb8d2fe4eb0e711880a9680b4,0,1,10,0.9,1.0392000000000001,3,7,4,4,10,5,0,0.2708254600000005,0.0,0,,random_actions,random_actions:panel_7:0:1027014:0
shared,shared,random_actions,0,30000,1,reference,panel_7,1027014,2b0c6428ba68946d5cf0f09a9d9cd153aad3561bb8d2fe4eb0e711880a9680b4,1,1,7,0.9299999999999999,1.0644,2,5,1,5,7,4,0,0.15288073000000046,0.0,0,,random_actions,random_actions:panel_7:0:1027014:1
shared,shared,random_actions,0,30000,1,reference,panel_7,1027015,053bb2818ab4e9b1feb1b8b7eaa39d1258a5049e8b5d8b4b4205e34a3e934f1b,0,0,32,-0.3200000000000001,-0.12959999999999994,7,25,17,9,29,10,1,2.0381843167000024,0.0,0,,random_actions,random_actions:panel_7:0:1027015:0
shared,shared,random_actions,0,30000,1,reference,panel_7,1027015,053bb2818ab4e9b1feb1b8b7eaa39d1258a5049e8b5d8b4b4205e34a3e934f1b,1,0,32,-0.3200000000000001,-0.03239999999999971,14,18,11,8,30,8,1,1.9780758633615383,0.0,0,,random_actions,random_actions:panel_7:0:1027015:1
shared,shared,random_actions,0,30000,1,reference,panel_7,1027016,bf6c10c0077eed282752f0ccd63b8278a0753e2c026067dbcf75fb059353f5a9,0,0,32,-0.3200000000000001,-0.020799999999999846,9,23,12,12,29,10,1,1.9355572155560012,0.0,0,,random_actions,random_actions:panel_7:0:1027016:0
shared,shared,random_actions,0,30000,1,reference,panel_7,1027016,bf6c10c0077eed282752f0ccd63b8278a0753e2c026067dbcf75fb059353f5a9,1,0,32,-0.3200000000000001,0.015200000000000158,7,25,18,8,28,10,1,1.8782116937158708,0.0,0,,random_actions,random_actions:panel_7:0:1027016:1
shared,shared,random_actions,0,30000,1,reference,panel_7,1027017,d8c02e02a029b92430a2ce41b99e60c39fdb5efe1143bc18e0ef1153307b69fc,0,0,32,-0.3200000000000001,-0.03399999999999981,13,19,13,7,29,9,1,1.9487009534000008,0.0,0,,random_actions,random_actions:panel_7:0:1027017:0
shared,shared,random_actions,0,30000,1,reference,panel_7,1027017,d8c02e02a029b92430a2ce41b99e60c39fdb5efe1143bc18e0ef1153307b69fc,1,1,7,0.9299999999999999,1.1056000000000001,1,6,2,5,7,5,0,0.11437173000000034,0.0,0,,random_actions,random_actions:panel_7:0:1027017:1
shared,shared,random_actions,0,30000,1,reference,panel_7,1027018,18d8feeb13a2783126d6c42f9f418cba73f73c2da33a21bfcf74df102829fbc0,0,0,32,-0.3200000000000001,-0.05479999999999978,9,23,17,7,29,9,1,1.9682551752990012,0.0,0,,random_actions,random_actions:panel_7:0:1027018:0
shared,shared,random_actions,0,30000,1,reference,panel_7,1027018,18d8feeb13a2783126d6c42f9f418cba73f73c2da33a21bfcf74df102829fbc0,1,0,32,-0.3200000000000001,-0.043999999999999845,7,25,14,12,28,10,1,1.937362738314524,0.0,0,,random_actions,random_actions:panel_7:0:1027018:1
shared,shared,random_actions,0,30000,1,reference,panel_7,1027019,d15f5530799bf5a5d3c80dd5964efd2302c836e4cc293ff8aa51bf52d0a8ed5e,0,0,32,-0.3200000000000001,0.0008000000000001201,7,25,12,14,31,13,1,1.9687584371917408,0.0,0,,random_actions,random_actions:panel_7:0:1027019:0
shared,shared,random_actions,0,30000,1,reference,panel_7,1027019,d15f5530799bf5a5d3c80dd5964efd2302c836e4cc293ff8aa51bf52d0a8ed5e,1,1,26,0.74,0.9972000000000001,10,16,11,6,26,10,0,0.8118677639140012,0.0,0,,random_actions,random_actions:panel_7:0:1027019:1
shared,shared,random_actions,0,30000,1,reference,panel_7,1027020,fd9bccd7248b73586bce9e4cc72393945bd75a122235eadd6fda9da7e18d9112,0,0,32,-0.3200000000000001,0.05960000000000021,23,9,6,4,26,3,1,1.80047999293493,0.0,0,,random_actions,random_actions:panel_7:0:1027020:0
shared,shared,random_actions,0,30000,1,reference,panel_7,1027020,fd9bccd7248b73586bce9e4cc72393945bd75a122235eadd6fda9da7e18d9112,1,0,32,-0.3200000000000001,0.03560000000000024,15,17,11,7,26,7,1,1.8222930913001465,0.0,0,,random_actions,random_actions:panel_7:0:1027020:1
shared,shared,random_actions,0,30000,1,reference,panel_7,1027021,dd4e522349bc129a3c2a97dd4221f34e84724a752a0ade146a5404e69e0869b1,0,1,1,0.99,1.03,0,1,0,2,1,1,0,0.0,0.0,0,,random_actions,random_actions:panel_7:0:1027021:0
shared,shared,random_actions,0,30000,1,reference,panel_7,1027021,dd4e522349bc129a3c2a97dd4221f34e84724a752a0ade146a5404e69e0869b1,1,1,1,0.99,1.03,0,1,0,2,1,1,0,0.0,0.0,0,,random_actions,random_actions:panel_7:0:1027021:1
shared,shared,random_actions,0,30000,1,reference,panel_7,1027022,45941248caa72858f998b56073ef7e238448a2963c601824946f5e518a88c1b2,0,1,2,0.98,1.0612,0,2,0,3,2,2,0,0.0,0.0,0,,random_actions,random_actions:panel_7:0:1027022:0
shared,shared,random_actions,0,30000,1,reference,panel_7,1027022,45941248caa72858f998b56073ef7e238448a2963c601824946f5e518a88c1b2,1,1,4,0.96,1.0436,2,2,0,3,4,2,0,0.07940000000000014,0.0,0,,random_actions,random_actions:panel_7:0:1027022:1
shared,shared,random_actions,0,30000,1,reference,panel_7,1027023,89084a242cdc635bead1f2e33b89f264b587f4d715cb4794977e4a2192ca298a,0,0,32,-0.3200000000000001,0.18800000000000014,4,28,21,8,27,12,1,1.7030027370255232,0.0,0,,random_actions,random_actions:panel_7:0:1027023:0
shared,shared,random_actions,0,30000,1,reference,panel_7,1027023,89084a242cdc635bead1f2e33b89f264b587f4d715cb4794977e4a2192ca298a,1,1,21,0.7899999999999999,1.1672,2,19,9,11,21,13,0,0.5043745063196658,0.0,0,,random_actions,random_actions:panel_7:0:1027023:1
shared,shared,random_actions,0,30000,1,reference,panel_7,1027024,378c0395672e1267d5a6b36454a81f1c6f961712a69449dd1f6d6c36717900e2,0,0,32,-0.3200000000000001,-0.056799999999999934,13,19,13,7,30,9,1,1.997483422400002,0.0,0,,random_actions,random_actions:panel_7:0:1027024:0
shared,shared,random_actions,0,30000,1,reference,panel_7,1027024,378c0395672e1267d5a6b36454a81f1c6f961712a69449dd1f6d6c36717900e2,1,1,17,0.83,1.0464,9,8,1,8,17,6,0,0.4834265824000007,0.0,0,,random_actions,random_actions:panel_7:0:1027024:1
shared,shared,random_actions,0,30000,1,reference,panel_7,1027025,3f1e332346c6a848c7db315f7a8d7d3a2237d0a9d492e86dbde4715246426def,0,1,5,0.95,1.0408,1,4,1,4,5,3,0,0.1132164600000003,0.0,0,,random_actions,random_actions:panel_7:0:1027025:0
shared,shared,random_actions,0,30000,1,reference,panel_7,1027025,3f1e332346c6a848c7db315f7a8d7d3a2237d0a9d492e86dbde4715246426def,1,1,16,0.84,0.9656,6,10,5,6,16,6,0,0.5287285700000014,0.0,0,,random_actions,random_actions:panel_7:0:1027025:1
shared,shared,random_actions,0,30000,1,reference,panel_7,1027026,aa6477a259bb2cd148262fdf206b2eb69a9316531b0518d9450b343632270361,0,0,32,-0.3200000000000001,0.07200000000000016,10,22,14,9,29,10,1,1.8545608400623637,0.0,0,,random_actions,random_actions:panel_7:0:1027026:0
shared,shared,random_actions,0,30000,1,reference,panel_7,1027026,aa6477a259bb2cd148262fdf206b2eb69a9316531b0518d9450b343632270361,1,0,32,-0.3200000000000001,-0.01799999999999985,15,17,10,8,29,9,1,1.9355060950570016,0.0,0,,random_actions,random_actions:panel_7:0:1027026:1
shared,shared,random_actions,0,30000,1,reference,panel_7,1027027,8b427d55dc34afcf77473357a2800d9fc91a88c79fea6c1c26eecec85a3467ef,0,1,26,0.74,1.0528000000000002,5,21,10,12,26,13,0,0.7615069756825812,0.0,0,,random_actions,random_actions:panel_7:0:1027027:0
shared,shared,random_actions,0,30000,1,reference,panel_7,1027027,8b427d55dc34afcf77473357a2800d9fc91a88c79fea6c1c26eecec85a3467ef,1,0,32,-0.3200000000000001,0.09600000000000011,13,19,13,7,27,8,1,1.7899792206822045,0.0,0,,random_actions,random_actions:panel_7:0:1027027:1
shared,shared,random_actions,0,30000,1,reference,panel_7,1027028,e0ccd874f41cdbac3ac4095a756b2f102e7cd255c6d1b9ea6b4f124536baa61e,0,1,1,0.99,1.03,0,1,0,2,1,1,0,0.0,0.0,0,,random_actions,random_actions:panel_7:0:1027028:0
shared,shared,random_actions,0,30000,1,reference,panel_7,1027028,e0ccd874f41cdbac3ac4095a756b2f102e7cd255c6d1b9ea6b4f124536baa61e,1,1,1,0.99,1.03,0,1,0,2,1,1,0,0.0,0.0,0,,random_actions,random_actions:panel_7:0:1027028:1
shared,shared,random_actions,0,30000,1,reference,panel_7,1027029,e99ca19c42b79b983cdcd85d0875e8c3bd4e14a7f9838a245942acc6b5f112a9,0,1,32,0.6799999999999999,0.9636000000000001,10,22,12,11,32,13,0,1.031887959985001,0.0,0,,random_actions,random_actions:panel_7:0:1027029:0
shared,shared,random_actions,0,30000,1,reference,panel_7,1027029,e99ca19c42b79b983cdcd85d0875e8c3bd4e14a7f9838a245942acc6b5f112a9,1,0,32,-0.3200000000000001,-0.009999999999999926,15,17,7,11,28,8,1,1.9038658211270012,0.0,0,,random_actions,random_actions:panel_7:0:1027029:1
shared,shared,random_actions,0,30000,1,reference,panel_7,1027030,d26106348fe2a7e51295262b43acc287d457d673382e3d29c33a39c2a6e2fe2b,0,1,27,0.73,1.12,3,24,9,16,27,15,0,0.733287983171074,0.0,0,,random_actions,random_actions:panel_7:0:1027030:0
shared,shared,random_actions,0,30000,1,reference,panel_7,1027030,d26106348fe2a7e51295262b43acc287d457d673382e3d29c33a39c2a6e2fe2b,1,0,32,-0.3200000000000001,0.14680000000000015,5,27,21,7,27,11,1,1.74326357165093,0.0,0,,random_actions,random_actions:panel_7:0:1027030:1
shared,shared,random_actions,0,30000,1,reference,panel_7,1027031,a722b993bc5b4f7c9feff17d8b0ae848b9909a7ddd3581c8e9a568c387943944,0,0,32,-0.3200000000000001,0.003200000000000147,10,22,10,13,27,8,1,1.8682308560042915,0.0,0,,random_actions,random_actions:panel_7:0:1027031:0
shared,shared,random_actions,0,30000,1,reference,panel_7,1027031,a722b993bc5b4f7c9feff17d8b0ae848b9909a7ddd3581c8e9a568c387943944,1,0,32,-0.3200000000000001,0.003200000000000147,8,24,13,12,28,11,1,1.8948222501105814,0.0,0,,random_actions,random_actions:panel_7:0:1027031:1
shared,shared,random_actions,0,30000,1,reference,panel_7,1027032,3ec06c82b1292d37fbdf75bcfab8254bb72507c28f2113cf14347291f9677c4e,0,0,32,-0.3200000000000001,-0.0739999999999999,15,17,12,6,32,9,1,2.066618123028002,0.0,0,,random_actions,random_actions:panel_7:0:1027032:0
shared,shared,random_actions,0,30000,1,reference,panel_7,1027032,3ec06c82b1292d37fbdf75bcfab8254bb72507c28f2113cf14347291f9677c4e,1,1,8,0.9199999999999999,1.0568,1,7,1,7,8,5,0,0.19142546000000038,0.0,0,,random_actions,random_actions:panel_7:0:1027032:1
shared,shared,random_actions,0,30000,1,reference,panel_7,1027033,a391cd7bea7ba3ce4212fbb3f9efc6f33f30f459e0c54d56367e89116f07e018,0,1,6,0.94,1.072,1,5,2,4,6,4,0,0.11437173000000034,0.0,0,,random_actions,random_actions:panel_7:0:1027033:0
shared,shared,random_actions,0,30000,1,reference,panel_7,1027033,a391cd7bea7ba3ce4212fbb3f9efc6f33f30f459e0c54d56367e89116f07e018,1,1,13,0.87,1.0356,0,13,5,9,13,8,0,0.3680025169570007,0.0,0,,random_actions,random_actions:panel_7:0:1027033:1
shared,shared,random_actions,0,30000,1,reference,panel_7,1027034,2a83a1463a6e303cf523476bac7fccb641f8b79dc39372c93b11152cef5016a6,0,1,13,0.87,1.06,1,12,6,7,13,8,0,0.3455675781000006,0.0,0,,random_actions,random_actions:panel_7:0:1027034:0
shared,shared,random_actions,0,30000,1,reference,panel_7,1027034,2a83a1463a6e303cf523476bac7fccb641f8b79dc39372c93b11152cef5016a6,1,0,32,-0.3200000000000001,0.004400000000000209,4,28,17,12,31,14,1,1.966713786238611,0.0,0,,random_actions,random_actions:panel_7:0:1027034:1
shared,shared,random_actions,0,30000,1,reference,panel_7,1027035,d065a0ce648756f01417dc38b2aaad369796bae2d6fca48903fe38b911e80786,0,0,32,-0.3200000000000001,-0.0919999999999999,12,20,12,9,31,10,1,2.0547610929000024,0.0,0,,random_actions,random_actions:panel_7:0:1027035:0
shared,shared,random_actions,0,30000,1,reference,panel_7,1027035,d065a0ce648756f01417dc38b2aaad369796bae2d6fca48903fe38b911e80786,1,0,32,-0.3200000000000001,-0.07639999999999986,12,20,15,6,30,9,1,2.014176637200002,0.0,0,,random_actions,random_actions:panel_7:0:1027035:1
shared,shared,random_actions,0,30000,1,reference,panel_7,1027036,bf2284901ccb5da0d21870a3b6cda1b131dda48e7f90d56d8d94b36c21d34049,0,1,29,0.71,0.9428000000000001,12,17,9,9,29,10,0,0.9574831909318708,0.0,0,,random_actions,random_actions:panel_7:0:1027036:0
shared,shared,random_actions,0,30000,1,reference,panel_7,1027036,bf2284901ccb5da0d21870a3b6cda1b131dda48e7f90d56d8d94b36c21d34049,1,0,32,-0.3200000000000001,-0.031999999999999834,13,19,13,7,27,7,1,1.896749059094161,0.0,0,,random_actions,random_actions:panel_7:0:1027036:1
shared,shared,random_actions,0,30000,1,reference,panel_7,1027037,b7e2d056e37b6f32cc6ef4382fa6e0d14d0b8ef9ffb4437396a91bfc1f3bf45e,0,1,17,0.83,1.2304000000000002,5,12,3,10,17,10,0,0.32380248504946385,0.0,0,,random_actions,random_actions:panel_7:0:1027037:0
shared,shared,random_actions,0,30000,1,reference,panel_7,1027037,b7e2d056e37b6f32cc6ef4382fa6e0d14d0b8ef9ffb4437396a91bfc1f3bf45e,1,0,32,-0.3200000000000001,0.2580000000000003,17,15,9,7,28,8,1,1.6692157602483535,0.0,0,,random_actions,random_actions:panel_7:0:1027037:1
shared,shared,random_actions,0,30000,1,reference,panel_7,1027038,d3b581b0e5a81a7cc1d71ac70105b3fa664e6167b880f6e49acf4994d3f2d4d9,0,1,9,0.91,1.1872,3,6,0,7,9,6,0,0.10438398993429021,0.0,0,,random_actions,random_actions:panel_7:0:1027038:0
shared,shared,random_actions,0,30000,1,reference,panel_7,1027038,d3b581b0e5a81a7cc1d71ac70105b3fa664e6167b880f6e49acf4994d3f2d4d9,1,0,32,-0.3200000000000001,0.044800000000000076,11,21,12,10,31,12,1,1.9316461571682049,0.0,0,,random_actions,random_actions:panel_7:0:1027038:1
shared,shared,random_actions,0,30000,1,reference,panel_7,1027039,8cd23488f693821c17623421e65cd8f4e0a3c34636abf1bc11f65a1b3ece9601,0,1,1,0.99,1.03,0,1,0,2,1,1,0,0.0,0.0,0,,random_actions,random_actions:panel_7:0:1027039:0
shared,shared,random_actions,0,30000,1,reference,panel_7,1027039,8cd23488f693821c17623421e65cd8f4e0a3c34636abf1bc11f65a1b3ece9601,1,1,1,0.99,1.03,0,1,0,2,1,1,0,0.0,0.0,0,,random_actions,random_actions:panel_7:0:1027039:1
shared,shared,random_actions,0,30000,1,reference,panel_7,1027040,975585e97044fdfb4a00fde6a8c5dd7085d280e71c37fceba0941d060fa783e2,0,1,16,0.84,0.9972000000000001,3,13,7,7,16,8,0,0.49837792000000114,0.0,0,,random_actions,random_actions:panel_7:0:1027040:0
shared,shared,random_actions,0,30000,1,reference,panel_7,1027040,975585e97044fdfb4a00fde6a8c5dd7085d280e71c37fceba0941d060fa783e2,1,1,28,0.72,0.9336000000000001,13,15,7,9,28,9,0,0.9344640087280022,0.0,0,,random_actions,random_actions:panel_7:0:1027040:1
shared,shared,random_actions,0,30000,1,reference,panel_7,1027041,eebbd74af6dbdccb3a7d1cf7d61b804e5b2f0974c1ac0d765fee9a8c404dc77e,0,0,32,-0.3200000000000001,0.11520000000000019,11,21,13,9,28,9,1,1.7988013139423644,0.0,0,,random_actions,random_actions:panel_7:0:1027041:0
shared,shared,random_actions,0,30000,1,reference,panel_7,1027041,eebbd74af6dbdccb3a7d1cf7d61b804e5b2f0974c1ac0d765fee9a8c404dc77e,1,0,32,-0.3200000000000001,0.09240000000000015,9,23,17,7,27,9,1,1.7857607074411757,0.0,0,,random_actions,random_actions:panel_7:0:1027041:1
shared,shared,random_actions,0,30000,1,reference,panel_7,1027042,e32fdf9aa15d15b4b482f6274843a9c8bff3d73b544d17390ed7d97ec623105e,0,1,9,0.91,1.0068000000000001,7,2,0,3,9,2,0,0.2707540000000008,0.0,0,,random_actions,random_actions:panel_7:0:1027042:0
shared,shared,random_actions,0,30000,1,reference,panel_7,1027042,e32fdf9aa15d15b4b482f6274843a9c8bff3d73b544d17390ed7d97ec623105e,1,1,22,0.7799999999999999,0.9020000000000001,10,12,8,5,22,7,0,0.7773260000000016,0.0,0,,random_actions,random_actions:panel_7:0:1027042:1
shared,shared,random_actions,0,30000,1,reference,panel_7,1027043,a4b2f026933cc5b4181935b252938d66f889429fc7eea6b5ae47ada163d01441,0,0,32,-0.3200000000000001,-0.10159999999999995,18,14,9,6,30,7,1,2.0369376000000026,0.0,0,,random_actions,random_actions:panel_7:0:1027043:0
shared,shared,random_actions,0,30000,1,reference,panel_7,1027043,a4b2f026933cc5b4181935b252938d66f889429fc7eea6b5ae47ada163d01441,1,1,12,0.88,1.03,7,5,1,5,12,4,0,0.3420313800000008,0.0,0,,random_actions,random_actions:panel_7:0:1027043:1
shared,shared,random_actions,0,30000,1,reference,panel_7,1027044,4ad4fc5cf54acb631a6f9e6afccd593b08ad89b8084ac7ca29f11eb1660d79be,0,1,3,0.97,1.0536,1,2,0,3,3,2,0,0.038509000000000126,0.0,0,,random_actions,random_actions:panel_7:0:1027044:0
shared,shared,random_actions,0,30000,1,reference,panel_7,1027044,4ad4fc5cf54acb631a6f9e6afccd593b08ad89b8084ac7ca29f11eb1660d79be,1,1,14,0.86,0.982,6,8,2,7,14,5,0,0.45069500430000087,0.0,0,,random_actions,random_actions:panel_7:0:1027044:1
shared,shared,random_actions,0,30000,1,reference,panel_7,1027045,0e318e92b514b66bf231a9f084a1793275fa703f2be5a646f76a0acfcf9e7123,0,0,32,-0.3200000000000001,-0.06799999999999996,9,23,15,9,31,11,1,2.033565123156002,0.0,0,,random_actions,random_actions:panel_7:0:1027045:0
shared,shared,random_actions,0,30000,1,reference,panel_7,1027045,0e318e92b514b66bf231a9f084a1793275fa703f2be5a646f76a0acfcf9e7123,1,0,32,-0.3200000000000001,-0.08600000000000001,9,23,18,6,31,11,1,2.0501032431570025,0.0,0,,random_actions,random_actions:panel_7:0:1027045:1
shared,shared,random_actions,0,30000,1,reference,panel_7,1027046,34efd1c59bff8eb413b2b90dd3d6d5b031d8709374ea5cb5910681c90e3949a6,0,0,32,-0.3200000000000001,-0.13240000000000002,8,24,13,12,27,8,1,1.9950649558091613,0.0,0,,random_actions,random_actions:panel_7:0:1027046:0
shared,shared,random_actions,0,30000,1,reference,panel_7,1027046,34efd1c59bff8eb413b2b90dd3d6d5b031d8709374ea5cb5910681c90e3949a6,1,1,2,0.98,1.0212,1,1,0,2,2,1,0,0.03970000000000007,0.0,0,,random_actions,random_actions:panel_7:0:1027046:1
shared,shared,random_actions,0,30000,1,reference,panel_7,1027047,51c8cc0de2497ab6fe8edc0fe5a0465065680cb1e3116070e0fba88c8c66b372,0,0,32,-0.3200000000000001,0.11680000000000015,11,21,14,8,29,10,1,1.8119045986739446,0.0,0,,random_actions,random_actions:panel_7:0:1027047:0
shared,shared,random_actions,0,30000,1,reference,panel_7,1027047,51c8cc0de2497ab6fe8edc0fe5a0465065680cb1e3116070e0fba88c8c66b372,1,0,32,-0.3200000000000001,0.13720000000000016,11,21,13,9,29,11,1,1.7983528025181328,0.0,0,,random_actions,random_actions:panel_7:0:1027047:1
shared,shared,random_actions,0,30000,1,reference,panel_7,1027048,ec635df63f4c46cac4a618528a1e84fcd94a577c4c8e5fdae8051c45475c95d3,0,0,32,-0.3200000000000001,0.16040000000000013,9,23,14,10,27,10,1,1.7282199304861021,0.0,0,,random_actions,random_actions:panel_7:0:1027048:0
shared,shared,random_actions,0,30000,1,reference,panel_7,1027048,ec635df63f4c46cac4a618528a1e84fcd94a577c4c8e5fdae8051c45475c95d3,1,0,32,-0.3200000000000001,0.17480000000000018,6,26,15,12,26,10,1,1.6939546550697542,0.0,0,,random_actions,random_actions:panel_7:0:1027048:1
shared,shared,random_actions,0,30000,1,reference,panel_7,1027049,0a382b94585a6d0cebfcb2cd29d409e9dbffea86679b06f20de5bd6f61bff9a6,0,0,32,-0.3200000000000001,-0.14079999999999981,13,19,9,11,28,6,1,2.0323632363140014,0.0,0,,random_actions,random_actions:panel_7:0:1027049:0
shared,shared,random_actions,0,30000,1,reference,panel_7,1027049,0a382b94585a6d0cebfcb2cd29d409e9dbffea86679b06f20de5bd6f61bff9a6,1,0,32,-0.3200000000000001,-0.20679999999999998,12,20,17,4,30,8,1,2.1384306500000028,0.0,0,,random_actions,random_actions:panel_7:0:1027049:1
shared,shared,random_actions,0,30000,1,reference,panel_7,1027050,6d2ad8010e4abfb05b97553c127a3ef3cb27c4b0bba9c08b3e209d7d50cce81b,0,1,14,0.86,1.01,3,11,7,5,14,7,0,0.42370619000000076,0.0,0,,random_actions,random_actions:panel_7:0:1027050:0
shared,shared,random_actions,0,30000,1,reference,panel_7,1027050,6d2ad8010e4abfb05b97553c127a3ef3cb27c4b0bba9c08b3e209d7d50cce81b,1,1,19,0.8099999999999999,0.9696,6,13,9,5,19,8,0,0.6186689200000012,0.0,0,,random_actions,random_actions:panel_7:0:1027050:1
shared,shared,random_actions,0,30000,1,reference,panel_7,1027051,ebe78dd83e9a1a37a1cf9d9a5edc01c8191f6190be1e3d0017b6b2e3535681c2,0,0,32,-0.3200000000000001,0.0652000000000001,11,21,12,10,31,12,1,1.9119932464371607,0.0,0,,random_actions,random_actions:panel_7:0:1027051:0
shared,shared,random_actions,0,30000,1,reference,panel_7,1027051,ebe78dd83e9a1a37a1cf9d9a5edc01c8191f6190be1e3d0017b6b2e3535681c2,1,0,32,-0.3200000000000001,0.09520000000000012,15,17,10,8,27,8,1,1.7848896104284513,0.0,0,,random_actions,random_actions:panel_7:0:1027051:1
shared,shared,random_actions,0,30000,1,reference,panel_7,1027052,c14719ae81f83f92336d08d9aabdbcdc46fd281b06279c5494c47ca7462ac3ac,0,0,32,-0.3200000000000001,0.1120000000000001,13,19,13,7,28,9,1,1.7972777778158995,0.0,0,,random_actions,random_actions:panel_7:0:1027052:0
shared,shared,random_actions,0,30000,1,reference,panel_7,1027052,c14719ae81f83f92336d08d9aabdbcdc46fd281b06279c5494c47ca7462ac3ac,1,1,24,0.7599999999999999,1.102,6,18,9,10,24,12,0,0.6548092622052911,0.0,0,,random_actions,random_actions:panel_7:0:1027052:1
shared,shared,random_actions,0,30000,1,reference,panel_7,1027053,03214c0c82b877b21734be3b6afab6e0c4b9e8ca280f18977fe52b2dfdf6f7d7,0,0,32,-0.3200000000000001,-0.08239999999999996,5,27,20,8,31,13,1,2.0469462368280027,0.0,0,,random_actions,random_actions:panel_7:0:1027053:0
shared,shared,random_actions,0,30000,1,reference,panel_7,1027053,03214c0c82b877b21734be3b6afab6e0c4b9e8ca280f18977fe52b2dfdf6f7d7,1,1,22,0.7799999999999999,0.9816,7,15,8,8,22,9,0,0.7009608041710016,0.0,0,,random_actions,random_actions:panel_7:0:1027053:1
shared,shared,random_actions,0,30000,1,reference,panel_7,1027054,491e7a8a63571525e5e2079c8d16defb9eba34f1594ddd6fef35ecf3621a2eb4,0,1,9,0.91,0.9692000000000001,2,7,2,6,9,4,0,0.3081434600000006,0.0,0,,random_actions,random_actions:panel_7:0:1027054:0
shared,shared,random_actions,0,30000,1,reference,panel_7,1027054,491e7a8a63571525e5e2079c8d16defb9eba34f1594ddd6fef35ecf3621a2eb4,1,1,20,0.7999999999999999,0.8868,9,11,5,7,20,6,0,0.7306229200000017,0.0,0,,random_actions,random_actions:panel_7:0:1027054:1
shared,shared,random_actions,0,30000,1,reference,panel_7,1027055,a170fda2e55eaa8c31cc045e9c9d92015cc808da40efd4c9a71bdb4d14b4289b,0,0,32,-0.3200000000000001,-0.05239999999999978,10,22,17,6,30,10,1,1.9929491285850007,0.0,0,,random_actions,random_actions:panel_7:0:1027055:0
shared,shared,random_actions,0,30000,1,reference,panel_7,1027055,a170fda2e55eaa8c31cc045e9c9d92015cc808da40efd4c9a71bdb4d14b4289b,1,1,10,0.9,1.0344,5,5,2,4,10,4,0,0.2755180000000005,0.0,0,,random_actions,random_actions:panel_7:0:1027055:1
shared,shared,random_actions,0,30000,1,reference,panel_7,1027056,26b4b3046f89d51fa4b9347b370fb317a68e9997afed2170a17a4e90fbf91f9f,0,1,4,0.96,1.0436,2,2,0,3,4,2,0,0.07940000000000014,0.0,0,,random_actions,random_actions:panel_7:0:1027056:0
shared,shared,random_actions,0,30000,1,reference,panel_7,1027056,26b4b3046f89d51fa4b9347b370fb317a68e9997afed2170a17a4e90fbf91f9f,1,0,32,-0.3200000000000001,-0.07559999999999995,15,17,10,8,27,5,1,1.939776173344872,0.0,0,,random_actions,random_actions:panel_7:0:1027056:1
shared,shared,random_actions,0,30000,1,reference,panel_7,1027057,d8a9a0909aa749d2742665fb148ffca36be2fb5f84814545f5bba09eb55f53b0,0,1,4,0.96,1.0472000000000001,0,4,0,5,4,3,0,0.07586273000000021,0.0,0,,random_actions,random_actions:panel_7:0:1027057:0
shared,shared,random_actions,0,30000,1,reference,panel_7,1027057,d8a9a0909aa749d2742665fb148ffca36be2fb5f84814545f5bba09eb55f53b0,1,1,13,0.87,0.9848,1,12,7,6,13,7,0,0.41666738000000114,0.0,0,,random_actions,random_actions:panel_7:0:1027057:1
shared,shared,random_actions,0,30000,1,reference,panel_7,1027058,b36ec231395dea5a97c5541891321d91cfd1ed26fa61bec3745527b41a0249ff,0,0,32,-0.3200000000000001,0.04800000000000018,11,21,12,10,30,11,1,1.9001266216178427,0.0,0,,random_actions,random_actions:panel_7:0:1027058:0
shared,shared,random_actions,0,30000,1,reference,panel_7,1027058,b36ec231395dea5a97c5541891321d91cfd1ed26fa61bec3745527b41a0249ff,1,0,32,-0.3200000000000001,0.08040000000000011,18,14,12,3,27,5,1,1.7982551547211902,0.0,0,,random_actions,random_actions:panel_7:0:1027058:1
shared,shared,random_actions,0,30000,1,reference,panel_7,1027059,32c3b8073806a69d28c50164d8f5840930e5413115efb302c8ba4b3fe4b8e650,0,0,32,-0.3200000000000001,-0.02879999999999991,6,26,15,12,28,11,1,1.923044696200002,0.0,0,,random_actions,random_actions:panel_7:0:1027059:0
shared,shared,random_actions,0,30000,1,reference,panel_7,1027059,32c3b8073806a69d28c50164d8f5840930e5413115efb302c8ba4b3fe4b8e650,1,1,18,0.82,1.0944,3,15,4,12,18,10,0,0.47143817790529086,0.0,0,,random_actions,random_actions:panel_7:0:1027059:1
shared,shared,random_actions,0,30000,1,reference,panel_7,1027060,dc040639dd17428c5eda669212c74b6249b9770ac40cafd5bd4ab3a43c8ab64f,0,0,32,-0.3200000000000001,-0.08839999999999992,8,24,15,10,30,11,1,2.0257661391000017,0.0,0,,random_actions,random_actions:panel_7:0:1027060:0
shared,shared,random_actions,0,30000,1,reference,panel_7,1027060,dc040639dd17428c5eda669212c74b6249b9770ac40cafd5bd4ab3a43c8ab64f,1,0,32,-0.3200000000000001,0.05200000000000021,16,16,11,6,27,5,1,1.8381507943036768,0.0,0,,random_actions,random_actions:panel_7:0:1027060:1
shared,shared,random_actions,0,30000,1,reference,panel_7,1027061,42ae697ff76b45c155e69733d4dbc31d140771b09bf230913771909daa121ace,0,0,32,-0.3200000000000001,0.008800000000000141,8,24,9,16,25,7,1,1.8187986532980278,0.0,0,,random_actions,random_actions:panel_7:0:1027061:0
shared,shared,random_actions,0,30000,1,reference,panel_7,1027061,42ae697ff76b45c155e69733d4dbc31d140771b09bf230913771909daa121ace,1,1,20,0.7999999999999999,0.9704,7,13,7,7,20,8,0,0.6490888862000014,0.0,0,,random_actions,random_actions:panel_7:0:1027061:1
shared,shared,random_actions,0,30000,1,reference,panel_7,1027062,5bef8c9ddd4aeb6cd6948f358062c5cbf2a2bbd167ae4a6fb673425157a2c4a9,0,0,32,-0.3200000000000001,0.22400000000000028,13,19,14,6,26,8,1,1.6620193163162562,0.0,0,,random_actions,random_actions:panel_7:0:1027062:0
shared,shared,random_actions,0,30000,1,reference,panel_7,1027062,5bef8c9ddd4aeb6cd6948f358062c5cbf2a2bbd167ae4a6fb673425157a2c4a9,1,0,32,-0.3200000000000001,0.17360000000000017,21,11,4,8,30,7,1,1.7913611437897043,0.0,0,,random_actions,random_actions:panel_7:0:1027062:1
shared,shared,random_actions,0,30000,1,reference,panel_7,1027063,218e797fcce2740a24cbc185dde4e354dc91adc21b5aace16a42ee5123c3110c,0,0,32,-0.3200000000000001,0.07000000000000009,7,25,12,14,28,11,1,1.8322734292255811,0.0,0,,random_actions,random_actions:panel_7:0:1027063:0
shared,shared,random_actions,0,30000,1,reference,panel_7,1027063,218e797fcce2740a24cbc185dde4e354dc91adc21b5aace16a42ee5123c3110c,1,0,32,-0.3200000000000001,0.1216000000000001,15,17,12,6,29,8,1,1.8127652499047704,0.0,0,,random_actions,random_actions:panel_7:0:1027063:1
shared,shared,random_actions,1,30000,1,reference,panel_7,1027000,92f9dee48e9cac138f7ff62459eec3bd554a2183715b70404faa23ffe608b9cd,0,0,32,-0.3200000000000001,0.09400000000000013,12,20,10,11,29,10,1,1.8345448216183198,0.0,0,,random_actions,random_actions:panel_7:1:1027000:0
shared,shared,random_actions,1,30000,1,reference,panel_7,1027000,92f9dee48e9cac138f7ff62459eec3bd554a2183715b70404faa23ffe608b9cd,1,0,32,-0.3200000000000001,0.08560000000000012,11,21,13,9,27,8,1,1.7861773367550309,0.0,0,,random_actions,random_actions:panel_7:1:1027000:1
shared,shared,random_actions,1,30000,1,reference,panel_7,1027001,713bfcf2314371695d704f06cb5562a7c0bf452df0ad5055c67866595774ea25,0,0,32,-0.3200000000000001,0.2832000000000003,8,24,17,8,24,8,1,1.5568660052471353,0.0,0,,random_actions,random_actions:panel_7:1:1027001:0
shared,shared,random_actions,1,30000,1,reference,panel_7,1027001,713bfcf2314371695d704f06cb5562a7c0bf452df0ad5055c67866595774ea25,1,0,32,-0.3200000000000001,0.26040000000000024,5,27,17,11,27,12,1,1.642803830689121,0.0,0,,random_actions,random_actions:panel_7:1:1027001:1
shared,shared,random_actions,1,30000,1,reference,panel_7,1027002,054b24cb98b6fd40dac88f785f71b575a9417073082c1840386e22394e693201,0,0,32,-0.3200000000000001,0.1832000000000002,16,16,9,8,27,7,1,1.7040254892501314,0.0,0,,random_actions,random_actions:panel_7:1:1027002:0
shared,shared,random_actions,1,30000,1,reference,panel_7,1027002,054b24cb98b6fd40dac88f785f71b575a9417073082c1840386e22394e693201,1,0,32,-0.3200000000000001,0.18440000000000012,3,29,21,9,28,13,1,1.7379343064891901,0.0,0,,random_actions,random_actions:panel_7:1:1027002:1
shared,shared,random_actions,1,30000,1,reference,panel_7,1027003,f918e475e8f4a7252d5968a98191386325d32a3509703336339c35dd9914704d,0,0,32,-0.3200000000000001,-0.10799999999999982,16,16,13,4,29,7,1,2.0190593673280017,0.0,0,,random_actions,random_actions:panel_7:1:1027003:0
shared,shared,random_actions,1,30000,1,reference,panel_7,1027003,f918e475e8f4a7252d5968a98191386325d32a3509703336339c35dd9914704d,1,0,32,-0.3200000000000001,-0.05759999999999965,17,15,9,7,27,4,1,1.9324221364594938,0.0,0,,random_actions,random_actions:panel_7:1:1027003:1
shared,shared,random_actions,1,30000,1,reference,panel_7,1027004,698cc392abd1bfa06b5d1907cb50b45e5bf99043b20f6cd805cb4ea8ce29647e,0,0,32,-0.3200000000000001,0.01520000000000013,11,21,15,7,29,9,1,1.9087550349260018,0.0,0,,random_actions,random_actions:panel_7:1:1027004:0
shared,shared,random_actions,1,30000,1,reference,panel_7,1027004,698cc392abd1bfa06b5d1907cb50b45e5bf99043b20f6cd805cb4ea8ce29647e,1,1,31,0.69,0.9724000000000002,7,24,15,10,31,14,0,0.9922521398545812,0.0,0,,random_actions,random_actions:panel_7:1:1027004:1
shared,shared,random_actions,1,30000,1,reference,panel_7,1027005,4d20d8f0dadcfae4249c8516c7790616ac8a5bdf2a5e258fd877852849506a29,0,0,32,-0.3200000000000001,-0.008799999999999801,7,25,12,14,32,14,1,2.007147103193712,0.0,0,,random_actions,random_actions:panel_7:1:1027005:0
shared,shared,random_actions,1,30000,1,reference,panel_7,1027005,4d20d8f0dadcfae4249c8516c7790616ac8a5bdf2a5e258fd877852849506a29,1,1,15,0.85,1.0916000000000001,1,14,6,9,15,9,0,0.37938679811891385,0.0,0,,random_actions,random_actions:panel_7:1:1027005:1
shared,shared,random_actions,1,30000,1,reference,panel_7,1027006,92ca69f4c13963e1d07ae6705c055ebf64ab0522e3ccdac981e99303f14ac7e1,0,0,32,-0.3200000000000001,-0.1379999999999999,12,20,15,6,31,9,1,2.1000630805000027,0.0,0,,random_actions,random_actions:panel_7:1:1027006:0
shared,shared,random_actions,1,30000,1,reference,panel_7,1027006,92ca69f4c13963e1d07ae6705c055ebf64ab0522e3ccdac981e99303f14ac7e1,1,1,6,0.94,1.0284,0,6,2,5,6,4,0,0.15641800000000017,0.0,0,,random_actions,random_actions:panel_7:1:1027006:1
shared,shared,random_actions,1,30000,1,reference,panel_7,1027007,57513b595a48f527341016b124d038ea7fc0fd338ddd592c233c25c4ef2f4284,0,1,16,0.84,1.0236,5,11,4,8,16,7,0,0.47340727227100077,0.0,0,,random_actions,random_actions:panel_7:1:1027007:0
shared,shared,random_actions,1,30000,1,reference,panel_7,1027007,57513b595a48f527341016b124d038ea7fc0fd338ddd592c233c25c4ef2f4284,1,0,32,-0.3200000000000001,-0.08479999999999996,4,28,18,11,29,13,1,1.996244164800002,0.0,0,,random_actions,random_actions:panel_7:1:1027007:1
shared,shared,random_actions,1,30000,1,reference,panel_7,1027008,110196f3610c8cf8aaa3dc097be859f9311f3ebaea5cbd8be8e9643ba022cafe,0,1,8,0.9199999999999999,1.0168000000000001,4,4,1,4,8,3,0,0.22993446000000062,0.0,0,,random_actions,random_actions:panel_7:1:1027008:0
shared,shared,random_actions,1,30000,1,reference,panel_7,1027008,110196f3610c8cf8aaa3dc097be859f9311f3ebaea5cbd8be8e9643ba022cafe,1,1,13,0.87,0.9788,5,8,5,4,13,5,0,0.42251519000000104,0.0,0,,random_actions,random_actions:panel_7:1:1027008:1
shared,shared,random_actions,1,30000,1,reference,panel_7,1027009,d012ebc71560fbea842cf793a7c66f1821d355f3799b314d0f0d721d68b46306,0,0,32,-0.3200000000000001,-0.03519999999999984,14,18,13,6,29,8,1,1.9521289539140017,0.0,0,,random_actions,random_actions:panel_7:1:1027009:0
shared,shared,random_actions,1,30000,1,reference,panel_7,1027009,d012ebc71560fbea842cf793a7c66f1821d355f3799b314d0f0d721d68b46306,1,0,32,-0.3200000000000001,-0.012399999999999828,11,21,16,6,28,9,1,1.9024006433990006,0.0,0,,random_actions,random_actions:panel_7:1:1027009:1
shared,shared,random_actions,1,30000,1,reference,panel_7,1027010,2c11ca94837c8aaab939d3e43d1f6cd8c292980e2cc67a46fc63f53065a8e8c2,0,0,32,-0.3200000000000001,0.1588000000000002,12,20,14,7,27,9,1,1.7310490632530122,0.0,0,,random_actions,random_actions:panel_7:1:1027010:0
shared,shared,random_actions,1,30000,1,reference,panel_7,1027010,2c11ca94837c8aaab939d3e43d1f6cd8c292980e2cc67a46fc63f53065a8e8c2,1,1,29,0.71,1.0904,7,22,9,14,29,14,0,0.8236822678137256,0.0,0,,random_actions,random_actions:panel_7:1:1027010:1
shared,shared,random_actions,1,30000,1,reference,panel_7,1027011,837ef3097c94e5943ba2e61b85a4b37d1f60d6e61bb465f8d08e52d74ffd5e22,0,1,24,0.7599999999999999,1.1464,8,16,5,12,24,11,0,0.6156937656698992,0.0,0,,random_actions,random_actions:panel_7:1:1027011:0
shared,shared,random_actions,1,30000,1,reference,panel_7,1027011,837ef3097c94e5943ba2e61b85a4b37d1f60d6e61bb465f8d08e52d74ffd5e22,1,0,32,-0.3200000000000001,0.1432000000000002,11,21,11,11,29,10,1,1.793520936865563,0.0,0,,random_actions,random_actions:panel_7:1:1027011:1
shared,shared,random_actions,1,30000,1,reference,panel_7,1027012,223c7f0862c7584aa118ef169c028e35ff3d90e0f25519dfba0f26625a6d9595,0,0,32,-0.3200000000000001,0.06400000000000011,18,14,8,7,32,9,1,1.941511024602871,0.0,0,,random_actions,random_actions:panel_7:1:1027012:0
shared,shared,random_actions,1,30000,1,reference,panel_7,1027012,223c7f0862c7584aa118ef169c028e35ff3d90e0f25519dfba0f26625a6d9595,1,1,15,0.85,1.1440000000000001,3,12,3,10,15,9,0,0.33337223259129045,0.0,0,,random_actions,random_actions:panel_7:1:1027012:1
shared,shared,random_actions,1,30000,1,reference,panel_7,1027013,7948a96a7124719e8fac181cdde3a3f82b8fa34437e3239f0a7ebdb013684f03,0,0,32,-0.3200000000000001,0.040800000000000114,14,18,11,8,27,7,1,1.832199510430871,0.0,0,,random_actions,random_actions:panel_7:1:1027013:0
shared,shared,random_actions,1,30000,1,reference,panel_7,1027013,7948a96a7124719e8fac181cdde3a3f82b8fa34437e3239f0a7ebdb013684f03,1,0,32,-0.3200000000000001,0.043200000000000155,17,15,12,4,27,6,1,1.8296861893535814,0.0,0,,random_actions,random_actions:panel_7:1:1027013:1
shared,shared,random_actions,1,30000,1,reference,panel_7,1027014,2b0c6428ba68946d5cf0f09a9d9cd153aad3561bb8d2fe4eb0e711880a9680b4,0,0,32,-0.3200000000000001,0.007600000000000218,14,18,13,6,28,7,1,1.8858104670106832,0.0,0,,random_actions,random_actions:panel_7:1:1027014:0
shared,shared,random_actions,1,30000,1,reference,panel_7,1027014,2b0c6428ba68946d5cf0f09a9d9cd153aad3561bb8d2fe4eb0e711880a9680b4,1,1,24,0.7599999999999999,0.9388000000000001,5,19,12,8,24,11,0,0.8042108400000016,0.0,0,,random_actions,random_actions:panel_7:1:1027014:1
shared,shared,random_actions,1,30000,1,reference,panel_7,1027015,053bb2818ab4e9b1feb1b8b7eaa39d1258a5049e8b5d8b4b4205e34a3e934f1b,0,0,32,-0.3200000000000001,-0.13199999999999995,9,23,12,12,31,11,1,2.094460053157002,0.0,0,,random_actions,random_actions:panel_7:1:1027015:0
shared,shared,random_actions,1,30000,1,reference,panel_7,1027015,053bb2818ab4e9b1feb1b8b7eaa39d1258a5049e8b5d8b4b4205e34a3e934f1b,1,0,32,-0.3200000000000001,-0.06959999999999987,14,18,10,9,31,8,1,2.0373699088729733,0.0,0,,random_actions,random_actions:panel_7:1:1027015:1
shared,shared,random_actions,1,30000,1,reference,panel_7,1027016,bf6c10c0077eed282752f0ccd63b8278a0753e2c026067dbcf75fb059353f5a9,0,0,32,-0.3200000000000001,-0.055599999999999886,9,23,16,8,30,11,1,1.992755152400002,0.0,0,,random_actions,random_actions:panel_7:1:1027016:0
shared,shared,random_actions,1,30000,1,reference,panel_7,1027016,bf6c10c0077eed282752f0ccd63b8278a0753e2c026067dbcf75fb059353f5a9,1,0,32,-0.3200000000000001,-0.007599999999999926,11,21,12,10,31,11,1,1.9774196328941613,0.0,0,,random_actions,random_actions:panel_7:1:1027016:1
shared,shared,random_actions,1,30000,1,reference,panel_7,1027017,d8c02e02a029b92430a2ce41b99e60c39fdb5efe1143bc18e0ef1153307b69fc,0,0,32,-0.3200000000000001,-0.02319999999999988,7,25,10,16,32,14,1,2.0199269656168712,0.0,0,,random_actions,random_actions:panel_7:1:1027017:0
shared,shared,random_actions,1,30000,1,reference,panel_7,1027017,d8c02e02a029b92430a2ce41b99e60c39fdb5efe1143bc18e0ef1153307b69fc,1,1,9,0.91,1.0904,1,8,3,6,9,6,0,0.1914254600000005,0.0,0,,random_actions,random_actions:panel_7:1:1027017:1
shared,shared,random_actions,1,30000,1,reference,panel_7,1027018,18d8feeb13a2783126d6c42f9f418cba73f73c2da33a21bfcf74df102829fbc0,0,0,32,-0.3200000000000001,-0.06079999999999987,5,27,20,8,31,14,1,2.0255475171990014,0.0,0,,random_actions,random_actions:panel_7:1:1027018:0
shared,shared,random_actions,1,30000,1,reference,panel_7,1027018,18d8feeb13a2783126d6c42f9f418cba73f73c2da33a21bfcf74df102829fbc0,1,0,32,-0.3200000000000001,-0.055999999999999876,14,18,5,14,32,10,1,2.0509505131126247,0.0,0,,random_actions,random_actions:panel_7:1:1027018:1
shared,shared,random_actions,1,30000,1,reference,panel_7,1027019,d15f5530799bf5a5d3c80dd5964efd2302c836e4cc293ff8aa51bf52d0a8ed5e,0,0,32,-0.3200000000000001,0.03080000000000016,13,19,12,8,27,6,1,1.8410774707931896,0.0,0,,random_actions,random_actions:panel_7:1:1027019:0
shared,shared,random_actions,1,30000,1,reference,panel_7,1027019,d15f5530799bf5a5d3c80dd5964efd2302c836e4cc293ff8aa51bf52d0a8ed5e,1,0,32,-0.3200000000000001,0.023600000000000176,10,22,14,9,28,9,1,1.8720850843361903,0.0,0,,random_actions,random_actions:panel_7:1:1027019:1
shared,shared,random_actions,1,30000,1,reference,panel_7,1027020,fd9bccd7248b73586bce9e4cc72393945bd75a122235eadd6fda9da7e18d9112,0,0,32,-0.3200000000000001,-0.009999999999999842,14,18,11,8,27,6,1,1.8872497506255819,0.0,0,,random_actions,random_actions:panel_7:1:1027020:0
shared,shared,random_actions,1,30000,1,reference,panel_7,1027020,fd9bccd7248b73586bce9e4cc72393945bd75a122235eadd6fda9da7e18d9112,1,0,32,-0.3200000000000001,-0.05559999999999991,11,21,13,9,30,11,1,1.9939776269570026,0.0,0,,random_actions,random_actions:panel_7:1:1027020:1
shared,shared,random_actions,1,30000,1,reference,panel_7,1027021,dd4e522349bc129a3c2a97dd4221f34e84724a752a0ade146a5404e69e0869b1,0,1,1,0.99,1.03,0,1,0,2,1,1,0,0.0,0.0,0,,random_actions,random_actions:panel_7:1:1027021:0
shared,shared,random_actions,1,30000,1,reference,panel_7,1027021,dd4e522349bc129a3c2a97dd4221f34e84724a752a0ade146a5404e69e0869b1,1,1,6,0.94,0.9896,1,5,2,4,6,3,0,0.1949270000000003,0.0,0,,random_actions,random_actions:panel_7:1:1027021:1
shared,shared,random_actions,1,30000,1,reference,panel_7,1027022,45941248caa72858f998b56073ef7e238448a2963c601824946f5e518a88c1b2,0,1,12,0.88,0.9804,2,10,5,6,12,6,0,0.3898540000000006,0.0,0,,random_actions,random_actions:panel_7:1:1027022:0
shared,shared,random_actions,1,30000,1,reference,panel_7,1027022,45941248caa72858f998b56073ef7e238448a2963c601824946f5e518a88c1b2,1,1,2,0.98,1.0612,0,2,0,3,2,2,0,0.0,0.0,0,,random_actions,random_actions:panel_7:1:1027022:1
shared,shared,random_actions,1,30000,1,reference,panel_7,1027023,89084a242cdc635bead1f2e33b89f264b587f4d715cb4794977e4a2192ca298a,0,0,32,-0.3200000000000001,0.22880000000000034,17,15,12,4,25,6,1,1.6318233983997643,0.0,0,,random_actions,random_actions:panel_7:1:1027023:0
shared,shared,random_actions,1,30000,1,reference,panel_7,1027023,89084a242cdc635bead1f2e33b89f264b587f4d715cb4794977e4a2192ca298a,1,0,32,-0.3200000000000001,0.1628000000000001,12,20,15,6,27,9,1,1.7247671445907697,0.0,0,,random_actions,random_actions:panel_7:1:1027023:1
shared,shared,random_actions,1,30000,1,reference,panel_7,1027024,378c0395672e1267d5a6b36454a81f1c6f961712a69449dd1f6d6c36717900e2,0,1,5,0.95,1.122,1,4,0,5,5,4,0,0.03623311809999996,0.0,0,,random_actions,random_actions:panel_7:1:1027024:0
shared,shared,random_actions,1,30000,1,reference,panel_7,1027024,378c0395672e1267d5a6b36454a81f1c6f961712a69449dd1f6d6c36717900e2,1,1,16,0.84,1.042,6,10,5,6,16,7,0,0.4564031100000011,0.0,0,,random_actions,random_actions:panel_7:1:1027024:1
shared,shared,random_actions,1,30000,1,reference,panel_7,1027025,3f1e332346c6a848c7db315f7a8d7d3a2237d0a9d492e86dbde4715246426def,0,1,2,0.98,1.0612,0,2,0,3,2,2,0,0.0,0.0,0,,random_actions,random_actions:panel_7:1:1027025:0
shared,shared,random_actions,1,30000,1,reference,panel_7,1027025,3f1e332346c6a848c7db315f7a8d7d3a2237d0a9d492e86dbde4715246426def,1,1,2,0.98,1.0612,0,2,0,3,2,2,0,0.0,0.0,0,,random_actions,random_actions:panel_7:1:1027025:1
shared,shared,random_actions,1,30000,1,reference,panel_7,1027026,aa6477a259bb2cd148262fdf206b2eb69a9316531b0518d9450b343632270361,0,1,15,0.85,1.0848,4,11,5,7,15,8,0,0.3863881900000007,0.0,0,,random_actions,random_actions:panel_7:1:1027026:0
shared,shared,random_actions,1,30000,1,reference,panel_7,1027026,aa6477a259bb2cd148262fdf206b2eb69a9316531b0518d9450b343632270361,1,0,32,-0.3200000000000001,0.03240000000000012,12,20,13,8,30,10,1,1.9141932651661606,0.0,0,,random_actions,random_actions:panel_7:1:1027026:1
shared,shared,random_actions,1,30000,1,reference,panel_7,1027027,8b427d55dc34afcf77473357a2800d9fc91a88c79fea6c1c26eecec85a3467ef,0,0,32,-0.3200000000000001,0.06240000000000014,15,17,10,8,29,8,1,1.8587141336908135,0.0,0,,random_actions,random_actions:panel_7:1:1027027:0
shared,shared,random_actions,1,30000,1,reference,panel_7,1027027,8b427d55dc34afcf77473357a2800d9fc91a88c79fea6c1c26eecec85a3467ef,1,0,32,-0.3200000000000001,0.07320000000000013,14,18,11,8,29,8,1,1.8570996477706245,0.0,0,,random_actions,random_actions:panel_7:1:1027027:1
shared,shared,random_actions,1,30000,1,reference,panel_7,1027028,e0ccd874f41cdbac3ac4095a756b2f102e7cd255c6d1b9ea6b4f124536baa61e,0,1,11,0.89,0.9456,6,5,2,4,11,3,0,0.39342700000000064,0.0,0,,random_actions,random_actions:panel_7:1:1027028:0
shared,shared,random_actions,1,30000,1,reference,panel_7,1027028,e0ccd874f41cdbac3ac4095a756b2f102e7cd255c6d1b9ea6b4f124536baa61e,1,1,1,0.99,1.03,0,1,0,2,1,1,0,0.0,0.0,0,,random_actions,random_actions:panel_7:1:1027028:1
shared,shared,random_actions,1,30000,1,reference,panel_7,1027029,e99ca19c42b79b983cdcd85d0875e8c3bd4e14a7f9838a245942acc6b5f112a9,0,1,18,0.82,1.0328000000000002,6,12,4,9,18,8,0,0.5278495572140013,0.0,0,,random_actions,random_actions:panel_7:1:1027029:0
shared,shared,random_actions,1,30000,1,reference,panel_7,1027029,e99ca19c42b79b983cdcd85d0875e8c3bd4e14a7f9838a245942acc6b5f112a9,1,0,32,-0.3200000000000001,-0.0435999999999999,11,21,12,10,31,11,1,2.0096996646710017,0.0,0,,random_actions,random_actions:panel_7:1:1027029:1
shared,shared,random_actions,1,30000,1,reference,panel_7,1027030,d26106348fe2a7e51295262b43acc287d457d673382e3d29c33a39c2a6e2fe2b,0,0,32,-0.3200000000000001,0.10480000000000014,12,20,11,10,29,10,1,1.8216865622667546,0.0,0,,random_actions,random_actions:panel_7:1:1027030:0
shared,shared,random_actions,1,30000,1,reference,panel_7,1027030,d26106348fe2a7e51295262b43acc287d457d673382e3d29c33a39c2a6e2fe2b,1,0,32,-0.3200000000000001,0.14680000000000018,13,19,9,11,27,8,1,1.7391409312403932,0.0,0,,random_actions,random_actions:panel_7:1:1027030:1
shared,shared,random_actions,1,30000,1,reference,panel_7,1027031,a722b993bc5b4f7c9feff17d8b0ae848b9909a7ddd3581c8e9a568c387943944,0,0,32,-0.3200000000000001,0.028400000000000203,7,25,14,12,28,10,1,1.8687528933033923,0.0,0,,random_actions,random_actions:panel_7:1:1027031:0
shared,shared,random_actions,1,30000,1,reference,panel_7,1027031,a722b993bc5b4f7c9feff17d8b0ae848b9909a7ddd3581c8e9a568c387943944,1,1,27,0.73,0.9920000000000001,7,20,8,13,27,12,0,0.8487553867622915,0.0,0,,random_actions,random_actions:panel_7:1:1027031:1
shared,shared,random_actions,1,30000,1,reference,panel_7,1027032,3ec06c82b1292d37fbdf75bcfab8254bb72507c28f2113cf14347291f9677c4e,0,1,19,0.8099999999999999,1.008,6,13,6,8,19,8,0,0.5823808042990013,0.0,0,,random_actions,random_actions:panel_7:1:1027032:0
shared,shared,random_actions,1,30000,1,reference,panel_7,1027032,3ec06c82b1292d37fbdf75bcfab8254bb72507c28f2113cf14347291f9677c4e,1,1,13,0.87,1.0248000000000002,2,11,6,6,13,7,0,0.37829915620000065,0.0,0,,random_actions,random_actions:panel_7:1:1027032:1
shared,shared,random_actions,1,30000,1,reference,panel_7,1027033,a391cd7bea7ba3ce4212fbb3f9efc6f33f30f459e0c54d56367e89116f07e018,0,1,6,0.94,1.0708,1,5,2,4,6,4,0,0.11556273000000028,0.0,0,,random_actions,random_actions:panel_7:1:1027033:0
shared,shared,random_actions,1,30000,1,reference,panel_7,1027033,a391cd7bea7ba3ce4212fbb3f9efc6f33f30f459e0c54d56367e89116f07e018,1,0,32,-0.3200000000000001,-0.08119999999999993,8,24,14,11,29,10,1,1.9897600130280022,0.0,0,,random_actions,random_actions:panel_7:1:1027033:1
shared,shared,random_actions,1,30000,1,reference,panel_7,1027034,2a83a1463a6e303cf523476bac7fccb641f8b79dc39372c93b11152cef5016a6,0,1,24,0.7599999999999999,1.0244000000000002,6,18,7,12,24,11,0,0.7242458120724508,0.0,0,,random_actions,random_actions:panel_7:1:1027034:0
shared,shared,random_actions,1,30000,1,reference,panel_7,1027034,2a83a1463a6e303cf523476bac7fccb641f8b79dc39372c93b11152cef5016a6,1,0,32,-0.3200000000000001,0.017600000000000116,17,15,10,6,28,5,1,1.8780802459400023,0.0,0,,random_actions,random_actions:panel_7:1:1027034:1
shared,shared,random_actions,1,30000,1,reference,panel_7,1027035,d065a0ce648756f01417dc38b2aaad369796bae2d6fca48903fe38b911e80786,0,1,13,0.87,1.032,6,7,1,7,13,5,0,0.37136539240000055,0.0,0,,random_actions,random_actions:panel_7:1:1027035:0
shared,shared,random_actions,1,30000,1,reference,panel_7,1027035,d065a0ce648756f01417dc38b2aaad369796bae2d6fca48903fe38b911e80786,1,0,32,-0.3200000000000001,-0.10879999999999998,11,21,8,14,32,11,1,2.0997460488570026,0.0,0,,random_actions,random_actions:panel_7:1:1027035:1
shared,shared,random_actions,1,30000,1,reference,panel_7,1027036,bf2284901ccb5da0d21870a3b6cda1b131dda48e7f90d56d8d94b36c21d34049,0,1,20,0.7999999999999999,0.9992000000000001,11,9,4,6,20,6,0,0.6215660672000003,0.0,0,,random_actions,random_actions:panel_7:1:1027036:0
shared,shared,random_actions,1,30000,1,reference,panel_7,1027036,bf2284901ccb5da0d21870a3b6cda1b131dda48e7f90d56d8d94b36c21d34049,1,1,29,0.71,0.9044000000000001,12,17,11,7,29,10,0,0.993570510500002,0.0,0,,random_actions,random_actions:panel_7:1:1027036:1
shared,shared,random_actions,1,30000,1,reference,panel_7,1027037,b7e2d056e37b6f32cc6ef4382fa6e0d14d0b8ef9ffb4437396a91bfc1f3bf45e,0,1,28,0.72,1.1876000000000002,8,20,8,13,28,14,0,0.7091197410981033,0.0,0,,random_actions,random_actions:panel_7:1:1027037:0
shared,shared,random_actions,1,30000,1,reference,panel_7,1027037,b7e2d056e37b6f32cc6ef4382fa6e0d14d0b8ef9ffb4437396a91bfc1f3bf45e,1,1,31,0.69,1.1888000000000003,7,24,12,13,31,16,0,0.8030085126463465,0.0,0,,random_actions,random_actions:panel_7:1:1027037:1
shared,shared,random_actions,1,30000,1,reference,panel_7,1027038,d3b581b0e5a81a7cc1d71ac70105b3fa664e6167b880f6e49acf4994d3f2d4d9,0,0,32,-0.3200000000000001,0.15760000000000024,15,17,9,9,29,9,1,1.7810226351064455,0.0,0,,random_actions,random_actions:panel_7:1:1027038:0
shared,shared,random_actions,1,30000,1,reference,panel_7,1027038,d3b581b0e5a81a7cc1d71ac70105b3fa664e6167b880f6e49acf4994d3f2d4d9,1,0,32,-0.3200000000000001,0.17320000000000027,14,18,13,6,27,7,1,1.7217493986952295,0.0,0,,random_actions,random_actions:panel_7:1:1027038:1
shared,shared,random_actions,1,30000,1,reference,panel_7,1027039,8cd23488f693821c17623421e65cd8f4e0a3c34636abf1bc11f65a1b3ece9601,0,1,9,0.91,0.9644,0,9,5,5,9,5,0,0.31283600000000034,0.0,0,,random_actions,random_actions:panel_7:1:1027039:0
shared,shared,random_actions,1,30000,1,reference,panel_7,1027039,8cd23488f693821c17623421e65cd8f4e0a3c34636abf1bc11f65a1b3ece9601,1,1,1,0.99,1.03,0,1,0,2,1,1,0,0.0,0.0,0,,random_actions,random_actions:panel_7:1:1027039:1
shared,shared,random_actions,1,30000,1,reference,panel_7,1027040,975585e97044fdfb4a00fde6a8c5dd7085d280e71c37fceba0941d060fa783e2,0,0,32,-0.3200000000000001,-0.08000000000000002,10,22,14,9,28,9,1,1.9680154289850025,0.0,0,,random_actions,random_actions:panel_7:1:1027040:0
shared,shared,random_actions,1,30000,1,reference,panel_7,1027040,975585e97044fdfb4a00fde6a8c5dd7085d280e71c37fceba0941d060fa783e2,1,0,32,-0.3200000000000001,-0.02839999999999998,24,8,5,4,28,2,1,1.9199164235400032,0.0,0,,random_actions,random_actions:panel_7:1:1027040:1
shared,shared,random_actions,1,30000,1,reference,panel_7,1027041,eebbd74af6dbdccb3a7d1cf7d61b804e5b2f0974c1ac0d765fee9a8c404dc77e,0,0,32,-0.3200000000000001,0.09360000000000016,11,21,11,11,30,10,1,1.8617605237263213,0.0,0,,random_actions,random_actions:panel_7:1:1027041:0
shared,shared,random_actions,1,30000,1,reference,panel_7,1027041,eebbd74af6dbdccb3a7d1cf7d61b804e5b2f0974c1ac0d765fee9a8c404dc77e,1,0,32,-0.3200000000000001,0.07080000000000022,10,22,12,11,26,8,1,1.7836250471507844,0.0,0,,random_actions,random_actions:panel_7:1:1027041:1
shared,shared,random_actions,1,30000,1,reference,panel_7,1027042,e32fdf9aa15d15b4b482f6274843a9c8bff3d73b544d17390ed7d97ec623105e,0,1,12,0.88,0.9828,6,6,2,5,12,4,0,0.38750773000000094,0.0,0,,random_actions,random_actions:panel_7:1:1027042:0
shared,shared,random_actions,1,30000,1,reference,panel_7,1027042,e32fdf9aa15d15b4b482f6274843a9c8bff3d73b544d17390ed7d97ec623105e,1,1,5,0.95,1.036,1,4,0,5,5,3,0,0.11790900000000015,0.0,0,,random_actions,random_actions:panel_7:1:1027042:1
shared,shared,random_actions,1,30000,1,reference,panel_7,1027043,a4b2f026933cc5b4181935b252938d66f889429fc7eea6b5ae47ada163d01441,0,1,21,0.7899999999999999,0.9772000000000001,12,9,2,8,21,6,0,0.6736621143000012,0.0,0,,random_actions,random_actions:panel_7:1:1027043:0
shared,shared,random_actions,1,30000,1,reference,panel_7,1027043,a4b2f026933cc5b4181935b252938d66f889429fc7eea6b5ae47ada163d01441,1,0,32,-0.3200000000000001,-0.10399999999999994,14,18,11,8,30,9,1,2.039318528100002,0.0,0,,random_actions,random_actions:panel_7:1:1027043:1
shared,shared,random_actions,1,30000,1,reference,panel_7,1027044,4ad4fc5cf54acb631a6f9e6afccd593b08ad89b8084ac7ca29f11eb1660d79be,0,1,3,0.97,1.0536,1,2,0,3,3,2,0,0.038509000000000126,0.0,0,,random_actions,random_actions:panel_7:1:1027044:0
shared,shared,random_actions,1,30000,1,reference,panel_7,1027044,4ad4fc5cf54acb631a6f9e6afccd593b08ad89b8084ac7ca29f11eb1660d79be,1,1,3,0.97,1.0524,1,2,0,3,3,2,0,0.03970000000000007,0.0,0,,random_actions,random_actions:panel_7:1:1027044:1
shared,shared,random_actions,1,30000,1,reference,panel_7,1027045,0e318e92b514b66bf231a9f084a1793275fa703f2be5a646f76a0acfcf9e7123,0,0,32,-0.3200000000000001,-0.009199999999999792,11,21,9,13,26,6,1,1.8529933820097555,0.0,0,,random_actions,random_actions:panel_7:1:1027045:0
shared,shared,random_actions,1,30000,1,reference,panel_7,1027045,0e318e92b514b66bf231a9f084a1793275fa703f2be5a646f76a0acfcf9e7123,1,0,32,-0.3200000000000001,-0.07400000000000001,7,25,13,13,28,10,1,1.9647239813850024,0.0,0,,random_actions,random_actions:panel_7:1:1027045:1
shared,shared,random_actions,1,30000,1,reference,panel_7,1027046,34efd1c59bff8eb413b2b90dd3d6d5b031d8709374ea5cb5910681c90e3949a6,0,1,1,0.99,1.03,0,1,0,2,1,1,0,0.0,0.0,0,,random_actions,random_actions:panel_7:1:1027046:0
shared,shared,random_actions,1,30000,1,reference,panel_7,1027046,34efd1c59bff8eb413b2b90dd3d6d5b031d8709374ea5cb5910681c90e3949a6,1,0,32,-0.3200000000000001,-0.16239999999999993,8,24,11,14,29,9,1,2.0756073950570024,0.0,0,,random_actions,random_actions:panel_7:1:1027046:1
shared,shared,random_actions,1,30000,1,reference,panel_7,1027047,51c8cc0de2497ab6fe8edc0fe5a0465065680cb1e3116070e0fba88c8c66b372,0,0,32,-0.3200000000000001,0.08440000000000011,9,23,14,10,28,11,1,1.8177380219472914,0.0,0,,random_actions,random_actions:panel_7:1:1027047:0
shared,shared,random_actions,1,30000,1,reference,panel_7,1027047,51c8cc0de2497ab6fe8edc0fe5a0465065680cb1e3116070e0fba88c8c66b372,1,0,32,-0.3200000000000001,0.13960000000000017,12,20,15,6,29,10,1,1.7962440350447122,0.0,0,,random_actions,random_actions:panel_7:1:1027047:1
shared,shared,random_actions,1,30000,1,reference,panel_7,1027048,ec635df63f4c46cac4a618528a1e84fcd94a577c4c8e5fdae8051c45475c95d3,0,0,32,-0.3200000000000001,0.19640000000000016,6,26,20,7,28,12,1,1.7276090135218842,0.0,0,,random_actions,random_actions:panel_7:1:1027048:0
shared,shared,random_actions,1,30000,1,reference,panel_7,1027048,ec635df63f4c46cac4a618528a1e84fcd94a577c4c8e5fdae8051c45475c95d3,1,1,29,0.71,1.116,10,19,10,10,29,13,0,0.8051875490717799,0.0,0,,random_actions,random_actions:panel_7:1:1027048:1
shared,shared,random_actions,1,30000,1,reference,panel_7,1027049,0a382b94585a6d0cebfcb2cd29d409e9dbffea86679b06f20de5bd6f61bff9a6,0,1,4,0.96,1.0036,3,1,0,2,4,1,0,0.1191000000000002,0.0,0,,random_actions,random_actions:panel_7:1:1027049:0
shared,shared,random_actions,1,30000,1,reference,panel_7,1027049,0a382b94585a6d0cebfcb2cd29d409e9dbffea86679b06f20de5bd6f61bff9a6,1,0,32,-0.3200000000000001,-0.14079999999999998,13,19,8,12,28,7,1,2.033037807709162,0.0,0,,random_actions,random_actions:panel_7:1:1027049:1
shared,shared,random_actions,1,30000,1,reference,panel_7,1027050,6d2ad8010e4abfb05b97553c127a3ef3cb27c4b0bba9c08b3e209d7d50cce81b,0,1,11,0.89,1.04,4,7,4,4,11,5,0,0.30114038000000076,0.0,0,,random_actions,random_actions:panel_7:1:1027050:0
shared,shared,random_actions,1,30000,1,reference,panel_7,1027050,6d2ad8010e4abfb05b97553c127a3ef3cb27c4b0bba9c08b3e209d7d50cce81b,1,1,4,0.96,1.0872,1,3,0,4,4,3,0,0.037353730000000085,0.0,0,,random_actions,random_actions:panel_7:1:1027050:1
shared,shared,random_actions,1,30000,1,reference,panel_7,1027051,ebe78dd83e9a1a37a1cf9d9a5edc01c8191f6190be1e3d0017b6b2e3535681c2,0,0,32,-0.3200000000000001,0.10840000000000011,15,17,13,5,27,8,1,1.7758920742298714,0.0,0,,random_actions,random_actions:panel_7:1:1027051:0
shared,shared,random_actions,1,30000,1,reference,panel_7,1027051,ebe78dd83e9a1a37a1cf9d9a5edc01c8191f6190be1e3d0017b6b2e3535681c2,1,0,32,-0.3200000000000001,0.1000000000000001,14,18,12,7,28,8,1,1.804757301942451,0.0,0,,random_actions,random_actions:panel_7:1:1027051:1
shared,shared,random_actions,1,30000,1,reference,panel_7,1027052,c14719ae81f83f92336d08d9aabdbcdc46fd281b06279c5494c47ca7462ac3ac,0,0,32,-0.3200000000000001,0.08080000000000012,9,23,16,8,29,11,1,1.8441300563738707,0.0,0,,random_actions,random_actions:panel_7:1:1027052:0
shared,shared,random_actions,1,30000,1,reference,panel_7,1027052,c14719ae81f83f92336d08d9aabdbcdc46fd281b06279c5494c47ca7462ac3ac,1,1,13,0.87,1.1628,1,12,3,10,13,9,0,0.2527791842975803,0.0,0,,random_actions,random_actions:panel_7:1:1027052:1
shared,shared,random_actions,1,30000,1,reference,panel_7,1027053,03214c0c82b877b21734be3b6afab6e0c4b9e8ca280f18977fe52b2dfdf6f7d7,0,0,32,-0.3200000000000001,-0.06679999999999987,6,26,11,16,28,10,1,1.950045812962292,0.0,0,,random_actions,random_actions:panel_7:1:1027053:0
shared,shared,random_actions,1,30000,1,reference,panel_7,1027053,03214c0c82b877b21734be3b6afab6e0c4b9e8ca280f18977fe52b2dfdf6f7d7,1,1,14,0.86,1.0172,3,11,6,6,14,7,0,0.41666738000000114,0.0,0,,random_actions,random_actions:panel_7:1:1027053:1
shared,shared,random_actions,1,30000,1,reference,panel_7,1027054,491e7a8a63571525e5e2079c8d16defb9eba34f1594ddd6fef35ecf3621a2eb4,0,1,1,0.99,1.03,0,1,0,2,1,1,0,0.0,0.0,0,,random_actions,random_actions:panel_7:1:1027054:0
shared,shared,random_actions,1,30000,1,reference,panel_7,1027054,491e7a8a63571525e5e2079c8d16defb9eba34f1594ddd6fef35ecf3621a2eb4,1,1,9,0.91,0.9716,0,9,4,6,9,5,0,0.30586757810000054,0.0,0,,random_actions,random_actions:panel_7:1:1027054:1
shared,shared,random_actions,1,30000,1,reference,panel_7,1027055,a170fda2e55eaa8c31cc045e9c9d92015cc808da40efd4c9a71bdb4d14b4289b,0,1,9,0.91,1.0588,0,9,3,7,9,6,0,0.2208288207570004,0.0,0,,random_actions,random_actions:panel_7:1:1027055:0
shared,shared,random_actions,1,30000,1,reference,panel_7,1027055,a170fda2e55eaa8c31cc045e9c9d92015cc808da40efd4c9a71bdb4d14b4289b,1,0,32,-0.3200000000000001,-0.053599999999999884,6,26,14,13,29,11,1,1.9638032580192912,0.0,0,,random_actions,random_actions:panel_7:1:1027055:1
shared,shared,random_actions,1,30000,1,reference,panel_7,1027056,26b4b3046f89d51fa4b9347b370fb317a68e9997afed2170a17a4e90fbf91f9f,0,1,2,0.98,1.0612,0,2,0,3,2,2,0,0.0,0.0,0,,random_actions,random_actions:panel_7:1:1027056:0
shared,shared,random_actions,1,30000,1,reference,panel_7,1027056,26b4b3046f89d51fa4b9347b370fb317a68e9997afed2170a17a4e90fbf91f9f,1,1,3,0.97,1.0524,1,2,0,3,3,2,0,0.03970000000000007,0.0,0,,random_actions,random_actions:panel_7:1:1027056:1
shared,shared,random_actions,1,30000,1,reference,panel_7,1027057,d8a9a0909aa749d2742665fb148ffca36be2fb5f84814545f5bba09eb55f53b0,0,1,22,0.7799999999999999,0.9164000000000001,6,16,8,9,22,9,0,0.7633198400000019,0.0,0,,random_actions,random_actions:panel_7:1:1027057:0
shared,shared,random_actions,1,30000,1,reference,panel_7,1027057,d8a9a0909aa749d2742665fb148ffca36be2fb5f84814545f5bba09eb55f53b0,1,0,32,-0.3200000000000001,-0.15240000000000004,4,28,20,9,30,13,1,2.0848295362000027,0.0,0,,random_actions,random_actions:panel_7:1:1027057:1
shared,shared,random_actions,1,30000,1,reference,panel_7,1027058,b36ec231395dea5a97c5541891321d91cfd1ed26fa61bec3745527b41a0249ff,0,0,32,-0.3200000000000001,0.0768000000000002,13,19,9,11,27,7,1,1.8030271774010453,0.0,0,,random_actions,random_actions:panel_7:1:1027058:0
shared,shared,random_actions,1,30000,1,reference,panel_7,1027058,b36ec231395dea5a97c5541891321d91cfd1ed26fa61bec3745527b41a0249ff,1,0,32,-0.3200000000000001,0.06480000000000019,11,21,10,12,28,9,1,1.8415439294812774,0.0,0,,random_actions,random_actions:panel_7:1:1027058:1
shared,shared,random_actions,1,30000,1,reference,panel_7,1027059,32c3b8073806a69d28c50164d8f5840930e5413115efb302c8ba4b3fe4b8e650,0,0,32,-0.3200000000000001,0.0648000000000002,11,21,11,11,30,10,1,1.885058708529567,0.0,0,,random_actions,random_actions:panel_7:1:1027059:0
shared,shared,random_actions,1,30000,1,reference,panel_7,1027059,32c3b8073806a69d28c50164d8f5840930e5413115efb302c8ba4b3fe4b8e650,1,0,32,-0.3200000000000001,0.08760000000000018,13,19,13,7,27,8,1,1.7909367532942342,0.0,0,,random_actions,random_actions:panel_7:1:1027059:1
shared,shared,random_actions,1,30000,1,reference,panel_7,1027060,dc040639dd17428c5eda669212c74b6249b9770ac40cafd5bd4ab3a43c8ab64f,0,0,32,-0.3200000000000001,-0.08239999999999982,15,17,8,10,31,8,1,2.0469525396000012,0.0,0,,random_actions,random_actions:panel_7:1:1027060:0
shared,shared,random_actions,1,30000,1,reference,panel_7,1027060,dc040639dd17428c5eda669212c74b6249b9770ac40cafd5bd4ab3a43c8ab64f,1,1,32,0.6799999999999999,0.9188000000000001,5,27,18,10,32,15,0,1.0733816834000018,0.0,0,,random_actions,random_actions:panel_7:1:1027060:1
shared,shared,random_actions,1,30000,1,reference,panel_7,1027061,42ae697ff76b45c155e69733d4dbc31d140771b09bf230913771909daa121ace,0,1,6,0.94,1.0744,1,5,1,5,6,4,0,0.11209584810000028,0.0,0,,random_actions,random_actions:panel_7:1:1027061:0
shared,shared,random_actions,1,30000,1,reference,panel_7,1027061,42ae697ff76b45c155e69733d4dbc31d140771b09bf230913771909daa121ace,1,1,12,0.88,1.0216,7,5,1,5,12,4,0,0.35022546000000065,0.0,0,,random_actions,random_actions:panel_7:1:1027061:1
shared,shared,random_actions,1,30000,1,reference,panel_7,1027062,5bef8c9ddd4aeb6cd6948f358062c5cbf2a2bbd167ae4a6fb673425157a2c4a9,0,0,32,-0.3200000000000001,0.2036000000000002,15,17,11,7,25,6,1,1.6504898450186354,0.0,0,,random_actions,random_actions:panel_7:1:1027062:0
shared,shared,random_actions,1,30000,1,reference,panel_7,1027062,5bef8c9ddd4aeb6cd6948f358062c5cbf2a2bbd167ae4a6fb673425157a2c4a9,1,1,31,0.69,1.0768,10,21,11,11,31,14,0,0.9017051793570013,0.0,0,,random_actions,random_actions:panel_7:1:1027062:1
shared,shared,random_actions,1,30000,1,reference,panel_7,1027063,218e797fcce2740a24cbc185dde4e354dc91adc21b5aace16a42ee5123c3110c,0,0,32,-0.3200000000000001,0.1216000000000001,12,20,15,6,27,8,1,1.758891495217349,0.0,0,,random_actions,random_actions:panel_7:1:1027063:0
shared,shared,random_actions,1,30000,1,reference,panel_7,1027063,218e797fcce2740a24cbc185dde4e354dc91adc21b5aace16a42ee5123c3110c,1,0,32,-0.3200000000000001,0.1120000000000001,5,27,21,7,28,12,1,1.79503756256661,0.0,0,,random_actions,random_actions:panel_7:1:1027063:1
shared,shared,random_actions,2,30000,1,reference,panel_7,1027000,92f9dee48e9cac138f7ff62459eec3bd554a2183715b70404faa23ffe608b9cd,0,0,32,-0.3200000000000001,0.10600000000000014,18,14,11,4,28,7,1,1.7992550975134511,0.0,0,,random_actions,random_actions:panel_7:2:1027000:0
shared,shared,random_actions,2,30000,1,reference,panel_7,1027000,92f9dee48e9cac138f7ff62459eec3bd554a2183715b70404faa23ffe608b9cd,1,0,32,-0.3200000000000001,0.11320000000000009,16,16,8,9,27,7,1,1.769964180532349,0.0,0,,random_actions,random_actions:panel_7:2:1027000:1
shared,shared,random_actions,2,30000,1,reference,panel_7,1027001,713bfcf2314371695d704f06cb5562a7c0bf452df0ad5055c67866595774ea25,0,0,32,-0.3200000000000001,0.2496000000000002,8,24,13,12,24,8,1,1.589052057822153,0.0,0,,random_actions,random_actions:panel_7:2:1027001:0
shared,shared,random_actions,2,30000,1,reference,panel_7,1027001,713bfcf2314371695d704f06cb5562a7c0bf452df0ad5055c67866595774ea25,1,0,32,-0.3200000000000001,0.17160000000000014,6,26,13,14,30,15,1,1.7953773613543054,0.0,0,,random_actions,random_actions:panel_7:2:1027001:1
shared,shared,random_actions,2,30000,1,reference,panel_7,1027002,054b24cb98b6fd40dac88f785f71b575a9417073082c1840386e22394e693201,0,0,32,-0.3200000000000001,0.18080000000000018,8,24,16,9,28,12,1,1.732850278987521,0.0,0,,random_actions,random_actions:panel_7:2:1027002:0
shared,shared,random_actions,2,30000,1,reference,panel_7,1027002,054b24cb98b6fd40dac88f785f71b575a9417073082c1840386e22394e693201,1,0,32,-0.3200000000000001,0.2144000000000002,5,27,21,7,26,11,1,1.6629183893285489,0.0,0,,random_actions,random_actions:panel_7:2:1027002:1
shared,shared,random_actions,2,30000,1,reference,panel_7,1027003,f918e475e8f4a7252d5968a98191386325d32a3509703336339c35dd9914704d,0,1,11,0.89,0.9976,5,6,3,4,11,4,0,0.3419956500000009,0.0,0,,random_actions,random_actions:panel_7:2:1027003:0
shared,shared,random_actions,2,30000,1,reference,panel_7,1027003,f918e475e8f4a7252d5968a98191386325d32a3509703336339c35dd9914704d,1,0,32,-0.3200000000000001,-0.09719999999999984,13,19,12,8,27,5,1,1.9688216260685816,0.0,0,,random_actions,random_actions:panel_7:2:1027003:1
shared,shared,random_actions,2,30000,1,reference,panel_7,1027004,698cc392abd1bfa06b5d1907cb50b45e5bf99043b20f6cd805cb4ea8ce29647e,0,0,32,-0.3200000000000001,-0.020799999999999888,1,31,22,10,31,16,1,1.9882957453622914,0.0,0,,random_actions,random_actions:panel_7:2:1027004:0
shared,shared,random_actions,2,30000,1,reference,panel_7,1027004,698cc392abd1bfa06b5d1907cb50b45e5bf99043b20f6cd805cb4ea8ce29647e,1,0,32,-0.3200000000000001,-0.031599999999999864,3,29,23,7,28,12,1,1.9167658482140018,0.0,0,,random_actions,random_actions:panel_7:2:1027004:1
shared,shared,random_actions,2,30000,1,reference,panel_7,1027005,4d20d8f0dadcfae4249c8516c7790616ac8a5bdf2a5e258fd877852849506a29,0,0,32,-0.3200000000000001,0.006800000000000139,7,25,13,13,29,11,1,1.913436198208161,0.0,0,,random_actions,random_actions:panel_7:2:1027005:0
shared,shared,random_actions,2,30000,1,reference,panel_7,1027005,4d20d8f0dadcfae4249c8516c7790616ac8a5bdf2a5e258fd877852849506a29,1,0,32,-0.3200000000000001,0.026000000000000217,11,21,11,11,27,8,1,1.8518296964503351,0.0,0,,random_actions,random_actions:panel_7:2:1027005:1
shared,shared,random_actions,2,30000,1,reference,panel_7,1027006,92ca69f4c13963e1d07ae6705c055ebf64ab0522e3ccdac981e99303f14ac7e1,0,1,2,0.98,1.0612,0,2,0,3,2,2,0,0.0,0.0,0,,random_actions,random_actions:panel_7:2:1027006:0
shared,shared,random_actions,2,30000,1,reference,panel_7,1027006,92ca69f4c13963e1d07ae6705c055ebf64ab0522e3ccdac981e99303f14ac7e1,1,1,14,0.86,0.97,2,12,6,7,14,7,0,0.4622151900000009,0.0,0,,random_actions,random_actions:panel_7:2:1027006:1
shared,shared,random_actions,2,30000,1,reference,panel_7,1027007,57513b595a48f527341016b124d038ea7fc0fd338ddd592c233c25c4ef2f4284,0,1,5,0.95,1.0772,0,5,0,6,5,4,0,0.07820900000000008,0.0,0,,random_actions,random_actions:panel_7:2:1027007:0
shared,shared,random_actions,2,30000,1,reference,panel_7,1027007,57513b595a48f527341016b124d038ea7fc0fd338ddd592c233c25c4ef2f4284,1,1,3,0.97,1.0936,0,3,0,4,3,3,0,0.0,0.0,0,,random_actions,random_actions:panel_7:2:1027007:1
shared,shared,random_actions,2,30000,1,reference,panel_7,1027008,110196f3610c8cf8aaa3dc097be859f9311f3ebaea5cbd8be8e9643ba022cafe,0,0,32,-0.3200000000000001,-0.008399999999999797,9,23,11,13,26,6,1,1.858956082768405,0.0,0,,random_actions,random_actions:panel_7:2:1027008:0
shared,shared,random_actions,2,30000,1,reference,panel_7,1027008,110196f3610c8cf8aaa3dc097be859f9311f3ebaea5cbd8be8e9643ba022cafe,1,0,32,-0.3200000000000001,-0.12119999999999992,11,21,13,9,28,8,1,2.011252666828002,0.0,0,,random_actions,random_actions:panel_7:2:1027008:1
shared,shared,random_actions,2,30000,1,reference,panel_7,1027009,d012ebc71560fbea842cf793a7c66f1821d355f3799b314d0f0d721d68b46306,0,0,32,-0.3200000000000001,-0.030399999999999885,11,21,11,11,31,11,1,1.9973698145420011,0.0,0,,random_actions,random_actions:panel_7:2:1027009:0
shared,shared,random_actions,2,30000,1,reference,panel_7,1027009,d012ebc71560fbea842cf793a7c66f1821d355f3799b314d0f0d721d68b46306,1,1,28,0.72,0.9868000000000001,8,20,13,8,28,12,0,0.8843340001140017,0.0,0,,random_actions,random_actions:panel_7:2:1027009:1
shared,shared,random_actions,2,30000,1,reference,panel_7,1027010,2c11ca94837c8aaab939d3e43d1f6cd8c292980e2cc67a46fc63f53065a8e8c2,0,0,32,-0.3200000000000001,0.08440000000000013,8,24,14,11,29,13,1,1.8425186272981033,0.0,0,,random_actions,random_actions:panel_7:2:1027010:0
shared,shared,random_actions,2,30000,1,reference,panel_7,1027010,2c11ca94837c8aaab939d3e43d1f6cd8c292980e2cc67a46fc63f53065a8e8c2,1,0,32,-0.3200000000000001,0.15280000000000016,5,27,21,7,27,12,1,1.7412487497684508,0.0,0,,random_actions,random_actions:panel_7:2:1027010:1
shared,shared,random_actions,2,30000,1,reference,panel_7,1027011,837ef3097c94e5943ba2e61b85a4b37d1f60d6e61bb465f8d08e52d74ffd5e22,0,0,32,-0.3200000000000001,0.13240000000000013,9,23,14,10,28,10,1,1.778099268284104,0.0,0,,random_actions,random_actions:panel_7:2:1027011:0
shared,shared,random_actions,2,30000,1,reference,panel_7,1027011,837ef3097c94e5943ba2e61b85a4b37d1f60d6e61bb465f8d08e52d74ffd5e22,1,0,32,-0.3200000000000001,0.13720000000000016,14,18,8,11,26,7,1,1.7221313911735776,0.0,0,,random_actions,random_actions:panel_7:2:1027011:1
shared,shared,random_actions,2,30000,1,reference,panel_7,1027012,223c7f0862c7584aa118ef169c028e35ff3d90e0f25519dfba0f26625a6d9595,0,0,32,-0.3200000000000001,0.11200000000000013,20,12,3,10,28,5,1,1.7952342299550583,0.0,0,,random_actions,random_actions:panel_7:2:1027012:0
shared,shared,random_actions,2,30000,1,reference,panel_7,1027012,223c7f0862c7584aa118ef169c028e35ff3d90e0f25519dfba0f26625a6d9595,1,0,32,-0.3200000000000001,0.053200000000000094,13,19,11,9,30,10,1,1.8952924449231612,0.0,0,,random_actions,random_actions:panel_7:2:1027012:1
shared,shared,random_actions,2,30000,1,reference,panel_7,1027013,7948a96a7124719e8fac181cdde3a3f82b8fa34437e3239f0a7ebdb013684f03,0,0,32,-0.3200000000000001,0.06240000000000018,17,15,11,5,28,6,1,1.838849042762741,0.0,0,,random_actions,random_actions:panel_7:2:1027013:0
shared,shared,random_actions,2,30000,1,reference,panel_7,1027013,7948a96a7124719e8fac181cdde3a3f82b8fa34437e3239f0a7ebdb013684f03,1,0,32,-0.3200000000000001,0.07680000000000009,14,18,11,8,28,7,1,1.824781329214901,0.0,0,,random_actions,random_actions:panel_7:2:1027013:1
shared,shared,random_actions,2,30000,1,reference,panel_7,1027014,2b0c6428ba68946d5cf0f09a9d9cd153aad3561bb8d2fe4eb0e711880a9680b4,0,1,8,0.9199999999999999,1.0604,1,7,1,7,8,5,0,0.1879585781000005,0.0,0,,random_actions,random_actions:panel_7:2:1027014:0
shared,shared,random_actions,2,30000,1,reference,panel_7,1027014,2b0c6428ba68946d5cf0f09a9d9cd153aad3561bb8d2fe4eb0e711880a9680b4,1,0,32,-0.3200000000000001,-0.011599999999999833,9,23,15,9,27,9,1,1.8865334891097558,0.0,0,,random_actions,random_actions:panel_7:2:1027014:1
shared,shared,random_actions,2,30000,1,reference,panel_7,1027015,053bb2818ab4e9b1feb1b8b7eaa39d1258a5049e8b5d8b4b4205e34a3e934f1b,0,0,32,-0.3200000000000001,-0.09239999999999987,11,21,14,8,30,9,1,2.0322346581434516,0.0,0,,random_actions,random_actions:panel_7:2:1027015:0
shared,shared,random_actions,2,30000,1,reference,panel_7,1027015,053bb2818ab4e9b1feb1b8b7eaa39d1258a5049e8b5d8b4b4205e34a3e934f1b,1,1,8,0.9199999999999999,1.018,2,6,2,5,8,4,0,0.22874346000000068,0.0,0,,random_actions,random_actions:panel_7:2:1027015:1
shared,shared,random_actions,2,30000,1,reference,panel_7,1027016,bf6c10c0077eed282752f0ccd63b8278a0753e2c026067dbcf75fb059353f5a9,0,1,10,0.9,1.0924,2,8,2,7,10,6,0,0.22096748531400023,0.0,0,,random_actions,random_actions:panel_7:2:1027016:0
shared,shared,random_actions,2,30000,1,reference,panel_7,1027016,bf6c10c0077eed282752f0ccd63b8278a0753e2c026067dbcf75fb059353f5a9,1,0,32,-0.3200000000000001,0.018800000000000205,13,19,11,9,27,7,1,1.8592954825738701,0.0,0,,random_actions,random_actions:panel_7:2:1027016:1
shared,shared,random_actions,2,30000,1,reference,panel_7,1027017,d8c02e02a029b92430a2ce41b99e60c39fdb5efe1143bc18e0ef1153307b69fc,0,0,32,-0.3200000000000001,-0.019599999999999895,6,26,11,16,28,11,1,1.9147998418850012,0.0,0,,random_actions,random_actions:panel_7:2:1027017:0
shared,shared,random_actions,2,30000,1,reference,panel_7,1027017,d8c02e02a029b92430a2ce41b99e60c39fdb5efe1143bc18e0ef1153307b69fc,1,1,9,0.91,1.0988,3,6,1,6,9,5,0,0.18340681430000016,0.0,0,,random_actions,random_actions:panel_7:2:1027017:1
shared,shared,random_actions,2,30000,1,reference,panel_7,1027018,18d8feeb13a2783126d6c42f9f418cba73f73c2da33a21bfcf74df102829fbc0,0,0,32,-0.3200000000000001,-0.08839999999999992,12,20,13,8,28,7,1,1.9827619050570022,0.0,0,,random_actions,random_actions:panel_7:2:1027018:0
shared,shared,random_actions,2,30000,1,reference,panel_7,1027018,18d8feeb13a2783126d6c42f9f418cba73f73c2da33a21bfcf74df102829fbc0,1,0,32,-0.3200000000000001,-0.00919999999999968,8,24,16,9,30,11,1,1.9543637803643352,0.0,0,,random_actions,random_actions:panel_7:2:1027018:1
shared,shared,random_actions,2,30000,1,reference,panel_7,1027019,d15f5530799bf5a5d3c80dd5964efd2302c836e4cc293ff8aa51bf52d0a8ed5e,0,0,32,-0.3200000000000001,0.02240000000000017,11,21,14,8,28,9,1,1.8750485425057404,0.0,0,,random_actions,random_actions:panel_7:2:1027019:0
shared,shared,random_actions,2,30000,1,reference,panel_7,1027019,d15f5530799bf5a5d3c80dd5964efd2302c836e4cc293ff8aa51bf52d0a8ed5e,1,1,10,0.9,1.0828,6,4,0,5,10,4,0,0.23007523620000025,0.0,0,,random_actions,random_actions:panel_7:2:1027019:1
shared,shared,random_actions,2,30000,1,reference,panel_7,1027020,fd9bccd7248b73586bce9e4cc72393945bd75a122235eadd6fda9da7e18d9112,0,1,13,0.87,1.06,5,8,3,6,13,6,0,0.34563796620000053,0.0,0,,random_actions,random_actions:panel_7:2:1027020:0
shared,shared,random_actions,2,30000,1,reference,panel_7,1027020,fd9bccd7248b73586bce9e4cc72393945bd75a122235eadd6fda9da7e18d9112,1,0,32,-0.3200000000000001,-0.003999999999999809,11,21,18,4,30,10,1,1.9482513564371613,0.0,0,,random_actions,random_actions:panel_7:2:1027020:1
shared,shared,random_actions,2,30000,1,reference,panel_7,1027021,dd4e522349bc129a3c2a97dd4221f34e84724a752a0ade146a5404e69e0869b1,0,1,1,0.99,1.03,0,1,0,2,1,1,0,0.0,0.0,0,,random_actions,random_actions:panel_7:2:1027021:0
shared,shared,random_actions,2,30000,1,reference,panel_7,1027021,dd4e522349bc129a3c2a97dd4221f34e84724a752a0ade146a5404e69e0869b1,1,0,32,-0.3200000000000001,-0.18640000000000007,3,29,20,10,31,13,1,2.1478521143000027,0.0,0,,random_actions,random_actions:panel_7:2:1027021:1
shared,shared,random_actions,2,30000,1,reference,panel_7,1027022,45941248caa72858f998b56073ef7e238448a2963c601824946f5e518a88c1b2,0,0,32,-0.3200000000000001,-0.10799999999999987,9,23,17,7,29,9,1,2.020145321128002,0.0,0,,random_actions,random_actions:panel_7:2:1027022:0
shared,shared,random_actions,2,30000,1,reference,panel_7,1027022,45941248caa72858f998b56073ef7e238448a2963c601824946f5e518a88c1b2,1,1,25,0.7499999999999999,0.9044000000000001,7,18,11,8,25,10,0,0.869001924428002,0.0,0,,random_actions,random_actions:panel_7:2:1027022:1
shared,shared,random_actions,2,30000,1,reference,panel_7,1027023,89084a242cdc635bead1f2e33b89f264b587f4d715cb4794977e4a2192ca298a,0,0,32,-0.3200000000000001,0.15920000000000012,7,25,13,13,28,11,1,1.7559951995165957,0.0,0,,random_actions,random_actions:panel_7:2:1027023:0
shared,shared,random_actions,2,30000,1,reference,panel_7,1027023,89084a242cdc635bead1f2e33b89f264b587f4d715cb4794977e4a2192ca298a,1,0,32,-0.3200000000000001,0.09800000000000006,3,29,17,13,32,17,1,1.9134596314908425,0.0,0,,random_actions,random_actions:panel_7:2:1027023:1
shared,shared,random_actions,2,30000,1,reference,panel_7,1027024,378c0395672e1267d5a6b36454a81f1c6f961712a69449dd1f6d6c36717900e2,0,1,17,0.83,1.0332000000000001,3,14,7,8,17,9,0,0.4962081562000008,0.0,0,,random_actions,random_actions:panel_7:2:1027024:0
shared,shared,random_actions,2,30000,1,reference,panel_7,1027024,378c0395672e1267d5a6b36454a81f1c6f961712a69449dd1f6d6c36717900e2,1,0,32,-0.3200000000000001,-0.056799999999999906,7,25,16,10,30,12,1,1.9974119624000022,0.0,0,,random_actions,random_actions:panel_7:2:1027024:1
shared,shared,random_actions,2,30000,1,reference,panel_7,1027025,3f1e332346c6a848c7db315f7a8d7d3a2237d0a9d492e86dbde4715246426def,0,0,32,-0.3200000000000001,-0.15719999999999995,10,22,11,12,31,10,1,2.1185170300000022,0.0,0,,random_actions,random_actions:panel_7:2:1027025:0
shared,shared,random_actions,2,30000,1,reference,panel_7,1027025,3f1e332346c6a848c7db315f7a8d7d3a2237d0a9d492e86dbde4715246426def,1,1,28,0.72,0.8684000000000001,8,20,11,10,28,11,0,0.9967558400000023,0.0,0,,random_actions,random_actions:panel_7:2:1027025:1
shared,shared,random_actions,2,30000,1,reference,panel_7,1027026,aa6477a259bb2cd148262fdf206b2eb69a9316531b0518d9450b343632270361,0,0,32,-0.3200000000000001,0.04680000000000015,10,22,16,7,28,9,1,1.8498881097207402,0.0,0,,random_actions,random_actions:panel_7:2:1027026:0
shared,shared,random_actions,2,30000,1,reference,panel_7,1027026,aa6477a259bb2cd148262fdf206b2eb69a9316531b0518d9450b343632270361,1,0,32,-0.3200000000000001,0.07320000000000013,12,20,12,9,29,9,1,1.8479439842680598,0.0,0,,random_actions,random_actions:panel_7:2:1027026:1
shared,shared,random_actions,2,30000,1,reference,panel_7,1027027,8b427d55dc34afcf77473357a2800d9fc91a88c79fea6c1c26eecec85a3467ef,0,0,32,-0.3200000000000001,0.10200000000000019,17,15,10,6,28,6,1,1.8019338119345811,0.0,0,,random_actions,random_actions:panel_7:2:1027027:0
shared,shared,random_actions,2,30000,1,reference,panel_7,1027027,8b427d55dc34afcf77473357a2800d9fc91a88c79fea6c1c26eecec85a3467ef,1,0,32,-0.3200000000000001,0.07680000000000019,13,19,10,10,27,7,1,1.800819571958045,0.0,0,,random_actions,random_actions:panel_7:2:1027027:1
shared,shared,random_actions,2,30000,1,reference,panel_7,1027028,e0ccd874f41cdbac3ac4095a756b2f102e7cd255c6d1b9ea6b4f124536baa61e,0,1,10,0.9,0.9520000000000001,7,3,0,4,10,2,0,0.35610900000000056,0.0,0,,random_actions,random_actions:panel_7:2:1027028:0
shared,shared,random_actions,2,30000,1,reference,panel_7,1027028,e0ccd874f41cdbac3ac4095a756b2f102e7cd255c6d1b9ea6b4f124536baa61e,1,1,18,0.82,0.9044000000000001,13,5,1,5,18,3,0,0.6513658400000014,0.0,0,,random_actions,random_actions:panel_7:2:1027028:1
shared,shared,random_actions,2,30000,1,reference,panel_7,1027029,e99ca19c42b79b983cdcd85d0875e8c3bd4e14a7f9838a245942acc6b5f112a9,0,0,32,-0.3200000000000001,-0.0063999999999998225,12,20,15,6,29,9,1,1.925503247327001,0.0,0,,random_actions,random_actions:panel_7:2:1027029:0
shared,shared,random_actions,2,30000,1,reference,panel_7,1027029,e99ca19c42b79b983cdcd85d0875e8c3bd4e14a7f9838a245942acc6b5f112a9,1,0,32,-0.3200000000000001,-0.021999999999999895,9,23,14,10,30,11,1,1.9615083336560013,0.0,0,,random_actions,random_actions:panel_7:2:1027029:1
shared,shared,random_actions,2,30000,1,reference,panel_7,1027030,d26106348fe2a7e51295262b43acc287d457d673382e3d29c33a39c2a6e2fe2b,0,1,32,0.6799999999999999,1.0628000000000002,12,20,10,11,32,13,0,0.9430424616864503,0.0,0,,random_actions,random_actions:panel_7:2:1027030:0
shared,shared,random_actions,2,30000,1,reference,panel_7,1027030,d26106348fe2a7e51295262b43acc287d457d673382e3d29c33a39c2a6e2fe2b,1,0,32,-0.3200000000000001,0.1180000000000001,8,24,14,11,28,10,1,1.7930889092420739,0.0,0,,random_actions,random_actions:panel_7:2:1027030:1
shared,shared,random_actions,2,30000,1,reference,panel_7,1027031,a722b993bc5b4f7c9feff17d8b0ae848b9909a7ddd3581c8e9a568c387943944,0,1,27,0.73,1.0376000000000003,11,16,9,8,27,10,0,0.8063499267564515,0.0,0,,random_actions,random_actions:panel_7:2:1027031:0
shared,shared,random_actions,2,30000,1,reference,panel_7,1027031,a722b993bc5b4f7c9feff17d8b0ae848b9909a7ddd3581c8e9a568c387943944,1,0,32,-0.3200000000000001,0.0008000000000001617,8,24,12,13,28,9,1,1.8938697611878714,0.0,0,,random_actions,random_actions:panel_7:2:1027031:1
shared,shared,random_actions,2,30000,1,reference,panel_7,1027032,3ec06c82b1292d37fbdf75bcfab8254bb72507c28f2113cf14347291f9677c4e,0,1,21,0.7899999999999999,0.9796,4,17,8,10,21,10,0,0.6714534369570015,0.0,0,,random_actions,random_actions:panel_7:2:1027032:0
shared,shared,random_actions,2,30000,1,reference,panel_7,1027032,3ec06c82b1292d37fbdf75bcfab8254bb72507c28f2113cf14347291f9677c4e,1,0,32,-0.3200000000000001,-0.07519999999999993,11,21,12,10,29,9,1,1.9899669540420017,0.0,0,,random_actions,random_actions:panel_7:2:1027032:1
shared,shared,random_actions,2,30000,1,reference,panel_7,1027033,a391cd7bea7ba3ce4212fbb3f9efc6f33f30f459e0c54d56367e89116f07e018,0,0,32,-0.3200000000000001,0.03280000000000027,11,21,16,6,26,6,1,1.8150792023001885,0.0,0,,random_actions,random_actions:panel_7:2:1027033:0
shared,shared,random_actions,2,30000,1,reference,panel_7,1027033,a391cd7bea7ba3ce4212fbb3f9efc6f33f30f459e0c54d56367e89116f07e018,1,0,32,-0.3200000000000001,-0.0776,8,24,16,9,29,11,1,1.993295171385002,0.0,0,,random_actions,random_actions:panel_7:2:1027033:1
shared,shared,random_actions,2,30000,1,reference,panel_7,1027034,2a83a1463a6e303cf523476bac7fccb641f8b79dc39372c93b11152cef5016a6,0,1,31,0.69,0.9820000000000001,3,28,13,16,31,16,0,0.9832157856192917,0.0,0,,random_actions,random_actions:panel_7:2:1027034:0
shared,shared,random_actions,2,30000,1,reference,panel_7,1027034,2a83a1463a6e303cf523476bac7fccb641f8b79dc39372c93b11152cef5016a6,1,0,32,-0.3200000000000001,-0.03519999999999994,3,29,16,14,31,15,1,2.0029697538482916,0.0,0,,random_actions,random_actions:panel_7:2:1027034:1
shared,shared,random_actions,2,30000,1,reference,panel_7,1027035,d065a0ce648756f01417dc38b2aaad369796bae2d6fca48903fe38b911e80786,0,1,32,0.6799999999999999,0.9104000000000001,13,19,5,15,32,11,0,1.0817459346710014,0.0,0,,random_actions,random_actions:panel_7:2:1027035:0
shared,shared,random_actions,2,30000,1,reference,panel_7,1027035,d065a0ce648756f01417dc38b2aaad369796bae2d6fca48903fe38b911e80786,1,0,32,-0.3200000000000001,-0.07639999999999979,17,15,9,7,29,6,1,1.986089341500001,0.0,0,,random_actions,random_actions:panel_7:2:1027035:1
shared,shared,random_actions,2,30000,1,reference,panel_7,1027036,bf2284901ccb5da0d21870a3b6cda1b131dda48e7f90d56d8d94b36c21d34049,0,1,16,0.84,0.9912000000000001,7,9,4,6,16,6,0,0.5041900000000011,0.0,0,,random_actions,random_actions:panel_7:2:1027036:0
shared,shared,random_actions,2,30000,1,reference,panel_7,1027036,bf2284901ccb5da0d21870a3b6cda1b131dda48e7f90d56d8d94b36c21d34049,1,0,32,-0.3200000000000001,-0.06679999999999985,15,17,8,10,29,7,1,1.9781389722570006,0.0,0,,random_actions,random_actions:panel_7:2:1027036:1
shared,shared,random_actions,2,30000,1,reference,panel_7,1027037,b7e2d056e37b6f32cc6ef4382fa6e0d14d0b8ef9ffb4437396a91bfc1f3bf45e,0,0,32,-0.3200000000000001,0.23280000000000023,6,26,17,10,26,11,1,1.6372617477507647,0.0,0,,random_actions,random_actions:panel_7:2:1027037:0
shared,shared,random_actions,2,30000,1,reference,panel_7,1027037,b7e2d056e37b6f32cc6ef4382fa6e0d14d0b8ef9ffb4437396a91bfc1f3bf45e,1,0,32,-0.3200000000000001,0.2196000000000002,13,19,9,11,28,10,1,1.7027176346056607,0.0,0,,random_actions,random_actions:panel_7:2:1027037:1
shared,shared,random_actions,2,30000,1,reference,panel_7,1027038,d3b581b0e5a81a7cc1d71ac70105b3fa664e6167b880f6e49acf4994d3f2d4d9,0,1,20,0.7999999999999999,1.1348,8,12,5,8,20,9,0,0.49886522751545004,0.0,0,,random_actions,random_actions:panel_7:2:1027038:0
shared,shared,random_actions,2,30000,1,reference,panel_7,1027038,d3b581b0e5a81a7cc1d71ac70105b3fa664e6167b880f6e49acf4994d3f2d4d9,1,0,32,-0.3200000000000001,0.16720000000000032,8,24,15,10,27,10,1,1.7170411829061516,0.0,0,,random_actions,random_actions:panel_7:2:1027038:1
shared,shared,random_actions,2,30000,1,reference,panel_7,1027039,8cd23488f693821c17623421e65cd8f4e0a3c34636abf1bc11f65a1b3ece9601,0,1,2,0.98,1.0212,1,1,0,2,2,1,0,0.03970000000000007,0.0,0,,random_actions,random_actions:panel_7:2:1027039:0
shared,shared,random_actions,2,30000,1,reference,panel_7,1027039,8cd23488f693821c17623421e65cd8f4e0a3c34636abf1bc11f65a1b3ece9601,1,1,11,0.89,0.9468000000000001,4,7,4,4,11,4,0,0.3922360000000006,0.0,0,,random_actions,random_actions:panel_7:2:1027039:1
shared,shared,random_actions,2,30000,1,reference,panel_7,1027040,975585e97044fdfb4a00fde6a8c5dd7085d280e71c37fceba0941d060fa783e2,0,0,32,-0.3200000000000001,-0.07279999999999995,10,22,15,8,28,8,1,1.9577209013850023,0.0,0,,random_actions,random_actions:panel_7:2:1027040:0
shared,shared,random_actions,2,30000,1,reference,panel_7,1027040,975585e97044fdfb4a00fde6a8c5dd7085d280e71c37fceba0941d060fa783e2,1,1,25,0.7499999999999999,0.9564,8,17,10,8,25,10,0,0.8186282050570017,0.0,0,,random_actions,random_actions:panel_7:2:1027040:1
shared,shared,random_actions,2,30000,1,reference,panel_7,1027041,eebbd74af6dbdccb3a7d1cf7d61b804e5b2f0974c1ac0d765fee9a8c404dc77e,0,1,15,0.85,1.0956000000000001,2,13,5,9,15,9,0,0.37588249810000096,0.0,0,,random_actions,random_actions:panel_7:2:1027041:0
shared,shared,random_actions,2,30000,1,reference,panel_7,1027041,eebbd74af6dbdccb3a7d1cf7d61b804e5b2f0974c1ac0d765fee9a8c404dc77e,1,0,32,-0.3200000000000001,0.048000000000000126,3,29,19,11,29,13,1,1.8763158107980304,0.0,0,,random_actions,random_actions:panel_7:2:1027041:1
shared,shared,random_actions,2,30000,1,reference,panel_7,1027042,e32fdf9aa15d15b4b482f6274843a9c8bff3d73b544d17390ed7d97ec623105e,0,1,11,0.89,0.9892000000000001,7,4,2,3,11,3,0,0.35015400000000085,0.0,0,,random_actions,random_actions:panel_7:2:1027042:0
shared,shared,random_actions,2,30000,1,reference,panel_7,1027042,e32fdf9aa15d15b4b482f6274843a9c8bff3d73b544d17390ed7d97ec623105e,1,1,2,0.98,1.0612,0,2,0,3,2,2,0,0.0,0.0,0,,random_actions,random_actions:panel_7:2:1027042:1
shared,shared,random_actions,2,30000,1,reference,panel_7,1027043,a4b2f026933cc5b4181935b252938d66f889429fc7eea6b5ae47ada163d01441,0,0,32,-0.3200000000000001,-0.0908000000000001,13,19,11,9,28,7,1,1.981783173414002,0.0,0,,random_actions,random_actions:panel_7:2:1027043:0
shared,shared,random_actions,2,30000,1,reference,panel_7,1027043,a4b2f026933cc5b4181935b252938d66f889429fc7eea6b5ae47ada163d01441,1,1,8,0.9199999999999999,1.0592000000000001,5,3,0,4,8,3,0,0.1891149200000004,0.0,0,,random_actions,random_actions:panel_7:2:1027043:1
shared,shared,random_actions,2,30000,1,reference,panel_7,1027044,4ad4fc5cf54acb631a6f9e6afccd593b08ad89b8084ac7ca29f11eb1660d79be,0,1,2,0.98,1.0612,0,2,0,3,2,2,0,0.0,0.0,0,,random_actions,random_actions:panel_7:2:1027044:0
shared,shared,random_actions,2,30000,1,reference,panel_7,1027044,4ad4fc5cf54acb631a6f9e6afccd593b08ad89b8084ac7ca29f11eb1660d79be,1,0,32,-0.3200000000000001,-0.08279999999999986,15,17,12,6,27,4,1,1.9406970922042919,0.0,0,,random_actions,random_actions:panel_7:2:1027044:1
shared,shared,random_actions,2,30000,1,reference,panel_7,1027045,0e318e92b514b66bf231a9f084a1793275fa703f2be5a646f76a0acfcf9e7123,0,0,32,-0.3200000000000001,-0.07519999999999999,15,17,11,7,29,6,1,1.989414407457002,0.0,0,,random_actions,random_actions:panel_7:2:1027045:0
shared,shared,random_actions,2,30000,1,reference,panel_7,1027045,0e318e92b514b66bf231a9f084a1793275fa703f2be5a646f76a0acfcf9e7123,1,1,15,0.85,1.0168000000000001,8,7,1,7,15,5,0,0.44827941810000105,0.0,0,,random_actions,random_actions:panel_7:2:1027045:1
shared,shared,random_actions,2,30000,1,reference,panel_7,1027046,34efd1c59bff8eb413b2b90dd3d6d5b031d8709374ea5cb5910681c90e3949a6,0,0,32,-0.3200000000000001,-0.12159999999999999,7,25,13,13,26,8,1,1.9707334225091615,0.0,0,,random_actions,random_actions:panel_7:2:1027046:0
shared,shared,random_actions,2,30000,1,reference,panel_7,1027046,34efd1c59bff8eb413b2b90dd3d6d5b031d8709374ea5cb5910681c90e3949a6,1,1,5,0.95,0.996,2,3,1,3,5,2,0,0.15760900000000022,0.0,0,,random_actions,random_actions:panel_7:2:1027046:1
shared,shared,random_actions,2,30000,1,reference,panel_7,1027047,51c8cc0de2497ab6fe8edc0fe5a0465065680cb1e3116070e0fba88c8c66b372,0,0,32,-0.3200000000000001,0.08440000000000011,10,22,14,9,28,10,1,1.8134216490308708,0.0,0,,random_actions,random_actions:panel_7:2:1027047:0
shared,shared,random_actions,2,30000,1,reference,panel_7,1027047,51c8cc0de2497ab6fe8edc0fe5a0465065680cb1e3116070e0fba88c8c66b372,1,0,32,-0.3200000000000001,0.12760000000000013,8,24,15,10,27,10,1,1.7623452300580458,0.0,0,,random_actions,random_actions:panel_7:2:1027047:1
shared,shared,random_actions,2,30000,1,reference,panel_7,1027048,ec635df63f4c46cac4a618528a1e84fcd94a577c4c8e5fdae8051c45475c95d3,0,0,32,-0.3200000000000001,0.15920000000000012,9,23,13,11,28,11,1,1.7556086834501898,0.0,0,,random_actions,random_actions:panel_7:2:1027048:0
shared,shared,random_actions,2,30000,1,reference,panel_7,1027048,ec635df63f4c46cac4a618528a1e84fcd94a577c4c8e5fdae8051c45475c95d3,1,0,32,-0.3200000000000001,0.15800000000000014,9,23,13,11,27,10,1,1.7242642834479875,0.0,0,,random_actions,random_actions:panel_7:2:1027048:1
shared,shared,random_actions,2,30000,1,reference,panel_7,1027049,0a382b94585a6d0cebfcb2cd29d409e9dbffea86679b06f20de5bd6f61bff9a6,0,1,29,0.71,0.8484,8,21,8,14,29,11,0,1.0486687510000015,0.0,0,,random_actions,random_actions:panel_7:2:1027049:0
shared,shared,random_actions,2,30000,1,reference,panel_7,1027049,0a382b94585a6d0cebfcb2cd29d409e9dbffea86679b06f20de5bd6f61bff9a6,1,1,5,0.95,0.9996,0,5,0,6,5,3,0,0.1540717300000003,0.0,0,,random_actions,random_actions:panel_7:2:1027049:1
shared,shared,random_actions,2,30000,1,reference,panel_7,1027050,6d2ad8010e4abfb05b97553c127a3ef3cb27c4b0bba9c08b3e209d7d50cce81b,0,1,12,0.88,1.0312000000000001,5,7,4,4,12,5,0,0.34080465000000093,0.0,0,,random_actions,random_actions:panel_7:2:1027050:0
shared,shared,random_actions,2,30000,1,reference,panel_7,1027050,6d2ad8010e4abfb05b97553c127a3ef3cb27c4b0bba9c08b3e209d7d50cce81b,1,1,16,0.84,1.0104,13,3,0,4,16,3,0,0.4855984900000011,0.0,0,,random_actions,random_actions:panel_7:2:1027050:1
shared,shared,random_actions,2,30000,1,reference,panel_7,1027051,ebe78dd83e9a1a37a1cf9d9a5edc01c8191f6190be1e3d0017b6b2e3535681c2,0,0,32,-0.3200000000000001,0.09760000000000009,12,20,15,6,28,9,1,1.80604401971832,0.0,0,,random_actions,random_actions:panel_7:2:1027051:0
shared,shared,random_actions,2,30000,1,reference,panel_7,1027051,ebe78dd83e9a1a37a1cf9d9a5edc01c8191f6190be1e3d0017b6b2e3535681c2,1,0,32,-0.3200000000000001,0.1144000000000001,16,16,10,7,28,8,1,1.7938853494110316,0.0,0,,random_actions,random_actions:panel_7:2:1027051:1
shared,shared,random_actions,2,30000,1,reference,panel_7,1027052,c14719ae81f83f92336d08d9aabdbcdc46fd281b06279c5494c47ca7462ac3ac,0,0,32,-0.3200000000000001,0.10720000000000009,7,25,13,13,27,11,1,1.7762182328058127,0.0,0,,random_actions,random_actions:panel_7:2:1027052:0
shared,shared,random_actions,2,30000,1,reference,panel_7,1027052,c14719ae81f83f92336d08d9aabdbcdc46fd281b06279c5494c47ca7462ac3ac,1,0,32,-0.3200000000000001,0.08200000000000013,4,28,21,8,28,13,1,1.8200444653598709,0.0,0,,random_actions,random_actions:panel_7:2:1027052:1
shared,shared,random_actions,2,30000,1,reference,panel_7,1027053,03214c0c82b877b21734be3b6afab6e0c4b9e8ca280f18977fe52b2dfdf6f7d7,0,1,5,0.95,1.0808,2,3,0,4,5,3,0,0.07470746000000017,0.0,0,,random_actions,random_actions:panel_7:2:1027053:0
shared,shared,random_actions,2,30000,1,reference,panel_7,1027053,03214c0c82b877b21734be3b6afab6e0c4b9e8ca280f18977fe52b2dfdf6f7d7,1,1,5,0.95,1.0796000000000001,0,5,1,5,5,4,0,0.07586273000000021,0.0,0,,random_actions,random_actions:panel_7:2:1027053:1
shared,shared,random_actions,2,30000,1,reference,panel_7,1027054,491e7a8a63571525e5e2079c8d16defb9eba34f1594ddd6fef35ecf3621a2eb4,0,1,1,0.99,1.03,0,1,0,2,1,1,0,0.0,0.0,0,,random_actions,random_actions:panel_7:2:1027054:0
shared,shared,random_actions,2,30000,1,reference,panel_7,1027054,491e7a8a63571525e5e2079c8d16defb9eba34f1594ddd6fef35ecf3621a2eb4,1,1,19,0.8099999999999999,0.898,6,13,6,8,19,7,0,0.6887184981000013,0.0,0,,random_actions,random_actions:panel_7:2:1027054:1
shared,shared,random_actions,2,30000,1,reference,panel_7,1027055,a170fda2e55eaa8c31cc045e9c9d92015cc808da40efd4c9a71bdb4d14b4289b,0,0,32,-0.3200000000000001,-0.05119999999999986,11,21,14,8,29,10,1,1.9648912601130015,0.0,0,,random_actions,random_actions:panel_7:2:1027055:0
shared,shared,random_actions,2,30000,1,reference,panel_7,1027055,a170fda2e55eaa8c31cc045e9c9d92015cc808da40efd4c9a71bdb4d14b4289b,1,1,23,0.7699999999999999,0.9464,8,15,9,7,23,9,0,0.765665038100002,0.0,0,,random_actions,random_actions:panel_7:2:1027055:1
shared,shared,random_actions,2,30000,1,reference,panel_7,1027056,26b4b3046f89d51fa4b9347b370fb317a68e9997afed2170a17a4e90fbf91f9f,0,1,12,0.88,0.9792000000000001,6,6,4,3,12,4,0,0.39104500000000075,0.0,0,,random_actions,random_actions:panel_7:2:1027056:0
shared,shared,random_actions,2,30000,1,reference,panel_7,1027056,26b4b3046f89d51fa4b9347b370fb317a68e9997afed2170a17a4e90fbf91f9f,1,1,4,0.96,1.0436,2,2,0,3,4,2,0,0.07940000000000014,0.0,0,,random_actions,random_actions:panel_7:2:1027056:1
shared,shared,random_actions,2,30000,1,reference,panel_7,1027057,d8a9a0909aa749d2742665fb148ffca36be2fb5f84814545f5bba09eb55f53b0,0,0,32,-0.3200000000000001,-0.1499999999999999,6,26,17,10,30,12,1,2.0861613124000016,0.0,0,,random_actions,random_actions:panel_7:2:1027057:0
shared,shared,random_actions,2,30000,1,reference,panel_7,1027057,d8a9a0909aa749d2742665fb148ffca36be2fb5f84814545f5bba09eb55f53b0,1,1,17,0.83,0.9616,5,12,5,8,17,7,0,0.5638757343000013,0.0,0,,random_actions,random_actions:panel_7:2:1027057:1
shared,shared,random_actions,2,30000,1,reference,panel_7,1027058,b36ec231395dea5a97c5541891321d91cfd1ed26fa61bec3745527b41a0249ff,0,0,32,-0.3200000000000001,0.04680000000000015,10,22,15,8,28,9,1,1.8474807800448712,0.0,0,,random_actions,random_actions:panel_7:2:1027058:0
shared,shared,random_actions,2,30000,1,reference,panel_7,1027058,b36ec231395dea5a97c5541891321d91cfd1ed26fa61bec3745527b41a0249ff,1,0,32,-0.3200000000000001,0.06240000000000012,12,20,11,10,28,9,1,1.8398708166931619,0.0,0,,random_actions,random_actions:panel_7:2:1027058:1
shared,shared,random_actions,2,30000,1,reference,panel_7,1027059,32c3b8073806a69d28c50164d8f5840930e5413115efb302c8ba4b3fe4b8e650,0,0,32,-0.3200000000000001,0.061200000000000136,4,28,17,12,29,13,1,1.8592084152440451,0.0,0,,random_actions,random_actions:panel_7:2:1027059:0
shared,shared,random_actions,2,30000,1,reference,panel_7,1027059,32c3b8073806a69d28c50164d8f5840930e5413115efb302c8ba4b3fe4b8e650,1,0,32,-0.3200000000000001,0.0648000000000001,15,17,10,8,31,10,1,1.910974961223639,0.0,0,,random_actions,random_actions:panel_7:2:1027059:1
shared,shared,random_actions,2,30000,1,reference,panel_7,1027060,dc040639dd17428c5eda669212c74b6249b9770ac40cafd5bd4ab3a43c8ab64f,0,0,32,-0.3200000000000001,-0.09199999999999992,8,24,16,9,29,10,1,2.002194909357002,0.0,0,,random_actions,random_actions:panel_7:2:1027060:0
shared,shared,random_actions,2,30000,1,reference,panel_7,1027060,dc040639dd17428c5eda669212c74b6249b9770ac40cafd5bd4ab3a43c8ab64f,1,0,32,-0.3200000000000001,-0.09079999999999995,5,27,20,8,30,12,1,2.027936974800002,0.0,0,,random_actions,random_actions:panel_7:2:1027060:1
shared,shared,random_actions,2,30000,1,reference,panel_7,1027061,42ae697ff76b45c155e69733d4dbc31d140771b09bf230913771909daa121ace,0,0,32,-0.3200000000000001,-0.06559999999999999,14,18,13,6,28,8,1,1.9553431246710016,0.0,0,,random_actions,random_actions:panel_7:2:1027061:0
shared,shared,random_actions,2,30000,1,reference,panel_7,1027061,42ae697ff76b45c155e69733d4dbc31d140771b09bf230913771909daa121ace,1,1,7,0.9299999999999999,1.0644,4,3,0,4,7,3,0,0.15291646000000036,0.0,0,,random_actions,random_actions:panel_7:2:1027061:1
shared,shared,random_actions,2,30000,1,reference,panel_7,1027062,5bef8c9ddd4aeb6cd6948f358062c5cbf2a2bbd167ae4a6fb673425157a2c4a9,0,0,32,-0.3200000000000001,0.1916000000000002,15,17,10,8,27,8,1,1.7032548988746212,0.0,0,,random_actions,random_actions:panel_7:2:1027062:0
shared,shared,random_actions,2,30000,1,reference,panel_7,1027062,5bef8c9ddd4aeb6cd6948f358062c5cbf2a2bbd167ae4a6fb673425157a2c4a9,1,0,32,-0.3200000000000001,0.23120000000000027,13,19,16,4,25,7,1,1.626863050110413,0.0,0,,random_actions,random_actions:panel_7:2:1027062:1
shared,shared,random_actions,2,30000,1,reference,panel_7,1027063,218e797fcce2740a24cbc185dde4e354dc91adc21b5aace16a42ee5123c3110c,0,1,25,0.7499999999999999,1.0932000000000002,3,22,12,11,25,14,0,0.6945449922052912,0.0,0,,random_actions,random_actions:panel_7:2:1027063:0
shared,shared,random_actions,2,30000,1,reference,panel_7,1027063,218e797fcce2740a24cbc185dde4e354dc91adc21b5aace16a42ee5123c3110c,1,0,32,-0.3200000000000001,0.10480000000000012,6,26,18,9,27,11,1,1.77490291010574,0.0,0,,random_actions,random_actions:panel_7:2:1027063:1
shared,shared,shortest_path,0,30000,1,reference,panel_7,1027000,92f9dee48e9cac138f7ff62459eec3bd554a2183715b70404faa23ffe608b9cd,0,1,6,0.94,1.198,0,6,0,7,6,6,0,0.0,0.0,0,,shortest_path,shortest_path:panel_7:0:1027000:0
shared,shared,shortest_path,0,30000,1,reference,panel_7,1027001,713bfcf2314371695d704f06cb5562a7c0bf452df0ad5055c67866595774ea25,0,1,8,0.9199999999999999,1.2736,0,8,0,9,8,8,0,0.0,0.0,0,,shortest_path,shortest_path:panel_7:0:1027001:0
shared,shared,shortest_path,0,30000,1,reference,panel_7,1027002,054b24cb98b6fd40dac88f785f71b575a9417073082c1840386e22394e693201,0,1,7,0.9299999999999999,1.2352,0,7,0,8,7,7,0,0.0,0.0,0,,shortest_path,shortest_path:panel_7:0:1027002:0
shared,shared,shortest_path,0,30000,1,reference,panel_7,1027003,f918e475e8f4a7252d5968a98191386325d32a3509703336339c35dd9914704d,0,1,2,0.98,1.0612,0,2,0,3,2,2,0,0.0,0.0,0,,shortest_path,shortest_path:panel_7:0:1027003:0
shared,shared,shortest_path,0,30000,1,reference,panel_7,1027004,698cc392abd1bfa06b5d1907cb50b45e5bf99043b20f6cd805cb4ea8ce29647e,0,1,4,0.96,1.1272,0,4,0,5,4,4,0,0.0,0.0,0,,shortest_path,shortest_path:panel_7:0:1027004:0
shared,shared,shortest_path,0,30000,1,reference,panel_7,1027005,4d20d8f0dadcfae4249c8516c7790616ac8a5bdf2a5e258fd877852849506a29,0,1,4,0.96,1.1272,0,4,0,5,4,4,0,0.0,0.0,0,,shortest_path,shortest_path:panel_7:0:1027005:0
shared,shared,shortest_path,0,30000,1,reference,panel_7,1027006,92ca69f4c13963e1d07ae6705c055ebf64ab0522e3ccdac981e99303f14ac7e1,0,1,2,0.98,1.0612,0,2,0,3,2,2,0,0.0,0.0,0,,shortest_path,shortest_path:panel_7:0:1027006:0
shared,shared,shortest_path,0,30000,1,reference,panel_7,1027007,57513b595a48f527341016b124d038ea7fc0fd338ddd592c233c25c4ef2f4284,0,1,3,0.97,1.0936,0,3,0,4,3,3,0,0.0,0.0,0,,shortest_path,shortest_path:panel_7:0:1027007:0
shared,shared,shortest_path,0,30000,1,reference,panel_7,1027008,110196f3610c8cf8aaa3dc097be859f9311f3ebaea5cbd8be8e9643ba022cafe,0,1,2,0.98,1.0612,0,2,0,3,2,2,0,0.0,0.0,0,,shortest_path,shortest_path:panel_7:0:1027008:0
shared,shared,shortest_path,0,30000,1,reference,panel_7,1027009,d012ebc71560fbea842cf793a7c66f1821d355f3799b314d0f0d721d68b46306,0,1,4,0.96,1.1272,0,4,0,5,4,4,0,0.0,0.0,0,,shortest_path,shortest_path:panel_7:0:1027009:0
shared,shared,shortest_path,0,30000,1,reference,panel_7,1027010,2c11ca94837c8aaab939d3e43d1f6cd8c292980e2cc67a46fc63f53065a8e8c2,0,1,6,0.94,1.198,0,6,0,7,6,6,0,0.0,0.0,0,,shortest_path,shortest_path:panel_7:0:1027010:0
shared,shared,shortest_path,0,30000,1,reference,panel_7,1027011,837ef3097c94e5943ba2e61b85a4b37d1f60d6e61bb465f8d08e52d74ffd5e22,0,1,6,0.94,1.198,0,6,0,7,6,6,0,0.0,0.0,0,,shortest_path,shortest_path:panel_7:0:1027011:0
shared,shared,shortest_path,0,30000,1,reference,panel_7,1027012,223c7f0862c7584aa118ef169c028e35ff3d90e0f25519dfba0f26625a6d9595,0,1,6,0.94,1.198,0,6,0,7,6,6,0,0.0,0.0,0,,shortest_path,shortest_path:panel_7:0:1027012:0
shared,shared,shortest_path,0,30000,1,reference,panel_7,1027013,7948a96a7124719e8fac181cdde3a3f82b8fa34437e3239f0a7ebdb013684f03,0,1,5,0.95,1.162,0,5,0,6,5,5,0,0.0,0.0,0,,shortest_path,shortest_path:panel_7:0:1027013:0
shared,shared,shortest_path,0,30000,1,reference,panel_7,1027014,2b0c6428ba68946d5cf0f09a9d9cd153aad3561bb8d2fe4eb0e711880a9680b4,0,1,3,0.97,1.0936,0,3,0,4,3,3,0,0.0,0.0,0,,shortest_path,shortest_path:panel_7:0:1027014:0
shared,shared,shortest_path,0,30000,1,reference,panel_7,1027015,053bb2818ab4e9b1feb1b8b7eaa39d1258a5049e8b5d8b4b4205e34a3e934f1b,0,1,2,0.98,1.0612,0,2,0,3,2,2,0,0.0,0.0,0,,shortest_path,shortest_path:panel_7:0:1027015:0
shared,shared,shortest_path,0,30000,1,reference,panel_7,1027016,bf6c10c0077eed282752f0ccd63b8278a0753e2c026067dbcf75fb059353f5a9,0,1,4,0.96,1.1272,0,4,0,5,4,4,0,0.0,0.0,0,,shortest_path,shortest_path:panel_7:0:1027016:0
shared,shared,shortest_path,0,30000,1,reference,panel_7,1027017,d8c02e02a029b92430a2ce41b99e60c39fdb5efe1143bc18e0ef1153307b69fc,0,1,4,0.96,1.1272,0,4,0,5,4,4,0,0.0,0.0,0,,shortest_path,shortest_path:panel_7:0:1027017:0
shared,shared,shortest_path,0,30000,1,reference,panel_7,1027018,18d8feeb13a2783126d6c42f9f418cba73f73c2da33a21bfcf74df102829fbc0,0,1,3,0.97,1.0936,0,3,0,4,3,3,0,0.0,0.0,0,,shortest_path,shortest_path:panel_7:0:1027018:0
shared,shared,shortest_path,0,30000,1,reference,panel_7,1027019,d15f5530799bf5a5d3c80dd5964efd2302c836e4cc293ff8aa51bf52d0a8ed5e,0,1,4,0.96,1.1272,0,4,0,5,4,4,0,0.0,0.0,0,,shortest_path,shortest_path:panel_7:0:1027019:0
shared,shared,shortest_path,0,30000,1,reference,panel_7,1027020,fd9bccd7248b73586bce9e4cc72393945bd75a122235eadd6fda9da7e18d9112,0,1,4,0.96,1.1272,0,4,0,5,4,4,0,0.0,0.0,0,,shortest_path,shortest_path:panel_7:0:1027020:0
shared,shared,shortest_path,0,30000,1,reference,panel_7,1027021,dd4e522349bc129a3c2a97dd4221f34e84724a752a0ade146a5404e69e0869b1,0,1,1,0.99,1.03,0,1,0,2,1,1,0,0.0,0.0,0,,shortest_path,shortest_path:panel_7:0:1027021:0
shared,shared,shortest_path,0,30000,1,reference,panel_7,1027022,45941248caa72858f998b56073ef7e238448a2963c601824946f5e518a88c1b2,0,1,2,0.98,1.0612,0,2,0,3,2,2,0,0.0,0.0,0,,shortest_path,shortest_path:panel_7:0:1027022:0
shared,shared,shortest_path,0,30000,1,reference,panel_7,1027023,89084a242cdc635bead1f2e33b89f264b587f4d715cb4794977e4a2192ca298a,0,1,7,0.9299999999999999,1.2352,0,7,0,8,7,7,0,0.0,0.0,0,,shortest_path,shortest_path:panel_7:0:1027023:0
shared,shared,shortest_path,0,30000,1,reference,panel_7,1027024,378c0395672e1267d5a6b36454a81f1c6f961712a69449dd1f6d6c36717900e2,0,1,4,0.96,1.1272,0,4,0,5,4,4,0,0.0,0.0,0,,shortest_path,shortest_path:panel_7:0:1027024:0
shared,shared,shortest_path,0,30000,1,reference,panel_7,1027025,3f1e332346c6a848c7db315f7a8d7d3a2237d0a9d492e86dbde4715246426def,0,1,2,0.98,1.0612,0,2,0,3,2,2,0,0.0,0.0,0,,shortest_path,shortest_path:panel_7:0:1027025:0
shared,shared,shortest_path,0,30000,1,reference,panel_7,1027026,aa6477a259bb2cd148262fdf206b2eb69a9316531b0518d9450b343632270361,0,1,5,0.95,1.162,0,5,0,6,5,5,0,0.0,0.0,0,,shortest_path,shortest_path:panel_7:0:1027026:0
shared,shared,shortest_path,0,30000,1,reference,panel_7,1027027,8b427d55dc34afcf77473357a2800d9fc91a88c79fea6c1c26eecec85a3467ef,0,1,5,0.95,1.162,0,5,0,6,5,5,0,0.0,0.0,0,,shortest_path,shortest_path:panel_7:0:1027027:0
shared,shared,shortest_path,0,30000,1,reference,panel_7,1027028,e0ccd874f41cdbac3ac4095a756b2f102e7cd255c6d1b9ea6b4f124536baa61e,0,1,1,0.99,1.03,0,1,0,2,1,1,0,0.0,0.0,0,,shortest_path,shortest_path:panel_7:0:1027028:0
shared,shared,shortest_path,0,30000,1,reference,panel_7,1027029,e99ca19c42b79b983cdcd85d0875e8c3bd4e14a7f9838a245942acc6b5f112a9,0,1,4,0.96,1.1272,0,4,0,5,4,4,0,0.0,0.0,0,,shortest_path,shortest_path:panel_7:0:1027029:0
shared,shared,shortest_path,0,30000,1,reference,panel_7,1027030,d26106348fe2a7e51295262b43acc287d457d673382e3d29c33a39c2a6e2fe2b,0,1,6,0.94,1.198,0,6,0,7,6,6,0,0.0,0.0,0,,shortest_path,shortest_path:panel_7:0:1027030:0
shared,shared,shortest_path,0,30000,1,reference,panel_7,1027031,a722b993bc5b4f7c9feff17d8b0ae848b9909a7ddd3581c8e9a568c387943944,0,1,4,0.96,1.1272,0,4,0,5,4,4,0,0.0,0.0,0,,shortest_path,shortest_path:panel_7:0:1027031:0
shared,shared,shortest_path,0,30000,1,reference,panel_7,1027032,3ec06c82b1292d37fbdf75bcfab8254bb72507c28f2113cf14347291f9677c4e,0,1,3,0.97,1.0936,0,3,0,4,3,3,0,0.0,0.0,0,,shortest_path,shortest_path:panel_7:0:1027032:0
shared,shared,shortest_path,0,30000,1,reference,panel_7,1027033,a391cd7bea7ba3ce4212fbb3f9efc6f33f30f459e0c54d56367e89116f07e018,0,1,3,0.97,1.0936,0,3,0,4,3,3,0,0.0,0.0,0,,shortest_path,shortest_path:panel_7:0:1027033:0
shared,shared,shortest_path,0,30000,1,reference,panel_7,1027034,2a83a1463a6e303cf523476bac7fccb641f8b79dc39372c93b11152cef5016a6,0,1,4,0.96,1.1272,0,4,0,5,4,4,0,0.0,0.0,0,,shortest_path,shortest_path:panel_7:0:1027034:0
shared,shared,shortest_path,0,30000,1,reference,panel_7,1027035,d065a0ce648756f01417dc38b2aaad369796bae2d6fca48903fe38b911e80786,0,1,3,0.97,1.0936,0,3,0,4,3,3,0,0.0,0.0,0,,shortest_path,shortest_path:panel_7:0:1027035:0
shared,shared,shortest_path,0,30000,1,reference,panel_7,1027036,bf2284901ccb5da0d21870a3b6cda1b131dda48e7f90d56d8d94b36c21d34049,0,1,3,0.97,1.0936,0,3,0,4,3,3,0,0.0,0.0,0,,shortest_path,shortest_path:panel_7:0:1027036:0
shared,shared,shortest_path,0,30000,1,reference,panel_7,1027037,b7e2d056e37b6f32cc6ef4382fa6e0d14d0b8ef9ffb4437396a91bfc1f3bf45e,0,1,8,0.9199999999999999,1.2736,0,8,0,9,8,8,0,0.0,0.0,0,,shortest_path,shortest_path:panel_7:0:1027037:0
shared,shared,shortest_path,0,30000,1,reference,panel_7,1027038,d3b581b0e5a81a7cc1d71ac70105b3fa664e6167b880f6e49acf4994d3f2d4d9,0,1,6,0.94,1.198,0,6,0,7,6,6,0,0.0,0.0,0,,shortest_path,shortest_path:panel_7:0:1027038:0
shared,shared,shortest_path,0,30000,1,reference,panel_7,1027039,8cd23488f693821c17623421e65cd8f4e0a3c34636abf1bc11f65a1b3ece9601,0,1,1,0.99,1.03,0,1,0,2,1,1,0,0.0,0.0,0,,shortest_path,shortest_path:panel_7:0:1027039:0
shared,shared,shortest_path,0,30000,1,reference,panel_7,1027040,975585e97044fdfb4a00fde6a8c5dd7085d280e71c37fceba0941d060fa783e2,0,1,3,0.97,1.0936,0,3,0,4,3,3,0,0.0,0.0,0,,shortest_path,shortest_path:panel_7:0:1027040:0
shared,shared,shortest_path,0,30000,1,reference,panel_7,1027041,eebbd74af6dbdccb3a7d1cf7d61b804e5b2f0974c1ac0d765fee9a8c404dc77e,0,1,5,0.95,1.162,0,5,0,6,5,5,0,0.0,0.0,0,,shortest_path,shortest_path:panel_7:0:1027041:0
shared,shared,shortest_path,0,30000,1,reference,panel_7,1027042,e32fdf9aa15d15b4b482f6274843a9c8bff3d73b544d17390ed7d97ec623105e,0,1,2,0.98,1.0612,0,2,0,3,2,2,0,0.0,0.0,0,,shortest_path,shortest_path:panel_7:0:1027042:0
shared,shared,shortest_path,0,30000,1,reference,panel_7,1027043,a4b2f026933cc5b4181935b252938d66f889429fc7eea6b5ae47ada163d01441,0,1,3,0.97,1.0936,0,3,0,4,3,3,0,0.0,0.0,0,,shortest_path,shortest_path:panel_7:0:1027043:0
shared,shared,shortest_path,0,30000,1,reference,panel_7,1027044,4ad4fc5cf54acb631a6f9e6afccd593b08ad89b8084ac7ca29f11eb1660d79be,0,1,2,0.98,1.0612,0,2,0,3,2,2,0,0.0,0.0,0,,shortest_path,shortest_path:panel_7:0:1027044:0
shared,shared,shortest_path,0,30000,1,reference,panel_7,1027045,0e318e92b514b66bf231a9f084a1793275fa703f2be5a646f76a0acfcf9e7123,0,1,3,0.97,1.0936,0,3,0,4,3,3,0,0.0,0.0,0,,shortest_path,shortest_path:panel_7:0:1027045:0
shared,shared,shortest_path,0,30000,1,reference,panel_7,1027046,34efd1c59bff8eb413b2b90dd3d6d5b031d8709374ea5cb5910681c90e3949a6,0,1,1,0.99,1.03,0,1,0,2,1,1,0,0.0,0.0,0,,shortest_path,shortest_path:panel_7:0:1027046:0
shared,shared,shortest_path,0,30000,1,reference,panel_7,1027047,51c8cc0de2497ab6fe8edc0fe5a0465065680cb1e3116070e0fba88c8c66b372,0,1,6,0.94,1.198,0,6,0,7,6,6,0,0.0,0.0,0,,shortest_path,shortest_path:panel_7:0:1027047:0
shared,shared,shortest_path,0,30000,1,reference,panel_7,1027048,ec635df63f4c46cac4a618528a1e84fcd94a577c4c8e5fdae8051c45475c95d3,0,1,7,0.9299999999999999,1.2352,0,7,0,8,7,7,0,0.0,0.0,0,,shortest_path,shortest_path:panel_7:0:1027048:0
shared,shared,shortest_path,0,30000,1,reference,panel_7,1027049,0a382b94585a6d0cebfcb2cd29d409e9dbffea86679b06f20de5bd6f61bff9a6,0,1,1,0.99,1.03,0,1,0,2,1,1,0,0.0,0.0,0,,shortest_path,shortest_path:panel_7:0:1027049:0
shared,shared,shortest_path,0,30000,1,reference,panel_7,1027050,6d2ad8010e4abfb05b97553c127a3ef3cb27c4b0bba9c08b3e209d7d50cce81b,0,1,3,0.97,1.0936,0,3,0,4,3,3,0,0.0,0.0,0,,shortest_path,shortest_path:panel_7:0:1027050:0
shared,shared,shortest_path,0,30000,1,reference,panel_7,1027051,ebe78dd83e9a1a37a1cf9d9a5edc01c8191f6190be1e3d0017b6b2e3535681c2,0,1,6,0.94,1.198,0,6,0,7,6,6,0,0.0,0.0,0,,shortest_path,shortest_path:panel_7:0:1027051:0
shared,shared,shortest_path,0,30000,1,reference,panel_7,1027052,c14719ae81f83f92336d08d9aabdbcdc46fd281b06279c5494c47ca7462ac3ac,0,1,6,0.94,1.198,0,6,0,7,6,6,0,0.0,0.0,0,,shortest_path,shortest_path:panel_7:0:1027052:0
shared,shared,shortest_path,0,30000,1,reference,panel_7,1027053,03214c0c82b877b21734be3b6afab6e0c4b9e8ca280f18977fe52b2dfdf6f7d7,0,1,3,0.97,1.0936,0,3,0,4,3,3,0,0.0,0.0,0,,shortest_path,shortest_path:panel_7:0:1027053:0
shared,shared,shortest_path,0,30000,1,reference,panel_7,1027054,491e7a8a63571525e5e2079c8d16defb9eba34f1594ddd6fef35ecf3621a2eb4,0,1,1,0.99,1.03,0,1,0,2,1,1,0,0.0,0.0,0,,shortest_path,shortest_path:panel_7:0:1027054:0
shared,shared,shortest_path,0,30000,1,reference,panel_7,1027055,a170fda2e55eaa8c31cc045e9c9d92015cc808da40efd4c9a71bdb4d14b4289b,0,1,3,0.97,1.0936,0,3,0,4,3,3,0,0.0,0.0,0,,shortest_path,shortest_path:panel_7:0:1027055:0
shared,shared,shortest_path,0,30000,1,reference,panel_7,1027056,26b4b3046f89d51fa4b9347b370fb317a68e9997afed2170a17a4e90fbf91f9f,0,1,2,0.98,1.0612,0,2,0,3,2,2,0,0.0,0.0,0,,shortest_path,shortest_path:panel_7:0:1027056:0
shared,shared,shortest_path,0,30000,1,reference,panel_7,1027057,d8a9a0909aa749d2742665fb148ffca36be2fb5f84814545f5bba09eb55f53b0,0,1,2,0.98,1.0612,0,2,0,3,2,2,0,0.0,0.0,0,,shortest_path,shortest_path:panel_7:0:1027057:0
shared,shared,shortest_path,0,30000,1,reference,panel_7,1027058,b36ec231395dea5a97c5541891321d91cfd1ed26fa61bec3745527b41a0249ff,0,1,5,0.95,1.162,0,5,0,6,5,5,0,0.0,0.0,0,,shortest_path,shortest_path:panel_7:0:1027058:0
shared,shared,shortest_path,0,30000,1,reference,panel_7,1027059,32c3b8073806a69d28c50164d8f5840930e5413115efb302c8ba4b3fe4b8e650,0,1,5,0.95,1.162,0,5,0,6,5,5,0,0.0,0.0,0,,shortest_path,shortest_path:panel_7:0:1027059:0
shared,shared,shortest_path,0,30000,1,reference,panel_7,1027060,dc040639dd17428c5eda669212c74b6249b9770ac40cafd5bd4ab3a43c8ab64f,0,1,3,0.97,1.0936,0,3,0,4,3,3,0,0.0,0.0,0,,shortest_path,shortest_path:panel_7:0:1027060:0
shared,shared,shortest_path,0,30000,1,reference,panel_7,1027061,42ae697ff76b45c155e69733d4dbc31d140771b09bf230913771909daa121ace,0,1,3,0.97,1.0936,0,3,0,4,3,3,0,0.0,0.0,0,,shortest_path,shortest_path:panel_7:0:1027061:0
shared,shared,shortest_path,0,30000,1,reference,panel_7,1027062,5bef8c9ddd4aeb6cd6948f358062c5cbf2a2bbd167ae4a6fb673425157a2c4a9,0,1,7,0.9299999999999999,1.2352,0,7,0,8,7,7,0,0.0,0.0,0,,shortest_path,shortest_path:panel_7:0:1027062:0
shared,shared,shortest_path,0,30000,1,reference,panel_7,1027063,218e797fcce2740a24cbc185dde4e354dc91adc21b5aace16a42ee5123c3110c,0,1,6,0.94,1.198,0,6,0,7,6,6,0,0.0,0.0,0,,shortest_path,shortest_path:panel_7:0:1027063:0
