bank_id,condition,seed,checkpoint,updates_in_window,mean_loss,last_loss,training_examples
1,constrained_bootstrap,0,100,100,0.012526949021266774,0.01334319543093443,6400
1,constrained_bootstrap,0,200,100,0.010917830266989767,0.007889931090176105,12800
1,constrained_bootstrap,0,300,100,0.00970197145419661,0.008054065518081188,19200
1,constrained_bootstrap,0,400,100,0.00902564705873374,0.006482553668320179,25600
1,constrained_bootstrap,0,500,100,0.009117817931692116,0.017115559428930283,32000
1,constrained_bootstrap,0,600,100,0.0091950684733456,0.004162363708019257,38400
1,constrained_bootstrap,0,700,100,0.008846977627836167,0.013099315576255322,44800
1,constrained_bootstrap,0,800,100,0.007963441860629245,0.0013249017065390944,51200
1,constrained_bootstrap,0,900,100,0.008301443259697408,0.007160945329815149,57600
1,constrained_bootstrap,0,1000,100,0.005829280386678875,0.0014825952239334583,64000
1,constrained_bootstrap,0,1100,100,0.005722784757381305,0.0018978358712047338,70400
1,constrained_bootstrap,0,1200,100,0.005925994297722354,0.003208424896001816,76800
1,constrained_bootstrap,0,1300,100,0.005302967217285186,0.003548697102814913,83200
1,constrained_bootstrap,0,1400,100,0.004971542285056784,0.009406205266714096,89600
1,constrained_bootstrap,0,1500,100,0.005624358686618507,0.00821381714195013,96000
1,constrained_bootstrap,0,1600,100,0.005132342076394707,0.0035381068009883165,102400
1,constrained_bootstrap,0,1700,100,0.004668940353440121,0.0015614940784871578,108800
1,constrained_bootstrap,0,1800,100,0.005203631035983563,0.003955955151468515,115200
1,constrained_bootstrap,0,1900,100,0.0049079528811853375,0.004048674367368221,121600
1,constrained_bootstrap,0,2000,100,0.0051144859835039825,0.003691030666232109,128000
1,constrained_bootstrap,0,2100,100,0.005342685047071427,0.0074330829083919525,134400
1,constrained_bootstrap,0,2200,100,0.005300116317812353,0.008738191798329353,140800
1,constrained_bootstrap,0,2300,100,0.005215860926546157,0.007100265007466078,147200
1,constrained_bootstrap,0,2400,100,0.005324822815600783,0.0030800839886069298,153600
1,constrained_bootstrap,0,2500,100,0.005328630800358951,0.0031527685932815075,160000
1,constrained_bootstrap,0,2600,100,0.0054728528205305335,0.0027519152499735355,166400
1,constrained_bootstrap,0,2700,100,0.005298062290530652,0.003274892456829548,172800
1,constrained_bootstrap,0,2800,100,0.005636401809751988,0.004137449432164431,179200
1,constrained_bootstrap,0,2900,100,0.005671881141606719,0.006059503648430109,185600
1,constrained_bootstrap,0,3000,100,0.00532422247924842,0.007708560675382614,192000
1,constrained_bootstrap,0,3100,100,0.004800450864713639,0.00448550283908844,198400
1,constrained_bootstrap,0,3200,100,0.0053990941867232325,0.008050316944718361,204800
1,constrained_bootstrap,0,3300,100,0.005066926155705005,0.0054054115898907185,211200
1,constrained_bootstrap,0,3400,100,0.005055039459839463,0.0055899424478411674,217600
1,constrained_bootstrap,0,3500,100,0.005196089362725615,0.0017520536202937365,224000
1,constrained_bootstrap,0,3600,100,0.00521628913236782,0.0073873987421393394,230400
1,constrained_bootstrap,0,3700,100,0.00500973055139184,0.004039302468299866,236800
1,constrained_bootstrap,0,3800,100,0.0046856594644486904,0.007074558176100254,243200
1,constrained_bootstrap,0,3900,100,0.005144604302477092,0.0042017740197479725,249600
1,constrained_bootstrap,0,4000,100,0.005260247220285237,0.0027322086971253157,256000
1,constrained_bootstrap,0,4100,100,0.00517110405722633,0.003773861564695835,262400
1,constrained_bootstrap,0,4200,100,0.004797997430432588,0.00395115977153182,268800
1,constrained_bootstrap,0,4300,100,0.004963179921032861,0.006852907128632069,275200
1,constrained_bootstrap,0,4400,100,0.005036196131259203,0.004708587191998959,281600
1,constrained_bootstrap,0,4500,100,0.004714351920410991,0.003459726693108678,288000
1,constrained_bootstrap,0,4600,100,0.004701742549659684,0.0034889273811131716,294400
1,constrained_bootstrap,0,4700,100,0.004594757503364235,0.004317707382142544,300800
1,constrained_bootstrap,0,4800,100,0.00496653261827305,0.004301342181861401,307200
1,constrained_bootstrap,0,4900,100,0.004960680352523923,0.003545248880982399,313600
1,constrained_bootstrap,0,5000,100,0.00496117579517886,0.006709845270961523,320000
1,constrained_bootstrap,0,5100,100,0.005209756169933826,0.004457334987819195,326400
1,constrained_bootstrap,0,5200,100,0.005075759701430798,0.003345651086419821,332800
1,constrained_bootstrap,0,5300,100,0.004645194420590997,0.00470345001667738,339200
1,constrained_bootstrap,0,5400,100,0.004786404380574823,0.003345692530274391,345600
1,constrained_bootstrap,0,5500,100,0.004539075286593288,0.003362615592777729,352000
1,constrained_bootstrap,0,5600,100,0.004458675032947212,0.007573036011308432,358400
1,constrained_bootstrap,0,5700,100,0.004596989720594138,0.006077540572732687,364800
1,constrained_bootstrap,0,5800,100,0.0046096010436303915,0.002895176876336336,371200
1,constrained_bootstrap,0,5900,100,0.004696303722448647,0.005911068990826607,377600
1,constrained_bootstrap,0,6000,100,0.004323931069811806,0.005231728311628103,384000
1,constrained_bootstrap,0,6100,100,0.004814642623532563,0.003985866904258728,390400
1,constrained_bootstrap,0,6200,100,0.0047475660755299035,0.004399449098855257,396800
1,constrained_bootstrap,0,6300,100,0.004368474914226681,0.0039151213131845,403200
1,constrained_bootstrap,0,6400,100,0.004527091152267531,0.003369828686118126,409600
1,constrained_bootstrap,0,6500,100,0.004747237148694694,0.0033205978106707335,416000
1,constrained_bootstrap,0,6600,100,0.004680558055406436,0.0036912926007062197,422400
1,constrained_bootstrap,0,6700,100,0.0047516486188396816,0.005043887998908758,428800
1,constrained_bootstrap,0,6800,100,0.004767014274839312,0.0038182027637958527,435200
1,constrained_bootstrap,0,6900,100,0.005031206216663122,0.002515881322324276,441600
1,constrained_bootstrap,0,7000,100,0.0046007305826060475,0.004560983739793301,448000
1,constrained_bootstrap,0,7100,100,0.004826278812251985,0.004498818423599005,454400
1,constrained_bootstrap,0,7200,100,0.004599214086774737,0.003193690674379468,460800
1,constrained_bootstrap,0,7300,100,0.004296740202698856,0.004942410625517368,467200
1,constrained_bootstrap,0,7400,100,0.004678965385537594,0.004765717312693596,473600
1,constrained_bootstrap,0,7500,100,0.004812885001301765,0.0032487516291439533,480000
1,constrained_bootstrap,0,7600,100,0.004867718971800059,0.003015443217009306,486400
1,constrained_bootstrap,0,7700,100,0.004992102773394435,0.006288081407546997,492800
1,constrained_bootstrap,0,7800,100,0.00473487853538245,0.002155733061954379,499200
1,constrained_bootstrap,0,7900,100,0.004837476599495858,0.0043411534279584885,505600
1,constrained_bootstrap,0,8000,100,0.00476706737652421,0.00870964489877224,512000
1,constrained_bootstrap,0,8100,100,0.004547216696664691,0.002762280171737075,518400
1,constrained_bootstrap,0,8200,100,0.004733275414910167,0.008943685330450535,524800
1,constrained_bootstrap,0,8300,100,0.0044921174028422686,0.004851119127124548,531200
1,constrained_bootstrap,0,8400,100,0.00452001387020573,0.004933708813041449,537600
1,constrained_bootstrap,0,8500,100,0.004846131203230471,0.002183130942285061,544000
1,constrained_bootstrap,0,8600,100,0.004678787951124832,0.0022741667926311493,550400
1,constrained_bootstrap,0,8700,100,0.004734680962283164,0.00855944212526083,556800
1,constrained_bootstrap,0,8800,100,0.004674934956710786,0.003464251756668091,563200
1,constrained_bootstrap,0,8900,100,0.004700825196923688,0.002931155962869525,569600
1,constrained_bootstrap,0,9000,100,0.0045857047545723615,0.004975700750946999,576000
1,constrained_bootstrap,0,9100,100,0.004665032434277236,0.0032336253207176924,582400
1,constrained_bootstrap,0,9200,100,0.004736514217220247,0.004168477840721607,588800
1,constrained_bootstrap,0,9300,100,0.004562081045005471,0.003996034152805805,595200
1,constrained_bootstrap,0,9400,100,0.004525759425014257,0.004498968832194805,601600
1,constrained_bootstrap,0,9500,100,0.004435297392774373,0.002609681338071823,608000
1,constrained_bootstrap,0,9600,100,0.0047642279625870285,0.003677389118820429,614400
1,constrained_bootstrap,0,9700,100,0.004601952290395275,0.002756006782874465,620800
1,constrained_bootstrap,0,9800,100,0.004596033245325089,0.0032842932268977165,627200
1,constrained_bootstrap,0,9900,100,0.0044823128031566736,0.008051451295614243,633600
1,constrained_bootstrap,0,10000,100,0.004475851323222741,0.006832324434071779,640000
1,constrained_bootstrap,0,10100,100,0.0044052511034533386,0.0027230822015553713,646400
1,constrained_bootstrap,0,10200,100,0.004156598682748154,0.005678609944880009,652800
1,constrained_bootstrap,0,10300,100,0.004605152028379962,0.002593266312032938,659200
1,constrained_bootstrap,0,10400,100,0.004613729846896604,0.0053781187161803246,665600
1,constrained_bootstrap,0,10500,100,0.004843255369924009,0.0052293273620307446,672000
1,constrained_bootstrap,0,10600,100,0.004706112117273733,0.004852271638810635,678400
1,constrained_bootstrap,0,10700,100,0.004776188812684268,0.0036403958220034838,684800
1,constrained_bootstrap,0,10800,100,0.004994002934545279,0.004605673719197512,691200
1,constrained_bootstrap,0,10900,100,0.004551115285139531,0.0031413733959198,697600
1,constrained_bootstrap,0,11000,100,0.00463062814436853,0.00434663612395525,704000
1,constrained_bootstrap,0,11100,100,0.004843013170175254,0.007483877241611481,710400
1,constrained_bootstrap,0,11200,100,0.004829703555442393,0.004221784882247448,716800
1,constrained_bootstrap,0,11300,100,0.00469701032154262,0.006064995191991329,723200
1,constrained_bootstrap,0,11400,100,0.004622145011089742,0.005135991610586643,729600
1,constrained_bootstrap,0,11500,100,0.004627964687533677,0.0025028830859810114,736000
1,constrained_bootstrap,0,11600,100,0.004650874916696921,0.00249182665720582,742400
1,constrained_bootstrap,0,11700,100,0.004523414305876941,0.0034934799186885357,748800
1,constrained_bootstrap,0,11800,100,0.004722052731085569,0.004784155171364546,755200
1,constrained_bootstrap,0,11900,100,0.0045096203847788275,0.002961555030196905,761600
1,constrained_bootstrap,0,12000,100,0.004625292017590254,0.004415989853441715,768000
1,constrained_bootstrap,0,12100,100,0.00493029837263748,0.0037157051265239716,774400
1,constrained_bootstrap,0,12200,100,0.00447608504910022,0.0037580253556370735,780800
1,constrained_bootstrap,0,12300,100,0.004521489570615813,0.005076922010630369,787200
1,constrained_bootstrap,0,12400,100,0.004551363213686273,0.0038947444409132004,793600
1,constrained_bootstrap,0,12500,100,0.00450586989754811,0.004792813211679459,800000
1,constrained_bootstrap,0,12600,100,0.004514806417282671,0.0021853442303836346,806400
1,constrained_bootstrap,0,12700,100,0.004428662408608943,0.0043335044756531715,812800
1,constrained_bootstrap,0,12800,100,0.004426077218959108,0.0031054711434990168,819200
1,constrained_bootstrap,0,12900,100,0.004584880925249308,0.004737528041005135,825600
1,constrained_bootstrap,0,13000,100,0.004696269010892138,0.005867747124284506,832000
1,constrained_bootstrap,0,13100,100,0.004665534533560276,0.008691447786986828,838400
1,constrained_bootstrap,0,13200,100,0.004385679529514163,0.00544130289927125,844800
1,constrained_bootstrap,0,13300,100,0.004385048770345747,0.003283116267994046,851200
1,constrained_bootstrap,0,13400,100,0.004524757494218648,0.003915521781891584,857600
1,constrained_bootstrap,0,13500,100,0.00459222758654505,0.0042122467420995235,864000
1,constrained_bootstrap,0,13600,100,0.004995176179800182,0.007729411590844393,870400
1,constrained_bootstrap,0,13700,100,0.004607908009784296,0.006204642821103334,876800
1,constrained_bootstrap,0,13800,100,0.004783588603604585,0.00686204107478261,883200
1,constrained_bootstrap,0,13900,100,0.00455813072854653,0.0041631069034338,889600
1,constrained_bootstrap,0,14000,100,0.004513345381710678,0.003720803651958704,896000
1,constrained_bootstrap,0,14100,100,0.004750368107343092,0.00578277837485075,902400
1,constrained_bootstrap,0,14200,100,0.004842425459064543,0.004701084457337856,908800
1,constrained_bootstrap,0,14300,100,0.004689015592448414,0.007303331047296524,915200
1,constrained_bootstrap,0,14400,100,0.004645167397102341,0.004770135972648859,921600
1,constrained_bootstrap,0,14500,100,0.004601580684538931,0.005852218717336655,928000
1,constrained_bootstrap,0,14600,100,0.004639783024322242,0.0032126037403941154,934400
1,constrained_bootstrap,0,14700,100,0.004506939796265215,0.0036672537680715322,940800
1,constrained_bootstrap,0,14800,100,0.004594230682123453,0.003220288548618555,947200
1,constrained_bootstrap,0,14900,100,0.0047847068100236355,0.006852833554148674,953600
1,constrained_bootstrap,0,15000,100,0.004301743463147431,0.0031519418116658926,960000
1,constrained_bootstrap,0,15100,100,0.004800530794309452,0.002194138942286372,966400
1,constrained_bootstrap,0,15200,100,0.004142097636358813,0.003820656333118677,972800
1,constrained_bootstrap,0,15300,100,0.004650111761875451,0.002832286059856415,979200
1,constrained_bootstrap,0,15400,100,0.004416760536842048,0.007044717203825712,985600
1,constrained_bootstrap,0,15500,100,0.004378575545269996,0.0039007917512208223,992000
1,constrained_bootstrap,0,15600,100,0.004333452961873263,0.0023067386355251074,998400
1,constrained_bootstrap,0,15700,100,0.004591515107313171,0.0055134911090135574,1004800
1,constrained_bootstrap,0,15800,100,0.004435523020802066,0.003739413805305958,1011200
1,constrained_bootstrap,0,15900,100,0.004738637858536094,0.00675927521660924,1017600
1,constrained_bootstrap,0,16000,100,0.004679882726632059,0.0027505080215632915,1024000
1,constrained_bootstrap,0,16100,100,0.004467230150476098,0.0049677519127726555,1030400
1,constrained_bootstrap,0,16200,100,0.004104459466179833,0.003804621286690235,1036800
1,constrained_bootstrap,0,16300,100,0.004415386633481831,0.004440551623702049,1043200
1,constrained_bootstrap,0,16400,100,0.004575366063509136,0.007585251238197088,1049600
1,constrained_bootstrap,0,16500,100,0.00458229621173814,0.0053183576092123985,1056000
1,constrained_bootstrap,0,16600,100,0.004542113316711038,0.005788716953247786,1062400
1,constrained_bootstrap,0,16700,100,0.00459021222544834,0.0037288572639226913,1068800
1,constrained_bootstrap,0,16800,100,0.004951166897080838,0.0036157488357275724,1075200
1,constrained_bootstrap,0,16900,100,0.004609106857096776,0.0072516887448728085,1081600
1,constrained_bootstrap,0,17000,100,0.0046617007534950974,0.005461919587105513,1088000
1,constrained_bootstrap,0,17100,100,0.004950607435312122,0.0026221880689263344,1094400
1,constrained_bootstrap,0,17200,100,0.004539609041530639,0.003380658570677042,1100800
1,constrained_bootstrap,0,17300,100,0.004562573067378253,0.003882367629557848,1107200
1,constrained_bootstrap,0,17400,100,0.004289125502109528,0.00706003000959754,1113600
1,constrained_bootstrap,0,17500,100,0.004700335602974519,0.006215785164386034,1120000
1,constrained_bootstrap,0,17600,100,0.004815190150402486,0.0063956137746572495,1126400
1,constrained_bootstrap,0,17700,100,0.00462127948179841,0.004719608463346958,1132800
1,constrained_bootstrap,0,17800,100,0.00476373951183632,0.005851288791745901,1139200
1,constrained_bootstrap,0,17900,100,0.004731720045674593,0.002997731789946556,1145600
1,constrained_bootstrap,0,18000,100,0.00428966797189787,0.005745082162320614,1152000
1,constrained_bootstrap,0,18100,100,0.004145609503611922,0.005003585014492273,1158400
1,constrained_bootstrap,0,18200,100,0.0044317251374013725,0.0029704193584620953,1164800
1,constrained_bootstrap,0,18300,100,0.004752303517889232,0.00497081596404314,1171200
1,constrained_bootstrap,0,18400,100,0.004826613273471594,0.0038958715740591288,1177600
1,constrained_bootstrap,0,18500,100,0.004727671523578465,0.005441789049655199,1184000
1,constrained_bootstrap,0,18600,100,0.004492081210482866,0.004152887500822544,1190400
1,constrained_bootstrap,0,18700,100,0.004568756630178541,0.005305249709635973,1196800
1,constrained_bootstrap,0,18800,100,0.004594875373877585,0.004602853208780289,1203200
1,constrained_bootstrap,0,18900,100,0.0043590836855582895,0.004329753573983908,1209600
1,constrained_bootstrap,0,19000,100,0.004269887472037226,0.0026891627348959446,1216000
1,constrained_bootstrap,0,19100,100,0.004714449460152537,0.0028933854773640633,1222400
1,constrained_bootstrap,0,19200,100,0.0047342166816815735,0.004566728603094816,1228800
1,constrained_bootstrap,0,19300,100,0.0045566450781188905,0.0035966401919722557,1235200
1,constrained_bootstrap,0,19400,100,0.004540201977360994,0.0038765030913054943,1241600
1,constrained_bootstrap,0,19500,100,0.004816981663461775,0.004615668207406998,1248000
1,constrained_bootstrap,0,19600,100,0.004493335611186922,0.004841027781367302,1254400
1,constrained_bootstrap,0,19700,100,0.004592650125268847,0.0027470290660858154,1260800
1,constrained_bootstrap,0,19800,100,0.00486432223347947,0.005665434990078211,1267200
1,constrained_bootstrap,0,19900,100,0.004479470113292337,0.00699312100186944,1273600
1,constrained_bootstrap,0,20000,100,0.004560123550472781,0.007907195016741753,1280000
1,constrained_bootstrap,0,20100,100,0.004483203784329817,0.0027700006030499935,1286400
1,constrained_bootstrap,0,20200,100,0.004619016980286688,0.006420029327273369,1292800
1,constrained_bootstrap,0,20300,100,0.004886162569746375,0.007688957266509533,1299200
1,constrained_bootstrap,0,20400,100,0.0043392821890302,0.006739892531186342,1305600
1,constrained_bootstrap,0,20500,100,0.004513644134858623,0.008190716616809368,1312000
1,constrained_bootstrap,0,20600,100,0.004620416329707951,0.006151142064481974,1318400
1,constrained_bootstrap,0,20700,100,0.004150884819682688,0.0067906808108091354,1324800
1,constrained_bootstrap,0,20800,100,0.004696143290493638,0.008066229522228241,1331200
1,constrained_bootstrap,0,20900,100,0.004532721983268857,0.0031583248637616634,1337600
1,constrained_bootstrap,0,21000,100,0.004681400827830657,0.006383036263287067,1344000
1,constrained_bootstrap,0,21100,100,0.004462918093195185,0.004347313195466995,1350400
1,constrained_bootstrap,0,21200,100,0.00434025659924373,0.003562521655112505,1356800
1,constrained_bootstrap,0,21300,100,0.0044480464025400575,0.0075349705293774605,1363200
1,constrained_bootstrap,0,21400,100,0.0047486573085188865,0.0027802307158708572,1369600
1,constrained_bootstrap,0,21500,100,0.004533205551560968,0.004658123943954706,1376000
1,constrained_bootstrap,0,21600,100,0.004359509394271299,0.005741402972489595,1382400
1,constrained_bootstrap,0,21700,100,0.004659955615643412,0.007389117497950792,1388800
1,constrained_bootstrap,0,21800,100,0.004606588878668844,0.007752712350338697,1395200
1,constrained_bootstrap,0,21900,100,0.0046816422627307475,0.006752930581569672,1401600
1,constrained_bootstrap,0,22000,100,0.0046684892242774365,0.00986078567802906,1408000
1,constrained_bootstrap,0,22100,100,0.004481356132309884,0.007994556799530983,1414400
1,constrained_bootstrap,0,22200,100,0.004740627426654101,0.004703594371676445,1420800
1,constrained_bootstrap,0,22300,100,0.0048079405771568415,0.008183878846466541,1427200
1,constrained_bootstrap,0,22400,100,0.00501143837813288,0.005527399946004152,1433600
1,constrained_bootstrap,0,22500,100,0.0048328385967761275,0.004211558494716883,1440000
1,constrained_bootstrap,0,22600,100,0.004502865655813366,0.0043127755634486675,1446400
1,constrained_bootstrap,0,22700,100,0.005031401609303429,0.0026523570995777845,1452800
1,constrained_bootstrap,0,22800,100,0.004810061948373914,0.005820677615702152,1459200
1,constrained_bootstrap,0,22900,100,0.00453833426348865,0.006080315448343754,1465600
1,constrained_bootstrap,0,23000,100,0.004443033989518881,0.004136326722800732,1472000
1,constrained_bootstrap,0,23100,100,0.004083457482047379,0.0024345573037862778,1478400
1,constrained_bootstrap,0,23200,100,0.004442532134708017,0.003970233257859945,1484800
1,constrained_bootstrap,0,23300,100,0.0044582615559920664,0.008913365192711353,1491200
1,constrained_bootstrap,0,23400,100,0.004685910157859325,0.005140263121575117,1497600
1,constrained_bootstrap,0,23500,100,0.00438410380971618,0.004464122466742992,1504000
1,constrained_bootstrap,0,23600,100,0.004444645834155381,0.004543340299278498,1510400
1,constrained_bootstrap,0,23700,100,0.004470225174445659,0.003907378762960434,1516800
1,constrained_bootstrap,0,23800,100,0.0045681608328595755,0.00385934766381979,1523200
1,constrained_bootstrap,0,23900,100,0.004405649631517008,0.005313522648066282,1529600
1,constrained_bootstrap,0,24000,100,0.004483465375378728,0.004896986298263073,1536000
1,constrained_bootstrap,0,24100,100,0.004536818654742092,0.0038253350649029016,1542400
1,constrained_bootstrap,0,24200,100,0.004300991999916732,0.002778674243018031,1548800
1,constrained_bootstrap,0,24300,100,0.0043873707263264805,0.0018197853351011872,1555200
1,constrained_bootstrap,0,24400,100,0.004650752900633961,0.006200152449309826,1561600
1,constrained_bootstrap,0,24500,100,0.004848160383990035,0.003982971888035536,1568000
1,constrained_bootstrap,0,24600,100,0.004631306296214461,0.007194041274487972,1574400
1,constrained_bootstrap,0,24700,100,0.004449571027653292,0.0026041213423013687,1580800
1,constrained_bootstrap,0,24800,100,0.0047908641397953035,0.0036275326274335384,1587200
1,constrained_bootstrap,0,24900,100,0.004583546631038189,0.006087213754653931,1593600
1,constrained_bootstrap,0,25000,100,0.00438673444557935,0.004371196031570435,1600000
1,constrained_bootstrap,0,25100,100,0.004684914576355368,0.003025646321475506,1606400
1,constrained_bootstrap,0,25200,100,0.004568718925584108,0.004407957196235657,1612800
1,constrained_bootstrap,0,25300,100,0.004820108073763549,0.005471216514706612,1619200
1,constrained_bootstrap,0,25400,100,0.004753502021776513,0.00549057824537158,1625600
1,constrained_bootstrap,0,25500,100,0.004732319640461355,0.0034507678356021643,1632000
1,constrained_bootstrap,0,25600,100,0.0043819736060686405,0.004099258221685886,1638400
1,constrained_bootstrap,0,25700,100,0.004751465120352805,0.004446422681212425,1644800
1,constrained_bootstrap,0,25800,100,0.00462006576359272,0.005212815944105387,1651200
1,constrained_bootstrap,0,25900,100,0.004567060472909361,0.007095410488545895,1657600
1,constrained_bootstrap,0,26000,100,0.004563556381035596,0.0017721883486956358,1664000
1,constrained_bootstrap,0,26100,100,0.004788291926961392,0.007045848295092583,1670400
1,constrained_bootstrap,0,26200,100,0.004431695998646319,0.003477293998003006,1676800
1,constrained_bootstrap,0,26300,100,0.004830861007794738,0.008939127437770367,1683200
1,constrained_bootstrap,0,26400,100,0.004648854385595769,0.002700447803363204,1689600
1,constrained_bootstrap,0,26500,100,0.004348146736156196,0.0036360672675073147,1696000
1,constrained_bootstrap,0,26600,100,0.004464824448805302,0.005086136516183615,1702400
1,constrained_bootstrap,0,26700,100,0.004516350443009287,0.004723508842289448,1708800
1,constrained_bootstrap,0,26800,100,0.004778815570753068,0.0032988861203193665,1715200
1,constrained_bootstrap,0,26900,100,0.004674166711047292,0.002847977913916111,1721600
1,constrained_bootstrap,0,27000,100,0.004546280691865832,0.005033150780946016,1728000
1,constrained_bootstrap,0,27100,100,0.004370755604468286,0.003167534712702036,1734400
1,constrained_bootstrap,0,27200,100,0.004429509266046807,0.00611097551882267,1740800
1,constrained_bootstrap,0,27300,100,0.004379069276619702,0.0018999313469976187,1747200
1,constrained_bootstrap,0,27400,100,0.004024394431617111,0.002927561290562153,1753600
1,constrained_bootstrap,0,27500,100,0.004484071778133512,0.001932205748744309,1760000
1,constrained_bootstrap,0,27600,100,0.004359165640780702,0.002723995130509138,1766400
1,constrained_bootstrap,0,27700,100,0.004435224190820009,0.0022610139567404985,1772800
1,constrained_bootstrap,0,27800,100,0.004459354309365154,0.0035381941124796867,1779200
1,constrained_bootstrap,0,27900,100,0.004397034514695406,0.004107610322535038,1785600
1,constrained_bootstrap,0,28000,100,0.004170475155115127,0.0057312604039907455,1792000
1,constrained_bootstrap,0,28100,100,0.004531952100805938,0.0038346638903021812,1798400
1,constrained_bootstrap,0,28200,100,0.004572137426584959,0.003933245316147804,1804800
1,constrained_bootstrap,0,28300,100,0.004788712633308023,0.00705871032550931,1811200
1,constrained_bootstrap,0,28400,100,0.004445628768298775,0.002725034486502409,1817600
1,constrained_bootstrap,0,28500,100,0.004694051314145326,0.003700885223224759,1824000
1,constrained_bootstrap,0,28600,100,0.004533813627203926,0.003984639421105385,1830400
1,constrained_bootstrap,0,28700,100,0.004757056460948661,0.0031155231408774853,1836800
1,constrained_bootstrap,0,28800,100,0.004730850632768124,0.004183064214885235,1843200
1,constrained_bootstrap,0,28900,100,0.004758630306459963,0.003106082556769252,1849600
1,constrained_bootstrap,0,29000,100,0.004697338917758316,0.004776265472173691,1856000
1,constrained_bootstrap,0,29100,100,0.004404000672511756,0.0047363219782710075,1862400
1,constrained_bootstrap,0,29200,100,0.004446070522535592,0.006945747882127762,1868800
1,constrained_bootstrap,0,29300,100,0.004158164683030918,0.00353037822060287,1875200
1,constrained_bootstrap,0,29400,100,0.004474178408272565,0.004602354951202869,1881600
1,constrained_bootstrap,0,29500,100,0.004438613881357014,0.0036955936811864376,1888000
1,constrained_bootstrap,0,29600,100,0.004430684874532745,0.002897426951676607,1894400
1,constrained_bootstrap,0,29700,100,0.0045195275556761776,0.0027083950117230415,1900800
1,constrained_bootstrap,0,29800,100,0.004383694028947502,0.0034712720662355423,1907200
1,constrained_bootstrap,0,29900,100,0.0042342642624862495,0.00262068840675056,1913600
1,constrained_bootstrap,0,30000,100,0.0042017279483843595,0.0024724712129682302,1920000
1,constrained_bootstrap,1,100,100,0.012241294371197,0.00853470154106617,6400
1,constrained_bootstrap,1,200,100,0.010634850931819529,0.031806670129299164,12800
1,constrained_bootstrap,1,300,100,0.010375121661345474,0.015932656824588776,19200
1,constrained_bootstrap,1,400,100,0.00857669849821832,0.0012292092433199286,25600
1,constrained_bootstrap,1,500,100,0.00928916901757475,0.001241570571437478,32000
1,constrained_bootstrap,1,600,100,0.00802022730524186,0.008344721049070358,38400
1,constrained_bootstrap,1,700,100,0.008636659884941764,0.005599698517471552,44800
1,constrained_bootstrap,1,800,100,0.008179983656154945,0.006589299067854881,51200
1,constrained_bootstrap,1,900,100,0.006709941352601163,0.005519484635442495,57600
1,constrained_bootstrap,1,1000,100,0.006723066669655964,0.011261682026088238,64000
1,constrained_bootstrap,1,1100,100,0.006729902504011989,0.005197344347834587,70400
1,constrained_bootstrap,1,1200,100,0.005819679204141721,0.0070561678148806095,76800
1,constrained_bootstrap,1,1300,100,0.005502803246490657,0.006490799598395824,83200
1,constrained_bootstrap,1,1400,100,0.005243679212871939,0.005148646421730518,89600
1,constrained_bootstrap,1,1500,100,0.0047062654746696355,0.0038532463368028402,96000
1,constrained_bootstrap,1,1600,100,0.005379764982499182,0.002400697208940983,102400
1,constrained_bootstrap,1,1700,100,0.005371429279912263,0.005334462504833937,108800
1,constrained_bootstrap,1,1800,100,0.005283613493666053,0.007813626900315285,115200
1,constrained_bootstrap,1,1900,100,0.005318100007716566,0.004600222222507,121600
1,constrained_bootstrap,1,2000,100,0.004864331047283486,0.002291419543325901,128000
1,constrained_bootstrap,1,2100,100,0.004816931559471414,0.0030527524650096893,134400
1,constrained_bootstrap,1,2200,100,0.005693645776482299,0.005602952092885971,140800
1,constrained_bootstrap,1,2300,100,0.0052385605499148365,0.005598064977675676,147200
1,constrained_bootstrap,1,2400,100,0.00512910203775391,0.005706361029297113,153600
1,constrained_bootstrap,1,2500,100,0.005170210206415504,0.006155030336230993,160000
1,constrained_bootstrap,1,2600,100,0.005116112339310348,0.0028650457970798016,166400
1,constrained_bootstrap,1,2700,100,0.005155087630264461,0.008414597250521183,172800
1,constrained_bootstrap,1,2800,100,0.005255576514173299,0.004071477334946394,179200
1,constrained_bootstrap,1,2900,100,0.005298054011072964,0.005405585281550884,185600
1,constrained_bootstrap,1,3000,100,0.004970528300618753,0.004395086318254471,192000
1,constrained_bootstrap,1,3100,100,0.005467367595992982,0.008861331269145012,198400
1,constrained_bootstrap,1,3200,100,0.004856339462567121,0.006900961510837078,204800
1,constrained_bootstrap,1,3300,100,0.005031096419552341,0.0032582003623247147,211200
1,constrained_bootstrap,1,3400,100,0.005195342842489481,0.0033712531439960003,217600
1,constrained_bootstrap,1,3500,100,0.004809803765965626,0.0038848130498081446,224000
1,constrained_bootstrap,1,3600,100,0.004695768258534372,0.004476476460695267,230400
1,constrained_bootstrap,1,3700,100,0.004730368047021329,0.005023697856813669,236800
1,constrained_bootstrap,1,3800,100,0.004972545977216214,0.007102027535438538,243200
1,constrained_bootstrap,1,3900,100,0.0050273287342861295,0.006953537929803133,249600
1,constrained_bootstrap,1,4000,100,0.005240627329330891,0.005911445245146751,256000
1,constrained_bootstrap,1,4100,100,0.005379895210498944,0.004120633937418461,262400
1,constrained_bootstrap,1,4200,100,0.005173915445338934,0.003331409301608801,268800
1,constrained_bootstrap,1,4300,100,0.005210105397272855,0.00785574410110712,275200
1,constrained_bootstrap,1,4400,100,0.005001111068995669,0.0037214932963252068,281600
1,constrained_bootstrap,1,4500,100,0.005290340450592339,0.004891282878816128,288000
1,constrained_bootstrap,1,4600,100,0.004874616066226736,0.004911846946924925,294400
1,constrained_bootstrap,1,4700,100,0.004625754656735807,0.0040171463042497635,300800
1,constrained_bootstrap,1,4800,100,0.0050562191917560995,0.005400063004344702,307200
1,constrained_bootstrap,1,4900,100,0.004967786548659206,0.003980650566518307,313600
1,constrained_bootstrap,1,5000,100,0.0047576992865651846,0.004395500291138887,320000
1,constrained_bootstrap,1,5100,100,0.004754726754035801,0.004922558553516865,326400
1,constrained_bootstrap,1,5200,100,0.004898899274412543,0.009977014735341072,332800
1,constrained_bootstrap,1,5300,100,0.004803853021003306,0.003033248707652092,339200
1,constrained_bootstrap,1,5400,100,0.005055994433350861,0.006816682871431112,345600
1,constrained_bootstrap,1,5500,100,0.004536004534456879,0.003318089060485363,352000
1,constrained_bootstrap,1,5600,100,0.004465253746602684,0.003478253958746791,358400
1,constrained_bootstrap,1,5700,100,0.00452061825315468,0.00407787598669529,364800
1,constrained_bootstrap,1,5800,100,0.004592482729349285,0.003444827627390623,371200
1,constrained_bootstrap,1,5900,100,0.004776438227854669,0.004669470712542534,377600
1,constrained_bootstrap,1,6000,100,0.004660801946884021,0.005722548812627792,384000
1,constrained_bootstrap,1,6100,100,0.0048272170010022816,0.012939725071191788,390400
1,constrained_bootstrap,1,6200,100,0.004812998662237078,0.006149382796138525,396800
1,constrained_bootstrap,1,6300,100,0.004864021462853998,0.005061411764472723,403200
1,constrained_bootstrap,1,6400,100,0.004542015460319817,0.004205428063869476,409600
1,constrained_bootstrap,1,6500,100,0.004562420587753877,0.005483068525791168,416000
1,constrained_bootstrap,1,6600,100,0.004830473178299144,0.004538691136986017,422400
1,constrained_bootstrap,1,6700,100,0.004625716278096661,0.007900847122073174,428800
1,constrained_bootstrap,1,6800,100,0.004803828606382013,0.003658090950921178,435200
1,constrained_bootstrap,1,6900,100,0.004666308268206194,0.0035618653055280447,441600
1,constrained_bootstrap,1,7000,100,0.004783038914902136,0.004352564923465252,448000
1,constrained_bootstrap,1,7100,100,0.004637597474502399,0.0027442974969744682,454400
1,constrained_bootstrap,1,7200,100,0.0045220645470544696,0.004831154365092516,460800
1,constrained_bootstrap,1,7300,100,0.004936586758121848,0.006480284966528416,467200
1,constrained_bootstrap,1,7400,100,0.004883574221748859,0.0026652896776795387,473600
1,constrained_bootstrap,1,7500,100,0.004738184426678345,0.003980694804340601,480000
1,constrained_bootstrap,1,7600,100,0.005158947673626244,0.009943369776010513,486400
1,constrained_bootstrap,1,7700,100,0.005619887546636164,0.0037551848217844963,492800
1,constrained_bootstrap,1,7800,100,0.004965950467158109,0.0025844790507107973,499200
1,constrained_bootstrap,1,7900,100,0.004656577851856128,0.002761227311566472,505600
1,constrained_bootstrap,1,8000,100,0.004589069404173643,0.003716763574630022,512000
1,constrained_bootstrap,1,8100,100,0.004698000440839678,0.004570360295474529,518400
1,constrained_bootstrap,1,8200,100,0.004796343869529664,0.005201433785259724,524800
1,constrained_bootstrap,1,8300,100,0.004765265742316842,0.004012840799987316,531200
1,constrained_bootstrap,1,8400,100,0.004642886690562591,0.004362242296338081,537600
1,constrained_bootstrap,1,8500,100,0.0045032545912545175,0.006242111325263977,544000
1,constrained_bootstrap,1,8600,100,0.004719292602967471,0.003379005938768387,550400
1,constrained_bootstrap,1,8700,100,0.004533828247804195,0.002276604063808918,556800
1,constrained_bootstrap,1,8800,100,0.004445010954514146,0.007291502319276333,563200
1,constrained_bootstrap,1,8900,100,0.004739677598699928,0.003855618415400386,569600
1,constrained_bootstrap,1,9000,100,0.004950871516484767,0.004262156784534454,576000
1,constrained_bootstrap,1,9100,100,0.004862267437856644,0.003762844018638134,582400
1,constrained_bootstrap,1,9200,100,0.00487050739582628,0.006027916446328163,588800
1,constrained_bootstrap,1,9300,100,0.004780118067283183,0.004020191729068756,595200
1,constrained_bootstrap,1,9400,100,0.004951623606029898,0.005365210585296154,601600
1,constrained_bootstrap,1,9500,100,0.005087702826131135,0.005586602259427309,608000
1,constrained_bootstrap,1,9600,100,0.0050897704949602485,0.002464291639626026,614400
1,constrained_bootstrap,1,9700,100,0.004454275234602392,0.003444768488407135,620800
1,constrained_bootstrap,1,9800,100,0.0046831721847411245,0.0049996753223240376,627200
1,constrained_bootstrap,1,9900,100,0.004756453543668613,0.007225165609270334,633600
1,constrained_bootstrap,1,10000,100,0.004849753553280607,0.006050846539437771,640000
1,constrained_bootstrap,1,10100,100,0.00467758130049333,0.003917754162102938,646400
1,constrained_bootstrap,1,10200,100,0.005256401130463928,0.008180445991456509,652800
1,constrained_bootstrap,1,10300,100,0.00472591558471322,0.00444753747433424,659200
1,constrained_bootstrap,1,10400,100,0.005072697640862316,0.0038391156122088432,665600
1,constrained_bootstrap,1,10500,100,0.004648378267884255,0.005194538272917271,672000
1,constrained_bootstrap,1,10600,100,0.004648174803005532,0.004341584630310535,678400
1,constrained_bootstrap,1,10700,100,0.00458718434907496,0.0045504458248615265,684800
1,constrained_bootstrap,1,10800,100,0.004888418079353869,0.0021003091242164373,691200
1,constrained_bootstrap,1,10900,100,0.005420370878418908,0.002716822549700737,697600
1,constrained_bootstrap,1,11000,100,0.004474683203734457,0.0030493438243865967,704000
1,constrained_bootstrap,1,11100,100,0.004462883214000612,0.004066310357302427,710400
1,constrained_bootstrap,1,11200,100,0.004468893849989399,0.0024610243272036314,716800
1,constrained_bootstrap,1,11300,100,0.004675855059176683,0.004019348882138729,723200
1,constrained_bootstrap,1,11400,100,0.004708491538185627,0.005864832084625959,729600
1,constrained_bootstrap,1,11500,100,0.004603687976486981,0.005306887440383434,736000
1,constrained_bootstrap,1,11600,100,0.004857421570923179,0.0026683793403208256,742400
1,constrained_bootstrap,1,11700,100,0.00462632369948551,0.002878355560824275,748800
1,constrained_bootstrap,1,11800,100,0.004549987660720944,0.003137089777737856,755200
1,constrained_bootstrap,1,11900,100,0.0050212019728496675,0.006329608149826527,761600
1,constrained_bootstrap,1,12000,100,0.004756424609804526,0.003619332332164049,768000
1,constrained_bootstrap,1,12100,100,0.00469162161112763,0.003258275333791971,774400
1,constrained_bootstrap,1,12200,100,0.004925850144354626,0.007670353166759014,780800
1,constrained_bootstrap,1,12300,100,0.004519236164633185,0.007909713312983513,787200
1,constrained_bootstrap,1,12400,100,0.004594511683098972,0.00892349798232317,793600
1,constrained_bootstrap,1,12500,100,0.004961562132230028,0.006307567469775677,800000
1,constrained_bootstrap,1,12600,100,0.004680361477658153,0.006697063334286213,806400
1,constrained_bootstrap,1,12700,100,0.004886977775022387,0.004693408031016588,812800
1,constrained_bootstrap,1,12800,100,0.004559175013564527,0.00424649054184556,819200
1,constrained_bootstrap,1,12900,100,0.0044707359280437235,0.0020898827351629734,825600
1,constrained_bootstrap,1,13000,100,0.0045051181956660006,0.00416750181466341,832000
1,constrained_bootstrap,1,13100,100,0.004544058805331588,0.005647348240017891,838400
1,constrained_bootstrap,1,13200,100,0.004584286327008158,0.0028463813941925764,844800
1,constrained_bootstrap,1,13300,100,0.004479114096611738,0.007635067217051983,851200
1,constrained_bootstrap,1,13400,100,0.004433966663200408,0.003946182783693075,857600
1,constrained_bootstrap,1,13500,100,0.004651607638224959,0.0036324630491435528,864000
1,constrained_bootstrap,1,13600,100,0.004644528531935066,0.0030247648246586323,870400
1,constrained_bootstrap,1,13700,100,0.004502213241066783,0.007680690847337246,876800
1,constrained_bootstrap,1,13800,100,0.00488189379684627,0.003975778818130493,883200
1,constrained_bootstrap,1,13900,100,0.004181595431873575,0.00457486417144537,889600
1,constrained_bootstrap,1,14000,100,0.004568717451766133,0.008806021884083748,896000
1,constrained_bootstrap,1,14100,100,0.004493190689245239,0.006572031415998936,902400
1,constrained_bootstrap,1,14200,100,0.004342042650096118,0.002669387264177203,908800
1,constrained_bootstrap,1,14300,100,0.004384070893283933,0.004155468661338091,915200
1,constrained_bootstrap,1,14400,100,0.0046287788194604215,0.004639014136046171,921600
1,constrained_bootstrap,1,14500,100,0.004623627444962039,0.003957055043429136,928000
1,constrained_bootstrap,1,14600,100,0.0046592497196979825,0.005340097937732935,934400
1,constrained_bootstrap,1,14700,100,0.004286932323593646,0.00313964975066483,940800
1,constrained_bootstrap,1,14800,100,0.004918472827412188,0.002390253823250532,947200
1,constrained_bootstrap,1,14900,100,0.0044687280734069645,0.0042379205115139484,953600
1,constrained_bootstrap,1,15000,100,0.004615129416342825,0.005497569218277931,960000
1,constrained_bootstrap,1,15100,100,0.005006736593786627,0.0036089979112148285,966400
1,constrained_bootstrap,1,15200,100,0.004772564534796402,0.007960504852235317,972800
1,constrained_bootstrap,1,15300,100,0.004348993866005913,0.004992428235709667,979200
1,constrained_bootstrap,1,15400,100,0.004598724904935807,0.004344328306615353,985600
1,constrained_bootstrap,1,15500,100,0.004778695214772597,0.012138701044023037,992000
1,constrained_bootstrap,1,15600,100,0.004848720517475158,0.005607961677014828,998400
1,constrained_bootstrap,1,15700,100,0.004692805751692504,0.006352512165904045,1004800
1,constrained_bootstrap,1,15800,100,0.005089077323209495,0.006105385255068541,1011200
1,constrained_bootstrap,1,15900,100,0.004587200052337721,0.004539111163467169,1017600
1,constrained_bootstrap,1,16000,100,0.004470203261589632,0.002492979634553194,1024000
1,constrained_bootstrap,1,16100,100,0.004267124402103945,0.005641217343509197,1030400
1,constrained_bootstrap,1,16200,100,0.004654128637630492,0.005686525255441666,1036800
1,constrained_bootstrap,1,16300,100,0.004492746233008802,0.00576674984768033,1043200
1,constrained_bootstrap,1,16400,100,0.004860070133581758,0.010131753981113434,1049600
1,constrained_bootstrap,1,16500,100,0.004620362506248057,0.002978942822664976,1056000
1,constrained_bootstrap,1,16600,100,0.0046158633031882345,0.007057420909404755,1062400
1,constrained_bootstrap,1,16700,100,0.004612553596962244,0.0046520596370100975,1068800
1,constrained_bootstrap,1,16800,100,0.004976269609760493,0.005334402434527874,1075200
1,constrained_bootstrap,1,16900,100,0.004868236548500136,0.004760202951729298,1081600
1,constrained_bootstrap,1,17000,100,0.004976608895231038,0.004530762322247028,1088000
1,constrained_bootstrap,1,17100,100,0.004711242000339553,0.004738339222967625,1094400
1,constrained_bootstrap,1,17200,100,0.0048484950396232305,0.00662656407803297,1100800
1,constrained_bootstrap,1,17300,100,0.004613616375718266,0.0036816447973251343,1107200
1,constrained_bootstrap,1,17400,100,0.004849696378223598,0.004749047104269266,1113600
1,constrained_bootstrap,1,17500,100,0.004815858091460541,0.0024316408671438694,1120000
1,constrained_bootstrap,1,17600,100,0.004496005587279797,0.002908990951254964,1126400
1,constrained_bootstrap,1,17700,100,0.00405815415433608,0.003697237465530634,1132800
1,constrained_bootstrap,1,17800,100,0.0045974422281142326,0.005059394054114819,1139200
1,constrained_bootstrap,1,17900,100,0.004817193172639236,0.0025873789563775063,1145600
1,constrained_bootstrap,1,18000,100,0.004483849422540515,0.003407633863389492,1152000
1,constrained_bootstrap,1,18100,100,0.004487738900352269,0.0033248052932322025,1158400
1,constrained_bootstrap,1,18200,100,0.004938269620761275,0.007124057970941067,1164800
1,constrained_bootstrap,1,18300,100,0.004310506652109325,0.003754635341465473,1171200
1,constrained_bootstrap,1,18400,100,0.004654835928231477,0.0034786653704941273,1177600
1,constrained_bootstrap,1,18500,100,0.004336002115160227,0.0058557200245559216,1184000
1,constrained_bootstrap,1,18600,100,0.0047782177571207285,0.006032905541360378,1190400
1,constrained_bootstrap,1,18700,100,0.004429046977311373,0.004498462658375502,1196800
1,constrained_bootstrap,1,18800,100,0.004331761212088167,0.002092632232233882,1203200
1,constrained_bootstrap,1,18900,100,0.004528940706513822,0.0030956172849982977,1209600
1,constrained_bootstrap,1,19000,100,0.004576489350292832,0.004666795488446951,1216000
1,constrained_bootstrap,1,19100,100,0.0044775804085657005,0.0035208677873015404,1222400
1,constrained_bootstrap,1,19200,100,0.004742454255465418,0.006749708671122789,1228800
1,constrained_bootstrap,1,19300,100,0.004584888149984181,0.005841466132551432,1235200
1,constrained_bootstrap,1,19400,100,0.004529102640226483,0.004045319277793169,1241600
1,constrained_bootstrap,1,19500,100,0.00464143113582395,0.002963425125926733,1248000
1,constrained_bootstrap,1,19600,100,0.004534763731062413,0.005856069270521402,1254400
1,constrained_bootstrap,1,19700,100,0.004317775157978758,0.005520700477063656,1260800
1,constrained_bootstrap,1,19800,100,0.004367031322326511,0.009780407883226871,1267200
1,constrained_bootstrap,1,19900,100,0.004283543556230143,0.006105076987296343,1273600
1,constrained_bootstrap,1,20000,100,0.004583822879940271,0.004490074701607227,1280000
1,constrained_bootstrap,1,20100,100,0.004679730384377762,0.004224981646984816,1286400
1,constrained_bootstrap,1,20200,100,0.004510298054665327,0.00394104840233922,1292800
1,constrained_bootstrap,1,20300,100,0.004834129570517689,0.004977879114449024,1299200
1,constrained_bootstrap,1,20400,100,0.004804040663875639,0.004993608687072992,1305600
1,constrained_bootstrap,1,20500,100,0.004433129408862441,0.0046867504715919495,1312000
1,constrained_bootstrap,1,20600,100,0.004403112945146859,0.006223929580301046,1318400
1,constrained_bootstrap,1,20700,100,0.004626447381451726,0.00651341350749135,1324800
1,constrained_bootstrap,1,20800,100,0.004647065226454288,0.004700610879808664,1331200
1,constrained_bootstrap,1,20900,100,0.004711026845034212,0.005810907576233149,1337600
1,constrained_bootstrap,1,21000,100,0.004693236177554354,0.003380024107173085,1344000
1,constrained_bootstrap,1,21100,100,0.004739132386166602,0.0059472667053341866,1350400
1,constrained_bootstrap,1,21200,100,0.004388595223426819,0.005741449072957039,1356800
1,constrained_bootstrap,1,21300,100,0.004420065064914524,0.00339833227917552,1363200
1,constrained_bootstrap,1,21400,100,0.004526167094008997,0.003257991513237357,1369600
1,constrained_bootstrap,1,21500,100,0.004637623447924852,0.0033407642040401697,1376000
1,constrained_bootstrap,1,21600,100,0.004676464619114995,0.006864558905363083,1382400
1,constrained_bootstrap,1,21700,100,0.004166730778524652,0.00548158586025238,1388800
1,constrained_bootstrap,1,21800,100,0.004681073548272252,0.003591854590922594,1395200
1,constrained_bootstrap,1,21900,100,0.004396829877514392,0.004194575361907482,1401600
1,constrained_bootstrap,1,22000,100,0.004352863639360294,0.0023392229340970516,1408000
1,constrained_bootstrap,1,22100,100,0.0046282680344302204,0.0026534085627645254,1414400
1,constrained_bootstrap,1,22200,100,0.004679430271498859,0.004026747774332762,1420800
1,constrained_bootstrap,1,22300,100,0.004910686577204615,0.00243926327675581,1427200
1,constrained_bootstrap,1,22400,100,0.004718466496560722,0.004782884381711483,1433600
1,constrained_bootstrap,1,22500,100,0.005094563246238977,0.004276115447282791,1440000
1,constrained_bootstrap,1,22600,100,0.004333188622258604,0.0016968816053122282,1446400
1,constrained_bootstrap,1,22700,100,0.004357053069397807,0.003725876100361347,1452800
1,constrained_bootstrap,1,22800,100,0.004512210343964398,0.004052777774631977,1459200
1,constrained_bootstrap,1,22900,100,0.00422449906822294,0.0032824052032083273,1465600
1,constrained_bootstrap,1,23000,100,0.004206254906021059,0.0034293164499104023,1472000
1,constrained_bootstrap,1,23100,100,0.00483709076535888,0.0026633800007402897,1478400
1,constrained_bootstrap,1,23200,100,0.0046566211350727825,0.002608871553093195,1484800
1,constrained_bootstrap,1,23300,100,0.004777275961823761,0.009477827697992325,1491200
1,constrained_bootstrap,1,23400,100,0.004701372089330107,0.00381526630371809,1497600
1,constrained_bootstrap,1,23500,100,0.0045024181948974725,0.0041985902935266495,1504000
1,constrained_bootstrap,1,23600,100,0.004672608829569071,0.003389025339856744,1510400
1,constrained_bootstrap,1,23700,100,0.004380858419463039,0.004041237756609917,1516800
1,constrained_bootstrap,1,23800,100,0.004488691503647715,0.002941443119198084,1523200
1,constrained_bootstrap,1,23900,100,0.004509617496514693,0.0037230695597827435,1529600
1,constrained_bootstrap,1,24000,100,0.004526564292609692,0.003951565362513065,1536000
1,constrained_bootstrap,1,24100,100,0.004270861914847046,0.0033696929458528757,1542400
1,constrained_bootstrap,1,24200,100,0.00441995766479522,0.0030089523643255234,1548800
1,constrained_bootstrap,1,24300,100,0.004489558021305129,0.002207889687269926,1555200
1,constrained_bootstrap,1,24400,100,0.004568001111038029,0.003938445821404457,1561600
1,constrained_bootstrap,1,24500,100,0.004447754011489451,0.004065022803843021,1568000
1,constrained_bootstrap,1,24600,100,0.004282551818760112,0.0026077935472130775,1574400
1,constrained_bootstrap,1,24700,100,0.004818390565924346,0.0033610898535698652,1580800
1,constrained_bootstrap,1,24800,100,0.0045653845637571066,0.00825522467494011,1587200
1,constrained_bootstrap,1,24900,100,0.004380485503934324,0.0038979274686425924,1593600
1,constrained_bootstrap,1,25000,100,0.004636421059258282,0.007157264277338982,1600000
1,constrained_bootstrap,1,25100,100,0.00480235586874187,0.0037197135388851166,1606400
1,constrained_bootstrap,1,25200,100,0.004746718565002084,0.005155773367732763,1612800
1,constrained_bootstrap,1,25300,100,0.004693981776945293,0.0023519471287727356,1619200
1,constrained_bootstrap,1,25400,100,0.004347447771579027,0.003134937956929207,1625600
1,constrained_bootstrap,1,25500,100,0.004438804571982473,0.004105525556951761,1632000
1,constrained_bootstrap,1,25600,100,0.0045917150063905865,0.004433086141943932,1638400
1,constrained_bootstrap,1,25700,100,0.0044809505273588,0.0027786141727119684,1644800
1,constrained_bootstrap,1,25800,100,0.004586737363133579,0.0085464958101511,1651200
1,constrained_bootstrap,1,25900,100,0.004695503957336768,0.0042730350978672504,1657600
1,constrained_bootstrap,1,26000,100,0.004362744321115315,0.002603531815111637,1664000
1,constrained_bootstrap,1,26100,100,0.004621871188282967,0.006732470355927944,1670400
1,constrained_bootstrap,1,26200,100,0.004358007899718359,0.0030412969645112753,1676800
1,constrained_bootstrap,1,26300,100,0.004418688374571502,0.0102947186678648,1683200
1,constrained_bootstrap,1,26400,100,0.0047187147114891555,0.0031077275052666664,1689600
1,constrained_bootstrap,1,26500,100,0.004722252632491291,0.005167926661670208,1696000
1,constrained_bootstrap,1,26600,100,0.004668877124786377,0.005029068328440189,1702400
1,constrained_bootstrap,1,26700,100,0.004580032974481583,0.0021644062362611294,1708800
1,constrained_bootstrap,1,26800,100,0.004721131811384112,0.0020939819514751434,1715200
1,constrained_bootstrap,1,26900,100,0.004739490491338074,0.004214021842926741,1721600
1,constrained_bootstrap,1,27000,100,0.004615397911984473,0.006409847177565098,1728000
1,constrained_bootstrap,1,27100,100,0.004506511136423796,0.0038587700109928846,1734400
1,constrained_bootstrap,1,27200,100,0.004680490454193205,0.007305458653718233,1740800
1,constrained_bootstrap,1,27300,100,0.005025585134280846,0.00426632072776556,1747200
1,constrained_bootstrap,1,27400,100,0.004742922191508114,0.005435111001133919,1753600
1,constrained_bootstrap,1,27500,100,0.004736852876376361,0.002899297047406435,1760000
1,constrained_bootstrap,1,27600,100,0.005115888549480588,0.0035844664089381695,1766400
1,constrained_bootstrap,1,27700,100,0.0044879390019923445,0.004114451818168163,1772800
1,constrained_bootstrap,1,27800,100,0.004570789254503324,0.0050920769572257996,1779200
1,constrained_bootstrap,1,27900,100,0.0045338919386267666,0.005622116383165121,1785600
1,constrained_bootstrap,1,28000,100,0.004547414614353329,0.003687682095915079,1792000
1,constrained_bootstrap,1,28100,100,0.004478908523451537,0.004242781084030867,1798400
1,constrained_bootstrap,1,28200,100,0.0044842196139506995,0.005493961274623871,1804800
1,constrained_bootstrap,1,28300,100,0.0049124241597019135,0.004356037825345993,1811200
1,constrained_bootstrap,1,28400,100,0.004565843511372804,0.004869664087891579,1817600
1,constrained_bootstrap,1,28500,100,0.00461226957035251,0.006374451331794262,1824000
1,constrained_bootstrap,1,28600,100,0.004554423510562629,0.0038347006775438786,1830400
1,constrained_bootstrap,1,28700,100,0.004292239060159773,0.005007929168641567,1836800
1,constrained_bootstrap,1,28800,100,0.004148091383976862,0.0031162509694695473,1843200
1,constrained_bootstrap,1,28900,100,0.004695604770677164,0.004226327873766422,1849600
1,constrained_bootstrap,1,29000,100,0.0047296824725344775,0.0031871474348008633,1856000
1,constrained_bootstrap,1,29100,100,0.004795225666603073,0.008194957859814167,1862400
1,constrained_bootstrap,1,29200,100,0.004373099380172789,0.0027412562631070614,1868800
1,constrained_bootstrap,1,29300,100,0.004782516052946448,0.0048172352835536,1875200
1,constrained_bootstrap,1,29400,100,0.004601665181107819,0.004870098549872637,1881600
1,constrained_bootstrap,1,29500,100,0.004789677319349721,0.0029207400511950254,1888000
1,constrained_bootstrap,1,29600,100,0.004694566425168887,0.005565643310546875,1894400
1,constrained_bootstrap,1,29700,100,0.004947354753967375,0.0043623801320791245,1900800
1,constrained_bootstrap,1,29800,100,0.005009734641062096,0.0056407153606414795,1907200
1,constrained_bootstrap,1,29900,100,0.004524482417618856,0.002806346630677581,1913600
1,constrained_bootstrap,1,30000,100,0.00451984689803794,0.005883714184165001,1920000
1,constrained_bootstrap,2,100,100,0.009899125513620675,0.011374697089195251,6400
1,constrained_bootstrap,2,200,100,0.00831759548629634,0.020383615046739578,12800
1,constrained_bootstrap,2,300,100,0.008234804982785136,0.020391443744301796,19200
1,constrained_bootstrap,2,400,100,0.007861980069428683,0.006956404075026512,25600
1,constrained_bootstrap,2,500,100,0.008868439212674275,0.0016309063648805022,32000
1,constrained_bootstrap,2,600,100,0.007636991709587164,0.001510437810793519,38400
1,constrained_bootstrap,2,700,100,0.0075940615893341605,0.007315058261156082,44800
1,constrained_bootstrap,2,800,100,0.007128069769823924,0.0015418921830132604,51200
1,constrained_bootstrap,2,900,100,0.006906028985977173,0.007201237604022026,57600
1,constrained_bootstrap,2,1000,100,0.006183386218035594,0.005632053595036268,64000
1,constrained_bootstrap,2,1100,100,0.005983124593039974,0.009287159889936447,70400
1,constrained_bootstrap,2,1200,100,0.005960557163925842,0.005490278359502554,76800
1,constrained_bootstrap,2,1300,100,0.005487511191749945,0.003177317325025797,83200
1,constrained_bootstrap,2,1400,100,0.0055148674442898485,0.004721799865365028,89600
1,constrained_bootstrap,2,1500,100,0.004878885521320626,0.001759641687385738,96000
1,constrained_bootstrap,2,1600,100,0.004869782933965326,0.0062285782769322395,102400
1,constrained_bootstrap,2,1700,100,0.0049430029897484925,0.004595302976667881,108800
1,constrained_bootstrap,2,1800,100,0.004872392860706895,0.0068228356540203094,115200
1,constrained_bootstrap,2,1900,100,0.005242099438328296,0.007944896817207336,121600
1,constrained_bootstrap,2,2000,100,0.005331208419520408,0.005536720156669617,128000
1,constrained_bootstrap,2,2100,100,0.005117287191096693,0.004252760671079159,134400
1,constrained_bootstrap,2,2200,100,0.005292418752796948,0.0033635045401751995,140800
1,constrained_bootstrap,2,2300,100,0.004816081257304177,0.005992557387799025,147200
1,constrained_bootstrap,2,2400,100,0.004919193509267643,0.005864524748176336,153600
1,constrained_bootstrap,2,2500,100,0.005183823009720073,0.005240447819232941,160000
1,constrained_bootstrap,2,2600,100,0.005108122071251273,0.005151605699211359,166400
1,constrained_bootstrap,2,2700,100,0.005419172793626786,0.0033235247246921062,172800
1,constrained_bootstrap,2,2800,100,0.005498252145480364,0.00239480915479362,179200
1,constrained_bootstrap,2,2900,100,0.005315690729767084,0.003328010905534029,185600
1,constrained_bootstrap,2,3000,100,0.005374898873269558,0.009043801575899124,192000
1,constrained_bootstrap,2,3100,100,0.00506202157586813,0.005078121088445187,198400
1,constrained_bootstrap,2,3200,100,0.005166579231154173,0.0035155601799488068,204800
1,constrained_bootstrap,2,3300,100,0.004890776162501425,0.004585506860166788,211200
1,constrained_bootstrap,2,3400,100,0.005162935731932521,0.005293763242661953,217600
1,constrained_bootstrap,2,3500,100,0.0050266218557953836,0.0052034324035048485,224000
1,constrained_bootstrap,2,3600,100,0.005176505350973457,0.007632182911038399,230400
1,constrained_bootstrap,2,3700,100,0.004886135029373691,0.00720713846385479,236800
1,constrained_bootstrap,2,3800,100,0.004541041413322091,0.004386120475828648,243200
1,constrained_bootstrap,2,3900,100,0.005223654147703201,0.002193107269704342,249600
1,constrained_bootstrap,2,4000,100,0.005142686245962977,0.0032086679711937904,256000
1,constrained_bootstrap,2,4100,100,0.0046641430747695264,0.005601819604635239,262400
1,constrained_bootstrap,2,4200,100,0.004953262531198561,0.00571521045640111,268800
1,constrained_bootstrap,2,4300,100,0.004851918678032235,0.005544517654925585,275200
1,constrained_bootstrap,2,4400,100,0.004803493118379265,0.0040349578484892845,281600
1,constrained_bootstrap,2,4500,100,0.004956594151444733,0.004806237760931253,288000
1,constrained_bootstrap,2,4600,100,0.005025454452261329,0.004122610203921795,294400
1,constrained_bootstrap,2,4700,100,0.004780290299095213,0.004663593135774136,300800
1,constrained_bootstrap,2,4800,100,0.004826571104349569,0.008574431762099266,307200
1,constrained_bootstrap,2,4900,100,0.004770675648469478,0.003594588488340378,313600
1,constrained_bootstrap,2,5000,100,0.004886687538819387,0.004530603997409344,320000
1,constrained_bootstrap,2,5100,100,0.004804357748944312,0.002010481432080269,326400
1,constrained_bootstrap,2,5200,100,0.00461824489524588,0.00547561701387167,332800
1,constrained_bootstrap,2,5300,100,0.004491045600734651,0.004691447131335735,339200
1,constrained_bootstrap,2,5400,100,0.004733837341191247,0.00461859256029129,345600
1,constrained_bootstrap,2,5500,100,0.004757933118380606,0.0025891861878335476,352000
1,constrained_bootstrap,2,5600,100,0.004687108334619552,0.002882500411942601,358400
1,constrained_bootstrap,2,5700,100,0.0048517923499457535,0.005324880592525005,364800
1,constrained_bootstrap,2,5800,100,0.004666901966556907,0.006603668909519911,371200
1,constrained_bootstrap,2,5900,100,0.004629076430574059,0.0038817781023681164,377600
1,constrained_bootstrap,2,6000,100,0.00470092510804534,0.0031970918644219637,384000
1,constrained_bootstrap,2,6100,100,0.005049276745412498,0.0035585181321948767,390400
1,constrained_bootstrap,2,6200,100,0.004931739915627986,0.005101730115711689,396800
1,constrained_bootstrap,2,6300,100,0.004710682788863778,0.0034495689906179905,403200
1,constrained_bootstrap,2,6400,100,0.004421286967117339,0.0028715834487229586,409600
1,constrained_bootstrap,2,6500,100,0.0047186851967126135,0.005213174968957901,416000
1,constrained_bootstrap,2,6600,100,0.004638823119457811,0.0036900388076901436,422400
1,constrained_bootstrap,2,6700,100,0.004749820900615305,0.0026619459968060255,428800
1,constrained_bootstrap,2,6800,100,0.004342136207269504,0.003113312181085348,435200
1,constrained_bootstrap,2,6900,100,0.005098006962798536,0.003689209930598736,441600
1,constrained_bootstrap,2,7000,100,0.004786786383483559,0.004167111590504646,448000
1,constrained_bootstrap,2,7100,100,0.004876234309049324,0.004958787001669407,454400
1,constrained_bootstrap,2,7200,100,0.004782213428989053,0.0022627892903983593,460800
1,constrained_bootstrap,2,7300,100,0.004568220828659832,0.004310042597353458,467200
1,constrained_bootstrap,2,7400,100,0.004652234102832153,0.0029893345199525356,473600
1,constrained_bootstrap,2,7500,100,0.004544298781547695,0.0028665782883763313,480000
1,constrained_bootstrap,2,7600,100,0.004947333836462349,0.0035095238126814365,486400
1,constrained_bootstrap,2,7700,100,0.0052359680575318635,0.003992984537035227,492800
1,constrained_bootstrap,2,7800,100,0.0051710220775567,0.005664628930389881,499200
1,constrained_bootstrap,2,7900,100,0.004531595135340467,0.0037747183814644814,505600
1,constrained_bootstrap,2,8000,100,0.004588406259426847,0.001925756107084453,512000
1,constrained_bootstrap,2,8100,100,0.004611754454672336,0.004615248180925846,518400
1,constrained_bootstrap,2,8200,100,0.004880683536175639,0.005309822969138622,524800
1,constrained_bootstrap,2,8300,100,0.004566176749067381,0.003384294919669628,531200
1,constrained_bootstrap,2,8400,100,0.004856568465474993,0.004656698554754257,537600
1,constrained_bootstrap,2,8500,100,0.004773427480831743,0.005054180044680834,544000
1,constrained_bootstrap,2,8600,100,0.004600384600926191,0.00646775308996439,550400
1,constrained_bootstrap,2,8700,100,0.004527691148687154,0.003804426174610853,556800
1,constrained_bootstrap,2,8800,100,0.00482524607796222,0.005183310713618994,563200
1,constrained_bootstrap,2,8900,100,0.0050686160405166445,0.0031836703419685364,569600
1,constrained_bootstrap,2,9000,100,0.0048818803671747445,0.0036932569928467274,576000
1,constrained_bootstrap,2,9100,100,0.0046340079652145505,0.004710392095148563,582400
1,constrained_bootstrap,2,9200,100,0.004601534493267536,0.003893807530403137,588800
1,constrained_bootstrap,2,9300,100,0.004956375870388001,0.0057572657242417336,595200
1,constrained_bootstrap,2,9400,100,0.00488702328177169,0.002764268545433879,601600
1,constrained_bootstrap,2,9500,100,0.004552116473205387,0.004430301953107119,608000
1,constrained_bootstrap,2,9600,100,0.004368632072582841,0.0037975627928972244,614400
1,constrained_bootstrap,2,9700,100,0.004569606714649126,0.002544204005971551,620800
1,constrained_bootstrap,2,9800,100,0.0048114207806065675,0.004904288798570633,627200
1,constrained_bootstrap,2,9900,100,0.004415503747295589,0.0036924087908118963,633600
1,constrained_bootstrap,2,10000,100,0.004442365780705586,0.0035328008234500885,640000
1,constrained_bootstrap,2,10100,100,0.004381764004938305,0.006093725562095642,646400
1,constrained_bootstrap,2,10200,100,0.004461805206956342,0.008436646312475204,652800
1,constrained_bootstrap,2,10300,100,0.004773524864576757,0.006627369672060013,659200
1,constrained_bootstrap,2,10400,100,0.00483256300794892,0.0015435685636475682,665600
1,constrained_bootstrap,2,10500,100,0.004556152306031435,0.0026382601354271173,672000
1,constrained_bootstrap,2,10600,100,0.004235318527789787,0.005307624116539955,678400
1,constrained_bootstrap,2,10700,100,0.004729104344733059,0.0023664101026952267,684800
1,constrained_bootstrap,2,10800,100,0.004556280809920281,0.0036164778284728527,691200
1,constrained_bootstrap,2,10900,100,0.004815715741133317,0.004488083533942699,697600
1,constrained_bootstrap,2,11000,100,0.004630218133097514,0.008152319118380547,704000
1,constrained_bootstrap,2,11100,100,0.0049363371194340285,0.004484971519559622,710400
1,constrained_bootstrap,2,11200,100,0.004452132558217272,0.0027624170761555433,716800
1,constrained_bootstrap,2,11300,100,0.004712438422720879,0.0015361140249297023,723200
1,constrained_bootstrap,2,11400,100,0.004617766790324822,0.004234799183905125,729600
1,constrained_bootstrap,2,11500,100,0.004742665875237435,0.003963079769164324,736000
1,constrained_bootstrap,2,11600,100,0.004334643303882331,0.004644573666155338,742400
1,constrained_bootstrap,2,11700,100,0.004940893955063075,0.002957161283120513,748800
1,constrained_bootstrap,2,11800,100,0.0045304437598679215,0.003858811454847455,755200
1,constrained_bootstrap,2,11900,100,0.00457697500474751,0.009592626243829727,761600
1,constrained_bootstrap,2,12000,100,0.004827323772478849,0.004657460376620293,768000
1,constrained_bootstrap,2,12100,100,0.005037304559955373,0.005687408149242401,774400
1,constrained_bootstrap,2,12200,100,0.004563254229724407,0.008599687367677689,780800
1,constrained_bootstrap,2,12300,100,0.004729876804631204,0.011466095224022865,787200
1,constrained_bootstrap,2,12400,100,0.0045108518516644835,0.007478495594114065,793600
1,constrained_bootstrap,2,12500,100,0.004607726349495351,0.0035077757202088833,800000
1,constrained_bootstrap,2,12600,100,0.004907880914397538,0.005589774809777737,806400
1,constrained_bootstrap,2,12700,100,0.005073492266237736,0.005880425218492746,812800
1,constrained_bootstrap,2,12800,100,0.004452255180804059,0.002834571758285165,819200
1,constrained_bootstrap,2,12900,100,0.004875258707907051,0.003940047230571508,825600
1,constrained_bootstrap,2,13000,100,0.004921187963336706,0.006401888560503721,832000
1,constrained_bootstrap,2,13100,100,0.004532970699947327,0.0030209666583687067,838400
1,constrained_bootstrap,2,13200,100,0.004648630577139557,0.008042553439736366,844800
1,constrained_bootstrap,2,13300,100,0.004355967023875564,0.0050280168652534485,851200
1,constrained_bootstrap,2,13400,100,0.004714364362880588,0.003793458454310894,857600
1,constrained_bootstrap,2,13500,100,0.0049315803591161965,0.003650087397545576,864000
1,constrained_bootstrap,2,13600,100,0.004620661353692412,0.004567837808281183,870400
1,constrained_bootstrap,2,13700,100,0.004695813695434481,0.004465741105377674,876800
1,constrained_bootstrap,2,13800,100,0.004582696477882564,0.0065616462379693985,883200
1,constrained_bootstrap,2,13900,100,0.004367043399251997,0.005664210766553879,889600
1,constrained_bootstrap,2,14000,100,0.004489255361258984,0.008351132273674011,896000
1,constrained_bootstrap,2,14100,100,0.0043976701493375,0.004505849443376064,902400
1,constrained_bootstrap,2,14200,100,0.004144904729910195,0.0022296924144029617,908800
1,constrained_bootstrap,2,14300,100,0.004572676152456552,0.00375633267685771,915200
1,constrained_bootstrap,2,14400,100,0.004690315953921526,0.006515986286103725,921600
1,constrained_bootstrap,2,14500,100,0.004586242551449686,0.009016493335366249,928000
1,constrained_bootstrap,2,14600,100,0.00437867067521438,0.0021942981984466314,934400
1,constrained_bootstrap,2,14700,100,0.004945602901279926,0.003619945142418146,940800
1,constrained_bootstrap,2,14800,100,0.004643724043853581,0.005374711938202381,947200
1,constrained_bootstrap,2,14900,100,0.004909154113847763,0.0043869963847100735,953600
1,constrained_bootstrap,2,15000,100,0.0047511603543534875,0.0028023915365338326,960000
1,constrained_bootstrap,2,15100,100,0.0043291696975938975,0.005771406460553408,966400
1,constrained_bootstrap,2,15200,100,0.004457731521688402,0.003861027304083109,972800
1,constrained_bootstrap,2,15300,100,0.004424370294436812,0.005862564314156771,979200
1,constrained_bootstrap,2,15400,100,0.004737566066905856,0.004718645475804806,985600
1,constrained_bootstrap,2,15500,100,0.004598568554501981,0.004308086819946766,992000
1,constrained_bootstrap,2,15600,100,0.00478441777639091,0.00551297003403306,998400
1,constrained_bootstrap,2,15700,100,0.004738046177662909,0.003528548637405038,1004800
1,constrained_bootstrap,2,15800,100,0.004426798298954964,0.006062113679945469,1011200
1,constrained_bootstrap,2,15900,100,0.004334268567617983,0.0032587351743131876,1017600
1,constrained_bootstrap,2,16000,100,0.004496534849749878,0.0026579720433801413,1024000
1,constrained_bootstrap,2,16100,100,0.004656259824987501,0.003604915924370289,1030400
1,constrained_bootstrap,2,16200,100,0.0053443526127375665,0.003776031080633402,1036800
1,constrained_bootstrap,2,16300,100,0.004480278401169926,0.0044649867340922356,1043200
1,constrained_bootstrap,2,16400,100,0.004828282594680786,0.003064936026930809,1049600
1,constrained_bootstrap,2,16500,100,0.004750558652449399,0.0048122527077794075,1056000
1,constrained_bootstrap,2,16600,100,0.004376562663819641,0.00478761363774538,1062400
1,constrained_bootstrap,2,16700,100,0.004676217047963291,0.0032324641942977905,1068800
1,constrained_bootstrap,2,16800,100,0.004625628897920251,0.0034948636312037706,1075200
1,constrained_bootstrap,2,16900,100,0.004614181404467672,0.0017107264138758183,1081600
1,constrained_bootstrap,2,17000,100,0.00476701652049087,0.00720200827345252,1088000
1,constrained_bootstrap,2,17100,100,0.004845264959149062,0.004087819717824459,1094400
1,constrained_bootstrap,2,17200,100,0.004586665974929929,0.0036014614161103964,1100800
1,constrained_bootstrap,2,17300,100,0.0047115516313351695,0.005985963623970747,1107200
1,constrained_bootstrap,2,17400,100,0.0043327113217674195,0.0030752085149288177,1113600
1,constrained_bootstrap,2,17500,100,0.004346095435321331,0.003535635769367218,1120000
1,constrained_bootstrap,2,17600,100,0.004613351962761953,0.004412347916513681,1126400
1,constrained_bootstrap,2,17700,100,0.004429143941961229,0.010156449861824512,1132800
1,constrained_bootstrap,2,17800,100,0.004851009877165779,0.004012804012745619,1139200
1,constrained_bootstrap,2,17900,100,0.004688439420424402,0.008617431856691837,1145600
1,constrained_bootstrap,2,18000,100,0.004871031783986837,0.004248279146850109,1152000
1,constrained_bootstrap,2,18100,100,0.004517044593812898,0.008543894626200199,1158400
1,constrained_bootstrap,2,18200,100,0.004570800019428134,0.003894871100783348,1164800
1,constrained_bootstrap,2,18300,100,0.004747765887295827,0.005381439346820116,1171200
1,constrained_bootstrap,2,18400,100,0.004584050794364885,0.003619444090873003,1177600
1,constrained_bootstrap,2,18500,100,0.0042590015125460925,0.003839414566755295,1184000
1,constrained_bootstrap,2,18600,100,0.004281304145697504,0.0024928413331508636,1190400
1,constrained_bootstrap,2,18700,100,0.004749150318093598,0.0037451493553817272,1196800
1,constrained_bootstrap,2,18800,100,0.004577673592139036,0.004156975541263819,1203200
1,constrained_bootstrap,2,18900,100,0.004519946535583586,0.006535264663398266,1209600
1,constrained_bootstrap,2,19000,100,0.004486892324639485,0.006905120797455311,1216000
1,constrained_bootstrap,2,19100,100,0.004831227837130427,0.004327882081270218,1222400
1,constrained_bootstrap,2,19200,100,0.004616857911460101,0.0035813581198453903,1228800
1,constrained_bootstrap,2,19300,100,0.004464170602150261,0.007277294993400574,1235200
1,constrained_bootstrap,2,19400,100,0.004064195677638054,0.003753519617021084,1241600
1,constrained_bootstrap,2,19500,100,0.004520217715762556,0.004689054563641548,1248000
1,constrained_bootstrap,2,19600,100,0.004279857573565095,0.002970503643155098,1254400
1,constrained_bootstrap,2,19700,100,0.004416280332952738,0.006112086586654186,1260800
1,constrained_bootstrap,2,19800,100,0.004542459540534765,0.0035041978117078543,1267200
1,constrained_bootstrap,2,19900,100,0.0042477079119998965,0.004267605021595955,1273600
1,constrained_bootstrap,2,20000,100,0.004487420001532882,0.003646139521151781,1280000
1,constrained_bootstrap,2,20100,100,0.004589166449150071,0.0025807747151702642,1286400
1,constrained_bootstrap,2,20200,100,0.0045229580660816286,0.002811458893120289,1292800
1,constrained_bootstrap,2,20300,100,0.004759002747014165,0.004912158474326134,1299200
1,constrained_bootstrap,2,20400,100,0.004291766316164285,0.00456630066037178,1305600
1,constrained_bootstrap,2,20500,100,0.004112434177659452,0.003308315295726061,1312000
1,constrained_bootstrap,2,20600,100,0.004488320844247937,0.006121349986642599,1318400
1,constrained_bootstrap,2,20700,100,0.004789038541493937,0.004376544151455164,1324800
1,constrained_bootstrap,2,20800,100,0.004674329301342368,0.0031677791848778725,1331200
1,constrained_bootstrap,2,20900,100,0.0046400225372053685,0.00307499710470438,1337600
1,constrained_bootstrap,2,21000,100,0.004520548640284687,0.00563463382422924,1344000
1,constrained_bootstrap,2,21100,100,0.004805487401317805,0.004396575503051281,1350400
1,constrained_bootstrap,2,21200,100,0.004587885272921994,0.003523946739733219,1356800
1,constrained_bootstrap,2,21300,100,0.004508404436055571,0.004789142403751612,1363200
1,constrained_bootstrap,2,21400,100,0.004813627537805587,0.003372538834810257,1369600
1,constrained_bootstrap,2,21500,100,0.00448164806002751,0.003947027027606964,1376000
1,constrained_bootstrap,2,21600,100,0.004668254728894681,0.0065049948170781136,1382400
1,constrained_bootstrap,2,21700,100,0.0043861577892676,0.0028645158745348454,1388800
1,constrained_bootstrap,2,21800,100,0.004384394203079864,0.003646519500762224,1395200
1,constrained_bootstrap,2,21900,100,0.004664317074930296,0.0044511305168271065,1401600
1,constrained_bootstrap,2,22000,100,0.005003461239393801,0.002471811603754759,1408000
1,constrained_bootstrap,2,22100,100,0.004442800835240632,0.004361129365861416,1414400
1,constrained_bootstrap,2,22200,100,0.004432098435936496,0.004422615747898817,1420800
1,constrained_bootstrap,2,22300,100,0.004661041218787432,0.003923442214727402,1427200
1,constrained_bootstrap,2,22400,100,0.004712898293510079,0.004218382760882378,1433600
1,constrained_bootstrap,2,22500,100,0.004293587892316281,0.0027709142304956913,1440000
1,constrained_bootstrap,2,22600,100,0.004494208891410381,0.002879347186535597,1446400
1,constrained_bootstrap,2,22700,100,0.004361892151646316,0.004427491687238216,1452800
1,constrained_bootstrap,2,22800,100,0.004448949588695541,0.004173798952251673,1459200
1,constrained_bootstrap,2,22900,100,0.004842868628911674,0.004043412860482931,1465600
1,constrained_bootstrap,2,23000,100,0.004343209547223523,0.005487952381372452,1472000
1,constrained_bootstrap,2,23100,100,0.004459970361785963,0.006221270188689232,1478400
1,constrained_bootstrap,2,23200,100,0.004984424421563744,0.005020251497626305,1484800
1,constrained_bootstrap,2,23300,100,0.004707189393229783,0.001973323291167617,1491200
1,constrained_bootstrap,2,23400,100,0.0047097122203558685,0.0037183337844908237,1497600
1,constrained_bootstrap,2,23500,100,0.00441030407557264,0.004239156376570463,1504000
1,constrained_bootstrap,2,23600,100,0.004673967696726322,0.002707742154598236,1510400
1,constrained_bootstrap,2,23700,100,0.004546334862243384,0.0023324075154960155,1516800
1,constrained_bootstrap,2,23800,100,0.004245379965286702,0.004158486146479845,1523200
1,constrained_bootstrap,2,23900,100,0.004522215852048248,0.004143812227994204,1529600
1,constrained_bootstrap,2,24000,100,0.004700141289504245,0.004910603631287813,1536000
1,constrained_bootstrap,2,24100,100,0.004631977188400924,0.003010268323123455,1542400
1,constrained_bootstrap,2,24200,100,0.004425042702350766,0.008467691019177437,1548800
1,constrained_bootstrap,2,24300,100,0.004404115532524884,0.008653064258396626,1555200
1,constrained_bootstrap,2,24400,100,0.004359092375962064,0.0032907670829445124,1561600
1,constrained_bootstrap,2,24500,100,0.004246069843648001,0.002922162413597107,1568000
1,constrained_bootstrap,2,24600,100,0.00448701063869521,0.0029420247301459312,1574400
1,constrained_bootstrap,2,24700,100,0.0042314034909941255,0.004996218252927065,1580800
1,constrained_bootstrap,2,24800,100,0.00474358691368252,0.0071602920070290565,1587200
1,constrained_bootstrap,2,24900,100,0.004760494109941647,0.0033483891747891903,1593600
1,constrained_bootstrap,2,25000,100,0.004484712602570653,0.0044929636642336845,1600000
1,constrained_bootstrap,2,25100,100,0.004694407095666975,0.0042035882361233234,1606400
1,constrained_bootstrap,2,25200,100,0.00480528430081904,0.006157640367746353,1612800
1,constrained_bootstrap,2,25300,100,0.00464641073718667,0.0039367941208183765,1619200
1,constrained_bootstrap,2,25400,100,0.004395050924504176,0.00440402515232563,1625600
1,constrained_bootstrap,2,25500,100,0.004681256259791553,0.003934052772819996,1632000
1,constrained_bootstrap,2,25600,100,0.004308005622588098,0.0035667801275849342,1638400
1,constrained_bootstrap,2,25700,100,0.0044794847688172015,0.0030364706180989742,1644800
1,constrained_bootstrap,2,25800,100,0.004390578658785671,0.005553354509174824,1651200
1,constrained_bootstrap,2,25900,100,0.004253969170385972,0.004301713779568672,1657600
1,constrained_bootstrap,2,26000,100,0.004093235119944439,0.005478030536323786,1664000
1,constrained_bootstrap,2,26100,100,0.0047652646759524945,0.003954973071813583,1670400
1,constrained_bootstrap,2,26200,100,0.004835507855750621,0.003599373158067465,1676800
1,constrained_bootstrap,2,26300,100,0.0045549416937865315,0.002636512741446495,1683200
1,constrained_bootstrap,2,26400,100,0.004462438754271716,0.003885655663907528,1689600
1,constrained_bootstrap,2,26500,100,0.004472952220821753,0.003279714845120907,1696000
1,constrained_bootstrap,2,26600,100,0.004313474053051322,0.005013491027057171,1702400
1,constrained_bootstrap,2,26700,100,0.004179651489248499,0.004711394663900137,1708800
1,constrained_bootstrap,2,26800,100,0.004330977746285498,0.0032950229942798615,1715200
1,constrained_bootstrap,2,26900,100,0.0046240581711754205,0.004531686194241047,1721600
1,constrained_bootstrap,2,27000,100,0.004511455302126706,0.010995514690876007,1728000
1,constrained_bootstrap,2,27100,100,0.004367131754988805,0.00467623071745038,1734400
1,constrained_bootstrap,2,27200,100,0.004228626119438559,0.0041161030530929565,1740800
1,constrained_bootstrap,2,27300,100,0.00455745164770633,0.004463542252779007,1747200
1,constrained_bootstrap,2,27400,100,0.004502019777428359,0.0029803242068737745,1753600
1,constrained_bootstrap,2,27500,100,0.004372827634215355,0.004520658869296312,1760000
1,constrained_bootstrap,2,27600,100,0.00453680325881578,0.004431084264069796,1766400
1,constrained_bootstrap,2,27700,100,0.004524888654705137,0.003992305602878332,1772800
1,constrained_bootstrap,2,27800,100,0.004581957554910332,0.004222137853503227,1779200
1,constrained_bootstrap,2,27900,100,0.004573381440714001,0.0031406839843839407,1785600
1,constrained_bootstrap,2,28000,100,0.004509624615311622,0.003351926803588867,1792000
1,constrained_bootstrap,2,28100,100,0.004574820511043072,0.004059238359332085,1798400
1,constrained_bootstrap,2,28200,100,0.004335576695157215,0.007134657818824053,1804800
1,constrained_bootstrap,2,28300,100,0.004236675614956767,0.003596226219087839,1811200
1,constrained_bootstrap,2,28400,100,0.004506243275245652,0.003229686291888356,1817600
1,constrained_bootstrap,2,28500,100,0.004467796605313197,0.003928712569177151,1824000
1,constrained_bootstrap,2,28600,100,0.0041633966332301495,0.006355466321110725,1830400
1,constrained_bootstrap,2,28700,100,0.004314251214964315,0.004629030823707581,1836800
1,constrained_bootstrap,2,28800,100,0.004551263803150505,0.004362659528851509,1843200
1,constrained_bootstrap,2,28900,100,0.0045174599590245635,0.0042525120079517365,1849600
1,constrained_bootstrap,2,29000,100,0.004621327796485275,0.008223991841077805,1856000
1,constrained_bootstrap,2,29100,100,0.004440309221390635,0.004712187219411135,1862400
1,constrained_bootstrap,2,29200,100,0.004174468370620161,0.005176945589482784,1868800
1,constrained_bootstrap,2,29300,100,0.0047479746281169355,0.0037057816516608,1875200
1,constrained_bootstrap,2,29400,100,0.004539931656327098,0.003999189008027315,1881600
1,constrained_bootstrap,2,29500,100,0.004645085214870051,0.0025970637798309326,1888000
1,constrained_bootstrap,2,29600,100,0.004608491627732292,0.004994567483663559,1894400
1,constrained_bootstrap,2,29700,100,0.004201426773797721,0.006457038689404726,1900800
1,constrained_bootstrap,2,29800,100,0.004655015110038221,0.004049248062074184,1907200
1,constrained_bootstrap,2,29900,100,0.0044389571424108,0.005786420777440071,1913600
1,constrained_bootstrap,2,30000,100,0.004577986547956243,0.00279097817838192,1920000
2,constrained_bootstrap,0,100,100,0.01277038648026064,0.008718823082745075,6400
2,constrained_bootstrap,0,200,100,0.010238686575903558,0.008792059496045113,12800
2,constrained_bootstrap,0,300,100,0.009669664298999124,0.021926967427134514,19200
2,constrained_bootstrap,0,400,100,0.008264710401999765,0.0010275131789967418,25600
2,constrained_bootstrap,0,500,100,0.008760748347849585,0.009803367778658867,32000
2,constrained_bootstrap,0,600,100,0.007569026936544106,0.017932891845703125,38400
2,constrained_bootstrap,0,700,100,0.0074061242281459275,0.00430957181379199,44800
2,constrained_bootstrap,0,800,100,0.007079243559273891,0.004985731095075607,51200
2,constrained_bootstrap,0,900,100,0.006929184686159715,0.0014467485016211867,57600
2,constrained_bootstrap,0,1000,100,0.006456888326210901,0.013911719433963299,64000
2,constrained_bootstrap,0,1100,100,0.0061260266846511514,0.0032006199471652508,70400
2,constrained_bootstrap,0,1200,100,0.006061739774886519,0.0019894030410796404,76800
2,constrained_bootstrap,0,1300,100,0.005994697000132874,0.008046827279031277,83200
2,constrained_bootstrap,0,1400,100,0.004973961641080677,0.007903654128313065,89600
2,constrained_bootstrap,0,1500,100,0.004842752133263275,0.005525062792003155,96000
2,constrained_bootstrap,0,1600,100,0.005121044307015836,0.003884408622980118,102400
2,constrained_bootstrap,0,1700,100,0.0043336128431838,0.003266053507104516,108800
2,constrained_bootstrap,0,1800,100,0.004994885004125535,0.007959739305078983,115200
2,constrained_bootstrap,0,1900,100,0.005408237853553146,0.004497322719544172,121600
2,constrained_bootstrap,0,2000,100,0.005258798956638202,0.003104244824498892,128000
2,constrained_bootstrap,0,2100,100,0.005337463826872408,0.0044962153770029545,134400
2,constrained_bootstrap,0,2200,100,0.0055572424782440065,0.005512946750968695,140800
2,constrained_bootstrap,0,2300,100,0.005470839597983286,0.003425826784223318,147200
2,constrained_bootstrap,0,2400,100,0.00510408709407784,0.004719721619039774,153600
2,constrained_bootstrap,0,2500,100,0.005170045867562294,0.009344054386019707,160000
2,constrained_bootstrap,0,2600,100,0.005258030733093619,0.0031628308352082968,166400
2,constrained_bootstrap,0,2700,100,0.0053525629802607,0.008354679681360722,172800
2,constrained_bootstrap,0,2800,100,0.005157539800275117,0.0021466403268277645,179200
2,constrained_bootstrap,0,2900,100,0.004864672748371959,0.004656325560063124,185600
2,constrained_bootstrap,0,3000,100,0.0052367502171546225,0.0025233631022274494,192000
2,constrained_bootstrap,0,3100,100,0.005004611902404576,0.004095172975212336,198400
2,constrained_bootstrap,0,3200,100,0.004930532868020237,0.005006766878068447,204800
2,constrained_bootstrap,0,3300,100,0.004906364134512842,0.0018790068570524454,211200
2,constrained_bootstrap,0,3400,100,0.005040875362465158,0.006494409870356321,217600
2,constrained_bootstrap,0,3500,100,0.005324105866020545,0.005783857312053442,224000
2,constrained_bootstrap,0,3600,100,0.005469815377146006,0.005278749857097864,230400
2,constrained_bootstrap,0,3700,100,0.004985684261191637,0.0038138320669531822,236800
2,constrained_bootstrap,0,3800,100,0.005262914937920868,0.009273624047636986,243200
2,constrained_bootstrap,0,3900,100,0.004911410268396139,0.003977145999670029,249600
2,constrained_bootstrap,0,4000,100,0.005035211255308241,0.007643253076821566,256000
2,constrained_bootstrap,0,4100,100,0.004951825349126011,0.003990530036389828,262400
2,constrained_bootstrap,0,4200,100,0.005133274493273348,0.006188783794641495,268800
2,constrained_bootstrap,0,4300,100,0.004891319947782904,0.004086596425622702,275200
2,constrained_bootstrap,0,4400,100,0.0047685368289239706,0.0027265390381217003,281600
2,constrained_bootstrap,0,4500,100,0.004747399417683482,0.004446897655725479,288000
2,constrained_bootstrap,0,4600,100,0.004975820991676301,0.008968256413936615,294400
2,constrained_bootstrap,0,4700,100,0.004867642386816442,0.004119540099054575,300800
2,constrained_bootstrap,0,4800,100,0.004986669127829373,0.004289464093744755,307200
2,constrained_bootstrap,0,4900,100,0.00477843638160266,0.003266877494752407,313600
2,constrained_bootstrap,0,5000,100,0.00472281061578542,0.0039194864220917225,320000
2,constrained_bootstrap,0,5100,100,0.004857414292637259,0.005653549917042255,326400
2,constrained_bootstrap,0,5200,100,0.004967891180422157,0.004542957991361618,332800
2,constrained_bootstrap,0,5300,100,0.004649710932280868,0.005559078883379698,339200
2,constrained_bootstrap,0,5400,100,0.005016537476330995,0.00528077594935894,345600
2,constrained_bootstrap,0,5500,100,0.0045267319376580415,0.003029238898307085,352000
2,constrained_bootstrap,0,5600,100,0.00464750086539425,0.006028310861438513,358400
2,constrained_bootstrap,0,5700,100,0.004579063232522457,0.006382726598531008,364800
2,constrained_bootstrap,0,5800,100,0.004452589354477823,0.005578865297138691,371200
2,constrained_bootstrap,0,5900,100,0.004686948221642524,0.0021970123052597046,377600
2,constrained_bootstrap,0,6000,100,0.004788954176474363,0.004326293710619211,384000
2,constrained_bootstrap,0,6100,100,0.0046349599852692335,0.008433682844042778,390400
2,constrained_bootstrap,0,6200,100,0.004536667293868959,0.005045831669121981,396800
2,constrained_bootstrap,0,6300,100,0.00439602492377162,0.004816482309252024,403200
2,constrained_bootstrap,0,6400,100,0.0046519357920624315,0.004371966235339642,409600
2,constrained_bootstrap,0,6500,100,0.004553539112675935,0.003794001881033182,416000
2,constrained_bootstrap,0,6600,100,0.004837897816905752,0.008364833891391754,422400
2,constrained_bootstrap,0,6700,100,0.0047912940033711495,0.005667046643793583,428800
2,constrained_bootstrap,0,6800,100,0.004683922769036144,0.005167090333998203,435200
2,constrained_bootstrap,0,6900,100,0.004559873588150367,0.0024699291680008173,441600
2,constrained_bootstrap,0,7000,100,0.0046303415740840135,0.005348775535821915,448000
2,constrained_bootstrap,0,7100,100,0.004700623087119311,0.003886150661855936,454400
2,constrained_bootstrap,0,7200,100,0.004773408819455653,0.005623033735901117,460800
2,constrained_bootstrap,0,7300,100,0.004920747141586617,0.004600632004439831,467200
2,constrained_bootstrap,0,7400,100,0.0046476878947578374,0.0055998461320996284,473600
2,constrained_bootstrap,0,7500,100,0.004835827798815444,0.004717160947620869,480000
2,constrained_bootstrap,0,7600,100,0.004670581249520182,0.003017001086845994,486400
2,constrained_bootstrap,0,7700,100,0.005260099461302161,0.005923395045101643,492800
2,constrained_bootstrap,0,7800,100,0.00461770097957924,0.002833401085808873,499200
2,constrained_bootstrap,0,7900,100,0.004389085811562836,0.00438041752204299,505600
2,constrained_bootstrap,0,8000,100,0.004478952563367784,0.0051769837737083435,512000
2,constrained_bootstrap,0,8100,100,0.004656191528774798,0.006301002576947212,518400
2,constrained_bootstrap,0,8200,100,0.004671232589753344,0.002820547902956605,524800
2,constrained_bootstrap,0,8300,100,0.004467555304290727,0.004553753882646561,531200
2,constrained_bootstrap,0,8400,100,0.0047015734948217865,0.0066659050062298775,537600
2,constrained_bootstrap,0,8500,100,0.004745341941015795,0.004870948847383261,544000
2,constrained_bootstrap,0,8600,100,0.004538418354932219,0.0027115074917674065,550400
2,constrained_bootstrap,0,8700,100,0.004628148495685309,0.006278868764638901,556800
2,constrained_bootstrap,0,8800,100,0.004516893480904401,0.005022429395467043,563200
2,constrained_bootstrap,0,8900,100,0.0044710839074105025,0.0029672933742403984,569600
2,constrained_bootstrap,0,9000,100,0.004837328024441376,0.00587889552116394,576000
2,constrained_bootstrap,0,9100,100,0.004647524278843775,0.004985505249351263,582400
2,constrained_bootstrap,0,9200,100,0.004831732612801716,0.004291113931685686,588800
2,constrained_bootstrap,0,9300,100,0.004622559450799599,0.007308563217520714,595200
2,constrained_bootstrap,0,9400,100,0.0047007652721367775,0.0045624468475580215,601600
2,constrained_bootstrap,0,9500,100,0.004547153175808489,0.0031617090571671724,608000
2,constrained_bootstrap,0,9600,100,0.004392954366048798,0.0036792359314858913,614400
2,constrained_bootstrap,0,9700,100,0.004512226668884978,0.0045734974555671215,620800
2,constrained_bootstrap,0,9800,100,0.004344757024664431,0.00298907607793808,627200
2,constrained_bootstrap,0,9900,100,0.004626356443623081,0.002442194614559412,633600
2,constrained_bootstrap,0,10000,100,0.004665545877069235,0.0033316523768007755,640000
2,constrained_bootstrap,0,10100,100,0.004705338835483417,0.0026966272853314877,646400
2,constrained_bootstrap,0,10200,100,0.004599831968080253,0.003297738265246153,652800
2,constrained_bootstrap,0,10300,100,0.004795722940471024,0.0069473255425691605,659200
2,constrained_bootstrap,0,10400,100,0.0046341984951868654,0.0039298273622989655,665600
2,constrained_bootstrap,0,10500,100,0.004677172582596541,0.005004302132874727,672000
2,constrained_bootstrap,0,10600,100,0.0044049156317487355,0.0033460359554737806,678400
2,constrained_bootstrap,0,10700,100,0.004970932597061619,0.00913464929908514,684800
2,constrained_bootstrap,0,10800,100,0.004723435293417424,0.0028634429909288883,691200
2,constrained_bootstrap,0,10900,100,0.00476626563584432,0.006558449938893318,697600
2,constrained_bootstrap,0,11000,100,0.004616370276780799,0.010109730064868927,704000
2,constrained_bootstrap,0,11100,100,0.0044098912435583774,0.0025310441851615906,710400
2,constrained_bootstrap,0,11200,100,0.004274043142795563,0.003360206261277199,716800
2,constrained_bootstrap,0,11300,100,0.004967061106581241,0.003391109174117446,723200
2,constrained_bootstrap,0,11400,100,0.004647807704750448,0.0032153460197150707,729600
2,constrained_bootstrap,0,11500,100,0.0044760320230852815,0.006588715594261885,736000
2,constrained_bootstrap,0,11600,100,0.004603181553538889,0.0027562081813812256,742400
2,constrained_bootstrap,0,11700,100,0.00500589435454458,0.003903892356902361,748800
2,constrained_bootstrap,0,11800,100,0.004716488400008529,0.002234186977148056,755200
2,constrained_bootstrap,0,11900,100,0.004844652059255168,0.003050267929211259,761600
2,constrained_bootstrap,0,12000,100,0.004663410600041971,0.004579813219606876,768000
2,constrained_bootstrap,0,12100,100,0.004383600042201579,0.0030076424591243267,774400
2,constrained_bootstrap,0,12200,100,0.00487819126341492,0.007560849189758301,780800
2,constrained_bootstrap,0,12300,100,0.004818890278693288,0.007288014516234398,787200
2,constrained_bootstrap,0,12400,100,0.004415645643603056,0.0043726470321416855,793600
2,constrained_bootstrap,0,12500,100,0.004693765460979193,0.00535479374229908,800000
2,constrained_bootstrap,0,12600,100,0.004761516745202243,0.004284071270376444,806400
2,constrained_bootstrap,0,12700,100,0.004926320653175935,0.006344914902001619,812800
2,constrained_bootstrap,0,12800,100,0.00489598476793617,0.007423563860356808,819200
2,constrained_bootstrap,0,12900,100,0.004886719863861799,0.006218118127435446,825600
2,constrained_bootstrap,0,13000,100,0.004807847478659823,0.0033003906719386578,832000
2,constrained_bootstrap,0,13100,100,0.004448047284968198,0.0112138781696558,838400
2,constrained_bootstrap,0,13200,100,0.004405641785124317,0.00527698639780283,844800
2,constrained_bootstrap,0,13300,100,0.004664336191490292,0.00551016628742218,851200
2,constrained_bootstrap,0,13400,100,0.00451517706271261,0.003881115699186921,857600
2,constrained_bootstrap,0,13500,100,0.0046105131576769055,0.0039695813320577145,864000
2,constrained_bootstrap,0,13600,100,0.004636978507041931,0.0034083249047398567,870400
2,constrained_bootstrap,0,13700,100,0.004860725541366264,0.007987362332642078,876800
2,constrained_bootstrap,0,13800,100,0.004711908989120275,0.002924039028584957,883200
2,constrained_bootstrap,0,13900,100,0.004499903321266175,0.0034694941714406013,889600
2,constrained_bootstrap,0,14000,100,0.004546781785320491,0.0035781613551080227,896000
2,constrained_bootstrap,0,14100,100,0.004440776718547567,0.0050435494631528854,902400
2,constrained_bootstrap,0,14200,100,0.004767562414053827,0.008288390934467316,908800
2,constrained_bootstrap,0,14300,100,0.005164369283011183,0.004275296814739704,915200
2,constrained_bootstrap,0,14400,100,0.004368963963352144,0.002852485980838537,921600
2,constrained_bootstrap,0,14500,100,0.004677760965423658,0.006062790285795927,928000
2,constrained_bootstrap,0,14600,100,0.004440025080693886,0.004436863120645285,934400
2,constrained_bootstrap,0,14700,100,0.0047333988221362235,0.006999182514846325,940800
2,constrained_bootstrap,0,14800,100,0.0046546218229923395,0.004852220416069031,947200
2,constrained_bootstrap,0,14900,100,0.004725890466943383,0.0032094214111566544,953600
2,constrained_bootstrap,0,15000,100,0.004336999892257154,0.0020826077088713646,960000
2,constrained_bootstrap,0,15100,100,0.004668212411925197,0.010575857944786549,966400
2,constrained_bootstrap,0,15200,100,0.004651065475773066,0.004824346862733364,972800
2,constrained_bootstrap,0,15300,100,0.004241610472090543,0.003052142448723316,979200
2,constrained_bootstrap,0,15400,100,0.00422089789994061,0.00464637391269207,985600
2,constrained_bootstrap,0,15500,100,0.00452145621762611,0.0051513900980353355,992000
2,constrained_bootstrap,0,15600,100,0.004619712175335735,0.004044553264975548,998400
2,constrained_bootstrap,0,15700,100,0.004325927512254566,0.0027663777582347393,1004800
2,constrained_bootstrap,0,15800,100,0.004347917963750661,0.004922405816614628,1011200
2,constrained_bootstrap,0,15900,100,0.004285748642869294,0.004062855150550604,1017600
2,constrained_bootstrap,0,16000,100,0.004537419560365379,0.006236682645976543,1024000
2,constrained_bootstrap,0,16100,100,0.004572806952055543,0.006084421183913946,1030400
2,constrained_bootstrap,0,16200,100,0.004456428752746433,0.0068376390263438225,1036800
2,constrained_bootstrap,0,16300,100,0.004363650809973478,0.004666171967983246,1043200
2,constrained_bootstrap,0,16400,100,0.00457996578537859,0.0043001300655305386,1049600
2,constrained_bootstrap,0,16500,100,0.004744997615925967,0.0025859943125396967,1056000
2,constrained_bootstrap,0,16600,100,0.00418303239508532,0.0019923695363104343,1062400
2,constrained_bootstrap,0,16700,100,0.004170576921897009,0.004945369437336922,1068800
2,constrained_bootstrap,0,16800,100,0.004706426269840449,0.005924287252128124,1075200
2,constrained_bootstrap,0,16900,100,0.004450475864578038,0.006086324341595173,1081600
2,constrained_bootstrap,0,17000,100,0.0049383866880089045,0.004580335691571236,1088000
2,constrained_bootstrap,0,17100,100,0.004361268656793982,0.004229835234582424,1094400
2,constrained_bootstrap,0,17200,100,0.0044479336263611915,0.004448752850294113,1100800
2,constrained_bootstrap,0,17300,100,0.004393870520871133,0.0043609123677015305,1107200
2,constrained_bootstrap,0,17400,100,0.0044726077560335396,0.003985514398664236,1113600
2,constrained_bootstrap,0,17500,100,0.004356114773545414,0.005471067503094673,1120000
2,constrained_bootstrap,0,17600,100,0.004458490145625546,0.005163589026778936,1126400
2,constrained_bootstrap,0,17700,100,0.004444435896584764,0.005343306809663773,1132800
2,constrained_bootstrap,0,17800,100,0.004549457795219496,0.004487804602831602,1139200
2,constrained_bootstrap,0,17900,100,0.004450560912955552,0.005284861661493778,1145600
2,constrained_bootstrap,0,18000,100,0.0048813872144091875,0.003944385796785355,1152000
2,constrained_bootstrap,0,18100,100,0.004715685835108161,0.0033889610785990953,1158400
2,constrained_bootstrap,0,18200,100,0.004655643752776086,0.007349194493144751,1164800
2,constrained_bootstrap,0,18300,100,0.0045774624752812085,0.0025837707798928022,1171200
2,constrained_bootstrap,0,18400,100,0.004595327589195222,0.005455691367387772,1177600
2,constrained_bootstrap,0,18500,100,0.0045730937179178,0.0034091391135007143,1184000
2,constrained_bootstrap,0,18600,100,0.004601058959960938,0.004821351729333401,1190400
2,constrained_bootstrap,0,18700,100,0.004727635800372809,0.006030133925378323,1196800
2,constrained_bootstrap,0,18800,100,0.004506429277826101,0.009757760912179947,1203200
2,constrained_bootstrap,0,18900,100,0.004256515966262669,0.004258817061781883,1209600
2,constrained_bootstrap,0,19000,100,0.004522770355688408,0.005848713684827089,1216000
2,constrained_bootstrap,0,19100,100,0.004539041842799634,0.004133310634642839,1222400
2,constrained_bootstrap,0,19200,100,0.004743587278062478,0.0026113218627870083,1228800
2,constrained_bootstrap,0,19300,100,0.00497822406119667,0.00243615685030818,1235200
2,constrained_bootstrap,0,19400,100,0.004434050109703094,0.0033674207516014576,1241600
2,constrained_bootstrap,0,19500,100,0.004522419970016927,0.004672866780310869,1248000
2,constrained_bootstrap,0,19600,100,0.004511585042346269,0.0018001614371314645,1254400
2,constrained_bootstrap,0,19700,100,0.004445811338955536,0.0026380051858723164,1260800
2,constrained_bootstrap,0,19800,100,0.004679124536924064,0.004740639589726925,1267200
2,constrained_bootstrap,0,19900,100,0.004274686097633093,0.002688960637897253,1273600
2,constrained_bootstrap,0,20000,100,0.004546480448916554,0.004107647109776735,1280000
2,constrained_bootstrap,0,20100,100,0.004542813824955374,0.004426455125212669,1286400
2,constrained_bootstrap,0,20200,100,0.004067471749149263,0.005600436590611935,1292800
2,constrained_bootstrap,0,20300,100,0.004785142766777426,0.004350092727690935,1299200
2,constrained_bootstrap,0,20400,100,0.005062359166331589,0.004795479588210583,1305600
2,constrained_bootstrap,0,20500,100,0.004506300622597337,0.003291970118880272,1312000
2,constrained_bootstrap,0,20600,100,0.004554425547830761,0.009559320285916328,1318400
2,constrained_bootstrap,0,20700,100,0.004221382369287312,0.005279880482703447,1324800
2,constrained_bootstrap,0,20800,100,0.004564405760029331,0.0038763447664678097,1331200
2,constrained_bootstrap,0,20900,100,0.004489574220497161,0.004386582411825657,1337600
2,constrained_bootstrap,0,21000,100,0.004526549895526841,0.012256346642971039,1344000
2,constrained_bootstrap,0,21100,100,0.004620474479161203,0.0036494096275418997,1350400
2,constrained_bootstrap,0,21200,100,0.004667291450314224,0.0038438504561781883,1356800
2,constrained_bootstrap,0,21300,100,0.004622627852950245,0.0046865204349160194,1363200
2,constrained_bootstrap,0,21400,100,0.004476384161971509,0.004132561385631561,1369600
2,constrained_bootstrap,0,21500,100,0.004099199575139209,0.0021745727863162756,1376000
2,constrained_bootstrap,0,21600,100,0.004718751076143235,0.003027320606634021,1382400
2,constrained_bootstrap,0,21700,100,0.0049675741116516296,0.00339578278362751,1388800
2,constrained_bootstrap,0,21800,100,0.004681408633477986,0.0061835977248847485,1395200
2,constrained_bootstrap,0,21900,100,0.004744271321687848,0.003908871207386255,1401600
2,constrained_bootstrap,0,22000,100,0.004635187636595219,0.006189320236444473,1408000
2,constrained_bootstrap,0,22100,100,0.004567052479833364,0.0033715669997036457,1414400
2,constrained_bootstrap,0,22200,100,0.0046900506666861476,0.007796867750585079,1420800
2,constrained_bootstrap,0,22300,100,0.004694750960916281,0.008150178007781506,1427200
2,constrained_bootstrap,0,22400,100,0.004444355645682662,0.004466680344194174,1433600
2,constrained_bootstrap,0,22500,100,0.004312575294170529,0.004187853075563908,1440000
2,constrained_bootstrap,0,22600,100,0.0047580190561711784,0.0027713498566299677,1446400
2,constrained_bootstrap,0,22700,100,0.004675362368579954,0.003919393755495548,1452800
2,constrained_bootstrap,0,22800,100,0.004221266686217859,0.0034396981354802847,1459200
2,constrained_bootstrap,0,22900,100,0.004442627669777721,0.007996009662747383,1465600
2,constrained_bootstrap,0,23000,100,0.004746999099152163,0.0037850518710911274,1472000
2,constrained_bootstrap,0,23100,100,0.0041908531403169035,0.0033193686977028847,1478400
2,constrained_bootstrap,0,23200,100,0.004681110535748303,0.004475149791687727,1484800
2,constrained_bootstrap,0,23300,100,0.004893195568583906,0.005860972683876753,1491200
2,constrained_bootstrap,0,23400,100,0.004353106687776744,0.005079924128949642,1497600
2,constrained_bootstrap,0,23500,100,0.004744499332737177,0.005529122892767191,1504000
2,constrained_bootstrap,0,23600,100,0.004296413552947342,0.0025588085409253836,1510400
2,constrained_bootstrap,0,23700,100,0.004181563053280115,0.005362864583730698,1516800
2,constrained_bootstrap,0,23800,100,0.004899843863677233,0.006450265180319548,1523200
2,constrained_bootstrap,0,23900,100,0.0042995423742104326,0.0027142870239913464,1529600
2,constrained_bootstrap,0,24000,100,0.00434270074008964,0.004868556745350361,1536000
2,constrained_bootstrap,0,24100,100,0.004202408046694472,0.004784909076988697,1542400
2,constrained_bootstrap,0,24200,100,0.0043841886601876465,0.00490209087729454,1548800
2,constrained_bootstrap,0,24300,100,0.0043282366509083655,0.0023115361109375954,1555200
2,constrained_bootstrap,0,24400,100,0.00425199399003759,0.0063122836872935295,1561600
2,constrained_bootstrap,0,24500,100,0.00464581667794846,0.004422217141836882,1568000
2,constrained_bootstrap,0,24600,100,0.0043825788144022226,0.004936330486088991,1574400
2,constrained_bootstrap,0,24700,100,0.004824673137627542,0.003714547026902437,1580800
2,constrained_bootstrap,0,24800,100,0.004445296321064234,0.0028123902156949043,1587200
2,constrained_bootstrap,0,24900,100,0.004635593390557915,0.005617542192339897,1593600
2,constrained_bootstrap,0,25000,100,0.004602636991767213,0.0034816665574908257,1600000
2,constrained_bootstrap,0,25100,100,0.004179277369985357,0.003638457041233778,1606400
2,constrained_bootstrap,0,25200,100,0.004357020517345518,0.002889494178816676,1612800
2,constrained_bootstrap,0,25300,100,0.0045423405151814224,0.0030952466186136007,1619200
2,constrained_bootstrap,0,25400,100,0.004177759760059416,0.004415343981236219,1625600
2,constrained_bootstrap,0,25500,100,0.004990980030270293,0.009435947984457016,1632000
2,constrained_bootstrap,0,25600,100,0.004718196708709001,0.0028992241714149714,1638400
2,constrained_bootstrap,0,25700,100,0.00448366860859096,0.0039044125005602837,1644800
2,constrained_bootstrap,0,25800,100,0.004624206451699138,0.004715104587376118,1651200
2,constrained_bootstrap,0,25900,100,0.004322891964111477,0.004711116664111614,1657600
2,constrained_bootstrap,0,26000,100,0.004377438933588564,0.0026409076526761055,1664000
2,constrained_bootstrap,0,26100,100,0.004462053277529776,0.004022250883281231,1670400
2,constrained_bootstrap,0,26200,100,0.004649626417085528,0.004099457990378141,1676800
2,constrained_bootstrap,0,26300,100,0.004412852376699448,0.006574749946594238,1683200
2,constrained_bootstrap,0,26400,100,0.004401861414080486,0.00423778872936964,1689600
2,constrained_bootstrap,0,26500,100,0.004426036921795457,0.0046996138989925385,1696000
2,constrained_bootstrap,0,26600,100,0.004402143524494022,0.005736773367971182,1702400
2,constrained_bootstrap,0,26700,100,0.004915626550791785,0.007463777903467417,1708800
2,constrained_bootstrap,0,26800,100,0.004642994164023548,0.0037159258499741554,1715200
2,constrained_bootstrap,0,26900,100,0.004345788230421021,0.004737294744700193,1721600
2,constrained_bootstrap,0,27000,100,0.0042685003206133845,0.0032940951641649008,1728000
2,constrained_bootstrap,0,27100,100,0.004467642485396936,0.003470330499112606,1734400
2,constrained_bootstrap,0,27200,100,0.004726694694254547,0.006488948594778776,1740800
2,constrained_bootstrap,0,27300,100,0.00463733734912239,0.004477496724575758,1747200
2,constrained_bootstrap,0,27400,100,0.004116725972853601,0.004194757901132107,1753600
2,constrained_bootstrap,0,27500,100,0.004761543264612556,0.0052468734793365,1760000
2,constrained_bootstrap,0,27600,100,0.004653763966634869,0.002884743269532919,1766400
2,constrained_bootstrap,0,27700,100,0.004595517412526533,0.003602464683353901,1772800
2,constrained_bootstrap,0,27800,100,0.0042561303486581895,0.006163022480905056,1779200
2,constrained_bootstrap,0,27900,100,0.004447590089403093,0.006604528985917568,1785600
2,constrained_bootstrap,0,28000,100,0.004542457056231797,0.005422014743089676,1792000
2,constrained_bootstrap,0,28100,100,0.004380543589359149,0.0069313351996243,1798400
2,constrained_bootstrap,0,28200,100,0.004391241827979684,0.0033776802010834217,1804800
2,constrained_bootstrap,0,28300,100,0.004557622402207926,0.002862732158973813,1811200
2,constrained_bootstrap,0,28400,100,0.0045387775404378775,0.004504280164837837,1817600
2,constrained_bootstrap,0,28500,100,0.00433145523769781,0.004088646732270718,1824000
2,constrained_bootstrap,0,28600,100,0.004191020911093801,0.003466102760285139,1830400
2,constrained_bootstrap,0,28700,100,0.004449581167427823,0.004729815758764744,1836800
2,constrained_bootstrap,0,28800,100,0.004208530439063907,0.0040915347635746,1843200
2,constrained_bootstrap,0,28900,100,0.004411546306218952,0.004843294154852629,1849600
2,constrained_bootstrap,0,29000,100,0.004520532623864711,0.005690765101462603,1856000
2,constrained_bootstrap,0,29100,100,0.0044505359616596255,0.003766535548493266,1862400
2,constrained_bootstrap,0,29200,100,0.0045986159320455045,0.0030331015586853027,1868800
2,constrained_bootstrap,0,29300,100,0.004624537893105299,0.005964293144643307,1875200
2,constrained_bootstrap,0,29400,100,0.00441419497015886,0.005584715865552425,1881600
2,constrained_bootstrap,0,29500,100,0.004311016995925457,0.002925172680988908,1888000
2,constrained_bootstrap,0,29600,100,0.004775368778500706,0.003175407648086548,1894400
2,constrained_bootstrap,0,29700,100,0.004831889548804611,0.004337670281529427,1900800
2,constrained_bootstrap,0,29800,100,0.004622623913455755,0.004535374231636524,1907200
2,constrained_bootstrap,0,29900,100,0.00437404403463006,0.0027392059564590454,1913600
2,constrained_bootstrap,0,30000,100,0.004464747991878539,0.0048253219574689865,1920000
2,constrained_bootstrap,1,100,100,0.012692938041873277,0.0017529225442558527,6400
2,constrained_bootstrap,1,200,100,0.010766441752784885,0.0013270501513034105,12800
2,constrained_bootstrap,1,300,100,0.010856746096978896,0.007591217290610075,19200
2,constrained_bootstrap,1,400,100,0.009311455298447981,0.014625892974436283,25600
2,constrained_bootstrap,1,500,100,0.008755906111910008,0.0031818165443837643,32000
2,constrained_bootstrap,1,600,100,0.008628114499151707,0.004628986585885286,38400
2,constrained_bootstrap,1,700,100,0.008311397982761265,0.01002486702054739,44800
2,constrained_bootstrap,1,800,100,0.008102141882991418,0.00751027837395668,51200
2,constrained_bootstrap,1,900,100,0.007365861883154139,0.007868248969316483,57600
2,constrained_bootstrap,1,1000,100,0.0062548812234308575,0.0012161829508841038,64000
2,constrained_bootstrap,1,1100,100,0.006156118675135076,0.0044205570593476295,70400
2,constrained_bootstrap,1,1200,100,0.005158519762335345,0.003243764629587531,76800
2,constrained_bootstrap,1,1300,100,0.005962315154029056,0.005633276421576738,83200
2,constrained_bootstrap,1,1400,100,0.0059089100081473585,0.00995977595448494,89600
2,constrained_bootstrap,1,1500,100,0.0056075025699101385,0.012435558252036572,96000
2,constrained_bootstrap,1,1600,100,0.005293706266675144,0.003945943899452686,102400
2,constrained_bootstrap,1,1700,100,0.004752601062646136,0.005686464719474316,108800
2,constrained_bootstrap,1,1800,100,0.004891541146207601,0.003668693359941244,115200
2,constrained_bootstrap,1,1900,100,0.005247554390225559,0.004071512725204229,121600
2,constrained_bootstrap,1,2000,100,0.004731155032059178,0.005900833755731583,128000
2,constrained_bootstrap,1,2100,100,0.004989471300505101,0.005330394022166729,134400
2,constrained_bootstrap,1,2200,100,0.00503131527104415,0.002355399774387479,140800
2,constrained_bootstrap,1,2300,100,0.00513474166742526,0.005550282541662455,147200
2,constrained_bootstrap,1,2400,100,0.004931269696680829,0.0025828094221651554,153600
2,constrained_bootstrap,1,2500,100,0.005026579585392028,0.0031982327345758677,160000
2,constrained_bootstrap,1,2600,100,0.005013899010373279,0.00811813771724701,166400
2,constrained_bootstrap,1,2700,100,0.005076660930644721,0.005753134842962027,172800
2,constrained_bootstrap,1,2800,100,0.005584159393329173,0.0038486917037516832,179200
2,constrained_bootstrap,1,2900,100,0.005504975051153451,0.007229019422084093,185600
2,constrained_bootstrap,1,3000,100,0.0051476678077597175,0.005065605975687504,192000
2,constrained_bootstrap,1,3100,100,0.0055923499912023545,0.006828734651207924,198400
2,constrained_bootstrap,1,3200,100,0.005789002913516015,0.011095493100583553,204800
2,constrained_bootstrap,1,3300,100,0.005191373382695019,0.010605048388242722,211200
2,constrained_bootstrap,1,3400,100,0.005007535067852587,0.006976019591093063,217600
2,constrained_bootstrap,1,3500,100,0.004762377073056996,0.006783558987081051,224000
2,constrained_bootstrap,1,3600,100,0.004981620670296252,0.005296698305755854,230400
2,constrained_bootstrap,1,3700,100,0.005035773904528469,0.00445581553503871,236800
2,constrained_bootstrap,1,3800,100,0.004737277131062001,0.004945209715515375,243200
2,constrained_bootstrap,1,3900,100,0.005083183578681201,0.0024356592912226915,249600
2,constrained_bootstrap,1,4000,100,0.0050283032516017555,0.004175934009253979,256000
2,constrained_bootstrap,1,4100,100,0.004815207116771489,0.007027683313935995,262400
2,constrained_bootstrap,1,4200,100,0.005097157487180084,0.003294265130534768,268800
2,constrained_bootstrap,1,4300,100,0.004668239018647,0.007597384043037891,275200
2,constrained_bootstrap,1,4400,100,0.005215960859786719,0.003760744584724307,281600
2,constrained_bootstrap,1,4500,100,0.004959199641598388,0.00947656948119402,288000
2,constrained_bootstrap,1,4600,100,0.004801231243181974,0.004227146971970797,294400
2,constrained_bootstrap,1,4700,100,0.005006611940916628,0.0027809850871562958,300800
2,constrained_bootstrap,1,4800,100,0.0047793680941686035,0.0035158891696482897,307200
2,constrained_bootstrap,1,4900,100,0.004778551182243973,0.0042307316325604916,313600
2,constrained_bootstrap,1,5000,100,0.005023527820594609,0.002438525203615427,320000
2,constrained_bootstrap,1,5100,100,0.005281392419710755,0.005785168614238501,326400
2,constrained_bootstrap,1,5200,100,0.004925230941735208,0.00639351224526763,332800
2,constrained_bootstrap,1,5300,100,0.004732271528337151,0.00834837555885315,339200
2,constrained_bootstrap,1,5400,100,0.004727471668738872,0.008988823741674423,345600
2,constrained_bootstrap,1,5500,100,0.004574219655478373,0.002935841679573059,352000
2,constrained_bootstrap,1,5600,100,0.00472255414351821,0.003689305856823921,358400
2,constrained_bootstrap,1,5700,100,0.004714158591814339,0.0037277289666235447,364800
2,constrained_bootstrap,1,5800,100,0.0046984206209890545,0.0033107283525168896,371200
2,constrained_bootstrap,1,5900,100,0.00497423165012151,0.006151878274977207,377600
2,constrained_bootstrap,1,6000,100,0.0047333629115019,0.004643852822482586,384000
2,constrained_bootstrap,1,6100,100,0.00511757772997953,0.00405273400247097,390400
2,constrained_bootstrap,1,6200,100,0.004878648573067039,0.0035752765834331512,396800
2,constrained_bootstrap,1,6300,100,0.004642144796671346,0.0025100051425397396,403200
2,constrained_bootstrap,1,6400,100,0.00490422744769603,0.0043343957513570786,409600
2,constrained_bootstrap,1,6500,100,0.005016509278211742,0.003833186347037554,416000
2,constrained_bootstrap,1,6600,100,0.004842006295220926,0.0034735621884465218,422400
2,constrained_bootstrap,1,6700,100,0.005142516975756735,0.0034034247510135174,428800
2,constrained_bootstrap,1,6800,100,0.005065892927814275,0.004051104187965393,435200
2,constrained_bootstrap,1,6900,100,0.004801914449781179,0.009157810360193253,441600
2,constrained_bootstrap,1,7000,100,0.004544694726355374,0.004543377086520195,448000
2,constrained_bootstrap,1,7100,100,0.005085521701257676,0.007275850046426058,454400
2,constrained_bootstrap,1,7200,100,0.004589392032939941,0.006975464057177305,460800
2,constrained_bootstrap,1,7300,100,0.004838411135133356,0.003318809438496828,467200
2,constrained_bootstrap,1,7400,100,0.004548323047347366,0.005286502186208963,473600
2,constrained_bootstrap,1,7500,100,0.0049389570113271474,0.004589850548654795,480000
2,constrained_bootstrap,1,7600,100,0.004549672249704599,0.004972176160663366,486400
2,constrained_bootstrap,1,7700,100,0.004708887543529272,0.004417793825268745,492800
2,constrained_bootstrap,1,7800,100,0.004415940881008282,0.0022090403363108635,499200
2,constrained_bootstrap,1,7900,100,0.0044356524595059454,0.003422926180064678,505600
2,constrained_bootstrap,1,8000,100,0.0046985545731149615,0.00320336502045393,512000
2,constrained_bootstrap,1,8100,100,0.0047558859374839816,0.005020041950047016,518400
2,constrained_bootstrap,1,8200,100,0.004223321261815727,0.005376925691962242,524800
2,constrained_bootstrap,1,8300,100,0.004311831609811634,0.003907658625394106,531200
2,constrained_bootstrap,1,8400,100,0.0045787156489677724,0.0038305821362882853,537600
2,constrained_bootstrap,1,8500,100,0.004656396608334034,0.00299861840903759,544000
2,constrained_bootstrap,1,8600,100,0.004857379464665428,0.0020462297834455967,550400
2,constrained_bootstrap,1,8700,100,0.00447879611281678,0.0015375700313597918,556800
2,constrained_bootstrap,1,8800,100,0.0049544012930709865,0.0017171549843624234,563200
2,constrained_bootstrap,1,8900,100,0.004535052313003689,0.0031445426866412163,569600
2,constrained_bootstrap,1,9000,100,0.004374556516995654,0.0063827671110630035,576000
2,constrained_bootstrap,1,9100,100,0.004780328839551658,0.0050352225080132484,582400
2,constrained_bootstrap,1,9200,100,0.0048730203928425905,0.0036063846200704575,588800
2,constrained_bootstrap,1,9300,100,0.005472820210270584,0.0045240712352097034,595200
2,constrained_bootstrap,1,9400,100,0.004669432039372623,0.005086654331535101,601600
2,constrained_bootstrap,1,9500,100,0.00479920398676768,0.001799294725060463,608000
2,constrained_bootstrap,1,9600,100,0.004702408630400896,0.004818642511963844,614400
2,constrained_bootstrap,1,9700,100,0.004670637106755748,0.005278323777019978,620800
2,constrained_bootstrap,1,9800,100,0.004705313993617892,0.004312583245337009,627200
2,constrained_bootstrap,1,9900,100,0.0045939476951025425,0.007191325072199106,633600
2,constrained_bootstrap,1,10000,100,0.0046546631422825155,0.00653956551104784,640000
2,constrained_bootstrap,1,10100,100,0.00469347819685936,0.0018799786921590567,646400
2,constrained_bootstrap,1,10200,100,0.004456938588991761,0.001958002569153905,652800
2,constrained_bootstrap,1,10300,100,0.004762081955559552,0.006050532683730125,659200
2,constrained_bootstrap,1,10400,100,0.004718066469067707,0.009931246750056744,665600
2,constrained_bootstrap,1,10500,100,0.004721662709489465,0.007734327577054501,672000
2,constrained_bootstrap,1,10600,100,0.004577228361740709,0.008421228267252445,678400
2,constrained_bootstrap,1,10700,100,0.004572134709451348,0.006366524379700422,684800
2,constrained_bootstrap,1,10800,100,0.004633388690417632,0.006522218696773052,691200
2,constrained_bootstrap,1,10900,100,0.004647603591438383,0.0037279720418155193,697600
2,constrained_bootstrap,1,11000,100,0.004834007730241865,0.004337932914495468,704000
2,constrained_bootstrap,1,11100,100,0.004523716098628938,0.003827718086540699,710400
2,constrained_bootstrap,1,11200,100,0.004775474760681391,0.0039902301505208015,716800
2,constrained_bootstrap,1,11300,100,0.00464073411654681,0.0031366730108857155,723200
2,constrained_bootstrap,1,11400,100,0.004964083783561364,0.007319642696529627,729600
2,constrained_bootstrap,1,11500,100,0.004626661061774939,0.004373779520392418,736000
2,constrained_bootstrap,1,11600,100,0.004798104545334354,0.002993105910718441,742400
2,constrained_bootstrap,1,11700,100,0.0050520171411335465,0.004293185658752918,748800
2,constrained_bootstrap,1,11800,100,0.004806606111815199,0.0025363676249980927,755200
2,constrained_bootstrap,1,11900,100,0.004411992232780904,0.0040216390043497086,761600
2,constrained_bootstrap,1,12000,100,0.004818123553413898,0.0029629445634782314,768000
2,constrained_bootstrap,1,12100,100,0.0047210146114230155,0.0038953335024416447,774400
2,constrained_bootstrap,1,12200,100,0.004244919769698754,0.001992421690374613,780800
2,constrained_bootstrap,1,12300,100,0.0043895640934351835,0.006207816302776337,787200
2,constrained_bootstrap,1,12400,100,0.0047484534280374645,0.0032848133705556393,793600
2,constrained_bootstrap,1,12500,100,0.004764854423701764,0.007397552020847797,800000
2,constrained_bootstrap,1,12600,100,0.004465508714783937,0.003084498690441251,806400
2,constrained_bootstrap,1,12700,100,0.004282470295438543,0.005354787223041058,812800
2,constrained_bootstrap,1,12800,100,0.004457031134516001,0.0035796049050986767,819200
2,constrained_bootstrap,1,12900,100,0.004317110216943547,0.003668001852929592,825600
2,constrained_bootstrap,1,13000,100,0.004749765773303807,0.004689574241638184,832000
2,constrained_bootstrap,1,13100,100,0.004428676742827519,0.003621876472607255,838400
2,constrained_bootstrap,1,13200,100,0.004582119230180978,0.0028179308865219355,844800
2,constrained_bootstrap,1,13300,100,0.00423152137780562,0.004419861361384392,851200
2,constrained_bootstrap,1,13400,100,0.004451689695706591,0.006166612729430199,857600
2,constrained_bootstrap,1,13500,100,0.00448371241800487,0.006571381352841854,864000
2,constrained_bootstrap,1,13600,100,0.004424492709804326,0.002454084809869528,870400
2,constrained_bootstrap,1,13700,100,0.005083128776168451,0.006055872887372971,876800
2,constrained_bootstrap,1,13800,100,0.004527156677795574,0.003949335310608149,883200
2,constrained_bootstrap,1,13900,100,0.004578068351838738,0.004962751641869545,889600
2,constrained_bootstrap,1,14000,100,0.004399540023878217,0.007802666164934635,896000
2,constrained_bootstrap,1,14100,100,0.004879287267103791,0.004486868157982826,902400
2,constrained_bootstrap,1,14200,100,0.0043440387339796875,0.003795076161623001,908800
2,constrained_bootstrap,1,14300,100,0.00473783599329181,0.004882229026407003,915200
2,constrained_bootstrap,1,14400,100,0.004652777899755165,0.005754013080149889,921600
2,constrained_bootstrap,1,14500,100,0.004810089606326074,0.004249389749020338,928000
2,constrained_bootstrap,1,14600,100,0.004428870221599937,0.0041428436525166035,934400
2,constrained_bootstrap,1,14700,100,0.004705714967567474,0.0024670236743986607,940800
2,constrained_bootstrap,1,14800,100,0.004743841232266277,0.004838260356336832,947200
2,constrained_bootstrap,1,14900,100,0.004578050210839137,0.003100284142419696,953600
2,constrained_bootstrap,1,15000,100,0.004343709095846862,0.005283954553306103,960000
2,constrained_bootstrap,1,15100,100,0.004615777335129678,0.0032131406478583813,966400
2,constrained_bootstrap,1,15200,100,0.004892239596229047,0.0037764697335660458,972800
2,constrained_bootstrap,1,15300,100,0.00432574961334467,0.0055222706869244576,979200
2,constrained_bootstrap,1,15400,100,0.004683180190622807,0.0087608452886343,985600
2,constrained_bootstrap,1,15500,100,0.004694078899919987,0.002520170994102955,992000
2,constrained_bootstrap,1,15600,100,0.004627324994653463,0.008109206333756447,998400
2,constrained_bootstrap,1,15700,100,0.004881733255460858,0.004777020774781704,1004800
2,constrained_bootstrap,1,15800,100,0.004180820941692218,0.005349617451429367,1011200
2,constrained_bootstrap,1,15900,100,0.004125543234404176,0.0066882530227303505,1017600
2,constrained_bootstrap,1,16000,100,0.004643590105697513,0.0048344191163778305,1024000
2,constrained_bootstrap,1,16100,100,0.004658150427276269,0.004922667518258095,1030400
2,constrained_bootstrap,1,16200,100,0.004447599807754159,0.006609112024307251,1036800
2,constrained_bootstrap,1,16300,100,0.004736770170275122,0.004924984648823738,1043200
2,constrained_bootstrap,1,16400,100,0.004488497747806832,0.002659074030816555,1049600
2,constrained_bootstrap,1,16500,100,0.0042174620123114435,0.0027814556378871202,1056000
2,constrained_bootstrap,1,16600,100,0.004694029034581036,0.004047769121825695,1062400
2,constrained_bootstrap,1,16700,100,0.004823978517670184,0.004097623750567436,1068800
2,constrained_bootstrap,1,16800,100,0.004854861216153949,0.0027437119279056787,1075200
2,constrained_bootstrap,1,16900,100,0.004710765632335096,0.004778552334755659,1081600
2,constrained_bootstrap,1,17000,100,0.0046967488247901205,0.004049330949783325,1088000
2,constrained_bootstrap,1,17100,100,0.004545994299696758,0.0036528431810438633,1094400
2,constrained_bootstrap,1,17200,100,0.004476199161726982,0.0065157548524439335,1100800
2,constrained_bootstrap,1,17300,100,0.00424184417584911,0.003782162442803383,1107200
2,constrained_bootstrap,1,17400,100,0.004229943472892046,0.0026299096643924713,1113600
2,constrained_bootstrap,1,17500,100,0.004354800968430936,0.007363063283264637,1120000
2,constrained_bootstrap,1,17600,100,0.005057818086352199,0.0021410449407994747,1126400
2,constrained_bootstrap,1,17700,100,0.004932215113658458,0.006034066900610924,1132800
2,constrained_bootstrap,1,17800,100,0.004419866624521092,0.003991085570305586,1139200
2,constrained_bootstrap,1,17900,100,0.0047695662069600075,0.004456476308405399,1145600
2,constrained_bootstrap,1,18000,100,0.0043393499031662945,0.003915503621101379,1152000
2,constrained_bootstrap,1,18100,100,0.004510329989716411,0.005725579801946878,1158400
2,constrained_bootstrap,1,18200,100,0.004519391367211938,0.004388072993606329,1164800
2,constrained_bootstrap,1,18300,100,0.004759072130545974,0.00371429231017828,1171200
2,constrained_bootstrap,1,18400,100,0.00476517916074954,0.008804405108094215,1177600
2,constrained_bootstrap,1,18500,100,0.004325980863068252,0.004659533966332674,1184000
2,constrained_bootstrap,1,18600,100,0.004862060410669073,0.004808924626559019,1190400
2,constrained_bootstrap,1,18700,100,0.004660307839512825,0.002819525310769677,1196800
2,constrained_bootstrap,1,18800,100,0.004805758935399354,0.004504342097789049,1203200
2,constrained_bootstrap,1,18900,100,0.004272068180143833,0.007103620562702417,1209600
2,constrained_bootstrap,1,19000,100,0.0047245102003216745,0.006043376866728067,1216000
2,constrained_bootstrap,1,19100,100,0.0045609966979827735,0.006586561445146799,1222400
2,constrained_bootstrap,1,19200,100,0.004488666341640055,0.0035390399862080812,1228800
2,constrained_bootstrap,1,19300,100,0.004423793775495142,0.002683599479496479,1235200
2,constrained_bootstrap,1,19400,100,0.004393157494487241,0.006982299033552408,1241600
2,constrained_bootstrap,1,19500,100,0.004408878493122757,0.0018397169187664986,1248000
2,constrained_bootstrap,1,19600,100,0.00451778532937169,0.00276607321575284,1254400
2,constrained_bootstrap,1,19700,100,0.004800195142161101,0.004874051548540592,1260800
2,constrained_bootstrap,1,19800,100,0.004566833069548011,0.00611543096601963,1267200
2,constrained_bootstrap,1,19900,100,0.004046030109748244,0.003947613760828972,1273600
2,constrained_bootstrap,1,20000,100,0.004258753340691328,0.003334249369800091,1280000
2,constrained_bootstrap,1,20100,100,0.004157646562671289,0.0031232903711497784,1286400
2,constrained_bootstrap,1,20200,100,0.004420525126624853,0.002734390553086996,1292800
2,constrained_bootstrap,1,20300,100,0.004843195638386533,0.003391072154045105,1299200
2,constrained_bootstrap,1,20400,100,0.004340159960556775,0.004919019527733326,1305600
2,constrained_bootstrap,1,20500,100,0.004916927830781788,0.005347161553800106,1312000
2,constrained_bootstrap,1,20600,100,0.004670393260894344,0.0051198615692555904,1318400
2,constrained_bootstrap,1,20700,100,0.004558139052242041,0.00887255184352398,1324800
2,constrained_bootstrap,1,20800,100,0.004147784325759858,0.003662311937659979,1331200
2,constrained_bootstrap,1,20900,100,0.004434923590160907,0.003026270307600498,1337600
2,constrained_bootstrap,1,21000,100,0.004432665611384437,0.0030499249696731567,1344000
2,constrained_bootstrap,1,21100,100,0.004355349043617025,0.0031985961832106113,1350400
2,constrained_bootstrap,1,21200,100,0.0046132978936657305,0.004556926898658276,1356800
2,constrained_bootstrap,1,21300,100,0.004534622420324013,0.0028915731236338615,1363200
2,constrained_bootstrap,1,21400,100,0.004568462051684037,0.002793672727420926,1369600
2,constrained_bootstrap,1,21500,100,0.004683003318496049,0.005319679155945778,1376000
2,constrained_bootstrap,1,21600,100,0.004514336470747366,0.0031023251358419657,1382400
2,constrained_bootstrap,1,21700,100,0.004540288426214829,0.002859885338693857,1388800
2,constrained_bootstrap,1,21800,100,0.004496868492569774,0.006316529121249914,1395200
2,constrained_bootstrap,1,21900,100,0.004671752620488405,0.0056158145889639854,1401600
2,constrained_bootstrap,1,22000,100,0.004694615278858691,0.002551993355154991,1408000
2,constrained_bootstrap,1,22100,100,0.004610595917329192,0.002953450195491314,1414400
2,constrained_bootstrap,1,22200,100,0.004693488219054416,0.013487368822097778,1420800
2,constrained_bootstrap,1,22300,100,0.004311784489545971,0.0015608551912009716,1427200
2,constrained_bootstrap,1,22400,100,0.004798697176156565,0.0032084137201309204,1433600
2,constrained_bootstrap,1,22500,100,0.004686092332703993,0.0040149986743927,1440000
2,constrained_bootstrap,1,22600,100,0.004645854769041762,0.00363728404045105,1446400
2,constrained_bootstrap,1,22700,100,0.004524311583954841,0.0039033538196235895,1452800
2,constrained_bootstrap,1,22800,100,0.004401454055914656,0.003527434542775154,1459200
2,constrained_bootstrap,1,22900,100,0.004865824563894421,0.004373515956103802,1465600
2,constrained_bootstrap,1,23000,100,0.004478692187694833,0.0018222795333713293,1472000
2,constrained_bootstrap,1,23100,100,0.004391666117589921,0.0037341744173318148,1478400
2,constrained_bootstrap,1,23200,100,0.004816390220075846,0.00515695521607995,1484800
2,constrained_bootstrap,1,23300,100,0.005084077194333077,0.004329914692789316,1491200
2,constrained_bootstrap,1,23400,100,0.004962742584757507,0.0036220671609044075,1497600
2,constrained_bootstrap,1,23500,100,0.004271308744791895,0.002073065610602498,1504000
2,constrained_bootstrap,1,23600,100,0.004883981579914689,0.0033586169593036175,1510400
2,constrained_bootstrap,1,23700,100,0.004613486910238862,0.007963274605572224,1516800
2,constrained_bootstrap,1,23800,100,0.004901033667847514,0.004610355012118816,1523200
2,constrained_bootstrap,1,23900,100,0.004873532517813146,0.003968857228755951,1529600
2,constrained_bootstrap,1,24000,100,0.004667175380745903,0.003492022631689906,1536000
2,constrained_bootstrap,1,24100,100,0.0046439280756749215,0.005413773935288191,1542400
2,constrained_bootstrap,1,24200,100,0.004372832009103149,0.003201264189556241,1548800
2,constrained_bootstrap,1,24300,100,0.004667831307742744,0.003916147165000439,1555200
2,constrained_bootstrap,1,24400,100,0.004541555857285857,0.004719075746834278,1561600
2,constrained_bootstrap,1,24500,100,0.004675981674809009,0.003661490511149168,1568000
2,constrained_bootstrap,1,24600,100,0.004539239361183718,0.004574198741465807,1574400
2,constrained_bootstrap,1,24700,100,0.004518893987406045,0.0026813270524144173,1580800
2,constrained_bootstrap,1,24800,100,0.004324816631851718,0.004969980102032423,1587200
2,constrained_bootstrap,1,24900,100,0.004499993247445672,0.004643946886062622,1593600
2,constrained_bootstrap,1,25000,100,0.004519138556206599,0.006158440373837948,1600000
2,constrained_bootstrap,1,25100,100,0.004472012168262154,0.008172139525413513,1606400
2,constrained_bootstrap,1,25200,100,0.004632700628135354,0.009047766216099262,1612800
2,constrained_bootstrap,1,25300,100,0.00467572744935751,0.004000592976808548,1619200
2,constrained_bootstrap,1,25400,100,0.004502240752335638,0.0052925595082342625,1625600
2,constrained_bootstrap,1,25500,100,0.0044883913616649805,0.0031522195786237717,1632000
2,constrained_bootstrap,1,25600,100,0.004571288859006017,0.00723321083933115,1638400
2,constrained_bootstrap,1,25700,100,0.004190509938634932,0.0040136114694178104,1644800
2,constrained_bootstrap,1,25800,100,0.004506392265902832,0.004714177921414375,1651200
2,constrained_bootstrap,1,25900,100,0.004494943362660706,0.004369086120277643,1657600
2,constrained_bootstrap,1,26000,100,0.004654414276592434,0.0021933577954769135,1664000
2,constrained_bootstrap,1,26100,100,0.004578226348385215,0.00510073360055685,1670400
2,constrained_bootstrap,1,26200,100,0.004153281898470596,0.0028308576438575983,1676800
2,constrained_bootstrap,1,26300,100,0.0042845209978986535,0.00462370878085494,1683200
2,constrained_bootstrap,1,26400,100,0.004382326335180551,0.007142291869968176,1689600
2,constrained_bootstrap,1,26500,100,0.004424315626965836,0.006422100123018026,1696000
2,constrained_bootstrap,1,26600,100,0.004570769581478089,0.003900558687746525,1702400
2,constrained_bootstrap,1,26700,100,0.0045789686543866994,0.0027595332358032465,1708800
2,constrained_bootstrap,1,26800,100,0.004478842760436237,0.0020754311699420214,1715200
2,constrained_bootstrap,1,26900,100,0.004350839431863278,0.003978339023888111,1721600
2,constrained_bootstrap,1,27000,100,0.004385150584857911,0.003912485670298338,1728000
2,constrained_bootstrap,1,27100,100,0.004486754958052188,0.004189948085695505,1734400
2,constrained_bootstrap,1,27200,100,0.004243483988102525,0.0048313322477042675,1740800
2,constrained_bootstrap,1,27300,100,0.004292162139900029,0.006864775903522968,1747200
2,constrained_bootstrap,1,27400,100,0.004445760862436146,0.0029765916988253593,1753600
2,constrained_bootstrap,1,27500,100,0.004523511328734457,0.0033677779138088226,1760000
2,constrained_bootstrap,1,27600,100,0.004314667616272345,0.003103422001004219,1766400
2,constrained_bootstrap,1,27700,100,0.0041947328997775915,0.0025266685988754034,1772800
2,constrained_bootstrap,1,27800,100,0.004342457222519442,0.005391328129917383,1779200
2,constrained_bootstrap,1,27900,100,0.004262114762095735,0.004043008666485548,1785600
2,constrained_bootstrap,1,28000,100,0.004336938615888357,0.0035851229913532734,1792000
2,constrained_bootstrap,1,28100,100,0.0044026287796441466,0.004267876967787743,1798400
2,constrained_bootstrap,1,28200,100,0.004273757620248944,0.0025959175545722246,1804800
2,constrained_bootstrap,1,28300,100,0.004267069336492568,0.0019211610779166222,1811200
2,constrained_bootstrap,1,28400,100,0.004692429157439619,0.003333966713398695,1817600
2,constrained_bootstrap,1,28500,100,0.004640898529905826,0.00451305415481329,1824000
2,constrained_bootstrap,1,28600,100,0.004244065482635051,0.004365692846477032,1830400
2,constrained_bootstrap,1,28700,100,0.0046001692954450845,0.00818902812898159,1836800
2,constrained_bootstrap,1,28800,100,0.004310239246115089,0.003684521885588765,1843200
2,constrained_bootstrap,1,28900,100,0.004528683933895081,0.0021220126654952765,1849600
2,constrained_bootstrap,1,29000,100,0.0043328770506195725,0.005299543496221304,1856000
2,constrained_bootstrap,1,29100,100,0.004425183592829853,0.003198895137757063,1862400
2,constrained_bootstrap,1,29200,100,0.004505963358096779,0.004930729977786541,1868800
2,constrained_bootstrap,1,29300,100,0.004539692448452115,0.0033340067602694035,1875200
2,constrained_bootstrap,1,29400,100,0.004506041728891432,0.003195011056959629,1881600
2,constrained_bootstrap,1,29500,100,0.004240566161461175,0.0031063214410096407,1888000
2,constrained_bootstrap,1,29600,100,0.004373060518410057,0.0031646781135350466,1894400
2,constrained_bootstrap,1,29700,100,0.004425044931704179,0.0054169101640582085,1900800
2,constrained_bootstrap,1,29800,100,0.005018111772369593,0.002521050628274679,1907200
2,constrained_bootstrap,1,29900,100,0.00451738336822018,0.005027205217629671,1913600
2,constrained_bootstrap,1,30000,100,0.004701091225724667,0.007534901145845652,1920000
2,constrained_bootstrap,2,100,100,0.00895724011323182,0.0009470955119468272,6400
2,constrained_bootstrap,2,200,100,0.008709894687053748,0.014182083308696747,12800
2,constrained_bootstrap,2,300,100,0.009107473217882215,0.007596748415380716,19200
2,constrained_bootstrap,2,400,100,0.009110719809541479,0.012754904106259346,25600
2,constrained_bootstrap,2,500,100,0.008833718997775577,0.007128918077796698,32000
2,constrained_bootstrap,2,600,100,0.007951658618985676,0.006515947636216879,38400
2,constrained_bootstrap,2,700,100,0.007222413933486677,0.007813159376382828,44800
2,constrained_bootstrap,2,800,100,0.006646621626568958,0.00664215162396431,51200
2,constrained_bootstrap,2,900,100,0.006534002481494099,0.012148857116699219,57600
2,constrained_bootstrap,2,1000,100,0.006006505090626888,0.004799349699169397,64000
2,constrained_bootstrap,2,1100,100,0.005963267819024623,0.002335623139515519,70400
2,constrained_bootstrap,2,1200,100,0.005450555008137598,0.0021741760428994894,76800
2,constrained_bootstrap,2,1300,100,0.00569924050825648,0.004229899030178785,83200
2,constrained_bootstrap,2,1400,100,0.004693051245994866,0.0022244362626224756,89600
2,constrained_bootstrap,2,1500,100,0.0052779097389429805,0.0017054718919098377,96000
2,constrained_bootstrap,2,1600,100,0.0048872465966269376,0.006053089629858732,102400
2,constrained_bootstrap,2,1700,100,0.005025702327257023,0.006118561141192913,108800
2,constrained_bootstrap,2,1800,100,0.00443638640223071,0.008521847426891327,115200
2,constrained_bootstrap,2,1900,100,0.004695188923506066,0.0047307261265814304,121600
2,constrained_bootstrap,2,2000,100,0.004582200152799487,0.0017473832704126835,128000
2,constrained_bootstrap,2,2100,100,0.005271757239243015,0.0040443772450089455,134400
2,constrained_bootstrap,2,2200,100,0.004981423947028816,0.008968190290033817,140800
2,constrained_bootstrap,2,2300,100,0.005017081627156586,0.003098800778388977,147200
2,constrained_bootstrap,2,2400,100,0.004801672480534762,0.0052705565467476845,153600
2,constrained_bootstrap,2,2500,100,0.005147769084433093,0.0043307943269610405,160000
2,constrained_bootstrap,2,2600,100,0.005007567919092253,0.0015927819767966866,166400
2,constrained_bootstrap,2,2700,100,0.005101081613684073,0.0028238322120159864,172800
2,constrained_bootstrap,2,2800,100,0.005389913378749043,0.004362673033028841,179200
2,constrained_bootstrap,2,2900,100,0.005230288477614522,0.003409025724977255,185600
2,constrained_bootstrap,2,3000,100,0.004496263115433976,0.005157113540917635,192000
2,constrained_bootstrap,2,3100,100,0.0051831785205285995,0.00575555395334959,198400
2,constrained_bootstrap,2,3200,100,0.005073269570712,0.0021798177622258663,204800
2,constrained_bootstrap,2,3300,100,0.004953111838549375,0.005480738822370768,211200
2,constrained_bootstrap,2,3400,100,0.0053529451531358066,0.005163094494491816,217600
2,constrained_bootstrap,2,3500,100,0.005008393959142268,0.00284176180139184,224000
2,constrained_bootstrap,2,3600,100,0.004705046026501804,0.005168505012989044,230400
2,constrained_bootstrap,2,3700,100,0.004993806200800464,0.005666503682732582,236800
2,constrained_bootstrap,2,3800,100,0.004718972132541239,0.005412198603153229,243200
2,constrained_bootstrap,2,3900,100,0.004730400886619464,0.007653935346752405,249600
2,constrained_bootstrap,2,4000,100,0.004676976632326841,0.004203955177217722,256000
2,constrained_bootstrap,2,4100,100,0.005146023068809882,0.0033910078927874565,262400
2,constrained_bootstrap,2,4200,100,0.004753339872695506,0.005598101764917374,268800
2,constrained_bootstrap,2,4300,100,0.004839829031843692,0.004001207649707794,275200
2,constrained_bootstrap,2,4400,100,0.004667017759056762,0.005677463952451944,281600
2,constrained_bootstrap,2,4500,100,0.004921362167224288,0.005068694241344929,288000
2,constrained_bootstrap,2,4600,100,0.005276116074528545,0.004547884222120047,294400
2,constrained_bootstrap,2,4700,100,0.005214971180539579,0.005776132456958294,300800
2,constrained_bootstrap,2,4800,100,0.004876148529583588,0.0027714483439922333,307200
2,constrained_bootstrap,2,4900,100,0.004924211846664548,0.003055884037166834,313600
2,constrained_bootstrap,2,5000,100,0.004837196819717064,0.004502830561250448,320000
2,constrained_bootstrap,2,5100,100,0.004483378811273724,0.0037012435495853424,326400
2,constrained_bootstrap,2,5200,100,0.004561157927382737,0.0036262236535549164,332800
2,constrained_bootstrap,2,5300,100,0.0048413465195335445,0.0041732871904969215,339200
2,constrained_bootstrap,2,5400,100,0.004804979604668916,0.008214063011109829,345600
2,constrained_bootstrap,2,5500,100,0.004730430308263749,0.002712925896048546,352000
2,constrained_bootstrap,2,5600,100,0.005027423829305917,0.005747432820498943,358400
2,constrained_bootstrap,2,5700,100,0.0044891066686250265,0.0040498352609574795,364800
2,constrained_bootstrap,2,5800,100,0.004442142588086426,0.003233131021261215,371200
2,constrained_bootstrap,2,5900,100,0.004917791137704626,0.004386734217405319,377600
2,constrained_bootstrap,2,6000,100,0.004697009631199762,0.0031012294348329306,384000
2,constrained_bootstrap,2,6100,100,0.004643653850071133,0.0022628342267125845,390400
2,constrained_bootstrap,2,6200,100,0.004851984176784754,0.005918839015066624,396800
2,constrained_bootstrap,2,6300,100,0.004493416973855346,0.0036650244146585464,403200
2,constrained_bootstrap,2,6400,100,0.0047926112380810085,0.007659686729311943,409600
2,constrained_bootstrap,2,6500,100,0.004716653416398913,0.004630483221262693,416000
2,constrained_bootstrap,2,6600,100,0.004842338337330148,0.0023870570585131645,422400
2,constrained_bootstrap,2,6700,100,0.004756698457058519,0.003104279050603509,428800
2,constrained_bootstrap,2,6800,100,0.004749097469029948,0.001819777418859303,435200
2,constrained_bootstrap,2,6900,100,0.004519580244086683,0.002796665532514453,441600
2,constrained_bootstrap,2,7000,100,0.004619451864855364,0.008065534755587578,448000
2,constrained_bootstrap,2,7100,100,0.004610635344870388,0.0035447136033326387,454400
2,constrained_bootstrap,2,7200,100,0.0046770531940273944,0.0027993214316666126,460800
2,constrained_bootstrap,2,7300,100,0.004826485505327582,0.002706413622945547,467200
2,constrained_bootstrap,2,7400,100,0.004646009388379752,0.003960358444601297,473600
2,constrained_bootstrap,2,7500,100,0.00468970762914978,0.00485931197181344,480000
2,constrained_bootstrap,2,7600,100,0.004820609107846394,0.0026515440549701452,486400
2,constrained_bootstrap,2,7700,100,0.004718562930356711,0.012850440107285976,492800
2,constrained_bootstrap,2,7800,100,0.004351505729136989,0.004605075344443321,499200
2,constrained_bootstrap,2,7900,100,0.004822905291803181,0.0040857139974832535,505600
2,constrained_bootstrap,2,8000,100,0.004689083142438904,0.004666022025048733,512000
2,constrained_bootstrap,2,8100,100,0.0046023403166327624,0.005360265262424946,518400
2,constrained_bootstrap,2,8200,100,0.0048917541047558185,0.002429620362818241,524800
2,constrained_bootstrap,2,8300,100,0.004686502716504037,0.004388423636555672,531200
2,constrained_bootstrap,2,8400,100,0.004848403363721446,0.008715755306184292,537600
2,constrained_bootstrap,2,8500,100,0.005070557772414759,0.004804402589797974,544000
2,constrained_bootstrap,2,8600,100,0.005048358240164816,0.006580093409866095,550400
2,constrained_bootstrap,2,8700,100,0.004585265032947063,0.005776348989456892,556800
2,constrained_bootstrap,2,8800,100,0.004617620422504842,0.005061398260295391,563200
2,constrained_bootstrap,2,8900,100,0.004665305740199983,0.0029118284583091736,569600
2,constrained_bootstrap,2,9000,100,0.004607728047994896,0.005370907951146364,576000
2,constrained_bootstrap,2,9100,100,0.004648623113753274,0.006582923699170351,582400
2,constrained_bootstrap,2,9200,100,0.0045955213322304185,0.004783435259014368,588800
2,constrained_bootstrap,2,9300,100,0.004604106839979067,0.0036653103306889534,595200
2,constrained_bootstrap,2,9400,100,0.004559154643211514,0.007605625782161951,601600
2,constrained_bootstrap,2,9500,100,0.0044253985909745094,0.003878124989569187,608000
2,constrained_bootstrap,2,9600,100,0.0046439676033332945,0.003133469494059682,614400
2,constrained_bootstrap,2,9700,100,0.004922025864943862,0.005618376191705465,620800
2,constrained_bootstrap,2,9800,100,0.004882551927585155,0.0030970266088843346,627200
2,constrained_bootstrap,2,9900,100,0.005268946397118271,0.004153425805270672,633600
2,constrained_bootstrap,2,10000,100,0.004655830210540443,0.005841317120939493,640000
2,constrained_bootstrap,2,10100,100,0.004318572388729081,0.0018579665338620543,646400
2,constrained_bootstrap,2,10200,100,0.004599884385243058,0.005245772190392017,652800
2,constrained_bootstrap,2,10300,100,0.00429886014200747,0.007443998008966446,659200
2,constrained_bootstrap,2,10400,100,0.004790666871704161,0.004048775881528854,665600
2,constrained_bootstrap,2,10500,100,0.004794048463227227,0.007434628903865814,672000
2,constrained_bootstrap,2,10600,100,0.004564435612410307,0.003296695416793227,678400
2,constrained_bootstrap,2,10700,100,0.004476181487552822,0.0032984428107738495,684800
2,constrained_bootstrap,2,10800,100,0.004613812122261152,0.006309215910732746,691200
2,constrained_bootstrap,2,10900,100,0.004609389193356037,0.002709166146814823,697600
2,constrained_bootstrap,2,11000,100,0.004883404434658587,0.004594844300299883,704000
2,constrained_bootstrap,2,11100,100,0.004315814583096653,0.003174716606736183,710400
2,constrained_bootstrap,2,11200,100,0.004874172487761825,0.0034356878604739904,716800
2,constrained_bootstrap,2,11300,100,0.004566714586690068,0.0038471664302051067,723200
2,constrained_bootstrap,2,11400,100,0.005105705885216594,0.002823870163410902,729600
2,constrained_bootstrap,2,11500,100,0.004730499412398785,0.0029263936448842287,736000
2,constrained_bootstrap,2,11600,100,0.004359012530185283,0.0067728362046182156,742400
2,constrained_bootstrap,2,11700,100,0.004571538579184562,0.005735378712415695,748800
2,constrained_bootstrap,2,11800,100,0.004983046669512987,0.006062748376280069,755200
2,constrained_bootstrap,2,11900,100,0.004546557395951822,0.006400355137884617,761600
2,constrained_bootstrap,2,12000,100,0.00455337472492829,0.005885210819542408,768000
2,constrained_bootstrap,2,12100,100,0.004756273115053773,0.005036749877035618,774400
2,constrained_bootstrap,2,12200,100,0.004419383162166923,0.004711908288300037,780800
2,constrained_bootstrap,2,12300,100,0.004661800947505981,0.004299509339034557,787200
2,constrained_bootstrap,2,12400,100,0.005025455767754466,0.0056841205805540085,793600
2,constrained_bootstrap,2,12500,100,0.004528291776077822,0.005050963256508112,800000
2,constrained_bootstrap,2,12600,100,0.0046912148501724,0.0042473869398236275,806400
2,constrained_bootstrap,2,12700,100,0.004822700375225395,0.003539895173162222,812800
2,constrained_bootstrap,2,12800,100,0.004128296327544376,0.004450645763427019,819200
2,constrained_bootstrap,2,12900,100,0.004804643299430609,0.004488948732614517,825600
2,constrained_bootstrap,2,13000,100,0.0040746570168994365,0.0051347119733691216,832000
2,constrained_bootstrap,2,13100,100,0.004558281806530431,0.002819167450070381,838400
2,constrained_bootstrap,2,13200,100,0.004719392391853035,0.00553180743008852,844800
2,constrained_bootstrap,2,13300,100,0.004718916225247085,0.010415052995085716,851200
2,constrained_bootstrap,2,13400,100,0.004504744245205075,0.0050391689874231815,857600
2,constrained_bootstrap,2,13500,100,0.004732387745752931,0.007612936198711395,864000
2,constrained_bootstrap,2,13600,100,0.0046195073856506496,0.006359311286360025,870400
2,constrained_bootstrap,2,13700,100,0.004439469007775187,0.004329764284193516,876800
2,constrained_bootstrap,2,13800,100,0.004374661759939045,0.004575563129037619,883200
2,constrained_bootstrap,2,13900,100,0.0043844824773259464,0.004341272171586752,889600
2,constrained_bootstrap,2,14000,100,0.004329271113965661,0.003967771772295237,896000
2,constrained_bootstrap,2,14100,100,0.00430753413354978,0.007029286585748196,902400
2,constrained_bootstrap,2,14200,100,0.004601932282093912,0.002134720329195261,908800
2,constrained_bootstrap,2,14300,100,0.0045646415185183285,0.0025565463583916426,915200
2,constrained_bootstrap,2,14400,100,0.004430929839145392,0.0031029433012008667,921600
2,constrained_bootstrap,2,14500,100,0.0046206364501267675,0.004393213894218206,928000
2,constrained_bootstrap,2,14600,100,0.0046477110730484125,0.008406468667089939,934400
2,constrained_bootstrap,2,14700,100,0.004632733582984656,0.0032632630318403244,940800
2,constrained_bootstrap,2,14800,100,0.004760395623743534,0.0028701461851596832,947200
2,constrained_bootstrap,2,14900,100,0.004806751478463411,0.004658720456063747,953600
2,constrained_bootstrap,2,15000,100,0.0046748434379696845,0.004745124839246273,960000
2,constrained_bootstrap,2,15100,100,0.004529837924055755,0.0023164672311395407,966400
2,constrained_bootstrap,2,15200,100,0.004587137369671836,0.003916474990546703,972800
2,constrained_bootstrap,2,15300,100,0.0046005230257287625,0.0022934009321033955,979200
2,constrained_bootstrap,2,15400,100,0.0047970405197702345,0.008318226784467697,985600
2,constrained_bootstrap,2,15500,100,0.0042782199650537225,0.004070164170116186,992000
2,constrained_bootstrap,2,15600,100,0.004339137985371053,0.0045142704620957375,998400
2,constrained_bootstrap,2,15700,100,0.004797107721678913,0.0031537767499685287,1004800
2,constrained_bootstrap,2,15800,100,0.004879575604572892,0.002670540940016508,1011200
2,constrained_bootstrap,2,15900,100,0.004469605475896969,0.004239358007907867,1017600
2,constrained_bootstrap,2,16000,100,0.0049777222611010075,0.004500662907958031,1024000
2,constrained_bootstrap,2,16100,100,0.004938567441422492,0.0030675972811877728,1030400
2,constrained_bootstrap,2,16200,100,0.004868799159303308,0.003558063879609108,1036800
2,constrained_bootstrap,2,16300,100,0.004943328874651343,0.0033481421414762735,1043200
2,constrained_bootstrap,2,16400,100,0.004614432057132944,0.00344123225659132,1049600
2,constrained_bootstrap,2,16500,100,0.004780561497900635,0.0038940501399338245,1056000
2,constrained_bootstrap,2,16600,100,0.0044630142394453285,0.003410147037357092,1062400
2,constrained_bootstrap,2,16700,100,0.004763478236272931,0.00476812943816185,1068800
2,constrained_bootstrap,2,16800,100,0.004644826578442007,0.004007389768958092,1075200
2,constrained_bootstrap,2,16900,100,0.004741760022006929,0.005185877904295921,1081600
2,constrained_bootstrap,2,17000,100,0.00439209008589387,0.0031631423626095057,1088000
2,constrained_bootstrap,2,17100,100,0.004689595536328852,0.004345792345702648,1094400
2,constrained_bootstrap,2,17200,100,0.004379928859416396,0.0032265132758766413,1100800
2,constrained_bootstrap,2,17300,100,0.004191729305312038,0.0032443422824144363,1107200
2,constrained_bootstrap,2,17400,100,0.004676891700364649,0.006850064732134342,1113600
2,constrained_bootstrap,2,17500,100,0.004494014458032325,0.003922964446246624,1120000
2,constrained_bootstrap,2,17600,100,0.004530475584324449,0.00427933968603611,1126400
2,constrained_bootstrap,2,17700,100,0.004468726022168994,0.0030711789149791002,1132800
2,constrained_bootstrap,2,17800,100,0.00428419005824253,0.006569676101207733,1139200
2,constrained_bootstrap,2,17900,100,0.004720262752380222,0.003466116264462471,1145600
2,constrained_bootstrap,2,18000,100,0.004344419797416776,0.004887060262262821,1152000
2,constrained_bootstrap,2,18100,100,0.004463760289363563,0.00889790803194046,1158400
2,constrained_bootstrap,2,18200,100,0.004876941986149177,0.004048850852996111,1164800
2,constrained_bootstrap,2,18300,100,0.004229870232520625,0.003691799705848098,1171200
2,constrained_bootstrap,2,18400,100,0.004629252512240782,0.004629538394510746,1177600
2,constrained_bootstrap,2,18500,100,0.004728369726799428,0.005296685267239809,1184000
2,constrained_bootstrap,2,18600,100,0.00451002266490832,0.0027512642554938793,1190400
2,constrained_bootstrap,2,18700,100,0.0046766532235778865,0.008296252228319645,1196800
2,constrained_bootstrap,2,18800,100,0.004484137400286272,0.005619301926344633,1203200
2,constrained_bootstrap,2,18900,100,0.004404637769330293,0.0032152412459254265,1209600
2,constrained_bootstrap,2,19000,100,0.004389155791141092,0.003093376522883773,1216000
2,constrained_bootstrap,2,19100,100,0.004554184483131394,0.002411505440250039,1222400
2,constrained_bootstrap,2,19200,100,0.004516739684622735,0.002153595443814993,1228800
2,constrained_bootstrap,2,19300,100,0.004782437050016597,0.0037099653854966164,1235200
2,constrained_bootstrap,2,19400,100,0.004565581597853452,0.0016673537902534008,1241600
2,constrained_bootstrap,2,19500,100,0.004394433463457972,0.0037481302861124277,1248000
2,constrained_bootstrap,2,19600,100,0.004462221642024815,0.0026757903397083282,1254400
2,constrained_bootstrap,2,19700,100,0.004283170741982758,0.0035411673597991467,1260800
2,constrained_bootstrap,2,19800,100,0.004245681378524751,0.00345391477458179,1267200
2,constrained_bootstrap,2,19900,100,0.004669559532776475,0.006456239614635706,1273600
2,constrained_bootstrap,2,20000,100,0.004146837367443368,0.0030512979719787836,1280000
2,constrained_bootstrap,2,20100,100,0.004199186551850289,0.008174058049917221,1286400
2,constrained_bootstrap,2,20200,100,0.004171493860194459,0.002713116817176342,1292800
2,constrained_bootstrap,2,20300,100,0.004571914717089385,0.0025991112925112247,1299200
2,constrained_bootstrap,2,20400,100,0.004803197203436867,0.0030617276206612587,1305600
2,constrained_bootstrap,2,20500,100,0.004398773363791406,0.0051095024682581425,1312000
2,constrained_bootstrap,2,20600,100,0.004484145828755572,0.0019935593008995056,1318400
2,constrained_bootstrap,2,20700,100,0.004295019760029391,0.004114936571568251,1324800
2,constrained_bootstrap,2,20800,100,0.004025712144793942,0.004951745271682739,1331200
2,constrained_bootstrap,2,20900,100,0.004307395608630031,0.002379542915150523,1337600
2,constrained_bootstrap,2,21000,100,0.003888271568575874,0.0029338798485696316,1344000
2,constrained_bootstrap,2,21100,100,0.0038503061095252634,0.005095028784126043,1350400
2,constrained_bootstrap,2,21200,100,0.004268248531734571,0.006013225298374891,1356800
2,constrained_bootstrap,2,21300,100,0.00442586564226076,0.003217269666492939,1363200
2,constrained_bootstrap,2,21400,100,0.0049700496450532225,0.005323813296854496,1369600
2,constrained_bootstrap,2,21500,100,0.004440058186883106,0.0038570784963667393,1376000
2,constrained_bootstrap,2,21600,100,0.004450418048072606,0.0037613357417285442,1382400
2,constrained_bootstrap,2,21700,100,0.004706146821845323,0.005039413925260305,1388800
2,constrained_bootstrap,2,21800,100,0.004674806282855571,0.007402027025818825,1395200
2,constrained_bootstrap,2,21900,100,0.004505781978368759,0.0037024093326181173,1401600
2,constrained_bootstrap,2,22000,100,0.004229469706770033,0.004946084693074226,1408000
2,constrained_bootstrap,2,22100,100,0.004683687852229923,0.0042091961950063705,1414400
2,constrained_bootstrap,2,22200,100,0.004782948140054941,0.0038686958141624928,1420800
2,constrained_bootstrap,2,22300,100,0.00440190544934012,0.005909630097448826,1427200
2,constrained_bootstrap,2,22400,100,0.004552938183769584,0.0072342632338404655,1433600
2,constrained_bootstrap,2,22500,100,0.0045234108832664785,0.003676400985568762,1440000
2,constrained_bootstrap,2,22600,100,0.004405189603567124,0.002681531012058258,1446400
2,constrained_bootstrap,2,22700,100,0.004380812026793138,0.007641246542334557,1452800
2,constrained_bootstrap,2,22800,100,0.004476906727068126,0.006407349370419979,1459200
2,constrained_bootstrap,2,22900,100,0.004499436633195728,0.0033847892191261053,1465600
2,constrained_bootstrap,2,23000,100,0.004608640923397616,0.005225388798862696,1472000
2,constrained_bootstrap,2,23100,100,0.004497046759352088,0.006432740017771721,1478400
2,constrained_bootstrap,2,23200,100,0.004259746574098245,0.0065690758638083935,1484800
2,constrained_bootstrap,2,23300,100,0.004625357515178621,0.004275564104318619,1491200
2,constrained_bootstrap,2,23400,100,0.004287833955604583,0.0015261706430464983,1497600
2,constrained_bootstrap,2,23500,100,0.004452445065835491,0.006857509259134531,1504000
2,constrained_bootstrap,2,23600,100,0.004237786810845137,0.0063439588993787766,1510400
2,constrained_bootstrap,2,23700,100,0.004480104129761457,0.0056532323360443115,1516800
2,constrained_bootstrap,2,23800,100,0.004662607302889228,0.00543643394485116,1523200
2,constrained_bootstrap,2,23900,100,0.00445526402676478,0.0025830601807683706,1529600
2,constrained_bootstrap,2,24000,100,0.004288237682776526,0.003429362317547202,1536000
2,constrained_bootstrap,2,24100,100,0.004337962826248258,0.004051251336932182,1542400
2,constrained_bootstrap,2,24200,100,0.004643946411088109,0.004645154811441898,1548800
2,constrained_bootstrap,2,24300,100,0.004495817479910329,0.0026468748692423105,1555200
2,constrained_bootstrap,2,24400,100,0.004475724224466831,0.0042737205512821674,1561600
2,constrained_bootstrap,2,24500,100,0.0044441638118587435,0.0036692004650831223,1568000
2,constrained_bootstrap,2,24600,100,0.00460124354576692,0.004348233342170715,1574400
2,constrained_bootstrap,2,24700,100,0.004401763724163174,0.004032819531857967,1580800
2,constrained_bootstrap,2,24800,100,0.004377461532130838,0.005962112452834845,1587200
2,constrained_bootstrap,2,24900,100,0.004345021860208362,0.0035788642708212137,1593600
2,constrained_bootstrap,2,25000,100,0.00470746990875341,0.004233094863593578,1600000
2,constrained_bootstrap,2,25100,100,0.004612996180076152,0.004613576456904411,1606400
2,constrained_bootstrap,2,25200,100,0.004498379597207531,0.002856513950973749,1612800
2,constrained_bootstrap,2,25300,100,0.004847294175997377,0.003089762758463621,1619200
2,constrained_bootstrap,2,25400,100,0.004446858406299725,0.004076056182384491,1625600
2,constrained_bootstrap,2,25500,100,0.004173118497710675,0.0024414071813225746,1632000
2,constrained_bootstrap,2,25600,100,0.004437310612993315,0.0038614971563220024,1638400
2,constrained_bootstrap,2,25700,100,0.0043726674374192954,0.004655339289456606,1644800
2,constrained_bootstrap,2,25800,100,0.004339428219245747,0.005789490416646004,1651200
2,constrained_bootstrap,2,25900,100,0.004161163499811664,0.0038697230629622936,1657600
2,constrained_bootstrap,2,26000,100,0.004417485489975661,0.0029609575867652893,1664000
2,constrained_bootstrap,2,26100,100,0.004281569144222885,0.006978076882660389,1670400
2,constrained_bootstrap,2,26200,100,0.004501328842015937,0.006620637606829405,1676800
2,constrained_bootstrap,2,26300,100,0.004410868933191523,0.002804679563269019,1683200
2,constrained_bootstrap,2,26400,100,0.004281220519915223,0.004698943812400103,1689600
2,constrained_bootstrap,2,26500,100,0.004407747143413871,0.007419197354465723,1696000
2,constrained_bootstrap,2,26600,100,0.004398824074305594,0.004010835662484169,1702400
2,constrained_bootstrap,2,26700,100,0.004785308652790263,0.006171686574816704,1708800
2,constrained_bootstrap,2,26800,100,0.005018611995037645,0.005393572151660919,1715200
2,constrained_bootstrap,2,26900,100,0.004717583863530308,0.004176883026957512,1721600
2,constrained_bootstrap,2,27000,100,0.0049293652665801345,0.00439573684707284,1728000
2,constrained_bootstrap,2,27100,100,0.00420576139469631,0.004728697240352631,1734400
2,constrained_bootstrap,2,27200,100,0.004526285381289199,0.0033975490368902683,1740800
2,constrained_bootstrap,2,27300,100,0.004481271437834948,0.0030969828367233276,1747200
2,constrained_bootstrap,2,27400,100,0.004156559157418087,0.003728823736310005,1753600
2,constrained_bootstrap,2,27500,100,0.004470368785550818,0.004164465237408876,1760000
2,constrained_bootstrap,2,27600,100,0.0041956760175526145,0.0032409140840172768,1766400
2,constrained_bootstrap,2,27700,100,0.0046017965278588235,0.005776112899184227,1772800
2,constrained_bootstrap,2,27800,100,0.0040690323652233925,0.0025127714034169912,1779200
2,constrained_bootstrap,2,27900,100,0.004212164883501828,0.004856494255363941,1785600
2,constrained_bootstrap,2,28000,100,0.004531325796851888,0.003646394470706582,1792000
2,constrained_bootstrap,2,28100,100,0.004537172322161495,0.0033372240141034126,1798400
2,constrained_bootstrap,2,28200,100,0.004562663637334481,0.0030123949982225895,1804800
2,constrained_bootstrap,2,28300,100,0.004529651796910911,0.009083138778805733,1811200
2,constrained_bootstrap,2,28400,100,0.004568375358358026,0.002555831801146269,1817600
2,constrained_bootstrap,2,28500,100,0.004088050323771313,0.002429279498755932,1824000
2,constrained_bootstrap,2,28600,100,0.004481906718574465,0.004375167191028595,1830400
2,constrained_bootstrap,2,28700,100,0.0045928359613753855,0.004923410713672638,1836800
2,constrained_bootstrap,2,28800,100,0.00438583557959646,0.004330378491431475,1843200
2,constrained_bootstrap,2,28900,100,0.004396491944789887,0.004032239317893982,1849600
2,constrained_bootstrap,2,29000,100,0.0047797700623050336,0.004434589296579361,1856000
2,constrained_bootstrap,2,29100,100,0.00450543895480223,0.003983175847679377,1862400
2,constrained_bootstrap,2,29200,100,0.00448702629073523,0.006219479721039534,1868800
2,constrained_bootstrap,2,29300,100,0.00424578478327021,0.0054603805765509605,1875200
2,constrained_bootstrap,2,29400,100,0.004578003394417465,0.004379826597869396,1881600
2,constrained_bootstrap,2,29500,100,0.004661249150522053,0.002328215865418315,1888000
2,constrained_bootstrap,2,29600,100,0.004081770207267255,0.002938006306067109,1894400
2,constrained_bootstrap,2,29700,100,0.004693706021644175,0.00374415866099298,1900800
2,constrained_bootstrap,2,29800,100,0.004295049640350043,0.004418201744556427,1907200
2,constrained_bootstrap,2,29900,100,0.004518268702086061,0.005576670169830322,1913600
2,constrained_bootstrap,2,30000,100,0.0043895216635428365,0.004634740762412548,1920000
3,constrained_bootstrap,0,100,100,0.011596921334275976,0.007593210786581039,6400
3,constrained_bootstrap,0,200,100,0.011868022455018945,0.0010969985742121935,12800
3,constrained_bootstrap,0,300,100,0.010056549736182205,0.0008416149066761136,19200
3,constrained_bootstrap,0,400,100,0.009099442332517355,0.01731579191982746,25600
3,constrained_bootstrap,0,500,100,0.008711371378158219,0.0007030621636658907,32000
3,constrained_bootstrap,0,600,100,0.0076201855519320814,0.008903210051357746,38400
3,constrained_bootstrap,0,700,100,0.007234575863694772,0.017488054931163788,44800
3,constrained_bootstrap,0,800,100,0.0073844851832836865,0.010856008157134056,51200
3,constrained_bootstrap,0,900,100,0.007208987494232133,0.0012486085761338472,57600
3,constrained_bootstrap,0,1000,100,0.007073520360281691,0.005473757162690163,64000
3,constrained_bootstrap,0,1100,100,0.006914502832805738,0.009962035343050957,70400
3,constrained_bootstrap,0,1200,100,0.0058444489422254265,0.004069758579134941,76800
3,constrained_bootstrap,0,1300,100,0.005913982595084235,0.006724410690367222,83200
3,constrained_bootstrap,0,1400,100,0.005781744004925713,0.003381662303581834,89600
3,constrained_bootstrap,0,1500,100,0.0053453209111467,0.005473108496516943,96000
3,constrained_bootstrap,0,1600,100,0.00501909069949761,0.002755304565653205,102400
3,constrained_bootstrap,0,1700,100,0.005041498235659674,0.006478209048509598,108800
3,constrained_bootstrap,0,1800,100,0.0051131578860804435,0.006895455066114664,115200
3,constrained_bootstrap,0,1900,100,0.004716304439352825,0.005750254262238741,121600
3,constrained_bootstrap,0,2000,100,0.005120817313436419,0.0029837144538760185,128000
3,constrained_bootstrap,0,2100,100,0.004986935143824667,0.0021531186066567898,134400
3,constrained_bootstrap,0,2200,100,0.004945258414372802,0.0034727263264358044,140800
3,constrained_bootstrap,0,2300,100,0.005187186391558498,0.007261842954903841,147200
3,constrained_bootstrap,0,2400,100,0.005368075782898813,0.0027484579477459192,153600
3,constrained_bootstrap,0,2500,100,0.005008878652006388,0.003929794300347567,160000
3,constrained_bootstrap,0,2600,100,0.0051867026253603395,0.003314298577606678,166400
3,constrained_bootstrap,0,2700,100,0.00511990979546681,0.003714638529345393,172800
3,constrained_bootstrap,0,2800,100,0.004572931749280542,0.004198490642011166,179200
3,constrained_bootstrap,0,2900,100,0.005449463250115514,0.005196991376578808,185600
3,constrained_bootstrap,0,3000,100,0.005224105205852539,0.0050475457683205605,192000
3,constrained_bootstrap,0,3100,100,0.005171903057489544,0.006344527937471867,198400
3,constrained_bootstrap,0,3200,100,0.004997043302282691,0.005562647245824337,204800
3,constrained_bootstrap,0,3300,100,0.004949811021797359,0.011639871634542942,211200
3,constrained_bootstrap,0,3400,100,0.004855835777707398,0.0049472954124212265,217600
3,constrained_bootstrap,0,3500,100,0.005351216146955266,0.004282825160771608,224000
3,constrained_bootstrap,0,3600,100,0.005138089165557176,0.003883486147969961,230400
3,constrained_bootstrap,0,3700,100,0.005178636517375708,0.003678510431200266,236800
3,constrained_bootstrap,0,3800,100,0.004893333395011723,0.003038345370441675,243200
3,constrained_bootstrap,0,3900,100,0.005297706983983516,0.00349003286100924,249600
3,constrained_bootstrap,0,4000,100,0.005015871536452323,0.005080963484942913,256000
3,constrained_bootstrap,0,4100,100,0.004999051527120173,0.004217273555696011,262400
3,constrained_bootstrap,0,4200,100,0.005394451457541436,0.006199651397764683,268800
3,constrained_bootstrap,0,4300,100,0.005026305261999368,0.004534730687737465,275200
3,constrained_bootstrap,0,4400,100,0.004719790529925376,0.004835385829210281,281600
3,constrained_bootstrap,0,4500,100,0.004897159289103001,0.008314753882586956,288000
3,constrained_bootstrap,0,4600,100,0.005108988068532199,0.005443499889224768,294400
3,constrained_bootstrap,0,4700,100,0.0048525364708621056,0.0035651230718940496,300800
3,constrained_bootstrap,0,4800,100,0.004732768989633769,0.006644753739237785,307200
3,constrained_bootstrap,0,4900,100,0.0044193916744552555,0.002945179585367441,313600
3,constrained_bootstrap,0,5000,100,0.004857572703622281,0.005269271321594715,320000
3,constrained_bootstrap,0,5100,100,0.004890557308681309,0.004143546801060438,326400
3,constrained_bootstrap,0,5200,100,0.005319209948647767,0.0049905963242053986,332800
3,constrained_bootstrap,0,5300,100,0.005111797610297799,0.0023814854212105274,339200
3,constrained_bootstrap,0,5400,100,0.005022529347334057,0.0046808309853076935,345600
3,constrained_bootstrap,0,5500,100,0.004795558978803456,0.004840740002691746,352000
3,constrained_bootstrap,0,5600,100,0.004634578945115209,0.003873500507324934,358400
3,constrained_bootstrap,0,5700,100,0.005100328736007214,0.006363511551171541,364800
3,constrained_bootstrap,0,5800,100,0.004919740627519787,0.0028414507396519184,371200
3,constrained_bootstrap,0,5900,100,0.004697171894367785,0.003570116590708494,377600
3,constrained_bootstrap,0,6000,100,0.005112600272987038,0.004660409409552813,384000
3,constrained_bootstrap,0,6100,100,0.005045121989678591,0.0034647956490516663,390400
3,constrained_bootstrap,0,6200,100,0.004833029188448563,0.004208166152238846,396800
3,constrained_bootstrap,0,6300,100,0.0047738559718709436,0.006076520308852196,403200
3,constrained_bootstrap,0,6400,100,0.0050888269627466795,0.00512190954759717,409600
3,constrained_bootstrap,0,6500,100,0.004762980211526155,0.0031075170263648033,416000
3,constrained_bootstrap,0,6600,100,0.005434129354543984,0.005252730567008257,422400
3,constrained_bootstrap,0,6700,100,0.004972847984172404,0.004555687308311462,428800
3,constrained_bootstrap,0,6800,100,0.004569298342103139,0.00559865590184927,435200
3,constrained_bootstrap,0,6900,100,0.00514764053048566,0.0039027375169098377,441600
3,constrained_bootstrap,0,7000,100,0.004893380479188636,0.00831195991486311,448000
3,constrained_bootstrap,0,7100,100,0.0051086875121109186,0.005466169212013483,454400
3,constrained_bootstrap,0,7200,100,0.004673654278740287,0.004410238936543465,460800
3,constrained_bootstrap,0,7300,100,0.004994212267920375,0.004974212497472763,467200
3,constrained_bootstrap,0,7400,100,0.0048726817686110735,0.005320882424712181,473600
3,constrained_bootstrap,0,7500,100,0.004843704756349325,0.004248928278684616,480000
3,constrained_bootstrap,0,7600,100,0.004509985803160817,0.003846890525892377,486400
3,constrained_bootstrap,0,7700,100,0.004965696142753586,0.004107858054339886,492800
3,constrained_bootstrap,0,7800,100,0.0048404279351234435,0.005751970689743757,499200
3,constrained_bootstrap,0,7900,100,0.005018792669288814,0.004058783873915672,505600
3,constrained_bootstrap,0,8000,100,0.004747973296325654,0.004368607886135578,512000
3,constrained_bootstrap,0,8100,100,0.0051779965730383995,0.006232027895748615,518400
3,constrained_bootstrap,0,8200,100,0.004963761966209858,0.0033527472987771034,524800
3,constrained_bootstrap,0,8300,100,0.004727076466660946,0.0037541096098721027,531200
3,constrained_bootstrap,0,8400,100,0.004448415639344603,0.004672982729971409,537600
3,constrained_bootstrap,0,8500,100,0.004780429711099714,0.0028401128947734833,544000
3,constrained_bootstrap,0,8600,100,0.004866863263305277,0.003623003838583827,550400
3,constrained_bootstrap,0,8700,100,0.0052158637798856945,0.0027509124483913183,556800
3,constrained_bootstrap,0,8800,100,0.0048175118421204385,0.00830586813390255,563200
3,constrained_bootstrap,0,8900,100,0.004896414240356535,0.0035687400959432125,569600
3,constrained_bootstrap,0,9000,100,0.004566737897694111,0.005399012006819248,576000
3,constrained_bootstrap,0,9100,100,0.004472638887818903,0.002799256471917033,582400
3,constrained_bootstrap,0,9200,100,0.004849651808617636,0.0025643326807767153,588800
3,constrained_bootstrap,0,9300,100,0.004843446696177125,0.0052663302049040794,595200
3,constrained_bootstrap,0,9400,100,0.004424702867399901,0.004753460641950369,601600
3,constrained_bootstrap,0,9500,100,0.004898979946738109,0.004864201415330172,608000
3,constrained_bootstrap,0,9600,100,0.0044247880624607204,0.006623508408665657,614400
3,constrained_bootstrap,0,9700,100,0.004889287673868239,0.005004806909710169,620800
3,constrained_bootstrap,0,9800,100,0.004717460616957396,0.008484789170324802,627200
3,constrained_bootstrap,0,9900,100,0.004646881532389671,0.0034741500858217478,633600
3,constrained_bootstrap,0,10000,100,0.004681386833544821,0.004364268854260445,640000
3,constrained_bootstrap,0,10100,100,0.004828603495843709,0.0030233219731599092,646400
3,constrained_bootstrap,0,10200,100,0.004604503385489806,0.003105741925537586,652800
3,constrained_bootstrap,0,10300,100,0.004797525166068226,0.004554667044430971,659200
3,constrained_bootstrap,0,10400,100,0.005103351802099496,0.0043553877621889114,665600
3,constrained_bootstrap,0,10500,100,0.004958964593242854,0.004120575729757547,672000
3,constrained_bootstrap,0,10600,100,0.004431914042215795,0.003950992599129677,678400
3,constrained_bootstrap,0,10700,100,0.004518306776881218,0.002848966745659709,684800
3,constrained_bootstrap,0,10800,100,0.0048049495101440695,0.004552418366074562,691200
3,constrained_bootstrap,0,10900,100,0.005412499001249671,0.004670110531151295,697600
3,constrained_bootstrap,0,11000,100,0.004970936097670346,0.005254494026303291,704000
3,constrained_bootstrap,0,11100,100,0.004783463692292571,0.004545148462057114,710400
3,constrained_bootstrap,0,11200,100,0.005033315285108983,0.0036129325162619352,716800
3,constrained_bootstrap,0,11300,100,0.004729340332560241,0.0046586706303060055,723200
3,constrained_bootstrap,0,11400,100,0.00469710127916187,0.0047296485863626,729600
3,constrained_bootstrap,0,11500,100,0.0049097001471091065,0.009390419349074364,736000
3,constrained_bootstrap,0,11600,100,0.004442953830584883,0.008440040983259678,742400
3,constrained_bootstrap,0,11700,100,0.004206795846112072,0.004085077438503504,748800
3,constrained_bootstrap,0,11800,100,0.0047262866236269475,0.0037389970384538174,755200
3,constrained_bootstrap,0,11900,100,0.004671656809514388,0.0025363126769661903,761600
3,constrained_bootstrap,0,12000,100,0.00432106512831524,0.006351224146783352,768000
3,constrained_bootstrap,0,12100,100,0.004721412912476808,0.008626979775726795,774400
3,constrained_bootstrap,0,12200,100,0.004961905886884779,0.010327234864234924,780800
3,constrained_bootstrap,0,12300,100,0.004991235428024083,0.003111411351710558,787200
3,constrained_bootstrap,0,12400,100,0.0048799099097959694,0.0047067636623978615,793600
3,constrained_bootstrap,0,12500,100,0.0047371990163810555,0.002303949324414134,800000
3,constrained_bootstrap,0,12600,100,0.004355026291450486,0.005967372562736273,806400
3,constrained_bootstrap,0,12700,100,0.004422324005281553,0.005930761341005564,812800
3,constrained_bootstrap,0,12800,100,0.004556380796711892,0.003490826580673456,819200
3,constrained_bootstrap,0,12900,100,0.004679930119309574,0.0035369484685361385,825600
3,constrained_bootstrap,0,13000,100,0.004709261873504147,0.0045009502209723,832000
3,constrained_bootstrap,0,13100,100,0.004450581838609651,0.003972193691879511,838400
3,constrained_bootstrap,0,13200,100,0.004581160044763237,0.004186580888926983,844800
3,constrained_bootstrap,0,13300,100,0.004981872821226716,0.001959190471097827,851200
3,constrained_bootstrap,0,13400,100,0.005047739563742652,0.00585526879876852,857600
3,constrained_bootstrap,0,13500,100,0.00469522837549448,0.00399046903476119,864000
3,constrained_bootstrap,0,13600,100,0.004577436980325728,0.006478436291217804,870400
3,constrained_bootstrap,0,13700,100,0.004529804897028953,0.0032696572598069906,876800
3,constrained_bootstrap,0,13800,100,0.004681777883088216,0.0037980908527970314,883200
3,constrained_bootstrap,0,13900,100,0.005018150687683374,0.003940408583730459,889600
3,constrained_bootstrap,0,14000,100,0.004517605988075957,0.005315739195793867,896000
3,constrained_bootstrap,0,14100,100,0.004500670284032822,0.004034660756587982,902400
3,constrained_bootstrap,0,14200,100,0.004848590013571083,0.003986409865319729,908800
3,constrained_bootstrap,0,14300,100,0.004739053463563323,0.0035106956493109465,915200
3,constrained_bootstrap,0,14400,100,0.004965039498638362,0.004286379553377628,921600
3,constrained_bootstrap,0,14500,100,0.004787422923836857,0.004080798011273146,928000
3,constrained_bootstrap,0,14600,100,0.00464772287523374,0.002642223844304681,934400
3,constrained_bootstrap,0,14700,100,0.004531263118842617,0.004095139447599649,940800
3,constrained_bootstrap,0,14800,100,0.004593381341546774,0.0025688919704407454,947200
3,constrained_bootstrap,0,14900,100,0.00414082809118554,0.003190954914316535,953600
3,constrained_bootstrap,0,15000,100,0.0045223308505956085,0.00477192597463727,960000
3,constrained_bootstrap,0,15100,100,0.004645804888568818,0.009601471945643425,966400
3,constrained_bootstrap,0,15200,100,0.004620740638347343,0.0035199655685573816,972800
3,constrained_bootstrap,0,15300,100,0.004736554578412325,0.0032340348698198795,979200
3,constrained_bootstrap,0,15400,100,0.004626839028205722,0.004827273078262806,985600
3,constrained_bootstrap,0,15500,100,0.004651979341870174,0.0053161331452429295,992000
3,constrained_bootstrap,0,15600,100,0.004681880385614932,0.004368226043879986,998400
3,constrained_bootstrap,0,15700,100,0.004583004943560809,0.004568766336888075,1004800
3,constrained_bootstrap,0,15800,100,0.004662978391861543,0.0063811903819441795,1011200
3,constrained_bootstrap,0,15900,100,0.004167365340981633,0.002815118758007884,1017600
3,constrained_bootstrap,0,16000,100,0.004813030693912879,0.006204049568623304,1024000
3,constrained_bootstrap,0,16100,100,0.0045045461424160745,0.004837069660425186,1030400
3,constrained_bootstrap,0,16200,100,0.0044016625406220556,0.0035853576846420765,1036800
3,constrained_bootstrap,0,16300,100,0.0046645293361507354,0.004183608572930098,1043200
3,constrained_bootstrap,0,16400,100,0.004789921124465763,0.009555762633681297,1049600
3,constrained_bootstrap,0,16500,100,0.005092274607159197,0.005622473545372486,1056000
3,constrained_bootstrap,0,16600,100,0.00476283565396443,0.00475732795894146,1062400
3,constrained_bootstrap,0,16700,100,0.0050469146831892435,0.005872543901205063,1068800
3,constrained_bootstrap,0,16800,100,0.004874608237296343,0.005992408841848373,1075200
3,constrained_bootstrap,0,16900,100,0.004845808403333649,0.004522587638348341,1081600
3,constrained_bootstrap,0,17000,100,0.0045712169795297086,0.005418202839791775,1088000
3,constrained_bootstrap,0,17100,100,0.0043834125739522275,0.002350109163671732,1094400
3,constrained_bootstrap,0,17200,100,0.004377362378872931,0.004208256956189871,1100800
3,constrained_bootstrap,0,17300,100,0.0043500622455030676,0.0035632862709462643,1107200
3,constrained_bootstrap,0,17400,100,0.004712158623151481,0.004804044496268034,1113600
3,constrained_bootstrap,0,17500,100,0.004130721443798393,0.005473850294947624,1120000
3,constrained_bootstrap,0,17600,100,0.0043340558826457706,0.00485538225620985,1126400
3,constrained_bootstrap,0,17700,100,0.004404149213805795,0.0031121931970119476,1132800
3,constrained_bootstrap,0,17800,100,0.004428903824882582,0.002478840062394738,1139200
3,constrained_bootstrap,0,17900,100,0.004450674270046875,0.0028621037490665913,1145600
3,constrained_bootstrap,0,18000,100,0.004534974512644112,0.005590178072452545,1152000
3,constrained_bootstrap,0,18100,100,0.004906939974753186,0.0029697883874177933,1158400
3,constrained_bootstrap,0,18200,100,0.004454028656473383,0.004748239181935787,1164800
3,constrained_bootstrap,0,18300,100,0.00466027399059385,0.004441882949322462,1171200
3,constrained_bootstrap,0,18400,100,0.004526654321234673,0.00470964377745986,1177600
3,constrained_bootstrap,0,18500,100,0.0044649842637591065,0.0034962480422109365,1184000
3,constrained_bootstrap,0,18600,100,0.004546365533024073,0.004831595346331596,1190400
3,constrained_bootstrap,0,18700,100,0.004651303223799914,0.004230679478496313,1196800
3,constrained_bootstrap,0,18800,100,0.004741211103973911,0.006756651680916548,1203200
3,constrained_bootstrap,0,18900,100,0.004698534207418561,0.004953441210091114,1209600
3,constrained_bootstrap,0,19000,100,0.0049671295238658784,0.0029388233087956905,1216000
3,constrained_bootstrap,0,19100,100,0.004590950889978558,0.004546085838228464,1222400
3,constrained_bootstrap,0,19200,100,0.004493459351360798,0.0030736876651644707,1228800
3,constrained_bootstrap,0,19300,100,0.004620954148704186,0.005642262753099203,1235200
3,constrained_bootstrap,0,19400,100,0.00470205022371374,0.007275090552866459,1241600
3,constrained_bootstrap,0,19500,100,0.004586837618844584,0.005857925862073898,1248000
3,constrained_bootstrap,0,19600,100,0.004548735725693405,0.006772988010197878,1254400
3,constrained_bootstrap,0,19700,100,0.00466437207069248,0.0036991783417761326,1260800
3,constrained_bootstrap,0,19800,100,0.004326173239387571,0.007972227409482002,1267200
3,constrained_bootstrap,0,19900,100,0.004507300241384655,0.002969397697597742,1273600
3,constrained_bootstrap,0,20000,100,0.004678011145442724,0.005295411217957735,1280000
3,constrained_bootstrap,0,20100,100,0.004451311365701258,0.0032130328472703695,1286400
3,constrained_bootstrap,0,20200,100,0.0046151562023442234,0.0045807561837136745,1292800
3,constrained_bootstrap,0,20300,100,0.004576914320932701,0.003450749907642603,1299200
3,constrained_bootstrap,0,20400,100,0.0045898054796271025,0.00453303474932909,1305600
3,constrained_bootstrap,0,20500,100,0.004616832988103852,0.0046194992028176785,1312000
3,constrained_bootstrap,0,20600,100,0.0045408272813074295,0.0035558186937123537,1318400
3,constrained_bootstrap,0,20700,100,0.0045669745886698365,0.0041822390630841255,1324800
3,constrained_bootstrap,0,20800,100,0.004924140769289807,0.004985961597412825,1331200
3,constrained_bootstrap,0,20900,100,0.004613538105040789,0.0051886215806007385,1337600
3,constrained_bootstrap,0,21000,100,0.0046975590847432615,0.005647605285048485,1344000
3,constrained_bootstrap,0,21100,100,0.004441633622627705,0.0046080611646175385,1350400
3,constrained_bootstrap,0,21200,100,0.004710636020172387,0.0028447783552110195,1356800
3,constrained_bootstrap,0,21300,100,0.004134398753521964,0.0028707219753414392,1363200
3,constrained_bootstrap,0,21400,100,0.004791183997876942,0.004801884293556213,1369600
3,constrained_bootstrap,0,21500,100,0.004675098721636459,0.0026971036568284035,1376000
3,constrained_bootstrap,0,21600,100,0.004701090797316283,0.008005106821656227,1382400
3,constrained_bootstrap,0,21700,100,0.004666096239816397,0.005040263757109642,1388800
3,constrained_bootstrap,0,21800,100,0.0046499716443941,0.004415537230670452,1395200
3,constrained_bootstrap,0,21900,100,0.004628187746275217,0.008580215275287628,1401600
3,constrained_bootstrap,0,22000,100,0.005054014209890738,0.004823221825063229,1408000
3,constrained_bootstrap,0,22100,100,0.004860779370646924,0.004429816734045744,1414400
3,constrained_bootstrap,0,22200,100,0.004743817654671147,0.00151949399150908,1420800
3,constrained_bootstrap,0,22300,100,0.004537381429690868,0.0045878044329583645,1427200
3,constrained_bootstrap,0,22400,100,0.004581296951510012,0.006758533883839846,1433600
3,constrained_bootstrap,0,22500,100,0.005034877635771409,0.006553458049893379,1440000
3,constrained_bootstrap,0,22600,100,0.004559494977584109,0.0024969943333417177,1446400
3,constrained_bootstrap,0,22700,100,0.004448441650019959,0.0027797718066722155,1452800
3,constrained_bootstrap,0,22800,100,0.004552877442911267,0.007151030004024506,1459200
3,constrained_bootstrap,0,22900,100,0.004613256527809426,0.0044041527435183525,1465600
3,constrained_bootstrap,0,23000,100,0.004809010138269514,0.0035018492490053177,1472000
3,constrained_bootstrap,0,23100,100,0.004353069877251983,0.004316391889005899,1478400
3,constrained_bootstrap,0,23200,100,0.004463077578693628,0.0066889612935483456,1484800
3,constrained_bootstrap,0,23300,100,0.004520847293315455,0.0024579642340540886,1491200
3,constrained_bootstrap,0,23400,100,0.004632546440698207,0.004083868116140366,1497600
3,constrained_bootstrap,0,23500,100,0.005037809365894645,0.005824903957545757,1504000
3,constrained_bootstrap,0,23600,100,0.004786529215052724,0.0037790844216942787,1510400
3,constrained_bootstrap,0,23700,100,0.004779432186624035,0.0033286469988524914,1516800
3,constrained_bootstrap,0,23800,100,0.004509381843963638,0.0035427717957645655,1523200
3,constrained_bootstrap,0,23900,100,0.004929465437307954,0.00627149548381567,1529600
3,constrained_bootstrap,0,24000,100,0.004389051210600883,0.0031192507594823837,1536000
3,constrained_bootstrap,0,24100,100,0.0044889658130705355,0.006459136959165335,1542400
3,constrained_bootstrap,0,24200,100,0.004580121571198106,0.003307352541014552,1548800
3,constrained_bootstrap,0,24300,100,0.004533084611175582,0.00386698916554451,1555200
3,constrained_bootstrap,0,24400,100,0.0046309001836925745,0.003940036986023188,1561600
3,constrained_bootstrap,0,24500,100,0.004591828054981306,0.004543153569102287,1568000
3,constrained_bootstrap,0,24600,100,0.005029021187219769,0.003942328039556742,1574400
3,constrained_bootstrap,0,24700,100,0.004822033228119835,0.005914516281336546,1580800
3,constrained_bootstrap,0,24800,100,0.004802593856584281,0.005050757899880409,1587200
3,constrained_bootstrap,0,24900,100,0.004691887776134536,0.0019646717701107264,1593600
3,constrained_bootstrap,0,25000,100,0.004692178028635681,0.0047022877261042595,1600000
3,constrained_bootstrap,0,25100,100,0.004472454772330821,0.0034627262502908707,1606400
3,constrained_bootstrap,0,25200,100,0.004727035093819723,0.003736562095582485,1612800
3,constrained_bootstrap,0,25300,100,0.004494200497865677,0.003194195916876197,1619200
3,constrained_bootstrap,0,25400,100,0.004482283913530409,0.004278619773685932,1625600
3,constrained_bootstrap,0,25500,100,0.004703791100764647,0.002484272699803114,1632000
3,constrained_bootstrap,0,25600,100,0.004437131694285199,0.0034363800659775734,1638400
3,constrained_bootstrap,0,25700,100,0.004330066129332408,0.0037083951756358147,1644800
3,constrained_bootstrap,0,25800,100,0.004418226415291429,0.0037916088476777077,1651200
3,constrained_bootstrap,0,25900,100,0.004739642057102173,0.00349408108741045,1657600
3,constrained_bootstrap,0,26000,100,0.004381421636790037,0.004050880204886198,1664000
3,constrained_bootstrap,0,26100,100,0.004557571645127609,0.005900337360799313,1670400
3,constrained_bootstrap,0,26200,100,0.00465378288179636,0.003506217384710908,1676800
3,constrained_bootstrap,0,26300,100,0.004421444766921923,0.003498123027384281,1683200
3,constrained_bootstrap,0,26400,100,0.0045589155377820136,0.004320058971643448,1689600
3,constrained_bootstrap,0,26500,100,0.004247267115861177,0.0045492397621273994,1696000
3,constrained_bootstrap,0,26600,100,0.004632527946960181,0.004498249385505915,1702400
3,constrained_bootstrap,0,26700,100,0.004543168153613806,0.005086381454020739,1708800
3,constrained_bootstrap,0,26800,100,0.004498816595878452,0.0023317669983953238,1715200
3,constrained_bootstrap,0,26900,100,0.004548941771499813,0.004944607615470886,1721600
3,constrained_bootstrap,0,27000,100,0.004712590002454818,0.005287213250994682,1728000
3,constrained_bootstrap,0,27100,100,0.004925570362247527,0.00379287195391953,1734400
3,constrained_bootstrap,0,27200,100,0.004594988105818629,0.0035450346767902374,1740800
3,constrained_bootstrap,0,27300,100,0.004369257477810607,0.005965621676295996,1747200
3,constrained_bootstrap,0,27400,100,0.00446714659454301,0.003378282068297267,1753600
3,constrained_bootstrap,0,27500,100,0.004512617673026398,0.002659060526639223,1760000
3,constrained_bootstrap,0,27600,100,0.004524036612128839,0.0034406993072479963,1766400
3,constrained_bootstrap,0,27700,100,0.004410099829547107,0.004378543235361576,1772800
3,constrained_bootstrap,0,27800,100,0.004606456828769296,0.006777031347155571,1779200
3,constrained_bootstrap,0,27900,100,0.004465986816212535,0.003112435108050704,1785600
3,constrained_bootstrap,0,28000,100,0.0046282574348151685,0.002910309936851263,1792000
3,constrained_bootstrap,0,28100,100,0.004821052588522434,0.0029652188532054424,1798400
3,constrained_bootstrap,0,28200,100,0.004565702661639079,0.0034136394970119,1804800
3,constrained_bootstrap,0,28300,100,0.004527466341387481,0.003959864377975464,1811200
3,constrained_bootstrap,0,28400,100,0.004288476652000099,0.002739215735346079,1817600
3,constrained_bootstrap,0,28500,100,0.004538617562502623,0.00723677733913064,1824000
3,constrained_bootstrap,0,28600,100,0.004411710717249662,0.007105603348463774,1830400
3,constrained_bootstrap,0,28700,100,0.004583948745857924,0.004518641158938408,1836800
3,constrained_bootstrap,0,28800,100,0.004305487051606178,0.0059919171035289764,1843200
3,constrained_bootstrap,0,28900,100,0.004655704919714481,0.0032996609807014465,1849600
3,constrained_bootstrap,0,29000,100,0.004529472689609975,0.006598870735615492,1856000
3,constrained_bootstrap,0,29100,100,0.004483313215896487,0.004847503267228603,1862400
3,constrained_bootstrap,0,29200,100,0.00460038747638464,0.005992396268993616,1868800
3,constrained_bootstrap,0,29300,100,0.004526701937429607,0.0033251920249313116,1875200
3,constrained_bootstrap,0,29400,100,0.004526640917174518,0.005858984775841236,1881600
3,constrained_bootstrap,0,29500,100,0.0046492931188549845,0.00566477794200182,1888000
3,constrained_bootstrap,0,29600,100,0.004397027825471014,0.00492635415866971,1894400
3,constrained_bootstrap,0,29700,100,0.0046610154118388895,0.003525371430441737,1900800
3,constrained_bootstrap,0,29800,100,0.004936326767783612,0.007953519001603127,1907200
3,constrained_bootstrap,0,29900,100,0.0046135900705121455,0.0045386794954538345,1913600
3,constrained_bootstrap,0,30000,100,0.004384169445838779,0.004718570038676262,1920000
3,constrained_bootstrap,1,100,100,0.012371107612270862,0.0023573192302137613,6400
3,constrained_bootstrap,1,200,100,0.011749004925368354,0.015503543429076672,12800
3,constrained_bootstrap,1,300,100,0.010195550695061683,0.0011991882929578424,19200
3,constrained_bootstrap,1,400,100,0.01000776986766141,0.0153213981539011,25600
3,constrained_bootstrap,1,500,100,0.009409669578308239,0.011545965448021889,32000
3,constrained_bootstrap,1,600,100,0.008116598501219414,0.010278299450874329,38400
3,constrained_bootstrap,1,700,100,0.008993344076443463,0.010543113574385643,44800
3,constrained_bootstrap,1,800,100,0.007335442467592657,0.005808550398796797,51200
3,constrained_bootstrap,1,900,100,0.0074874274129979315,0.005063830874860287,57600
3,constrained_bootstrap,1,1000,100,0.007288115388946608,0.007070831023156643,64000
3,constrained_bootstrap,1,1100,100,0.006349395589204505,0.0018504003528505564,70400
3,constrained_bootstrap,1,1200,100,0.005688754654256627,0.008765765465795994,76800
3,constrained_bootstrap,1,1300,100,0.005240580671234056,0.0056401509791612625,83200
3,constrained_bootstrap,1,1400,100,0.005733866802183911,0.0045682517811656,89600
3,constrained_bootstrap,1,1500,100,0.004625835543265566,0.001995074562728405,96000
3,constrained_bootstrap,1,1600,100,0.00520564426202327,0.0028350064530968666,102400
3,constrained_bootstrap,1,1700,100,0.005119812326738611,0.007142392452806234,108800
3,constrained_bootstrap,1,1800,100,0.00527209788444452,0.005558755714446306,115200
3,constrained_bootstrap,1,1900,100,0.005489156818948686,0.008201517164707184,121600
3,constrained_bootstrap,1,2000,100,0.0049793546984437855,0.002821289701387286,128000
3,constrained_bootstrap,1,2100,100,0.005422515197424218,0.008358527906239033,134400
3,constrained_bootstrap,1,2200,100,0.005264782150043175,0.001803816412575543,140800
3,constrained_bootstrap,1,2300,100,0.0048515166575089095,0.0057371435686945915,147200
3,constrained_bootstrap,1,2400,100,0.005402096940670163,0.004141054581850767,153600
3,constrained_bootstrap,1,2500,100,0.005383454196853563,0.00636370200663805,160000
3,constrained_bootstrap,1,2600,100,0.005392749309539795,0.003833209164440632,166400
3,constrained_bootstrap,1,2700,100,0.005384111403254792,0.004300407599657774,172800
3,constrained_bootstrap,1,2800,100,0.0054745050403289496,0.002188151702284813,179200
3,constrained_bootstrap,1,2900,100,0.005189722045324743,0.005721134599298239,185600
3,constrained_bootstrap,1,3000,100,0.0055008552479557694,0.0028083110228180885,192000
3,constrained_bootstrap,1,3100,100,0.0048311410215683285,0.004043718799948692,198400
3,constrained_bootstrap,1,3200,100,0.0050642212713137265,0.00614525843411684,204800
3,constrained_bootstrap,1,3300,100,0.004650090604554862,0.005417123436927795,211200
3,constrained_bootstrap,1,3400,100,0.005284130917862058,0.004553594626486301,217600
3,constrained_bootstrap,1,3500,100,0.005490459131542593,0.007421310059726238,224000
3,constrained_bootstrap,1,3600,100,0.004918107050471008,0.004423225298523903,230400
3,constrained_bootstrap,1,3700,100,0.005351905778516084,0.005382854491472244,236800
3,constrained_bootstrap,1,3800,100,0.004872714122757316,0.0029894772451370955,243200
3,constrained_bootstrap,1,3900,100,0.004767176567111164,0.004669000394642353,249600
3,constrained_bootstrap,1,4000,100,0.005502482503652572,0.0054754819720983505,256000
3,constrained_bootstrap,1,4100,100,0.005105474337469786,0.003101917915046215,262400
3,constrained_bootstrap,1,4200,100,0.004784674661932513,0.0045049069449305534,268800
3,constrained_bootstrap,1,4300,100,0.004888884444953874,0.00655000377446413,275200
3,constrained_bootstrap,1,4400,100,0.004845559448003769,0.004572614561766386,281600
3,constrained_bootstrap,1,4500,100,0.0049942591157741845,0.00792356301099062,288000
3,constrained_bootstrap,1,4600,100,0.004895645307842642,0.006707941181957722,294400
3,constrained_bootstrap,1,4700,100,0.004531810428015887,0.0031110846903175116,300800
3,constrained_bootstrap,1,4800,100,0.004760724629741162,0.004872356075793505,307200
3,constrained_bootstrap,1,4900,100,0.005037015578709543,0.006529061123728752,313600
3,constrained_bootstrap,1,5000,100,0.004890867557842285,0.003942503593862057,320000
3,constrained_bootstrap,1,5100,100,0.0046512831351719795,0.003929194062948227,326400
3,constrained_bootstrap,1,5200,100,0.004658318941947073,0.008476968854665756,332800
3,constrained_bootstrap,1,5300,100,0.004627057584002614,0.006407277658581734,339200
3,constrained_bootstrap,1,5400,100,0.005286540200468153,0.011208144016563892,345600
3,constrained_bootstrap,1,5500,100,0.0047798786708153785,0.004378373734652996,352000
3,constrained_bootstrap,1,5600,100,0.004944258030736819,0.006744496524333954,358400
3,constrained_bootstrap,1,5700,100,0.005099677187390625,0.003395416308194399,364800
3,constrained_bootstrap,1,5800,100,0.004861630196683109,0.006131039932370186,371200
3,constrained_bootstrap,1,5900,100,0.004773414609953761,0.00771272461861372,377600
3,constrained_bootstrap,1,6000,100,0.004764059928711504,0.004597479943186045,384000
3,constrained_bootstrap,1,6100,100,0.004675468397326767,0.0038395365700125694,390400
3,constrained_bootstrap,1,6200,100,0.004493035970954224,0.00699553731828928,396800
3,constrained_bootstrap,1,6300,100,0.004892341048689559,0.005055485293269157,403200
3,constrained_bootstrap,1,6400,100,0.004890683419071138,0.005798199214041233,409600
3,constrained_bootstrap,1,6500,100,0.004548318136949092,0.004008234012871981,416000
3,constrained_bootstrap,1,6600,100,0.004742709039710462,0.004418212920427322,422400
3,constrained_bootstrap,1,6700,100,0.0050827592867426575,0.004605607595294714,428800
3,constrained_bootstrap,1,6800,100,0.00514947651186958,0.00355704128742218,435200
3,constrained_bootstrap,1,6900,100,0.004906571530736983,0.0037004854530096054,441600
3,constrained_bootstrap,1,7000,100,0.004951387795154005,0.007779147941619158,448000
3,constrained_bootstrap,1,7100,100,0.0052613249071873725,0.0035045561380684376,454400
3,constrained_bootstrap,1,7200,100,0.005008344098459929,0.005263065453618765,460800
3,constrained_bootstrap,1,7300,100,0.004469776540063321,0.008075439371168613,467200
3,constrained_bootstrap,1,7400,100,0.004791242907522246,0.007982540875673294,473600
3,constrained_bootstrap,1,7500,100,0.004551494503393769,0.004854157567024231,480000
3,constrained_bootstrap,1,7600,100,0.004482438425766304,0.004993391688913107,486400
3,constrained_bootstrap,1,7700,100,0.004683382640359923,0.0038503860123455524,492800
3,constrained_bootstrap,1,7800,100,0.004655859288759529,0.00242045521736145,499200
3,constrained_bootstrap,1,7900,100,0.004719892228022218,0.006007752381265163,505600
3,constrained_bootstrap,1,8000,100,0.004645192745374516,0.0032886862754821777,512000
3,constrained_bootstrap,1,8100,100,0.004444720080355183,0.004300495609641075,518400
3,constrained_bootstrap,1,8200,100,0.004564109765924513,0.004818294662982225,524800
3,constrained_bootstrap,1,8300,100,0.004933619817020372,0.0025816718116402626,531200
3,constrained_bootstrap,1,8400,100,0.004921619642991573,0.003860949072986841,537600
3,constrained_bootstrap,1,8500,100,0.004652884274255484,0.007744138594716787,544000
3,constrained_bootstrap,1,8600,100,0.004230448186863214,0.003667536424472928,550400
3,constrained_bootstrap,1,8700,100,0.004501927408855408,0.004965658765286207,556800
3,constrained_bootstrap,1,8800,100,0.0045851885003503415,0.007991400547325611,563200
3,constrained_bootstrap,1,8900,100,0.004524183642352,0.005366976838558912,569600
3,constrained_bootstrap,1,9000,100,0.004782844288274646,0.0030815936625003815,576000
3,constrained_bootstrap,1,9100,100,0.004749370100907982,0.004436159506440163,582400
3,constrained_bootstrap,1,9200,100,0.004511144690914079,0.00754720252007246,588800
3,constrained_bootstrap,1,9300,100,0.004424732811748981,0.003564056009054184,595200
3,constrained_bootstrap,1,9400,100,0.004647539544384927,0.004155457951128483,601600
3,constrained_bootstrap,1,9500,100,0.005137567159254104,0.006304181646555662,608000
3,constrained_bootstrap,1,9600,100,0.00471082275849767,0.004608278628438711,614400
3,constrained_bootstrap,1,9700,100,0.00449347345973365,0.00420829001814127,620800
3,constrained_bootstrap,1,9800,100,0.004750424490775913,0.0037815363612025976,627200
3,constrained_bootstrap,1,9900,100,0.005123840848682448,0.00845493096858263,633600
3,constrained_bootstrap,1,10000,100,0.004531050408259034,0.0070283906534314156,640000
3,constrained_bootstrap,1,10100,100,0.004567364049144089,0.0022900959011167288,646400
3,constrained_bootstrap,1,10200,100,0.004807816424872726,0.0029696193523705006,652800
3,constrained_bootstrap,1,10300,100,0.005023900156375021,0.004648025147616863,659200
3,constrained_bootstrap,1,10400,100,0.004676086802501232,0.005435992032289505,665600
3,constrained_bootstrap,1,10500,100,0.005058153995778411,0.005063425283879042,672000
3,constrained_bootstrap,1,10600,100,0.005028024066705257,0.0038208342157304287,678400
3,constrained_bootstrap,1,10700,100,0.005169854462146759,0.00355230993591249,684800
3,constrained_bootstrap,1,10800,100,0.0048524723877199,0.0038413256406784058,691200
3,constrained_bootstrap,1,10900,100,0.004507902413606644,0.0037425290793180466,697600
3,constrained_bootstrap,1,11000,100,0.005068483683280647,0.004124722443521023,704000
3,constrained_bootstrap,1,11100,100,0.004952262870501727,0.003925558179616928,710400
3,constrained_bootstrap,1,11200,100,0.004970946949906647,0.0030415095388889313,716800
3,constrained_bootstrap,1,11300,100,0.005078488446306437,0.008061319589614868,723200
3,constrained_bootstrap,1,11400,100,0.005121290078386664,0.003182352287694812,729600
3,constrained_bootstrap,1,11500,100,0.004290408887900412,0.00480832951143384,736000
3,constrained_bootstrap,1,11600,100,0.004598366001155227,0.0038972406182438135,742400
3,constrained_bootstrap,1,11700,100,0.005000966209918261,0.004693945869803429,748800
3,constrained_bootstrap,1,11800,100,0.004619691947009414,0.005565089173614979,755200
3,constrained_bootstrap,1,11900,100,0.004685144468676299,0.002816827967762947,761600
3,constrained_bootstrap,1,12000,100,0.005014824119862169,0.003121234243735671,768000
3,constrained_bootstrap,1,12100,100,0.004822317040525377,0.004298012237995863,774400
3,constrained_bootstrap,1,12200,100,0.004863419071771204,0.0044146375730633736,780800
3,constrained_bootstrap,1,12300,100,0.004644822530681267,0.0057499706745147705,787200
3,constrained_bootstrap,1,12400,100,0.004667450736742467,0.004401941783726215,793600
3,constrained_bootstrap,1,12500,100,0.005353677500970662,0.0074994731694459915,800000
3,constrained_bootstrap,1,12600,100,0.004666849269997328,0.0058799078688025475,806400
3,constrained_bootstrap,1,12700,100,0.004648270574398339,0.004957886878401041,812800
3,constrained_bootstrap,1,12800,100,0.004447255046106875,0.004131526220589876,819200
3,constrained_bootstrap,1,12900,100,0.004660452015232294,0.004380515776574612,825600
3,constrained_bootstrap,1,13000,100,0.00445683681871742,0.002720488468185067,832000
3,constrained_bootstrap,1,13100,100,0.004421777904499322,0.0020229732617735863,838400
3,constrained_bootstrap,1,13200,100,0.004525438891723752,0.0035059629008173943,844800
3,constrained_bootstrap,1,13300,100,0.004198282246943563,0.007068894803524017,851200
3,constrained_bootstrap,1,13400,100,0.004914783060085029,0.0033963341265916824,857600
3,constrained_bootstrap,1,13500,100,0.004892546490300447,0.004381801001727581,864000
3,constrained_bootstrap,1,13600,100,0.004975065740291029,0.002426193794235587,870400
3,constrained_bootstrap,1,13700,100,0.005365552511066198,0.006554273422807455,876800
3,constrained_bootstrap,1,13800,100,0.004719929794082418,0.004514253232628107,883200
3,constrained_bootstrap,1,13900,100,0.004514704400207847,0.004231621976941824,889600
3,constrained_bootstrap,1,14000,100,0.0047897626121994104,0.0036810189485549927,896000
3,constrained_bootstrap,1,14100,100,0.004959310593549162,0.006128733046352863,902400
3,constrained_bootstrap,1,14200,100,0.004794743100646883,0.0030925653409212828,908800
3,constrained_bootstrap,1,14300,100,0.004851276798872277,0.003968964330852032,915200
3,constrained_bootstrap,1,14400,100,0.004769136467948556,0.0034177489578723907,921600
3,constrained_bootstrap,1,14500,100,0.0047129514394328,0.008919170126318932,928000
3,constrained_bootstrap,1,14600,100,0.004707553489133716,0.0046496205031871796,934400
3,constrained_bootstrap,1,14700,100,0.004876856724731624,0.00713777169585228,940800
3,constrained_bootstrap,1,14800,100,0.00481584052555263,0.00912439450621605,947200
3,constrained_bootstrap,1,14900,100,0.004898858750239015,0.004690499976277351,953600
3,constrained_bootstrap,1,15000,100,0.004405821453547105,0.005196213722229004,960000
3,constrained_bootstrap,1,15100,100,0.004452423912007362,0.005732211750000715,966400
3,constrained_bootstrap,1,15200,100,0.004563080598600209,0.005278711207211018,972800
3,constrained_bootstrap,1,15300,100,0.004453042511595413,0.002920121420174837,979200
3,constrained_bootstrap,1,15400,100,0.004785249549895525,0.005735023412853479,985600
3,constrained_bootstrap,1,15500,100,0.00467327652964741,0.0037956456653773785,992000
3,constrained_bootstrap,1,15600,100,0.004486330710351467,0.006484755780547857,998400
3,constrained_bootstrap,1,15700,100,0.004567712355637923,0.00538235018029809,1004800
3,constrained_bootstrap,1,15800,100,0.004466838070657104,0.004686106462031603,1011200
3,constrained_bootstrap,1,15900,100,0.00462628084467724,0.008506031706929207,1017600
3,constrained_bootstrap,1,16000,100,0.004427454506512731,0.00205737492069602,1024000
3,constrained_bootstrap,1,16100,100,0.00433427702402696,0.0051746550016105175,1030400
3,constrained_bootstrap,1,16200,100,0.004656459621619433,0.007422219961881638,1036800
3,constrained_bootstrap,1,16300,100,0.0045958507515024396,0.004445454105734825,1043200
3,constrained_bootstrap,1,16400,100,0.004502509038429707,0.0037293722853064537,1049600
3,constrained_bootstrap,1,16500,100,0.004821921456605196,0.0028014653362333775,1056000
3,constrained_bootstrap,1,16600,100,0.004464760860428214,0.007024918682873249,1062400
3,constrained_bootstrap,1,16700,100,0.0050316370732616635,0.007832091301679611,1068800
3,constrained_bootstrap,1,16800,100,0.0044105140655301515,0.0023176835384219885,1075200
3,constrained_bootstrap,1,16900,100,0.004521594569087029,0.004225999116897583,1081600
3,constrained_bootstrap,1,17000,100,0.004321848022518679,0.0020683163311332464,1088000
3,constrained_bootstrap,1,17100,100,0.005087261211592704,0.00509779155254364,1094400
3,constrained_bootstrap,1,17200,100,0.0044046200287994,0.006257308647036552,1100800
3,constrained_bootstrap,1,17300,100,0.005039817353244871,0.004711433779448271,1107200
3,constrained_bootstrap,1,17400,100,0.004532370417146012,0.007508688606321812,1113600
3,constrained_bootstrap,1,17500,100,0.004354073735885322,0.00494512589648366,1120000
3,constrained_bootstrap,1,17600,100,0.004612308657960966,0.004003493580967188,1126400
3,constrained_bootstrap,1,17700,100,0.004530954748624936,0.004841336980462074,1132800
3,constrained_bootstrap,1,17800,100,0.004764085394563153,0.0032611466012895107,1139200
3,constrained_bootstrap,1,17900,100,0.004688404663465917,0.006450156215578318,1145600
3,constrained_bootstrap,1,18000,100,0.004737569831777364,0.0022989369463175535,1152000
3,constrained_bootstrap,1,18100,100,0.004428069752175361,0.0068717533722519875,1158400
3,constrained_bootstrap,1,18200,100,0.0047190788516309114,0.0017521391855552793,1164800
3,constrained_bootstrap,1,18300,100,0.004753648948390037,0.005872315261512995,1171200
3,constrained_bootstrap,1,18400,100,0.0046777066623326395,0.00606084568426013,1177600
3,constrained_bootstrap,1,18500,100,0.004033436980098486,0.0026478476356714964,1184000
3,constrained_bootstrap,1,18600,100,0.004791176361031831,0.00600360007956624,1190400
3,constrained_bootstrap,1,18700,100,0.004540655969176442,0.007432620972394943,1196800
3,constrained_bootstrap,1,18800,100,0.004391286458121613,0.003492903197184205,1203200
3,constrained_bootstrap,1,18900,100,0.004883578177541494,0.003180518513545394,1209600
3,constrained_bootstrap,1,19000,100,0.0046608209051191805,0.007830867543816566,1216000
3,constrained_bootstrap,1,19100,100,0.004749839992728084,0.008138127624988556,1222400
3,constrained_bootstrap,1,19200,100,0.004778178499545902,0.004930220544338226,1228800
3,constrained_bootstrap,1,19300,100,0.004879055477213115,0.0029644351452589035,1235200
3,constrained_bootstrap,1,19400,100,0.004527601231820881,0.0034775803796947002,1241600
3,constrained_bootstrap,1,19500,100,0.004861290811095387,0.004515734501183033,1248000
3,constrained_bootstrap,1,19600,100,0.004949546866118908,0.006966232322156429,1254400
3,constrained_bootstrap,1,19700,100,0.0045992470916826275,0.0035343298222869635,1260800
3,constrained_bootstrap,1,19800,100,0.004464121963828802,0.004919285420328379,1267200
3,constrained_bootstrap,1,19900,100,0.0044920394814107565,0.004802536219358444,1273600
3,constrained_bootstrap,1,20000,100,0.004788967790082097,0.008552424609661102,1280000
3,constrained_bootstrap,1,20100,100,0.0048100212076678875,0.007130045909434557,1286400
3,constrained_bootstrap,1,20200,100,0.005145796779543161,0.004426799714565277,1292800
3,constrained_bootstrap,1,20300,100,0.0049322134791873395,0.0023046655114740133,1299200
3,constrained_bootstrap,1,20400,100,0.00452698802575469,0.007816324941813946,1305600
3,constrained_bootstrap,1,20500,100,0.004512733810115605,0.0042681340128183365,1312000
3,constrained_bootstrap,1,20600,100,0.004360548295080662,0.0027192241977900267,1318400
3,constrained_bootstrap,1,20700,100,0.004403551830910147,0.005935222841799259,1324800
3,constrained_bootstrap,1,20800,100,0.004252958807628601,0.005003953352570534,1331200
3,constrained_bootstrap,1,20900,100,0.004236644165357575,0.00488716084510088,1337600
3,constrained_bootstrap,1,21000,100,0.004511977701913566,0.007707360666245222,1344000
3,constrained_bootstrap,1,21100,100,0.004673107704147697,0.003958773799240589,1350400
3,constrained_bootstrap,1,21200,100,0.004423772494774312,0.004174220375716686,1356800
3,constrained_bootstrap,1,21300,100,0.004588674295227975,0.0038929972797632217,1363200
3,constrained_bootstrap,1,21400,100,0.004822859084233641,0.0020485229324549437,1369600
3,constrained_bootstrap,1,21500,100,0.004893690582830459,0.005212498363107443,1376000
3,constrained_bootstrap,1,21600,100,0.00455447340151295,0.005007438361644745,1382400
3,constrained_bootstrap,1,21700,100,0.004985134691232815,0.0041732569225132465,1388800
3,constrained_bootstrap,1,21800,100,0.004572901872452348,0.005076007917523384,1395200
3,constrained_bootstrap,1,21900,100,0.004425263031153009,0.0021457821130752563,1401600
3,constrained_bootstrap,1,22000,100,0.004392678053118288,0.0035852305591106415,1408000
3,constrained_bootstrap,1,22100,100,0.004468333865515888,0.004715288523584604,1414400
3,constrained_bootstrap,1,22200,100,0.004326460387092084,0.004028077702969313,1420800
3,constrained_bootstrap,1,22300,100,0.004275835170410573,0.002949572168290615,1427200
3,constrained_bootstrap,1,22400,100,0.004537761544343084,0.005098256282508373,1433600
3,constrained_bootstrap,1,22500,100,0.004750190278282389,0.004488727077841759,1440000
3,constrained_bootstrap,1,22600,100,0.004519696100614965,0.004865237046033144,1446400
3,constrained_bootstrap,1,22700,100,0.0046721892803907395,0.0027673617005348206,1452800
3,constrained_bootstrap,1,22800,100,0.004504328015027568,0.002938489429652691,1459200
3,constrained_bootstrap,1,22900,100,0.004876546391751617,0.0027370715979486704,1465600
3,constrained_bootstrap,1,23000,100,0.0044226026709657165,0.004147144965827465,1472000
3,constrained_bootstrap,1,23100,100,0.00455698198871687,0.002304500201717019,1478400
3,constrained_bootstrap,1,23200,100,0.00468755719717592,0.004878224804997444,1484800
3,constrained_bootstrap,1,23300,100,0.004447101887781173,0.005173267796635628,1491200
3,constrained_bootstrap,1,23400,100,0.004188143224455416,0.0042381202802062035,1497600
3,constrained_bootstrap,1,23500,100,0.004574624381493777,0.005028951447457075,1504000
3,constrained_bootstrap,1,23600,100,0.004689382686046883,0.004231160972267389,1510400
3,constrained_bootstrap,1,23700,100,0.004522696776548401,0.0031380753498524427,1516800
3,constrained_bootstrap,1,23800,100,0.004387346084695309,0.0040933238342404366,1523200
3,constrained_bootstrap,1,23900,100,0.004351557699264958,0.004690705332905054,1529600
3,constrained_bootstrap,1,24000,100,0.0043552331964019685,0.0037699774838984013,1536000
3,constrained_bootstrap,1,24100,100,0.004559854556573555,0.004691434092819691,1542400
3,constrained_bootstrap,1,24200,100,0.004892361799720675,0.006599749904125929,1548800
3,constrained_bootstrap,1,24300,100,0.004288689773529768,0.003597097937017679,1555200
3,constrained_bootstrap,1,24400,100,0.004823508129920811,0.006223517935723066,1561600
3,constrained_bootstrap,1,24500,100,0.0048069300223141905,0.0051968395709991455,1568000
3,constrained_bootstrap,1,24600,100,0.004426670375978574,0.0033759279176592827,1574400
3,constrained_bootstrap,1,24700,100,0.004601044424343854,0.0028894171118736267,1580800
3,constrained_bootstrap,1,24800,100,0.004710821341723204,0.0038018380291759968,1587200
3,constrained_bootstrap,1,24900,100,0.004702394820051268,0.0029766580555588007,1593600
3,constrained_bootstrap,1,25000,100,0.004530265744542703,0.00945163145661354,1600000
3,constrained_bootstrap,1,25100,100,0.004666654858738184,0.0069464510306715965,1606400
3,constrained_bootstrap,1,25200,100,0.004319553535897285,0.0027172542177140713,1612800
3,constrained_bootstrap,1,25300,100,0.004405989045044407,0.0032352975104004145,1619200
3,constrained_bootstrap,1,25400,100,0.004434464229270816,0.007325334940105677,1625600
3,constrained_bootstrap,1,25500,100,0.0041946795501280575,0.0034451517276465893,1632000
3,constrained_bootstrap,1,25600,100,0.004394196211360395,0.004282405599951744,1638400
3,constrained_bootstrap,1,25700,100,0.0045807154616341,0.005262470804154873,1644800
3,constrained_bootstrap,1,25800,100,0.0045371677714865655,0.007122029550373554,1651200
3,constrained_bootstrap,1,25900,100,0.00480075268424116,0.005347041413187981,1657600
3,constrained_bootstrap,1,26000,100,0.004390165794175119,0.004874209873378277,1664000
3,constrained_bootstrap,1,26100,100,0.004389111154014244,0.004179171286523342,1670400
3,constrained_bootstrap,1,26200,100,0.004636612220201642,0.006320508196949959,1676800
3,constrained_bootstrap,1,26300,100,0.00451227393350564,0.0069905975833535194,1683200
3,constrained_bootstrap,1,26400,100,0.004612558775115758,0.00479551637545228,1689600
3,constrained_bootstrap,1,26500,100,0.004744695436675102,0.005824455060064793,1696000
3,constrained_bootstrap,1,26600,100,0.00437813772005029,0.004899426829069853,1702400
3,constrained_bootstrap,1,26700,100,0.004129940480925143,0.004112908151000738,1708800
3,constrained_bootstrap,1,26800,100,0.004424346757587045,0.002631748327985406,1715200
3,constrained_bootstrap,1,26900,100,0.004582045775605365,0.003238365985453129,1721600
3,constrained_bootstrap,1,27000,100,0.004747615529922768,0.005093359388411045,1728000
3,constrained_bootstrap,1,27100,100,0.004509997994173318,0.006360032595694065,1734400
3,constrained_bootstrap,1,27200,100,0.004367475374601781,0.006664820946753025,1740800
3,constrained_bootstrap,1,27300,100,0.004407649231143296,0.00851964671164751,1747200
3,constrained_bootstrap,1,27400,100,0.004559143782826141,0.0053153010085225105,1753600
3,constrained_bootstrap,1,27500,100,0.004638562452746555,0.003765933681279421,1760000
3,constrained_bootstrap,1,27600,100,0.004698874829337001,0.003025248646736145,1766400
3,constrained_bootstrap,1,27700,100,0.004710719999857247,0.006199333351105452,1772800
3,constrained_bootstrap,1,27800,100,0.004342081022914499,0.0046120258048176765,1779200
3,constrained_bootstrap,1,27900,100,0.004624615563079715,0.00486239418387413,1785600
3,constrained_bootstrap,1,28000,100,0.004655118002556264,0.007671751547604799,1792000
3,constrained_bootstrap,1,28100,100,0.004130826578475535,0.0037099579349160194,1798400
3,constrained_bootstrap,1,28200,100,0.004278245294699445,0.0027502840384840965,1804800
3,constrained_bootstrap,1,28300,100,0.004318796005100012,0.008388406597077847,1811200
3,constrained_bootstrap,1,28400,100,0.004519695565104485,0.0021856529638171196,1817600
3,constrained_bootstrap,1,28500,100,0.004627540295477957,0.0018983253976330161,1824000
3,constrained_bootstrap,1,28600,100,0.00449719877447933,0.00605791388079524,1830400
3,constrained_bootstrap,1,28700,100,0.004640463071409613,0.003975437954068184,1836800
3,constrained_bootstrap,1,28800,100,0.00425411689793691,0.0049162073992192745,1843200
3,constrained_bootstrap,1,28900,100,0.00490587163483724,0.009612704627215862,1849600
3,constrained_bootstrap,1,29000,100,0.0044757496565580365,0.005429371260106564,1856000
3,constrained_bootstrap,1,29100,100,0.004339509509736672,0.003359203925356269,1862400
3,constrained_bootstrap,1,29200,100,0.004196163679007441,0.002317282371222973,1868800
3,constrained_bootstrap,1,29300,100,0.004492465808289126,0.004619811195880175,1875200
3,constrained_bootstrap,1,29400,100,0.004595023518195376,0.0044298842549324036,1881600
3,constrained_bootstrap,1,29500,100,0.004694502172060311,0.0023033800534904003,1888000
3,constrained_bootstrap,1,29600,100,0.004463462416315451,0.002975314389914274,1894400
3,constrained_bootstrap,1,29700,100,0.004706499506719411,0.0037181188818067312,1900800
3,constrained_bootstrap,1,29800,100,0.004232124192640185,0.0033914311788976192,1907200
3,constrained_bootstrap,1,29900,100,0.004751730600837618,0.004918407183140516,1913600
3,constrained_bootstrap,1,30000,100,0.004778931784676388,0.00551255838945508,1920000
3,constrained_bootstrap,2,100,100,0.011520629138685764,0.024523798376321793,6400
3,constrained_bootstrap,2,200,100,0.011262318746885285,0.007263737730681896,12800
3,constrained_bootstrap,2,300,100,0.009359016553498805,0.007782609201967716,19200
3,constrained_bootstrap,2,400,100,0.008798521765857003,0.009477647952735424,25600
3,constrained_bootstrap,2,500,100,0.008279331008088775,0.0012997710146009922,32000
3,constrained_bootstrap,2,600,100,0.007083470685174688,0.00739788543432951,38400
3,constrained_bootstrap,2,700,100,0.007137486038845964,0.0016725545283406973,44800
3,constrained_bootstrap,2,800,100,0.006761294605676085,0.011157361790537834,51200
3,constrained_bootstrap,2,900,100,0.0068930143793113526,0.008274472318589687,57600
3,constrained_bootstrap,2,1000,100,0.005856058090575971,0.0033875014632940292,64000
3,constrained_bootstrap,2,1100,100,0.005619342065183446,0.007239969447255135,70400
3,constrained_bootstrap,2,1200,100,0.006146996495081112,0.003734096884727478,76800
3,constrained_bootstrap,2,1300,100,0.005225108353188262,0.004034440964460373,83200
3,constrained_bootstrap,2,1400,100,0.0050753124617040155,0.004866375587880611,89600
3,constrained_bootstrap,2,1500,100,0.004849348707357422,0.0093293571844697,96000
3,constrained_bootstrap,2,1600,100,0.004368879307294265,0.0038974417839199305,102400
3,constrained_bootstrap,2,1700,100,0.005219300831668079,0.010397953912615776,108800
3,constrained_bootstrap,2,1800,100,0.005158129067858681,0.005386376287788153,115200
3,constrained_bootstrap,2,1900,100,0.005080149059649557,0.008241764269769192,121600
3,constrained_bootstrap,2,2000,100,0.004630004442296922,0.004308834671974182,128000
3,constrained_bootstrap,2,2100,100,0.0046335217345040295,0.004352550487965345,134400
3,constrained_bootstrap,2,2200,100,0.005292945442488417,0.002447461010888219,140800
3,constrained_bootstrap,2,2300,100,0.005384163806447759,0.004137720912694931,147200
3,constrained_bootstrap,2,2400,100,0.005141642740927637,0.005014264490455389,153600
3,constrained_bootstrap,2,2500,100,0.005091601556632668,0.0048985532484948635,160000
3,constrained_bootstrap,2,2600,100,0.005208314842311665,0.006116649601608515,166400
3,constrained_bootstrap,2,2700,100,0.005215896486770361,0.005347251892089844,172800
3,constrained_bootstrap,2,2800,100,0.005090632847277447,0.0019177802605554461,179200
3,constrained_bootstrap,2,2900,100,0.004845286112977192,0.00411736685782671,185600
3,constrained_bootstrap,2,3000,100,0.004940112801268697,0.00829271599650383,192000
3,constrained_bootstrap,2,3100,100,0.005197099413489923,0.005141476634889841,198400
3,constrained_bootstrap,2,3200,100,0.004985426914645359,0.0021665834356099367,204800
3,constrained_bootstrap,2,3300,100,0.005151616812217981,0.006607139483094215,211200
3,constrained_bootstrap,2,3400,100,0.005139418144244701,0.004020491614937782,217600
3,constrained_bootstrap,2,3500,100,0.004967235875083134,0.002447109669446945,224000
3,constrained_bootstrap,2,3600,100,0.004976120833307504,0.005106167867779732,230400
3,constrained_bootstrap,2,3700,100,0.005123095652088523,0.007014552131295204,236800
3,constrained_bootstrap,2,3800,100,0.005120859347516671,0.0028392497915774584,243200
3,constrained_bootstrap,2,3900,100,0.004969756724312902,0.005411275662481785,249600
3,constrained_bootstrap,2,4000,100,0.005174637695308775,0.00240511866286397,256000
3,constrained_bootstrap,2,4100,100,0.0050566138257272545,0.004963553510606289,262400
3,constrained_bootstrap,2,4200,100,0.005574502707459033,0.006626497022807598,268800
3,constrained_bootstrap,2,4300,100,0.005132589596323669,0.0052127530798316,275200
3,constrained_bootstrap,2,4400,100,0.004855583708267659,0.006711076013743877,281600
3,constrained_bootstrap,2,4500,100,0.005124133885838092,0.0030705295503139496,288000
3,constrained_bootstrap,2,4600,100,0.005204670878592879,0.005533178802579641,294400
3,constrained_bootstrap,2,4700,100,0.004833516762591899,0.006290004588663578,300800
3,constrained_bootstrap,2,4800,100,0.0048114077851641925,0.005329431965947151,307200
3,constrained_bootstrap,2,4900,100,0.0048776457644999025,0.0037892365362495184,313600
3,constrained_bootstrap,2,5000,100,0.004922031712485477,0.006204713601619005,320000
3,constrained_bootstrap,2,5100,100,0.005262410412542522,0.002912994008511305,326400
3,constrained_bootstrap,2,5200,100,0.00482056746724993,0.0021970279049128294,332800
3,constrained_bootstrap,2,5300,100,0.0048434827453456815,0.006716904696077108,339200
3,constrained_bootstrap,2,5400,100,0.004373757301364094,0.005624862387776375,345600
3,constrained_bootstrap,2,5500,100,0.004829511134885251,0.005889388732612133,352000
3,constrained_bootstrap,2,5600,100,0.004693828788585961,0.004058140330016613,358400
3,constrained_bootstrap,2,5700,100,0.0049272333970293404,0.003918285947293043,364800
3,constrained_bootstrap,2,5800,100,0.004939586063846946,0.005505363456904888,371200
3,constrained_bootstrap,2,5900,100,0.004810664567630738,0.005044831428676844,377600
3,constrained_bootstrap,2,6000,100,0.004847501900512725,0.0048944903537631035,384000
3,constrained_bootstrap,2,6100,100,0.00464671052293852,0.004668193869292736,390400
3,constrained_bootstrap,2,6200,100,0.00500541107961908,0.0040094079449772835,396800
3,constrained_bootstrap,2,6300,100,0.00504418755415827,0.0048131560906767845,403200
3,constrained_bootstrap,2,6400,100,0.005003568873507902,0.008055057376623154,409600
3,constrained_bootstrap,2,6500,100,0.004525588601827621,0.004154845140874386,416000
3,constrained_bootstrap,2,6600,100,0.004675391995115206,0.005058696959167719,422400
3,constrained_bootstrap,2,6700,100,0.00471411437029019,0.003912686370313168,428800
3,constrained_bootstrap,2,6800,100,0.0047036526165902615,0.007481773383915424,435200
3,constrained_bootstrap,2,6900,100,0.0044242649991065265,0.002508278004825115,441600
3,constrained_bootstrap,2,7000,100,0.004852952470537275,0.003100295551121235,448000
3,constrained_bootstrap,2,7100,100,0.004860403235070408,0.006895116530358791,454400
3,constrained_bootstrap,2,7200,100,0.004647866294253618,0.0083153136074543,460800
3,constrained_bootstrap,2,7300,100,0.004733357096556574,0.00309633556753397,467200
3,constrained_bootstrap,2,7400,100,0.004679538540076464,0.003048382932320237,473600
3,constrained_bootstrap,2,7500,100,0.004882433468010277,0.006417282857000828,480000
3,constrained_bootstrap,2,7600,100,0.004964786672499031,0.007827529683709145,486400
3,constrained_bootstrap,2,7700,100,0.00452671849867329,0.0036857668310403824,492800
3,constrained_bootstrap,2,7800,100,0.004767733456101268,0.004459858871996403,499200
3,constrained_bootstrap,2,7900,100,0.005124190268106759,0.0031466903164982796,505600
3,constrained_bootstrap,2,8000,100,0.004525711582973599,0.004176475573331118,512000
3,constrained_bootstrap,2,8100,100,0.004834339626831934,0.003967117052525282,518400
3,constrained_bootstrap,2,8200,100,0.004595555325504392,0.006905203219503164,524800
3,constrained_bootstrap,2,8300,100,0.004763901715632528,0.004798611160367727,531200
3,constrained_bootstrap,2,8400,100,0.004509936305694282,0.004046829417347908,537600
3,constrained_bootstrap,2,8500,100,0.005018671555444598,0.0074691977351903915,544000
3,constrained_bootstrap,2,8600,100,0.004623370884219185,0.005288492422550917,550400
3,constrained_bootstrap,2,8700,100,0.004626423956360668,0.0054184673354029655,556800
3,constrained_bootstrap,2,8800,100,0.0047152149700559675,0.006099027115851641,563200
3,constrained_bootstrap,2,8900,100,0.004969380727270618,0.002140011405572295,569600
3,constrained_bootstrap,2,9000,100,0.004717521481215954,0.007542201317846775,576000
3,constrained_bootstrap,2,9100,100,0.004573101616697386,0.003206654917448759,582400
3,constrained_bootstrap,2,9200,100,0.004739343946566805,0.002471533603966236,588800
3,constrained_bootstrap,2,9300,100,0.004466410073218867,0.0035655738320201635,595200
3,constrained_bootstrap,2,9400,100,0.004982769715134054,0.006553701125085354,601600
3,constrained_bootstrap,2,9500,100,0.004795506570953876,0.005246365442872047,608000
3,constrained_bootstrap,2,9600,100,0.004563423985382542,0.004986518993973732,614400
3,constrained_bootstrap,2,9700,100,0.004690791524481029,0.004607108887284994,620800
3,constrained_bootstrap,2,9800,100,0.00463236577459611,0.003130272962152958,627200
3,constrained_bootstrap,2,9900,100,0.004666027068160474,0.0039223977364599705,633600
3,constrained_bootstrap,2,10000,100,0.004961391768883914,0.005180394276976585,640000
3,constrained_bootstrap,2,10100,100,0.004671348440460861,0.004268122836947441,646400
3,constrained_bootstrap,2,10200,100,0.004627381321042776,0.008288854733109474,652800
3,constrained_bootstrap,2,10300,100,0.004745130122173578,0.0021089385263621807,659200
3,constrained_bootstrap,2,10400,100,0.004829042125493288,0.00271062133833766,665600
3,constrained_bootstrap,2,10500,100,0.004854450153652578,0.004910276271402836,672000
3,constrained_bootstrap,2,10600,100,0.004819776699878276,0.0030535792466253042,678400
3,constrained_bootstrap,2,10700,100,0.0046894667879678305,0.0037071593105793,684800
3,constrained_bootstrap,2,10800,100,0.00473258065758273,0.007300904020667076,691200
3,constrained_bootstrap,2,10900,100,0.00453672296833247,0.00756961340084672,697600
3,constrained_bootstrap,2,11000,100,0.004713094632606953,0.0051348526030778885,704000
3,constrained_bootstrap,2,11100,100,0.004835503781214357,0.006461392156779766,710400
3,constrained_bootstrap,2,11200,100,0.004784031296148896,0.004049463197588921,716800
3,constrained_bootstrap,2,11300,100,0.004573277230374515,0.005127232056111097,723200
3,constrained_bootstrap,2,11400,100,0.004824889990268275,0.007526432164013386,729600
3,constrained_bootstrap,2,11500,100,0.004793054973706603,0.0064031267538666725,736000
3,constrained_bootstrap,2,11600,100,0.004881368901114911,0.005516150034964085,742400
3,constrained_bootstrap,2,11700,100,0.004845387488603592,0.0032826694659888744,748800
3,constrained_bootstrap,2,11800,100,0.004603817090392113,0.017066629603505135,755200
3,constrained_bootstrap,2,11900,100,0.005044571866746992,0.008839934132993221,761600
3,constrained_bootstrap,2,12000,100,0.004735452441964299,0.0036273072473704815,768000
3,constrained_bootstrap,2,12100,100,0.004929696731269359,0.008212702348828316,774400
3,constrained_bootstrap,2,12200,100,0.004886346529237926,0.003548314794898033,780800
3,constrained_bootstrap,2,12300,100,0.004623576604062691,0.005529236514121294,787200
3,constrained_bootstrap,2,12400,100,0.004769675224088133,0.004797341302037239,793600
3,constrained_bootstrap,2,12500,100,0.00455419419799,0.00283108395524323,800000
3,constrained_bootstrap,2,12600,100,0.004562232175376266,0.002458559349179268,806400
3,constrained_bootstrap,2,12700,100,0.004823381241876632,0.003216901794075966,812800
3,constrained_bootstrap,2,12800,100,0.004472357949707657,0.005850300192832947,819200
3,constrained_bootstrap,2,12900,100,0.0047999876621179285,0.0066785067319869995,825600
3,constrained_bootstrap,2,13000,100,0.004366872922983021,0.0021721345838159323,832000
3,constrained_bootstrap,2,13100,100,0.004459302328759804,0.0028669575694948435,838400
3,constrained_bootstrap,2,13200,100,0.004401149300392717,0.002422901103273034,844800
3,constrained_bootstrap,2,13300,100,0.004561191201210022,0.004593184683471918,851200
3,constrained_bootstrap,2,13400,100,0.004872006115037948,0.0047965459525585175,857600
3,constrained_bootstrap,2,13500,100,0.004612401212798431,0.005801965948194265,864000
3,constrained_bootstrap,2,13600,100,0.0046200172835960986,0.004157728515565395,870400
3,constrained_bootstrap,2,13700,100,0.004832514701411128,0.005255419295281172,876800
3,constrained_bootstrap,2,13800,100,0.004695612728828564,0.004492149688303471,883200
3,constrained_bootstrap,2,13900,100,0.004311938344035298,0.0031860549934208393,889600
3,constrained_bootstrap,2,14000,100,0.004960748666198924,0.0031945451628416777,896000
3,constrained_bootstrap,2,14100,100,0.004420890060719103,0.004443149548023939,902400
3,constrained_bootstrap,2,14200,100,0.004210193258477375,0.0019462119089439511,908800
3,constrained_bootstrap,2,14300,100,0.004364651651121676,0.004782563541084528,915200
3,constrained_bootstrap,2,14400,100,0.004447745673824102,0.00491339573636651,921600
3,constrained_bootstrap,2,14500,100,0.0043658258416689934,0.003996167331933975,928000
3,constrained_bootstrap,2,14600,100,0.004295873993542045,0.0030918684788048267,934400
3,constrained_bootstrap,2,14700,100,0.0046197978663258255,0.00241318647749722,940800
3,constrained_bootstrap,2,14800,100,0.0046542475186288354,0.002350626280531287,947200
3,constrained_bootstrap,2,14900,100,0.004749116580933332,0.0025065909139811993,953600
3,constrained_bootstrap,2,15000,100,0.004597386535024271,0.0029910090379416943,960000
3,constrained_bootstrap,2,15100,100,0.004919329551048577,0.004769941791892052,966400
3,constrained_bootstrap,2,15200,100,0.0049939323915168645,0.004802672192454338,972800
3,constrained_bootstrap,2,15300,100,0.005091127831256017,0.00605435436591506,979200
3,constrained_bootstrap,2,15400,100,0.004873661110177636,0.005287552252411842,985600
3,constrained_bootstrap,2,15500,100,0.0047568958741612734,0.009626847691833973,992000
3,constrained_bootstrap,2,15600,100,0.004660687918076291,0.003277443116530776,998400
3,constrained_bootstrap,2,15700,100,0.0045935378805734214,0.004558212123811245,1004800
3,constrained_bootstrap,2,15800,100,0.004604342837119475,0.0026213836390525103,1011200
3,constrained_bootstrap,2,15900,100,0.004641218883916736,0.0029668353963643312,1017600
3,constrained_bootstrap,2,16000,100,0.004169133354444057,0.003906865604221821,1024000
3,constrained_bootstrap,2,16100,100,0.004408524804748595,0.00384810334071517,1030400
3,constrained_bootstrap,2,16200,100,0.004647040576674044,0.005995799787342548,1036800
3,constrained_bootstrap,2,16300,100,0.004924879535101354,0.0028985636308789253,1043200
3,constrained_bootstrap,2,16400,100,0.004793359693139792,0.0032392118591815233,1049600
3,constrained_bootstrap,2,16500,100,0.004441154386149719,0.0056558530777692795,1056000
3,constrained_bootstrap,2,16600,100,0.004271032734541222,0.004397781100124121,1062400
3,constrained_bootstrap,2,16700,100,0.00438411355135031,0.0030327700078487396,1068800
3,constrained_bootstrap,2,16800,100,0.004884641042444855,0.007721152156591415,1075200
3,constrained_bootstrap,2,16900,100,0.005123411954846233,0.002652744995430112,1081600
3,constrained_bootstrap,2,17000,100,0.004577195568708703,0.007968006655573845,1088000
3,constrained_bootstrap,2,17100,100,0.004466421003453434,0.008113379590213299,1094400
3,constrained_bootstrap,2,17200,100,0.004469400412635878,0.009418978355824947,1100800
3,constrained_bootstrap,2,17300,100,0.005000006841728463,0.004496320150792599,1107200
3,constrained_bootstrap,2,17400,100,0.004476410713978112,0.0029530993197113276,1113600
3,constrained_bootstrap,2,17500,100,0.0046499228081665935,0.003055224195122719,1120000
3,constrained_bootstrap,2,17600,100,0.004456173330545425,0.008873756974935532,1126400
3,constrained_bootstrap,2,17700,100,0.004434924322413281,0.004928159061819315,1132800
3,constrained_bootstrap,2,17800,100,0.004680566923925653,0.007292183116078377,1139200
3,constrained_bootstrap,2,17900,100,0.004266544604906813,0.005047108978033066,1145600
3,constrained_bootstrap,2,18000,100,0.004472045528236776,0.0037714592181146145,1152000
3,constrained_bootstrap,2,18100,100,0.004511369657702744,0.00596065865829587,1158400
3,constrained_bootstrap,2,18200,100,0.004645527225220576,0.0036925324238836765,1164800
3,constrained_bootstrap,2,18300,100,0.004237204270903021,0.0050780619494616985,1171200
3,constrained_bootstrap,2,18400,100,0.004510402418673038,0.0052833762019872665,1177600
3,constrained_bootstrap,2,18500,100,0.004371481339912862,0.004301364533603191,1184000
3,constrained_bootstrap,2,18600,100,0.004400065903319046,0.0038409281987696886,1190400
3,constrained_bootstrap,2,18700,100,0.004419194234069437,0.004575612023472786,1196800
3,constrained_bootstrap,2,18800,100,0.0045285099418833855,0.003713582642376423,1203200
3,constrained_bootstrap,2,18900,100,0.004471524050459265,0.0031812626402825117,1209600
3,constrained_bootstrap,2,19000,100,0.004316782964160666,0.0027996175922453403,1216000
3,constrained_bootstrap,2,19100,100,0.004114247492980212,0.0036120943259447813,1222400
3,constrained_bootstrap,2,19200,100,0.0046439884789288045,0.005544855259358883,1228800
3,constrained_bootstrap,2,19300,100,0.004618627075105905,0.004347648937255144,1235200
3,constrained_bootstrap,2,19400,100,0.004488186074886471,0.0034623024985194206,1241600
3,constrained_bootstrap,2,19500,100,0.004443249069154263,0.0038118474185466766,1248000
3,constrained_bootstrap,2,19600,100,0.004378250422887504,0.004831938538700342,1254400
3,constrained_bootstrap,2,19700,100,0.004539710597600788,0.00552557036280632,1260800
3,constrained_bootstrap,2,19800,100,0.004662295926827938,0.006656033452600241,1267200
3,constrained_bootstrap,2,19900,100,0.00441993574379012,0.0053446185775101185,1273600
3,constrained_bootstrap,2,20000,100,0.004766491958871483,0.003029723186045885,1280000
3,constrained_bootstrap,2,20100,100,0.004481876420322805,0.005670013837516308,1286400
3,constrained_bootstrap,2,20200,100,0.00475809870986268,0.008092775009572506,1292800
3,constrained_bootstrap,2,20300,100,0.004777204557321966,0.003666947828605771,1299200
3,constrained_bootstrap,2,20400,100,0.0042652202094905075,0.003518572775647044,1305600
3,constrained_bootstrap,2,20500,100,0.004782023734878749,0.004377927631139755,1312000
3,constrained_bootstrap,2,20600,100,0.004648592303274199,0.0022222602274268866,1318400
3,constrained_bootstrap,2,20700,100,0.004882122450508178,0.0043334076181054115,1324800
3,constrained_bootstrap,2,20800,100,0.004838996778707951,0.007139407563954592,1331200
3,constrained_bootstrap,2,20900,100,0.004593394739786163,0.0023999842815101147,1337600
3,constrained_bootstrap,2,21000,100,0.0045599222497548905,0.002614701399579644,1344000
3,constrained_bootstrap,2,21100,100,0.004782530695665628,0.00287345377728343,1350400
3,constrained_bootstrap,2,21200,100,0.004217495115008205,0.004618211183696985,1356800
3,constrained_bootstrap,2,21300,100,0.004450977796223015,0.008761127479374409,1363200
3,constrained_bootstrap,2,21400,100,0.0046742120734415945,0.0028369391802698374,1369600
3,constrained_bootstrap,2,21500,100,0.004695520987734198,0.005352898966521025,1376000
3,constrained_bootstrap,2,21600,100,0.004658987927250564,0.00653753150254488,1382400
3,constrained_bootstrap,2,21700,100,0.004487394746392965,0.005052685271948576,1388800
3,constrained_bootstrap,2,21800,100,0.004305818571010605,0.004185462836176157,1395200
3,constrained_bootstrap,2,21900,100,0.004640056032221764,0.005791232921183109,1401600
3,constrained_bootstrap,2,22000,100,0.00465566641651094,0.004066509194672108,1408000
3,constrained_bootstrap,2,22100,100,0.004557522856630385,0.0031106758397072554,1414400
3,constrained_bootstrap,2,22200,100,0.004285238622687757,0.004127743653953075,1420800
3,constrained_bootstrap,2,22300,100,0.004522046733181923,0.004064277745783329,1427200
3,constrained_bootstrap,2,22400,100,0.004551514184568077,0.0038773445412516594,1433600
3,constrained_bootstrap,2,22500,100,0.004569138921797275,0.0031644455157220364,1440000
3,constrained_bootstrap,2,22600,100,0.004612822860945016,0.0037907049991190434,1446400
3,constrained_bootstrap,2,22700,100,0.004829878669115714,0.004356022458523512,1452800
3,constrained_bootstrap,2,22800,100,0.00461287341080606,0.0028175683692097664,1459200
3,constrained_bootstrap,2,22900,100,0.004710041899234057,0.005654257722198963,1465600
3,constrained_bootstrap,2,23000,100,0.0043627093266695735,0.0028042381163686514,1472000
3,constrained_bootstrap,2,23100,100,0.004236432471079752,0.00217094412073493,1478400
3,constrained_bootstrap,2,23200,100,0.004409029253292829,0.0036004423163831234,1484800
3,constrained_bootstrap,2,23300,100,0.004718532980186865,0.0032271058298647404,1491200
3,constrained_bootstrap,2,23400,100,0.004504670633468777,0.0028057002928107977,1497600
3,constrained_bootstrap,2,23500,100,0.004363388759084046,0.004438865464180708,1504000
3,constrained_bootstrap,2,23600,100,0.0046505275648087265,0.0033438983373343945,1510400
3,constrained_bootstrap,2,23700,100,0.004837108652573079,0.0025535859167575836,1516800
3,constrained_bootstrap,2,23800,100,0.004478152104420588,0.002988730790093541,1523200
3,constrained_bootstrap,2,23900,100,0.004516677141655236,0.003801641520112753,1529600
3,constrained_bootstrap,2,24000,100,0.004657077409792692,0.0034675237257033587,1536000
3,constrained_bootstrap,2,24100,100,0.00441346168750897,0.00852794200181961,1542400
3,constrained_bootstrap,2,24200,100,0.00451660712249577,0.003135284408926964,1548800
3,constrained_bootstrap,2,24300,100,0.0045331462705507876,0.005520720966160297,1555200
3,constrained_bootstrap,2,24400,100,0.004445111479144543,0.004965579602867365,1561600
3,constrained_bootstrap,2,24500,100,0.004589994660345837,0.003786568995565176,1568000
3,constrained_bootstrap,2,24600,100,0.00436454291222617,0.003415346145629883,1574400
3,constrained_bootstrap,2,24700,100,0.004540431388886645,0.0041681695729494095,1580800
3,constrained_bootstrap,2,24800,100,0.004632570429239422,0.0028065170627087355,1587200
3,constrained_bootstrap,2,24900,100,0.004644874900113791,0.0030909227207303047,1593600
3,constrained_bootstrap,2,25000,100,0.004632571197580546,0.003127536503598094,1600000
3,constrained_bootstrap,2,25100,100,0.00467417121049948,0.0033967921044677496,1606400
3,constrained_bootstrap,2,25200,100,0.004561094566015527,0.004438347183167934,1612800
3,constrained_bootstrap,2,25300,100,0.004608597990591079,0.00436786562204361,1619200
3,constrained_bootstrap,2,25400,100,0.0046098855067975815,0.004109945148229599,1625600
3,constrained_bootstrap,2,25500,100,0.0044565201876685025,0.002375182928517461,1632000
3,constrained_bootstrap,2,25600,100,0.004359648601384833,0.004279910121113062,1638400
3,constrained_bootstrap,2,25700,100,0.004390454082749784,0.0036880236584693193,1644800
3,constrained_bootstrap,2,25800,100,0.004297828248236328,0.005904028192162514,1651200
3,constrained_bootstrap,2,25900,100,0.004585452096071094,0.00478217052295804,1657600
3,constrained_bootstrap,2,26000,100,0.004294952847994864,0.005016273353248835,1664000
3,constrained_bootstrap,2,26100,100,0.0042247895756736395,0.0032593023497611284,1670400
3,constrained_bootstrap,2,26200,100,0.004872139383805916,0.002942821942269802,1676800
3,constrained_bootstrap,2,26300,100,0.004216349999187514,0.005291254725307226,1683200
3,constrained_bootstrap,2,26400,100,0.004572806244250387,0.007540399208664894,1689600
3,constrained_bootstrap,2,26500,100,0.004426087487954647,0.005669240839779377,1696000
3,constrained_bootstrap,2,26600,100,0.0046202076436020435,0.002396496245637536,1702400
3,constrained_bootstrap,2,26700,100,0.004517887835390866,0.00506962463259697,1708800
3,constrained_bootstrap,2,26800,100,0.004670532264281064,0.005528855603188276,1715200
3,constrained_bootstrap,2,26900,100,0.004658383065834642,0.0057264696806669235,1721600
3,constrained_bootstrap,2,27000,100,0.004580733253387734,0.004532787017524242,1728000
3,constrained_bootstrap,2,27100,100,0.004608317264355719,0.0037057525478303432,1734400
3,constrained_bootstrap,2,27200,100,0.004325014830101281,0.0032637438271194696,1740800
3,constrained_bootstrap,2,27300,100,0.004326026205671951,0.0027041009161621332,1747200
3,constrained_bootstrap,2,27400,100,0.004346112416824326,0.003772699274122715,1753600
3,constrained_bootstrap,2,27500,100,0.004636891374830156,0.0041603222489356995,1760000
3,constrained_bootstrap,2,27600,100,0.0047410656115971506,0.005290095694363117,1766400
3,constrained_bootstrap,2,27700,100,0.00438823489821516,0.005453214980661869,1772800
3,constrained_bootstrap,2,27800,100,0.004514724259497598,0.0036759418435394764,1779200
3,constrained_bootstrap,2,27900,100,0.004655909740831703,0.004799600690603256,1785600
3,constrained_bootstrap,2,28000,100,0.004149416466243565,0.004051495343446732,1792000
3,constrained_bootstrap,2,28100,100,0.004484451489988714,0.00504512432962656,1798400
3,constrained_bootstrap,2,28200,100,0.004473270234884694,0.004296827130019665,1804800
3,constrained_bootstrap,2,28300,100,0.004979921141639352,0.004985226318240166,1811200
3,constrained_bootstrap,2,28400,100,0.00454971254337579,0.009115584194660187,1817600
3,constrained_bootstrap,2,28500,100,0.004767474685795605,0.0064232624135911465,1824000
3,constrained_bootstrap,2,28600,100,0.0050422338873613625,0.008342374116182327,1830400
3,constrained_bootstrap,2,28700,100,0.004386064459104091,0.0028159702196717262,1836800
3,constrained_bootstrap,2,28800,100,0.004467968253884465,0.00524294376373291,1843200
3,constrained_bootstrap,2,28900,100,0.004640547875314951,0.005692782811820507,1849600
3,constrained_bootstrap,2,29000,100,0.004448717355262488,0.002251267433166504,1856000
3,constrained_bootstrap,2,29100,100,0.004486077113542705,0.0037750769406557083,1862400
3,constrained_bootstrap,2,29200,100,0.004327658354304731,0.009259393438696861,1868800
3,constrained_bootstrap,2,29300,100,0.004031352086458355,0.0022573175374418497,1875200
3,constrained_bootstrap,2,29400,100,0.004533323422074318,0.003711087629199028,1881600
3,constrained_bootstrap,2,29500,100,0.004732101857662201,0.0042804209515452385,1888000
3,constrained_bootstrap,2,29600,100,0.0047911128657869995,0.009117222391068935,1894400
3,constrained_bootstrap,2,29700,100,0.004396440250566229,0.0036603815387934446,1900800
3,constrained_bootstrap,2,29800,100,0.0043532888207118954,0.004577566869556904,1907200
3,constrained_bootstrap,2,29900,100,0.004549244572408497,0.004550331737846136,1913600
3,constrained_bootstrap,2,30000,100,0.004617772875353694,0.006729490123689175,1920000
