map_seed,repetition,policy,steps,success,terminated,truncated,complete,base_return,shaped_return,noop_steps,trajectory_sha256
300000,0,random,18,1,1,0,1,0.82,0.9420000000000001,4,819dc7071db610a4184a3c88adca01ea199f84eaf1e9ab11d8207d950ad2ad5c
300000,1,random,17,1,1,0,1,0.83,0.9496,3,478ad4d45ac6df23a8db8208de4feed1bbd97d936a65bfb460ba50caf381a82e
300000,2,random,2,1,1,0,1,0.98,1.0612,0,195f034d9f096847b851ddf9738d8af9e06c19982bb076a53d5958e257f821ab
300000,3,random,27,1,1,0,1,0.73,0.8868,9,c62847d688db79e9e6c5e37a66fcc426d60554f0c4d049f612f209481c34b09d
300000,4,random,32,0,0,1,1,-0.3200000000000001,-0.14999999999999997,9,362c83dbdd07d64617c51de0d854d6d5558de31f6c0dc4ea66d4f7c186cd3ef7
300000,5,random,2,1,1,0,1,0.98,1.0612,0,195f034d9f096847b851ddf9738d8af9e06c19982bb076a53d5958e257f821ab
300000,6,random,2,1,1,0,1,0.98,1.0612,0,195f034d9f096847b851ddf9738d8af9e06c19982bb076a53d5958e257f821ab
300000,7,random,32,0,0,1,1,-0.3200000000000001,-0.1439999999999999,7,39a02f2858f76515c1d02d16e4d9774d8ff8c3a537914bc1d5620d771ae381f3
300000,8,guided,2,1,1,0,1,0.98,1.0612,0,195f034d9f096847b851ddf9738d8af9e06c19982bb076a53d5958e257f821ab
300000,9,guided,2,1,1,0,1,0.98,1.0612,0,195f034d9f096847b851ddf9738d8af9e06c19982bb076a53d5958e257f821ab
300000,10,guided,2,1,1,0,1,0.98,1.0612,0,195f034d9f096847b851ddf9738d8af9e06c19982bb076a53d5958e257f821ab
300000,11,guided,2,1,1,0,1,0.98,1.0612,0,195f034d9f096847b851ddf9738d8af9e06c19982bb076a53d5958e257f821ab
300000,12,guided,2,1,1,0,1,0.98,1.0612,0,195f034d9f096847b851ddf9738d8af9e06c19982bb076a53d5958e257f821ab
300000,13,guided,2,1,1,0,1,0.98,1.0612,0,195f034d9f096847b851ddf9738d8af9e06c19982bb076a53d5958e257f821ab
300000,14,guided,2,1,1,0,1,0.98,1.0612,0,195f034d9f096847b851ddf9738d8af9e06c19982bb076a53d5958e257f821ab
300000,15,guided,2,1,1,0,1,0.98,1.0612,0,195f034d9f096847b851ddf9738d8af9e06c19982bb076a53d5958e257f821ab
300001,0,random,32,0,0,1,1,-0.3200000000000001,0.0020000000000001406,12,b4533431ba6b1c125d35baea10e06fbad1d6be821913a481fd0ca759680ec1cd
300001,1,random,32,0,0,1,1,-0.3200000000000001,-0.01359999999999982,20,11b9e44124b01bbcbc70d3609ba6f2b2da7c36f11d32604b6a7bd7a05e30cf63
300001,2,random,5,1,1,0,1,0.95,1.1184,1,5cc10d2acd1dd29fee3b1024963072b4c84bd7734b53d87db5c743feea62d655
300001,3,random,20,1,1,0,1,0.7999999999999999,1.0332000000000001,10,20e577a63feab58b33a412cad2bfb66b773f7d43d833f52ad0c253a699ba4990
300001,4,random,4,1,1,0,1,0.96,1.1272,0,d6e4a25d42655d19ff3f7d235a59fa49e3d7c69bf28ce6347d22d82cf63b2b1e
300001,5,random,32,0,0,1,1,-0.3200000000000001,-0.0063999999999998225,20,3c4523f0949e10026f511a1ad56d595bac42a516bec3f2911629ac41ff345ec2
300001,6,random,19,1,1,0,1,0.8099999999999999,1.0384,7,390889489bef48475faf64f067da5f38b11f08d36fcf03323b1fc1636e40183b
300001,7,random,32,0,0,1,1,-0.3200000000000001,-0.01719999999999991,17,4d4c825314ddd310bdc1c4b0d2747938af11f1bded653a94ac4f1ce319cbaa9f
300001,8,guided,4,1,1,0,1,0.96,1.1272,0,d6e4a25d42655d19ff3f7d235a59fa49e3d7c69bf28ce6347d22d82cf63b2b1e
300001,9,guided,4,1,1,0,1,0.96,1.1272,0,d6e4a25d42655d19ff3f7d235a59fa49e3d7c69bf28ce6347d22d82cf63b2b1e
300001,10,guided,4,1,1,0,1,0.96,1.1272,0,d6e4a25d42655d19ff3f7d235a59fa49e3d7c69bf28ce6347d22d82cf63b2b1e
300001,11,guided,4,1,1,0,1,0.96,1.1272,0,d6e4a25d42655d19ff3f7d235a59fa49e3d7c69bf28ce6347d22d82cf63b2b1e
300001,12,guided,4,1,1,0,1,0.96,1.1272,0,d6e4a25d42655d19ff3f7d235a59fa49e3d7c69bf28ce6347d22d82cf63b2b1e
300001,13,guided,4,1,1,0,1,0.96,1.1272,0,d6e4a25d42655d19ff3f7d235a59fa49e3d7c69bf28ce6347d22d82cf63b2b1e
300001,14,guided,4,1,1,0,1,0.96,1.1272,0,d6e4a25d42655d19ff3f7d235a59fa49e3d7c69bf28ce6347d22d82cf63b2b1e
300001,15,guided,4,1,1,0,1,0.96,1.1272,0,d6e4a25d42655d19ff3f7d235a59fa49e3d7c69bf28ce6347d22d82cf63b2b1e
300002,0,random,32,0,0,1,1,-0.3200000000000001,-0.10159999999999987,15,27ca89be06ecb16d06c7f8c61c71a498b750cdfae50c8edfa6e842ee896f4054
300002,1,random,32,0,0,1,1,-0.3200000000000001,-0.09199999999999985,14,daf192b8f1b4161e749c3c493f2677daaaa390033c952b2dc717343376d33485
300002,2,random,29,1,1,0,1,0.71,0.9116000000000001,10,e8e7637b35da780c60d36801e92db69607a9682dd7d9c837b029897b94b96f84
300002,3,random,22,1,1,0,1,0.7799999999999999,0.9612,7,f2414f168471979fa7eb975df349d4b4392a236f1ddee10aa3643f6c3bdc5b26
300002,4,random,9,1,1,0,1,0.91,1.0564,2,0839a6b1f05d7a229b12f26a5ebb92f31089f1763fa4ae52985b46fc2a091695
300002,5,random,32,0,0,1,1,-0.3200000000000001,-0.09799999999999995,10,a029a94274d43bf248384a44125b55db4d0c2932d8540a68a5812582a81393a0
300002,6,random,20,1,1,0,1,0.7999999999999999,0.9764,5,b908472c07685ed94f3114296ebc8ebd49a11245720eb81a39ded7325ca441b2
300002,7,random,32,0,0,1,1,-0.3200000000000001,-0.104,18,a5d9374502230bb6b8cf90ef82e05330584ed7f1c0239cf799a57a6f87259cd7
300002,8,guided,3,1,1,0,1,0.97,1.0936,0,be18268e6061c05715a8cd8f73fac00d24f8260f11703583eb51226daab82bc6
300002,9,guided,3,1,1,0,1,0.97,1.0936,0,be18268e6061c05715a8cd8f73fac00d24f8260f11703583eb51226daab82bc6
300002,10,guided,3,1,1,0,1,0.97,1.0936,0,be18268e6061c05715a8cd8f73fac00d24f8260f11703583eb51226daab82bc6
300002,11,guided,3,1,1,0,1,0.97,1.0936,0,be18268e6061c05715a8cd8f73fac00d24f8260f11703583eb51226daab82bc6
300002,12,guided,3,1,1,0,1,0.97,1.0936,0,be18268e6061c05715a8cd8f73fac00d24f8260f11703583eb51226daab82bc6
300002,13,guided,3,1,1,0,1,0.97,1.0936,0,be18268e6061c05715a8cd8f73fac00d24f8260f11703583eb51226daab82bc6
300002,14,guided,3,1,1,0,1,0.97,1.0936,0,be18268e6061c05715a8cd8f73fac00d24f8260f11703583eb51226daab82bc6
300002,15,guided,3,1,1,0,1,0.97,1.0936,0,be18268e6061c05715a8cd8f73fac00d24f8260f11703583eb51226daab82bc6
300003,0,random,32,0,0,1,1,-0.3200000000000001,0.19400000000000014,12,d14632fb34613de121aae436c20dcffb4844976d4c0a7a996b5373af399f2a54
300003,1,random,32,0,0,1,1,-0.3200000000000001,0.1364000000000001,8,30c9e92eed6c53dd3691bf7af7ac6a81bae38d3c24ba9c62c3e30281be56257c
300003,2,random,32,0,0,1,1,-0.3200000000000001,0.19640000000000019,14,9515f044f41134eab945519c4c268c5df718b6d8dc35b81ca27dc2f70bbc1491
300003,3,random,32,0,0,1,1,-0.3200000000000001,0.14360000000000012,4,8bbc8e2936c4be7468925083274ec89b1d92eb6dfe402daa9cc8f5119bb51664
300003,4,random,32,0,0,1,1,-0.3200000000000001,0.15920000000000012,8,163cd96e371bf6756e61bdeaefff942e6e2e613085738edd9f6a9f668d07b879
300003,5,random,32,0,0,1,1,-0.3200000000000001,0.16880000000000014,6,20e608055a816845b87c21664c20ea9240a4ab023b54aa8f79a900da7de0f96c
300003,6,random,32,0,0,1,1,-0.3200000000000001,0.19040000000000012,16,7fbbd839672a8fc9822c24c5f6107f3577b22a90c47732354eea96d7b60ad0d0
300003,7,random,18,1,1,0,1,0.82,1.1840000000000002,5,12932da04a59bbe83dce360813dfe38dd50d681b696812e8ebfa6ea4d0928490
300003,8,guided,32,0,0,1,1,-0.3200000000000001,0.18320000000000014,31,44077d22b885145231faf534fe7b7a86908bac06ba5f04eae89caea12248fa14
300003,9,guided,32,0,0,1,1,-0.3200000000000001,0.18320000000000014,31,44077d22b885145231faf534fe7b7a86908bac06ba5f04eae89caea12248fa14
300003,10,guided,32,0,0,1,1,-0.3200000000000001,0.18320000000000014,31,44077d22b885145231faf534fe7b7a86908bac06ba5f04eae89caea12248fa14
300003,11,guided,32,0,0,1,1,-0.3200000000000001,0.18320000000000014,31,44077d22b885145231faf534fe7b7a86908bac06ba5f04eae89caea12248fa14
300003,12,guided,32,0,0,1,1,-0.3200000000000001,0.18320000000000014,31,44077d22b885145231faf534fe7b7a86908bac06ba5f04eae89caea12248fa14
300003,13,guided,32,0,0,1,1,-0.3200000000000001,0.18320000000000014,31,44077d22b885145231faf534fe7b7a86908bac06ba5f04eae89caea12248fa14
300003,14,guided,32,0,0,1,1,-0.3200000000000001,0.18320000000000014,31,44077d22b885145231faf534fe7b7a86908bac06ba5f04eae89caea12248fa14
300003,15,guided,32,0,0,1,1,-0.3200000000000001,0.18320000000000014,31,44077d22b885145231faf534fe7b7a86908bac06ba5f04eae89caea12248fa14
300004,0,random,32,0,0,1,1,-0.3200000000000001,-0.06359999999999971,8,2f7c2d90fcfb366bf0f4e0a9cb4423affb88b5015c6e5b60646c192670bd4069
300004,1,random,2,1,1,0,1,0.98,1.0612,0,9f17f2b589ca5a888ca681acb64f229e3f7afd9da04a280447269b89004c35bf
300004,2,random,32,0,0,1,1,-0.3200000000000001,-0.1031999999999999,5,6926e90db9816cb30fb63868d3c3fe010ebc352176e01ca38d654ca3118a3fef
300004,3,random,32,0,0,1,1,-0.3200000000000001,-0.07439999999999972,10,2fd1ea43d7ba9b7f6182a097b17ad5c8d854a0225d47418317cabc107fd6881e
300004,4,random,10,1,1,0,1,0.9,1.0028000000000001,4,0891cae80f1f1f14ff7e4750798c19407f358a5576b1558b749bf07a180594b6
300004,5,random,6,1,1,0,1,0.94,1.0284,2,d863af0b095c625867393246491ecb74f00a58ca06625c2a9b1c2d59ee3808d6
300004,6,random,10,1,1,0,1,0.9,0.998,4,9531916039fb64178735f0cb787510b6c8b0b02686ce176cc2902ae694a98dd0
300004,7,random,2,1,1,0,1,0.98,1.0612,0,9f17f2b589ca5a888ca681acb64f229e3f7afd9da04a280447269b89004c35bf
300004,8,guided,2,1,1,0,1,0.98,1.0612,0,9f17f2b589ca5a888ca681acb64f229e3f7afd9da04a280447269b89004c35bf
300004,9,guided,2,1,1,0,1,0.98,1.0612,0,9f17f2b589ca5a888ca681acb64f229e3f7afd9da04a280447269b89004c35bf
300004,10,guided,2,1,1,0,1,0.98,1.0612,0,9f17f2b589ca5a888ca681acb64f229e3f7afd9da04a280447269b89004c35bf
300004,11,guided,2,1,1,0,1,0.98,1.0612,0,9f17f2b589ca5a888ca681acb64f229e3f7afd9da04a280447269b89004c35bf
300004,12,guided,2,1,1,0,1,0.98,1.0612,0,9f17f2b589ca5a888ca681acb64f229e3f7afd9da04a280447269b89004c35bf
300004,13,guided,2,1,1,0,1,0.98,1.0612,0,9f17f2b589ca5a888ca681acb64f229e3f7afd9da04a280447269b89004c35bf
300004,14,guided,2,1,1,0,1,0.98,1.0612,0,9f17f2b589ca5a888ca681acb64f229e3f7afd9da04a280447269b89004c35bf
300004,15,guided,2,1,1,0,1,0.98,1.0612,0,9f17f2b589ca5a888ca681acb64f229e3f7afd9da04a280447269b89004c35bf
300005,0,random,32,0,0,1,1,-0.3200000000000001,-0.08399999999999985,4,7e132332e03223035518ccd14200bd25a3481852e1522a06092c1a99422699b2
300005,1,random,6,1,1,0,1,0.94,1.0272000000000001,4,b5e3721bbfd3dce0440e15231a5ec0242604a5ff66384b0deb2f413e4bc8745d
300005,2,random,20,1,1,0,1,0.7999999999999999,0.9484,4,a214cc0f3e7979e71382f766d2f45d1b0d6cc3ba2c8b1c58f1e7853765567de0
300005,3,random,32,0,0,1,1,-0.3200000000000001,-0.09839999999999986,12,b22196d978ab4f0aae7357f0a62a49138fd1b9f55e9135d49caac21a2a5ba0f7
300005,4,random,16,1,1,0,1,0.84,0.9704,2,547a33180f51ab52d0795aa594958ab9ac304a4df7e191cd3fd4403292bf7f1f
300005,5,random,7,1,1,0,1,0.9299999999999999,1.0172,5,b9a89e5a5eede4c80afcd8fef55573678800825863338dfc35a8d2c2453ad361
300005,6,random,32,0,0,1,1,-0.3200000000000001,-0.09599999999999992,7,c87845378d0e9fbe4183dc24a607d70bbfe25f538f0a755875113b349ca27965
300005,7,random,6,1,1,0,1,0.94,1.0284,0,3de755ebbc9063b62b412e6b0b37f384fe74ab16b4ae8f575ad059ba03373ae8
300005,8,guided,12,1,1,0,1,0.88,0.9732000000000001,10,3d053c3d37fdec744a9fd08e77fc4af5beaaa13822bd509b2c650c9c18650e5f
300005,9,guided,12,1,1,0,1,0.88,0.9732000000000001,10,3d053c3d37fdec744a9fd08e77fc4af5beaaa13822bd509b2c650c9c18650e5f
300005,10,guided,12,1,1,0,1,0.88,0.9732000000000001,10,3d053c3d37fdec744a9fd08e77fc4af5beaaa13822bd509b2c650c9c18650e5f
300005,11,guided,12,1,1,0,1,0.88,0.9732000000000001,10,3d053c3d37fdec744a9fd08e77fc4af5beaaa13822bd509b2c650c9c18650e5f
300005,12,guided,12,1,1,0,1,0.88,0.9732000000000001,10,3d053c3d37fdec744a9fd08e77fc4af5beaaa13822bd509b2c650c9c18650e5f
300005,13,guided,12,1,1,0,1,0.88,0.9732000000000001,10,3d053c3d37fdec744a9fd08e77fc4af5beaaa13822bd509b2c650c9c18650e5f
300005,14,guided,12,1,1,0,1,0.88,0.9732000000000001,10,3d053c3d37fdec744a9fd08e77fc4af5beaaa13822bd509b2c650c9c18650e5f
300005,15,guided,12,1,1,0,1,0.88,0.9732000000000001,10,3d053c3d37fdec744a9fd08e77fc4af5beaaa13822bd509b2c650c9c18650e5f
300006,0,random,32,0,0,1,1,-0.3200000000000001,0.09880000000000015,18,780004700bb759498fd50fafeba4883fdab4b31cf47f13d336575edef73ed353
300006,1,random,28,1,1,0,1,0.72,1.08,6,127936ca8887500b0d577a677aac6907e2606ce873f26924b846def1223e9cdd
300006,2,random,32,0,0,1,1,-0.3200000000000001,0.09280000000000013,15,4ab88480108a59e135b7465f5668e729aae4f6805ead70028f2e1bfdd7ceea39
300006,3,random,32,0,0,1,1,-0.3200000000000001,0.09040000000000017,12,241146024f19ea2340077ea0c0428b29e3b6e0d9938b3623eaf29882edd28c60
300006,4,random,32,0,0,1,1,-0.3200000000000001,0.09760000000000013,12,f3af3b01c2498d41e449018c6693d81d8de46ac7384701faf305e83e2ea3d909
300006,5,random,32,0,0,1,1,-0.3200000000000001,0.12520000000000012,14,4c552f22192bae8ecce58847742a61d10fe12e81bfa90367c7b062dcdc3643aa
300006,6,random,32,0,0,1,1,-0.3200000000000001,0.10480000000000012,13,c0bcf664ee19c37f8b21f9a5532f3818f26e0b84d8427c566aab505bddd964e7
300006,7,random,32,0,0,1,1,-0.3200000000000001,0.05440000000000011,13,ff008503197a3836b50aa0b4ad4ec3dac0d7353bba90dc6815c630ecfddc1de8
300006,8,guided,20,1,1,0,1,0.7999999999999999,1.1588,14,62a14dcf4e7d2666405a2e814f21bb8e96bf3532ebf874acb1fdc9ae4daba2bb
300006,9,guided,20,1,1,0,1,0.7999999999999999,1.1588,14,62a14dcf4e7d2666405a2e814f21bb8e96bf3532ebf874acb1fdc9ae4daba2bb
300006,10,guided,20,1,1,0,1,0.7999999999999999,1.1588,14,62a14dcf4e7d2666405a2e814f21bb8e96bf3532ebf874acb1fdc9ae4daba2bb
300006,11,guided,20,1,1,0,1,0.7999999999999999,1.1588,14,62a14dcf4e7d2666405a2e814f21bb8e96bf3532ebf874acb1fdc9ae4daba2bb
300006,12,guided,20,1,1,0,1,0.7999999999999999,1.1588,14,62a14dcf4e7d2666405a2e814f21bb8e96bf3532ebf874acb1fdc9ae4daba2bb
300006,13,guided,20,1,1,0,1,0.7999999999999999,1.1588,14,62a14dcf4e7d2666405a2e814f21bb8e96bf3532ebf874acb1fdc9ae4daba2bb
300006,14,guided,20,1,1,0,1,0.7999999999999999,1.1588,14,62a14dcf4e7d2666405a2e814f21bb8e96bf3532ebf874acb1fdc9ae4daba2bb
300006,15,guided,20,1,1,0,1,0.7999999999999999,1.1588,14,62a14dcf4e7d2666405a2e814f21bb8e96bf3532ebf874acb1fdc9ae4daba2bb
300007,0,random,32,0,0,1,1,-0.3200000000000001,-0.11639999999999993,14,3430bc34f34dd9cd90d0698f20dac8fa4919a104fa88d9ec1b00a8e2f50c4ba0
300007,1,random,24,1,1,0,1,0.7599999999999999,0.8976000000000001,4,97898ffce1b789e1fdb2c671b7392a2f38daa715199f747a49363eedb4d2c9a0
300007,2,random,32,0,0,1,1,-0.3200000000000001,-0.10319999999999996,11,5a8fcd72025baa91fb729e05ef30fee0b844e38cae66f3108719d343d022f671
300007,3,random,4,1,1,0,1,0.96,1.0436,2,ef53f745dca6189a947c033285a4006fadc781174477e8c99bd5a63c32551da1
300007,4,random,6,1,1,0,1,0.94,1.0296,2,45016479704a64a771fae6ff36e95e7b0250f71cba464aa3e3038bc83e0f5745
300007,5,random,32,0,0,1,1,-0.3200000000000001,-0.13319999999999999,2,d3c3aa976de7f099ca90b82b48c73677ffb108437af75cef429b1960820ee43c
300007,6,random,32,0,0,1,1,-0.3200000000000001,-0.03839999999999985,18,5deb68aba586b7c1e826ea07e218eea637f5444325375bb69b890f7d07d2be5e
300007,7,random,13,1,1,0,1,0.87,0.992,3,a4d3c54cc7f05b78247963f1db4fbe35e29e0b829a55dea02f2d331c3616ccef
300007,8,guided,2,1,1,0,1,0.98,1.0612,0,be1c82f09e8114f4bf3f2327d77a62def1f1029e13bc00c7ab5b42a6fe99d7e0
300007,9,guided,2,1,1,0,1,0.98,1.0612,0,be1c82f09e8114f4bf3f2327d77a62def1f1029e13bc00c7ab5b42a6fe99d7e0
300007,10,guided,2,1,1,0,1,0.98,1.0612,0,be1c82f09e8114f4bf3f2327d77a62def1f1029e13bc00c7ab5b42a6fe99d7e0
300007,11,guided,2,1,1,0,1,0.98,1.0612,0,be1c82f09e8114f4bf3f2327d77a62def1f1029e13bc00c7ab5b42a6fe99d7e0
300007,12,guided,2,1,1,0,1,0.98,1.0612,0,be1c82f09e8114f4bf3f2327d77a62def1f1029e13bc00c7ab5b42a6fe99d7e0
300007,13,guided,2,1,1,0,1,0.98,1.0612,0,be1c82f09e8114f4bf3f2327d77a62def1f1029e13bc00c7ab5b42a6fe99d7e0
300007,14,guided,2,1,1,0,1,0.98,1.0612,0,be1c82f09e8114f4bf3f2327d77a62def1f1029e13bc00c7ab5b42a6fe99d7e0
300007,15,guided,2,1,1,0,1,0.98,1.0612,0,be1c82f09e8114f4bf3f2327d77a62def1f1029e13bc00c7ab5b42a6fe99d7e0
300008,0,random,32,0,0,1,1,-0.3200000000000001,-0.005199999999999871,6,9175bfdf2acf486276fdc2e8bb0e87d107506789d3c010181bbce53a0f8c84c9
300008,1,random,32,0,0,1,1,-0.3200000000000001,0.05720000000000011,24,1c1bfc049c4e64213e45a5fed375047f236e4024f1d50805d2d463da1d52ca4d
300008,2,random,32,0,0,1,1,-0.3200000000000001,-0.014799999999999841,11,dfe35db82b830d24b467296d3e5568816f43a50b5b98f5eacb86f4ecbc29b994
300008,3,random,19,1,1,0,1,0.8099999999999999,1.0168000000000001,1,7c99e02071028d7fa43e31903c1290a70c3581891b6030d9658cd6528ac5900e
300008,4,random,32,0,0,1,1,-0.3200000000000001,-0.03999999999999992,6,3cd30429e85b94fbca76892bdbbba01d12ee289b1181f8d72adc79beb89b8c53
300008,5,random,32,0,0,1,1,-0.3200000000000001,-0.018399999999999805,11,c2856a8202e1ca637d113a42faab0151d4a7f1230720eea6f7c5ab0ae033219c
300008,6,random,32,0,0,1,1,-0.3200000000000001,-0.0327999999999999,15,0d1fe024620f560308ad1c74c1b33432280cdeaacd69bd6b65194f8a511adde0
300008,7,random,32,0,0,1,1,-0.3200000000000001,-0.07119999999999989,13,e6704ac892d80cbb2d01d9f69a24ce5e5b9a239b6a185ee8bc67b9ff48b432b6
300008,8,guided,4,1,1,0,1,0.96,1.1272,0,3b1706f3b2167c36b4018ca5ebeb4af444e4b6d1647fe29ba41a284d8e6dbaac
300008,9,guided,4,1,1,0,1,0.96,1.1272,0,3b1706f3b2167c36b4018ca5ebeb4af444e4b6d1647fe29ba41a284d8e6dbaac
300008,10,guided,4,1,1,0,1,0.96,1.1272,0,3b1706f3b2167c36b4018ca5ebeb4af444e4b6d1647fe29ba41a284d8e6dbaac
300008,11,guided,4,1,1,0,1,0.96,1.1272,0,3b1706f3b2167c36b4018ca5ebeb4af444e4b6d1647fe29ba41a284d8e6dbaac
300008,12,guided,4,1,1,0,1,0.96,1.1272,0,3b1706f3b2167c36b4018ca5ebeb4af444e4b6d1647fe29ba41a284d8e6dbaac
300008,13,guided,4,1,1,0,1,0.96,1.1272,0,3b1706f3b2167c36b4018ca5ebeb4af444e4b6d1647fe29ba41a284d8e6dbaac
300008,14,guided,4,1,1,0,1,0.96,1.1272,0,3b1706f3b2167c36b4018ca5ebeb4af444e4b6d1647fe29ba41a284d8e6dbaac
300008,15,guided,4,1,1,0,1,0.96,1.1272,0,3b1706f3b2167c36b4018ca5ebeb4af444e4b6d1647fe29ba41a284d8e6dbaac
300009,0,random,6,1,1,0,1,0.94,1.0284,0,c65624a36045593bb5a418783659c683fca3d35b2e92e341430ea2b65cf1fbb7
300009,1,random,2,1,1,0,1,0.98,1.0612,0,972aff4bd96c8a2e890a013f7ee29461724beca729eb6c2bea891cf387b90d76
300009,2,random,6,1,1,0,1,0.94,1.0296,2,ceb98e06c8396517a3b78314b7da048039d926719e55c7ebe7ea7c34e5a1432f
300009,3,random,32,0,0,1,1,-0.3200000000000001,-0.12959999999999988,11,6ae3b76c923cb7336b92a66784a75feae47dbdeed0eef59ef82cd994794a91ca
300009,4,random,32,0,0,1,1,-0.3200000000000001,-0.1308,5,be5bacfe9b8442e296871248250a278cdfe510302072f498415ed6ec113e82ac
300009,5,random,17,1,1,0,1,0.83,0.9472,11,72545f69be34c988866e93c14512fe96bf7117be72d546f6880ad5010b31baa4
300009,6,random,32,0,0,1,1,-0.3200000000000001,-0.06599999999999967,10,1a524c3638f834d274adf9d34cf0a38c39cb393a639208e079b327c670480deb
300009,7,random,31,1,1,0,1,0.69,0.8684000000000001,3,3fbf094c3946b955a9709fb85ee0e6b025baf0e084dfd7d74fc71eaf60eacf31
300009,8,guided,2,1,1,0,1,0.98,1.0612,0,972aff4bd96c8a2e890a013f7ee29461724beca729eb6c2bea891cf387b90d76
300009,9,guided,2,1,1,0,1,0.98,1.0612,0,972aff4bd96c8a2e890a013f7ee29461724beca729eb6c2bea891cf387b90d76
300009,10,guided,2,1,1,0,1,0.98,1.0612,0,972aff4bd96c8a2e890a013f7ee29461724beca729eb6c2bea891cf387b90d76
300009,11,guided,2,1,1,0,1,0.98,1.0612,0,972aff4bd96c8a2e890a013f7ee29461724beca729eb6c2bea891cf387b90d76
300009,12,guided,2,1,1,0,1,0.98,1.0612,0,972aff4bd96c8a2e890a013f7ee29461724beca729eb6c2bea891cf387b90d76
300009,13,guided,2,1,1,0,1,0.98,1.0612,0,972aff4bd96c8a2e890a013f7ee29461724beca729eb6c2bea891cf387b90d76
300009,14,guided,2,1,1,0,1,0.98,1.0612,0,972aff4bd96c8a2e890a013f7ee29461724beca729eb6c2bea891cf387b90d76
300009,15,guided,2,1,1,0,1,0.98,1.0612,0,972aff4bd96c8a2e890a013f7ee29461724beca729eb6c2bea891cf387b90d76
300010,0,random,32,0,0,1,1,-0.3200000000000001,0.027600000000000124,12,9f80fca1ccb6d4b30f233e0bf3294c663ec2c8870d1a7b0ab44faf0ac448dd0e
300010,1,random,32,0,0,1,1,-0.3200000000000001,0.04080000000000013,14,394bdea684e445122774dbeee57961c06a29dbd066aa2acdd2d500f5b07b3e15
300010,2,random,20,1,1,0,1,0.7999999999999999,1.0768,1,56189cc5214230183f0ebe795cb74aa544bd448d89c9e58dc42e41d52febb890
300010,3,random,32,0,0,1,1,-0.3200000000000001,0.01920000000000014,12,bd5bcd182dd598b060ba1f12ce21183eaadb2205a1f3e5297939871eaf733b92
300010,4,random,32,0,0,1,1,-0.3200000000000001,0.025200000000000167,12,488b0dbadbc4e3b61aab21b3b4a0c13fbe4ef33201ad247aeae8561a28523c04
300010,5,random,20,1,1,0,1,0.7999999999999999,1.0804,5,586eab3d506ea698f233003a4de0eefadef364d2060b0d0ba356c386a31fa74a
300010,6,random,21,1,1,0,1,0.7899999999999999,1.0632000000000001,2,721caa487fa8217de0b03bfbb19e9cc40ba8f79a523bf92c3d4b0ed7210696c3
300010,7,random,32,0,0,1,1,-0.3200000000000001,0.05400000000000016,16,6642eb444f8d06fb4c540d8b5fe067c9b100e3f08cf7aeaf568a8f9156eb860a
300010,8,guided,5,1,1,0,1,0.95,1.162,0,adb60b8de8386872ec2d927481bb908998a9e550e28942a1467aa4b69d47e8b6
300010,9,guided,5,1,1,0,1,0.95,1.162,0,adb60b8de8386872ec2d927481bb908998a9e550e28942a1467aa4b69d47e8b6
300010,10,guided,5,1,1,0,1,0.95,1.162,0,adb60b8de8386872ec2d927481bb908998a9e550e28942a1467aa4b69d47e8b6
300010,11,guided,5,1,1,0,1,0.95,1.162,0,adb60b8de8386872ec2d927481bb908998a9e550e28942a1467aa4b69d47e8b6
300010,12,guided,5,1,1,0,1,0.95,1.162,0,adb60b8de8386872ec2d927481bb908998a9e550e28942a1467aa4b69d47e8b6
300010,13,guided,5,1,1,0,1,0.95,1.162,0,adb60b8de8386872ec2d927481bb908998a9e550e28942a1467aa4b69d47e8b6
300010,14,guided,5,1,1,0,1,0.95,1.162,0,adb60b8de8386872ec2d927481bb908998a9e550e28942a1467aa4b69d47e8b6
300010,15,guided,5,1,1,0,1,0.95,1.162,0,adb60b8de8386872ec2d927481bb908998a9e550e28942a1467aa4b69d47e8b6
300011,0,random,3,1,1,0,1,0.97,1.0936,0,c7a4b6ab743ee3151de9600a3cec7a83848e3e08ffe2453efb91db05435683ad
300011,1,random,32,0,0,1,1,-0.3200000000000001,-0.007999999999999799,13,35c96b05cbf11103fdd033daf5ecb97921d8abd4c0684ad653ef9ab352ccdd2b
300011,2,random,32,0,0,1,1,-0.3200000000000001,-0.024799999999999794,13,52a85f245d09a8de41426fd6182d6b83d785d77121831062157c1bfb19fd7a08
300011,3,random,32,0,0,1,1,-0.3200000000000001,-0.02599999999999983,10,3eb6743443b040cf6ecfd99dcd602294fe3ce221e53b9b0b567f502acebcb4cd
300011,4,random,25,1,1,0,1,0.7499999999999999,0.9636000000000001,0,16a48662a3eea9487065a23a810503a9a39d456b44c864be8099a2ec7c8ddab6
300011,5,random,24,1,1,0,1,0.7599999999999999,0.9892000000000001,3,bcfa2a0a4ccf2950db7fccdb6444b0f32f52993b2d2468fdcae8b22143f020a5
300011,6,random,32,0,0,1,1,-0.3200000000000001,-0.03919999999999993,12,70a48212e527d3a0cfafb17987fa68f3e4d98e0b3a43e3738d0b7a4f46c36b9d
300011,7,random,8,1,1,0,1,0.9199999999999999,1.0616,1,db93d63330ad49aa1bd29b7d1af0a355f6910e4242b8d4b713c9410fb440a27d
300011,8,guided,3,1,1,0,1,0.97,1.0936,0,c7a4b6ab743ee3151de9600a3cec7a83848e3e08ffe2453efb91db05435683ad
300011,9,guided,3,1,1,0,1,0.97,1.0936,0,c7a4b6ab743ee3151de9600a3cec7a83848e3e08ffe2453efb91db05435683ad
300011,10,guided,3,1,1,0,1,0.97,1.0936,0,c7a4b6ab743ee3151de9600a3cec7a83848e3e08ffe2453efb91db05435683ad
300011,11,guided,3,1,1,0,1,0.97,1.0936,0,c7a4b6ab743ee3151de9600a3cec7a83848e3e08ffe2453efb91db05435683ad
300011,12,guided,3,1,1,0,1,0.97,1.0936,0,c7a4b6ab743ee3151de9600a3cec7a83848e3e08ffe2453efb91db05435683ad
300011,13,guided,3,1,1,0,1,0.97,1.0936,0,c7a4b6ab743ee3151de9600a3cec7a83848e3e08ffe2453efb91db05435683ad
300011,14,guided,3,1,1,0,1,0.97,1.0936,0,c7a4b6ab743ee3151de9600a3cec7a83848e3e08ffe2453efb91db05435683ad
300011,15,guided,3,1,1,0,1,0.97,1.0936,0,c7a4b6ab743ee3151de9600a3cec7a83848e3e08ffe2453efb91db05435683ad
300012,0,random,32,0,0,1,1,-0.3200000000000001,0.04880000000000018,13,e02be0b59f2d1aaa1a67f05d334b94bb60c1c503ca77270ed6f4d807aab83806
300012,1,random,32,0,0,1,1,-0.3200000000000001,-0.025599999999999845,7,9df2605b0732bdf2f4dc42f8e8a58531b5407fff9689650b82522bee9a84eb64
300012,2,random,32,0,0,1,1,-0.3200000000000001,-0.03639999999999988,6,5ef4d699acbee0f93de0805b0f849c9e59e170aea81abfa3bb62050020af1a46
300012,3,random,13,1,1,0,1,0.87,1.0744,5,8a6a19175096540c414c20c3ec03842207f5bd292658e30b5ce4e9d61ea5457b
300012,4,random,32,0,0,1,1,-0.3200000000000001,-0.007599999999999857,12,f0debb521d5601816f000b6b4b4f3a02273cf1148403db08b755f1f5eb750479
300012,5,random,32,0,0,1,1,-0.3200000000000001,0.03560000000000013,8,a7a6bb79d3b2cad0aa3ea8cc829eccdb30637a2cc753853d6552b7abcef212cb
300012,6,random,17,1,1,0,1,0.83,1.0308000000000002,1,86e173a0f39e029ae0169b5f384a128708f5ad902e5587d37ce96a118b283ebd
300012,7,random,32,0,0,1,1,-0.3200000000000001,-0.014799999999999841,12,a5f8091b47cb7e9c9e4bbd212d6104e7aa9b7eb17c24e9cf45e51abc2e547c16
300012,8,guided,4,1,1,0,1,0.96,1.1272,0,297a6b30875eb41cfcb85ae3114ac79d865e689f03145e06d983bcdefb8040c8
300012,9,guided,4,1,1,0,1,0.96,1.1272,0,297a6b30875eb41cfcb85ae3114ac79d865e689f03145e06d983bcdefb8040c8
300012,10,guided,4,1,1,0,1,0.96,1.1272,0,297a6b30875eb41cfcb85ae3114ac79d865e689f03145e06d983bcdefb8040c8
300012,11,guided,4,1,1,0,1,0.96,1.1272,0,297a6b30875eb41cfcb85ae3114ac79d865e689f03145e06d983bcdefb8040c8
300012,12,guided,4,1,1,0,1,0.96,1.1272,0,297a6b30875eb41cfcb85ae3114ac79d865e689f03145e06d983bcdefb8040c8
300012,13,guided,4,1,1,0,1,0.96,1.1272,0,297a6b30875eb41cfcb85ae3114ac79d865e689f03145e06d983bcdefb8040c8
300012,14,guided,4,1,1,0,1,0.96,1.1272,0,297a6b30875eb41cfcb85ae3114ac79d865e689f03145e06d983bcdefb8040c8
300012,15,guided,4,1,1,0,1,0.96,1.1272,0,297a6b30875eb41cfcb85ae3114ac79d865e689f03145e06d983bcdefb8040c8
300013,0,random,32,0,0,1,1,-0.3200000000000001,0.10360000000000014,9,f781443d132d5105cf81c2c0bafd6768741ee687b8c8d00fe1656498956ab928
300013,1,random,32,0,0,1,1,-0.3200000000000001,0.0664000000000001,13,aeabdd909ecebd12009930e0fefa3d990bbddc8b749b1495d65d22439daf836e
300013,2,random,32,0,0,1,1,-0.3200000000000001,0.05320000000000008,19,409c29af622fd42866bfd6b579812c20833d64e6f36bf8901e19e00823458be0
300013,3,random,32,0,0,1,1,-0.3200000000000001,0.10480000000000012,13,d71ffb1238c4bef58b52b369d8a0daa6005ac00d243398907724fbbf3134a08c
300013,4,random,19,1,1,0,1,0.8099999999999999,1.1400000000000001,7,2a89d7b006aee8c1ca8b10c2188e7b48845cb066175223e96edf19dd39ca7b4a
300013,5,random,32,0,0,1,1,-0.3200000000000001,0.12640000000000015,9,4e103b5c41b455f9a8c9c5017fc3a0f36088effc399d880ffc5ac173f61aa55c
300013,6,random,28,1,1,0,1,0.72,1.1016000000000001,6,b33abf87257b605683bf56587ec09a9af4f2b445ae6e1aa5ad6d86ea54435f5d
300013,7,random,32,0,0,1,1,-0.3200000000000001,0.1276000000000001,9,f97adb09cb01b87cfc49f41cba9c9c6b844a07789eac8cbc1d8f5cae52dd2019
300013,8,guided,32,0,0,1,1,-0.3200000000000001,0.10600000000000015,31,07790ba0b11947e4f6ad70244671890ce3e673e350a8691e87a6048f63cdaadb
300013,9,guided,32,0,0,1,1,-0.3200000000000001,0.10600000000000015,31,07790ba0b11947e4f6ad70244671890ce3e673e350a8691e87a6048f63cdaadb
300013,10,guided,32,0,0,1,1,-0.3200000000000001,0.10600000000000015,31,07790ba0b11947e4f6ad70244671890ce3e673e350a8691e87a6048f63cdaadb
300013,11,guided,32,0,0,1,1,-0.3200000000000001,0.10600000000000015,31,07790ba0b11947e4f6ad70244671890ce3e673e350a8691e87a6048f63cdaadb
300013,12,guided,32,0,0,1,1,-0.3200000000000001,0.10600000000000015,31,07790ba0b11947e4f6ad70244671890ce3e673e350a8691e87a6048f63cdaadb
300013,13,guided,32,0,0,1,1,-0.3200000000000001,0.10600000000000015,31,07790ba0b11947e4f6ad70244671890ce3e673e350a8691e87a6048f63cdaadb
300013,14,guided,32,0,0,1,1,-0.3200000000000001,0.10600000000000015,31,07790ba0b11947e4f6ad70244671890ce3e673e350a8691e87a6048f63cdaadb
300013,15,guided,32,0,0,1,1,-0.3200000000000001,0.10600000000000015,31,07790ba0b11947e4f6ad70244671890ce3e673e350a8691e87a6048f63cdaadb
300014,0,random,32,0,0,1,1,-0.3200000000000001,-0.05679999999999992,9,8c910d2efd5beaf7fe9926d3ba8c9925d70d5ed2b0936f68691e9923ff3f2b5e
300014,1,random,32,0,0,1,1,-0.3200000000000001,0.04880000000000029,6,460993c6d9ea9b61d3516fc80bb4c4a1de88b6fd2436889d878fc2af989aafe2
300014,2,random,32,0,0,1,1,-0.3200000000000001,0.03200000000000014,13,28e9be4bec1c355153e4df5240d46b8d674694a9c85b8ece9e448d6d2dcc00bb
300014,3,random,32,0,0,1,1,-0.3200000000000001,0.03800000000000023,13,bef814048b930edbc39360a44dd3f986810391a023f290e21efabe5e9a5d5c03
300014,4,random,32,0,0,1,1,-0.3200000000000001,0.014000000000000172,11,434a7bdfc061f4c5449a6079536a2f069c6772cf4a36c74676fc4401140b5968
300014,5,random,32,0,0,1,1,-0.3200000000000001,-0.03879999999999988,14,4b6948cac3cf6d1d7c640daaa9a83034b39ed6b316066312fda458ce0c841163
300014,6,random,15,1,1,0,1,0.85,1.052,3,5e184aa54f1195b5bc4a27e3f1fb94b0ea80745d50eefa85e4c0a94700db12c7
300014,7,random,22,1,1,0,1,0.7799999999999999,1.0132,4,e485856369744cd68e3f5b0eeedd4c20917ad57961cf07291187b2427de8aa0c
300014,8,guided,7,1,1,0,1,0.9299999999999999,1.108,3,f31b42ab2a1df0887db135d9424fffeb58d603374129138644f18cca1dceaccb
300014,9,guided,7,1,1,0,1,0.9299999999999999,1.108,3,f31b42ab2a1df0887db135d9424fffeb58d603374129138644f18cca1dceaccb
300014,10,guided,7,1,1,0,1,0.9299999999999999,1.108,3,f31b42ab2a1df0887db135d9424fffeb58d603374129138644f18cca1dceaccb
300014,11,guided,7,1,1,0,1,0.9299999999999999,1.108,3,f31b42ab2a1df0887db135d9424fffeb58d603374129138644f18cca1dceaccb
300014,12,guided,7,1,1,0,1,0.9299999999999999,1.108,3,f31b42ab2a1df0887db135d9424fffeb58d603374129138644f18cca1dceaccb
300014,13,guided,7,1,1,0,1,0.9299999999999999,1.108,3,f31b42ab2a1df0887db135d9424fffeb58d603374129138644f18cca1dceaccb
300014,14,guided,7,1,1,0,1,0.9299999999999999,1.108,3,f31b42ab2a1df0887db135d9424fffeb58d603374129138644f18cca1dceaccb
300014,15,guided,7,1,1,0,1,0.9299999999999999,1.108,3,f31b42ab2a1df0887db135d9424fffeb58d603374129138644f18cca1dceaccb
300015,0,random,32,0,0,1,1,-0.3200000000000001,0.03480000000000011,5,ac74be0b0921271e7b1c95c681324a41a37d3eca0d57ea72458fca9d242fc818
300015,1,random,32,0,0,1,1,-0.3200000000000001,0.03960000000000013,8,d858775b1ca951d816798e7945c4247643dbfd6fde370b11513fb4038e6eec70
300015,2,random,32,0,0,1,1,-0.3200000000000001,0.04320000000000014,9,638e5b8179bdcbdeb269264f42caf73d9a21e5a30736cf3adc60a042725f3401
300015,3,random,32,0,0,1,1,-0.3200000000000001,0.021600000000000133,7,844884ac79538f466d5eccf0ea9fc421476462cc5a8cd7904c522a4904bbc9e5
300015,4,random,32,0,0,1,1,-0.3200000000000001,0.0012000000000001454,12,2bfc7f1e3a8b22dbaf98f9f3c132262894c71b0bb7d39e67c2680ed209630ef9
300015,5,random,32,0,0,1,1,-0.3200000000000001,-0.0167999999999999,15,d5dc3f1ab7b51be304baf5b56d650cc915a6542f33ccd0df27c50abd0c59167f
300015,6,random,29,1,1,0,1,0.71,1.036,8,4d34ced3be6f43173554d964bb76165ed796d2f5ecdb896a91467fdbf761110d
300015,7,random,32,0,0,1,1,-0.3200000000000001,0.018000000000000113,13,6e1cbdf911aee6946d696e58fb5ddb0da47fcc05fcb8271593f74aa984284965
300015,8,guided,10,1,1,0,1,0.9,1.1324,3,feab9e64c8b74a18eca0da448802c6a00b697e0cfad45a66ae1de02507c7c9e5
300015,9,guided,10,1,1,0,1,0.9,1.1324,3,feab9e64c8b74a18eca0da448802c6a00b697e0cfad45a66ae1de02507c7c9e5
300015,10,guided,10,1,1,0,1,0.9,1.1324,3,feab9e64c8b74a18eca0da448802c6a00b697e0cfad45a66ae1de02507c7c9e5
300015,11,guided,10,1,1,0,1,0.9,1.1324,3,feab9e64c8b74a18eca0da448802c6a00b697e0cfad45a66ae1de02507c7c9e5
300015,12,guided,10,1,1,0,1,0.9,1.1324,3,feab9e64c8b74a18eca0da448802c6a00b697e0cfad45a66ae1de02507c7c9e5
300015,13,guided,10,1,1,0,1,0.9,1.1324,3,feab9e64c8b74a18eca0da448802c6a00b697e0cfad45a66ae1de02507c7c9e5
300015,14,guided,10,1,1,0,1,0.9,1.1324,3,feab9e64c8b74a18eca0da448802c6a00b697e0cfad45a66ae1de02507c7c9e5
300015,15,guided,10,1,1,0,1,0.9,1.1324,3,feab9e64c8b74a18eca0da448802c6a00b697e0cfad45a66ae1de02507c7c9e5
300016,0,random,1,1,1,0,1,0.99,1.03,0,36b9fc6e24fc078eafb08d10edc57b235c778c52a9d46f316a71160f4850a3fa
300016,1,random,4,1,1,0,1,0.96,1.0048000000000001,1,5ff76e7a00ddea6fb3105e6344c120832fe6105d5fb86602d709c1a5a343ba1b
300016,2,random,1,1,1,0,1,0.99,1.03,0,36b9fc6e24fc078eafb08d10edc57b235c778c52a9d46f316a71160f4850a3fa
300016,3,random,2,1,1,0,1,0.98,1.0212,1,b4e97f3e4805d14b9d56f9731830a39a8ee8aa5c64b1d7f70e9dbbf7a9dc1a4a
300016,4,random,4,1,1,0,1,0.96,1.0048000000000001,1,bfd63486a4d149ddd93e5c1ee014acc3596e3964431ee13d2ab78600c9b316bb
300016,5,random,1,1,1,0,1,0.99,1.03,0,36b9fc6e24fc078eafb08d10edc57b235c778c52a9d46f316a71160f4850a3fa
300016,6,random,18,1,1,0,1,0.82,0.8996,7,e889b1d03505ddb873fc35f9f0bf838186d86b01ab8243388c133aecbcdd82ed
300016,7,random,1,1,1,0,1,0.99,1.03,0,36b9fc6e24fc078eafb08d10edc57b235c778c52a9d46f316a71160f4850a3fa
300016,8,guided,1,1,1,0,1,0.99,1.03,0,36b9fc6e24fc078eafb08d10edc57b235c778c52a9d46f316a71160f4850a3fa
300016,9,guided,1,1,1,0,1,0.99,1.03,0,36b9fc6e24fc078eafb08d10edc57b235c778c52a9d46f316a71160f4850a3fa
300016,10,guided,1,1,1,0,1,0.99,1.03,0,36b9fc6e24fc078eafb08d10edc57b235c778c52a9d46f316a71160f4850a3fa
300016,11,guided,1,1,1,0,1,0.99,1.03,0,36b9fc6e24fc078eafb08d10edc57b235c778c52a9d46f316a71160f4850a3fa
300016,12,guided,1,1,1,0,1,0.99,1.03,0,36b9fc6e24fc078eafb08d10edc57b235c778c52a9d46f316a71160f4850a3fa
300016,13,guided,1,1,1,0,1,0.99,1.03,0,36b9fc6e24fc078eafb08d10edc57b235c778c52a9d46f316a71160f4850a3fa
300016,14,guided,1,1,1,0,1,0.99,1.03,0,36b9fc6e24fc078eafb08d10edc57b235c778c52a9d46f316a71160f4850a3fa
300016,15,guided,1,1,1,0,1,0.99,1.03,0,36b9fc6e24fc078eafb08d10edc57b235c778c52a9d46f316a71160f4850a3fa
300017,0,random,32,0,0,1,1,-0.3200000000000001,0.3048000000000003,19,144b0f71144bad5f1832b41d0d135fd3143de92e4f74d35e0b8a3f0be40ab93b
300017,1,random,32,0,0,1,1,-0.3200000000000001,0.2892000000000003,13,9a5ce60ed4159b013b5b394402302d057b8ab21bce3e275cbc8562b83ec58786
300017,2,random,32,0,0,1,1,-0.3200000000000001,0.20400000000000024,18,8a19ef5dd9c48279485d0ecc4ab0440b7637aad650ac773e0253c30219b19e11
300017,3,random,32,0,0,1,1,-0.3200000000000001,0.21960000000000024,14,f18b7bb72231a779800c6b569941d9301b29ccb7e9161fc9673e437e036e8f0f
300017,4,random,32,0,0,1,1,-0.3200000000000001,0.18120000000000017,11,2d0ecb4daa0e2374cedadab1c382ae47938b5f44af96b42283d4f1beeefdbcf6
300017,5,random,32,0,0,1,1,-0.3200000000000001,0.28800000000000026,23,8f42c43d3ad7c88ac08b7bd180e641c22d637b949d5ccb324d1ec2984f8d04fd
300017,6,random,32,0,0,1,1,-0.3200000000000001,0.15360000000000015,9,3361ddc95526c02e94e05f3e62b101844154923e30ce541db1d410bbc41d57db
300017,7,random,11,1,1,0,1,0.89,1.2664000000000002,3,e12c8c1e59248b6da3422a3ec8b1e4fbdf928b776e7d821abb3bed95fa63810d
300017,8,guided,8,1,1,0,1,0.9199999999999999,1.2736,0,d8f348f9594ea156538ec7631c477ca9a211488fefec308174a22d7fce2cd67d
300017,9,guided,8,1,1,0,1,0.9199999999999999,1.2736,0,d8f348f9594ea156538ec7631c477ca9a211488fefec308174a22d7fce2cd67d
300017,10,guided,8,1,1,0,1,0.9199999999999999,1.2736,0,d8f348f9594ea156538ec7631c477ca9a211488fefec308174a22d7fce2cd67d
300017,11,guided,8,1,1,0,1,0.9199999999999999,1.2736,0,d8f348f9594ea156538ec7631c477ca9a211488fefec308174a22d7fce2cd67d
300017,12,guided,8,1,1,0,1,0.9199999999999999,1.2736,0,d8f348f9594ea156538ec7631c477ca9a211488fefec308174a22d7fce2cd67d
300017,13,guided,8,1,1,0,1,0.9199999999999999,1.2736,0,d8f348f9594ea156538ec7631c477ca9a211488fefec308174a22d7fce2cd67d
300017,14,guided,8,1,1,0,1,0.9199999999999999,1.2736,0,d8f348f9594ea156538ec7631c477ca9a211488fefec308174a22d7fce2cd67d
300017,15,guided,8,1,1,0,1,0.9199999999999999,1.2736,0,d8f348f9594ea156538ec7631c477ca9a211488fefec308174a22d7fce2cd67d
300018,0,random,32,0,0,1,1,-0.3200000000000001,0.04200000000000015,10,87aa3c8528a9763a40865f68004c63980142d2cae1cabb316a24292a1b9f46d5
300018,1,random,32,0,0,1,1,-0.3200000000000001,0.02640000000000011,8,30201ca9f7196aa9294ad8d20c417389b674ca76050285490ed5a6295e8b29d2
300018,2,random,32,0,0,1,1,-0.3200000000000001,0.04920000000000015,14,88db7d6eeb53a75ca492ed609d40d00820d7d974f49a97bf74d451a0d5d2d772
300018,3,random,32,0,0,1,1,-0.3200000000000001,-0.022799999999999945,7,6fe134eca99b5bccfa8c942403f3c3ff051afead3d0f61ff68583dd39dde30ec
300018,4,random,32,0,0,1,1,-0.3200000000000001,0.02160000000000009,9,1b56abd3f7442e66d5482b1c0d5c8b05315366306200f945be6db2b553571193
300018,5,random,22,1,1,0,1,0.7799999999999999,1.052,3,9473d67fc12e795d07449a3e4fcec7a880a12e9f9f98c4c66f0f251725cb691a
300018,6,random,23,1,1,0,1,0.7699999999999999,1.0612000000000001,6,aaeffb5aaba9d7cd19d826663ed381e3758889f4e49d8de317c4fb9e9e37eabb
300018,7,random,32,0,0,1,1,-0.3200000000000001,0.07080000000000011,6,263035385e5fb0a2854d0f52fc32a13336b0a14df4c4c6ff107f3b4869fdbabb
300018,8,guided,5,1,1,0,1,0.95,1.162,0,cf31177a0b84ef06850126f63423c52a9b4f846e568095ab298e5efab4a4048c
300018,9,guided,5,1,1,0,1,0.95,1.162,0,cf31177a0b84ef06850126f63423c52a9b4f846e568095ab298e5efab4a4048c
300018,10,guided,5,1,1,0,1,0.95,1.162,0,cf31177a0b84ef06850126f63423c52a9b4f846e568095ab298e5efab4a4048c
300018,11,guided,5,1,1,0,1,0.95,1.162,0,cf31177a0b84ef06850126f63423c52a9b4f846e568095ab298e5efab4a4048c
300018,12,guided,5,1,1,0,1,0.95,1.162,0,cf31177a0b84ef06850126f63423c52a9b4f846e568095ab298e5efab4a4048c
300018,13,guided,5,1,1,0,1,0.95,1.162,0,cf31177a0b84ef06850126f63423c52a9b4f846e568095ab298e5efab4a4048c
300018,14,guided,5,1,1,0,1,0.95,1.162,0,cf31177a0b84ef06850126f63423c52a9b4f846e568095ab298e5efab4a4048c
300018,15,guided,5,1,1,0,1,0.95,1.162,0,cf31177a0b84ef06850126f63423c52a9b4f846e568095ab298e5efab4a4048c
300019,0,random,32,0,0,1,1,-0.3200000000000001,0.4812000000000007,12,40b243904d4e89476af2a2ef91171a7ea3020c78041b28eae53c80f71b896fb2
300019,1,random,32,0,0,1,1,-0.3200000000000001,0.3804000000000004,12,6b64f2058e7c5cabf085e1ac4df95bb76df5ebcfadea46d3d469f3a015fce14f
300019,2,random,32,0,0,1,1,-0.3200000000000001,0.45000000000000046,19,4cd9f9bb3e7cc9c8b2cdcd5e73078b9ed77ed11c0ba0e6a415f6ff9bdaaf97e6
300019,3,random,32,0,0,1,1,-0.3200000000000001,0.4812000000000006,13,702b44be6a96c6bbf03308f1ed19cc4b1662c3f5672906a814d2ea951abb8fae
300019,4,random,32,0,0,1,1,-0.3200000000000001,0.45960000000000045,7,885b8deacb922d9085001116bfc7357c56f89896c7c16d8497f42050c646b7d6
300019,5,random,32,0,0,1,1,-0.3200000000000001,0.45840000000000053,11,993d7fd624430102950bc746d30beb3ad28b85a52b75f36af2c4f6fddd4c8c5b
300019,6,random,32,0,0,1,1,-0.3200000000000001,0.5040000000000007,11,eee86614c68b9d3d909da24814282cc823702f8aaf41296178d369cbffd90ea8
300019,7,random,32,0,0,1,1,-0.3200000000000001,0.5004000000000006,14,27f0617c3672f88ac7e75894bc5ec6751f8fdbbc5b2a2caab93816337558d3bf
300019,8,guided,32,0,0,1,1,-0.3200000000000001,0.5244000000000006,17,e34c3235dcbea6245ca51ebd56108b59fa6133b7c946fbab1b417daed5c194c8
300019,9,guided,32,0,0,1,1,-0.3200000000000001,0.5244000000000006,17,e34c3235dcbea6245ca51ebd56108b59fa6133b7c946fbab1b417daed5c194c8
300019,10,guided,32,0,0,1,1,-0.3200000000000001,0.5244000000000006,17,e34c3235dcbea6245ca51ebd56108b59fa6133b7c946fbab1b417daed5c194c8
300019,11,guided,32,0,0,1,1,-0.3200000000000001,0.5244000000000006,17,e34c3235dcbea6245ca51ebd56108b59fa6133b7c946fbab1b417daed5c194c8
300019,12,guided,32,0,0,1,1,-0.3200000000000001,0.5244000000000006,17,e34c3235dcbea6245ca51ebd56108b59fa6133b7c946fbab1b417daed5c194c8
300019,13,guided,32,0,0,1,1,-0.3200000000000001,0.5244000000000006,17,e34c3235dcbea6245ca51ebd56108b59fa6133b7c946fbab1b417daed5c194c8
300019,14,guided,32,0,0,1,1,-0.3200000000000001,0.5244000000000006,17,e34c3235dcbea6245ca51ebd56108b59fa6133b7c946fbab1b417daed5c194c8
300019,15,guided,32,0,0,1,1,-0.3200000000000001,0.5244000000000006,17,e34c3235dcbea6245ca51ebd56108b59fa6133b7c946fbab1b417daed5c194c8
300020,0,random,32,0,0,1,1,-0.3200000000000001,-0.007199999999999908,6,14ed4230cb0fb802f393ee4a0e3b6132a7e13e97036e6cf18ae6a89e5af0dfb4
300020,1,random,32,0,0,1,1,-0.3200000000000001,0.04080000000000006,8,f0688ffe5302b4ca3a6a7523377ccac60650d273a04e27239b2e9e8262d63c0a
300020,2,random,32,0,0,1,1,-0.3200000000000001,0.14160000000000028,11,1d362cd7b39ad1499e5acc89bbec23869bf3370d300cec512b943e309cb41150
300020,3,random,19,1,1,0,1,0.8099999999999999,1.0916000000000001,4,ae6e77383402471af8dcf6434cadb1c45bbaeaac1fde35d79d3bd0bde8efa2fa
300020,4,random,32,0,0,1,1,-0.3200000000000001,0.1260000000000002,10,dbf1967af4988be17bd8c7d61eac12b7468201af59c5393c6f9948dcc3bb38e1
300020,5,random,32,0,0,1,1,-0.3200000000000001,0.048000000000000154,10,79eeb7a05b32319bfc01946b48e919e70a33902c208ecb58f12beba29a7a8094
300020,6,random,18,1,1,0,1,0.82,1.0596,7,dbf106c3cc39fd14355e31f266a20ef2b2308095106aa3a12ab1c76f9861fbdf
300020,7,random,32,0,0,1,1,-0.3200000000000001,0.09000000000000025,8,e85e2daddb084f1b4dc5c2a8dc196a1c349fe2a0678c141c8f59e11631c5b7d7
300020,8,guided,18,1,1,0,1,0.82,1.0788000000000002,13,6449d996708470c2ac2ce4e0a6f02129aadba9ce03cf52ca5e38427736437084
300020,9,guided,18,1,1,0,1,0.82,1.0788000000000002,13,6449d996708470c2ac2ce4e0a6f02129aadba9ce03cf52ca5e38427736437084
300020,10,guided,18,1,1,0,1,0.82,1.0788000000000002,13,6449d996708470c2ac2ce4e0a6f02129aadba9ce03cf52ca5e38427736437084
300020,11,guided,18,1,1,0,1,0.82,1.0788000000000002,13,6449d996708470c2ac2ce4e0a6f02129aadba9ce03cf52ca5e38427736437084
300020,12,guided,18,1,1,0,1,0.82,1.0788000000000002,13,6449d996708470c2ac2ce4e0a6f02129aadba9ce03cf52ca5e38427736437084
300020,13,guided,18,1,1,0,1,0.82,1.0788000000000002,13,6449d996708470c2ac2ce4e0a6f02129aadba9ce03cf52ca5e38427736437084
300020,14,guided,18,1,1,0,1,0.82,1.0788000000000002,13,6449d996708470c2ac2ce4e0a6f02129aadba9ce03cf52ca5e38427736437084
300020,15,guided,18,1,1,0,1,0.82,1.0788000000000002,13,6449d996708470c2ac2ce4e0a6f02129aadba9ce03cf52ca5e38427736437084
300021,0,random,32,0,0,1,1,-0.3200000000000001,-0.030399999999999913,13,34a4164721f13963c9bb8144fb731c55994ce075041ecda9444f14710d055b1d
300021,1,random,20,1,1,0,1,0.7999999999999999,1.0176,4,ceac93fbb76a9fb4bee59a9791ae8e11a087e047926dd1d973145235f05c53e2
300021,2,random,32,0,0,1,1,-0.3200000000000001,-0.030399999999999885,4,42e985cbc3014c570105953fe13c6bd07b9d672eb363cf1420586fd3131405ea
300021,3,random,32,0,0,1,1,-0.3200000000000001,0.015200000000000158,3,6148bb70ba11f0e8fdc1edb2347d1aa0d1a76581c00cf41c4f9f9af6e597c289
300021,4,random,32,0,0,1,1,-0.3200000000000001,-0.03999999999999991,9,56230d02c9ad1ec75c5607ea1b3adccbe2bc45f195953a0cb58cb884c1abeee4
300021,5,random,15,1,1,0,1,0.85,1.076,1,b2c3ab3406dd658a27a8f9dd5a68a0f889b9040360341685bf552ea9851b0df9
300021,6,random,32,0,0,1,1,-0.3200000000000001,-0.0459999999999999,10,7a1fd7d6727abb69adfe8ffabe6047c56d93118ee0e343b37479fdde04e13ce2
300021,7,random,32,0,0,1,1,-0.3200000000000001,-0.014799999999999834,8,c25ff3ca2c959850c729fe9bd08c67504a48a31a24b280231066710651a62300
300021,8,guided,4,1,1,0,1,0.96,1.1272,0,6d74ebbccc6e6a832e0767bba2856f152f929f61ce3d1e6f9faeb7df6493ccb6
300021,9,guided,4,1,1,0,1,0.96,1.1272,0,6d74ebbccc6e6a832e0767bba2856f152f929f61ce3d1e6f9faeb7df6493ccb6
300021,10,guided,4,1,1,0,1,0.96,1.1272,0,6d74ebbccc6e6a832e0767bba2856f152f929f61ce3d1e6f9faeb7df6493ccb6
300021,11,guided,4,1,1,0,1,0.96,1.1272,0,6d74ebbccc6e6a832e0767bba2856f152f929f61ce3d1e6f9faeb7df6493ccb6
300021,12,guided,4,1,1,0,1,0.96,1.1272,0,6d74ebbccc6e6a832e0767bba2856f152f929f61ce3d1e6f9faeb7df6493ccb6
300021,13,guided,4,1,1,0,1,0.96,1.1272,0,6d74ebbccc6e6a832e0767bba2856f152f929f61ce3d1e6f9faeb7df6493ccb6
300021,14,guided,4,1,1,0,1,0.96,1.1272,0,6d74ebbccc6e6a832e0767bba2856f152f929f61ce3d1e6f9faeb7df6493ccb6
300021,15,guided,4,1,1,0,1,0.96,1.1272,0,6d74ebbccc6e6a832e0767bba2856f152f929f61ce3d1e6f9faeb7df6493ccb6
300022,0,random,18,1,1,0,1,0.82,1.0,7,fa456503765c28d6d81adb101a149f807a913df98cec4b82b85869f0377a76c4
300022,1,random,4,1,1,0,1,0.96,1.0872,1,fad2329d10fe416e07676eee4c517143dcf197796158468f22b0468982be5057
300022,2,random,32,0,0,1,1,-0.3200000000000001,-0.06919999999999983,10,46a9a342901759ae9b0671b7b3391339fe6c6d5fc9666f8e28e1e7568ee275b4
300022,3,random,20,1,1,0,1,0.7999999999999999,0.9884000000000001,5,d7898659f26f27869edf2df58ba112e4c4c03c041f023b60bd7eac138a49d878
300022,4,random,3,1,1,0,1,0.97,1.0936,0,8e707532e72f5be059f20e484c55f0687c201a8a90966fe8ab3f0b4f599ab2eb
300022,5,random,16,1,1,0,1,0.84,0.9972000000000001,3,5e08784ec4d1147fc90f224d85cdabd1d1ed71be8213ff27423e4f07a6cf3fe6
300022,6,random,32,0,0,1,1,-0.3200000000000001,-0.10759999999999997,10,1eec5149c480e7f4302941ce2030976ace73dc24754807adf3cf200a4e8a2672
300022,7,random,7,1,1,0,1,0.9299999999999999,1.0644,2,96ee235411b5ae3eee59338126be8cf21489ae78745984c1e7b3c687c30d1589
300022,8,guided,3,1,1,0,1,0.97,1.0936,0,8e707532e72f5be059f20e484c55f0687c201a8a90966fe8ab3f0b4f599ab2eb
300022,9,guided,3,1,1,0,1,0.97,1.0936,0,8e707532e72f5be059f20e484c55f0687c201a8a90966fe8ab3f0b4f599ab2eb
300022,10,guided,3,1,1,0,1,0.97,1.0936,0,8e707532e72f5be059f20e484c55f0687c201a8a90966fe8ab3f0b4f599ab2eb
300022,11,guided,3,1,1,0,1,0.97,1.0936,0,8e707532e72f5be059f20e484c55f0687c201a8a90966fe8ab3f0b4f599ab2eb
300022,12,guided,3,1,1,0,1,0.97,1.0936,0,8e707532e72f5be059f20e484c55f0687c201a8a90966fe8ab3f0b4f599ab2eb
300022,13,guided,3,1,1,0,1,0.97,1.0936,0,8e707532e72f5be059f20e484c55f0687c201a8a90966fe8ab3f0b4f599ab2eb
300022,14,guided,3,1,1,0,1,0.97,1.0936,0,8e707532e72f5be059f20e484c55f0687c201a8a90966fe8ab3f0b4f599ab2eb
300022,15,guided,3,1,1,0,1,0.97,1.0936,0,8e707532e72f5be059f20e484c55f0687c201a8a90966fe8ab3f0b4f599ab2eb
300023,0,random,32,0,0,1,1,-0.3200000000000001,-0.03679999999999972,13,2dc289cebf5360e55e4826250dfe818611215d267b6f4b11b7081917140c47c0
300023,1,random,30,1,1,0,1,0.7,0.9688000000000001,11,992d78196abaca0b9df685bebf1cf8787fe7b12c4f6714fafcea3a482578ccea
300023,2,random,32,0,0,1,1,-0.3200000000000001,-0.04759999999999982,12,dc967b735bec59948024458822b36a5b1914fd33b168964e5fda105241a52911
300023,3,random,32,0,0,1,1,-0.3200000000000001,-0.037999999999999826,9,5026eca47c5aaab5e60e17561d9c4865e741277e74500389e538d34c1ccc7316
300023,4,random,32,0,0,1,1,-0.3200000000000001,-0.09079999999999994,12,90bf951f8cdf83b75123d5828c3ced2e2c9326a0197bc2e197a17abe34059911
300023,5,random,13,1,1,0,1,0.87,1.0248,4,54b75df1d3b79969187e4c35289d4bb2c8552e0e01230dc84a66fd1290b976b0
300023,6,random,32,0,0,1,1,-0.3200000000000001,-0.05479999999999985,14,ce882233ceca38a53eeef5eb8bc1d38d148cd42165e89c4a9e1d8cb957bd137b
300023,7,random,32,0,0,1,1,-0.3200000000000001,-0.04159999999999989,9,08365d976a1b92a12cc8464b9782d7a4aacffe48c50e5894623f5e6dca6d88c1
300023,8,guided,3,1,1,0,1,0.97,1.0936,0,a2c990fd504aec8b76289c14166f86b84abd7211990807982678c54b21f6625f
300023,9,guided,3,1,1,0,1,0.97,1.0936,0,a2c990fd504aec8b76289c14166f86b84abd7211990807982678c54b21f6625f
300023,10,guided,3,1,1,0,1,0.97,1.0936,0,a2c990fd504aec8b76289c14166f86b84abd7211990807982678c54b21f6625f
300023,11,guided,3,1,1,0,1,0.97,1.0936,0,a2c990fd504aec8b76289c14166f86b84abd7211990807982678c54b21f6625f
300023,12,guided,3,1,1,0,1,0.97,1.0936,0,a2c990fd504aec8b76289c14166f86b84abd7211990807982678c54b21f6625f
300023,13,guided,3,1,1,0,1,0.97,1.0936,0,a2c990fd504aec8b76289c14166f86b84abd7211990807982678c54b21f6625f
300023,14,guided,3,1,1,0,1,0.97,1.0936,0,a2c990fd504aec8b76289c14166f86b84abd7211990807982678c54b21f6625f
300023,15,guided,3,1,1,0,1,0.97,1.0936,0,a2c990fd504aec8b76289c14166f86b84abd7211990807982678c54b21f6625f
300024,0,random,22,1,1,0,1,0.7799999999999999,1.0132,6,482ff9e564a3f60bd0a12e01e239ae935b48559537b2149be951d11b12141335
300024,1,random,6,1,1,0,1,0.94,1.1156000000000001,2,baba56f0bfa82789ec3635b981e8d8918827193c1c12df6b1bf7c92a91acb526
300024,2,random,32,0,0,1,1,-0.3200000000000001,0.02600000000000008,13,967f91573a400aa6c7b408ca80f5970faca7a71c77f9e1a1aeb8687c087574f8
300024,3,random,32,0,0,1,1,-0.3200000000000001,0.038000000000000284,10,0cf771b08d851c41e1f0f5149a246100d72cb90379d7d19c9e971b5a5719afa0
300024,4,random,32,0,0,1,1,-0.3200000000000001,-0.06279999999999993,10,c1ab59468948607eed5774f04ff27bd8ba4504a1d21be2ac0379528cd8970b45
300024,5,random,14,1,1,0,1,0.86,1.056,6,5b3117b3feee2dab491e3b3f8dae236b6cca70cfa8a8a499515d44c7c666f39a
300024,6,random,27,1,1,0,1,0.73,1.0148000000000001,9,e676d1f07ce71bf6f8cecba1bdaab9e0b3bcfd2e1ff08d4ea263cdf47a9b8b60
300024,7,random,32,0,0,1,1,-0.3200000000000001,0.028400000000000147,20,16f567809756c0491716ac026402dd136ab29f8ee08f8d55e951df364083cfec
300024,8,guided,4,1,1,0,1,0.96,1.1272,0,7bb5c6d4dbae3316e913018890f99bb2b91950edce92cfe3260f82a647ce030e
300024,9,guided,4,1,1,0,1,0.96,1.1272,0,7bb5c6d4dbae3316e913018890f99bb2b91950edce92cfe3260f82a647ce030e
300024,10,guided,4,1,1,0,1,0.96,1.1272,0,7bb5c6d4dbae3316e913018890f99bb2b91950edce92cfe3260f82a647ce030e
300024,11,guided,4,1,1,0,1,0.96,1.1272,0,7bb5c6d4dbae3316e913018890f99bb2b91950edce92cfe3260f82a647ce030e
300024,12,guided,4,1,1,0,1,0.96,1.1272,0,7bb5c6d4dbae3316e913018890f99bb2b91950edce92cfe3260f82a647ce030e
300024,13,guided,4,1,1,0,1,0.96,1.1272,0,7bb5c6d4dbae3316e913018890f99bb2b91950edce92cfe3260f82a647ce030e
300024,14,guided,4,1,1,0,1,0.96,1.1272,0,7bb5c6d4dbae3316e913018890f99bb2b91950edce92cfe3260f82a647ce030e
300024,15,guided,4,1,1,0,1,0.96,1.1272,0,7bb5c6d4dbae3316e913018890f99bb2b91950edce92cfe3260f82a647ce030e
300025,0,random,32,0,0,1,1,-0.3200000000000001,0.18080000000000016,12,45cfe6969a91f1623cd9dc5edbd661349f5d2592367e961d2f14fa1243b65ea0
300025,1,random,32,0,0,1,1,-0.3200000000000001,0.23480000000000023,20,e7143cf940e50d7955e0c2a08ecf6458b4da946a2b7f1b14656deca06796ecf0
300025,2,random,32,0,0,1,1,-0.3200000000000001,0.17000000000000018,13,9edf2c8e4322136fc3515b734e22ee8db8387ecaa9660b404a2f92344eff03a1
300025,3,random,32,0,0,1,1,-0.3200000000000001,0.13880000000000015,9,6d301e5f0cf7e6da92d5489a74a4e6a8ffd58a05cda010b53d4063894aa79e6f
300025,4,random,32,0,0,1,1,-0.3200000000000001,0.2516000000000003,22,65b185097808c60a84cd663623d45d6c9ce90b47551912ddd785df625156e7d0
300025,5,random,32,0,0,1,1,-0.3200000000000001,0.2504000000000003,25,ac6ac59092c3e34e2591eab0ed07565f586a055b10123bf90416ae3790407a47
300025,6,random,32,0,0,1,1,-0.3200000000000001,0.21800000000000022,15,9548d069207a3bb62f0e5059367c12b04ed08580d092d8b7925f6c974530a42d
300025,7,random,32,0,0,1,1,-0.3200000000000001,0.24560000000000026,21,a9ad126b3102bd7f8e477dc89b195227043fc1337b1440c6649eee4ac0bda60c
300025,8,guided,32,0,0,1,1,-0.3200000000000001,0.25760000000000033,31,0009150d2188f774c52f3fae75b989ef4bc400c043dc419c597db6783e8e9af3
300025,9,guided,32,0,0,1,1,-0.3200000000000001,0.25760000000000033,31,0009150d2188f774c52f3fae75b989ef4bc400c043dc419c597db6783e8e9af3
300025,10,guided,32,0,0,1,1,-0.3200000000000001,0.25760000000000033,31,0009150d2188f774c52f3fae75b989ef4bc400c043dc419c597db6783e8e9af3
300025,11,guided,32,0,0,1,1,-0.3200000000000001,0.25760000000000033,31,0009150d2188f774c52f3fae75b989ef4bc400c043dc419c597db6783e8e9af3
300025,12,guided,32,0,0,1,1,-0.3200000000000001,0.25760000000000033,31,0009150d2188f774c52f3fae75b989ef4bc400c043dc419c597db6783e8e9af3
300025,13,guided,32,0,0,1,1,-0.3200000000000001,0.25760000000000033,31,0009150d2188f774c52f3fae75b989ef4bc400c043dc419c597db6783e8e9af3
300025,14,guided,32,0,0,1,1,-0.3200000000000001,0.25760000000000033,31,0009150d2188f774c52f3fae75b989ef4bc400c043dc419c597db6783e8e9af3
300025,15,guided,32,0,0,1,1,-0.3200000000000001,0.25760000000000033,31,0009150d2188f774c52f3fae75b989ef4bc400c043dc419c597db6783e8e9af3
300026,0,random,32,0,0,1,1,-0.3200000000000001,0.013200000000000114,7,d08963f0aafd268b635a810495e2dfbb520b9c010320c98e3cf4bfe0d3b845e5
300026,1,random,32,0,0,1,1,-0.3200000000000001,-0.008399999999999908,4,3cf35f8a72547ad34365cf66e6043b014a3195579687df45a238679f8ce4acdc
300026,2,random,29,1,1,0,1,0.71,1.0168000000000001,4,90cfb08404d32f8e85334ba09a84e3b708174636e66c706641f7eb2c249066ed
300026,3,random,32,0,0,1,1,-0.3200000000000001,0.037200000000000136,13,0fa69c2efa5b3e6cae03486e0aa6d85133c0708ad1f03f9e8dffd2135fb0494e
300026,4,random,31,1,1,0,1,0.69,1.0088000000000001,8,c665981ef32660eae6053e5b41bfce3b30c0e132ed3a99241309bb7f3d67e5e8
300026,5,random,21,1,1,0,1,0.7899999999999999,1.0464,8,1a08d679dae175043e4971599b8ab28daea84450f44fb9566b9f76e4f0c60d37
300026,6,random,14,1,1,0,1,0.86,1.102,5,7fc4c18b3beab09b201625fd2205642ba17178e4c5bde499256d4045d6ed4720
300026,7,random,27,1,1,0,1,0.73,1.032,8,fb37219d64f3fe88b1d0539986d65ba7cecedf76880455961707d10c7bc02102
300026,8,guided,5,1,1,0,1,0.95,1.162,0,1af370736e5cc0e7e55ea01ce9f8152902fb8b65ed26f67cc8181ad0542af1f2
300026,9,guided,5,1,1,0,1,0.95,1.162,0,1af370736e5cc0e7e55ea01ce9f8152902fb8b65ed26f67cc8181ad0542af1f2
300026,10,guided,5,1,1,0,1,0.95,1.162,0,1af370736e5cc0e7e55ea01ce9f8152902fb8b65ed26f67cc8181ad0542af1f2
300026,11,guided,5,1,1,0,1,0.95,1.162,0,1af370736e5cc0e7e55ea01ce9f8152902fb8b65ed26f67cc8181ad0542af1f2
300026,12,guided,5,1,1,0,1,0.95,1.162,0,1af370736e5cc0e7e55ea01ce9f8152902fb8b65ed26f67cc8181ad0542af1f2
300026,13,guided,5,1,1,0,1,0.95,1.162,0,1af370736e5cc0e7e55ea01ce9f8152902fb8b65ed26f67cc8181ad0542af1f2
300026,14,guided,5,1,1,0,1,0.95,1.162,0,1af370736e5cc0e7e55ea01ce9f8152902fb8b65ed26f67cc8181ad0542af1f2
300026,15,guided,5,1,1,0,1,0.95,1.162,0,1af370736e5cc0e7e55ea01ce9f8152902fb8b65ed26f67cc8181ad0542af1f2
300027,0,random,32,0,0,1,1,-0.3200000000000001,-0.048399999999999874,19,ad6a5640bc131773128af63a7a6bcecbe281c5b474cdcc11c033c882931a61f2
300027,1,random,32,0,0,1,1,-0.3200000000000001,-0.0375999999999999,13,08e24c943b949e7085b2904e2f02c9f9d9737aecbaefd85bf5b272a85133b51d
300027,2,random,32,0,0,1,1,-0.3200000000000001,-0.05679999999999989,9,6464ab5c1e216fb466f3f941cfafc82aec09a4009bac28573fbf6014d4eafc50
300027,3,random,32,0,0,1,1,-0.3200000000000001,-0.06159999999999992,10,51c1ddf58ac4cb8caa2c95446d7d6e5389622eb9d6f27b34fb2f3dade8ee426d
300027,4,random,32,0,0,1,1,-0.3200000000000001,-0.03639999999999985,11,8ea9ccbf6d685b0231ea8a5f03ee2e7155241076ca25dd0ddc93d51282cf4c5a
300027,5,random,23,1,1,0,1,0.7699999999999999,0.9768000000000001,13,c0d5efeb03fa444a5c88956b3e0fcfad7a527fcfb313f22718c8757af61fcd57
300027,6,random,32,1,1,0,1,0.6799999999999999,0.9516000000000001,12,a7aca5ba2040f2ea0868ac2610f9b3e6e28d79106be0af821a16da5d02113673
300027,7,random,32,0,0,1,1,-0.3200000000000001,-0.07839999999999991,14,03c982d89a1e794263eebf464aa03b981458f7a4a51ab64f5eaf437eed0b842e
300027,8,guided,4,1,1,0,1,0.96,1.1272,0,38d2aad7d31e7cd853702650ec7b566a8f68cd6653d16d5961e5521d39197d39
300027,9,guided,4,1,1,0,1,0.96,1.1272,0,38d2aad7d31e7cd853702650ec7b566a8f68cd6653d16d5961e5521d39197d39
300027,10,guided,4,1,1,0,1,0.96,1.1272,0,38d2aad7d31e7cd853702650ec7b566a8f68cd6653d16d5961e5521d39197d39
300027,11,guided,4,1,1,0,1,0.96,1.1272,0,38d2aad7d31e7cd853702650ec7b566a8f68cd6653d16d5961e5521d39197d39
300027,12,guided,4,1,1,0,1,0.96,1.1272,0,38d2aad7d31e7cd853702650ec7b566a8f68cd6653d16d5961e5521d39197d39
300027,13,guided,4,1,1,0,1,0.96,1.1272,0,38d2aad7d31e7cd853702650ec7b566a8f68cd6653d16d5961e5521d39197d39
300027,14,guided,4,1,1,0,1,0.96,1.1272,0,38d2aad7d31e7cd853702650ec7b566a8f68cd6653d16d5961e5521d39197d39
300027,15,guided,4,1,1,0,1,0.96,1.1272,0,38d2aad7d31e7cd853702650ec7b566a8f68cd6653d16d5961e5521d39197d39
300028,0,random,32,0,0,1,1,-0.3200000000000001,-0.10319999999999985,10,4800395f36e4eee64f8547be6ee7c5ca3038d4316688488dbf4f8fec1a30aecd
300028,1,random,32,0,0,1,1,-0.3200000000000001,-0.11159999999999975,20,ca6f1ada42468b90ab74b71f5b8f594d596bcc387b695d0512108322a35b5f3c
300028,2,random,32,0,0,1,1,-0.3200000000000001,-0.15959999999999996,11,5f0ba5ae6c49fe6125d9a3e6113001c1546d3a6ab877e0faa62efd3e49116efa
300028,3,random,23,1,1,0,1,0.7699999999999999,0.9256000000000001,3,11088cbb4f8a6a47592c48972f8cb63fdd124191ea25fbbd35c6a869d80e389b
300028,4,random,12,1,1,0,1,0.88,0.9792000000000001,2,3eabd564d8ed35bebc6f7b8a07407f5dc2a354c65aaad7b5197576d202540de4
300028,5,random,11,1,1,0,1,0.89,0.9904000000000001,3,e2cf0f7a217c872b5b891290c61a1be21a30e174ee58296456884229bdf750a2
300028,6,random,32,0,0,1,1,-0.3200000000000001,-0.13679999999999998,5,8a42d8c8bd21845681301f7f50948bc8921f74740308d0be0924225c84c3dd1e
300028,7,random,32,0,0,1,1,-0.3200000000000001,-0.12359999999999993,13,3d37608ae39561718a15cd7f3bbe991f99755dc69d773efa5305dc5253fe06ba
300028,8,guided,2,1,1,0,1,0.98,1.0612,0,e9631e1c245ec45339814e0448fc58c1acf0ef9e788b5f6f6ebc702c1aad2958
300028,9,guided,2,1,1,0,1,0.98,1.0612,0,e9631e1c245ec45339814e0448fc58c1acf0ef9e788b5f6f6ebc702c1aad2958
300028,10,guided,2,1,1,0,1,0.98,1.0612,0,e9631e1c245ec45339814e0448fc58c1acf0ef9e788b5f6f6ebc702c1aad2958
300028,11,guided,2,1,1,0,1,0.98,1.0612,0,e9631e1c245ec45339814e0448fc58c1acf0ef9e788b5f6f6ebc702c1aad2958
300028,12,guided,2,1,1,0,1,0.98,1.0612,0,e9631e1c245ec45339814e0448fc58c1acf0ef9e788b5f6f6ebc702c1aad2958
300028,13,guided,2,1,1,0,1,0.98,1.0612,0,e9631e1c245ec45339814e0448fc58c1acf0ef9e788b5f6f6ebc702c1aad2958
300028,14,guided,2,1,1,0,1,0.98,1.0612,0,e9631e1c245ec45339814e0448fc58c1acf0ef9e788b5f6f6ebc702c1aad2958
300028,15,guided,2,1,1,0,1,0.98,1.0612,0,e9631e1c245ec45339814e0448fc58c1acf0ef9e788b5f6f6ebc702c1aad2958
300029,0,random,32,0,0,1,1,-0.3200000000000001,0.024800000000000155,10,b29935b4961fad9c29100de7d32fe7066f97520474394e710dddfe4c9a87a411
300029,1,random,32,0,0,1,1,-0.3200000000000001,-0.0435999999999999,12,536223b30293698219b9cf31031dc0645e6ce07e97bcf44d8596e28ea3078325
300029,2,random,32,0,0,1,1,-0.3200000000000001,-0.02799999999999983,8,a8445dd1e48148585df33c234be40ab12ffcd4dd38a385aa013bf9cae63e5cdb
300029,3,random,32,0,0,1,1,-0.3200000000000001,0.01160000000000018,8,14998b1669a0d82b4a2fef13171929b25c09da11236a4fd86409a55b52b5390a
300029,4,random,32,0,0,1,1,-0.3200000000000001,0.05480000000000021,10,d44a066975f3069f0bce0331aa0227a6eea5e276598b06e83bebfb2efda5beae
300029,5,random,32,0,0,1,1,-0.3200000000000001,0.010400000000000159,6,42ae2a171be1bc1d957317c1338ab3a0b9833881e843adc113b473a1f3391c12
300029,6,random,32,0,0,1,1,-0.3200000000000001,0.01520000000000013,10,70632bf68e48b6582592e50ef46a6e52a6e2d49a1c9dce45bc7869a188e45673
300029,7,random,32,0,0,1,1,-0.3200000000000001,0.0656000000000003,10,2d7dcada8969142367d4192eea8ca9c008ae4b172106a513bf3dde9e75da539f
300029,8,guided,4,1,1,0,1,0.96,1.1272,0,d367b7ade008257c4a91c7a0f96fe17a2ce29e7a73eabd6be1479d9ab8096572
300029,9,guided,4,1,1,0,1,0.96,1.1272,0,d367b7ade008257c4a91c7a0f96fe17a2ce29e7a73eabd6be1479d9ab8096572
300029,10,guided,4,1,1,0,1,0.96,1.1272,0,d367b7ade008257c4a91c7a0f96fe17a2ce29e7a73eabd6be1479d9ab8096572
300029,11,guided,4,1,1,0,1,0.96,1.1272,0,d367b7ade008257c4a91c7a0f96fe17a2ce29e7a73eabd6be1479d9ab8096572
300029,12,guided,4,1,1,0,1,0.96,1.1272,0,d367b7ade008257c4a91c7a0f96fe17a2ce29e7a73eabd6be1479d9ab8096572
300029,13,guided,4,1,1,0,1,0.96,1.1272,0,d367b7ade008257c4a91c7a0f96fe17a2ce29e7a73eabd6be1479d9ab8096572
300029,14,guided,4,1,1,0,1,0.96,1.1272,0,d367b7ade008257c4a91c7a0f96fe17a2ce29e7a73eabd6be1479d9ab8096572
300029,15,guided,4,1,1,0,1,0.96,1.1272,0,d367b7ade008257c4a91c7a0f96fe17a2ce29e7a73eabd6be1479d9ab8096572
300030,0,random,5,1,1,0,1,0.95,0.9984000000000001,2,4efbd912138738f76dfc7cee0cab839fea19de5258587392bc1312a82692ec5a
300030,1,random,1,1,1,0,1,0.99,1.03,0,801a27b3fb343d185ad7c1eb03658c3b02f370b70edee2067584da2f235551ac
300030,2,random,7,1,1,0,1,0.9299999999999999,0.9808,2,f4a3ea406f466881ec9734819f0bade625b4499c41819eaee0f5ff2bc7a37314
300030,3,random,4,1,1,0,1,0.96,1.0048000000000001,1,40b0b61afb7bedfa3daafcc6c7fc60de2c3856ef98733f9adc80594cbae1ce88
300030,4,random,2,1,1,0,1,0.98,1.0212,1,37ff5473370745cb1a282a7502df160d4b20f9d342ae682505095f3955779a73
300030,5,random,10,1,1,0,1,0.9,0.9592,5,c6bd84b800c94cc12bf30e17ed7d7a6331d2a6cb8c942db8f1e05e24ea55fd65
300030,6,random,11,1,1,0,1,0.89,0.9492,4,0451de24155d97743d7c2e4a5766dff67ec4f94aa71f3bb240ac8626843662a2
300030,7,random,1,1,1,0,1,0.99,1.03,0,801a27b3fb343d185ad7c1eb03658c3b02f370b70edee2067584da2f235551ac
300030,8,guided,1,1,1,0,1,0.99,1.03,0,801a27b3fb343d185ad7c1eb03658c3b02f370b70edee2067584da2f235551ac
300030,9,guided,1,1,1,0,1,0.99,1.03,0,801a27b3fb343d185ad7c1eb03658c3b02f370b70edee2067584da2f235551ac
300030,10,guided,1,1,1,0,1,0.99,1.03,0,801a27b3fb343d185ad7c1eb03658c3b02f370b70edee2067584da2f235551ac
300030,11,guided,1,1,1,0,1,0.99,1.03,0,801a27b3fb343d185ad7c1eb03658c3b02f370b70edee2067584da2f235551ac
300030,12,guided,1,1,1,0,1,0.99,1.03,0,801a27b3fb343d185ad7c1eb03658c3b02f370b70edee2067584da2f235551ac
300030,13,guided,1,1,1,0,1,0.99,1.03,0,801a27b3fb343d185ad7c1eb03658c3b02f370b70edee2067584da2f235551ac
300030,14,guided,1,1,1,0,1,0.99,1.03,0,801a27b3fb343d185ad7c1eb03658c3b02f370b70edee2067584da2f235551ac
300030,15,guided,1,1,1,0,1,0.99,1.03,0,801a27b3fb343d185ad7c1eb03658c3b02f370b70edee2067584da2f235551ac
300031,0,random,8,1,1,0,1,0.9199999999999999,0.9684,7,d7e67ac7524aef84711034bf9ea59d31676bd7ceb136ed42fc0d97857910a427
300031,1,random,2,1,1,0,1,0.98,1.0212,1,16027095d658f78b28df8d015936c77266e10242257b9ae69b281242644a5828
300031,2,random,1,1,1,0,1,0.99,1.03,0,474be0b855fca2385c28b40c8a89d79672ffba2dbfbdf7f843385f3adc9e0bad
300031,3,random,1,1,1,0,1,0.99,1.03,0,474be0b855fca2385c28b40c8a89d79672ffba2dbfbdf7f843385f3adc9e0bad
300031,4,random,4,1,1,0,1,0.96,1.0036,3,d461c9d4ad43a2355dbc8ed57f5fa457486f08a2f5a49722b51282726e831733
300031,5,random,2,1,1,0,1,0.98,1.0212,1,982fa0e53c409a16ab27ea00826c1cb4d8c3fca826d066df0b1aa1805890dca4
300031,6,random,2,1,1,0,1,0.98,1.0212,1,f89d9435d2ac4fbe6806f2ad643a8f07fc9fa996c64a4b84cf73abfef1e68ed8
300031,7,random,1,1,1,0,1,0.99,1.03,0,474be0b855fca2385c28b40c8a89d79672ffba2dbfbdf7f843385f3adc9e0bad
300031,8,guided,10,1,1,0,1,0.9,0.9508,9,b580c7367cd90425a84700fcda4a2329c53abb982cce72bf2aa5609c1a74bf25
300031,9,guided,10,1,1,0,1,0.9,0.9508,9,b580c7367cd90425a84700fcda4a2329c53abb982cce72bf2aa5609c1a74bf25
300031,10,guided,10,1,1,0,1,0.9,0.9508,9,b580c7367cd90425a84700fcda4a2329c53abb982cce72bf2aa5609c1a74bf25
300031,11,guided,10,1,1,0,1,0.9,0.9508,9,b580c7367cd90425a84700fcda4a2329c53abb982cce72bf2aa5609c1a74bf25
300031,12,guided,10,1,1,0,1,0.9,0.9508,9,b580c7367cd90425a84700fcda4a2329c53abb982cce72bf2aa5609c1a74bf25
300031,13,guided,10,1,1,0,1,0.9,0.9508,9,b580c7367cd90425a84700fcda4a2329c53abb982cce72bf2aa5609c1a74bf25
300031,14,guided,10,1,1,0,1,0.9,0.9508,9,b580c7367cd90425a84700fcda4a2329c53abb982cce72bf2aa5609c1a74bf25
300031,15,guided,10,1,1,0,1,0.9,0.9508,9,b580c7367cd90425a84700fcda4a2329c53abb982cce72bf2aa5609c1a74bf25
300032,0,random,32,0,0,1,1,-0.3200000000000001,0.011600000000000193,12,8210c04e67b8d108a8e0ed7be054bb726abf7e3397b623b10ab1c6db62c41620
300032,1,random,32,0,0,1,1,-0.3200000000000001,0.00560000000000016,7,f23bc3fc8ad85f28c609df0fb9c430756c5789e0c05613b74b46aa476980175f
300032,2,random,20,1,1,0,1,0.7999999999999999,1.0164,8,dd070536d9b311635e43dac3087b1f7efc904c34d9967c816cd10dbb17b997f6
300032,3,random,30,1,1,0,1,0.7,1.0004000000000002,14,0e3956c2290da18d22a8104308696f186622ac1f2df6d78a4bca0b7139512634
300032,4,random,32,0,0,1,1,-0.3200000000000001,0.08600000000000033,7,5ed87f1dfb59615ae835d358dc6d27f8110a363566f073cb1b662fd087193f37
300032,5,random,32,0,0,1,1,-0.3200000000000001,0.042800000000000116,9,9e924281faf1862aa8428efdbd6fa2a81ecf4342931c65ccc039a97645ef8879
300032,6,random,14,1,1,0,1,0.86,1.0512000000000001,6,4a4fe3fd48fa21e50b8e80ef213a9e6abfdca160e6f7d70a94d33f5f3e237585
300032,7,random,32,0,0,1,1,-0.3200000000000001,0.0704000000000003,3,ed9f2892c4da19947d40f8508701fafc62c8caac817f8a9b1e9aa0f11c3f8dbd
300032,8,guided,4,1,1,0,1,0.96,1.1272,0,8c4b0b5cffa85030cd7038b43c57963599401f0aace00932c702b1db02074661
300032,9,guided,4,1,1,0,1,0.96,1.1272,0,8c4b0b5cffa85030cd7038b43c57963599401f0aace00932c702b1db02074661
300032,10,guided,4,1,1,0,1,0.96,1.1272,0,8c4b0b5cffa85030cd7038b43c57963599401f0aace00932c702b1db02074661
300032,11,guided,4,1,1,0,1,0.96,1.1272,0,8c4b0b5cffa85030cd7038b43c57963599401f0aace00932c702b1db02074661
300032,12,guided,4,1,1,0,1,0.96,1.1272,0,8c4b0b5cffa85030cd7038b43c57963599401f0aace00932c702b1db02074661
300032,13,guided,4,1,1,0,1,0.96,1.1272,0,8c4b0b5cffa85030cd7038b43c57963599401f0aace00932c702b1db02074661
300032,14,guided,4,1,1,0,1,0.96,1.1272,0,8c4b0b5cffa85030cd7038b43c57963599401f0aace00932c702b1db02074661
300032,15,guided,4,1,1,0,1,0.96,1.1272,0,8c4b0b5cffa85030cd7038b43c57963599401f0aace00932c702b1db02074661
300033,0,random,32,0,0,1,1,-0.3200000000000001,0.045600000000000085,10,bf9b774326436010fbc18968aaee35fe33f707033ce928c5f8f646892ff0e328
300033,1,random,32,0,0,1,1,-0.3200000000000001,0.03600000000000016,13,11b8aab313052cfcfdb73c7cdf866ac1035063a5c1c6d0a172a56d2197c45df2
300033,2,random,16,1,1,0,1,0.84,1.1,1,88842ce8171be240f1e0bb6b286f6e607a400b56bdf9e1813e7f02bf5a3b7217
300033,3,random,32,0,0,1,1,-0.3200000000000001,0.03240000000000014,9,28a7ee7ac8acabab1f03bcc6bc7a1d418537efd9fc443d34e0a783fd5018b4cf
300033,4,random,30,1,1,0,1,0.7,1.0308000000000002,13,53c8fb573ed0fca99746f66b53a6e9ad41bdafae2f94ba1d7339cfa605f07c92
300033,5,random,32,0,0,1,1,-0.3200000000000001,0.1440000000000003,14,cef54f88c0c2b49fe370233d97411a04ce57ddfb9924b8cfa5adf751914f9f17
300033,6,random,32,0,0,1,1,-0.3200000000000001,0.027600000000000097,11,d3542e270702f73321fc6a63a2c5649bd540cadc78d803a13e7e6aef09f245ca
300033,7,random,32,0,0,1,1,-0.3200000000000001,0.028800000000000103,5,59ecef981616c85d8af029f2254582740dc13f29e39bdc4d841d56773521dfe0
300033,8,guided,5,1,1,0,1,0.95,1.162,0,740bb1d617f556adc9ac6f220a0a9b0e931ce4dc7ee2be6acfd9f789193b3d94
300033,9,guided,5,1,1,0,1,0.95,1.162,0,740bb1d617f556adc9ac6f220a0a9b0e931ce4dc7ee2be6acfd9f789193b3d94
300033,10,guided,5,1,1,0,1,0.95,1.162,0,740bb1d617f556adc9ac6f220a0a9b0e931ce4dc7ee2be6acfd9f789193b3d94
300033,11,guided,5,1,1,0,1,0.95,1.162,0,740bb1d617f556adc9ac6f220a0a9b0e931ce4dc7ee2be6acfd9f789193b3d94
300033,12,guided,5,1,1,0,1,0.95,1.162,0,740bb1d617f556adc9ac6f220a0a9b0e931ce4dc7ee2be6acfd9f789193b3d94
300033,13,guided,5,1,1,0,1,0.95,1.162,0,740bb1d617f556adc9ac6f220a0a9b0e931ce4dc7ee2be6acfd9f789193b3d94
300033,14,guided,5,1,1,0,1,0.95,1.162,0,740bb1d617f556adc9ac6f220a0a9b0e931ce4dc7ee2be6acfd9f789193b3d94
300033,15,guided,5,1,1,0,1,0.95,1.162,0,740bb1d617f556adc9ac6f220a0a9b0e931ce4dc7ee2be6acfd9f789193b3d94
300034,0,random,32,0,0,1,1,-0.3200000000000001,-0.0919999999999999,8,579ab55e5e6a47ea33743299aa44db0df173f6f61499ec95118fcd8a32489647
300034,1,random,30,1,1,0,1,0.7,0.904,7,87cbb98fbafd67eb027ac40df67dba44e2293a6d91023f6c6191de9f6521cbc7
300034,2,random,32,0,0,1,1,-0.3200000000000001,-0.09919999999999994,11,46d0e678e504b99b049b7e9c446ef4d5f7b6e5f6d3a02cf0a6b6678137d274ef
300034,3,random,10,1,1,0,1,0.9,1.0428,1,6f832c5d6706c9d0a2b907c0afe79dc9e43accdc71f931c907ef77d4884ebaa2
300034,4,random,30,1,1,0,1,0.7,0.8920000000000001,13,693f9fcd7635c2d5ee58bba5202e596e9dbd4d10e607f53e2f22cc0449a10241
300034,5,random,31,1,1,0,1,0.69,0.9096000000000001,4,4ed70260792f7a6a08b599f4662df94af8da5c06a7c4551c7fd4b023fee1156e
300034,6,random,4,1,1,0,1,0.96,1.0872,1,4b87a8118e84cb09eb9b62315765e7f31af2abc2617f069ecbf98120ad315c1c
300034,7,random,32,0,0,1,1,-0.3200000000000001,-0.08359999999999985,10,111431d181fcaa3dcd977651cbff96e5fe7bb3cd66dfb70ec16b46683c6e8287
300034,8,guided,5,1,1,0,1,0.95,1.0784,2,1d2580ea95bd038ae94c44935ce0e31ad0d833703644335349892b46d62f6bf8
300034,9,guided,5,1,1,0,1,0.95,1.0784,2,1d2580ea95bd038ae94c44935ce0e31ad0d833703644335349892b46d62f6bf8
300034,10,guided,5,1,1,0,1,0.95,1.0784,2,1d2580ea95bd038ae94c44935ce0e31ad0d833703644335349892b46d62f6bf8
300034,11,guided,5,1,1,0,1,0.95,1.0784,2,1d2580ea95bd038ae94c44935ce0e31ad0d833703644335349892b46d62f6bf8
300034,12,guided,5,1,1,0,1,0.95,1.0784,2,1d2580ea95bd038ae94c44935ce0e31ad0d833703644335349892b46d62f6bf8
300034,13,guided,5,1,1,0,1,0.95,1.0784,2,1d2580ea95bd038ae94c44935ce0e31ad0d833703644335349892b46d62f6bf8
300034,14,guided,5,1,1,0,1,0.95,1.0784,2,1d2580ea95bd038ae94c44935ce0e31ad0d833703644335349892b46d62f6bf8
300034,15,guided,5,1,1,0,1,0.95,1.0784,2,1d2580ea95bd038ae94c44935ce0e31ad0d833703644335349892b46d62f6bf8
300035,0,random,32,0,0,1,1,-0.3200000000000001,-0.009999999999999926,15,2282cdc702ebc5679316fea551c286cd183d9dbc67f553a0671934a59a9b1c7f
300035,1,random,32,0,0,1,1,-0.3200000000000001,-0.002799999999999886,17,d53fd0a80d4977a56a5a2114c7d5a3012fee4e19d29dcbf4f700546772fe6f7b
300035,2,random,4,1,1,0,1,0.96,1.1272,0,3528bbe29e02bfeb2315c0acb8e51938ce61b06c906588b7da240efa8ec9aeef
300035,3,random,32,0,0,1,1,-0.3200000000000001,-0.03159999999999989,17,8c1800807150e0b10e11c1eb4a3c4bbfaf68e0dfa726e784de65f9847051beb5
300035,4,random,32,0,0,1,1,-0.3200000000000001,-0.07359999999999994,13,009f846c1bdd381b585487e5036009d802d32e9140d5c57fcfeee9225b3e74c1
300035,5,random,32,0,0,1,1,-0.3200000000000001,-0.0663999999999999,8,2aa4f4a0df0e93137e0fad42f25f02638401446048ce0d5863bb45a42dd34f5f
300035,6,random,13,1,1,0,1,0.87,1.06,1,88814419785bab56d8fb232286d2715a5481b38c1c4a004d1c97a6c6a7dcdda7
300035,7,random,29,1,1,0,1,0.71,0.9684000000000001,9,9d4dae33e3c25ac81dc58d0f90d8abdaf4491bb3cc9a8123be1b1326b5ad0313
300035,8,guided,4,1,1,0,1,0.96,1.1272,0,78ca24e82a47c598c5aa4c199313b03093ef13327ea0ca6b9d4d40e8c9ff3d9e
300035,9,guided,4,1,1,0,1,0.96,1.1272,0,78ca24e82a47c598c5aa4c199313b03093ef13327ea0ca6b9d4d40e8c9ff3d9e
300035,10,guided,4,1,1,0,1,0.96,1.1272,0,78ca24e82a47c598c5aa4c199313b03093ef13327ea0ca6b9d4d40e8c9ff3d9e
300035,11,guided,4,1,1,0,1,0.96,1.1272,0,78ca24e82a47c598c5aa4c199313b03093ef13327ea0ca6b9d4d40e8c9ff3d9e
300035,12,guided,4,1,1,0,1,0.96,1.1272,0,78ca24e82a47c598c5aa4c199313b03093ef13327ea0ca6b9d4d40e8c9ff3d9e
300035,13,guided,4,1,1,0,1,0.96,1.1272,0,78ca24e82a47c598c5aa4c199313b03093ef13327ea0ca6b9d4d40e8c9ff3d9e
300035,14,guided,4,1,1,0,1,0.96,1.1272,0,78ca24e82a47c598c5aa4c199313b03093ef13327ea0ca6b9d4d40e8c9ff3d9e
300035,15,guided,4,1,1,0,1,0.96,1.1272,0,78ca24e82a47c598c5aa4c199313b03093ef13327ea0ca6b9d4d40e8c9ff3d9e
300036,0,random,32,0,0,1,1,-0.3200000000000001,-0.027999999999999907,6,59f15fa593bb53eb5b9cbd263f740ce5bf44cfedf30ba8096696c9ddef64b1de
300036,1,random,32,0,0,1,1,-0.3200000000000001,0.006800000000000195,7,1483609b0bf4f21f5c0789dc4ab9d86082a482cba95d3003326c41a84ee47564
300036,2,random,8,1,1,0,1,0.9199999999999999,1.1088,2,5099fcdc87e42be09d5143b1cc531c4be0f2bc7081baf1cf62431bc344ba785e
300036,3,random,32,0,0,1,1,-0.3200000000000001,0.006800000000000195,11,6fa23bcba7991546217cbd4b5f92371ae62f08cc77671540222367ef21bb2a95
300036,4,random,32,0,0,1,1,-0.3200000000000001,0.012800000000000145,11,eecba47c3409274147714f0e0b3dd45073ef6adf2b1739f6ba411b1d7f85610e
300036,5,random,32,0,0,1,1,-0.3200000000000001,0.011600000000000138,12,3297c963ee21b767956fadc9f43d36ceb211e50fedf37f43ea142154dad1fd30
300036,6,random,32,0,0,1,1,-0.3200000000000001,-0.014799999999999786,11,96957b46b2082661737c6f1568a3dc533eccd0964ceb40f5c7f79677caa8fe20
300036,7,random,32,0,0,1,1,-0.3200000000000001,-0.04959999999999995,6,4b77c7283a7cd159793e3ef9788b6fb2d8f1eb50ea06ba6e43b634136f92ba61
300036,8,guided,4,1,1,0,1,0.96,1.1272,0,f902480ff69bb430502e8317141d9bd4f095a6886d9626547041005b8a9d42bc
300036,9,guided,4,1,1,0,1,0.96,1.1272,0,f902480ff69bb430502e8317141d9bd4f095a6886d9626547041005b8a9d42bc
300036,10,guided,4,1,1,0,1,0.96,1.1272,0,f902480ff69bb430502e8317141d9bd4f095a6886d9626547041005b8a9d42bc
300036,11,guided,4,1,1,0,1,0.96,1.1272,0,f902480ff69bb430502e8317141d9bd4f095a6886d9626547041005b8a9d42bc
300036,12,guided,4,1,1,0,1,0.96,1.1272,0,f902480ff69bb430502e8317141d9bd4f095a6886d9626547041005b8a9d42bc
300036,13,guided,4,1,1,0,1,0.96,1.1272,0,f902480ff69bb430502e8317141d9bd4f095a6886d9626547041005b8a9d42bc
300036,14,guided,4,1,1,0,1,0.96,1.1272,0,f902480ff69bb430502e8317141d9bd4f095a6886d9626547041005b8a9d42bc
300036,15,guided,4,1,1,0,1,0.96,1.1272,0,f902480ff69bb430502e8317141d9bd4f095a6886d9626547041005b8a9d42bc
300037,0,random,32,0,0,1,1,-0.3200000000000001,0.1268000000000001,11,cff2c0d73b3bc0a15ae2156b016404ddcbe907e56871652dfdf8b32ea3683ec2
300037,1,random,32,0,0,1,1,-0.3200000000000001,0.18320000000000014,12,470ef0862caaa8f422f358c3826801e45b3268dc9f5a9fdf527b55d5233a0f4e
300037,2,random,32,0,0,1,1,-0.3200000000000001,0.13400000000000004,8,b1c0f8c894ceb32d5d051c94c5cc0349ce948e2b38c04ca79a1a3f3526f248e4
300037,3,random,32,0,0,1,1,-0.3200000000000001,0.20720000000000022,16,f27b0a211fb1ff7899b8bebaa0d088f5042d3aee391a060d6a25e26563067841
300037,4,random,32,0,0,1,1,-0.3200000000000001,0.14600000000000013,7,3f0fbed54b06d5892df9c162227daff9fedd50c7b619ad8a17355fcc5f9a9e7d
300037,5,random,32,0,0,1,1,-0.3200000000000001,0.16520000000000015,10,8e794e04dc99750f0bfc006cdcfc2c13742dd03377c16e42a87e97ea56197111
300037,6,random,32,0,0,1,1,-0.3200000000000001,0.09800000000000009,11,46ba92803388560170fe33539f6b8c33182054e5be9c65136266d45f1adda843
300037,7,random,32,0,0,1,1,-0.3200000000000001,0.18200000000000016,9,6801de8dc6e27481de62c98d1395915569e4283375a2b8656fff22229c089c24
300037,8,guided,7,1,1,0,1,0.9299999999999999,1.2352,0,c3583679a8f740d97d15ce6d195913387e10f3c82534bd557cab51a9085dfc4a
300037,9,guided,7,1,1,0,1,0.9299999999999999,1.2352,0,c3583679a8f740d97d15ce6d195913387e10f3c82534bd557cab51a9085dfc4a
300037,10,guided,7,1,1,0,1,0.9299999999999999,1.2352,0,c3583679a8f740d97d15ce6d195913387e10f3c82534bd557cab51a9085dfc4a
300037,11,guided,7,1,1,0,1,0.9299999999999999,1.2352,0,c3583679a8f740d97d15ce6d195913387e10f3c82534bd557cab51a9085dfc4a
300037,12,guided,7,1,1,0,1,0.9299999999999999,1.2352,0,c3583679a8f740d97d15ce6d195913387e10f3c82534bd557cab51a9085dfc4a
300037,13,guided,7,1,1,0,1,0.9299999999999999,1.2352,0,c3583679a8f740d97d15ce6d195913387e10f3c82534bd557cab51a9085dfc4a
300037,14,guided,7,1,1,0,1,0.9299999999999999,1.2352,0,c3583679a8f740d97d15ce6d195913387e10f3c82534bd557cab51a9085dfc4a
300037,15,guided,7,1,1,0,1,0.9299999999999999,1.2352,0,c3583679a8f740d97d15ce6d195913387e10f3c82534bd557cab51a9085dfc4a
300038,0,random,2,1,1,0,1,0.98,1.0612,0,8a47c8e52af406c7093a27caff9e02877f02ccc545fa5b2529d43d3855f868c8
300038,1,random,9,1,1,0,1,0.91,1.0128000000000001,3,d5ae86b910f2599c546b4a19edfd996a581d7d49af897f6e9b2653d684d54a37
300038,2,random,32,0,0,1,1,-0.3200000000000001,-0.15960000000000002,4,6779a21250140d0ad7ed390dcd174b9aba88c7564b25e0ed1abca01e21cc39ce
300038,3,random,9,1,1,0,1,0.91,1.0056,1,67fe11b3ec08426a33f197015200438bcc68846b2e79062cb20ef8d0866c8ef6
300038,4,random,32,0,0,1,1,-0.3200000000000001,-0.16200000000000003,16,1368f34af76b1d97081de1e70bd52b0bd144c7237481d34d7eb3344d8cb6b94f
300038,5,random,18,1,1,0,1,0.82,0.9456,10,e16fb75cf89f91c20091739a077561088d3bad1e7e5d9c0088b70bfeeb1577fe
300038,6,random,2,1,1,0,1,0.98,1.0612,0,f17dab23f326056967f39acf0503e21e47847417b5c274f636419611565a8ad1
300038,7,random,32,0,0,1,1,-0.3200000000000001,-0.13559999999999994,13,b2c3d3ca5c222bebb594f23006dee9d8b762eb29d51694315a61454f2f1377b9
300038,8,guided,2,1,1,0,1,0.98,1.0612,0,f17dab23f326056967f39acf0503e21e47847417b5c274f636419611565a8ad1
300038,9,guided,2,1,1,0,1,0.98,1.0612,0,f17dab23f326056967f39acf0503e21e47847417b5c274f636419611565a8ad1
300038,10,guided,2,1,1,0,1,0.98,1.0612,0,f17dab23f326056967f39acf0503e21e47847417b5c274f636419611565a8ad1
300038,11,guided,2,1,1,0,1,0.98,1.0612,0,f17dab23f326056967f39acf0503e21e47847417b5c274f636419611565a8ad1
300038,12,guided,2,1,1,0,1,0.98,1.0612,0,f17dab23f326056967f39acf0503e21e47847417b5c274f636419611565a8ad1
300038,13,guided,2,1,1,0,1,0.98,1.0612,0,f17dab23f326056967f39acf0503e21e47847417b5c274f636419611565a8ad1
300038,14,guided,2,1,1,0,1,0.98,1.0612,0,f17dab23f326056967f39acf0503e21e47847417b5c274f636419611565a8ad1
300038,15,guided,2,1,1,0,1,0.98,1.0612,0,f17dab23f326056967f39acf0503e21e47847417b5c274f636419611565a8ad1
300039,0,random,32,0,0,1,1,-0.3200000000000001,0.1700000000000001,8,cb3d5bc3424565c8a3b4a0cd4014dcef372bcabe3d2e9e3c19443bf5c7996fde
300039,1,random,26,1,1,0,1,0.74,1.1520000000000001,5,1136cc437370bb12b48d578229d5e413bb9bd11d1da8a02526f7f8ec5a904607
300039,2,random,32,0,0,1,1,-0.3200000000000001,0.07520000000000004,7,159a342179735b2e7be2119471751d8062324447c8e0596a5e2dd402a4572b47
300039,3,random,32,0,0,1,1,-0.3200000000000001,0.12680000000000008,7,9627dbd96d43627372c1940644f02a01461bb50d3d687de7feda28da85509a44
300039,4,random,32,0,0,1,1,-0.3200000000000001,0.19640000000000019,17,b394828fafd2e14f8729d4ef592d4cacc8cff7569d02783e51143cc2df6f9fd5
300039,5,random,32,0,0,1,1,-0.3200000000000001,0.10760000000000008,11,792994b85be682286082bb8bf58a9a97a842533dca0de684c4bc88cfdfcd5df0
300039,6,random,32,0,0,1,1,-0.3200000000000001,0.19640000000000019,14,bfeb3c678988603ae3e68337c9972acbde4ea6dea11c24c296612fcd4e86e992
300039,7,random,32,0,0,1,1,-0.3200000000000001,0.18680000000000016,11,c23847cf2d267e4f446e270616ac97ddb893cfc2f1b62940370a5e004037605b
300039,8,guided,10,1,1,0,1,0.9,1.2196,3,26729643995426234c24e1b10903546a2823346a03b76117eeca6390597569c9
300039,9,guided,10,1,1,0,1,0.9,1.2196,3,26729643995426234c24e1b10903546a2823346a03b76117eeca6390597569c9
300039,10,guided,10,1,1,0,1,0.9,1.2196,3,26729643995426234c24e1b10903546a2823346a03b76117eeca6390597569c9
300039,11,guided,10,1,1,0,1,0.9,1.2196,3,26729643995426234c24e1b10903546a2823346a03b76117eeca6390597569c9
300039,12,guided,10,1,1,0,1,0.9,1.2196,3,26729643995426234c24e1b10903546a2823346a03b76117eeca6390597569c9
300039,13,guided,10,1,1,0,1,0.9,1.2196,3,26729643995426234c24e1b10903546a2823346a03b76117eeca6390597569c9
300039,14,guided,10,1,1,0,1,0.9,1.2196,3,26729643995426234c24e1b10903546a2823346a03b76117eeca6390597569c9
300039,15,guided,10,1,1,0,1,0.9,1.2196,3,26729643995426234c24e1b10903546a2823346a03b76117eeca6390597569c9
300040,0,random,32,1,1,0,1,0.6799999999999999,0.8888,13,c9692e406387b2c8651295217515d096f543fa428e975d75a2b4be727d034596
300040,1,random,32,0,0,1,1,-0.3200000000000001,-0.09199999999999994,10,93549f21c2912fc4ab9b5a6541bd1c94d939301976494550a26d0042ff06474a
300040,2,random,32,0,0,1,1,-0.3200000000000001,0.01360000000000025,17,9b92a97bf654221cb581493857b8fa724111126ff4cccca2db5fc66208bcfb2a
300040,3,random,4,1,1,0,1,0.96,1.086,1,f493b81d5e443988ea62b3cea93bdaf7e465e57cf2ce5b25a62fc0365e8c8bd1
300040,4,random,32,0,0,1,1,-0.3200000000000001,-0.052399999999999836,14,1c162f2d36f1d3b71717248bb4cd77b2dd0011f18f4b1990e6c4bbae43631124
300040,5,random,32,0,0,1,1,-0.3200000000000001,-0.04879999999999987,7,35bfafcae4f800094fdee9cc9befb8baf94abfc87f7833449b87848fef9525a1
300040,6,random,7,1,1,0,1,0.9299999999999999,1.068,4,60eb5fdf1423d06f45f877159a79c58874b372fca2b3c2247aeef8381b040118
300040,7,random,32,0,0,1,1,-0.3200000000000001,-0.04759999999999984,10,d63e89c2b69fbb1e3294ca38105d9e0cf3e03b13eede8b80ef2c90072236ba9e
300040,8,guided,3,1,1,0,1,0.97,1.0936,0,151e81e0758331df0cc4b2cb5d65e83c20bcc02c12bacf17d6d64b7e20e63e15
300040,9,guided,3,1,1,0,1,0.97,1.0936,0,151e81e0758331df0cc4b2cb5d65e83c20bcc02c12bacf17d6d64b7e20e63e15
300040,10,guided,3,1,1,0,1,0.97,1.0936,0,151e81e0758331df0cc4b2cb5d65e83c20bcc02c12bacf17d6d64b7e20e63e15
300040,11,guided,3,1,1,0,1,0.97,1.0936,0,151e81e0758331df0cc4b2cb5d65e83c20bcc02c12bacf17d6d64b7e20e63e15
300040,12,guided,3,1,1,0,1,0.97,1.0936,0,151e81e0758331df0cc4b2cb5d65e83c20bcc02c12bacf17d6d64b7e20e63e15
300040,13,guided,3,1,1,0,1,0.97,1.0936,0,151e81e0758331df0cc4b2cb5d65e83c20bcc02c12bacf17d6d64b7e20e63e15
300040,14,guided,3,1,1,0,1,0.97,1.0936,0,151e81e0758331df0cc4b2cb5d65e83c20bcc02c12bacf17d6d64b7e20e63e15
300040,15,guided,3,1,1,0,1,0.97,1.0936,0,151e81e0758331df0cc4b2cb5d65e83c20bcc02c12bacf17d6d64b7e20e63e15
300041,0,random,32,0,0,1,1,-0.3200000000000001,-0.058399999999999896,13,1f8a41da6d6b06431f6f9b765d481d3a936b20e7fc5b911181b17af5a7c1e587
300041,1,random,23,1,1,0,1,0.7699999999999999,0.9848000000000001,8,2cd349c10e1dfd544d3de3528758fafccf8a82fc39565ee33f2a6478b0fb8d11
300041,2,random,19,1,1,0,1,0.8099999999999999,1.0104000000000002,6,cd8c229cf2d9bab535d22d42e039c6f4dfa78c8a148183a476319159ec1bb8af
300041,3,random,32,0,0,1,1,-0.3200000000000001,-0.06319999999999983,13,e3d3bae0dd79be3461da850848018b1f1e050e4b1cd4e72b2387ee6bca1f27f2
300041,4,random,21,1,1,0,1,0.7899999999999999,0.9652000000000001,6,ac9ecdcac06f39b69a23121d6416df15c639eaf1128980de90d58c4d9cbc0ad1
300041,5,random,32,0,0,1,1,-0.3200000000000001,-0.06439999999999992,6,4130b7bf6e57f6a13c1a2e777f761bad9ef3358abdf2c5b1fadce1d14bedce2a
300041,6,random,20,1,1,0,1,0.7999999999999999,0.9680000000000001,9,df24aa1fea34e3fc385a08a0cba9b5903540462798f7f7c99a01e013fe2cbf4f
300041,7,random,32,0,0,1,1,-0.3200000000000001,-0.07399999999999997,10,9f0868cb77f8f834bd488e0b3eaf23455411bdaf48805ce81f5aeb4bac4df1cb
300041,8,guided,7,1,1,0,1,0.9299999999999999,1.068,4,06b23c651b27a4784f9f2f01cb7b8352239d105222433e99910e58c62deb244a
300041,9,guided,7,1,1,0,1,0.9299999999999999,1.068,4,06b23c651b27a4784f9f2f01cb7b8352239d105222433e99910e58c62deb244a
300041,10,guided,7,1,1,0,1,0.9299999999999999,1.068,4,06b23c651b27a4784f9f2f01cb7b8352239d105222433e99910e58c62deb244a
300041,11,guided,7,1,1,0,1,0.9299999999999999,1.068,4,06b23c651b27a4784f9f2f01cb7b8352239d105222433e99910e58c62deb244a
300041,12,guided,7,1,1,0,1,0.9299999999999999,1.068,4,06b23c651b27a4784f9f2f01cb7b8352239d105222433e99910e58c62deb244a
300041,13,guided,7,1,1,0,1,0.9299999999999999,1.068,4,06b23c651b27a4784f9f2f01cb7b8352239d105222433e99910e58c62deb244a
300041,14,guided,7,1,1,0,1,0.9299999999999999,1.068,4,06b23c651b27a4784f9f2f01cb7b8352239d105222433e99910e58c62deb244a
300041,15,guided,7,1,1,0,1,0.9299999999999999,1.068,4,06b23c651b27a4784f9f2f01cb7b8352239d105222433e99910e58c62deb244a
300042,0,random,17,1,1,0,1,0.83,1.022,6,7040ba96a70b535517f1422a053d042562d2a1f1c60b50510ce58f40a1b9a4e0
300042,1,random,32,0,0,1,1,-0.3200000000000001,-0.07759999999999982,17,780fa51dd7f6a08a646b763802932266d6eb8f37f3cc0ef2f6574188c6d87992
300042,2,random,10,1,1,0,1,0.9,1.038,1,a52fb5aa930fe4c27fbadf90cbd98efd46f1a74efcd575a2443043c9b941ab17
300042,3,random,32,0,0,1,1,-0.3200000000000001,-0.07279999999999998,10,57a896014867a9807ee10415c3016901a6aaf12f4f3ce673d9c81355634ab5ea
300042,4,random,32,0,0,1,1,-0.3200000000000001,-0.05719999999999989,17,5ee247562376dafd36f25cdd30b4c5161caafb12ee0e8f02996d35368770a266
300042,5,random,32,0,0,1,1,-0.3200000000000001,-0.04999999999999989,17,af050fed4b3ab60dba9b0cb2524623ade079fd20565703284b5bced9d3dd9221
300042,6,random,32,0,0,1,1,-0.3200000000000001,-0.07759999999999989,7,1bda978a6ba680dff3f5719ca0cb3a32913eac0521b076dd312d26b2ee671a9e
300042,7,random,32,0,0,1,1,-0.3200000000000001,-0.06439999999999992,16,6c6750402df77c80a2041e6406c9722dbfb22504e9d1dba61fce9385c381fa04
300042,8,guided,19,1,1,0,1,0.8099999999999999,0.9720000000000001,16,6d962451c21cdb8d0b0f4930487907a791ff64a1d37c188bb9e98702b5de3a3a
300042,9,guided,19,1,1,0,1,0.8099999999999999,0.9720000000000001,16,6d962451c21cdb8d0b0f4930487907a791ff64a1d37c188bb9e98702b5de3a3a
300042,10,guided,19,1,1,0,1,0.8099999999999999,0.9720000000000001,16,6d962451c21cdb8d0b0f4930487907a791ff64a1d37c188bb9e98702b5de3a3a
300042,11,guided,19,1,1,0,1,0.8099999999999999,0.9720000000000001,16,6d962451c21cdb8d0b0f4930487907a791ff64a1d37c188bb9e98702b5de3a3a
300042,12,guided,19,1,1,0,1,0.8099999999999999,0.9720000000000001,16,6d962451c21cdb8d0b0f4930487907a791ff64a1d37c188bb9e98702b5de3a3a
300042,13,guided,19,1,1,0,1,0.8099999999999999,0.9720000000000001,16,6d962451c21cdb8d0b0f4930487907a791ff64a1d37c188bb9e98702b5de3a3a
300042,14,guided,19,1,1,0,1,0.8099999999999999,0.9720000000000001,16,6d962451c21cdb8d0b0f4930487907a791ff64a1d37c188bb9e98702b5de3a3a
300042,15,guided,19,1,1,0,1,0.8099999999999999,0.9720000000000001,16,6d962451c21cdb8d0b0f4930487907a791ff64a1d37c188bb9e98702b5de3a3a
300043,0,random,32,0,0,1,1,-0.3200000000000001,-0.04999999999999985,10,cc2df014a8295f63471141962973acc662ec81c4665302fb6a7d20574fe22b61
300043,1,random,16,1,1,0,1,0.84,1.0044,3,696266e9cc8e5568d3672d50c20aab8e776fe107f75f20b6e3633e90c366ec39
300043,2,random,6,1,1,0,1,0.94,1.0708,1,bb92b8eea1915736bee8c9e1896c91f0ab5555f7f1f624885d319bc7c4409e0d
300043,3,random,10,1,1,0,1,0.9,1.0368,3,c8451ba5ff3092354fe3edb99570dfad6230c5058ae03c1c6503a529f7739642
300043,4,random,32,0,0,1,1,-0.3200000000000001,-0.08359999999999991,10,2c6d30529d074f49f001db10d7e52ed49494b2790835d40f12bdb5c1a8d5c8a3
300043,5,random,32,0,0,1,1,-0.3200000000000001,-0.08959999999999996,7,7c4b99a08872b4ef9d1dbac1e7b32fe7f346aabce1ba6f6e8313707895611335
300043,6,random,32,0,0,1,1,-0.3200000000000001,-0.09079999999999992,8,add508a200b93982441a6590e1e5c7a3edfdb8f0dc1575c6a09a16f68cba748d
300043,7,random,6,1,1,0,1,0.94,1.0768,1,63087f18c4df0f34949144fa1156849cc10fb9e6a9a40f4c9380f07116e71025
300043,8,guided,3,1,1,0,1,0.97,1.0936,0,4ef1ede2c28c463df27c33aae07ac0c3baacd3133bdc32626f177add60f9429d
300043,9,guided,3,1,1,0,1,0.97,1.0936,0,4ef1ede2c28c463df27c33aae07ac0c3baacd3133bdc32626f177add60f9429d
300043,10,guided,3,1,1,0,1,0.97,1.0936,0,4ef1ede2c28c463df27c33aae07ac0c3baacd3133bdc32626f177add60f9429d
300043,11,guided,3,1,1,0,1,0.97,1.0936,0,4ef1ede2c28c463df27c33aae07ac0c3baacd3133bdc32626f177add60f9429d
300043,12,guided,3,1,1,0,1,0.97,1.0936,0,4ef1ede2c28c463df27c33aae07ac0c3baacd3133bdc32626f177add60f9429d
300043,13,guided,3,1,1,0,1,0.97,1.0936,0,4ef1ede2c28c463df27c33aae07ac0c3baacd3133bdc32626f177add60f9429d
300043,14,guided,3,1,1,0,1,0.97,1.0936,0,4ef1ede2c28c463df27c33aae07ac0c3baacd3133bdc32626f177add60f9429d
300043,15,guided,3,1,1,0,1,0.97,1.0936,0,4ef1ede2c28c463df27c33aae07ac0c3baacd3133bdc32626f177add60f9429d
300044,0,random,32,0,0,1,1,-0.3200000000000001,0.08680000000000011,14,b187ee7ff9636f0e80e80742e574f7804e491dec13e9024bfa53c391bd563c18
300044,1,random,32,0,0,1,1,-0.3200000000000001,0.0772000000000001,15,9a28bc186bebe773f5e7a8c49a1832416f5b4d2099d613572a9a1db5a58ae52b
300044,2,random,32,0,0,1,1,-0.3200000000000001,0.12400000000000011,16,1d91cef313059f89b538844544d907d00db0a2ba3c04d796eb8731e1e4cd8915
300044,3,random,32,0,0,1,1,-0.3200000000000001,0.10480000000000013,14,beda9e2e5a56339727943dbc86fa0598476a53f2d2e6cf394bc314663e335d42
300044,4,random,32,0,0,1,1,-0.3200000000000001,0.07480000000000012,12,43dfa53bba4f5ec6616f89cb42f7ea66904e41d0ce32b49c4bba37f932739d59
300044,5,random,32,0,0,1,1,-0.3200000000000001,0.09040000000000009,15,f1535ae2495e23b11dd8c1c8f979feb3de37b926ad4d9453663e913bac36496d
300044,6,random,32,0,0,1,1,-0.3200000000000001,0.10360000000000016,17,bb9c14b34c227e75b359b00b008d1963d1ee7861ecf41937540ce2033a2fd66e
300044,7,random,32,0,0,1,1,-0.3200000000000001,0.07000000000000009,13,04c1d23b6ffa7218df349c7cf9821f661815c28b3291b47804d8b84bdfc64d9b
300044,8,guided,32,0,0,1,1,-0.3200000000000001,0.016000000000000132,28,e1becd52642e36f4dfcee1da8b79e5bd0e233ce0cfdcbc154e9005360858fa6e
300044,9,guided,32,0,0,1,1,-0.3200000000000001,0.016000000000000132,28,e1becd52642e36f4dfcee1da8b79e5bd0e233ce0cfdcbc154e9005360858fa6e
300044,10,guided,32,0,0,1,1,-0.3200000000000001,0.016000000000000132,28,e1becd52642e36f4dfcee1da8b79e5bd0e233ce0cfdcbc154e9005360858fa6e
300044,11,guided,32,0,0,1,1,-0.3200000000000001,0.016000000000000132,28,e1becd52642e36f4dfcee1da8b79e5bd0e233ce0cfdcbc154e9005360858fa6e
300044,12,guided,32,0,0,1,1,-0.3200000000000001,0.016000000000000132,28,e1becd52642e36f4dfcee1da8b79e5bd0e233ce0cfdcbc154e9005360858fa6e
300044,13,guided,32,0,0,1,1,-0.3200000000000001,0.016000000000000132,28,e1becd52642e36f4dfcee1da8b79e5bd0e233ce0cfdcbc154e9005360858fa6e
300044,14,guided,32,0,0,1,1,-0.3200000000000001,0.016000000000000132,28,e1becd52642e36f4dfcee1da8b79e5bd0e233ce0cfdcbc154e9005360858fa6e
300044,15,guided,32,0,0,1,1,-0.3200000000000001,0.016000000000000132,28,e1becd52642e36f4dfcee1da8b79e5bd0e233ce0cfdcbc154e9005360858fa6e
300045,0,random,4,1,1,0,1,0.96,1.0472000000000001,0,03e34e0a58a87d17294d2e500093c93a8c00cb71529037557c475095d786cb0d
300045,1,random,32,0,0,1,1,-0.3200000000000001,-0.04559999999999978,11,cb294d71468974adec82e951ba6b464a6315a5dffdfc9cade5b718bc2a59e113
300045,2,random,32,0,0,1,1,-0.3200000000000001,-0.06479999999999964,14,5fb54200d064a92b3faae763450222945671adc150fea455b760ef6c9c808167
300045,3,random,32,0,0,1,1,-0.3200000000000001,-0.05759999999999972,10,ddb7fb8c7c6ebb30718a949ba08ca9b1eedc20dcbd9933017163de06febca70d
300045,4,random,32,0,0,1,1,-0.3200000000000001,-0.07919999999999994,8,e30fbd06599c6372bfa0bf63e3eafc013bf8c97f07e221fd69198f6b71f776b8
300045,5,random,32,0,0,1,1,-0.3200000000000001,-0.040799999999999684,17,d262c84f11d9b744d9c317d5423e4c388e4493e42040fe35881cc8d474b9e3f8
300045,6,random,16,1,1,0,1,0.84,0.9500000000000001,6,aacb2fbec7d50d4312b1163711f32c2bdd814d5c141c5c91508d0c478994445b
300045,7,random,30,1,1,0,1,0.7,0.8808000000000001,4,3e42c268fd411919c3450330403430f2226bb97a3e726bb9777cc43d7fe03b9f
300045,8,guided,2,1,1,0,1,0.98,1.0612,0,337b615ae53cebaa9e4e93e6c16b713d86588a343b5aad4c315a94d1e538fcd1
300045,9,guided,2,1,1,0,1,0.98,1.0612,0,337b615ae53cebaa9e4e93e6c16b713d86588a343b5aad4c315a94d1e538fcd1
300045,10,guided,2,1,1,0,1,0.98,1.0612,0,337b615ae53cebaa9e4e93e6c16b713d86588a343b5aad4c315a94d1e538fcd1
300045,11,guided,2,1,1,0,1,0.98,1.0612,0,337b615ae53cebaa9e4e93e6c16b713d86588a343b5aad4c315a94d1e538fcd1
300045,12,guided,2,1,1,0,1,0.98,1.0612,0,337b615ae53cebaa9e4e93e6c16b713d86588a343b5aad4c315a94d1e538fcd1
300045,13,guided,2,1,1,0,1,0.98,1.0612,0,337b615ae53cebaa9e4e93e6c16b713d86588a343b5aad4c315a94d1e538fcd1
300045,14,guided,2,1,1,0,1,0.98,1.0612,0,337b615ae53cebaa9e4e93e6c16b713d86588a343b5aad4c315a94d1e538fcd1
300045,15,guided,2,1,1,0,1,0.98,1.0612,0,337b615ae53cebaa9e4e93e6c16b713d86588a343b5aad4c315a94d1e538fcd1
300046,0,random,32,0,0,1,1,-0.3200000000000001,-0.023199999999999832,8,b30ccc694b5c1d24c2452d61b84a32e7b69b61deb1c10314f5f285579a531d87
300046,1,random,20,1,1,0,1,0.7999999999999999,0.9984000000000001,8,a96cb74dd6b7826b02fa43fe2fbbb8688de107a229c108d23720ce64cb1c56d1
300046,2,random,32,0,0,1,1,-0.3200000000000001,-0.002799999999999872,6,f037288671227523efa743de16147ba05e179dbfb231b67cd6fbbef43efa8378
300046,3,random,32,0,0,1,1,-0.3200000000000001,-0.017199999999999854,7,1189ea5e0e7c3211547746480897c4e61dda95496115979c7b2f4fa81bcb9135
300046,4,random,17,1,1,0,1,0.83,1.0476,3,441ee9a269ea8005a8cac13ebf7496f89bf30dc6b634bcfb345899f506accd1e
300046,5,random,32,0,0,1,1,-0.3200000000000001,-0.024399999999999866,3,29c534a62582e05eb683091ce0a7e32dc59fecabba0bbc0bd7392bc9c3915430
300046,6,random,27,1,1,0,1,0.73,1.0088000000000001,5,c4a222f06f249fc6fa7b500b9fd75b8652d5f2b4b675edf672f781f26c31da74
300046,7,random,9,1,1,0,1,0.91,1.0892,1,d25c79fa2a71d1b192ce2557073681ce8002a6614b40966749df66207a3de90a
300046,8,guided,9,1,1,0,1,0.91,1.0952000000000002,5,55230166b88af0dca6be826ad0c5673b9d67dc56b631e974eb3f093d64289e55
300046,9,guided,9,1,1,0,1,0.91,1.0952000000000002,5,55230166b88af0dca6be826ad0c5673b9d67dc56b631e974eb3f093d64289e55
300046,10,guided,9,1,1,0,1,0.91,1.0952000000000002,5,55230166b88af0dca6be826ad0c5673b9d67dc56b631e974eb3f093d64289e55
300046,11,guided,9,1,1,0,1,0.91,1.0952000000000002,5,55230166b88af0dca6be826ad0c5673b9d67dc56b631e974eb3f093d64289e55
300046,12,guided,9,1,1,0,1,0.91,1.0952000000000002,5,55230166b88af0dca6be826ad0c5673b9d67dc56b631e974eb3f093d64289e55
300046,13,guided,9,1,1,0,1,0.91,1.0952000000000002,5,55230166b88af0dca6be826ad0c5673b9d67dc56b631e974eb3f093d64289e55
300046,14,guided,9,1,1,0,1,0.91,1.0952000000000002,5,55230166b88af0dca6be826ad0c5673b9d67dc56b631e974eb3f093d64289e55
300046,15,guided,9,1,1,0,1,0.91,1.0952000000000002,5,55230166b88af0dca6be826ad0c5673b9d67dc56b631e974eb3f093d64289e55
300047,0,random,32,0,0,1,1,-0.3200000000000001,0.06840000000000016,7,baf1d1ddbf1d7557dfd5a6fe3dd598c0b59063f7942ee1b65b74cc3726a3a491
300047,1,random,32,0,0,1,1,-0.3200000000000001,0.04320000000000012,5,13952119e0b397e5acb463b0a74bbee93e1d7eaa441f8fc34db1b16d43aa3fd1
300047,2,random,32,0,0,1,1,-0.3200000000000001,0.0720000000000002,13,46f8340d2afd3f90cd72cb394cf71f222423f46355a843ae6980d4e0a64cd0c0
300047,3,random,18,1,1,0,1,0.82,1.0932000000000002,7,52ed631e4333bda10e0a35acfad70cc9211377cd8d8a87f36bb6d88a1402e288
300047,4,random,13,1,1,0,1,0.87,1.1228,4,08f1b989cb603161e090c53e497d75335e8f7246c0ab81eec29d92313c76c967
300047,5,random,32,0,0,1,1,-0.3200000000000001,0.1020000000000002,10,f716c776047192beed8fdf99b76ab99f03ac176ead16667ffbe6bcd5bd57b9a6
300047,6,random,32,0,0,1,1,-0.3200000000000001,0.05040000000000014,9,26487d4d9682aefae65cce16e278991516e79cb0fe763d5b3d31c8e68730cee4
300047,7,random,32,0,0,1,1,-0.3200000000000001,0.09600000000000025,14,ecd655d5b111c00b6fa3e9aed8cadc8e217dd6dd9dbb64303dc2deb1e3086bb5
300047,8,guided,5,1,1,0,1,0.95,1.162,0,e83c58f11030d13d6134ac10dd4e9e09fddc36f86921b259afe08c2b33c6a3dc
300047,9,guided,5,1,1,0,1,0.95,1.162,0,e83c58f11030d13d6134ac10dd4e9e09fddc36f86921b259afe08c2b33c6a3dc
300047,10,guided,5,1,1,0,1,0.95,1.162,0,e83c58f11030d13d6134ac10dd4e9e09fddc36f86921b259afe08c2b33c6a3dc
300047,11,guided,5,1,1,0,1,0.95,1.162,0,e83c58f11030d13d6134ac10dd4e9e09fddc36f86921b259afe08c2b33c6a3dc
300047,12,guided,5,1,1,0,1,0.95,1.162,0,e83c58f11030d13d6134ac10dd4e9e09fddc36f86921b259afe08c2b33c6a3dc
300047,13,guided,5,1,1,0,1,0.95,1.162,0,e83c58f11030d13d6134ac10dd4e9e09fddc36f86921b259afe08c2b33c6a3dc
300047,14,guided,5,1,1,0,1,0.95,1.162,0,e83c58f11030d13d6134ac10dd4e9e09fddc36f86921b259afe08c2b33c6a3dc
300047,15,guided,5,1,1,0,1,0.95,1.162,0,e83c58f11030d13d6134ac10dd4e9e09fddc36f86921b259afe08c2b33c6a3dc
300048,0,random,32,0,0,1,1,-0.3200000000000001,0.12880000000000025,11,8896f31f150d1c4743f1e1aa55a14a8d14016d4d2a810f4a0b33c194b875eee6
300048,1,random,32,0,0,1,1,-0.3200000000000001,0.1792000000000003,9,bf3d2d68c36d0c089cd2ad9991ed945d42f6acdb2c38687c324552355dbeb3b4
300048,2,random,32,0,0,1,1,-0.3200000000000001,0.1252000000000002,5,7944af9b8c1c571a883ae7d4f540e70f5b1877f6f899eae87edf96e74aeed094
300048,3,random,32,0,0,1,1,-0.3200000000000001,0.1516000000000002,10,c515e0a456864e41df95c9b5dccbe6dfa60178ef8689437463e90412854a5b73
300048,4,random,32,0,0,1,1,-0.3200000000000001,0.14800000000000021,7,416c28741a5d36f1a302b153e3f307fe810bd446dd3e0ee8b5c29a08307bf8f0
300048,5,random,32,0,0,1,1,-0.3200000000000001,0.05440000000000006,7,bd2308589df6c47870871aaa77d8e09b5093e8f76e6917098b4469eca53aa1de
300048,6,random,32,0,0,1,1,-0.3200000000000001,0.12280000000000019,7,b7ce0ffda7928b91db86bd6200a87fe82ac445d209233432c0ab481042c52837
300048,7,random,32,0,0,1,1,-0.3200000000000001,0.1528000000000002,8,42f4452a8f3bd7d278b1bbaca0cc6421e36c52fc74632a65ddf52ea5b4553ba6
300048,8,guided,29,1,1,0,1,0.71,1.0316,11,9faf63343fd7110dd624bccf574818b323973ef7c3297fd9f2721d1e92815d2c
300048,9,guided,29,1,1,0,1,0.71,1.0316,11,9faf63343fd7110dd624bccf574818b323973ef7c3297fd9f2721d1e92815d2c
300048,10,guided,29,1,1,0,1,0.71,1.0316,11,9faf63343fd7110dd624bccf574818b323973ef7c3297fd9f2721d1e92815d2c
300048,11,guided,29,1,1,0,1,0.71,1.0316,11,9faf63343fd7110dd624bccf574818b323973ef7c3297fd9f2721d1e92815d2c
300048,12,guided,29,1,1,0,1,0.71,1.0316,11,9faf63343fd7110dd624bccf574818b323973ef7c3297fd9f2721d1e92815d2c
300048,13,guided,29,1,1,0,1,0.71,1.0316,11,9faf63343fd7110dd624bccf574818b323973ef7c3297fd9f2721d1e92815d2c
300048,14,guided,29,1,1,0,1,0.71,1.0316,11,9faf63343fd7110dd624bccf574818b323973ef7c3297fd9f2721d1e92815d2c
300048,15,guided,29,1,1,0,1,0.71,1.0316,11,9faf63343fd7110dd624bccf574818b323973ef7c3297fd9f2721d1e92815d2c
300049,0,random,8,1,1,0,1,0.9199999999999999,1.0156,2,df195f967c46a01322e381758ba2523f1caf4801ff076616fe2b8ff7996e084c
300049,1,random,32,0,0,1,1,-0.3200000000000001,-0.1608,11,5fc18e5e50be4ae2d0e223fa41d27540833ed808319f90200a4f626c66f2bac1
300049,2,random,32,0,0,1,1,-0.3200000000000001,-0.15600000000000003,5,dcafa33fe5a61b4687d618288f560806112012a7e98914d94ab8a32291e779c1
300049,3,random,4,1,1,0,1,0.96,1.0436,2,62f178d50546abc85da9e25a7eb691dd6497713466e533d1c9e1ee8e9097f9c5
300049,4,random,12,1,1,0,1,0.88,0.984,2,3c89975cf23c5ba96529302267b8601d6c42ef6bc3ccf4b7eb9f587617cde925
300049,5,random,2,1,1,0,1,0.98,1.0612,0,929c8611ab9880f301fdb08de900d79666e45974b2692663eb8205597ac685f5
300049,6,random,32,0,0,1,1,-0.3200000000000001,-0.138,3,bc44c02efd4ca439c03930567816d3f27d8fa10419fdf78cb0740140c78f73a1
300049,7,random,2,1,1,0,1,0.98,1.0612,0,929c8611ab9880f301fdb08de900d79666e45974b2692663eb8205597ac685f5
300049,8,guided,2,1,1,0,1,0.98,1.0612,0,929c8611ab9880f301fdb08de900d79666e45974b2692663eb8205597ac685f5
300049,9,guided,2,1,1,0,1,0.98,1.0612,0,929c8611ab9880f301fdb08de900d79666e45974b2692663eb8205597ac685f5
300049,10,guided,2,1,1,0,1,0.98,1.0612,0,929c8611ab9880f301fdb08de900d79666e45974b2692663eb8205597ac685f5
300049,11,guided,2,1,1,0,1,0.98,1.0612,0,929c8611ab9880f301fdb08de900d79666e45974b2692663eb8205597ac685f5
300049,12,guided,2,1,1,0,1,0.98,1.0612,0,929c8611ab9880f301fdb08de900d79666e45974b2692663eb8205597ac685f5
300049,13,guided,2,1,1,0,1,0.98,1.0612,0,929c8611ab9880f301fdb08de900d79666e45974b2692663eb8205597ac685f5
300049,14,guided,2,1,1,0,1,0.98,1.0612,0,929c8611ab9880f301fdb08de900d79666e45974b2692663eb8205597ac685f5
300049,15,guided,2,1,1,0,1,0.98,1.0612,0,929c8611ab9880f301fdb08de900d79666e45974b2692663eb8205597ac685f5
300050,0,random,32,0,0,1,1,-0.3200000000000001,0.22520000000000023,16,42f5b61163e12d55ce013bf98eea775d9aa62697d3d502c89f0bae37ea2fe0a8
300050,1,random,32,0,0,1,1,-0.3200000000000001,0.2216000000000002,22,cda590d5caed0a56602e3fa2f1375b7b2ae4c0a7c9e36db0d21291fc29f43945
300050,2,random,32,0,0,1,1,-0.3200000000000001,0.16760000000000008,18,c46f739494a251b9b2386daf561947bce684dcc5082c21294c3a1392d833ad9a
300050,3,random,32,0,0,1,1,-0.3200000000000001,0.13040000000000013,20,57e94feeea74fe455d312e05dc3c073d325c4ac6d6d310522e08e53b4f625341
300050,4,random,32,0,0,1,1,-0.3200000000000001,0.2060000000000002,22,607a712838d7024c5de7f2e673307b7ed4f5fbf2326db9752aba66457919b634
300050,5,random,32,0,0,1,1,-0.3200000000000001,0.16520000000000012,14,63ebc7b5d689fe2052a89436831185b6b261c3b6b259db710288c6500b79a7ef
300050,6,random,32,0,0,1,1,-0.3200000000000001,0.20360000000000025,20,543d6766d852a25feab75f95344c1dc51ff44504a9771baf71cc8b471bb30d70
300050,7,random,32,0,0,1,1,-0.3200000000000001,0.13640000000000013,15,af5d17c5c54cbc8351f7c8ad8fff9c8e22c2c73c7116719f7d05a894f31b6d96
300050,8,guided,32,0,0,1,1,-0.3200000000000001,0.1832000000000001,10,78b1dcfee3468312789e83dcf66f3cddd98910723d194f2ac307f1e8fecbb702
300050,9,guided,32,0,0,1,1,-0.3200000000000001,0.1832000000000001,10,78b1dcfee3468312789e83dcf66f3cddd98910723d194f2ac307f1e8fecbb702
300050,10,guided,32,0,0,1,1,-0.3200000000000001,0.1832000000000001,10,78b1dcfee3468312789e83dcf66f3cddd98910723d194f2ac307f1e8fecbb702
300050,11,guided,32,0,0,1,1,-0.3200000000000001,0.1832000000000001,10,78b1dcfee3468312789e83dcf66f3cddd98910723d194f2ac307f1e8fecbb702
300050,12,guided,32,0,0,1,1,-0.3200000000000001,0.1832000000000001,10,78b1dcfee3468312789e83dcf66f3cddd98910723d194f2ac307f1e8fecbb702
300050,13,guided,32,0,0,1,1,-0.3200000000000001,0.1832000000000001,10,78b1dcfee3468312789e83dcf66f3cddd98910723d194f2ac307f1e8fecbb702
300050,14,guided,32,0,0,1,1,-0.3200000000000001,0.1832000000000001,10,78b1dcfee3468312789e83dcf66f3cddd98910723d194f2ac307f1e8fecbb702
300050,15,guided,32,0,0,1,1,-0.3200000000000001,0.1832000000000001,10,78b1dcfee3468312789e83dcf66f3cddd98910723d194f2ac307f1e8fecbb702
300051,0,random,32,0,0,1,1,-0.3200000000000001,-0.04679999999999962,13,9cb8955219ebcce5f0499fd397aa834656182c691e219f21bab32e1cfae047a6
300051,1,random,3,1,1,0,1,0.97,1.0536,1,97b7612457c6a3df373d984ca25f0974f968f1bb52713190caf492a7c83c42ce
300051,2,random,9,1,1,0,1,0.91,1.0164,1,ac07f86ac47666e2255c4579e3c6206c0f77ef25ba4a69a30935893e093c5bf4
300051,3,random,19,1,1,0,1,0.8099999999999999,0.9584,1,3957a07eee6cf5dfa75c36b163deb86dae3d17bad4e62796dcaeef9c167a6807
300051,4,random,4,1,1,0,1,0.96,1.0448,0,aa23b5605034286ba0ba6ee7c06284e2512f4272f3a2b04f188d0d864a2da83b
300051,5,random,23,1,1,0,1,0.7699999999999999,0.9448000000000001,5,d148284c729c743aeb7faa83f507f74c9b87da8763885af93bcc2d1886550217
300051,6,random,2,1,1,0,1,0.98,1.0612,0,1896676f03231536a664c4e917f647955b41fb896d948d2fc035dad7b991544b
300051,7,random,32,0,0,1,1,-0.3200000000000001,-0.09959999999999986,15,c903e27e59a6fe247efb486a352ec0497432f45fd2d3a1a82cda188324f915e6
300051,8,guided,2,1,1,0,1,0.98,1.0612,0,1896676f03231536a664c4e917f647955b41fb896d948d2fc035dad7b991544b
300051,9,guided,2,1,1,0,1,0.98,1.0612,0,1896676f03231536a664c4e917f647955b41fb896d948d2fc035dad7b991544b
300051,10,guided,2,1,1,0,1,0.98,1.0612,0,1896676f03231536a664c4e917f647955b41fb896d948d2fc035dad7b991544b
300051,11,guided,2,1,1,0,1,0.98,1.0612,0,1896676f03231536a664c4e917f647955b41fb896d948d2fc035dad7b991544b
300051,12,guided,2,1,1,0,1,0.98,1.0612,0,1896676f03231536a664c4e917f647955b41fb896d948d2fc035dad7b991544b
300051,13,guided,2,1,1,0,1,0.98,1.0612,0,1896676f03231536a664c4e917f647955b41fb896d948d2fc035dad7b991544b
300051,14,guided,2,1,1,0,1,0.98,1.0612,0,1896676f03231536a664c4e917f647955b41fb896d948d2fc035dad7b991544b
300051,15,guided,2,1,1,0,1,0.98,1.0612,0,1896676f03231536a664c4e917f647955b41fb896d948d2fc035dad7b991544b
300052,0,random,32,0,0,1,1,-0.3200000000000001,-0.0816,19,c1b8e3be36f2a46ce66f1d4a402a807f2cd59177a4de1e91310771cc7a5072ba
300052,1,random,4,1,1,0,1,0.96,1.0472000000000001,0,9a1d0d044fa80c9b7b9dc88f2a8a29e2fc50e2ece59b7cf98e4e82f6b81ac8fd
300052,2,random,25,1,1,0,1,0.7499999999999999,0.8972,5,7079a974573bce159f54573dfa04e5d7c616b84c51923e410e16a512976bf8bf
300052,3,random,4,1,1,0,1,0.96,1.0472000000000001,0,cb8cc7179fc3fab4157cf78db6704d05c6910082a6958cad0c1586a7e9910dcf
300052,4,random,32,0,0,1,1,-0.3200000000000001,-0.14279999999999998,8,a86b60be67df467bd94019c2563de96b00977cd84c922c48cd8114764a784dc9
300052,5,random,32,0,0,1,1,-0.3200000000000001,-0.11399999999999987,13,b9f615a5b013dca3295f45eee148a2bd38c2ccab2300394de0fa533d74fff605
300052,6,random,32,0,0,1,1,-0.3200000000000001,-0.15599999999999997,6,82adee2ecc8ae8bdc1b3d099a0bb7a054c3558df69e3ef296c7e81127f30690d
300052,7,random,32,0,0,1,1,-0.3200000000000001,-0.12719999999999987,13,b8da2299e2bbe0ac43418b93876fdef283a72d6c6664387f65a2ba847c769529
300052,8,guided,4,1,1,0,1,0.96,1.0472000000000001,0,bf85c5bb81afd0c0ee48f960db8290bf5492949731b0b23e219bcb86e824717c
300052,9,guided,4,1,1,0,1,0.96,1.0472000000000001,0,bf85c5bb81afd0c0ee48f960db8290bf5492949731b0b23e219bcb86e824717c
300052,10,guided,4,1,1,0,1,0.96,1.0472000000000001,0,bf85c5bb81afd0c0ee48f960db8290bf5492949731b0b23e219bcb86e824717c
300052,11,guided,4,1,1,0,1,0.96,1.0472000000000001,0,bf85c5bb81afd0c0ee48f960db8290bf5492949731b0b23e219bcb86e824717c
300052,12,guided,4,1,1,0,1,0.96,1.0472000000000001,0,bf85c5bb81afd0c0ee48f960db8290bf5492949731b0b23e219bcb86e824717c
300052,13,guided,4,1,1,0,1,0.96,1.0472000000000001,0,bf85c5bb81afd0c0ee48f960db8290bf5492949731b0b23e219bcb86e824717c
300052,14,guided,4,1,1,0,1,0.96,1.0472000000000001,0,bf85c5bb81afd0c0ee48f960db8290bf5492949731b0b23e219bcb86e824717c
300052,15,guided,4,1,1,0,1,0.96,1.0472000000000001,0,bf85c5bb81afd0c0ee48f960db8290bf5492949731b0b23e219bcb86e824717c
300053,0,random,32,0,0,1,1,-0.3200000000000001,-0.025599999999999887,12,e4d238caa105b6dc43a5079313f944c747f5d5f8c1d30c51634ae8d11bbf07c0
300053,1,random,32,0,0,1,1,-0.3200000000000001,-0.04719999999999995,7,ad92b9a884857f10bbddbd4177cdea261a10356fe30824082e1c7033fd2279cb
300053,2,random,6,1,1,0,1,0.94,1.1144,2,90ab366c38fc109da56d590cd27524b516c211e94e2d57e18f355a9612efc2ac
300053,3,random,32,0,0,1,1,-0.3200000000000001,-0.03519999999999992,12,701a08872d5d4c983be078e13ae911bfa942fc9ab3f6dc69dc4a0cdb8720d3bb
300053,4,random,32,0,0,1,1,-0.3200000000000001,0.0044000000000001815,9,0e93eb70bfc4099a639ec90b814281b47ec1828486a10c4bd7c046b0adc94838
300053,5,random,21,1,1,0,1,0.7899999999999999,1.0292000000000001,9,222c8e4f1ce56f5c3f6808f69dfe93a95b811642a5109af68912ec281fd3a68d
300053,6,random,24,1,1,0,1,0.7599999999999999,1.0136,10,d50aee1caabfc4c74e63897ea0ff309228ee32a87d2975c26679cb61d107632d
300053,7,random,32,0,0,1,1,-0.3200000000000001,-0.04359999999999986,15,518be15d5cff3721df18de6ead3ed3f8d57eb163f8f0af472aab8509059fabd0
300053,8,guided,32,0,0,1,1,-0.3200000000000001,-0.011199999999999766,32,745aa8b2b3baa2f11faecc28bbccecc29dfaca575ea15789ead28f08e2776e06
300053,9,guided,32,0,0,1,1,-0.3200000000000001,-0.011199999999999766,32,745aa8b2b3baa2f11faecc28bbccecc29dfaca575ea15789ead28f08e2776e06
300053,10,guided,32,0,0,1,1,-0.3200000000000001,-0.011199999999999766,32,745aa8b2b3baa2f11faecc28bbccecc29dfaca575ea15789ead28f08e2776e06
300053,11,guided,32,0,0,1,1,-0.3200000000000001,-0.011199999999999766,32,745aa8b2b3baa2f11faecc28bbccecc29dfaca575ea15789ead28f08e2776e06
300053,12,guided,32,0,0,1,1,-0.3200000000000001,-0.011199999999999766,32,745aa8b2b3baa2f11faecc28bbccecc29dfaca575ea15789ead28f08e2776e06
300053,13,guided,32,0,0,1,1,-0.3200000000000001,-0.011199999999999766,32,745aa8b2b3baa2f11faecc28bbccecc29dfaca575ea15789ead28f08e2776e06
300053,14,guided,32,0,0,1,1,-0.3200000000000001,-0.011199999999999766,32,745aa8b2b3baa2f11faecc28bbccecc29dfaca575ea15789ead28f08e2776e06
300053,15,guided,32,0,0,1,1,-0.3200000000000001,-0.011199999999999766,32,745aa8b2b3baa2f11faecc28bbccecc29dfaca575ea15789ead28f08e2776e06
300054,0,random,32,0,0,1,1,-0.3200000000000001,-0.012399999999999842,10,ae73381e56123a3ce1456bd237166c44eacf16679344b55884dba06eabc8db00
300054,1,random,32,0,0,1,1,-0.3200000000000001,0.0008000000000001339,9,2e9ac5fdcc58fb14a7151534f57d854f23e13a420689dddf07247c0ba012e813
300054,2,random,32,0,0,1,1,-0.3200000000000001,0.056000000000000216,10,8c631615d924573e6182c04c95ee3a67bc6e78eb24e49259b8ec487856ccf3fb
300054,3,random,32,0,0,1,1,-0.3200000000000001,-0.024399999999999922,7,863b8e0003a9d9626d2feeee31bb2aa330933d7599873ae4369715c52a6f8d06
300054,4,random,32,0,0,1,1,-0.3200000000000001,-0.014799999999999827,6,5e445df99facd7649777d9e0300a2b1302a9483d3aa9d6c9672a0de83dc9d44d
300054,5,random,32,0,0,1,1,-0.3200000000000001,0.004400000000000126,11,d38bb42a46381801904cceb94b39560580d00a13dccee47d20542c64caf248e6
300054,6,random,13,1,1,0,1,0.87,1.0852,3,f16101cacc835853ecd12e69c2ad2ce7bfa1c85fb8f37809f3943b2fcb86732b
300054,7,random,27,1,1,0,1,0.73,0.9740000000000001,5,e0a4f5dc094d731a62fd9776a14f552bead05ed7dc639660474215f711b43f5a
300054,8,guided,4,1,1,0,1,0.96,1.1272,0,dbfcecc40f51d65668c530f0ac480c9eb5083c079974aff91c67b3823fd92e39
300054,9,guided,4,1,1,0,1,0.96,1.1272,0,dbfcecc40f51d65668c530f0ac480c9eb5083c079974aff91c67b3823fd92e39
300054,10,guided,4,1,1,0,1,0.96,1.1272,0,dbfcecc40f51d65668c530f0ac480c9eb5083c079974aff91c67b3823fd92e39
300054,11,guided,4,1,1,0,1,0.96,1.1272,0,dbfcecc40f51d65668c530f0ac480c9eb5083c079974aff91c67b3823fd92e39
300054,12,guided,4,1,1,0,1,0.96,1.1272,0,dbfcecc40f51d65668c530f0ac480c9eb5083c079974aff91c67b3823fd92e39
300054,13,guided,4,1,1,0,1,0.96,1.1272,0,dbfcecc40f51d65668c530f0ac480c9eb5083c079974aff91c67b3823fd92e39
300054,14,guided,4,1,1,0,1,0.96,1.1272,0,dbfcecc40f51d65668c530f0ac480c9eb5083c079974aff91c67b3823fd92e39
300054,15,guided,4,1,1,0,1,0.96,1.1272,0,dbfcecc40f51d65668c530f0ac480c9eb5083c079974aff91c67b3823fd92e39
300055,0,random,16,1,1,0,1,0.84,1.008,5,55257c98258f24bc11470aab7e29ddb3c737a4f11e17476d823bbba2a8be5330
300055,1,random,13,1,1,0,1,0.87,1.0188000000000001,2,9718e1b2efbe0863bd2ab42d6aeaca4aa299dbec3c5fa3c78f9a3dbb2db61e9b
300055,2,random,32,0,0,1,1,-0.3200000000000001,-0.08479999999999989,10,26a9c4af27fd7144b16c83f2a82b2d09697573bcb05212720d0c37973a606d03
300055,3,random,32,0,0,1,1,-0.3200000000000001,-0.019999999999999796,8,7aecc9704e4cc596fcdb8fe73d4edadbadbf126581a7bb77a5ff24d53040b4a2
300055,4,random,32,0,0,1,1,-0.3200000000000001,-0.07759999999999989,8,39efa4cef71a1f85a1a898bd60b45028685b27ddeb00ac96af0b901df4d949cd
300055,5,random,32,0,0,1,1,-0.3200000000000001,-0.07759999999999993,11,6b6dc8749f64f348fb80732de6313321c85e288df62859f74305a93003a3d4a4
300055,6,random,25,1,1,0,1,0.7499999999999999,0.9384,6,ce06c4325309ca50f7b0de25034047d891129e19ec3961191b61c2c8d558826a
300055,7,random,32,0,0,1,1,-0.3200000000000001,-0.04999999999999988,10,8eaafcff9698f918bd3a3879e70259ed559dfb4e20db72dc8bc11f146ee7e17e
300055,8,guided,3,1,1,0,1,0.97,1.0936,0,c4ef355cc62a477b1a46ebdd3cf5b353e4b40a13769c53726cf0e0a9d6922968
300055,9,guided,3,1,1,0,1,0.97,1.0936,0,c4ef355cc62a477b1a46ebdd3cf5b353e4b40a13769c53726cf0e0a9d6922968
300055,10,guided,3,1,1,0,1,0.97,1.0936,0,c4ef355cc62a477b1a46ebdd3cf5b353e4b40a13769c53726cf0e0a9d6922968
300055,11,guided,3,1,1,0,1,0.97,1.0936,0,c4ef355cc62a477b1a46ebdd3cf5b353e4b40a13769c53726cf0e0a9d6922968
300055,12,guided,3,1,1,0,1,0.97,1.0936,0,c4ef355cc62a477b1a46ebdd3cf5b353e4b40a13769c53726cf0e0a9d6922968
300055,13,guided,3,1,1,0,1,0.97,1.0936,0,c4ef355cc62a477b1a46ebdd3cf5b353e4b40a13769c53726cf0e0a9d6922968
300055,14,guided,3,1,1,0,1,0.97,1.0936,0,c4ef355cc62a477b1a46ebdd3cf5b353e4b40a13769c53726cf0e0a9d6922968
300055,15,guided,3,1,1,0,1,0.97,1.0936,0,c4ef355cc62a477b1a46ebdd3cf5b353e4b40a13769c53726cf0e0a9d6922968
300056,0,random,25,1,1,0,1,0.7499999999999999,0.9636000000000001,8,eeb9674fd47d6cbe0f992e4eaa9a10432ccb7ea82c74014b4261722a51bebb4c
300056,1,random,32,0,0,1,1,-0.3200000000000001,-0.09199999999999987,13,b4d9ba5922cd6a8d765e21b535242bd6326f14f67da7382157efa89e18eedd44
300056,2,random,10,1,1,0,1,0.9,1.0464,3,13448aba3caa6a68bd585e8b0d1c15e7b683d475087eb9a6a76fc39a3f40c581
300056,3,random,32,0,0,1,1,-0.3200000000000001,-0.07999999999999988,12,69119fa56aa1f11ea529df8ae0298872abe3622ab8fc4a98d41120ebe2d706ac
300056,4,random,26,1,1,0,1,0.74,0.9584000000000001,11,c6f75dc3328e797cc99dcce0e20e8ef271f128f5059648f102cffda6b1ad20de
300056,5,random,32,0,0,1,1,-0.3200000000000001,-0.07999999999999996,12,2663bb5012c633f567a31a231f328790b30f60c185ffbd5a0db11cbde4452345
300056,6,random,8,1,1,0,1,0.9199999999999999,1.0604,3,f29692c08ca466dd72b7f9fdcd2ee62f8aec43535e6a4064064e29e5100278cb
300056,7,random,32,0,0,1,1,-0.3200000000000001,-0.036799999999999805,9,23971ed148d04d5dc56ce764ab091b84e8b67c97e802da9b190a7978f09e5db0
300056,8,guided,3,1,1,0,1,0.97,1.0936,0,f5187cad6600f629fcbf8d9636e8945cc9306ae0847385089da98b6236da045b
300056,9,guided,3,1,1,0,1,0.97,1.0936,0,f5187cad6600f629fcbf8d9636e8945cc9306ae0847385089da98b6236da045b
300056,10,guided,3,1,1,0,1,0.97,1.0936,0,f5187cad6600f629fcbf8d9636e8945cc9306ae0847385089da98b6236da045b
300056,11,guided,3,1,1,0,1,0.97,1.0936,0,f5187cad6600f629fcbf8d9636e8945cc9306ae0847385089da98b6236da045b
300056,12,guided,3,1,1,0,1,0.97,1.0936,0,f5187cad6600f629fcbf8d9636e8945cc9306ae0847385089da98b6236da045b
300056,13,guided,3,1,1,0,1,0.97,1.0936,0,f5187cad6600f629fcbf8d9636e8945cc9306ae0847385089da98b6236da045b
300056,14,guided,3,1,1,0,1,0.97,1.0936,0,f5187cad6600f629fcbf8d9636e8945cc9306ae0847385089da98b6236da045b
300056,15,guided,3,1,1,0,1,0.97,1.0936,0,f5187cad6600f629fcbf8d9636e8945cc9306ae0847385089da98b6236da045b
300057,0,random,32,0,0,1,1,-0.3200000000000001,0.0636000000000001,10,5ff158c0ceecd6594d4066b82e3ff99178c3b2f10bceeb9676a0857e8b7fba81
300057,1,random,32,0,0,1,1,-0.3200000000000001,0.05760000000000015,10,55a696ed4b8228270a8802172641f28529bed18158857f139245fbfa288658aa
300057,2,random,18,1,1,0,1,0.82,1.1148,7,cb08fe399b987fd6a2ab122ae73e76fe81a04afc0e93e29bea76fa32e5fb5b3a
300057,3,random,32,0,0,1,1,-0.3200000000000001,0.1140000000000002,19,124f1fbc09d705d921177518bfdc03325fa65ed90e2dc03492dc15405a669268
300057,4,random,32,0,0,1,1,-0.3200000000000001,0.04920000000000013,7,5a9db02f289786bc98a1defe22e7cbd8355687ee0f5638aa12e11b5ad6f41c0e
300057,5,random,22,1,1,0,1,0.7799999999999999,1.0676,9,bcb0d9bc22e4169f0bddb4472bd958f323f40584537dc98cce8465b52bd59efe
300057,6,random,9,1,1,0,1,0.91,1.1268,4,87ba83c632ebf23959d63ae3bcec0a2b23fb9d1cb95e258437e602def81bf4a9
300057,7,random,32,0,0,1,1,-0.3200000000000001,0.09720000000000018,7,4fa6f7c279975e8c72052db26316532966a14d99a374ace7b2b33d5f2f29cf9f
300057,8,guided,5,1,1,0,1,0.95,1.162,0,2d4386ef2706f85a71de4578241616610e16ee7ff27dbae91cd9d9e893e1be5e
300057,9,guided,5,1,1,0,1,0.95,1.162,0,2d4386ef2706f85a71de4578241616610e16ee7ff27dbae91cd9d9e893e1be5e
300057,10,guided,5,1,1,0,1,0.95,1.162,0,2d4386ef2706f85a71de4578241616610e16ee7ff27dbae91cd9d9e893e1be5e
300057,11,guided,5,1,1,0,1,0.95,1.162,0,2d4386ef2706f85a71de4578241616610e16ee7ff27dbae91cd9d9e893e1be5e
300057,12,guided,5,1,1,0,1,0.95,1.162,0,2d4386ef2706f85a71de4578241616610e16ee7ff27dbae91cd9d9e893e1be5e
300057,13,guided,5,1,1,0,1,0.95,1.162,0,2d4386ef2706f85a71de4578241616610e16ee7ff27dbae91cd9d9e893e1be5e
300057,14,guided,5,1,1,0,1,0.95,1.162,0,2d4386ef2706f85a71de4578241616610e16ee7ff27dbae91cd9d9e893e1be5e
300057,15,guided,5,1,1,0,1,0.95,1.162,0,2d4386ef2706f85a71de4578241616610e16ee7ff27dbae91cd9d9e893e1be5e
300058,0,random,20,1,1,0,1,0.7999999999999999,1.1288,4,644ed52d499adbed38bc2805e7ad5fa41e9bb9213648d4ef6a83c2d9003a8444
300058,1,random,29,1,1,0,1,0.71,1.0988000000000002,9,6f72d7ca47ce42845c60a2e2456ae2e35da7470f2d0b9f528091d1d9d4473f8c
300058,2,random,32,0,0,1,1,-0.3200000000000001,0.058000000000000135,9,726818f36eef2ddbc1c0d05eba1158383970cdc65c9c1287cb8e71ef395e3fa2
300058,3,random,32,0,0,1,1,-0.3200000000000001,0.14440000000000014,12,093e737669cd1084aabde3df23cbe4cefcf88b5b71884479a8715ba3f84b2124
300058,4,random,32,0,0,1,1,-0.3200000000000001,0.07600000000000011,8,b5926b86ccf6b1b067c6cc238fbcfba1aa92e8af2bb7d76e347c8e433959f6a4
300058,5,random,32,0,0,1,1,-0.3200000000000001,0.05800000000000011,9,22b10e60aef6777a52f1eb623b8cb455869b6eea281d4648fe3ddf5711e1f6a4
300058,6,random,9,1,1,0,1,0.91,1.1896,1,b8d095505f13922e70de95e0b2945b59b399b12db0b89fb9e2031cd059265021
300058,7,random,32,0,0,1,1,-0.3200000000000001,0.05800000000000009,9,46caa61040ed4c364556e543e343770bd31f19c476dcef41e3fa7fc35c302859
300058,8,guided,32,0,0,1,1,-0.3200000000000001,0.001600000000000129,28,c435123af4dea12452eeca374327ebe800c4d394789859d69c648698350dd2db
300058,9,guided,32,0,0,1,1,-0.3200000000000001,0.001600000000000129,28,c435123af4dea12452eeca374327ebe800c4d394789859d69c648698350dd2db
300058,10,guided,32,0,0,1,1,-0.3200000000000001,0.001600000000000129,28,c435123af4dea12452eeca374327ebe800c4d394789859d69c648698350dd2db
300058,11,guided,32,0,0,1,1,-0.3200000000000001,0.001600000000000129,28,c435123af4dea12452eeca374327ebe800c4d394789859d69c648698350dd2db
300058,12,guided,32,0,0,1,1,-0.3200000000000001,0.001600000000000129,28,c435123af4dea12452eeca374327ebe800c4d394789859d69c648698350dd2db
300058,13,guided,32,0,0,1,1,-0.3200000000000001,0.001600000000000129,28,c435123af4dea12452eeca374327ebe800c4d394789859d69c648698350dd2db
300058,14,guided,32,0,0,1,1,-0.3200000000000001,0.001600000000000129,28,c435123af4dea12452eeca374327ebe800c4d394789859d69c648698350dd2db
300058,15,guided,32,0,0,1,1,-0.3200000000000001,0.001600000000000129,28,c435123af4dea12452eeca374327ebe800c4d394789859d69c648698350dd2db
300059,0,random,32,0,0,1,1,-0.3200000000000001,0.008400000000000095,13,107716b43d4003c6b712c55939c2699086b23770d642bead3adba44e22b69c94
300059,1,random,32,0,0,1,1,-0.3200000000000001,0.03000000000000011,15,57032bee809ae7edb31719c795d56b9453197f063fcc3aeb829e19c9176e9158
300059,2,random,32,0,0,1,1,-0.3200000000000001,0.04560000000000017,8,52a98a38f45df47d4b2ef8a46269006884dd0e4aeb62aa301422041ec81710ff
300059,3,random,32,0,0,1,1,-0.3200000000000001,0.03720000000000014,10,2a24084bac4dff7365efb6d3fce16c1ed53dd682418412f8b2ac3528ca010e47
300059,4,random,32,0,0,1,1,-0.3200000000000001,0.020400000000000126,7,e81076f5b347f86362281616b0ab5c08585b2780ab26cebdae714ba51f205faa
300059,5,random,32,0,0,1,1,-0.3200000000000001,0.03000000000000011,8,b2292c02e2717e83ddd81ae9fd86bcb0f4a1699e5f4983c0aa6cb01293503d67
300059,6,random,32,0,0,1,1,-0.3200000000000001,0.04200000000000012,17,034feb2d1cf85abb3d1e6705b2af7c238909fc04b614a0254bc85accd21963a0
300059,7,random,21,1,1,0,1,0.7899999999999999,1.0776000000000001,10,2e4db62d069b1e98b098648fb7a7300d027238d5666055663bdab262eb954ee0
300059,8,guided,32,0,0,1,1,-0.3200000000000001,-0.010799999999999865,29,4cabc95cc1195a185a65c79df6944d0d4a777e1c45dbcfe325e6154a12c9ed55
300059,9,guided,32,0,0,1,1,-0.3200000000000001,-0.010799999999999865,29,4cabc95cc1195a185a65c79df6944d0d4a777e1c45dbcfe325e6154a12c9ed55
300059,10,guided,32,0,0,1,1,-0.3200000000000001,-0.010799999999999865,29,4cabc95cc1195a185a65c79df6944d0d4a777e1c45dbcfe325e6154a12c9ed55
300059,11,guided,32,0,0,1,1,-0.3200000000000001,-0.010799999999999865,29,4cabc95cc1195a185a65c79df6944d0d4a777e1c45dbcfe325e6154a12c9ed55
300059,12,guided,32,0,0,1,1,-0.3200000000000001,-0.010799999999999865,29,4cabc95cc1195a185a65c79df6944d0d4a777e1c45dbcfe325e6154a12c9ed55
300059,13,guided,32,0,0,1,1,-0.3200000000000001,-0.010799999999999865,29,4cabc95cc1195a185a65c79df6944d0d4a777e1c45dbcfe325e6154a12c9ed55
300059,14,guided,32,0,0,1,1,-0.3200000000000001,-0.010799999999999865,29,4cabc95cc1195a185a65c79df6944d0d4a777e1c45dbcfe325e6154a12c9ed55
300059,15,guided,32,0,0,1,1,-0.3200000000000001,-0.010799999999999865,29,4cabc95cc1195a185a65c79df6944d0d4a777e1c45dbcfe325e6154a12c9ed55
300060,0,random,30,1,1,0,1,0.7,0.9700000000000001,13,988623d64ba8c454a8e977c35543d0bd999415a442619b294729af5353482f28
300060,1,random,10,1,1,0,1,0.9,1.05,5,c1c2e87dd4b2d621a19f73c2802158882c4ade2aebd2035a2575725632f44af5
300060,2,random,20,1,1,0,1,0.7999999999999999,0.9956,7,a62724a0a89cb9acb3cfcf0398673495bac494c8df22a5b02a9cb24c19fa57c1
300060,3,random,19,1,1,0,1,0.8099999999999999,0.996,6,29256bcdff8b872676e38bb06e46918b641bceb654eeb92e573a57a272c0c388
300060,4,random,32,0,0,1,1,-0.3200000000000001,-0.04999999999999988,13,d86aa8af3f75ea153d80308a4d3125ffada8237abc8b46ab0e739c4e0d6aa883
300060,5,random,32,0,0,1,1,-0.3200000000000001,-0.068,13,b114925f1c13d23358ce12abb479c44899c8c2c23b34804436506eabe6d5b7e6
300060,6,random,12,1,1,0,1,0.88,1.048,3,ef0049069949e7558bde488444a8b611b17eb240f9385e0c1dee6c5104b436e8
300060,7,random,18,1,1,0,1,0.82,0.9808,9,d1638edaee5e7606089bc2c6059b56894890a7ae5e80ce11e77145f78c7d56c0
300060,8,guided,3,1,1,0,1,0.97,1.0936,0,32ec5a763d64b3e3f3c4fa1aadfb4c0310cac12fba441bfe11a75086d639a26c
300060,9,guided,3,1,1,0,1,0.97,1.0936,0,32ec5a763d64b3e3f3c4fa1aadfb4c0310cac12fba441bfe11a75086d639a26c
300060,10,guided,3,1,1,0,1,0.97,1.0936,0,32ec5a763d64b3e3f3c4fa1aadfb4c0310cac12fba441bfe11a75086d639a26c
300060,11,guided,3,1,1,0,1,0.97,1.0936,0,32ec5a763d64b3e3f3c4fa1aadfb4c0310cac12fba441bfe11a75086d639a26c
300060,12,guided,3,1,1,0,1,0.97,1.0936,0,32ec5a763d64b3e3f3c4fa1aadfb4c0310cac12fba441bfe11a75086d639a26c
300060,13,guided,3,1,1,0,1,0.97,1.0936,0,32ec5a763d64b3e3f3c4fa1aadfb4c0310cac12fba441bfe11a75086d639a26c
300060,14,guided,3,1,1,0,1,0.97,1.0936,0,32ec5a763d64b3e3f3c4fa1aadfb4c0310cac12fba441bfe11a75086d639a26c
300060,15,guided,3,1,1,0,1,0.97,1.0936,0,32ec5a763d64b3e3f3c4fa1aadfb4c0310cac12fba441bfe11a75086d639a26c
300061,0,random,32,0,0,1,1,-0.3200000000000001,0.07680000000000013,9,72e17ffe85d001e22b2943a8e39b0f2a8860fbd37ea1d9db49282b236532df44
300061,1,random,31,1,1,0,1,0.69,1.0364000000000002,6,a5ca51c6b7a30c966e56847b4e828bc2ec2485d292c24efc92a8ea5433ebfdf9
300061,2,random,32,0,0,1,1,-0.3200000000000001,0.03600000000000014,6,4269f66132880f2fca4dd9c6cca9d188c5841975b0062cccca7416cf7725d501
300061,3,random,32,0,0,1,1,-0.3200000000000001,0.010800000000000129,11,105494187ed729a599134dfa68f03ea13d151530f0663c7f244a5a1e96944726
300061,4,random,32,0,0,1,1,-0.3200000000000001,0.07560000000000017,11,98907cea8321b06989a7df312bf62810fdeee4d06d0b31c2923046251a98640b
300061,5,random,32,0,0,1,1,-0.3200000000000001,0.024000000000000132,12,86abc3fe9313aa46cb24d250cc051c63f41d7b7be1afbe99845d9c69180c12f0
300061,6,random,32,0,0,1,1,-0.3200000000000001,0.02280000000000014,3,5f609f4a3a6d22d7dee787d585cb7a1e1b8287f79790ef2d92dc3f710ecee6ee
300061,7,random,32,0,0,1,1,-0.3200000000000001,0.11160000000000021,13,75877df8728da4bd7f094c2e842486089f48139fa393f0eebac716de64d60336
300061,8,guided,13,1,1,0,1,0.87,1.0916000000000001,8,e74b0ad14d06daf134dc72aeefbc1dd3b40e454005bc72603442c31cc4390db8
300061,9,guided,13,1,1,0,1,0.87,1.0916000000000001,8,e74b0ad14d06daf134dc72aeefbc1dd3b40e454005bc72603442c31cc4390db8
300061,10,guided,13,1,1,0,1,0.87,1.0916000000000001,8,e74b0ad14d06daf134dc72aeefbc1dd3b40e454005bc72603442c31cc4390db8
300061,11,guided,13,1,1,0,1,0.87,1.0916000000000001,8,e74b0ad14d06daf134dc72aeefbc1dd3b40e454005bc72603442c31cc4390db8
300061,12,guided,13,1,1,0,1,0.87,1.0916000000000001,8,e74b0ad14d06daf134dc72aeefbc1dd3b40e454005bc72603442c31cc4390db8
300061,13,guided,13,1,1,0,1,0.87,1.0916000000000001,8,e74b0ad14d06daf134dc72aeefbc1dd3b40e454005bc72603442c31cc4390db8
300061,14,guided,13,1,1,0,1,0.87,1.0916000000000001,8,e74b0ad14d06daf134dc72aeefbc1dd3b40e454005bc72603442c31cc4390db8
300061,15,guided,13,1,1,0,1,0.87,1.0916000000000001,8,e74b0ad14d06daf134dc72aeefbc1dd3b40e454005bc72603442c31cc4390db8
300062,0,random,29,1,1,0,1,0.71,0.908,10,804d50202e00459bef7b75fde4eb5d7cdcecba0dea15f5ac0e58a216c6dfc5ab
300062,1,random,32,0,0,1,1,-0.3200000000000001,-0.11839999999999991,16,59689512ba753484194f34c14d8cda5ace326245c93a85cda935bc3cf18c4c51
300062,2,random,32,0,0,1,1,-0.3200000000000001,-0.10759999999999993,19,dd2155e7a136e4723e353ca47884b66e5b36de40c1a0eef6a3d45f85eb754637
300062,3,random,32,0,0,1,1,-0.3200000000000001,-0.12799999999999995,8,b38476d043d4b45e0691eab7ff082ffd9ea68c5f82384d2e2d86b18b274f7328
300062,4,random,8,1,1,0,1,0.9199999999999999,1.058,3,8f274a4021a02ebf03aa26af4065ed1ebe2bcf647bc9f4cddbf94ce3429c8b93
300062,5,random,12,1,1,0,1,0.88,1.0252000000000001,1,86168acdbfe27ec00c76dab5c6910221a667de9c7662979588ec09e2d3a84758
300062,6,random,32,0,0,1,1,-0.3200000000000001,-0.12079999999999992,19,b9c4fe1c8638a41261cd51661c9c3b2495714875753803a570b55a255c404f5c
300062,7,random,29,1,1,0,1,0.71,0.902,10,225d43757823a9d9070d36b485fcb176154a20d95bfcf6d434bd228161172803
300062,8,guided,3,1,1,0,1,0.97,1.0936,0,1e22f812477100f14741fe0c41f85c7a452d5d1072ce47bceb34581d781a2c4b
300062,9,guided,3,1,1,0,1,0.97,1.0936,0,1e22f812477100f14741fe0c41f85c7a452d5d1072ce47bceb34581d781a2c4b
300062,10,guided,3,1,1,0,1,0.97,1.0936,0,1e22f812477100f14741fe0c41f85c7a452d5d1072ce47bceb34581d781a2c4b
300062,11,guided,3,1,1,0,1,0.97,1.0936,0,1e22f812477100f14741fe0c41f85c7a452d5d1072ce47bceb34581d781a2c4b
300062,12,guided,3,1,1,0,1,0.97,1.0936,0,1e22f812477100f14741fe0c41f85c7a452d5d1072ce47bceb34581d781a2c4b
300062,13,guided,3,1,1,0,1,0.97,1.0936,0,1e22f812477100f14741fe0c41f85c7a452d5d1072ce47bceb34581d781a2c4b
300062,14,guided,3,1,1,0,1,0.97,1.0936,0,1e22f812477100f14741fe0c41f85c7a452d5d1072ce47bceb34581d781a2c4b
300062,15,guided,3,1,1,0,1,0.97,1.0936,0,1e22f812477100f14741fe0c41f85c7a452d5d1072ce47bceb34581d781a2c4b
300063,0,random,32,0,0,1,1,-0.3200000000000001,0.10240000000000013,16,c2101c446a662405bec42dd93103bcda6d95f42c539933d841c3faa7685fb9e8
300063,1,random,18,1,1,0,1,0.82,1.1428,6,4f5e8d5704a0755c375be565969fbb9d97c44ffa7e9ce3e6ca58dbf7efbaf278
300063,2,random,32,0,0,1,1,-0.3200000000000001,0.12640000000000012,12,dc92fa459ed699a5c7558949595a8071adf417e26b74042b01cbddc3fe2acfd9
300063,3,random,32,0,0,1,1,-0.3200000000000001,0.0808000000000001,14,58e106079662b1357000a8b48f9628d3e888fbc47489e3af8d30c422f50f4cee
300063,4,random,32,0,0,1,1,-0.3200000000000001,0.09760000000000013,14,e8f06a4024c9a1f7417f0c8126604e288e80801f7338798752584f28a8c81997
300063,5,random,32,0,0,1,1,-0.3200000000000001,0.08200000000000016,24,6a6b4f6612ec01e06759db9d3f892a38da8f69c605b20cab2cf3efe21aca2942
300063,6,random,32,0,0,1,1,-0.3200000000000001,0.11800000000000016,11,bd04995d82de44506a49aa7850a335d8e1cd477b6fdeabb82855a88c6618c5e8
300063,7,random,32,0,0,1,1,-0.3200000000000001,0.11560000000000015,13,2b7ca8a1d564ad6ac78e77bed9ffec77aa82f93797c2dbd8191c25b30ab18927
300063,8,guided,9,1,1,0,1,0.91,1.1752,3,a5d627879ec684c5a124217c3eb40c0cc6f8b378ef6d0d91cb78070289c7cbc6
300063,9,guided,9,1,1,0,1,0.91,1.1752,3,a5d627879ec684c5a124217c3eb40c0cc6f8b378ef6d0d91cb78070289c7cbc6
300063,10,guided,9,1,1,0,1,0.91,1.1752,3,a5d627879ec684c5a124217c3eb40c0cc6f8b378ef6d0d91cb78070289c7cbc6
300063,11,guided,9,1,1,0,1,0.91,1.1752,3,a5d627879ec684c5a124217c3eb40c0cc6f8b378ef6d0d91cb78070289c7cbc6
300063,12,guided,9,1,1,0,1,0.91,1.1752,3,a5d627879ec684c5a124217c3eb40c0cc6f8b378ef6d0d91cb78070289c7cbc6
300063,13,guided,9,1,1,0,1,0.91,1.1752,3,a5d627879ec684c5a124217c3eb40c0cc6f8b378ef6d0d91cb78070289c7cbc6
300063,14,guided,9,1,1,0,1,0.91,1.1752,3,a5d627879ec684c5a124217c3eb40c0cc6f8b378ef6d0d91cb78070289c7cbc6
300063,15,guided,9,1,1,0,1,0.91,1.1752,3,a5d627879ec684c5a124217c3eb40c0cc6f8b378ef6d0d91cb78070289c7cbc6
300064,0,random,32,0,0,1,1,-0.3200000000000001,0.15280000000000019,10,8d22a54839e67690e66f8ae994516a55a9ddc9ffc060f78da55367d3e51119d0
300064,1,random,32,0,0,1,1,-0.3200000000000001,0.13840000000000016,14,0da24aa4b8883a320787120d6bd3b846d7fbe5fc7f5c2a868da9c1623b99a40d
300064,2,random,32,0,0,1,1,-0.3200000000000001,0.17560000000000026,9,3541aef03df62874cbfe7d5a3a3506bb456234dd2d6f550ba5eb176ae0eb6cf9
300064,3,random,11,1,1,0,1,0.89,1.1636,3,bfc1df94afabd6b5dd590b12d88be905f09a125fb3d0e5c5535936e833aa5f6c
300064,4,random,32,0,0,1,1,-0.3200000000000001,0.17680000000000023,8,5d0105fbd3d19274c10c7d16d4e6fab861c3a51a0eee3f30d4629ef76d2a07da
300064,5,random,32,0,0,1,1,-0.3200000000000001,0.1852000000000003,6,499785bf36b298aa901e49deee05b2c3bf00cd149fe9f352a1a0237e28233356
300064,6,random,32,0,0,1,1,-0.3200000000000001,0.17440000000000022,14,e98e673f85e4cb28f89922f6f60804e56178ace81679de954efb8d22e15bfed4
300064,7,random,32,0,0,1,1,-0.3200000000000001,0.16840000000000027,8,e4e65920c255d9ae8bd58c3a98e80fbce7a70de62d1f280fc677348d7bf25a1b
300064,8,guided,17,1,1,0,1,0.83,1.1012,11,2bed61d618142dca11f6d3034735fc98c99faf73e8a428abd21d417c9eb28765
300064,9,guided,17,1,1,0,1,0.83,1.1012,11,2bed61d618142dca11f6d3034735fc98c99faf73e8a428abd21d417c9eb28765
300064,10,guided,17,1,1,0,1,0.83,1.1012,11,2bed61d618142dca11f6d3034735fc98c99faf73e8a428abd21d417c9eb28765
300064,11,guided,17,1,1,0,1,0.83,1.1012,11,2bed61d618142dca11f6d3034735fc98c99faf73e8a428abd21d417c9eb28765
300064,12,guided,17,1,1,0,1,0.83,1.1012,11,2bed61d618142dca11f6d3034735fc98c99faf73e8a428abd21d417c9eb28765
300064,13,guided,17,1,1,0,1,0.83,1.1012,11,2bed61d618142dca11f6d3034735fc98c99faf73e8a428abd21d417c9eb28765
300064,14,guided,17,1,1,0,1,0.83,1.1012,11,2bed61d618142dca11f6d3034735fc98c99faf73e8a428abd21d417c9eb28765
300064,15,guided,17,1,1,0,1,0.83,1.1012,11,2bed61d618142dca11f6d3034735fc98c99faf73e8a428abd21d417c9eb28765
300065,0,random,32,0,0,1,1,-0.3200000000000001,-0.04759999999999981,7,a5d5cb48cf9a58ff785a63541637b22829890bb4e7af7a567d9967dc49c15f39
300065,1,random,5,1,1,0,1,0.95,1.0796000000000001,0,d018c58d8805d82a06dcd163eeebb057cd2038921c516228377d0710546e3aaf
300065,2,random,11,1,1,0,1,0.89,1.0424,0,75c29f54bcb9c0c2f7d78f1382c67c40d6a5682349b5c3fbea1c66d6269cafe6
300065,3,random,32,0,0,1,1,-0.3200000000000001,-0.03679999999999975,8,d837cf77713064de1bc56aab5e21254866d6927ae1899bb861868bdda2b0b5cb
300065,4,random,32,0,0,1,1,-0.3200000000000001,-0.04999999999999988,4,be5b6061c2f334bf6c722f43a0e89ddf4bfa9bf799ace32cb8b958606d80034a
300065,5,random,32,0,0,1,1,-0.3200000000000001,-0.05959999999999989,5,1fc8faec172779d4e60102782118f6579355649824d247189bd0bdd254cccc5e
300065,6,random,32,0,0,1,1,-0.3200000000000001,-0.047599999999999865,4,bbe50e74160fcc583fc46dcfff7db8996fef8835a62a8f1a942b513b41cd155e
300065,7,random,23,1,1,0,1,0.7699999999999999,0.9884000000000001,2,f075bbf1c9195d1e1252c69281f030fbf363b78b962914569e8ce6a407497bca
300065,8,guided,3,1,1,0,1,0.97,1.0936,0,f9ce67396048017b1cbfe1164f9545f1c07ab7cec7d8e8b347f35f791ddaab2a
300065,9,guided,3,1,1,0,1,0.97,1.0936,0,f9ce67396048017b1cbfe1164f9545f1c07ab7cec7d8e8b347f35f791ddaab2a
300065,10,guided,3,1,1,0,1,0.97,1.0936,0,f9ce67396048017b1cbfe1164f9545f1c07ab7cec7d8e8b347f35f791ddaab2a
300065,11,guided,3,1,1,0,1,0.97,1.0936,0,f9ce67396048017b1cbfe1164f9545f1c07ab7cec7d8e8b347f35f791ddaab2a
300065,12,guided,3,1,1,0,1,0.97,1.0936,0,f9ce67396048017b1cbfe1164f9545f1c07ab7cec7d8e8b347f35f791ddaab2a
300065,13,guided,3,1,1,0,1,0.97,1.0936,0,f9ce67396048017b1cbfe1164f9545f1c07ab7cec7d8e8b347f35f791ddaab2a
300065,14,guided,3,1,1,0,1,0.97,1.0936,0,f9ce67396048017b1cbfe1164f9545f1c07ab7cec7d8e8b347f35f791ddaab2a
300065,15,guided,3,1,1,0,1,0.97,1.0936,0,f9ce67396048017b1cbfe1164f9545f1c07ab7cec7d8e8b347f35f791ddaab2a
300066,0,random,4,1,1,0,1,0.96,1.0448,2,480049cccd8efd5b759025f2ad57d3c317b231d527807b96d535e73b110138b3
300066,1,random,4,1,1,0,1,0.96,1.0448,0,9e97596fe85d7b20c5483a2b173baac9c2b4c51895d5a0ce812f0df525b18388
300066,2,random,32,0,0,1,1,-0.3200000000000001,-0.13199999999999995,9,721330ca7618858abf1b0b78fa1b7f645374d0b6f45e445568af361fed26ffe2
300066,3,random,32,0,0,1,1,-0.3200000000000001,-0.12119999999999997,8,3ad197bd62ce0841c1046d015e38c499ca535ddf486b21cd7fcb995d7a239a12
300066,4,random,3,1,1,0,1,0.97,1.0524,1,d7daf973ba0d8cd7eaeb03a7dc662b597dc8685780ca2ed2b564224736a5effa
300066,5,random,23,1,1,0,1,0.7699999999999999,0.9400000000000001,5,3d20add798506c0d22a778ee7e6cb2bfbee36da18d21a6242f0e5e10cb2c1d3a
300066,6,random,8,1,1,0,1,0.9199999999999999,1.0144,0,c21242ba14da3ab3cda2923d09fad599ecb47a68da0270a48eab6310d653c06b
300066,7,random,5,1,1,0,1,0.95,1.0396,1,52c83887a3faa706a5369e69fa07998ea77780c0b8b0b8d8e2b06c7ae015ca86
300066,8,guided,12,1,1,0,1,0.88,0.9732000000000001,10,29563787e8012902f6f5fa627898a06f3b6dae1bad6e62e58107b83133ce4774
300066,9,guided,12,1,1,0,1,0.88,0.9732000000000001,10,29563787e8012902f6f5fa627898a06f3b6dae1bad6e62e58107b83133ce4774
300066,10,guided,12,1,1,0,1,0.88,0.9732000000000001,10,29563787e8012902f6f5fa627898a06f3b6dae1bad6e62e58107b83133ce4774
300066,11,guided,12,1,1,0,1,0.88,0.9732000000000001,10,29563787e8012902f6f5fa627898a06f3b6dae1bad6e62e58107b83133ce4774
300066,12,guided,12,1,1,0,1,0.88,0.9732000000000001,10,29563787e8012902f6f5fa627898a06f3b6dae1bad6e62e58107b83133ce4774
300066,13,guided,12,1,1,0,1,0.88,0.9732000000000001,10,29563787e8012902f6f5fa627898a06f3b6dae1bad6e62e58107b83133ce4774
300066,14,guided,12,1,1,0,1,0.88,0.9732000000000001,10,29563787e8012902f6f5fa627898a06f3b6dae1bad6e62e58107b83133ce4774
300066,15,guided,12,1,1,0,1,0.88,0.9732000000000001,10,29563787e8012902f6f5fa627898a06f3b6dae1bad6e62e58107b83133ce4774
300067,0,random,32,0,0,1,1,-0.3200000000000001,-0.03759999999999991,5,43e49faeb3612444c2578000054020686ca634bd956ac70a79d00c2c7fcbf3f3
300067,1,random,32,1,1,0,1,0.6799999999999999,1.0248000000000002,20,14adaee05dd8bca2699301511e0fd89d7ebe7d5485e7d3014486f5392ce0e93b
300067,2,random,32,0,0,1,1,-0.3200000000000001,-0.015999999999999875,11,5ce4bb84f5fbffc4d31f2d23771e1ffd47629637fa91a21849402476ad606d8a
300067,3,random,32,0,0,1,1,-0.3200000000000001,0.03080000000000016,15,82c3c5006acfd29361e379bc4832f7613afa3124bb0a0daea9e12e8412f4d7d2
300067,4,random,32,0,0,1,1,-0.3200000000000001,0.02120000000000022,15,9400355a18af878f5b8c4ab05a38f5d9fa92b9c89cd08763c1dc05d70c338c48
300067,5,random,31,1,1,0,1,0.69,0.9964000000000001,11,0c5ce7089f7ac6d1c68f81f99f45d00aeebf44826d304d2c7589ea5541b8e964
300067,6,random,32,0,0,1,1,-0.3200000000000001,0.030800000000000147,16,3dc5521550c1539b8b6c6edd915654a6afbb0798da2553c7a2676288578ea86e
300067,7,random,19,1,1,0,1,0.8099999999999999,1.0408000000000002,9,3e6542ff8054b8762c4c17d6842d7bea5a72e081c123016a62a80522e7f9ab82
300067,8,guided,4,1,1,0,1,0.96,1.1272,0,4bec597966559700a89a09a93a48cf528026b59f29a8173b4f3bdd10a7d60597
300067,9,guided,4,1,1,0,1,0.96,1.1272,0,4bec597966559700a89a09a93a48cf528026b59f29a8173b4f3bdd10a7d60597
300067,10,guided,4,1,1,0,1,0.96,1.1272,0,4bec597966559700a89a09a93a48cf528026b59f29a8173b4f3bdd10a7d60597
300067,11,guided,4,1,1,0,1,0.96,1.1272,0,4bec597966559700a89a09a93a48cf528026b59f29a8173b4f3bdd10a7d60597
300067,12,guided,4,1,1,0,1,0.96,1.1272,0,4bec597966559700a89a09a93a48cf528026b59f29a8173b4f3bdd10a7d60597
300067,13,guided,4,1,1,0,1,0.96,1.1272,0,4bec597966559700a89a09a93a48cf528026b59f29a8173b4f3bdd10a7d60597
300067,14,guided,4,1,1,0,1,0.96,1.1272,0,4bec597966559700a89a09a93a48cf528026b59f29a8173b4f3bdd10a7d60597
300067,15,guided,4,1,1,0,1,0.96,1.1272,0,4bec597966559700a89a09a93a48cf528026b59f29a8173b4f3bdd10a7d60597
300068,0,random,32,0,0,1,1,-0.3200000000000001,-0.10799999999999993,12,798b6953f848b9662b5745bac5d5c982a1d22141fedfb2cfeee9cf9ecae7fbee
300068,1,random,32,0,0,1,1,-0.3200000000000001,-0.12479999999999983,19,eaf24ec42b2a0bc801e60f0df9bc608c2a9dd409c0d3bb3b7dbe27d5c4bff1ea
300068,2,random,5,1,1,0,1,0.95,1.0408,1,25a012018b4a5603bab1acf544584fd7406bec534d9631e026fa848f7f0de7db
300068,3,random,4,1,1,0,1,0.96,1.0472000000000001,0,e4e5e41ee649100bf02246be0f528f28e0773ffc9b9893779ef292c514e55e6a
300068,4,random,17,1,1,0,1,0.83,0.9688000000000001,7,aec064584448ff41e0d62575a51f4c1dbe428c9d9a24e0be058f43a7351370bb
300068,5,random,21,1,1,0,1,0.7899999999999999,0.9444000000000001,5,2cf5416706210064f29de9f997d348e6066b0b8636fa6301f69fb6664173f9b5
300068,6,random,32,0,0,1,1,-0.3200000000000001,-0.09239999999999994,19,f099b717de25b82df2971e5b5847417fffa316136ece06fb2ccc57d6fc8b5f8c
300068,7,random,30,1,1,0,1,0.7,0.8880000000000001,6,bb90973125802928b4db7bcaae6afa64adfe58944a34ede8521f0b22e104b7d0
300068,8,guided,2,1,1,0,1,0.98,1.0612,0,9cd2e3b59451591560896cf53c78130027ef256d5afbe9686f80dcb86c6a1625
300068,9,guided,2,1,1,0,1,0.98,1.0612,0,9cd2e3b59451591560896cf53c78130027ef256d5afbe9686f80dcb86c6a1625
300068,10,guided,2,1,1,0,1,0.98,1.0612,0,9cd2e3b59451591560896cf53c78130027ef256d5afbe9686f80dcb86c6a1625
300068,11,guided,2,1,1,0,1,0.98,1.0612,0,9cd2e3b59451591560896cf53c78130027ef256d5afbe9686f80dcb86c6a1625
300068,12,guided,2,1,1,0,1,0.98,1.0612,0,9cd2e3b59451591560896cf53c78130027ef256d5afbe9686f80dcb86c6a1625
300068,13,guided,2,1,1,0,1,0.98,1.0612,0,9cd2e3b59451591560896cf53c78130027ef256d5afbe9686f80dcb86c6a1625
300068,14,guided,2,1,1,0,1,0.98,1.0612,0,9cd2e3b59451591560896cf53c78130027ef256d5afbe9686f80dcb86c6a1625
300068,15,guided,2,1,1,0,1,0.98,1.0612,0,9cd2e3b59451591560896cf53c78130027ef256d5afbe9686f80dcb86c6a1625
300069,0,random,32,0,0,1,1,-0.3200000000000001,0.0008000000000001617,9,ed8f53f2ef2469080dcb0a603bd39589f67e8ff3753be340288312fe52b1de2e
300069,1,random,17,1,1,0,1,0.83,1.0476,5,717b46d3554619187fc8f2e6c678dc57ecc452183559fd1c949145383fcd5622
300069,2,random,16,1,1,0,1,0.84,1.0456,6,96694b516ab5c5e9a430a5c19cf67cd28e168878a85367435fc4b5f0339eb6a0
300069,3,random,32,0,0,1,1,-0.3200000000000001,-0.05559999999999991,6,27efd6d00a94fe6654d0615851af71f0884f1fcaec6d18103d445080287b9248
300069,4,random,32,0,0,1,1,-0.3200000000000001,0.008000000000000174,15,68fc01a103795523877bbdb61ee675103dd4ba88edaa347160d0670883152b7f
300069,5,random,32,0,0,1,1,-0.3200000000000001,-0.03279999999999984,14,b51c5bd6c01ccb4356d9b942616be779498d84fe2e53806eba5a96c73180d642
300069,6,random,32,0,0,1,1,-0.3200000000000001,0.033200000000000174,13,fdd426137b9d87d77912c7bc0ec657eab96334ea5e586682faeb983215f20b01
300069,7,random,32,0,0,1,1,-0.3200000000000001,-0.0015999999999998793,3,583ffb9c7e459ae8497d2ad892408e5645ca88bd7aea5fbfac32812152da5fdf
300069,8,guided,32,0,0,1,1,-0.3200000000000001,-0.011199999999999766,32,e601b0aab80563313e2329b09f76a18eb13efa4f1575a85605a743bc1af52b0b
300069,9,guided,32,0,0,1,1,-0.3200000000000001,-0.011199999999999766,32,e601b0aab80563313e2329b09f76a18eb13efa4f1575a85605a743bc1af52b0b
300069,10,guided,32,0,0,1,1,-0.3200000000000001,-0.011199999999999766,32,e601b0aab80563313e2329b09f76a18eb13efa4f1575a85605a743bc1af52b0b
300069,11,guided,32,0,0,1,1,-0.3200000000000001,-0.011199999999999766,32,e601b0aab80563313e2329b09f76a18eb13efa4f1575a85605a743bc1af52b0b
300069,12,guided,32,0,0,1,1,-0.3200000000000001,-0.011199999999999766,32,e601b0aab80563313e2329b09f76a18eb13efa4f1575a85605a743bc1af52b0b
300069,13,guided,32,0,0,1,1,-0.3200000000000001,-0.011199999999999766,32,e601b0aab80563313e2329b09f76a18eb13efa4f1575a85605a743bc1af52b0b
300069,14,guided,32,0,0,1,1,-0.3200000000000001,-0.011199999999999766,32,e601b0aab80563313e2329b09f76a18eb13efa4f1575a85605a743bc1af52b0b
300069,15,guided,32,0,0,1,1,-0.3200000000000001,-0.011199999999999766,32,e601b0aab80563313e2329b09f76a18eb13efa4f1575a85605a743bc1af52b0b
300070,0,random,32,0,0,1,1,-0.3200000000000001,-0.014799999999999883,19,76412bea26ab7e8914e2576403e2f06fb7fb49d54e1496d5734dd3ac2d04fbbe
300070,1,random,30,1,1,0,1,0.7,0.9716000000000001,16,3c118a688784206df267ca4e0ced051e5f5ac8a9ac4bc0827c6d921591848bca
300070,2,random,20,1,1,0,1,0.7999999999999999,1.0464000000000002,10,75e41ee08ca16bdef76ac66e0ff64892937c91529c5f5048b4c560b633a00b20
300070,3,random,32,0,0,1,1,-0.3200000000000001,-0.024399999999999866,19,b1aba333566e8dd2f74ee9209e7121a27989edb4a260bbd9db3a481aa96054dd
300070,4,random,32,0,0,1,1,-0.3200000000000001,-0.031599999999999864,17,e64a29e1d3a735db9208c75eea9175b9c042f06f5c6137f6efcdbb18d1f2945b
300070,5,random,32,0,0,1,1,-0.3200000000000001,-0.003999999999999837,20,0fb790769bee8e2c3a59023b089d11db62dec86e505d93c3551c6a7f12aa238c
300070,6,random,19,1,1,0,1,0.8099999999999999,1.0552000000000001,11,48627311082c3ad052d919e6eb15db954a4c41f4666296a71755e8ac132b16ab
300070,7,random,32,0,0,1,1,-0.3200000000000001,-0.04479999999999988,14,65068c0c525a8016a543f32c5d811a9da2071fab2f98d0978538c63183409c14
300070,8,guided,4,1,1,0,1,0.96,1.1272,0,700f04009067d972ed739716e58e47e6c064e8fb7b591c786da679c21f6471ae
300070,9,guided,4,1,1,0,1,0.96,1.1272,0,700f04009067d972ed739716e58e47e6c064e8fb7b591c786da679c21f6471ae
300070,10,guided,4,1,1,0,1,0.96,1.1272,0,700f04009067d972ed739716e58e47e6c064e8fb7b591c786da679c21f6471ae
300070,11,guided,4,1,1,0,1,0.96,1.1272,0,700f04009067d972ed739716e58e47e6c064e8fb7b591c786da679c21f6471ae
300070,12,guided,4,1,1,0,1,0.96,1.1272,0,700f04009067d972ed739716e58e47e6c064e8fb7b591c786da679c21f6471ae
300070,13,guided,4,1,1,0,1,0.96,1.1272,0,700f04009067d972ed739716e58e47e6c064e8fb7b591c786da679c21f6471ae
300070,14,guided,4,1,1,0,1,0.96,1.1272,0,700f04009067d972ed739716e58e47e6c064e8fb7b591c786da679c21f6471ae
300070,15,guided,4,1,1,0,1,0.96,1.1272,0,700f04009067d972ed739716e58e47e6c064e8fb7b591c786da679c21f6471ae
300071,0,random,2,1,1,0,1,0.98,1.0612,0,b044edbfc32c4568249222b01c17c2cee60fd42c7eb301d01ce8a8568f641556
300071,1,random,32,0,0,1,1,-0.3200000000000001,-0.14279999999999998,7,61c3327697e203bd0ad7b9a0c31bd5e893df7cae04768743773dde463c55cef4
300071,2,random,4,1,1,0,1,0.96,1.0448,0,aa8caa661d4d03993c6e164578981d0ac214286e13dc4b946e505c1d825792f8
300071,3,random,6,1,1,0,1,0.94,1.0272000000000001,2,4165c11bd1a568065d9d1a2843856ec4791fdf644fc4b769481b8976cafb0411
300071,4,random,32,0,0,1,1,-0.3200000000000001,-0.11279999999999972,17,a2dd2402f10f116fa34acc39e3cc3d77c8a9a56bf9037a4a5e1e21b3f70fe776
300071,5,random,11,1,1,0,1,0.89,0.9904000000000001,5,871c65d84e4b9c8cfed52fde972a20c14a4b7c4b61011779fc67ea544f75c5a8
300071,6,random,8,1,1,0,1,0.9199999999999999,1.0132,2,f7e524ad4e94f5f47da969555980dee28cbad8ef004a1f53e7cbc632cfc21c06
300071,7,random,32,0,0,1,1,-0.3200000000000001,-0.1499999999999999,9,336e54ab61f64aa0da023d76c5093afe9f8f7430f407c2fb0b1bddad3fee4f4a
300071,8,guided,2,1,1,0,1,0.98,1.0612,0,70399d04f1968912ea73c826522e9f0aed30c0521a15fa6feb6956c2533d4926
300071,9,guided,2,1,1,0,1,0.98,1.0612,0,70399d04f1968912ea73c826522e9f0aed30c0521a15fa6feb6956c2533d4926
300071,10,guided,2,1,1,0,1,0.98,1.0612,0,70399d04f1968912ea73c826522e9f0aed30c0521a15fa6feb6956c2533d4926
300071,11,guided,2,1,1,0,1,0.98,1.0612,0,70399d04f1968912ea73c826522e9f0aed30c0521a15fa6feb6956c2533d4926
300071,12,guided,2,1,1,0,1,0.98,1.0612,0,70399d04f1968912ea73c826522e9f0aed30c0521a15fa6feb6956c2533d4926
300071,13,guided,2,1,1,0,1,0.98,1.0612,0,70399d04f1968912ea73c826522e9f0aed30c0521a15fa6feb6956c2533d4926
300071,14,guided,2,1,1,0,1,0.98,1.0612,0,70399d04f1968912ea73c826522e9f0aed30c0521a15fa6feb6956c2533d4926
300071,15,guided,2,1,1,0,1,0.98,1.0612,0,70399d04f1968912ea73c826522e9f0aed30c0521a15fa6feb6956c2533d4926
300072,0,random,32,0,0,1,1,-0.3200000000000001,-0.018399999999999875,9,38f359c5f3aeaea1ce206f259be63b0ce9590c2a4779b6503b663bfe90ea2555
300072,1,random,32,0,0,1,1,-0.3200000000000001,-0.005199999999999885,5,3be158e677e236bc072d977025ff0d469b22486565bc16b10b8f48a98aad3985
300072,2,random,32,0,0,1,1,-0.3200000000000001,-0.006399999999999878,5,ca7ce3a732786cc36e74c7def6dbe13abb0cf6854606a11044f91fd0f1a21911
300072,3,random,32,0,0,1,1,-0.3200000000000001,-0.009999999999999926,10,0a6bdc1ca31c40a41f6e9f7b0a8ae80143d1282607524462ba932d9f2be6b97e
300072,4,random,32,0,0,1,1,-0.3200000000000001,0.0128000000000002,6,a417742e1cc0aeddd9fbf7c38f5c7fc2cfad50a3ede978f2f4d8e82105a9f381
300072,5,random,32,0,0,1,1,-0.3200000000000001,-0.05799999999999993,3,1afd08b8df361a69fcdbb06f1e26159309b20348aa2c5b6f1ec49a77dc13325a
300072,6,random,32,0,0,1,1,-0.3200000000000001,-0.014799999999999869,10,29b4fdea332f5b0ec25da3bacb0a0a465de7c6978dd3e972fe74523f1ceabb71
300072,7,random,32,0,0,1,1,-0.3200000000000001,-0.003999999999999795,5,91678dda3498f1a305e7ce0b26bdc1dcce9266c2971228b5759ae9331df95d8d
300072,8,guided,32,0,0,1,1,-0.3200000000000001,-0.011199999999999766,32,0a188b4da2e7fed189e8ab7258fb358460966a3954bb0634ed0c0edf55e66f44
300072,9,guided,32,0,0,1,1,-0.3200000000000001,-0.011199999999999766,32,0a188b4da2e7fed189e8ab7258fb358460966a3954bb0634ed0c0edf55e66f44
300072,10,guided,32,0,0,1,1,-0.3200000000000001,-0.011199999999999766,32,0a188b4da2e7fed189e8ab7258fb358460966a3954bb0634ed0c0edf55e66f44
300072,11,guided,32,0,0,1,1,-0.3200000000000001,-0.011199999999999766,32,0a188b4da2e7fed189e8ab7258fb358460966a3954bb0634ed0c0edf55e66f44
300072,12,guided,32,0,0,1,1,-0.3200000000000001,-0.011199999999999766,32,0a188b4da2e7fed189e8ab7258fb358460966a3954bb0634ed0c0edf55e66f44
300072,13,guided,32,0,0,1,1,-0.3200000000000001,-0.011199999999999766,32,0a188b4da2e7fed189e8ab7258fb358460966a3954bb0634ed0c0edf55e66f44
300072,14,guided,32,0,0,1,1,-0.3200000000000001,-0.011199999999999766,32,0a188b4da2e7fed189e8ab7258fb358460966a3954bb0634ed0c0edf55e66f44
300072,15,guided,32,0,0,1,1,-0.3200000000000001,-0.011199999999999766,32,0a188b4da2e7fed189e8ab7258fb358460966a3954bb0634ed0c0edf55e66f44
300073,0,random,13,1,1,0,1,0.87,0.9328000000000001,2,98b77f31513c96e69ac3faa2858d6351aa58b64711de46d3bba4e4926d269a2e
300073,1,random,1,1,1,0,1,0.99,1.03,0,e6e57710b2ee2e77444e8cd5ad68342a5ecf48c07fb6ccf7d55542be91af9bf5
300073,2,random,32,1,1,0,1,0.6799999999999999,0.8268000000000002,11,b806447406ee600fa280b1da29875ad0f36ef28096a9e83054da3a730ce47847
300073,3,random,32,0,0,1,1,-0.3200000000000001,-0.13959999999999984,15,d3555b77cb7010a8eee1e7b86601e67acf95c3f86357d2ec8125f67f7ca29723
300073,4,random,32,0,0,1,1,-0.3200000000000001,-0.16359999999999986,13,b8cf901c1b0c33aa77a5ddb03a64b6bdd589bb1df5b759c86ca465d0c37cb1e9
300073,5,random,4,1,1,0,1,0.96,1.006,1,1439f282492c1140cbdef22897f36b0adfd622b4472e19db02384df7cddb6949
300073,6,random,3,1,1,0,1,0.97,1.0136,0,83976e4a4667ae00a96c2bbb636aa812ccf452b738a107ded4597577b6de7fe6
300073,7,random,32,0,0,1,1,-0.3200000000000001,-0.15639999999999982,10,1bc73e24d1be72e9528af6c65b4e635be1e43099717bd20dafd4623c220a42fc
300073,8,guided,1,1,1,0,1,0.99,1.03,0,e6e57710b2ee2e77444e8cd5ad68342a5ecf48c07fb6ccf7d55542be91af9bf5
300073,9,guided,1,1,1,0,1,0.99,1.03,0,e6e57710b2ee2e77444e8cd5ad68342a5ecf48c07fb6ccf7d55542be91af9bf5
300073,10,guided,1,1,1,0,1,0.99,1.03,0,e6e57710b2ee2e77444e8cd5ad68342a5ecf48c07fb6ccf7d55542be91af9bf5
300073,11,guided,1,1,1,0,1,0.99,1.03,0,e6e57710b2ee2e77444e8cd5ad68342a5ecf48c07fb6ccf7d55542be91af9bf5
300073,12,guided,1,1,1,0,1,0.99,1.03,0,e6e57710b2ee2e77444e8cd5ad68342a5ecf48c07fb6ccf7d55542be91af9bf5
300073,13,guided,1,1,1,0,1,0.99,1.03,0,e6e57710b2ee2e77444e8cd5ad68342a5ecf48c07fb6ccf7d55542be91af9bf5
300073,14,guided,1,1,1,0,1,0.99,1.03,0,e6e57710b2ee2e77444e8cd5ad68342a5ecf48c07fb6ccf7d55542be91af9bf5
300073,15,guided,1,1,1,0,1,0.99,1.03,0,e6e57710b2ee2e77444e8cd5ad68342a5ecf48c07fb6ccf7d55542be91af9bf5
300074,0,random,19,1,1,0,1,0.8099999999999999,0.9584,1,d6c351f168687af27eeebfd10b4b967d110ef46aeea63bc70953de5a92cfa7ae
300074,1,random,32,0,0,1,1,-0.3200000000000001,-0.10439999999999998,6,90c31f506d98cf0e40dea3938825ec1073a06dd3eeed82d11720a0599f1bb1cc
300074,2,random,32,0,0,1,1,-0.3200000000000001,-0.07319999999999993,19,975985e9cb44eac220cf5c79b2c23b119cabfcbf93c1c2d7ec0bda3925910d5a
300074,3,random,32,0,0,1,1,-0.3200000000000001,-0.04559999999999978,9,9e75ecfc439ec6ad6b4cf59e3366d11f57237225f362c4c27b7c38bac6b28142
300074,4,random,32,0,0,1,1,-0.3200000000000001,-0.09479999999999994,11,43a4cb87d087eabc6c7e7040e35f1dda3dc9d55172bff2465e70cb1d14b3037a
300074,5,random,32,0,0,1,1,-0.3200000000000001,-0.08879999999999992,14,7585ad039f4595b3ed0c48b241c6568c557b25955b73bf10c16f55fed7a43073
300074,6,random,32,0,0,1,1,-0.3200000000000001,-0.12359999999999996,12,ae94acbd249f1eb485e5f86e38b194b8c7d58288c219c8e64cdc140392d8b244
300074,7,random,32,0,0,1,1,-0.3200000000000001,-0.03839999999999982,10,217b5e8eef325e26a28ac19950fbda17bc2ee8a8be67a31d6f2f3670c5aef6d8
300074,8,guided,2,1,1,0,1,0.98,1.0612,0,94e8f4aea1c5b646556b1e949c350ec5e91b8da02b16ffeed62606bcc6f50e02
300074,9,guided,2,1,1,0,1,0.98,1.0612,0,94e8f4aea1c5b646556b1e949c350ec5e91b8da02b16ffeed62606bcc6f50e02
300074,10,guided,2,1,1,0,1,0.98,1.0612,0,94e8f4aea1c5b646556b1e949c350ec5e91b8da02b16ffeed62606bcc6f50e02
300074,11,guided,2,1,1,0,1,0.98,1.0612,0,94e8f4aea1c5b646556b1e949c350ec5e91b8da02b16ffeed62606bcc6f50e02
300074,12,guided,2,1,1,0,1,0.98,1.0612,0,94e8f4aea1c5b646556b1e949c350ec5e91b8da02b16ffeed62606bcc6f50e02
300074,13,guided,2,1,1,0,1,0.98,1.0612,0,94e8f4aea1c5b646556b1e949c350ec5e91b8da02b16ffeed62606bcc6f50e02
300074,14,guided,2,1,1,0,1,0.98,1.0612,0,94e8f4aea1c5b646556b1e949c350ec5e91b8da02b16ffeed62606bcc6f50e02
300074,15,guided,2,1,1,0,1,0.98,1.0612,0,94e8f4aea1c5b646556b1e949c350ec5e91b8da02b16ffeed62606bcc6f50e02
300075,0,random,32,0,0,1,1,-0.3200000000000001,-0.1415999999999999,8,a7ff9450af8577a6bffa962e4d1d7745caa882f71052554212bb16b3ec6dd4b8
300075,1,random,6,1,1,0,1,0.94,1.0356,0,0bcf675920cc9832342e6aedde65bf62c13046db30c80621dbcf1cf3fee28659
300075,2,random,32,1,1,0,1,0.6799999999999999,0.8392000000000001,12,fbea8cb81c6a849126431edb80bec2f64b0d1ca30024504e0b90bd49fe57d75c
300075,3,random,26,1,1,0,1,0.74,0.8872,2,2ab4c9f9bbec3c9c5fe4b9cce19a7e62211c4dc249722cd231aa30cc7a2a0e7f
300075,4,random,11,1,1,0,1,0.89,0.9916,3,d77b12c6f7c012ac68eaac84cb981cb89d4542c86bd9b3e2b124f8a75b646599
300075,5,random,11,1,1,0,1,0.89,0.9964000000000001,3,93e7b0e27f04de13373b7b636ba247d52a07a0c0d6260c07a2d733f784d1778e
300075,6,random,9,1,1,0,1,0.91,1.0068000000000001,1,0720399da547c4f7d48cda483225e0d555d0cab7f9cb42848aa014880a92d983
300075,7,random,32,0,0,1,1,-0.3200000000000001,-0.15600000000000003,13,841d44a66b2a6d9d3b2e9f3a5307ed1a565cbba07a989d0b889c4e56a7667561
300075,8,guided,2,1,1,0,1,0.98,1.0612,0,0e1dba7f3ad11c8c05e2d627ebd513e0d88c7b304e8dfa0698b6f8ffedd6b7f8
300075,9,guided,2,1,1,0,1,0.98,1.0612,0,0e1dba7f3ad11c8c05e2d627ebd513e0d88c7b304e8dfa0698b6f8ffedd6b7f8
300075,10,guided,2,1,1,0,1,0.98,1.0612,0,0e1dba7f3ad11c8c05e2d627ebd513e0d88c7b304e8dfa0698b6f8ffedd6b7f8
300075,11,guided,2,1,1,0,1,0.98,1.0612,0,0e1dba7f3ad11c8c05e2d627ebd513e0d88c7b304e8dfa0698b6f8ffedd6b7f8
300075,12,guided,2,1,1,0,1,0.98,1.0612,0,0e1dba7f3ad11c8c05e2d627ebd513e0d88c7b304e8dfa0698b6f8ffedd6b7f8
300075,13,guided,2,1,1,0,1,0.98,1.0612,0,0e1dba7f3ad11c8c05e2d627ebd513e0d88c7b304e8dfa0698b6f8ffedd6b7f8
300075,14,guided,2,1,1,0,1,0.98,1.0612,0,0e1dba7f3ad11c8c05e2d627ebd513e0d88c7b304e8dfa0698b6f8ffedd6b7f8
300075,15,guided,2,1,1,0,1,0.98,1.0612,0,0e1dba7f3ad11c8c05e2d627ebd513e0d88c7b304e8dfa0698b6f8ffedd6b7f8
300076,0,random,4,1,1,0,1,0.96,1.086,1,00020088cdd598912383fe1be066b0c3a01a39ac728bcb636c99f4f6b21f285f
300076,1,random,15,1,1,0,1,0.85,1.0108000000000001,8,7b0fda6f7966da5a76e9ae58bb6ec74cf5d1eb337b3c72392f15d1d2f0b3316e
300076,2,random,5,1,1,0,1,0.95,1.0808,2,9654d06509752590fa398c9f3ed043bff2bf6c8d08eb94475f9e63dabe7a94d5
300076,3,random,32,0,0,1,1,-0.3200000000000001,-0.10519999999999995,17,6f3df5add0652034ed20bc12181547ed4e60eeea3c1fb7d6697f1f5cf92cf2b3
300076,4,random,13,1,1,0,1,0.87,1.0212,4,518f4472af27d9425c1934a5fc0d84b8bff312622e1aadc0c103024817e48bda
300076,5,random,14,1,1,0,1,0.86,1.0088000000000001,5,6b7fdf867e8d6ae1485a1ac4aad41c48a1ab3b24233e5cca06f988adf39125ce
300076,6,random,11,1,1,0,1,0.89,1.034,4,f6b0819a2d54e39a6aba0bb58842fe5df3bd4bc7b069dfad657b15e2021d6a9f
300076,7,random,12,1,1,0,1,0.88,1.0312000000000001,5,1c156b50935ecb88313ede3a6870fce86d7dbd0d6636d41553eeb22610f288ca
300076,8,guided,9,1,1,0,1,0.91,1.0552000000000001,6,4d722c1ab805a755d5904e7d986a498595e575357a5579a28338ddae7782891e
300076,9,guided,9,1,1,0,1,0.91,1.0552000000000001,6,4d722c1ab805a755d5904e7d986a498595e575357a5579a28338ddae7782891e
300076,10,guided,9,1,1,0,1,0.91,1.0552000000000001,6,4d722c1ab805a755d5904e7d986a498595e575357a5579a28338ddae7782891e
300076,11,guided,9,1,1,0,1,0.91,1.0552000000000001,6,4d722c1ab805a755d5904e7d986a498595e575357a5579a28338ddae7782891e
300076,12,guided,9,1,1,0,1,0.91,1.0552000000000001,6,4d722c1ab805a755d5904e7d986a498595e575357a5579a28338ddae7782891e
300076,13,guided,9,1,1,0,1,0.91,1.0552000000000001,6,4d722c1ab805a755d5904e7d986a498595e575357a5579a28338ddae7782891e
300076,14,guided,9,1,1,0,1,0.91,1.0552000000000001,6,4d722c1ab805a755d5904e7d986a498595e575357a5579a28338ddae7782891e
300076,15,guided,9,1,1,0,1,0.91,1.0552000000000001,6,4d722c1ab805a755d5904e7d986a498595e575357a5579a28338ddae7782891e
300077,0,random,31,1,1,0,1,0.69,0.8624,11,e78b2d506566d8b0c13a2fdc89f3bba88138f49e9a7c3c7afff5964fb6cf14b6
300077,1,random,8,1,1,0,1,0.9199999999999999,1.012,0,7967acf4c1c4635ed48b384f2c6bf991e6c626500af7120ed3a0c0a8b39b6fd2
300077,2,random,5,1,1,0,1,0.95,1.0372000000000001,1,4c9751083a4f53e89bc89973f0a7904045709b1b3829e1f7430f0ada62f5c89e
300077,3,random,32,0,0,1,1,-0.3200000000000001,-0.13079999999999997,8,a3b4ebeb958026c2dc88b76ef540bc832738518c90a6ef90ab844bfef6ee4d32
300077,4,random,31,1,1,0,1,0.69,0.8684000000000001,3,db35485d0c4e7c8420c5c43bedd5ce71e337894901c40d37a40536529fc5dd3a
300077,5,random,32,0,0,1,1,-0.3200000000000001,-0.15120000000000006,7,cbb01ae5e8febff2594cb8779aa4ee1a28bbaec9d9af86762237bda0bd3ef83b
300077,6,random,26,1,1,0,1,0.74,0.9028,6,b5218978d7f0df419f8fcc3eef1b8cdd0015c59a711c6fcf9bbfa39c83a65f3f
300077,7,random,8,1,1,0,1,0.9199999999999999,1.0144,4,87d12df25f3be72a9eea2a59b95719c210d44efc730eb3e29ecbd8a1d3f17d9d
300077,8,guided,2,1,1,0,1,0.98,1.0612,0,488d64629c82d345ed22f3bafa7109079ff432448499e2aecfae3cab440fa288
300077,9,guided,2,1,1,0,1,0.98,1.0612,0,488d64629c82d345ed22f3bafa7109079ff432448499e2aecfae3cab440fa288
300077,10,guided,2,1,1,0,1,0.98,1.0612,0,488d64629c82d345ed22f3bafa7109079ff432448499e2aecfae3cab440fa288
300077,11,guided,2,1,1,0,1,0.98,1.0612,0,488d64629c82d345ed22f3bafa7109079ff432448499e2aecfae3cab440fa288
300077,12,guided,2,1,1,0,1,0.98,1.0612,0,488d64629c82d345ed22f3bafa7109079ff432448499e2aecfae3cab440fa288
300077,13,guided,2,1,1,0,1,0.98,1.0612,0,488d64629c82d345ed22f3bafa7109079ff432448499e2aecfae3cab440fa288
300077,14,guided,2,1,1,0,1,0.98,1.0612,0,488d64629c82d345ed22f3bafa7109079ff432448499e2aecfae3cab440fa288
300077,15,guided,2,1,1,0,1,0.98,1.0612,0,488d64629c82d345ed22f3bafa7109079ff432448499e2aecfae3cab440fa288
300078,0,random,32,0,0,1,1,-0.3200000000000001,-0.02119999999999983,7,b0452edd40d1ad199e8c1b479d6f1b9b73ffb585faca95a3260d3b3e8a2e2c0d
300078,1,random,32,0,0,1,1,-0.3200000000000001,-0.034399999999999806,3,c1c430d7b2cf92369a0cce2a1faa850783dda166cd6587b532c1ad54c407bbaa
300078,2,random,32,0,0,1,1,-0.3200000000000001,-0.06559999999999987,9,ee4b29da5eaa927d1d39667a11344bddcacb8e2edc815272b9b7ebf24b69f71b
300078,3,random,32,0,0,1,1,-0.3200000000000001,-0.004399999999999793,13,ec5836f4f79a43ae1b2ce0e2219bea47651ffd46541fd8995945b9959a8784c8
300078,4,random,32,0,0,1,1,-0.3200000000000001,-0.07759999999999986,15,ab7be67505284b3174a5c5a9aaa9c7f9a87bbf3e43ca8adf7d7aea832d5bd9aa
300078,5,random,32,0,0,1,1,-0.3200000000000001,-0.06559999999999983,7,5d54cadc7b65f5b146cb9971a44cc910ccbe0ad2ba16cd0b0ec23ec02efa3663
300078,6,random,28,1,1,0,1,0.72,0.9660000000000002,7,53cf83b85e4a54bff7643370407ecd3018e87cb821a55d1b39038058ce8e44a2
300078,7,random,20,1,1,0,1,0.7999999999999999,1.0160000000000002,3,fae5e560c8a583e6ba102472a393bab963b49709a8c89b417711f60c078cc4da
300078,8,guided,15,1,1,0,1,0.85,1.0024000000000002,12,058290958eb301453a3e01f348d86df23f96b3f9c5b98692057ae08bec44dd5e
300078,9,guided,15,1,1,0,1,0.85,1.0024000000000002,12,058290958eb301453a3e01f348d86df23f96b3f9c5b98692057ae08bec44dd5e
300078,10,guided,15,1,1,0,1,0.85,1.0024000000000002,12,058290958eb301453a3e01f348d86df23f96b3f9c5b98692057ae08bec44dd5e
300078,11,guided,15,1,1,0,1,0.85,1.0024000000000002,12,058290958eb301453a3e01f348d86df23f96b3f9c5b98692057ae08bec44dd5e
300078,12,guided,15,1,1,0,1,0.85,1.0024000000000002,12,058290958eb301453a3e01f348d86df23f96b3f9c5b98692057ae08bec44dd5e
300078,13,guided,15,1,1,0,1,0.85,1.0024000000000002,12,058290958eb301453a3e01f348d86df23f96b3f9c5b98692057ae08bec44dd5e
300078,14,guided,15,1,1,0,1,0.85,1.0024000000000002,12,058290958eb301453a3e01f348d86df23f96b3f9c5b98692057ae08bec44dd5e
300078,15,guided,15,1,1,0,1,0.85,1.0024000000000002,12,058290958eb301453a3e01f348d86df23f96b3f9c5b98692057ae08bec44dd5e
300079,0,random,32,0,0,1,1,-0.3200000000000001,0.06360000000000016,14,a0b1451cc5085a4635e0133fdcf0924b2de02ffb6d4699fcb23a201dac8a31dc
300079,1,random,32,0,0,1,1,-0.3200000000000001,0.037200000000000094,9,30bb3bce1e632585a61fb9606a6d7d2525533d9b00851b72bc1caeffa225cce1
300079,2,random,32,0,0,1,1,-0.3200000000000001,0.0432000000000001,6,3db981ccb80e6616fb4cf8a4afff2226192cfc8e1fd8a3e538948de527895408
300079,3,random,32,0,0,1,1,-0.3200000000000001,0.06000000000000014,10,a9dfe2de448969a974fe6c1b4e8af76b5cac22dff5a70c3275f12548ed6b3099
300079,4,random,32,0,0,1,1,-0.3200000000000001,0.06600000000000013,14,1c80bba233827d48e6ef2c754734d3364b14d020e5d1fe0dcc0488a8b949b27e
300079,5,random,32,0,0,1,1,-0.3200000000000001,0.04800000000000013,10,bc5b187e58e3352e7a84dc1aba1bca8b2b2940eac5799d33fc4fa9a7be4da7ff
300079,6,random,32,0,0,1,1,-0.3200000000000001,0.04800000000000011,9,7c3b881a7d55898d1d652538d52c14627a70ccb3602c4c36d674d76a04625802
300079,7,random,32,0,0,1,1,-0.3200000000000001,0.038400000000000115,12,752fa61fb22dd9340a5560ff4871f6b080a6ff0383d3291da9a454f5a0f493cf
300079,8,guided,32,0,0,1,1,-0.3200000000000001,0.1032000000000001,31,2e55a0cba40b87bc1a967fb3d5f1b10baefe9886f54bf2825ca6154576b7c794
300079,9,guided,32,0,0,1,1,-0.3200000000000001,0.1032000000000001,31,2e55a0cba40b87bc1a967fb3d5f1b10baefe9886f54bf2825ca6154576b7c794
300079,10,guided,32,0,0,1,1,-0.3200000000000001,0.1032000000000001,31,2e55a0cba40b87bc1a967fb3d5f1b10baefe9886f54bf2825ca6154576b7c794
300079,11,guided,32,0,0,1,1,-0.3200000000000001,0.1032000000000001,31,2e55a0cba40b87bc1a967fb3d5f1b10baefe9886f54bf2825ca6154576b7c794
300079,12,guided,32,0,0,1,1,-0.3200000000000001,0.1032000000000001,31,2e55a0cba40b87bc1a967fb3d5f1b10baefe9886f54bf2825ca6154576b7c794
300079,13,guided,32,0,0,1,1,-0.3200000000000001,0.1032000000000001,31,2e55a0cba40b87bc1a967fb3d5f1b10baefe9886f54bf2825ca6154576b7c794
300079,14,guided,32,0,0,1,1,-0.3200000000000001,0.1032000000000001,31,2e55a0cba40b87bc1a967fb3d5f1b10baefe9886f54bf2825ca6154576b7c794
300079,15,guided,32,0,0,1,1,-0.3200000000000001,0.1032000000000001,31,2e55a0cba40b87bc1a967fb3d5f1b10baefe9886f54bf2825ca6154576b7c794
300080,0,random,32,0,0,1,1,-0.3200000000000001,0.02760000000000014,9,424ca846ab9feb396656a7d20621ac96c5bb1cbfc943d5837063c4c2505c2a52
300080,1,random,32,0,0,1,1,-0.3200000000000001,0.1128000000000002,9,1662108cf9dd9517479318e8b5fa64fe93a50388abfb43cdca53ce85220633f8
300080,2,random,32,0,0,1,1,-0.3200000000000001,0.06360000000000021,8,a34f07b3f4b8d8ab299b0257a6f2475ca02555866fda30098a78a7fa383b1219
300080,3,random,32,0,0,1,1,-0.3200000000000001,0.11400000000000018,12,07f029dfa1c97758da39ba1c0df891f8feb452cc9a51f271eadaa0aea157d97a
300080,4,random,32,0,0,1,1,-0.3200000000000001,9.71445146547012e-17,12,14b6bfd83c38fcb19951cb34cef4660b12dd91e450ceefad0bdd21138d104546
300080,5,random,32,0,0,1,1,-0.3200000000000001,0.06600000000000011,11,57c1588f646c5856e873eaa9cf294d271144306bc725ec5a7b8b7865d5290b4e
300080,6,random,32,0,0,1,1,-0.3200000000000001,0.008400000000000095,12,bf021dcff4a6863f94f0394c71a0e7190ff27c15b42ef6b5eb346059f5d7bb9f
300080,7,random,32,0,0,1,1,-0.3200000000000001,0.050400000000000146,10,65d73e1a18458121e860d63b6d0a86759107bd156d770559a67c15507c7f6b55
300080,8,guided,10,1,1,0,1,0.9,1.1336,3,20519c16510d907fd81730fec89e7a928cd92e0f76c8c9424d86e30a714ac355
300080,9,guided,10,1,1,0,1,0.9,1.1336,3,20519c16510d907fd81730fec89e7a928cd92e0f76c8c9424d86e30a714ac355
300080,10,guided,10,1,1,0,1,0.9,1.1336,3,20519c16510d907fd81730fec89e7a928cd92e0f76c8c9424d86e30a714ac355
300080,11,guided,10,1,1,0,1,0.9,1.1336,3,20519c16510d907fd81730fec89e7a928cd92e0f76c8c9424d86e30a714ac355
300080,12,guided,10,1,1,0,1,0.9,1.1336,3,20519c16510d907fd81730fec89e7a928cd92e0f76c8c9424d86e30a714ac355
300080,13,guided,10,1,1,0,1,0.9,1.1336,3,20519c16510d907fd81730fec89e7a928cd92e0f76c8c9424d86e30a714ac355
300080,14,guided,10,1,1,0,1,0.9,1.1336,3,20519c16510d907fd81730fec89e7a928cd92e0f76c8c9424d86e30a714ac355
300080,15,guided,10,1,1,0,1,0.9,1.1336,3,20519c16510d907fd81730fec89e7a928cd92e0f76c8c9424d86e30a714ac355
300081,0,random,32,0,0,1,1,-0.3200000000000001,-0.08519999999999983,19,238f0044cb4ed8737bf3db03b61d9bb88c93b20fab4322c2a4eb3076638bfff7
300081,1,random,2,1,1,0,1,0.98,1.0612,0,a1abb75648411c99eb4141b167d32dbde94178e8ab9ee4cd551f4eb7c135e0fa
300081,2,random,16,1,1,0,1,0.84,0.9548000000000001,6,57b7563e36957dc16d1c637864e9436cfca8a3026d5904e5e4d8d2f052b1b0ae
300081,3,random,31,1,1,0,1,0.69,0.8972000000000002,17,998baee94458c7a4ff654e7fa094bbb0f8f50dd515a4eb095d3fd48a4004c5c9
300081,4,random,32,0,0,1,1,-0.3200000000000001,-0.13799999999999993,10,4de256347ceed73e61606cee0e9a640c480df0304049c51a8ad09bbaff199b15
300081,5,random,9,1,1,0,1,0.91,1.0128000000000001,3,5b4134896088300a2d09fd7da3bf892b2967cfce729ca0d558f1a370e288f28a
300081,6,random,3,1,1,0,1,0.97,1.0536,1,c89a0e21ac8160aa732a2bec6bcc15ab627ca837f119b71f7a84e6784ff707d0
300081,7,random,19,1,1,0,1,0.8099999999999999,0.9296,5,d618fc4a304133cc5f12c861d03c086aeaa2840383ec2b4d2f8efd856f9bfdcb
300081,8,guided,3,1,1,0,1,0.97,1.0536,1,c89a0e21ac8160aa732a2bec6bcc15ab627ca837f119b71f7a84e6784ff707d0
300081,9,guided,3,1,1,0,1,0.97,1.0536,1,c89a0e21ac8160aa732a2bec6bcc15ab627ca837f119b71f7a84e6784ff707d0
300081,10,guided,3,1,1,0,1,0.97,1.0536,1,c89a0e21ac8160aa732a2bec6bcc15ab627ca837f119b71f7a84e6784ff707d0
300081,11,guided,3,1,1,0,1,0.97,1.0536,1,c89a0e21ac8160aa732a2bec6bcc15ab627ca837f119b71f7a84e6784ff707d0
300081,12,guided,3,1,1,0,1,0.97,1.0536,1,c89a0e21ac8160aa732a2bec6bcc15ab627ca837f119b71f7a84e6784ff707d0
300081,13,guided,3,1,1,0,1,0.97,1.0536,1,c89a0e21ac8160aa732a2bec6bcc15ab627ca837f119b71f7a84e6784ff707d0
300081,14,guided,3,1,1,0,1,0.97,1.0536,1,c89a0e21ac8160aa732a2bec6bcc15ab627ca837f119b71f7a84e6784ff707d0
300081,15,guided,3,1,1,0,1,0.97,1.0536,1,c89a0e21ac8160aa732a2bec6bcc15ab627ca837f119b71f7a84e6784ff707d0
300082,0,random,32,0,0,1,1,-0.3200000000000001,0.3824000000000003,15,fa95b420079fbae8fb1812aa2438a392e1e5dc66199a702e9bf11bd39a8512b8
300082,1,random,32,0,0,1,1,-0.3200000000000001,0.3872000000000009,16,1be1de65044e8d7998cec33156bf79dbfa915b500226070e15ad284258f2a0eb
300082,2,random,32,0,0,1,1,-0.3200000000000001,0.36800000000000055,16,b1d2dd6a7b83098122aa8728b3a38582d6126df28d56078ae98408a46e24af11
300082,3,random,32,0,0,1,1,-0.3200000000000001,0.45080000000000076,13,c388843d2a52bb3f282e39aa4961c200b42b5b5ee6ca3c52b3f9de0f5e2972cb
300082,4,random,32,0,0,1,1,-0.3200000000000001,0.3428000000000004,9,bb2262356e63141ff432f5d5688a97c8c4440bb58fc2dd619bb9295a768f0675
300082,5,random,32,0,0,1,1,-0.3200000000000001,0.4568000000000011,18,a820c0568a89b2c4a85dda2075d3925afe3903c93a25c6ac2aba13cd91641aa3
300082,6,random,32,0,0,1,1,-0.3200000000000001,0.41720000000000035,17,485d9bcbb6f113c44fa34c15ea23f4bcf9c9de97f16f6b6e292e9a47e974ef54
300082,7,random,32,0,0,1,1,-0.3200000000000001,0.450800000000001,20,458a8eeaa30e44885c07324039280d60642552e3de4444a46c02cca97c1bdb79
300082,8,guided,32,0,0,1,1,-0.3200000000000001,0.4892000000000018,31,bf2bcf0b3805b8d6cf0d1bbcdec9d873560ff8fc00508f0bde9c9ef25c19f011
300082,9,guided,32,0,0,1,1,-0.3200000000000001,0.4892000000000018,31,bf2bcf0b3805b8d6cf0d1bbcdec9d873560ff8fc00508f0bde9c9ef25c19f011
300082,10,guided,32,0,0,1,1,-0.3200000000000001,0.4892000000000018,31,bf2bcf0b3805b8d6cf0d1bbcdec9d873560ff8fc00508f0bde9c9ef25c19f011
300082,11,guided,32,0,0,1,1,-0.3200000000000001,0.4892000000000018,31,bf2bcf0b3805b8d6cf0d1bbcdec9d873560ff8fc00508f0bde9c9ef25c19f011
300082,12,guided,32,0,0,1,1,-0.3200000000000001,0.4892000000000018,31,bf2bcf0b3805b8d6cf0d1bbcdec9d873560ff8fc00508f0bde9c9ef25c19f011
300082,13,guided,32,0,0,1,1,-0.3200000000000001,0.4892000000000018,31,bf2bcf0b3805b8d6cf0d1bbcdec9d873560ff8fc00508f0bde9c9ef25c19f011
300082,14,guided,32,0,0,1,1,-0.3200000000000001,0.4892000000000018,31,bf2bcf0b3805b8d6cf0d1bbcdec9d873560ff8fc00508f0bde9c9ef25c19f011
300082,15,guided,32,0,0,1,1,-0.3200000000000001,0.4892000000000018,31,bf2bcf0b3805b8d6cf0d1bbcdec9d873560ff8fc00508f0bde9c9ef25c19f011
300083,0,random,9,1,1,0,1,0.91,1.1316,0,e1233d995ccf631b06dffd854bdce3f7a9dc1a7c84ea603c5ab758ce8f6fb5c8
300083,1,random,32,0,0,1,1,-0.3200000000000001,0.13200000000000026,19,b73815289f8854673210c0845e474801ca19830292170b4f80d8b5bfe42f36fd
300083,2,random,32,0,0,1,1,-0.3200000000000001,0.1476000000000004,21,b25d3898b29e6263f2bff42d0c0f5a600455c6e170722d342b6847b0eaa6bcdf
300083,3,random,32,0,0,1,1,-0.3200000000000001,0.03000000000000015,10,97e43a08bf3f9660c7db991769ad0f44601c11c7b82caef5c0338236439261ce
300083,4,random,32,0,0,1,1,-0.3200000000000001,0.11040000000000015,12,d183cc5ef84265c07c3c54db9b9486e9a2f90d70b2dfc8735c86c744ad41b0c0
300083,5,random,18,1,1,0,1,0.82,1.122,5,629eb48a0710ecea84b0788102f8de2078ec8d15dbae996e370dae8cb6bbba4a
300083,6,random,32,0,0,1,1,-0.3200000000000001,0.13800000000000032,16,4d39061b948b6a6085cfee503045360d524a9abbef37a55bef9403ece0c2ed50
300083,7,random,19,1,1,0,1,0.8099999999999999,1.112,6,43f063f35f8273293ed8d0870ba942b504e994ae8779e85bfe3632e9b4bab073
300083,8,guided,5,1,1,0,1,0.95,1.162,0,fe613f401d106aeed056412e00f18be18dc18d4f265643ec55e5aa9809608c1f
300083,9,guided,5,1,1,0,1,0.95,1.162,0,fe613f401d106aeed056412e00f18be18dc18d4f265643ec55e5aa9809608c1f
300083,10,guided,5,1,1,0,1,0.95,1.162,0,fe613f401d106aeed056412e00f18be18dc18d4f265643ec55e5aa9809608c1f
300083,11,guided,5,1,1,0,1,0.95,1.162,0,fe613f401d106aeed056412e00f18be18dc18d4f265643ec55e5aa9809608c1f
300083,12,guided,5,1,1,0,1,0.95,1.162,0,fe613f401d106aeed056412e00f18be18dc18d4f265643ec55e5aa9809608c1f
300083,13,guided,5,1,1,0,1,0.95,1.162,0,fe613f401d106aeed056412e00f18be18dc18d4f265643ec55e5aa9809608c1f
300083,14,guided,5,1,1,0,1,0.95,1.162,0,fe613f401d106aeed056412e00f18be18dc18d4f265643ec55e5aa9809608c1f
300083,15,guided,5,1,1,0,1,0.95,1.162,0,fe613f401d106aeed056412e00f18be18dc18d4f265643ec55e5aa9809608c1f
300084,0,random,3,1,1,0,1,0.97,1.0136,0,eec062b3bd6cdee134c976bc12783489f9177aa129ce573c689b112310c5ae11
300084,1,random,32,0,0,1,1,-0.3200000000000001,-0.15400000000000003,4,fb9a16534ca9a722b4aed74bae08844651bd9dde7b3e2d5f514712f9bf8039fa
300084,2,random,3,1,1,0,1,0.97,1.0136,0,cb354deb0d607d42d760f4061f23fe34845e04fc4f9baa334081220eaac965eb
300084,3,random,10,1,1,0,1,0.9,0.964,1,355376b736549bec414ba96334da541c6744b66d3a6d315b3ee05926824e9983
300084,4,random,1,1,1,0,1,0.99,1.03,0,0b4870ddc17efa99b43edfa457ee724a2554a2624b7dd8dd9cc07e83ef3afa08
300084,5,random,1,1,1,0,1,0.99,1.03,0,0b4870ddc17efa99b43edfa457ee724a2554a2624b7dd8dd9cc07e83ef3afa08
300084,6,random,1,1,1,0,1,0.99,1.03,0,0b4870ddc17efa99b43edfa457ee724a2554a2624b7dd8dd9cc07e83ef3afa08
300084,7,random,1,1,1,0,1,0.99,1.03,0,0b4870ddc17efa99b43edfa457ee724a2554a2624b7dd8dd9cc07e83ef3afa08
300084,8,guided,1,1,1,0,1,0.99,1.03,0,0b4870ddc17efa99b43edfa457ee724a2554a2624b7dd8dd9cc07e83ef3afa08
300084,9,guided,1,1,1,0,1,0.99,1.03,0,0b4870ddc17efa99b43edfa457ee724a2554a2624b7dd8dd9cc07e83ef3afa08
300084,10,guided,1,1,1,0,1,0.99,1.03,0,0b4870ddc17efa99b43edfa457ee724a2554a2624b7dd8dd9cc07e83ef3afa08
300084,11,guided,1,1,1,0,1,0.99,1.03,0,0b4870ddc17efa99b43edfa457ee724a2554a2624b7dd8dd9cc07e83ef3afa08
300084,12,guided,1,1,1,0,1,0.99,1.03,0,0b4870ddc17efa99b43edfa457ee724a2554a2624b7dd8dd9cc07e83ef3afa08
300084,13,guided,1,1,1,0,1,0.99,1.03,0,0b4870ddc17efa99b43edfa457ee724a2554a2624b7dd8dd9cc07e83ef3afa08
300084,14,guided,1,1,1,0,1,0.99,1.03,0,0b4870ddc17efa99b43edfa457ee724a2554a2624b7dd8dd9cc07e83ef3afa08
300084,15,guided,1,1,1,0,1,0.99,1.03,0,0b4870ddc17efa99b43edfa457ee724a2554a2624b7dd8dd9cc07e83ef3afa08
300085,0,random,16,1,1,0,1,0.84,1.0708000000000002,6,cbeb94815cbb39210ce64221c4e0626f4c6e43d28f0f8fd73ea7f5a367cb3f32
300085,1,random,32,0,0,1,1,-0.3200000000000001,0.018800000000000122,5,005087148a961611e86fbf4124fed04c867bcb4cb34f6b40f36587321589b319
300085,2,random,32,0,0,1,1,-0.3200000000000001,-0.00039999999999990044,8,7b2b0570971fc2536a79f5fb06233ecdb1fd8a7ca83f5a16c80f3f9a30b6910a
300085,3,random,32,0,0,1,1,-0.3200000000000001,0.030800000000000258,6,6ac6598cfd6c8ef67722b63add0e30fa486838dd6b7e270c1959da053196cdd7
300085,4,random,26,1,1,0,1,0.74,0.9960000000000001,8,09d7ee6710127b2565085f1a9e6a626e2697d04484193ca779df3ee74876552b
300085,5,random,32,0,0,1,1,-0.3200000000000001,0.004400000000000154,9,8b2f2c82e64eeda93f5e324c47cc87afc4bcb97b96704cfe6d8d314ce3127dc4
300085,6,random,32,0,0,1,1,-0.3200000000000001,-0.0027999999999998304,11,e527ebc9ada43fb4964c431560c95d90977bbe3edecab2cac3c5de5ac416c9ca
300085,7,random,32,0,0,1,1,-0.3200000000000001,0.011600000000000138,4,e49cf100b090313186ac19fd29a079a5f7fb4a4b3e8c2920b67126dd3c11baff
300085,8,guided,4,1,1,0,1,0.96,1.1272,0,7cba06c8f7079061af47b4913dc4065d72cad2406e601872372c49cef9d677ef
300085,9,guided,4,1,1,0,1,0.96,1.1272,0,7cba06c8f7079061af47b4913dc4065d72cad2406e601872372c49cef9d677ef
300085,10,guided,4,1,1,0,1,0.96,1.1272,0,7cba06c8f7079061af47b4913dc4065d72cad2406e601872372c49cef9d677ef
300085,11,guided,4,1,1,0,1,0.96,1.1272,0,7cba06c8f7079061af47b4913dc4065d72cad2406e601872372c49cef9d677ef
300085,12,guided,4,1,1,0,1,0.96,1.1272,0,7cba06c8f7079061af47b4913dc4065d72cad2406e601872372c49cef9d677ef
300085,13,guided,4,1,1,0,1,0.96,1.1272,0,7cba06c8f7079061af47b4913dc4065d72cad2406e601872372c49cef9d677ef
300085,14,guided,4,1,1,0,1,0.96,1.1272,0,7cba06c8f7079061af47b4913dc4065d72cad2406e601872372c49cef9d677ef
300085,15,guided,4,1,1,0,1,0.96,1.1272,0,7cba06c8f7079061af47b4913dc4065d72cad2406e601872372c49cef9d677ef
300086,0,random,2,1,1,0,1,0.98,1.0612,0,b31a1689e9ce5d89c9f7682ea7ec660061930a1778d3fe1e2eb3c92c1591cf84
300086,1,random,9,1,1,0,1,0.91,1.0044,3,2004145fa4c85aa145b348b37eb8b95228f7b4a128570ffb0e28abe399f5533a
300086,2,random,2,1,1,0,1,0.98,1.0612,0,d8ab573c73abff430190b9470c38f752e722cfc9752ec480cfdbbbc61b7d2149
300086,3,random,3,1,1,0,1,0.97,1.0536,1,00c14206e57ee9ecb0cc84b0abeda566b4c554723d8853862d92f96b37ecc062
300086,4,random,32,0,0,1,1,-0.3200000000000001,-0.12479999999999997,12,a88fa574aa05aacc2e07c34578fc6027f1af1becfe0b187d065d1481782f2cea
300086,5,random,22,1,1,0,1,0.7799999999999999,0.9092,8,0ee59defb9939222f6959c420533c5b240ea1ef10e8ed75d8dc17964cfbc58a4
300086,6,random,32,0,0,1,1,-0.3200000000000001,-0.11759999999999991,8,50a4aee251adc1d42d6e5dedef70fff8bba2ec9023326332dc756901c58029cc
300086,7,random,32,0,0,1,1,-0.3200000000000001,-0.0875999999999999,12,f10e5b7b85569e7f77e8e336f86e75c2bdbd44bc6c122f2453b58172813ed826
300086,8,guided,2,1,1,0,1,0.98,1.0612,0,b31a1689e9ce5d89c9f7682ea7ec660061930a1778d3fe1e2eb3c92c1591cf84
300086,9,guided,2,1,1,0,1,0.98,1.0612,0,b31a1689e9ce5d89c9f7682ea7ec660061930a1778d3fe1e2eb3c92c1591cf84
300086,10,guided,2,1,1,0,1,0.98,1.0612,0,b31a1689e9ce5d89c9f7682ea7ec660061930a1778d3fe1e2eb3c92c1591cf84
300086,11,guided,2,1,1,0,1,0.98,1.0612,0,b31a1689e9ce5d89c9f7682ea7ec660061930a1778d3fe1e2eb3c92c1591cf84
300086,12,guided,2,1,1,0,1,0.98,1.0612,0,b31a1689e9ce5d89c9f7682ea7ec660061930a1778d3fe1e2eb3c92c1591cf84
300086,13,guided,2,1,1,0,1,0.98,1.0612,0,b31a1689e9ce5d89c9f7682ea7ec660061930a1778d3fe1e2eb3c92c1591cf84
300086,14,guided,2,1,1,0,1,0.98,1.0612,0,b31a1689e9ce5d89c9f7682ea7ec660061930a1778d3fe1e2eb3c92c1591cf84
300086,15,guided,2,1,1,0,1,0.98,1.0612,0,b31a1689e9ce5d89c9f7682ea7ec660061930a1778d3fe1e2eb3c92c1591cf84
300087,0,random,32,0,0,1,1,-0.3200000000000001,-0.09319999999999995,10,8cc3ce3e5bfe5411f73845de07bb1de0c54180df1e03279e50965c4527cbbf41
300087,1,random,22,1,1,0,1,0.7799999999999999,0.9732000000000001,7,10afc084a43f2776c8f0155ccc8dde856ba42794346a2ed977cc3e107b6182c6
300087,2,random,32,0,0,1,1,-0.3200000000000001,0.0004000000000001225,19,000dc86d5d50081879439fc42fa3a7101f7d4a320baf1024d45027e74873f3b7
300087,3,random,32,0,0,1,1,-0.3200000000000001,-0.10040000000000004,10,feb74fa6d5bd779da5ace25b17fe259aa6bf1bb228cb92edca0d54f2089c07d9
300087,4,random,32,0,0,1,1,-0.3200000000000001,-0.024799999999999905,16,c03b256dfcf4d5607a82425815e8de7946afc437d07fcc393c9f330a663ceb68
300087,5,random,32,0,0,1,1,-0.3200000000000001,-0.09920000000000001,6,55189ae6b0f1aea3bb7d23c31f36f7fe1f66c65d3a162bdd0253636a32e8661c
300087,6,random,3,1,1,0,1,0.97,1.0936,0,f3cdb573d44e123a5c7b18b91eb856eb7650f34b41fe746001cf70603c9ba0f6
300087,7,random,32,0,0,1,1,-0.3200000000000001,-0.05839999999999984,10,f17c168ccc82afe539c294ed6934a57a878328a2f23a9c06f923f5de37379f63
300087,8,guided,3,1,1,0,1,0.97,1.0936,0,dac45df6cc47372c82eeed8f0788bed274518fde481fdd172f6ed567ea728153
300087,9,guided,3,1,1,0,1,0.97,1.0936,0,dac45df6cc47372c82eeed8f0788bed274518fde481fdd172f6ed567ea728153
300087,10,guided,3,1,1,0,1,0.97,1.0936,0,dac45df6cc47372c82eeed8f0788bed274518fde481fdd172f6ed567ea728153
300087,11,guided,3,1,1,0,1,0.97,1.0936,0,dac45df6cc47372c82eeed8f0788bed274518fde481fdd172f6ed567ea728153
300087,12,guided,3,1,1,0,1,0.97,1.0936,0,dac45df6cc47372c82eeed8f0788bed274518fde481fdd172f6ed567ea728153
300087,13,guided,3,1,1,0,1,0.97,1.0936,0,dac45df6cc47372c82eeed8f0788bed274518fde481fdd172f6ed567ea728153
300087,14,guided,3,1,1,0,1,0.97,1.0936,0,dac45df6cc47372c82eeed8f0788bed274518fde481fdd172f6ed567ea728153
300087,15,guided,3,1,1,0,1,0.97,1.0936,0,dac45df6cc47372c82eeed8f0788bed274518fde481fdd172f6ed567ea728153
300088,0,random,32,0,0,1,1,-0.3200000000000001,0.11680000000000014,15,f5cd96eefc091fdda7d5ebc4c67d170b868cfda16d1d5ecb9cd00e1cd9e94cdb
300088,1,random,32,0,0,1,1,-0.3200000000000001,0.07360000000000015,18,7d7c1355e2bdfbe232ec1c298027f0108601528b89059ed34b83521d840a2cf5
300088,2,random,32,0,0,1,1,-0.3200000000000001,0.11320000000000013,17,bb267eb2d9643fed7827fc590221bd64344ac912af4bf46f49a7bfc63866a72c
300088,3,random,32,0,0,1,1,-0.3200000000000001,0.12640000000000012,21,50cd53278fd46dda2ac4c0d0e2f18dddd24e59ff38e15bf953f8d4d931adb497
300088,4,random,28,1,1,0,1,0.72,1.1064,16,4a5955fc78508522dfcbab0b5bb7a93c2a8784011f1417e153aa97bba63217b1
300088,5,random,32,0,0,1,1,-0.3200000000000001,0.07360000000000011,14,1dd2d012b465ca9d5d26e62202436cca03deea4b65a415e029cb90b4e29a03cc
300088,6,random,32,0,0,1,1,-0.3200000000000001,0.11800000000000015,18,f6555ee2f79c9bcc1ecdfb8109bdfa3b00f95e53c0e40ed488e3c5a4d55cbba3
300088,7,random,32,0,0,1,1,-0.3200000000000001,0.12160000000000012,18,44ae6d0960ef8a2aff9f6cbd3239cbc310c097a5fb74b8182384a11a347a0df5
300088,8,guided,6,1,1,0,1,0.94,1.198,0,292555ec531a1589248cd916c8fa695ef2113fed8ccdd7f57537d07e32052f3f
300088,9,guided,6,1,1,0,1,0.94,1.198,0,292555ec531a1589248cd916c8fa695ef2113fed8ccdd7f57537d07e32052f3f
300088,10,guided,6,1,1,0,1,0.94,1.198,0,292555ec531a1589248cd916c8fa695ef2113fed8ccdd7f57537d07e32052f3f
300088,11,guided,6,1,1,0,1,0.94,1.198,0,292555ec531a1589248cd916c8fa695ef2113fed8ccdd7f57537d07e32052f3f
300088,12,guided,6,1,1,0,1,0.94,1.198,0,292555ec531a1589248cd916c8fa695ef2113fed8ccdd7f57537d07e32052f3f
300088,13,guided,6,1,1,0,1,0.94,1.198,0,292555ec531a1589248cd916c8fa695ef2113fed8ccdd7f57537d07e32052f3f
300088,14,guided,6,1,1,0,1,0.94,1.198,0,292555ec531a1589248cd916c8fa695ef2113fed8ccdd7f57537d07e32052f3f
300088,15,guided,6,1,1,0,1,0.94,1.198,0,292555ec531a1589248cd916c8fa695ef2113fed8ccdd7f57537d07e32052f3f
300089,0,random,12,1,1,0,1,0.88,1.0276,3,b976036f3b0ffe440d5a07c790d88199122f39c77151fb4987505d10df952c65
300089,1,random,23,1,1,0,1,0.7699999999999999,1.0004000000000002,8,6dc6fd7c67247f56d6e0ec8fe63b98081eac1f5aee681ba039a884c91d0e7923
300089,2,random,17,1,1,0,1,0.83,0.9932000000000001,4,f930927aca81858518ce5e4d3f105ff7bd970f2706eaaa9fd65d43ebb75f8ee8
300089,3,random,32,0,0,1,1,-0.3200000000000001,-0.011599999999999805,11,fd5552e5dbf7e0ba2059c7f7204f5a6721102c64be2a089204923d726dce6b9a
300089,4,random,13,1,1,0,1,0.87,1.0164,0,0b9b4886a730a10fd16f6ae0df17fb711b852e8cd01d6dc4ed2002d66bbcde26
300089,5,random,32,0,0,1,1,-0.3200000000000001,-0.08479999999999992,11,ff4f8577d199cadd17fc7acd614640952802a3a50a9126c7ec6fa161b237193d
300089,6,random,32,0,0,1,1,-0.3200000000000001,-0.006799999999999834,19,a7af4315f8cf3733771cce64b5b6079727c1bfdc9fde752e2729c3d97b5cf362
300089,7,random,16,1,1,0,1,0.84,0.9972000000000001,3,a3c24864190f96d9d25b7808262661986af45c7fd70f0c1d6a8ef5683e123586
300089,8,guided,3,1,1,0,1,0.97,1.0936,0,17f9760ad68b4ef3ea996415f58bc0c4d438773ff237a01a8f35b0da09744cc8
300089,9,guided,3,1,1,0,1,0.97,1.0936,0,17f9760ad68b4ef3ea996415f58bc0c4d438773ff237a01a8f35b0da09744cc8
300089,10,guided,3,1,1,0,1,0.97,1.0936,0,17f9760ad68b4ef3ea996415f58bc0c4d438773ff237a01a8f35b0da09744cc8
300089,11,guided,3,1,1,0,1,0.97,1.0936,0,17f9760ad68b4ef3ea996415f58bc0c4d438773ff237a01a8f35b0da09744cc8
300089,12,guided,3,1,1,0,1,0.97,1.0936,0,17f9760ad68b4ef3ea996415f58bc0c4d438773ff237a01a8f35b0da09744cc8
300089,13,guided,3,1,1,0,1,0.97,1.0936,0,17f9760ad68b4ef3ea996415f58bc0c4d438773ff237a01a8f35b0da09744cc8
300089,14,guided,3,1,1,0,1,0.97,1.0936,0,17f9760ad68b4ef3ea996415f58bc0c4d438773ff237a01a8f35b0da09744cc8
300089,15,guided,3,1,1,0,1,0.97,1.0936,0,17f9760ad68b4ef3ea996415f58bc0c4d438773ff237a01a8f35b0da09744cc8
300090,0,random,13,1,1,0,1,0.87,1.1216000000000002,2,c193869245a8760d33855a7bf338f04d65f0b2abb61371cd94741b5cc0bc216e
300090,1,random,20,1,1,0,1,0.7999999999999999,1.0756000000000001,7,8363e06361507d9958d466036a83ec0eb0249dc0d1106f8ebfedcc089a7994a1
300090,2,random,30,1,1,0,1,0.7,1.0632000000000001,9,51a535910d3b632641fa07416ed29b362846fa4ab2ccbd5ac2c13c068fa97042
300090,3,random,14,1,1,0,1,0.86,1.1056000000000001,5,e833a673c8576d243953cc178949a1f652aa14debfec41ee99b3cde63b16f5a3
300090,4,random,32,0,0,1,1,-0.3200000000000001,9.71445146547012e-17,4,cb39369668797f40a079524519e24de28b0f96f3dedf84214482c749f8dd0494
300090,5,random,32,0,0,1,1,-0.3200000000000001,0.018000000000000127,5,7625ae1081d059529a0be0fae775e276dfdbe2dfe094ddb514145691e5763c03
300090,6,random,11,1,1,0,1,0.89,1.1308,2,9eb627cf4d904198150b0f4522b3f290705c34a4b7adbefa26ae9350aeded67d
300090,7,random,32,0,0,1,1,-0.3200000000000001,0.02760000000000014,12,5c48496e5c8fe2806c2a7b05094f66e892d4d9e2c866d407ab839237af73745d
300090,8,guided,21,1,1,0,1,0.7899999999999999,1.0248,16,56894868619579379ab4ea631d88fbfc2a6399636879b298a8fbc8f6040035a6
300090,9,guided,21,1,1,0,1,0.7899999999999999,1.0248,16,56894868619579379ab4ea631d88fbfc2a6399636879b298a8fbc8f6040035a6
300090,10,guided,21,1,1,0,1,0.7899999999999999,1.0248,16,56894868619579379ab4ea631d88fbfc2a6399636879b298a8fbc8f6040035a6
300090,11,guided,21,1,1,0,1,0.7899999999999999,1.0248,16,56894868619579379ab4ea631d88fbfc2a6399636879b298a8fbc8f6040035a6
300090,12,guided,21,1,1,0,1,0.7899999999999999,1.0248,16,56894868619579379ab4ea631d88fbfc2a6399636879b298a8fbc8f6040035a6
300090,13,guided,21,1,1,0,1,0.7899999999999999,1.0248,16,56894868619579379ab4ea631d88fbfc2a6399636879b298a8fbc8f6040035a6
300090,14,guided,21,1,1,0,1,0.7899999999999999,1.0248,16,56894868619579379ab4ea631d88fbfc2a6399636879b298a8fbc8f6040035a6
300090,15,guided,21,1,1,0,1,0.7899999999999999,1.0248,16,56894868619579379ab4ea631d88fbfc2a6399636879b298a8fbc8f6040035a6
300091,0,random,16,1,1,0,1,0.84,0.9460000000000001,3,26230c089e42e582b59fc9058d4c0a166945b66689ff6952a1a6724ce0255f67
300091,1,random,32,0,0,1,1,-0.3200000000000001,-0.08559999999999979,19,98a79325d8aec4372f3066ba95ec3d61cd34e6d4718ee4f4c914ae5b5bf68446
300091,2,random,1,1,1,0,1,0.99,1.03,0,69875096fb06d9d3500bc53b45f4fa7cbde622441d5b989d6cfdb3f8e0becb60
300091,3,random,1,1,1,0,1,0.99,1.03,0,69875096fb06d9d3500bc53b45f4fa7cbde622441d5b989d6cfdb3f8e0becb60
300091,4,random,2,1,1,0,1,0.98,1.0212,1,524b224dd06209a20bc2f3a3b34744aa29367ca8642f3458b529c10272fc56b5
300091,5,random,32,0,0,1,1,-0.3200000000000001,-0.16839999999999994,10,82ff99183ca89fa970d24a6ab3b3d9f4289476949728d1fef0395c9b1f7b28ac
300091,6,random,1,1,1,0,1,0.99,1.03,0,69875096fb06d9d3500bc53b45f4fa7cbde622441d5b989d6cfdb3f8e0becb60
300091,7,random,2,1,1,0,1,0.98,1.0212,1,524b224dd06209a20bc2f3a3b34744aa29367ca8642f3458b529c10272fc56b5
300091,8,guided,1,1,1,0,1,0.99,1.03,0,69875096fb06d9d3500bc53b45f4fa7cbde622441d5b989d6cfdb3f8e0becb60
300091,9,guided,1,1,1,0,1,0.99,1.03,0,69875096fb06d9d3500bc53b45f4fa7cbde622441d5b989d6cfdb3f8e0becb60
300091,10,guided,1,1,1,0,1,0.99,1.03,0,69875096fb06d9d3500bc53b45f4fa7cbde622441d5b989d6cfdb3f8e0becb60
300091,11,guided,1,1,1,0,1,0.99,1.03,0,69875096fb06d9d3500bc53b45f4fa7cbde622441d5b989d6cfdb3f8e0becb60
300091,12,guided,1,1,1,0,1,0.99,1.03,0,69875096fb06d9d3500bc53b45f4fa7cbde622441d5b989d6cfdb3f8e0becb60
300091,13,guided,1,1,1,0,1,0.99,1.03,0,69875096fb06d9d3500bc53b45f4fa7cbde622441d5b989d6cfdb3f8e0becb60
300091,14,guided,1,1,1,0,1,0.99,1.03,0,69875096fb06d9d3500bc53b45f4fa7cbde622441d5b989d6cfdb3f8e0becb60
300091,15,guided,1,1,1,0,1,0.99,1.03,0,69875096fb06d9d3500bc53b45f4fa7cbde622441d5b989d6cfdb3f8e0becb60
300092,0,random,32,0,0,1,1,-0.3200000000000001,-0.07319999999999977,7,19b1f63476ee16e7dddc158f2936b8b51752c012c33279d923a959da4081298b
300092,1,random,17,1,1,0,1,0.83,0.9628000000000001,5,5b2348ee734f87ceb15396659590c6ac618bc418ee17fa070eee49ab8ec25581
300092,2,random,32,0,0,1,1,-0.3200000000000001,-0.09479999999999994,8,1ce59ace3771fb685379f746f38319217c28a6f78c39d118a6b0287d5b1fb332
300092,3,random,32,0,0,1,1,-0.3200000000000001,-0.07319999999999988,17,04fbf203a82982be4deb98298a503341d96644ab689f9f85fd1a15eb6bcace35
300092,4,random,32,0,0,1,1,-0.3200000000000001,-0.0719999999999999,6,ceaab07b6a26632d4df9b96a40ae8905766c0df820438e2b36ce3eb931b928dd
300092,5,random,32,0,0,1,1,-0.3200000000000001,-0.1067999999999999,7,d9c96e2de5ad347b67d2d93336f48f0e1ceb79831e6f99ac74e4857802a8a25d
300092,6,random,32,0,0,1,1,-0.3200000000000001,-0.11399999999999992,13,1e3042ca8489cf1b889239472ad98c98814cf174edea085a38d0f9199da7f490
300092,7,random,32,0,0,1,1,-0.3200000000000001,-0.07919999999999983,6,b8161e775cf03df90a16b85983a549ac104e851faee87218e61cde16db5d90a5
300092,8,guided,2,1,1,0,1,0.98,1.0612,0,7a3977438aaffbeebf9bc8f792015cb89bf86409f1271b962dad1518b6030f1a
300092,9,guided,2,1,1,0,1,0.98,1.0612,0,7a3977438aaffbeebf9bc8f792015cb89bf86409f1271b962dad1518b6030f1a
300092,10,guided,2,1,1,0,1,0.98,1.0612,0,7a3977438aaffbeebf9bc8f792015cb89bf86409f1271b962dad1518b6030f1a
300092,11,guided,2,1,1,0,1,0.98,1.0612,0,7a3977438aaffbeebf9bc8f792015cb89bf86409f1271b962dad1518b6030f1a
300092,12,guided,2,1,1,0,1,0.98,1.0612,0,7a3977438aaffbeebf9bc8f792015cb89bf86409f1271b962dad1518b6030f1a
300092,13,guided,2,1,1,0,1,0.98,1.0612,0,7a3977438aaffbeebf9bc8f792015cb89bf86409f1271b962dad1518b6030f1a
300092,14,guided,2,1,1,0,1,0.98,1.0612,0,7a3977438aaffbeebf9bc8f792015cb89bf86409f1271b962dad1518b6030f1a
300092,15,guided,2,1,1,0,1,0.98,1.0612,0,7a3977438aaffbeebf9bc8f792015cb89bf86409f1271b962dad1518b6030f1a
300093,0,random,17,1,1,0,1,0.83,0.9400000000000001,9,b45f003712ec2d68fdb52b9288cd69bc7f2f03d731367948c07ac0501f03c3ab
300093,1,random,32,0,0,1,1,-0.3200000000000001,-0.16319999999999996,8,4dfa8b0761eaf6b257808e9421930e709b16637e9003bbd76c58ae555b352a82
300093,2,random,8,1,1,0,1,0.9199999999999999,1.0108000000000001,6,c87b9c0e3c9fd990e32f666ae9aa5fcc39cc1f9ec91be655aec2fec933e03481
300093,3,random,2,1,1,0,1,0.98,1.0612,0,50d08a0d03916bcc39121e7e5d3483af83b00537cf39db60ac2762a9699848c5
300093,4,random,2,1,1,0,1,0.98,1.0612,0,bbc97d37b595a940202f0d413dbf5b2fba6ec1547af4bd602399b3baa0cc734f
300093,5,random,10,1,1,0,1,0.9,0.9992000000000001,6,c2e8174f4fd42985260e619f997a18f88c5f89838c6000de0612bab97c9b0790
300093,6,random,32,0,0,1,1,-0.3200000000000001,-0.1379999999999999,9,2ac9b656c79ab262da5dbdb67f51a65fa7685ae8f0d10ad64b4338e7874d7a31
300093,7,random,9,1,1,0,1,0.91,1.0044,7,a321a9b5e846f432f0e255e77bcd6997d74fcf02d4adc01a40dc271656238d85
300093,8,guided,2,1,1,0,1,0.98,1.0612,0,bbc97d37b595a940202f0d413dbf5b2fba6ec1547af4bd602399b3baa0cc734f
300093,9,guided,2,1,1,0,1,0.98,1.0612,0,bbc97d37b595a940202f0d413dbf5b2fba6ec1547af4bd602399b3baa0cc734f
300093,10,guided,2,1,1,0,1,0.98,1.0612,0,bbc97d37b595a940202f0d413dbf5b2fba6ec1547af4bd602399b3baa0cc734f
300093,11,guided,2,1,1,0,1,0.98,1.0612,0,bbc97d37b595a940202f0d413dbf5b2fba6ec1547af4bd602399b3baa0cc734f
300093,12,guided,2,1,1,0,1,0.98,1.0612,0,bbc97d37b595a940202f0d413dbf5b2fba6ec1547af4bd602399b3baa0cc734f
300093,13,guided,2,1,1,0,1,0.98,1.0612,0,bbc97d37b595a940202f0d413dbf5b2fba6ec1547af4bd602399b3baa0cc734f
300093,14,guided,2,1,1,0,1,0.98,1.0612,0,bbc97d37b595a940202f0d413dbf5b2fba6ec1547af4bd602399b3baa0cc734f
300093,15,guided,2,1,1,0,1,0.98,1.0612,0,bbc97d37b595a940202f0d413dbf5b2fba6ec1547af4bd602399b3baa0cc734f
300094,0,random,32,0,0,1,1,-0.3200000000000001,-0.14759999999999998,4,044e4854515d9a37b9409a971de1af1d54099bc31d980ca01d40614f63937f6a
300094,1,random,11,1,1,0,1,0.89,1.0012,5,c781001872d0ea70282c4601038fc93529b0a463f163f9d135ea48ce6a4207d6
300094,2,random,2,1,1,0,1,0.98,1.0612,0,53a183927ec7caa196b1119eb021e99d9f0af14f5c58b341600672460b5e18a4
300094,3,random,32,0,0,1,1,-0.3200000000000001,-0.14639999999999997,6,dc9025d13c1894fdcb1d0ebb2c839a853a0ce68289132473fa2fbf83a64eea3b
300094,4,random,4,1,1,0,1,0.96,1.0472000000000001,0,5aeb40d799eccdfc4da80e6c4aea6e1f168cf7f6aa26d8ebda67bf515c316443
300094,5,random,4,1,1,0,1,0.96,1.0448,0,4e3730c7379ded2f9e752edd5e42d8833214016673f2ee52963dcf2c9e6d87e5
300094,6,random,2,1,1,0,1,0.98,1.0612,0,53a183927ec7caa196b1119eb021e99d9f0af14f5c58b341600672460b5e18a4
300094,7,random,32,0,0,1,1,-0.3200000000000001,-0.14520000000000005,6,f1ea4bbd9b78d99ad35bb97c26f810289a5219727ca97b338c6c36fe757907ca
300094,8,guided,2,1,1,0,1,0.98,1.0612,0,c05b06ca0e67f0fa3d6b8a780332a082f38893c5ad388b6569a2de4263683f72
300094,9,guided,2,1,1,0,1,0.98,1.0612,0,c05b06ca0e67f0fa3d6b8a780332a082f38893c5ad388b6569a2de4263683f72
300094,10,guided,2,1,1,0,1,0.98,1.0612,0,c05b06ca0e67f0fa3d6b8a780332a082f38893c5ad388b6569a2de4263683f72
300094,11,guided,2,1,1,0,1,0.98,1.0612,0,c05b06ca0e67f0fa3d6b8a780332a082f38893c5ad388b6569a2de4263683f72
300094,12,guided,2,1,1,0,1,0.98,1.0612,0,c05b06ca0e67f0fa3d6b8a780332a082f38893c5ad388b6569a2de4263683f72
300094,13,guided,2,1,1,0,1,0.98,1.0612,0,c05b06ca0e67f0fa3d6b8a780332a082f38893c5ad388b6569a2de4263683f72
300094,14,guided,2,1,1,0,1,0.98,1.0612,0,c05b06ca0e67f0fa3d6b8a780332a082f38893c5ad388b6569a2de4263683f72
300094,15,guided,2,1,1,0,1,0.98,1.0612,0,c05b06ca0e67f0fa3d6b8a780332a082f38893c5ad388b6569a2de4263683f72
300095,0,random,29,1,1,0,1,0.71,1.0168000000000001,8,01fe93331b48b75ff54debcf6e682515a0c3324fe6a05a0b40ae2027cb1dd571
300095,1,random,15,1,1,0,1,0.85,1.1088,2,22f1d10396067eba26c1c5adc978e5c83f3ec0029e5d328ec8cd4bd14ed3f321
300095,2,random,32,0,0,1,1,-0.3200000000000001,0.019200000000000106,8,8999b72ffe39288cd181cd1363e64b2bf443b2a6f32ebcbac150c4790f102f14
300095,3,random,32,0,0,1,1,-0.3200000000000001,0.0060000000000001025,5,bb30ba9b8122fee05092663390137a4e8421d641c472e73400b9daca03bbe91a
300095,4,random,12,1,1,0,1,0.88,1.1208,3,1762d264bd787c5318e78c60a13a58216061bcc7adfe12fd53b74269ed22e657
300095,5,random,5,1,1,0,1,0.95,1.162,0,c27293def73476adcf62866e4bdbddd49cf5d4250cd7828d275bfc59d0aa230d
300095,6,random,32,0,0,1,1,-0.3200000000000001,0.07560000000000018,6,5d20fecdcd5aa3a23c7ab78ce6a59d69054570ce76ea32c4afdd3a62d562245d
300095,7,random,32,0,0,1,1,-0.3200000000000001,0.07560000000000017,8,107d926137e3be4448d66d9ecefda1bb9a046c1a98e9ea5d5c318cbaf231dbc2
300095,8,guided,5,1,1,0,1,0.95,1.162,0,7a6c5dc763a832ba8be58f07c10ae7467e179c3a0ad7fc90c8687321daab6410
300095,9,guided,5,1,1,0,1,0.95,1.162,0,7a6c5dc763a832ba8be58f07c10ae7467e179c3a0ad7fc90c8687321daab6410
300095,10,guided,5,1,1,0,1,0.95,1.162,0,7a6c5dc763a832ba8be58f07c10ae7467e179c3a0ad7fc90c8687321daab6410
300095,11,guided,5,1,1,0,1,0.95,1.162,0,7a6c5dc763a832ba8be58f07c10ae7467e179c3a0ad7fc90c8687321daab6410
300095,12,guided,5,1,1,0,1,0.95,1.162,0,7a6c5dc763a832ba8be58f07c10ae7467e179c3a0ad7fc90c8687321daab6410
300095,13,guided,5,1,1,0,1,0.95,1.162,0,7a6c5dc763a832ba8be58f07c10ae7467e179c3a0ad7fc90c8687321daab6410
300095,14,guided,5,1,1,0,1,0.95,1.162,0,7a6c5dc763a832ba8be58f07c10ae7467e179c3a0ad7fc90c8687321daab6410
300095,15,guided,5,1,1,0,1,0.95,1.162,0,7a6c5dc763a832ba8be58f07c10ae7467e179c3a0ad7fc90c8687321daab6410
300096,0,random,32,0,0,1,1,-0.3200000000000001,-0.07999999999999989,9,19046e3cab044e30b167257dab03b580b32129939c3921b97b1503f77370e274
300096,1,random,29,1,1,0,1,0.71,0.9044000000000001,6,10271040993263cdb67d774d223352fc9796a4d3c3074182e5d85f9f2e517f2d
300096,2,random,32,0,0,1,1,-0.3200000000000001,-0.08239999999999985,10,fce17c0579bf2dc4d9f5eb8e691feb913fd3c4b65bcf8f0e0e359737e6fc86fa
300096,3,random,32,0,0,1,1,-0.3200000000000001,-0.0547999999999999,10,94377f2f5f91e5d645690f83209f2d8c995196272ca939cccb02b0f6deb36ce8
300096,4,random,32,0,0,1,1,-0.3200000000000001,-0.013999999999999901,15,978ca057bb0f4a4fd6bd445402ab7311522d170b12a60dbda4537f83a57ce16d
300096,5,random,32,0,0,1,1,-0.3200000000000001,-0.04279999999999992,15,e4d6c5167ae288e4678081e2dbccc6b086125acfeb0e699495f371df65024dd4
300096,6,random,32,0,0,1,1,-0.3200000000000001,-0.046399999999999844,10,b8aee6611eeccfbd2d95b068ee3f49b5d4835780623af9c86608bccdd3e12e51
300096,7,random,32,0,0,1,1,-0.3200000000000001,-0.07879999999999973,17,34a383c7be087165f12788571ae6a59fa4b8c147b7bf92673995f9e95a240617
300096,8,guided,10,1,1,0,1,0.9,1.0404,7,4992995f86653d79fd19c0d8b544c7a3455cc63e7ba5b7b4d70212623fe7abe2
300096,9,guided,10,1,1,0,1,0.9,1.0404,7,4992995f86653d79fd19c0d8b544c7a3455cc63e7ba5b7b4d70212623fe7abe2
300096,10,guided,10,1,1,0,1,0.9,1.0404,7,4992995f86653d79fd19c0d8b544c7a3455cc63e7ba5b7b4d70212623fe7abe2
300096,11,guided,10,1,1,0,1,0.9,1.0404,7,4992995f86653d79fd19c0d8b544c7a3455cc63e7ba5b7b4d70212623fe7abe2
300096,12,guided,10,1,1,0,1,0.9,1.0404,7,4992995f86653d79fd19c0d8b544c7a3455cc63e7ba5b7b4d70212623fe7abe2
300096,13,guided,10,1,1,0,1,0.9,1.0404,7,4992995f86653d79fd19c0d8b544c7a3455cc63e7ba5b7b4d70212623fe7abe2
300096,14,guided,10,1,1,0,1,0.9,1.0404,7,4992995f86653d79fd19c0d8b544c7a3455cc63e7ba5b7b4d70212623fe7abe2
300096,15,guided,10,1,1,0,1,0.9,1.0404,7,4992995f86653d79fd19c0d8b544c7a3455cc63e7ba5b7b4d70212623fe7abe2
300097,0,random,32,0,0,1,1,-0.3200000000000001,0.1460000000000001,5,62d6390692132f4eba15cfd7d9787ee893cdb145aa9a84429930edd15659d2af
300097,1,random,24,1,1,0,1,0.7599999999999999,1.2068,7,5573d9c2bfe24aa069b10978adc4df4aa29f10061b45649b4a5fa1c21a590922
300097,2,random,31,1,1,0,1,0.69,1.1344,12,9d42cd9774f98558a9adc70a5efd6a07aff722488f5d93087bd766c306a5aedf
300097,3,random,32,0,0,1,1,-0.3200000000000001,0.1568000000000001,3,a92eb5d5c1ab0489400eb7745197bb3bbca433194831da8e13ee658022f934c2
300097,4,random,32,0,0,1,1,-0.3200000000000001,0.13640000000000008,13,01331417c4d09adc0ad226d7de8427432db3d33c3c92d5210900dd58efc11164
300097,5,random,32,0,0,1,1,-0.3200000000000001,0.2120000000000002,12,0ced3155e6301b82741d3b4a12b69136d5333ff312c61ea2ded687bf238907c6
300097,6,random,32,0,0,1,1,-0.3200000000000001,0.14000000000000007,5,801a2ad648ed1ec81b4c0cb4d08511e9a68eeb159633f7eb4a74159dcbed2247
300097,7,random,19,1,1,0,1,0.8099999999999999,1.15,2,52654102f1c767337d3261729a1646b31e81f125d1307c9f3b19df8cb4d5f633
300097,8,guided,15,1,1,0,1,0.85,1.1648,8,1b848434151aec5fd997584af0ef213cd18fab51afb0b689be779915ba698d34
300097,9,guided,15,1,1,0,1,0.85,1.1648,8,1b848434151aec5fd997584af0ef213cd18fab51afb0b689be779915ba698d34
300097,10,guided,15,1,1,0,1,0.85,1.1648,8,1b848434151aec5fd997584af0ef213cd18fab51afb0b689be779915ba698d34
300097,11,guided,15,1,1,0,1,0.85,1.1648,8,1b848434151aec5fd997584af0ef213cd18fab51afb0b689be779915ba698d34
300097,12,guided,15,1,1,0,1,0.85,1.1648,8,1b848434151aec5fd997584af0ef213cd18fab51afb0b689be779915ba698d34
300097,13,guided,15,1,1,0,1,0.85,1.1648,8,1b848434151aec5fd997584af0ef213cd18fab51afb0b689be779915ba698d34
300097,14,guided,15,1,1,0,1,0.85,1.1648,8,1b848434151aec5fd997584af0ef213cd18fab51afb0b689be779915ba698d34
300097,15,guided,15,1,1,0,1,0.85,1.1648,8,1b848434151aec5fd997584af0ef213cd18fab51afb0b689be779915ba698d34
300098,0,random,32,0,0,1,1,-0.3200000000000001,-0.08119999999999998,3,b5cf0b10722087363b0fffef67f5b7013f2b8c9a397d382cf52acd18b51061fd
300098,1,random,24,1,1,0,1,0.7599999999999999,0.9484,3,553ca992e9b1bd0388b2aff27d241b0107e59bc4d7a6183c137ba1d8547dd1db
300098,2,random,12,1,1,0,1,0.88,1.0252000000000001,5,d7c9cac17fe46db8a58ae210ed08c8404fe767148cd4c0e9322bbfb7c50ff432
300098,3,random,32,0,0,1,1,-0.3200000000000001,-0.016399999999999915,16,12e12c282ab569015fa9f0b2de84d8c4c644f82ca4c724268880ccdf459dc44c
300098,4,random,32,0,0,1,1,-0.3200000000000001,-0.08119999999999988,4,dbe2f9babd17f2ac8db98abc2d74215d745e7a2eb9b8d131ed7dee430c89eda8
300098,5,random,32,0,0,1,1,-0.3200000000000001,-0.010399999999999882,16,03ed8c6ccb2ff6105d9f941bba908b316ec15cd4377b295b6c0874f42856d24e
300098,6,random,32,0,0,1,1,-0.3200000000000001,-0.10639999999999994,15,5169670727fb7cc2e9e4170f0975ec1d777fad1dbe9954170eea676063201564
300098,7,random,4,1,1,0,1,0.96,1.0872,1,6fee0c48df8e2490736d6e1c61bfbba2d1805e50712101342c074d8f75496cd1
300098,8,guided,3,1,1,0,1,0.97,1.0936,0,0dd55831fe6ad1bdb4287f95c933e0c7c05f651390ac5db052bb3bcab4173a86
300098,9,guided,3,1,1,0,1,0.97,1.0936,0,0dd55831fe6ad1bdb4287f95c933e0c7c05f651390ac5db052bb3bcab4173a86
300098,10,guided,3,1,1,0,1,0.97,1.0936,0,0dd55831fe6ad1bdb4287f95c933e0c7c05f651390ac5db052bb3bcab4173a86
300098,11,guided,3,1,1,0,1,0.97,1.0936,0,0dd55831fe6ad1bdb4287f95c933e0c7c05f651390ac5db052bb3bcab4173a86
300098,12,guided,3,1,1,0,1,0.97,1.0936,0,0dd55831fe6ad1bdb4287f95c933e0c7c05f651390ac5db052bb3bcab4173a86
300098,13,guided,3,1,1,0,1,0.97,1.0936,0,0dd55831fe6ad1bdb4287f95c933e0c7c05f651390ac5db052bb3bcab4173a86
300098,14,guided,3,1,1,0,1,0.97,1.0936,0,0dd55831fe6ad1bdb4287f95c933e0c7c05f651390ac5db052bb3bcab4173a86
300098,15,guided,3,1,1,0,1,0.97,1.0936,0,0dd55831fe6ad1bdb4287f95c933e0c7c05f651390ac5db052bb3bcab4173a86
300099,0,random,32,0,0,1,1,-0.3200000000000001,0.028400000000000133,21,a5142c83a2c3edffa52d23babdd7dd88d81834df31dbb97e347bca8692d12ff3
300099,1,random,23,1,1,0,1,0.7699999999999999,1.0404000000000002,9,585975fb57da11c7d79b680f3269517100da9e0984ce418d2516721f18b4fe50
300099,2,random,32,0,0,1,1,-0.3200000000000001,0.039200000000000096,23,777c1790aa683b429bf6515e2326736c3fb6428b642b75760879e49a0ae08b96
300099,3,random,32,0,0,1,1,-0.3200000000000001,-0.007599999999999885,8,65e803bcf9a2fcae9d48589b541acf9162289441c66049ffa31a826e6de973c7
300099,4,random,32,0,0,1,1,-0.3200000000000001,0.002000000000000085,13,56aae4f25c1df471fd419d21be3bc4d1af32ef7396ed6264d4f1d5aaca2212ad
300099,5,random,9,1,1,0,1,0.91,1.088,1,4615f1c070663bd28bad7e6431bb03ff1adabde1d21333e201158e40c6fc95ce
300099,6,random,32,0,0,1,1,-0.3200000000000001,-0.00639999999999985,7,1357e707e1db231d5b701e26ef49c80ec7ae4ee3e07277424d8df730a95a6b82
300099,7,random,32,0,0,1,1,-0.3200000000000001,0.024800000000000072,18,450bf9209e6260e8e145bf0f388ba591002ebd4598b31a80160f37b1d18c7853
300099,8,guided,4,1,1,0,1,0.96,1.1272,0,df29acae1010494302399d6b853d5b95d29d97f03b45c11c5dccf8ee0f938e30
300099,9,guided,4,1,1,0,1,0.96,1.1272,0,df29acae1010494302399d6b853d5b95d29d97f03b45c11c5dccf8ee0f938e30
300099,10,guided,4,1,1,0,1,0.96,1.1272,0,df29acae1010494302399d6b853d5b95d29d97f03b45c11c5dccf8ee0f938e30
300099,11,guided,4,1,1,0,1,0.96,1.1272,0,df29acae1010494302399d6b853d5b95d29d97f03b45c11c5dccf8ee0f938e30
300099,12,guided,4,1,1,0,1,0.96,1.1272,0,df29acae1010494302399d6b853d5b95d29d97f03b45c11c5dccf8ee0f938e30
300099,13,guided,4,1,1,0,1,0.96,1.1272,0,df29acae1010494302399d6b853d5b95d29d97f03b45c11c5dccf8ee0f938e30
300099,14,guided,4,1,1,0,1,0.96,1.1272,0,df29acae1010494302399d6b853d5b95d29d97f03b45c11c5dccf8ee0f938e30
300099,15,guided,4,1,1,0,1,0.96,1.1272,0,df29acae1010494302399d6b853d5b95d29d97f03b45c11c5dccf8ee0f938e30
300100,0,random,20,1,1,0,1,0.7999999999999999,1.026,4,aadb6419aaed1470093ca94fb893a49ce3e43a5d1eb0c85b312d51560c03a21d
300100,1,random,32,0,0,1,1,-0.3200000000000001,-0.014799999999999869,13,14c2353fc0245c21c969ac22ae6f0bd990781a133c518e7fe8265e6424482b1f
300100,2,random,32,0,0,1,1,-0.3200000000000001,-0.0015999999999998515,15,53515a11a31ec6c7d1c0d6218b479fc5e65d3aaa14e9311054c50d9f9ba37249
300100,3,random,32,0,0,1,1,-0.3200000000000001,-0.04599999999999985,9,e7a171a5f0eae28c9a4654bba84f0a05d54e703fad398a4ecdf20044106c3796
300100,4,random,18,1,1,0,1,0.82,1.034,0,7bf39464ff82c55038b0ae31e8cab42edc526bd4591d46c84eeb0cb942419fad
300100,5,random,32,0,0,1,1,-0.3200000000000001,-0.05439999999999988,10,e6e8a9badf5c3bfef50a9398efd7c3f3be0733c6faf91360a97ef7b71ab1bfc4
300100,6,random,32,0,0,1,1,-0.3200000000000001,-0.03399999999999992,8,73c281d31e828f9e3b14242291776cba99801b5a689ee632ecd7bc4b02d8a9be
300100,7,random,13,1,1,0,1,0.87,1.084,7,ee342dd12919bc75005c6a2db279e4461d9d115c59887e11f1c12ec1d9cfb202
300100,8,guided,4,1,1,0,1,0.96,1.1272,0,bbcc1d108918f14e779f27510ee3872d689d0cbb26292921561768a5101a4c15
300100,9,guided,4,1,1,0,1,0.96,1.1272,0,bbcc1d108918f14e779f27510ee3872d689d0cbb26292921561768a5101a4c15
300100,10,guided,4,1,1,0,1,0.96,1.1272,0,bbcc1d108918f14e779f27510ee3872d689d0cbb26292921561768a5101a4c15
300100,11,guided,4,1,1,0,1,0.96,1.1272,0,bbcc1d108918f14e779f27510ee3872d689d0cbb26292921561768a5101a4c15
300100,12,guided,4,1,1,0,1,0.96,1.1272,0,bbcc1d108918f14e779f27510ee3872d689d0cbb26292921561768a5101a4c15
300100,13,guided,4,1,1,0,1,0.96,1.1272,0,bbcc1d108918f14e779f27510ee3872d689d0cbb26292921561768a5101a4c15
300100,14,guided,4,1,1,0,1,0.96,1.1272,0,bbcc1d108918f14e779f27510ee3872d689d0cbb26292921561768a5101a4c15
300100,15,guided,4,1,1,0,1,0.96,1.1272,0,bbcc1d108918f14e779f27510ee3872d689d0cbb26292921561768a5101a4c15
300101,0,random,6,1,1,0,1,0.94,1.198,0,02697453c20016385838c82ac20f679fe62c2d2b073ea77011b42547cd5db382
300101,1,random,32,0,0,1,1,-0.3200000000000001,0.11560000000000012,11,7aaf48f7c2a9adcb153b045dd79f4e12a8c05310ce4bb4cebf510f541eb8c71f
300101,2,random,32,0,0,1,1,-0.3200000000000001,0.14680000000000015,12,12b2113767ee9228c76fe959831fe7a411377e34d2e267754594c4d796d1ad51
300101,3,random,14,1,1,0,1,0.86,1.1492,6,f45fca022f05e979112b0bdf35454afa1b0cb6b416839eccd1b36d315be96bed
300101,4,random,32,0,0,1,1,-0.3200000000000001,0.10000000000000014,10,f2d07d81a6d7a37a9df69cd3062cc5ca706ca91451416e390711872e3e5ed93f
300101,5,random,32,0,0,1,1,-0.3200000000000001,0.08800000000000013,8,ac729f40ee1ff08d41a6f6feaba0959c687a2a40e8b98ab952e9c284f01fa37f
300101,6,random,32,0,0,1,1,-0.3200000000000001,0.13240000000000018,13,8a9cae6126d1b4c1724b1e793b29dbbe353e09205a73af201ca614139e73315e
300101,7,random,32,0,0,1,1,-0.3200000000000001,0.13000000000000012,14,f39ec99d5674f43948c53c59caccacccce660a60db3793f4bac5e0807c756f7e
300101,8,guided,6,1,1,0,1,0.94,1.198,0,515c08bb562f02ccc808fbcfbf60cb82d08d3d61930da980e0ebbb07205c749d
300101,9,guided,6,1,1,0,1,0.94,1.198,0,515c08bb562f02ccc808fbcfbf60cb82d08d3d61930da980e0ebbb07205c749d
300101,10,guided,6,1,1,0,1,0.94,1.198,0,515c08bb562f02ccc808fbcfbf60cb82d08d3d61930da980e0ebbb07205c749d
300101,11,guided,6,1,1,0,1,0.94,1.198,0,515c08bb562f02ccc808fbcfbf60cb82d08d3d61930da980e0ebbb07205c749d
300101,12,guided,6,1,1,0,1,0.94,1.198,0,515c08bb562f02ccc808fbcfbf60cb82d08d3d61930da980e0ebbb07205c749d
300101,13,guided,6,1,1,0,1,0.94,1.198,0,515c08bb562f02ccc808fbcfbf60cb82d08d3d61930da980e0ebbb07205c749d
300101,14,guided,6,1,1,0,1,0.94,1.198,0,515c08bb562f02ccc808fbcfbf60cb82d08d3d61930da980e0ebbb07205c749d
300101,15,guided,6,1,1,0,1,0.94,1.198,0,515c08bb562f02ccc808fbcfbf60cb82d08d3d61930da980e0ebbb07205c749d
300102,0,random,32,0,0,1,1,-0.3200000000000001,-0.04999999999999989,16,d43e4d76aa07354ab30514c63803d7d67efb3433d6acaf4442b81f736083235c
300102,1,random,15,1,1,0,1,0.85,0.9964000000000001,6,144499560b8d58cf3cc2b791e15bc0d7f2619f5499fe38e8b21283a9c921eb40
300102,2,random,7,1,1,0,1,0.9299999999999999,1.0728,0,5a9482e9954b115ebd70f9e7749a2946f68b0bc16102ef9115148c7c70ba993b
300102,3,random,32,0,0,1,1,-0.3200000000000001,-0.06319999999999992,7,52b02453ab02d625736fd4b1e738009389b530ee369cff18bc43c3caddf08b03
300102,4,random,14,1,1,0,1,0.86,1.0196,3,8e32d115c23ef5e42e1e7f88d9db0b1fdbed595f957e3c7323b8a8db388f5b10
300102,5,random,32,0,0,1,1,-0.3200000000000001,-0.07879999999999991,10,b084db3d01861b869f8f60a363b26ba48f3aafc3ca3b8826ec16358d53f28c72
300102,6,random,32,0,0,1,1,-0.3200000000000001,-0.04039999999999988,12,5221051ce0e622dd9b5027219f3db21a174bc631672e46aa5efb01e8ce86f7f3
300102,7,random,32,0,0,1,1,-0.3200000000000001,-0.07639999999999997,12,9193e3a0fe333515cfd99d8f1b2ad7c5b20af0ca90a4d4d934e11e02c2d18865
300102,8,guided,5,1,1,0,1,0.95,1.0784,2,83e4010a6e913d4f088dc3629b12a6094d267d08ea5663b143795920ac652132
300102,9,guided,5,1,1,0,1,0.95,1.0784,2,83e4010a6e913d4f088dc3629b12a6094d267d08ea5663b143795920ac652132
300102,10,guided,5,1,1,0,1,0.95,1.0784,2,83e4010a6e913d4f088dc3629b12a6094d267d08ea5663b143795920ac652132
300102,11,guided,5,1,1,0,1,0.95,1.0784,2,83e4010a6e913d4f088dc3629b12a6094d267d08ea5663b143795920ac652132
300102,12,guided,5,1,1,0,1,0.95,1.0784,2,83e4010a6e913d4f088dc3629b12a6094d267d08ea5663b143795920ac652132
300102,13,guided,5,1,1,0,1,0.95,1.0784,2,83e4010a6e913d4f088dc3629b12a6094d267d08ea5663b143795920ac652132
300102,14,guided,5,1,1,0,1,0.95,1.0784,2,83e4010a6e913d4f088dc3629b12a6094d267d08ea5663b143795920ac652132
300102,15,guided,5,1,1,0,1,0.95,1.0784,2,83e4010a6e913d4f088dc3629b12a6094d267d08ea5663b143795920ac652132
300103,0,random,2,1,1,0,1,0.98,1.0612,0,2fc2f4261419229fc26c6b5cfb57d854288c56d2d62ff776205212157e0f5142
300103,1,random,10,1,1,0,1,0.9,1.0076,0,ec8140dab2766d18e38b2753893d57d3f78f5681a6d482b6be0dbc9f4cc49b01
300103,2,random,32,0,0,1,1,-0.3200000000000001,-0.1548,5,de8b08394b3bcadb0bee7b727db8b757ebad1888efd3266bb8ee38200f5e5e89
300103,3,random,32,0,0,1,1,-0.3200000000000001,-0.15119999999999995,8,a08f0ea6fad1c12753516de79435b6fc3ea9440f3edd70e53c49b6427ac2f4c8
300103,4,random,20,1,1,0,1,0.7999999999999999,0.9436000000000001,6,77d1f856b5d6e2ecf8e67d807c2340bd9c1a8a03d50cd50bcd1e43a050dae9b5
300103,5,random,28,1,1,0,1,0.72,0.8756,8,443cccd5826badf2e16e589e112ecc5583f3e3de0e05669ff937aab196e9a998
300103,6,random,32,0,0,1,1,-0.3200000000000001,-0.13559999999999994,9,205f463eb72ba1438f728048571b28e569948cb008899c2e4a80899b95f6618b
300103,7,random,32,0,0,1,1,-0.3200000000000001,-0.11759999999999986,13,1be781a0c7d474cc3278182696e5382e04199db2779d8bad645fee954decdcdb
300103,8,guided,2,1,1,0,1,0.98,1.0612,0,2fc2f4261419229fc26c6b5cfb57d854288c56d2d62ff776205212157e0f5142
300103,9,guided,2,1,1,0,1,0.98,1.0612,0,2fc2f4261419229fc26c6b5cfb57d854288c56d2d62ff776205212157e0f5142
300103,10,guided,2,1,1,0,1,0.98,1.0612,0,2fc2f4261419229fc26c6b5cfb57d854288c56d2d62ff776205212157e0f5142
300103,11,guided,2,1,1,0,1,0.98,1.0612,0,2fc2f4261419229fc26c6b5cfb57d854288c56d2d62ff776205212157e0f5142
300103,12,guided,2,1,1,0,1,0.98,1.0612,0,2fc2f4261419229fc26c6b5cfb57d854288c56d2d62ff776205212157e0f5142
300103,13,guided,2,1,1,0,1,0.98,1.0612,0,2fc2f4261419229fc26c6b5cfb57d854288c56d2d62ff776205212157e0f5142
300103,14,guided,2,1,1,0,1,0.98,1.0612,0,2fc2f4261419229fc26c6b5cfb57d854288c56d2d62ff776205212157e0f5142
300103,15,guided,2,1,1,0,1,0.98,1.0612,0,2fc2f4261419229fc26c6b5cfb57d854288c56d2d62ff776205212157e0f5142
300104,0,random,4,1,1,0,1,0.96,1.0472000000000001,0,a21d3d8a609dfdc77ba9ed9aeaeaf1b40d59c310d313fbb948047130914bf76c
300104,1,random,32,0,0,1,1,-0.3200000000000001,-0.09959999999999965,26,45085d37a0ad23b17d2e67e3c4a18c866d81c71c1811627f8139d21570d6650d
300104,2,random,21,1,1,0,1,0.7899999999999999,0.924,9,f919e9bd6189108e17fbd9822745b6fc4f698c729f671c2aa5ff17fe373a3719
300104,3,random,32,0,0,1,1,-0.3200000000000001,-0.14039999999999986,13,0bccb93f7a68544279d472c31963a7331f3c63781af4578543d5b87c7314eaa0
300104,4,random,11,1,1,0,1,0.89,0.9892000000000001,3,dfc8248f310d92473160fdb20ad2cbcef81490c35790a386be15cd65802a5053
300104,5,random,32,0,0,1,1,-0.3200000000000001,-0.11999999999999977,16,2031e21d2a17a059149a792e8793274b7582d50eef583fee1c19114494124901
300104,6,random,3,1,1,0,1,0.97,1.0524,1,d20c55d697954901a87303f09d377957d587ca745b63807d7e9dc6034e761038
300104,7,random,2,1,1,0,1,0.98,1.0612,0,6f96ef48859046febce0723ccb52cc56e291bfab6ca3184812d3d47ec5851ebf
300104,8,guided,4,1,1,0,1,0.96,1.0436,2,22f211eee625d81aa4531b2e7a84a9d1aeca21e25b1a4db6e42e1877126213ee
300104,9,guided,4,1,1,0,1,0.96,1.0436,2,22f211eee625d81aa4531b2e7a84a9d1aeca21e25b1a4db6e42e1877126213ee
300104,10,guided,4,1,1,0,1,0.96,1.0436,2,22f211eee625d81aa4531b2e7a84a9d1aeca21e25b1a4db6e42e1877126213ee
300104,11,guided,4,1,1,0,1,0.96,1.0436,2,22f211eee625d81aa4531b2e7a84a9d1aeca21e25b1a4db6e42e1877126213ee
300104,12,guided,4,1,1,0,1,0.96,1.0436,2,22f211eee625d81aa4531b2e7a84a9d1aeca21e25b1a4db6e42e1877126213ee
300104,13,guided,4,1,1,0,1,0.96,1.0436,2,22f211eee625d81aa4531b2e7a84a9d1aeca21e25b1a4db6e42e1877126213ee
300104,14,guided,4,1,1,0,1,0.96,1.0436,2,22f211eee625d81aa4531b2e7a84a9d1aeca21e25b1a4db6e42e1877126213ee
300104,15,guided,4,1,1,0,1,0.96,1.0436,2,22f211eee625d81aa4531b2e7a84a9d1aeca21e25b1a4db6e42e1877126213ee
300105,0,random,13,1,1,0,1,0.87,1.0684,5,a9960104ea27485048f2f38d06fd93130404fd020ee207feda7a63e68c959bb2
300105,1,random,32,0,0,1,1,-0.3200000000000001,0.05000000000000024,7,b7edd0ace8565cfbe11154005f5615b7eae5c7f64d33d0bf0b87e1d03f60382e
300105,2,random,32,0,0,1,1,-0.3200000000000001,0.006800000000000195,11,bbd0946a5398fcb0dc29275553e42e028c7cc4597a74448543846dd6d1c41291
300105,3,random,32,0,0,1,1,-0.3200000000000001,0.0008000000000001339,9,abe94973a2918527670f7a949a37196c11671bb49dc36e8012707a7a4a3b0011
300105,4,random,4,1,1,0,1,0.96,1.1272,0,880b7a17e68f38dddc7151f3f4792a76bd6f3579486280bab32d1350fcc0c8cb
300105,5,random,32,0,0,1,1,-0.3200000000000001,0.003200000000000175,6,968de09c969d4c46a9f19a147e52a928ddd38355e6e992ed656b305a924f6f70
300105,6,random,32,0,0,1,1,-0.3200000000000001,-0.005199999999999802,7,def69d71ae7be4bde049bcbf22a46cee38c6a822115ef06bcca445927d8e0ca4
300105,7,random,32,0,0,1,1,-0.3200000000000001,-0.05439999999999992,15,c93d52d425af6f80c0245d925149896a5d4da2b06d438b3ed220d37ddf698daa
300105,8,guided,32,0,0,1,1,-0.3200000000000001,-0.02079999999999986,28,53cbccc5848138a29439460c8d65783868d5b31bed948aafa2d4ba361fd02765
300105,9,guided,32,0,0,1,1,-0.3200000000000001,-0.02079999999999986,28,53cbccc5848138a29439460c8d65783868d5b31bed948aafa2d4ba361fd02765
300105,10,guided,32,0,0,1,1,-0.3200000000000001,-0.02079999999999986,28,53cbccc5848138a29439460c8d65783868d5b31bed948aafa2d4ba361fd02765
300105,11,guided,32,0,0,1,1,-0.3200000000000001,-0.02079999999999986,28,53cbccc5848138a29439460c8d65783868d5b31bed948aafa2d4ba361fd02765
300105,12,guided,32,0,0,1,1,-0.3200000000000001,-0.02079999999999986,28,53cbccc5848138a29439460c8d65783868d5b31bed948aafa2d4ba361fd02765
300105,13,guided,32,0,0,1,1,-0.3200000000000001,-0.02079999999999986,28,53cbccc5848138a29439460c8d65783868d5b31bed948aafa2d4ba361fd02765
300105,14,guided,32,0,0,1,1,-0.3200000000000001,-0.02079999999999986,28,53cbccc5848138a29439460c8d65783868d5b31bed948aafa2d4ba361fd02765
300105,15,guided,32,0,0,1,1,-0.3200000000000001,-0.02079999999999986,28,53cbccc5848138a29439460c8d65783868d5b31bed948aafa2d4ba361fd02765
300106,0,random,15,1,1,0,1,0.85,1.064,5,a07211ddf41ffeeb8beb3aa0da0fb5a2c93f5ce765aa9cd03a8626b8e4fb08d2
300106,1,random,32,0,0,1,1,-0.3200000000000001,-0.015999999999999903,10,de354651f7a2030729066830eb13d61cc84bf69354e6aae1be67915b5a303048
300106,2,random,31,1,1,0,1,0.69,0.9448000000000001,5,fd73375a818d650b2b64056680f7ccfd91ab2001d827d6fdaef93bc27afd88a6
300106,3,random,32,0,0,1,1,-0.3200000000000001,-0.05919999999999994,6,a3f4eac6c588bc4c66832101f3aa4c5a65fc2ce6ee6ddd215c00e1e7d33edc1e
300106,4,random,32,0,0,1,1,-0.3200000000000001,-0.044799999999999826,8,5c6e0d4455bf26695e0692565eb3395fb375303dc67530385a8363e4f931b61e
300106,5,random,32,0,0,1,1,-0.3200000000000001,-0.03999999999999994,8,c6b973e4cd2e58f505692d4faf4ddcf04539068953a21a5dbca6b7c43c8bf58b
300106,6,random,32,0,0,1,1,-0.3200000000000001,-0.05199999999999998,8,33f2aee50e6932a5c947105732c4d03c3d258acbf3aeaa813fbd9cf779ce0c55
300106,7,random,8,1,1,0,1,0.9199999999999999,1.104,2,45745df0bc38bab4c7a9396cf2dd0d71d1e717be76dd3ad6fa1a9eac3dfafb68
300106,8,guided,4,1,1,0,1,0.96,1.1272,0,a0ed3c3ab3c88d686401223478db87bd49b7820075ccfa597e681d339696cb2e
300106,9,guided,4,1,1,0,1,0.96,1.1272,0,a0ed3c3ab3c88d686401223478db87bd49b7820075ccfa597e681d339696cb2e
300106,10,guided,4,1,1,0,1,0.96,1.1272,0,a0ed3c3ab3c88d686401223478db87bd49b7820075ccfa597e681d339696cb2e
300106,11,guided,4,1,1,0,1,0.96,1.1272,0,a0ed3c3ab3c88d686401223478db87bd49b7820075ccfa597e681d339696cb2e
300106,12,guided,4,1,1,0,1,0.96,1.1272,0,a0ed3c3ab3c88d686401223478db87bd49b7820075ccfa597e681d339696cb2e
300106,13,guided,4,1,1,0,1,0.96,1.1272,0,a0ed3c3ab3c88d686401223478db87bd49b7820075ccfa597e681d339696cb2e
300106,14,guided,4,1,1,0,1,0.96,1.1272,0,a0ed3c3ab3c88d686401223478db87bd49b7820075ccfa597e681d339696cb2e
300106,15,guided,4,1,1,0,1,0.96,1.1272,0,a0ed3c3ab3c88d686401223478db87bd49b7820075ccfa597e681d339696cb2e
300107,0,random,32,0,0,1,1,-0.3200000000000001,-0.08479999999999992,8,14042877dfe3470358cd542d5b2a56df384425025ffb6d070179e09fa60f882c
300107,1,random,32,0,0,1,1,-0.3200000000000001,0.03160000000000032,7,66afa29625763cd625bc5cf4a6f0d104cf22df35e4e87c04b18de519d158877d
300107,2,random,32,0,0,1,1,-0.3200000000000001,-0.08479999999999994,12,ea81e4ce344eafb28a2b8ba3dfdcb5dc4cd4c9c9ae93f0c1774434d897cc4551
300107,3,random,32,0,0,1,1,-0.3200000000000001,-0.05839999999999995,9,c3823c6a8fd6ebbe4c40df79f110834eadbe8a68ec93539d56bbae6d964d29ae
300107,4,random,32,0,0,1,1,-0.3200000000000001,-0.031999999999999806,10,98ac376dc3e8d9be55679c7e2f4414de6daa12a4094963ee3897bfb5744fd20a
300107,5,random,20,1,1,0,1,0.7999999999999999,0.9884000000000001,9,25ab57227ffedebff7b70629d94ba679b80582a4402b76a7c99f831466e5092a
300107,6,random,11,1,1,0,1,0.89,1.0364,2,c451624d4bc5119e739ae41d93ba274ebaeb3c5dbca2429c25e5247ead4106e9
300107,7,random,5,1,1,0,1,0.95,1.076,2,952fd017aa26f1ee58f6bc0d440ca3c4c5dbeffde3fdbc0f826100ae79023e38
300107,8,guided,10,1,1,0,1,0.9,1.032,7,bbd87825fe8aef5bb964bfb54f4728ecdd48843eb8f2ccc5246e98ca58003a15
300107,9,guided,10,1,1,0,1,0.9,1.032,7,bbd87825fe8aef5bb964bfb54f4728ecdd48843eb8f2ccc5246e98ca58003a15
300107,10,guided,10,1,1,0,1,0.9,1.032,7,bbd87825fe8aef5bb964bfb54f4728ecdd48843eb8f2ccc5246e98ca58003a15
300107,11,guided,10,1,1,0,1,0.9,1.032,7,bbd87825fe8aef5bb964bfb54f4728ecdd48843eb8f2ccc5246e98ca58003a15
300107,12,guided,10,1,1,0,1,0.9,1.032,7,bbd87825fe8aef5bb964bfb54f4728ecdd48843eb8f2ccc5246e98ca58003a15
300107,13,guided,10,1,1,0,1,0.9,1.032,7,bbd87825fe8aef5bb964bfb54f4728ecdd48843eb8f2ccc5246e98ca58003a15
300107,14,guided,10,1,1,0,1,0.9,1.032,7,bbd87825fe8aef5bb964bfb54f4728ecdd48843eb8f2ccc5246e98ca58003a15
300107,15,guided,10,1,1,0,1,0.9,1.032,7,bbd87825fe8aef5bb964bfb54f4728ecdd48843eb8f2ccc5246e98ca58003a15
300108,0,random,32,0,0,1,1,-0.3200000000000001,-0.1744,4,d9a061a83960a1c66a51af4e7de83591401208219800a850f68921559b7f3012
300108,1,random,32,1,1,0,1,0.6799999999999999,0.8544000000000002,7,49077151c3685b8b7d399e99f214c264cc8ad0194189247ca6ebd661a547b9dd
300108,2,random,17,1,1,0,1,0.83,0.9072,4,7c24a5f0ce6fc2b76434bb3981f9e0e20e7578cd64960db441c677642c808dfd
300108,3,random,2,1,1,0,1,0.98,1.0212,1,dc2c2668a106c011a6535d588657d0acce36c7e9a95c59d7bce58b235216ad1c
300108,4,random,31,1,1,0,1,0.69,0.8380000000000001,8,d88bdddf827073acbc920c7ac3bea5718ccb403c668b0d4d09cc55b143fa1329
300108,5,random,32,0,0,1,1,-0.3200000000000001,-0.1432,9,7b5ad77694113aa19dec686bbb58708de28996a6d6d9fa6e6af930cd1f5ddc7e
300108,6,random,32,0,0,1,1,-0.3200000000000001,-0.17199999999999988,8,640d3700db679f80c8ea5f6799497776aa120694889d1f618886fe626f3f93c3
300108,7,random,30,1,1,0,1,0.7,0.8396000000000001,5,e69a3672cf8454b81589ba3aa2b191409c1b6a750c66b133eb8f38f251dceb6b
300108,8,guided,1,1,1,0,1,0.99,1.03,0,bb9b565ba4b6c5bbb201c70d5b2be2eb4780bcf49c3168bcbae6440f1c69459b
300108,9,guided,1,1,1,0,1,0.99,1.03,0,bb9b565ba4b6c5bbb201c70d5b2be2eb4780bcf49c3168bcbae6440f1c69459b
300108,10,guided,1,1,1,0,1,0.99,1.03,0,bb9b565ba4b6c5bbb201c70d5b2be2eb4780bcf49c3168bcbae6440f1c69459b
300108,11,guided,1,1,1,0,1,0.99,1.03,0,bb9b565ba4b6c5bbb201c70d5b2be2eb4780bcf49c3168bcbae6440f1c69459b
300108,12,guided,1,1,1,0,1,0.99,1.03,0,bb9b565ba4b6c5bbb201c70d5b2be2eb4780bcf49c3168bcbae6440f1c69459b
300108,13,guided,1,1,1,0,1,0.99,1.03,0,bb9b565ba4b6c5bbb201c70d5b2be2eb4780bcf49c3168bcbae6440f1c69459b
300108,14,guided,1,1,1,0,1,0.99,1.03,0,bb9b565ba4b6c5bbb201c70d5b2be2eb4780bcf49c3168bcbae6440f1c69459b
300108,15,guided,1,1,1,0,1,0.99,1.03,0,bb9b565ba4b6c5bbb201c70d5b2be2eb4780bcf49c3168bcbae6440f1c69459b
300109,0,random,17,1,1,0,1,0.83,1.0356,3,a81fc81c7471656434e97ef854d2651bc948584c5ebd001354443e9aa71fbd52
300109,1,random,32,0,0,1,1,-0.3200000000000001,-0.014799999999999862,13,8cde47f54b8af3bd32170141f91764b1895d9fe710179c3665da8ac3b7743c60
300109,2,random,32,0,0,1,1,-0.3200000000000001,-0.006399999999999892,14,546bf6309a108a05419befc620df1b2b80716d362f8b0f1b395b91fb78672fb7
300109,3,random,32,0,0,1,1,-0.3200000000000001,-0.008799999999999891,9,03418055b3b70238f5a6bef9efe1f5611587736fc9eec74f482faaec4b84230e
300109,4,random,32,0,0,1,1,-0.3200000000000001,0.032000000000000195,9,3b5ad1419840cae49325f7e4cddea9c5dc71d10c819219240bafe65ce063d5dd
300109,5,random,15,1,1,0,1,0.85,1.0616,3,1c917ce9630febbe2b9619e6096061c0b57a9507288f7fe1e28f6d3676d562bb
300109,6,random,32,0,0,1,1,-0.3200000000000001,0.036800000000000194,9,d448fec89c3ffb5d4286e6637219505a38f1078a1990f9f368d3ce40e9748407
300109,7,random,32,0,0,1,1,-0.3200000000000001,-0.03399999999999988,6,f916092551eb946e43abeff9fc9e2357da777c7834eed3bd9bb6405e22030d0f
300109,8,guided,4,1,1,0,1,0.96,1.1272,0,4d31ae66205b3127b0c73e44b198300d851ffc5bb062854752a29acdc7222a77
300109,9,guided,4,1,1,0,1,0.96,1.1272,0,4d31ae66205b3127b0c73e44b198300d851ffc5bb062854752a29acdc7222a77
300109,10,guided,4,1,1,0,1,0.96,1.1272,0,4d31ae66205b3127b0c73e44b198300d851ffc5bb062854752a29acdc7222a77
300109,11,guided,4,1,1,0,1,0.96,1.1272,0,4d31ae66205b3127b0c73e44b198300d851ffc5bb062854752a29acdc7222a77
300109,12,guided,4,1,1,0,1,0.96,1.1272,0,4d31ae66205b3127b0c73e44b198300d851ffc5bb062854752a29acdc7222a77
300109,13,guided,4,1,1,0,1,0.96,1.1272,0,4d31ae66205b3127b0c73e44b198300d851ffc5bb062854752a29acdc7222a77
300109,14,guided,4,1,1,0,1,0.96,1.1272,0,4d31ae66205b3127b0c73e44b198300d851ffc5bb062854752a29acdc7222a77
300109,15,guided,4,1,1,0,1,0.96,1.1272,0,4d31ae66205b3127b0c73e44b198300d851ffc5bb062854752a29acdc7222a77
300110,0,random,32,0,0,1,1,-0.3200000000000001,0.1288000000000001,8,79eda2317b9442331bd7ba156be33b98dfcb60391b047e0a6b6c5c5aabf8abcb
300110,1,random,32,0,0,1,1,-0.3200000000000001,0.15160000000000018,11,cfde607f877996e02f9df9d4f2e9fb9fed99881db433d9f9288a60a43e0e4147
300110,2,random,29,1,1,0,1,0.71,1.07,11,c85c19df7d734c8ce7b9917d622a3a5b00abe59c9144091168d5d21a5ceed12d
300110,3,random,32,0,0,1,1,-0.3200000000000001,0.10720000000000013,4,e8b54c476576ac374a5be68745285f23ade9b78746c7842b0facd92f8672ebbf
300110,4,random,32,0,0,1,1,-0.3200000000000001,0.10120000000000007,12,b3081308fe58d65ac8619e11229508c30c7c0fa11424157e7bb47fcdea561768
300110,5,random,32,0,0,1,1,-0.3200000000000001,0.11920000000000014,13,710209faea168f4ad81d01c2f0a678c02ee1b084745d7a3cc9d2d1eda222557b
300110,6,random,13,1,1,0,1,0.87,1.1556,3,6613173e163e52ead956cd4e332f31190145baf143ff68099496961a6a71877d
300110,7,random,19,1,1,0,1,0.8099999999999999,1.1112,5,0fa9e54831559aeb870c6758a330037b64568dd6ca42a5ed3899ececa2b0b6fc
300110,8,guided,6,1,1,0,1,0.94,1.198,0,d73b67ffb292621c457b3838c6fb28cbc9aa54fb4c741a1cf824a3461deca450
300110,9,guided,6,1,1,0,1,0.94,1.198,0,d73b67ffb292621c457b3838c6fb28cbc9aa54fb4c741a1cf824a3461deca450
300110,10,guided,6,1,1,0,1,0.94,1.198,0,d73b67ffb292621c457b3838c6fb28cbc9aa54fb4c741a1cf824a3461deca450
300110,11,guided,6,1,1,0,1,0.94,1.198,0,d73b67ffb292621c457b3838c6fb28cbc9aa54fb4c741a1cf824a3461deca450
300110,12,guided,6,1,1,0,1,0.94,1.198,0,d73b67ffb292621c457b3838c6fb28cbc9aa54fb4c741a1cf824a3461deca450
300110,13,guided,6,1,1,0,1,0.94,1.198,0,d73b67ffb292621c457b3838c6fb28cbc9aa54fb4c741a1cf824a3461deca450
300110,14,guided,6,1,1,0,1,0.94,1.198,0,d73b67ffb292621c457b3838c6fb28cbc9aa54fb4c741a1cf824a3461deca450
300110,15,guided,6,1,1,0,1,0.94,1.198,0,d73b67ffb292621c457b3838c6fb28cbc9aa54fb4c741a1cf824a3461deca450
300111,0,random,32,0,0,1,1,-0.3200000000000001,-0.025599999999999873,3,4bc7c6382cd2baa5f7da08546ea1864f626761d9e29c8d5b5f5f4d1f1cb03eb2
300111,1,random,14,1,1,0,1,0.86,1.0584,2,49bf20b9bc2fe413454e53d2901d2a5a1c6ab23f50fd6fd0075204e1118ba4f2
300111,2,random,32,0,0,1,1,-0.3200000000000001,-0.003999999999999809,5,e1f60696f8e0cc6b1f7b16f50b84436820bd1db262cf1bf9c1910736ac5cc25f
300111,3,random,32,0,0,1,1,-0.3200000000000001,-0.015999999999999875,4,1f28b33ad3141c2d02f5450d066160dd38a5f889e6d3243dbab72f3cceae9ef2
300111,4,random,22,1,1,0,1,0.7799999999999999,1.0192,6,02fda7e2e63b71a13ffff9a628ffc43415769343c7ee6786aba697b63939f773
300111,5,random,4,1,1,0,1,0.96,1.1272,0,9602fd2989a7fdc1a1646874b49a3d1ac1b0e14a3e4016b3473b1f8ce867934a
300111,6,random,32,0,0,1,1,-0.3200000000000001,0.009200000000000257,7,51e03e8822b256995bb4ba99f5815d834e780495758070d523921549a0968998
300111,7,random,32,0,0,1,1,-0.3200000000000001,0.0176000000000002,14,8661c7bec3979158501c51aa7a5ff572da1da3acc5065ebfa0274481041a2731
300111,8,guided,4,1,1,0,1,0.96,1.1272,0,8d6b344e8f4d7718a841e9b4fe3ff1aad7b5e7ec04e843d2233813421a82a463
300111,9,guided,4,1,1,0,1,0.96,1.1272,0,8d6b344e8f4d7718a841e9b4fe3ff1aad7b5e7ec04e843d2233813421a82a463
300111,10,guided,4,1,1,0,1,0.96,1.1272,0,8d6b344e8f4d7718a841e9b4fe3ff1aad7b5e7ec04e843d2233813421a82a463
300111,11,guided,4,1,1,0,1,0.96,1.1272,0,8d6b344e8f4d7718a841e9b4fe3ff1aad7b5e7ec04e843d2233813421a82a463
300111,12,guided,4,1,1,0,1,0.96,1.1272,0,8d6b344e8f4d7718a841e9b4fe3ff1aad7b5e7ec04e843d2233813421a82a463
300111,13,guided,4,1,1,0,1,0.96,1.1272,0,8d6b344e8f4d7718a841e9b4fe3ff1aad7b5e7ec04e843d2233813421a82a463
300111,14,guided,4,1,1,0,1,0.96,1.1272,0,8d6b344e8f4d7718a841e9b4fe3ff1aad7b5e7ec04e843d2233813421a82a463
300111,15,guided,4,1,1,0,1,0.96,1.1272,0,8d6b344e8f4d7718a841e9b4fe3ff1aad7b5e7ec04e843d2233813421a82a463
300112,0,random,32,0,0,1,1,-0.3200000000000001,0.09280000000000016,20,58cd28cf2a827678e69cb6eb3919f56926eb40f9a1d7d7adde2c7ffa25431079
300112,1,random,32,0,0,1,1,-0.3200000000000001,0.11680000000000011,20,b669865df0c7f56fbfd4052e92259e1515f0ebcd3681e39226b6383a354c83b4
300112,2,random,26,1,1,0,1,0.74,1.1072000000000002,8,511944c2b74a387c348f365974a046b10282164225af977b4baa4665efce849e
300112,3,random,32,0,0,1,1,-0.3200000000000001,0.1336000000000001,24,d84ab939d86e286cbef87343d773e61d535dc9bf7651cad71efef9e8b3af554f
300112,4,random,32,0,0,1,1,-0.3200000000000001,0.12040000000000013,20,275e53d8e9c2f507fcb6bd9a60f706c977e00c385ce5497838fa5c0292b768fd
300112,5,random,10,1,1,0,1,0.9,1.1832,4,e8ad4327a05feed569adef60081fe08276e1802638e600171264097cebbda126
300112,6,random,32,0,0,1,1,-0.3200000000000001,0.12760000000000016,22,38ffd2baef6ae616c2a2741cb5698f294c4a458d12a7367ae1e03daf761b6093
300112,7,random,32,0,0,1,1,-0.3200000000000001,0.030400000000000094,16,fefd1879a455149e5ed4a2013957c4e0f9a5bf5a49fcc2a83c59972b5c46de22
300112,8,guided,32,0,0,1,1,-0.3200000000000001,0.08440000000000016,30,a2958f4deb8bacc43a34335df06e72fb157caaece01d76b6093b268ebd9370a7
300112,9,guided,32,0,0,1,1,-0.3200000000000001,0.08440000000000016,30,a2958f4deb8bacc43a34335df06e72fb157caaece01d76b6093b268ebd9370a7
300112,10,guided,32,0,0,1,1,-0.3200000000000001,0.08440000000000016,30,a2958f4deb8bacc43a34335df06e72fb157caaece01d76b6093b268ebd9370a7
300112,11,guided,32,0,0,1,1,-0.3200000000000001,0.08440000000000016,30,a2958f4deb8bacc43a34335df06e72fb157caaece01d76b6093b268ebd9370a7
300112,12,guided,32,0,0,1,1,-0.3200000000000001,0.08440000000000016,30,a2958f4deb8bacc43a34335df06e72fb157caaece01d76b6093b268ebd9370a7
300112,13,guided,32,0,0,1,1,-0.3200000000000001,0.08440000000000016,30,a2958f4deb8bacc43a34335df06e72fb157caaece01d76b6093b268ebd9370a7
300112,14,guided,32,0,0,1,1,-0.3200000000000001,0.08440000000000016,30,a2958f4deb8bacc43a34335df06e72fb157caaece01d76b6093b268ebd9370a7
300112,15,guided,32,0,0,1,1,-0.3200000000000001,0.08440000000000016,30,a2958f4deb8bacc43a34335df06e72fb157caaece01d76b6093b268ebd9370a7
300113,0,random,12,1,1,0,1,0.88,1.0348,1,c1ea5b6bdbc1157b22fcb7382e0fec5217ff91eff9c0e1e1542564ac68267b6c
300113,1,random,5,1,1,0,1,0.95,1.0796000000000001,0,63f205c84e7c653c78e48cbf9935a7c23b513a823485cac7277247b107e90caa
300113,2,random,5,1,1,0,1,0.95,1.082,0,cb7218488905085c50ce2897ca7538635aa0316c218202f59b8e157fe10f43cb
300113,3,random,12,1,1,0,1,0.88,1.036,1,1aaddf7c4403889e99789bb46d5db120213b86e62617b63f4d947b134707f2c5
300113,4,random,32,0,0,1,1,-0.3200000000000001,-0.009199999999999875,11,071d90b61889a6c7cdd0a38b53247a59a26ae9984f41ef6fd809281170df9901
300113,5,random,32,0,0,1,1,-0.3200000000000001,-0.0775999999999999,5,d3f9abe77b0edc4935a016cc91c41ec888c32da646d44f9b971137bfe3fa4b5d
300113,6,random,19,1,1,0,1,0.8099999999999999,1.0044000000000002,2,2e2049f25cc3d8c5f8f9e6d76651da79d1caad2d2682de5058a0cd257a5b8022
300113,7,random,32,0,0,1,1,-0.3200000000000001,-0.04519999999999988,6,537aaa3abbd8228f3ece3a98cdec1cbcb2308406fcef60f442e25aed0e067adf
300113,8,guided,3,1,1,0,1,0.97,1.0936,0,4fc94e63ecad32b19af88893a4555e900186d29386d01e825991dc5ca16fc6c4
300113,9,guided,3,1,1,0,1,0.97,1.0936,0,4fc94e63ecad32b19af88893a4555e900186d29386d01e825991dc5ca16fc6c4
300113,10,guided,3,1,1,0,1,0.97,1.0936,0,4fc94e63ecad32b19af88893a4555e900186d29386d01e825991dc5ca16fc6c4
300113,11,guided,3,1,1,0,1,0.97,1.0936,0,4fc94e63ecad32b19af88893a4555e900186d29386d01e825991dc5ca16fc6c4
300113,12,guided,3,1,1,0,1,0.97,1.0936,0,4fc94e63ecad32b19af88893a4555e900186d29386d01e825991dc5ca16fc6c4
300113,13,guided,3,1,1,0,1,0.97,1.0936,0,4fc94e63ecad32b19af88893a4555e900186d29386d01e825991dc5ca16fc6c4
300113,14,guided,3,1,1,0,1,0.97,1.0936,0,4fc94e63ecad32b19af88893a4555e900186d29386d01e825991dc5ca16fc6c4
300113,15,guided,3,1,1,0,1,0.97,1.0936,0,4fc94e63ecad32b19af88893a4555e900186d29386d01e825991dc5ca16fc6c4
300114,0,random,32,0,0,1,1,-0.3200000000000001,-0.01919999999999998,5,d1d66025ba8a332bbf6ec3d6b06b16a7d14bc8b5b19ca9b32a4bf4c0d8677ea5
300114,1,random,18,1,1,0,1,0.82,1.0932000000000002,5,57f668d5e7f865b2d6aaf7bff75b725697aa8f8cc6bdf12da5901e0868f47192
300114,2,random,32,0,0,1,1,-0.3200000000000001,0.06720000000000012,12,0721e067be0c39992b2b2c5ece6618a78cdb06315f39db66cbbf71ee1d4ccd3c
300114,3,random,32,0,0,1,1,-0.3200000000000001,0.04440000000000009,13,a7a99d673f53aa78c5270ab7efcfd168d85d4f1f9585a36e8571f0dfa8f7315e
300114,4,random,19,1,1,0,1,0.8099999999999999,1.076,4,b65a05a8d2856f70b57e0036e4ff53da65d146653c62e2f3ea5565804f5430f3
300114,5,random,32,0,0,1,1,-0.3200000000000001,0.042000000000000176,8,1aa516b11ca926e080ca76fa1c284c76e30786c826c456ff16c9a8225f4a3f61
300114,6,random,32,0,0,1,1,-0.3200000000000001,0.052800000000000125,15,81c621844484dc5bcfa1c9976730a6866e7e66597edb5e44100014d6d128aca2
300114,7,random,32,0,0,1,1,-0.3200000000000001,0.07080000000000011,14,644f77418255cd1fe7c4496024dd1dcbaf03949ef78b84c50328dbdad0ec287e
300114,8,guided,5,1,1,0,1,0.95,1.162,0,9b9a9aeeeadf1c6848cbd305c59244352be5e3ac6f83bea60cb8b647607623df
300114,9,guided,5,1,1,0,1,0.95,1.162,0,9b9a9aeeeadf1c6848cbd305c59244352be5e3ac6f83bea60cb8b647607623df
300114,10,guided,5,1,1,0,1,0.95,1.162,0,9b9a9aeeeadf1c6848cbd305c59244352be5e3ac6f83bea60cb8b647607623df
300114,11,guided,5,1,1,0,1,0.95,1.162,0,9b9a9aeeeadf1c6848cbd305c59244352be5e3ac6f83bea60cb8b647607623df
300114,12,guided,5,1,1,0,1,0.95,1.162,0,9b9a9aeeeadf1c6848cbd305c59244352be5e3ac6f83bea60cb8b647607623df
300114,13,guided,5,1,1,0,1,0.95,1.162,0,9b9a9aeeeadf1c6848cbd305c59244352be5e3ac6f83bea60cb8b647607623df
300114,14,guided,5,1,1,0,1,0.95,1.162,0,9b9a9aeeeadf1c6848cbd305c59244352be5e3ac6f83bea60cb8b647607623df
300114,15,guided,5,1,1,0,1,0.95,1.162,0,9b9a9aeeeadf1c6848cbd305c59244352be5e3ac6f83bea60cb8b647607623df
300115,0,random,32,0,0,1,1,-0.3200000000000001,0.011600000000000166,9,a1913db855b87ebc24e66fbc8f22eb9abc59c2ddf29d81052316f06ff636ad78
300115,1,random,32,0,0,1,1,-0.3200000000000001,0.010400000000000242,10,d3aff1b5f6906e3298256638498fb69718e43b0cbc5d7fbbbd0b9d74449b555e
300115,2,random,32,0,0,1,1,-0.3200000000000001,-0.026799999999999796,13,8b027e6d9a866febafdfcbc2aaf0b0928378a345db8811f9346d934f7f949b01
300115,3,random,10,1,1,0,1,0.9,1.0816000000000001,4,29a82f9a382604beb2083e4ac516dc27dc512d22c3d9cde498d39d68af415b36
300115,4,random,32,0,0,1,1,-0.3200000000000001,-0.021999999999999895,12,c95245656a0d7d7dbbef1d11bc1fcbd3e9eb12cbfc07628c8d9b91245faa8788
300115,5,random,24,1,1,0,1,0.7599999999999999,1.022,2,76ee2a28f15644ae669611e136bfc270b482721413049b478e0189f4be66ee85
300115,6,random,32,0,0,1,1,-0.3200000000000001,0.0032000000000000917,9,6f19241b9524e8852f2abd44a3158d80509c474f4d3ec640a26326daa26ebabb
300115,7,random,32,0,0,1,1,-0.3200000000000001,-0.007599999999999829,13,095af704cf928ec7a2e9f3dc414cad0d6ee2cb272da74c65b77efa7abec60e60
300115,8,guided,4,1,1,0,1,0.96,1.1272,0,37bfd07a6872a3f694c4e66ebe8aabdbb0f49489edcfbaf87b715bc3dfdb5a84
300115,9,guided,4,1,1,0,1,0.96,1.1272,0,37bfd07a6872a3f694c4e66ebe8aabdbb0f49489edcfbaf87b715bc3dfdb5a84
300115,10,guided,4,1,1,0,1,0.96,1.1272,0,37bfd07a6872a3f694c4e66ebe8aabdbb0f49489edcfbaf87b715bc3dfdb5a84
300115,11,guided,4,1,1,0,1,0.96,1.1272,0,37bfd07a6872a3f694c4e66ebe8aabdbb0f49489edcfbaf87b715bc3dfdb5a84
300115,12,guided,4,1,1,0,1,0.96,1.1272,0,37bfd07a6872a3f694c4e66ebe8aabdbb0f49489edcfbaf87b715bc3dfdb5a84
300115,13,guided,4,1,1,0,1,0.96,1.1272,0,37bfd07a6872a3f694c4e66ebe8aabdbb0f49489edcfbaf87b715bc3dfdb5a84
300115,14,guided,4,1,1,0,1,0.96,1.1272,0,37bfd07a6872a3f694c4e66ebe8aabdbb0f49489edcfbaf87b715bc3dfdb5a84
300115,15,guided,4,1,1,0,1,0.96,1.1272,0,37bfd07a6872a3f694c4e66ebe8aabdbb0f49489edcfbaf87b715bc3dfdb5a84
300116,0,random,32,0,0,1,1,-0.3200000000000001,-0.01599999999999986,11,f0071fc887cb24e529858e26fbf4d602dd442e15bac38bcbdc4228715c3b623c
300116,1,random,32,0,0,1,1,-0.3200000000000001,-0.025599999999999887,13,cd099c10dfaf067f5b7cdb1c042b0a2c6e60a25178e77e42d22e64760bc884c1
300116,2,random,27,1,1,0,1,0.73,0.9704,7,e941c743983b923f2ca49374e66a150160ef9b9bcd476849ece7d060309fe042
300116,3,random,31,1,1,0,1,0.69,0.9808000000000001,9,fbbcef946fdaf84848f1fa85f35ad77846b051bfbc0681c377fd19a69ebd2014
300116,4,random,32,0,0,1,1,-0.3200000000000001,-0.03399999999999989,9,58983f4f5334026a9ffa3a003ebd74b219bea56e6d1693afc487d3ab478bca7d
300116,5,random,32,0,0,1,1,-0.3200000000000001,-0.05199999999999995,6,0a6f05cd0f4b8a41ec0bd3fa52218c59e8cd254a9424bfed016ddc8b19ff0d6c
300116,6,random,32,0,0,1,1,-0.3200000000000001,-0.05319999999999993,10,62eac0ec97a7dbaa91a3d791667f3a41e1414ca139e2dd2f849bfb9ac173ae29
300116,7,random,32,0,0,1,1,-0.3200000000000001,-0.03039999999999979,14,3f7e726c39cb4de2ee9322cf5345f964d4eb1551c788b70604d8664b852c2a8d
300116,8,guided,4,1,1,0,1,0.96,1.1272,0,246b6ad76f62f6951a312a66171fc7748c0c734571fc55705867d2390b2ee773
300116,9,guided,4,1,1,0,1,0.96,1.1272,0,246b6ad76f62f6951a312a66171fc7748c0c734571fc55705867d2390b2ee773
300116,10,guided,4,1,1,0,1,0.96,1.1272,0,246b6ad76f62f6951a312a66171fc7748c0c734571fc55705867d2390b2ee773
300116,11,guided,4,1,1,0,1,0.96,1.1272,0,246b6ad76f62f6951a312a66171fc7748c0c734571fc55705867d2390b2ee773
300116,12,guided,4,1,1,0,1,0.96,1.1272,0,246b6ad76f62f6951a312a66171fc7748c0c734571fc55705867d2390b2ee773
300116,13,guided,4,1,1,0,1,0.96,1.1272,0,246b6ad76f62f6951a312a66171fc7748c0c734571fc55705867d2390b2ee773
300116,14,guided,4,1,1,0,1,0.96,1.1272,0,246b6ad76f62f6951a312a66171fc7748c0c734571fc55705867d2390b2ee773
300116,15,guided,4,1,1,0,1,0.96,1.1272,0,246b6ad76f62f6951a312a66171fc7748c0c734571fc55705867d2390b2ee773
300117,0,random,32,0,0,1,1,-0.3200000000000001,0.18040000000000025,18,81e70e78ddef8bc34b6f8e121e2e4efc51ceb3eaf1332acfb051050e5c708e29
300117,1,random,26,1,1,0,1,0.74,1.0952000000000002,14,bea9b841fa07d6429e1ece9486a8887eb013902e4cc547809fef03bc6e2f39b8
300117,2,random,32,0,0,1,1,-0.3200000000000001,0.10840000000000016,14,c28428b8dcd31121f55aed3e33d9580d27d80a302d82f03b92f6e818a9453e43
300117,3,random,20,1,1,0,1,0.7999999999999999,1.1072,4,e1eb25c39ba0f266caf8a4706d410d11192ab9d8059870ed1de0d3697077941a
300117,4,random,32,0,0,1,1,-0.3200000000000001,0.18400000000000027,15,e23702278262ae5d040bd5b3b2a88f3a4fd47d96ad9b77e5e218233685583165
300117,5,random,29,1,1,0,1,0.71,1.0616,7,a074828bc28bdcb717506d1c7c2049ffe0d6f1b7969407c990384296e488f2ff
300117,6,random,32,0,0,1,1,-0.3200000000000001,0.049600000000000116,11,d8a105a5c81c713546fa40ed3c50d833f7ad163f3c804626bf05578082ef7f38
300117,7,random,32,0,0,1,1,-0.3200000000000001,0.18040000000000025,14,d9fbe36cd9555b3711b202b4c890631c2aeffb73ad17bc36617285d5453e08a0
300117,8,guided,6,1,1,0,1,0.94,1.198,0,3629fcaba080b5102a8f4018df0a5017ab07a3f860ebafbd01610a039d8b15c2
300117,9,guided,6,1,1,0,1,0.94,1.198,0,3629fcaba080b5102a8f4018df0a5017ab07a3f860ebafbd01610a039d8b15c2
300117,10,guided,6,1,1,0,1,0.94,1.198,0,3629fcaba080b5102a8f4018df0a5017ab07a3f860ebafbd01610a039d8b15c2
300117,11,guided,6,1,1,0,1,0.94,1.198,0,3629fcaba080b5102a8f4018df0a5017ab07a3f860ebafbd01610a039d8b15c2
300117,12,guided,6,1,1,0,1,0.94,1.198,0,3629fcaba080b5102a8f4018df0a5017ab07a3f860ebafbd01610a039d8b15c2
300117,13,guided,6,1,1,0,1,0.94,1.198,0,3629fcaba080b5102a8f4018df0a5017ab07a3f860ebafbd01610a039d8b15c2
300117,14,guided,6,1,1,0,1,0.94,1.198,0,3629fcaba080b5102a8f4018df0a5017ab07a3f860ebafbd01610a039d8b15c2
300117,15,guided,6,1,1,0,1,0.94,1.198,0,3629fcaba080b5102a8f4018df0a5017ab07a3f860ebafbd01610a039d8b15c2
300118,0,random,22,1,1,0,1,0.7799999999999999,0.9976,6,7fcf57874d45f39c133b57973071eda3cda4ab226bbd163ff0c351bec8ece29e
300118,1,random,10,1,1,0,1,0.9,1.0816000000000001,2,c6ae33cea2b019cb21bca1d446bf4473a160a52942e6b54a24123dc2436ec9b5
300118,2,random,32,0,0,1,1,-0.3200000000000001,-0.011199999999999904,12,b9b938277c1ddf82cc447128b0ea57a84f8cbd9937182cead631d443eb3bf9a3
300118,3,random,32,0,0,1,1,-0.3200000000000001,-0.0363999999999999,10,4562b717f36950b50f2a89371abcf6b88a61f5068bc2e1cb857d5b7d2eeb7b94
300118,4,random,12,1,1,0,1,0.88,1.0844,4,8295ffa11187103f2df85bda2832167d9391f1cbd76e02014a24ed39e3254dc3
300118,5,random,30,1,1,0,1,0.7,0.9452,4,19cfc655412ec58ad6b5a806ada62d4ae10114c38915149c77edf63daa519aa7
300118,6,random,32,0,0,1,1,-0.3200000000000001,-0.05559999999999991,8,c6939fd0c2e3e197e475e00ed5f6863e41bfe7963a35d2df51b9d4e8903cf422
300118,7,random,32,0,0,1,1,-0.3200000000000001,0.01760000000000017,9,8e023925c672c068499586b2314aac2ca812cf58f05a6ea94e77f0751a068356
300118,8,guided,4,1,1,0,1,0.96,1.1272,0,5afb466b45880fde8dd7a6e9389b15203817fab70cbca347c8808d34a82399ec
300118,9,guided,4,1,1,0,1,0.96,1.1272,0,5afb466b45880fde8dd7a6e9389b15203817fab70cbca347c8808d34a82399ec
300118,10,guided,4,1,1,0,1,0.96,1.1272,0,5afb466b45880fde8dd7a6e9389b15203817fab70cbca347c8808d34a82399ec
300118,11,guided,4,1,1,0,1,0.96,1.1272,0,5afb466b45880fde8dd7a6e9389b15203817fab70cbca347c8808d34a82399ec
300118,12,guided,4,1,1,0,1,0.96,1.1272,0,5afb466b45880fde8dd7a6e9389b15203817fab70cbca347c8808d34a82399ec
300118,13,guided,4,1,1,0,1,0.96,1.1272,0,5afb466b45880fde8dd7a6e9389b15203817fab70cbca347c8808d34a82399ec
300118,14,guided,4,1,1,0,1,0.96,1.1272,0,5afb466b45880fde8dd7a6e9389b15203817fab70cbca347c8808d34a82399ec
300118,15,guided,4,1,1,0,1,0.96,1.1272,0,5afb466b45880fde8dd7a6e9389b15203817fab70cbca347c8808d34a82399ec
300119,0,random,6,1,1,0,1,0.94,1.072,1,e5304f8ca1d7abd7dabf45c4322fc7de2243ce936249a12e8048b90617f52e8e
300119,1,random,32,0,0,1,1,-0.3200000000000001,-0.034399999999999875,21,0dd48ab74c7e577b827d34f28c7edbbab7890e102c00989698faf4a29a5350f0
300119,2,random,32,0,0,1,1,-0.3200000000000001,-0.08479999999999994,8,4ff983e86357efc4fea4adef1990fb6bf8930687083ec9f6841362bb04218048
300119,3,random,14,1,1,0,1,0.86,1.0268000000000002,3,4658e2565cc0837833e2178d8310628da3ee2210a2771c8fb9bef3650e77a34f
300119,4,random,31,1,1,0,1,0.69,0.9360000000000002,12,8edfd0bbbe7a78143b1fcdef60b691ca678622036caf6848fc4708e5b2920085
300119,5,random,32,0,0,1,1,-0.3200000000000001,-0.04039999999999978,15,d4daf60567c0dc7c77aafbe23e4ad4a7828cd12e9cd02539b38d8842c749ed46
300119,6,random,4,1,1,0,1,0.96,1.0872,1,0284888cc71c7f5830a9818140cd4acdae97c21c376fab5248b72260975fdb0b
300119,7,random,30,1,1,0,1,0.7,0.9124000000000001,11,2337eb8dbe1cc5d7e98634b7942f9d20a192c76895133c2a611f2e453bd122d6
300119,8,guided,3,1,1,0,1,0.97,1.0936,0,317cab32690eb3e843d0586fb5bae85c749cf0bc56ce46ab5d43502b1e1eaebd
300119,9,guided,3,1,1,0,1,0.97,1.0936,0,317cab32690eb3e843d0586fb5bae85c749cf0bc56ce46ab5d43502b1e1eaebd
300119,10,guided,3,1,1,0,1,0.97,1.0936,0,317cab32690eb3e843d0586fb5bae85c749cf0bc56ce46ab5d43502b1e1eaebd
300119,11,guided,3,1,1,0,1,0.97,1.0936,0,317cab32690eb3e843d0586fb5bae85c749cf0bc56ce46ab5d43502b1e1eaebd
300119,12,guided,3,1,1,0,1,0.97,1.0936,0,317cab32690eb3e843d0586fb5bae85c749cf0bc56ce46ab5d43502b1e1eaebd
300119,13,guided,3,1,1,0,1,0.97,1.0936,0,317cab32690eb3e843d0586fb5bae85c749cf0bc56ce46ab5d43502b1e1eaebd
300119,14,guided,3,1,1,0,1,0.97,1.0936,0,317cab32690eb3e843d0586fb5bae85c749cf0bc56ce46ab5d43502b1e1eaebd
300119,15,guided,3,1,1,0,1,0.97,1.0936,0,317cab32690eb3e843d0586fb5bae85c749cf0bc56ce46ab5d43502b1e1eaebd
300120,0,random,32,0,0,1,1,-0.3200000000000001,0.37400000000000033,7,9f49e80bc6c7cc4f68d80af627ff8e1bd81808866b406c4d5379124fce283756
300120,1,random,32,0,0,1,1,-0.3200000000000001,0.3872000000000003,9,068f9dad9ec43e0a85af40626ebd2f94a310bf182d89801849c9cbab64851788
300120,2,random,32,0,0,1,1,-0.3200000000000001,0.38600000000000023,10,42aa53e7a8acfccfbd2cb63339990e5d55c415921cd20df8a86786457ca68307
300120,3,random,32,0,0,1,1,-0.3200000000000001,0.39440000000000025,11,ff0f3a1076c32d1efa3e372c8e3f633e7a02cf42a90e941ee7386fdc38e968d4
300120,4,random,32,0,0,1,1,-0.3200000000000001,0.3980000000000003,10,edd630d26152bddd6df0336b36b19125d64072565d1d35965db5dbbebf357197
300120,5,random,32,0,0,1,1,-0.3200000000000001,0.3968000000000003,12,ec4af434f1e23d567fc20e9ae70d36b73e4cb6eede07b8ad07b98211aff65fc3
300120,6,random,32,0,0,1,1,-0.3200000000000001,0.3968000000000003,7,5c469aeae19f86395be5d7204c500977c3d118d1c0cc0ed7cefd3a8468d062f2
300120,7,random,32,0,0,1,1,-0.3200000000000001,0.3608000000000003,7,5d4ca86f06ddd9ae0505c392a149303c97b2b808fc9dfbed83edf5dc02c11729
300120,8,guided,32,0,0,1,1,-0.3200000000000001,0.4220000000000003,14,0b9c7ae0307fd5e2fd51772e285034aedba05b97fa7d931c93dd8759a3a9e4ea
300120,9,guided,32,0,0,1,1,-0.3200000000000001,0.4220000000000003,14,0b9c7ae0307fd5e2fd51772e285034aedba05b97fa7d931c93dd8759a3a9e4ea
300120,10,guided,32,0,0,1,1,-0.3200000000000001,0.4220000000000003,14,0b9c7ae0307fd5e2fd51772e285034aedba05b97fa7d931c93dd8759a3a9e4ea
300120,11,guided,32,0,0,1,1,-0.3200000000000001,0.4220000000000003,14,0b9c7ae0307fd5e2fd51772e285034aedba05b97fa7d931c93dd8759a3a9e4ea
300120,12,guided,32,0,0,1,1,-0.3200000000000001,0.4220000000000003,14,0b9c7ae0307fd5e2fd51772e285034aedba05b97fa7d931c93dd8759a3a9e4ea
300120,13,guided,32,0,0,1,1,-0.3200000000000001,0.4220000000000003,14,0b9c7ae0307fd5e2fd51772e285034aedba05b97fa7d931c93dd8759a3a9e4ea
300120,14,guided,32,0,0,1,1,-0.3200000000000001,0.4220000000000003,14,0b9c7ae0307fd5e2fd51772e285034aedba05b97fa7d931c93dd8759a3a9e4ea
300120,15,guided,32,0,0,1,1,-0.3200000000000001,0.4220000000000003,14,0b9c7ae0307fd5e2fd51772e285034aedba05b97fa7d931c93dd8759a3a9e4ea
300121,0,random,32,0,0,1,1,-0.3200000000000001,-0.0727999999999999,9,03b15cb0ccddf7d2565fdfa26ba779f2cffc496a9088179d7ae458a96c3cb6fc
300121,1,random,19,1,1,0,1,0.8099999999999999,1.0068000000000001,6,32491babc627edf1d977504417e1db22ac5668d0626c09895aa2c066e1d30fe4
300121,2,random,32,0,0,1,1,-0.3200000000000001,-0.08599999999999992,8,b0c9fdbecc975dfae5e314ee3b389576ac1e04fad5d54b5859e2a8d6dc5039e3
300121,3,random,17,1,1,0,1,0.83,1.0172,8,a61bca7850208773666037fd0a4a02223a9aeef0d9897d1bc64cdfa34c308700
300121,4,random,19,1,1,0,1,0.8099999999999999,0.9984000000000001,6,4a2168cb9cc44c884d4479f5afda698f511a01e0dbf87539afdc232cb8538490
300121,5,random,32,0,0,1,1,-0.3200000000000001,-0.07879999999999995,6,f58f58a24e95bcec314d4984492fc5758aeafc4f578d1586994a7d6507e55136
300121,6,random,13,1,1,0,1,0.87,1.0356,6,ee74eee7ec6499715833761b56387eb564024237fad49ea9ae43cf2adbabe839
300121,7,random,14,1,1,0,1,0.86,1.022,5,1ab39dba9ad984ede29da4d0a77c9994a98f9fa08fd669d3d33716957a474993
300121,8,guided,3,1,1,0,1,0.97,1.0936,0,801b9496221939347edd8bda5c008940e03ffa1909dfe0f7e33a0480c8784c17
300121,9,guided,3,1,1,0,1,0.97,1.0936,0,801b9496221939347edd8bda5c008940e03ffa1909dfe0f7e33a0480c8784c17
300121,10,guided,3,1,1,0,1,0.97,1.0936,0,801b9496221939347edd8bda5c008940e03ffa1909dfe0f7e33a0480c8784c17
300121,11,guided,3,1,1,0,1,0.97,1.0936,0,801b9496221939347edd8bda5c008940e03ffa1909dfe0f7e33a0480c8784c17
300121,12,guided,3,1,1,0,1,0.97,1.0936,0,801b9496221939347edd8bda5c008940e03ffa1909dfe0f7e33a0480c8784c17
300121,13,guided,3,1,1,0,1,0.97,1.0936,0,801b9496221939347edd8bda5c008940e03ffa1909dfe0f7e33a0480c8784c17
300121,14,guided,3,1,1,0,1,0.97,1.0936,0,801b9496221939347edd8bda5c008940e03ffa1909dfe0f7e33a0480c8784c17
300121,15,guided,3,1,1,0,1,0.97,1.0936,0,801b9496221939347edd8bda5c008940e03ffa1909dfe0f7e33a0480c8784c17
300122,0,random,32,0,0,1,1,-0.3200000000000001,-0.1403999999999999,7,4a25b960f8a2679c20a7dbbadac482e62d3f63b9f4b4c39a4bf97e1fbdbd8943
300122,1,random,32,1,1,0,1,0.6799999999999999,0.8512000000000001,8,385005a05cb9f37b4daa8a66ebaa61250be3d99864d613421a69c4f5b8a9200e
300122,2,random,15,1,1,0,1,0.85,0.9732000000000001,5,d600bb68e41b3c61570d3811dbecd2f2a13464a7756bc0c3eb53d1e058b83b15
300122,3,random,26,1,1,0,1,0.74,0.8968,8,f9ff4b518701d4a4e49c2c893a78e970597838fca2ea2772272e4828f200074d
300122,4,random,32,0,0,1,1,-0.3200000000000001,-0.08039999999999986,7,64b5807bcf1cecb0d3c00849137061f78f6157b911edb791ad804194b6863cf6
300122,5,random,13,1,1,0,1,0.87,0.9872000000000001,5,7d365866707f58c698232497d31320d288e2b24d5baea1e7e5bea09602e060e6
300122,6,random,24,1,1,0,1,0.7599999999999999,0.8976000000000001,8,28f5d8dd4eb7b8a97e83061cf44c18cc07c32b74d1fdd206a15838f435130835
300122,7,random,3,1,1,0,1,0.97,1.0524,1,656c9d9eeb10b1f929bdae9ebfd09fb611d8ad8b80b4478eabd7f0702deb4f51
300122,8,guided,2,1,1,0,1,0.98,1.0612,0,a35e9ae689a125201354a67d5c1eef62d760d4714e01e5d23e4ca4ad0ab1821c
300122,9,guided,2,1,1,0,1,0.98,1.0612,0,a35e9ae689a125201354a67d5c1eef62d760d4714e01e5d23e4ca4ad0ab1821c
300122,10,guided,2,1,1,0,1,0.98,1.0612,0,a35e9ae689a125201354a67d5c1eef62d760d4714e01e5d23e4ca4ad0ab1821c
300122,11,guided,2,1,1,0,1,0.98,1.0612,0,a35e9ae689a125201354a67d5c1eef62d760d4714e01e5d23e4ca4ad0ab1821c
300122,12,guided,2,1,1,0,1,0.98,1.0612,0,a35e9ae689a125201354a67d5c1eef62d760d4714e01e5d23e4ca4ad0ab1821c
300122,13,guided,2,1,1,0,1,0.98,1.0612,0,a35e9ae689a125201354a67d5c1eef62d760d4714e01e5d23e4ca4ad0ab1821c
300122,14,guided,2,1,1,0,1,0.98,1.0612,0,a35e9ae689a125201354a67d5c1eef62d760d4714e01e5d23e4ca4ad0ab1821c
300122,15,guided,2,1,1,0,1,0.98,1.0612,0,a35e9ae689a125201354a67d5c1eef62d760d4714e01e5d23e4ca4ad0ab1821c
300123,0,random,32,0,0,1,1,-0.3200000000000001,0.034800000000000136,6,2d85ee525dafa97573f7a6ddfdf0132b7d86e20b4c0a333450ada1b5c71986ce
300123,1,random,32,0,0,1,1,-0.3200000000000001,0.026400000000000146,14,f8f557fd9aa2fcd7f0aef0319e331ed853fc1926bb2ed2b8677cb6204d8e7ed2
300123,2,random,32,0,0,1,1,-0.3200000000000001,0.040800000000000156,15,fc3e6e3af63281c12cb290e83078b515ae910f4e1d87acf5bfd8bcc4ac7ded91
300123,3,random,14,1,1,0,1,0.86,1.1164,9,150979f1bf585b4c48c599c1597e6b6066a89f04f94c2a95f1067906992008a1
300123,4,random,32,0,0,1,1,-0.3200000000000001,0.08640000000000014,14,cac9f49dfa1c75eba90acbb2743ffba51f31345b1ccca09b8f1010843ae12340
300123,5,random,32,0,0,1,1,-0.3200000000000001,0.039600000000000135,9,f2cda57854362e23fbb1358468192d43335592f0209dc8f8d0e238051224ef92
300123,6,random,32,0,0,1,1,-0.3200000000000001,0.0072000000000000675,13,2063fe2691b1a7dbaaea98c963ca501fc5b877235d824482a0a74681ba499e54
300123,7,random,32,0,0,1,1,-0.3200000000000001,0.054000000000000124,12,db35798eb8553f9715f2c76553359a240cdd80c68301cfc2955a77e9a4f22003
300123,8,guided,13,1,1,0,1,0.87,1.1204,8,6f4067cf7f65e3a7120ac3c30550503c4c2279a5a8abbf27ed12e3740d9e7690
300123,9,guided,13,1,1,0,1,0.87,1.1204,8,6f4067cf7f65e3a7120ac3c30550503c4c2279a5a8abbf27ed12e3740d9e7690
300123,10,guided,13,1,1,0,1,0.87,1.1204,8,6f4067cf7f65e3a7120ac3c30550503c4c2279a5a8abbf27ed12e3740d9e7690
300123,11,guided,13,1,1,0,1,0.87,1.1204,8,6f4067cf7f65e3a7120ac3c30550503c4c2279a5a8abbf27ed12e3740d9e7690
300123,12,guided,13,1,1,0,1,0.87,1.1204,8,6f4067cf7f65e3a7120ac3c30550503c4c2279a5a8abbf27ed12e3740d9e7690
300123,13,guided,13,1,1,0,1,0.87,1.1204,8,6f4067cf7f65e3a7120ac3c30550503c4c2279a5a8abbf27ed12e3740d9e7690
300123,14,guided,13,1,1,0,1,0.87,1.1204,8,6f4067cf7f65e3a7120ac3c30550503c4c2279a5a8abbf27ed12e3740d9e7690
300123,15,guided,13,1,1,0,1,0.87,1.1204,8,6f4067cf7f65e3a7120ac3c30550503c4c2279a5a8abbf27ed12e3740d9e7690
300124,0,random,32,0,0,1,1,-0.3200000000000001,-0.005199999999999844,9,b6dfc1832a9ac0f8b1a94837c4379a96b1addfe4d30506898e0f020515b3e195
300124,1,random,32,0,0,1,1,-0.3200000000000001,0.004400000000000126,8,2ffacf0f73219af14d5f2262b62562bb3037b80c6b49f5bb8682c9ef845f387d
300124,2,random,32,0,0,1,1,-0.3200000000000001,0.010400000000000131,10,ca3690c80e9d373876b1c544b0e8da0ae24f50a1a89b50cca2e739809b5ee987
300124,3,random,32,0,0,1,1,-0.3200000000000001,0.03200000000000017,17,8a0308d10ad048f6cc4f14bfa3bb5a4679752ccc12aafe0d03746557a7fd9ea1
300124,4,random,32,0,0,1,1,-0.3200000000000001,-0.00039999999999981717,14,816bc0d43eca34912b0d19804e2bdc532bb1c90b74308d6e221630c0b8bd55f3
300124,5,random,32,0,0,1,1,-0.3200000000000001,0.003200000000000175,14,760c943a9402a19a9c61da1a63612c0a429ecbb1d360f2aefe7dc1dcf3608e3b
300124,6,random,4,1,1,0,1,0.96,1.1272,0,9901dafd174915578274592272d8950a77612e6408283b214e7130d483cf9a63
300124,7,random,32,0,0,1,1,-0.3200000000000001,0.01520000000000013,11,986a1ff91a30e0ebc635ba655e3d7e255e541fdff53aed7c2904a52a7cef2817
300124,8,guided,32,0,0,1,1,-0.3200000000000001,-0.011199999999999766,31,83259eb25368a01712557071004628f20a6ad1a647e314e17232fb7aca097815
300124,9,guided,32,0,0,1,1,-0.3200000000000001,-0.011199999999999766,31,83259eb25368a01712557071004628f20a6ad1a647e314e17232fb7aca097815
300124,10,guided,32,0,0,1,1,-0.3200000000000001,-0.011199999999999766,31,83259eb25368a01712557071004628f20a6ad1a647e314e17232fb7aca097815
300124,11,guided,32,0,0,1,1,-0.3200000000000001,-0.011199999999999766,31,83259eb25368a01712557071004628f20a6ad1a647e314e17232fb7aca097815
300124,12,guided,32,0,0,1,1,-0.3200000000000001,-0.011199999999999766,31,83259eb25368a01712557071004628f20a6ad1a647e314e17232fb7aca097815
300124,13,guided,32,0,0,1,1,-0.3200000000000001,-0.011199999999999766,31,83259eb25368a01712557071004628f20a6ad1a647e314e17232fb7aca097815
300124,14,guided,32,0,0,1,1,-0.3200000000000001,-0.011199999999999766,31,83259eb25368a01712557071004628f20a6ad1a647e314e17232fb7aca097815
300124,15,guided,32,0,0,1,1,-0.3200000000000001,-0.011199999999999766,31,83259eb25368a01712557071004628f20a6ad1a647e314e17232fb7aca097815
300125,0,random,32,0,0,1,1,-0.3200000000000001,0.06360000000000011,9,666451ac01f16db6a6ef0537a4a016f7f05870576a011abcc4d6fcac58e9d95d
300125,1,random,32,0,0,1,1,-0.3200000000000001,0.004800000000000124,13,add28e507acb7edf125dc6c3a84620d854e512486e7d6e7b9e732a5f4654895f
300125,2,random,32,0,0,1,1,-0.3200000000000001,0.08760000000000018,10,795017ac05167e12fbcca46a7ff1556cedd013b78a8f67e2aed4749122a256f4
300125,3,random,32,0,0,1,1,-0.3200000000000001,0.0336000000000001,4,4cd8fee9e6ad6fe29667576ea05f8b0ae3d804cbaff79543f326f60f4accc68e
300125,4,random,32,0,0,1,1,-0.3200000000000001,0.024000000000000105,12,b95dd997684199a42d345967b6682456de4f7a6e61c21776e7d9d2542e270238
300125,5,random,32,0,0,1,1,-0.3200000000000001,0.06360000000000013,7,0c23a801f8995ff902695fca403f5e2a5e9041172ac89491adfb349ca33a3e51
300125,6,random,32,0,0,1,1,-0.3200000000000001,0.04200000000000015,9,b7db50435c5bc816a4ec30868f1918c410060102b0c3dd058e4adad181690b9d
300125,7,random,32,0,0,1,1,-0.3200000000000001,0.06360000000000014,8,429201809c419d4b4bca1267c0abf3ca9a4852d672e6ac059f7ef7d8c2013a34
300125,8,guided,17,1,1,0,1,0.83,1.0996000000000001,12,fcdfc20864daf41f96ba85df5eae4a5c61cc2c04d01cb0e2140a2014d0173f5d
300125,9,guided,17,1,1,0,1,0.83,1.0996000000000001,12,fcdfc20864daf41f96ba85df5eae4a5c61cc2c04d01cb0e2140a2014d0173f5d
300125,10,guided,17,1,1,0,1,0.83,1.0996000000000001,12,fcdfc20864daf41f96ba85df5eae4a5c61cc2c04d01cb0e2140a2014d0173f5d
300125,11,guided,17,1,1,0,1,0.83,1.0996000000000001,12,fcdfc20864daf41f96ba85df5eae4a5c61cc2c04d01cb0e2140a2014d0173f5d
300125,12,guided,17,1,1,0,1,0.83,1.0996000000000001,12,fcdfc20864daf41f96ba85df5eae4a5c61cc2c04d01cb0e2140a2014d0173f5d
300125,13,guided,17,1,1,0,1,0.83,1.0996000000000001,12,fcdfc20864daf41f96ba85df5eae4a5c61cc2c04d01cb0e2140a2014d0173f5d
300125,14,guided,17,1,1,0,1,0.83,1.0996000000000001,12,fcdfc20864daf41f96ba85df5eae4a5c61cc2c04d01cb0e2140a2014d0173f5d
300125,15,guided,17,1,1,0,1,0.83,1.0996000000000001,12,fcdfc20864daf41f96ba85df5eae4a5c61cc2c04d01cb0e2140a2014d0173f5d
300126,0,random,32,0,0,1,1,-0.3200000000000001,-0.05719999999999986,7,17ab185987ade035105fdf11b15065a19cf4e62044c3fc6a2cd75465431bb3b6
300126,1,random,22,1,1,0,1,0.7799999999999999,0.9648000000000001,7,da17afd2e8b26509855c4135aed4d64de52aca11e243ff257612853ce06aeaa9
300126,2,random,21,1,1,0,1,0.7899999999999999,0.9604,10,3f818472588902cc9c1f9a956af6aa0145df20d190e90576031add70d34ccd79
300126,3,random,7,1,1,0,1,0.9299999999999999,1.0704,2,6afcf44ed2c06b403bee8a998b48d1aa8e58c77df8f0fec5a91ac320cb0b526a
300126,4,random,32,0,0,1,1,-0.3200000000000001,-0.07639999999999991,10,19c6c52d03eec7589ea0a7504ebbb578426194ad27f7ab0416e85528c65b3c98
300126,5,random,32,0,0,1,1,-0.3200000000000001,-0.08959999999999999,6,58425b3d9d4505095b0403f63b7258c27284314ae55144e24ad90e19b7c88bc5
300126,6,random,6,1,1,0,1,0.94,1.072,3,6ea39f998dabf590e9cbae698e7e7ea53925ede57a97b1e6baff481a44f742ee
300126,7,random,32,0,0,1,1,-0.3200000000000001,-0.04879999999999979,12,130f3ae1f6f876cf7e5500df0961552de4c7980463cf256f76048ca76589e4b0
300126,8,guided,3,1,1,0,1,0.97,1.0936,0,16e68bab181ea104f34d671dc10c3541f921b87823583ee285b509ab5d133f1b
300126,9,guided,3,1,1,0,1,0.97,1.0936,0,16e68bab181ea104f34d671dc10c3541f921b87823583ee285b509ab5d133f1b
300126,10,guided,3,1,1,0,1,0.97,1.0936,0,16e68bab181ea104f34d671dc10c3541f921b87823583ee285b509ab5d133f1b
300126,11,guided,3,1,1,0,1,0.97,1.0936,0,16e68bab181ea104f34d671dc10c3541f921b87823583ee285b509ab5d133f1b
300126,12,guided,3,1,1,0,1,0.97,1.0936,0,16e68bab181ea104f34d671dc10c3541f921b87823583ee285b509ab5d133f1b
300126,13,guided,3,1,1,0,1,0.97,1.0936,0,16e68bab181ea104f34d671dc10c3541f921b87823583ee285b509ab5d133f1b
300126,14,guided,3,1,1,0,1,0.97,1.0936,0,16e68bab181ea104f34d671dc10c3541f921b87823583ee285b509ab5d133f1b
300126,15,guided,3,1,1,0,1,0.97,1.0936,0,16e68bab181ea104f34d671dc10c3541f921b87823583ee285b509ab5d133f1b
300127,0,random,32,0,0,1,1,-0.3200000000000001,-0.019999999999999837,11,5272abb1777c3d08b61719b31b26ff6ca709fd9f97bf383fd0ff413b8cb588d6
300127,1,random,32,0,0,1,1,-0.3200000000000001,-0.025999999999999912,8,6dc20bab12ca34f947c0e4d001fc6250fb14d99567cbf082da7400f53c179dda
300127,2,random,3,1,1,0,1,0.97,1.0936,0,93d9f7017ef718b0957d9f70fc2cbe85c488739bafc84cab8fa06a9cac3337cd
300127,3,random,26,1,1,0,1,0.74,0.9548000000000001,7,9ab3a1f7a4a91648e395ebf1c80d4b91a4917d59ace1a90d50397485cfdb8bd4
300127,4,random,32,0,0,1,1,-0.3200000000000001,-0.02119999999999983,12,25552f72a8a9fe68118a02c8ef89fa82362a98201af0b1eedeb2246255173736
300127,5,random,15,1,1,0,1,0.85,1.0036,6,f4d3513a5dbb470e77eb6b91ef104a77f5a1a004095bf8e087caeb8457287481
300127,6,random,32,0,0,1,1,-0.3200000000000001,-0.03679999999999986,12,4b954fa38e212ad6b9e58aab49b9cefb5551dccc3ae1ca679e7b4cc18af9c513
300127,7,random,32,0,0,1,1,-0.3200000000000001,-0.02359999999999987,10,2694d2f8f7cd51ec747763dbb8b1f6972bf9ddb870c3151664ac32acb15ef340
300127,8,guided,3,1,1,0,1,0.97,1.0936,0,93d9f7017ef718b0957d9f70fc2cbe85c488739bafc84cab8fa06a9cac3337cd
300127,9,guided,3,1,1,0,1,0.97,1.0936,0,93d9f7017ef718b0957d9f70fc2cbe85c488739bafc84cab8fa06a9cac3337cd
300127,10,guided,3,1,1,0,1,0.97,1.0936,0,93d9f7017ef718b0957d9f70fc2cbe85c488739bafc84cab8fa06a9cac3337cd
300127,11,guided,3,1,1,0,1,0.97,1.0936,0,93d9f7017ef718b0957d9f70fc2cbe85c488739bafc84cab8fa06a9cac3337cd
300127,12,guided,3,1,1,0,1,0.97,1.0936,0,93d9f7017ef718b0957d9f70fc2cbe85c488739bafc84cab8fa06a9cac3337cd
300127,13,guided,3,1,1,0,1,0.97,1.0936,0,93d9f7017ef718b0957d9f70fc2cbe85c488739bafc84cab8fa06a9cac3337cd
300127,14,guided,3,1,1,0,1,0.97,1.0936,0,93d9f7017ef718b0957d9f70fc2cbe85c488739bafc84cab8fa06a9cac3337cd
300127,15,guided,3,1,1,0,1,0.97,1.0936,0,93d9f7017ef718b0957d9f70fc2cbe85c488739bafc84cab8fa06a9cac3337cd
300128,0,random,27,1,1,0,1,0.73,0.9424000000000001,16,e88ef211dddcf971489182b5784d185a5085588342132eaa235521f046e61f49
300128,1,random,32,0,0,1,1,-0.3200000000000001,-0.09919999999999991,22,8d5310232b2c9ceddafd45d42d807bc51c0027aa43f62990876d8b2480041e2f
300128,2,random,9,1,1,0,1,0.91,1.0552000000000001,6,296178678413796ad7b587dc26fbd449f0a68c846e80f840bf99f0dbe482995e
300128,3,random,32,0,0,1,1,-0.3200000000000001,-0.08120000000000005,8,418472bfd4c922e42e6461aca9bd9819ad3efe7ad0ad4f0b896dbd56b8b8734d
300128,4,random,11,1,1,0,1,0.89,1.0388,4,0f6aa0b2e67e5b5fc834874f6f8432263bbbb4a06493555acc83de7413aa23f1
300128,5,random,32,0,0,1,1,-0.3200000000000001,-0.11359999999999994,6,c2de8d0ced85c60bdecf2ad6e69da5a4f6cd4ce441efe6be15ead485eb7084b9
300128,6,random,32,0,0,1,1,-0.3200000000000001,-0.08360000000000006,7,9776b7f331c94144d126f04c317305fd8c1af74f6247e61a3be0c75f6b53f498
300128,7,random,32,0,0,1,1,-0.3200000000000001,-0.08000000000000002,10,518e125476747ad9c67afe5af6f13b78442f3cbf5a4d36a503ff5580aba43ce0
300128,8,guided,3,1,1,0,1,0.97,1.0936,0,79cd07282799e0605129d9747b31a2e4b7bd05ac9a192c45a8f67ebd4b6872f4
300128,9,guided,3,1,1,0,1,0.97,1.0936,0,79cd07282799e0605129d9747b31a2e4b7bd05ac9a192c45a8f67ebd4b6872f4
300128,10,guided,3,1,1,0,1,0.97,1.0936,0,79cd07282799e0605129d9747b31a2e4b7bd05ac9a192c45a8f67ebd4b6872f4
300128,11,guided,3,1,1,0,1,0.97,1.0936,0,79cd07282799e0605129d9747b31a2e4b7bd05ac9a192c45a8f67ebd4b6872f4
300128,12,guided,3,1,1,0,1,0.97,1.0936,0,79cd07282799e0605129d9747b31a2e4b7bd05ac9a192c45a8f67ebd4b6872f4
300128,13,guided,3,1,1,0,1,0.97,1.0936,0,79cd07282799e0605129d9747b31a2e4b7bd05ac9a192c45a8f67ebd4b6872f4
300128,14,guided,3,1,1,0,1,0.97,1.0936,0,79cd07282799e0605129d9747b31a2e4b7bd05ac9a192c45a8f67ebd4b6872f4
300128,15,guided,3,1,1,0,1,0.97,1.0936,0,79cd07282799e0605129d9747b31a2e4b7bd05ac9a192c45a8f67ebd4b6872f4
300129,0,random,28,1,1,0,1,0.72,0.9480000000000001,9,aefaebb5c3b0a018d36e87547dd3e6343cb5818ec961ead8aeafed3ec98ec8bf
300129,1,random,32,0,0,1,1,-0.3200000000000001,-0.03199999999999992,14,7110abfd216ffb3343eaa9a3542fdc1f131e0ea85eff5facd1b1c8436399c87a
300129,2,random,32,0,0,1,1,-0.3200000000000001,-0.031999999999999695,14,1e50762dfb371b85a6f6c1d55e664e5fa8483b0c0a39802d4872c5df753cd009
300129,3,random,32,0,0,1,1,-0.3200000000000001,-0.051199999999999884,6,e7963beea6f32fc4ddd20d67a87e4aaac4f1d172ea64d22d39d9d763bcac7962
300129,4,random,32,0,0,1,1,-0.3200000000000001,-0.09079999999999992,9,24b8435125f2e62dda0d143fc4d445d619cd85559da522e43fefec7a3e0958eb
300129,5,random,17,1,1,0,1,0.83,0.9872000000000001,4,e5a0b2f812b37c402deeaf7436183184a484fdec3ce1f19bb9877cedf0c6f88e
300129,6,random,32,0,0,1,1,-0.3200000000000001,-0.057199999999999945,10,52a1bdc959d2ca11ec4bc5df83963fa6013586c991d6a449fa07988b68fde3dc
300129,7,random,32,0,0,1,1,-0.3200000000000001,-0.03799999999999995,16,f9c6f34655a562a91020de47b289650d3e60ccaefb53fd1977d1daa1bc2a48a0
300129,8,guided,3,1,1,0,1,0.97,1.0936,0,0eb2874e7e38314b306e555339047478b3a4ead357267480858e54ec96fa7fba
300129,9,guided,3,1,1,0,1,0.97,1.0936,0,0eb2874e7e38314b306e555339047478b3a4ead357267480858e54ec96fa7fba
300129,10,guided,3,1,1,0,1,0.97,1.0936,0,0eb2874e7e38314b306e555339047478b3a4ead357267480858e54ec96fa7fba
300129,11,guided,3,1,1,0,1,0.97,1.0936,0,0eb2874e7e38314b306e555339047478b3a4ead357267480858e54ec96fa7fba
300129,12,guided,3,1,1,0,1,0.97,1.0936,0,0eb2874e7e38314b306e555339047478b3a4ead357267480858e54ec96fa7fba
300129,13,guided,3,1,1,0,1,0.97,1.0936,0,0eb2874e7e38314b306e555339047478b3a4ead357267480858e54ec96fa7fba
300129,14,guided,3,1,1,0,1,0.97,1.0936,0,0eb2874e7e38314b306e555339047478b3a4ead357267480858e54ec96fa7fba
300129,15,guided,3,1,1,0,1,0.97,1.0936,0,0eb2874e7e38314b306e555339047478b3a4ead357267480858e54ec96fa7fba
300130,0,random,32,0,0,1,1,-0.3200000000000001,0.03360000000000016,14,12eff3838ab579dbcdec7c0cb5a3b6c0c48637feebb20806b0a752bc90c3cedf
300130,1,random,32,0,0,1,1,-0.3200000000000001,0.07920000000000016,8,66b170aa1cec808a88dfda2aad7a3a56a3cd95e16746e6430f6978dc2311add2
300130,2,random,21,1,1,0,1,0.7899999999999999,1.1184,4,d14a08f3d0ab408b737191e1874f52f5af001e34a0401007c7f131605280e859
300130,3,random,32,0,0,1,1,-0.3200000000000001,0.054000000000000076,10,d6ab12b553665b0a954a6b4ddc1bd8467e26d708d209bf0e096aff1f8d603802
300130,4,random,12,1,1,0,1,0.88,1.1352,1,f3640a9001a0484d4683b1dba2e8c079649ee4f920db891a92c2a39961923002
300130,5,random,32,0,0,1,1,-0.3200000000000001,0.05760000000000015,11,da8cfe8db73b2061b2fa6e1199ee65c780d46c1326c7806622dd082bfffb12e7
300130,6,random,32,0,0,1,1,-0.3200000000000001,0.03720000000000015,6,bfc58ba1addd9c43a97ddaa72453b61e7b33d64a745d706d1c94ac689f2203af
300130,7,random,32,0,0,1,1,-0.3200000000000001,0.07200000000000012,4,d7a8a005fc68baba5201843b1cb787d361037e49c23ec99a1fb0967a1f319f18
300130,8,guided,5,1,1,0,1,0.95,1.162,0,917e02cb0ca14a2d3dfd0f14bc5624d536ba73c014c311850138f97ef2564c9f
300130,9,guided,5,1,1,0,1,0.95,1.162,0,917e02cb0ca14a2d3dfd0f14bc5624d536ba73c014c311850138f97ef2564c9f
300130,10,guided,5,1,1,0,1,0.95,1.162,0,917e02cb0ca14a2d3dfd0f14bc5624d536ba73c014c311850138f97ef2564c9f
300130,11,guided,5,1,1,0,1,0.95,1.162,0,917e02cb0ca14a2d3dfd0f14bc5624d536ba73c014c311850138f97ef2564c9f
300130,12,guided,5,1,1,0,1,0.95,1.162,0,917e02cb0ca14a2d3dfd0f14bc5624d536ba73c014c311850138f97ef2564c9f
300130,13,guided,5,1,1,0,1,0.95,1.162,0,917e02cb0ca14a2d3dfd0f14bc5624d536ba73c014c311850138f97ef2564c9f
300130,14,guided,5,1,1,0,1,0.95,1.162,0,917e02cb0ca14a2d3dfd0f14bc5624d536ba73c014c311850138f97ef2564c9f
300130,15,guided,5,1,1,0,1,0.95,1.162,0,917e02cb0ca14a2d3dfd0f14bc5624d536ba73c014c311850138f97ef2564c9f
300131,0,random,32,0,0,1,1,-0.3200000000000001,-0.00639999999999985,4,95b9e96de9c17b3ad39ac4ddedec4c9db544d07f3bb35c83fd0a3f786444b31b
300131,1,random,32,0,0,1,1,-0.3200000000000001,-0.011199999999999849,5,e42a973840d2fc2d2cfc70e9ef19995f04f2acccffaa276890feb5eb16a60ab2
300131,2,random,32,0,0,1,1,-0.3200000000000001,-0.04479999999999989,8,18a8b02ff91116c152acd0a440c7780b62952eaa3ee64b91f5f17aef7b42e3b4
300131,3,random,12,1,1,0,1,0.88,1.0772000000000002,2,65f3d37592a00616d566f0b910e6576abf8ff7b2e975f3200178b3ca50aad0c7
300131,4,random,32,0,0,1,1,-0.3200000000000001,-0.024399999999999894,7,bd70cbcba287db019ab49c6462b46f2a91f339e4f90334bf6d30a0606999661e
300131,5,random,17,1,1,0,1,0.83,1.0428000000000002,5,187d7e3413991967e9f2947d1805a059a6164b9654ce0cb3da27a510b34f8ac0
300131,6,random,32,0,0,1,1,-0.3200000000000001,0.0020000000000001406,6,be48da86471f5e0b501fdbf6d1fed7adfef4034305618ef24f1ef82da57cbbca
300131,7,random,32,0,0,1,1,-0.3200000000000001,-0.018399999999999875,9,83a0baeeb9547390118c47113184726d88ccb123a55f092ca126e744b5e36e4b
300131,8,guided,4,1,1,0,1,0.96,1.1272,0,360c74e05dfa1c066ec6aa4790b8b97a3c9e788f8beb5e89aed6c7916f586404
300131,9,guided,4,1,1,0,1,0.96,1.1272,0,360c74e05dfa1c066ec6aa4790b8b97a3c9e788f8beb5e89aed6c7916f586404
300131,10,guided,4,1,1,0,1,0.96,1.1272,0,360c74e05dfa1c066ec6aa4790b8b97a3c9e788f8beb5e89aed6c7916f586404
300131,11,guided,4,1,1,0,1,0.96,1.1272,0,360c74e05dfa1c066ec6aa4790b8b97a3c9e788f8beb5e89aed6c7916f586404
300131,12,guided,4,1,1,0,1,0.96,1.1272,0,360c74e05dfa1c066ec6aa4790b8b97a3c9e788f8beb5e89aed6c7916f586404
300131,13,guided,4,1,1,0,1,0.96,1.1272,0,360c74e05dfa1c066ec6aa4790b8b97a3c9e788f8beb5e89aed6c7916f586404
300131,14,guided,4,1,1,0,1,0.96,1.1272,0,360c74e05dfa1c066ec6aa4790b8b97a3c9e788f8beb5e89aed6c7916f586404
300131,15,guided,4,1,1,0,1,0.96,1.1272,0,360c74e05dfa1c066ec6aa4790b8b97a3c9e788f8beb5e89aed6c7916f586404
300132,0,random,1,1,1,0,1,0.99,1.03,0,c8664499f2e476367a9877ee7c546712dc203e45719f0664d3e4145337138e93
300132,1,random,7,1,1,0,1,0.9299999999999999,0.9808,2,d4335d6219a35b91f8803907be27ec541cc667beb552538dffa5d3eeb6bdebf1
300132,2,random,10,1,1,0,1,0.9,0.9568000000000001,5,0c1cab9316949ccda4c8815ced1c2b3c332b8eb6397b737b952fe395baecb458
300132,3,random,9,1,1,0,1,0.91,0.9608,6,a6ed7b574f773cfe00e78ba4771469d28c5c2afd804ba889b624d20b2e804074
300132,4,random,4,1,1,0,1,0.96,1.0048,1,678663f85f9a83509695df588d3f17661f6c0847a92c1b3e346bde9a2ca62689
300132,5,random,2,1,1,0,1,0.98,1.0212,1,22ef14a4e473f08a6c3ca9352a7d13ec268dafa515875aecd999fc93328212dc
300132,6,random,7,1,1,0,1,0.9299999999999999,0.9796,2,bca06420978f4afc8300d670815ab2edbb70fb092d4c68c6a1d63c9cabd438a4
300132,7,random,3,1,1,0,1,0.97,1.0124,2,1134d7ed6ddd9e76afb70a9c874085c937886aa05c4d1c1f65c65ff4e80249cc
300132,8,guided,1,1,1,0,1,0.99,1.03,0,c8664499f2e476367a9877ee7c546712dc203e45719f0664d3e4145337138e93
300132,9,guided,1,1,1,0,1,0.99,1.03,0,c8664499f2e476367a9877ee7c546712dc203e45719f0664d3e4145337138e93
300132,10,guided,1,1,1,0,1,0.99,1.03,0,c8664499f2e476367a9877ee7c546712dc203e45719f0664d3e4145337138e93
300132,11,guided,1,1,1,0,1,0.99,1.03,0,c8664499f2e476367a9877ee7c546712dc203e45719f0664d3e4145337138e93
300132,12,guided,1,1,1,0,1,0.99,1.03,0,c8664499f2e476367a9877ee7c546712dc203e45719f0664d3e4145337138e93
300132,13,guided,1,1,1,0,1,0.99,1.03,0,c8664499f2e476367a9877ee7c546712dc203e45719f0664d3e4145337138e93
300132,14,guided,1,1,1,0,1,0.99,1.03,0,c8664499f2e476367a9877ee7c546712dc203e45719f0664d3e4145337138e93
300132,15,guided,1,1,1,0,1,0.99,1.03,0,c8664499f2e476367a9877ee7c546712dc203e45719f0664d3e4145337138e93
300133,0,random,32,0,0,1,1,-0.3200000000000001,-0.07399999999999995,11,64ff43b165ea391e9b052ae1996664e342ab9551deb94d05688fa085b59f9db4
300133,1,random,5,1,1,0,1,0.95,1.0808,2,a08a379c6561c6618c19075f39d54d5d9b52ccfc36d09839460eb553b799fe2e
300133,2,random,32,0,0,1,1,-0.3200000000000001,-0.13159999999999994,17,f39ce1e89a6ae4332e23533e077c21b1ffea4c600d04d7e54f1f79e446ec63a0
300133,3,random,32,0,0,1,1,-0.3200000000000001,-0.13159999999999997,14,693b4170b60958b25d39f7934debe0d8f7640652cfc9fc6a94988b7578a80e16
300133,4,random,13,1,1,0,1,0.87,1.0272000000000001,4,fe51694c45d50c8348ca63da08b07355822f05ed7617502e02de99c2ab70d333
300133,5,random,32,0,0,1,1,-0.3200000000000001,-0.059599999999999875,10,5d32f9a7d7eb68229356cc51eb264c54e7375a486bd0fc8e773e669692e8c86f
300133,6,random,32,0,0,1,1,-0.3200000000000001,-0.010399999999999798,15,d601a59ba8796f14d72e33113f6b436574a259b34569768680e8bfaa4383180f
300133,7,random,32,0,0,1,1,-0.3200000000000001,-0.02839999999999973,8,c06027c183749fffaa9f3875a13b2f773914f7e12cb33aa88a879c8aa5d46027
300133,8,guided,3,1,1,0,1,0.97,1.0936,0,6e66e9bac69832fd5f9386becb2c983fd5c6bcabfa5094ef208a79d71d88ca50
300133,9,guided,3,1,1,0,1,0.97,1.0936,0,6e66e9bac69832fd5f9386becb2c983fd5c6bcabfa5094ef208a79d71d88ca50
300133,10,guided,3,1,1,0,1,0.97,1.0936,0,6e66e9bac69832fd5f9386becb2c983fd5c6bcabfa5094ef208a79d71d88ca50
300133,11,guided,3,1,1,0,1,0.97,1.0936,0,6e66e9bac69832fd5f9386becb2c983fd5c6bcabfa5094ef208a79d71d88ca50
300133,12,guided,3,1,1,0,1,0.97,1.0936,0,6e66e9bac69832fd5f9386becb2c983fd5c6bcabfa5094ef208a79d71d88ca50
300133,13,guided,3,1,1,0,1,0.97,1.0936,0,6e66e9bac69832fd5f9386becb2c983fd5c6bcabfa5094ef208a79d71d88ca50
300133,14,guided,3,1,1,0,1,0.97,1.0936,0,6e66e9bac69832fd5f9386becb2c983fd5c6bcabfa5094ef208a79d71d88ca50
300133,15,guided,3,1,1,0,1,0.97,1.0936,0,6e66e9bac69832fd5f9386becb2c983fd5c6bcabfa5094ef208a79d71d88ca50
300134,0,random,5,1,1,0,1,0.95,1.0784,2,fdccc205a9ccd7aa2bf6ba196d4d63f338cf772f2a511139a0d4fc55246443a7
300134,1,random,32,0,0,1,1,-0.3200000000000001,-0.05119999999999984,8,c4a3bcd357276f496ee91525b68bc2b586f43544ca49276cd9d8e391633c8acb
300134,2,random,3,1,1,0,1,0.97,1.0936,0,4e66402f4ec422691850ad7180ab987d39b5e88d3bca4ad8eac3aedf23e9166c
300134,3,random,32,0,0,1,1,-0.3200000000000001,-0.0776,6,45fa4e2b1ab783b85d7fa0a48594618ace113ba9de21145100df0ebe3a250c15
300134,4,random,28,1,1,0,1,0.72,0.9456000000000001,5,73cd516a5b2a67992b77f1936fb0f3f3233f9d7d327bec05e9191fd483ae2f43
300134,5,random,32,0,0,1,1,-0.3200000000000001,-0.028399999999999842,8,a6d3443c8fbecaa1ee1a31b2099eeba670cf6ff9d13463700d6efe5379eaa8ec
300134,6,random,32,0,0,1,1,-0.3200000000000001,-0.07999999999999988,6,0ed2338977aa277d47ff5f66e3b531b2834040aa56d214c00673e0f0acb9c138
300134,7,random,30,1,1,0,1,0.7,0.9640000000000002,9,8a0340932d088697fdb826a8e4a2d7b8b8b4b19ffc70d00ce4c3bf019ddec992
300134,8,guided,14,1,1,0,1,0.86,0.998,9,6fdb32b864794da80af2b348ecb9aefc8ad771ec13df0a724ebf0a747fad07ea
300134,9,guided,14,1,1,0,1,0.86,0.998,9,6fdb32b864794da80af2b348ecb9aefc8ad771ec13df0a724ebf0a747fad07ea
300134,10,guided,14,1,1,0,1,0.86,0.998,9,6fdb32b864794da80af2b348ecb9aefc8ad771ec13df0a724ebf0a747fad07ea
300134,11,guided,14,1,1,0,1,0.86,0.998,9,6fdb32b864794da80af2b348ecb9aefc8ad771ec13df0a724ebf0a747fad07ea
300134,12,guided,14,1,1,0,1,0.86,0.998,9,6fdb32b864794da80af2b348ecb9aefc8ad771ec13df0a724ebf0a747fad07ea
300134,13,guided,14,1,1,0,1,0.86,0.998,9,6fdb32b864794da80af2b348ecb9aefc8ad771ec13df0a724ebf0a747fad07ea
300134,14,guided,14,1,1,0,1,0.86,0.998,9,6fdb32b864794da80af2b348ecb9aefc8ad771ec13df0a724ebf0a747fad07ea
300134,15,guided,14,1,1,0,1,0.86,0.998,9,6fdb32b864794da80af2b348ecb9aefc8ad771ec13df0a724ebf0a747fad07ea
300135,0,random,32,0,0,1,1,-0.3200000000000001,0.1108000000000001,9,fd35cbc4c33ecc7592dbfc29e11832d6c6906efb3bc293b32caefb1b4e35047e
300135,1,random,32,0,0,1,1,-0.3200000000000001,0.09160000000000013,9,444bdbfb2a9c1254655384b7c1c1b642c5ca40a426baac49b3dbd424be7f0ef4
300135,2,random,32,0,0,1,1,-0.3200000000000001,0.11680000000000015,8,9c3b3c4ebf70d9289ec78e14c90f96d1fc270891b7a7d86cace79fab121b2dbc
300135,3,random,32,0,0,1,1,-0.3200000000000001,0.13240000000000013,18,e61ba077852cbe73f1117b1507b6a74059c4d2e21d03aacc8a553b97b5812a28
300135,4,random,32,0,0,1,1,-0.3200000000000001,0.14440000000000014,14,d03f0fb3da76f08934ff0e780777f9ac93067bd325b486a675a128e38f0d963b
300135,5,random,32,0,0,1,1,-0.3200000000000001,0.11920000000000013,10,c092e34938a1ea33715193037b8b75fc1a76f418d5b9d737ecf056dabe965c79
300135,6,random,32,0,0,1,1,-0.3200000000000001,0.1252000000000001,8,8708c40d0c63828f03079173f9ab996e87dbdb9d73af1c273efd80094471db72
300135,7,random,32,0,0,1,1,-0.3200000000000001,0.11080000000000013,9,e4f45c3a398a11450ad595b804a16ddcdc33b2d3d9ee358f9618eaaa271d485d
300135,8,guided,32,0,0,1,1,-0.3200000000000001,0.07000000000000015,30,6f46a4fb90bd905251cb47342124ce97c5cb16bbe7593dbdcbf0ff248c7bb482
300135,9,guided,32,0,0,1,1,-0.3200000000000001,0.07000000000000015,30,6f46a4fb90bd905251cb47342124ce97c5cb16bbe7593dbdcbf0ff248c7bb482
300135,10,guided,32,0,0,1,1,-0.3200000000000001,0.07000000000000015,30,6f46a4fb90bd905251cb47342124ce97c5cb16bbe7593dbdcbf0ff248c7bb482
300135,11,guided,32,0,0,1,1,-0.3200000000000001,0.07000000000000015,30,6f46a4fb90bd905251cb47342124ce97c5cb16bbe7593dbdcbf0ff248c7bb482
300135,12,guided,32,0,0,1,1,-0.3200000000000001,0.07000000000000015,30,6f46a4fb90bd905251cb47342124ce97c5cb16bbe7593dbdcbf0ff248c7bb482
300135,13,guided,32,0,0,1,1,-0.3200000000000001,0.07000000000000015,30,6f46a4fb90bd905251cb47342124ce97c5cb16bbe7593dbdcbf0ff248c7bb482
300135,14,guided,32,0,0,1,1,-0.3200000000000001,0.07000000000000015,30,6f46a4fb90bd905251cb47342124ce97c5cb16bbe7593dbdcbf0ff248c7bb482
300135,15,guided,32,0,0,1,1,-0.3200000000000001,0.07000000000000015,30,6f46a4fb90bd905251cb47342124ce97c5cb16bbe7593dbdcbf0ff248c7bb482
300136,0,random,16,1,1,0,1,0.84,0.9452,6,b21aa16d23d4aa0e495fb804d0a64b41d8c516553a90acc9081d0d9324d9a0a1
300136,1,random,32,0,0,1,1,-0.3200000000000001,-0.08999999999999991,7,dad3d9c93a1b721960d3d405d70de254d5f40e66aaaece82a093d31d93a107b1
300136,2,random,22,1,1,0,1,0.7799999999999999,0.9236,4,3db21ea716c903994821609c7caa6085b0348e2049ea8530d087f2979ce96f15
300136,3,random,16,1,1,0,1,0.84,0.9524,4,1f147288d3d8ab1133dca0aef6a6dda24a0d05ff3d2005dd7357660b391ead06
300136,4,random,10,1,1,0,1,0.9,0.9992000000000001,2,1d1f27bd7b05755e9731a88b72b3a49ea60afef3dbb90c29a20028c52eb38507
300136,5,random,32,0,0,1,1,-0.3200000000000001,-0.03239999999999979,16,a1f4063800880399f16fb05bc6fd7ea10a750d3bb1dd018561a018764d157297
300136,6,random,15,1,1,0,1,0.85,0.9612,1,f6e0fe6a4c1df9540424dcec1317705570a6aabb785669b5fa6002534ffa5673
300136,7,random,32,0,0,1,1,-0.3200000000000001,-0.06479999999999975,15,3a1ff500306e6d7c44aaacf11b8b80ef5c204c28646ace4a6ddbf5b6b5e7c295
300136,8,guided,2,1,1,0,1,0.98,1.0612,0,592bd745b03c2b6447b730a63ca71d504349d3e6d27f1f98f31b807ea2d84f57
300136,9,guided,2,1,1,0,1,0.98,1.0612,0,592bd745b03c2b6447b730a63ca71d504349d3e6d27f1f98f31b807ea2d84f57
300136,10,guided,2,1,1,0,1,0.98,1.0612,0,592bd745b03c2b6447b730a63ca71d504349d3e6d27f1f98f31b807ea2d84f57
300136,11,guided,2,1,1,0,1,0.98,1.0612,0,592bd745b03c2b6447b730a63ca71d504349d3e6d27f1f98f31b807ea2d84f57
300136,12,guided,2,1,1,0,1,0.98,1.0612,0,592bd745b03c2b6447b730a63ca71d504349d3e6d27f1f98f31b807ea2d84f57
300136,13,guided,2,1,1,0,1,0.98,1.0612,0,592bd745b03c2b6447b730a63ca71d504349d3e6d27f1f98f31b807ea2d84f57
300136,14,guided,2,1,1,0,1,0.98,1.0612,0,592bd745b03c2b6447b730a63ca71d504349d3e6d27f1f98f31b807ea2d84f57
300136,15,guided,2,1,1,0,1,0.98,1.0612,0,592bd745b03c2b6447b730a63ca71d504349d3e6d27f1f98f31b807ea2d84f57
300137,0,random,7,1,1,0,1,0.9299999999999999,1.0196,1,1af69280e6f1f2c142e5514eab741c625f6365518a059d11d0f5f8d74cfd6427
300137,1,random,32,0,0,1,1,-0.3200000000000001,-0.1008,10,bb3a9133c3aee32d4d30939ffbc3adafb662a70fe3643c84014542feab82e17f
300137,2,random,12,1,1,0,1,0.88,1.0008000000000001,4,98dcbb96c8df2837df60b14760e227efc039c9090be34bac8ea1c56fced44a9e
300137,3,random,32,0,0,1,1,-0.3200000000000001,-0.10799999999999998,12,85f3e032be9f79865d419413c3228bd7ff81ede93a9ac76af80b91a14352bc20
300137,4,random,11,1,1,0,1,0.89,0.9964000000000001,3,ab90262c64496227dade5130537409eccc04cddf6042ddf98dc470281ecdb126
300137,5,random,32,0,0,1,1,-0.3200000000000001,-0.10439999999999998,8,6f0e1c72cbfa87804eaf1cc52550d95d762ef7911b1b08fe428aa5a4803c2fa4
300137,6,random,13,1,1,0,1,0.87,0.9848,5,500afdccf50fc69d00a557238289e7ed27b69c922a4b3f3f5b34240d40515496
300137,7,random,2,1,1,0,1,0.98,1.0612,0,5ea837e3cb759de655abb299aaea9f2ef00621706d238ccc50544538b4b348e3
300137,8,guided,2,1,1,0,1,0.98,1.0612,0,5ea837e3cb759de655abb299aaea9f2ef00621706d238ccc50544538b4b348e3
300137,9,guided,2,1,1,0,1,0.98,1.0612,0,5ea837e3cb759de655abb299aaea9f2ef00621706d238ccc50544538b4b348e3
300137,10,guided,2,1,1,0,1,0.98,1.0612,0,5ea837e3cb759de655abb299aaea9f2ef00621706d238ccc50544538b4b348e3
300137,11,guided,2,1,1,0,1,0.98,1.0612,0,5ea837e3cb759de655abb299aaea9f2ef00621706d238ccc50544538b4b348e3
300137,12,guided,2,1,1,0,1,0.98,1.0612,0,5ea837e3cb759de655abb299aaea9f2ef00621706d238ccc50544538b4b348e3
300137,13,guided,2,1,1,0,1,0.98,1.0612,0,5ea837e3cb759de655abb299aaea9f2ef00621706d238ccc50544538b4b348e3
300137,14,guided,2,1,1,0,1,0.98,1.0612,0,5ea837e3cb759de655abb299aaea9f2ef00621706d238ccc50544538b4b348e3
300137,15,guided,2,1,1,0,1,0.98,1.0612,0,5ea837e3cb759de655abb299aaea9f2ef00621706d238ccc50544538b4b348e3
300138,0,random,32,0,0,1,1,-0.3200000000000001,-0.04239999999999983,13,e3bfc0e58ca463022b57bd562e2d1c14038e3c53c202423902c9c35ecb9b119b
300138,1,random,17,1,1,0,1,0.83,1.0416,1,a4f699481a25d9c2b8b409b83c60e845ac41059b8584278763502930bef3edaf
300138,2,random,32,0,0,1,1,-0.3200000000000001,-0.015999999999999903,9,f2fe66a08836dd2c27e00d9c008bcc7f4d202415761e254942861e2e9bc5e44c
300138,3,random,32,0,0,1,1,-0.3200000000000001,-0.05439999999999989,12,6e8470eb0a41c6204eb3d2b23a754849d782914f95492468454a7f18164f21ab
300138,4,random,32,0,0,1,1,-0.3200000000000001,0.017600000000000116,16,507515e01424cb295d9825f40723c0c8b3f91c5017440f9a5bdb83d6d6dec2c8
300138,5,random,32,0,0,1,1,-0.3200000000000001,-0.030399999999999858,13,b7ecbde3c351026e91bc8ed28f6d3b1146b3137bfd6b1000aba7639ec34d283e
300138,6,random,25,1,1,0,1,0.7499999999999999,1.0024000000000002,5,3738e91a33cd60d59c3ef4ee624bd7dbe7f0e0fb6a3cd6aa110c3c2eab602364
300138,7,random,32,0,0,1,1,-0.3200000000000001,-0.02199999999999982,22,e6c4ee673b85777afda8bcd87e3622dcd1658c6174c640de2814618b2093cccf
300138,8,guided,4,1,1,0,1,0.96,1.1272,0,80ee4c973fb84b1f2daba15a9d7bc38777d77a59747ef3eafac281c72a085601
300138,9,guided,4,1,1,0,1,0.96,1.1272,0,80ee4c973fb84b1f2daba15a9d7bc38777d77a59747ef3eafac281c72a085601
300138,10,guided,4,1,1,0,1,0.96,1.1272,0,80ee4c973fb84b1f2daba15a9d7bc38777d77a59747ef3eafac281c72a085601
300138,11,guided,4,1,1,0,1,0.96,1.1272,0,80ee4c973fb84b1f2daba15a9d7bc38777d77a59747ef3eafac281c72a085601
300138,12,guided,4,1,1,0,1,0.96,1.1272,0,80ee4c973fb84b1f2daba15a9d7bc38777d77a59747ef3eafac281c72a085601
300138,13,guided,4,1,1,0,1,0.96,1.1272,0,80ee4c973fb84b1f2daba15a9d7bc38777d77a59747ef3eafac281c72a085601
300138,14,guided,4,1,1,0,1,0.96,1.1272,0,80ee4c973fb84b1f2daba15a9d7bc38777d77a59747ef3eafac281c72a085601
300138,15,guided,4,1,1,0,1,0.96,1.1272,0,80ee4c973fb84b1f2daba15a9d7bc38777d77a59747ef3eafac281c72a085601
300139,0,random,32,0,0,1,1,-0.3200000000000001,0.009200000000000153,16,7b27e6e9fe2c30e753ae51dcc575c0f96eb447091e0ccb0efa6bffb2d51b1ecb
300139,1,random,32,0,0,1,1,-0.3200000000000001,-0.012399999999999856,17,54f60cc59279e6caeac20e6136bcbec142561abcf5936609ba9cffad6a6fc60a
300139,2,random,32,0,0,1,1,-0.3200000000000001,-0.0003999999999998588,10,42d15b08510229d2ca908e0fef885d2a33593385dd12ce64c967900d23c54dae
300139,3,random,16,1,1,0,1,0.84,1.042,8,e3263bca331f856b4f8d01b95ae0871eb428d1519d6dbaf050aa04481a7f5108
300139,4,random,23,1,1,0,1,0.7699999999999999,0.9888000000000001,7,67d5fb082e94829adac9d187d7cc106ceb76406000de6de03cbec590e472ccbb
300139,5,random,32,0,0,1,1,-0.3200000000000001,-0.011199999999999877,11,2e4c8b82fd87cf0e0e512032cda437260cbd152f508a7481156ec9fd4112d9bd
300139,6,random,15,1,1,0,1,0.85,1.0688,5,26a7a70415372bd23da4a9d3d61922348be4f2e7559142e962aed40477b39a6b
300139,7,random,32,0,0,1,1,-0.3200000000000001,0.012800000000000145,16,692613c5092739daeed5a29dd298f00fca6aa703e64fe01d3b83c5101b00b509
300139,8,guided,4,1,1,0,1,0.96,1.1272,0,d079a04b11ce7beee871ad646eb0b77d7c65bb885da81a175c83e15b90f85886
300139,9,guided,4,1,1,0,1,0.96,1.1272,0,d079a04b11ce7beee871ad646eb0b77d7c65bb885da81a175c83e15b90f85886
300139,10,guided,4,1,1,0,1,0.96,1.1272,0,d079a04b11ce7beee871ad646eb0b77d7c65bb885da81a175c83e15b90f85886
300139,11,guided,4,1,1,0,1,0.96,1.1272,0,d079a04b11ce7beee871ad646eb0b77d7c65bb885da81a175c83e15b90f85886
300139,12,guided,4,1,1,0,1,0.96,1.1272,0,d079a04b11ce7beee871ad646eb0b77d7c65bb885da81a175c83e15b90f85886
300139,13,guided,4,1,1,0,1,0.96,1.1272,0,d079a04b11ce7beee871ad646eb0b77d7c65bb885da81a175c83e15b90f85886
300139,14,guided,4,1,1,0,1,0.96,1.1272,0,d079a04b11ce7beee871ad646eb0b77d7c65bb885da81a175c83e15b90f85886
300139,15,guided,4,1,1,0,1,0.96,1.1272,0,d079a04b11ce7beee871ad646eb0b77d7c65bb885da81a175c83e15b90f85886
300140,0,random,32,0,0,1,1,-0.3200000000000001,-0.037599999999999856,5,614d8bc90ee398d26c74b2883096f87dd7b763d68c4065cac0a57c993a243f21
300140,1,random,32,0,0,1,1,-0.3200000000000001,-0.03999999999999988,6,9b2ad7954daf394ccffc49a28c451572ea6bc7e22bf9303f01fb4733ab6eba6b
300140,2,random,23,1,1,0,1,0.7699999999999999,1.014,9,5e16628b1b4e6e4c3b6868147e497b0162f0e5b7762ff91ab9ea7655906fc16f
300140,3,random,32,0,0,1,1,-0.3200000000000001,-0.013599999999999807,14,d94e0da3259811077e3b0dd882a867c108ae16c88efb9c74e57e4183f78f883d
300140,4,random,32,0,0,1,1,-0.3200000000000001,0.0008000000000001339,10,e3bf0cef0dfa0e21991e9f0dca77db1c54d48623122548cb0747188a489876d2
300140,5,random,32,0,0,1,1,-0.3200000000000001,0.008000000000000146,8,8005c85b9121603215edc0d9327484477325d4c986dc38f176c27716a1e255a7
300140,6,random,20,1,1,0,1,0.7999999999999999,1.044,4,b8b12711a2246909464549438e6bca7b9d0dd6baff8032c1b1b75166afa91f29
300140,7,random,32,0,0,1,1,-0.3200000000000001,-0.018399999999999875,8,f15538f9afb1f6a2b8a013c171df39022818d36e7943e52a58778a24e756d43e
300140,8,guided,29,1,1,0,1,0.71,0.9660000000000001,23,612b1db5b3b385dbb00b53d130395efc6d6d3d74f3d68d5c37640010bf9eb1b2
300140,9,guided,29,1,1,0,1,0.71,0.9660000000000001,23,612b1db5b3b385dbb00b53d130395efc6d6d3d74f3d68d5c37640010bf9eb1b2
300140,10,guided,29,1,1,0,1,0.71,0.9660000000000001,23,612b1db5b3b385dbb00b53d130395efc6d6d3d74f3d68d5c37640010bf9eb1b2
300140,11,guided,29,1,1,0,1,0.71,0.9660000000000001,23,612b1db5b3b385dbb00b53d130395efc6d6d3d74f3d68d5c37640010bf9eb1b2
300140,12,guided,29,1,1,0,1,0.71,0.9660000000000001,23,612b1db5b3b385dbb00b53d130395efc6d6d3d74f3d68d5c37640010bf9eb1b2
300140,13,guided,29,1,1,0,1,0.71,0.9660000000000001,23,612b1db5b3b385dbb00b53d130395efc6d6d3d74f3d68d5c37640010bf9eb1b2
300140,14,guided,29,1,1,0,1,0.71,0.9660000000000001,23,612b1db5b3b385dbb00b53d130395efc6d6d3d74f3d68d5c37640010bf9eb1b2
300140,15,guided,29,1,1,0,1,0.71,0.9660000000000001,23,612b1db5b3b385dbb00b53d130395efc6d6d3d74f3d68d5c37640010bf9eb1b2
300141,0,random,32,0,0,1,1,-0.3200000000000001,-0.04159999999999982,7,f19c7b328e5d0627b2323e91394572fcb7bd4ca043c2c53a44ca6b4b2e1afdb3
300141,1,random,27,1,1,0,1,0.73,0.9736000000000001,10,f5a91604bbb97e6ddcdd828eb18bbde23a9d6221a39acf385000ab918dffa75a
300141,2,random,32,0,0,1,1,-0.3200000000000001,0.014800000000000174,14,ae0c1427858879775afd5d4bd06d2ed11254c1ff4f7ff9ecf1f70af8ed3c22c7
300141,3,random,32,0,0,1,1,-0.3200000000000001,-0.021199999999999802,5,91dee4331f3599461cffd8358aaf8d5e8f83dde7102e501abeb7be1da5639556
300141,4,random,32,0,0,1,1,-0.3200000000000001,-0.06679999999999992,9,ed85bbde51de4887697a0904c09f227a1b3f569275fb5f3b6fdf66f79164f3fe
300141,5,random,32,0,0,1,1,-0.3200000000000001,0.008800000000000363,8,eaf993b0ee0edb359062eff1baa355804e4d64919028d0e22c8708b06ca46510
300141,6,random,32,0,0,1,1,-0.3200000000000001,-0.019999999999999768,7,572d84cffa48e43fa4f4be2ec9756644fea9cda409451913c08983ac1261b69e
300141,7,random,14,1,1,0,1,0.86,1.0232,1,0c442871c2398a718eb525d13c5c75f52e0bc5ec9d20fd8943ad3fec648d9891
300141,8,guided,4,1,1,0,1,0.96,1.086,1,2530cdfe504965c3f8574a4f6ab8f18d044b6a869a379b875fca0d67db4e22e9
300141,9,guided,4,1,1,0,1,0.96,1.086,1,2530cdfe504965c3f8574a4f6ab8f18d044b6a869a379b875fca0d67db4e22e9
300141,10,guided,4,1,1,0,1,0.96,1.086,1,2530cdfe504965c3f8574a4f6ab8f18d044b6a869a379b875fca0d67db4e22e9
300141,11,guided,4,1,1,0,1,0.96,1.086,1,2530cdfe504965c3f8574a4f6ab8f18d044b6a869a379b875fca0d67db4e22e9
300141,12,guided,4,1,1,0,1,0.96,1.086,1,2530cdfe504965c3f8574a4f6ab8f18d044b6a869a379b875fca0d67db4e22e9
300141,13,guided,4,1,1,0,1,0.96,1.086,1,2530cdfe504965c3f8574a4f6ab8f18d044b6a869a379b875fca0d67db4e22e9
300141,14,guided,4,1,1,0,1,0.96,1.086,1,2530cdfe504965c3f8574a4f6ab8f18d044b6a869a379b875fca0d67db4e22e9
300141,15,guided,4,1,1,0,1,0.96,1.086,1,2530cdfe504965c3f8574a4f6ab8f18d044b6a869a379b875fca0d67db4e22e9
300142,0,random,32,0,0,1,1,-0.3200000000000001,0.020400000000000126,13,ca3c1b78ffe80f9b197c7372d5a32aad5acdc8fb16ea8f8022997a6b5600ef1d
300142,1,random,32,1,1,0,1,0.6799999999999999,1.0372000000000001,15,4a826299d391697f83f3a2a2211c9dd11d215c977ad053836b5f36288bece2bb
300142,2,random,18,1,1,0,1,0.82,1.0944,3,a80acb871ce5184ecafdd02aea18de175e1959831517e46a787f8a12b67e948b
300142,3,random,32,0,0,1,1,-0.3200000000000001,0.036000000000000115,19,bdbb802ac389aa5c5832fea5a03147dc1845140c8159d49382f85120bc673271
300142,4,random,23,1,1,0,1,0.7699999999999999,1.0468000000000002,4,e87a117040c2c619c0785892854924ab325b36d27e8d45cb088979c8c577bb7d
300142,5,random,32,0,0,1,1,-0.3200000000000001,0.03480000000000012,9,54d49850ed3382d2fdc4505aaef0fe2d4d7bd5d8d459b6de1f7db7b7b8ef9c45
300142,6,random,32,0,0,1,1,-0.3200000000000001,0.07080000000000015,12,388de4695bf05f211604c280e9674b02e75d1549b79f4c4a120da9bd9bad43d1
300142,7,random,32,0,0,1,1,-0.3200000000000001,0.061200000000000115,15,766afa927976170a80ce00f16f1f4590d5ed14191e7111f117c19d8ebb3bccb7
300142,8,guided,5,1,1,0,1,0.95,1.162,0,28c2172f7084cd7a51f13c5b60403c5557128447b25811f8d57cf51f9565c41c
300142,9,guided,5,1,1,0,1,0.95,1.162,0,28c2172f7084cd7a51f13c5b60403c5557128447b25811f8d57cf51f9565c41c
300142,10,guided,5,1,1,0,1,0.95,1.162,0,28c2172f7084cd7a51f13c5b60403c5557128447b25811f8d57cf51f9565c41c
300142,11,guided,5,1,1,0,1,0.95,1.162,0,28c2172f7084cd7a51f13c5b60403c5557128447b25811f8d57cf51f9565c41c
300142,12,guided,5,1,1,0,1,0.95,1.162,0,28c2172f7084cd7a51f13c5b60403c5557128447b25811f8d57cf51f9565c41c
300142,13,guided,5,1,1,0,1,0.95,1.162,0,28c2172f7084cd7a51f13c5b60403c5557128447b25811f8d57cf51f9565c41c
300142,14,guided,5,1,1,0,1,0.95,1.162,0,28c2172f7084cd7a51f13c5b60403c5557128447b25811f8d57cf51f9565c41c
300142,15,guided,5,1,1,0,1,0.95,1.162,0,28c2172f7084cd7a51f13c5b60403c5557128447b25811f8d57cf51f9565c41c
300143,0,random,11,1,1,0,1,0.89,1.092,3,8bc56f82859dce99009e72745dafb4edc2844f5ad9af2af7b754e05cdfe6e830
300143,1,random,32,0,0,1,1,-0.3200000000000001,-0.029199999999999907,6,88e7e6aba8c15240e7633beda9e78ad3ff8f966ecc3cfdfb92b19aeab3bba667
300143,2,random,32,0,0,1,1,-0.3200000000000001,0.004400000000000265,9,88adf4b5c6a9df33d57ce097b1214b7a2ea179b576abf2bf27a74f0b3cc1d160
300143,3,random,32,0,0,1,1,-0.3200000000000001,0.05960000000000029,13,1807b2cea9654964189bd4b7aa7228825ff2aaafe565846f38cf1e39881f5989
300143,4,random,6,1,1,0,1,0.94,1.118,0,cf2b5fcb324b0e44cbc8537a13bc4176b36e9c70edaff682e7e12adb6a1dcc19
300143,5,random,32,0,0,1,1,-0.3200000000000001,0.0536000000000002,15,d3f143087b006147247800f4009855997595195edfac9541065a741226c88b3b
300143,6,random,32,0,0,1,1,-0.3200000000000001,-0.020799999999999805,18,569ebbc5dfa256a75c88a0cd41e3016dc651d5e2bb988f0bc964059101ce86dc
300143,7,random,32,0,0,1,1,-0.3200000000000001,0.024800000000000183,13,ef169cb5373eef77cc6cd2b5380febaaa95bc27741552e5acdc6f2d18845fb3d
300143,8,guided,4,1,1,0,1,0.96,1.1272,0,88549ffed7b4e8f6848adecd441a1f75dda55da470b2f1db00165a3fb0760551
300143,9,guided,4,1,1,0,1,0.96,1.1272,0,88549ffed7b4e8f6848adecd441a1f75dda55da470b2f1db00165a3fb0760551
300143,10,guided,4,1,1,0,1,0.96,1.1272,0,88549ffed7b4e8f6848adecd441a1f75dda55da470b2f1db00165a3fb0760551
300143,11,guided,4,1,1,0,1,0.96,1.1272,0,88549ffed7b4e8f6848adecd441a1f75dda55da470b2f1db00165a3fb0760551
300143,12,guided,4,1,1,0,1,0.96,1.1272,0,88549ffed7b4e8f6848adecd441a1f75dda55da470b2f1db00165a3fb0760551
300143,13,guided,4,1,1,0,1,0.96,1.1272,0,88549ffed7b4e8f6848adecd441a1f75dda55da470b2f1db00165a3fb0760551
300143,14,guided,4,1,1,0,1,0.96,1.1272,0,88549ffed7b4e8f6848adecd441a1f75dda55da470b2f1db00165a3fb0760551
300143,15,guided,4,1,1,0,1,0.96,1.1272,0,88549ffed7b4e8f6848adecd441a1f75dda55da470b2f1db00165a3fb0760551
300144,0,random,4,1,1,0,1,0.96,1.0472000000000001,0,20451b0dbf50683626870f26d9c75dfde59f8c87046ec511487281a844dd32df
300144,1,random,32,0,0,1,1,-0.3200000000000001,-0.03599999999999981,11,d21986b04aa32dee7532fca23df7994a7c22e8e140494925568aafa82fd73e74
300144,2,random,12,1,1,0,1,0.88,0.978,6,5a3d19202f9d0cfec4a6eee28c07823bb8cd2023fad93b5297590dcd8d64931a
300144,3,random,8,1,1,0,1,0.9199999999999999,1.0132,2,1ddbc107c810427c3ad77cad9d74730c231afc6b678d25f744eae89f348d49aa
300144,4,random,27,1,1,0,1,0.73,0.9060000000000001,15,cff5b8e7b8250690c81206e501838d48a2fcba497cfd903cad0bc5a8ded06719
300144,5,random,32,0,0,1,1,-0.3200000000000001,-0.17039999999999994,11,ca3324e731c625dd4eadfcfa22a5cc998e9fc4948416f2d449857412b420d2c6
300144,6,random,32,0,0,1,1,-0.3200000000000001,-0.15359999999999996,8,80172904d87238719851886c3144c62a01b8c1e1e35e98f46b48f2b96018503e
300144,7,random,5,1,1,0,1,0.95,1.036,1,90e31eff60befcf4f0e09a247b6f2af2731ce9f2a21de807f2609ea92c790203
300144,8,guided,2,1,1,0,1,0.98,1.0612,0,99c739cee9ded6323a897b650aaefbea4a3462b96ec3c072f7c07b4a4573ed8a
300144,9,guided,2,1,1,0,1,0.98,1.0612,0,99c739cee9ded6323a897b650aaefbea4a3462b96ec3c072f7c07b4a4573ed8a
300144,10,guided,2,1,1,0,1,0.98,1.0612,0,99c739cee9ded6323a897b650aaefbea4a3462b96ec3c072f7c07b4a4573ed8a
300144,11,guided,2,1,1,0,1,0.98,1.0612,0,99c739cee9ded6323a897b650aaefbea4a3462b96ec3c072f7c07b4a4573ed8a
300144,12,guided,2,1,1,0,1,0.98,1.0612,0,99c739cee9ded6323a897b650aaefbea4a3462b96ec3c072f7c07b4a4573ed8a
300144,13,guided,2,1,1,0,1,0.98,1.0612,0,99c739cee9ded6323a897b650aaefbea4a3462b96ec3c072f7c07b4a4573ed8a
300144,14,guided,2,1,1,0,1,0.98,1.0612,0,99c739cee9ded6323a897b650aaefbea4a3462b96ec3c072f7c07b4a4573ed8a
300144,15,guided,2,1,1,0,1,0.98,1.0612,0,99c739cee9ded6323a897b650aaefbea4a3462b96ec3c072f7c07b4a4573ed8a
300145,0,random,8,1,1,0,1,0.9199999999999999,1.0132,4,b1de760094c7f873f4c47479db9baf7706c47dba9080a703e27bc0f0e0c26eb5
300145,1,random,5,1,1,0,1,0.95,1.0384,3,dbebc3730e9d4ab7c75e6acc585589a388a590470c96fc01c5b526c654b679b6
300145,2,random,9,1,1,0,1,0.91,1.0056,3,daf143b99971727419c64eb6d204e4bcc1cff488549706899ddda6c2dae2b304
300145,3,random,32,0,0,1,1,-0.3200000000000001,-0.15479999999999988,15,bca6104094ecff7a63b765a7b420cbd57eaa35ab2205f36af1427fdd501ff6de
300145,4,random,3,1,1,0,1,0.97,1.0536,1,4e3b121a1c43ba27901200181816280586e1cefe3bbbb5e557fd8ef152c8a4d7
300145,5,random,27,1,1,0,1,0.73,0.8688000000000001,21,ec30f2a1eed016caa01e59bd7dc8de88e1ead317b66c562017368a0ccadb3848
300145,6,random,32,0,0,1,1,-0.3200000000000001,-0.13199999999999995,10,d6dc6b87553dc8713af325eb137ee7636b0bafb243559078f66657a8c417da87
300145,7,random,32,0,0,1,1,-0.3200000000000001,-0.16799999999999987,17,d0f06fdfee9bb4d44491fcd335266577f062a5c2250dc8052dcdc47ef41988bc
300145,8,guided,2,1,1,0,1,0.98,1.0612,0,7df1ea5428526790a9a4c24a83faba7733f91bc844fcdbb1606dabaef815d658
300145,9,guided,2,1,1,0,1,0.98,1.0612,0,7df1ea5428526790a9a4c24a83faba7733f91bc844fcdbb1606dabaef815d658
300145,10,guided,2,1,1,0,1,0.98,1.0612,0,7df1ea5428526790a9a4c24a83faba7733f91bc844fcdbb1606dabaef815d658
300145,11,guided,2,1,1,0,1,0.98,1.0612,0,7df1ea5428526790a9a4c24a83faba7733f91bc844fcdbb1606dabaef815d658
300145,12,guided,2,1,1,0,1,0.98,1.0612,0,7df1ea5428526790a9a4c24a83faba7733f91bc844fcdbb1606dabaef815d658
300145,13,guided,2,1,1,0,1,0.98,1.0612,0,7df1ea5428526790a9a4c24a83faba7733f91bc844fcdbb1606dabaef815d658
300145,14,guided,2,1,1,0,1,0.98,1.0612,0,7df1ea5428526790a9a4c24a83faba7733f91bc844fcdbb1606dabaef815d658
300145,15,guided,2,1,1,0,1,0.98,1.0612,0,7df1ea5428526790a9a4c24a83faba7733f91bc844fcdbb1606dabaef815d658
300146,0,random,32,0,0,1,1,-0.3200000000000001,-0.017199999999999868,12,69a82852f4e45201225f64b2f654f1c5b4dab4e27c4b468c66323e187f112f6d
300146,1,random,23,1,1,0,1,0.7699999999999999,1.0092,5,cca785c08e7a9f23094b7f46ed13344beb722bd4607c7f41e9572486fbd8dbe7
300146,2,random,32,0,0,1,1,-0.3200000000000001,0.01760000000000013,12,18a14ad4a11a0af7186d674e09f0581f8acbb93d29d4b6a07755b3c945d14a9d
300146,3,random,32,0,0,1,1,-0.3200000000000001,-0.01959999999999984,11,4b6e108424b646cd8ef13a2523b859240e1da7047ed5627888bb51cdbf4e1815
300146,4,random,32,0,0,1,1,-0.3200000000000001,-0.024399999999999894,7,6d73fe6aaeacbebd724593c25d483771bca035ba6f871a6e79ff08dd74472293
300146,5,random,9,1,1,0,1,0.91,1.1036000000000001,1,347971f0d74ad9191ef7a80de37eaed48299db41d282f6e3689e552f97bfcc3d
300146,6,random,32,0,0,1,1,-0.3200000000000001,-0.011199999999999918,4,d42343542a7267c231ef2dfb602cc4e631e87a8a2a4957110d3a4b997d7fb149
300146,7,random,32,0,0,1,1,-0.3200000000000001,-0.006399999999999864,8,d69c39809f10a5d4ddd62ee076d51313f7e9dcbce0752efd454c667e892db03e
300146,8,guided,4,1,1,0,1,0.96,1.1272,0,9e5a2db848c833f45777043e9c49b99894086ede46995feb2b746dc5d806da05
300146,9,guided,4,1,1,0,1,0.96,1.1272,0,9e5a2db848c833f45777043e9c49b99894086ede46995feb2b746dc5d806da05
300146,10,guided,4,1,1,0,1,0.96,1.1272,0,9e5a2db848c833f45777043e9c49b99894086ede46995feb2b746dc5d806da05
300146,11,guided,4,1,1,0,1,0.96,1.1272,0,9e5a2db848c833f45777043e9c49b99894086ede46995feb2b746dc5d806da05
300146,12,guided,4,1,1,0,1,0.96,1.1272,0,9e5a2db848c833f45777043e9c49b99894086ede46995feb2b746dc5d806da05
300146,13,guided,4,1,1,0,1,0.96,1.1272,0,9e5a2db848c833f45777043e9c49b99894086ede46995feb2b746dc5d806da05
300146,14,guided,4,1,1,0,1,0.96,1.1272,0,9e5a2db848c833f45777043e9c49b99894086ede46995feb2b746dc5d806da05
300146,15,guided,4,1,1,0,1,0.96,1.1272,0,9e5a2db848c833f45777043e9c49b99894086ede46995feb2b746dc5d806da05
300147,0,random,32,0,0,1,1,-0.3200000000000001,-0.08039999999999975,13,ff619d479d9dc7a4f36ff84067348979a832c4118b24077de79c9092761d20e5
300147,1,random,4,1,1,0,1,0.96,1.0448,0,e8d91cc17d71fab88af38712c649f1eb30481da01d354a2deca7574df753ee8b
300147,2,random,32,0,0,1,1,-0.3200000000000001,-0.08999999999999964,24,944e6b873ee3be737642e97afdf7f5e9d3f7f188aa2e1c7cb5507e12865c035d
300147,3,random,2,1,1,0,1,0.98,1.0612,0,3fb6778fa46ee2c47b4278394c16ad3d1f7669cb03dc0ffccd897011ce60683f
300147,4,random,28,1,1,0,1,0.72,0.8924000000000001,12,0c57c1541d5af920d3297ae38aac0c8275ae93d33f27fb3445d14cd305551d80
300147,5,random,32,0,0,1,1,-0.3200000000000001,-0.10799999999999987,16,7b71f730681b89e07d3787bd3d0e6c7ee0211b3ebeb80248656b11e392fa828b
300147,6,random,8,1,1,0,1,0.9199999999999999,1.0144,4,a97921cabdb4a27afaf7a31d8bdb92c5cba88fc61b08db1e883b3dd2b38ec3e7
300147,7,random,9,1,1,0,1,0.91,1.014,1,5736cf3ebc14d8178cbb7383e5c4d5af65617605d70ddff4b582ca812669a588
300147,8,guided,2,1,1,0,1,0.98,1.0612,0,3fb6778fa46ee2c47b4278394c16ad3d1f7669cb03dc0ffccd897011ce60683f
300147,9,guided,2,1,1,0,1,0.98,1.0612,0,3fb6778fa46ee2c47b4278394c16ad3d1f7669cb03dc0ffccd897011ce60683f
300147,10,guided,2,1,1,0,1,0.98,1.0612,0,3fb6778fa46ee2c47b4278394c16ad3d1f7669cb03dc0ffccd897011ce60683f
300147,11,guided,2,1,1,0,1,0.98,1.0612,0,3fb6778fa46ee2c47b4278394c16ad3d1f7669cb03dc0ffccd897011ce60683f
300147,12,guided,2,1,1,0,1,0.98,1.0612,0,3fb6778fa46ee2c47b4278394c16ad3d1f7669cb03dc0ffccd897011ce60683f
300147,13,guided,2,1,1,0,1,0.98,1.0612,0,3fb6778fa46ee2c47b4278394c16ad3d1f7669cb03dc0ffccd897011ce60683f
300147,14,guided,2,1,1,0,1,0.98,1.0612,0,3fb6778fa46ee2c47b4278394c16ad3d1f7669cb03dc0ffccd897011ce60683f
300147,15,guided,2,1,1,0,1,0.98,1.0612,0,3fb6778fa46ee2c47b4278394c16ad3d1f7669cb03dc0ffccd897011ce60683f
300148,0,random,32,0,0,1,1,-0.3200000000000001,0.01640000000000011,16,057e75bd65dcfd2d5253fae5f936cb1fb299768d42628fa6397d5c52d0969512
300148,1,random,32,0,0,1,1,-0.3200000000000001,0.02120000000000015,11,b72c8fdfc672c9c1eec74760e0331469b26de3b87f87282946e0641f40eda489
300148,2,random,22,1,1,0,1,0.7799999999999999,1.0324000000000002,8,59fbd42081edd5fc33b9c827ec017f28fb4d3c9bc4ec46c7740987773d7a4a48
300148,3,random,32,0,0,1,1,-0.3200000000000001,-0.0171999999999998,14,64ca1ec8d7c6ebe11d3c75bf775c69b9a0ac43bd0f2309d2925b7ef577a5063d
300148,4,random,32,0,0,1,1,-0.3200000000000001,0.033200000000000174,18,48b835eae65c859d7ccd9581f9f26b9a029e16feeca2f8d4003c5066847aeea6
300148,5,random,32,0,0,1,1,-0.3200000000000001,-0.02679999999999995,5,a88c25137b7b0d5e50b55db7f0f9abfbe4391482e9209f0f7b9d0a7de8f34abe
300148,6,random,32,0,0,1,1,-0.3200000000000001,0.008000000000000146,12,d8b79183b783a8d0a5a6058cedd63c1391d06b88c5d8274b6798644c632c41e8
300148,7,random,32,0,0,1,1,-0.3200000000000001,-0.027999999999999886,13,37e9d7fadf1a409129a36f5608e3aa540ede81f3ee05eff76ce2758c431b468f
300148,8,guided,8,1,1,0,1,0.9199999999999999,1.1016000000000001,4,55f2e54fde5a602a05c38c43051c4cecd3d2de82f577602c1db2173e6b000c05
300148,9,guided,8,1,1,0,1,0.9199999999999999,1.1016000000000001,4,55f2e54fde5a602a05c38c43051c4cecd3d2de82f577602c1db2173e6b000c05
300148,10,guided,8,1,1,0,1,0.9199999999999999,1.1016000000000001,4,55f2e54fde5a602a05c38c43051c4cecd3d2de82f577602c1db2173e6b000c05
300148,11,guided,8,1,1,0,1,0.9199999999999999,1.1016000000000001,4,55f2e54fde5a602a05c38c43051c4cecd3d2de82f577602c1db2173e6b000c05
300148,12,guided,8,1,1,0,1,0.9199999999999999,1.1016000000000001,4,55f2e54fde5a602a05c38c43051c4cecd3d2de82f577602c1db2173e6b000c05
300148,13,guided,8,1,1,0,1,0.9199999999999999,1.1016000000000001,4,55f2e54fde5a602a05c38c43051c4cecd3d2de82f577602c1db2173e6b000c05
300148,14,guided,8,1,1,0,1,0.9199999999999999,1.1016000000000001,4,55f2e54fde5a602a05c38c43051c4cecd3d2de82f577602c1db2173e6b000c05
300148,15,guided,8,1,1,0,1,0.9199999999999999,1.1016000000000001,4,55f2e54fde5a602a05c38c43051c4cecd3d2de82f577602c1db2173e6b000c05
300149,0,random,4,1,1,0,1,0.96,1.0872,1,70b0f4391ce70ac55e53891a8adeb5af383e97971017d0e38ca7566a0763c6e0
300149,1,random,32,0,0,1,1,-0.3200000000000001,-0.04399999999999987,13,c98b57b7ed2897955f9a7ccb32596d6941e242b107ba56d016f92e5cddb725d2
300149,2,random,32,0,0,1,1,-0.3200000000000001,-0.12199999999999998,12,ffa05034ee711117be3491de1755ec28dc9a0b4c171bb1150afee64a84f8944a
300149,3,random,32,0,0,1,1,-0.3200000000000001,-0.10159999999999995,13,2a5e08120db00308c8b8d3159ae12b99f1788d5fe8af834912830c117ad5b714
300149,4,random,32,0,0,1,1,-0.3200000000000001,-0.03799999999999987,13,84bc2dc5a8c6f2631e0d1f324fff7c648957a374051380ca3c23de42c43544d1
300149,5,random,32,0,0,1,1,-0.3200000000000001,-0.05479999999999986,13,68641afa4821e6f360ed48b665ecd08c0849097ce426bff3ebd7f99b01a12ea6
300149,6,random,32,0,0,1,1,-0.3200000000000001,-0.06559999999999987,14,43367b2f992e2d0e98a50e09fa3b3ca6ffb9d683a5c7ddd9e0d2f3ba8d469ae7
300149,7,random,32,0,0,1,1,-0.3200000000000001,-0.04279999999999984,13,b0dedcc26b0457d8abbb926ca4870a883eaef7c29d739c536a6f19831f0bef93
300149,8,guided,8,1,1,0,1,0.9199999999999999,1.0556,5,1b13865ec5788ff120dcd17758ab56e1e79d0d2a91b3698f12f662756e8431ae
300149,9,guided,8,1,1,0,1,0.9199999999999999,1.0556,5,1b13865ec5788ff120dcd17758ab56e1e79d0d2a91b3698f12f662756e8431ae
300149,10,guided,8,1,1,0,1,0.9199999999999999,1.0556,5,1b13865ec5788ff120dcd17758ab56e1e79d0d2a91b3698f12f662756e8431ae
300149,11,guided,8,1,1,0,1,0.9199999999999999,1.0556,5,1b13865ec5788ff120dcd17758ab56e1e79d0d2a91b3698f12f662756e8431ae
300149,12,guided,8,1,1,0,1,0.9199999999999999,1.0556,5,1b13865ec5788ff120dcd17758ab56e1e79d0d2a91b3698f12f662756e8431ae
300149,13,guided,8,1,1,0,1,0.9199999999999999,1.0556,5,1b13865ec5788ff120dcd17758ab56e1e79d0d2a91b3698f12f662756e8431ae
300149,14,guided,8,1,1,0,1,0.9199999999999999,1.0556,5,1b13865ec5788ff120dcd17758ab56e1e79d0d2a91b3698f12f662756e8431ae
300149,15,guided,8,1,1,0,1,0.9199999999999999,1.0556,5,1b13865ec5788ff120dcd17758ab56e1e79d0d2a91b3698f12f662756e8431ae
300150,0,random,3,1,1,0,1,0.97,1.0136,0,c4cd546d64a16d00887cda8d896410e18f1d3fad21909c31e6fd34f5d51ff1e4
300150,1,random,32,0,0,1,1,-0.3200000000000001,-0.15519999999999995,6,6b938c8af24e2c7f7f8e99aa4288522f4780530233a683d4f5efa237c70511c8
300150,2,random,1,1,1,0,1,0.99,1.03,0,9d851f9a108a2a1d508bf12052225c643d1ff51d0264a8ec9eaa257a627155e4
300150,3,random,32,0,0,1,1,-0.3200000000000001,-0.19119999999999998,5,12a08ffcfa1d2bf7272a9359ec121ecf5cc57c91cea16dfd9b7e247d42c7759a
300150,4,random,32,0,0,1,1,-0.3200000000000001,-0.1731999999999999,6,e3b2df4fbc8bab9842cd79fe5aea0a8496b9dae598edd32bc03c2feba623dcfe
300150,5,random,1,1,1,0,1,0.99,1.03,0,9d851f9a108a2a1d508bf12052225c643d1ff51d0264a8ec9eaa257a627155e4
300150,6,random,1,1,1,0,1,0.99,1.03,0,9d851f9a108a2a1d508bf12052225c643d1ff51d0264a8ec9eaa257a627155e4
300150,7,random,21,1,1,0,1,0.7899999999999999,0.8672000000000001,6,135ed03328a380f041901f672ffe353c334df8aefe6280142c9b6f4ac30a8c53
300150,8,guided,1,1,1,0,1,0.99,1.03,0,9d851f9a108a2a1d508bf12052225c643d1ff51d0264a8ec9eaa257a627155e4
300150,9,guided,1,1,1,0,1,0.99,1.03,0,9d851f9a108a2a1d508bf12052225c643d1ff51d0264a8ec9eaa257a627155e4
300150,10,guided,1,1,1,0,1,0.99,1.03,0,9d851f9a108a2a1d508bf12052225c643d1ff51d0264a8ec9eaa257a627155e4
300150,11,guided,1,1,1,0,1,0.99,1.03,0,9d851f9a108a2a1d508bf12052225c643d1ff51d0264a8ec9eaa257a627155e4
300150,12,guided,1,1,1,0,1,0.99,1.03,0,9d851f9a108a2a1d508bf12052225c643d1ff51d0264a8ec9eaa257a627155e4
300150,13,guided,1,1,1,0,1,0.99,1.03,0,9d851f9a108a2a1d508bf12052225c643d1ff51d0264a8ec9eaa257a627155e4
300150,14,guided,1,1,1,0,1,0.99,1.03,0,9d851f9a108a2a1d508bf12052225c643d1ff51d0264a8ec9eaa257a627155e4
300150,15,guided,1,1,1,0,1,0.99,1.03,0,9d851f9a108a2a1d508bf12052225c643d1ff51d0264a8ec9eaa257a627155e4
300151,0,random,32,0,0,1,1,-0.3200000000000001,0.20800000000000027,14,2713935b52213f970fd7b6f650469f6f5d232ea35c3df0fabded231010a62ddd
300151,1,random,32,0,0,1,1,-0.3200000000000001,0.1576000000000002,8,4fc7cdf50277c50962a1a59c68ca7893ee5d92cd8d5b5745b6e5cb78a3d41c90
300151,2,random,32,0,0,1,1,-0.3200000000000001,0.16240000000000024,10,1dd256099ad2020fe4f0b5b458211f608b398835397f8812493a32dded1a267e
300151,3,random,32,0,0,1,1,-0.3200000000000001,0.08320000000000013,12,4891dff4d18d34e64f85e7d17bac5f310754e689b15e23f2270f19310eb10306
300151,4,random,32,0,0,1,1,-0.3200000000000001,0.18640000000000032,11,b326fef3951da09de5ac27060ea6251ee956d47a58ca7b8df3577521326861a5
300151,5,random,32,0,0,1,1,-0.3200000000000001,0.06520000000000009,7,111495a3b6c160fc5e23a67f30fda9f263aa1aeb79387e5c689f42d237f8ec97
300151,6,random,32,0,0,1,1,-0.3200000000000001,0.18880000000000025,7,4ecdd4d6bd3b6a488cd3783b450e6425010d8d96bbff0573a80eb4094a4d8c5d
300151,7,random,32,0,0,1,1,-0.3200000000000001,0.1864000000000004,12,a5c2d9ecc2c0ea3835439aab5b00f95f276e681c05f99229579a801301615d9e
300151,8,guided,12,1,1,0,1,0.88,1.174,6,39d4df94f9e09dad994969bef034da3e8ad78507e5dfbce2be587ee113676948
300151,9,guided,12,1,1,0,1,0.88,1.174,6,39d4df94f9e09dad994969bef034da3e8ad78507e5dfbce2be587ee113676948
300151,10,guided,12,1,1,0,1,0.88,1.174,6,39d4df94f9e09dad994969bef034da3e8ad78507e5dfbce2be587ee113676948
300151,11,guided,12,1,1,0,1,0.88,1.174,6,39d4df94f9e09dad994969bef034da3e8ad78507e5dfbce2be587ee113676948
300151,12,guided,12,1,1,0,1,0.88,1.174,6,39d4df94f9e09dad994969bef034da3e8ad78507e5dfbce2be587ee113676948
300151,13,guided,12,1,1,0,1,0.88,1.174,6,39d4df94f9e09dad994969bef034da3e8ad78507e5dfbce2be587ee113676948
300151,14,guided,12,1,1,0,1,0.88,1.174,6,39d4df94f9e09dad994969bef034da3e8ad78507e5dfbce2be587ee113676948
300151,15,guided,12,1,1,0,1,0.88,1.174,6,39d4df94f9e09dad994969bef034da3e8ad78507e5dfbce2be587ee113676948
300152,0,random,32,0,0,1,1,-0.3200000000000001,0.15520000000000017,13,857b9f512fdb38395ecae22c8dbf25cdcf2a530434a72c0c1e7d88b8e40837eb
300152,1,random,32,0,0,1,1,-0.3200000000000001,0.08680000000000014,5,0d4fe0ee773dcf6a5b0772591369edfb01ef8bc17f3ce20259f67183f8980f59
300152,2,random,32,0,0,1,1,-0.3200000000000001,0.09400000000000011,6,2a4ae8e0b87cb3aa5046c4b3738463002d439699e34332ca7875ddc8e6474bfa
300152,3,random,32,0,0,1,1,-0.3200000000000001,0.11320000000000013,14,ed287cde8b434eab90373d9bcce8031718c7b4f5d33887ff8e63214b276c2083
300152,4,random,32,0,0,1,1,-0.3200000000000001,0.15760000000000018,14,3705e57b5a8288ee310242dc3764bf091d56a6e43363ba275f23c0eea01fe909
300152,5,random,21,1,1,0,1,0.7899999999999999,1.1284,5,ef2f39088c6d63270d547a9b3566c104ece32e89619469f1170019fbb6759e92
300152,6,random,26,1,1,0,1,0.74,1.0964,2,d613e41a227c40393ebc0761dcbee5b2b6d67cc1064af03fec9093f3577d5348
300152,7,random,18,1,1,0,1,0.82,1.1404,4,fa95363a91fe0f85eb99e0ad5b8317d0e2ed92a79263bc0de2cfbcb77403fb5a
300152,8,guided,6,1,1,0,1,0.94,1.198,0,8f1c7d491122b5088fccdd3fa952badbc8912a7cfdf91fe62a57b173a0f9513d
300152,9,guided,6,1,1,0,1,0.94,1.198,0,8f1c7d491122b5088fccdd3fa952badbc8912a7cfdf91fe62a57b173a0f9513d
300152,10,guided,6,1,1,0,1,0.94,1.198,0,8f1c7d491122b5088fccdd3fa952badbc8912a7cfdf91fe62a57b173a0f9513d
300152,11,guided,6,1,1,0,1,0.94,1.198,0,8f1c7d491122b5088fccdd3fa952badbc8912a7cfdf91fe62a57b173a0f9513d
300152,12,guided,6,1,1,0,1,0.94,1.198,0,8f1c7d491122b5088fccdd3fa952badbc8912a7cfdf91fe62a57b173a0f9513d
300152,13,guided,6,1,1,0,1,0.94,1.198,0,8f1c7d491122b5088fccdd3fa952badbc8912a7cfdf91fe62a57b173a0f9513d
300152,14,guided,6,1,1,0,1,0.94,1.198,0,8f1c7d491122b5088fccdd3fa952badbc8912a7cfdf91fe62a57b173a0f9513d
300152,15,guided,6,1,1,0,1,0.94,1.198,0,8f1c7d491122b5088fccdd3fa952badbc8912a7cfdf91fe62a57b173a0f9513d
300153,0,random,32,0,0,1,1,-0.3200000000000001,-0.06079999999999993,11,f3cb4954cd78f7ed2daea216eb539a1b89febc2a88b9b4728bfc84699fa0bb2e
300153,1,random,32,0,0,1,1,-0.3200000000000001,-0.04879999999999993,9,5c0ca35293eefc6ff87a4c7b475d34c6d2ba0ead2527639a5c0eaaa12a9c8af0
300153,2,random,32,0,0,1,1,-0.3200000000000001,-0.0043999999999998485,13,96f13b7998910e9a917764c2274779747bd2a9a7b819d4924f48c773af98c677
300153,3,random,32,0,0,1,1,-0.3200000000000001,-0.018799999999999775,6,b9c033986c98f34dfa3cf0dbbd057ba16f1d7d9fb35b0b603647f9651269abde
300153,4,random,32,0,0,1,1,-0.3200000000000001,-0.06919999999999998,14,ee7c2eabefea1298eab6b86a7aadbf541baf95dd909a91f3afe8c7bb72e881db
300153,5,random,32,0,0,1,1,-0.3200000000000001,-0.02959999999999985,10,49b8da2f6e413f8533f911b626c7aad3f0c85d967a9ed74527b2f2faf362c4f8
300153,6,random,4,1,1,0,1,0.96,1.0848,1,44faef382e5f140f063fee8981f7e2eea8291a8afcc1747fd92642d59046d55e
300153,7,random,32,0,0,1,1,-0.3200000000000001,-0.09439999999999987,17,1dbc98379e5e330c27fce9a6efe4f538f40c80c61586326b56e339fdc493eef3
300153,8,guided,3,1,1,0,1,0.97,1.0936,0,2e0dc41761e95a6ff27c5401eb4617abc9df7bc02ae1a080c5d08eb176e70178
300153,9,guided,3,1,1,0,1,0.97,1.0936,0,2e0dc41761e95a6ff27c5401eb4617abc9df7bc02ae1a080c5d08eb176e70178
300153,10,guided,3,1,1,0,1,0.97,1.0936,0,2e0dc41761e95a6ff27c5401eb4617abc9df7bc02ae1a080c5d08eb176e70178
300153,11,guided,3,1,1,0,1,0.97,1.0936,0,2e0dc41761e95a6ff27c5401eb4617abc9df7bc02ae1a080c5d08eb176e70178
300153,12,guided,3,1,1,0,1,0.97,1.0936,0,2e0dc41761e95a6ff27c5401eb4617abc9df7bc02ae1a080c5d08eb176e70178
300153,13,guided,3,1,1,0,1,0.97,1.0936,0,2e0dc41761e95a6ff27c5401eb4617abc9df7bc02ae1a080c5d08eb176e70178
300153,14,guided,3,1,1,0,1,0.97,1.0936,0,2e0dc41761e95a6ff27c5401eb4617abc9df7bc02ae1a080c5d08eb176e70178
300153,15,guided,3,1,1,0,1,0.97,1.0936,0,2e0dc41761e95a6ff27c5401eb4617abc9df7bc02ae1a080c5d08eb176e70178
300154,0,random,7,1,1,0,1,0.9299999999999999,1.0304,1,97d024047d3ae445bb7b0972b1acc8b5b771e888c06b2fe2c0231d838bc77495
300154,1,random,7,1,1,0,1,0.9299999999999999,1.0184,3,8ea677ad3d9aa53fc577ac8882b3f5bfc1bedc1ccd76769d0c23740841f3f79b
300154,2,random,2,1,1,0,1,0.98,1.0612,0,05dd411c7e554ec466713a3497f025d99da0a8364edc6e88d60a277b1d155bc6
300154,3,random,2,1,1,0,1,0.98,1.0612,0,05dd411c7e554ec466713a3497f025d99da0a8364edc6e88d60a277b1d155bc6
300154,4,random,2,1,1,0,1,0.98,1.0612,0,05dd411c7e554ec466713a3497f025d99da0a8364edc6e88d60a277b1d155bc6
300154,5,random,12,1,1,0,1,0.88,0.9972000000000001,4,1c3a974667c76c6ee14901029195644aa99cc2cf928bfb2013edf35f30e88120
300154,6,random,27,1,1,0,1,0.73,0.9012000000000002,9,3c255e05d478842840473766169b0cd602ffdd6d555a8750a19c0c03d50252cf
300154,7,random,32,0,0,1,1,-0.3200000000000001,-0.12959999999999988,8,b5960521d2a613aff7025cc169b3d563f7dd276706dc346597afdf4b0c975a1e
300154,8,guided,2,1,1,0,1,0.98,1.0612,0,05dd411c7e554ec466713a3497f025d99da0a8364edc6e88d60a277b1d155bc6
300154,9,guided,2,1,1,0,1,0.98,1.0612,0,05dd411c7e554ec466713a3497f025d99da0a8364edc6e88d60a277b1d155bc6
300154,10,guided,2,1,1,0,1,0.98,1.0612,0,05dd411c7e554ec466713a3497f025d99da0a8364edc6e88d60a277b1d155bc6
300154,11,guided,2,1,1,0,1,0.98,1.0612,0,05dd411c7e554ec466713a3497f025d99da0a8364edc6e88d60a277b1d155bc6
300154,12,guided,2,1,1,0,1,0.98,1.0612,0,05dd411c7e554ec466713a3497f025d99da0a8364edc6e88d60a277b1d155bc6
300154,13,guided,2,1,1,0,1,0.98,1.0612,0,05dd411c7e554ec466713a3497f025d99da0a8364edc6e88d60a277b1d155bc6
300154,14,guided,2,1,1,0,1,0.98,1.0612,0,05dd411c7e554ec466713a3497f025d99da0a8364edc6e88d60a277b1d155bc6
300154,15,guided,2,1,1,0,1,0.98,1.0612,0,05dd411c7e554ec466713a3497f025d99da0a8364edc6e88d60a277b1d155bc6
300155,0,random,28,1,1,0,1,0.72,1.074,6,ac571519d3df14ccefbe4a5a3dd2839c2b5ea01d4d90b4d83bf18aba21db0e22
300155,1,random,32,0,0,1,1,-0.3200000000000001,0.11800000000000013,10,9d48fcf283ae3f07eeb570ceee7b5bb2a35c26c6e45fbbd6ce738189eaf8af54
300155,2,random,32,0,0,1,1,-0.3200000000000001,0.07480000000000012,11,3c96143ea4976965503b1d1541af06169f057344868d4eff613661b8fb810444
300155,3,random,32,0,0,1,1,-0.3200000000000001,0.10840000000000014,12,53950b32da161ff71486082eeb5aa28bd50c593e45c4159881190ecdcebf473a
300155,4,random,32,0,0,1,1,-0.3200000000000001,0.10720000000000013,8,bf996878bebbc04e9a01e942ff9d2ae120fdb5c0e7771dbf2f64d5d49b95bd3b
300155,5,random,32,0,0,1,1,-0.3200000000000001,0.12760000000000016,12,3c1aed1b95f278e89becdf3243d173ac6678c0d841755d925d64d7e307c333b2
300155,6,random,32,0,0,1,1,-0.3200000000000001,0.06520000000000013,13,dc2ead25b48cc354615d12b1943ceea8f1a73b1078f1e4997041a461d95be056
300155,7,random,32,0,0,1,1,-0.3200000000000001,0.12520000000000014,10,86a21e4e5a32d17b2677dfa83ec8353b8259e8759dd872035dd1e5c00640af17
300155,8,guided,6,1,1,0,1,0.94,1.198,0,4d7759ad6d303b28e2bfe5b2a08a5f5c5d1057a5453bdccda4345f24ed7998fd
300155,9,guided,6,1,1,0,1,0.94,1.198,0,4d7759ad6d303b28e2bfe5b2a08a5f5c5d1057a5453bdccda4345f24ed7998fd
300155,10,guided,6,1,1,0,1,0.94,1.198,0,4d7759ad6d303b28e2bfe5b2a08a5f5c5d1057a5453bdccda4345f24ed7998fd
300155,11,guided,6,1,1,0,1,0.94,1.198,0,4d7759ad6d303b28e2bfe5b2a08a5f5c5d1057a5453bdccda4345f24ed7998fd
300155,12,guided,6,1,1,0,1,0.94,1.198,0,4d7759ad6d303b28e2bfe5b2a08a5f5c5d1057a5453bdccda4345f24ed7998fd
300155,13,guided,6,1,1,0,1,0.94,1.198,0,4d7759ad6d303b28e2bfe5b2a08a5f5c5d1057a5453bdccda4345f24ed7998fd
300155,14,guided,6,1,1,0,1,0.94,1.198,0,4d7759ad6d303b28e2bfe5b2a08a5f5c5d1057a5453bdccda4345f24ed7998fd
300155,15,guided,6,1,1,0,1,0.94,1.198,0,4d7759ad6d303b28e2bfe5b2a08a5f5c5d1057a5453bdccda4345f24ed7998fd
300156,0,random,13,1,1,0,1,0.87,0.9436,2,1657801aa470e737396ec01bf02c0721a939f54a74fac9f43233ac15623ef754
300156,1,random,3,1,1,0,1,0.97,1.0136,0,3c268115adb53db196118cd6a78201849f2ee437a8e6ef12e9d2877a96193864
300156,2,random,1,1,1,0,1,0.99,1.03,0,79ee2a668140ec0f37f96300f80c6a8bb5526915de4469823d5a1fda85aae905
300156,3,random,2,1,1,0,1,0.98,1.0212,1,e42645de70c6421f76cc944448c98c582c0c5b3bea2e3d15ddead5d1293d5ebe
300156,4,random,32,0,0,1,1,-0.3200000000000001,-0.1575999999999999,11,e871bd5ec9a23293eed764e1c40ebeec07859c853e6bbc3649211b735058b710
300156,5,random,2,1,1,0,1,0.98,1.0212,1,5942b1db8e604df649f69cf35032fc9878a252443f934da684cb0b9ba7843792
300156,6,random,13,1,1,0,1,0.87,0.9352,4,ca8c1a00606793cb0cad74f7d1e2831c0f105cfeba82d1379fde7a563ca4abd8
300156,7,random,14,1,1,0,1,0.86,0.9359999999999999,1,daa304a7be9bad8abbbc2be39940ab3d1c83dbffe6359324b84bd26b6d0ceb08
300156,8,guided,1,1,1,0,1,0.99,1.03,0,79ee2a668140ec0f37f96300f80c6a8bb5526915de4469823d5a1fda85aae905
300156,9,guided,1,1,1,0,1,0.99,1.03,0,79ee2a668140ec0f37f96300f80c6a8bb5526915de4469823d5a1fda85aae905
300156,10,guided,1,1,1,0,1,0.99,1.03,0,79ee2a668140ec0f37f96300f80c6a8bb5526915de4469823d5a1fda85aae905
300156,11,guided,1,1,1,0,1,0.99,1.03,0,79ee2a668140ec0f37f96300f80c6a8bb5526915de4469823d5a1fda85aae905
300156,12,guided,1,1,1,0,1,0.99,1.03,0,79ee2a668140ec0f37f96300f80c6a8bb5526915de4469823d5a1fda85aae905
300156,13,guided,1,1,1,0,1,0.99,1.03,0,79ee2a668140ec0f37f96300f80c6a8bb5526915de4469823d5a1fda85aae905
300156,14,guided,1,1,1,0,1,0.99,1.03,0,79ee2a668140ec0f37f96300f80c6a8bb5526915de4469823d5a1fda85aae905
300156,15,guided,1,1,1,0,1,0.99,1.03,0,79ee2a668140ec0f37f96300f80c6a8bb5526915de4469823d5a1fda85aae905
300157,0,random,23,1,1,0,1,0.7699999999999999,0.8820000000000001,4,97ffafc676398278974461acdf944edf0511d6646012cfdb3498f52a79291451
300157,1,random,1,1,1,0,1,0.99,1.03,0,fba1e329be9f8b35949b6743cdf7f63d5fc575c7e77a4c180906ab0d4b6ad132
300157,2,random,32,0,0,1,1,-0.3200000000000001,-0.20079999999999998,7,979e0b1133ca76c74c75f9438f17abd7858ea0607d1adea75dc9e37d554584ff
300157,3,random,16,1,1,0,1,0.84,0.9172,1,cbf1a1b8a251643c5563b6a0edd818c1afc9f8a21954c8de3fcc37f963987612
300157,4,random,32,0,0,1,1,-0.3200000000000001,-0.18879999999999997,11,9a523e8c6e503e4551f22fd7703ea6646f0257ed677a63c52e737d9df45005fe
300157,5,random,1,1,1,0,1,0.99,1.03,0,fba1e329be9f8b35949b6743cdf7f63d5fc575c7e77a4c180906ab0d4b6ad132
300157,6,random,32,0,0,1,1,-0.3200000000000001,-0.1924,10,2206e9573973eed88113887cd28b91326d00e1c58ddb7b3e0d45b129d9f9cd0a
300157,7,random,32,0,0,1,1,-0.3200000000000001,-0.1876,6,5f9b64357c0d0ef2cf6f302438dcea4851772d31d7eb96b01c7d2349b561a876
300157,8,guided,1,1,1,0,1,0.99,1.03,0,fba1e329be9f8b35949b6743cdf7f63d5fc575c7e77a4c180906ab0d4b6ad132
300157,9,guided,1,1,1,0,1,0.99,1.03,0,fba1e329be9f8b35949b6743cdf7f63d5fc575c7e77a4c180906ab0d4b6ad132
300157,10,guided,1,1,1,0,1,0.99,1.03,0,fba1e329be9f8b35949b6743cdf7f63d5fc575c7e77a4c180906ab0d4b6ad132
300157,11,guided,1,1,1,0,1,0.99,1.03,0,fba1e329be9f8b35949b6743cdf7f63d5fc575c7e77a4c180906ab0d4b6ad132
300157,12,guided,1,1,1,0,1,0.99,1.03,0,fba1e329be9f8b35949b6743cdf7f63d5fc575c7e77a4c180906ab0d4b6ad132
300157,13,guided,1,1,1,0,1,0.99,1.03,0,fba1e329be9f8b35949b6743cdf7f63d5fc575c7e77a4c180906ab0d4b6ad132
300157,14,guided,1,1,1,0,1,0.99,1.03,0,fba1e329be9f8b35949b6743cdf7f63d5fc575c7e77a4c180906ab0d4b6ad132
300157,15,guided,1,1,1,0,1,0.99,1.03,0,fba1e329be9f8b35949b6743cdf7f63d5fc575c7e77a4c180906ab0d4b6ad132
300158,0,random,32,0,0,1,1,-0.3200000000000001,-0.07039999999999975,26,9b9a338e41e98ff3d4255383ddedc1b9e4b0acd7a306feb94af973250d8fbddc
300158,1,random,32,0,0,1,1,-0.3200000000000001,-0.0811999999999999,11,c52f5da14e107206e252334cef9ddb73860bceee7718e0f9188b387567489680
300158,2,random,32,0,0,1,1,-0.3200000000000001,-0.037999999999999784,14,1827ae7dfcac6981b6d8025d46998ad87d283f8d27487c44526b07ac86beb87d
300158,3,random,32,0,0,1,1,-0.3200000000000001,-0.04999999999999988,8,a398ffb535289f886ff57d1b3b72191e4d9724df4f8e1d6e0c937b55e149219c
300158,4,random,32,0,0,1,1,-0.3200000000000001,-0.07279999999999988,17,6d91c60550e207725645a4d559c5ba11002f3152a481c0a3dce3c19bff4843bd
300158,5,random,5,1,1,0,1,0.95,1.0808,2,183f0b2f112aa4bfa8e7b835af327fbf0ddb55bc47738285fe3c9abb4abe2b57
300158,6,random,6,1,1,0,1,0.94,1.0732,3,6b748070353f9d70d1f18c72568b85bdd3d2ec4218e050c21bc6927da048a03b
300158,7,random,32,0,0,1,1,-0.3200000000000001,-0.11839999999999995,8,6335444c86c3885a2ce98ca94d58c7844895a3e70ee72a71707be001b63cf650
300158,8,guided,3,1,1,0,1,0.97,1.0936,0,99edf9ed97099059c75f3c1ef403375d3adc1f5bbb2a2bf3238f00b325fe978f
300158,9,guided,3,1,1,0,1,0.97,1.0936,0,99edf9ed97099059c75f3c1ef403375d3adc1f5bbb2a2bf3238f00b325fe978f
300158,10,guided,3,1,1,0,1,0.97,1.0936,0,99edf9ed97099059c75f3c1ef403375d3adc1f5bbb2a2bf3238f00b325fe978f
300158,11,guided,3,1,1,0,1,0.97,1.0936,0,99edf9ed97099059c75f3c1ef403375d3adc1f5bbb2a2bf3238f00b325fe978f
300158,12,guided,3,1,1,0,1,0.97,1.0936,0,99edf9ed97099059c75f3c1ef403375d3adc1f5bbb2a2bf3238f00b325fe978f
300158,13,guided,3,1,1,0,1,0.97,1.0936,0,99edf9ed97099059c75f3c1ef403375d3adc1f5bbb2a2bf3238f00b325fe978f
300158,14,guided,3,1,1,0,1,0.97,1.0936,0,99edf9ed97099059c75f3c1ef403375d3adc1f5bbb2a2bf3238f00b325fe978f
300158,15,guided,3,1,1,0,1,0.97,1.0936,0,99edf9ed97099059c75f3c1ef403375d3adc1f5bbb2a2bf3238f00b325fe978f
300159,0,random,5,1,1,0,1,0.95,1.0772,0,6e6014aedb68c739d9aa651ffb677a656679de13ba92c3d19ddfd6e35c9f1dac
300159,1,random,32,0,0,1,1,-0.3200000000000001,-0.06319999999999983,20,5a56a79d2c9f4f6f49e117aa02675ba5baf8c6b82ecaf600dac6072e09d166e0
300159,2,random,8,1,1,0,1,0.9199999999999999,1.064,1,e93107a766e2ab581f292f51dadc07d7aab6e06c9ff33b1f7c9c85ca96a2d6c2
300159,3,random,32,1,1,0,1,0.6799999999999999,0.9032,11,46ead01345b48c5a9283bab0e8e8a3a5ea5044b59faf930e24e9ca9951731364
300159,4,random,32,0,0,1,1,-0.3200000000000001,-0.04999999999999989,7,e6ef7dfb20828b296571953264cdcd011a3ec791f106dbc179554651c8f413e4
300159,5,random,17,1,1,0,1,0.83,1.0148000000000001,10,b4919c70c39b78ffaeb13f827a05d626ee404c184872f83ca11188133018f6d6
300159,6,random,32,0,0,1,1,-0.3200000000000001,-0.08839999999999995,11,f979ac46d8e5613e0f882cdbc7f24672285d226137af1bfdbef8976b59dc96c3
300159,7,random,11,1,1,0,1,0.89,1.0388,2,fa5e76d5b7ebe2a169d0fa79a87bd7e6e9d22ac49f8292ba5ab4457e5297e9af
300159,8,guided,3,1,1,0,1,0.97,1.0936,0,57a1741e83d7fad13073247461cc7b9000b589c947dfc9ec864394560cefbe76
300159,9,guided,3,1,1,0,1,0.97,1.0936,0,57a1741e83d7fad13073247461cc7b9000b589c947dfc9ec864394560cefbe76
300159,10,guided,3,1,1,0,1,0.97,1.0936,0,57a1741e83d7fad13073247461cc7b9000b589c947dfc9ec864394560cefbe76
300159,11,guided,3,1,1,0,1,0.97,1.0936,0,57a1741e83d7fad13073247461cc7b9000b589c947dfc9ec864394560cefbe76
300159,12,guided,3,1,1,0,1,0.97,1.0936,0,57a1741e83d7fad13073247461cc7b9000b589c947dfc9ec864394560cefbe76
300159,13,guided,3,1,1,0,1,0.97,1.0936,0,57a1741e83d7fad13073247461cc7b9000b589c947dfc9ec864394560cefbe76
300159,14,guided,3,1,1,0,1,0.97,1.0936,0,57a1741e83d7fad13073247461cc7b9000b589c947dfc9ec864394560cefbe76
300159,15,guided,3,1,1,0,1,0.97,1.0936,0,57a1741e83d7fad13073247461cc7b9000b589c947dfc9ec864394560cefbe76
300160,0,random,32,0,0,1,1,-0.3200000000000001,0.10720000000000013,16,264f4a2e8a4e2c1dc0b72f4428e6f8d0e72767cf0c6a71cb95d3502acf9bd263
300160,1,random,21,1,1,0,1,0.7899999999999999,1.1236000000000002,11,925cc94464a2fc21e137db282c5ca459f7f1f2c93ad5d47129b755bfd537027c
300160,2,random,32,0,0,1,1,-0.3200000000000001,0.11560000000000009,3,bdc234722f8bc2b29b601e04b6c428c853993fc4d83fe1c5cef69c6b286ca262
300160,3,random,32,0,0,1,1,-0.3200000000000001,0.10840000000000011,9,2e7f4e4a988ab943bff748ed0cbeb886cb3df68e18763b0bd7355ee20b721cd9
300160,4,random,28,1,1,0,1,0.72,1.116,14,88d474136140b51e9c9c4bc4177d10e5f4d277502f5a112297438b49bb234e03
300160,5,random,32,0,0,1,1,-0.3200000000000001,0.07480000000000012,12,6897a34419ef14ddcffde8aa10c8b8726ca20f542c1eb24c2aca436461bc2b6e
300160,6,random,32,0,0,1,1,-0.3200000000000001,0.08320000000000011,13,16aebc3f0d1946f959c06624a44a22af33ef62da288207808e34b2fc1abfc42f
300160,7,random,12,1,1,0,1,0.88,1.1572,4,4f7fe6f777ab6f7ab77957a278129f134d8855b7cb546830f60436586a982b59
300160,8,guided,6,1,1,0,1,0.94,1.198,0,f41001e3dc59f6ee2d1efac541dd2e9597aebe746e7a57274db007839de029fb
300160,9,guided,6,1,1,0,1,0.94,1.198,0,f41001e3dc59f6ee2d1efac541dd2e9597aebe746e7a57274db007839de029fb
300160,10,guided,6,1,1,0,1,0.94,1.198,0,f41001e3dc59f6ee2d1efac541dd2e9597aebe746e7a57274db007839de029fb
300160,11,guided,6,1,1,0,1,0.94,1.198,0,f41001e3dc59f6ee2d1efac541dd2e9597aebe746e7a57274db007839de029fb
300160,12,guided,6,1,1,0,1,0.94,1.198,0,f41001e3dc59f6ee2d1efac541dd2e9597aebe746e7a57274db007839de029fb
300160,13,guided,6,1,1,0,1,0.94,1.198,0,f41001e3dc59f6ee2d1efac541dd2e9597aebe746e7a57274db007839de029fb
300160,14,guided,6,1,1,0,1,0.94,1.198,0,f41001e3dc59f6ee2d1efac541dd2e9597aebe746e7a57274db007839de029fb
300160,15,guided,6,1,1,0,1,0.94,1.198,0,f41001e3dc59f6ee2d1efac541dd2e9597aebe746e7a57274db007839de029fb
300161,0,random,32,0,0,1,1,-0.3200000000000001,-0.032399999999999915,13,32ec1684796945b92122762844dc45aa311894ee81f8eef3865b9104f36729df
300161,1,random,32,0,0,1,1,-0.3200000000000001,-0.005999999999999936,13,d175e05e656c9e38342dd4ec6249758704c6458c09679282291eefb8975dbeaf
300161,2,random,32,0,0,1,1,-0.3200000000000001,0.044400000000000106,11,a468be858eaada2b67ff863a96ba2efed3c45e3632f2746e82f433796c828f0a
300161,3,random,32,0,0,1,1,-0.3200000000000001,0.034800000000000136,9,b1813b373e175f69ec984076e35b011d44796b12b583eea709b3e415f1b36f75
300161,4,random,32,0,0,1,1,-0.3200000000000001,0.007200000000000109,16,8508153cf5dd8d4a0bca80f980c88e9cda3b135df0746a4355ea6a59c28b9e29
300161,5,random,32,0,0,1,1,-0.3200000000000001,0.04560000000000011,18,552b8be947c6b84487574165b26712a1d58aaec909090cae39e7c3d405beb4d8
300161,6,random,32,0,0,1,1,-0.3200000000000001,0.042000000000000134,17,cd89c43c6a8292b6ba63433579f99c7899a0dc2d5a1e91881f4b788333a63d0f
300161,7,random,32,0,0,1,1,-0.3200000000000001,0.028800000000000173,15,f5cdb982ee3466488f90404468502fc8233d8e5c5d917e4747295ddbf2c082c1
300161,8,guided,23,1,1,0,1,0.7699999999999999,1.0036,18,b2a617914cd8998374049872a660a3b917632ad6ab9c573117acc618ce5a7e9a
300161,9,guided,23,1,1,0,1,0.7699999999999999,1.0036,18,b2a617914cd8998374049872a660a3b917632ad6ab9c573117acc618ce5a7e9a
300161,10,guided,23,1,1,0,1,0.7699999999999999,1.0036,18,b2a617914cd8998374049872a660a3b917632ad6ab9c573117acc618ce5a7e9a
300161,11,guided,23,1,1,0,1,0.7699999999999999,1.0036,18,b2a617914cd8998374049872a660a3b917632ad6ab9c573117acc618ce5a7e9a
300161,12,guided,23,1,1,0,1,0.7699999999999999,1.0036,18,b2a617914cd8998374049872a660a3b917632ad6ab9c573117acc618ce5a7e9a
300161,13,guided,23,1,1,0,1,0.7699999999999999,1.0036,18,b2a617914cd8998374049872a660a3b917632ad6ab9c573117acc618ce5a7e9a
300161,14,guided,23,1,1,0,1,0.7699999999999999,1.0036,18,b2a617914cd8998374049872a660a3b917632ad6ab9c573117acc618ce5a7e9a
300161,15,guided,23,1,1,0,1,0.7699999999999999,1.0036,18,b2a617914cd8998374049872a660a3b917632ad6ab9c573117acc618ce5a7e9a
300162,0,random,32,0,0,1,1,-0.3200000000000001,0.039600000000000135,19,5275b5ba8f726979475f05885a773dc3e9fbc456bbaf2b5204c3529eb0bffc62
300162,1,random,32,0,0,1,1,-0.3200000000000001,0.062400000000000115,8,1383fd843c10fed6589da7274c4be9a146ad0848de51b85caba829eb28ea2c36
300162,2,random,32,0,0,1,1,-0.3200000000000001,0.022800000000000098,6,28bd18d9f562fe3b22d4c8eaa3f134605490b24fdc5e2d7ded6a1608e256c19e
300162,3,random,25,1,1,0,1,0.7499999999999999,1.0328000000000002,10,6d0f96ae14af1b5d64414e47443b6db57cf55cb24fb5224f10f9571b1aa67b96
300162,4,random,32,0,0,1,1,-0.3200000000000001,0.07800000000000014,14,4309ac4668c421990c71923b42e4b888aef37e7b2eff9a685a2bbb1da533232f
300162,5,random,29,1,1,0,1,0.71,1.054,6,623ce22ead5a3cbbba1b31b775351ad1654f7748a7e64f68fe7f3f3bffdd989e
300162,6,random,32,0,0,1,1,-0.3200000000000001,0.0012000000000001038,6,d980a81bcd8e55a0c601ddaa4c1d4a864448756e3d51a1bab34f0b47a42dfc85
300162,7,random,32,0,0,1,1,-0.3200000000000001,0.03840000000000013,6,4bcf1a6a94c4a7b59b1fae04546c61a0bb858daf45a082c2f37d8e17bf966c96
300162,8,guided,5,1,1,0,1,0.95,1.162,0,edd93bbb914ef14c690d2127628633a54ab290170c4f5f3cdcaf8a448bf551cf
300162,9,guided,5,1,1,0,1,0.95,1.162,0,edd93bbb914ef14c690d2127628633a54ab290170c4f5f3cdcaf8a448bf551cf
300162,10,guided,5,1,1,0,1,0.95,1.162,0,edd93bbb914ef14c690d2127628633a54ab290170c4f5f3cdcaf8a448bf551cf
300162,11,guided,5,1,1,0,1,0.95,1.162,0,edd93bbb914ef14c690d2127628633a54ab290170c4f5f3cdcaf8a448bf551cf
300162,12,guided,5,1,1,0,1,0.95,1.162,0,edd93bbb914ef14c690d2127628633a54ab290170c4f5f3cdcaf8a448bf551cf
300162,13,guided,5,1,1,0,1,0.95,1.162,0,edd93bbb914ef14c690d2127628633a54ab290170c4f5f3cdcaf8a448bf551cf
300162,14,guided,5,1,1,0,1,0.95,1.162,0,edd93bbb914ef14c690d2127628633a54ab290170c4f5f3cdcaf8a448bf551cf
300162,15,guided,5,1,1,0,1,0.95,1.162,0,edd93bbb914ef14c690d2127628633a54ab290170c4f5f3cdcaf8a448bf551cf
300163,0,random,32,0,0,1,1,-0.3200000000000001,-0.012799999999999742,15,51ed160a969eab7ef0ea53277b56dc5bc1869c77cc669f54e2877209c48647c2
300163,1,random,32,0,0,1,1,-0.3200000000000001,-0.03679999999999982,13,1f114b53db503b032f50828ff39cf575a3604b9f9c7381228090be61e579ed55
300163,2,random,32,0,0,1,1,-0.3200000000000001,-0.0799999999999999,16,f6528e370aca1db0cb50d09835d24a7d917ba5c20f879fd3c72e65f2dfc51c4d
300163,3,random,12,1,1,0,1,0.88,1.0288,3,720c9a746b5017ac553ce04f21d11242b19545d565fbc1d327773c1e1332b56e
300163,4,random,32,0,0,1,1,-0.3200000000000001,0.0016000000000001569,14,4aa5d62c264abfab27b73e55718ed3f90fa6b24cc264e6c6450987f87d7a1b64
300163,5,random,32,0,0,1,1,-0.3200000000000001,-0.08599999999999984,14,2d2c6a2191cfbe309406c56194a208e2b4b038427761c961beb25e7b61c46b80
300163,6,random,32,0,0,1,1,-0.3200000000000001,-0.08239999999999985,14,cc2bcd927eef21630a0ed9fd12c01f30c55167c79928cff71c20771e02bcccf6
300163,7,random,18,1,1,0,1,0.82,0.9988000000000001,5,a981a23f4c33049c5ca8d59f5634dc40d8acdb2b8b810689524437a5c2896a99
300163,8,guided,3,1,1,0,1,0.97,1.0936,0,646d17fc7cd39e2d5b6b6810febfb9ff8728e79d05869f86ecc1b9398540ab75
300163,9,guided,3,1,1,0,1,0.97,1.0936,0,646d17fc7cd39e2d5b6b6810febfb9ff8728e79d05869f86ecc1b9398540ab75
300163,10,guided,3,1,1,0,1,0.97,1.0936,0,646d17fc7cd39e2d5b6b6810febfb9ff8728e79d05869f86ecc1b9398540ab75
300163,11,guided,3,1,1,0,1,0.97,1.0936,0,646d17fc7cd39e2d5b6b6810febfb9ff8728e79d05869f86ecc1b9398540ab75
300163,12,guided,3,1,1,0,1,0.97,1.0936,0,646d17fc7cd39e2d5b6b6810febfb9ff8728e79d05869f86ecc1b9398540ab75
300163,13,guided,3,1,1,0,1,0.97,1.0936,0,646d17fc7cd39e2d5b6b6810febfb9ff8728e79d05869f86ecc1b9398540ab75
300163,14,guided,3,1,1,0,1,0.97,1.0936,0,646d17fc7cd39e2d5b6b6810febfb9ff8728e79d05869f86ecc1b9398540ab75
300163,15,guided,3,1,1,0,1,0.97,1.0936,0,646d17fc7cd39e2d5b6b6810febfb9ff8728e79d05869f86ecc1b9398540ab75
300164,0,random,32,0,0,1,1,-0.3200000000000001,-0.017199999999999827,10,003959b371e5145a54cc39ae60d5a64c9119fd131e98345b91b5ce3521264d73
300164,1,random,23,1,1,0,1,0.7699999999999999,1.0224000000000002,3,17da5a8b2bd70253fc854fe994784314c2f78ce26bb225b47f3df612ce5fd13f
300164,2,random,27,1,1,0,1,0.73,0.9872000000000001,5,5fed6c92ccdbfac4de2903a183e91eb6ec69a30b9944f4840686b19d51fd6eaf
300164,3,random,32,0,0,1,1,-0.3200000000000001,-0.04959999999999991,7,9b27b02a77b94178ae87d4e6bc00f6961357644c4a1cacac5e2366232c457725
300164,4,random,32,0,0,1,1,-0.3200000000000001,-0.021999999999999853,10,bb8c25db56a36e8e12770e1d66191773b46bfcd499691bf36fa964298bdb0744
300164,5,random,32,0,0,1,1,-0.3200000000000001,0.006800000000000139,14,b2046399eebcae7d2448240f49740dc43d1142f3c89ebf26efd946ee74a92831
300164,6,random,32,0,0,1,1,-0.3200000000000001,0.02480000000000021,14,d8f5d0221522984fea984f97877d5e4e568d90d27f6efa6794c4851d8453099d
300164,7,random,32,0,0,1,1,-0.3200000000000001,-0.012399999999999883,10,f522c53706f62f9e3f80fdcbec9aa65088aa72ce1f97f42c8bf123ecd885583f
300164,8,guided,4,1,1,0,1,0.96,1.1272,0,7c057058bbca9034e406a6d8e5747d70ed0056f3a5535031dd2962d149c19085
300164,9,guided,4,1,1,0,1,0.96,1.1272,0,7c057058bbca9034e406a6d8e5747d70ed0056f3a5535031dd2962d149c19085
300164,10,guided,4,1,1,0,1,0.96,1.1272,0,7c057058bbca9034e406a6d8e5747d70ed0056f3a5535031dd2962d149c19085
300164,11,guided,4,1,1,0,1,0.96,1.1272,0,7c057058bbca9034e406a6d8e5747d70ed0056f3a5535031dd2962d149c19085
300164,12,guided,4,1,1,0,1,0.96,1.1272,0,7c057058bbca9034e406a6d8e5747d70ed0056f3a5535031dd2962d149c19085
300164,13,guided,4,1,1,0,1,0.96,1.1272,0,7c057058bbca9034e406a6d8e5747d70ed0056f3a5535031dd2962d149c19085
300164,14,guided,4,1,1,0,1,0.96,1.1272,0,7c057058bbca9034e406a6d8e5747d70ed0056f3a5535031dd2962d149c19085
300164,15,guided,4,1,1,0,1,0.96,1.1272,0,7c057058bbca9034e406a6d8e5747d70ed0056f3a5535031dd2962d149c19085
300165,0,random,32,0,0,1,1,-0.3200000000000001,0.05040000000000011,8,afd19c0bc63b2c67dc1d31550c51ef74e614d6de88d1a1bddb8d1d446297779a
300165,1,random,32,0,0,1,1,-0.3200000000000001,0.01920000000000014,12,c8cf5476b5b40de5fb08d81bfe711ea87d5c5b1a4a109678acf02b844d5bfad7
300165,2,random,32,0,0,1,1,-0.3200000000000001,0.11880000000000021,13,7b4022caf6bc6da5ddf879c401ac8725accea0dd796d1ddc8798f5aff4bce182
300165,3,random,32,0,0,1,1,-0.3200000000000001,0.08520000000000011,14,2e580a2ecce6f6a33d52676d33d1b16f7c512173640a811eabd1c81eaddc6570
300165,4,random,32,0,0,1,1,-0.3200000000000001,0.05760000000000015,11,556adf9e0132dc6c92bc72a6a9cb17c3d769cc7e29d0eccfe3a28b2601aec4eb
300165,5,random,32,0,0,1,1,-0.3200000000000001,0.05040000000000011,11,bdc713ba757cedaa950a6399357ea54b42437b75322303cb12cd2303c07a8dce
300165,6,random,32,0,0,1,1,-0.3200000000000001,0.0588000000000001,8,74d0a97968f4713ed1524fb9c5e8ef844dc707bbea9202758f35cf5014bf923b
300165,7,random,32,0,0,1,1,-0.3200000000000001,0.08280000000000015,11,b315a258ac457f7bd7d38621f8f6485511aabbdf2edf86e9a243d6de849eefdf
300165,8,guided,9,1,1,0,1,0.91,1.1316000000000002,4,15daefd3eedd7069aeeec3f40210c5e72fdf9f82e6f52e470fc245dbf164f917
300165,9,guided,9,1,1,0,1,0.91,1.1316000000000002,4,15daefd3eedd7069aeeec3f40210c5e72fdf9f82e6f52e470fc245dbf164f917
300165,10,guided,9,1,1,0,1,0.91,1.1316000000000002,4,15daefd3eedd7069aeeec3f40210c5e72fdf9f82e6f52e470fc245dbf164f917
300165,11,guided,9,1,1,0,1,0.91,1.1316000000000002,4,15daefd3eedd7069aeeec3f40210c5e72fdf9f82e6f52e470fc245dbf164f917
300165,12,guided,9,1,1,0,1,0.91,1.1316000000000002,4,15daefd3eedd7069aeeec3f40210c5e72fdf9f82e6f52e470fc245dbf164f917
300165,13,guided,9,1,1,0,1,0.91,1.1316000000000002,4,15daefd3eedd7069aeeec3f40210c5e72fdf9f82e6f52e470fc245dbf164f917
300165,14,guided,9,1,1,0,1,0.91,1.1316000000000002,4,15daefd3eedd7069aeeec3f40210c5e72fdf9f82e6f52e470fc245dbf164f917
300165,15,guided,9,1,1,0,1,0.91,1.1316000000000002,4,15daefd3eedd7069aeeec3f40210c5e72fdf9f82e6f52e470fc245dbf164f917
300166,0,random,1,1,1,0,1,0.99,1.03,0,9ffdc10422623dbed7ce714039795fcac54fe5fdd7091a628e700958f04b4d52
300166,1,random,1,1,1,0,1,0.99,1.03,0,9ffdc10422623dbed7ce714039795fcac54fe5fdd7091a628e700958f04b4d52
300166,2,random,1,1,1,0,1,0.99,1.03,0,9ffdc10422623dbed7ce714039795fcac54fe5fdd7091a628e700958f04b4d52
300166,3,random,3,1,1,0,1,0.97,1.0124,2,002322cb8e8db849cd799857990763eb5a1334c3e0a1d829dad905d023b101e3
300166,4,random,21,1,1,0,1,0.7899999999999999,0.8768,8,dbf446c53de5b37746128d81601af889964c95b74595259e47a3975473f6960c
300166,5,random,4,1,1,0,1,0.96,1.006,1,3deb3b9e981bba496c1893765c9cf4c0517060bf825dbfe55d4df4a0769290c8
300166,6,random,2,1,1,0,1,0.98,1.0212,1,349fb203f1f2e627f1fcb2c305970a2d9b164ba14953d27982c7e65cd35e2217
300166,7,random,1,1,1,0,1,0.99,1.03,0,9ffdc10422623dbed7ce714039795fcac54fe5fdd7091a628e700958f04b4d52
300166,8,guided,1,1,1,0,1,0.99,1.03,0,9ffdc10422623dbed7ce714039795fcac54fe5fdd7091a628e700958f04b4d52
300166,9,guided,1,1,1,0,1,0.99,1.03,0,9ffdc10422623dbed7ce714039795fcac54fe5fdd7091a628e700958f04b4d52
300166,10,guided,1,1,1,0,1,0.99,1.03,0,9ffdc10422623dbed7ce714039795fcac54fe5fdd7091a628e700958f04b4d52
300166,11,guided,1,1,1,0,1,0.99,1.03,0,9ffdc10422623dbed7ce714039795fcac54fe5fdd7091a628e700958f04b4d52
300166,12,guided,1,1,1,0,1,0.99,1.03,0,9ffdc10422623dbed7ce714039795fcac54fe5fdd7091a628e700958f04b4d52
300166,13,guided,1,1,1,0,1,0.99,1.03,0,9ffdc10422623dbed7ce714039795fcac54fe5fdd7091a628e700958f04b4d52
300166,14,guided,1,1,1,0,1,0.99,1.03,0,9ffdc10422623dbed7ce714039795fcac54fe5fdd7091a628e700958f04b4d52
300166,15,guided,1,1,1,0,1,0.99,1.03,0,9ffdc10422623dbed7ce714039795fcac54fe5fdd7091a628e700958f04b4d52
300167,0,random,18,1,1,0,1,0.82,0.9928,3,a93ce3229ee00d536a73b464ec9a6ab18ef1f5fdfb1aa0aefe3b1bcbd033aeae
300167,1,random,29,1,1,0,1,0.71,0.9500000000000002,8,3fbf82d1b852d63b7b3738546415ef20b1cebb13720a5a661302cc5efbfcc030
300167,2,random,32,0,0,1,1,-0.3200000000000001,-0.07159999999999986,6,5310126cfee208c17c9be73a7ad9dea22dba63cbb4f43d19ed2bd1478a02abeb
300167,3,random,32,0,0,1,1,-0.3200000000000001,-0.017599999999999838,8,483cc7a417c953dbffc683165a6614f24e3063c04c46dc0cd94e64c10188972c
300167,4,random,16,1,1,0,1,0.84,1.0056,9,e035f305be9e5e21f5a262454ce269d0feedcded9ebf05ba7dc5cfb93528be47
300167,5,random,31,1,1,0,1,0.69,0.8976,10,d3bb2ea1f13a55ca297964f8eb6c0cd5b0e6f1c3d0c4d1339c9dbab7ba2b0eed
300167,6,random,32,0,0,1,1,-0.3200000000000001,-0.09439999999999997,12,dcb0e56a25714c4e5948c375d2a2d68f1af7736bae39ec60b8bf4823b6518c40
300167,7,random,5,1,1,0,1,0.95,1.082,0,c2da8b36f0a5443c25a31364bc3e29e590b8bee1034fcb1015068805f807568d
300167,8,guided,5,1,1,0,1,0.95,1.0796000000000001,0,4ed81c8827e78e9b9703e7ee3dc6f259c9a90eaa018a2ffc591e3597bfeca911
300167,9,guided,5,1,1,0,1,0.95,1.0796000000000001,0,4ed81c8827e78e9b9703e7ee3dc6f259c9a90eaa018a2ffc591e3597bfeca911
300167,10,guided,5,1,1,0,1,0.95,1.0796000000000001,0,4ed81c8827e78e9b9703e7ee3dc6f259c9a90eaa018a2ffc591e3597bfeca911
300167,11,guided,5,1,1,0,1,0.95,1.0796000000000001,0,4ed81c8827e78e9b9703e7ee3dc6f259c9a90eaa018a2ffc591e3597bfeca911
300167,12,guided,5,1,1,0,1,0.95,1.0796000000000001,0,4ed81c8827e78e9b9703e7ee3dc6f259c9a90eaa018a2ffc591e3597bfeca911
300167,13,guided,5,1,1,0,1,0.95,1.0796000000000001,0,4ed81c8827e78e9b9703e7ee3dc6f259c9a90eaa018a2ffc591e3597bfeca911
300167,14,guided,5,1,1,0,1,0.95,1.0796000000000001,0,4ed81c8827e78e9b9703e7ee3dc6f259c9a90eaa018a2ffc591e3597bfeca911
300167,15,guided,5,1,1,0,1,0.95,1.0796000000000001,0,4ed81c8827e78e9b9703e7ee3dc6f259c9a90eaa018a2ffc591e3597bfeca911
300168,0,random,32,0,0,1,1,-0.3200000000000001,-0.023599999999999816,5,9e48684df8c81d734e1c984451f9c9b1ba7a7f8cb999074fc9faf33628607c17
300168,1,random,32,0,0,1,1,-0.3200000000000001,-0.10160000000000002,5,378d29ed4276a653aa05236207471314d4fb3d79c26ac3bb501ed2a60321ab39
300168,2,random,27,1,1,0,1,0.73,0.9412,4,c029205166c5afd7e1661ad5201f560a820da81153a0f53c8681b9d88bfb25fd
300168,3,random,32,0,0,1,1,-0.3200000000000001,-0.0487999999999999,11,32e195d17b006a65d20766a3a2e7465cb9f3b4bea71c5229829cb3e021cff153
300168,4,random,5,1,1,0,1,0.95,1.0772,0,fd2d6fd4063ae920a9dda13846c890f31dbfe6218112a57ef3d47c2a0f231054
300168,5,random,32,0,0,1,1,-0.3200000000000001,-0.04999999999999992,12,f48a29d3586f1bbac1f8a98a506a2dea5582f22553d7654b0acdd72a8360f406
300168,6,random,32,0,0,1,1,-0.3200000000000001,-0.07759999999999996,9,71db66ee28041488f0ce8e621a673fc7e0fadceeac006e3611edf56d71488d15
300168,7,random,32,1,1,0,1,0.6799999999999999,0.9536000000000001,13,9485324caed8a284233b40eb9d92d1bb6e319c76d2bd3ac7228feb6d0230ca2e
300168,8,guided,3,1,1,0,1,0.97,1.0936,0,20aa6a5a970788f15282337aba516072580079eb20c0de063cfe465b9afd5e1e
300168,9,guided,3,1,1,0,1,0.97,1.0936,0,20aa6a5a970788f15282337aba516072580079eb20c0de063cfe465b9afd5e1e
300168,10,guided,3,1,1,0,1,0.97,1.0936,0,20aa6a5a970788f15282337aba516072580079eb20c0de063cfe465b9afd5e1e
300168,11,guided,3,1,1,0,1,0.97,1.0936,0,20aa6a5a970788f15282337aba516072580079eb20c0de063cfe465b9afd5e1e
300168,12,guided,3,1,1,0,1,0.97,1.0936,0,20aa6a5a970788f15282337aba516072580079eb20c0de063cfe465b9afd5e1e
300168,13,guided,3,1,1,0,1,0.97,1.0936,0,20aa6a5a970788f15282337aba516072580079eb20c0de063cfe465b9afd5e1e
300168,14,guided,3,1,1,0,1,0.97,1.0936,0,20aa6a5a970788f15282337aba516072580079eb20c0de063cfe465b9afd5e1e
300168,15,guided,3,1,1,0,1,0.97,1.0936,0,20aa6a5a970788f15282337aba516072580079eb20c0de063cfe465b9afd5e1e
300169,0,random,32,0,0,1,1,-0.3200000000000001,0.1348000000000001,21,64ab0863fe22593875fb7b83a1ff1084af2f235e1e6fc34d32c5f0dc6d8936d7
300169,1,random,32,0,0,1,1,-0.3200000000000001,0.10000000000000014,16,56a8ec481e3a190c7d895c6c3bb143fe00ca80c81adea6c504dacf2fbcfd312c
300169,2,random,26,1,1,0,1,0.74,1.0544,10,15f83dbcdd0c34ec234a9071318c5cb8906aacd797a5c4f3d78b6c1d98e33028
300169,3,random,32,0,0,1,1,-0.3200000000000001,0.10000000000000012,16,9f092e93413cd9276bebfccdcfd4b7494642a334e7a6de0a9d08386b8a8f8434
300169,4,random,12,1,1,0,1,0.88,1.1608,2,182ead0c9f278a2fe95849b5c6b551f3c51397934000fcf5ad74370fffa379d6
300169,5,random,28,1,1,0,1,0.72,1.0404,8,2bf3a6c867ab56543e4e2d6a38bc794174030af184c262f3bc623faf7ac87e4c
300169,6,random,21,1,1,0,1,0.7899999999999999,1.1296000000000002,9,49593ec5d755265ef5a9fa678fdae32a65527edab4a1268c8823f7de464d7122
300169,7,random,32,0,0,1,1,-0.3200000000000001,0.09400000000000014,20,6c8bf9d1dd2a82ab29ea32da591a3c02877cf4c926c78a6c88870f0c4ea73388
300169,8,guided,6,1,1,0,1,0.94,1.198,0,96c3c5b6719ea9bcda813509a7f0120bd8d6837eac95ad62f616bb2a4d47307e
300169,9,guided,6,1,1,0,1,0.94,1.198,0,96c3c5b6719ea9bcda813509a7f0120bd8d6837eac95ad62f616bb2a4d47307e
300169,10,guided,6,1,1,0,1,0.94,1.198,0,96c3c5b6719ea9bcda813509a7f0120bd8d6837eac95ad62f616bb2a4d47307e
300169,11,guided,6,1,1,0,1,0.94,1.198,0,96c3c5b6719ea9bcda813509a7f0120bd8d6837eac95ad62f616bb2a4d47307e
300169,12,guided,6,1,1,0,1,0.94,1.198,0,96c3c5b6719ea9bcda813509a7f0120bd8d6837eac95ad62f616bb2a4d47307e
300169,13,guided,6,1,1,0,1,0.94,1.198,0,96c3c5b6719ea9bcda813509a7f0120bd8d6837eac95ad62f616bb2a4d47307e
300169,14,guided,6,1,1,0,1,0.94,1.198,0,96c3c5b6719ea9bcda813509a7f0120bd8d6837eac95ad62f616bb2a4d47307e
300169,15,guided,6,1,1,0,1,0.94,1.198,0,96c3c5b6719ea9bcda813509a7f0120bd8d6837eac95ad62f616bb2a4d47307e
300170,0,random,32,0,0,1,1,-0.3200000000000001,-0.18880000000000002,9,d810f0056a5ab499e0d0de0e1a0e6c61c9da4211525ba71b1bacaa9b408858a6
300170,1,random,32,0,0,1,1,-0.3200000000000001,-0.10359999999999986,18,f2e3e42d68ffb2cedc8d9fc5a409390fd6e35d7c245d309a86fbde008b93b99d
300170,2,random,11,1,1,0,1,0.89,0.9552,4,f20595dc097b0f51a1775f44ca5e3dc059b9cbf2d50da24a026e5e3f0bbb1956
300170,3,random,1,1,1,0,1,0.99,1.03,0,18d6d8297a394dcfdd7a7d0e1f82df044b4d4eb85d98f1aac1eb90353cd89765
300170,4,random,4,1,1,0,1,0.96,1.006,1,dc882fdb31f0a4ff191bab6408a87ba0c29655ca334d6fb904c8e2a9080666cf
300170,5,random,7,1,1,0,1,0.9299999999999999,0.982,2,63747835c73b248d2805f7d0a7526d4955ec5829a8275bf1cd882dcd495b2131
300170,6,random,1,1,1,0,1,0.99,1.03,0,18d6d8297a394dcfdd7a7d0e1f82df044b4d4eb85d98f1aac1eb90353cd89765
300170,7,random,6,1,1,0,1,0.94,0.9884000000000001,3,40ae2e6e546d178efeab9fd59a8692026de230c622a520c1cf74094296cbdbc4
300170,8,guided,1,1,1,0,1,0.99,1.03,0,18d6d8297a394dcfdd7a7d0e1f82df044b4d4eb85d98f1aac1eb90353cd89765
300170,9,guided,1,1,1,0,1,0.99,1.03,0,18d6d8297a394dcfdd7a7d0e1f82df044b4d4eb85d98f1aac1eb90353cd89765
300170,10,guided,1,1,1,0,1,0.99,1.03,0,18d6d8297a394dcfdd7a7d0e1f82df044b4d4eb85d98f1aac1eb90353cd89765
300170,11,guided,1,1,1,0,1,0.99,1.03,0,18d6d8297a394dcfdd7a7d0e1f82df044b4d4eb85d98f1aac1eb90353cd89765
300170,12,guided,1,1,1,0,1,0.99,1.03,0,18d6d8297a394dcfdd7a7d0e1f82df044b4d4eb85d98f1aac1eb90353cd89765
300170,13,guided,1,1,1,0,1,0.99,1.03,0,18d6d8297a394dcfdd7a7d0e1f82df044b4d4eb85d98f1aac1eb90353cd89765
300170,14,guided,1,1,1,0,1,0.99,1.03,0,18d6d8297a394dcfdd7a7d0e1f82df044b4d4eb85d98f1aac1eb90353cd89765
300170,15,guided,1,1,1,0,1,0.99,1.03,0,18d6d8297a394dcfdd7a7d0e1f82df044b4d4eb85d98f1aac1eb90353cd89765
300171,0,random,32,0,0,1,1,-0.3200000000000001,-0.09439999999999993,11,5f4cef572a834e796bf8f73e6cedcbf06fd5989d1aa557c312abaaecdc772b23
300171,1,random,32,0,0,1,1,-0.3200000000000001,-0.10759999999999993,12,d44f775ba1d7a5b182acc5cf0141a166368f69e135ffd3c9aba4c66f3438f9e1
300171,2,random,32,0,0,1,1,-0.3200000000000001,-0.11120000000000001,10,68670d7918b715b96da3698b6fbc7401f9b031ab6df81e41412af943462675b9
300171,3,random,32,0,0,1,1,-0.3200000000000001,-0.0991999999999999,13,09b7d1b27dd8a881848e63decd66401d9999dd0ce054357bebeeaf61f4e04f0d
300171,4,random,32,0,0,1,1,-0.3200000000000001,-0.10519999999999996,13,704011f2be2c4b772ede5d57b292f134b1fbc7ff6a93240d78272578f742ccb4
300171,5,random,32,0,0,1,1,-0.3200000000000001,-0.11839999999999994,10,57329b5c19257f00abcade42108955f56391a62fffdd41e53c12a2a555664b37
300171,6,random,32,0,0,1,1,-0.3200000000000001,-0.0919999999999999,8,7043449565965363573490f96deac10efe4f311c3e2e0f574ee1731b59fc88a2
300171,7,random,19,1,1,0,1,0.8099999999999999,0.9936,10,0f19ea57fcae88fbb209a7378c61a6e3578ab9902aac67e8edae867d1aa76b7d
300171,8,guided,3,1,1,0,1,0.97,1.0936,0,80e24c20347d93f5bd87a7379d2794e96aa90511a891dedc7342d31adce5ecae
300171,9,guided,3,1,1,0,1,0.97,1.0936,0,80e24c20347d93f5bd87a7379d2794e96aa90511a891dedc7342d31adce5ecae
300171,10,guided,3,1,1,0,1,0.97,1.0936,0,80e24c20347d93f5bd87a7379d2794e96aa90511a891dedc7342d31adce5ecae
300171,11,guided,3,1,1,0,1,0.97,1.0936,0,80e24c20347d93f5bd87a7379d2794e96aa90511a891dedc7342d31adce5ecae
300171,12,guided,3,1,1,0,1,0.97,1.0936,0,80e24c20347d93f5bd87a7379d2794e96aa90511a891dedc7342d31adce5ecae
300171,13,guided,3,1,1,0,1,0.97,1.0936,0,80e24c20347d93f5bd87a7379d2794e96aa90511a891dedc7342d31adce5ecae
300171,14,guided,3,1,1,0,1,0.97,1.0936,0,80e24c20347d93f5bd87a7379d2794e96aa90511a891dedc7342d31adce5ecae
300171,15,guided,3,1,1,0,1,0.97,1.0936,0,80e24c20347d93f5bd87a7379d2794e96aa90511a891dedc7342d31adce5ecae
300172,0,random,32,0,0,1,1,-0.3200000000000001,0.08280000000000012,16,8a230c035ddf79018a4f4f5c6a07a3050ab090102393c3dc67c9d5272eb5916a
300172,1,random,20,1,1,0,1,0.7999999999999999,1.054,3,c627638b2feb7eb7dd3b5918a3bf3a94269412a8d4754c6ec764cba202250ede
300172,2,random,32,0,0,1,1,-0.3200000000000001,0.060000000000000164,21,d6c88477894ea28d7fe05c598c78c1b1ce362999df795cd34211b7a9fbcb5e49
300172,3,random,22,1,1,0,1,0.7799999999999999,1.052,5,f4f977676e72282070192fa0347b2fffb09947b7e089607a773e8f13bafbeea8
300172,4,random,32,0,0,1,1,-0.3200000000000001,0.07440000000000013,13,4b44dba00501c7d906cd05b6421f07eaffcd224506ecad817d35503413616f5e
300172,5,random,32,0,0,1,1,-0.3200000000000001,0.05640000000000009,11,21abe9a02ff04050b3b33884b43c4a34652a998d70ad7a8d43c3bef9451affe0
300172,6,random,32,0,0,1,1,-0.3200000000000001,0.0024000000000000965,12,de2887cfe9c1daaf29325e708dfe08e592ab72f79158c941e0abe1c47fa085cf
300172,7,random,28,1,1,0,1,0.72,1.0676,11,34d545335f118ddcadf52b5b11ee64dd5c6eb6be2f9bba27b722b20b733aae7b
300172,8,guided,5,1,1,0,1,0.95,1.162,0,d0689e90b0abfe25ccc5206fd9daffb5aa799249eecf6523306347a809e76ce5
300172,9,guided,5,1,1,0,1,0.95,1.162,0,d0689e90b0abfe25ccc5206fd9daffb5aa799249eecf6523306347a809e76ce5
300172,10,guided,5,1,1,0,1,0.95,1.162,0,d0689e90b0abfe25ccc5206fd9daffb5aa799249eecf6523306347a809e76ce5
300172,11,guided,5,1,1,0,1,0.95,1.162,0,d0689e90b0abfe25ccc5206fd9daffb5aa799249eecf6523306347a809e76ce5
300172,12,guided,5,1,1,0,1,0.95,1.162,0,d0689e90b0abfe25ccc5206fd9daffb5aa799249eecf6523306347a809e76ce5
300172,13,guided,5,1,1,0,1,0.95,1.162,0,d0689e90b0abfe25ccc5206fd9daffb5aa799249eecf6523306347a809e76ce5
300172,14,guided,5,1,1,0,1,0.95,1.162,0,d0689e90b0abfe25ccc5206fd9daffb5aa799249eecf6523306347a809e76ce5
300172,15,guided,5,1,1,0,1,0.95,1.162,0,d0689e90b0abfe25ccc5206fd9daffb5aa799249eecf6523306347a809e76ce5
300173,0,random,32,0,0,1,1,-0.3200000000000001,0.14960000000000012,14,e229abad1de114fcab9dfe4480b69229fc0278830e4d5d9799490262f7296f2a
300173,1,random,28,1,1,0,1,0.72,1.1608,9,4d9a14e26a151b8f87857635a2c8f08346ad149e42e6d8f2250dd2e4bae8f7cb
300173,2,random,32,0,0,1,1,-0.3200000000000001,0.15560000000000013,10,9d7a65c6f2128097e51da822b5690f5a77657870e3c768c003121c9982fd5d55
300173,3,random,32,0,0,1,1,-0.3200000000000001,0.18080000000000018,11,8298520d3ea35529f9715d13915e184b193a4e9e46deafda365e04a1578bff61
300173,4,random,28,1,1,0,1,0.72,1.1320000000000001,7,348431ae892e740bdd47276eecd8d3cd519ba061863541d95ef4e551e73b9ded
300173,5,random,32,0,0,1,1,-0.3200000000000001,0.07880000000000006,2,de1b3268140966329bc207c2e15afd4c326197dcb6b033cd819ac999cf396030
300173,6,random,8,1,1,0,1,0.9199999999999999,1.2336,1,2efe997829396c488c2255aadc4845985c98df26529f99e488dd6cca66b21670
300173,7,random,32,0,0,1,1,-0.3200000000000001,0.1412000000000001,13,54d9657d0fb55556fb137d7187717e73f2e8c167150ddd7149b56f0df2b6b2e3
300173,8,guided,12,1,1,0,1,0.88,1.2092,5,3b8d30c878afcd4031781f0b07034d1d8d1da832b76ef02deb87d61e2a783b07
300173,9,guided,12,1,1,0,1,0.88,1.2092,5,3b8d30c878afcd4031781f0b07034d1d8d1da832b76ef02deb87d61e2a783b07
300173,10,guided,12,1,1,0,1,0.88,1.2092,5,3b8d30c878afcd4031781f0b07034d1d8d1da832b76ef02deb87d61e2a783b07
300173,11,guided,12,1,1,0,1,0.88,1.2092,5,3b8d30c878afcd4031781f0b07034d1d8d1da832b76ef02deb87d61e2a783b07
300173,12,guided,12,1,1,0,1,0.88,1.2092,5,3b8d30c878afcd4031781f0b07034d1d8d1da832b76ef02deb87d61e2a783b07
300173,13,guided,12,1,1,0,1,0.88,1.2092,5,3b8d30c878afcd4031781f0b07034d1d8d1da832b76ef02deb87d61e2a783b07
300173,14,guided,12,1,1,0,1,0.88,1.2092,5,3b8d30c878afcd4031781f0b07034d1d8d1da832b76ef02deb87d61e2a783b07
300173,15,guided,12,1,1,0,1,0.88,1.2092,5,3b8d30c878afcd4031781f0b07034d1d8d1da832b76ef02deb87d61e2a783b07
300174,0,random,2,1,1,0,1,0.98,1.0612,0,4aed25d722dfbf528d053f8f80dc3448821e14bd1a8963812ce106c4963c69e3
300174,1,random,2,1,1,0,1,0.98,1.0612,0,ae679d93525910f326c431a642f1a1e5091899f005d4523894ce66b400e29442
300174,2,random,32,0,0,1,1,-0.3200000000000001,-0.12599999999999983,8,f1ea24f442bc548fb9f11f3f83c43bae204eb91d3bc74a89c598086d63400b88
300174,3,random,2,1,1,0,1,0.98,1.0612,0,ae679d93525910f326c431a642f1a1e5091899f005d4523894ce66b400e29442
300174,4,random,5,1,1,0,1,0.95,1.0348,3,48288c801f2b3f44154c4465270172dbc44cc5466a449e80a741aed718ee00d0
300174,5,random,10,1,1,0,1,0.9,0.9956,2,e1234a96a28ac66700fc700a01ca9fb2aafb538d349de857b6897dbd80829de2
300174,6,random,32,1,1,0,1,0.6799999999999999,0.8824000000000001,10,80d6063f434e347f5f228f2d9fc99a8724a4c7c6d14ee74517a5efee6295d727
300174,7,random,2,1,1,0,1,0.98,1.0612,0,ae679d93525910f326c431a642f1a1e5091899f005d4523894ce66b400e29442
300174,8,guided,14,1,1,0,1,0.86,0.9628000000000001,0,629b419e5592a9063930efc1de0f07e515be41a8b2afa8eb96e9b3c611fd403d
300174,9,guided,14,1,1,0,1,0.86,0.9628000000000001,0,629b419e5592a9063930efc1de0f07e515be41a8b2afa8eb96e9b3c611fd403d
300174,10,guided,14,1,1,0,1,0.86,0.9628000000000001,0,629b419e5592a9063930efc1de0f07e515be41a8b2afa8eb96e9b3c611fd403d
300174,11,guided,14,1,1,0,1,0.86,0.9628000000000001,0,629b419e5592a9063930efc1de0f07e515be41a8b2afa8eb96e9b3c611fd403d
300174,12,guided,14,1,1,0,1,0.86,0.9628000000000001,0,629b419e5592a9063930efc1de0f07e515be41a8b2afa8eb96e9b3c611fd403d
300174,13,guided,14,1,1,0,1,0.86,0.9628000000000001,0,629b419e5592a9063930efc1de0f07e515be41a8b2afa8eb96e9b3c611fd403d
300174,14,guided,14,1,1,0,1,0.86,0.9628000000000001,0,629b419e5592a9063930efc1de0f07e515be41a8b2afa8eb96e9b3c611fd403d
300174,15,guided,14,1,1,0,1,0.86,0.9628000000000001,0,629b419e5592a9063930efc1de0f07e515be41a8b2afa8eb96e9b3c611fd403d
300175,0,random,32,0,0,1,1,-0.3200000000000001,0.012000000000000122,7,ec4cf6459d8d277c13c2ed60800e460c0523b697ade77b9ba71943ee64f05ba4
300175,1,random,32,0,0,1,1,-0.3200000000000001,0.028800000000000145,15,ff30a601c5a2050b03ac37748781856aab5fd6ce95e23badda1e1446e276541e
300175,2,random,32,0,0,1,1,-0.3200000000000001,0.05640000000000012,11,52a0f5d77594e6bcf28aff5a1cc383144a52e53de4913dc1e42250ce992e4238
300175,3,random,16,1,1,0,1,0.84,1.0952000000000002,3,f00e35228db4edf852d3387dc1714ab539dd16a24b5abf0312e5af03ec03c12a
300175,4,random,32,0,0,1,1,-0.3200000000000001,0.07440000000000019,8,a37ce385e0a6aa74b0a74477a5069b866a167af419eb8592f6471bc77bd82366
300175,5,random,32,0,0,1,1,-0.3200000000000001,0.037200000000000136,19,dc1d46be6c9a5b6b13daae8ceb20899a5614ff92e9837aeb900dc840e8aeca55
300175,6,random,32,0,0,1,1,-0.3200000000000001,0.03480000000000011,8,72f129895f4e2a279c3dc473db07e30d6b3bc120993cfd29eb07dcacd6a0fbe1
300175,7,random,32,0,0,1,1,-0.3200000000000001,0.0180000000000001,13,4501467af8c11eb509e64e178bb8174ce8d6e75246c35933d6ef3be434535e7b
300175,8,guided,13,1,1,0,1,0.87,1.1012,8,d5e4bb474157dd04b2f2e9fa7e7f85c002f559a9c7d5a38a9cf2b412578e2620
300175,9,guided,13,1,1,0,1,0.87,1.1012,8,d5e4bb474157dd04b2f2e9fa7e7f85c002f559a9c7d5a38a9cf2b412578e2620
300175,10,guided,13,1,1,0,1,0.87,1.1012,8,d5e4bb474157dd04b2f2e9fa7e7f85c002f559a9c7d5a38a9cf2b412578e2620
300175,11,guided,13,1,1,0,1,0.87,1.1012,8,d5e4bb474157dd04b2f2e9fa7e7f85c002f559a9c7d5a38a9cf2b412578e2620
300175,12,guided,13,1,1,0,1,0.87,1.1012,8,d5e4bb474157dd04b2f2e9fa7e7f85c002f559a9c7d5a38a9cf2b412578e2620
300175,13,guided,13,1,1,0,1,0.87,1.1012,8,d5e4bb474157dd04b2f2e9fa7e7f85c002f559a9c7d5a38a9cf2b412578e2620
300175,14,guided,13,1,1,0,1,0.87,1.1012,8,d5e4bb474157dd04b2f2e9fa7e7f85c002f559a9c7d5a38a9cf2b412578e2620
300175,15,guided,13,1,1,0,1,0.87,1.1012,8,d5e4bb474157dd04b2f2e9fa7e7f85c002f559a9c7d5a38a9cf2b412578e2620
300176,0,random,16,1,1,0,1,0.84,0.99,5,2006e5b057b35e6f5140afd9d6b90ece8e895d7b9ee778bac33a124e6fc9d4e4
300176,1,random,27,1,1,0,1,0.73,0.9556,8,ccdf0c945c7d26a42ef6832a4d6afeda72b057e3a2d7b71d14fc825d843d7acf
300176,2,random,7,1,1,0,1,0.9299999999999999,1.0656,2,d682025942abdf65cd1f308c073bd257a492a758acfc4c9a3166fb7952f3dd6e
300176,3,random,11,1,1,0,1,0.89,1.0388,2,081ba9cf3ee1320893d227fa700e01d5620eb38f57b812bf5b43b42e53fb285c
300176,4,random,5,1,1,0,1,0.95,1.0796000000000001,2,e57f898bf92fa66a9626bffdb110c986dd6ea0044c3e9bf92674014f88e6927a
300176,5,random,32,0,0,1,1,-0.3200000000000001,-0.11599999999999992,17,544890fddcc8fdf8c6a903a1c89d4396b80aea30be96e7380257aad8e888a9ac
300176,6,random,32,0,0,1,1,-0.3200000000000001,-0.08239999999999988,12,7598e143665052f6c265a6ae1f2fb3e6ebbd7315ff1b3fe7a44d7b144613c65a
300176,7,random,26,1,1,0,1,0.74,0.9428000000000001,7,691594d471c0613ef9d5a009badd07d8c5b1b3e6e06d428ca388bb60da4ec95a
300176,8,guided,3,1,1,0,1,0.97,1.0936,0,d31e442abfa01ec195f25d6f8c622e95a9320e1225a0024e1fed04f19c5797f3
300176,9,guided,3,1,1,0,1,0.97,1.0936,0,d31e442abfa01ec195f25d6f8c622e95a9320e1225a0024e1fed04f19c5797f3
300176,10,guided,3,1,1,0,1,0.97,1.0936,0,d31e442abfa01ec195f25d6f8c622e95a9320e1225a0024e1fed04f19c5797f3
300176,11,guided,3,1,1,0,1,0.97,1.0936,0,d31e442abfa01ec195f25d6f8c622e95a9320e1225a0024e1fed04f19c5797f3
300176,12,guided,3,1,1,0,1,0.97,1.0936,0,d31e442abfa01ec195f25d6f8c622e95a9320e1225a0024e1fed04f19c5797f3
300176,13,guided,3,1,1,0,1,0.97,1.0936,0,d31e442abfa01ec195f25d6f8c622e95a9320e1225a0024e1fed04f19c5797f3
300176,14,guided,3,1,1,0,1,0.97,1.0936,0,d31e442abfa01ec195f25d6f8c622e95a9320e1225a0024e1fed04f19c5797f3
300176,15,guided,3,1,1,0,1,0.97,1.0936,0,d31e442abfa01ec195f25d6f8c622e95a9320e1225a0024e1fed04f19c5797f3
300177,0,random,32,0,0,1,1,-0.3200000000000001,0.015200000000000193,8,d33c4b5348ef2d23f32e1c9d69058c24fbd6fc76ed73b59c8d5d205dd5284384
300177,1,random,32,0,0,1,1,-0.3200000000000001,0.0008000000000000923,4,bf86abd260a830bfb23850bf72dca860ca3f1e79dd402eab726e1d4fb07f5f12
300177,2,random,32,0,0,1,1,-0.3200000000000001,0.05480000000000029,7,57a340b6f787d7925a5644a636a3698641dbcb54abecd750eebdf40ef9e25ad0
300177,3,random,32,0,0,1,1,-0.3200000000000001,-0.0279999999999999,9,12cc99c94c4d644ca09c6f2f7467cf238ec9349f59b22d77d984e9d4b72ee624
300177,4,random,32,0,0,1,1,-0.3200000000000001,0.04040000000000024,10,2b59d79af277edb728037e1ae5f15efb38ffcd0723d28973b16dedc203f7d056
300177,5,random,32,0,0,1,1,-0.3200000000000001,-0.045999999999999916,8,8dae1ccabc491a8b5e7df86a3d502f99f46d58c2471193e79cd60cf50f5d48d4
300177,6,random,32,0,0,1,1,-0.3200000000000001,0.00440000000000014,8,46af08eeefa6b85b81c011c178a76c1dd1154301e2ee43af2b42361809af0291
300177,7,random,32,0,0,1,1,-0.3200000000000001,-0.02439999999999988,6,0b36be8eedc0a477bba13ab1e8b9c34a9f8a0bc6b23251bc99d98ffc1e40e1e5
300177,8,guided,4,1,1,0,1,0.96,1.1272,0,1feb3ee47a80c58313602c1fbbaf570354abe0b900e120f1b2b6463d8fa18bc0
300177,9,guided,4,1,1,0,1,0.96,1.1272,0,1feb3ee47a80c58313602c1fbbaf570354abe0b900e120f1b2b6463d8fa18bc0
300177,10,guided,4,1,1,0,1,0.96,1.1272,0,1feb3ee47a80c58313602c1fbbaf570354abe0b900e120f1b2b6463d8fa18bc0
300177,11,guided,4,1,1,0,1,0.96,1.1272,0,1feb3ee47a80c58313602c1fbbaf570354abe0b900e120f1b2b6463d8fa18bc0
300177,12,guided,4,1,1,0,1,0.96,1.1272,0,1feb3ee47a80c58313602c1fbbaf570354abe0b900e120f1b2b6463d8fa18bc0
300177,13,guided,4,1,1,0,1,0.96,1.1272,0,1feb3ee47a80c58313602c1fbbaf570354abe0b900e120f1b2b6463d8fa18bc0
300177,14,guided,4,1,1,0,1,0.96,1.1272,0,1feb3ee47a80c58313602c1fbbaf570354abe0b900e120f1b2b6463d8fa18bc0
300177,15,guided,4,1,1,0,1,0.96,1.1272,0,1feb3ee47a80c58313602c1fbbaf570354abe0b900e120f1b2b6463d8fa18bc0
300178,0,random,32,0,0,1,1,-0.3200000000000001,-0.10439999999999987,11,36f08376433d05b74ca8ebc42b18961a409d44f22a6be2b6abdfb15c81740d03
300178,1,random,32,0,0,1,1,-0.3200000000000001,-0.07919999999999994,15,383d049cefb64ded4b5f2201450e640f205c2e6c0536d59f0c5444f4e876d3b8
300178,2,random,32,0,0,1,1,-0.3200000000000001,-0.11399999999999987,10,2333b1a52dc3f5a73b4e145c44362b1fe16c75b5e8831d93af27fc8bab23468b
300178,3,random,32,0,0,1,1,-0.3200000000000001,-0.11759999999999991,10,0b7b2ac6fa97cba68bae3ae45b2078a75d1da73bfb940a697b28273340670ae3
300178,4,random,32,0,0,1,1,-0.3200000000000001,-0.09599999999999986,10,8ad293e2e9a8a9196bc7e0ada79e479f310e6a80f7a7558d02b9c28d7664414a
300178,5,random,32,0,0,1,1,-0.3200000000000001,-0.10079999999999978,13,6dd31612e85b1574a7f4f6c02e6b109cc0b60e352d5be05bebe0608c42b65d06
300178,6,random,8,1,1,0,1,0.9199999999999999,1.0108000000000001,2,62f40110b5105a21439f41a0049e23925e5981cf5f4becd04a4701f0a8bd620f
300178,7,random,32,0,0,1,1,-0.3200000000000001,-0.05519999999999982,12,555302420ebddaad306bf162e6efc81d2560a5034d4760253587117fba6b693e
300178,8,guided,2,1,1,0,1,0.98,1.0612,0,95eb456f277dec36f0d2c9759eca20cc18f5e0d4c6d65f59dc9d7aeb1172b906
300178,9,guided,2,1,1,0,1,0.98,1.0612,0,95eb456f277dec36f0d2c9759eca20cc18f5e0d4c6d65f59dc9d7aeb1172b906
300178,10,guided,2,1,1,0,1,0.98,1.0612,0,95eb456f277dec36f0d2c9759eca20cc18f5e0d4c6d65f59dc9d7aeb1172b906
300178,11,guided,2,1,1,0,1,0.98,1.0612,0,95eb456f277dec36f0d2c9759eca20cc18f5e0d4c6d65f59dc9d7aeb1172b906
300178,12,guided,2,1,1,0,1,0.98,1.0612,0,95eb456f277dec36f0d2c9759eca20cc18f5e0d4c6d65f59dc9d7aeb1172b906
300178,13,guided,2,1,1,0,1,0.98,1.0612,0,95eb456f277dec36f0d2c9759eca20cc18f5e0d4c6d65f59dc9d7aeb1172b906
300178,14,guided,2,1,1,0,1,0.98,1.0612,0,95eb456f277dec36f0d2c9759eca20cc18f5e0d4c6d65f59dc9d7aeb1172b906
300178,15,guided,2,1,1,0,1,0.98,1.0612,0,95eb456f277dec36f0d2c9759eca20cc18f5e0d4c6d65f59dc9d7aeb1172b906
300179,0,random,7,1,1,0,1,0.9299999999999999,1.0632,0,3d633650b81acf551f7fcb120e627398529a6769b8e3ef83df9515b80f87d39f
300179,1,random,24,1,1,0,1,0.7599999999999999,0.9304000000000001,11,960981adeac677d46656cd79a4a83ed5c1c1d27b7b3e4f1cf2ce279447e17449
300179,2,random,24,1,1,0,1,0.7599999999999999,0.946,13,8f7b83045e9ab526082a553d1ee0f4dce3d4f9dabf20975cdb308624286d3202
300179,3,random,23,1,1,0,1,0.7699999999999999,0.956,2,abd85e502dda0e93cab4dcb0789fff5608c8842e8d21d38ebd9afb11dab546e8
300179,4,random,12,1,1,0,1,0.88,1.0288,3,444d5eb3cc1ff7ea502cdc7a26e6029f10d357ce9924f8baafc6e11f4507a234
300179,5,random,32,0,0,1,1,-0.3200000000000001,-0.1207999999999999,15,d7953afce35fbe447b635155adc5a651e34e5e81585397f4ed78d234cf240103
300179,6,random,32,0,0,1,1,-0.3200000000000001,-0.09799999999999999,9,f8775a410b4ce19ee3748d91934355f3a0021b6a193f815f827b4cf10ff52fa5
300179,7,random,13,1,1,0,1,0.87,1.0164,6,eb7f5de524b9b4ad3ee66adb603e763e946530dedf13615ea5f2c1634c7f7690
300179,8,guided,3,1,1,0,1,0.97,1.0936,0,6c4a2fe81e6f33d9e558ee5a3ccd17cb2954c66f23616410d0e012fc163685b9
300179,9,guided,3,1,1,0,1,0.97,1.0936,0,6c4a2fe81e6f33d9e558ee5a3ccd17cb2954c66f23616410d0e012fc163685b9
300179,10,guided,3,1,1,0,1,0.97,1.0936,0,6c4a2fe81e6f33d9e558ee5a3ccd17cb2954c66f23616410d0e012fc163685b9
300179,11,guided,3,1,1,0,1,0.97,1.0936,0,6c4a2fe81e6f33d9e558ee5a3ccd17cb2954c66f23616410d0e012fc163685b9
300179,12,guided,3,1,1,0,1,0.97,1.0936,0,6c4a2fe81e6f33d9e558ee5a3ccd17cb2954c66f23616410d0e012fc163685b9
300179,13,guided,3,1,1,0,1,0.97,1.0936,0,6c4a2fe81e6f33d9e558ee5a3ccd17cb2954c66f23616410d0e012fc163685b9
300179,14,guided,3,1,1,0,1,0.97,1.0936,0,6c4a2fe81e6f33d9e558ee5a3ccd17cb2954c66f23616410d0e012fc163685b9
300179,15,guided,3,1,1,0,1,0.97,1.0936,0,6c4a2fe81e6f33d9e558ee5a3ccd17cb2954c66f23616410d0e012fc163685b9
300180,0,random,32,0,0,1,1,-0.3200000000000001,-0.015999999999999806,9,b14e787d6f65a1b7289eb725d8059f45719aa069139558a0007991873e789aa0
300180,1,random,32,0,0,1,1,-0.3200000000000001,-0.05439999999999995,7,16c4a25aa121dc090b7eb4d4c79af57735deba6be647c592fbde3ed1a69b8cf9
300180,2,random,32,0,0,1,1,-0.3200000000000001,-0.02559999999999986,13,72fbc650bda0ce90689d5eac4aba6639ba01c5190fc62459b33506b0354218a8
300180,3,random,32,0,0,1,1,-0.3200000000000001,-0.0255999999999999,10,cef7e9cdb67204a2b5ed3712e45122a08fe2fcfeecea1f70c6f33308967a25d1
300180,4,random,31,1,1,0,1,0.69,0.9616000000000001,13,50673c26d68b23d7026ca7f56be0ab07eb4a34b3859bc7c75a44eb7e77bfb5f9
300180,5,random,32,0,0,1,1,-0.3200000000000001,-0.007599999999999843,16,c250e6656beec636cec4f40ad06ba9995c48ffc8778d4e09a8c28050cc694528
300180,6,random,32,0,0,1,1,-0.3200000000000001,0.003200000000000147,16,56023bd5286eaa39a9c187b482d12bc54a643acbb1d236f2cb64682465ca6942
300180,7,random,32,0,0,1,1,-0.3200000000000001,-0.01239999999999987,10,0e150b85d4f323f14b7ebd00cc0a72f0bb3348e37d167449efc8447fbce1bdf5
300180,8,guided,32,0,0,1,1,-0.3200000000000001,-0.011199999999999766,32,67deaa720a6215b7a8abe174065611693759a2de6e1a59456711faf82fe62ebc
300180,9,guided,32,0,0,1,1,-0.3200000000000001,-0.011199999999999766,32,67deaa720a6215b7a8abe174065611693759a2de6e1a59456711faf82fe62ebc
300180,10,guided,32,0,0,1,1,-0.3200000000000001,-0.011199999999999766,32,67deaa720a6215b7a8abe174065611693759a2de6e1a59456711faf82fe62ebc
300180,11,guided,32,0,0,1,1,-0.3200000000000001,-0.011199999999999766,32,67deaa720a6215b7a8abe174065611693759a2de6e1a59456711faf82fe62ebc
300180,12,guided,32,0,0,1,1,-0.3200000000000001,-0.011199999999999766,32,67deaa720a6215b7a8abe174065611693759a2de6e1a59456711faf82fe62ebc
300180,13,guided,32,0,0,1,1,-0.3200000000000001,-0.011199999999999766,32,67deaa720a6215b7a8abe174065611693759a2de6e1a59456711faf82fe62ebc
300180,14,guided,32,0,0,1,1,-0.3200000000000001,-0.011199999999999766,32,67deaa720a6215b7a8abe174065611693759a2de6e1a59456711faf82fe62ebc
300180,15,guided,32,0,0,1,1,-0.3200000000000001,-0.011199999999999766,32,67deaa720a6215b7a8abe174065611693759a2de6e1a59456711faf82fe62ebc
300181,0,random,2,1,1,0,1,0.98,1.0612,0,54569632cd563beb36007afcac50435680dbdaa28ad7e8b5ef289b1bd85f2955
300181,1,random,32,0,0,1,1,-0.3200000000000001,-0.1536,12,5f190770bd7f9bf9656659db45cfc0fa934ad807b3cc0a08674b467fdc582b6d
300181,2,random,16,1,1,0,1,0.84,0.9572,4,13a6ac2f70d731208b31ad57462f4bd7c1d6319167e2f550f5be79a6da08c0a6
300181,3,random,14,1,1,0,1,0.86,0.9748000000000001,4,5c1cd105ef03b8bac254cdd87510d074724c14018be8caa4793e815394515d91
300181,4,random,14,1,1,0,1,0.86,0.9676,2,48ccf55a30899f58e440193b4d20355434f7d0ecb1733304707d7289881e550b
300181,5,random,2,1,1,0,1,0.98,1.0612,0,54569632cd563beb36007afcac50435680dbdaa28ad7e8b5ef289b1bd85f2955
300181,6,random,32,0,0,1,1,-0.3200000000000001,-0.11279999999999997,12,2a1759c5babcd34754b331591b20f59bb7f483d42334456dd613660f2f02f2d6
300181,7,random,4,1,1,0,1,0.96,1.0472000000000001,0,06ac40a1c839d3efac905d199f9e252ba136884cb4160a9449b41007d30c7721
300181,8,guided,3,1,1,0,1,0.97,1.0536,1,3d02e1000102d2538eaa51642b69be38b0cc830d11c934e0ab4377c38564db54
300181,9,guided,3,1,1,0,1,0.97,1.0536,1,3d02e1000102d2538eaa51642b69be38b0cc830d11c934e0ab4377c38564db54
300181,10,guided,3,1,1,0,1,0.97,1.0536,1,3d02e1000102d2538eaa51642b69be38b0cc830d11c934e0ab4377c38564db54
300181,11,guided,3,1,1,0,1,0.97,1.0536,1,3d02e1000102d2538eaa51642b69be38b0cc830d11c934e0ab4377c38564db54
300181,12,guided,3,1,1,0,1,0.97,1.0536,1,3d02e1000102d2538eaa51642b69be38b0cc830d11c934e0ab4377c38564db54
300181,13,guided,3,1,1,0,1,0.97,1.0536,1,3d02e1000102d2538eaa51642b69be38b0cc830d11c934e0ab4377c38564db54
300181,14,guided,3,1,1,0,1,0.97,1.0536,1,3d02e1000102d2538eaa51642b69be38b0cc830d11c934e0ab4377c38564db54
300181,15,guided,3,1,1,0,1,0.97,1.0536,1,3d02e1000102d2538eaa51642b69be38b0cc830d11c934e0ab4377c38564db54
300182,0,random,20,1,1,0,1,0.7999999999999999,0.9388000000000001,6,9e934d1ee9b63b4e07f6640fd896a807625a64a070cfa70b27e23cf7eb68a824
300182,1,random,15,1,1,0,1,0.85,0.9672000000000001,3,a3c1501347c4df3389b94c47c5de276c9d2b84fba99413615ff0c12830862f31
300182,2,random,12,1,1,0,1,0.88,0.9864,4,719d8a8fc3141248c642bc222a8250e521afc1d13e998e61dc7274babc7f18b2
300182,3,random,11,1,1,0,1,0.89,0.9988,3,f0365a931cf8ed815bcc84eb690ae09b0b5090846a84e83da703b95643eae4b0
300182,4,random,32,0,0,1,1,-0.3200000000000001,-0.13439999999999985,15,98f840fdb0b8080c92c588ac7c5b388a571ef0c0b4051402925537550e772a97
300182,5,random,32,0,0,1,1,-0.3200000000000001,-0.15599999999999997,5,1b406ae09dcf1c2547fa27792ff00fe91e15771ef0f30b9c5934be9e3cb40c6a
300182,6,random,17,1,1,0,1,0.83,0.9496,5,312f149902ffbfceb4a076df3f9e207945e5f34d8d1980da976817f3d48c960d
300182,7,random,32,0,0,1,1,-0.3200000000000001,-0.1067999999999998,13,347509239ec142976bfa7a510b83491b987d818b09c40bf4e46cb4bf26df067d
300182,8,guided,2,1,1,0,1,0.98,1.0612,0,827029d5bb077841fd79577e7fa3919e6e862bad21044fef1fdf66d90c098f21
300182,9,guided,2,1,1,0,1,0.98,1.0612,0,827029d5bb077841fd79577e7fa3919e6e862bad21044fef1fdf66d90c098f21
300182,10,guided,2,1,1,0,1,0.98,1.0612,0,827029d5bb077841fd79577e7fa3919e6e862bad21044fef1fdf66d90c098f21
300182,11,guided,2,1,1,0,1,0.98,1.0612,0,827029d5bb077841fd79577e7fa3919e6e862bad21044fef1fdf66d90c098f21
300182,12,guided,2,1,1,0,1,0.98,1.0612,0,827029d5bb077841fd79577e7fa3919e6e862bad21044fef1fdf66d90c098f21
300182,13,guided,2,1,1,0,1,0.98,1.0612,0,827029d5bb077841fd79577e7fa3919e6e862bad21044fef1fdf66d90c098f21
300182,14,guided,2,1,1,0,1,0.98,1.0612,0,827029d5bb077841fd79577e7fa3919e6e862bad21044fef1fdf66d90c098f21
300182,15,guided,2,1,1,0,1,0.98,1.0612,0,827029d5bb077841fd79577e7fa3919e6e862bad21044fef1fdf66d90c098f21
300183,0,random,32,0,0,1,1,-0.3200000000000001,-0.06199999999999989,15,2e758e09f11aa874ebe1a94901b55614ca5cf52e7e62603650f02ca33826d651
300183,1,random,12,1,1,0,1,0.88,1.0276,7,d0ce00181d86e8b60cdfc0e616f53fa97e086749173a2fad4936268dda4720ea
300183,2,random,19,1,1,0,1,0.8099999999999999,0.9756,8,3777dfdcfa5f026427d4633d8746002f65ecd659a836516e5c00da207a63fb9b
300183,3,random,32,0,0,1,1,-0.3200000000000001,-0.07880000000000009,10,ad1e45f502c773edaefdce739dba6543cfb025845b64c42f929597c5d3c102c6
300183,4,random,32,0,0,1,1,-0.3200000000000001,-0.040399999999999846,12,762fe2e9d36fdad61688f7073cd06f3d991bb355a7eafa567ce33ed98e491974
300183,5,random,32,0,0,1,1,-0.3200000000000001,-0.022399999999999837,12,1f9209255cecdd28899f2012aaad142c15350f1400b33ec7c8d91662cde0c5be
300183,6,random,32,0,0,1,1,-0.3200000000000001,-0.11240000000000001,15,f588ad8f87b72f2fc60e3c6626e1dd728a58209d18e863b31d2ffdbb70c63c76
300183,7,random,3,1,1,0,1,0.97,1.0936,0,18a4dd26d3263a6589c606aafe0b212317df42fc53bf18b5cce0b8f1d066df10
300183,8,guided,3,1,1,0,1,0.97,1.0936,0,18a4dd26d3263a6589c606aafe0b212317df42fc53bf18b5cce0b8f1d066df10
300183,9,guided,3,1,1,0,1,0.97,1.0936,0,18a4dd26d3263a6589c606aafe0b212317df42fc53bf18b5cce0b8f1d066df10
300183,10,guided,3,1,1,0,1,0.97,1.0936,0,18a4dd26d3263a6589c606aafe0b212317df42fc53bf18b5cce0b8f1d066df10
300183,11,guided,3,1,1,0,1,0.97,1.0936,0,18a4dd26d3263a6589c606aafe0b212317df42fc53bf18b5cce0b8f1d066df10
300183,12,guided,3,1,1,0,1,0.97,1.0936,0,18a4dd26d3263a6589c606aafe0b212317df42fc53bf18b5cce0b8f1d066df10
300183,13,guided,3,1,1,0,1,0.97,1.0936,0,18a4dd26d3263a6589c606aafe0b212317df42fc53bf18b5cce0b8f1d066df10
300183,14,guided,3,1,1,0,1,0.97,1.0936,0,18a4dd26d3263a6589c606aafe0b212317df42fc53bf18b5cce0b8f1d066df10
300183,15,guided,3,1,1,0,1,0.97,1.0936,0,18a4dd26d3263a6589c606aafe0b212317df42fc53bf18b5cce0b8f1d066df10
300184,0,random,32,0,0,1,1,-0.3200000000000001,0.10720000000000016,9,6c0f61936f6c2d8a6d76a1cb6f03a67ba7197182790c98e10a2d630cfa473972
300184,1,random,32,0,0,1,1,-0.3200000000000001,0.07960000000000014,7,7e993aa7f6b27dc438844e1573c29d22479d6829b04c10caf7c997fef46e7c28
300184,2,random,32,0,0,1,1,-0.3200000000000001,0.09640000000000012,13,1efa4fdd931443f8d0a13373f9cadc229d336e3ef3d085b47496b38efd1557bd
300184,3,random,25,1,1,0,1,0.7499999999999999,1.1124,9,8d3fe29b9110318bcde5a799802a1a4d42042812b69bd5eceab73ee0acc6a270
300184,4,random,32,0,0,1,1,-0.3200000000000001,0.15280000000000024,12,9d015b79777cff74602869b5a5ed37e196c25e5ad744ab30812f7cf4e0418a02
300184,5,random,32,0,0,1,1,-0.3200000000000001,0.10720000000000014,13,45dbfa9a566631381daef16e6107c161f92cb337cc5e23eb5918b64188fcbf9c
300184,6,random,32,0,0,1,1,-0.3200000000000001,0.13720000000000016,10,aa0ead1188d4ea39239b12e9b0058b3aa47e47c04e1349a901f39941e9e260aa
300184,7,random,20,1,1,0,1,0.7999999999999999,1.1336000000000002,2,917af5651042fd152a0b10e23ad34bb973f386cb4da42082fd0397b274ce3b6f
300184,8,guided,12,1,1,0,1,0.88,1.1800000000000002,4,737a7eee6aa3495c669c8ce94da61496a7b168bd3aaba2f27a319a2d09bd50a8
300184,9,guided,12,1,1,0,1,0.88,1.1800000000000002,4,737a7eee6aa3495c669c8ce94da61496a7b168bd3aaba2f27a319a2d09bd50a8
300184,10,guided,12,1,1,0,1,0.88,1.1800000000000002,4,737a7eee6aa3495c669c8ce94da61496a7b168bd3aaba2f27a319a2d09bd50a8
300184,11,guided,12,1,1,0,1,0.88,1.1800000000000002,4,737a7eee6aa3495c669c8ce94da61496a7b168bd3aaba2f27a319a2d09bd50a8
300184,12,guided,12,1,1,0,1,0.88,1.1800000000000002,4,737a7eee6aa3495c669c8ce94da61496a7b168bd3aaba2f27a319a2d09bd50a8
300184,13,guided,12,1,1,0,1,0.88,1.1800000000000002,4,737a7eee6aa3495c669c8ce94da61496a7b168bd3aaba2f27a319a2d09bd50a8
300184,14,guided,12,1,1,0,1,0.88,1.1800000000000002,4,737a7eee6aa3495c669c8ce94da61496a7b168bd3aaba2f27a319a2d09bd50a8
300184,15,guided,12,1,1,0,1,0.88,1.1800000000000002,4,737a7eee6aa3495c669c8ce94da61496a7b168bd3aaba2f27a319a2d09bd50a8
300185,0,random,32,0,0,1,1,-0.3200000000000001,0.10120000000000012,13,4024bef79957f2a580414dce04b67aae02e3c60918a87f00c47567722510e2de
300185,1,random,32,0,0,1,1,-0.3200000000000001,0.09880000000000014,16,407e266d49de6d7ee17d3a65e9c31c1943417b4f6145a4f83c7281f2a5e05219
300185,2,random,16,1,1,0,1,0.84,1.1544,6,7388aee0539ff1dd2f1c4222c9f65b3b30661665246d97540eb10a146f2e52d1
300185,3,random,32,0,0,1,1,-0.3200000000000001,0.10600000000000008,9,86493ba1993975486e097d57cb33179a6eaa1068afb9673cd442049952b85117
300185,4,random,32,0,0,1,1,-0.3200000000000001,0.053200000000000094,8,5363eeedc6df4b4faf169d11be66442717940a06640c95abad70390b3ae4bb45
300185,5,random,32,0,0,1,1,-0.3200000000000001,0.10360000000000011,15,ea8f38b5490dc3869cfc8b7dfe3a8cd3d3417154a10150d2e08482d8c26f5b21
300185,6,random,32,0,0,1,1,-0.3200000000000001,0.05800000000000012,14,3f3cc34de451f1ecc0cb41b9ff4c3744ff95695f85d22315689b79fee1153b1f
300185,7,random,32,0,0,1,1,-0.3200000000000001,0.1276000000000001,20,fba5b07b0f4255ccae0daa46bc8891bed8e91395efd5f10380581e31e25c0563
300185,8,guided,32,0,0,1,1,-0.3200000000000001,0.14200000000000013,30,05029b161ae93a7eeee6210206cbcf1a0c44a89675a70b33b10d991907e454c6
300185,9,guided,32,0,0,1,1,-0.3200000000000001,0.14200000000000013,30,05029b161ae93a7eeee6210206cbcf1a0c44a89675a70b33b10d991907e454c6
300185,10,guided,32,0,0,1,1,-0.3200000000000001,0.14200000000000013,30,05029b161ae93a7eeee6210206cbcf1a0c44a89675a70b33b10d991907e454c6
300185,11,guided,32,0,0,1,1,-0.3200000000000001,0.14200000000000013,30,05029b161ae93a7eeee6210206cbcf1a0c44a89675a70b33b10d991907e454c6
300185,12,guided,32,0,0,1,1,-0.3200000000000001,0.14200000000000013,30,05029b161ae93a7eeee6210206cbcf1a0c44a89675a70b33b10d991907e454c6
300185,13,guided,32,0,0,1,1,-0.3200000000000001,0.14200000000000013,30,05029b161ae93a7eeee6210206cbcf1a0c44a89675a70b33b10d991907e454c6
300185,14,guided,32,0,0,1,1,-0.3200000000000001,0.14200000000000013,30,05029b161ae93a7eeee6210206cbcf1a0c44a89675a70b33b10d991907e454c6
300185,15,guided,32,0,0,1,1,-0.3200000000000001,0.14200000000000013,30,05029b161ae93a7eeee6210206cbcf1a0c44a89675a70b33b10d991907e454c6
300186,0,random,23,1,1,0,1,0.7699999999999999,1.0552000000000001,4,8e087463bec1b22f2db32f1a21ac304b4b69f1a788794cd3443c51a935e20c4a
300186,1,random,32,0,0,1,1,-0.3200000000000001,0.056400000000000144,12,bbbd0ad2107b15228847ece0321ab67e9074512128b6f668ab2db7c2d8d28f7d
300186,2,random,18,1,1,0,1,0.82,1.11,5,501a6744fec6cd5b59fcc34f323d52ba076ff4d16f8da04d4d768f06dd66e84f
300186,3,random,32,0,0,1,1,-0.3200000000000001,0.032400000000000116,10,853da70f8e3bf1055fee2da669f8ecc35416ea8135a3bcfad2affe741774f3fc
300186,4,random,32,0,0,1,1,-0.3200000000000001,0.0732000000000001,15,e5ca0864ed654d47996af019773fe0500908c3819c14302997c92b979e534b96
300186,5,random,32,0,0,1,1,-0.3200000000000001,0.051600000000000146,10,73ef7af492bd189433430e799a09e2dee7dfb380a6c56874e4b016e9b18cdf5d
300186,6,random,23,1,1,0,1,0.7699999999999999,1.0768,4,d7b5f1ee2d01f286f93872c5e034bc37b19273dde0c536620beaf7057c47c950
300186,7,random,32,0,0,1,1,-0.3200000000000001,0.08520000000000016,16,39ea6a45d76d635576d529817519656ea7b6489b89400e24e6027d567be2b40a
300186,8,guided,5,1,1,0,1,0.95,1.162,0,755fc3349d59ba39580d2665b7fd76d4d8edbef3ef163aa9a15eba72db5cc9d3
300186,9,guided,5,1,1,0,1,0.95,1.162,0,755fc3349d59ba39580d2665b7fd76d4d8edbef3ef163aa9a15eba72db5cc9d3
300186,10,guided,5,1,1,0,1,0.95,1.162,0,755fc3349d59ba39580d2665b7fd76d4d8edbef3ef163aa9a15eba72db5cc9d3
300186,11,guided,5,1,1,0,1,0.95,1.162,0,755fc3349d59ba39580d2665b7fd76d4d8edbef3ef163aa9a15eba72db5cc9d3
300186,12,guided,5,1,1,0,1,0.95,1.162,0,755fc3349d59ba39580d2665b7fd76d4d8edbef3ef163aa9a15eba72db5cc9d3
300186,13,guided,5,1,1,0,1,0.95,1.162,0,755fc3349d59ba39580d2665b7fd76d4d8edbef3ef163aa9a15eba72db5cc9d3
300186,14,guided,5,1,1,0,1,0.95,1.162,0,755fc3349d59ba39580d2665b7fd76d4d8edbef3ef163aa9a15eba72db5cc9d3
300186,15,guided,5,1,1,0,1,0.95,1.162,0,755fc3349d59ba39580d2665b7fd76d4d8edbef3ef163aa9a15eba72db5cc9d3
300187,0,random,31,1,1,0,1,0.69,0.9328000000000001,13,3b7b7b20c99f194daeec38d839f4c60ee2f19b1bd189b3686b910dc958139720
300187,1,random,32,0,0,1,1,-0.3200000000000001,0.0044000000000001815,8,6155dcdafeea06cd28f7cbbd24f4c0fad3afcedb085c3ddcf8d4bfae53ef01d3
300187,2,random,19,1,1,0,1,0.8099999999999999,1.0132,5,bb548bf62f0957263c740f7198b4834d255f274a3e2c2d79b5fdd2968e3af027
300187,3,random,32,0,0,1,1,-0.3200000000000001,-0.014799999999999883,12,4ba11c6c59c1b6c6dc41f7f5bc88c00a0691eb1d3b3cf8f3c6e111aa911ca0a3
300187,4,random,32,0,0,1,1,-0.3200000000000001,0.024800000000000183,10,b03485c2f2793cfcb50bca5cc81eef922b013717bb116744e728a824df749556
300187,5,random,32,0,0,1,1,-0.3200000000000001,-0.012399999999999856,9,d31584652760d31a48b75186666fcb99829651fd1f8ebd75ccbc4263298d1987
300187,6,random,18,1,1,0,1,0.82,1.0736,4,d6e3a778f0caabddd19bb06a252e9e987c0297ce92c92f707702b8452ea24d0c
300187,7,random,32,0,0,1,1,-0.3200000000000001,-0.045999999999999916,4,a2818e7516fba6379628a6e4cef5954a54651d28d8dc70c8eeba8a2ec3ff28a1
300187,8,guided,4,1,1,0,1,0.96,1.1272,0,aafbba894190bf3d8496fe11def693093244ccc239fdfaf37f6fabb5fbff1a5e
300187,9,guided,4,1,1,0,1,0.96,1.1272,0,aafbba894190bf3d8496fe11def693093244ccc239fdfaf37f6fabb5fbff1a5e
300187,10,guided,4,1,1,0,1,0.96,1.1272,0,aafbba894190bf3d8496fe11def693093244ccc239fdfaf37f6fabb5fbff1a5e
300187,11,guided,4,1,1,0,1,0.96,1.1272,0,aafbba894190bf3d8496fe11def693093244ccc239fdfaf37f6fabb5fbff1a5e
300187,12,guided,4,1,1,0,1,0.96,1.1272,0,aafbba894190bf3d8496fe11def693093244ccc239fdfaf37f6fabb5fbff1a5e
300187,13,guided,4,1,1,0,1,0.96,1.1272,0,aafbba894190bf3d8496fe11def693093244ccc239fdfaf37f6fabb5fbff1a5e
300187,14,guided,4,1,1,0,1,0.96,1.1272,0,aafbba894190bf3d8496fe11def693093244ccc239fdfaf37f6fabb5fbff1a5e
300187,15,guided,4,1,1,0,1,0.96,1.1272,0,aafbba894190bf3d8496fe11def693093244ccc239fdfaf37f6fabb5fbff1a5e
300188,0,random,25,1,1,0,1,0.7499999999999999,1.058,10,5b6684cecb0b7e889430f6c82018975759e0430ff77e359d015038dc306d672a
300188,1,random,32,0,0,1,1,-0.3200000000000001,-0.021599999999999953,9,320c0fc73bc141b953ddd564fdcd6b0d3ece52ca4d0b6301a9fec88aaeb5187a
300188,2,random,32,0,0,1,1,-0.3200000000000001,0.036000000000000115,15,4e48f4cb23e09285392dbb59bc23772fd6f5d50dd3d12df41bb03ca7df19ec8f
300188,3,random,32,0,0,1,1,-0.3200000000000001,0.010800000000000129,9,6fe84a04eaa508c7340753de76893d7caabfdc5b652458421ee23ef68795ff4b
300188,4,random,32,0,0,1,1,-0.3200000000000001,0.013200000000000135,10,dc295f2452c5a607c35dd9ffd19838bf75905dadc2bf339ece401ca9ea17acba
300188,5,random,32,0,0,1,1,-0.3200000000000001,0.012000000000000108,10,16be1cd0b0feb1d6ef3cf008e2932ef2b6be1d0a427e508af56e06c28a39a6bd
300188,6,random,32,0,0,1,1,-0.3200000000000001,0.03720000000000012,14,68b26af86054517c82eb6b33f670872e1cb81b1b935dac604593d699120f8642
300188,7,random,32,0,0,1,1,-0.3200000000000001,0.034800000000000136,15,1fa108f2b1616ff22ff18d120d1dc7d6835158a323bdbcf3bf2b59f7afb7c3af
300188,8,guided,15,1,1,0,1,0.85,1.074,10,b229d528c8d39646502c99af36a88602f32dd42a6abc4eaa5021c3c6d2503020
300188,9,guided,15,1,1,0,1,0.85,1.074,10,b229d528c8d39646502c99af36a88602f32dd42a6abc4eaa5021c3c6d2503020
300188,10,guided,15,1,1,0,1,0.85,1.074,10,b229d528c8d39646502c99af36a88602f32dd42a6abc4eaa5021c3c6d2503020
300188,11,guided,15,1,1,0,1,0.85,1.074,10,b229d528c8d39646502c99af36a88602f32dd42a6abc4eaa5021c3c6d2503020
300188,12,guided,15,1,1,0,1,0.85,1.074,10,b229d528c8d39646502c99af36a88602f32dd42a6abc4eaa5021c3c6d2503020
300188,13,guided,15,1,1,0,1,0.85,1.074,10,b229d528c8d39646502c99af36a88602f32dd42a6abc4eaa5021c3c6d2503020
300188,14,guided,15,1,1,0,1,0.85,1.074,10,b229d528c8d39646502c99af36a88602f32dd42a6abc4eaa5021c3c6d2503020
300188,15,guided,15,1,1,0,1,0.85,1.074,10,b229d528c8d39646502c99af36a88602f32dd42a6abc4eaa5021c3c6d2503020
300189,0,random,32,0,0,1,1,-0.3200000000000001,0.03680000000000022,15,4ae9b7dd1966a4d39e780a3c92be3e118d9a42596b82d1ff82126ab4f9eb805f
300189,1,random,32,0,0,1,1,-0.3200000000000001,0.02000000000000013,14,ab87189a82b15af8b88c7a7afbb91f500fb8302c133e889338920043e09698c9
300189,2,random,32,0,0,1,1,-0.3200000000000001,0.027200000000000224,9,226dc638c2cb609f79cc28006aaa9830e33be3e71f3e497afa71860befcc4739
300189,3,random,32,0,0,1,1,-0.3200000000000001,0.05600000000000016,13,4f0c203e0c8f3688502d505e358c9aaceb1c8e286e74c9b8c77305caad9fc69a
300189,4,random,32,0,0,1,1,-0.3200000000000001,0.05480000000000024,13,e24eb3da333d930c2111d960cb2ffffccb3b505be55a56fade1fa8f3169c9c75
300189,5,random,32,0,0,1,1,-0.3200000000000001,0.04280000000000028,11,d398bf769b2608140c3bbea47e3cbe73bbbab92ab3f13a51bc43fc8b39800eef
300189,6,random,32,0,0,1,1,-0.3200000000000001,0.030800000000000133,10,0527eac36f7c4ee49fd059c178fe831570fc3a424783f23b59a7fe65500c8827
300189,7,random,32,0,0,1,1,-0.3200000000000001,0.03200000000000014,12,34f2ecbe9cdb91adacc046aa2ff514d559ae5bb7db59d926ef000d9420764b4d
300189,8,guided,4,1,1,0,1,0.96,1.1272,0,ed5bb23e2af5b06088681ed0fc6ef9e560236b1acee4539aead480cc457a3e8d
300189,9,guided,4,1,1,0,1,0.96,1.1272,0,ed5bb23e2af5b06088681ed0fc6ef9e560236b1acee4539aead480cc457a3e8d
300189,10,guided,4,1,1,0,1,0.96,1.1272,0,ed5bb23e2af5b06088681ed0fc6ef9e560236b1acee4539aead480cc457a3e8d
300189,11,guided,4,1,1,0,1,0.96,1.1272,0,ed5bb23e2af5b06088681ed0fc6ef9e560236b1acee4539aead480cc457a3e8d
300189,12,guided,4,1,1,0,1,0.96,1.1272,0,ed5bb23e2af5b06088681ed0fc6ef9e560236b1acee4539aead480cc457a3e8d
300189,13,guided,4,1,1,0,1,0.96,1.1272,0,ed5bb23e2af5b06088681ed0fc6ef9e560236b1acee4539aead480cc457a3e8d
300189,14,guided,4,1,1,0,1,0.96,1.1272,0,ed5bb23e2af5b06088681ed0fc6ef9e560236b1acee4539aead480cc457a3e8d
300189,15,guided,4,1,1,0,1,0.96,1.1272,0,ed5bb23e2af5b06088681ed0fc6ef9e560236b1acee4539aead480cc457a3e8d
300190,0,random,32,0,0,1,1,-0.3200000000000001,0.07600000000000015,11,ec8726d6be14355c319f28160584aa06916a2fd883ee1d084275815d20d0bd65
300190,1,random,32,0,0,1,1,-0.3200000000000001,0.1360000000000001,8,05e53644aeaa22e614f15a54f3b98ef83d22acef7f367f3a54bd19ea1cc0c4cd
300190,2,random,32,0,0,1,1,-0.3200000000000001,0.13120000000000012,7,4abfebb84fb287d21e91c4a6af2e7247ff3e3ddb781ba4092a9e29c5db319974
300190,3,random,32,0,0,1,1,-0.3200000000000001,0.14680000000000018,9,dd7ca1db3cb5d3dc5e33f67a42684bf2805be125c19ed7909d6748febfb74b9f
300190,4,random,27,1,1,0,1,0.73,1.1092000000000002,5,edbce7f33364548a9ed2a4c2857627478493c58717475b6a4a47f6835513bb5f
300190,5,random,32,0,0,1,1,-0.3200000000000001,0.12520000000000014,8,376e6906a97173058812d130ac31e29b2c500291e86c56817d1d18b3467f0abb
300190,6,random,32,0,0,1,1,-0.3200000000000001,0.1576000000000002,12,13ebc3a3b39db9d5816cab8a04133a212f039b1b3565d53237b6d4f9daaa6994
300190,7,random,20,1,1,0,1,0.7999999999999999,1.1336000000000002,4,daeace891bee1cececa7d2f968394030822f7eb9761fecd224088090e45f3e39
300190,8,guided,6,1,1,0,1,0.94,1.198,0,e95ea882cac5ab0ef82db692a9ad1fd00e7159c21d3400aa0dc6f551e5502274
300190,9,guided,6,1,1,0,1,0.94,1.198,0,e95ea882cac5ab0ef82db692a9ad1fd00e7159c21d3400aa0dc6f551e5502274
300190,10,guided,6,1,1,0,1,0.94,1.198,0,e95ea882cac5ab0ef82db692a9ad1fd00e7159c21d3400aa0dc6f551e5502274
300190,11,guided,6,1,1,0,1,0.94,1.198,0,e95ea882cac5ab0ef82db692a9ad1fd00e7159c21d3400aa0dc6f551e5502274
300190,12,guided,6,1,1,0,1,0.94,1.198,0,e95ea882cac5ab0ef82db692a9ad1fd00e7159c21d3400aa0dc6f551e5502274
300190,13,guided,6,1,1,0,1,0.94,1.198,0,e95ea882cac5ab0ef82db692a9ad1fd00e7159c21d3400aa0dc6f551e5502274
300190,14,guided,6,1,1,0,1,0.94,1.198,0,e95ea882cac5ab0ef82db692a9ad1fd00e7159c21d3400aa0dc6f551e5502274
300190,15,guided,6,1,1,0,1,0.94,1.198,0,e95ea882cac5ab0ef82db692a9ad1fd00e7159c21d3400aa0dc6f551e5502274
300191,0,random,11,1,1,0,1,0.89,0.9892000000000001,3,7cb5b110b6704a6017c2bc88edc8a9175c2ae59fe8558a94b76856ac24876ee5
300191,1,random,32,0,0,1,1,-0.3200000000000001,-0.09239999999999998,15,14bfab850408f5a2bafff57984b86b65102c8a2cc952def95dc69095af812dc4
300191,2,random,2,1,1,0,1,0.98,1.0612,0,09e34b160e9f2870b02d72df4bc8c68ef8c30ff820ef0db414560c04c30d5465
300191,3,random,32,1,1,0,1,0.6799999999999999,0.874,8,18da4c9693d31bac975623eba438247f30968550a8ff6ba39ea64836d89597b8
300191,4,random,2,1,1,0,1,0.98,1.0612,0,630444ee38deb2418076ccfbfd02f3bd6707d1f92a6628bac1a7a91a76360f1d
300191,5,random,32,0,0,1,1,-0.3200000000000001,-0.14279999999999998,7,1df433421bd48f8e56dbf497e609cc67e5eb677701849d18786ba7006fe54666
300191,6,random,32,0,0,1,1,-0.3200000000000001,-0.0756,20,d29f9992e2b40238db7ebdc6ff8b860bdaa0d3827093eca51d328d7253a5db47
300191,7,random,10,1,1,0,1,0.9,1.0016,2,d00bd94ff9d76d1b88f370a91d94b76c6d269e02ffc7fe72dc5ba54ed3753add
300191,8,guided,4,1,1,0,1,0.96,1.0448,0,2169f925939d2a3cc5ef26c459c8dd208b9990418b0cd258a9e40aa551afb423
300191,9,guided,4,1,1,0,1,0.96,1.0448,0,2169f925939d2a3cc5ef26c459c8dd208b9990418b0cd258a9e40aa551afb423
300191,10,guided,4,1,1,0,1,0.96,1.0448,0,2169f925939d2a3cc5ef26c459c8dd208b9990418b0cd258a9e40aa551afb423
300191,11,guided,4,1,1,0,1,0.96,1.0448,0,2169f925939d2a3cc5ef26c459c8dd208b9990418b0cd258a9e40aa551afb423
300191,12,guided,4,1,1,0,1,0.96,1.0448,0,2169f925939d2a3cc5ef26c459c8dd208b9990418b0cd258a9e40aa551afb423
300191,13,guided,4,1,1,0,1,0.96,1.0448,0,2169f925939d2a3cc5ef26c459c8dd208b9990418b0cd258a9e40aa551afb423
300191,14,guided,4,1,1,0,1,0.96,1.0448,0,2169f925939d2a3cc5ef26c459c8dd208b9990418b0cd258a9e40aa551afb423
300191,15,guided,4,1,1,0,1,0.96,1.0448,0,2169f925939d2a3cc5ef26c459c8dd208b9990418b0cd258a9e40aa551afb423
300192,0,random,2,1,1,0,1,0.98,1.0212,1,d75086e193023f9737b3d872f7b67adf5211e3987d3869f24140783b7e5d9771
300192,1,random,30,1,1,0,1,0.7,0.8036000000000001,7,9db25e59a7805e1334fdf6f3ef505cc85bb98c56ea94055457a29c48922ee780
300192,2,random,1,1,1,0,1,0.99,1.03,0,5c32f3c7783f82f7fe1e7b7ac1fb7897395061eefa7484aafa03f998e3fe89dc
300192,3,random,6,1,1,0,1,0.94,0.9908,1,a2168aed1c3c0a15135fe5f5446057f9890c973571c4cb9dc243aac87cd4a364
300192,4,random,1,1,1,0,1,0.99,1.03,0,5c32f3c7783f82f7fe1e7b7ac1fb7897395061eefa7484aafa03f998e3fe89dc
300192,5,random,1,1,1,0,1,0.99,1.03,0,5c32f3c7783f82f7fe1e7b7ac1fb7897395061eefa7484aafa03f998e3fe89dc
300192,6,random,1,1,1,0,1,0.99,1.03,0,5c32f3c7783f82f7fe1e7b7ac1fb7897395061eefa7484aafa03f998e3fe89dc
300192,7,random,1,1,1,0,1,0.99,1.03,0,5c32f3c7783f82f7fe1e7b7ac1fb7897395061eefa7484aafa03f998e3fe89dc
300192,8,guided,10,1,1,0,1,0.9,0.9508,9,961a43b3c4abf348b5d69eb2ad5f48cbbe95fe7eb8909f5554135a343a246311
300192,9,guided,10,1,1,0,1,0.9,0.9508,9,961a43b3c4abf348b5d69eb2ad5f48cbbe95fe7eb8909f5554135a343a246311
300192,10,guided,10,1,1,0,1,0.9,0.9508,9,961a43b3c4abf348b5d69eb2ad5f48cbbe95fe7eb8909f5554135a343a246311
300192,11,guided,10,1,1,0,1,0.9,0.9508,9,961a43b3c4abf348b5d69eb2ad5f48cbbe95fe7eb8909f5554135a343a246311
300192,12,guided,10,1,1,0,1,0.9,0.9508,9,961a43b3c4abf348b5d69eb2ad5f48cbbe95fe7eb8909f5554135a343a246311
300192,13,guided,10,1,1,0,1,0.9,0.9508,9,961a43b3c4abf348b5d69eb2ad5f48cbbe95fe7eb8909f5554135a343a246311
300192,14,guided,10,1,1,0,1,0.9,0.9508,9,961a43b3c4abf348b5d69eb2ad5f48cbbe95fe7eb8909f5554135a343a246311
300192,15,guided,10,1,1,0,1,0.9,0.9508,9,961a43b3c4abf348b5d69eb2ad5f48cbbe95fe7eb8909f5554135a343a246311
300193,0,random,32,0,0,1,1,-0.3200000000000001,-0.10799999999999998,11,aecab8271b947384ad3366a654ec3289f792d1c8e3348234e7ae9d543a632c8f
300193,1,random,4,1,1,0,1,0.96,1.0472000000000001,0,552f5d1c7c9bd19fa3e2920d08aac47d82abffd1f4f189401881f52131ff4b49
300193,2,random,4,1,1,0,1,0.96,1.0448,0,f562c459b3b9c52a16d6c4a75e12bfaa3f0b4b30c5be8b431c1b966be9a9f589
300193,3,random,2,1,1,0,1,0.98,1.0612,0,193fe3f66cc455e1ff35bf9cd2b286a2a7b0319941ec0ad28dd9a90a55df208d
300193,4,random,32,0,0,1,1,-0.3200000000000001,-0.1343999999999999,10,5153673515f23e23e42e596ceb5350407f61a49758b9962a91e5382761679f07
300193,5,random,4,1,1,0,1,0.96,1.0472000000000001,0,8f13778de69fd18cd86df136348dc93e311d7b1d4b85d92e33fa71cebfb20564
300193,6,random,32,0,0,1,1,-0.3200000000000001,-0.09719999999999979,11,830b91f145f15d7fa7e0643275f804380eb10b254960ee49e72b704aa3bf7ff8
300193,7,random,32,0,0,1,1,-0.3200000000000001,-0.16199999999999992,7,9e750d59b1730c11195af30408726ab1511fdad6ca20d98aedf86db23a16cc39
300193,8,guided,2,1,1,0,1,0.98,1.0612,0,193fe3f66cc455e1ff35bf9cd2b286a2a7b0319941ec0ad28dd9a90a55df208d
300193,9,guided,2,1,1,0,1,0.98,1.0612,0,193fe3f66cc455e1ff35bf9cd2b286a2a7b0319941ec0ad28dd9a90a55df208d
300193,10,guided,2,1,1,0,1,0.98,1.0612,0,193fe3f66cc455e1ff35bf9cd2b286a2a7b0319941ec0ad28dd9a90a55df208d
300193,11,guided,2,1,1,0,1,0.98,1.0612,0,193fe3f66cc455e1ff35bf9cd2b286a2a7b0319941ec0ad28dd9a90a55df208d
300193,12,guided,2,1,1,0,1,0.98,1.0612,0,193fe3f66cc455e1ff35bf9cd2b286a2a7b0319941ec0ad28dd9a90a55df208d
300193,13,guided,2,1,1,0,1,0.98,1.0612,0,193fe3f66cc455e1ff35bf9cd2b286a2a7b0319941ec0ad28dd9a90a55df208d
300193,14,guided,2,1,1,0,1,0.98,1.0612,0,193fe3f66cc455e1ff35bf9cd2b286a2a7b0319941ec0ad28dd9a90a55df208d
300193,15,guided,2,1,1,0,1,0.98,1.0612,0,193fe3f66cc455e1ff35bf9cd2b286a2a7b0319941ec0ad28dd9a90a55df208d
300194,0,random,32,0,0,1,1,-0.3200000000000001,0.07200000000000023,9,61f4a16b9062cce79fc897c97dbd48de064a32b7cb6822ca2f3ccd454044129b
300194,1,random,32,0,0,1,1,-0.3200000000000001,0.05640000000000017,6,a050b9fcf0d59eea2beb04aa8e025b50ec03288b70aeca03be3b2fd83ff7e41c
300194,2,random,32,0,0,1,1,-0.3200000000000001,0.015600000000000086,12,74bde2855bdde3fa721565d1a94bb63e6ee172853703a082192a7ed3f2118de4
300194,3,random,32,0,0,1,1,-0.3200000000000001,0.051600000000000146,10,55b633b5b9dbb2d01b1924f8c65e571879f2f60e278ea1723b9dd98a7fa778e2
300194,4,random,32,0,0,1,1,-0.3200000000000001,0.06000000000000011,12,b6d5e8e2dc4b538f2b6dfa9145a01b935ae4ff00d07db6bd265c2f87be419fdb
300194,5,random,32,0,0,1,1,-0.3200000000000001,0.12360000000000022,10,4b2d9ba755f57e9dd053f8e880fc99c4f567dfb0adf8fc3e49ff680098fea21f
300194,6,random,32,0,0,1,1,-0.3200000000000001,0.024000000000000125,6,76cebfd69552b6bc39c493e27c4bccfcb862c60f034a193656eea7cfd2b2ef97
300194,7,random,32,0,0,1,1,-0.3200000000000001,0.04920000000000008,4,507556484faaa947f5524361db090f1a778f7beb88df4af86159590b48e6ebec
300194,8,guided,5,1,1,0,1,0.95,1.162,0,0620b987507bad979b98ba4cd45a17a1ca657049a056ce6914327b4e8c04065e
300194,9,guided,5,1,1,0,1,0.95,1.162,0,0620b987507bad979b98ba4cd45a17a1ca657049a056ce6914327b4e8c04065e
300194,10,guided,5,1,1,0,1,0.95,1.162,0,0620b987507bad979b98ba4cd45a17a1ca657049a056ce6914327b4e8c04065e
300194,11,guided,5,1,1,0,1,0.95,1.162,0,0620b987507bad979b98ba4cd45a17a1ca657049a056ce6914327b4e8c04065e
300194,12,guided,5,1,1,0,1,0.95,1.162,0,0620b987507bad979b98ba4cd45a17a1ca657049a056ce6914327b4e8c04065e
300194,13,guided,5,1,1,0,1,0.95,1.162,0,0620b987507bad979b98ba4cd45a17a1ca657049a056ce6914327b4e8c04065e
300194,14,guided,5,1,1,0,1,0.95,1.162,0,0620b987507bad979b98ba4cd45a17a1ca657049a056ce6914327b4e8c04065e
300194,15,guided,5,1,1,0,1,0.95,1.162,0,0620b987507bad979b98ba4cd45a17a1ca657049a056ce6914327b4e8c04065e
300195,0,random,32,0,0,1,1,-0.3200000000000001,-0.1319999999999999,5,ea611d059ab4c4ae74428a13c74bb5d2341a12bd0a0f2b2285cf549352f0b7b2
300195,1,random,3,1,1,0,1,0.97,1.0536,1,24064762a48cefdd48617b6dec3361f04cd339b86394a88dba73c43bece885ef
300195,2,random,32,0,0,1,1,-0.3200000000000001,-0.10079999999999983,9,6ae94b23e96dd1851d4e9571dba1e0a1ac8c163212c5ecdcd66b6a4e26aed64b
300195,3,random,32,0,0,1,1,-0.3200000000000001,-0.0647999999999998,6,a9f061fae25dd6598145227eba0275eefd9b74370de407dffa1f58828644ac0a
300195,4,random,32,0,0,1,1,-0.3200000000000001,-0.14400000000000002,8,b0b86c3490fec55f49622793da647b6054f839ff3bee16a590743c7039aa42a4
300195,5,random,3,1,1,0,1,0.97,1.0536,1,24064762a48cefdd48617b6dec3361f04cd339b86394a88dba73c43bece885ef
300195,6,random,32,0,0,1,1,-0.3200000000000001,-0.032399999999999846,7,c6cbe614b8a830b74816034f559ecc7e847d71f104dfc125555ba7ff9a92e244
300195,7,random,32,0,0,1,1,-0.3200000000000001,-0.11039999999999994,7,96a7e5805b23df90fe4b576649ebfe09b43d08677d91be5d71a517f90b2fb2cc
300195,8,guided,2,1,1,0,1,0.98,1.0612,0,c145f1ba2bcf4a643925fba1083a35f634e372ac91b2bda43660b563de9df810
300195,9,guided,2,1,1,0,1,0.98,1.0612,0,c145f1ba2bcf4a643925fba1083a35f634e372ac91b2bda43660b563de9df810
300195,10,guided,2,1,1,0,1,0.98,1.0612,0,c145f1ba2bcf4a643925fba1083a35f634e372ac91b2bda43660b563de9df810
300195,11,guided,2,1,1,0,1,0.98,1.0612,0,c145f1ba2bcf4a643925fba1083a35f634e372ac91b2bda43660b563de9df810
300195,12,guided,2,1,1,0,1,0.98,1.0612,0,c145f1ba2bcf4a643925fba1083a35f634e372ac91b2bda43660b563de9df810
300195,13,guided,2,1,1,0,1,0.98,1.0612,0,c145f1ba2bcf4a643925fba1083a35f634e372ac91b2bda43660b563de9df810
300195,14,guided,2,1,1,0,1,0.98,1.0612,0,c145f1ba2bcf4a643925fba1083a35f634e372ac91b2bda43660b563de9df810
300195,15,guided,2,1,1,0,1,0.98,1.0612,0,c145f1ba2bcf4a643925fba1083a35f634e372ac91b2bda43660b563de9df810
300196,0,random,22,1,1,0,1,0.7799999999999999,1.0772000000000002,15,88508dcab63199fe864fc0063fc26e20d66ed6b29d8c93bae4b2efb53d506c38
300196,1,random,28,1,1,0,1,0.72,1.0448000000000002,11,017b451aff9318e668e41c64fef87c85cdfdccffe43bcde1c120a15a09444f07
300196,2,random,32,0,0,1,1,-0.3200000000000001,0.05160000000000019,26,e7b34d5e740ecaf9d68b7edd0b8b3001a95a052e6647781380ba4437f1b0b028
300196,3,random,32,1,1,0,1,0.6799999999999999,0.9640000000000001,11,3bc036eeedd55bfbcc123d0a325d9b644a31313df6e03a090b40fef509943d9b
300196,4,random,32,0,0,1,1,-0.3200000000000001,0.05400000000000013,21,2f97f98072f1cf76d2fff0909927d49d0f982ceac3052c29205b5709d1813449
300196,5,random,5,1,1,0,1,0.95,1.162,0,21fe73bc16f0c33c037f55f96fff90f57c1686a0b99dace5f570b2492b0b12f1
300196,6,random,13,1,1,0,1,0.87,1.112,6,05e82fad7c12e09b4b3c5c25e2ddd5733799d6cdc157749e2fad0a443d44915b
300196,7,random,20,1,1,0,1,0.7999999999999999,1.0456,5,6218382aa75968624a328b075383f018ff0f9412fab91d17c3ea625676a17336
300196,8,guided,5,1,1,0,1,0.95,1.162,0,54f44c4d8067fb21b5681118184359ec6a5f05d8d41088ae9376907f323fd274
300196,9,guided,5,1,1,0,1,0.95,1.162,0,54f44c4d8067fb21b5681118184359ec6a5f05d8d41088ae9376907f323fd274
300196,10,guided,5,1,1,0,1,0.95,1.162,0,54f44c4d8067fb21b5681118184359ec6a5f05d8d41088ae9376907f323fd274
300196,11,guided,5,1,1,0,1,0.95,1.162,0,54f44c4d8067fb21b5681118184359ec6a5f05d8d41088ae9376907f323fd274
300196,12,guided,5,1,1,0,1,0.95,1.162,0,54f44c4d8067fb21b5681118184359ec6a5f05d8d41088ae9376907f323fd274
300196,13,guided,5,1,1,0,1,0.95,1.162,0,54f44c4d8067fb21b5681118184359ec6a5f05d8d41088ae9376907f323fd274
300196,14,guided,5,1,1,0,1,0.95,1.162,0,54f44c4d8067fb21b5681118184359ec6a5f05d8d41088ae9376907f323fd274
300196,15,guided,5,1,1,0,1,0.95,1.162,0,54f44c4d8067fb21b5681118184359ec6a5f05d8d41088ae9376907f323fd274
300197,0,random,32,0,0,1,1,-0.3200000000000001,-0.06559999999999983,10,7dad1a1ad6b5a4ce32269f50883d8c11162b53391816c6d8de7b7b7f0028b350
300197,1,random,32,0,0,1,1,-0.3200000000000001,-0.09079999999999992,9,335e5eb6f2257db981879c7c3214962f8d038154dfac26d84330313da0990793
300197,2,random,32,0,0,1,1,-0.3200000000000001,-0.0955999999999999,9,dde3857a69ab3abae407d9023df86705fa9679e757cd3c3a392c2945e3a4dac0
300197,3,random,32,0,0,1,1,-0.3200000000000001,-0.0835999999999999,9,caab48ec56c41e4761888f2837fcfca0982a33a2fe55351bbb26185c0275c7a0
300197,4,random,32,0,0,1,1,-0.3200000000000001,-0.10519999999999997,8,5bc7c2f891e15709abc525f341ea0cf39c8ac001f5e1b2030f65b8df808d66da
300197,5,random,32,0,0,1,1,-0.3200000000000001,-0.00799999999999984,16,08dd83bba9862d124290b97cbfbf0931aa7d486404e762f16c3f46e65e600d9a
300197,6,random,32,0,0,1,1,-0.3200000000000001,-0.06679999999999985,17,5cd79f36576b7d45e6ea71c7c8b7ed9317907661f4c9a522304905825291708f
300197,7,random,32,0,0,1,1,-0.3200000000000001,-0.05959999999999986,9,31934952a3586f5c4c0e5823cc2f0b864c14b317ea8d5248313726d982789b77
300197,8,guided,19,1,1,0,1,0.8099999999999999,0.9720000000000001,16,830c7d4fae51e4a3ca0b0cda9f79ab9df79deb7386cf490f3157d15880e7cc53
300197,9,guided,19,1,1,0,1,0.8099999999999999,0.9720000000000001,16,830c7d4fae51e4a3ca0b0cda9f79ab9df79deb7386cf490f3157d15880e7cc53
300197,10,guided,19,1,1,0,1,0.8099999999999999,0.9720000000000001,16,830c7d4fae51e4a3ca0b0cda9f79ab9df79deb7386cf490f3157d15880e7cc53
300197,11,guided,19,1,1,0,1,0.8099999999999999,0.9720000000000001,16,830c7d4fae51e4a3ca0b0cda9f79ab9df79deb7386cf490f3157d15880e7cc53
300197,12,guided,19,1,1,0,1,0.8099999999999999,0.9720000000000001,16,830c7d4fae51e4a3ca0b0cda9f79ab9df79deb7386cf490f3157d15880e7cc53
300197,13,guided,19,1,1,0,1,0.8099999999999999,0.9720000000000001,16,830c7d4fae51e4a3ca0b0cda9f79ab9df79deb7386cf490f3157d15880e7cc53
300197,14,guided,19,1,1,0,1,0.8099999999999999,0.9720000000000001,16,830c7d4fae51e4a3ca0b0cda9f79ab9df79deb7386cf490f3157d15880e7cc53
300197,15,guided,19,1,1,0,1,0.8099999999999999,0.9720000000000001,16,830c7d4fae51e4a3ca0b0cda9f79ab9df79deb7386cf490f3157d15880e7cc53
300198,0,random,10,1,1,0,1,0.9,1.1396000000000002,1,852c2293db7eca47009f3597571e8ebb0d61b64390b4e9da24e59ab9bf4f5af6
300198,1,random,32,0,0,1,1,-0.3200000000000001,0.04080000000000014,5,66f477cde01d0d1c200079976fe080ae49cf959b23c93ba3006729bc5fddc4c1
300198,2,random,32,0,0,1,1,-0.3200000000000001,0.04320000000000014,5,d146a3ceeb9c313a055892f631a38f3689f689374c738cc18e624a63989d4ee3
300198,3,random,32,0,0,1,1,-0.3200000000000001,0.00840000000000013,10,d52e988706a6945e0c7d1c3b22e362aa6ce4d7f0f80e0e5bc3a16895aa266bdb
300198,4,random,32,0,0,1,1,-0.3200000000000001,0.02520000000000014,8,e06b87bbbed6451ad4873395dd365bb3e13bb6a7c736d17ffccea902c17e9b2d
300198,5,random,32,0,0,1,1,-0.3200000000000001,0.02880000000000013,8,998f792592b19c46fba2161cb026f6d520afc38848fdfe1b1f8a58f6193df0ce
300198,6,random,32,0,0,1,1,-0.3200000000000001,0.07680000000000017,16,46323cfde91203eef0b4a3dddbf0dabf53ed8ef37f983081220a82cfc1408aab
300198,7,random,32,0,0,1,1,-0.3200000000000001,0.08880000000000024,15,a0e12117f3ec7f926d70f5f4dc9bf29b663ddece618b1943e330e0a504454c91
300198,8,guided,32,1,1,0,1,0.6799999999999999,1.0228000000000002,27,20f5941f33597f913147fafcf94386fe35a852532de91887abbd04ff8d7e9ced
300198,9,guided,32,1,1,0,1,0.6799999999999999,1.0228000000000002,27,20f5941f33597f913147fafcf94386fe35a852532de91887abbd04ff8d7e9ced
300198,10,guided,32,1,1,0,1,0.6799999999999999,1.0228000000000002,27,20f5941f33597f913147fafcf94386fe35a852532de91887abbd04ff8d7e9ced
300198,11,guided,32,1,1,0,1,0.6799999999999999,1.0228000000000002,27,20f5941f33597f913147fafcf94386fe35a852532de91887abbd04ff8d7e9ced
300198,12,guided,32,1,1,0,1,0.6799999999999999,1.0228000000000002,27,20f5941f33597f913147fafcf94386fe35a852532de91887abbd04ff8d7e9ced
300198,13,guided,32,1,1,0,1,0.6799999999999999,1.0228000000000002,27,20f5941f33597f913147fafcf94386fe35a852532de91887abbd04ff8d7e9ced
300198,14,guided,32,1,1,0,1,0.6799999999999999,1.0228000000000002,27,20f5941f33597f913147fafcf94386fe35a852532de91887abbd04ff8d7e9ced
300198,15,guided,32,1,1,0,1,0.6799999999999999,1.0228000000000002,27,20f5941f33597f913147fafcf94386fe35a852532de91887abbd04ff8d7e9ced
300199,0,random,32,0,0,1,1,-0.3200000000000001,0.07840000000000015,8,3beb717258d735ff8877beb262b9bb57a9527636d0458d72e5e4c67d6911e365
300199,1,random,31,1,1,0,1,0.69,1.0812000000000002,13,5d935a1172de56b224afa316e48a7fe4d6d645681661c24fd0a1408d0845ae9c
300199,2,random,13,1,1,0,1,0.87,1.1496,1,60e762440c34b321638db33daeeea7dc79e73b007a35c1d3951350f2d8ac0202
300199,3,random,29,1,1,0,1,0.71,1.1036000000000001,5,7b61b05f0ef187aded12191e347426aa2be4cfd7f603dd88c6ac369eec90635d
300199,4,random,30,1,1,0,1,0.7,1.0636,12,8dbaa67faeaa9f3319c0b925887eb4b921efc320accc9a7d7a11b678a96b3f52
300199,5,random,32,0,0,1,1,-0.3200000000000001,0.11200000000000015,18,a9bb1cf10e6138c07caba2f68ef0a2943230dcfee4b4390210d6bd5be0d2c762
300199,6,random,29,1,1,0,1,0.71,1.0832000000000002,13,0a0699a0bba84d4035a9cf06253d2eee94f4b4d40ecfffa6be8753d565e86ccc
300199,7,random,32,0,0,1,1,-0.3200000000000001,0.12040000000000012,19,86a21a55f11326166c8b57b1d0d63d90240ae6cd6f9e37d1bb195d8b509ad9b9
300199,8,guided,32,0,0,1,1,-0.3200000000000001,-0.015199999999999964,9,03654d71b8862ae26db68c25ebec5516143c1c48b8412d36d1773a6353cad684
300199,9,guided,32,0,0,1,1,-0.3200000000000001,-0.015199999999999964,9,03654d71b8862ae26db68c25ebec5516143c1c48b8412d36d1773a6353cad684
300199,10,guided,32,0,0,1,1,-0.3200000000000001,-0.015199999999999964,9,03654d71b8862ae26db68c25ebec5516143c1c48b8412d36d1773a6353cad684
300199,11,guided,32,0,0,1,1,-0.3200000000000001,-0.015199999999999964,9,03654d71b8862ae26db68c25ebec5516143c1c48b8412d36d1773a6353cad684
300199,12,guided,32,0,0,1,1,-0.3200000000000001,-0.015199999999999964,9,03654d71b8862ae26db68c25ebec5516143c1c48b8412d36d1773a6353cad684
300199,13,guided,32,0,0,1,1,-0.3200000000000001,-0.015199999999999964,9,03654d71b8862ae26db68c25ebec5516143c1c48b8412d36d1773a6353cad684
300199,14,guided,32,0,0,1,1,-0.3200000000000001,-0.015199999999999964,9,03654d71b8862ae26db68c25ebec5516143c1c48b8412d36d1773a6353cad684
300199,15,guided,32,0,0,1,1,-0.3200000000000001,-0.015199999999999964,9,03654d71b8862ae26db68c25ebec5516143c1c48b8412d36d1773a6353cad684
300200,0,random,25,1,1,0,1,0.7499999999999999,1.0872000000000002,5,f832f9f4fb0b2fa8db25cb5daae4e1974c0d45e88a9d0160e6da6eb30110c43e
300200,1,random,32,0,0,1,1,-0.3200000000000001,0.17080000000000026,8,14a38b2109f964f57a0f8f9ddd239d6a3b7eae0002003933845ded8aaae021b6
300200,2,random,32,0,0,1,1,-0.3200000000000001,0.17320000000000024,8,dba2cad16d5f5a2c70f53628cf1b19c4b69000194cee47e01adf5592c07efe1e
300200,3,random,32,0,0,1,1,-0.3200000000000001,0.022000000000000047,6,794dd8211081c0502531ff2d5f3d8b05dcb208ee6afe400a6fecb7c94a041afc
300200,4,random,21,1,1,0,1,0.7899999999999999,1.096,3,bbac9d92a45b048de6777e208ce70b35e01b80e139a2d1cbf1b9990062031530
300200,5,random,11,1,1,0,1,0.89,1.1564,1,dd5db77c20a72efe9c6f63b17a8d8351fe231eb60967b868020932162b1ffa5d
300200,6,random,32,0,0,1,1,-0.3200000000000001,0.1912000000000004,16,08ac377f7162200c291ba637ece51804b5b3a296f66510a949efe374abd18b38
300200,7,random,32,0,0,1,1,-0.3200000000000001,0.1012000000000001,5,982d5cb0d22f523a2524c67b451c6c4764d637b74ca12098a7d751cf0e6339d8
300200,8,guided,6,1,1,0,1,0.94,1.198,0,ebb07c9ecb37e689682d312c085c90e2554bd593f0490490e36af1f6da0f3a95
300200,9,guided,6,1,1,0,1,0.94,1.198,0,ebb07c9ecb37e689682d312c085c90e2554bd593f0490490e36af1f6da0f3a95
300200,10,guided,6,1,1,0,1,0.94,1.198,0,ebb07c9ecb37e689682d312c085c90e2554bd593f0490490e36af1f6da0f3a95
300200,11,guided,6,1,1,0,1,0.94,1.198,0,ebb07c9ecb37e689682d312c085c90e2554bd593f0490490e36af1f6da0f3a95
300200,12,guided,6,1,1,0,1,0.94,1.198,0,ebb07c9ecb37e689682d312c085c90e2554bd593f0490490e36af1f6da0f3a95
300200,13,guided,6,1,1,0,1,0.94,1.198,0,ebb07c9ecb37e689682d312c085c90e2554bd593f0490490e36af1f6da0f3a95
300200,14,guided,6,1,1,0,1,0.94,1.198,0,ebb07c9ecb37e689682d312c085c90e2554bd593f0490490e36af1f6da0f3a95
300200,15,guided,6,1,1,0,1,0.94,1.198,0,ebb07c9ecb37e689682d312c085c90e2554bd593f0490490e36af1f6da0f3a95
300201,0,random,32,0,0,1,1,-0.3200000000000001,0.04600000000000015,16,39a25c63832bc4dc3d9104a3bafe7d9bb0a26ce7585d5066a852dac7299b04d5
300201,1,random,27,1,1,0,1,0.73,0.928,12,047ee05a443ba9bfdfe25b760d81c69bfc926800215b519dfb74ad413bc71572
300201,2,random,20,1,1,0,1,0.7999999999999999,1.0004000000000002,13,7b11cdfb8f6d8a1b58de1640d519a876d7097b99472dd52b0e524a61183f3a5c
300201,3,random,21,1,1,0,1,0.7899999999999999,1.0132,8,8c721a46e184a5e592b787ed4958ea5ff697d0eeb97162fded866d8efb25d571
300201,4,random,32,0,0,1,1,-0.3200000000000001,-0.031999999999999806,16,c64a903625b08eb5068a35a295d36833566be5d1101602945553313bfc6c3103
300201,5,random,32,0,0,1,1,-0.3200000000000001,0.03280000000000011,15,a629d0c863a09cba34a512af2578c0c9a0371e9caac6aaea944c7d483e50e0fd
300201,6,random,10,1,1,0,1,0.9,1.0368,3,4f1af33c3b397b8ccab4980ad19c29c43e489cc9a46a0682b3cc5a82e5f44fe8
300201,7,random,32,0,0,1,1,-0.3200000000000001,-0.09079999999999988,8,a918d7bbac23ffc5d0c4a83865c08156a30b90e2825d4a03736d2eb01d69776b
300201,8,guided,4,1,1,0,1,0.96,1.0872,1,39ba22469dea627b0e865813f5f0af57ca39548bc59e4b11f6f3d6d107b15bb8
300201,9,guided,4,1,1,0,1,0.96,1.0872,1,39ba22469dea627b0e865813f5f0af57ca39548bc59e4b11f6f3d6d107b15bb8
300201,10,guided,4,1,1,0,1,0.96,1.0872,1,39ba22469dea627b0e865813f5f0af57ca39548bc59e4b11f6f3d6d107b15bb8
300201,11,guided,4,1,1,0,1,0.96,1.0872,1,39ba22469dea627b0e865813f5f0af57ca39548bc59e4b11f6f3d6d107b15bb8
300201,12,guided,4,1,1,0,1,0.96,1.0872,1,39ba22469dea627b0e865813f5f0af57ca39548bc59e4b11f6f3d6d107b15bb8
300201,13,guided,4,1,1,0,1,0.96,1.0872,1,39ba22469dea627b0e865813f5f0af57ca39548bc59e4b11f6f3d6d107b15bb8
300201,14,guided,4,1,1,0,1,0.96,1.0872,1,39ba22469dea627b0e865813f5f0af57ca39548bc59e4b11f6f3d6d107b15bb8
300201,15,guided,4,1,1,0,1,0.96,1.0872,1,39ba22469dea627b0e865813f5f0af57ca39548bc59e4b11f6f3d6d107b15bb8
300202,0,random,32,0,0,1,1,-0.3200000000000001,-0.0003999999999998449,13,828a2a677c18616b84adca938a38e5301d14de7b6d745124dfa44409567620cb
300202,1,random,15,1,1,0,1,0.85,1.0496,5,e3d2944a91096f412c38584d264c9f4c0d3396fe3548b2a6ff321ccf2a9aab27
300202,2,random,32,0,0,1,1,-0.3200000000000001,0.023600000000000204,11,01fb7d239e738d3dcacbb3f44c0c7e00b1ad905db94d45819571ae800067d3ad
300202,3,random,32,0,0,1,1,-0.3200000000000001,-0.053199999999999914,12,a4d4ca4b3178f80e80889a0a18eec430cf37dbc5c50d447adc208981041dc2e9
300202,4,random,32,0,0,1,1,-0.3200000000000001,-0.013599999999999862,9,d1e8db3ab85e7b43068e4cf99daf4c4d606b30b9a53bba80f92bf11a3e402cde
300202,5,random,10,1,1,0,1,0.9,1.096,2,2292a495b1d577b7ff3d1d3ee35cec83b92837bd219737a81e12ab723b7142d4
300202,6,random,32,0,0,1,1,-0.3200000000000001,-0.05319999999999991,8,7b28d56d99a67e5091a814ef315fb005dde698ae1dab308683af63ef33c48234
300202,7,random,32,0,0,1,1,-0.3200000000000001,-0.039999999999999945,6,0f673d8ad133900f145a9aadd7adcccfb3e8b9a14281e9437cf040d1c1f422cd
300202,8,guided,4,1,1,0,1,0.96,1.1272,0,a8cfae7676317489c022846765cd142893a64856233335ef310014c7d30d21e3
300202,9,guided,4,1,1,0,1,0.96,1.1272,0,a8cfae7676317489c022846765cd142893a64856233335ef310014c7d30d21e3
300202,10,guided,4,1,1,0,1,0.96,1.1272,0,a8cfae7676317489c022846765cd142893a64856233335ef310014c7d30d21e3
300202,11,guided,4,1,1,0,1,0.96,1.1272,0,a8cfae7676317489c022846765cd142893a64856233335ef310014c7d30d21e3
300202,12,guided,4,1,1,0,1,0.96,1.1272,0,a8cfae7676317489c022846765cd142893a64856233335ef310014c7d30d21e3
300202,13,guided,4,1,1,0,1,0.96,1.1272,0,a8cfae7676317489c022846765cd142893a64856233335ef310014c7d30d21e3
300202,14,guided,4,1,1,0,1,0.96,1.1272,0,a8cfae7676317489c022846765cd142893a64856233335ef310014c7d30d21e3
300202,15,guided,4,1,1,0,1,0.96,1.1272,0,a8cfae7676317489c022846765cd142893a64856233335ef310014c7d30d21e3
300203,0,random,17,1,1,0,1,0.83,0.9628000000000001,3,198cdc65c6335066fbd7034d55d49f5c4230100b319dcd3eaf0a0f18c3178786
300203,1,random,28,1,1,0,1,0.72,0.8900000000000001,8,d92bd0a8f4f111e1dea30cb4deb0198385f397c682651ded9361e9cef0b78991
300203,2,random,10,1,1,0,1,0.9,1.0124,0,eb496e62e1a0a5d0c9147d4e2c456856f0498993564722322669acb92f572f10
300203,3,random,10,1,1,0,1,0.9,0.9968,2,f364f72f4e60bb0effa3a7cdde66b5c21ff23e82d0c0043283ccd0ae5aa85768
300203,4,random,32,0,0,1,1,-0.3200000000000001,-0.11759999999999998,7,6d695642ccdbc06775770b1d1178c2d087e28053572a134937b902c6f38a2e51
300203,5,random,4,1,1,0,1,0.96,1.0448,0,3e2de7979ae510970a9f2abd9bf0095bde49945787677a0d561499609039c9ce
300203,6,random,4,1,1,0,1,0.96,1.0448,0,3e2de7979ae510970a9f2abd9bf0095bde49945787677a0d561499609039c9ce
300203,7,random,32,0,0,1,1,-0.3200000000000001,-0.09359999999999984,8,c5920e5c24e36b5b3986b3359ca3882d60336323c612f723a84a36ee3c598494
300203,8,guided,2,1,1,0,1,0.98,1.0612,0,8c0cd84b8ea1b5fb9253d75cdf02478a46f8fc26ca47b01ca9a4858a04e7bc09
300203,9,guided,2,1,1,0,1,0.98,1.0612,0,8c0cd84b8ea1b5fb9253d75cdf02478a46f8fc26ca47b01ca9a4858a04e7bc09
300203,10,guided,2,1,1,0,1,0.98,1.0612,0,8c0cd84b8ea1b5fb9253d75cdf02478a46f8fc26ca47b01ca9a4858a04e7bc09
300203,11,guided,2,1,1,0,1,0.98,1.0612,0,8c0cd84b8ea1b5fb9253d75cdf02478a46f8fc26ca47b01ca9a4858a04e7bc09
300203,12,guided,2,1,1,0,1,0.98,1.0612,0,8c0cd84b8ea1b5fb9253d75cdf02478a46f8fc26ca47b01ca9a4858a04e7bc09
300203,13,guided,2,1,1,0,1,0.98,1.0612,0,8c0cd84b8ea1b5fb9253d75cdf02478a46f8fc26ca47b01ca9a4858a04e7bc09
300203,14,guided,2,1,1,0,1,0.98,1.0612,0,8c0cd84b8ea1b5fb9253d75cdf02478a46f8fc26ca47b01ca9a4858a04e7bc09
300203,15,guided,2,1,1,0,1,0.98,1.0612,0,8c0cd84b8ea1b5fb9253d75cdf02478a46f8fc26ca47b01ca9a4858a04e7bc09
300204,0,random,32,0,0,1,1,-0.3200000000000001,0.006000000000000075,13,977ddce45affa2b4658800ec596d1aa9fc925bee6008d173bb90a2ba9fa467d2
300204,1,random,11,1,1,0,1,0.89,1.1188,2,5bff6316a5a98ef5e5bc1c2731eb051195ca5bbeb14338e581e80e30cddcdcbf
300204,2,random,32,0,0,1,1,-0.3200000000000001,-0.011999999999999955,10,964e3c687bcfa241ff072c9e4d0ab1d69ce9fd9aacfda9040b9cbc8307d01762
300204,3,random,32,0,0,1,1,-0.3200000000000001,-0.004799999999999929,6,8924c692296b1ef9e379964833d50ed525b6e5a031ca37bcfe488672b1b687fd
300204,4,random,32,0,0,1,1,-0.3200000000000001,0.02160000000000009,5,197535304e10aa820dfb69fd9a332fa8de69161c57451bedaa288cfc315ec921
300204,5,random,30,1,1,0,1,0.7,1.0176,5,36395e114c18b50986e589938bc8ca07a1ed96b835d38681e762da54f0d2d083
300204,6,random,32,0,0,1,1,-0.3200000000000001,0.042000000000000176,12,3a523bfcd10d4b89ca32b6e01144d083b709a6505530b2cfd416c1378147c130
300204,7,random,32,0,0,1,1,-0.3200000000000001,0.11880000000000024,21,02575b1f587786f869ac13dd6db5ebc77925bb325f858e6bbbef27544cba9cc1
300204,8,guided,5,1,1,0,1,0.95,1.162,0,bd6d30286026eeda1ba3afe0a4dfe82b94c8d0ed3d730e6248df43b7a3dd8737
300204,9,guided,5,1,1,0,1,0.95,1.162,0,bd6d30286026eeda1ba3afe0a4dfe82b94c8d0ed3d730e6248df43b7a3dd8737
300204,10,guided,5,1,1,0,1,0.95,1.162,0,bd6d30286026eeda1ba3afe0a4dfe82b94c8d0ed3d730e6248df43b7a3dd8737
300204,11,guided,5,1,1,0,1,0.95,1.162,0,bd6d30286026eeda1ba3afe0a4dfe82b94c8d0ed3d730e6248df43b7a3dd8737
300204,12,guided,5,1,1,0,1,0.95,1.162,0,bd6d30286026eeda1ba3afe0a4dfe82b94c8d0ed3d730e6248df43b7a3dd8737
300204,13,guided,5,1,1,0,1,0.95,1.162,0,bd6d30286026eeda1ba3afe0a4dfe82b94c8d0ed3d730e6248df43b7a3dd8737
300204,14,guided,5,1,1,0,1,0.95,1.162,0,bd6d30286026eeda1ba3afe0a4dfe82b94c8d0ed3d730e6248df43b7a3dd8737
300204,15,guided,5,1,1,0,1,0.95,1.162,0,bd6d30286026eeda1ba3afe0a4dfe82b94c8d0ed3d730e6248df43b7a3dd8737
300205,0,random,32,0,0,1,1,-0.3200000000000001,-0.1343999999999999,10,7693069a72dcfb2641cfca97d7543458e1dc0c123e1aa08b20d2ef8190332c5c
300205,1,random,2,1,1,0,1,0.98,1.0612,0,57f3e3dccc66dad2c0daf4ac5f83d6d148080f85c27aa00380333a15bde1316f
300205,2,random,32,0,0,1,1,-0.3200000000000001,-0.11759999999999994,10,9cd2c0914837893f98941aaf5d30c4aca986ea79c13de494451c677a061b780a
300205,3,random,12,1,1,0,1,0.88,0.996,0,abe80c2cd0dba4483ad024aa195b64e3994e87f4aa0cfa32d0374cb9d599f8d6
300205,4,random,6,1,1,0,1,0.94,1.0308,0,2c2245f6bfa53650a5845270625fd3582dda15bc9b23db7c0c9e9c6d6ccf9ea0
300205,5,random,32,0,0,1,1,-0.3200000000000001,-0.12239999999999995,4,c0398c63cc697533ca78a384dca5d67fca99b2dd31234c7e5503fe7b296c8d45
300205,6,random,32,0,0,1,1,-0.3200000000000001,-0.12959999999999994,5,d5f6f94e3dfadcf1a362f5570c7797b1a5954a7aba69016019292dfe161c8d94
300205,7,random,4,1,1,0,1,0.96,1.0448,0,e9af54868f9cbdaf9c265f977f81d6f93d31ad61360a0965d40912dff8ede423
300205,8,guided,2,1,1,0,1,0.98,1.0612,0,f8d4461d86064c7f8fed657a5988f9bf67283c90b2b7532cba0f46cbf609af0b
300205,9,guided,2,1,1,0,1,0.98,1.0612,0,f8d4461d86064c7f8fed657a5988f9bf67283c90b2b7532cba0f46cbf609af0b
300205,10,guided,2,1,1,0,1,0.98,1.0612,0,f8d4461d86064c7f8fed657a5988f9bf67283c90b2b7532cba0f46cbf609af0b
300205,11,guided,2,1,1,0,1,0.98,1.0612,0,f8d4461d86064c7f8fed657a5988f9bf67283c90b2b7532cba0f46cbf609af0b
300205,12,guided,2,1,1,0,1,0.98,1.0612,0,f8d4461d86064c7f8fed657a5988f9bf67283c90b2b7532cba0f46cbf609af0b
300205,13,guided,2,1,1,0,1,0.98,1.0612,0,f8d4461d86064c7f8fed657a5988f9bf67283c90b2b7532cba0f46cbf609af0b
300205,14,guided,2,1,1,0,1,0.98,1.0612,0,f8d4461d86064c7f8fed657a5988f9bf67283c90b2b7532cba0f46cbf609af0b
300205,15,guided,2,1,1,0,1,0.98,1.0612,0,f8d4461d86064c7f8fed657a5988f9bf67283c90b2b7532cba0f46cbf609af0b
300206,0,random,32,0,0,1,1,-0.3200000000000001,-0.1804,3,cf15a333dd7a8ffcc5cb9c891c336e5e9e2a435e6fc6a8e3d382139dfed7c81a
300206,1,random,32,0,0,1,1,-0.3200000000000001,-0.17200000000000004,2,3a2ae26d1e5e9f4038df08e002472ff06acaacee9bb5ecf3291ae2d442a76303
300206,2,random,32,0,0,1,1,-0.3200000000000001,-0.1456,3,b8dc281af92547552d111386047473c0c882e5deaecca39783dcae54af6a25bb
300206,3,random,32,0,0,1,1,-0.3200000000000001,-0.1528,11,75162619cebfa4d71dfb9173b5755fdc62caa7ec1dd57f2119e3a22dd556d843
300206,4,random,1,1,1,0,1,0.99,1.03,0,ab8783aae118c7ce2d2fa7fd67d874333c5a51a0ceb8eb253b0727a50a642c97
300206,5,random,32,0,0,1,1,-0.3200000000000001,-0.17319999999999997,7,e48b4b1a4b42b4b786d6f493c1d5d51f852372e071f3b5a2516529a385656e55
300206,6,random,14,1,1,0,1,0.86,0.9276,5,82151dbaec3dd3a3485e65269474ac6a59696e811f8ff9c02633b69f828e278b
300206,7,random,21,1,1,0,1,0.7899999999999999,0.8876000000000001,6,e1ef0cadd5e1309d255d64cfa408a1d925afc7b2a6d265c3f0bd3e3a318124eb
300206,8,guided,1,1,1,0,1,0.99,1.03,0,ab8783aae118c7ce2d2fa7fd67d874333c5a51a0ceb8eb253b0727a50a642c97
300206,9,guided,1,1,1,0,1,0.99,1.03,0,ab8783aae118c7ce2d2fa7fd67d874333c5a51a0ceb8eb253b0727a50a642c97
300206,10,guided,1,1,1,0,1,0.99,1.03,0,ab8783aae118c7ce2d2fa7fd67d874333c5a51a0ceb8eb253b0727a50a642c97
300206,11,guided,1,1,1,0,1,0.99,1.03,0,ab8783aae118c7ce2d2fa7fd67d874333c5a51a0ceb8eb253b0727a50a642c97
300206,12,guided,1,1,1,0,1,0.99,1.03,0,ab8783aae118c7ce2d2fa7fd67d874333c5a51a0ceb8eb253b0727a50a642c97
300206,13,guided,1,1,1,0,1,0.99,1.03,0,ab8783aae118c7ce2d2fa7fd67d874333c5a51a0ceb8eb253b0727a50a642c97
300206,14,guided,1,1,1,0,1,0.99,1.03,0,ab8783aae118c7ce2d2fa7fd67d874333c5a51a0ceb8eb253b0727a50a642c97
300206,15,guided,1,1,1,0,1,0.99,1.03,0,ab8783aae118c7ce2d2fa7fd67d874333c5a51a0ceb8eb253b0727a50a642c97
300207,0,random,32,0,0,1,1,-0.3200000000000001,0.22640000000000027,17,970a92ed24d5dd6d138e9727191f08e70c70a2f976971858d997a12cd4739b08
300207,1,random,32,0,0,1,1,-0.3200000000000001,0.18080000000000024,12,6ebe5413df8f81c15c45c1f39ec46e67e01a89cb759a70ee6aef0ca6ca279351
300207,2,random,32,0,0,1,1,-0.3200000000000001,0.18560000000000015,22,6559a3e7874737a0df7d38b8d702282c5ac3c9fb9416d285d7c1ab9cdb9889d5
300207,3,random,32,0,0,1,1,-0.3200000000000001,0.2120000000000002,16,3b7abc06cc733fcc4b424bd323fae20cee9883d40ab25aecf97895ec1615b3c0
300207,4,random,32,0,0,1,1,-0.3200000000000001,0.22400000000000028,16,185cfe1d34b8d86cc63c7c68dbeee8c49222f3ee0fc2130d3ee2472aa957488c
300207,5,random,32,0,0,1,1,-0.3200000000000001,0.21800000000000025,19,32d6f188051d0d463ec9ba2ff2da8d5c5c1f234dc4e60f3ec5c5534e9600f4d5
300207,6,random,32,0,0,1,1,-0.3200000000000001,0.23240000000000022,21,d72692aea21ccac099e18b0c5db6bceb50b5790100f2790dc651e28172acee64
300207,7,random,32,0,0,1,1,-0.3200000000000001,0.2144000000000002,12,fb1fbb67f89221c9840305488e6533eb61b6bac82dcb1d60c1376ae5ecec7658
300207,8,guided,32,0,0,1,1,-0.3200000000000001,0.22040000000000023,32,6c92d60a5a98b5271085820f3aeb82e784cb6eaef005d15f14dae9f6e4b04517
300207,9,guided,32,0,0,1,1,-0.3200000000000001,0.22040000000000023,32,6c92d60a5a98b5271085820f3aeb82e784cb6eaef005d15f14dae9f6e4b04517
300207,10,guided,32,0,0,1,1,-0.3200000000000001,0.22040000000000023,32,6c92d60a5a98b5271085820f3aeb82e784cb6eaef005d15f14dae9f6e4b04517
300207,11,guided,32,0,0,1,1,-0.3200000000000001,0.22040000000000023,32,6c92d60a5a98b5271085820f3aeb82e784cb6eaef005d15f14dae9f6e4b04517
300207,12,guided,32,0,0,1,1,-0.3200000000000001,0.22040000000000023,32,6c92d60a5a98b5271085820f3aeb82e784cb6eaef005d15f14dae9f6e4b04517
300207,13,guided,32,0,0,1,1,-0.3200000000000001,0.22040000000000023,32,6c92d60a5a98b5271085820f3aeb82e784cb6eaef005d15f14dae9f6e4b04517
300207,14,guided,32,0,0,1,1,-0.3200000000000001,0.22040000000000023,32,6c92d60a5a98b5271085820f3aeb82e784cb6eaef005d15f14dae9f6e4b04517
300207,15,guided,32,0,0,1,1,-0.3200000000000001,0.22040000000000023,32,6c92d60a5a98b5271085820f3aeb82e784cb6eaef005d15f14dae9f6e4b04517
300208,0,random,32,0,0,1,1,-0.3200000000000001,0.019200000000000106,8,3327032d4a7ab82f6f1f94eaeccf61899d5777b005443b8f89711ec1a149137c
300208,1,random,26,1,1,0,1,0.74,1.0288000000000002,7,9c03d9676e787caee380ab50125ca45b60c238d317ccc662ec3d7d54243f2da3
300208,2,random,17,1,1,0,1,0.83,1.0768,4,219cad996171fd010b7c0a830e8be7a0bbe568e9abc1568e30e426393e7c0656
300208,3,random,12,1,1,0,1,0.88,1.1208,7,eb5932cacdc77073222476f2a1c6ad1be98192ad4fa194999fc5faab43353f1c
300208,4,random,32,0,0,1,1,-0.3200000000000001,0.015600000000000142,10,d091d389d9f714cfa0defe30c478b9ecfa6af7d53750c6b985fd316b050977f9
300208,5,random,13,1,1,0,1,0.87,1.1096000000000001,4,272a3f9823209b5177c70bb08340007c500788a8a2ba8ee0e1b4b5d40eb5d9bb
300208,6,random,32,0,0,1,1,-0.3200000000000001,0.02760000000000013,14,febbe394cd4128667c259232a96e0b8282e4fe7b1c3995114150264acb997408
300208,7,random,32,0,0,1,1,-0.3200000000000001,0.05040000000000017,12,f4f37d2a4214d3c2f48bab4aadd8101a2e3b608e610af1c7c7b6a43495c3e89f
300208,8,guided,5,1,1,0,1,0.95,1.162,0,06ffedaa498e40c7280240fdcd8c009265a0f6fdcd9391fe1b6df64f8e63e0ea
300208,9,guided,5,1,1,0,1,0.95,1.162,0,06ffedaa498e40c7280240fdcd8c009265a0f6fdcd9391fe1b6df64f8e63e0ea
300208,10,guided,5,1,1,0,1,0.95,1.162,0,06ffedaa498e40c7280240fdcd8c009265a0f6fdcd9391fe1b6df64f8e63e0ea
300208,11,guided,5,1,1,0,1,0.95,1.162,0,06ffedaa498e40c7280240fdcd8c009265a0f6fdcd9391fe1b6df64f8e63e0ea
300208,12,guided,5,1,1,0,1,0.95,1.162,0,06ffedaa498e40c7280240fdcd8c009265a0f6fdcd9391fe1b6df64f8e63e0ea
300208,13,guided,5,1,1,0,1,0.95,1.162,0,06ffedaa498e40c7280240fdcd8c009265a0f6fdcd9391fe1b6df64f8e63e0ea
300208,14,guided,5,1,1,0,1,0.95,1.162,0,06ffedaa498e40c7280240fdcd8c009265a0f6fdcd9391fe1b6df64f8e63e0ea
300208,15,guided,5,1,1,0,1,0.95,1.162,0,06ffedaa498e40c7280240fdcd8c009265a0f6fdcd9391fe1b6df64f8e63e0ea
300209,0,random,32,0,0,1,1,-0.3200000000000001,-0.03799999999999992,12,e3b3fe17a681101fb6e99c0ae433d73b21fa17aad19b0c49b4895ba813b9abad
300209,1,random,32,0,0,1,1,-0.3200000000000001,0.019600000000000256,11,57756166f33a4a3e647f8d3541f020bc1d7d8e4a4bc4a7014a02e7620c0b4808
300209,2,random,32,0,0,1,1,-0.3200000000000001,-0.011599999999999805,7,117d8881753a04dad9a18d2652174f44995c92bdaebccbf5f00e9a6e04a78f7e
300209,3,random,32,0,0,1,1,-0.3200000000000001,-0.01759999999999981,7,1e15ffbf7ae52cd962f3194efc9e16162aa54d4c78554f5de88b5b6142e082f9
300209,4,random,32,0,0,1,1,-0.3200000000000001,0.00520000000000026,10,f29597ffa18a527a90119343b8bc65f931532335febf71e9ee561884d87c5de7
300209,5,random,32,0,0,1,1,-0.3200000000000001,-0.04879999999999993,14,b5902a90172dc6251ba0aa775419a1cee6c7c4e4f714cf0387ec84b5eaee6478
300209,6,random,32,0,0,1,1,-0.3200000000000001,0.0016000000000002401,11,c4fb28d94c55fb41539e24c505e40fe4c090d714952ccca6fc804607dce58e0a
300209,7,random,32,0,0,1,1,-0.3200000000000001,-0.017599999999999838,14,bc20c737e5b2a2b9b85d9d766b4d94083a1b5db4229aed508cef7c0ec8d8983a
300209,8,guided,3,1,1,0,1,0.97,1.0936,0,a5bebd818f4111a5d8bced1c34f3faeada47c1ba29901ec41282920b78c8b8b4
300209,9,guided,3,1,1,0,1,0.97,1.0936,0,a5bebd818f4111a5d8bced1c34f3faeada47c1ba29901ec41282920b78c8b8b4
300209,10,guided,3,1,1,0,1,0.97,1.0936,0,a5bebd818f4111a5d8bced1c34f3faeada47c1ba29901ec41282920b78c8b8b4
300209,11,guided,3,1,1,0,1,0.97,1.0936,0,a5bebd818f4111a5d8bced1c34f3faeada47c1ba29901ec41282920b78c8b8b4
300209,12,guided,3,1,1,0,1,0.97,1.0936,0,a5bebd818f4111a5d8bced1c34f3faeada47c1ba29901ec41282920b78c8b8b4
300209,13,guided,3,1,1,0,1,0.97,1.0936,0,a5bebd818f4111a5d8bced1c34f3faeada47c1ba29901ec41282920b78c8b8b4
300209,14,guided,3,1,1,0,1,0.97,1.0936,0,a5bebd818f4111a5d8bced1c34f3faeada47c1ba29901ec41282920b78c8b8b4
300209,15,guided,3,1,1,0,1,0.97,1.0936,0,a5bebd818f4111a5d8bced1c34f3faeada47c1ba29901ec41282920b78c8b8b4
300210,0,random,32,0,0,1,1,-0.3200000000000001,-0.05039999999999975,8,7b0acff10938aa2d2fc1cb7b1f2bac151709c2398d0ce4bc8f896e2969debd98
300210,1,random,2,1,1,0,1,0.98,1.0612,0,87dc0a5f88114314192365674e7e45204bd45896bceeaeec21ac4fe096065bb5
300210,2,random,32,0,0,1,1,-0.3200000000000001,-0.11639999999999977,13,29f9f28643758485ba746e633fa1e19751c4eb0dd83820837e18660f83edefc2
300210,3,random,32,0,0,1,1,-0.3200000000000001,-0.11759999999999993,11,e412e74d74c39da47046532c03c97cb8202f059e0b0b30163f410478bdfc46c6
300210,4,random,32,0,0,1,1,-0.3200000000000001,-0.11279999999999983,9,2fe426f11cd991e335d892c3ac87dafbae5b8e1332f99cd0ffc22efc561fa133
300210,5,random,22,1,1,0,1,0.7799999999999999,0.9152,8,41d25fc8b8251dfe91591219054a4e0565e1f2e7aa545454a92432878032cee5
300210,6,random,32,0,0,1,1,-0.3200000000000001,-0.03839999999999966,14,f01406b786f1a0c2c150bf0cd71a645245aea0e60ce8cfcf4bfc27fc495b248f
300210,7,random,32,0,0,1,1,-0.3200000000000001,-0.08879999999999988,9,d06a912c4eeed2e94178775837d6cea4d51195fdc9788951176d3d15de9a7c47
300210,8,guided,3,1,1,0,1,0.97,1.0536,1,b22d020a766a9fe0e49d2863b84128a6348d01271fa2aa769288d9e1d159cd29
300210,9,guided,3,1,1,0,1,0.97,1.0536,1,b22d020a766a9fe0e49d2863b84128a6348d01271fa2aa769288d9e1d159cd29
300210,10,guided,3,1,1,0,1,0.97,1.0536,1,b22d020a766a9fe0e49d2863b84128a6348d01271fa2aa769288d9e1d159cd29
300210,11,guided,3,1,1,0,1,0.97,1.0536,1,b22d020a766a9fe0e49d2863b84128a6348d01271fa2aa769288d9e1d159cd29
300210,12,guided,3,1,1,0,1,0.97,1.0536,1,b22d020a766a9fe0e49d2863b84128a6348d01271fa2aa769288d9e1d159cd29
300210,13,guided,3,1,1,0,1,0.97,1.0536,1,b22d020a766a9fe0e49d2863b84128a6348d01271fa2aa769288d9e1d159cd29
300210,14,guided,3,1,1,0,1,0.97,1.0536,1,b22d020a766a9fe0e49d2863b84128a6348d01271fa2aa769288d9e1d159cd29
300210,15,guided,3,1,1,0,1,0.97,1.0536,1,b22d020a766a9fe0e49d2863b84128a6348d01271fa2aa769288d9e1d159cd29
300211,0,random,2,1,1,0,1,0.98,1.0212,1,d8404f8f175e1bef5adcb82fc85d0b4fa57580a316b38a803fc5ec88c7663817
300211,1,random,4,1,1,0,1,0.96,1.0036,3,52c888a7e2461d75ec06294bdcc0fe6945f57d957ac91c900cea0eee31051c73
300211,2,random,32,0,0,1,1,-0.3200000000000001,-0.19240000000000002,16,6237d07840c68c70f5ca399bbe5185869b244aa290fde7cc2faf09b78885d3a0
300211,3,random,1,1,1,0,1,0.99,1.03,0,72a9fdb4c681950a79d3a855092bfe0997d83df355030c670e62c7d966b3277b
300211,4,random,10,1,1,0,1,0.9,0.9604,1,7379c3a7b30072debf72a63cd747d30769028dca7292eb2c0c709335952370ad
300211,5,random,1,1,1,0,1,0.99,1.03,0,72a9fdb4c681950a79d3a855092bfe0997d83df355030c670e62c7d966b3277b
300211,6,random,18,1,1,0,1,0.82,0.9044000000000001,7,7bcc660e682f4daab59e291f6be98df2d41dd99f0d20a65bfa2749da06aacee3
300211,7,random,26,1,1,0,1,0.74,0.8400000000000001,17,b8ea1801f2551cd805276dae7e8520501ee4b1ab0d73c0ada92f59f61e024dbc
300211,8,guided,1,1,1,0,1,0.99,1.03,0,72a9fdb4c681950a79d3a855092bfe0997d83df355030c670e62c7d966b3277b
300211,9,guided,1,1,1,0,1,0.99,1.03,0,72a9fdb4c681950a79d3a855092bfe0997d83df355030c670e62c7d966b3277b
300211,10,guided,1,1,1,0,1,0.99,1.03,0,72a9fdb4c681950a79d3a855092bfe0997d83df355030c670e62c7d966b3277b
300211,11,guided,1,1,1,0,1,0.99,1.03,0,72a9fdb4c681950a79d3a855092bfe0997d83df355030c670e62c7d966b3277b
300211,12,guided,1,1,1,0,1,0.99,1.03,0,72a9fdb4c681950a79d3a855092bfe0997d83df355030c670e62c7d966b3277b
300211,13,guided,1,1,1,0,1,0.99,1.03,0,72a9fdb4c681950a79d3a855092bfe0997d83df355030c670e62c7d966b3277b
300211,14,guided,1,1,1,0,1,0.99,1.03,0,72a9fdb4c681950a79d3a855092bfe0997d83df355030c670e62c7d966b3277b
300211,15,guided,1,1,1,0,1,0.99,1.03,0,72a9fdb4c681950a79d3a855092bfe0997d83df355030c670e62c7d966b3277b
300212,0,random,32,0,0,1,1,-0.3200000000000001,0.0032000000000000917,10,7269b5e9ad2aab584119eb0586a1ba2ecef87bc33f3374758ec9f4645ee4f0a3
300212,1,random,24,1,1,0,1,0.7599999999999999,1.0064000000000002,6,4a9cee1b5ede9efbaa6de6d1a713f7b6a8e6f66aa1926792b7cd175523abcbe5
300212,2,random,32,0,0,1,1,-0.3200000000000001,0.02720000000000014,14,c6e6e3e8445e4bb18fa0e26a12f47913bcd703b8b476095d9c1f65c597fe03c6
300212,3,random,4,1,1,0,1,0.96,1.1272,0,f9f9dfc349330eb13b027033398b0669dd9472b2837df90708f3c025f0ee807e
300212,4,random,32,0,0,1,1,-0.3200000000000001,0.01760000000000017,16,4e8d09f140a5e482345bc76730250731b257efc88e54b193314791dc9a714030
300212,5,random,32,0,0,1,1,-0.3200000000000001,0.017600000000000143,7,b83a1d4ca44e7f576734b67ff37bd0bdd7d9ba095f6f07c5aa73333d25c6123f
300212,6,random,16,1,1,0,1,0.84,1.0312000000000001,4,8233731f12226ba2d9d9aa6084f134f75f8b79466cf83e0b94c3e5f53b1b1c93
300212,7,random,32,0,0,1,1,-0.3200000000000001,-0.03159999999999988,12,f99b56860ef19ab35033350d7f7874161b78adac066376dab35b06c852ba34f7
300212,8,guided,4,1,1,0,1,0.96,1.1272,0,f9f9dfc349330eb13b027033398b0669dd9472b2837df90708f3c025f0ee807e
300212,9,guided,4,1,1,0,1,0.96,1.1272,0,f9f9dfc349330eb13b027033398b0669dd9472b2837df90708f3c025f0ee807e
300212,10,guided,4,1,1,0,1,0.96,1.1272,0,f9f9dfc349330eb13b027033398b0669dd9472b2837df90708f3c025f0ee807e
300212,11,guided,4,1,1,0,1,0.96,1.1272,0,f9f9dfc349330eb13b027033398b0669dd9472b2837df90708f3c025f0ee807e
300212,12,guided,4,1,1,0,1,0.96,1.1272,0,f9f9dfc349330eb13b027033398b0669dd9472b2837df90708f3c025f0ee807e
300212,13,guided,4,1,1,0,1,0.96,1.1272,0,f9f9dfc349330eb13b027033398b0669dd9472b2837df90708f3c025f0ee807e
300212,14,guided,4,1,1,0,1,0.96,1.1272,0,f9f9dfc349330eb13b027033398b0669dd9472b2837df90708f3c025f0ee807e
300212,15,guided,4,1,1,0,1,0.96,1.1272,0,f9f9dfc349330eb13b027033398b0669dd9472b2837df90708f3c025f0ee807e
300213,0,random,16,1,1,0,1,0.84,0.9632000000000001,2,2e5731ab53664e0b7eaf92fa003f16cc0a74d74c70b2b70200b6f5e3733842db
300213,1,random,5,1,1,0,1,0.95,1.0372000000000001,1,781301f84f536a46b4404ae81fa4b3c158c706db283219a896dca3dbfd1a08b2
300213,2,random,4,1,1,0,1,0.96,1.0436,2,7f40d45ed15cbf1c52ba48d404218fe459ae66b90c230f052ffac90d8357a86b
300213,3,random,2,1,1,0,1,0.98,1.0612,0,78b295a51a0929094edb4d5b2855eebe3b1b69f42ba21369f5063fbabb0d5130
300213,4,random,9,1,1,0,1,0.91,1.0152,5,cbf11aad3badc7371ae969ff62af4dba49120f4fadaa8b2dac6a0531769fdb5c
300213,5,random,18,1,1,0,1,0.82,0.9396,4,3cc8eefc6ea6d6eb71ed3aaf058eb70c1b99073d560be4e36343dddc7023af09
300213,6,random,10,1,1,0,1,0.9,0.9992000000000001,4,294416b3c67880c5deefee33aa743af80c4a1af87035e115fdcd281333c1c7a2
300213,7,random,32,0,0,1,1,-0.3200000000000001,-0.11759999999999991,10,2a2a08d1833eea12b2aa529d861290630ead25da0106d8e19b4c6a714be7278b
300213,8,guided,2,1,1,0,1,0.98,1.0612,0,78b295a51a0929094edb4d5b2855eebe3b1b69f42ba21369f5063fbabb0d5130
300213,9,guided,2,1,1,0,1,0.98,1.0612,0,78b295a51a0929094edb4d5b2855eebe3b1b69f42ba21369f5063fbabb0d5130
300213,10,guided,2,1,1,0,1,0.98,1.0612,0,78b295a51a0929094edb4d5b2855eebe3b1b69f42ba21369f5063fbabb0d5130
300213,11,guided,2,1,1,0,1,0.98,1.0612,0,78b295a51a0929094edb4d5b2855eebe3b1b69f42ba21369f5063fbabb0d5130
300213,12,guided,2,1,1,0,1,0.98,1.0612,0,78b295a51a0929094edb4d5b2855eebe3b1b69f42ba21369f5063fbabb0d5130
300213,13,guided,2,1,1,0,1,0.98,1.0612,0,78b295a51a0929094edb4d5b2855eebe3b1b69f42ba21369f5063fbabb0d5130
300213,14,guided,2,1,1,0,1,0.98,1.0612,0,78b295a51a0929094edb4d5b2855eebe3b1b69f42ba21369f5063fbabb0d5130
300213,15,guided,2,1,1,0,1,0.98,1.0612,0,78b295a51a0929094edb4d5b2855eebe3b1b69f42ba21369f5063fbabb0d5130
300214,0,random,12,1,1,0,1,0.88,1.0432000000000001,3,52c9408535137d6ce47e7fc38fbc3fe9d1eeadaf321e586671e7bf874ece4718
300214,1,random,32,0,0,1,1,-0.3200000000000001,-0.11359999999999991,16,98bb4acd078b078ea2bf059f6a9fb32223bef4359eddf46898451ebc6d0b4cd4
300214,2,random,32,0,0,1,1,-0.3200000000000001,-0.10999999999999993,6,e2697527adae692bba23e92ad987eceeee2649b9bcf99cb6c74819427954865b
300214,3,random,32,0,0,1,1,-0.3200000000000001,-0.0907999999999999,10,c58d272911ada03692e7ac3a145271562d997210e16255465f05e316540af30a
300214,4,random,32,0,0,1,1,-0.3200000000000001,-0.12680000000000002,5,ee0daa04ec929a4179c1befe0284fe2bf591f9ae2f8b07e02ab1caba3299233a
300214,5,random,32,0,0,1,1,-0.3200000000000001,-0.09559999999999992,8,c1c0340af644a069052d75fb64f269217a45c35df792d0bdefbf3da913e09413
300214,6,random,32,0,0,1,1,-0.3200000000000001,-0.0775999999999999,6,9f7b8d9ea3e55f64c45552dfd37497567e8c2f28140ae078dd4f8728d4eec330
300214,7,random,22,1,1,0,1,0.7799999999999999,0.9816000000000001,11,9ce364bb01c98e16088ed3426f97827cf388ebf84f226e41b45b31fcf4409fdb
300214,8,guided,3,1,1,0,1,0.97,1.0936,0,c96b408cadb992fa09f2558451cef82deb0cb5cc4e1b74a7567399621d55b420
300214,9,guided,3,1,1,0,1,0.97,1.0936,0,c96b408cadb992fa09f2558451cef82deb0cb5cc4e1b74a7567399621d55b420
300214,10,guided,3,1,1,0,1,0.97,1.0936,0,c96b408cadb992fa09f2558451cef82deb0cb5cc4e1b74a7567399621d55b420
300214,11,guided,3,1,1,0,1,0.97,1.0936,0,c96b408cadb992fa09f2558451cef82deb0cb5cc4e1b74a7567399621d55b420
300214,12,guided,3,1,1,0,1,0.97,1.0936,0,c96b408cadb992fa09f2558451cef82deb0cb5cc4e1b74a7567399621d55b420
300214,13,guided,3,1,1,0,1,0.97,1.0936,0,c96b408cadb992fa09f2558451cef82deb0cb5cc4e1b74a7567399621d55b420
300214,14,guided,3,1,1,0,1,0.97,1.0936,0,c96b408cadb992fa09f2558451cef82deb0cb5cc4e1b74a7567399621d55b420
300214,15,guided,3,1,1,0,1,0.97,1.0936,0,c96b408cadb992fa09f2558451cef82deb0cb5cc4e1b74a7567399621d55b420
300215,0,random,28,1,1,0,1,0.72,0.9876000000000001,3,64ce62785dbeab3301ed8fb5ff55c2e95533ca144cced62796ef829df5b83a26
300215,1,random,32,0,0,1,1,-0.3200000000000001,-0.02239999999999981,10,83472c940b88f06576faba4efa82a31994294f4ebe31dda423b263b4473ee21d
300215,2,random,32,0,0,1,1,-0.3200000000000001,-0.049999999999999836,12,c4e4cf810fd844328814014323faa343b3ee4b57493a6d2fe08d90826d86da80
300215,3,random,32,0,0,1,1,-0.3200000000000001,-0.05239999999999981,13,f6eacbfee2981b303323837b3813eb2a47c6d41a2929cd447429b18c7318afda
300215,4,random,32,0,0,1,1,-0.3200000000000001,0.006400000000000239,9,312bb55ef17a087e2251c08ac7dd3248b96291de2677b67a4aaeaf4ee942582e
300215,5,random,32,0,0,1,1,-0.3200000000000001,-0.07279999999999989,11,73baa6c74e0dc91b186bb4e671290325724896c93e40b3207de1e44b542019ed
300215,6,random,11,1,1,0,1,0.89,1.0352000000000001,6,0b3eadc4ee1f6b22e646698f836c4231532fbd4786fd775c6f305a9c313596c2
300215,7,random,32,0,0,1,1,-0.3200000000000001,-0.08359999999999984,15,d18ba68f2b4e2e4f8579313e7b502d470bae2ce91dce62c5a838d30ac73b45cd
300215,8,guided,5,1,1,0,1,0.95,1.076,2,7877c1a2bef7f7d7454d85a9ec154d1ed07cc9687e297a263e916fd8b5674522
300215,9,guided,5,1,1,0,1,0.95,1.076,2,7877c1a2bef7f7d7454d85a9ec154d1ed07cc9687e297a263e916fd8b5674522
300215,10,guided,5,1,1,0,1,0.95,1.076,2,7877c1a2bef7f7d7454d85a9ec154d1ed07cc9687e297a263e916fd8b5674522
300215,11,guided,5,1,1,0,1,0.95,1.076,2,7877c1a2bef7f7d7454d85a9ec154d1ed07cc9687e297a263e916fd8b5674522
300215,12,guided,5,1,1,0,1,0.95,1.076,2,7877c1a2bef7f7d7454d85a9ec154d1ed07cc9687e297a263e916fd8b5674522
300215,13,guided,5,1,1,0,1,0.95,1.076,2,7877c1a2bef7f7d7454d85a9ec154d1ed07cc9687e297a263e916fd8b5674522
300215,14,guided,5,1,1,0,1,0.95,1.076,2,7877c1a2bef7f7d7454d85a9ec154d1ed07cc9687e297a263e916fd8b5674522
300215,15,guided,5,1,1,0,1,0.95,1.076,2,7877c1a2bef7f7d7454d85a9ec154d1ed07cc9687e297a263e916fd8b5674522
300216,0,random,32,0,0,1,1,-0.3200000000000001,-0.1608,11,d45a7d8470c58e88ecc5c111d778c0e17c3976b9f7a37c4b11b6a0bda75ebd0a
300216,1,random,32,0,0,1,1,-0.3200000000000001,-0.12839999999999996,9,1023a1e6b4799a533ab313a2cb1646431df25de0f6309994ceb55d9e976f81fe
300216,2,random,8,1,1,0,1,0.9199999999999999,1.0168,2,565d1a383468545db9254b4595025223a1504e6ae4c3f89a698edb0b5a016c09
300216,3,random,32,0,0,1,1,-0.3200000000000001,-0.09719999999999983,12,0abe887cc0419b1bf44b5424f82a2a6fd058abb1006bf23d0f171d998b89d554
300216,4,random,2,1,1,0,1,0.98,1.0612,0,4b139ce06913477df993ce498cb4d2cd450c0f7cacd5f00d0820a818ff20df82
300216,5,random,32,0,0,1,1,-0.3200000000000001,-0.11039999999999989,10,edffeb71b5d58ee2e3a24f43a6120e926611f275bff8834f62c73c3007227729
300216,6,random,6,1,1,0,1,0.94,1.0284,0,9592e9e5317bab52b4c1bfa8dd3a528d7d49383fe5e74142bb28d4787f07b47d
300216,7,random,28,1,1,0,1,0.72,0.9128000000000001,10,d0db14e7c25c23ba16f73e6dbcc601d24e298580a8684a87f2430072919f40ec
300216,8,guided,2,1,1,0,1,0.98,1.0612,0,4b139ce06913477df993ce498cb4d2cd450c0f7cacd5f00d0820a818ff20df82
300216,9,guided,2,1,1,0,1,0.98,1.0612,0,4b139ce06913477df993ce498cb4d2cd450c0f7cacd5f00d0820a818ff20df82
300216,10,guided,2,1,1,0,1,0.98,1.0612,0,4b139ce06913477df993ce498cb4d2cd450c0f7cacd5f00d0820a818ff20df82
300216,11,guided,2,1,1,0,1,0.98,1.0612,0,4b139ce06913477df993ce498cb4d2cd450c0f7cacd5f00d0820a818ff20df82
300216,12,guided,2,1,1,0,1,0.98,1.0612,0,4b139ce06913477df993ce498cb4d2cd450c0f7cacd5f00d0820a818ff20df82
300216,13,guided,2,1,1,0,1,0.98,1.0612,0,4b139ce06913477df993ce498cb4d2cd450c0f7cacd5f00d0820a818ff20df82
300216,14,guided,2,1,1,0,1,0.98,1.0612,0,4b139ce06913477df993ce498cb4d2cd450c0f7cacd5f00d0820a818ff20df82
300216,15,guided,2,1,1,0,1,0.98,1.0612,0,4b139ce06913477df993ce498cb4d2cd450c0f7cacd5f00d0820a818ff20df82
300217,0,random,32,0,0,1,1,-0.3200000000000001,0.023600000000000156,13,7d1116d9d39b2d28d63d62e6933d5153123f967747e84bfe321b3caf78d500b6
300217,1,random,24,1,1,0,1,0.7599999999999999,0.9896,6,9ae3c8eed02eb800dc0460640e8368821988bcba00875ea38d6753be722b63e3
300217,2,random,32,0,0,1,1,-0.3200000000000001,0.022400000000000225,12,3a3c2fca3a7d14fc96af8502082d81259ff9cf4d99d219a0696742585c487a48
300217,3,random,32,0,0,1,1,-0.3200000000000001,0.0380000000000002,12,31c928be7d044bdedea78b0aa1c157fff166f86dac7394dffe64361d5d1fac89
300217,4,random,20,1,1,0,1,0.7999999999999999,1.0572000000000001,6,70960aeef2c8fb510efa6720b7be24b05e8e49ba01d3c26ddf50235c3ae98b45
300217,5,random,32,0,0,1,1,-0.3200000000000001,0.006800000000000195,6,0e41a923e7626d10762b5ec4869a87677bbebba496abd5b13f81cff3f9c5a2af
300217,6,random,32,0,0,1,1,-0.3200000000000001,-0.08679999999999997,5,5f018124877376569e8646b4d255841fc73655a13d11cc920e5a86c19ca21657
300217,7,random,32,0,0,1,1,-0.3200000000000001,-0.049599999999999936,11,d9605429604425e560df5affd44f298baeb488523f01b123f2d803d12fdc7353
300217,8,guided,4,1,1,0,1,0.96,1.1272,0,519a517890b42e98c1920b4f00c3e9c618d6698dd806857187d5d0de51a756a7
300217,9,guided,4,1,1,0,1,0.96,1.1272,0,519a517890b42e98c1920b4f00c3e9c618d6698dd806857187d5d0de51a756a7
300217,10,guided,4,1,1,0,1,0.96,1.1272,0,519a517890b42e98c1920b4f00c3e9c618d6698dd806857187d5d0de51a756a7
300217,11,guided,4,1,1,0,1,0.96,1.1272,0,519a517890b42e98c1920b4f00c3e9c618d6698dd806857187d5d0de51a756a7
300217,12,guided,4,1,1,0,1,0.96,1.1272,0,519a517890b42e98c1920b4f00c3e9c618d6698dd806857187d5d0de51a756a7
300217,13,guided,4,1,1,0,1,0.96,1.1272,0,519a517890b42e98c1920b4f00c3e9c618d6698dd806857187d5d0de51a756a7
300217,14,guided,4,1,1,0,1,0.96,1.1272,0,519a517890b42e98c1920b4f00c3e9c618d6698dd806857187d5d0de51a756a7
300217,15,guided,4,1,1,0,1,0.96,1.1272,0,519a517890b42e98c1920b4f00c3e9c618d6698dd806857187d5d0de51a756a7
300218,0,random,32,0,0,1,1,-0.3200000000000001,-0.008799999999999863,8,cb61765432a55c11ce67907d71953ef159c06d73334512d17e117ff4e948d7ae
300218,1,random,32,0,0,1,1,-0.3200000000000001,-0.05439999999999996,19,b628426ab403b98780b4eeccf4385fa7405b8a0ceb9ddbc043050213381d122a
300218,2,random,32,0,0,1,1,-0.3200000000000001,0.05000000000000024,7,548f0ec5b3f43d2f41183257bce681243fe54773d4fc7f7e879a47a8c3f45218
300218,3,random,32,0,0,1,1,-0.3200000000000001,0.014000000000000123,4,c20d2d5fac38bbe03596325db93214aac00dec8bd702359f6d25bc46878ff50b
300218,4,random,10,1,1,0,1,0.9,1.0876000000000001,0,67de8d77a1fce1d5d541ff8589162e0749151eaea1219480083c4728a067c1b2
300218,5,random,32,0,0,1,1,-0.3200000000000001,0.06440000000000023,12,b38df32c1dd11375985c6acc3c4a670ce03fdb333de7018cbac9f28588ebc695
300218,6,random,32,0,0,1,1,-0.3200000000000001,0.03680000000000025,12,d6bdf36e6b0027aba181d78c98cd4e67923a18a72c8b62c7959e59ca6fe8053d
300218,7,random,32,0,0,1,1,-0.3200000000000001,-0.06279999999999993,7,329aa70d5e397c9d62f8d84e1dd41fec2da7dfde65670689f32ebce9277a596c
300218,8,guided,11,1,1,0,1,0.89,1.0656,7,d6a1ba23ff77dd55214a43af2df269cfcc78a2fcc149f4f7286c5dd1ce939bce
300218,9,guided,11,1,1,0,1,0.89,1.0656,7,d6a1ba23ff77dd55214a43af2df269cfcc78a2fcc149f4f7286c5dd1ce939bce
300218,10,guided,11,1,1,0,1,0.89,1.0656,7,d6a1ba23ff77dd55214a43af2df269cfcc78a2fcc149f4f7286c5dd1ce939bce
300218,11,guided,11,1,1,0,1,0.89,1.0656,7,d6a1ba23ff77dd55214a43af2df269cfcc78a2fcc149f4f7286c5dd1ce939bce
300218,12,guided,11,1,1,0,1,0.89,1.0656,7,d6a1ba23ff77dd55214a43af2df269cfcc78a2fcc149f4f7286c5dd1ce939bce
300218,13,guided,11,1,1,0,1,0.89,1.0656,7,d6a1ba23ff77dd55214a43af2df269cfcc78a2fcc149f4f7286c5dd1ce939bce
300218,14,guided,11,1,1,0,1,0.89,1.0656,7,d6a1ba23ff77dd55214a43af2df269cfcc78a2fcc149f4f7286c5dd1ce939bce
300218,15,guided,11,1,1,0,1,0.89,1.0656,7,d6a1ba23ff77dd55214a43af2df269cfcc78a2fcc149f4f7286c5dd1ce939bce
300219,0,random,6,1,1,0,1,0.94,1.0696,1,7b5ec132b05f6c9abdae16aa453df3a44bcf60b9b4e98cf56e7ab97b821b0d10
300219,1,random,9,1,1,0,1,0.91,1.0444,2,ef124f48d364ea03b720340c5cf1752b5baca7a5e128800b65bfd822898a34cb
300219,2,random,7,1,1,0,1,0.9299999999999999,1.068,4,d98be194995dc50174019de65ce7bf09f39d1175cc11db43324a79a72f6c4316
300219,3,random,3,1,1,0,1,0.97,1.0936,0,08bf6c95afe7cf21903a207e6ddb9f4f209217ad60c249a3e7cdd215f22752a2
300219,4,random,4,1,1,0,1,0.96,1.086,1,1e3ba083561eaa13f6121c23c1d0556a97dfaf78ecc840f9904be5b7434267d7
300219,5,random,26,1,1,0,1,0.74,0.9344000000000001,19,47ce1f73c0160e27b51f1ab0e64b10207573074ef349411bb01a0b8ab0ea34b6
300219,6,random,3,1,1,0,1,0.97,1.0936,0,08bf6c95afe7cf21903a207e6ddb9f4f209217ad60c249a3e7cdd215f22752a2
300219,7,random,26,1,1,0,1,0.74,0.9344,17,6523d7c12a88c41323335a94117d5cec58e7ffed72ea8ebe0b20803db68161a2
300219,8,guided,9,1,1,0,1,0.91,1.0552000000000001,6,0e2a2e9ed1101c45ea3f826dfaa59f20d9296c85f5b401c031f6f87302f8e348
300219,9,guided,9,1,1,0,1,0.91,1.0552000000000001,6,0e2a2e9ed1101c45ea3f826dfaa59f20d9296c85f5b401c031f6f87302f8e348
300219,10,guided,9,1,1,0,1,0.91,1.0552000000000001,6,0e2a2e9ed1101c45ea3f826dfaa59f20d9296c85f5b401c031f6f87302f8e348
300219,11,guided,9,1,1,0,1,0.91,1.0552000000000001,6,0e2a2e9ed1101c45ea3f826dfaa59f20d9296c85f5b401c031f6f87302f8e348
300219,12,guided,9,1,1,0,1,0.91,1.0552000000000001,6,0e2a2e9ed1101c45ea3f826dfaa59f20d9296c85f5b401c031f6f87302f8e348
300219,13,guided,9,1,1,0,1,0.91,1.0552000000000001,6,0e2a2e9ed1101c45ea3f826dfaa59f20d9296c85f5b401c031f6f87302f8e348
300219,14,guided,9,1,1,0,1,0.91,1.0552000000000001,6,0e2a2e9ed1101c45ea3f826dfaa59f20d9296c85f5b401c031f6f87302f8e348
300219,15,guided,9,1,1,0,1,0.91,1.0552000000000001,6,0e2a2e9ed1101c45ea3f826dfaa59f20d9296c85f5b401c031f6f87302f8e348
300220,0,random,32,0,0,1,1,-0.3200000000000001,0.06280000000000013,9,f024be59fc592e7c5770e26bd360dacfd213ae1043c7479bde82ecca801eba9f
300220,1,random,11,1,1,0,1,0.89,1.1588,3,83bb5cbf03fe6e740d6af9a720e037199a9de4f5b8963613bcc6570e4f33ef19
300220,2,random,32,0,0,1,1,-0.3200000000000001,0.11080000000000012,4,8e5552ca6d876c6085d99a86ecdae4e9693c700e1fb3315d683f043c672b6191
300220,3,random,32,0,0,1,1,-0.3200000000000001,0.13120000000000015,7,3fe89f6d164b89ce9c3e68e01b7ad346d104fd5f8c1fdf807f2a6c01126c96d7
300220,4,random,32,0,0,1,1,-0.3200000000000001,0.1360000000000002,10,0c942192e618ebb51227c4b843083573998afd86cc804f3582ab6ee773cafe97
300220,5,random,32,0,0,1,1,-0.3200000000000001,0.14920000000000017,11,66db79f5c31041339c01015bc74d453abd466ef19ae2d2a447b55900cc705e80
300220,6,random,32,0,0,1,1,-0.3200000000000001,0.09880000000000014,10,bd7c2a93388476eae880d10614b54ccae3389acda8eea2c9b0ec960436bba245
300220,7,random,32,0,0,1,1,-0.3200000000000001,0.12040000000000009,10,f97910a0a1ef8bcdc743bbdea3299a87d568fb5b381aca44c877ed0e1eac150b
300220,8,guided,6,1,1,0,1,0.94,1.198,0,0987bc15b5d0662012ecd6117f80e41ce71991a8834b8e46a5a65b6d9bfee476
300220,9,guided,6,1,1,0,1,0.94,1.198,0,0987bc15b5d0662012ecd6117f80e41ce71991a8834b8e46a5a65b6d9bfee476
300220,10,guided,6,1,1,0,1,0.94,1.198,0,0987bc15b5d0662012ecd6117f80e41ce71991a8834b8e46a5a65b6d9bfee476
300220,11,guided,6,1,1,0,1,0.94,1.198,0,0987bc15b5d0662012ecd6117f80e41ce71991a8834b8e46a5a65b6d9bfee476
300220,12,guided,6,1,1,0,1,0.94,1.198,0,0987bc15b5d0662012ecd6117f80e41ce71991a8834b8e46a5a65b6d9bfee476
300220,13,guided,6,1,1,0,1,0.94,1.198,0,0987bc15b5d0662012ecd6117f80e41ce71991a8834b8e46a5a65b6d9bfee476
300220,14,guided,6,1,1,0,1,0.94,1.198,0,0987bc15b5d0662012ecd6117f80e41ce71991a8834b8e46a5a65b6d9bfee476
300220,15,guided,6,1,1,0,1,0.94,1.198,0,0987bc15b5d0662012ecd6117f80e41ce71991a8834b8e46a5a65b6d9bfee476
300221,0,random,32,0,0,1,1,-0.3200000000000001,0.040800000000000114,10,800acda4357b371ca6bee43b51da39c9b2e74006bc7c246477bf95a1d01882a1
300221,1,random,32,0,0,1,1,-0.3200000000000001,-0.0491999999999999,19,ed43da941fe661e4448eb9b305b72a17edf2c5ba5f690f0677173d4f6a563716
300221,2,random,23,1,1,0,1,0.7699999999999999,1.0816000000000001,8,9181e6d54b177874ecff5fac711d2e0f99cc10ed3c9a1c762ee0acf89ad6b341
300221,3,random,32,0,0,1,1,-0.3200000000000001,0.027600000000000124,5,34c68efb7a48dad0b660365fe64a241f19f787731293bc699919c9c51137d7a9
300221,4,random,32,0,0,1,1,-0.3200000000000001,-0.027599999999999916,7,e6c72f89fd67321c338fd0bf62c8d5a0224e44596f630731836b41e673b63413
300221,5,random,32,0,0,1,1,-0.3200000000000001,0.06000000000000014,10,b55e70b9a999229cae6c50faeead9b36c51c95c055daac059eb91f25af622a70
300221,6,random,32,0,0,1,1,-0.3200000000000001,0.06480000000000016,18,b01dd4acb7eb3ba68c6462c3f20ec8dd9d7e993508feace2db8b50489b024c29
300221,7,random,32,0,0,1,1,-0.3200000000000001,0.03840000000000007,12,79ce873eab868f8fd2cf910c00f4ba3a4776f456aa16cc281400a77bebf3f844
300221,8,guided,20,1,1,0,1,0.7999999999999999,1.03,15,4b61aaea24b6dec03313c8499f8c2f5262e9d3b48849803a31d65fd3adb46190
300221,9,guided,20,1,1,0,1,0.7999999999999999,1.03,15,4b61aaea24b6dec03313c8499f8c2f5262e9d3b48849803a31d65fd3adb46190
300221,10,guided,20,1,1,0,1,0.7999999999999999,1.03,15,4b61aaea24b6dec03313c8499f8c2f5262e9d3b48849803a31d65fd3adb46190
300221,11,guided,20,1,1,0,1,0.7999999999999999,1.03,15,4b61aaea24b6dec03313c8499f8c2f5262e9d3b48849803a31d65fd3adb46190
300221,12,guided,20,1,1,0,1,0.7999999999999999,1.03,15,4b61aaea24b6dec03313c8499f8c2f5262e9d3b48849803a31d65fd3adb46190
300221,13,guided,20,1,1,0,1,0.7999999999999999,1.03,15,4b61aaea24b6dec03313c8499f8c2f5262e9d3b48849803a31d65fd3adb46190
300221,14,guided,20,1,1,0,1,0.7999999999999999,1.03,15,4b61aaea24b6dec03313c8499f8c2f5262e9d3b48849803a31d65fd3adb46190
300221,15,guided,20,1,1,0,1,0.7999999999999999,1.03,15,4b61aaea24b6dec03313c8499f8c2f5262e9d3b48849803a31d65fd3adb46190
300222,0,random,2,1,1,0,1,0.98,1.0612,0,20c834a35cb393e00d9ac3a92af131b89ebeabe3b39c9da7fc58a1fe974993e5
300222,1,random,2,1,1,0,1,0.98,1.0612,0,20c834a35cb393e00d9ac3a92af131b89ebeabe3b39c9da7fc58a1fe974993e5
300222,2,random,12,1,1,0,1,0.88,0.9936,2,8bbf4693981f9f776146706b04285472f1f200b69c4047732b88e2dd3f4afad8
300222,3,random,32,0,0,1,1,-0.3200000000000001,-0.07679999999999965,14,82ae73c59a2f02e84b34a8e9d6b459fc1a05a8c790eea9f5d3345b69c974bb2b
300222,4,random,32,0,0,1,1,-0.3200000000000001,-0.11039999999999998,6,a6cc8ac90e77c4603137deb04445ec2f3122ff5c374dbdaa868915e3242a4a44
300222,5,random,32,0,0,1,1,-0.3200000000000001,-0.1319999999999999,7,1abd608eac81c84f5b22c7ad4c81d70aed90c7d906503ed0a261ff9b1263f668
300222,6,random,32,0,0,1,1,-0.3200000000000001,-0.09959999999999986,7,3e46b01cdd00942fcde30283ab17c84a998f4de8b9430349ba1b571196298b5e
300222,7,random,17,1,1,0,1,0.83,0.9376,7,64968114308b6c28fae5733c1110b39ff787061df1fcc879987ebc6c0bdd58b6
300222,8,guided,2,1,1,0,1,0.98,1.0612,0,20c834a35cb393e00d9ac3a92af131b89ebeabe3b39c9da7fc58a1fe974993e5
300222,9,guided,2,1,1,0,1,0.98,1.0612,0,20c834a35cb393e00d9ac3a92af131b89ebeabe3b39c9da7fc58a1fe974993e5
300222,10,guided,2,1,1,0,1,0.98,1.0612,0,20c834a35cb393e00d9ac3a92af131b89ebeabe3b39c9da7fc58a1fe974993e5
300222,11,guided,2,1,1,0,1,0.98,1.0612,0,20c834a35cb393e00d9ac3a92af131b89ebeabe3b39c9da7fc58a1fe974993e5
300222,12,guided,2,1,1,0,1,0.98,1.0612,0,20c834a35cb393e00d9ac3a92af131b89ebeabe3b39c9da7fc58a1fe974993e5
300222,13,guided,2,1,1,0,1,0.98,1.0612,0,20c834a35cb393e00d9ac3a92af131b89ebeabe3b39c9da7fc58a1fe974993e5
300222,14,guided,2,1,1,0,1,0.98,1.0612,0,20c834a35cb393e00d9ac3a92af131b89ebeabe3b39c9da7fc58a1fe974993e5
300222,15,guided,2,1,1,0,1,0.98,1.0612,0,20c834a35cb393e00d9ac3a92af131b89ebeabe3b39c9da7fc58a1fe974993e5
300223,0,random,32,0,0,1,1,-0.3200000000000001,0.050400000000000084,11,71170137ea3080ba95b660afc55305c2625bf01af6c9c4134fb2a1855cc9b4a1
300223,1,random,32,0,0,1,1,-0.3200000000000001,0.01440000000000008,11,5a68b0ec1b406e595a5a55f1296cd68be18c56988c64b8e0996f83f3e46d0e74
300223,2,random,31,1,1,0,1,0.69,1.0136,8,1d102c0b08d230e3001050437f0d45085c074979280f93ee759ab327df6ebe0e
300223,3,random,32,0,0,1,1,-0.3200000000000001,0.019200000000000085,8,2859584a99c30d65e6267400f7201b0ec99c26f651f28d7d81d98467023942f0
300223,4,random,32,0,0,1,1,-0.3200000000000001,0.04680000000000013,12,f3e40edb7112750ae09f1a011c7ccf61f0c751940dc26bc51689440f17380c86
300223,5,random,32,0,0,1,1,-0.3200000000000001,0.03000000000000011,11,eb90c38a3bb14c5d0f0ed0e6ebd435d5ea5bbaf2bbd099887bc3bba7d01d7e80
300223,6,random,32,0,0,1,1,-0.3200000000000001,0.007200000000000123,4,e5ceb4fbfc826b7e26f47a45c111b062c7ee35814e28e1b92fa63356edf4cb16
300223,7,random,32,0,0,1,1,-0.3200000000000001,0.016800000000000093,11,95c6e110e5fffd5eea63ddd8b08f8a273c7c4a0a6a2642e4f7ca642e67b97354
300223,8,guided,5,1,1,0,1,0.95,1.162,0,84aa8845b6a07fd120a4da625cb7c126f141d31173f20f8749893e98fe857647
300223,9,guided,5,1,1,0,1,0.95,1.162,0,84aa8845b6a07fd120a4da625cb7c126f141d31173f20f8749893e98fe857647
300223,10,guided,5,1,1,0,1,0.95,1.162,0,84aa8845b6a07fd120a4da625cb7c126f141d31173f20f8749893e98fe857647
300223,11,guided,5,1,1,0,1,0.95,1.162,0,84aa8845b6a07fd120a4da625cb7c126f141d31173f20f8749893e98fe857647
300223,12,guided,5,1,1,0,1,0.95,1.162,0,84aa8845b6a07fd120a4da625cb7c126f141d31173f20f8749893e98fe857647
300223,13,guided,5,1,1,0,1,0.95,1.162,0,84aa8845b6a07fd120a4da625cb7c126f141d31173f20f8749893e98fe857647
300223,14,guided,5,1,1,0,1,0.95,1.162,0,84aa8845b6a07fd120a4da625cb7c126f141d31173f20f8749893e98fe857647
300223,15,guided,5,1,1,0,1,0.95,1.162,0,84aa8845b6a07fd120a4da625cb7c126f141d31173f20f8749893e98fe857647
300224,0,random,32,0,0,1,1,-0.3200000000000001,-0.1259999999999999,16,2929c8666e7bc65a6ef6ba6ea264aa370bb84a06b72d2fb22cec5bd73484adda
300224,1,random,16,1,1,0,1,0.84,0.962,8,adfb3f2a1a357df9840a641de5e749d403904f88a0156c6116745322a3c1d459
300224,2,random,32,0,0,1,1,-0.3200000000000001,-0.10799999999999992,17,cd9599c889b8b8d591c133e1cae1f2f13388c2092dd6931c7662d65b710e8416
300224,3,random,22,1,1,0,1,0.7799999999999999,0.9164000000000001,10,87ae01e405d24d6fd3afafc452b675e2a90e025418b4182e7a4651b365076a79
300224,4,random,32,0,0,1,1,-0.3200000000000001,-0.04919999999999976,7,56082c1233f819b782369e9ddb8056a52d3f76fdda95dcdbb32004bc704e5a6d
300224,5,random,3,1,1,0,1,0.97,1.0536,1,60f412aed6e35e3d18b850d0113b5e4443941fec3dc2cfa3a9d5b1ef2398c561
300224,6,random,5,1,1,0,1,0.95,1.0384,3,fb0675a9b26e64bf0b0f7782fd7755241a7a09a993dffe110579e739b0491d8d
300224,7,random,5,1,1,0,1,0.95,1.0372000000000001,3,466682265378459e229a73d123b4d912687264b22ee1b518282e2d47144f1b8a
300224,8,guided,2,1,1,0,1,0.98,1.0612,0,9ac1a44b33ba1654dd0fe6b96b57ef4a4725b3c97ff0ba9203270a7a588dd989
300224,9,guided,2,1,1,0,1,0.98,1.0612,0,9ac1a44b33ba1654dd0fe6b96b57ef4a4725b3c97ff0ba9203270a7a588dd989
300224,10,guided,2,1,1,0,1,0.98,1.0612,0,9ac1a44b33ba1654dd0fe6b96b57ef4a4725b3c97ff0ba9203270a7a588dd989
300224,11,guided,2,1,1,0,1,0.98,1.0612,0,9ac1a44b33ba1654dd0fe6b96b57ef4a4725b3c97ff0ba9203270a7a588dd989
300224,12,guided,2,1,1,0,1,0.98,1.0612,0,9ac1a44b33ba1654dd0fe6b96b57ef4a4725b3c97ff0ba9203270a7a588dd989
300224,13,guided,2,1,1,0,1,0.98,1.0612,0,9ac1a44b33ba1654dd0fe6b96b57ef4a4725b3c97ff0ba9203270a7a588dd989
300224,14,guided,2,1,1,0,1,0.98,1.0612,0,9ac1a44b33ba1654dd0fe6b96b57ef4a4725b3c97ff0ba9203270a7a588dd989
300224,15,guided,2,1,1,0,1,0.98,1.0612,0,9ac1a44b33ba1654dd0fe6b96b57ef4a4725b3c97ff0ba9203270a7a588dd989
300225,0,random,1,1,1,0,1,0.99,1.03,0,c07878f72aa3ba404650f5ebf35d863742bbec50ef94101c223d7d1a7d9f343e
300225,1,random,9,1,1,0,1,0.91,0.9596,8,99305c10c6bf71426f48ccf50daad951384899e3afdf01a8db6c102c0a23e9a6
300225,2,random,4,1,1,0,1,0.96,1.0036,3,936c69e195a9522595b731a7649876782708b624373624e010c15edaa0990878
300225,3,random,3,1,1,0,1,0.97,1.0124,2,c386d469affde7bbb016c3c0552885278a5b5e60a7f27c4592bcd24d3aad6cdb
300225,4,random,3,1,1,0,1,0.97,1.0124,2,7e2f27d553fe04101f21b038bb44c1b6115e0a442cba4dcf2ce1f3316076fc4e
300225,5,random,2,1,1,0,1,0.98,1.0212,1,3597a56bb17fe7db5883f79d3e76791c486766f95533c4f17177a701df487dca
300225,6,random,2,1,1,0,1,0.98,1.0212,1,3597a56bb17fe7db5883f79d3e76791c486766f95533c4f17177a701df487dca
300225,7,random,1,1,1,0,1,0.99,1.03,0,c07878f72aa3ba404650f5ebf35d863742bbec50ef94101c223d7d1a7d9f343e
300225,8,guided,1,1,1,0,1,0.99,1.03,0,c07878f72aa3ba404650f5ebf35d863742bbec50ef94101c223d7d1a7d9f343e
300225,9,guided,1,1,1,0,1,0.99,1.03,0,c07878f72aa3ba404650f5ebf35d863742bbec50ef94101c223d7d1a7d9f343e
300225,10,guided,1,1,1,0,1,0.99,1.03,0,c07878f72aa3ba404650f5ebf35d863742bbec50ef94101c223d7d1a7d9f343e
300225,11,guided,1,1,1,0,1,0.99,1.03,0,c07878f72aa3ba404650f5ebf35d863742bbec50ef94101c223d7d1a7d9f343e
300225,12,guided,1,1,1,0,1,0.99,1.03,0,c07878f72aa3ba404650f5ebf35d863742bbec50ef94101c223d7d1a7d9f343e
300225,13,guided,1,1,1,0,1,0.99,1.03,0,c07878f72aa3ba404650f5ebf35d863742bbec50ef94101c223d7d1a7d9f343e
300225,14,guided,1,1,1,0,1,0.99,1.03,0,c07878f72aa3ba404650f5ebf35d863742bbec50ef94101c223d7d1a7d9f343e
300225,15,guided,1,1,1,0,1,0.99,1.03,0,c07878f72aa3ba404650f5ebf35d863742bbec50ef94101c223d7d1a7d9f343e
300226,0,random,6,1,1,0,1,0.94,1.0284,0,7903da8dcc91564c855d145583fb0f427b10f43eb59f248900c12b4e1be29fa7
300226,1,random,6,1,1,0,1,0.94,1.0344,2,3bb9d1cd83e25dc4e011fc24be734f5c9eb83ba481a3b75d1d520aec0dfa3736
300226,2,random,3,1,1,0,1,0.97,1.0536,1,c171d808cfe1a341c4a61f95d043bc058f77a59626848a4563fc0b72957a6568
300226,3,random,32,0,0,1,1,-0.3200000000000001,-0.09599999999999985,14,e67d87df6777e55cce02d40ee07c5c8d34054877679c7b88a34b8a64739f6bee
300226,4,random,32,0,0,1,1,-0.3200000000000001,-0.08159999999999985,12,499cabd46b3ce2f010d523db47cf8a7f25c30ae5f9c9b0cd8218a3e509d73b0a
300226,5,random,32,0,0,1,1,-0.3200000000000001,-0.11159999999999992,18,ac87e866cdf30a17dc64e14bfc48a84d45fefaa9d1616d32764cfb2712109c6f
300226,6,random,5,1,1,0,1,0.95,1.0396,1,24128e8d04b0376d80208bbfbb00e8686f70828563273cc55ec76f242b742879
300226,7,random,2,1,1,0,1,0.98,1.0612,0,eba1a509037c1470a573e1ea07584b99039980524a2348f7d5137a144782769a
300226,8,guided,2,1,1,0,1,0.98,1.0612,0,eba1a509037c1470a573e1ea07584b99039980524a2348f7d5137a144782769a
300226,9,guided,2,1,1,0,1,0.98,1.0612,0,eba1a509037c1470a573e1ea07584b99039980524a2348f7d5137a144782769a
300226,10,guided,2,1,1,0,1,0.98,1.0612,0,eba1a509037c1470a573e1ea07584b99039980524a2348f7d5137a144782769a
300226,11,guided,2,1,1,0,1,0.98,1.0612,0,eba1a509037c1470a573e1ea07584b99039980524a2348f7d5137a144782769a
300226,12,guided,2,1,1,0,1,0.98,1.0612,0,eba1a509037c1470a573e1ea07584b99039980524a2348f7d5137a144782769a
300226,13,guided,2,1,1,0,1,0.98,1.0612,0,eba1a509037c1470a573e1ea07584b99039980524a2348f7d5137a144782769a
300226,14,guided,2,1,1,0,1,0.98,1.0612,0,eba1a509037c1470a573e1ea07584b99039980524a2348f7d5137a144782769a
300226,15,guided,2,1,1,0,1,0.98,1.0612,0,eba1a509037c1470a573e1ea07584b99039980524a2348f7d5137a144782769a
300227,0,random,32,0,0,1,1,-0.3200000000000001,0.03360000000000013,13,271d403c8ebf4c7079d998ab5421f2630ac859d2440e424f00179be2dd40a58a
300227,1,random,32,0,0,1,1,-0.3200000000000001,0.06480000000000012,17,ab184b213c2174da3dde8de0fbe8e7e6b933a357f91c13a79c769b9b27926eb4
300227,2,random,22,1,1,0,1,0.7799999999999999,1.0616,3,bf485e72ced74c20e808c73187506e5b8375c5aaa81e8151f08b7c1e1b0da41c
300227,3,random,32,0,0,1,1,-0.3200000000000001,0.021600000000000105,9,5775e3f41cf37443e6d12571aa3d039e215f3cb54b8e2c426cb72bb616edc6b3
300227,4,random,32,0,0,1,1,-0.3200000000000001,0.013200000000000094,11,a7fcdc83f47a012580316cbf9931416ec4d080844fd61e8aab248ee69de6a376
300227,5,random,32,0,0,1,1,-0.3200000000000001,-0.005999999999999908,7,3ea4ba33f49c992a19c5a68dbe9f2b25c182b9d0178f0b99c42cb6715db7ca16
300227,6,random,32,0,0,1,1,-0.3200000000000001,1.249000902703301e-16,17,4a0af0fa9d8864c927edd567c1077cd0a89a1686dccca7a497a8ca44038b5205
300227,7,random,16,1,1,0,1,0.84,1.0952000000000002,3,79a23f4ff146af8db21918402783eef277ebac6cca34a13f87725261a191eb4b
300227,8,guided,5,1,1,0,1,0.95,1.162,0,ad59672d3053c7b22f22217f0da7c5282d97a907a107ba746450f2ae5e5a39f5
300227,9,guided,5,1,1,0,1,0.95,1.162,0,ad59672d3053c7b22f22217f0da7c5282d97a907a107ba746450f2ae5e5a39f5
300227,10,guided,5,1,1,0,1,0.95,1.162,0,ad59672d3053c7b22f22217f0da7c5282d97a907a107ba746450f2ae5e5a39f5
300227,11,guided,5,1,1,0,1,0.95,1.162,0,ad59672d3053c7b22f22217f0da7c5282d97a907a107ba746450f2ae5e5a39f5
300227,12,guided,5,1,1,0,1,0.95,1.162,0,ad59672d3053c7b22f22217f0da7c5282d97a907a107ba746450f2ae5e5a39f5
300227,13,guided,5,1,1,0,1,0.95,1.162,0,ad59672d3053c7b22f22217f0da7c5282d97a907a107ba746450f2ae5e5a39f5
300227,14,guided,5,1,1,0,1,0.95,1.162,0,ad59672d3053c7b22f22217f0da7c5282d97a907a107ba746450f2ae5e5a39f5
300227,15,guided,5,1,1,0,1,0.95,1.162,0,ad59672d3053c7b22f22217f0da7c5282d97a907a107ba746450f2ae5e5a39f5
300228,0,random,32,0,0,1,1,-0.3200000000000001,0.049200000000000146,7,1f8117dafaa4cf5a0760a3933a438439a0318463f0a30532fbe57b9cdb40d303
300228,1,random,32,0,0,1,1,-0.3200000000000001,0.07800000000000012,12,c795fece5fc611772bcada5eb0f1ec104f1e9b739711cd69e6c9139d611af214
300228,2,random,32,0,0,1,1,-0.3200000000000001,0.007200000000000123,8,fb85b974269eca6c56e8c24b966e6606fab15293837326afe3a56ec0bbafbdf9
300228,3,random,32,0,0,1,1,-0.3200000000000001,0.019200000000000106,15,73ca440fc7f5f952b811f3f22be4d30b0c62a9a89ab7a41f008b5c5ca833325a
300228,4,random,32,0,0,1,1,-0.3200000000000001,0.05400000000000013,8,0483cae9a6bd766be8f031c53472e39a6104267cdaaf9117df2a7dd8cff415a5
300228,5,random,21,1,1,0,1,0.7899999999999999,1.0404,4,466c40835ba9ce0753513186b02f43142d6def4ac0d40c8aca58361bc5d80583
300228,6,random,29,1,1,0,1,0.71,1.0156,8,94eb69451b560593c216e1157fa746b25545ba97bae6d3592ac9bafbbe297581
300228,7,random,19,1,1,0,1,0.8099999999999999,1.0784,4,8dc685df32d3db850f9f85d1409a9b29439f9aa085d5fd9ade6807a62efcde3e
300228,8,guided,5,1,1,0,1,0.95,1.162,0,af12b418a0cb22e26fbb0162e208db9eabb67a0e3873f4f1ee22478c9ab68f1f
300228,9,guided,5,1,1,0,1,0.95,1.162,0,af12b418a0cb22e26fbb0162e208db9eabb67a0e3873f4f1ee22478c9ab68f1f
300228,10,guided,5,1,1,0,1,0.95,1.162,0,af12b418a0cb22e26fbb0162e208db9eabb67a0e3873f4f1ee22478c9ab68f1f
300228,11,guided,5,1,1,0,1,0.95,1.162,0,af12b418a0cb22e26fbb0162e208db9eabb67a0e3873f4f1ee22478c9ab68f1f
300228,12,guided,5,1,1,0,1,0.95,1.162,0,af12b418a0cb22e26fbb0162e208db9eabb67a0e3873f4f1ee22478c9ab68f1f
300228,13,guided,5,1,1,0,1,0.95,1.162,0,af12b418a0cb22e26fbb0162e208db9eabb67a0e3873f4f1ee22478c9ab68f1f
300228,14,guided,5,1,1,0,1,0.95,1.162,0,af12b418a0cb22e26fbb0162e208db9eabb67a0e3873f4f1ee22478c9ab68f1f
300228,15,guided,5,1,1,0,1,0.95,1.162,0,af12b418a0cb22e26fbb0162e208db9eabb67a0e3873f4f1ee22478c9ab68f1f
300229,0,random,32,0,0,1,1,-0.3200000000000001,0.16040000000000013,10,b6c41abc2dbf5767162ad2d8e721f3f33d371b820a4a4c0bac2a7b8990fc0497
300229,1,random,32,0,0,1,1,-0.3200000000000001,0.14120000000000013,10,008a69aa2d9d5486b0c1a8070716bcfc063e650aca476bbb1a7979211a57fe73
300229,2,random,32,0,0,1,1,-0.3200000000000001,0.10040000000000009,16,0c2673b87dd4a030942cd2483dca09de48bae4301e7ea14bc474683daff92099
300229,3,random,32,0,0,1,1,-0.3200000000000001,0.16040000000000013,10,a428e12b5087494af5f6f75d8494567f0ed08176a47bb69d05c6897c79dd9666
300229,4,random,32,0,0,1,1,-0.3200000000000001,0.17000000000000018,17,5d75833b34fc84e4a3d2ce1e9debbaccc3a46478f1d80b565dbba9e48bf788c4
300229,5,random,32,0,0,1,1,-0.3200000000000001,0.1628000000000001,7,974bdab25b3b5a56551e82621c55149fe6229d148627942c582fa5405dedc615
300229,6,random,32,0,0,1,1,-0.3200000000000001,0.19400000000000017,18,15c2e47b8b88056ea8f1a5bcb33f8b671dd6d641b858fc84e997c0adf3c167c9
300229,7,random,32,0,0,1,1,-0.3200000000000001,0.1208000000000001,9,4413cadd098779393871b85e227933ecd6e74f8ef3a0b8852e524d1e0e4a8458
300229,8,guided,32,0,0,1,1,-0.3200000000000001,0.22040000000000023,32,d63190523f2bdb9c893f4673f8f32fcc2c6fb4313d7926fca0367064b82faa59
300229,9,guided,32,0,0,1,1,-0.3200000000000001,0.22040000000000023,32,d63190523f2bdb9c893f4673f8f32fcc2c6fb4313d7926fca0367064b82faa59
300229,10,guided,32,0,0,1,1,-0.3200000000000001,0.22040000000000023,32,d63190523f2bdb9c893f4673f8f32fcc2c6fb4313d7926fca0367064b82faa59
300229,11,guided,32,0,0,1,1,-0.3200000000000001,0.22040000000000023,32,d63190523f2bdb9c893f4673f8f32fcc2c6fb4313d7926fca0367064b82faa59
300229,12,guided,32,0,0,1,1,-0.3200000000000001,0.22040000000000023,32,d63190523f2bdb9c893f4673f8f32fcc2c6fb4313d7926fca0367064b82faa59
300229,13,guided,32,0,0,1,1,-0.3200000000000001,0.22040000000000023,32,d63190523f2bdb9c893f4673f8f32fcc2c6fb4313d7926fca0367064b82faa59
300229,14,guided,32,0,0,1,1,-0.3200000000000001,0.22040000000000023,32,d63190523f2bdb9c893f4673f8f32fcc2c6fb4313d7926fca0367064b82faa59
300229,15,guided,32,0,0,1,1,-0.3200000000000001,0.22040000000000023,32,d63190523f2bdb9c893f4673f8f32fcc2c6fb4313d7926fca0367064b82faa59
300230,0,random,32,0,0,1,1,-0.3200000000000001,0.19800000000000015,7,5cdbfaa320663c01f415951dc0b31fc1b0333249a176d05aa0b8a9d4b68de791
300230,1,random,32,0,0,1,1,-0.3200000000000001,0.2292000000000002,3,fef2fd7571d9ca0911fbbca2375c98b098e379ad776d6df3696ab10a50f505e8
300230,2,random,32,0,0,1,1,-0.3200000000000001,0.23520000000000021,8,89fe7b454813817f3f4b77c6fe7a661dbfc653d497d791a8ef6cdfb272605c95
300230,3,random,32,0,0,1,1,-0.3200000000000001,0.18600000000000017,5,5fb9255a24dbf06f1c37bda9373ff0a81fa17c0f570ebbbf988d203610e82a55
300230,4,random,32,0,0,1,1,-0.3200000000000001,0.25560000000000027,13,614d770bf3d673b3f3c6d457df2c68b77c00cc450846fae5e470bdeea2a2c85d
300230,5,random,32,0,0,1,1,-0.3200000000000001,0.24600000000000022,4,235f5e765853d47421136e3d5b3adcdd71210f4b3dca6335181a2e279927b4de
300230,6,random,32,0,0,1,1,-0.3200000000000001,0.2796000000000003,10,66345e3ad5d6a45eb67351a1af5811a36b3bd8c3dd4c5ebb64f55f1571249246
300230,7,random,32,0,0,1,1,-0.3200000000000001,0.2256000000000002,7,5885c503a177c1ce3c3649424089323fb2bfe386cdfb30994cd0a1c2bf1b7d61
300230,8,guided,24,1,1,0,1,0.7599999999999999,1.2288000000000001,16,d22b1e1d9b413591e2ed91d2880e0be244527828e96cd8885d862715544aa5a1
300230,9,guided,24,1,1,0,1,0.7599999999999999,1.2288000000000001,16,d22b1e1d9b413591e2ed91d2880e0be244527828e96cd8885d862715544aa5a1
300230,10,guided,24,1,1,0,1,0.7599999999999999,1.2288000000000001,16,d22b1e1d9b413591e2ed91d2880e0be244527828e96cd8885d862715544aa5a1
300230,11,guided,24,1,1,0,1,0.7599999999999999,1.2288000000000001,16,d22b1e1d9b413591e2ed91d2880e0be244527828e96cd8885d862715544aa5a1
300230,12,guided,24,1,1,0,1,0.7599999999999999,1.2288000000000001,16,d22b1e1d9b413591e2ed91d2880e0be244527828e96cd8885d862715544aa5a1
300230,13,guided,24,1,1,0,1,0.7599999999999999,1.2288000000000001,16,d22b1e1d9b413591e2ed91d2880e0be244527828e96cd8885d862715544aa5a1
300230,14,guided,24,1,1,0,1,0.7599999999999999,1.2288000000000001,16,d22b1e1d9b413591e2ed91d2880e0be244527828e96cd8885d862715544aa5a1
300230,15,guided,24,1,1,0,1,0.7599999999999999,1.2288000000000001,16,d22b1e1d9b413591e2ed91d2880e0be244527828e96cd8885d862715544aa5a1
300231,0,random,30,1,1,0,1,0.7,0.9148000000000001,7,6bda99266b8f6fa8f2875e3cf006c5f1a3a3c91068735fc9aa2ff5fc687fc455
300231,1,random,16,1,1,0,1,0.84,0.9948,7,0c278515e88954d14b2457da00af18c00a235b0722bbf66ffe3449599b225992
300231,2,random,32,0,0,1,1,-0.3200000000000001,-0.0487999999999999,9,acdfc4b66b0b7ac39b4ea7fcc3004dbf6421a7a36d3efec65895c50b02e43a2d
300231,3,random,32,0,0,1,1,-0.3200000000000001,-0.06199999999999982,12,f311682ee0a17a7d9525f43510a73d6f8da75496aa43e19391093af4d4e31db8
300231,4,random,32,0,0,1,1,-0.3200000000000001,-0.08360000000000001,7,fb0e69d77b89757c63f3f314d40fd6985a764687c2f5588fe83fd488e4a81a7d
300231,5,random,32,0,0,1,1,-0.3200000000000001,-0.08119999999999988,15,9f6ea6b036e2eddbf720a4e48793fa38f72e1fb60c1571a1ac487cd7d3f6d3c5
300231,6,random,20,1,1,0,1,0.7999999999999999,0.9692000000000001,5,522763cab48403681b2a5e69823ed8391279d88ceb2b4a1acd62d154c9dc606b
300231,7,random,5,1,1,0,1,0.95,1.0796000000000001,0,21b54771c0988004708ba188008c702c474c6b8584e943c583658e06d99c4588
300231,8,guided,3,1,1,0,1,0.97,1.0936,0,8631294663745f3f2cf8f5f37a074adb41a65db2ca31f352a47657c9f14a5377
300231,9,guided,3,1,1,0,1,0.97,1.0936,0,8631294663745f3f2cf8f5f37a074adb41a65db2ca31f352a47657c9f14a5377
300231,10,guided,3,1,1,0,1,0.97,1.0936,0,8631294663745f3f2cf8f5f37a074adb41a65db2ca31f352a47657c9f14a5377
300231,11,guided,3,1,1,0,1,0.97,1.0936,0,8631294663745f3f2cf8f5f37a074adb41a65db2ca31f352a47657c9f14a5377
300231,12,guided,3,1,1,0,1,0.97,1.0936,0,8631294663745f3f2cf8f5f37a074adb41a65db2ca31f352a47657c9f14a5377
300231,13,guided,3,1,1,0,1,0.97,1.0936,0,8631294663745f3f2cf8f5f37a074adb41a65db2ca31f352a47657c9f14a5377
300231,14,guided,3,1,1,0,1,0.97,1.0936,0,8631294663745f3f2cf8f5f37a074adb41a65db2ca31f352a47657c9f14a5377
300231,15,guided,3,1,1,0,1,0.97,1.0936,0,8631294663745f3f2cf8f5f37a074adb41a65db2ca31f352a47657c9f14a5377
300232,0,random,32,0,0,1,1,-0.3200000000000001,-0.07159999999999987,9,efc0a31b0895ce15e9e93cb87639ee1c895514fce1e490460173574ecba000f8
300232,1,random,32,0,0,1,1,-0.3200000000000001,-0.10880000000000001,13,7faf005f7f51b4db64c9034c0f3c5838f567e98f8961c61fe9d256720de3c0a0
300232,2,random,20,1,1,0,1,0.7999999999999999,0.98,15,ce885f440d94be3ddd1bbc498653e41cd075e44e449f98a913e6762093ab626a
300232,3,random,7,1,1,0,1,0.9299999999999999,1.0668,2,35ad0ab0a070d9f25437731a9337b718b6be5ba7f901271aa5020a21dcd5ae2d
300232,4,random,8,1,1,0,1,0.9199999999999999,1.0592000000000001,5,f5e6d6775c6731ab95bfea03ea52f22eb0b062530db2d327555135962859633b
300232,5,random,32,0,0,1,1,-0.3200000000000001,-0.04279999999999981,6,04fec6e238502164f00490192479d4e4cd1f724c622a33a1f9d04f36d9e34ae4
300232,6,random,17,1,1,0,1,0.83,1.0016,10,9c6903a14c973ad1d3e8d5550288a126c4538ed738c27138ef6551e7c6af9f9a
300232,7,random,26,1,1,0,1,0.74,0.932,11,997ff2ce2ebe0e12a375cf4d7e7c34833ac87d6331075b6dfde6f6a1507b2d68
300232,8,guided,3,1,1,0,1,0.97,1.0936,0,0d5b4d9772826461cb84b197852b40004e6b9cc0448eba46c498f2a33c27487d
300232,9,guided,3,1,1,0,1,0.97,1.0936,0,0d5b4d9772826461cb84b197852b40004e6b9cc0448eba46c498f2a33c27487d
300232,10,guided,3,1,1,0,1,0.97,1.0936,0,0d5b4d9772826461cb84b197852b40004e6b9cc0448eba46c498f2a33c27487d
300232,11,guided,3,1,1,0,1,0.97,1.0936,0,0d5b4d9772826461cb84b197852b40004e6b9cc0448eba46c498f2a33c27487d
300232,12,guided,3,1,1,0,1,0.97,1.0936,0,0d5b4d9772826461cb84b197852b40004e6b9cc0448eba46c498f2a33c27487d
300232,13,guided,3,1,1,0,1,0.97,1.0936,0,0d5b4d9772826461cb84b197852b40004e6b9cc0448eba46c498f2a33c27487d
300232,14,guided,3,1,1,0,1,0.97,1.0936,0,0d5b4d9772826461cb84b197852b40004e6b9cc0448eba46c498f2a33c27487d
300232,15,guided,3,1,1,0,1,0.97,1.0936,0,0d5b4d9772826461cb84b197852b40004e6b9cc0448eba46c498f2a33c27487d
300233,0,random,32,0,0,1,1,-0.3200000000000001,-0.14640000000000003,3,f26ef280703a5ca0a21203fff4948a47961ac5a1835462971567a0fb2f557ccc
300233,1,random,32,0,0,1,1,-0.3200000000000001,-0.08879999999999988,10,e84589402e396c08b0094f2ff16bc4dec557036b58e4aae0ed827bf431871b18
300233,2,random,32,0,0,1,1,-0.3200000000000001,-0.10199999999999991,6,fd15aa7d27ea4d829710b17d5f1e8680ccb7d6d31d56063b56e91f5e70a6764b
300233,3,random,16,1,1,0,1,0.84,0.9656,4,9848d21bc9372ff2c6b9ad0d017e3e5ff121bb2cae90662583fc006430483178
300233,4,random,32,0,0,1,1,-0.3200000000000001,-0.13439999999999996,9,0942510c9d130e07d20e50d5872c1777c9efdc725f24d471eaf3cbf47b155974
300233,5,random,15,1,1,0,1,0.85,0.9708000000000001,3,454a85c9e77010299853f8e79153a3ff724e490ab8cbdd6e14eac6d321b8a7f0
300233,6,random,32,0,0,1,1,-0.3200000000000001,-0.13919999999999993,8,c9c189b567aabc82db0ee47d3821956154f13e64e507d2043dba784516284d58
300233,7,random,32,0,0,1,1,-0.3200000000000001,-0.138,8,b816da90bd5e1e57b921da50808e14558a43af345041cfa665a23ccc9ea8ea44
300233,8,guided,2,1,1,0,1,0.98,1.0612,0,94504372787210ff139569a294646b0d2dd96da334b4af64433eeaa102a71dbc
300233,9,guided,2,1,1,0,1,0.98,1.0612,0,94504372787210ff139569a294646b0d2dd96da334b4af64433eeaa102a71dbc
300233,10,guided,2,1,1,0,1,0.98,1.0612,0,94504372787210ff139569a294646b0d2dd96da334b4af64433eeaa102a71dbc
300233,11,guided,2,1,1,0,1,0.98,1.0612,0,94504372787210ff139569a294646b0d2dd96da334b4af64433eeaa102a71dbc
300233,12,guided,2,1,1,0,1,0.98,1.0612,0,94504372787210ff139569a294646b0d2dd96da334b4af64433eeaa102a71dbc
300233,13,guided,2,1,1,0,1,0.98,1.0612,0,94504372787210ff139569a294646b0d2dd96da334b4af64433eeaa102a71dbc
300233,14,guided,2,1,1,0,1,0.98,1.0612,0,94504372787210ff139569a294646b0d2dd96da334b4af64433eeaa102a71dbc
300233,15,guided,2,1,1,0,1,0.98,1.0612,0,94504372787210ff139569a294646b0d2dd96da334b4af64433eeaa102a71dbc
300234,0,random,32,0,0,1,1,-0.3200000000000001,0.17360000000000012,10,f924e65be85b48425b0f480f67dd6052e9f1a1da89f18ad01f3bcddcaf736f04
300234,1,random,32,0,0,1,1,-0.3200000000000001,0.11960000000000011,11,ec1eb95e4df59d1e5be47189ca45ac989f059c1a02ad8872151df549c67717de
300234,2,random,32,0,0,1,1,-0.3200000000000001,0.16400000000000012,10,4beb67a9d181c081aee8e18662d47d6f6904250e3c5cca154cf25c659440d7bd
300234,3,random,32,0,0,1,1,-0.3200000000000001,0.14240000000000014,9,33b1d76f58c7fa4d7e7e95cf75c014eeb9a7162708278f45c4565042193c175e
300234,4,random,32,0,0,1,1,-0.3200000000000001,0.17360000000000017,9,800a71caad4cce1e2d0bf122247d4ddbba45440513763bf93c5989f53f137da9
300234,5,random,32,0,0,1,1,-0.3200000000000001,0.1568000000000001,9,bdaddb85ebcf0d3b031a05a68a9ed1113e1e9499fd25aef9ed0aa3f4182792d1
300234,6,random,32,0,0,1,1,-0.3200000000000001,0.20000000000000018,14,ca5c14e4f28ccd63cb13bdd9b374be1c6f2c14a84c6460053fab79e57d9c07f0
300234,7,random,32,0,0,1,1,-0.3200000000000001,0.17720000000000014,10,59d49da84d0ac47e2f342cbf2ed2ec2e47aaa45239d1c58d9ea43222c9c0566a
300234,8,guided,12,1,1,0,1,0.88,1.1972,5,8e9fa588d9081eab3acff1e58f6dbb48dee125ff55b332e137cb2944ae09cb5d
300234,9,guided,12,1,1,0,1,0.88,1.1972,5,8e9fa588d9081eab3acff1e58f6dbb48dee125ff55b332e137cb2944ae09cb5d
300234,10,guided,12,1,1,0,1,0.88,1.1972,5,8e9fa588d9081eab3acff1e58f6dbb48dee125ff55b332e137cb2944ae09cb5d
300234,11,guided,12,1,1,0,1,0.88,1.1972,5,8e9fa588d9081eab3acff1e58f6dbb48dee125ff55b332e137cb2944ae09cb5d
300234,12,guided,12,1,1,0,1,0.88,1.1972,5,8e9fa588d9081eab3acff1e58f6dbb48dee125ff55b332e137cb2944ae09cb5d
300234,13,guided,12,1,1,0,1,0.88,1.1972,5,8e9fa588d9081eab3acff1e58f6dbb48dee125ff55b332e137cb2944ae09cb5d
300234,14,guided,12,1,1,0,1,0.88,1.1972,5,8e9fa588d9081eab3acff1e58f6dbb48dee125ff55b332e137cb2944ae09cb5d
300234,15,guided,12,1,1,0,1,0.88,1.1972,5,8e9fa588d9081eab3acff1e58f6dbb48dee125ff55b332e137cb2944ae09cb5d
300235,0,random,32,0,0,1,1,-0.3200000000000001,-0.16959999999999997,14,112e9b6ebe5be097d037749023374037beca8fa5f2a938e580dc32ad46b821c8
300235,1,random,13,1,1,0,1,0.87,0.9448,2,1659edb85ef0ffd4f237066b3c4241f7e845e09d21bac4e75b3e3ef4f1a622d2
300235,2,random,2,1,1,0,1,0.98,1.0212,1,2ff16524da25eb538ce42eca20963e4beb9b94f0d95184f17a5777394183974c
300235,3,random,32,0,0,1,1,-0.3200000000000001,-0.19600000000000006,4,c8ddb3a87a6fd3195aa0807896adc3341a14c05dff04a8d824916cf6a35a0432
300235,4,random,1,1,1,0,1,0.99,1.03,0,4e44bc21867ca76f9bf8b883c31f5db58e3e0cd8e5476c1450a1fc02d94e13bf
300235,5,random,1,1,1,0,1,0.99,1.03,0,4e44bc21867ca76f9bf8b883c31f5db58e3e0cd8e5476c1450a1fc02d94e13bf
300235,6,random,28,1,1,0,1,0.72,0.8512000000000002,7,f9c7a6b5522f252b1670e9e3dfbd64b3b402c2e0addecb70199a6891e59f6c0c
300235,7,random,1,1,1,0,1,0.99,1.03,0,4e44bc21867ca76f9bf8b883c31f5db58e3e0cd8e5476c1450a1fc02d94e13bf
300235,8,guided,1,1,1,0,1,0.99,1.03,0,4e44bc21867ca76f9bf8b883c31f5db58e3e0cd8e5476c1450a1fc02d94e13bf
300235,9,guided,1,1,1,0,1,0.99,1.03,0,4e44bc21867ca76f9bf8b883c31f5db58e3e0cd8e5476c1450a1fc02d94e13bf
300235,10,guided,1,1,1,0,1,0.99,1.03,0,4e44bc21867ca76f9bf8b883c31f5db58e3e0cd8e5476c1450a1fc02d94e13bf
300235,11,guided,1,1,1,0,1,0.99,1.03,0,4e44bc21867ca76f9bf8b883c31f5db58e3e0cd8e5476c1450a1fc02d94e13bf
300235,12,guided,1,1,1,0,1,0.99,1.03,0,4e44bc21867ca76f9bf8b883c31f5db58e3e0cd8e5476c1450a1fc02d94e13bf
300235,13,guided,1,1,1,0,1,0.99,1.03,0,4e44bc21867ca76f9bf8b883c31f5db58e3e0cd8e5476c1450a1fc02d94e13bf
300235,14,guided,1,1,1,0,1,0.99,1.03,0,4e44bc21867ca76f9bf8b883c31f5db58e3e0cd8e5476c1450a1fc02d94e13bf
300235,15,guided,1,1,1,0,1,0.99,1.03,0,4e44bc21867ca76f9bf8b883c31f5db58e3e0cd8e5476c1450a1fc02d94e13bf
300236,0,random,32,0,0,1,1,-0.3200000000000001,-0.025999999999999884,9,8805f12250f455b9907421c6b7098938847428eeb7d29b5f966ec0098200d5ea
300236,1,random,32,0,0,1,1,-0.3200000000000001,-0.1016,3,cc88e133f5642d29921bf9a0283e7e14dc74b78fa5096b64254f6dc0cf9203c5
300236,2,random,32,0,0,1,1,-0.3200000000000001,-0.04999999999999974,9,5afedf3d26e111e7ac8e3e542a386182d15f09283918cedcc3ef284e47ebaa36
300236,3,random,5,1,1,0,1,0.95,1.082,0,9fb68da8566cecdeb45b88c4a4318ddf5b5d7b9e3a058fa378b0a09110e3256e
300236,4,random,32,0,0,1,1,-0.3200000000000001,-0.0259999999999998,8,a3536ae4a13a052041714d60d8ec65cf5009e378e01e8c52b74dc3216b72888b
300236,5,random,5,1,1,0,1,0.95,1.0772,2,fc804e89841ee92121702c659e298842458a60d289e7249598883c6269d34f86
300236,6,random,8,1,1,0,1,0.9199999999999999,1.0604,1,b171dc33d99eaf78876d32149830676f12a82196cd464ec9d2a2c9354d1f5f2a
300236,7,random,32,0,0,1,1,-0.3200000000000001,-0.05479999999999989,6,81edbc606847aff190831858ca1555bfacb736637df337bf9464d33eabf15750
300236,8,guided,5,1,1,0,1,0.95,1.0772,0,a6bb7b46c9abd5cb798a0bbc45c66b60f6bc2caf9e65f3e141abab9cf84de00a
300236,9,guided,5,1,1,0,1,0.95,1.0772,0,a6bb7b46c9abd5cb798a0bbc45c66b60f6bc2caf9e65f3e141abab9cf84de00a
300236,10,guided,5,1,1,0,1,0.95,1.0772,0,a6bb7b46c9abd5cb798a0bbc45c66b60f6bc2caf9e65f3e141abab9cf84de00a
300236,11,guided,5,1,1,0,1,0.95,1.0772,0,a6bb7b46c9abd5cb798a0bbc45c66b60f6bc2caf9e65f3e141abab9cf84de00a
300236,12,guided,5,1,1,0,1,0.95,1.0772,0,a6bb7b46c9abd5cb798a0bbc45c66b60f6bc2caf9e65f3e141abab9cf84de00a
300236,13,guided,5,1,1,0,1,0.95,1.0772,0,a6bb7b46c9abd5cb798a0bbc45c66b60f6bc2caf9e65f3e141abab9cf84de00a
300236,14,guided,5,1,1,0,1,0.95,1.0772,0,a6bb7b46c9abd5cb798a0bbc45c66b60f6bc2caf9e65f3e141abab9cf84de00a
300236,15,guided,5,1,1,0,1,0.95,1.0772,0,a6bb7b46c9abd5cb798a0bbc45c66b60f6bc2caf9e65f3e141abab9cf84de00a
300237,0,random,32,0,0,1,1,-0.3200000000000001,0.1336000000000001,8,757ca7ec3a3b6ec44069d161bbcd197e512947edcbcb88085f84c0ba883c48da
300237,1,random,32,0,0,1,1,-0.3200000000000001,0.12040000000000015,13,9801811b23d4d5a106f1c8b698f2fe4dd83cb9a3c975cc64c03c260029e0a493
300237,2,random,31,1,1,0,1,0.69,1.1064,11,f32abce156991bd948735c04e9a3f5fe4e732195db1bec973dd2aa26477688ce
300237,3,random,32,0,0,1,1,-0.3200000000000001,0.09160000000000013,2,a08d2914e890622ef8de5151fe6b2df39b69cb2504c4400e811f0a018078c23e
300237,4,random,32,0,0,1,1,-0.3200000000000001,0.11800000000000013,9,c755db25d43e622728e022821225d7d3150b5be6659fd7a16567cd44d4771d1c
300237,5,random,32,0,0,1,1,-0.3200000000000001,0.09640000000000014,4,8fc3b417b9a9968312326a8aa8140a5d7b1dd5c70f11f82b15b136c4b65d9175
300237,6,random,32,0,0,1,1,-0.3200000000000001,0.10480000000000009,10,97cc03e66f81187f55f768fec415f391c29a99907a73074ac48a115e3b73e60c
300237,7,random,32,0,0,1,1,-0.3200000000000001,0.04600000000000004,10,6c30e195f71e0923cb0e5186c1e663ec050a7f10a19ffa9a47dee0776ab34824
300237,8,guided,21,1,1,0,1,0.7899999999999999,1.12,15,24fd9622dfd6c9db689daf16f47637f78869941fba915596cf5a6a1b0fd010c7
300237,9,guided,21,1,1,0,1,0.7899999999999999,1.12,15,24fd9622dfd6c9db689daf16f47637f78869941fba915596cf5a6a1b0fd010c7
300237,10,guided,21,1,1,0,1,0.7899999999999999,1.12,15,24fd9622dfd6c9db689daf16f47637f78869941fba915596cf5a6a1b0fd010c7
300237,11,guided,21,1,1,0,1,0.7899999999999999,1.12,15,24fd9622dfd6c9db689daf16f47637f78869941fba915596cf5a6a1b0fd010c7
300237,12,guided,21,1,1,0,1,0.7899999999999999,1.12,15,24fd9622dfd6c9db689daf16f47637f78869941fba915596cf5a6a1b0fd010c7
300237,13,guided,21,1,1,0,1,0.7899999999999999,1.12,15,24fd9622dfd6c9db689daf16f47637f78869941fba915596cf5a6a1b0fd010c7
300237,14,guided,21,1,1,0,1,0.7899999999999999,1.12,15,24fd9622dfd6c9db689daf16f47637f78869941fba915596cf5a6a1b0fd010c7
300237,15,guided,21,1,1,0,1,0.7899999999999999,1.12,15,24fd9622dfd6c9db689daf16f47637f78869941fba915596cf5a6a1b0fd010c7
300238,0,random,32,0,0,1,1,-0.3200000000000001,0.015200000000000213,23,fb7615770573bdcbc8ee46297f09d2c6b484aa10c41f674c54441344022fdc8b
300238,1,random,32,0,0,1,1,-0.3200000000000001,-0.012399999999999883,5,6dbdeb29051d6c700fdd411e3af1703e037aa5c6ac9535e9c02cec59ae239117
300238,2,random,32,0,0,1,1,-0.3200000000000001,0.04640000000000023,11,0ab7a282973c1a038946553189f3b5437baf5b0df710b21a01d093c3d4783d2c
300238,3,random,32,0,0,1,1,-0.3200000000000001,0.020000000000000184,9,90ca82fab7f014b0a3732833b35bc017e27c392945dfe093d9bb178d86f2952c
300238,4,random,32,0,0,1,1,-0.3200000000000001,0.014000000000000137,6,8f1173521e43792efb5890ed578a45df71e3756b69c16528cb5c401e29cf4ada
300238,5,random,32,0,0,1,1,-0.3200000000000001,0.027200000000000113,11,d09e4a52d26b6f31eda39813b22c185e46aa8db4383f8418161c28d0895e3c52
300238,6,random,17,1,1,0,1,0.83,1.056,7,d708a8ee182828efe51b8e770791b14183c7ac195b3d2560175932a5f270d319
300238,7,random,14,1,1,0,1,0.86,1.0656,6,7a98ecbf057ca847d2a3551b01c15529b6d1d2e7e3c6bd6dd46b618d596bd525
300238,8,guided,4,1,1,0,1,0.96,1.1272,0,8bf7347b943435ab890de3ee7cb90b359a1ba8ff3c9ac6e0f5a53260dfcb683a
300238,9,guided,4,1,1,0,1,0.96,1.1272,0,8bf7347b943435ab890de3ee7cb90b359a1ba8ff3c9ac6e0f5a53260dfcb683a
300238,10,guided,4,1,1,0,1,0.96,1.1272,0,8bf7347b943435ab890de3ee7cb90b359a1ba8ff3c9ac6e0f5a53260dfcb683a
300238,11,guided,4,1,1,0,1,0.96,1.1272,0,8bf7347b943435ab890de3ee7cb90b359a1ba8ff3c9ac6e0f5a53260dfcb683a
300238,12,guided,4,1,1,0,1,0.96,1.1272,0,8bf7347b943435ab890de3ee7cb90b359a1ba8ff3c9ac6e0f5a53260dfcb683a
300238,13,guided,4,1,1,0,1,0.96,1.1272,0,8bf7347b943435ab890de3ee7cb90b359a1ba8ff3c9ac6e0f5a53260dfcb683a
300238,14,guided,4,1,1,0,1,0.96,1.1272,0,8bf7347b943435ab890de3ee7cb90b359a1ba8ff3c9ac6e0f5a53260dfcb683a
300238,15,guided,4,1,1,0,1,0.96,1.1272,0,8bf7347b943435ab890de3ee7cb90b359a1ba8ff3c9ac6e0f5a53260dfcb683a
300239,0,random,32,0,0,1,1,-0.3200000000000001,-0.06839999999999996,15,13e8335925af0e48ffa463f7414cfed34fd6e29f856e8ccd02bb7f14f3087b26
300239,1,random,4,1,1,0,1,0.96,1.046,2,c8baf294cd6b06fc52547aaf32bcac19419295420f0d6f006c9245da1e8dcfbb
300239,2,random,3,1,1,0,1,0.97,1.0536,1,234dc68a9f3c85edba95cf5204f4bbf9e5ee8c85b32d7c1f70eb9c4d214dc202
300239,3,random,27,1,1,0,1,0.73,0.8844000000000001,13,68486235fc4432d09b60fd1bb282d93526e61e1ac39fc2aad1dbd4c13cf8ca28
300239,4,random,32,0,0,1,1,-0.3200000000000001,-0.10199999999999987,11,eeec2e394404de28ac404946f8afc27963366174340f5fd78737840bcdcd326d
300239,5,random,7,1,1,0,1,0.9299999999999999,1.022,3,6d49685fe6ba088594bb0771d25dc9b50086df326a9e0705a7382f721b99fc48
300239,6,random,32,0,0,1,1,-0.3200000000000001,-0.1019999999999999,12,96875efc495122ab31d3fd54e6ff66ce2f326c9cc39b936a011195430c9da9ca
300239,7,random,32,0,0,1,1,-0.3200000000000001,-0.12359999999999997,8,1fc9c931f35d58f7c271703974f5bc6304a2839136a457267aa2a1cb91c34efb
300239,8,guided,2,1,1,0,1,0.98,1.0612,0,d3a23451b7ec5bad8f418495cf7a884f198af8fb82ab44cefe25bc35e2ca1c36
300239,9,guided,2,1,1,0,1,0.98,1.0612,0,d3a23451b7ec5bad8f418495cf7a884f198af8fb82ab44cefe25bc35e2ca1c36
300239,10,guided,2,1,1,0,1,0.98,1.0612,0,d3a23451b7ec5bad8f418495cf7a884f198af8fb82ab44cefe25bc35e2ca1c36
300239,11,guided,2,1,1,0,1,0.98,1.0612,0,d3a23451b7ec5bad8f418495cf7a884f198af8fb82ab44cefe25bc35e2ca1c36
300239,12,guided,2,1,1,0,1,0.98,1.0612,0,d3a23451b7ec5bad8f418495cf7a884f198af8fb82ab44cefe25bc35e2ca1c36
300239,13,guided,2,1,1,0,1,0.98,1.0612,0,d3a23451b7ec5bad8f418495cf7a884f198af8fb82ab44cefe25bc35e2ca1c36
300239,14,guided,2,1,1,0,1,0.98,1.0612,0,d3a23451b7ec5bad8f418495cf7a884f198af8fb82ab44cefe25bc35e2ca1c36
300239,15,guided,2,1,1,0,1,0.98,1.0612,0,d3a23451b7ec5bad8f418495cf7a884f198af8fb82ab44cefe25bc35e2ca1c36
300240,0,random,32,0,0,1,1,-0.3200000000000001,0.05760000000000012,14,18bdc733cc1fd859e11ff44bdc709811206e06b6bb6e9aa1fa40b5e58ac35ce7
300240,1,random,22,1,1,0,1,0.7799999999999999,1.0424,11,ef66bf1d6e6a29fe98798fe7672a96ef0e93c2427c4f42e5f7955b54629345df
300240,2,random,22,1,1,0,1,0.7799999999999999,1.0808000000000002,11,480d8c5805e8ed9f2bdebe06b1e07cbc683d4dbeb7433d5b343e822f7b2ec697
300240,3,random,32,0,0,1,1,-0.3200000000000001,0.054000000000000145,16,663b9242311c724db2e6321999c2236eca5ffcfd23b0973ccfb5b6b9721c99ff
300240,4,random,32,0,0,1,1,-0.3200000000000001,0.04320000000000013,21,312a1455bfcc22b66a9696176788f4b94d92c73696ef9e571019f7b3b8c4c313
300240,5,random,32,0,0,1,1,-0.3200000000000001,0.030000000000000082,10,d599efabe57c823b585d6959da5b28b0c54c047844fd6e3a49b9a4ecf266d919
300240,6,random,32,0,0,1,1,-0.3200000000000001,0.052800000000000166,11,82314367d4f11d3507863e0c77a4d1731c91252e6b965d4d7999a987dda4d6d4
300240,7,random,22,1,1,0,1,0.7799999999999999,1.058,11,4f94e8e49c8003b3aed35f6794907040d53d2639ec997846072057f7d0e882d0
300240,8,guided,32,0,0,1,1,-0.3200000000000001,0.06600000000000023,32,9f5d365ce55c1cb0333255039a1100c2ce440e25aa2e7584cade6b4f901774f1
300240,9,guided,32,0,0,1,1,-0.3200000000000001,0.06600000000000023,32,9f5d365ce55c1cb0333255039a1100c2ce440e25aa2e7584cade6b4f901774f1
300240,10,guided,32,0,0,1,1,-0.3200000000000001,0.06600000000000023,32,9f5d365ce55c1cb0333255039a1100c2ce440e25aa2e7584cade6b4f901774f1
300240,11,guided,32,0,0,1,1,-0.3200000000000001,0.06600000000000023,32,9f5d365ce55c1cb0333255039a1100c2ce440e25aa2e7584cade6b4f901774f1
300240,12,guided,32,0,0,1,1,-0.3200000000000001,0.06600000000000023,32,9f5d365ce55c1cb0333255039a1100c2ce440e25aa2e7584cade6b4f901774f1
300240,13,guided,32,0,0,1,1,-0.3200000000000001,0.06600000000000023,32,9f5d365ce55c1cb0333255039a1100c2ce440e25aa2e7584cade6b4f901774f1
300240,14,guided,32,0,0,1,1,-0.3200000000000001,0.06600000000000023,32,9f5d365ce55c1cb0333255039a1100c2ce440e25aa2e7584cade6b4f901774f1
300240,15,guided,32,0,0,1,1,-0.3200000000000001,0.06600000000000023,32,9f5d365ce55c1cb0333255039a1100c2ce440e25aa2e7584cade6b4f901774f1
300241,0,random,32,0,0,1,1,-0.3200000000000001,0.18880000000000022,8,2a53f09f7709a8ff5494e3685f7f639df96a04059684363640d4ec5ce7c911bd
300241,1,random,32,0,0,1,1,-0.3200000000000001,0.2428000000000003,12,0a50a4d9c004b4f4abddc7f75fa6f2830e05648d89952f1be29e802ed6245163
300241,2,random,32,0,0,1,1,-0.3200000000000001,0.20440000000000033,11,e9e95de401ffd5a7508d918c40018fd38b9c9fa572515c412134399482f4424f
300241,3,random,32,0,0,1,1,-0.3200000000000001,0.24520000000000022,14,7c6961ec29a689faabbde117091436a4858e2347bb02ac947ceccbfb8b128cf2
300241,4,random,32,0,0,1,1,-0.3200000000000001,0.21640000000000026,9,a3c7a9ccabb1fedb021f51b7d4b8870ea7efc515db750621fdaef059906d34aa
300241,5,random,32,0,0,1,1,-0.3200000000000001,0.08800000000000013,13,c963b28777cbee4802b5be9ba33545c6decfe63abe4ef198d1af682482bc654e
300241,6,random,32,0,0,1,1,-0.3200000000000001,0.1936000000000003,10,bcfce5167446fa48b2b5dc918bd509defb2265e9975e6fad76811961d7612c2a
300241,7,random,32,0,0,1,1,-0.3200000000000001,0.20680000000000034,13,3d107954811459a47ba13d7d84bff01e95aa2226f0360c937b4f2df6e62c6dd7
300241,8,guided,32,0,0,1,1,-0.3200000000000001,0.19840000000000035,17,ffbdcea101d65d54b61f3ba683b94c4630417d578aafb15d71cdc14aa27289d3
300241,9,guided,32,0,0,1,1,-0.3200000000000001,0.19840000000000035,17,ffbdcea101d65d54b61f3ba683b94c4630417d578aafb15d71cdc14aa27289d3
300241,10,guided,32,0,0,1,1,-0.3200000000000001,0.19840000000000035,17,ffbdcea101d65d54b61f3ba683b94c4630417d578aafb15d71cdc14aa27289d3
300241,11,guided,32,0,0,1,1,-0.3200000000000001,0.19840000000000035,17,ffbdcea101d65d54b61f3ba683b94c4630417d578aafb15d71cdc14aa27289d3
300241,12,guided,32,0,0,1,1,-0.3200000000000001,0.19840000000000035,17,ffbdcea101d65d54b61f3ba683b94c4630417d578aafb15d71cdc14aa27289d3
300241,13,guided,32,0,0,1,1,-0.3200000000000001,0.19840000000000035,17,ffbdcea101d65d54b61f3ba683b94c4630417d578aafb15d71cdc14aa27289d3
300241,14,guided,32,0,0,1,1,-0.3200000000000001,0.19840000000000035,17,ffbdcea101d65d54b61f3ba683b94c4630417d578aafb15d71cdc14aa27289d3
300241,15,guided,32,0,0,1,1,-0.3200000000000001,0.19840000000000035,17,ffbdcea101d65d54b61f3ba683b94c4630417d578aafb15d71cdc14aa27289d3
300242,0,random,4,1,1,0,1,0.96,1.0048000000000001,1,212b65a736119f95ff69efc4413918c1f4a300fe7f6bb83443024e06ff7731ea
300242,1,random,4,1,1,0,1,0.96,1.0048,1,270a7a4abc1451d7fcb6c251ded40bf6b096e3b5130328d7ef09fefd73e8b90c
300242,2,random,5,1,1,0,1,0.95,0.9996,0,71838a6e0dd24a83341b84d40155f7c110055bafc9b8ed10f52f13321410e5b3
300242,3,random,3,1,1,0,1,0.97,1.0124,2,a07fad9d17e1f68dc5811dfc959d012863b590d6f1aab286b84149863a08662d
300242,4,random,11,1,1,0,1,0.89,0.9612,2,c5f816bbc60fd111ae4c0c97cbd95f5dd56a79f09170d0774ceb58123df55613
300242,5,random,1,1,1,0,1,0.99,1.03,0,37d48bd0a9822ed4d0bb3cb2d360b9e52093cf9f73ebb714e8a588154be6d05a
300242,6,random,1,1,1,0,1,0.99,1.03,0,37d48bd0a9822ed4d0bb3cb2d360b9e52093cf9f73ebb714e8a588154be6d05a
300242,7,random,5,1,1,0,1,0.95,0.9972000000000001,0,1ffb1bbeea88852d624853e42cedd97cef6b8980dd8df6bd4cd73e5ef8df12b9
300242,8,guided,1,1,1,0,1,0.99,1.03,0,37d48bd0a9822ed4d0bb3cb2d360b9e52093cf9f73ebb714e8a588154be6d05a
300242,9,guided,1,1,1,0,1,0.99,1.03,0,37d48bd0a9822ed4d0bb3cb2d360b9e52093cf9f73ebb714e8a588154be6d05a
300242,10,guided,1,1,1,0,1,0.99,1.03,0,37d48bd0a9822ed4d0bb3cb2d360b9e52093cf9f73ebb714e8a588154be6d05a
300242,11,guided,1,1,1,0,1,0.99,1.03,0,37d48bd0a9822ed4d0bb3cb2d360b9e52093cf9f73ebb714e8a588154be6d05a
300242,12,guided,1,1,1,0,1,0.99,1.03,0,37d48bd0a9822ed4d0bb3cb2d360b9e52093cf9f73ebb714e8a588154be6d05a
300242,13,guided,1,1,1,0,1,0.99,1.03,0,37d48bd0a9822ed4d0bb3cb2d360b9e52093cf9f73ebb714e8a588154be6d05a
300242,14,guided,1,1,1,0,1,0.99,1.03,0,37d48bd0a9822ed4d0bb3cb2d360b9e52093cf9f73ebb714e8a588154be6d05a
300242,15,guided,1,1,1,0,1,0.99,1.03,0,37d48bd0a9822ed4d0bb3cb2d360b9e52093cf9f73ebb714e8a588154be6d05a
300243,0,random,10,1,1,0,1,0.9,0.9956,0,4a99656003430798cb50292ff326f1bbcfb677be5f7f04140f356ae474c8ddb9
300243,1,random,8,1,1,0,1,0.9199999999999999,1.0144,0,d73974b35b65d33622be9b6b66ba80684555195fa24120e294d22f9fe259c112
300243,2,random,10,1,1,0,1,0.9,0.9992000000000001,6,b5bf93c6eee9a0bc053bae73a6a273a9465ba50171fccff7a9f36cf28032f511
300243,3,random,7,1,1,0,1,0.9299999999999999,1.022,3,bfe5726659319040bfd6037b1399a0b03a24ab30acd9cb0adbc2c520eb4c2939
300243,4,random,32,0,0,1,1,-0.3200000000000001,-0.16679999999999995,8,f26885ee0bec36d20d5d3710cfb771fd49b02ab1dfa390fa649d6511b96789cf
300243,5,random,4,1,1,0,1,0.96,1.0448,0,18affca3092f471816153889826a77d6e5ea5878012f1a63df79cfb5a48b0549
300243,6,random,32,0,0,1,1,-0.3200000000000001,-0.11999999999999977,16,d6914cb1efc466a1a8ea60ab8160fbaa7c7447a50fa4806aa5d13e75f4c6a208
300243,7,random,10,1,1,0,1,0.9,1.0016,4,b85926ca0ca4a4a53358b4eaa54052d1da438870f3d4db509adc1d23b45599b8
300243,8,guided,2,1,1,0,1,0.98,1.0612,0,556a982cb14c78a6e194d5f11db3d55368e1e48d533f8412f0af56dff340aff5
300243,9,guided,2,1,1,0,1,0.98,1.0612,0,556a982cb14c78a6e194d5f11db3d55368e1e48d533f8412f0af56dff340aff5
300243,10,guided,2,1,1,0,1,0.98,1.0612,0,556a982cb14c78a6e194d5f11db3d55368e1e48d533f8412f0af56dff340aff5
300243,11,guided,2,1,1,0,1,0.98,1.0612,0,556a982cb14c78a6e194d5f11db3d55368e1e48d533f8412f0af56dff340aff5
300243,12,guided,2,1,1,0,1,0.98,1.0612,0,556a982cb14c78a6e194d5f11db3d55368e1e48d533f8412f0af56dff340aff5
300243,13,guided,2,1,1,0,1,0.98,1.0612,0,556a982cb14c78a6e194d5f11db3d55368e1e48d533f8412f0af56dff340aff5
300243,14,guided,2,1,1,0,1,0.98,1.0612,0,556a982cb14c78a6e194d5f11db3d55368e1e48d533f8412f0af56dff340aff5
300243,15,guided,2,1,1,0,1,0.98,1.0612,0,556a982cb14c78a6e194d5f11db3d55368e1e48d533f8412f0af56dff340aff5
300244,0,random,32,0,0,1,1,-0.3200000000000001,-0.13199999999999998,8,ad5acd9a7372ed7e3bb0c4e2944459c8d2b80b19d82dc206c560d38208221195
300244,1,random,10,1,1,0,1,0.9,1.0004,2,a25c3b31c2f9f89b72fd1c2383bed44218ba47ffb469e8e9cfed7c699510a089
300244,2,random,32,0,0,1,1,-0.3200000000000001,-0.04559999999999978,19,2e9f96e4346c34ae7660320f6776682448d27fbdee02102818ed9834df37bdec
300244,3,random,32,0,0,1,1,-0.3200000000000001,-0.11639999999999982,12,9056e1706c8c12df85b209fd0716307ee8b8d97895707c094619c3e611584d3c
300244,4,random,32,0,0,1,1,-0.3200000000000001,-0.09959999999999986,8,753cfd0d9acd94329f6a7105b73ed167b36426e6ea8e17e4f92f995d29fac58d
300244,5,random,9,1,1,0,1,0.91,1.0032,1,c533b8a3c6788328190c9b1f276558778ca6f2e3d1cddbcdf0c4451a32df04e7
300244,6,random,32,0,0,1,1,-0.3200000000000001,-0.1223999999999999,7,3ae34affd5d1b8c5893fefd6f7227f77d9fbeb228b7000fdd55124ec43ce6a53
300244,7,random,2,1,1,0,1,0.98,1.0612,0,770209debe25d2aa1479ea2e3f61337e0d2268ed1193ef337cf7bde9019ed075
300244,8,guided,2,1,1,0,1,0.98,1.0612,0,770209debe25d2aa1479ea2e3f61337e0d2268ed1193ef337cf7bde9019ed075
300244,9,guided,2,1,1,0,1,0.98,1.0612,0,770209debe25d2aa1479ea2e3f61337e0d2268ed1193ef337cf7bde9019ed075
300244,10,guided,2,1,1,0,1,0.98,1.0612,0,770209debe25d2aa1479ea2e3f61337e0d2268ed1193ef337cf7bde9019ed075
300244,11,guided,2,1,1,0,1,0.98,1.0612,0,770209debe25d2aa1479ea2e3f61337e0d2268ed1193ef337cf7bde9019ed075
300244,12,guided,2,1,1,0,1,0.98,1.0612,0,770209debe25d2aa1479ea2e3f61337e0d2268ed1193ef337cf7bde9019ed075
300244,13,guided,2,1,1,0,1,0.98,1.0612,0,770209debe25d2aa1479ea2e3f61337e0d2268ed1193ef337cf7bde9019ed075
300244,14,guided,2,1,1,0,1,0.98,1.0612,0,770209debe25d2aa1479ea2e3f61337e0d2268ed1193ef337cf7bde9019ed075
300244,15,guided,2,1,1,0,1,0.98,1.0612,0,770209debe25d2aa1479ea2e3f61337e0d2268ed1193ef337cf7bde9019ed075
300245,0,random,17,1,1,0,1,0.83,1.102,2,a9e09be00a3142738ef3617217c64d725799e73f43b968dc834e1bbb2d8ed813
300245,1,random,32,0,0,1,1,-0.3200000000000001,0.09240000000000019,7,dd74f0112eae3f6799499b33d872cce186baaaf4c725a72e8861dedf5738b449
300245,2,random,17,1,1,0,1,0.83,1.0684,4,d3bf2c875de8664798e6b4ed6f90210182e6ed0c0b1d611c569b3370265e0e91
300245,3,random,19,1,1,0,1,0.8099999999999999,1.0916000000000001,2,57d42e71074ed68cdae82f26be9512c03b3a6b57813c839bbb06c8dbd20d27f4
300245,4,random,32,1,1,0,1,0.6799999999999999,0.9916000000000001,5,6989edf809ddfb42c64bbe7027a49cc85202d431ff210b611f7795684ecfc076
300245,5,random,20,1,1,0,1,0.7999999999999999,1.0504,5,040a12e583314bbdb3e83dc8ce7948a4b9c0f0eb2d4eaa60d25447c03584fd54
300245,6,random,32,0,0,1,1,-0.3200000000000001,0.04320000000000013,10,1cb33b2541bddf3670a5402cfea4c7982c5ce627c41da7b1e15a8516a44ee7b1
300245,7,random,17,1,1,0,1,0.83,1.102,0,9364cd51a1f2c6550fa7987847fbb29d915af8af731cc78b313776112c744e05
300245,8,guided,16,1,1,0,1,0.84,1.118,11,a1e949118c5abd0c1bea76c27986f523631bb410dbbad1625eea7483d696405d
300245,9,guided,16,1,1,0,1,0.84,1.118,11,a1e949118c5abd0c1bea76c27986f523631bb410dbbad1625eea7483d696405d
300245,10,guided,16,1,1,0,1,0.84,1.118,11,a1e949118c5abd0c1bea76c27986f523631bb410dbbad1625eea7483d696405d
300245,11,guided,16,1,1,0,1,0.84,1.118,11,a1e949118c5abd0c1bea76c27986f523631bb410dbbad1625eea7483d696405d
300245,12,guided,16,1,1,0,1,0.84,1.118,11,a1e949118c5abd0c1bea76c27986f523631bb410dbbad1625eea7483d696405d
300245,13,guided,16,1,1,0,1,0.84,1.118,11,a1e949118c5abd0c1bea76c27986f523631bb410dbbad1625eea7483d696405d
300245,14,guided,16,1,1,0,1,0.84,1.118,11,a1e949118c5abd0c1bea76c27986f523631bb410dbbad1625eea7483d696405d
300245,15,guided,16,1,1,0,1,0.84,1.118,11,a1e949118c5abd0c1bea76c27986f523631bb410dbbad1625eea7483d696405d
300246,0,random,32,0,0,1,1,-0.3200000000000001,-0.12479999999999984,11,da29c106ddf6aa585ebce2b10e04056e212ac76b717339ce9187242cde07d1c5
300246,1,random,32,0,0,1,1,-0.3200000000000001,-0.0779999999999999,12,71a9fc0a50fa031f74e90d734eea698e6bcb4b03df35c310c729070573baa045
300246,2,random,17,1,1,0,1,0.83,0.9544000000000001,5,dd1fac0499d4f39daa489c606e2fea38c10c3db812f81e4cd04b7c0fd73189df
300246,3,random,5,1,1,0,1,0.95,1.0372000000000001,1,cc277267fd03cf11011399baa81549b44deb780f977ea54ad7fe5df06c06925c
300246,4,random,11,1,1,0,1,0.89,0.9904000000000001,5,ab6609e284f3db78df4f337e1a8cf7d14214ce926544af09ab014b083b9b5d85
300246,5,random,3,1,1,0,1,0.97,1.0536,1,2ea54805178db05bf56470daf62ea1137a16a87fc5c12f237621d53bca47fbfd
300246,6,random,21,1,1,0,1,0.7899999999999999,0.9216,7,faaddff992e6f224f6afec10ae698afc49f152a537d84bd55c8a53d09527c021
300246,7,random,3,1,1,0,1,0.97,1.0536,1,24b8882138178667cf05447cfede512b8f6d2598b3a9b82cb28e273b12340440
300246,8,guided,2,1,1,0,1,0.98,1.0612,0,af75540a48bac73e1e4c152cbd4f258fb92bbbaa4ceb8c87c0065948137ac7bc
300246,9,guided,2,1,1,0,1,0.98,1.0612,0,af75540a48bac73e1e4c152cbd4f258fb92bbbaa4ceb8c87c0065948137ac7bc
300246,10,guided,2,1,1,0,1,0.98,1.0612,0,af75540a48bac73e1e4c152cbd4f258fb92bbbaa4ceb8c87c0065948137ac7bc
300246,11,guided,2,1,1,0,1,0.98,1.0612,0,af75540a48bac73e1e4c152cbd4f258fb92bbbaa4ceb8c87c0065948137ac7bc
300246,12,guided,2,1,1,0,1,0.98,1.0612,0,af75540a48bac73e1e4c152cbd4f258fb92bbbaa4ceb8c87c0065948137ac7bc
300246,13,guided,2,1,1,0,1,0.98,1.0612,0,af75540a48bac73e1e4c152cbd4f258fb92bbbaa4ceb8c87c0065948137ac7bc
300246,14,guided,2,1,1,0,1,0.98,1.0612,0,af75540a48bac73e1e4c152cbd4f258fb92bbbaa4ceb8c87c0065948137ac7bc
300246,15,guided,2,1,1,0,1,0.98,1.0612,0,af75540a48bac73e1e4c152cbd4f258fb92bbbaa4ceb8c87c0065948137ac7bc
300247,0,random,12,1,1,0,1,0.88,0.9428000000000001,7,c9fdcfa45526e4b75eb6ecd0f5b2d8f05e21b5b424f87b9863a6242c0cc218c3
300247,1,random,1,1,1,0,1,0.99,1.03,0,d3af5545933d9451c08d2a86c683c78fb001bfc350e31c6e27b3992ada705b55
300247,2,random,32,0,0,1,1,-0.3200000000000001,-0.21639999999999993,23,584026ae5030316f2f37ce67bf7339e58ddb30bd89e560f13e903ae7052593e9
300247,3,random,14,1,1,0,1,0.86,0.9264000000000001,7,dd621781bbb13af688ff4916cbc7108c1e63eb40e13f1a1fa17362001f600802
300247,4,random,20,1,1,0,1,0.7999999999999999,0.8772000000000001,7,0a035563f9a013e90d25d58db7c68f41661858e1c60cff4fd3775db171b9f44c
300247,5,random,1,1,1,0,1,0.99,1.03,0,d3af5545933d9451c08d2a86c683c78fb001bfc350e31c6e27b3992ada705b55
300247,6,random,14,1,1,0,1,0.86,0.9228000000000001,9,341fe18d7fa5c0f7eeb026acd45c36fb9d8d59b363aadf33f062467484277e70
300247,7,random,1,1,1,0,1,0.99,1.03,0,d3af5545933d9451c08d2a86c683c78fb001bfc350e31c6e27b3992ada705b55
300247,8,guided,1,1,1,0,1,0.99,1.03,0,d3af5545933d9451c08d2a86c683c78fb001bfc350e31c6e27b3992ada705b55
300247,9,guided,1,1,1,0,1,0.99,1.03,0,d3af5545933d9451c08d2a86c683c78fb001bfc350e31c6e27b3992ada705b55
300247,10,guided,1,1,1,0,1,0.99,1.03,0,d3af5545933d9451c08d2a86c683c78fb001bfc350e31c6e27b3992ada705b55
300247,11,guided,1,1,1,0,1,0.99,1.03,0,d3af5545933d9451c08d2a86c683c78fb001bfc350e31c6e27b3992ada705b55
300247,12,guided,1,1,1,0,1,0.99,1.03,0,d3af5545933d9451c08d2a86c683c78fb001bfc350e31c6e27b3992ada705b55
300247,13,guided,1,1,1,0,1,0.99,1.03,0,d3af5545933d9451c08d2a86c683c78fb001bfc350e31c6e27b3992ada705b55
300247,14,guided,1,1,1,0,1,0.99,1.03,0,d3af5545933d9451c08d2a86c683c78fb001bfc350e31c6e27b3992ada705b55
300247,15,guided,1,1,1,0,1,0.99,1.03,0,d3af5545933d9451c08d2a86c683c78fb001bfc350e31c6e27b3992ada705b55
300248,0,random,32,0,0,1,1,-0.3200000000000001,-0.17680000000000007,4,005cefd63e0c1ffc2470a5fe6d703692d288bb130017c75b5985496dd8ecb4b8
300248,1,random,1,1,1,0,1,0.99,1.03,0,c98fbcc5ab91e55cb145e8d97f460cf4d866a8a2e7173a42b52911fd99778b93
300248,2,random,1,1,1,0,1,0.99,1.03,0,c98fbcc5ab91e55cb145e8d97f460cf4d866a8a2e7173a42b52911fd99778b93
300248,3,random,1,1,1,0,1,0.99,1.03,0,c98fbcc5ab91e55cb145e8d97f460cf4d866a8a2e7173a42b52911fd99778b93
300248,4,random,1,1,1,0,1,0.99,1.03,0,c98fbcc5ab91e55cb145e8d97f460cf4d866a8a2e7173a42b52911fd99778b93
300248,5,random,1,1,1,0,1,0.99,1.03,0,c98fbcc5ab91e55cb145e8d97f460cf4d866a8a2e7173a42b52911fd99778b93
300248,6,random,3,1,1,0,1,0.97,1.0136,0,4528b79dc40fa44dce98d162c373459b74f61a1556cd5e5cce8c60612964f266
300248,7,random,20,1,1,0,1,0.7999999999999999,0.8772000000000001,9,ebed30efb9980f3dd0d8c4b1bc9e40938a1018d44684de1d8c715936aa98fb41
300248,8,guided,1,1,1,0,1,0.99,1.03,0,c98fbcc5ab91e55cb145e8d97f460cf4d866a8a2e7173a42b52911fd99778b93
300248,9,guided,1,1,1,0,1,0.99,1.03,0,c98fbcc5ab91e55cb145e8d97f460cf4d866a8a2e7173a42b52911fd99778b93
300248,10,guided,1,1,1,0,1,0.99,1.03,0,c98fbcc5ab91e55cb145e8d97f460cf4d866a8a2e7173a42b52911fd99778b93
300248,11,guided,1,1,1,0,1,0.99,1.03,0,c98fbcc5ab91e55cb145e8d97f460cf4d866a8a2e7173a42b52911fd99778b93
300248,12,guided,1,1,1,0,1,0.99,1.03,0,c98fbcc5ab91e55cb145e8d97f460cf4d866a8a2e7173a42b52911fd99778b93
300248,13,guided,1,1,1,0,1,0.99,1.03,0,c98fbcc5ab91e55cb145e8d97f460cf4d866a8a2e7173a42b52911fd99778b93
300248,14,guided,1,1,1,0,1,0.99,1.03,0,c98fbcc5ab91e55cb145e8d97f460cf4d866a8a2e7173a42b52911fd99778b93
300248,15,guided,1,1,1,0,1,0.99,1.03,0,c98fbcc5ab91e55cb145e8d97f460cf4d866a8a2e7173a42b52911fd99778b93
300249,0,random,32,0,0,1,1,-0.3200000000000001,0.01040000000000027,3,b5d00bc0662fb7093c7db84f2c669e955ea844832d9995cef227166fdf3f4690
300249,1,random,32,0,0,1,1,-0.3200000000000001,-0.00639999999999985,9,5a77c3f70a915c46c61aacc7560c42900e2268cf02ed1eeba29faf16199ebd62
300249,2,random,32,0,0,1,1,-0.3200000000000001,-0.003999999999999837,6,f99bea6770fc9c0acc871be8a337820ca8247b4a479884ffd4cf3100e4a20448
300249,3,random,32,0,0,1,1,-0.3200000000000001,-0.05199999999999995,7,ea0a42d12c0fbc76e7171e7901eec3985480571f933f2e16c9dea6b4d52e5786
300249,4,random,16,1,1,0,1,0.84,1.072,4,90272001dcf502d3cb1b286405828338ffb14dd9813e4b05236db30bbeb68b4d
300249,5,random,32,0,0,1,1,-0.3200000000000001,-0.02559999999999986,3,20b5c5e4284f98525d6093ddaca9ea750079e95ae913a907f32e7a88c2f06b23
300249,6,random,32,0,0,1,1,-0.3200000000000001,0.06560000000000027,10,8fe9f4ff0b15ca59ee5fd9f294a8de78b79e1ec2ba5c946708493088e253664a
300249,7,random,30,1,1,0,1,0.7,0.9872000000000002,6,3f3f79cd8746b43415a46f0f03cb27a6c6ac6ade98f733de13aacba743c18c18
300249,8,guided,4,1,1,0,1,0.96,1.1272,0,d4c91861eb4db5c9c496a097f5ecbad36d8daafb5e0d7e97b26be76f64eab04a
300249,9,guided,4,1,1,0,1,0.96,1.1272,0,d4c91861eb4db5c9c496a097f5ecbad36d8daafb5e0d7e97b26be76f64eab04a
300249,10,guided,4,1,1,0,1,0.96,1.1272,0,d4c91861eb4db5c9c496a097f5ecbad36d8daafb5e0d7e97b26be76f64eab04a
300249,11,guided,4,1,1,0,1,0.96,1.1272,0,d4c91861eb4db5c9c496a097f5ecbad36d8daafb5e0d7e97b26be76f64eab04a
300249,12,guided,4,1,1,0,1,0.96,1.1272,0,d4c91861eb4db5c9c496a097f5ecbad36d8daafb5e0d7e97b26be76f64eab04a
300249,13,guided,4,1,1,0,1,0.96,1.1272,0,d4c91861eb4db5c9c496a097f5ecbad36d8daafb5e0d7e97b26be76f64eab04a
300249,14,guided,4,1,1,0,1,0.96,1.1272,0,d4c91861eb4db5c9c496a097f5ecbad36d8daafb5e0d7e97b26be76f64eab04a
300249,15,guided,4,1,1,0,1,0.96,1.1272,0,d4c91861eb4db5c9c496a097f5ecbad36d8daafb5e0d7e97b26be76f64eab04a
300250,0,random,32,0,0,1,1,-0.3200000000000001,0.05200000000000006,10,6fe3a7476966a59f902cbdcc8879b00e8e93a03df96c6a43b7476053ddc2705a
300250,1,random,32,0,0,1,1,-0.3200000000000001,0.050800000000000095,8,4180a328f42a8b36bf7a77840b252ea1556c0abecdad85284a2ee915309624c4
300250,2,random,32,0,0,1,1,-0.3200000000000001,0.07960000000000012,12,c18aa74def7c92b8dd93d25b7f71ee286146690587c7d93b9448b3553e8976df
300250,3,random,32,0,0,1,1,-0.3200000000000001,0.07240000000000013,14,85c93730f09ae5cd70113d47b460ee782fc0e204d3108329142cd93fbe8b802d
300250,4,random,32,0,0,1,1,-0.3200000000000001,0.06040000000000009,7,8b19a3d7e2328550ea96caa5eebee11c4d8292c93a0f5742bf2c4d160e4237f2
300250,5,random,32,0,0,1,1,-0.3200000000000001,0.10960000000000014,16,49ee65f3df8cc3a411e1ed56d87924f9383617be5f13494f19863e789f5e5c99
300250,6,random,32,0,0,1,1,-0.3200000000000001,0.06880000000000011,16,e83cf2e913e8435e0ec878be0da6f63cb5674282ea4fbf6cdcc470dde0bf562e
300250,7,random,32,0,0,1,1,-0.3200000000000001,0.0532000000000001,6,ace72ee6fd2f471f80a6221831994989de1b900063b7a8462eaac58f6926be88
300250,8,guided,6,1,1,0,1,0.94,1.198,0,167a2931432013de5e771150fce53fb906d3641b20709b6ec60a88bf469d178d
300250,9,guided,6,1,1,0,1,0.94,1.198,0,167a2931432013de5e771150fce53fb906d3641b20709b6ec60a88bf469d178d
300250,10,guided,6,1,1,0,1,0.94,1.198,0,167a2931432013de5e771150fce53fb906d3641b20709b6ec60a88bf469d178d
300250,11,guided,6,1,1,0,1,0.94,1.198,0,167a2931432013de5e771150fce53fb906d3641b20709b6ec60a88bf469d178d
300250,12,guided,6,1,1,0,1,0.94,1.198,0,167a2931432013de5e771150fce53fb906d3641b20709b6ec60a88bf469d178d
300250,13,guided,6,1,1,0,1,0.94,1.198,0,167a2931432013de5e771150fce53fb906d3641b20709b6ec60a88bf469d178d
300250,14,guided,6,1,1,0,1,0.94,1.198,0,167a2931432013de5e771150fce53fb906d3641b20709b6ec60a88bf469d178d
300250,15,guided,6,1,1,0,1,0.94,1.198,0,167a2931432013de5e771150fce53fb906d3641b20709b6ec60a88bf469d178d
300251,0,random,32,0,0,1,1,-0.3200000000000001,-0.062399999999999844,16,316c6180d45b05f5a6565bedad5e7066926f6f452921ef50bc7c97ed82779a62
300251,1,random,3,1,1,0,1,0.97,1.0524,1,718e4454db55a3703a32b4f59bd2b9c2391e34a8050d2ba22feda5257ed167ba
300251,2,random,32,0,0,1,1,-0.3200000000000001,-0.08159999999999983,14,fa78a58839e2a77066ac88fa5e50425098acdb892a6c523778ea12c7ed06e2cb
300251,3,random,32,0,0,1,1,-0.3200000000000001,-0.05519999999999964,7,baf4461fd05170b57942512679e9f906569a6b1cae0abeb40079aaeeb4604c3b
300251,4,random,3,1,1,0,1,0.97,1.0524,1,718e4454db55a3703a32b4f59bd2b9c2391e34a8050d2ba22feda5257ed167ba
300251,5,random,32,0,0,1,1,-0.3200000000000001,-0.04679999999999973,11,205a3070a026067383569fe65a37154de6ae3d0180d7a10ec01db2fe611442d9
300251,6,random,4,1,1,0,1,0.96,1.0448,0,04b1dc631e33c19c26af1fa331c7e251d69c6610e306dd386d089161e98ef6b1
300251,7,random,3,1,1,0,1,0.97,1.0536,1,5aa013a557bb5ab04ab5c7c431c033579f664f4dd3673803dbbdc0050ada56c6
300251,8,guided,2,1,1,0,1,0.98,1.0612,0,854295ecb34dc937a8d0aaeba6750e3798bc329c560136c7f6d944678d74fd6a
300251,9,guided,2,1,1,0,1,0.98,1.0612,0,854295ecb34dc937a8d0aaeba6750e3798bc329c560136c7f6d944678d74fd6a
300251,10,guided,2,1,1,0,1,0.98,1.0612,0,854295ecb34dc937a8d0aaeba6750e3798bc329c560136c7f6d944678d74fd6a
300251,11,guided,2,1,1,0,1,0.98,1.0612,0,854295ecb34dc937a8d0aaeba6750e3798bc329c560136c7f6d944678d74fd6a
300251,12,guided,2,1,1,0,1,0.98,1.0612,0,854295ecb34dc937a8d0aaeba6750e3798bc329c560136c7f6d944678d74fd6a
300251,13,guided,2,1,1,0,1,0.98,1.0612,0,854295ecb34dc937a8d0aaeba6750e3798bc329c560136c7f6d944678d74fd6a
300251,14,guided,2,1,1,0,1,0.98,1.0612,0,854295ecb34dc937a8d0aaeba6750e3798bc329c560136c7f6d944678d74fd6a
300251,15,guided,2,1,1,0,1,0.98,1.0612,0,854295ecb34dc937a8d0aaeba6750e3798bc329c560136c7f6d944678d74fd6a
300252,0,random,32,0,0,1,1,-0.3200000000000001,0.048400000000000096,20,0ee80a5477d5701ed16a4332612efcfd5a1dd0fe54f5a44ff44e4e45e7ec5a48
300252,1,random,32,0,0,1,1,-0.3200000000000001,0.11560000000000013,16,561dc79a256d5f8e232c99a605ea29622335e99de27d7259622304f0b52c6736
300252,2,random,32,0,0,1,1,-0.3200000000000001,0.10360000000000011,20,dff3ec66c9e4ba0ddd902685d6650e9861cbc57cf28b3131dfc79879bf5a5fa4
300252,3,random,32,1,1,0,1,0.6799999999999999,1.0184,2,cc79d4c5b18bbc792e91668fdf0ee468180fe7fed989083d235f31e1c2f27f85
300252,4,random,32,0,0,1,1,-0.3200000000000001,0.07240000000000006,8,ab5bda7b14d2097b3463fe8bcb53e1a6ee98374a710e2fff4cebf92443ae4854
300252,5,random,32,0,0,1,1,-0.3200000000000001,0.08560000000000012,7,c1609b91dc19e2f90a0c8fdb36f4b28f4883e02378ff40eb0135ff99b478fb21
300252,6,random,32,0,0,1,1,-0.3200000000000001,0.10480000000000014,15,c2ddd6c1728003593805a2e551bbff8d7f417693dde109c3cf2969a9e2162c24
300252,7,random,21,1,1,0,1,0.7899999999999999,1.1068,5,e7b40d03a201c2dbd8649c11c350919cac639cb4ab716d46dd0f31bf0710ff3d
300252,8,guided,6,1,1,0,1,0.94,1.198,0,5472c6c3b745854b755ffc3ec2c4ea8f84ae9ea3199bf9c90b94784b88b87da1
300252,9,guided,6,1,1,0,1,0.94,1.198,0,5472c6c3b745854b755ffc3ec2c4ea8f84ae9ea3199bf9c90b94784b88b87da1
300252,10,guided,6,1,1,0,1,0.94,1.198,0,5472c6c3b745854b755ffc3ec2c4ea8f84ae9ea3199bf9c90b94784b88b87da1
300252,11,guided,6,1,1,0,1,0.94,1.198,0,5472c6c3b745854b755ffc3ec2c4ea8f84ae9ea3199bf9c90b94784b88b87da1
300252,12,guided,6,1,1,0,1,0.94,1.198,0,5472c6c3b745854b755ffc3ec2c4ea8f84ae9ea3199bf9c90b94784b88b87da1
300252,13,guided,6,1,1,0,1,0.94,1.198,0,5472c6c3b745854b755ffc3ec2c4ea8f84ae9ea3199bf9c90b94784b88b87da1
300252,14,guided,6,1,1,0,1,0.94,1.198,0,5472c6c3b745854b755ffc3ec2c4ea8f84ae9ea3199bf9c90b94784b88b87da1
300252,15,guided,6,1,1,0,1,0.94,1.198,0,5472c6c3b745854b755ffc3ec2c4ea8f84ae9ea3199bf9c90b94784b88b87da1
300253,0,random,32,0,0,1,1,-0.3200000000000001,0.2132000000000003,11,9cff687a08be9ad81ea3b691c5ff64549e9727f26310c57fb3afeb8ebbb049db
300253,1,random,32,0,0,1,1,-0.3200000000000001,0.15080000000000013,13,eee5aca7e78cd45739e51b582b9195cae8fe127fe7d184b7487f792f0b4d59fe
300253,2,random,32,0,0,1,1,-0.3200000000000001,0.18680000000000016,8,0eb25c9f6e2dae3e807528af7b794fd3f00c057d611ee1728d3be150ecec8ce9
300253,3,random,32,0,0,1,1,-0.3200000000000001,0.14600000000000007,14,bc5453e5366fb0706a49998a247a9d0e58ae26478f372bf69b8888714b4fa28d
300253,4,random,32,0,0,1,1,-0.3200000000000001,0.11720000000000011,9,78c8ecd6549f8ccae87b24a73586037faababfeabb236ac97b9d840b97c22242
300253,5,random,32,0,0,1,1,-0.3200000000000001,0.18680000000000013,9,0eecce784ec3dc4f5a2cbe960de8939520ab5a1149cd6d6bc53046f96addd595
300253,6,random,32,0,0,1,1,-0.3200000000000001,0.17240000000000016,12,b3a6b8ae77e2a9171163e649f25927bac456257186d1427c9a5bc31c98bf761e
300253,7,random,16,1,1,0,1,0.84,1.18,9,7c87bce3e311ca5a276e3c45d838e1bb1f88596adef1900724e835b7e9e32b99
300253,8,guided,32,0,0,1,1,-0.3200000000000001,0.18320000000000014,31,91712bdf7e9f815426390f2ccbf1744a5cfd61625951205cac49b9aa133c62d9
300253,9,guided,32,0,0,1,1,-0.3200000000000001,0.18320000000000014,31,91712bdf7e9f815426390f2ccbf1744a5cfd61625951205cac49b9aa133c62d9
300253,10,guided,32,0,0,1,1,-0.3200000000000001,0.18320000000000014,31,91712bdf7e9f815426390f2ccbf1744a5cfd61625951205cac49b9aa133c62d9
300253,11,guided,32,0,0,1,1,-0.3200000000000001,0.18320000000000014,31,91712bdf7e9f815426390f2ccbf1744a5cfd61625951205cac49b9aa133c62d9
300253,12,guided,32,0,0,1,1,-0.3200000000000001,0.18320000000000014,31,91712bdf7e9f815426390f2ccbf1744a5cfd61625951205cac49b9aa133c62d9
300253,13,guided,32,0,0,1,1,-0.3200000000000001,0.18320000000000014,31,91712bdf7e9f815426390f2ccbf1744a5cfd61625951205cac49b9aa133c62d9
300253,14,guided,32,0,0,1,1,-0.3200000000000001,0.18320000000000014,31,91712bdf7e9f815426390f2ccbf1744a5cfd61625951205cac49b9aa133c62d9
300253,15,guided,32,0,0,1,1,-0.3200000000000001,0.18320000000000014,31,91712bdf7e9f815426390f2ccbf1744a5cfd61625951205cac49b9aa133c62d9
300254,0,random,14,1,1,0,1,0.86,1.022,3,c6f696f7af797bbe3fa5e523295738b2d359f1b224fbea61e3032b2e88286f79
300254,1,random,32,0,0,1,1,-0.3200000000000001,-0.07999999999999995,5,044bec63eeb0d9dc316b28c907d21eb93332124e0510a761ba8c7930aeda2f52
300254,2,random,17,1,1,0,1,0.83,1.0172,4,441ebe1352d320453768e6e32de77cf0058902a6b1ef6c99945868c6721277e6
300254,3,random,32,0,0,1,1,-0.3200000000000001,-0.07039999999999992,8,40905d72da5d497a5af140be32cfe9a4b7b6fe0dd2aa97353886825b27e6d426
300254,4,random,3,1,1,0,1,0.97,1.0936,0,ecdc4a7843c06ac87d81b5de5c369e02031aa7f9bb3c97913eceb407ba7e297f
300254,5,random,9,1,1,0,1,0.91,1.0564,4,beb6cc48d27dbfe07a56744e5d12276f4b6a19cae2907f2196e44b6e56e7c3fd
300254,6,random,15,1,1,0,1,0.85,1.018,2,598bc3ce09f16bb8ab7c0367b4dcaebad979a0a5703cf19e783d381e87dacfda
300254,7,random,32,0,0,1,1,-0.3200000000000001,-0.03919999999999993,15,519621daa2a4196a9c8976a7e07065758b0700216fbd4e22eb258f61c4dc9e0c
300254,8,guided,32,0,0,1,1,-0.3200000000000001,-0.08839999999999988,32,fa0e2114540dff306e6c54b37c9203a90358727ae0105cd1e03b7baccf8b1886
300254,9,guided,32,0,0,1,1,-0.3200000000000001,-0.08839999999999988,32,fa0e2114540dff306e6c54b37c9203a90358727ae0105cd1e03b7baccf8b1886
300254,10,guided,32,0,0,1,1,-0.3200000000000001,-0.08839999999999988,32,fa0e2114540dff306e6c54b37c9203a90358727ae0105cd1e03b7baccf8b1886
300254,11,guided,32,0,0,1,1,-0.3200000000000001,-0.08839999999999988,32,fa0e2114540dff306e6c54b37c9203a90358727ae0105cd1e03b7baccf8b1886
300254,12,guided,32,0,0,1,1,-0.3200000000000001,-0.08839999999999988,32,fa0e2114540dff306e6c54b37c9203a90358727ae0105cd1e03b7baccf8b1886
300254,13,guided,32,0,0,1,1,-0.3200000000000001,-0.08839999999999988,32,fa0e2114540dff306e6c54b37c9203a90358727ae0105cd1e03b7baccf8b1886
300254,14,guided,32,0,0,1,1,-0.3200000000000001,-0.08839999999999988,32,fa0e2114540dff306e6c54b37c9203a90358727ae0105cd1e03b7baccf8b1886
300254,15,guided,32,0,0,1,1,-0.3200000000000001,-0.08839999999999988,32,fa0e2114540dff306e6c54b37c9203a90358727ae0105cd1e03b7baccf8b1886
300255,0,random,3,1,1,0,1,0.97,1.0524,1,f631a4a06be2fa87e52a457788e014a1df1ec4a53de25a5c5c2787d7dd670c99
300255,1,random,7,1,1,0,1,0.9299999999999999,1.0208,1,8b703de8f9ee7925ab6fa49299c2a641b66fe30b219ccca10d61c48eda59b62a
300255,2,random,19,1,1,0,1,0.8099999999999999,0.9704000000000002,3,c434a1eacc316358318a4e1660b4640b3b59a3a6c86b1e2da43917758175acd4
300255,3,random,2,1,1,0,1,0.98,1.0612,0,24ceab1e2c08a1aca9418258ac260c4f88a226acd5a90cab3bba10683ebecc76
300255,4,random,4,1,1,0,1,0.96,1.0448,0,014cad8193a11ee6bb38414f3a5ac5e6561d4653d4399830fdf70a56c8f5a835
300255,5,random,9,1,1,0,1,0.91,1.0044,3,fee4892cb3dd468b643cb552687f40f039c428f5f0700f8629ae11e3e02208d6
300255,6,random,16,1,1,0,1,0.84,0.9464,4,839092b5f3bfd22786d00c16b733d2bc14436a4240f67fbdb0f41100a479ed50
300255,7,random,32,0,0,1,1,-0.3200000000000001,-0.16199999999999998,9,a931d7596207bc5acc87390c506f9f3b82dec5cb5c133ba001518da4e528c634
300255,8,guided,16,1,1,0,1,0.84,0.9548000000000001,14,e7692d457368ac6eb5036d5140640c1b5e5c8bb02c5092a01727bd3d389b0689
300255,9,guided,16,1,1,0,1,0.84,0.9548000000000001,14,e7692d457368ac6eb5036d5140640c1b5e5c8bb02c5092a01727bd3d389b0689
300255,10,guided,16,1,1,0,1,0.84,0.9548000000000001,14,e7692d457368ac6eb5036d5140640c1b5e5c8bb02c5092a01727bd3d389b0689
300255,11,guided,16,1,1,0,1,0.84,0.9548000000000001,14,e7692d457368ac6eb5036d5140640c1b5e5c8bb02c5092a01727bd3d389b0689
300255,12,guided,16,1,1,0,1,0.84,0.9548000000000001,14,e7692d457368ac6eb5036d5140640c1b5e5c8bb02c5092a01727bd3d389b0689
300255,13,guided,16,1,1,0,1,0.84,0.9548000000000001,14,e7692d457368ac6eb5036d5140640c1b5e5c8bb02c5092a01727bd3d389b0689
300255,14,guided,16,1,1,0,1,0.84,0.9548000000000001,14,e7692d457368ac6eb5036d5140640c1b5e5c8bb02c5092a01727bd3d389b0689
300255,15,guided,16,1,1,0,1,0.84,0.9548000000000001,14,e7692d457368ac6eb5036d5140640c1b5e5c8bb02c5092a01727bd3d389b0689
