condition,seed,checkpoint,updates_in_window,mean_loss,last_loss,training_examples
exhaustive,0,100,100,0.02030711472965777,0.012582276947796345,6400
exhaustive,0,200,100,0.015619084774516522,0.015994945541024208,12800
exhaustive,0,300,100,0.01363598195835948,0.00921005941927433,19200
exhaustive,0,400,100,0.01157255089841783,0.014680653810501099,25600
exhaustive,0,500,100,0.009139745491556822,0.007768685929477215,32000
exhaustive,0,600,100,0.006733289211988449,0.005709456279873848,38400
exhaustive,0,700,100,0.005346073673572391,0.0055443299934268,44800
exhaustive,0,800,100,0.005385099169798195,0.005712755024433136,51200
exhaustive,0,900,100,0.005894081376027316,0.003914842382073402,57600
exhaustive,0,1000,100,0.0063705969811417166,0.006977918557822704,64000
exhaustive,0,1100,100,0.007099299405235797,0.00375461857765913,70400
exhaustive,0,1200,100,0.006687188823707402,0.0028831870295107365,76800
exhaustive,0,1300,100,0.006810059365816415,0.006226193159818649,83200
exhaustive,0,1400,100,0.00640459647634998,0.005048288032412529,89600
exhaustive,0,1500,100,0.006121529138181358,0.0019407818326726556,96000
exhaustive,0,1600,100,0.006151666275691241,0.009796751663088799,102400
exhaustive,0,1700,100,0.005312012177892029,0.0029975303914397955,108800
exhaustive,0,1800,100,0.005309983831830322,0.00288888206705451,115200
exhaustive,0,1900,100,0.0048890653951093556,0.009757362306118011,121600
exhaustive,0,2000,100,0.003961638753535226,0.00261292583309114,128000
exhaustive,0,2100,100,0.0036608503048773857,0.005490418523550034,134400
exhaustive,0,2200,100,0.0033186449960339814,0.002065566135570407,140800
exhaustive,0,2300,100,0.002853715546661988,0.0010181294055655599,147200
exhaustive,0,2400,100,0.002352684928337112,0.0015211438294500113,153600
exhaustive,0,2500,100,0.0022421714838128538,0.0010189518798142672,160000
exhaustive,0,2600,100,0.0019612007663818076,0.0012878943234682083,166400
exhaustive,0,2700,100,0.0018834726052591576,0.0010289079509675503,172800
exhaustive,0,2800,100,0.0016266318707494065,0.0014076356310397387,179200
exhaustive,0,2900,100,0.0017737215536180885,0.002461326541379094,185600
exhaustive,0,3000,100,0.0016879089805297554,0.0020834750030189753,192000
exhaustive,0,3100,100,0.00159424694837071,0.0015440968563780189,198400
exhaustive,0,3200,100,0.0017069290665676817,0.0012043190654367208,204800
exhaustive,0,3300,100,0.0018283800937933846,0.0010607592994347215,211200
exhaustive,0,3400,100,0.0018268415064085276,0.003364202566444874,217600
exhaustive,0,3500,100,0.0018667527928482742,0.0011986307799816132,224000
exhaustive,0,3600,100,0.0018853567063342779,0.0012085026828572154,230400
exhaustive,0,3700,100,0.0018712819332722575,0.002462920267134905,236800
exhaustive,0,3800,100,0.0017134109645849094,0.0016551594017073512,243200
exhaustive,0,3900,100,0.0019226608029566704,0.0018440887797623873,249600
exhaustive,0,4000,100,0.0017307125549996271,0.0016568460268899798,256000
exhaustive,0,4100,100,0.0017760294728213922,0.003222803119570017,262400
exhaustive,0,4200,100,0.00174356747942511,0.0028866291977465153,268800
exhaustive,0,4300,100,0.0017452074674656614,0.0013895800802856684,275200
exhaustive,0,4400,100,0.0017880210711155088,0.0023047460708767176,281600
exhaustive,0,4500,100,0.0018542427907232194,0.0014091954799368978,288000
exhaustive,0,4600,100,0.0018241292610764502,0.002304428955540061,294400
exhaustive,0,4700,100,0.0017427111632423475,0.001984735717996955,300800
exhaustive,0,4800,100,0.0019561075273668393,0.0016110386932268739,307200
exhaustive,0,4900,100,0.0018125814199447632,0.0014271605759859085,313600
exhaustive,0,5000,100,0.0018094017170369626,0.0013079907512292266,320000
exhaustive,0,5100,100,0.0016977105231489986,0.001039634458720684,326400
exhaustive,0,5200,100,0.0018482087348820641,0.0012577632442116737,332800
exhaustive,0,5300,100,0.0018601104704430327,0.0016720632556825876,339200
exhaustive,0,5400,100,0.0017800869746133685,0.0013637864030897617,345600
exhaustive,0,5500,100,0.0018793245672713964,0.0018722391687333584,352000
exhaustive,0,5600,100,0.001847130538080819,0.001828459557145834,358400
exhaustive,0,5700,100,0.0018095406971406192,0.0013916161842644215,364800
exhaustive,0,5800,100,0.0018218523962423205,0.0012649472337216139,371200
exhaustive,0,5900,100,0.0017657846014481038,0.0019941909704357386,377600
exhaustive,0,6000,100,0.0018613762466702611,0.0022935664746910334,384000
exhaustive,0,6100,100,0.0017642334359697998,0.0011261488543823361,390400
exhaustive,0,6200,100,0.0017425694945268333,0.001624183263629675,396800
exhaustive,0,6300,100,0.0017215090326499194,0.001999936066567898,403200
exhaustive,0,6400,100,0.001774844884639606,0.001753831165842712,409600
exhaustive,0,6500,100,0.0018474165018415077,0.0017283433116972446,416000
exhaustive,0,6600,100,0.001773365568369627,0.0031369412317872047,422400
exhaustive,0,6700,100,0.0018910124886315316,0.0021788321901112795,428800
exhaustive,0,6800,100,0.001716937551391311,0.002148710424080491,435200
exhaustive,0,6900,100,0.0018084621656453237,0.0016308296471834183,441600
exhaustive,0,7000,100,0.0017789951182203367,0.002044441644102335,448000
exhaustive,0,7100,100,0.0016138159926049412,0.0012794326758012176,454400
exhaustive,0,7200,100,0.0017200199066428467,0.0014170357026159763,460800
exhaustive,0,7300,100,0.0017359184339875355,0.0011667218059301376,467200
exhaustive,0,7400,100,0.0017192891088780016,0.0011465901043266058,473600
exhaustive,0,7500,100,0.0017683463561115787,0.00169553910382092,480000
exhaustive,0,7600,100,0.0017120893637184054,0.0028469273820519447,486400
exhaustive,0,7700,100,0.0018252674234099685,0.0024378295056521893,492800
exhaustive,0,7800,100,0.0017608319455757737,0.0019011758267879486,499200
exhaustive,0,7900,100,0.001737812309875153,0.001704215770587325,505600
exhaustive,0,8000,100,0.001771825299365446,0.0016643388662487268,512000
exhaustive,0,8100,100,0.0016232087137177586,0.0023397875484079123,518400
exhaustive,0,8200,100,0.0016841133759589865,0.0015148269012570381,524800
exhaustive,0,8300,100,0.001778255454264581,0.0016125913243740797,531200
exhaustive,0,8400,100,0.0016926630126545205,0.0015386900631710887,537600
exhaustive,0,8500,100,0.001663107985514216,0.0017590970965102315,544000
exhaustive,0,8600,100,0.001654583858908154,0.0013620960526168346,550400
exhaustive,0,8700,100,0.0016886699001770467,0.0008992759394459426,556800
exhaustive,0,8800,100,0.001639902334427461,0.0016773510724306107,563200
exhaustive,0,8900,100,0.0016217171284370125,0.0018774920608848333,569600
exhaustive,0,9000,100,0.0016372652811696754,0.001027958933264017,576000
exhaustive,0,9100,100,0.001727680737967603,0.0009230649447999895,582400
exhaustive,0,9200,100,0.0016638549807248637,0.0015811247285455465,588800
exhaustive,0,9300,100,0.0016938210325315596,0.0014529729960486293,595200
exhaustive,0,9400,100,0.0017207890015561134,0.0013332435628399253,601600
exhaustive,0,9500,100,0.0016891598369693384,0.0022434410639107227,608000
exhaustive,0,9600,100,0.0016131981555372477,0.0015783117851242423,614400
exhaustive,0,9700,100,0.0016115152317797766,0.001588838524185121,620800
exhaustive,0,9800,100,0.0015801186219323426,0.001894216751679778,627200
exhaustive,0,9900,100,0.0014997440291335807,0.0014185261679813266,633600
exhaustive,0,10000,100,0.0014909284573514014,0.0020472046453505754,640000
exhaustive,0,10100,100,0.0014892700372729452,0.001174856792204082,646400
exhaustive,0,10200,100,0.0015743453503819184,0.0018310971790924668,652800
exhaustive,0,10300,100,0.001504855765379034,0.0011519960826262832,659200
exhaustive,0,10400,100,0.0016152756684459746,0.0020093710627406836,665600
exhaustive,0,10500,100,0.0015637011110084132,0.0025215877685695887,672000
exhaustive,0,10600,100,0.00147592477791477,0.0008855467895045877,678400
exhaustive,0,10700,100,0.001591278176056221,0.0018051229417324066,684800
exhaustive,0,10800,100,0.0014994766260497273,0.0010392358526587486,691200
exhaustive,0,10900,100,0.0017113765556132422,0.0028679026290774345,697600
exhaustive,0,11000,100,0.001596490575466305,0.001413727761246264,704000
exhaustive,0,11100,100,0.0015262807469116524,0.002695417730137706,710400
exhaustive,0,11200,100,0.0015196277835639194,0.0010870834812521935,716800
exhaustive,0,11300,100,0.0016136579477461054,0.001958003267645836,723200
exhaustive,0,11400,100,0.0016053428192390128,0.002898470964282751,729600
exhaustive,0,11500,100,0.001556727792485617,0.001829608459956944,736000
exhaustive,0,11600,100,0.0016342897585127504,0.0020283942576497793,742400
exhaustive,0,11700,100,0.0014948735316284,0.0009084757184609771,748800
exhaustive,0,11800,100,0.001626650678808801,0.002364321146160364,755200
exhaustive,0,11900,100,0.0015220266062533482,0.001952553866431117,761600
exhaustive,0,12000,100,0.0015172926406376063,0.0012104709167033434,768000
exhaustive,0,12100,100,0.0015263249387498946,0.0018028977792710066,774400
exhaustive,0,12200,100,0.0015548072446836159,0.001335668028332293,780800
exhaustive,0,12300,100,0.0016315067390678451,0.001492565032094717,787200
exhaustive,0,12400,100,0.0016737391153583304,0.001846717088483274,793600
exhaustive,0,12500,100,0.0014755497092846781,0.0014147761976346374,800000
exhaustive,0,12600,100,0.0015528970549348743,0.0013088388368487358,806400
exhaustive,0,12700,100,0.0015412141964770854,0.0014537273673340678,812800
exhaustive,0,12800,100,0.0015347062039654702,0.0014098335523158312,819200
exhaustive,0,12900,100,0.0015896888548741117,0.0010076932376250625,825600
exhaustive,0,13000,100,0.0017056305235018953,0.001581410295329988,832000
exhaustive,0,13100,100,0.0015273593622259795,0.0015216355677694082,838400
exhaustive,0,13200,100,0.0014628721703775227,0.0021818699315190315,844800
exhaustive,0,13300,100,0.0015451779280556367,0.0012355755316093564,851200
exhaustive,0,13400,100,0.001569737544632517,0.0009684726828709245,857600
exhaustive,0,13500,100,0.0014490055269561707,0.0013565418776124716,864000
exhaustive,0,13600,100,0.0016042835515690968,0.0008701568003743887,870400
exhaustive,0,13700,100,0.0015369243785971775,0.0010819598101079464,876800
exhaustive,0,13800,100,0.001493536289781332,0.00219053216278553,883200
exhaustive,0,13900,100,0.0015796451643109322,0.0026195854879915714,889600
exhaustive,0,14000,100,0.0015872209693770856,0.0022114973980933428,896000
exhaustive,0,14100,100,0.0013874731626128778,0.001635126187466085,902400
exhaustive,0,14200,100,0.0015231788420351222,0.0009772994089871645,908800
exhaustive,0,14300,100,0.0014828211540589109,0.0015778809320181608,915200
exhaustive,0,14400,100,0.0016787097253836692,0.00125220138579607,921600
exhaustive,0,14500,100,0.0015686813183128834,0.0014657394494861364,928000
exhaustive,0,14600,100,0.0015479309868533164,0.001916658366099,934400
exhaustive,0,14700,100,0.0016531485272571445,0.00171263690572232,940800
exhaustive,0,14800,100,0.00160984716610983,0.0016306436154991388,947200
exhaustive,0,14900,100,0.0014628904563141988,0.0017902276013046503,953600
exhaustive,0,15000,100,0.0014806340722134338,0.0008321342756971717,960000
exhaustive,0,15100,100,0.001537068903562613,0.0018840731354430318,966400
exhaustive,0,15200,100,0.0015868886152748019,0.0013932844158262014,972800
exhaustive,0,15300,100,0.0016196427046088501,0.0012477500131353736,979200
exhaustive,0,15400,100,0.0015638565050903708,0.0017281014006584883,985600
exhaustive,0,15500,100,0.0016313635685946792,0.0020650264341384172,992000
exhaustive,0,15600,100,0.0014950898970710115,0.002304371912032366,998400
exhaustive,0,15700,100,0.001442401473177597,0.0022698822431266308,1004800
exhaustive,0,15800,100,0.0016384668089449406,0.0029132734052836895,1011200
exhaustive,0,15900,100,0.0015025807183701545,0.000844720983877778,1017600
exhaustive,0,16000,100,0.0015581172483507544,0.0012625034432858229,1024000
exhaustive,0,16100,100,0.0014781630848301574,0.0017481877002865076,1030400
exhaustive,0,16200,100,0.0015578159067081287,0.0010415164288133383,1036800
exhaustive,0,16300,100,0.001547860475257039,0.0015327706933021545,1043200
exhaustive,0,16400,100,0.0015027755731716753,0.0026381195057183504,1049600
exhaustive,0,16500,100,0.001595410339650698,0.0013433413114398718,1056000
exhaustive,0,16600,100,0.0015196205797838047,0.0015554791316390038,1062400
exhaustive,0,16700,100,0.001597652758937329,0.0012721759267151356,1068800
exhaustive,0,16800,100,0.0016355134680634364,0.0015204313676804304,1075200
exhaustive,0,16900,100,0.001594031157437712,0.0023983302526175976,1081600
exhaustive,0,17000,100,0.0016397929552476854,0.0022338256239891052,1088000
exhaustive,0,17100,100,0.0015868320886511355,0.0011635551927611232,1094400
exhaustive,0,17200,100,0.0015182623406872152,0.0022428850643336773,1100800
exhaustive,0,17300,100,0.0015713153505930678,0.0017843267414718866,1107200
exhaustive,0,17400,100,0.0014688226580619813,0.0013081093784421682,1113600
exhaustive,0,17500,100,0.0014305424829944968,0.0013793840771541,1120000
exhaustive,0,17600,100,0.0013765085965860636,0.0013354055117815733,1126400
exhaustive,0,17700,100,0.0015584149706410243,0.0018641473725438118,1132800
exhaustive,0,17800,100,0.0014374770264839753,0.0011335816234350204,1139200
exhaustive,0,17900,100,0.0013971963356016204,0.0024524664040654898,1145600
exhaustive,0,18000,100,0.0014522426703479142,0.001408388139680028,1152000
exhaustive,0,18100,100,0.001575150233693421,0.0017559959087520838,1158400
exhaustive,0,18200,100,0.0014943529450101778,0.001279764692299068,1164800
exhaustive,0,18300,100,0.0016516864736331627,0.0014885662822052836,1171200
exhaustive,0,18400,100,0.001618841856252402,0.0009508280782029033,1177600
exhaustive,0,18500,100,0.0014982206822605803,0.002052434254437685,1184000
exhaustive,0,18600,100,0.0015638980333460494,0.0013997990172356367,1190400
exhaustive,0,18700,100,0.0014863842306658626,0.002273405436426401,1196800
exhaustive,0,18800,100,0.0015766039583832026,0.0016378180589526892,1203200
exhaustive,0,18900,100,0.0014656833204207942,0.0019046253291890025,1209600
exhaustive,0,19000,100,0.0015422009996837005,0.000866163638420403,1216000
exhaustive,0,19100,100,0.0015531342633767053,0.0017675345297902822,1222400
exhaustive,0,19200,100,0.0015338655217783527,0.0013625466963276267,1228800
exhaustive,0,19300,100,0.00162681003625039,0.002463237615302205,1235200
exhaustive,0,19400,100,0.001539878640905954,0.0027290754951536655,1241600
exhaustive,0,19500,100,0.0014848172740312294,0.0009385021403431892,1248000
exhaustive,0,19600,100,0.0016846746060764418,0.0017911912873387337,1254400
exhaustive,0,19700,100,0.0015100499533582479,0.0009612427675165236,1260800
exhaustive,0,19800,100,0.0015520687215030194,0.002287305425852537,1267200
exhaustive,0,19900,100,0.0015538249386008829,0.001518365810625255,1273600
exhaustive,0,20000,100,0.0017256955831544474,0.0016834231792017817,1280000
exhaustive,0,20100,100,0.0016342132596764713,0.001231997855938971,1286400
exhaustive,0,20200,100,0.0015669062803499402,0.0017462066607549787,1292800
exhaustive,0,20300,100,0.001536746061174199,0.000529806362465024,1299200
exhaustive,0,20400,100,0.0014188076910795645,0.002136496128514409,1305600
exhaustive,0,20500,100,0.0015987078397301957,0.0017134021036326885,1312000
exhaustive,0,20600,100,0.0015286216093227268,0.002777551766484976,1318400
exhaustive,0,20700,100,0.0015256165800383314,0.0013908869586884975,1324800
exhaustive,0,20800,100,0.0014295080507872625,0.001477681566029787,1331200
exhaustive,0,20900,100,0.001706519008730538,0.0014845116529613733,1337600
exhaustive,0,21000,100,0.0015791289013577625,0.0012684620451182127,1344000
exhaustive,0,21100,100,0.0015415887290146201,0.001408217241987586,1350400
exhaustive,0,21200,100,0.001424534555990249,0.0015934737166389823,1356800
exhaustive,0,21300,100,0.0016457144531887024,0.0010396888246759772,1363200
exhaustive,0,21400,100,0.0015181845327606426,0.0018400269327685237,1369600
exhaustive,0,21500,100,0.001436059880652465,0.0012352813500910997,1376000
exhaustive,0,21600,100,0.0014452823769534008,0.0015538828447461128,1382400
exhaustive,0,21700,100,0.0014938245789380745,0.0022691860795021057,1388800
exhaustive,0,21800,100,0.0015098919306183235,0.0014632213860750198,1395200
exhaustive,0,21900,100,0.0015096361911855639,0.0011767984833568335,1401600
exhaustive,0,22000,100,0.001573845405364409,0.0022890730760991573,1408000
exhaustive,0,22100,100,0.0015694568771868944,0.001049172948114574,1414400
exhaustive,0,22200,100,0.0014239010791061446,0.0012290753656998277,1420800
exhaustive,0,22300,100,0.0015663329436210916,0.001427750801667571,1427200
exhaustive,0,22400,100,0.001557161221280694,0.003607387188822031,1433600
exhaustive,0,22500,100,0.0015029754972783848,0.0011886381544172764,1440000
exhaustive,0,22600,100,0.0015952452109195291,0.001616349327377975,1446400
exhaustive,0,22700,100,0.001490118126384914,0.0010334164835512638,1452800
exhaustive,0,22800,100,0.0014878040534676985,0.0038651670329272747,1459200
exhaustive,0,22900,100,0.0015789143578149379,0.001616759691387415,1465600
exhaustive,0,23000,100,0.001446904981858097,0.0013538689818233252,1472000
exhaustive,0,23100,100,0.0015954138728557154,0.0015211696736514568,1478400
exhaustive,0,23200,100,0.001379644332337193,0.001842929283156991,1484800
exhaustive,0,23300,100,0.0014786509197438136,0.0022733004298061132,1491200
exhaustive,0,23400,100,0.0015369621571153403,0.0012077032588422298,1497600
exhaustive,0,23500,100,0.0015500574558973313,0.0011911201290786266,1504000
exhaustive,0,23600,100,0.0014644893782678992,0.0015082580503076315,1510400
exhaustive,0,23700,100,0.0014471083239186555,0.0014748844550922513,1516800
exhaustive,0,23800,100,0.0014769007655559107,0.0012377421371638775,1523200
exhaustive,0,23900,100,0.001534895152435638,0.001066941418685019,1529600
exhaustive,0,24000,100,0.001529762431164272,0.0007517656777054071,1536000
exhaustive,0,24100,100,0.0015239947283407673,0.0016424257773905993,1542400
exhaustive,0,24200,100,0.0015020282712066547,0.0015304798725992441,1548800
exhaustive,0,24300,100,0.0013907880941405892,0.0006499343435280025,1555200
exhaustive,0,24400,100,0.0015570553165161981,0.001338514848612249,1561600
exhaustive,0,24500,100,0.001566752644139342,0.0013538995990529656,1568000
exhaustive,0,24600,100,0.0014896362682338803,0.0017915362259373069,1574400
exhaustive,0,24700,100,0.0015049824601737782,0.0014990456402301788,1580800
exhaustive,0,24800,100,0.0015866250352701173,0.0017835580511018634,1587200
exhaustive,0,24900,100,0.0016147752659162505,0.003543596714735031,1593600
exhaustive,0,25000,100,0.001454199108411558,0.0011524234432727098,1600000
exhaustive,0,25100,100,0.0014893683115951718,0.0011360538192093372,1606400
exhaustive,0,25200,100,0.0015370755706680939,0.0014502324629575014,1612800
exhaustive,0,25300,100,0.0014858769491547718,0.0011527950409799814,1619200
exhaustive,0,25400,100,0.0016830122331157327,0.0017200654838234186,1625600
exhaustive,0,25500,100,0.001543325450620614,0.0015306102577596903,1632000
exhaustive,0,25600,100,0.0015174313762690871,0.0010973458411172032,1638400
exhaustive,0,25700,100,0.0014409593993332237,0.002507288008928299,1644800
exhaustive,0,25800,100,0.001510755650815554,0.0010893831495195627,1651200
exhaustive,0,25900,100,0.0015595870703691618,0.001257253112271428,1657600
exhaustive,0,26000,100,0.001514005971257575,0.0013457976747304201,1664000
exhaustive,0,26100,100,0.0015202653291635216,0.0012877873377874494,1670400
exhaustive,0,26200,100,0.001589094601222314,0.0010492122964933515,1676800
exhaustive,0,26300,100,0.0015557632962008938,0.0010860052425414324,1683200
exhaustive,0,26400,100,0.0015537414915161207,0.0015673886518925428,1689600
exhaustive,0,26500,100,0.0014645823114551604,0.0012865683529525995,1696000
exhaustive,0,26600,100,0.0015059804101474584,0.0016433916753157973,1702400
exhaustive,0,26700,100,0.0014274556143209337,0.0014801237266510725,1708800
exhaustive,0,26800,100,0.0015607357077533379,0.001500008744187653,1715200
exhaustive,0,26900,100,0.0015992233849829063,0.0007427610107697546,1721600
exhaustive,0,27000,100,0.0015658711857395246,0.002606302499771118,1728000
exhaustive,0,27100,100,0.0014897644624579697,0.0014325077645480633,1734400
exhaustive,0,27200,100,0.0015142990951426327,0.0008472796180285513,1740800
exhaustive,0,27300,100,0.001507852824870497,0.0006815746892243624,1747200
exhaustive,0,27400,100,0.0015483897394733505,0.0012815659865736961,1753600
exhaustive,0,27500,100,0.0014909302978776396,0.002047457965090871,1760000
exhaustive,0,27600,100,0.001410850581014529,0.0006554891006089747,1766400
exhaustive,0,27700,100,0.0014467725122813135,0.0013625742867588997,1772800
exhaustive,0,27800,100,0.00144429853069596,0.002491505118086934,1779200
exhaustive,0,27900,100,0.0013571269379463048,0.0012374541256576777,1785600
exhaustive,0,28000,100,0.001466808570548892,0.0013449485413730145,1792000
exhaustive,0,28100,100,0.0016080936347134412,0.0011814138852059841,1798400
exhaustive,0,28200,100,0.0015297663386445491,0.0008776390459388494,1804800
exhaustive,0,28300,100,0.0015095118613680824,0.003198990598320961,1811200
exhaustive,0,28400,100,0.0015717170730931685,0.0019066613167524338,1817600
exhaustive,0,28500,100,0.001519410473993048,0.0009714525658637285,1824000
exhaustive,0,28600,100,0.0014181837328942494,0.0017850087024271488,1830400
exhaustive,0,28700,100,0.001410985141992569,0.0004974680487066507,1836800
exhaustive,0,28800,100,0.001416124107199721,0.0017570641357451677,1843200
exhaustive,0,28900,100,0.001526624127291143,0.0008746039238758385,1849600
exhaustive,0,29000,100,0.0015672275092219934,0.001150770578533411,1856000
exhaustive,0,29100,100,0.0014669858914567158,0.001947358949109912,1862400
exhaustive,0,29200,100,0.0014560749049996958,0.0011948574101552367,1868800
exhaustive,0,29300,100,0.0015447984251659363,0.0022668398451060057,1875200
exhaustive,0,29400,100,0.0015427028585691005,0.0009159452747553587,1881600
exhaustive,0,29500,100,0.001543521351995878,0.0033919450361281633,1888000
exhaustive,0,29600,100,0.0015107057703426109,0.0015456036198884249,1894400
exhaustive,0,29700,100,0.0015020429063588381,0.0015317280776798725,1900800
exhaustive,0,29800,100,0.001573527002474293,0.0016282906290143728,1907200
exhaustive,0,29900,100,0.0014507839625002817,0.0013542654924094677,1913600
exhaustive,0,30000,100,0.0014415696045034566,0.001713427947834134,1920000
exhaustive,1,100,100,0.02080139795318246,0.024133386090397835,6400
exhaustive,1,200,100,0.017865487919189037,0.029583103954792023,12800
exhaustive,1,300,100,0.014005686552263797,0.011253928765654564,19200
exhaustive,1,400,100,0.012743358104489743,0.010543460957705975,25600
exhaustive,1,500,100,0.009037537151016295,0.005023612175136805,32000
exhaustive,1,600,100,0.0062247874354943635,0.004509986378252506,38400
exhaustive,1,700,100,0.005638838303275407,0.005240072496235371,44800
exhaustive,1,800,100,0.006750601376406849,0.008534114807844162,51200
exhaustive,1,900,100,0.00715019549941644,0.004366200417280197,57600
exhaustive,1,1000,100,0.006805567045230419,0.008097316138446331,64000
exhaustive,1,1100,100,0.007679856477770954,0.010809145867824554,70400
exhaustive,1,1200,100,0.007226432685274631,0.013203395530581474,76800
exhaustive,1,1300,100,0.00766898809466511,0.013536188751459122,83200
exhaustive,1,1400,100,0.007054751568939537,0.005585898645222187,89600
exhaustive,1,1500,100,0.006458437514957041,0.006867690477520227,96000
exhaustive,1,1600,100,0.006075482587330043,0.0027033276855945587,102400
exhaustive,1,1700,100,0.005484872488304973,0.0022940693888813257,108800
exhaustive,1,1800,100,0.0054250586591660975,0.006796377710998058,115200
exhaustive,1,1900,100,0.004644743368262425,0.005977436900138855,121600
exhaustive,1,2000,100,0.0040739913447760045,0.0015762180555611849,128000
exhaustive,1,2100,100,0.0036773310846183447,0.0019308991031721234,134400
exhaustive,1,2200,100,0.00309438124706503,0.0018056994304060936,140800
exhaustive,1,2300,100,0.0026803308323724196,0.0022462415508925915,147200
exhaustive,1,2400,100,0.0022799397178459913,0.0010567925637587905,153600
exhaustive,1,2500,100,0.0020090907934354617,0.002046275418251753,160000
exhaustive,1,2600,100,0.002098395674256608,0.0037049090024083853,166400
exhaustive,1,2700,100,0.001801108789513819,0.0018150208052247763,172800
exhaustive,1,2800,100,0.0018697159009752795,0.0031175219919532537,179200
exhaustive,1,2900,100,0.0017444734292803331,0.0019759302958846092,185600
exhaustive,1,3000,100,0.0019012507877778262,0.001568882493302226,192000
exhaustive,1,3100,100,0.0017587939888471737,0.00305282068438828,198400
exhaustive,1,3200,100,0.0018795353005407378,0.0010800729505717754,204800
exhaustive,1,3300,100,0.0018731942446902393,0.002379767131060362,211200
exhaustive,1,3400,100,0.0019564089365303517,0.0019988645799458027,217600
exhaustive,1,3500,100,0.0017732664209324867,0.0024160356260836124,224000
exhaustive,1,3600,100,0.001936247029225342,0.001327869133092463,230400
exhaustive,1,3700,100,0.0019106223061680794,0.001784133375622332,236800
exhaustive,1,3800,100,0.0018751620536204428,0.0015245210379362106,243200
exhaustive,1,3900,100,0.002130211440380663,0.001161574269644916,249600
exhaustive,1,4000,100,0.0018284032365772874,0.0024282755330204964,256000
exhaustive,1,4100,100,0.001891967014526017,0.0018059154972434044,262400
exhaustive,1,4200,100,0.00196879509370774,0.002718051429837942,268800
exhaustive,1,4300,100,0.0019295778690138832,0.0019302961882203817,275200
exhaustive,1,4400,100,0.0018618146295193583,0.0017032647738233209,281600
exhaustive,1,4500,100,0.0019345323124434798,0.0009561422630213201,288000
exhaustive,1,4600,100,0.001922556406352669,0.0011642132885754108,294400
exhaustive,1,4700,100,0.0020228546496946363,0.002327587688341737,300800
exhaustive,1,4800,100,0.002053543000947684,0.0027126683853566647,307200
exhaustive,1,4900,100,0.001989363314351067,0.00226938771083951,313600
exhaustive,1,5000,100,0.001964905049535446,0.00239801243878901,320000
exhaustive,1,5100,100,0.0018663039151579142,0.0017030870076268911,326400
exhaustive,1,5200,100,0.0017982350481906906,0.0010880918707698584,332800
exhaustive,1,5300,100,0.0017278262315085157,0.0021444361191242933,339200
exhaustive,1,5400,100,0.001985410982160829,0.00204620324075222,345600
exhaustive,1,5500,100,0.001955075644655153,0.0012467678170651197,352000
exhaustive,1,5600,100,0.0018585596163757144,0.0026251072995364666,358400
exhaustive,1,5700,100,0.001798808302846737,0.0017658267170190811,364800
exhaustive,1,5800,100,0.0018384382169460878,0.0010421742917969823,371200
exhaustive,1,5900,100,0.0018110856623388828,0.0013900487683713436,377600
exhaustive,1,6000,100,0.0017240847775246949,0.0009835276287049055,384000
exhaustive,1,6100,100,0.001929857693030499,0.0018356464570388198,390400
exhaustive,1,6200,100,0.0018336697056656704,0.001368113560602069,396800
exhaustive,1,6300,100,0.0017281826917314902,0.001175540965050459,403200
exhaustive,1,6400,100,0.001870031482540071,0.0015277693746611476,409600
exhaustive,1,6500,100,0.001909338742843829,0.0017522459384053946,416000
exhaustive,1,6600,100,0.0019305426441133021,0.0019188551232218742,422400
exhaustive,1,6700,100,0.0017904381267726422,0.0013600573875010014,428800
exhaustive,1,6800,100,0.0018810827186098323,0.001176115358248353,435200
exhaustive,1,6900,100,0.0017007850215304643,0.0010223950957879424,441600
exhaustive,1,7000,100,0.0018231999292038382,0.0014328700490295887,448000
exhaustive,1,7100,100,0.0018044177605770527,0.002227797405794263,454400
exhaustive,1,7200,100,0.0018757371697574853,0.001048065721988678,460800
exhaustive,1,7300,100,0.001692914409795776,0.0008999122655950487,467200
exhaustive,1,7400,100,0.0016583983454620465,0.0014446391724050045,473600
exhaustive,1,7500,100,0.0016120228706859052,0.002139688702300191,480000
exhaustive,1,7600,100,0.0016071786422980948,0.0010872756829485297,486400
exhaustive,1,7700,100,0.00173458622652106,0.001734672812744975,492800
exhaustive,1,7800,100,0.0017134290147805585,0.0012279526563361287,499200
exhaustive,1,7900,100,0.0016018630401231349,0.00150387454777956,505600
exhaustive,1,8000,100,0.0017023837112355978,0.0021439692936837673,512000
exhaustive,1,8100,100,0.0017444885132135823,0.0006595145678147674,518400
exhaustive,1,8200,100,0.0016086319676833227,0.0016331574879586697,524800
exhaustive,1,8300,100,0.001645059216534719,0.0018165498040616512,531200
exhaustive,1,8400,100,0.0017043110460508615,0.0011266329092904925,537600
exhaustive,1,8500,100,0.0016136131080565974,0.0017631303053349257,544000
exhaustive,1,8600,100,0.0014384487603092567,0.0008314005681313574,550400
exhaustive,1,8700,100,0.0015233142673969269,0.0014156473334878683,556800
exhaustive,1,8800,100,0.0016412117821164428,0.0011289858957752585,563200
exhaustive,1,8900,100,0.001572551533463411,0.001389163313433528,569600
exhaustive,1,9000,100,0.0015599019033834339,0.0028113636653870344,576000
exhaustive,1,9100,100,0.0015304974355967716,0.0006038647843524814,582400
exhaustive,1,9200,100,0.00157799273787532,0.0015731592429801822,588800
exhaustive,1,9300,100,0.0015274521970422938,0.0014396599726751447,595200
exhaustive,1,9400,100,0.0015892230800818653,0.0021378363016992807,601600
exhaustive,1,9500,100,0.0015958042506827041,0.001877050381153822,608000
exhaustive,1,9600,100,0.0016097888647345826,0.0016133729368448257,614400
exhaustive,1,9700,100,0.0015380139468470588,0.0010377182625234127,620800
exhaustive,1,9800,100,0.0016052126191789284,0.0015278896316885948,627200
exhaustive,1,9900,100,0.0016701304761227221,0.0019124438986182213,633600
exhaustive,1,10000,100,0.0014382980566006154,0.0013979607028886676,640000
exhaustive,1,10100,100,0.0014424363878788426,0.0009408286423422396,646400
exhaustive,1,10200,100,0.001458887968910858,0.0011833314783871174,652800
exhaustive,1,10300,100,0.0014610327390255405,0.002350927796214819,659200
exhaustive,1,10400,100,0.0015340537700103596,0.0012320452369749546,665600
exhaustive,1,10500,100,0.0015907727164449171,0.0030797661747783422,672000
exhaustive,1,10600,100,0.0014711599377915264,0.0011143905576318502,678400
exhaustive,1,10700,100,0.001572965623345226,0.002466099802404642,684800
exhaustive,1,10800,100,0.0014439516566926614,0.0022676480002701283,691200
exhaustive,1,10900,100,0.0016494597523706034,0.0016078996704891324,697600
exhaustive,1,11000,100,0.0015642137249233202,0.0019079911289736629,704000
exhaustive,1,11100,100,0.0015023443900281563,0.0015374214854091406,710400
exhaustive,1,11200,100,0.001432430557324551,0.0010287121403962374,716800
exhaustive,1,11300,100,0.0014086096297251062,0.0010018430184572935,723200
exhaustive,1,11400,100,0.0014421804546145723,0.0016508593689650297,729600
exhaustive,1,11500,100,0.0016435959318187089,0.0008599041029810905,736000
exhaustive,1,11600,100,0.0014935958257410674,0.0014947789022698998,742400
exhaustive,1,11700,100,0.00156169016554486,0.0015410518972203135,748800
exhaustive,1,11800,100,0.001480156690813601,0.0009290006710216403,755200
exhaustive,1,11900,100,0.0015071029571117832,0.0015200008638203144,761600
exhaustive,1,12000,100,0.0014644373499322683,0.0011585298925638199,768000
exhaustive,1,12100,100,0.0015165145182982087,0.000862772692926228,774400
exhaustive,1,12200,100,0.0015202655945904552,0.0017312502022832632,780800
exhaustive,1,12300,100,0.001588876412715763,0.0014041302492842078,787200
exhaustive,1,12400,100,0.0014796630461933091,0.0011582588776946068,793600
exhaustive,1,12500,100,0.001479913976509124,0.001475730910897255,800000
exhaustive,1,12600,100,0.001556802123086527,0.0013678214745596051,806400
exhaustive,1,12700,100,0.0014387067226925864,0.00140761723741889,812800
exhaustive,1,12800,100,0.0013887411926407367,0.0012917270651087165,819200
exhaustive,1,12900,100,0.0016628285765182228,0.0010116301709786057,825600
exhaustive,1,13000,100,0.0014476343494607136,0.0012881765142083168,832000
exhaustive,1,13100,100,0.0014997276914073155,0.0015503026079386473,838400
exhaustive,1,13200,100,0.001455848013283685,0.001333402469754219,844800
exhaustive,1,13300,100,0.0015156402165303006,0.0011844158871099353,851200
exhaustive,1,13400,100,0.0016165045811794697,0.0020867977291345596,857600
exhaustive,1,13500,100,0.0014734102034708485,0.0013875541044399142,864000
exhaustive,1,13600,100,0.0014573747420217843,0.0011247993679717183,870400
exhaustive,1,13700,100,0.0014426323818042875,0.001040319912135601,876800
exhaustive,1,13800,100,0.001460334656876512,0.001446801470592618,883200
exhaustive,1,13900,100,0.001438390690018423,0.0023716881405562162,889600
exhaustive,1,14000,100,0.0014543302648235112,0.000954099465161562,896000
exhaustive,1,14100,100,0.0013856142631266267,0.0012094276025891304,902400
exhaustive,1,14200,100,0.001405242095934227,0.001675469451583922,908800
exhaustive,1,14300,100,0.0014581676828674972,0.001738663762807846,915200
exhaustive,1,14400,100,0.0014711262239143251,0.0009040241129696369,921600
exhaustive,1,14500,100,0.001344771123258397,0.002324851229786873,928000
exhaustive,1,14600,100,0.0013263239560183137,0.0017317901365458965,934400
exhaustive,1,14700,100,0.0014246369345346467,0.001604482065886259,940800
exhaustive,1,14800,100,0.001496778349392116,0.002281941706314683,947200
exhaustive,1,14900,100,0.0014307117293355987,0.0008537262910977006,953600
exhaustive,1,15000,100,0.001584283128613606,0.0009474296821281314,960000
exhaustive,1,15100,100,0.0014654078747844323,0.0014170273207128048,966400
exhaustive,1,15200,100,0.0015254414506489411,0.0011841740924865007,972800
exhaustive,1,15300,100,0.0014712013967800885,0.0012865315657109022,979200
exhaustive,1,15400,100,0.0014245982270222157,0.0011763147776946425,985600
exhaustive,1,15500,100,0.001501724300906062,0.0011687339283525944,992000
exhaustive,1,15600,100,0.00141321339760907,0.0010595663916319609,998400
exhaustive,1,15700,100,0.0015442933089798317,0.0013434991706162691,1004800
exhaustive,1,15800,100,0.0015061461948789657,0.0020328527316451073,1011200
exhaustive,1,15900,100,0.0013345872168429196,0.0007658930844627321,1017600
exhaustive,1,16000,100,0.0013768295868067072,0.0013928127009421587,1024000
exhaustive,1,16100,100,0.0014558484102599322,0.0014310015831142664,1030400
exhaustive,1,16200,100,0.0014877414528746157,0.0008485206053592265,1036800
exhaustive,1,16300,100,0.0014801774424267932,0.0022499917540699244,1043200
exhaustive,1,16400,100,0.0014100257190875708,0.0013671877095475793,1049600
exhaustive,1,16500,100,0.0014959603676106782,0.001556662144139409,1056000
exhaustive,1,16600,100,0.0014542011904995888,0.0015428389888256788,1062400
exhaustive,1,16700,100,0.0014153483905829489,0.001127100782468915,1068800
exhaustive,1,16800,100,0.0014158720296109095,0.0014034734340384603,1075200
exhaustive,1,16900,100,0.0015306269214488567,0.002004094421863556,1081600
exhaustive,1,17000,100,0.0015154788899235426,0.0012260946677997708,1088000
exhaustive,1,17100,100,0.0014568368787877262,0.001229982590302825,1094400
exhaustive,1,17200,100,0.0014923421113053337,0.002080905716866255,1100800
exhaustive,1,17300,100,0.001499687300529331,0.002241335343569517,1107200
exhaustive,1,17400,100,0.0014473788201576098,0.001310471212491393,1113600
exhaustive,1,17500,100,0.001523551864665933,0.000697400129865855,1120000
exhaustive,1,17600,100,0.0014338881702860818,0.0016468733083456755,1126400
exhaustive,1,17700,100,0.0014538167230784894,0.0009089973755180836,1132800
exhaustive,1,17800,100,0.0013543145993025973,0.0011632982641458511,1139200
exhaustive,1,17900,100,0.0013859893707558512,0.0014982138527557254,1145600
exhaustive,1,18000,100,0.0013968634558841587,0.0015828299801796675,1152000
exhaustive,1,18100,100,0.0014319286216050386,0.0018808790482580662,1158400
exhaustive,1,18200,100,0.001461788355372846,0.0023291741963475943,1164800
exhaustive,1,18300,100,0.0015649654058506712,0.001097128726541996,1171200
exhaustive,1,18400,100,0.0015199640771606938,0.0019527868134900928,1177600
exhaustive,1,18500,100,0.0014225278148660436,0.000634101452305913,1184000
exhaustive,1,18600,100,0.0014165568066528066,0.00116313889157027,1190400
exhaustive,1,18700,100,0.001534367807325907,0.0013012448325753212,1196800
exhaustive,1,18800,100,0.0014362016395898535,0.0015754522755742073,1203200
exhaustive,1,18900,100,0.0014608916075667367,0.0010965669061988592,1209600
exhaustive,1,19000,100,0.001427156978752464,0.001512762508355081,1216000
exhaustive,1,19100,100,0.0015262851095758378,0.001229853369295597,1222400
exhaustive,1,19200,100,0.0013952679268550128,0.001581845572218299,1228800
exhaustive,1,19300,100,0.0015561481966869905,0.0011963171418756247,1235200
exhaustive,1,19400,100,0.0015208523644832895,0.0012163259088993073,1241600
exhaustive,1,19500,100,0.0014608782483264803,0.0009470725781284273,1248000
exhaustive,1,19600,100,0.0013654748647240922,0.0012211172142997384,1254400
exhaustive,1,19700,100,0.0014125312049873173,0.0010743922321125865,1260800
exhaustive,1,19800,100,0.0013636535295518115,0.0022147020790725946,1267200
exhaustive,1,19900,100,0.0013436567020835356,0.0013707963516935706,1273600
exhaustive,1,20000,100,0.0014340175630059094,0.001565604005008936,1280000
exhaustive,1,20100,100,0.001424955804250203,0.0017264861380681396,1286400
exhaustive,1,20200,100,0.0015005430957535282,0.0014793388545513153,1292800
exhaustive,1,20300,100,0.001354421140276827,0.002003680681809783,1299200
exhaustive,1,20400,100,0.0014458908571396024,0.0010116023477166891,1305600
exhaustive,1,20500,100,0.0015145966032287107,0.00188479817006737,1312000
exhaustive,1,20600,100,0.0014178312284639106,0.0016155991470441222,1318400
exhaustive,1,20700,100,0.001481253148522228,0.0011474716011434793,1324800
exhaustive,1,20800,100,0.001469948710873723,0.0020213008392602205,1331200
exhaustive,1,20900,100,0.0013561393867712469,0.0020692504476755857,1337600
exhaustive,1,21000,100,0.0014216279337415471,0.0018418235704302788,1344000
exhaustive,1,21100,100,0.0014390543464105577,0.00144283683039248,1350400
exhaustive,1,21200,100,0.0016060810524504631,0.0018191876588389277,1356800
exhaustive,1,21300,100,0.0015200671018101275,0.001183425192721188,1363200
exhaustive,1,21400,100,0.001474632317549549,0.002746895421296358,1369600
exhaustive,1,21500,100,0.0014441039558732883,0.0010007580276578665,1376000
exhaustive,1,21600,100,0.0013900184875819833,0.0012747980654239655,1382400
exhaustive,1,21700,100,0.0014532275078818202,0.0015211361460387707,1388800
exhaustive,1,21800,100,0.0013989335350925102,0.001131217461079359,1395200
exhaustive,1,21900,100,0.0013249067397555336,0.0005371478036977351,1401600
exhaustive,1,22000,100,0.0013958846317837015,0.003097180277109146,1408000
exhaustive,1,22100,100,0.0013466250844066962,0.0010616570943966508,1414400
exhaustive,1,22200,100,0.001436959317070432,0.0021980050951242447,1420800
exhaustive,1,22300,100,0.0014560783712659032,0.0017619570717215538,1427200
exhaustive,1,22400,100,0.0013993753952672705,0.0008928473107516766,1433600
exhaustive,1,22500,100,0.0014540124521590769,0.0026829224079847336,1440000
exhaustive,1,22600,100,0.0013583307666704058,0.0013492399593815207,1446400
exhaustive,1,22700,100,0.0013517837040126323,0.001753761200234294,1452800
exhaustive,1,22800,100,0.0015101458883145823,0.0014438637299463153,1459200
exhaustive,1,22900,100,0.0014538207836449146,0.0011855779448524117,1465600
exhaustive,1,23000,100,0.0014221847895532847,0.0018704799003899097,1472000
exhaustive,1,23100,100,0.001396981484722346,0.0012281856033951044,1478400
exhaustive,1,23200,100,0.0012880790833150967,0.00113582459744066,1484800
exhaustive,1,23300,100,0.0013838891015620902,0.0019783799070864916,1491200
exhaustive,1,23400,100,0.001421028578770347,0.0012265753466635942,1497600
exhaustive,1,23500,100,0.0013181157485814764,0.001797380275093019,1504000
exhaustive,1,23600,100,0.001348000420257449,0.0013801550958305597,1510400
exhaustive,1,23700,100,0.0013827168836724013,0.0008235401473939419,1516800
exhaustive,1,23800,100,0.0014731548872077838,0.0011572137009352446,1523200
exhaustive,1,23900,100,0.0013553817727370188,0.0018438859842717648,1529600
exhaustive,1,24000,100,0.0013091032899683341,0.0007318267598748207,1536000
exhaustive,1,24100,100,0.001405957757961005,0.001210485235787928,1542400
exhaustive,1,24200,100,0.0013668967707781122,0.0016651845071464777,1548800
exhaustive,1,24300,100,0.0013447176519548521,0.0008791706059128046,1555200
exhaustive,1,24400,100,0.0013652172143338247,0.0014008496655151248,1561600
exhaustive,1,24500,100,0.0013387885031988845,0.0020729415118694305,1568000
exhaustive,1,24600,100,0.0012720353313488886,0.0012846487807109952,1574400
exhaustive,1,24700,100,0.001323313798638992,0.0009571817936375737,1580800
exhaustive,1,24800,100,0.0013847660267492757,0.002008730312809348,1587200
exhaustive,1,24900,100,0.0013341283448971809,0.0007111359154805541,1593600
exhaustive,1,25000,100,0.0013647636910900473,0.0009014128590933979,1600000
exhaustive,1,25100,100,0.0014826640242245049,0.00212370534427464,1606400
exhaustive,1,25200,100,0.0013703639461891725,0.000953671638853848,1612800
exhaustive,1,25300,100,0.0014329161233035848,0.001828594715334475,1619200
exhaustive,1,25400,100,0.0014001768874004484,0.0009853341616690159,1625600
exhaustive,1,25500,100,0.001494779046624899,0.0036933361552655697,1632000
exhaustive,1,25600,100,0.001451004997943528,0.0016598566435277462,1638400
exhaustive,1,25700,100,0.0013166367739904671,0.0016822110628709197,1644800
exhaustive,1,25800,100,0.0013344109541503712,0.001164135755971074,1651200
exhaustive,1,25900,100,0.0013606953312410041,0.001569485291838646,1657600
exhaustive,1,26000,100,0.00135358724714024,0.0019553040619939566,1664000
exhaustive,1,26100,100,0.001264674431295134,0.001032003085128963,1670400
exhaustive,1,26200,100,0.0013549605081789196,0.0012421392602846026,1676800
exhaustive,1,26300,100,0.0013434700242942199,0.0015529535012319684,1683200
exhaustive,1,26400,100,0.0013148808840196579,0.0015962210018187761,1689600
exhaustive,1,26500,100,0.0013379762158729136,0.0016860454343259335,1696000
exhaustive,1,26600,100,0.001351496959105134,0.0012291879393160343,1702400
exhaustive,1,26700,100,0.0013494068977888674,0.0011231404496356845,1708800
exhaustive,1,26800,100,0.0013393160869600252,0.001130780903622508,1715200
exhaustive,1,26900,100,0.0013786443060962482,0.0024308604188263416,1721600
exhaustive,1,27000,100,0.001371677151764743,0.0009970326209440827,1728000
exhaustive,1,27100,100,0.0012966267933370546,0.0011589415371418,1734400
exhaustive,1,27200,100,0.0014289996860316024,0.0014796954346820712,1740800
exhaustive,1,27300,100,0.0012673565754084848,0.001085956348106265,1747200
exhaustive,1,27400,100,0.0012260718550533055,0.0006396407843567431,1753600
exhaustive,1,27500,100,0.0013215802615741269,0.0017767531098797917,1760000
exhaustive,1,27600,100,0.001419033551355824,0.0010799276642501354,1766400
exhaustive,1,27700,100,0.001291253828094341,0.0021568327210843563,1772800
exhaustive,1,27800,100,0.001381034319056198,0.0011404954129830003,1779200
exhaustive,1,27900,100,0.001436713161529042,0.0021077818237245083,1785600
exhaustive,1,28000,100,0.0014030919026117772,0.0009566015796735883,1792000
exhaustive,1,28100,100,0.0013581778132356703,0.0007995133637450635,1798400
exhaustive,1,28200,100,0.0013034842640627176,0.0011533326469361782,1804800
exhaustive,1,28300,100,0.0014745693036820739,0.0008923443965613842,1811200
exhaustive,1,28400,100,0.0013992628920823336,0.001047224155627191,1817600
exhaustive,1,28500,100,0.0014224151917733253,0.0007081569638103247,1824000
exhaustive,1,28600,100,0.001502801333554089,0.0009517687140032649,1830400
exhaustive,1,28700,100,0.0013271738134790212,0.0018321418901905417,1836800
exhaustive,1,28800,100,0.0013994731538696215,0.001977570354938507,1843200
exhaustive,1,28900,100,0.0013495676324237137,0.0008153457893058658,1849600
exhaustive,1,29000,100,0.0013948303100187332,0.0021567526273429394,1856000
exhaustive,1,29100,100,0.0013129914185265078,0.0012650274438783526,1862400
exhaustive,1,29200,100,0.0014030502241803332,0.001425875467248261,1868800
exhaustive,1,29300,100,0.001333279079408385,0.0011550372000783682,1875200
exhaustive,1,29400,100,0.001306211951887235,0.0020180591382086277,1881600
exhaustive,1,29500,100,0.0012979746662313118,0.0011479994282126427,1888000
exhaustive,1,29600,100,0.001344229498063214,0.0013898873003199697,1894400
exhaustive,1,29700,100,0.0013171170884743334,0.0011206514900550246,1900800
exhaustive,1,29800,100,0.0013492951320949942,0.0010944982059299946,1907200
exhaustive,1,29900,100,0.0012920415721600876,0.0011187263298779726,1913600
exhaustive,1,30000,100,0.001324057360761799,0.0012107703369110823,1920000
exhaustive,2,100,100,0.01611106624826789,0.012189311906695366,6400
exhaustive,2,200,100,0.014096619957126678,0.019504806026816368,12800
exhaustive,2,300,100,0.012019776599481702,0.009370041079819202,19200
exhaustive,2,400,100,0.010177303422242403,0.010042684152722359,25600
exhaustive,2,500,100,0.007976121273823083,0.006303812377154827,32000
exhaustive,2,600,100,0.005794408065266907,0.004912870936095715,38400
exhaustive,2,700,100,0.005548192395363003,0.007560979574918747,44800
exhaustive,2,800,100,0.005835119835101068,0.004287387244403362,51200
exhaustive,2,900,100,0.005725739113986492,0.0035724847111850977,57600
exhaustive,2,1000,100,0.006405763295479119,0.006890955381095409,64000
exhaustive,2,1100,100,0.006960936828982085,0.007052057888358831,70400
exhaustive,2,1200,100,0.006437882645986975,0.004424717742949724,76800
exhaustive,2,1300,100,0.007047242666594684,0.00539743946865201,83200
exhaustive,2,1400,100,0.006836942338850349,0.004868394695222378,89600
exhaustive,2,1500,100,0.006520867956569418,0.0038316724821925163,96000
exhaustive,2,1600,100,0.005443614573450759,0.0017411325825378299,102400
exhaustive,2,1700,100,0.005082477134419605,0.001724027213640511,108800
exhaustive,2,1800,100,0.004078025944763795,0.005755101330578327,115200
exhaustive,2,1900,100,0.003726448144298047,0.0016013532876968384,121600
exhaustive,2,2000,100,0.0030369691259693353,0.0012222002260386944,128000
exhaustive,2,2100,100,0.0026395622931886463,0.0011768927797675133,134400
exhaustive,2,2200,100,0.002182023957138881,0.004253714345395565,140800
exhaustive,2,2300,100,0.0020147193607408555,0.0009464388713240623,147200
exhaustive,2,2400,100,0.002123518832377158,0.001459956867620349,153600
exhaustive,2,2500,100,0.0018151851691072807,0.0012084522750228643,160000
exhaustive,2,2600,100,0.0019615702977171167,0.0017622043378651142,166400
exhaustive,2,2700,100,0.0019149264541920275,0.0010731706861406565,172800
exhaustive,2,2800,100,0.0018652211508015171,0.0018163344357162714,179200
exhaustive,2,2900,100,0.0019114811008330436,0.002235129941254854,185600
exhaustive,2,3000,100,0.0019719604181591423,0.0019657567609101534,192000
exhaustive,2,3100,100,0.001925919923814945,0.0020528296008706093,198400
exhaustive,2,3200,100,0.002026838376186788,0.0017270680982619524,204800
exhaustive,2,3300,100,0.002174690100364387,0.0018790451576933265,211200
exhaustive,2,3400,100,0.0021565579646266996,0.0014815058093518019,217600
exhaustive,2,3500,100,0.0021231232257559896,0.0015258882194757462,224000
exhaustive,2,3600,100,0.002261894306866452,0.0011359755881130695,230400
exhaustive,2,3700,100,0.0020257147774100305,0.002422075252979994,236800
exhaustive,2,3800,100,0.0020972163631813603,0.0017439702060073614,243200
exhaustive,2,3900,100,0.0021951842994894833,0.0013513839803636074,249600
exhaustive,2,4000,100,0.0023865060700336473,0.0032637426629662514,256000
exhaustive,2,4100,100,0.002111413220409304,0.0029007080011069775,262400
exhaustive,2,4200,100,0.0021535483142361045,0.002444468904286623,268800
exhaustive,2,4300,100,0.002056235590716824,0.0011735825100913644,275200
exhaustive,2,4400,100,0.0019249684765236452,0.002744432305917144,281600
exhaustive,2,4500,100,0.002197308565955609,0.0019711945205926895,288000
exhaustive,2,4600,100,0.0020867147570243104,0.0011260887840762734,294400
exhaustive,2,4700,100,0.0020309972448740153,0.0010791864478960633,300800
exhaustive,2,4800,100,0.0020668149256380273,0.0019787587225437164,307200
exhaustive,2,4900,100,0.002124168167356402,0.001587325008586049,313600
exhaustive,2,5000,100,0.0020585046958876774,0.001481075887568295,320000
exhaustive,2,5100,100,0.0019618268636986615,0.0033078843262046576,326400
exhaustive,2,5200,100,0.00217972096754238,0.002662238199263811,332800
exhaustive,2,5300,100,0.001978360764333047,0.0013236275408416986,339200
exhaustive,2,5400,100,0.0020892381260637196,0.002319059334695339,345600
exhaustive,2,5500,100,0.0019431623257696628,0.004533612634986639,352000
exhaustive,2,5600,100,0.0020109276752918958,0.0015448392368853092,358400
exhaustive,2,5700,100,0.0020658715802710503,0.004025178961455822,364800
exhaustive,2,5800,100,0.0019559168897103517,0.0018989982781931758,371200
exhaustive,2,5900,100,0.0020738893828820435,0.002312985248863697,377600
exhaustive,2,6000,100,0.001875794638763182,0.002209443598985672,384000
exhaustive,2,6100,100,0.001996720173629001,0.003704167902469635,390400
exhaustive,2,6200,100,0.0020796137675642965,0.0018815717194229364,396800
exhaustive,2,6300,100,0.00197452298598364,0.0037861554883420467,403200
exhaustive,2,6400,100,0.0018405858526239173,0.001655803993344307,409600
exhaustive,2,6500,100,0.001863982830545865,0.0013356658164411783,416000
exhaustive,2,6600,100,0.001848429796518758,0.0020203213207423687,422400
exhaustive,2,6700,100,0.0018858712131623178,0.0015590620459988713,428800
exhaustive,2,6800,100,0.001867347527295351,0.0011400228831917048,435200
exhaustive,2,6900,100,0.0019550805760081857,0.0015197498723864555,441600
exhaustive,2,7000,100,0.0017842112359357997,0.0020659337751567364,448000
exhaustive,2,7100,100,0.001891258906107396,0.0016416290309280157,454400
exhaustive,2,7200,100,0.001977030027192086,0.002083879429847002,460800
exhaustive,2,7300,100,0.0019342456618323923,0.002097595948725939,467200
exhaustive,2,7400,100,0.0017999295669142157,0.0023854721803218126,473600
exhaustive,2,7500,100,0.001889407087583095,0.002101958729326725,480000
exhaustive,2,7600,100,0.0018998064927291125,0.0012817630777135491,486400
exhaustive,2,7700,100,0.0017404601554153487,0.002691499888896942,492800
exhaustive,2,7800,100,0.0019243557180743665,0.0016251025954261422,499200
exhaustive,2,7900,100,0.001955524549121037,0.002276552841067314,505600
exhaustive,2,8000,100,0.0018398004671325908,0.0018207700923085213,512000
exhaustive,2,8100,100,0.001956650164211169,0.0010765176266431808,518400
exhaustive,2,8200,100,0.0019536758004687726,0.0021477537229657173,524800
exhaustive,2,8300,100,0.0018386528978589923,0.0016227266751229763,531200
exhaustive,2,8400,100,0.0017453371174633503,0.0025256613735109568,537600
exhaustive,2,8500,100,0.0019175442965934054,0.0010973241878673434,544000
exhaustive,2,8600,100,0.00178973572794348,0.0012982450425624847,550400
exhaustive,2,8700,100,0.0018533421761821956,0.0023187247570604086,556800
exhaustive,2,8800,100,0.0017902070621494204,0.0016001849435269833,563200
exhaustive,2,8900,100,0.0018029027711600066,0.002219749614596367,569600
exhaustive,2,9000,100,0.0018657902022823692,0.0014526750892400742,576000
exhaustive,2,9100,100,0.0017402644723188132,0.0014233188703656197,582400
exhaustive,2,9200,100,0.0017012810532469303,0.0009869257919490337,588800
exhaustive,2,9300,100,0.0017436052463017404,0.002309207571670413,595200
exhaustive,2,9400,100,0.0017222053004661575,0.00153498281724751,601600
exhaustive,2,9500,100,0.0017722944164415822,0.001201241509988904,608000
exhaustive,2,9600,100,0.001830055202008225,0.0023809245321899652,614400
exhaustive,2,9700,100,0.0017132258194033057,0.0027944487519562244,620800
exhaustive,2,9800,100,0.0017043747106799856,0.0016998008359223604,627200
exhaustive,2,9900,100,0.001739596773404628,0.0012832656502723694,633600
exhaustive,2,10000,100,0.001579997431836091,0.0014605724718421698,640000
exhaustive,2,10100,100,0.0016804213024443015,0.0018029719358310103,646400
exhaustive,2,10200,100,0.0017617404978955164,0.0016057456377893686,652800
exhaustive,2,10300,100,0.001613452797755599,0.0016006605001166463,659200
exhaustive,2,10400,100,0.001599154180730693,0.001914211898110807,665600
exhaustive,2,10500,100,0.0016031079582171516,0.0018083882750943303,672000
exhaustive,2,10600,100,0.0016202797775622458,0.002055828459560871,678400
exhaustive,2,10700,100,0.0015106205217307433,0.0015398765681311488,684800
exhaustive,2,10800,100,0.001530955785419792,0.0012547776568681002,691200
exhaustive,2,10900,100,0.0017062900227028876,0.0015672362642362714,697600
exhaustive,2,11000,100,0.0016605361696565525,0.0016617028741165996,704000
exhaustive,2,11100,100,0.0017226037505315617,0.0014779367484152317,710400
exhaustive,2,11200,100,0.0015592520986683666,0.0010199659736827016,716800
exhaustive,2,11300,100,0.0015686061524320394,0.001780267572030425,723200
exhaustive,2,11400,100,0.0016759440390160308,0.0021561989560723305,729600
exhaustive,2,11500,100,0.0016595021693501621,0.0012522616889327765,736000
exhaustive,2,11600,100,0.0016491035814397037,0.0012450418435037136,742400
exhaustive,2,11700,100,0.001518053640029393,0.001034722663462162,748800
exhaustive,2,11800,100,0.001702149657648988,0.0010498457122594118,755200
exhaustive,2,11900,100,0.001631334832054563,0.0014001734089106321,761600
exhaustive,2,12000,100,0.001716830926015973,0.0011005080305039883,768000
exhaustive,2,12100,100,0.0016416877979645505,0.0013223696732893586,774400
exhaustive,2,12200,100,0.0015810646291356534,0.0011817655758932233,780800
exhaustive,2,12300,100,0.001652739848359488,0.0031605693511664867,787200
exhaustive,2,12400,100,0.001614832627819851,0.002294047037139535,793600
exhaustive,2,12500,100,0.001560431514517404,0.001316288486123085,800000
exhaustive,2,12600,100,0.0015408816514536738,0.0021181206684559584,806400
exhaustive,2,12700,100,0.0016330818959977478,0.0011641064193099737,812800
exhaustive,2,12800,100,0.0015895343775628136,0.0008081411942839622,819200
exhaustive,2,12900,100,0.0015698331274325028,0.0015812739729881287,825600
exhaustive,2,13000,100,0.0016373603633837775,0.0021706505212932825,832000
exhaustive,2,13100,100,0.0016934158856747672,0.0013059790944680572,838400
exhaustive,2,13200,100,0.0016072201990755275,0.0017205520998686552,844800
exhaustive,2,13300,100,0.0017075447377283125,0.0009885434992611408,851200
exhaustive,2,13400,100,0.0017295329412445426,0.0012306827120482922,857600
exhaustive,2,13500,100,0.0015646755101624875,0.0018630668055266142,864000
exhaustive,2,13600,100,0.001609580927179195,0.0017252778634428978,870400
exhaustive,2,13700,100,0.001562365295831114,0.0017017851350829005,876800
exhaustive,2,13800,100,0.0016119293868541718,0.001258402829989791,883200
exhaustive,2,13900,100,0.0015747591922990979,0.0013938357587903738,889600
exhaustive,2,14000,100,0.0016046297259163112,0.0013715997338294983,896000
exhaustive,2,14100,100,0.001521745950449258,0.0010015282314270735,902400
exhaustive,2,14200,100,0.001536521784728393,0.0015007974579930305,908800
exhaustive,2,14300,100,0.0015810802194755524,0.0026775042060762644,915200
exhaustive,2,14400,100,0.001692346944473684,0.0013825009809806943,921600
exhaustive,2,14500,100,0.0015782880457118154,0.0014527000021189451,928000
exhaustive,2,14600,100,0.0016822990181390195,0.0010618147207424045,934400
exhaustive,2,14700,100,0.0015729752532206475,0.0014596031978726387,940800
exhaustive,2,14800,100,0.0017040819069370626,0.0026640454307198524,947200
exhaustive,2,14900,100,0.0016684670018730684,0.0011165959294885397,953600
exhaustive,2,15000,100,0.0017104650905821472,0.0014233923284336925,960000
exhaustive,2,15100,100,0.0015444607863901183,0.001938583911396563,966400
exhaustive,2,15200,100,0.0016335558617720381,0.0024702290538698435,972800
exhaustive,2,15300,100,0.0015246349212247878,0.0009996576700359583,979200
exhaustive,2,15400,100,0.001546773788286373,0.00134531210642308,985600
exhaustive,2,15500,100,0.0015403592283837497,0.001689589349552989,992000
exhaustive,2,15600,100,0.0015889621042879298,0.0019634750206023455,998400
exhaustive,2,15700,100,0.0015281950932694599,0.0015754052437841892,1004800
exhaustive,2,15800,100,0.0014428038609912619,0.002004152163863182,1011200
exhaustive,2,15900,100,0.0015226654271828012,0.00185159663669765,1017600
exhaustive,2,16000,100,0.0015042001695837826,0.0019057652680203319,1024000
exhaustive,2,16100,100,0.001575031103566289,0.0009464605245739222,1030400
exhaustive,2,16200,100,0.0015461116237565876,0.0014895519707351923,1036800
exhaustive,2,16300,100,0.0016418874060036615,0.0017775872256606817,1043200
exhaustive,2,16400,100,0.0016111508704489098,0.0014155104290693998,1049600
exhaustive,2,16500,100,0.0015912652801489458,0.0012941277818754315,1056000
exhaustive,2,16600,100,0.0016045502410270273,0.0009323571575805545,1062400
exhaustive,2,16700,100,0.0016202263778541236,0.001478936756029725,1068800
exhaustive,2,16800,100,0.0015264767810003832,0.0008533287327736616,1075200
exhaustive,2,16900,100,0.0016912085795775056,0.001974591286852956,1081600
exhaustive,2,17000,100,0.0016013723064679651,0.001025889883749187,1088000
exhaustive,2,17100,100,0.0015676252957200632,0.0018591547850519419,1094400
exhaustive,2,17200,100,0.0015225005347747355,0.0012873731320723891,1100800
exhaustive,2,17300,100,0.0015278459142427892,0.0017106450395658612,1107200
exhaustive,2,17400,100,0.0015940325800329446,0.001074845902621746,1113600
exhaustive,2,17500,100,0.0015772895800182595,0.001236627926118672,1120000
exhaustive,2,17600,100,0.001475455962936394,0.0018513675313442945,1126400
exhaustive,2,17700,100,0.0015551244525704533,0.0014941205736249685,1132800
exhaustive,2,17800,100,0.0015536904393229634,0.0014280888717621565,1139200
exhaustive,2,17900,100,0.0014610963268205524,0.0014835286419838667,1145600
exhaustive,2,18000,100,0.001406001309514977,0.0008200145675800741,1152000
exhaustive,2,18100,100,0.0014112439524615183,0.0014444972621276975,1158400
exhaustive,2,18200,100,0.0014318329107481987,0.0008799292845651507,1164800
exhaustive,2,18300,100,0.001558952972991392,0.0012115364661440253,1171200
exhaustive,2,18400,100,0.0015722016867948695,0.001197085715830326,1177600
exhaustive,2,18500,100,0.0014348184317350388,0.0015635048039257526,1184000
exhaustive,2,18600,100,0.001536275382968597,0.0012298901565372944,1190400
exhaustive,2,18700,100,0.0014555612194817513,0.000639693345874548,1196800
exhaustive,2,18800,100,0.001582440817146562,0.0021061566658318043,1203200
exhaustive,2,18900,100,0.0015300023008603602,0.002492982894182205,1209600
exhaustive,2,19000,100,0.001563093534205109,0.0012381912674754858,1216000
exhaustive,2,19100,100,0.0014534680283395573,0.0008618918363936245,1222400
exhaustive,2,19200,100,0.0014566607362939976,0.0014947104500606656,1228800
exhaustive,2,19300,100,0.0015139620174886659,0.0011831370647996664,1235200
exhaustive,2,19400,100,0.0014679629856254905,0.001387911499477923,1241600
exhaustive,2,19500,100,0.0015447984728962183,0.0020253206603229046,1248000
exhaustive,2,19600,100,0.0014492525538662448,0.0024519821163266897,1254400
exhaustive,2,19700,100,0.0015606257447507233,0.0009173958096653223,1260800
exhaustive,2,19800,100,0.001558045384590514,0.0014192075468599796,1267200
exhaustive,2,19900,100,0.0014766497415257618,0.0017264094203710556,1273600
exhaustive,2,20000,100,0.001473788386792876,0.0016507224645465612,1280000
exhaustive,2,20100,100,0.0013908441946841777,0.0016926696989685297,1286400
exhaustive,2,20200,100,0.0014451959263533354,0.0022268500179052353,1292800
exhaustive,2,20300,100,0.0015992757555795833,0.0010907429968938231,1299200
exhaustive,2,20400,100,0.0015541847434360533,0.001155360834673047,1305600
exhaustive,2,20500,100,0.0015321268083062023,0.0016941631911322474,1312000
exhaustive,2,20600,100,0.0014575278112897649,0.0014811798464506865,1318400
exhaustive,2,20700,100,0.001478061358211562,0.0019384569022804499,1324800
exhaustive,2,20800,100,0.0014004715764895082,0.0008718832395970821,1331200
exhaustive,2,20900,100,0.0015365694492356851,0.0016222833655774593,1337600
exhaustive,2,21000,100,0.0014504812052473426,0.0017061445396393538,1344000
exhaustive,2,21100,100,0.0015083064598729835,0.002038094913586974,1350400
exhaustive,2,21200,100,0.0015811576595297083,0.0015027874615043402,1356800
exhaustive,2,21300,100,0.0015152863564435392,0.001056468696333468,1363200
exhaustive,2,21400,100,0.001470122291939333,0.0006926364148966968,1369600
exhaustive,2,21500,100,0.0015019376849522814,0.002231559483334422,1376000
exhaustive,2,21600,100,0.0016166182945016772,0.0032889689318835735,1382400
exhaustive,2,21700,100,0.001598977860994637,0.0018331558676436543,1388800
exhaustive,2,21800,100,0.0016084520902950317,0.0011360475327819586,1395200
exhaustive,2,21900,100,0.001569634226616472,0.0015274083707481623,1401600
exhaustive,2,22000,100,0.0015796881425194443,0.0030953495297580957,1408000
exhaustive,2,22100,100,0.0014615768537623807,0.0014285448705777526,1414400
exhaustive,2,22200,100,0.0014730209251865745,0.0015921860467642546,1420800
exhaustive,2,22300,100,0.001519213219289668,0.001112976809963584,1427200
exhaustive,2,22400,100,0.0015087769168894737,0.0011007902212440968,1433600
exhaustive,2,22500,100,0.001552507309243083,0.0022092293947935104,1440000
exhaustive,2,22600,100,0.0014931480080122128,0.002150126965716481,1446400
exhaustive,2,22700,100,0.0015333780000219121,0.0013905955711379647,1452800
exhaustive,2,22800,100,0.0013827669504098594,0.0008884684648364782,1459200
exhaustive,2,22900,100,0.0016228871268685907,0.002167298924177885,1465600
exhaustive,2,23000,100,0.001556196535238996,0.001263927319087088,1472000
exhaustive,2,23100,100,0.0016071393626043574,0.0014985061716288328,1478400
exhaustive,2,23200,100,0.0015628935163840652,0.004058006219565868,1484800
exhaustive,2,23300,100,0.0014519549324177206,0.0014568651095032692,1491200
exhaustive,2,23400,100,0.001454340951750055,0.001516908872872591,1497600
exhaustive,2,23500,100,0.0014830477948999032,0.0015851125353947282,1504000
exhaustive,2,23600,100,0.0014655728911748156,0.0008750863489694893,1510400
exhaustive,2,23700,100,0.0013731430319603533,0.0014533555367961526,1516800
exhaustive,2,23800,100,0.001526688320445828,0.0017354685114696622,1523200
exhaustive,2,23900,100,0.0014862538548186422,0.001468231319449842,1529600
exhaustive,2,24000,100,0.0014784186717588454,0.0011241944739595056,1536000
exhaustive,2,24100,100,0.0014404873212333768,0.0012144692009314895,1542400
exhaustive,2,24200,100,0.001511104759410955,0.0013148188591003418,1548800
exhaustive,2,24300,100,0.0013390908867586405,0.0010598485823720694,1555200
exhaustive,2,24400,100,0.0013404183101374655,0.0012304175179451704,1561600
exhaustive,2,24500,100,0.0014161531522404402,0.0015117409639060497,1568000
exhaustive,2,24600,100,0.0014512258290778845,0.0022185537964105606,1574400
exhaustive,2,24700,100,0.0014985876838909463,0.0015880275750532746,1580800
exhaustive,2,24800,100,0.0013731039222329856,0.001461818814277649,1587200
exhaustive,2,24900,100,0.001387491433415562,0.0009745751740410924,1593600
exhaustive,2,25000,100,0.001448426284478046,0.0010631773620843887,1600000
exhaustive,2,25100,100,0.0014285838487558067,0.0010026313830167055,1606400
exhaustive,2,25200,100,0.001588283441378735,0.0008631690288893878,1612800
exhaustive,2,25300,100,0.001427331036538817,0.0010443280916661024,1619200
exhaustive,2,25400,100,0.001477381922886707,0.0020951528567820787,1625600
exhaustive,2,25500,100,0.0014486784825567156,0.0010918481275439262,1632000
exhaustive,2,25600,100,0.0014334080083062872,0.0010319605935364962,1638400
exhaustive,2,25700,100,0.0014237177924951538,0.001124559435993433,1644800
exhaustive,2,25800,100,0.0014801860111765563,0.0013949908316135406,1651200
exhaustive,2,25900,100,0.0014182516210712493,0.0010539742652326822,1657600
exhaustive,2,26000,100,0.0014518367312848569,0.0010342468740418553,1664000
exhaustive,2,26100,100,0.0013661113363923505,0.0014596253167837858,1670400
exhaustive,2,26200,100,0.001373827299103141,0.0012726368149742484,1676800
exhaustive,2,26300,100,0.0014559461054159328,0.0016483787912875414,1683200
exhaustive,2,26400,100,0.0014538253936916589,0.0012475408148020506,1689600
exhaustive,2,26500,100,0.0014490597840631381,0.0007941530784592032,1696000
exhaustive,2,26600,100,0.0013837219652486966,0.0011049608001485467,1702400
exhaustive,2,26700,100,0.0012862508825492113,0.001147313043475151,1708800
exhaustive,2,26800,100,0.0013687011355068535,0.0015235610771924257,1715200
exhaustive,2,26900,100,0.0014653626549988984,0.0017267137300223112,1721600
exhaustive,2,27000,100,0.001386744830524549,0.001337832072749734,1728000
exhaustive,2,27100,100,0.0014681840734556318,0.001170155592262745,1734400
exhaustive,2,27200,100,0.0013357252214336768,0.0014320509508252144,1740800
exhaustive,2,27300,100,0.0015552262042183428,0.001046219258569181,1747200
exhaustive,2,27400,100,0.0014812099796836264,0.002080262405797839,1753600
exhaustive,2,27500,100,0.0014966914971591904,0.0013227183371782303,1760000
exhaustive,2,27600,100,0.0015298942301888018,0.002525008050724864,1766400
exhaustive,2,27700,100,0.001344581777229905,0.0019896873272955418,1772800
exhaustive,2,27800,100,0.0014720280159963295,0.0017272133845835924,1779200
exhaustive,2,27900,100,0.0013646524416981265,0.0012373653007671237,1785600
exhaustive,2,28000,100,0.00130201191524975,0.0009413931984454393,1792000
exhaustive,2,28100,100,0.0013869071609224192,0.0017140370327979326,1798400
exhaustive,2,28200,100,0.0015144276735372842,0.0014510025503113866,1804800
exhaustive,2,28300,100,0.0013878630829276518,0.0007648709579370916,1811200
exhaustive,2,28400,100,0.001418370684259571,0.0009692920721136034,1817600
exhaustive,2,28500,100,0.001351295149361249,0.0011613548267632723,1824000
exhaustive,2,28600,100,0.0014667787082726135,0.0015659065684303641,1830400
exhaustive,2,28700,100,0.0015056247974280267,0.0013134864857420325,1836800
exhaustive,2,28800,100,0.0013558827000088058,0.001498535624705255,1843200
exhaustive,2,28900,100,0.0014599371247459203,0.0018925489857792854,1849600
exhaustive,2,29000,100,0.0014196485077263787,0.0020518223755061626,1856000
exhaustive,2,29100,100,0.0013985556765692309,0.002103431150317192,1862400
exhaustive,2,29200,100,0.0014297291840193794,0.0014338138280436397,1868800
exhaustive,2,29300,100,0.0014095818280475214,0.0013960176147520542,1875200
exhaustive,2,29400,100,0.0013097354699857532,0.0007397691952064633,1881600
exhaustive,2,29500,100,0.0013841659505851567,0.0011176292318850756,1888000
exhaustive,2,29600,100,0.001553706814884208,0.0015069046057760715,1894400
exhaustive,2,29700,100,0.001404157616198063,0.0015408105682581663,1900800
exhaustive,2,29800,100,0.0013851355167571456,0.0010018229950219393,1907200
exhaustive,2,29900,100,0.0013919500209158286,0.0008247955120168626,1913600
exhaustive,2,30000,100,0.0013860562146874144,0.0011523545254021883,1920000
collected_unique,0,100,100,0.01344623471610248,0.020098982378840446,6400
collected_unique,0,200,100,0.00960810208460316,0.008727879263460636,12800
collected_unique,0,300,100,0.008227602019906044,0.006920092739164829,19200
collected_unique,0,400,100,0.007570246760733426,0.010375912301242352,25600
collected_unique,0,500,100,0.006625916480552405,0.005706466734409332,32000
collected_unique,0,600,100,0.005630797303747386,0.005742186214774847,38400
collected_unique,0,700,100,0.004809592388337478,0.003700029570609331,44800
collected_unique,0,800,100,0.004054378704167903,0.003509378992021084,51200
collected_unique,0,900,100,0.0037125430221203715,0.0037005585618317127,57600
collected_unique,0,1000,100,0.0036007365747354925,0.003243753919377923,64000
collected_unique,0,1100,100,0.003981329703237862,0.003919485490769148,70400
collected_unique,0,1200,100,0.00457243264419958,0.0045674992725253105,76800
collected_unique,0,1300,100,0.005059548066928983,0.004820974078029394,83200
collected_unique,0,1400,100,0.005055780292022974,0.004721515811979771,89600
collected_unique,0,1500,100,0.004871306440327317,0.003172525903210044,96000
collected_unique,0,1600,100,0.005074923180509359,0.00670684315264225,102400
collected_unique,0,1700,100,0.004475117882248014,0.0051576984114944935,108800
collected_unique,0,1800,100,0.004574950938113034,0.0024204545188695192,115200
collected_unique,0,1900,100,0.003977517060702667,0.004395003896206617,121600
collected_unique,0,2000,100,0.003149739356013015,0.0021162303164601326,128000
collected_unique,0,2100,100,0.0031023313745390624,0.001247308449819684,134400
collected_unique,0,2200,100,0.002999723721295595,0.003153393045067787,140800
collected_unique,0,2300,100,0.0024065108713693917,0.004166396800428629,147200
collected_unique,0,2400,100,0.002054633384104818,0.0017426093108952045,153600
collected_unique,0,2500,100,0.0018773892335593701,0.0021236944012343884,160000
collected_unique,0,2600,100,0.0017870189948007464,0.0016528201522305608,166400
collected_unique,0,2700,100,0.0019157713733147829,0.002524326555430889,172800
collected_unique,0,2800,100,0.0016736783384112641,0.001802627113647759,179200
collected_unique,0,2900,100,0.0015254792588530108,0.0014418085338547826,185600
collected_unique,0,3000,100,0.0016399694606661797,0.0018037550617009401,192000
collected_unique,0,3100,100,0.0016241954482393338,0.0012844079174101353,198400
collected_unique,0,3200,100,0.0015657720773015172,0.0010009657125920057,204800
collected_unique,0,3300,100,0.001611742158420384,0.0009212683071382344,211200
collected_unique,0,3400,100,0.0016137650213204325,0.0008517859387211502,217600
collected_unique,0,3500,100,0.001556615093140863,0.0015120443422347307,224000
collected_unique,0,3600,100,0.0017123350087786093,0.001703659538179636,230400
collected_unique,0,3700,100,0.001651940810843371,0.0012862862786278129,236800
collected_unique,0,3800,100,0.0016603111877338962,0.0014409387949854136,243200
collected_unique,0,3900,100,0.0016433298808988183,0.0009241958614438772,249600
collected_unique,0,4000,100,0.0016584237123606726,0.001466619549319148,256000
collected_unique,0,4100,100,0.001670431111124344,0.0017767773242667317,262400
collected_unique,0,4200,100,0.0016058286209590733,0.00115871278103441,268800
collected_unique,0,4300,100,0.0015934649016708135,0.002281203167513013,275200
collected_unique,0,4400,100,0.0017205614113481715,0.0024297989439219236,281600
collected_unique,0,4500,100,0.0018314507242757827,0.0012843167642131448,288000
collected_unique,0,4600,100,0.001694899071007967,0.0017509728204458952,294400
collected_unique,0,4700,100,0.001711666924529709,0.003006604267284274,300800
collected_unique,0,4800,100,0.0016819397744257004,0.00163867580704391,307200
collected_unique,0,4900,100,0.0018002223211806268,0.0017167292535305023,313600
collected_unique,0,5000,100,0.0017706260224804283,0.0012841372517868876,320000
collected_unique,0,5100,100,0.0015986926876939832,0.0015799177344888449,326400
collected_unique,0,5200,100,0.0016839568002615123,0.0014022933319211006,332800
collected_unique,0,5300,100,0.0016453631373587996,0.001660189009271562,339200
collected_unique,0,5400,100,0.001646022920613177,0.0017397261690348387,345600
collected_unique,0,5500,100,0.00151789307303261,0.001921062241308391,352000
collected_unique,0,5600,100,0.0017717878479743376,0.0013352425303310156,358400
collected_unique,0,5700,100,0.0016301136836409569,0.0013632645132020116,364800
collected_unique,0,5800,100,0.001530325417406857,0.0016110106371343136,371200
collected_unique,0,5900,100,0.0014732624002499505,0.00109658925794065,377600
collected_unique,0,6000,100,0.001459208913729526,0.0014840962830930948,384000
collected_unique,0,6100,100,0.001530097869108431,0.0030118506401777267,390400
collected_unique,0,6200,100,0.0014545276074204594,0.0010914774611592293,396800
collected_unique,0,6300,100,0.0015354315424337983,0.0031526205129921436,403200
collected_unique,0,6400,100,0.0016296610282734037,0.0014181900769472122,409600
collected_unique,0,6500,100,0.001558269273955375,0.001637365436181426,416000
collected_unique,0,6600,100,0.0015216514910571276,0.0011880362872034311,422400
collected_unique,0,6700,100,0.0015057390282163397,0.0017189602367579937,428800
collected_unique,0,6800,100,0.0016180369374342264,0.0012431509094312787,435200
collected_unique,0,6900,100,0.0015182718052528799,0.0012703596148639917,441600
collected_unique,0,7000,100,0.0015408579108770937,0.0013943352969363332,448000
collected_unique,0,7100,100,0.0015401876508258283,0.0013410355895757675,454400
collected_unique,0,7200,100,0.0015444546681828797,0.0009897546842694283,460800
collected_unique,0,7300,100,0.001528688400867395,0.0016387016512453556,467200
collected_unique,0,7400,100,0.0015445617865771056,0.001180295366793871,473600
collected_unique,0,7500,100,0.0015737123636063188,0.0010355024132877588,480000
collected_unique,0,7600,100,0.0015008132794173434,0.0014697533333674073,486400
collected_unique,0,7700,100,0.0014365662029013038,0.001047193305566907,492800
collected_unique,0,7800,100,0.0015649478911655024,0.0012808004394173622,499200
collected_unique,0,7900,100,0.0014271064981585368,0.00146058842074126,505600
collected_unique,0,8000,100,0.001499790269881487,0.0011112064821645617,512000
collected_unique,0,8100,100,0.0014364651136565953,0.0011204719776287675,518400
collected_unique,0,8200,100,0.001494690833496861,0.0018497805576771498,524800
collected_unique,0,8300,100,0.001566510400734842,0.0010425709187984467,531200
collected_unique,0,8400,100,0.001521330862888135,0.0009959600865840912,537600
collected_unique,0,8500,100,0.0014672422187868505,0.0012776090297847986,544000
collected_unique,0,8600,100,0.0014850900956662372,0.0012696891790255904,550400
collected_unique,0,8700,100,0.0015883324976311997,0.0021277624182403088,556800
collected_unique,0,8800,100,0.0015301998262293637,0.0029512725304812193,563200
collected_unique,0,8900,100,0.001533207804313861,0.002854118589311838,569600
collected_unique,0,9000,100,0.0013982236356241628,0.0009361122502014041,576000
collected_unique,0,9100,100,0.0014089682273333891,0.0019515936728566885,582400
collected_unique,0,9200,100,0.0014059914427343755,0.001432336401194334,588800
collected_unique,0,9300,100,0.0013766163063701241,0.00116161466576159,595200
collected_unique,0,9400,100,0.0013944798073498533,0.0012153662974014878,601600
collected_unique,0,9500,100,0.0014978071278892457,0.0014559985138475895,608000
collected_unique,0,9600,100,0.0014921782515011728,0.00224704178981483,614400
collected_unique,0,9700,100,0.0013811600039480255,0.0010300197172909975,620800
collected_unique,0,9800,100,0.0013876709021860734,0.001284291036427021,627200
collected_unique,0,9900,100,0.0014925199165008963,0.0012930501252412796,633600
collected_unique,0,10000,100,0.0015550334483850747,0.0011298786848783493,640000
collected_unique,0,10100,100,0.0013845529180252926,0.001294718123972416,646400
collected_unique,0,10200,100,0.0014844470523530618,0.0012150820111855865,652800
collected_unique,0,10300,100,0.0014784541947301477,0.0013462684582918882,659200
collected_unique,0,10400,100,0.001339201286318712,0.0013495096936821938,665600
collected_unique,0,10500,100,0.0014586216193856671,0.0012799121905118227,672000
collected_unique,0,10600,100,0.0014450374169973656,0.0015509759541600943,678400
collected_unique,0,10700,100,0.0014073794818250463,0.000872288306709379,684800
collected_unique,0,10800,100,0.0014136679517105222,0.0014903941191732883,691200
collected_unique,0,10900,100,0.0014294289267854764,0.0011397147318348289,697600
collected_unique,0,11000,100,0.0014101990981725977,0.0018698947969824076,704000
collected_unique,0,11100,100,0.0014679191372124478,0.0012865301687270403,710400
collected_unique,0,11200,100,0.0013850077969254926,0.0013302324805408716,716800
collected_unique,0,11300,100,0.0013867974851746112,0.0018192578572779894,723200
collected_unique,0,11400,100,0.001351108106900938,0.0014430577866733074,729600
collected_unique,0,11500,100,0.0014235576038481668,0.0018983555492013693,736000
collected_unique,0,11600,100,0.0014023442106554285,0.0018039436545222998,742400
collected_unique,0,11700,100,0.0015082759223878383,0.0011545773595571518,748800
collected_unique,0,11800,100,0.0013743066223105415,0.0013625344727188349,755200
collected_unique,0,11900,100,0.001547050122753717,0.0012470049550756812,761600
collected_unique,0,12000,100,0.001319262909819372,0.001915434142574668,768000
collected_unique,0,12100,100,0.0012956362671684473,0.0013423891505226493,774400
collected_unique,0,12200,100,0.0013325081544462592,0.0011718259193003178,780800
collected_unique,0,12300,100,0.0013468840380664914,0.0010784352198243141,787200
collected_unique,0,12400,100,0.0013384018564829602,0.001218387857079506,793600
collected_unique,0,12500,100,0.0014658551319735125,0.0012443775776773691,800000
collected_unique,0,12600,100,0.001502102635568008,0.001333799446001649,806400
collected_unique,0,12700,100,0.001464468383928761,0.0010299121495336294,812800
collected_unique,0,12800,100,0.001457897366490215,0.0015340461395680904,819200
collected_unique,0,12900,100,0.0013888118992326781,0.0009389928309246898,825600
collected_unique,0,13000,100,0.0013392743084114046,0.0016742248553782701,832000
collected_unique,0,13100,100,0.0013850137434201315,0.0013266587629914284,838400
collected_unique,0,13200,100,0.0014903123513795434,0.0019021821208298206,844800
collected_unique,0,13300,100,0.0015216237358981744,0.0021649838890880346,851200
collected_unique,0,13400,100,0.0015242594789015129,0.0011454420164227486,857600
collected_unique,0,13500,100,0.0014226032717851922,0.0016860621981322765,864000
collected_unique,0,13600,100,0.0014618833077838643,0.001651515020057559,870400
collected_unique,0,13700,100,0.0013958498724969104,0.0016372804529964924,876800
collected_unique,0,13800,100,0.0014316109678475185,0.0013345351908355951,883200
collected_unique,0,13900,100,0.0013358912157127633,0.0014859031653031707,889600
collected_unique,0,14000,100,0.0013854141748743131,0.0016411186661571264,896000
collected_unique,0,14100,100,0.001418125237687491,0.0011754840379580855,902400
collected_unique,0,14200,100,0.0013586108497111128,0.0014297342859208584,908800
collected_unique,0,14300,100,0.0012978758569806815,0.0008957903482951224,915200
collected_unique,0,14400,100,0.0013184269098564982,0.001058801426552236,921600
collected_unique,0,14500,100,0.0013258533168118447,0.0010744079481810331,928000
collected_unique,0,14600,100,0.00127417259325739,0.0011266283690929413,934400
collected_unique,0,14700,100,0.0013090035691857337,0.0010164028499275446,940800
collected_unique,0,14800,100,0.001370799345895648,0.0013527630362659693,947200
collected_unique,0,14900,100,0.0014351999579230324,0.0019032831769436598,953600
collected_unique,0,15000,100,0.0014843229739926755,0.0012672406155616045,960000
collected_unique,0,15100,100,0.0014771222666604444,0.0014172547962516546,966400
collected_unique,0,15200,100,0.0013340723264263943,0.0010403476189821959,972800
collected_unique,0,15300,100,0.001357784800347872,0.0012953018303960562,979200
collected_unique,0,15400,100,0.0013462485501077026,0.0013339065480977297,985600
collected_unique,0,15500,100,0.0012540389993228019,0.0010920510394498706,992000
collected_unique,0,15600,100,0.0013009288732428103,0.001517978496849537,998400
collected_unique,0,15700,100,0.0014001228439155966,0.0010868459939956665,1004800
collected_unique,0,15800,100,0.0013225698418682442,0.0017716612201184034,1011200
collected_unique,0,15900,100,0.001334956311620772,0.0016700136475265026,1017600
collected_unique,0,16000,100,0.0013538428471656517,0.001619981718249619,1024000
collected_unique,0,16100,100,0.0012792664702283218,0.0011060094693675637,1030400
collected_unique,0,16200,100,0.0013215313834371045,0.001172678079456091,1036800
collected_unique,0,16300,100,0.0012934828276047483,0.001385251758620143,1043200
collected_unique,0,16400,100,0.0012621096201473848,0.0008280811016447842,1049600
collected_unique,0,16500,100,0.001308211265131831,0.0009706686250865459,1056000
collected_unique,0,16600,100,0.0012647053907858209,0.001285930280573666,1062400
collected_unique,0,16700,100,0.0013076224894030019,0.0008408032590523362,1068800
collected_unique,0,16800,100,0.0013270502036903053,0.0011169540230184793,1075200
collected_unique,0,16900,100,0.0013073062640614808,0.0009810992050915956,1081600
collected_unique,0,17000,100,0.0013828168500913307,0.0009356474038213491,1088000
collected_unique,0,17100,100,0.0012967119680251926,0.0008682007319293916,1094400
collected_unique,0,17200,100,0.0013274300930788741,0.0010756683768704534,1100800
collected_unique,0,17300,100,0.001294992440380156,0.0012114117853343487,1107200
collected_unique,0,17400,100,0.0013804540992714465,0.00169549195561558,1113600
collected_unique,0,17500,100,0.0013809661113191396,0.002377978526055813,1120000
collected_unique,0,17600,100,0.0013194773253053427,0.0011944014113396406,1126400
collected_unique,0,17700,100,0.0014060921920463444,0.0017338839825242758,1132800
collected_unique,0,17800,100,0.0012710073293419554,0.0013230046024546027,1139200
collected_unique,0,17900,100,0.001219158675521612,0.0008549012709408998,1145600
collected_unique,0,18000,100,0.0012859592563472689,0.0009095306741073728,1152000
collected_unique,0,18100,100,0.0013083436770830303,0.0011196474079042673,1158400
collected_unique,0,18200,100,0.0013835092599038036,0.0010930970311164856,1164800
collected_unique,0,18300,100,0.001358132868190296,0.0010598641820251942,1171200
collected_unique,0,18400,100,0.0013675155863165855,0.0007955344626680017,1177600
collected_unique,0,18500,100,0.0012963591661537066,0.0009114581625908613,1184000
collected_unique,0,18600,100,0.0013112519826972858,0.0012461325386539102,1190400
collected_unique,0,18700,100,0.0013328291580546646,0.000852982746437192,1196800
collected_unique,0,18800,100,0.0012903759791515767,0.0011877535143867135,1203200
collected_unique,0,18900,100,0.0012676986848236993,0.0013683182187378407,1209600
collected_unique,0,19000,100,0.0013725872238865122,0.0015671744477003813,1216000
collected_unique,0,19100,100,0.0012117719842353837,0.0011918448144569993,1222400
collected_unique,0,19200,100,0.0013240003568353131,0.0011872414033859968,1228800
collected_unique,0,19300,100,0.0012838530616136267,0.0015516136772930622,1235200
collected_unique,0,19400,100,0.0013031453307485207,0.0011077147210016847,1241600
collected_unique,0,19500,100,0.0013464941934216768,0.0022544546518474817,1248000
collected_unique,0,19600,100,0.0013431019731797277,0.0010763591853901744,1254400
collected_unique,0,19700,100,0.0012782105774385856,0.0008527659229002893,1260800
collected_unique,0,19800,100,0.0012100748624652624,0.0010641887784004211,1267200
collected_unique,0,19900,100,0.0012945277499966323,0.001291822292841971,1273600
collected_unique,0,20000,100,0.0013618917705025524,0.0013481022324413061,1280000
collected_unique,0,20100,100,0.0012902676465455442,0.0008778101182542741,1286400
collected_unique,0,20200,100,0.001422908020322211,0.001195199554786086,1292800
collected_unique,0,20300,100,0.001306311201187782,0.0016320690046995878,1299200
collected_unique,0,20400,100,0.001284963859943673,0.0016276706010103226,1305600
collected_unique,0,20500,100,0.001338647035881877,0.001305106678046286,1312000
collected_unique,0,20600,100,0.001354023455060087,0.001738921506330371,1318400
collected_unique,0,20700,100,0.0012496032321359961,0.0008272898849099874,1324800
collected_unique,0,20800,100,0.0013596744340611622,0.001262345933355391,1331200
collected_unique,0,20900,100,0.0012543736019870267,0.0008934605866670609,1337600
collected_unique,0,21000,100,0.0013372430839808658,0.000797315442468971,1344000
collected_unique,0,21100,100,0.0013350697123678402,0.0008338084444403648,1350400
collected_unique,0,21200,100,0.0014106269809417427,0.0011470451718196273,1356800
collected_unique,0,21300,100,0.0014419471198925749,0.0010418941965326667,1363200
collected_unique,0,21400,100,0.001321653620689176,0.0013024548534303904,1369600
collected_unique,0,21500,100,0.0012433980964124203,0.002432952169328928,1376000
collected_unique,0,21600,100,0.001336095500155352,0.0012527910294011235,1382400
collected_unique,0,21700,100,0.001334411645657383,0.0013477654429152608,1388800
collected_unique,0,21800,100,0.001337729247752577,0.0010103358654305339,1395200
collected_unique,0,21900,100,0.0012522580631775782,0.0012165455846115947,1401600
collected_unique,0,22000,100,0.001314977459842339,0.001201367354951799,1408000
collected_unique,0,22100,100,0.0012957981554791332,0.0013900086050853133,1414400
collected_unique,0,22200,100,0.0014024963829433546,0.0013311444781720638,1420800
collected_unique,0,22300,100,0.001293412375380285,0.0014479958917945623,1427200
collected_unique,0,22400,100,0.001280706588877365,0.000964134291280061,1433600
collected_unique,0,22500,100,0.001214837589650415,0.0022912295535206795,1440000
collected_unique,0,22600,100,0.001266750894137658,0.001646506949327886,1446400
collected_unique,0,22700,100,0.0013058105536038055,0.001259897369891405,1452800
collected_unique,0,22800,100,0.001336847998900339,0.001303253578953445,1459200
collected_unique,0,22900,100,0.0013635887124110013,0.0018074174877256155,1465600
collected_unique,0,23000,100,0.0013286560401320458,0.0014429965522140265,1472000
collected_unique,0,23100,100,0.0013499852863606066,0.0012226349208503962,1478400
collected_unique,0,23200,100,0.0013976368034491315,0.0017863742541521788,1484800
collected_unique,0,23300,100,0.0013219869625754653,0.0017834644531831145,1491200
collected_unique,0,23400,100,0.0013851224508835004,0.0010058342013508081,1497600
collected_unique,0,23500,100,0.0012800474325194956,0.0009917449206113815,1504000
collected_unique,0,23600,100,0.00132385149365291,0.001460603903979063,1510400
collected_unique,0,23700,100,0.001299784539733082,0.0009531716350466013,1516800
collected_unique,0,23800,100,0.0013049080863129347,0.0012357205851003528,1523200
collected_unique,0,23900,100,0.001322215279797092,0.0010707549517974257,1529600
collected_unique,0,24000,100,0.001310309786349535,0.0009869784116744995,1536000
collected_unique,0,24100,100,0.0013470570428762586,0.0010757776908576488,1542400
collected_unique,0,24200,100,0.0013378280855249614,0.0016375419218093157,1548800
collected_unique,0,24300,100,0.0012282847135793417,0.0009501882013864815,1555200
collected_unique,0,24400,100,0.0013885405007749796,0.0014328800607472658,1561600
collected_unique,0,24500,100,0.0013345964415930212,0.001279124990105629,1568000
collected_unique,0,24600,100,0.001362481293035671,0.0012911844532936811,1574400
collected_unique,0,24700,100,0.0013228755933232606,0.001733853598125279,1580800
collected_unique,0,24800,100,0.001339820235152729,0.0011856916826218367,1587200
collected_unique,0,24900,100,0.0012498124846024438,0.0014681060565635562,1593600
collected_unique,0,25000,100,0.0013429115497274324,0.0010791828390210867,1600000
collected_unique,0,25100,100,0.001304069946054369,0.0009047555504366755,1606400
collected_unique,0,25200,100,0.0013760891131823882,0.0016992635792121291,1612800
collected_unique,0,25300,100,0.0012966050254181027,0.0010622646659612656,1619200
collected_unique,0,25400,100,0.0012143353110877796,0.0007263417937792838,1625600
collected_unique,0,25500,100,0.001344786382978782,0.0010490331333130598,1632000
collected_unique,0,25600,100,0.0013104291842319072,0.0009213653393089771,1638400
collected_unique,0,25700,100,0.001249976068502292,0.000977544579654932,1644800
collected_unique,0,25800,100,0.0013339043915038928,0.0009747004369273782,1651200
collected_unique,0,25900,100,0.0013071433780714869,0.0014308257959783077,1657600
collected_unique,0,26000,100,0.0013583499199012294,0.001398660708218813,1664000
collected_unique,0,26100,100,0.0013711585220880806,0.0008743426878936589,1670400
collected_unique,0,26200,100,0.0013605498522520066,0.0011663056211546063,1676800
collected_unique,0,26300,100,0.0012879240018082783,0.002100262325257063,1683200
collected_unique,0,26400,100,0.0013502788421465085,0.0012613005237653852,1689600
collected_unique,0,26500,100,0.001343468232662417,0.0013313201488927007,1696000
collected_unique,0,26600,100,0.0013588533928850666,0.0012877479894086719,1702400
collected_unique,0,26700,100,0.0013280143577139825,0.000992139452137053,1708800
collected_unique,0,26800,100,0.0013203803543001414,0.001345873111858964,1715200
collected_unique,0,26900,100,0.0013785243424354122,0.0011586600448936224,1721600
collected_unique,0,27000,100,0.0013673652190482244,0.0014707989757880569,1728000
collected_unique,0,27100,100,0.0014235022477805614,0.0013479127082973719,1734400
collected_unique,0,27200,100,0.0013243378413608298,0.0009160933550447226,1740800
collected_unique,0,27300,100,0.001392012473079376,0.001445437897928059,1747200
collected_unique,0,27400,100,0.0013008307368727401,0.0013427253579720855,1753600
collected_unique,0,27500,100,0.0014427903777686879,0.0013342908350750804,1760000
collected_unique,0,27600,100,0.0013757162273395807,0.0014322504866868258,1766400
collected_unique,0,27700,100,0.0014199076616205274,0.0012697064084932208,1772800
collected_unique,0,27800,100,0.0013418295368319377,0.0011007302673533559,1779200
collected_unique,0,27900,100,0.0013398013135883958,0.0013531665317714214,1785600
collected_unique,0,28000,100,0.0014257780293701217,0.001682273461483419,1792000
collected_unique,0,28100,100,0.0013339439034461976,0.0014258993323892355,1798400
collected_unique,0,28200,100,0.001296409409842454,0.001715074060484767,1804800
collected_unique,0,28300,100,0.001349404110806063,0.0009641586802899837,1811200
collected_unique,0,28400,100,0.0013514016935369,0.001426522620022297,1817600
collected_unique,0,28500,100,0.0013486626016674563,0.0010165130952373147,1824000
collected_unique,0,28600,100,0.0013181071408325806,0.0011704487260431051,1830400
collected_unique,0,28700,100,0.001347495469963178,0.0009845064487308264,1836800
collected_unique,0,28800,100,0.0013892128737643362,0.0012547275982797146,1843200
collected_unique,0,28900,100,0.0013460776524152607,0.0009035759721882641,1849600
collected_unique,0,29000,100,0.00135100117768161,0.0011424352414906025,1856000
collected_unique,0,29100,100,0.0014222925255307928,0.0014500027755275369,1862400
collected_unique,0,29200,100,0.001455954287084751,0.001838400959968567,1868800
collected_unique,0,29300,100,0.0012891969201155008,0.0010304898023605347,1875200
collected_unique,0,29400,100,0.0013615966209908946,0.0017890548333525658,1881600
collected_unique,0,29500,100,0.0013678067037835716,0.0015596019802615047,1888000
collected_unique,0,29600,100,0.0013714308640919626,0.0016586417332291603,1894400
collected_unique,0,29700,100,0.0013067675830097868,0.0011620777659118176,1900800
collected_unique,0,29800,100,0.00140652310277801,0.001949043245986104,1907200
collected_unique,0,29900,100,0.0013327361358096822,0.0008383741951547563,1913600
collected_unique,0,30000,100,0.0013778913614805788,0.0024528689682483673,1920000
collected_unique,1,100,100,0.013162283203564584,0.022578397765755653,6400
collected_unique,1,200,100,0.010932583587709814,0.016133781522512436,12800
collected_unique,1,300,100,0.00925807349383831,0.007101797964423895,19200
collected_unique,1,400,100,0.008263881905004383,0.0039056355599313974,25600
collected_unique,1,500,100,0.0066494785493705424,0.00984757300466299,32000
collected_unique,1,600,100,0.005548177591990679,0.0057638781145215034,38400
collected_unique,1,700,100,0.004491815944202244,0.004565314389765263,44800
collected_unique,1,800,100,0.00397114651510492,0.005298676900565624,51200
collected_unique,1,900,100,0.003942435445496812,0.004807146266102791,57600
collected_unique,1,1000,100,0.004253057781606912,0.00882808119058609,64000
collected_unique,1,1100,100,0.004566913379821926,0.006921960040926933,70400
collected_unique,1,1200,100,0.005279312061611563,0.0030526448972523212,76800
collected_unique,1,1300,100,0.005522700885776431,0.0049451119266450405,83200
collected_unique,1,1400,100,0.005853435227181763,0.004980757832527161,89600
collected_unique,1,1500,100,0.004795554736629129,0.007695987820625305,96000
collected_unique,1,1600,100,0.00609824895625934,0.0028040569741278887,102400
collected_unique,1,1700,100,0.005193663757527247,0.006589829921722412,108800
collected_unique,1,1800,100,0.005301308904308826,0.005419568158686161,115200
collected_unique,1,1900,100,0.004243294042535126,0.0038265930488705635,121600
collected_unique,1,2000,100,0.0040327438875101505,0.005965428426861763,128000
collected_unique,1,2100,100,0.0034502436232287438,0.0016849496169015765,134400
collected_unique,1,2200,100,0.0031296656699851154,0.0018508376087993383,140800
collected_unique,1,2300,100,0.002576071451185271,0.0012013131054118276,147200
collected_unique,1,2400,100,0.0024785731692099945,0.003446208778768778,153600
collected_unique,1,2500,100,0.002003546598716639,0.0016711016651242971,160000
collected_unique,1,2600,100,0.0017640960722928867,0.001977512612938881,166400
collected_unique,1,2700,100,0.0018367801181739195,0.0014480864629149437,172800
collected_unique,1,2800,100,0.0015274499292718246,0.0009459648281335831,179200
collected_unique,1,2900,100,0.0015177582041360437,0.0011923874262720346,185600
collected_unique,1,3000,100,0.0013854155491571873,0.0012237346963956952,192000
collected_unique,1,3100,100,0.0014839982113335282,0.002041333355009556,198400
collected_unique,1,3200,100,0.0014447833574377,0.0009502020548097789,204800
collected_unique,1,3300,100,0.0014975710964063183,0.0010961848311126232,211200
collected_unique,1,3400,100,0.0014598654897417873,0.001894907676614821,217600
collected_unique,1,3500,100,0.0014272100070957094,0.0027211213018745184,224000
collected_unique,1,3600,100,0.001421439311816357,0.0012966517824679613,230400
collected_unique,1,3700,100,0.0014953324117232113,0.0015974839916452765,236800
collected_unique,1,3800,100,0.001468281380366534,0.0010526570258662105,243200
collected_unique,1,3900,100,0.0015990709728794172,0.00201800256036222,249600
collected_unique,1,4000,100,0.0016890990710817276,0.0013315929099917412,256000
collected_unique,1,4100,100,0.001611230830894783,0.0010980688966810703,262400
collected_unique,1,4200,100,0.001684810165897943,0.0036608895752578974,268800
collected_unique,1,4300,100,0.0017050898657180369,0.0019516306929290295,275200
collected_unique,1,4400,100,0.0014849416248034686,0.0020573302172124386,281600
collected_unique,1,4500,100,0.001678942705038935,0.0014259739546105266,288000
collected_unique,1,4600,100,0.0015768393792677672,0.0011082310229539871,294400
collected_unique,1,4700,100,0.0014931138063548133,0.001728424453176558,300800
collected_unique,1,4800,100,0.0016339085396612062,0.0010902761714532971,307200
collected_unique,1,4900,100,0.0016015093203168363,0.0010477042524144053,313600
collected_unique,1,5000,100,0.0015907377970870585,0.0015860665589571,320000
collected_unique,1,5100,100,0.0014863395964493974,0.0020589898340404034,326400
collected_unique,1,5200,100,0.001522918781847693,0.0018255360191687942,332800
collected_unique,1,5300,100,0.0015057806746335701,0.001445771544240415,339200
collected_unique,1,5400,100,0.0015263568022055552,0.0015008330810815096,345600
collected_unique,1,5500,100,0.0015413987502688542,0.0017909331945702434,352000
collected_unique,1,5600,100,0.0015688743942882865,0.0009760706452652812,358400
collected_unique,1,5700,100,0.0013678210362559184,0.0009873134549707174,364800
collected_unique,1,5800,100,0.0014592956920387223,0.001323214964941144,371200
collected_unique,1,5900,100,0.0015572093537775799,0.0016936425818130374,377600
collected_unique,1,6000,100,0.0014348103641532361,0.0013829582603648305,384000
collected_unique,1,6100,100,0.0015235064411535859,0.001232057111337781,390400
collected_unique,1,6200,100,0.0015923714445671066,0.001297623384743929,396800
collected_unique,1,6300,100,0.0013275667501147837,0.0016747850459069014,403200
collected_unique,1,6400,100,0.0015187879011500627,0.0015550785465165973,409600
collected_unique,1,6500,100,0.00154812601453159,0.001504356972873211,416000
collected_unique,1,6600,100,0.001458707473357208,0.0010302322916686535,422400
collected_unique,1,6700,100,0.001442454564385116,0.0010848023230209947,428800
collected_unique,1,6800,100,0.001363585260696709,0.0010326605988666415,435200
collected_unique,1,6900,100,0.0013922299287514762,0.001717026112601161,441600
collected_unique,1,7000,100,0.0014335905673215166,0.0010159662924706936,448000
collected_unique,1,7100,100,0.0014807657740311697,0.0012487750500440598,454400
collected_unique,1,7200,100,0.0014526280015707015,0.0013798337895423174,460800
collected_unique,1,7300,100,0.0014302450855029746,0.0008538899710401893,467200
collected_unique,1,7400,100,0.001422142498777248,0.0013672804925590754,473600
collected_unique,1,7500,100,0.001450049615232274,0.0013560197548940778,480000
collected_unique,1,7600,100,0.0014844956184970216,0.002053329488262534,486400
collected_unique,1,7700,100,0.001396721869823523,0.0008784836973063648,492800
collected_unique,1,7800,100,0.001538483159383759,0.0012698960490524769,499200
collected_unique,1,7900,100,0.0014762707479530944,0.0013020334299653769,505600
collected_unique,1,8000,100,0.0014745448558824137,0.00230336538515985,512000
collected_unique,1,8100,100,0.0015104702161625027,0.0008886021096259356,518400
collected_unique,1,8200,100,0.0014376953121973202,0.0012374988291412592,524800
collected_unique,1,8300,100,0.0013825605949386954,0.0008706491207703948,531200
collected_unique,1,8400,100,0.0014374643238261342,0.0013482420472428203,537600
collected_unique,1,8500,100,0.0014043750520795584,0.001575814443640411,544000
collected_unique,1,8600,100,0.001394155282760039,0.0014807855477556586,550400
collected_unique,1,8700,100,0.0014245021995157004,0.0011074281064793468,556800
collected_unique,1,8800,100,0.0013513662730110809,0.0009053156827576458,563200
collected_unique,1,8900,100,0.001401233120705001,0.001568504492752254,569600
collected_unique,1,9000,100,0.001388288767193444,0.0015667635016143322,576000
collected_unique,1,9100,100,0.0015120376361301168,0.001644287956878543,582400
collected_unique,1,9200,100,0.0013634026207728312,0.0013704885495826602,588800
collected_unique,1,9300,100,0.0013822823582449928,0.0013054065639153123,595200
collected_unique,1,9400,100,0.0014292618591571226,0.0010261005954816937,601600
collected_unique,1,9500,100,0.0013450491311959923,0.001517492812126875,608000
collected_unique,1,9600,100,0.0013374770042719319,0.0022387749049812555,614400
collected_unique,1,9700,100,0.0012895615614252165,0.0011486851144582033,620800
collected_unique,1,9800,100,0.001316733883577399,0.002112781861796975,627200
collected_unique,1,9900,100,0.0012878931307932363,0.001576861017383635,633600
collected_unique,1,10000,100,0.0012963991588912905,0.002651318907737732,640000
collected_unique,1,10100,100,0.001344681037007831,0.0011572778457775712,646400
collected_unique,1,10200,100,0.001320075010880828,0.0010790948290377855,652800
collected_unique,1,10300,100,0.0012675157497869804,0.0010193324415013194,659200
collected_unique,1,10400,100,0.001203936342499219,0.0010734167881309986,665600
collected_unique,1,10500,100,0.00122661383531522,0.0015685968101024628,672000
collected_unique,1,10600,100,0.0013563606882235036,0.000975283095613122,678400
collected_unique,1,10700,100,0.0012808560818666592,0.001376908621750772,684800
collected_unique,1,10800,100,0.0012899733352242037,0.0009601835627108812,691200
collected_unique,1,10900,100,0.0011918972799321637,0.0013262720312923193,697600
collected_unique,1,11000,100,0.0012618795200251042,0.0016484730876982212,704000
collected_unique,1,11100,100,0.0012701045069843531,0.0009239355567842722,710400
collected_unique,1,11200,100,0.0012751914816908538,0.0016081563662737608,716800
collected_unique,1,11300,100,0.0012741052795900033,0.0010827812366187572,723200
collected_unique,1,11400,100,0.001284754579537548,0.001088979304768145,729600
collected_unique,1,11500,100,0.0012199175456771628,0.0011587110348045826,736000
collected_unique,1,11600,100,0.0011689728463534265,0.0015540577005594969,742400
collected_unique,1,11700,100,0.0012122358341002837,0.000900705752428621,748800
collected_unique,1,11800,100,0.0012870756979100407,0.0008772087749093771,755200
collected_unique,1,11900,100,0.0012282973557012156,0.0011859227670356631,761600
collected_unique,1,12000,100,0.0012280135921901093,0.0007995273917913437,768000
collected_unique,1,12100,100,0.0012752098281634972,0.0012164800427854061,774400
collected_unique,1,12200,100,0.00115564061969053,0.001010166248306632,780800
collected_unique,1,12300,100,0.00122939245775342,0.0015864220913499594,787200
collected_unique,1,12400,100,0.0011716349259950222,0.0017800724599510431,793600
collected_unique,1,12500,100,0.0011661055620061235,0.0009238055208697915,800000
collected_unique,1,12600,100,0.0012561083934269845,0.0007951639709062874,806400
collected_unique,1,12700,100,0.0012064307765103878,0.001203741179779172,812800
collected_unique,1,12800,100,0.0012913312599994243,0.0011314956936985254,819200
collected_unique,1,12900,100,0.0012902672035852447,0.0010772712994366884,825600
collected_unique,1,13000,100,0.0012430522637441755,0.0009527142392471433,832000
collected_unique,1,13100,100,0.001238965417142026,0.0012602576753124595,838400
collected_unique,1,13200,100,0.0012941343436250463,0.0009662597440183163,844800
collected_unique,1,13300,100,0.0013196590775623918,0.0013024682411924005,851200
collected_unique,1,13400,100,0.0012408313242485746,0.0009359348332509398,857600
collected_unique,1,13500,100,0.001160174753749743,0.0008274125284515321,864000
collected_unique,1,13600,100,0.0012169995094882325,0.0009634088492020965,870400
collected_unique,1,13700,100,0.0011723999277455733,0.0009931155946105719,876800
collected_unique,1,13800,100,0.0013070563646033406,0.0012922530295327306,883200
collected_unique,1,13900,100,0.0012260385113768279,0.0011220802552998066,889600
collected_unique,1,14000,100,0.0012048545107245445,0.0012337075313553214,896000
collected_unique,1,14100,100,0.001168808801448904,0.0007905265665613115,902400
collected_unique,1,14200,100,0.001248908614506945,0.0009076661663129926,908800
collected_unique,1,14300,100,0.0012201259413268416,0.0012044450268149376,915200
collected_unique,1,14400,100,0.0012618346413364634,0.0021018392872065306,921600
collected_unique,1,14500,100,0.0012688959302613512,0.0012141591869294643,928000
collected_unique,1,14600,100,0.001231667931424454,0.0012515048729255795,934400
collected_unique,1,14700,100,0.0012360558076761662,0.0012778000673279166,940800
collected_unique,1,14800,100,0.001283662932110019,0.001340025570243597,947200
collected_unique,1,14900,100,0.001233105207211338,0.0009200500207953155,953600
collected_unique,1,15000,100,0.0012164875329472124,0.0009400437702424824,960000
collected_unique,1,15100,100,0.0012427003687480464,0.0010830177925527096,966400
collected_unique,1,15200,100,0.0012093104579253122,0.0008737352909520268,972800
collected_unique,1,15300,100,0.001172017413773574,0.0010337644489482045,979200
collected_unique,1,15400,100,0.0011345845594769343,0.0014577750116586685,985600
collected_unique,1,15500,100,0.0012527531007071957,0.0025357657577842474,992000
collected_unique,1,15600,100,0.0012841820594621822,0.0008999163401313126,998400
collected_unique,1,15700,100,0.0012661659903824328,0.0016078929184004664,1004800
collected_unique,1,15800,100,0.0011859404592541977,0.0009479401633143425,1011200
collected_unique,1,15900,100,0.0012621801596833394,0.0012861352879554033,1017600
collected_unique,1,16000,100,0.0011167734034825117,0.0013697793474420905,1024000
collected_unique,1,16100,100,0.0012404305743984878,0.000705593847669661,1030400
collected_unique,1,16200,100,0.0012068054679548368,0.000793888233602047,1036800
collected_unique,1,16300,100,0.0011685154313454404,0.0010218301322311163,1043200
collected_unique,1,16400,100,0.001129166759783402,0.0012595222797244787,1049600
collected_unique,1,16500,100,0.0011104370735120028,0.0013851493131369352,1056000
collected_unique,1,16600,100,0.0011990982864517718,0.0012040340807288885,1062400
collected_unique,1,16700,100,0.001203863496775739,0.0009931522654369473,1068800
collected_unique,1,16800,100,0.001195622436935082,0.0011346270330250263,1075200
collected_unique,1,16900,100,0.001251530711306259,0.0010177093790844083,1081600
collected_unique,1,17000,100,0.0012009482906432823,0.0014274746645241976,1088000
collected_unique,1,17100,100,0.0012335218384396285,0.0012671505101025105,1094400
collected_unique,1,17200,100,0.001177689271280542,0.001314240973442793,1100800
collected_unique,1,17300,100,0.0012035737949190662,0.0015645710518583655,1107200
collected_unique,1,17400,100,0.0011791416973574087,0.0014362778747454286,1113600
collected_unique,1,17500,100,0.0011563080654013902,0.0011191435623914003,1120000
collected_unique,1,17600,100,0.0012378965865354986,0.0010316976113244891,1126400
collected_unique,1,17700,100,0.001214395529241301,0.001319013419561088,1132800
collected_unique,1,17800,100,0.001354906193446368,0.001692262478172779,1139200
collected_unique,1,17900,100,0.00129458348674234,0.0010654034558683634,1145600
collected_unique,1,18000,100,0.0012351453979499638,0.0010361883323639631,1152000
collected_unique,1,18100,100,0.0011795705644180997,0.0008023729315027595,1158400
collected_unique,1,18200,100,0.0011590780387632548,0.002003461355343461,1164800
collected_unique,1,18300,100,0.0011023744783597066,0.0016383263282477856,1171200
collected_unique,1,18400,100,0.001226584538235329,0.0022265706211328506,1177600
collected_unique,1,18500,100,0.001224435570766218,0.0009307896834798157,1184000
collected_unique,1,18600,100,0.0012004218949005008,0.0012668155832216144,1190400
collected_unique,1,18700,100,0.0012322454492095858,0.001149129238910973,1196800
collected_unique,1,18800,100,0.0011809717380674555,0.0011977944523096085,1203200
collected_unique,1,18900,100,0.0011852558195823803,0.0009108905796892941,1209600
collected_unique,1,19000,100,0.0011401310638757423,0.0010403632186353207,1216000
collected_unique,1,19100,100,0.0011592188687063753,0.0012871387880295515,1222400
collected_unique,1,19200,100,0.0011169066984439268,0.001232038252055645,1228800
collected_unique,1,19300,100,0.0012329058535397053,0.0009428662015125155,1235200
collected_unique,1,19400,100,0.0012715879833558575,0.001491224393248558,1241600
collected_unique,1,19500,100,0.0011866037058643997,0.0009969263337552547,1248000
collected_unique,1,19600,100,0.001143705163267441,0.0017764882650226355,1254400
collected_unique,1,19700,100,0.0010761424133670517,0.0013810221571475267,1260800
collected_unique,1,19800,100,0.0011163470079191028,0.0007000499172136188,1267200
collected_unique,1,19900,100,0.0011167326633585617,0.00110716896597296,1273600
collected_unique,1,20000,100,0.0011224833893356844,0.001421441906131804,1280000
collected_unique,1,20100,100,0.001210682550445199,0.0010355840204283595,1286400
collected_unique,1,20200,100,0.0011486665677512065,0.0007372830295935273,1292800
collected_unique,1,20300,100,0.0011612375976983458,0.0024139885790646076,1299200
collected_unique,1,20400,100,0.001159533520694822,0.0010095967445522547,1305600
collected_unique,1,20500,100,0.0011771736881928518,0.0010082907974720001,1312000
collected_unique,1,20600,100,0.001142676927265711,0.0013505691895261407,1318400
collected_unique,1,20700,100,0.0011498400126583874,0.0011271494440734386,1324800
collected_unique,1,20800,100,0.0011638294998556375,0.0009750603348948061,1331200
collected_unique,1,20900,100,0.001117773872683756,0.0010324032045900822,1337600
collected_unique,1,21000,100,0.001116881813504733,0.0012737010838463902,1344000
collected_unique,1,21100,100,0.0011038853018544613,0.0008741663186810911,1350400
collected_unique,1,21200,100,0.001144749044906348,0.001031557796522975,1356800
collected_unique,1,21300,100,0.0011287147010443732,0.0021604811772704124,1363200
collected_unique,1,21400,100,0.0012398230755934492,0.0009619577322155237,1369600
collected_unique,1,21500,100,0.0013064167142147198,0.0016238896641880274,1376000
collected_unique,1,21600,100,0.0011378668702673167,0.0008596371626481414,1382400
collected_unique,1,21700,100,0.0011734170268755406,0.0010481863282620907,1388800
collected_unique,1,21800,100,0.0011230116285150871,0.0009362752316519618,1395200
collected_unique,1,21900,100,0.0011220071435673162,0.0013901593629270792,1401600
collected_unique,1,22000,100,0.0011593739566160366,0.0012247934937477112,1408000
collected_unique,1,22100,100,0.0010830172919668256,0.0008965270826593041,1414400
collected_unique,1,22200,100,0.001172920817625709,0.0012577457819133997,1420800
collected_unique,1,22300,100,0.0010779262852156535,0.0006923117907717824,1427200
collected_unique,1,22400,100,0.0011171488859690725,0.0008002183167263865,1433600
collected_unique,1,22500,100,0.0011396859784144908,0.0009114116546697915,1440000
collected_unique,1,22600,100,0.0012097817548783496,0.0010440150508657098,1446400
collected_unique,1,22700,100,0.0011310249695088714,0.0017990405904129148,1452800
collected_unique,1,22800,100,0.0011817789514316245,0.0009995356667786837,1459200
collected_unique,1,22900,100,0.0011359765526140109,0.0009540815372020006,1465600
collected_unique,1,23000,100,0.0011566177901113405,0.0009086757781915367,1472000
collected_unique,1,23100,100,0.0011501400772249326,0.0009247574489563704,1478400
collected_unique,1,23200,100,0.0011460310698021203,0.0009999257745221257,1484800
collected_unique,1,23300,100,0.0011523145576938986,0.0008576930267736316,1491200
collected_unique,1,23400,100,0.0011804534430848435,0.0010521202348172665,1497600
collected_unique,1,23500,100,0.0010714836523402483,0.0013721773866564035,1504000
collected_unique,1,23600,100,0.0011253610596759244,0.001399267348460853,1510400
collected_unique,1,23700,100,0.0010750960296718403,0.0011930811451748013,1516800
collected_unique,1,23800,100,0.0011326518305577338,0.00097952492069453,1523200
collected_unique,1,23900,100,0.0011289369460428134,0.0014512015040963888,1529600
collected_unique,1,24000,100,0.0010702274489449337,0.0010868938406929374,1536000
collected_unique,1,24100,100,0.0011013744649244473,0.0008152280934154987,1542400
collected_unique,1,24200,100,0.0012354312790557743,0.0008956916863098741,1548800
collected_unique,1,24300,100,0.0011990546173183247,0.0009364682482555509,1555200
collected_unique,1,24400,100,0.0012678541749482975,0.001137743704020977,1561600
collected_unique,1,24500,100,0.0011954058933770285,0.0014284751377999783,1568000
collected_unique,1,24600,100,0.0011161397106479853,0.0011460216483101249,1574400
collected_unique,1,24700,100,0.0011026548134395852,0.000998983159661293,1580800
collected_unique,1,24800,100,0.0010452269378583877,0.0012360633118078113,1587200
collected_unique,1,24900,100,0.0011305725772399456,0.00098932976834476,1593600
collected_unique,1,25000,100,0.0010943895386299118,0.0011461370158940554,1600000
collected_unique,1,25100,100,0.0011148185859201475,0.0007152512553147972,1606400
collected_unique,1,25200,100,0.0011805643438128754,0.0011076221708208323,1612800
collected_unique,1,25300,100,0.0011676535097649321,0.001247556647285819,1619200
collected_unique,1,25400,100,0.0011776869388995693,0.0013546723639592528,1625600
collected_unique,1,25500,100,0.0010711405373876914,0.0007161858957260847,1632000
collected_unique,1,25600,100,0.0011063528497470543,0.000878910708706826,1638400
collected_unique,1,25700,100,0.0011232478491729125,0.0010754329850897193,1644800
collected_unique,1,25800,100,0.0010661544179311022,0.0014056396903470159,1651200
collected_unique,1,25900,100,0.0011590179556515067,0.0006839244160801172,1657600
collected_unique,1,26000,100,0.0010524303419515491,0.0012833900982514024,1664000
collected_unique,1,26100,100,0.0011012050695717334,0.0009754187194630504,1670400
collected_unique,1,26200,100,0.0011306465743109583,0.001550263143144548,1676800
collected_unique,1,26300,100,0.00103218593809288,0.0007872048299759626,1683200
collected_unique,1,26400,100,0.0011551569006405772,0.0010360307060182095,1689600
collected_unique,1,26500,100,0.0010943573946133255,0.0010387756628915668,1696000
collected_unique,1,26600,100,0.0011583655828144401,0.0010185519931837916,1702400
collected_unique,1,26700,100,0.0012357153132325038,0.0012724746484309435,1708800
collected_unique,1,26800,100,0.0011713741451967507,0.0007388073136098683,1715200
collected_unique,1,26900,100,0.0011145077709807084,0.0009573252173140645,1721600
collected_unique,1,27000,100,0.0010866433996125123,0.0007305396138690412,1728000
collected_unique,1,27100,100,0.0010857233585556969,0.0014559660339727998,1734400
collected_unique,1,27200,100,0.0011223125399556012,0.0013924119994044304,1740800
collected_unique,1,27300,100,0.0012108099122997372,0.0011637459974735975,1747200
collected_unique,1,27400,100,0.0010998368065338582,0.001216512406244874,1753600
collected_unique,1,27500,100,0.0010816516890190541,0.0009839640697464347,1760000
collected_unique,1,27600,100,0.0010774453595513477,0.0008352419245056808,1766400
collected_unique,1,27700,100,0.0010694540769327432,0.0009233548189513385,1772800
collected_unique,1,27800,100,0.0011116692709038033,0.0011504794238135219,1779200
collected_unique,1,27900,100,0.0011702306766528637,0.0009222169173881412,1785600
collected_unique,1,28000,100,0.0011586732912110165,0.001609036698937416,1792000
collected_unique,1,28100,100,0.0010497282911092042,0.000998691888526082,1798400
collected_unique,1,28200,100,0.0010642663785256445,0.001009190920740366,1804800
collected_unique,1,28300,100,0.0010535830451408401,0.001179780112579465,1811200
collected_unique,1,28400,100,0.001132933934859466,0.0014542056014761329,1817600
collected_unique,1,28500,100,0.00108513189421501,0.001075895968824625,1824000
collected_unique,1,28600,100,0.0011379633191972971,0.0008944763685576618,1830400
collected_unique,1,28700,100,0.0011057358101243153,0.0009673784952610731,1836800
collected_unique,1,28800,100,0.0010820313036674634,0.000807152537163347,1843200
collected_unique,1,28900,100,0.0010753587522776798,0.0006866264156997204,1849600
collected_unique,1,29000,100,0.001126006469130516,0.0016158220823854208,1856000
collected_unique,1,29100,100,0.0011795200710184872,0.0011108412872999907,1862400
collected_unique,1,29200,100,0.0011126789078116416,0.0010605404386296868,1868800
collected_unique,1,29300,100,0.0011041716643376276,0.0009529642993584275,1875200
collected_unique,1,29400,100,0.0010296443360857666,0.0022325871977955103,1881600
collected_unique,1,29500,100,0.0011374117992818357,0.0008398368954658508,1888000
collected_unique,1,29600,100,0.0011394150147680192,0.0014605008764192462,1894400
collected_unique,1,29700,100,0.0011275935027515516,0.0010126401903107762,1900800
collected_unique,1,29800,100,0.0010395270824665203,0.0006210008868947625,1907200
collected_unique,1,29900,100,0.001086976031656377,0.001683864975348115,1913600
collected_unique,1,30000,100,0.0011634483258239924,0.0009418836561962962,1920000
collected_unique,2,100,100,0.010484887605998664,0.007633579894900322,6400
collected_unique,2,200,100,0.00881895684346091,0.004101483151316643,12800
collected_unique,2,300,100,0.007697043418884278,0.0035772258415818214,19200
collected_unique,2,400,100,0.00693484746851027,0.0066117048263549805,25600
collected_unique,2,500,100,0.006069912096718326,0.006663591135293245,32000
collected_unique,2,600,100,0.004735968224704266,0.0033835573121905327,38400
collected_unique,2,700,100,0.003932587706949562,0.0021987142972648144,44800
collected_unique,2,800,100,0.004025026145391166,0.004649767652153969,51200
collected_unique,2,900,100,0.003865605366881937,0.0029677110724151134,57600
collected_unique,2,1000,100,0.004509736800100654,0.0023595024831593037,64000
collected_unique,2,1100,100,0.004260436564218253,0.003279410069808364,70400
collected_unique,2,1200,100,0.004603357487358153,0.003290595021098852,76800
collected_unique,2,1300,100,0.005303778764791787,0.004172329790890217,83200
collected_unique,2,1400,100,0.0052185911289416255,0.004956995137035847,89600
collected_unique,2,1500,100,0.004814703688025474,0.01071021519601345,96000
collected_unique,2,1600,100,0.004917691667797044,0.00418652780354023,102400
collected_unique,2,1700,100,0.004461950912373141,0.0063813840970396996,108800
collected_unique,2,1800,100,0.004950265429215506,0.00639489758759737,115200
collected_unique,2,1900,100,0.004022538305725902,0.0016899274196475744,121600
collected_unique,2,2000,100,0.003472253707004711,0.0017977252136915922,128000
collected_unique,2,2100,100,0.003259839037200436,0.00490840058773756,134400
collected_unique,2,2200,100,0.003147087732795626,0.0034438003785908222,140800
collected_unique,2,2300,100,0.0024858582438901065,0.0038469904102385044,147200
collected_unique,2,2400,100,0.00205363453947939,0.0012571730185300112,153600
collected_unique,2,2500,100,0.0018646617943886667,0.0014984798617661,160000
collected_unique,2,2600,100,0.001891843278426677,0.0028022960759699345,166400
collected_unique,2,2700,100,0.0017060750717064366,0.0015388531610369682,172800
collected_unique,2,2800,100,0.0015979450283339248,0.0021296318154782057,179200
collected_unique,2,2900,100,0.0016037980455439538,0.0012891514925286174,185600
collected_unique,2,3000,100,0.0015983867074828594,0.0008153554517775774,192000
collected_unique,2,3100,100,0.0014993924897862597,0.002068555448204279,198400
collected_unique,2,3200,100,0.0015721473656594752,0.0010995916090905666,204800
collected_unique,2,3300,100,0.001560246630688198,0.0012608828255906701,211200
collected_unique,2,3400,100,0.0015160724992165342,0.0011262367479503155,217600
collected_unique,2,3500,100,0.0015268488053698092,0.001790256705135107,224000
collected_unique,2,3600,100,0.0016034689429216087,0.001736226724460721,230400
collected_unique,2,3700,100,0.001703204574296251,0.0015008285408839583,236800
collected_unique,2,3800,100,0.001726106614805758,0.0011613141978159547,243200
collected_unique,2,3900,100,0.0015449083084240556,0.001592605491168797,249600
collected_unique,2,4000,100,0.0018021443474572152,0.0021225090604275465,256000
collected_unique,2,4100,100,0.0017697374627459795,0.0011158689158037305,262400
collected_unique,2,4200,100,0.0015019589004805311,0.001269238069653511,268800
collected_unique,2,4300,100,0.0017539777333149687,0.001084697898477316,275200
collected_unique,2,4400,100,0.0016268380294786767,0.0013591963797807693,281600
collected_unique,2,4500,100,0.0016387038031825795,0.0017548257019370794,288000
collected_unique,2,4600,100,0.0017721440485911444,0.002118973759934306,294400
collected_unique,2,4700,100,0.0015496694587636738,0.001269757398404181,300800
collected_unique,2,4800,100,0.001495730645256117,0.002018189523369074,307200
collected_unique,2,4900,100,0.0016365501115797087,0.0012514758855104446,313600
collected_unique,2,5000,100,0.001601558194961399,0.0017414726316928864,320000
collected_unique,2,5100,100,0.00158199772646185,0.0012689988361671567,326400
collected_unique,2,5200,100,0.001574317254126072,0.0009853383526206017,332800
collected_unique,2,5300,100,0.0016037678200518713,0.0009981684852391481,339200
collected_unique,2,5400,100,0.0014704663807060569,0.0016570022562518716,345600
collected_unique,2,5500,100,0.0015902196691604331,0.0014727796660736203,352000
collected_unique,2,5600,100,0.0016057516657747328,0.0014127505710348487,358400
collected_unique,2,5700,100,0.0016391102323541418,0.0025993739254772663,364800
collected_unique,2,5800,100,0.0016153399477479978,0.0024849013425409794,371200
collected_unique,2,5900,100,0.0016719746845774352,0.0013825881760567427,377600
collected_unique,2,6000,100,0.0015601179737132042,0.0011567616602405906,384000
collected_unique,2,6100,100,0.0014963348611490802,0.0012691032607108355,390400
collected_unique,2,6200,100,0.0015293370292056353,0.0015302394749596715,396800
collected_unique,2,6300,100,0.0016118515387643128,0.0012475778348743916,403200
collected_unique,2,6400,100,0.0014545884443214164,0.0012323156697675586,409600
collected_unique,2,6500,100,0.0015313440666068344,0.0030205498915165663,416000
collected_unique,2,6600,100,0.001555382307851687,0.0010558001231402159,422400
collected_unique,2,6700,100,0.001586169388028793,0.001512861461378634,428800
collected_unique,2,6800,100,0.0014893914829008281,0.001374583225697279,435200
collected_unique,2,6900,100,0.0014513929950771853,0.0015143800992518663,441600
collected_unique,2,7000,100,0.0015115668630460277,0.002242998220026493,448000
collected_unique,2,7100,100,0.0015540890634292736,0.0012148984242230654,454400
collected_unique,2,7200,100,0.0015305502200499176,0.0011569422204047441,460800
collected_unique,2,7300,100,0.001451676400611177,0.0022044507786631584,467200
collected_unique,2,7400,100,0.001425972020952031,0.0014906090218573809,473600
collected_unique,2,7500,100,0.001471963032381609,0.002041351981461048,480000
collected_unique,2,7600,100,0.0015422816545469687,0.0017417541239410639,486400
collected_unique,2,7700,100,0.0014665113715454936,0.0011781249195337296,492800
collected_unique,2,7800,100,0.0014436858048429712,0.0010643771383911371,499200
collected_unique,2,7900,100,0.0014502649439964443,0.0015136853326112032,505600
collected_unique,2,8000,100,0.0014760905830189586,0.0009051961824297905,512000
collected_unique,2,8100,100,0.0015103339025517926,0.001137337414547801,518400
collected_unique,2,8200,100,0.001452426013420336,0.0015456267865374684,524800
collected_unique,2,8300,100,0.001450145269627683,0.0013269130140542984,531200
collected_unique,2,8400,100,0.001511070536216721,0.002329824026674032,537600
collected_unique,2,8500,100,0.0016079857607837766,0.0021352553740143776,544000
collected_unique,2,8600,100,0.0015440540132112802,0.00120069133117795,550400
collected_unique,2,8700,100,0.0013519725622609259,0.001076399115845561,556800
collected_unique,2,8800,100,0.0014319178642472252,0.0013735797256231308,563200
collected_unique,2,8900,100,0.0014672471705125644,0.0019974811002612114,569600
collected_unique,2,9000,100,0.0014122590277111159,0.001503488514572382,576000
collected_unique,2,9100,100,0.0014653708704281598,0.0020821450743824244,582400
collected_unique,2,9200,100,0.0014708915894152597,0.0009873895905911922,588800
collected_unique,2,9300,100,0.0014231266453862191,0.001517216907814145,595200
collected_unique,2,9400,100,0.0014905681583331897,0.0015747189754620194,601600
collected_unique,2,9500,100,0.0014966761972755194,0.0011871788883581758,608000
collected_unique,2,9600,100,0.0015647514874581247,0.0014251030515879393,614400
collected_unique,2,9700,100,0.0015776683704461902,0.0012282493989914656,620800
collected_unique,2,9800,100,0.0015399494196753948,0.0008940191473811865,627200
collected_unique,2,9900,100,0.0014178264827933162,0.0009750114986672997,633600
collected_unique,2,10000,100,0.0014844278921373188,0.0015708028804510832,640000
collected_unique,2,10100,100,0.0013144247146556153,0.0010661494452506304,646400
collected_unique,2,10200,100,0.001328833163715899,0.0013690392952412367,652800
collected_unique,2,10300,100,0.0014118157734628767,0.0012929951772093773,659200
collected_unique,2,10400,100,0.001469559006509371,0.0016254368238151073,665600
collected_unique,2,10500,100,0.0013707603025250137,0.0009863479062914848,672000
collected_unique,2,10600,100,0.001514914082363248,0.0015442336443811655,678400
collected_unique,2,10700,100,0.0013823716720798983,0.001988383010029793,684800
collected_unique,2,10800,100,0.0013706604001345114,0.0012966233771294355,691200
collected_unique,2,10900,100,0.0015058581158518792,0.0010203712154179811,697600
collected_unique,2,11000,100,0.001436465266160667,0.001909893937408924,704000
collected_unique,2,11100,100,0.001494836222846061,0.0016958087217062712,710400
collected_unique,2,11200,100,0.0014470853115199135,0.0013410691171884537,716800
collected_unique,2,11300,100,0.0014827586454339325,0.0012937502469867468,723200
collected_unique,2,11400,100,0.0013985618657898157,0.0018337841611355543,729600
collected_unique,2,11500,100,0.0013381469034356996,0.001007363898679614,736000
collected_unique,2,11600,100,0.0013964178058085963,0.0015207936521619558,742400
collected_unique,2,11700,100,0.001329597372096032,0.0011436518980190158,748800
collected_unique,2,11800,100,0.0013322970824083313,0.0023644501343369484,755200
collected_unique,2,11900,100,0.0014907773124286905,0.0011389357969164848,761600
collected_unique,2,12000,100,0.0014829490025294945,0.0011351213324815035,768000
collected_unique,2,12100,100,0.0013383516884641722,0.0012842187425121665,774400
collected_unique,2,12200,100,0.0014021827711258083,0.0017374635208398104,780800
collected_unique,2,12300,100,0.0013963109429460019,0.001499066362157464,787200
collected_unique,2,12400,100,0.0013573500752681867,0.001136732753366232,793600
collected_unique,2,12500,100,0.0014997701084939763,0.0014147646725177765,800000
collected_unique,2,12600,100,0.0014455112081486732,0.0016821585595607758,806400
collected_unique,2,12700,100,0.0014225168718257919,0.0010650466429069638,812800
collected_unique,2,12800,100,0.0015204293373972178,0.0021603875793516636,819200
collected_unique,2,12900,100,0.0015710937610128894,0.0009757695952430367,825600
collected_unique,2,13000,100,0.0014205707533983514,0.0013389978557825089,832000
collected_unique,2,13100,100,0.0014113339874893428,0.00205559772439301,838400
collected_unique,2,13200,100,0.0014177671167999507,0.0012553748674690723,844800
collected_unique,2,13300,100,0.0013722449244232848,0.0014826348051428795,851200
collected_unique,2,13400,100,0.00139864984608721,0.0024225858505815268,857600
collected_unique,2,13500,100,0.001464602341875434,0.001224712235853076,864000
collected_unique,2,13600,100,0.0013718233117833733,0.0016316272085532546,870400
collected_unique,2,13700,100,0.0013684718677541242,0.001141144661232829,876800
collected_unique,2,13800,100,0.0013043957133777439,0.001044409116730094,883200
collected_unique,2,13900,100,0.0013147466670488939,0.0008982198196463287,889600
collected_unique,2,14000,100,0.0013204356597270816,0.0009545099455863237,896000
collected_unique,2,14100,100,0.0012939844414358958,0.0010510701686143875,902400
collected_unique,2,14200,100,0.0013726327172480523,0.0012633203295990825,908800
collected_unique,2,14300,100,0.0014961873891297728,0.0013774228282272816,915200
collected_unique,2,14400,100,0.0014914288144791499,0.0015725343255326152,921600
collected_unique,2,14500,100,0.0014382073510205372,0.0015350820031017065,928000
collected_unique,2,14600,100,0.001438529019942507,0.0015003710286691785,934400
collected_unique,2,14700,100,0.001493422531057149,0.0013505389215424657,940800
collected_unique,2,14800,100,0.0013914309546817095,0.0014356926549226046,947200
collected_unique,2,14900,100,0.0015008330484852196,0.001789519446901977,953600
collected_unique,2,15000,100,0.0013878022553399205,0.0011154403910040855,960000
collected_unique,2,15100,100,0.0013522873440524564,0.0013959661591798067,966400
collected_unique,2,15200,100,0.0013229848945047707,0.0013245746959000826,972800
collected_unique,2,15300,100,0.0015035669947974385,0.00168499699793756,979200
collected_unique,2,15400,100,0.0014073689485667273,0.0015384997241199017,985600
collected_unique,2,15500,100,0.0013856632949318737,0.002921312814578414,992000
collected_unique,2,15600,100,0.0013704406190663575,0.0014330703997984529,998400
collected_unique,2,15700,100,0.0015060433780308812,0.0018701436929404736,1004800
collected_unique,2,15800,100,0.0014520843734499066,0.0015226913383230567,1011200
collected_unique,2,15900,100,0.001322053922340274,0.0010293391533195972,1017600
collected_unique,2,16000,100,0.001424690896528773,0.0011506492737680674,1024000
collected_unique,2,16100,100,0.0014083048899192364,0.0009307841537520289,1030400
collected_unique,2,16200,100,0.001327327768667601,0.0015826248563826084,1036800
collected_unique,2,16300,100,0.0014296992891468109,0.002673250623047352,1043200
collected_unique,2,16400,100,0.0013604050077265129,0.0010728170163929462,1049600
collected_unique,2,16500,100,0.0013923615030944348,0.0014964245492592454,1056000
collected_unique,2,16600,100,0.0014532479515764862,0.0011309138499200344,1062400
collected_unique,2,16700,100,0.0014001397084211931,0.0014316353481262922,1068800
collected_unique,2,16800,100,0.001444635590305552,0.0011740557383745909,1075200
collected_unique,2,16900,100,0.001396051028277725,0.0014459487283602357,1081600
collected_unique,2,17000,100,0.0014218260947382077,0.001461785868741572,1088000
collected_unique,2,17100,100,0.0013761137542314828,0.0014043269911780953,1094400
collected_unique,2,17200,100,0.001517576132901013,0.0017892406322062016,1100800
collected_unique,2,17300,100,0.0015179924282711,0.0017410904401913285,1107200
collected_unique,2,17400,100,0.0015168659522896632,0.0014355168677866459,1113600
collected_unique,2,17500,100,0.0013876909163082019,0.0017951278714463115,1120000
collected_unique,2,17600,100,0.0014421379001578315,0.0010507148690521717,1126400
collected_unique,2,17700,100,0.0013654580537695437,0.0013961236691102386,1132800
collected_unique,2,17800,100,0.0013627048046328128,0.0013647706946358085,1139200
collected_unique,2,17900,100,0.0014180778432637453,0.001233497867360711,1145600
collected_unique,2,18000,100,0.0013714563293615355,0.0016254964284598827,1152000
collected_unique,2,18100,100,0.00148610484553501,0.0011575744720175862,1158400
collected_unique,2,18200,100,0.0014184428745647893,0.0012837722897529602,1164800
collected_unique,2,18300,100,0.00142554483783897,0.0013917058240622282,1171200
collected_unique,2,18400,100,0.001370252797496505,0.0010242525022476912,1177600
collected_unique,2,18500,100,0.0014740015636198222,0.002145530888810754,1184000
collected_unique,2,18600,100,0.0014483293273951858,0.0016856009606271982,1190400
collected_unique,2,18700,100,0.001409537064610049,0.0015213389415293932,1196800
collected_unique,2,18800,100,0.0014341051736846567,0.0017926102736964822,1203200
collected_unique,2,18900,100,0.0014397204527631401,0.001296892063692212,1209600
collected_unique,2,19000,100,0.0014240169385448097,0.001302976394072175,1216000
collected_unique,2,19100,100,0.0013734568329527973,0.0012872365768998861,1222400
collected_unique,2,19200,100,0.0013697807566495613,0.0012725780252367258,1228800
collected_unique,2,19300,100,0.0013051911699585616,0.0012960219755768776,1235200
collected_unique,2,19400,100,0.0014312135195359587,0.000839517917484045,1241600
collected_unique,2,19500,100,0.0015038800868205726,0.001977172214537859,1248000
collected_unique,2,19600,100,0.0013575240457430482,0.0014869505539536476,1254400
collected_unique,2,19700,100,0.001295111026847735,0.001121665583923459,1260800
collected_unique,2,19800,100,0.0013083042582729832,0.001331676496192813,1267200
collected_unique,2,19900,100,0.0014666353643406182,0.001558539574034512,1273600
collected_unique,2,20000,100,0.001415102724567987,0.0013632280752062798,1280000
collected_unique,2,20100,100,0.0013310119975358248,0.0010604198323562741,1286400
collected_unique,2,20200,100,0.0014414447371382266,0.0014006292913109064,1292800
collected_unique,2,20300,100,0.0013738467002985999,0.0015473866369575262,1299200
collected_unique,2,20400,100,0.0013794227968901395,0.001141368062235415,1305600
collected_unique,2,20500,100,0.001447216358501464,0.0019211345352232456,1312000
collected_unique,2,20600,100,0.0014044682501116767,0.0015594398137181997,1318400
collected_unique,2,20700,100,0.0014820096705807373,0.0022689378820359707,1324800
collected_unique,2,20800,100,0.001371532191406004,0.0012067474890500307,1331200
collected_unique,2,20900,100,0.001444125720881857,0.002014936413615942,1337600
collected_unique,2,21000,100,0.0013337634183699266,0.0008030951721593738,1344000
collected_unique,2,21100,100,0.0014088335039559752,0.0014501424739137292,1350400
collected_unique,2,21200,100,0.0013905732391867787,0.0010797956492751837,1356800
collected_unique,2,21300,100,0.0013691111438674853,0.001667837263084948,1363200
collected_unique,2,21400,100,0.0014577737840590999,0.001574953319504857,1369600
collected_unique,2,21500,100,0.0015152863250114024,0.0015782639384269714,1376000
collected_unique,2,21600,100,0.0013807910069590435,0.0017700734315440059,1382400
collected_unique,2,21700,100,0.0013909409288316965,0.0011028341250494123,1388800
collected_unique,2,21800,100,0.0014341783698182554,0.0015845424495637417,1395200
collected_unique,2,21900,100,0.0014028489612974227,0.001354551874101162,1401600
collected_unique,2,22000,100,0.0014062831329647453,0.001238937140442431,1408000
collected_unique,2,22100,100,0.0014038224919931963,0.001307252561673522,1414400
collected_unique,2,22200,100,0.001311276193591766,0.0009039834840223193,1420800
collected_unique,2,22300,100,0.0013797044241800904,0.0011578004341572523,1427200
collected_unique,2,22400,100,0.0013826379424426705,0.001461573177948594,1433600
collected_unique,2,22500,100,0.0013415060500847175,0.001476133824326098,1440000
collected_unique,2,22600,100,0.0015204005176201463,0.001238289289176464,1446400
collected_unique,2,22700,100,0.0013795950601343066,0.0011817028280347586,1452800
collected_unique,2,22800,100,0.0014549433026695624,0.0009463808964937925,1459200
collected_unique,2,22900,100,0.0014065471611684189,0.0015041375299915671,1465600
collected_unique,2,23000,100,0.0013730960857355967,0.0014379932545125484,1472000
collected_unique,2,23100,100,0.0013751901895739137,0.0014965964946895838,1478400
collected_unique,2,23200,100,0.0013736928108846768,0.0012987368972972035,1484800
collected_unique,2,23300,100,0.0013567529316060244,0.0012001254362985492,1491200
collected_unique,2,23400,100,0.0014532413060078398,0.0009656432666815817,1497600
collected_unique,2,23500,100,0.001498972515692003,0.0012410467024892569,1504000
collected_unique,2,23600,100,0.001437624030513689,0.0012984739150851965,1510400
collected_unique,2,23700,100,0.0013740837888326495,0.0012415752280503511,1516800
collected_unique,2,23800,100,0.0015430569811724125,0.0008704459760338068,1523200
collected_unique,2,23900,100,0.00144913905125577,0.002271713688969612,1529600
collected_unique,2,24000,100,0.001505745912436396,0.0015762962866574526,1536000
collected_unique,2,24100,100,0.0013976344896946102,0.0010694785742089152,1542400
collected_unique,2,24200,100,0.0013957533630309627,0.001217259792611003,1548800
collected_unique,2,24300,100,0.0014344200101913884,0.00117368099745363,1555200
collected_unique,2,24400,100,0.001390330165741034,0.0009718011133372784,1561600
collected_unique,2,24500,100,0.0014899634529137984,0.0010560856899246573,1568000
collected_unique,2,24600,100,0.0014626369363395497,0.0012137987650930882,1574400
collected_unique,2,24700,100,0.0014805193076608703,0.0015995290596038103,1580800
collected_unique,2,24800,100,0.0014613121695583686,0.00231990497559309,1587200
collected_unique,2,24900,100,0.00152461817022413,0.001567147788591683,1593600
collected_unique,2,25000,100,0.0014725552051095291,0.0015117503935471177,1600000
collected_unique,2,25100,100,0.0014979567303089426,0.001489983289502561,1606400
collected_unique,2,25200,100,0.0014030746096977964,0.001836830168031156,1612800
collected_unique,2,25300,100,0.0013917909131851047,0.001209651818498969,1619200
collected_unique,2,25400,100,0.0013503058499190956,0.0007720261928625405,1625600
collected_unique,2,25500,100,0.0012812706304248423,0.0016798467840999365,1632000
collected_unique,2,25600,100,0.0014162645704345778,0.0013290003407746553,1638400
collected_unique,2,25700,100,0.0012829612899804487,0.001190858194604516,1644800
collected_unique,2,25800,100,0.0013315575348678977,0.0009414921514689922,1651200
collected_unique,2,25900,100,0.0014582965237786994,0.0010911519639194012,1657600
collected_unique,2,26000,100,0.0014296856883447618,0.0012563786003738642,1664000
collected_unique,2,26100,100,0.0013865281728794798,0.001172960503026843,1670400
collected_unique,2,26200,100,0.001363918535062112,0.0015438594855368137,1676800
collected_unique,2,26300,100,0.0013253655628068372,0.0009490440716035664,1683200
collected_unique,2,26400,100,0.0013912481197621673,0.0010973741300404072,1689600
collected_unique,2,26500,100,0.0013531349349068479,0.001307675731368363,1696000
collected_unique,2,26600,100,0.001473658782779239,0.0011768079129979014,1702400
collected_unique,2,26700,100,0.0013123912946321071,0.0011596707627177238,1708800
collected_unique,2,26800,100,0.0013826401787810027,0.0014956037048250437,1715200
collected_unique,2,26900,100,0.0013124915608204901,0.00150209479033947,1721600
collected_unique,2,27000,100,0.0013461320276837796,0.0012698184000328183,1728000
collected_unique,2,27100,100,0.0014349625032627955,0.0014406570699065924,1734400
collected_unique,2,27200,100,0.0013695535284932703,0.0014463082188740373,1740800
collected_unique,2,27300,100,0.001366867280448787,0.001493496703915298,1747200
collected_unique,2,27400,100,0.0014005762070883065,0.0009785377187654376,1753600
collected_unique,2,27500,100,0.0013554739771643653,0.0015946681378409266,1760000
collected_unique,2,27600,100,0.001304165941546671,0.001107890740968287,1766400
collected_unique,2,27700,100,0.0013805480790324508,0.0012975410791113973,1772800
collected_unique,2,27800,100,0.0013934800121933222,0.0013070772401988506,1779200
collected_unique,2,27900,100,0.0014204581087687983,0.000875150493811816,1785600
collected_unique,2,28000,100,0.0013819551101187245,0.0011172074591740966,1792000
collected_unique,2,28100,100,0.001413781688315794,0.0007763570174574852,1798400
collected_unique,2,28200,100,0.0014516263757832347,0.0009391162893734872,1804800
collected_unique,2,28300,100,0.0014027536398498342,0.0015783107373863459,1811200
collected_unique,2,28400,100,0.0013137005391763523,0.0009305889252573252,1817600
collected_unique,2,28500,100,0.0014104341313941405,0.0011164885945618153,1824000
collected_unique,2,28600,100,0.0013983051606919616,0.0024722092784941196,1830400
collected_unique,2,28700,100,0.0013776837062323467,0.0011775374878197908,1836800
collected_unique,2,28800,100,0.0014487243012990803,0.00146725052036345,1843200
collected_unique,2,28900,100,0.0013878954213578255,0.0016705910675227642,1849600
collected_unique,2,29000,100,0.001342683185939677,0.0017937396187335253,1856000
collected_unique,2,29100,100,0.0014426692260894923,0.0012066387571394444,1862400
collected_unique,2,29200,100,0.0013206480344524606,0.0011516737286001444,1868800
collected_unique,2,29300,100,0.001383612737408839,0.0011114340741187334,1875200
collected_unique,2,29400,100,0.001378547760541551,0.0012805317528545856,1881600
collected_unique,2,29500,100,0.0014075337280519307,0.001307902974076569,1888000
collected_unique,2,29600,100,0.0013429279229603707,0.0017307428643107414,1894400
collected_unique,2,29700,100,0.0013172860955819488,0.001240001292899251,1900800
collected_unique,2,29800,100,0.0013918475626269356,0.0010283150477334857,1907200
collected_unique,2,29900,100,0.0013440633186837657,0.0021143313497304916,1913600
collected_unique,2,30000,100,0.0014463850331958383,0.00098885886836797,1920000
