condition,seed,checkpoint,updates_in_window,mean_loss,last_loss,training_examples
collected_unique,0,100,100,0.01344623471610248,0.020098982378840446,6400
collected_unique,0,200,100,0.00960810208460316,0.008727879263460636,12800
collected_unique,0,300,100,0.008227602019906044,0.006920092739164829,19200
collected_unique,0,400,100,0.007570246760733426,0.010375912301242352,25600
collected_unique,0,500,100,0.006625916480552405,0.005706466734409332,32000
collected_unique,0,600,100,0.005630797303747386,0.005742186214774847,38400
collected_unique,0,700,100,0.004809592388337478,0.003700029570609331,44800
collected_unique,0,800,100,0.004054378704167903,0.003509378992021084,51200
collected_unique,0,900,100,0.0037125430221203715,0.0037005585618317127,57600
collected_unique,0,1000,100,0.0036007365747354925,0.003243753919377923,64000
collected_unique,0,1100,100,0.003981329703237862,0.003919485490769148,70400
collected_unique,0,1200,100,0.00457243264419958,0.0045674992725253105,76800
collected_unique,0,1300,100,0.005059548066928983,0.004820974078029394,83200
collected_unique,0,1400,100,0.005055780292022974,0.004721515811979771,89600
collected_unique,0,1500,100,0.004871306440327317,0.003172525903210044,96000
collected_unique,0,1600,100,0.005074923180509359,0.00670684315264225,102400
collected_unique,0,1700,100,0.004475117882248014,0.0051576984114944935,108800
collected_unique,0,1800,100,0.004574950938113034,0.0024204545188695192,115200
collected_unique,0,1900,100,0.003977517060702667,0.004395003896206617,121600
collected_unique,0,2000,100,0.003149739356013015,0.0021162303164601326,128000
collected_unique,0,2100,100,0.0031023313745390624,0.001247308449819684,134400
collected_unique,0,2200,100,0.002999723721295595,0.003153393045067787,140800
collected_unique,0,2300,100,0.0024065108713693917,0.004166396800428629,147200
collected_unique,0,2400,100,0.002054633384104818,0.0017426093108952045,153600
collected_unique,0,2500,100,0.0018773892335593701,0.0021236944012343884,160000
collected_unique,0,2600,100,0.0017870189948007464,0.0016528201522305608,166400
collected_unique,0,2700,100,0.0019157713733147829,0.002524326555430889,172800
collected_unique,0,2800,100,0.0016736783384112641,0.001802627113647759,179200
collected_unique,0,2900,100,0.0015254792588530108,0.0014418085338547826,185600
collected_unique,0,3000,100,0.0016399694606661797,0.0018037550617009401,192000
collected_unique,0,3100,100,0.0016241954482393338,0.0012844079174101353,198400
collected_unique,0,3200,100,0.0015657720773015172,0.0010009657125920057,204800
collected_unique,0,3300,100,0.001611742158420384,0.0009212683071382344,211200
collected_unique,0,3400,100,0.0016137650213204325,0.0008517859387211502,217600
collected_unique,0,3500,100,0.001556615093140863,0.0015120443422347307,224000
collected_unique,0,3600,100,0.0017123350087786093,0.001703659538179636,230400
collected_unique,0,3700,100,0.001651940810843371,0.0012862862786278129,236800
collected_unique,0,3800,100,0.0016603111877338962,0.0014409387949854136,243200
collected_unique,0,3900,100,0.0016433298808988183,0.0009241958614438772,249600
collected_unique,0,4000,100,0.0016584237123606726,0.001466619549319148,256000
collected_unique,0,4100,100,0.001670431111124344,0.0017767773242667317,262400
collected_unique,0,4200,100,0.0016058286209590733,0.00115871278103441,268800
collected_unique,0,4300,100,0.0015934649016708135,0.002281203167513013,275200
collected_unique,0,4400,100,0.0017205614113481715,0.0024297989439219236,281600
collected_unique,0,4500,100,0.0018314507242757827,0.0012843167642131448,288000
collected_unique,0,4600,100,0.001694899071007967,0.0017509728204458952,294400
collected_unique,0,4700,100,0.001711666924529709,0.003006604267284274,300800
collected_unique,0,4800,100,0.0016819397744257004,0.00163867580704391,307200
collected_unique,0,4900,100,0.0018002223211806268,0.0017167292535305023,313600
collected_unique,0,5000,100,0.0017706260224804283,0.0012841372517868876,320000
collected_unique,0,5100,100,0.0015986926876939832,0.0015799177344888449,326400
collected_unique,0,5200,100,0.0016839568002615123,0.0014022933319211006,332800
collected_unique,0,5300,100,0.0016453631373587996,0.001660189009271562,339200
collected_unique,0,5400,100,0.001646022920613177,0.0017397261690348387,345600
collected_unique,0,5500,100,0.00151789307303261,0.001921062241308391,352000
collected_unique,0,5600,100,0.0017717878479743376,0.0013352425303310156,358400
collected_unique,0,5700,100,0.0016301136836409569,0.0013632645132020116,364800
collected_unique,0,5800,100,0.001530325417406857,0.0016110106371343136,371200
collected_unique,0,5900,100,0.0014732624002499505,0.00109658925794065,377600
collected_unique,0,6000,100,0.001459208913729526,0.0014840962830930948,384000
collected_unique,0,6100,100,0.001530097869108431,0.0030118506401777267,390400
collected_unique,0,6200,100,0.0014545276074204594,0.0010914774611592293,396800
collected_unique,0,6300,100,0.0015354315424337983,0.0031526205129921436,403200
collected_unique,0,6400,100,0.0016296610282734037,0.0014181900769472122,409600
collected_unique,0,6500,100,0.001558269273955375,0.001637365436181426,416000
collected_unique,0,6600,100,0.0015216514910571276,0.0011880362872034311,422400
collected_unique,0,6700,100,0.0015057390282163397,0.0017189602367579937,428800
collected_unique,0,6800,100,0.0016180369374342264,0.0012431509094312787,435200
collected_unique,0,6900,100,0.0015182718052528799,0.0012703596148639917,441600
collected_unique,0,7000,100,0.0015408579108770937,0.0013943352969363332,448000
collected_unique,0,7100,100,0.0015401876508258283,0.0013410355895757675,454400
collected_unique,0,7200,100,0.0015444546681828797,0.0009897546842694283,460800
collected_unique,0,7300,100,0.001528688400867395,0.0016387016512453556,467200
collected_unique,0,7400,100,0.0015445617865771056,0.001180295366793871,473600
collected_unique,0,7500,100,0.0015737123636063188,0.0010355024132877588,480000
collected_unique,0,7600,100,0.0015008132794173434,0.0014697533333674073,486400
collected_unique,0,7700,100,0.0014365662029013038,0.001047193305566907,492800
collected_unique,0,7800,100,0.0015649478911655024,0.0012808004394173622,499200
collected_unique,0,7900,100,0.0014271064981585368,0.00146058842074126,505600
collected_unique,0,8000,100,0.001499790269881487,0.0011112064821645617,512000
collected_unique,0,8100,100,0.0014364651136565953,0.0011204719776287675,518400
collected_unique,0,8200,100,0.001494690833496861,0.0018497805576771498,524800
collected_unique,0,8300,100,0.001566510400734842,0.0010425709187984467,531200
collected_unique,0,8400,100,0.001521330862888135,0.0009959600865840912,537600
collected_unique,0,8500,100,0.0014672422187868505,0.0012776090297847986,544000
collected_unique,0,8600,100,0.0014850900956662372,0.0012696891790255904,550400
collected_unique,0,8700,100,0.0015883324976311997,0.0021277624182403088,556800
collected_unique,0,8800,100,0.0015301998262293637,0.0029512725304812193,563200
collected_unique,0,8900,100,0.001533207804313861,0.002854118589311838,569600
collected_unique,0,9000,100,0.0013982236356241628,0.0009361122502014041,576000
collected_unique,0,9100,100,0.0014089682273333891,0.0019515936728566885,582400
collected_unique,0,9200,100,0.0014059914427343755,0.001432336401194334,588800
collected_unique,0,9300,100,0.0013766163063701241,0.00116161466576159,595200
collected_unique,0,9400,100,0.0013944798073498533,0.0012153662974014878,601600
collected_unique,0,9500,100,0.0014978071278892457,0.0014559985138475895,608000
collected_unique,0,9600,100,0.0014921782515011728,0.00224704178981483,614400
collected_unique,0,9700,100,0.0013811600039480255,0.0010300197172909975,620800
collected_unique,0,9800,100,0.0013876709021860734,0.001284291036427021,627200
collected_unique,0,9900,100,0.0014925199165008963,0.0012930501252412796,633600
collected_unique,0,10000,100,0.0015550334483850747,0.0011298786848783493,640000
collected_unique,0,10100,100,0.0013845529180252926,0.001294718123972416,646400
collected_unique,0,10200,100,0.0014844470523530618,0.0012150820111855865,652800
collected_unique,0,10300,100,0.0014784541947301477,0.0013462684582918882,659200
collected_unique,0,10400,100,0.001339201286318712,0.0013495096936821938,665600
collected_unique,0,10500,100,0.0014586216193856671,0.0012799121905118227,672000
collected_unique,0,10600,100,0.0014450374169973656,0.0015509759541600943,678400
collected_unique,0,10700,100,0.0014073794818250463,0.000872288306709379,684800
collected_unique,0,10800,100,0.0014136679517105222,0.0014903941191732883,691200
collected_unique,0,10900,100,0.0014294289267854764,0.0011397147318348289,697600
collected_unique,0,11000,100,0.0014101990981725977,0.0018698947969824076,704000
collected_unique,0,11100,100,0.0014679191372124478,0.0012865301687270403,710400
collected_unique,0,11200,100,0.0013850077969254926,0.0013302324805408716,716800
collected_unique,0,11300,100,0.0013867974851746112,0.0018192578572779894,723200
collected_unique,0,11400,100,0.001351108106900938,0.0014430577866733074,729600
collected_unique,0,11500,100,0.0014235576038481668,0.0018983555492013693,736000
collected_unique,0,11600,100,0.0014023442106554285,0.0018039436545222998,742400
collected_unique,0,11700,100,0.0015082759223878383,0.0011545773595571518,748800
collected_unique,0,11800,100,0.0013743066223105415,0.0013625344727188349,755200
collected_unique,0,11900,100,0.001547050122753717,0.0012470049550756812,761600
collected_unique,0,12000,100,0.001319262909819372,0.001915434142574668,768000
collected_unique,0,12100,100,0.0012956362671684473,0.0013423891505226493,774400
collected_unique,0,12200,100,0.0013325081544462592,0.0011718259193003178,780800
collected_unique,0,12300,100,0.0013468840380664914,0.0010784352198243141,787200
collected_unique,0,12400,100,0.0013384018564829602,0.001218387857079506,793600
collected_unique,0,12500,100,0.0014658551319735125,0.0012443775776773691,800000
collected_unique,0,12600,100,0.001502102635568008,0.001333799446001649,806400
collected_unique,0,12700,100,0.001464468383928761,0.0010299121495336294,812800
collected_unique,0,12800,100,0.001457897366490215,0.0015340461395680904,819200
collected_unique,0,12900,100,0.0013888118992326781,0.0009389928309246898,825600
collected_unique,0,13000,100,0.0013392743084114046,0.0016742248553782701,832000
collected_unique,0,13100,100,0.0013850137434201315,0.0013266587629914284,838400
collected_unique,0,13200,100,0.0014903123513795434,0.0019021821208298206,844800
collected_unique,0,13300,100,0.0015216237358981744,0.0021649838890880346,851200
collected_unique,0,13400,100,0.0015242594789015129,0.0011454420164227486,857600
collected_unique,0,13500,100,0.0014226032717851922,0.0016860621981322765,864000
collected_unique,0,13600,100,0.0014618833077838643,0.001651515020057559,870400
collected_unique,0,13700,100,0.0013958498724969104,0.0016372804529964924,876800
collected_unique,0,13800,100,0.0014316109678475185,0.0013345351908355951,883200
collected_unique,0,13900,100,0.0013358912157127633,0.0014859031653031707,889600
collected_unique,0,14000,100,0.0013854141748743131,0.0016411186661571264,896000
collected_unique,0,14100,100,0.001418125237687491,0.0011754840379580855,902400
collected_unique,0,14200,100,0.0013586108497111128,0.0014297342859208584,908800
collected_unique,0,14300,100,0.0012978758569806815,0.0008957903482951224,915200
collected_unique,0,14400,100,0.0013184269098564982,0.001058801426552236,921600
collected_unique,0,14500,100,0.0013258533168118447,0.0010744079481810331,928000
collected_unique,0,14600,100,0.00127417259325739,0.0011266283690929413,934400
collected_unique,0,14700,100,0.0013090035691857337,0.0010164028499275446,940800
collected_unique,0,14800,100,0.001370799345895648,0.0013527630362659693,947200
collected_unique,0,14900,100,0.0014351999579230324,0.0019032831769436598,953600
collected_unique,0,15000,100,0.0014843229739926755,0.0012672406155616045,960000
collected_unique,0,15100,100,0.0014771222666604444,0.0014172547962516546,966400
collected_unique,0,15200,100,0.0013340723264263943,0.0010403476189821959,972800
collected_unique,0,15300,100,0.001357784800347872,0.0012953018303960562,979200
collected_unique,0,15400,100,0.0013462485501077026,0.0013339065480977297,985600
collected_unique,0,15500,100,0.0012540389993228019,0.0010920510394498706,992000
collected_unique,0,15600,100,0.0013009288732428103,0.001517978496849537,998400
collected_unique,0,15700,100,0.0014001228439155966,0.0010868459939956665,1004800
collected_unique,0,15800,100,0.0013225698418682442,0.0017716612201184034,1011200
collected_unique,0,15900,100,0.001334956311620772,0.0016700136475265026,1017600
collected_unique,0,16000,100,0.0013538428471656517,0.001619981718249619,1024000
collected_unique,0,16100,100,0.0012792664702283218,0.0011060094693675637,1030400
collected_unique,0,16200,100,0.0013215313834371045,0.001172678079456091,1036800
collected_unique,0,16300,100,0.0012934828276047483,0.001385251758620143,1043200
collected_unique,0,16400,100,0.0012621096201473848,0.0008280811016447842,1049600
collected_unique,0,16500,100,0.001308211265131831,0.0009706686250865459,1056000
collected_unique,0,16600,100,0.0012647053907858209,0.001285930280573666,1062400
collected_unique,0,16700,100,0.0013076224894030019,0.0008408032590523362,1068800
collected_unique,0,16800,100,0.0013270502036903053,0.0011169540230184793,1075200
collected_unique,0,16900,100,0.0013073062640614808,0.0009810992050915956,1081600
collected_unique,0,17000,100,0.0013828168500913307,0.0009356474038213491,1088000
collected_unique,0,17100,100,0.0012967119680251926,0.0008682007319293916,1094400
collected_unique,0,17200,100,0.0013274300930788741,0.0010756683768704534,1100800
collected_unique,0,17300,100,0.001294992440380156,0.0012114117853343487,1107200
collected_unique,0,17400,100,0.0013804540992714465,0.00169549195561558,1113600
collected_unique,0,17500,100,0.0013809661113191396,0.002377978526055813,1120000
collected_unique,0,17600,100,0.0013194773253053427,0.0011944014113396406,1126400
collected_unique,0,17700,100,0.0014060921920463444,0.0017338839825242758,1132800
collected_unique,0,17800,100,0.0012710073293419554,0.0013230046024546027,1139200
collected_unique,0,17900,100,0.001219158675521612,0.0008549012709408998,1145600
collected_unique,0,18000,100,0.0012859592563472689,0.0009095306741073728,1152000
collected_unique,0,18100,100,0.0013083436770830303,0.0011196474079042673,1158400
collected_unique,0,18200,100,0.0013835092599038036,0.0010930970311164856,1164800
collected_unique,0,18300,100,0.001358132868190296,0.0010598641820251942,1171200
collected_unique,0,18400,100,0.0013675155863165855,0.0007955344626680017,1177600
collected_unique,0,18500,100,0.0012963591661537066,0.0009114581625908613,1184000
collected_unique,0,18600,100,0.0013112519826972858,0.0012461325386539102,1190400
collected_unique,0,18700,100,0.0013328291580546646,0.000852982746437192,1196800
collected_unique,0,18800,100,0.0012903759791515767,0.0011877535143867135,1203200
collected_unique,0,18900,100,0.0012676986848236993,0.0013683182187378407,1209600
collected_unique,0,19000,100,0.0013725872238865122,0.0015671744477003813,1216000
collected_unique,0,19100,100,0.0012117719842353837,0.0011918448144569993,1222400
collected_unique,0,19200,100,0.0013240003568353131,0.0011872414033859968,1228800
collected_unique,0,19300,100,0.0012838530616136267,0.0015516136772930622,1235200
collected_unique,0,19400,100,0.0013031453307485207,0.0011077147210016847,1241600
collected_unique,0,19500,100,0.0013464941934216768,0.0022544546518474817,1248000
collected_unique,0,19600,100,0.0013431019731797277,0.0010763591853901744,1254400
collected_unique,0,19700,100,0.0012782105774385856,0.0008527659229002893,1260800
collected_unique,0,19800,100,0.0012100748624652624,0.0010641887784004211,1267200
collected_unique,0,19900,100,0.0012945277499966323,0.001291822292841971,1273600
collected_unique,0,20000,100,0.0013618917705025524,0.0013481022324413061,1280000
collected_unique,0,20100,100,0.0012902676465455442,0.0008778101182542741,1286400
collected_unique,0,20200,100,0.001422908020322211,0.001195199554786086,1292800
collected_unique,0,20300,100,0.001306311201187782,0.0016320690046995878,1299200
collected_unique,0,20400,100,0.001284963859943673,0.0016276706010103226,1305600
collected_unique,0,20500,100,0.001338647035881877,0.001305106678046286,1312000
collected_unique,0,20600,100,0.001354023455060087,0.001738921506330371,1318400
collected_unique,0,20700,100,0.0012496032321359961,0.0008272898849099874,1324800
collected_unique,0,20800,100,0.0013596744340611622,0.001262345933355391,1331200
collected_unique,0,20900,100,0.0012543736019870267,0.0008934605866670609,1337600
collected_unique,0,21000,100,0.0013372430839808658,0.000797315442468971,1344000
collected_unique,0,21100,100,0.0013350697123678402,0.0008338084444403648,1350400
collected_unique,0,21200,100,0.0014106269809417427,0.0011470451718196273,1356800
collected_unique,0,21300,100,0.0014419471198925749,0.0010418941965326667,1363200
collected_unique,0,21400,100,0.001321653620689176,0.0013024548534303904,1369600
collected_unique,0,21500,100,0.0012433980964124203,0.002432952169328928,1376000
collected_unique,0,21600,100,0.001336095500155352,0.0012527910294011235,1382400
collected_unique,0,21700,100,0.001334411645657383,0.0013477654429152608,1388800
collected_unique,0,21800,100,0.001337729247752577,0.0010103358654305339,1395200
collected_unique,0,21900,100,0.0012522580631775782,0.0012165455846115947,1401600
collected_unique,0,22000,100,0.001314977459842339,0.001201367354951799,1408000
collected_unique,0,22100,100,0.0012957981554791332,0.0013900086050853133,1414400
collected_unique,0,22200,100,0.0014024963829433546,0.0013311444781720638,1420800
collected_unique,0,22300,100,0.001293412375380285,0.0014479958917945623,1427200
collected_unique,0,22400,100,0.001280706588877365,0.000964134291280061,1433600
collected_unique,0,22500,100,0.001214837589650415,0.0022912295535206795,1440000
collected_unique,0,22600,100,0.001266750894137658,0.001646506949327886,1446400
collected_unique,0,22700,100,0.0013058105536038055,0.001259897369891405,1452800
collected_unique,0,22800,100,0.001336847998900339,0.001303253578953445,1459200
collected_unique,0,22900,100,0.0013635887124110013,0.0018074174877256155,1465600
collected_unique,0,23000,100,0.0013286560401320458,0.0014429965522140265,1472000
collected_unique,0,23100,100,0.0013499852863606066,0.0012226349208503962,1478400
collected_unique,0,23200,100,0.0013976368034491315,0.0017863742541521788,1484800
collected_unique,0,23300,100,0.0013219869625754653,0.0017834644531831145,1491200
collected_unique,0,23400,100,0.0013851224508835004,0.0010058342013508081,1497600
collected_unique,0,23500,100,0.0012800474325194956,0.0009917449206113815,1504000
collected_unique,0,23600,100,0.00132385149365291,0.001460603903979063,1510400
collected_unique,0,23700,100,0.001299784539733082,0.0009531716350466013,1516800
collected_unique,0,23800,100,0.0013049080863129347,0.0012357205851003528,1523200
collected_unique,0,23900,100,0.001322215279797092,0.0010707549517974257,1529600
collected_unique,0,24000,100,0.001310309786349535,0.0009869784116744995,1536000
collected_unique,0,24100,100,0.0013470570428762586,0.0010757776908576488,1542400
collected_unique,0,24200,100,0.0013378280855249614,0.0016375419218093157,1548800
collected_unique,0,24300,100,0.0012282847135793417,0.0009501882013864815,1555200
collected_unique,0,24400,100,0.0013885405007749796,0.0014328800607472658,1561600
collected_unique,0,24500,100,0.0013345964415930212,0.001279124990105629,1568000
collected_unique,0,24600,100,0.001362481293035671,0.0012911844532936811,1574400
collected_unique,0,24700,100,0.0013228755933232606,0.001733853598125279,1580800
collected_unique,0,24800,100,0.001339820235152729,0.0011856916826218367,1587200
collected_unique,0,24900,100,0.0012498124846024438,0.0014681060565635562,1593600
collected_unique,0,25000,100,0.0013429115497274324,0.0010791828390210867,1600000
collected_unique,0,25100,100,0.001304069946054369,0.0009047555504366755,1606400
collected_unique,0,25200,100,0.0013760891131823882,0.0016992635792121291,1612800
collected_unique,0,25300,100,0.0012966050254181027,0.0010622646659612656,1619200
collected_unique,0,25400,100,0.0012143353110877796,0.0007263417937792838,1625600
collected_unique,0,25500,100,0.001344786382978782,0.0010490331333130598,1632000
collected_unique,0,25600,100,0.0013104291842319072,0.0009213653393089771,1638400
collected_unique,0,25700,100,0.001249976068502292,0.000977544579654932,1644800
collected_unique,0,25800,100,0.0013339043915038928,0.0009747004369273782,1651200
collected_unique,0,25900,100,0.0013071433780714869,0.0014308257959783077,1657600
collected_unique,0,26000,100,0.0013583499199012294,0.001398660708218813,1664000
collected_unique,0,26100,100,0.0013711585220880806,0.0008743426878936589,1670400
collected_unique,0,26200,100,0.0013605498522520066,0.0011663056211546063,1676800
collected_unique,0,26300,100,0.0012879240018082783,0.002100262325257063,1683200
collected_unique,0,26400,100,0.0013502788421465085,0.0012613005237653852,1689600
collected_unique,0,26500,100,0.001343468232662417,0.0013313201488927007,1696000
collected_unique,0,26600,100,0.0013588533928850666,0.0012877479894086719,1702400
collected_unique,0,26700,100,0.0013280143577139825,0.000992139452137053,1708800
collected_unique,0,26800,100,0.0013203803543001414,0.001345873111858964,1715200
collected_unique,0,26900,100,0.0013785243424354122,0.0011586600448936224,1721600
collected_unique,0,27000,100,0.0013673652190482244,0.0014707989757880569,1728000
collected_unique,0,27100,100,0.0014235022477805614,0.0013479127082973719,1734400
collected_unique,0,27200,100,0.0013243378413608298,0.0009160933550447226,1740800
collected_unique,0,27300,100,0.001392012473079376,0.001445437897928059,1747200
collected_unique,0,27400,100,0.0013008307368727401,0.0013427253579720855,1753600
collected_unique,0,27500,100,0.0014427903777686879,0.0013342908350750804,1760000
collected_unique,0,27600,100,0.0013757162273395807,0.0014322504866868258,1766400
collected_unique,0,27700,100,0.0014199076616205274,0.0012697064084932208,1772800
collected_unique,0,27800,100,0.0013418295368319377,0.0011007302673533559,1779200
collected_unique,0,27900,100,0.0013398013135883958,0.0013531665317714214,1785600
collected_unique,0,28000,100,0.0014257780293701217,0.001682273461483419,1792000
collected_unique,0,28100,100,0.0013339439034461976,0.0014258993323892355,1798400
collected_unique,0,28200,100,0.001296409409842454,0.001715074060484767,1804800
collected_unique,0,28300,100,0.001349404110806063,0.0009641586802899837,1811200
collected_unique,0,28400,100,0.0013514016935369,0.001426522620022297,1817600
collected_unique,0,28500,100,0.0013486626016674563,0.0010165130952373147,1824000
collected_unique,0,28600,100,0.0013181071408325806,0.0011704487260431051,1830400
collected_unique,0,28700,100,0.001347495469963178,0.0009845064487308264,1836800
collected_unique,0,28800,100,0.0013892128737643362,0.0012547275982797146,1843200
collected_unique,0,28900,100,0.0013460776524152607,0.0009035759721882641,1849600
collected_unique,0,29000,100,0.00135100117768161,0.0011424352414906025,1856000
collected_unique,0,29100,100,0.0014222925255307928,0.0014500027755275369,1862400
collected_unique,0,29200,100,0.001455954287084751,0.001838400959968567,1868800
collected_unique,0,29300,100,0.0012891969201155008,0.0010304898023605347,1875200
collected_unique,0,29400,100,0.0013615966209908946,0.0017890548333525658,1881600
collected_unique,0,29500,100,0.0013678067037835716,0.0015596019802615047,1888000
collected_unique,0,29600,100,0.0013714308640919626,0.0016586417332291603,1894400
collected_unique,0,29700,100,0.0013067675830097868,0.0011620777659118176,1900800
collected_unique,0,29800,100,0.00140652310277801,0.001949043245986104,1907200
collected_unique,0,29900,100,0.0013327361358096822,0.0008383741951547563,1913600
collected_unique,0,30000,100,0.0013778913614805788,0.0024528689682483673,1920000
collected_unique,1,100,100,0.013162283203564584,0.022578397765755653,6400
collected_unique,1,200,100,0.010932583587709814,0.016133781522512436,12800
collected_unique,1,300,100,0.00925807349383831,0.007101797964423895,19200
collected_unique,1,400,100,0.008263881905004383,0.0039056355599313974,25600
collected_unique,1,500,100,0.0066494785493705424,0.00984757300466299,32000
collected_unique,1,600,100,0.005548177591990679,0.0057638781145215034,38400
collected_unique,1,700,100,0.004491815944202244,0.004565314389765263,44800
collected_unique,1,800,100,0.00397114651510492,0.005298676900565624,51200
collected_unique,1,900,100,0.003942435445496812,0.004807146266102791,57600
collected_unique,1,1000,100,0.004253057781606912,0.00882808119058609,64000
collected_unique,1,1100,100,0.004566913379821926,0.006921960040926933,70400
collected_unique,1,1200,100,0.005279312061611563,0.0030526448972523212,76800
collected_unique,1,1300,100,0.005522700885776431,0.0049451119266450405,83200
collected_unique,1,1400,100,0.005853435227181763,0.004980757832527161,89600
collected_unique,1,1500,100,0.004795554736629129,0.007695987820625305,96000
collected_unique,1,1600,100,0.00609824895625934,0.0028040569741278887,102400
collected_unique,1,1700,100,0.005193663757527247,0.006589829921722412,108800
collected_unique,1,1800,100,0.005301308904308826,0.005419568158686161,115200
collected_unique,1,1900,100,0.004243294042535126,0.0038265930488705635,121600
collected_unique,1,2000,100,0.0040327438875101505,0.005965428426861763,128000
collected_unique,1,2100,100,0.0034502436232287438,0.0016849496169015765,134400
collected_unique,1,2200,100,0.0031296656699851154,0.0018508376087993383,140800
collected_unique,1,2300,100,0.002576071451185271,0.0012013131054118276,147200
collected_unique,1,2400,100,0.0024785731692099945,0.003446208778768778,153600
collected_unique,1,2500,100,0.002003546598716639,0.0016711016651242971,160000
collected_unique,1,2600,100,0.0017640960722928867,0.001977512612938881,166400
collected_unique,1,2700,100,0.0018367801181739195,0.0014480864629149437,172800
collected_unique,1,2800,100,0.0015274499292718246,0.0009459648281335831,179200
collected_unique,1,2900,100,0.0015177582041360437,0.0011923874262720346,185600
collected_unique,1,3000,100,0.0013854155491571873,0.0012237346963956952,192000
collected_unique,1,3100,100,0.0014839982113335282,0.002041333355009556,198400
collected_unique,1,3200,100,0.0014447833574377,0.0009502020548097789,204800
collected_unique,1,3300,100,0.0014975710964063183,0.0010961848311126232,211200
collected_unique,1,3400,100,0.0014598654897417873,0.001894907676614821,217600
collected_unique,1,3500,100,0.0014272100070957094,0.0027211213018745184,224000
collected_unique,1,3600,100,0.001421439311816357,0.0012966517824679613,230400
collected_unique,1,3700,100,0.0014953324117232113,0.0015974839916452765,236800
collected_unique,1,3800,100,0.001468281380366534,0.0010526570258662105,243200
collected_unique,1,3900,100,0.0015990709728794172,0.00201800256036222,249600
collected_unique,1,4000,100,0.0016890990710817276,0.0013315929099917412,256000
collected_unique,1,4100,100,0.001611230830894783,0.0010980688966810703,262400
collected_unique,1,4200,100,0.001684810165897943,0.0036608895752578974,268800
collected_unique,1,4300,100,0.0017050898657180369,0.0019516306929290295,275200
collected_unique,1,4400,100,0.0014849416248034686,0.0020573302172124386,281600
collected_unique,1,4500,100,0.001678942705038935,0.0014259739546105266,288000
collected_unique,1,4600,100,0.0015768393792677672,0.0011082310229539871,294400
collected_unique,1,4700,100,0.0014931138063548133,0.001728424453176558,300800
collected_unique,1,4800,100,0.0016339085396612062,0.0010902761714532971,307200
collected_unique,1,4900,100,0.0016015093203168363,0.0010477042524144053,313600
collected_unique,1,5000,100,0.0015907377970870585,0.0015860665589571,320000
collected_unique,1,5100,100,0.0014863395964493974,0.0020589898340404034,326400
collected_unique,1,5200,100,0.001522918781847693,0.0018255360191687942,332800
collected_unique,1,5300,100,0.0015057806746335701,0.001445771544240415,339200
collected_unique,1,5400,100,0.0015263568022055552,0.0015008330810815096,345600
collected_unique,1,5500,100,0.0015413987502688542,0.0017909331945702434,352000
collected_unique,1,5600,100,0.0015688743942882865,0.0009760706452652812,358400
collected_unique,1,5700,100,0.0013678210362559184,0.0009873134549707174,364800
collected_unique,1,5800,100,0.0014592956920387223,0.001323214964941144,371200
collected_unique,1,5900,100,0.0015572093537775799,0.0016936425818130374,377600
collected_unique,1,6000,100,0.0014348103641532361,0.0013829582603648305,384000
collected_unique,1,6100,100,0.0015235064411535859,0.001232057111337781,390400
collected_unique,1,6200,100,0.0015923714445671066,0.001297623384743929,396800
collected_unique,1,6300,100,0.0013275667501147837,0.0016747850459069014,403200
collected_unique,1,6400,100,0.0015187879011500627,0.0015550785465165973,409600
collected_unique,1,6500,100,0.00154812601453159,0.001504356972873211,416000
collected_unique,1,6600,100,0.001458707473357208,0.0010302322916686535,422400
collected_unique,1,6700,100,0.001442454564385116,0.0010848023230209947,428800
collected_unique,1,6800,100,0.001363585260696709,0.0010326605988666415,435200
collected_unique,1,6900,100,0.0013922299287514762,0.001717026112601161,441600
collected_unique,1,7000,100,0.0014335905673215166,0.0010159662924706936,448000
collected_unique,1,7100,100,0.0014807657740311697,0.0012487750500440598,454400
collected_unique,1,7200,100,0.0014526280015707015,0.0013798337895423174,460800
collected_unique,1,7300,100,0.0014302450855029746,0.0008538899710401893,467200
collected_unique,1,7400,100,0.001422142498777248,0.0013672804925590754,473600
collected_unique,1,7500,100,0.001450049615232274,0.0013560197548940778,480000
collected_unique,1,7600,100,0.0014844956184970216,0.002053329488262534,486400
collected_unique,1,7700,100,0.001396721869823523,0.0008784836973063648,492800
collected_unique,1,7800,100,0.001538483159383759,0.0012698960490524769,499200
collected_unique,1,7900,100,0.0014762707479530944,0.0013020334299653769,505600
collected_unique,1,8000,100,0.0014745448558824137,0.00230336538515985,512000
collected_unique,1,8100,100,0.0015104702161625027,0.0008886021096259356,518400
collected_unique,1,8200,100,0.0014376953121973202,0.0012374988291412592,524800
collected_unique,1,8300,100,0.0013825605949386954,0.0008706491207703948,531200
collected_unique,1,8400,100,0.0014374643238261342,0.0013482420472428203,537600
collected_unique,1,8500,100,0.0014043750520795584,0.001575814443640411,544000
collected_unique,1,8600,100,0.001394155282760039,0.0014807855477556586,550400
collected_unique,1,8700,100,0.0014245021995157004,0.0011074281064793468,556800
collected_unique,1,8800,100,0.0013513662730110809,0.0009053156827576458,563200
collected_unique,1,8900,100,0.001401233120705001,0.001568504492752254,569600
collected_unique,1,9000,100,0.001388288767193444,0.0015667635016143322,576000
collected_unique,1,9100,100,0.0015120376361301168,0.001644287956878543,582400
collected_unique,1,9200,100,0.0013634026207728312,0.0013704885495826602,588800
collected_unique,1,9300,100,0.0013822823582449928,0.0013054065639153123,595200
collected_unique,1,9400,100,0.0014292618591571226,0.0010261005954816937,601600
collected_unique,1,9500,100,0.0013450491311959923,0.001517492812126875,608000
collected_unique,1,9600,100,0.0013374770042719319,0.0022387749049812555,614400
collected_unique,1,9700,100,0.0012895615614252165,0.0011486851144582033,620800
collected_unique,1,9800,100,0.001316733883577399,0.002112781861796975,627200
collected_unique,1,9900,100,0.0012878931307932363,0.001576861017383635,633600
collected_unique,1,10000,100,0.0012963991588912905,0.002651318907737732,640000
collected_unique,1,10100,100,0.001344681037007831,0.0011572778457775712,646400
collected_unique,1,10200,100,0.001320075010880828,0.0010790948290377855,652800
collected_unique,1,10300,100,0.0012675157497869804,0.0010193324415013194,659200
collected_unique,1,10400,100,0.001203936342499219,0.0010734167881309986,665600
collected_unique,1,10500,100,0.00122661383531522,0.0015685968101024628,672000
collected_unique,1,10600,100,0.0013563606882235036,0.000975283095613122,678400
collected_unique,1,10700,100,0.0012808560818666592,0.001376908621750772,684800
collected_unique,1,10800,100,0.0012899733352242037,0.0009601835627108812,691200
collected_unique,1,10900,100,0.0011918972799321637,0.0013262720312923193,697600
collected_unique,1,11000,100,0.0012618795200251042,0.0016484730876982212,704000
collected_unique,1,11100,100,0.0012701045069843531,0.0009239355567842722,710400
collected_unique,1,11200,100,0.0012751914816908538,0.0016081563662737608,716800
collected_unique,1,11300,100,0.0012741052795900033,0.0010827812366187572,723200
collected_unique,1,11400,100,0.001284754579537548,0.001088979304768145,729600
collected_unique,1,11500,100,0.0012199175456771628,0.0011587110348045826,736000
collected_unique,1,11600,100,0.0011689728463534265,0.0015540577005594969,742400
collected_unique,1,11700,100,0.0012122358341002837,0.000900705752428621,748800
collected_unique,1,11800,100,0.0012870756979100407,0.0008772087749093771,755200
collected_unique,1,11900,100,0.0012282973557012156,0.0011859227670356631,761600
collected_unique,1,12000,100,0.0012280135921901093,0.0007995273917913437,768000
collected_unique,1,12100,100,0.0012752098281634972,0.0012164800427854061,774400
collected_unique,1,12200,100,0.00115564061969053,0.001010166248306632,780800
collected_unique,1,12300,100,0.00122939245775342,0.0015864220913499594,787200
collected_unique,1,12400,100,0.0011716349259950222,0.0017800724599510431,793600
collected_unique,1,12500,100,0.0011661055620061235,0.0009238055208697915,800000
collected_unique,1,12600,100,0.0012561083934269845,0.0007951639709062874,806400
collected_unique,1,12700,100,0.0012064307765103878,0.001203741179779172,812800
collected_unique,1,12800,100,0.0012913312599994243,0.0011314956936985254,819200
collected_unique,1,12900,100,0.0012902672035852447,0.0010772712994366884,825600
collected_unique,1,13000,100,0.0012430522637441755,0.0009527142392471433,832000
collected_unique,1,13100,100,0.001238965417142026,0.0012602576753124595,838400
collected_unique,1,13200,100,0.0012941343436250463,0.0009662597440183163,844800
collected_unique,1,13300,100,0.0013196590775623918,0.0013024682411924005,851200
collected_unique,1,13400,100,0.0012408313242485746,0.0009359348332509398,857600
collected_unique,1,13500,100,0.001160174753749743,0.0008274125284515321,864000
collected_unique,1,13600,100,0.0012169995094882325,0.0009634088492020965,870400
collected_unique,1,13700,100,0.0011723999277455733,0.0009931155946105719,876800
collected_unique,1,13800,100,0.0013070563646033406,0.0012922530295327306,883200
collected_unique,1,13900,100,0.0012260385113768279,0.0011220802552998066,889600
collected_unique,1,14000,100,0.0012048545107245445,0.0012337075313553214,896000
collected_unique,1,14100,100,0.001168808801448904,0.0007905265665613115,902400
collected_unique,1,14200,100,0.001248908614506945,0.0009076661663129926,908800
collected_unique,1,14300,100,0.0012201259413268416,0.0012044450268149376,915200
collected_unique,1,14400,100,0.0012618346413364634,0.0021018392872065306,921600
collected_unique,1,14500,100,0.0012688959302613512,0.0012141591869294643,928000
collected_unique,1,14600,100,0.001231667931424454,0.0012515048729255795,934400
collected_unique,1,14700,100,0.0012360558076761662,0.0012778000673279166,940800
collected_unique,1,14800,100,0.001283662932110019,0.001340025570243597,947200
collected_unique,1,14900,100,0.001233105207211338,0.0009200500207953155,953600
collected_unique,1,15000,100,0.0012164875329472124,0.0009400437702424824,960000
collected_unique,1,15100,100,0.0012427003687480464,0.0010830177925527096,966400
collected_unique,1,15200,100,0.0012093104579253122,0.0008737352909520268,972800
collected_unique,1,15300,100,0.001172017413773574,0.0010337644489482045,979200
collected_unique,1,15400,100,0.0011345845594769343,0.0014577750116586685,985600
collected_unique,1,15500,100,0.0012527531007071957,0.0025357657577842474,992000
collected_unique,1,15600,100,0.0012841820594621822,0.0008999163401313126,998400
collected_unique,1,15700,100,0.0012661659903824328,0.0016078929184004664,1004800
collected_unique,1,15800,100,0.0011859404592541977,0.0009479401633143425,1011200
collected_unique,1,15900,100,0.0012621801596833394,0.0012861352879554033,1017600
collected_unique,1,16000,100,0.0011167734034825117,0.0013697793474420905,1024000
collected_unique,1,16100,100,0.0012404305743984878,0.000705593847669661,1030400
collected_unique,1,16200,100,0.0012068054679548368,0.000793888233602047,1036800
collected_unique,1,16300,100,0.0011685154313454404,0.0010218301322311163,1043200
collected_unique,1,16400,100,0.001129166759783402,0.0012595222797244787,1049600
collected_unique,1,16500,100,0.0011104370735120028,0.0013851493131369352,1056000
collected_unique,1,16600,100,0.0011990982864517718,0.0012040340807288885,1062400
collected_unique,1,16700,100,0.001203863496775739,0.0009931522654369473,1068800
collected_unique,1,16800,100,0.001195622436935082,0.0011346270330250263,1075200
collected_unique,1,16900,100,0.001251530711306259,0.0010177093790844083,1081600
collected_unique,1,17000,100,0.0012009482906432823,0.0014274746645241976,1088000
collected_unique,1,17100,100,0.0012335218384396285,0.0012671505101025105,1094400
collected_unique,1,17200,100,0.001177689271280542,0.001314240973442793,1100800
collected_unique,1,17300,100,0.0012035737949190662,0.0015645710518583655,1107200
collected_unique,1,17400,100,0.0011791416973574087,0.0014362778747454286,1113600
collected_unique,1,17500,100,0.0011563080654013902,0.0011191435623914003,1120000
collected_unique,1,17600,100,0.0012378965865354986,0.0010316976113244891,1126400
collected_unique,1,17700,100,0.001214395529241301,0.001319013419561088,1132800
collected_unique,1,17800,100,0.001354906193446368,0.001692262478172779,1139200
collected_unique,1,17900,100,0.00129458348674234,0.0010654034558683634,1145600
collected_unique,1,18000,100,0.0012351453979499638,0.0010361883323639631,1152000
collected_unique,1,18100,100,0.0011795705644180997,0.0008023729315027595,1158400
collected_unique,1,18200,100,0.0011590780387632548,0.002003461355343461,1164800
collected_unique,1,18300,100,0.0011023744783597066,0.0016383263282477856,1171200
collected_unique,1,18400,100,0.001226584538235329,0.0022265706211328506,1177600
collected_unique,1,18500,100,0.001224435570766218,0.0009307896834798157,1184000
collected_unique,1,18600,100,0.0012004218949005008,0.0012668155832216144,1190400
collected_unique,1,18700,100,0.0012322454492095858,0.001149129238910973,1196800
collected_unique,1,18800,100,0.0011809717380674555,0.0011977944523096085,1203200
collected_unique,1,18900,100,0.0011852558195823803,0.0009108905796892941,1209600
collected_unique,1,19000,100,0.0011401310638757423,0.0010403632186353207,1216000
collected_unique,1,19100,100,0.0011592188687063753,0.0012871387880295515,1222400
collected_unique,1,19200,100,0.0011169066984439268,0.001232038252055645,1228800
collected_unique,1,19300,100,0.0012329058535397053,0.0009428662015125155,1235200
collected_unique,1,19400,100,0.0012715879833558575,0.001491224393248558,1241600
collected_unique,1,19500,100,0.0011866037058643997,0.0009969263337552547,1248000
collected_unique,1,19600,100,0.001143705163267441,0.0017764882650226355,1254400
collected_unique,1,19700,100,0.0010761424133670517,0.0013810221571475267,1260800
collected_unique,1,19800,100,0.0011163470079191028,0.0007000499172136188,1267200
collected_unique,1,19900,100,0.0011167326633585617,0.00110716896597296,1273600
collected_unique,1,20000,100,0.0011224833893356844,0.001421441906131804,1280000
collected_unique,1,20100,100,0.001210682550445199,0.0010355840204283595,1286400
collected_unique,1,20200,100,0.0011486665677512065,0.0007372830295935273,1292800
collected_unique,1,20300,100,0.0011612375976983458,0.0024139885790646076,1299200
collected_unique,1,20400,100,0.001159533520694822,0.0010095967445522547,1305600
collected_unique,1,20500,100,0.0011771736881928518,0.0010082907974720001,1312000
collected_unique,1,20600,100,0.001142676927265711,0.0013505691895261407,1318400
collected_unique,1,20700,100,0.0011498400126583874,0.0011271494440734386,1324800
collected_unique,1,20800,100,0.0011638294998556375,0.0009750603348948061,1331200
collected_unique,1,20900,100,0.001117773872683756,0.0010324032045900822,1337600
collected_unique,1,21000,100,0.001116881813504733,0.0012737010838463902,1344000
collected_unique,1,21100,100,0.0011038853018544613,0.0008741663186810911,1350400
collected_unique,1,21200,100,0.001144749044906348,0.001031557796522975,1356800
collected_unique,1,21300,100,0.0011287147010443732,0.0021604811772704124,1363200
collected_unique,1,21400,100,0.0012398230755934492,0.0009619577322155237,1369600
collected_unique,1,21500,100,0.0013064167142147198,0.0016238896641880274,1376000
collected_unique,1,21600,100,0.0011378668702673167,0.0008596371626481414,1382400
collected_unique,1,21700,100,0.0011734170268755406,0.0010481863282620907,1388800
collected_unique,1,21800,100,0.0011230116285150871,0.0009362752316519618,1395200
collected_unique,1,21900,100,0.0011220071435673162,0.0013901593629270792,1401600
collected_unique,1,22000,100,0.0011593739566160366,0.0012247934937477112,1408000
collected_unique,1,22100,100,0.0010830172919668256,0.0008965270826593041,1414400
collected_unique,1,22200,100,0.001172920817625709,0.0012577457819133997,1420800
collected_unique,1,22300,100,0.0010779262852156535,0.0006923117907717824,1427200
collected_unique,1,22400,100,0.0011171488859690725,0.0008002183167263865,1433600
collected_unique,1,22500,100,0.0011396859784144908,0.0009114116546697915,1440000
collected_unique,1,22600,100,0.0012097817548783496,0.0010440150508657098,1446400
collected_unique,1,22700,100,0.0011310249695088714,0.0017990405904129148,1452800
collected_unique,1,22800,100,0.0011817789514316245,0.0009995356667786837,1459200
collected_unique,1,22900,100,0.0011359765526140109,0.0009540815372020006,1465600
collected_unique,1,23000,100,0.0011566177901113405,0.0009086757781915367,1472000
collected_unique,1,23100,100,0.0011501400772249326,0.0009247574489563704,1478400
collected_unique,1,23200,100,0.0011460310698021203,0.0009999257745221257,1484800
collected_unique,1,23300,100,0.0011523145576938986,0.0008576930267736316,1491200
collected_unique,1,23400,100,0.0011804534430848435,0.0010521202348172665,1497600
collected_unique,1,23500,100,0.0010714836523402483,0.0013721773866564035,1504000
collected_unique,1,23600,100,0.0011253610596759244,0.001399267348460853,1510400
collected_unique,1,23700,100,0.0010750960296718403,0.0011930811451748013,1516800
collected_unique,1,23800,100,0.0011326518305577338,0.00097952492069453,1523200
collected_unique,1,23900,100,0.0011289369460428134,0.0014512015040963888,1529600
collected_unique,1,24000,100,0.0010702274489449337,0.0010868938406929374,1536000
collected_unique,1,24100,100,0.0011013744649244473,0.0008152280934154987,1542400
collected_unique,1,24200,100,0.0012354312790557743,0.0008956916863098741,1548800
collected_unique,1,24300,100,0.0011990546173183247,0.0009364682482555509,1555200
collected_unique,1,24400,100,0.0012678541749482975,0.001137743704020977,1561600
collected_unique,1,24500,100,0.0011954058933770285,0.0014284751377999783,1568000
collected_unique,1,24600,100,0.0011161397106479853,0.0011460216483101249,1574400
collected_unique,1,24700,100,0.0011026548134395852,0.000998983159661293,1580800
collected_unique,1,24800,100,0.0010452269378583877,0.0012360633118078113,1587200
collected_unique,1,24900,100,0.0011305725772399456,0.00098932976834476,1593600
collected_unique,1,25000,100,0.0010943895386299118,0.0011461370158940554,1600000
collected_unique,1,25100,100,0.0011148185859201475,0.0007152512553147972,1606400
collected_unique,1,25200,100,0.0011805643438128754,0.0011076221708208323,1612800
collected_unique,1,25300,100,0.0011676535097649321,0.001247556647285819,1619200
collected_unique,1,25400,100,0.0011776869388995693,0.0013546723639592528,1625600
collected_unique,1,25500,100,0.0010711405373876914,0.0007161858957260847,1632000
collected_unique,1,25600,100,0.0011063528497470543,0.000878910708706826,1638400
collected_unique,1,25700,100,0.0011232478491729125,0.0010754329850897193,1644800
collected_unique,1,25800,100,0.0010661544179311022,0.0014056396903470159,1651200
collected_unique,1,25900,100,0.0011590179556515067,0.0006839244160801172,1657600
collected_unique,1,26000,100,0.0010524303419515491,0.0012833900982514024,1664000
collected_unique,1,26100,100,0.0011012050695717334,0.0009754187194630504,1670400
collected_unique,1,26200,100,0.0011306465743109583,0.001550263143144548,1676800
collected_unique,1,26300,100,0.00103218593809288,0.0007872048299759626,1683200
collected_unique,1,26400,100,0.0011551569006405772,0.0010360307060182095,1689600
collected_unique,1,26500,100,0.0010943573946133255,0.0010387756628915668,1696000
collected_unique,1,26600,100,0.0011583655828144401,0.0010185519931837916,1702400
collected_unique,1,26700,100,0.0012357153132325038,0.0012724746484309435,1708800
collected_unique,1,26800,100,0.0011713741451967507,0.0007388073136098683,1715200
collected_unique,1,26900,100,0.0011145077709807084,0.0009573252173140645,1721600
collected_unique,1,27000,100,0.0010866433996125123,0.0007305396138690412,1728000
collected_unique,1,27100,100,0.0010857233585556969,0.0014559660339727998,1734400
collected_unique,1,27200,100,0.0011223125399556012,0.0013924119994044304,1740800
collected_unique,1,27300,100,0.0012108099122997372,0.0011637459974735975,1747200
collected_unique,1,27400,100,0.0010998368065338582,0.001216512406244874,1753600
collected_unique,1,27500,100,0.0010816516890190541,0.0009839640697464347,1760000
collected_unique,1,27600,100,0.0010774453595513477,0.0008352419245056808,1766400
collected_unique,1,27700,100,0.0010694540769327432,0.0009233548189513385,1772800
collected_unique,1,27800,100,0.0011116692709038033,0.0011504794238135219,1779200
collected_unique,1,27900,100,0.0011702306766528637,0.0009222169173881412,1785600
collected_unique,1,28000,100,0.0011586732912110165,0.001609036698937416,1792000
collected_unique,1,28100,100,0.0010497282911092042,0.000998691888526082,1798400
collected_unique,1,28200,100,0.0010642663785256445,0.001009190920740366,1804800
collected_unique,1,28300,100,0.0010535830451408401,0.001179780112579465,1811200
collected_unique,1,28400,100,0.001132933934859466,0.0014542056014761329,1817600
collected_unique,1,28500,100,0.00108513189421501,0.001075895968824625,1824000
collected_unique,1,28600,100,0.0011379633191972971,0.0008944763685576618,1830400
collected_unique,1,28700,100,0.0011057358101243153,0.0009673784952610731,1836800
collected_unique,1,28800,100,0.0010820313036674634,0.000807152537163347,1843200
collected_unique,1,28900,100,0.0010753587522776798,0.0006866264156997204,1849600
collected_unique,1,29000,100,0.001126006469130516,0.0016158220823854208,1856000
collected_unique,1,29100,100,0.0011795200710184872,0.0011108412872999907,1862400
collected_unique,1,29200,100,0.0011126789078116416,0.0010605404386296868,1868800
collected_unique,1,29300,100,0.0011041716643376276,0.0009529642993584275,1875200
collected_unique,1,29400,100,0.0010296443360857666,0.0022325871977955103,1881600
collected_unique,1,29500,100,0.0011374117992818357,0.0008398368954658508,1888000
collected_unique,1,29600,100,0.0011394150147680192,0.0014605008764192462,1894400
collected_unique,1,29700,100,0.0011275935027515516,0.0010126401903107762,1900800
collected_unique,1,29800,100,0.0010395270824665203,0.0006210008868947625,1907200
collected_unique,1,29900,100,0.001086976031656377,0.001683864975348115,1913600
collected_unique,1,30000,100,0.0011634483258239924,0.0009418836561962962,1920000
collected_unique,2,100,100,0.010484887605998664,0.007633579894900322,6400
collected_unique,2,200,100,0.00881895684346091,0.004101483151316643,12800
collected_unique,2,300,100,0.007697043418884278,0.0035772258415818214,19200
collected_unique,2,400,100,0.00693484746851027,0.0066117048263549805,25600
collected_unique,2,500,100,0.006069912096718326,0.006663591135293245,32000
collected_unique,2,600,100,0.004735968224704266,0.0033835573121905327,38400
collected_unique,2,700,100,0.003932587706949562,0.0021987142972648144,44800
collected_unique,2,800,100,0.004025026145391166,0.004649767652153969,51200
collected_unique,2,900,100,0.003865605366881937,0.0029677110724151134,57600
collected_unique,2,1000,100,0.004509736800100654,0.0023595024831593037,64000
collected_unique,2,1100,100,0.004260436564218253,0.003279410069808364,70400
collected_unique,2,1200,100,0.004603357487358153,0.003290595021098852,76800
collected_unique,2,1300,100,0.005303778764791787,0.004172329790890217,83200
collected_unique,2,1400,100,0.0052185911289416255,0.004956995137035847,89600
collected_unique,2,1500,100,0.004814703688025474,0.01071021519601345,96000
collected_unique,2,1600,100,0.004917691667797044,0.00418652780354023,102400
collected_unique,2,1700,100,0.004461950912373141,0.0063813840970396996,108800
collected_unique,2,1800,100,0.004950265429215506,0.00639489758759737,115200
collected_unique,2,1900,100,0.004022538305725902,0.0016899274196475744,121600
collected_unique,2,2000,100,0.003472253707004711,0.0017977252136915922,128000
collected_unique,2,2100,100,0.003259839037200436,0.00490840058773756,134400
collected_unique,2,2200,100,0.003147087732795626,0.0034438003785908222,140800
collected_unique,2,2300,100,0.0024858582438901065,0.0038469904102385044,147200
collected_unique,2,2400,100,0.00205363453947939,0.0012571730185300112,153600
collected_unique,2,2500,100,0.0018646617943886667,0.0014984798617661,160000
collected_unique,2,2600,100,0.001891843278426677,0.0028022960759699345,166400
collected_unique,2,2700,100,0.0017060750717064366,0.0015388531610369682,172800
collected_unique,2,2800,100,0.0015979450283339248,0.0021296318154782057,179200
collected_unique,2,2900,100,0.0016037980455439538,0.0012891514925286174,185600
collected_unique,2,3000,100,0.0015983867074828594,0.0008153554517775774,192000
collected_unique,2,3100,100,0.0014993924897862597,0.002068555448204279,198400
collected_unique,2,3200,100,0.0015721473656594752,0.0010995916090905666,204800
collected_unique,2,3300,100,0.001560246630688198,0.0012608828255906701,211200
collected_unique,2,3400,100,0.0015160724992165342,0.0011262367479503155,217600
collected_unique,2,3500,100,0.0015268488053698092,0.001790256705135107,224000
collected_unique,2,3600,100,0.0016034689429216087,0.001736226724460721,230400
collected_unique,2,3700,100,0.001703204574296251,0.0015008285408839583,236800
collected_unique,2,3800,100,0.001726106614805758,0.0011613141978159547,243200
collected_unique,2,3900,100,0.0015449083084240556,0.001592605491168797,249600
collected_unique,2,4000,100,0.0018021443474572152,0.0021225090604275465,256000
collected_unique,2,4100,100,0.0017697374627459795,0.0011158689158037305,262400
collected_unique,2,4200,100,0.0015019589004805311,0.001269238069653511,268800
collected_unique,2,4300,100,0.0017539777333149687,0.001084697898477316,275200
collected_unique,2,4400,100,0.0016268380294786767,0.0013591963797807693,281600
collected_unique,2,4500,100,0.0016387038031825795,0.0017548257019370794,288000
collected_unique,2,4600,100,0.0017721440485911444,0.002118973759934306,294400
collected_unique,2,4700,100,0.0015496694587636738,0.001269757398404181,300800
collected_unique,2,4800,100,0.001495730645256117,0.002018189523369074,307200
collected_unique,2,4900,100,0.0016365501115797087,0.0012514758855104446,313600
collected_unique,2,5000,100,0.001601558194961399,0.0017414726316928864,320000
collected_unique,2,5100,100,0.00158199772646185,0.0012689988361671567,326400
collected_unique,2,5200,100,0.001574317254126072,0.0009853383526206017,332800
collected_unique,2,5300,100,0.0016037678200518713,0.0009981684852391481,339200
collected_unique,2,5400,100,0.0014704663807060569,0.0016570022562518716,345600
collected_unique,2,5500,100,0.0015902196691604331,0.0014727796660736203,352000
collected_unique,2,5600,100,0.0016057516657747328,0.0014127505710348487,358400
collected_unique,2,5700,100,0.0016391102323541418,0.0025993739254772663,364800
collected_unique,2,5800,100,0.0016153399477479978,0.0024849013425409794,371200
collected_unique,2,5900,100,0.0016719746845774352,0.0013825881760567427,377600
collected_unique,2,6000,100,0.0015601179737132042,0.0011567616602405906,384000
collected_unique,2,6100,100,0.0014963348611490802,0.0012691032607108355,390400
collected_unique,2,6200,100,0.0015293370292056353,0.0015302394749596715,396800
collected_unique,2,6300,100,0.0016118515387643128,0.0012475778348743916,403200
collected_unique,2,6400,100,0.0014545884443214164,0.0012323156697675586,409600
collected_unique,2,6500,100,0.0015313440666068344,0.0030205498915165663,416000
collected_unique,2,6600,100,0.001555382307851687,0.0010558001231402159,422400
collected_unique,2,6700,100,0.001586169388028793,0.001512861461378634,428800
collected_unique,2,6800,100,0.0014893914829008281,0.001374583225697279,435200
collected_unique,2,6900,100,0.0014513929950771853,0.0015143800992518663,441600
collected_unique,2,7000,100,0.0015115668630460277,0.002242998220026493,448000
collected_unique,2,7100,100,0.0015540890634292736,0.0012148984242230654,454400
collected_unique,2,7200,100,0.0015305502200499176,0.0011569422204047441,460800
collected_unique,2,7300,100,0.001451676400611177,0.0022044507786631584,467200
collected_unique,2,7400,100,0.001425972020952031,0.0014906090218573809,473600
collected_unique,2,7500,100,0.001471963032381609,0.002041351981461048,480000
collected_unique,2,7600,100,0.0015422816545469687,0.0017417541239410639,486400
collected_unique,2,7700,100,0.0014665113715454936,0.0011781249195337296,492800
collected_unique,2,7800,100,0.0014436858048429712,0.0010643771383911371,499200
collected_unique,2,7900,100,0.0014502649439964443,0.0015136853326112032,505600
collected_unique,2,8000,100,0.0014760905830189586,0.0009051961824297905,512000
collected_unique,2,8100,100,0.0015103339025517926,0.001137337414547801,518400
collected_unique,2,8200,100,0.001452426013420336,0.0015456267865374684,524800
collected_unique,2,8300,100,0.001450145269627683,0.0013269130140542984,531200
collected_unique,2,8400,100,0.001511070536216721,0.002329824026674032,537600
collected_unique,2,8500,100,0.0016079857607837766,0.0021352553740143776,544000
collected_unique,2,8600,100,0.0015440540132112802,0.00120069133117795,550400
collected_unique,2,8700,100,0.0013519725622609259,0.001076399115845561,556800
collected_unique,2,8800,100,0.0014319178642472252,0.0013735797256231308,563200
collected_unique,2,8900,100,0.0014672471705125644,0.0019974811002612114,569600
collected_unique,2,9000,100,0.0014122590277111159,0.001503488514572382,576000
collected_unique,2,9100,100,0.0014653708704281598,0.0020821450743824244,582400
collected_unique,2,9200,100,0.0014708915894152597,0.0009873895905911922,588800
collected_unique,2,9300,100,0.0014231266453862191,0.001517216907814145,595200
collected_unique,2,9400,100,0.0014905681583331897,0.0015747189754620194,601600
collected_unique,2,9500,100,0.0014966761972755194,0.0011871788883581758,608000
collected_unique,2,9600,100,0.0015647514874581247,0.0014251030515879393,614400
collected_unique,2,9700,100,0.0015776683704461902,0.0012282493989914656,620800
collected_unique,2,9800,100,0.0015399494196753948,0.0008940191473811865,627200
collected_unique,2,9900,100,0.0014178264827933162,0.0009750114986672997,633600
collected_unique,2,10000,100,0.0014844278921373188,0.0015708028804510832,640000
collected_unique,2,10100,100,0.0013144247146556153,0.0010661494452506304,646400
collected_unique,2,10200,100,0.001328833163715899,0.0013690392952412367,652800
collected_unique,2,10300,100,0.0014118157734628767,0.0012929951772093773,659200
collected_unique,2,10400,100,0.001469559006509371,0.0016254368238151073,665600
collected_unique,2,10500,100,0.0013707603025250137,0.0009863479062914848,672000
collected_unique,2,10600,100,0.001514914082363248,0.0015442336443811655,678400
collected_unique,2,10700,100,0.0013823716720798983,0.001988383010029793,684800
collected_unique,2,10800,100,0.0013706604001345114,0.0012966233771294355,691200
collected_unique,2,10900,100,0.0015058581158518792,0.0010203712154179811,697600
collected_unique,2,11000,100,0.001436465266160667,0.001909893937408924,704000
collected_unique,2,11100,100,0.001494836222846061,0.0016958087217062712,710400
collected_unique,2,11200,100,0.0014470853115199135,0.0013410691171884537,716800
collected_unique,2,11300,100,0.0014827586454339325,0.0012937502469867468,723200
collected_unique,2,11400,100,0.0013985618657898157,0.0018337841611355543,729600
collected_unique,2,11500,100,0.0013381469034356996,0.001007363898679614,736000
collected_unique,2,11600,100,0.0013964178058085963,0.0015207936521619558,742400
collected_unique,2,11700,100,0.001329597372096032,0.0011436518980190158,748800
collected_unique,2,11800,100,0.0013322970824083313,0.0023644501343369484,755200
collected_unique,2,11900,100,0.0014907773124286905,0.0011389357969164848,761600
collected_unique,2,12000,100,0.0014829490025294945,0.0011351213324815035,768000
collected_unique,2,12100,100,0.0013383516884641722,0.0012842187425121665,774400
collected_unique,2,12200,100,0.0014021827711258083,0.0017374635208398104,780800
collected_unique,2,12300,100,0.0013963109429460019,0.001499066362157464,787200
collected_unique,2,12400,100,0.0013573500752681867,0.001136732753366232,793600
collected_unique,2,12500,100,0.0014997701084939763,0.0014147646725177765,800000
collected_unique,2,12600,100,0.0014455112081486732,0.0016821585595607758,806400
collected_unique,2,12700,100,0.0014225168718257919,0.0010650466429069638,812800
collected_unique,2,12800,100,0.0015204293373972178,0.0021603875793516636,819200
collected_unique,2,12900,100,0.0015710937610128894,0.0009757695952430367,825600
collected_unique,2,13000,100,0.0014205707533983514,0.0013389978557825089,832000
collected_unique,2,13100,100,0.0014113339874893428,0.00205559772439301,838400
collected_unique,2,13200,100,0.0014177671167999507,0.0012553748674690723,844800
collected_unique,2,13300,100,0.0013722449244232848,0.0014826348051428795,851200
collected_unique,2,13400,100,0.00139864984608721,0.0024225858505815268,857600
collected_unique,2,13500,100,0.001464602341875434,0.001224712235853076,864000
collected_unique,2,13600,100,0.0013718233117833733,0.0016316272085532546,870400
collected_unique,2,13700,100,0.0013684718677541242,0.001141144661232829,876800
collected_unique,2,13800,100,0.0013043957133777439,0.001044409116730094,883200
collected_unique,2,13900,100,0.0013147466670488939,0.0008982198196463287,889600
collected_unique,2,14000,100,0.0013204356597270816,0.0009545099455863237,896000
collected_unique,2,14100,100,0.0012939844414358958,0.0010510701686143875,902400
collected_unique,2,14200,100,0.0013726327172480523,0.0012633203295990825,908800
collected_unique,2,14300,100,0.0014961873891297728,0.0013774228282272816,915200
collected_unique,2,14400,100,0.0014914288144791499,0.0015725343255326152,921600
collected_unique,2,14500,100,0.0014382073510205372,0.0015350820031017065,928000
collected_unique,2,14600,100,0.001438529019942507,0.0015003710286691785,934400
collected_unique,2,14700,100,0.001493422531057149,0.0013505389215424657,940800
collected_unique,2,14800,100,0.0013914309546817095,0.0014356926549226046,947200
collected_unique,2,14900,100,0.0015008330484852196,0.001789519446901977,953600
collected_unique,2,15000,100,0.0013878022553399205,0.0011154403910040855,960000
collected_unique,2,15100,100,0.0013522873440524564,0.0013959661591798067,966400
collected_unique,2,15200,100,0.0013229848945047707,0.0013245746959000826,972800
collected_unique,2,15300,100,0.0015035669947974385,0.00168499699793756,979200
collected_unique,2,15400,100,0.0014073689485667273,0.0015384997241199017,985600
collected_unique,2,15500,100,0.0013856632949318737,0.002921312814578414,992000
collected_unique,2,15600,100,0.0013704406190663575,0.0014330703997984529,998400
collected_unique,2,15700,100,0.0015060433780308812,0.0018701436929404736,1004800
collected_unique,2,15800,100,0.0014520843734499066,0.0015226913383230567,1011200
collected_unique,2,15900,100,0.001322053922340274,0.0010293391533195972,1017600
collected_unique,2,16000,100,0.001424690896528773,0.0011506492737680674,1024000
collected_unique,2,16100,100,0.0014083048899192364,0.0009307841537520289,1030400
collected_unique,2,16200,100,0.001327327768667601,0.0015826248563826084,1036800
collected_unique,2,16300,100,0.0014296992891468109,0.002673250623047352,1043200
collected_unique,2,16400,100,0.0013604050077265129,0.0010728170163929462,1049600
collected_unique,2,16500,100,0.0013923615030944348,0.0014964245492592454,1056000
collected_unique,2,16600,100,0.0014532479515764862,0.0011309138499200344,1062400
collected_unique,2,16700,100,0.0014001397084211931,0.0014316353481262922,1068800
collected_unique,2,16800,100,0.001444635590305552,0.0011740557383745909,1075200
collected_unique,2,16900,100,0.001396051028277725,0.0014459487283602357,1081600
collected_unique,2,17000,100,0.0014218260947382077,0.001461785868741572,1088000
collected_unique,2,17100,100,0.0013761137542314828,0.0014043269911780953,1094400
collected_unique,2,17200,100,0.001517576132901013,0.0017892406322062016,1100800
collected_unique,2,17300,100,0.0015179924282711,0.0017410904401913285,1107200
collected_unique,2,17400,100,0.0015168659522896632,0.0014355168677866459,1113600
collected_unique,2,17500,100,0.0013876909163082019,0.0017951278714463115,1120000
collected_unique,2,17600,100,0.0014421379001578315,0.0010507148690521717,1126400
collected_unique,2,17700,100,0.0013654580537695437,0.0013961236691102386,1132800
collected_unique,2,17800,100,0.0013627048046328128,0.0013647706946358085,1139200
collected_unique,2,17900,100,0.0014180778432637453,0.001233497867360711,1145600
collected_unique,2,18000,100,0.0013714563293615355,0.0016254964284598827,1152000
collected_unique,2,18100,100,0.00148610484553501,0.0011575744720175862,1158400
collected_unique,2,18200,100,0.0014184428745647893,0.0012837722897529602,1164800
collected_unique,2,18300,100,0.00142554483783897,0.0013917058240622282,1171200
collected_unique,2,18400,100,0.001370252797496505,0.0010242525022476912,1177600
collected_unique,2,18500,100,0.0014740015636198222,0.002145530888810754,1184000
collected_unique,2,18600,100,0.0014483293273951858,0.0016856009606271982,1190400
collected_unique,2,18700,100,0.001409537064610049,0.0015213389415293932,1196800
collected_unique,2,18800,100,0.0014341051736846567,0.0017926102736964822,1203200
collected_unique,2,18900,100,0.0014397204527631401,0.001296892063692212,1209600
collected_unique,2,19000,100,0.0014240169385448097,0.001302976394072175,1216000
collected_unique,2,19100,100,0.0013734568329527973,0.0012872365768998861,1222400
collected_unique,2,19200,100,0.0013697807566495613,0.0012725780252367258,1228800
collected_unique,2,19300,100,0.0013051911699585616,0.0012960219755768776,1235200
collected_unique,2,19400,100,0.0014312135195359587,0.000839517917484045,1241600
collected_unique,2,19500,100,0.0015038800868205726,0.001977172214537859,1248000
collected_unique,2,19600,100,0.0013575240457430482,0.0014869505539536476,1254400
collected_unique,2,19700,100,0.001295111026847735,0.001121665583923459,1260800
collected_unique,2,19800,100,0.0013083042582729832,0.001331676496192813,1267200
collected_unique,2,19900,100,0.0014666353643406182,0.001558539574034512,1273600
collected_unique,2,20000,100,0.001415102724567987,0.0013632280752062798,1280000
collected_unique,2,20100,100,0.0013310119975358248,0.0010604198323562741,1286400
collected_unique,2,20200,100,0.0014414447371382266,0.0014006292913109064,1292800
collected_unique,2,20300,100,0.0013738467002985999,0.0015473866369575262,1299200
collected_unique,2,20400,100,0.0013794227968901395,0.001141368062235415,1305600
collected_unique,2,20500,100,0.001447216358501464,0.0019211345352232456,1312000
collected_unique,2,20600,100,0.0014044682501116767,0.0015594398137181997,1318400
collected_unique,2,20700,100,0.0014820096705807373,0.0022689378820359707,1324800
collected_unique,2,20800,100,0.001371532191406004,0.0012067474890500307,1331200
collected_unique,2,20900,100,0.001444125720881857,0.002014936413615942,1337600
collected_unique,2,21000,100,0.0013337634183699266,0.0008030951721593738,1344000
collected_unique,2,21100,100,0.0014088335039559752,0.0014501424739137292,1350400
collected_unique,2,21200,100,0.0013905732391867787,0.0010797956492751837,1356800
collected_unique,2,21300,100,0.0013691111438674853,0.001667837263084948,1363200
collected_unique,2,21400,100,0.0014577737840590999,0.001574953319504857,1369600
collected_unique,2,21500,100,0.0015152863250114024,0.0015782639384269714,1376000
collected_unique,2,21600,100,0.0013807910069590435,0.0017700734315440059,1382400
collected_unique,2,21700,100,0.0013909409288316965,0.0011028341250494123,1388800
collected_unique,2,21800,100,0.0014341783698182554,0.0015845424495637417,1395200
collected_unique,2,21900,100,0.0014028489612974227,0.001354551874101162,1401600
collected_unique,2,22000,100,0.0014062831329647453,0.001238937140442431,1408000
collected_unique,2,22100,100,0.0014038224919931963,0.001307252561673522,1414400
collected_unique,2,22200,100,0.001311276193591766,0.0009039834840223193,1420800
collected_unique,2,22300,100,0.0013797044241800904,0.0011578004341572523,1427200
collected_unique,2,22400,100,0.0013826379424426705,0.001461573177948594,1433600
collected_unique,2,22500,100,0.0013415060500847175,0.001476133824326098,1440000
collected_unique,2,22600,100,0.0015204005176201463,0.001238289289176464,1446400
collected_unique,2,22700,100,0.0013795950601343066,0.0011817028280347586,1452800
collected_unique,2,22800,100,0.0014549433026695624,0.0009463808964937925,1459200
collected_unique,2,22900,100,0.0014065471611684189,0.0015041375299915671,1465600
collected_unique,2,23000,100,0.0013730960857355967,0.0014379932545125484,1472000
collected_unique,2,23100,100,0.0013751901895739137,0.0014965964946895838,1478400
collected_unique,2,23200,100,0.0013736928108846768,0.0012987368972972035,1484800
collected_unique,2,23300,100,0.0013567529316060244,0.0012001254362985492,1491200
collected_unique,2,23400,100,0.0014532413060078398,0.0009656432666815817,1497600
collected_unique,2,23500,100,0.001498972515692003,0.0012410467024892569,1504000
collected_unique,2,23600,100,0.001437624030513689,0.0012984739150851965,1510400
collected_unique,2,23700,100,0.0013740837888326495,0.0012415752280503511,1516800
collected_unique,2,23800,100,0.0015430569811724125,0.0008704459760338068,1523200
collected_unique,2,23900,100,0.00144913905125577,0.002271713688969612,1529600
collected_unique,2,24000,100,0.001505745912436396,0.0015762962866574526,1536000
collected_unique,2,24100,100,0.0013976344896946102,0.0010694785742089152,1542400
collected_unique,2,24200,100,0.0013957533630309627,0.001217259792611003,1548800
collected_unique,2,24300,100,0.0014344200101913884,0.00117368099745363,1555200
collected_unique,2,24400,100,0.001390330165741034,0.0009718011133372784,1561600
collected_unique,2,24500,100,0.0014899634529137984,0.0010560856899246573,1568000
collected_unique,2,24600,100,0.0014626369363395497,0.0012137987650930882,1574400
collected_unique,2,24700,100,0.0014805193076608703,0.0015995290596038103,1580800
collected_unique,2,24800,100,0.0014613121695583686,0.00231990497559309,1587200
collected_unique,2,24900,100,0.00152461817022413,0.001567147788591683,1593600
collected_unique,2,25000,100,0.0014725552051095291,0.0015117503935471177,1600000
collected_unique,2,25100,100,0.0014979567303089426,0.001489983289502561,1606400
collected_unique,2,25200,100,0.0014030746096977964,0.001836830168031156,1612800
collected_unique,2,25300,100,0.0013917909131851047,0.001209651818498969,1619200
collected_unique,2,25400,100,0.0013503058499190956,0.0007720261928625405,1625600
collected_unique,2,25500,100,0.0012812706304248423,0.0016798467840999365,1632000
collected_unique,2,25600,100,0.0014162645704345778,0.0013290003407746553,1638400
collected_unique,2,25700,100,0.0012829612899804487,0.001190858194604516,1644800
collected_unique,2,25800,100,0.0013315575348678977,0.0009414921514689922,1651200
collected_unique,2,25900,100,0.0014582965237786994,0.0010911519639194012,1657600
collected_unique,2,26000,100,0.0014296856883447618,0.0012563786003738642,1664000
collected_unique,2,26100,100,0.0013865281728794798,0.001172960503026843,1670400
collected_unique,2,26200,100,0.001363918535062112,0.0015438594855368137,1676800
collected_unique,2,26300,100,0.0013253655628068372,0.0009490440716035664,1683200
collected_unique,2,26400,100,0.0013912481197621673,0.0010973741300404072,1689600
collected_unique,2,26500,100,0.0013531349349068479,0.001307675731368363,1696000
collected_unique,2,26600,100,0.001473658782779239,0.0011768079129979014,1702400
collected_unique,2,26700,100,0.0013123912946321071,0.0011596707627177238,1708800
collected_unique,2,26800,100,0.0013826401787810027,0.0014956037048250437,1715200
collected_unique,2,26900,100,0.0013124915608204901,0.00150209479033947,1721600
collected_unique,2,27000,100,0.0013461320276837796,0.0012698184000328183,1728000
collected_unique,2,27100,100,0.0014349625032627955,0.0014406570699065924,1734400
collected_unique,2,27200,100,0.0013695535284932703,0.0014463082188740373,1740800
collected_unique,2,27300,100,0.001366867280448787,0.001493496703915298,1747200
collected_unique,2,27400,100,0.0014005762070883065,0.0009785377187654376,1753600
collected_unique,2,27500,100,0.0013554739771643653,0.0015946681378409266,1760000
collected_unique,2,27600,100,0.001304165941546671,0.001107890740968287,1766400
collected_unique,2,27700,100,0.0013805480790324508,0.0012975410791113973,1772800
collected_unique,2,27800,100,0.0013934800121933222,0.0013070772401988506,1779200
collected_unique,2,27900,100,0.0014204581087687983,0.000875150493811816,1785600
collected_unique,2,28000,100,0.0013819551101187245,0.0011172074591740966,1792000
collected_unique,2,28100,100,0.001413781688315794,0.0007763570174574852,1798400
collected_unique,2,28200,100,0.0014516263757832347,0.0009391162893734872,1804800
collected_unique,2,28300,100,0.0014027536398498342,0.0015783107373863459,1811200
collected_unique,2,28400,100,0.0013137005391763523,0.0009305889252573252,1817600
collected_unique,2,28500,100,0.0014104341313941405,0.0011164885945618153,1824000
collected_unique,2,28600,100,0.0013983051606919616,0.0024722092784941196,1830400
collected_unique,2,28700,100,0.0013776837062323467,0.0011775374878197908,1836800
collected_unique,2,28800,100,0.0014487243012990803,0.00146725052036345,1843200
collected_unique,2,28900,100,0.0013878954213578255,0.0016705910675227642,1849600
collected_unique,2,29000,100,0.001342683185939677,0.0017937396187335253,1856000
collected_unique,2,29100,100,0.0014426692260894923,0.0012066387571394444,1862400
collected_unique,2,29200,100,0.0013206480344524606,0.0011516737286001444,1868800
collected_unique,2,29300,100,0.001383612737408839,0.0011114340741187334,1875200
collected_unique,2,29400,100,0.001378547760541551,0.0012805317528545856,1881600
collected_unique,2,29500,100,0.0014075337280519307,0.001307902974076569,1888000
collected_unique,2,29600,100,0.0013429279229603707,0.0017307428643107414,1894400
collected_unique,2,29700,100,0.0013172860955819488,0.001240001292899251,1900800
collected_unique,2,29800,100,0.0013918475626269356,0.0010283150477334857,1907200
collected_unique,2,29900,100,0.0013440633186837657,0.0021143313497304916,1913600
collected_unique,2,30000,100,0.0014463850331958383,0.00098885886836797,1920000
uniform_subset,0,100,100,0.020391473108902575,0.028435885906219482,6400
uniform_subset,0,200,100,0.015260145477950572,0.022616390138864517,12800
uniform_subset,0,300,100,0.01414268922060728,0.01691615581512451,19200
uniform_subset,0,400,100,0.01194969258736819,0.00982722919434309,25600
uniform_subset,0,500,100,0.008607355360873044,0.009301256388425827,32000
uniform_subset,0,600,100,0.006477328115142882,0.007376983296126127,38400
uniform_subset,0,700,100,0.00552158819977194,0.005488445516675711,44800
uniform_subset,0,800,100,0.005522107782308012,0.00383817870169878,51200
uniform_subset,0,900,100,0.005687224471475929,0.004642226733267307,57600
uniform_subset,0,1000,100,0.006320927822962404,0.006978362798690796,64000
uniform_subset,0,1100,100,0.006001350195147097,0.004851639736443758,70400
uniform_subset,0,1200,100,0.006361620791722089,0.005449096672236919,76800
uniform_subset,0,1300,100,0.00677917163586244,0.005278364755213261,83200
uniform_subset,0,1400,100,0.006373111992143094,0.004722587764263153,89600
uniform_subset,0,1500,100,0.006301731906132773,0.0021121071185916662,96000
uniform_subset,0,1600,100,0.005724083395907655,0.0036940150894224644,102400
uniform_subset,0,1700,100,0.005011142828734592,0.003153824480250478,108800
uniform_subset,0,1800,100,0.005738232216099277,0.006039807572960854,115200
uniform_subset,0,1900,100,0.004366123485378921,0.008442379534244537,121600
uniform_subset,0,2000,100,0.0038394388381857423,0.002843027701601386,128000
uniform_subset,0,2100,100,0.003700437641236931,0.001425527734681964,134400
uniform_subset,0,2200,100,0.0029016521782614293,0.0020262296311557293,140800
uniform_subset,0,2300,100,0.0029068873496726154,0.0025054062716662884,147200
uniform_subset,0,2400,100,0.0022890340618323536,0.0023239159490913153,153600
uniform_subset,0,2500,100,0.0020623555115889757,0.0025621948298066854,160000
uniform_subset,0,2600,100,0.0017161421669879928,0.0010065862443298101,166400
uniform_subset,0,2700,100,0.0017399459076113998,0.001026688376441598,172800
uniform_subset,0,2800,100,0.0016342538315802812,0.0015645232051610947,179200
uniform_subset,0,2900,100,0.00180842075671535,0.0010528374696150422,185600
uniform_subset,0,3000,100,0.0017151364008896053,0.0018080591689795256,192000
uniform_subset,0,3100,100,0.00175268592487555,0.0009994709398597479,198400
uniform_subset,0,3200,100,0.0017371729318983852,0.0016685512382537127,204800
uniform_subset,0,3300,100,0.0017945390514796599,0.0018255040049552917,211200
uniform_subset,0,3400,100,0.0019063329161144794,0.0035408977419137955,217600
uniform_subset,0,3500,100,0.0017505474400240928,0.00120228948071599,224000
uniform_subset,0,3600,100,0.0018264722276944668,0.0018198149045929313,230400
uniform_subset,0,3700,100,0.0018716535530984401,0.0012415236560627818,236800
uniform_subset,0,3800,100,0.0018954262998886406,0.0018318754155188799,243200
uniform_subset,0,3900,100,0.0019888029037974774,0.0017101276898756623,249600
uniform_subset,0,4000,100,0.0018912720575463026,0.0016772308154031634,256000
uniform_subset,0,4100,100,0.002060812565032393,0.0023868544958531857,262400
uniform_subset,0,4200,100,0.0020884423272218553,0.0027180577162653208,268800
uniform_subset,0,4300,100,0.0018896743655204772,0.0021682768128812313,275200
uniform_subset,0,4400,100,0.0019416832394199446,0.0025653282646089792,281600
uniform_subset,0,4500,100,0.002027249849634245,0.0031312592327594757,288000
uniform_subset,0,4600,100,0.0020000184513628482,0.0019385438645258546,294400
uniform_subset,0,4700,100,0.0019176276976941152,0.0033947306219488382,300800
uniform_subset,0,4800,100,0.0018681887502316385,0.002479517599567771,307200
uniform_subset,0,4900,100,0.0019133486680220813,0.001250209752470255,313600
uniform_subset,0,5000,100,0.0018159044592175632,0.001552993431687355,320000
uniform_subset,0,5100,100,0.0018252196069806813,0.0018858597613871098,326400
uniform_subset,0,5200,100,0.0019142262177774684,0.0023207715712487698,332800
uniform_subset,0,5300,100,0.0018731762195238844,0.0015878027770668268,339200
uniform_subset,0,5400,100,0.0018939309497363866,0.0017353445291519165,345600
uniform_subset,0,5500,100,0.001746091956156306,0.001406423980370164,352000
uniform_subset,0,5600,100,0.0017505380796501414,0.0013732389779761434,358400
uniform_subset,0,5700,100,0.0018630867276806385,0.0015717633068561554,364800
uniform_subset,0,5800,100,0.0019126868608873337,0.0015156292356550694,371200
uniform_subset,0,5900,100,0.0019269700534641743,0.001177784288302064,377600
uniform_subset,0,6000,100,0.001882596454815939,0.0017810029676184058,384000
uniform_subset,0,6100,100,0.001772659084526822,0.0016280546551570296,390400
uniform_subset,0,6200,100,0.0018319012684514745,0.0015385263832286,396800
uniform_subset,0,6300,100,0.0018924138159491122,0.0011692419648170471,403200
uniform_subset,0,6400,100,0.0017161417653551326,0.0018273353343829513,409600
uniform_subset,0,6500,100,0.0018276220362167805,0.0028477413579821587,416000
uniform_subset,0,6600,100,0.0018637975445017219,0.002508726203814149,422400
uniform_subset,0,6700,100,0.0018422599008772523,0.002594504039734602,428800
uniform_subset,0,6800,100,0.0016707583295647054,0.0014832366723567247,435200
uniform_subset,0,6900,100,0.00174383538949769,0.001083733863197267,441600
uniform_subset,0,7000,100,0.001694726034766063,0.0020397156476974487,448000
uniform_subset,0,7100,100,0.0017567890282953159,0.0015421988209709525,454400
uniform_subset,0,7200,100,0.0018187401938484981,0.003231956157833338,460800
uniform_subset,0,7300,100,0.0018302622844930739,0.0021548373624682426,467200
uniform_subset,0,7400,100,0.0017298011772800238,0.0038644946180284023,473600
uniform_subset,0,7500,100,0.0017150263860821724,0.0010033327853307128,480000
uniform_subset,0,7600,100,0.001736665671924129,0.001000537653453648,486400
uniform_subset,0,7700,100,0.0017725905776023864,0.0014865280827507377,492800
uniform_subset,0,7800,100,0.0018021083308849483,0.0013895296724513173,499200
uniform_subset,0,7900,100,0.0016432212811196222,0.001645686337724328,505600
uniform_subset,0,8000,100,0.0017278308246750384,0.001850578933954239,512000
uniform_subset,0,8100,100,0.0016912747157039121,0.001224095351062715,518400
uniform_subset,0,8200,100,0.0017872842802898958,0.0015984034398570657,524800
uniform_subset,0,8300,100,0.0018060507311020047,0.001477301586419344,531200
uniform_subset,0,8400,100,0.0017643709405092522,0.00146040681283921,537600
uniform_subset,0,8500,100,0.0017333506315480919,0.0019915704615414143,544000
uniform_subset,0,8600,100,0.0017670616396935656,0.001513437950052321,550400
uniform_subset,0,8700,100,0.001863566495012492,0.0022038950119167566,556800
uniform_subset,0,8800,100,0.0017320108937565236,0.0026317378506064415,563200
uniform_subset,0,8900,100,0.0016005559090990574,0.0012399816187098622,569600
uniform_subset,0,9000,100,0.001697193454601802,0.001930687460117042,576000
uniform_subset,0,9100,100,0.0017711193900322541,0.0011429381556808949,582400
uniform_subset,0,9200,100,0.0016582236991962418,0.0020334464497864246,588800
uniform_subset,0,9300,100,0.001845487235696055,0.0018922655144706368,595200
uniform_subset,0,9400,100,0.0018493699777172878,0.0010597921209409833,601600
uniform_subset,0,9500,100,0.0016786859784042464,0.0012260517105460167,608000
uniform_subset,0,9600,100,0.0016167404293082653,0.0016765985637903214,614400
uniform_subset,0,9700,100,0.0017263012420153246,0.0013866345398128033,620800
uniform_subset,0,9800,100,0.0017919529404025526,0.0013788677752017975,627200
uniform_subset,0,9900,100,0.00170459236134775,0.0014059386448934674,633600
uniform_subset,0,10000,100,0.001655169014702551,0.0017933016642928123,640000
uniform_subset,0,10100,100,0.0016063018213026226,0.0016745580360293388,646400
uniform_subset,0,10200,100,0.001745837137568742,0.0023761724587529898,652800
uniform_subset,0,10300,100,0.0016081390291219576,0.0015542625915259123,659200
uniform_subset,0,10400,100,0.0016143767168978228,0.001225911546498537,665600
uniform_subset,0,10500,100,0.0016362102568382398,0.0009667236590757966,672000
uniform_subset,0,10600,100,0.0016115717234788463,0.0009770672768354416,678400
uniform_subset,0,10700,100,0.0016108787065604701,0.00101901323068887,684800
uniform_subset,0,10800,100,0.0014900563593255355,0.002116380725055933,691200
uniform_subset,0,10900,100,0.0014886331924935804,0.001763641252182424,697600
uniform_subset,0,11000,100,0.0015507739706663414,0.0019549939315766096,704000
uniform_subset,0,11100,100,0.0016311515390407293,0.0009747605654411018,710400
uniform_subset,0,11200,100,0.0015651070076273753,0.0014174201060086489,716800
uniform_subset,0,11300,100,0.0015797296445816756,0.0014873081818223,723200
uniform_subset,0,11400,100,0.0015969348844373599,0.0016277697868645191,729600
uniform_subset,0,11500,100,0.0016035752405878156,0.0009697349742054939,736000
uniform_subset,0,11600,100,0.0014716589316958561,0.001333501422777772,742400
uniform_subset,0,11700,100,0.0015994110418250784,0.0016097801271826029,748800
uniform_subset,0,11800,100,0.0015501348330872133,0.001564622507430613,755200
uniform_subset,0,11900,100,0.0015666522103128955,0.002033062744885683,761600
uniform_subset,0,12000,100,0.0015125767252175137,0.002320394152775407,768000
uniform_subset,0,12100,100,0.0016145277791656553,0.0014180679572746158,774400
uniform_subset,0,12200,100,0.0015655268396949395,0.0013781493762508035,780800
uniform_subset,0,12300,100,0.0015388306276872753,0.0009014025563374162,787200
uniform_subset,0,12400,100,0.0015631678042700515,0.001951114390976727,793600
uniform_subset,0,12500,100,0.0016149731061886996,0.0012946890201419592,800000
uniform_subset,0,12600,100,0.0015062413725536316,0.001402148511260748,806400
uniform_subset,0,12700,100,0.0015035530098248273,0.0014790084678679705,812800
uniform_subset,0,12800,100,0.0015096330252708868,0.0016603360418230295,819200
uniform_subset,0,12900,100,0.0014892419194802642,0.0009764721617102623,825600
uniform_subset,0,13000,100,0.0015331974852597341,0.001480898354202509,832000
uniform_subset,0,13100,100,0.0015341050137067213,0.002026232425123453,838400
uniform_subset,0,13200,100,0.001511115133180283,0.00097911455668509,844800
uniform_subset,0,13300,100,0.0015441030042711646,0.002123845275491476,851200
uniform_subset,0,13400,100,0.00155998294823803,0.0013200524263083935,857600
uniform_subset,0,13500,100,0.0016098567796871065,0.0030265881214290857,864000
uniform_subset,0,13600,100,0.0016408772650174798,0.002580014057457447,870400
uniform_subset,0,13700,100,0.001580184565973468,0.001972251571714878,876800
uniform_subset,0,13800,100,0.0015888490132056176,0.0017017647624015808,883200
uniform_subset,0,13900,100,0.0014748743548989296,0.0011663305340334773,889600
uniform_subset,0,14000,100,0.0015676055033691228,0.002233997220173478,896000
uniform_subset,0,14100,100,0.0015574744017794729,0.0016495496965944767,902400
uniform_subset,0,14200,100,0.001413957928889431,0.0012532852124422789,908800
uniform_subset,0,14300,100,0.0015022493281867356,0.0013469526311382651,915200
uniform_subset,0,14400,100,0.0015669421310303732,0.0012073698453605175,921600
uniform_subset,0,14500,100,0.001528515062527731,0.0009812470525503159,928000
uniform_subset,0,14600,100,0.0015958695951849222,0.0014215892879292369,934400
uniform_subset,0,14700,100,0.0015294073225231841,0.0017043347470462322,940800
uniform_subset,0,14800,100,0.0015087453240994364,0.0027426774613559246,947200
uniform_subset,0,14900,100,0.0015460378892021254,0.0015115761198103428,953600
uniform_subset,0,15000,100,0.0015182989340974018,0.0011620612349361181,960000
uniform_subset,0,15100,100,0.0016094389313366265,0.0013570301234722137,966400
uniform_subset,0,15200,100,0.0015845163923222572,0.0013669650070369244,972800
uniform_subset,0,15300,100,0.001502795476699248,0.0014321819180622697,979200
uniform_subset,0,15400,100,0.001413283371948637,0.0014570847852155566,985600
uniform_subset,0,15500,100,0.0015989461477147414,0.0018997115548700094,992000
uniform_subset,0,15600,100,0.001477799197891727,0.0013539071660488844,998400
uniform_subset,0,15700,100,0.001476780217490159,0.001783485640771687,1004800
uniform_subset,0,15800,100,0.0015921651147073135,0.0013468270190060139,1011200
uniform_subset,0,15900,100,0.0016347807366400957,0.0016440619947388768,1017600
uniform_subset,0,16000,100,0.0014744522352702915,0.0014957820530980825,1024000
uniform_subset,0,16100,100,0.0015518717595841736,0.0015001868596300483,1030400
uniform_subset,0,16200,100,0.0016172993811778725,0.0012052825186401606,1036800
uniform_subset,0,16300,100,0.0014041233697207644,0.001189003698527813,1043200
uniform_subset,0,16400,100,0.0015259776584571228,0.001126359449699521,1049600
uniform_subset,0,16500,100,0.001504553098930046,0.002014070749282837,1056000
uniform_subset,0,16600,100,0.0016834091459168121,0.002084515057504177,1062400
uniform_subset,0,16700,100,0.001412240856443532,0.0014186855405569077,1068800
uniform_subset,0,16800,100,0.001442135832621716,0.0014322816859930754,1075200
uniform_subset,0,16900,100,0.0014791490335483103,0.0010786911007016897,1081600
uniform_subset,0,17000,100,0.0016521048708818852,0.0016185842687264085,1088000
uniform_subset,0,17100,100,0.0016038422682322561,0.0013351795496419072,1094400
uniform_subset,0,17200,100,0.0014859079889720306,0.0014059760142117739,1100800
uniform_subset,0,17300,100,0.0014708261849591508,0.000790863879956305,1107200
uniform_subset,0,17400,100,0.001471439732122235,0.0025118193589150906,1113600
uniform_subset,0,17500,100,0.0013924298086203635,0.0009104759665206075,1120000
uniform_subset,0,17600,100,0.0014312721911119298,0.0012760580284520984,1126400
uniform_subset,0,17700,100,0.0014789576840121299,0.0017150184139609337,1132800
uniform_subset,0,17800,100,0.0014908232196466998,0.0008900687098503113,1139200
uniform_subset,0,17900,100,0.0014051482372451573,0.0014929526951164007,1145600
uniform_subset,0,18000,100,0.0014632645837264135,0.001315502217039466,1152000
uniform_subset,0,18100,100,0.0015419420378748327,0.0013133110478520393,1158400
uniform_subset,0,18200,100,0.001493336334824562,0.001257999800145626,1164800
uniform_subset,0,18300,100,0.0014662996731931344,0.0010316346306353807,1171200
uniform_subset,0,18400,100,0.001515161733259447,0.002064073458313942,1177600
uniform_subset,0,18500,100,0.0015330865647410973,0.0015454970998689532,1184000
uniform_subset,0,18600,100,0.001489576937747188,0.0016767090419307351,1190400
uniform_subset,0,18700,100,0.0015149503335123882,0.0011937725357711315,1196800
uniform_subset,0,18800,100,0.0014596469409298152,0.001283231656998396,1203200
uniform_subset,0,18900,100,0.0014339930302230642,0.0012024547904729843,1209600
uniform_subset,0,19000,100,0.0014549850166076794,0.0020561895798891783,1216000
uniform_subset,0,19100,100,0.001432073445757851,0.0014946104492992163,1222400
uniform_subset,0,19200,100,0.0014849371509626508,0.001262651989236474,1228800
uniform_subset,0,19300,100,0.0015289183234563097,0.0018938304856419563,1235200
uniform_subset,0,19400,100,0.0013993696874240414,0.0014216689160093665,1241600
uniform_subset,0,19500,100,0.0014059590717079118,0.0008038899395614862,1248000
uniform_subset,0,19600,100,0.0014243223739322274,0.000908518850337714,1254400
uniform_subset,0,19700,100,0.0014575014216825367,0.0014974881196394563,1260800
uniform_subset,0,19800,100,0.0014570402691606432,0.0013559843646362424,1267200
uniform_subset,0,19900,100,0.0014775693800766021,0.0011939313262701035,1273600
uniform_subset,0,20000,100,0.001424476559041068,0.0013978988863527775,1280000
uniform_subset,0,20100,100,0.0014736008684849366,0.0012535274727270007,1286400
uniform_subset,0,20200,100,0.0014792804047465324,0.0009241618681699038,1292800
uniform_subset,0,20300,100,0.001585998076479882,0.0016525676473975182,1299200
uniform_subset,0,20400,100,0.0015365072240820154,0.0010101126972585917,1305600
uniform_subset,0,20500,100,0.0014877683942904696,0.0011257535079494119,1312000
uniform_subset,0,20600,100,0.0014101553533691913,0.0010919098276644945,1318400
uniform_subset,0,20700,100,0.0013042976701399312,0.001711189979687333,1324800
uniform_subset,0,20800,100,0.0014170534344157203,0.0014213917311280966,1331200
uniform_subset,0,20900,100,0.001355303605669178,0.0015259070787578821,1337600
uniform_subset,0,21000,100,0.001418352264445275,0.0015148117672652006,1344000
uniform_subset,0,21100,100,0.0014623145083896816,0.0009597978205420077,1350400
uniform_subset,0,21200,100,0.001439019514946267,0.001618528156541288,1356800
uniform_subset,0,21300,100,0.0014116657862905412,0.0013895684387534857,1363200
uniform_subset,0,21400,100,0.0015253739251056685,0.0014074216596782207,1369600
uniform_subset,0,21500,100,0.0015587545349262655,0.0014756473246961832,1376000
uniform_subset,0,21600,100,0.00145536579657346,0.0012559662573039532,1382400
uniform_subset,0,21700,100,0.0013725929794600232,0.0013705071760341525,1388800
uniform_subset,0,21800,100,0.0014003896253416315,0.0015089040389284492,1395200
uniform_subset,0,21900,100,0.0014213785534957423,0.0022988654673099518,1401600
uniform_subset,0,22000,100,0.0013916980364592746,0.0015511347446590662,1408000
uniform_subset,0,22100,100,0.0014101927063893526,0.002437096554785967,1414400
uniform_subset,0,22200,100,0.0012948927370598539,0.001264587976038456,1420800
uniform_subset,0,22300,100,0.0014856926823267713,0.0010744663886725903,1427200
uniform_subset,0,22400,100,0.0015355152683332563,0.0015654049348086119,1433600
uniform_subset,0,22500,100,0.0014491875446401537,0.0013866620138287544,1440000
uniform_subset,0,22600,100,0.001382328174659051,0.0015771398320794106,1446400
uniform_subset,0,22700,100,0.0014697293099015952,0.0015973426634445786,1452800
uniform_subset,0,22800,100,0.001478489975561388,0.0017460235394537449,1459200
uniform_subset,0,22900,100,0.001449950264650397,0.0015480630099773407,1465600
uniform_subset,0,23000,100,0.0014357163920067251,0.0013474184088408947,1472000
uniform_subset,0,23100,100,0.0014381423918530345,0.0010376462014392018,1478400
uniform_subset,0,23200,100,0.0014241065050009639,0.0012709615984931588,1484800
uniform_subset,0,23300,100,0.00135465721716173,0.00115515838842839,1491200
uniform_subset,0,23400,100,0.0014191041456069796,0.001521765487268567,1497600
uniform_subset,0,23500,100,0.0013585940434131772,0.001290446030907333,1504000
uniform_subset,0,23600,100,0.001397401025169529,0.0019562197849154472,1510400
uniform_subset,0,23700,100,0.0012941988999955357,0.0018151102121919394,1516800
uniform_subset,0,23800,100,0.0014536013710312544,0.0019018466118723154,1523200
uniform_subset,0,23900,100,0.0014286316640209407,0.0018136268481612206,1529600
uniform_subset,0,24000,100,0.001333998802001588,0.0009020458091981709,1536000
uniform_subset,0,24100,100,0.0013699403387727215,0.0014816132606938481,1542400
uniform_subset,0,24200,100,0.0014304898772388697,0.0013095949543640018,1548800
uniform_subset,0,24300,100,0.0014560293225804343,0.002061240840703249,1555200
uniform_subset,0,24400,100,0.001508425620268099,0.0026615539100021124,1561600
uniform_subset,0,24500,100,0.0014294587809126824,0.0023361877538263798,1568000
uniform_subset,0,24600,100,0.001385849018697627,0.0012904985342174768,1574400
uniform_subset,0,24700,100,0.0013114245340693743,0.00091064308071509,1580800
uniform_subset,0,24800,100,0.0013142677210271358,0.0012776596704497933,1587200
uniform_subset,0,24900,100,0.0014133286161813884,0.0021310262382030487,1593600
uniform_subset,0,25000,100,0.0012471175089012832,0.0007428253884427249,1600000
uniform_subset,0,25100,100,0.0013981124764541164,0.001674214843660593,1606400
uniform_subset,0,25200,100,0.0014099020522553474,0.0011375797912478447,1612800
uniform_subset,0,25300,100,0.0014345550356665627,0.0009360788390040398,1619200
uniform_subset,0,25400,100,0.0013910152349853888,0.0021102107129991055,1625600
uniform_subset,0,25500,100,0.0014726277493173256,0.0018845049198716879,1632000
uniform_subset,0,25600,100,0.0014743103052023798,0.0013917057076469064,1638400
uniform_subset,0,25700,100,0.0013705155171919615,0.0019008867675438523,1644800
uniform_subset,0,25800,100,0.0013719987607328221,0.0020767750684171915,1651200
uniform_subset,0,25900,100,0.001364643660490401,0.0008507537422701716,1657600
uniform_subset,0,26000,100,0.0012781189824454487,0.0009357426897622645,1664000
uniform_subset,0,26100,100,0.0013489130476955324,0.0014498215168714523,1670400
uniform_subset,0,26200,100,0.0013991221826290712,0.0012613908620551229,1676800
uniform_subset,0,26300,100,0.0014046692854026333,0.0019072135910391808,1683200
uniform_subset,0,26400,100,0.0014204451342811808,0.002288378542289138,1689600
uniform_subset,0,26500,100,0.0013225703203352168,0.0013706437312066555,1696000
uniform_subset,0,26600,100,0.0013555363682098687,0.0015697362832725048,1702400
uniform_subset,0,26700,100,0.0014185326168080791,0.001397957792505622,1708800
uniform_subset,0,26800,100,0.0013435503258369863,0.0010584623087197542,1715200
uniform_subset,0,26900,100,0.0013725287007400767,0.0012355997459962964,1721600
uniform_subset,0,27000,100,0.0013855554722249509,0.0011692473199218512,1728000
uniform_subset,0,27100,100,0.0013552276568952948,0.0012338698143139482,1734400
uniform_subset,0,27200,100,0.0013372838095529005,0.0014093166682869196,1740800
uniform_subset,0,27300,100,0.0013277074496727437,0.0012275271583348513,1747200
uniform_subset,0,27400,100,0.0013363909226609394,0.0014596355613321066,1753600
uniform_subset,0,27500,100,0.0012897137663094326,0.0006777041708119214,1760000
uniform_subset,0,27600,100,0.0013448354392312468,0.001573373912833631,1766400
uniform_subset,0,27700,100,0.0013887788105057552,0.0010756041156128049,1772800
uniform_subset,0,27800,100,0.0013325759465806187,0.0012154413852840662,1779200
uniform_subset,0,27900,100,0.0013799108448438347,0.0011093876091763377,1785600
uniform_subset,0,28000,100,0.0013942507695173844,0.0009226056281477213,1792000
uniform_subset,0,28100,100,0.0013362036948092282,0.0015471290098503232,1798400
uniform_subset,0,28200,100,0.0014486141980160029,0.0011611534282565117,1804800
uniform_subset,0,28300,100,0.0014162383892107756,0.0008768973057158291,1811200
uniform_subset,0,28400,100,0.0013359193917131052,0.0012148884125053883,1817600
uniform_subset,0,28500,100,0.0013480533706024288,0.0010739241261035204,1824000
uniform_subset,0,28600,100,0.0012215785135049372,0.001034645363688469,1830400
uniform_subset,0,28700,100,0.0013610533240716904,0.002154013141989708,1836800
uniform_subset,0,28800,100,0.0013882875558920206,0.0014025358250364661,1843200
uniform_subset,0,28900,100,0.001314258862985298,0.0008666406502015889,1849600
uniform_subset,0,29000,100,0.001285865469253622,0.0013958050403743982,1856000
uniform_subset,0,29100,100,0.0013068162318086252,0.0011632527457550168,1862400
uniform_subset,0,29200,100,0.0012853062734939158,0.0014133928343653679,1868800
uniform_subset,0,29300,100,0.0013011064822785556,0.000974557944573462,1875200
uniform_subset,0,29400,100,0.0013203669618815183,0.001359343994408846,1881600
uniform_subset,0,29500,100,0.0013889747636858373,0.001822642982006073,1888000
uniform_subset,0,29600,100,0.0012887331726960838,0.0010496866889297962,1894400
uniform_subset,0,29700,100,0.0014940910617588087,0.0014729404356330633,1900800
uniform_subset,0,29800,100,0.00133037498453632,0.0010913925943896174,1907200
uniform_subset,0,29900,100,0.0013430218625580892,0.001056257518939674,1913600
uniform_subset,0,30000,100,0.0012506574077997357,0.0020720716565847397,1920000
uniform_subset,1,100,100,0.01995210863184184,0.018958071246743202,6400
uniform_subset,1,200,100,0.016886833198368548,0.021252375096082687,12800
uniform_subset,1,300,100,0.014125804360955953,0.021317148581147194,19200
uniform_subset,1,400,100,0.011355230724439025,0.006215768400579691,25600
uniform_subset,1,500,100,0.009290101476944984,0.005717058666050434,32000
uniform_subset,1,600,100,0.0060312572563998405,0.0052520884200930595,38400
uniform_subset,1,700,100,0.005324890080373734,0.004988185130059719,44800
uniform_subset,1,800,100,0.005897666472010315,0.005020748358219862,51200
uniform_subset,1,900,100,0.006614361242391169,0.007158108986914158,57600
uniform_subset,1,1000,100,0.006606968140695244,0.0031379873398691416,64000
uniform_subset,1,1100,100,0.007082286938093603,0.006611675955355167,70400
uniform_subset,1,1200,100,0.007034483230672777,0.005081806797534227,76800
uniform_subset,1,1300,100,0.007207659045234322,0.005592224188148975,83200
uniform_subset,1,1400,100,0.0066072544804774225,0.01029752753674984,89600
uniform_subset,1,1500,100,0.006448779117781669,0.005253244191408157,96000
uniform_subset,1,1600,100,0.005785824256017804,0.0027295388281345367,102400
uniform_subset,1,1700,100,0.005722249699756503,0.0033470969647169113,108800
uniform_subset,1,1800,100,0.005000059690792114,0.004580422304570675,115200
uniform_subset,1,1900,100,0.004250584797700867,0.0034716883674263954,121600
uniform_subset,1,2000,100,0.0037375024426728486,0.0030248479451984167,128000
uniform_subset,1,2100,100,0.003286341701168567,0.004214421845972538,134400
uniform_subset,1,2200,100,0.0029329571273410695,0.0017341038910672069,140800
uniform_subset,1,2300,100,0.0023750795901287345,0.004833415616303682,147200
uniform_subset,1,2400,100,0.002268621622934006,0.0018246573163196445,153600
uniform_subset,1,2500,100,0.0020686382026178763,0.0020838333293795586,160000
uniform_subset,1,2600,100,0.001989809430669993,0.001302120741456747,166400
uniform_subset,1,2700,100,0.0017543111828854307,0.00271577388048172,172800
uniform_subset,1,2800,100,0.0018107288423925639,0.0010175311472266912,179200
uniform_subset,1,2900,100,0.0018422576040029526,0.0024167445953935385,185600
uniform_subset,1,3000,100,0.001935907359002158,0.0025780298747122288,192000
uniform_subset,1,3100,100,0.0016943915776209905,0.0014391597360372543,198400
uniform_subset,1,3200,100,0.0018316219281405211,0.0012300842208787799,204800
uniform_subset,1,3300,100,0.0017081244895234705,0.0030428546015173197,211200
uniform_subset,1,3400,100,0.0018030042090686038,0.001236789277754724,217600
uniform_subset,1,3500,100,0.0018210998806171119,0.0011286598164588213,224000
uniform_subset,1,3600,100,0.0018747223488753662,0.0020045579876750708,230400
uniform_subset,1,3700,100,0.0018831916525959968,0.0031398520804941654,236800
uniform_subset,1,3800,100,0.0019455276161897928,0.0017532953061163425,243200
uniform_subset,1,3900,100,0.0019612787576625125,0.0019368180073797703,249600
uniform_subset,1,4000,100,0.0018672168895136564,0.002563903806731105,256000
uniform_subset,1,4100,100,0.0018942882982082665,0.0011535065714269876,262400
uniform_subset,1,4200,100,0.001854493961436674,0.0011642230674624443,268800
uniform_subset,1,4300,100,0.0017981350817717612,0.003184635192155838,275200
uniform_subset,1,4400,100,0.0018699614418437704,0.0019118746276944876,281600
uniform_subset,1,4500,100,0.0019822945981286468,0.001836135284975171,288000
uniform_subset,1,4600,100,0.0019231695675989613,0.0011514066718518734,294400
uniform_subset,1,4700,100,0.0019205091922776774,0.002967781387269497,300800
uniform_subset,1,4800,100,0.0019166088884230703,0.001201193081215024,307200
uniform_subset,1,4900,100,0.0018304442713269963,0.0013803481124341488,313600
uniform_subset,1,5000,100,0.0018686313705984503,0.0016118752537295222,320000
uniform_subset,1,5100,100,0.001846627234481275,0.001733646378852427,326400
uniform_subset,1,5200,100,0.0021028186788316816,0.00182654382660985,332800
uniform_subset,1,5300,100,0.0016823711607139558,0.0013458803296089172,339200
uniform_subset,1,5400,100,0.001824097903445363,0.001326089957728982,345600
uniform_subset,1,5500,100,0.0018355737125966699,0.0021318341605365276,352000
uniform_subset,1,5600,100,0.0019177064049290494,0.0021400069817900658,358400
uniform_subset,1,5700,100,0.0017904101038584486,0.001838458003476262,364800
uniform_subset,1,5800,100,0.00168361033545807,0.0013888819376006722,371200
uniform_subset,1,5900,100,0.0018425165046937763,0.00213430798612535,377600
uniform_subset,1,6000,100,0.0017862995725590736,0.00130481889937073,384000
uniform_subset,1,6100,100,0.0018059113406343385,0.0026186760514974594,390400
uniform_subset,1,6200,100,0.0018307888961862772,0.0021906145848333836,396800
uniform_subset,1,6300,100,0.0017802296095760538,0.0023344941437244415,403200
uniform_subset,1,6400,100,0.001800956853548996,0.0019971043802797794,409600
uniform_subset,1,6500,100,0.00180765914847143,0.001805436098948121,416000
uniform_subset,1,6600,100,0.001730914528016001,0.0016273915534839034,422400
uniform_subset,1,6700,100,0.0016886489448370411,0.0016978869680315256,428800
uniform_subset,1,6800,100,0.0018151523522101343,0.0025294700171798468,435200
uniform_subset,1,6900,100,0.001787958089262247,0.0020788912661373615,441600
uniform_subset,1,7000,100,0.0019185887521598489,0.0024038299452513456,448000
uniform_subset,1,7100,100,0.0018932656606193631,0.0023462979588657618,454400
uniform_subset,1,7200,100,0.001821318381698802,0.0011678998125717044,460800
uniform_subset,1,7300,100,0.0016573127382434904,0.002733637113124132,467200
uniform_subset,1,7400,100,0.0016830215195659548,0.0018822604324668646,473600
uniform_subset,1,7500,100,0.0017613057745620609,0.0023889923468232155,480000
uniform_subset,1,7600,100,0.0017342189542250707,0.0015209318371489644,486400
uniform_subset,1,7700,100,0.0017153790045995264,0.0017954000504687428,492800
uniform_subset,1,7800,100,0.0019953313970472665,0.002204880118370056,499200
uniform_subset,1,7900,100,0.0016348339390242473,0.0013589088339358568,505600
uniform_subset,1,8000,100,0.001691024784813635,0.0015680984361097217,512000
uniform_subset,1,8100,100,0.0018220486922655254,0.001064678537659347,518400
uniform_subset,1,8200,100,0.0016182034218218178,0.0015207412652671337,524800
uniform_subset,1,8300,100,0.0017086460848804563,0.001286573358811438,531200
uniform_subset,1,8400,100,0.0018945564562454819,0.0021094009280204773,537600
uniform_subset,1,8500,100,0.0018253693130100147,0.0025716633535921574,544000
uniform_subset,1,8600,100,0.001730388766154647,0.001001689932309091,550400
uniform_subset,1,8700,100,0.0017966578347841278,0.00198928639292717,556800
uniform_subset,1,8800,100,0.001854157043271698,0.0037263729609549046,563200
uniform_subset,1,8900,100,0.0017801462684292346,0.0013402840122580528,569600
uniform_subset,1,9000,100,0.0016825248673558236,0.0013310402864590287,576000
uniform_subset,1,9100,100,0.0015876966051291675,0.001395468134433031,582400
uniform_subset,1,9200,100,0.0018079247616697102,0.0020297779701650143,588800
uniform_subset,1,9300,100,0.0018797733617248013,0.0010584238916635513,595200
uniform_subset,1,9400,100,0.0017223092570202425,0.0017704120837152004,601600
uniform_subset,1,9500,100,0.0016927029995713384,0.0012422092258930206,608000
uniform_subset,1,9600,100,0.0016446749097667635,0.0016418362502008677,614400
uniform_subset,1,9700,100,0.001835069177323021,0.0010558441281318665,620800
uniform_subset,1,9800,100,0.00164195304736495,0.001246367348358035,627200
uniform_subset,1,9900,100,0.0016168749378994108,0.0022945713717490435,633600
uniform_subset,1,10000,100,0.001677943195682019,0.0018090091180056334,640000
uniform_subset,1,10100,100,0.0015738321677781642,0.0009669623686932027,646400
uniform_subset,1,10200,100,0.001578224619734101,0.0013756437692791224,652800
uniform_subset,1,10300,100,0.001726672031218186,0.002309449715539813,659200
uniform_subset,1,10400,100,0.0016020459128776566,0.0009812788339331746,665600
uniform_subset,1,10500,100,0.001567669297219254,0.00098937819711864,672000
uniform_subset,1,10600,100,0.0015628722531255334,0.0018966100178658962,678400
uniform_subset,1,10700,100,0.0015960129932500423,0.0013650713954120874,684800
uniform_subset,1,10800,100,0.0016375956375850364,0.001268940162844956,691200
uniform_subset,1,10900,100,0.0015866078034741805,0.004098710138350725,697600
uniform_subset,1,11000,100,0.0017390742409043015,0.002073196694254875,704000
uniform_subset,1,11100,100,0.0016184718470321968,0.0020335321314632893,710400
uniform_subset,1,11200,100,0.0016287939803441987,0.0011342152720317245,716800
uniform_subset,1,11300,100,0.0016026177303865552,0.0014214689144864678,723200
uniform_subset,1,11400,100,0.001523435623385012,0.0020354152657091618,729600
uniform_subset,1,11500,100,0.0016180709790205583,0.0015866125468164682,736000
uniform_subset,1,11600,100,0.0015487274044426159,0.001304882811382413,742400
uniform_subset,1,11700,100,0.0016047934861853719,0.0022534471936523914,748800
uniform_subset,1,11800,100,0.0016377201321301981,0.0013585706474259496,755200
uniform_subset,1,11900,100,0.001535468905349262,0.0022418866865336895,761600
uniform_subset,1,12000,100,0.0015238847641739993,0.0009732827311381698,768000
uniform_subset,1,12100,100,0.0015051825053524225,0.001299522235058248,774400
uniform_subset,1,12200,100,0.0014902158128097653,0.0011107767932116985,780800
uniform_subset,1,12300,100,0.0014946664922172203,0.0015684448881074786,787200
uniform_subset,1,12400,100,0.0016412094898987561,0.0019092828733846545,793600
uniform_subset,1,12500,100,0.0015024970861850307,0.001313206390477717,800000
uniform_subset,1,12600,100,0.0015374508866807446,0.0012176051968708634,806400
uniform_subset,1,12700,100,0.0015543784078909085,0.0013420225586742163,812800
uniform_subset,1,12800,100,0.0015092432929668575,0.0015157011803239584,819200
uniform_subset,1,12900,100,0.001466994491056539,0.00101774325594306,825600
uniform_subset,1,13000,100,0.0015293056354857982,0.00133245880715549,832000
uniform_subset,1,13100,100,0.0015289679443230852,0.0015095917042344809,838400
uniform_subset,1,13200,100,0.001517726278398186,0.001347037497907877,844800
uniform_subset,1,13300,100,0.0015968322561820969,0.0014457404613494873,851200
uniform_subset,1,13400,100,0.001460023812833242,0.0009560322505421937,857600
uniform_subset,1,13500,100,0.0015274044760735705,0.001625379198230803,864000
uniform_subset,1,13600,100,0.0015029512881301343,0.002380987862125039,870400
uniform_subset,1,13700,100,0.0015247740282211453,0.001495887991040945,876800
uniform_subset,1,13800,100,0.0014776702458038926,0.002057677134871483,883200
uniform_subset,1,13900,100,0.001372253315639682,0.002059393562376499,889600
uniform_subset,1,14000,100,0.0014882279263110831,0.0028869675006717443,896000
uniform_subset,1,14100,100,0.001481288091163151,0.0015321988612413406,902400
uniform_subset,1,14200,100,0.0015418984432471917,0.0008339089108631015,908800
uniform_subset,1,14300,100,0.001485921941930428,0.0014934896025806665,915200
uniform_subset,1,14400,100,0.0015233856433769688,0.002096648793667555,921600
uniform_subset,1,14500,100,0.001475146752782166,0.0012290122685953975,928000
uniform_subset,1,14600,100,0.0014707938546780497,0.0016259046969935298,934400
uniform_subset,1,14700,100,0.0014502440369687974,0.0010986648267135024,940800
uniform_subset,1,14800,100,0.0014917269872967154,0.0011186051415279508,947200
uniform_subset,1,14900,100,0.0015249461214989423,0.0014677796280011535,953600
uniform_subset,1,15000,100,0.0014785343903349713,0.0012084940681234002,960000
uniform_subset,1,15100,100,0.0014410384622169658,0.0012286198325455189,966400
uniform_subset,1,15200,100,0.001400060512823984,0.001458102255128324,972800
uniform_subset,1,15300,100,0.0015028721984708681,0.0028356723487377167,979200
uniform_subset,1,15400,100,0.0014428234752267598,0.0022755381651222706,985600
uniform_subset,1,15500,100,0.0014583496429258957,0.0017997031100094318,992000
uniform_subset,1,15600,100,0.0014991610939614475,0.0014278017915785313,998400
uniform_subset,1,15700,100,0.0014025755447801202,0.0014373701997101307,1004800
uniform_subset,1,15800,100,0.0014639560366049408,0.0014099644031375647,1011200
uniform_subset,1,15900,100,0.0014461465470958501,0.0011357514886185527,1017600
uniform_subset,1,16000,100,0.0014547441923059524,0.00304554239846766,1024000
uniform_subset,1,16100,100,0.001455301300738938,0.0011416184715926647,1030400
uniform_subset,1,16200,100,0.0014815444819396362,0.001388581353239715,1036800
uniform_subset,1,16300,100,0.0014623757486697286,0.0017061064718291163,1043200
uniform_subset,1,16400,100,0.0014254721044562758,0.0011039000237360597,1049600
uniform_subset,1,16500,100,0.0014200972346588969,0.0016676078084856272,1056000
uniform_subset,1,16600,100,0.0013816333119757473,0.001247143722139299,1062400
uniform_subset,1,16700,100,0.0014600438432535157,0.001752045121975243,1068800
uniform_subset,1,16800,100,0.0013684996572555974,0.0017650307854637504,1075200
uniform_subset,1,16900,100,0.0015209558623610064,0.0009302935795858502,1081600
uniform_subset,1,17000,100,0.0013619192433543504,0.0017810011049732566,1088000
uniform_subset,1,17100,100,0.0014004590571857988,0.0013878868194296956,1094400
uniform_subset,1,17200,100,0.0015320155496010557,0.0020569665357470512,1100800
uniform_subset,1,17300,100,0.0013950332521926612,0.001747559173963964,1107200
uniform_subset,1,17400,100,0.0014117092854576186,0.0013449247926473618,1113600
uniform_subset,1,17500,100,0.0015092684706905857,0.0019223213894292712,1120000
uniform_subset,1,17600,100,0.0014699002297129482,0.0009938272414729,1126400
uniform_subset,1,17700,100,0.0013882566569373013,0.0009956457652151585,1132800
uniform_subset,1,17800,100,0.0014612106245476752,0.0009736992651596665,1139200
uniform_subset,1,17900,100,0.001428683105041273,0.0014174357056617737,1145600
uniform_subset,1,18000,100,0.0014933085715165362,0.0010815166169777513,1152000
uniform_subset,1,18100,100,0.0013521369732916355,0.0010216387454420328,1158400
uniform_subset,1,18200,100,0.001475936664501205,0.000887834990862757,1164800
uniform_subset,1,18300,100,0.0015214123879559339,0.002290355274453759,1171200
uniform_subset,1,18400,100,0.0014023779099807143,0.0012245629914104939,1177600
uniform_subset,1,18500,100,0.0013960841990774497,0.0020231613889336586,1184000
uniform_subset,1,18600,100,0.0015122491598594933,0.001768999150954187,1190400
uniform_subset,1,18700,100,0.0013948620622977615,0.0012967551592737436,1196800
uniform_subset,1,18800,100,0.0014124135882593691,0.0016649942845106125,1203200
uniform_subset,1,18900,100,0.0014341117563890294,0.002226079348474741,1209600
uniform_subset,1,19000,100,0.0014302096999017522,0.001342085306532681,1216000
uniform_subset,1,19100,100,0.0015310920111369342,0.0013174503110349178,1222400
uniform_subset,1,19200,100,0.0014199593116063624,0.0012681666994467378,1228800
uniform_subset,1,19300,100,0.0014827186660841107,0.0014349821722134948,1235200
uniform_subset,1,19400,100,0.0014643564488505945,0.0013324402971193194,1241600
uniform_subset,1,19500,100,0.0014134394691791385,0.001683512469753623,1248000
uniform_subset,1,19600,100,0.0014552666910458356,0.0020740358158946037,1254400
uniform_subset,1,19700,100,0.0014678124350029976,0.0008469985332340002,1260800
uniform_subset,1,19800,100,0.0013958221406210215,0.0011451281607151031,1267200
uniform_subset,1,19900,100,0.001437337631941773,0.0013020765036344528,1273600
uniform_subset,1,20000,100,0.0013906770769972355,0.001951295998878777,1280000
uniform_subset,1,20100,100,0.001449435488320887,0.0013129395665600896,1286400
uniform_subset,1,20200,100,0.0013989352161297576,0.0016086655668914318,1292800
uniform_subset,1,20300,100,0.0013022702856687828,0.0013752946397289634,1299200
uniform_subset,1,20400,100,0.001435927149723284,0.0014998097904026508,1305600
uniform_subset,1,20500,100,0.0013805898273130878,0.0010426105000078678,1312000
uniform_subset,1,20600,100,0.0013192697620252147,0.0014051328180357814,1318400
uniform_subset,1,20700,100,0.0012984559405595064,0.001653423416428268,1324800
uniform_subset,1,20800,100,0.0013720926007954404,0.0010936071630567312,1331200
uniform_subset,1,20900,100,0.0013540008151903748,0.0009449259378015995,1337600
uniform_subset,1,21000,100,0.0013683458202285693,0.0010971864685416222,1344000
uniform_subset,1,21100,100,0.0013376637268811464,0.0007587001891806722,1350400
uniform_subset,1,21200,100,0.001375232272548601,0.0017259151209145784,1356800
uniform_subset,1,21300,100,0.0013729231141041964,0.001892360858619213,1363200
uniform_subset,1,21400,100,0.001441999957896769,0.0015533349942415953,1369600
uniform_subset,1,21500,100,0.0014019530604127794,0.002189735881984234,1376000
uniform_subset,1,21600,100,0.0014054158964427188,0.0011213866528123617,1382400
uniform_subset,1,21700,100,0.001472709894296713,0.001691334880888462,1388800
uniform_subset,1,21800,100,0.0013717100641224534,0.000854270241688937,1395200
uniform_subset,1,21900,100,0.0013486443093279376,0.0008789931889623404,1401600
uniform_subset,1,22000,100,0.0013779700343729928,0.0015217316104099154,1408000
uniform_subset,1,22100,100,0.0014203860564157367,0.0017166908364742994,1414400
uniform_subset,1,22200,100,0.0013585440174210817,0.0011818185448646545,1420800
uniform_subset,1,22300,100,0.0014685791451483966,0.0016105128452181816,1427200
uniform_subset,1,22400,100,0.0014606608176836744,0.0012597719905897975,1433600
uniform_subset,1,22500,100,0.0013337199663510547,0.0010717322584241629,1440000
uniform_subset,1,22600,100,0.001494848618749529,0.0011119719129055738,1446400
uniform_subset,1,22700,100,0.0013192701351363212,0.0012348570162430406,1452800
uniform_subset,1,22800,100,0.0013606363825965672,0.0015704859979450703,1459200
uniform_subset,1,22900,100,0.001353752386639826,0.0009876678232103586,1465600
uniform_subset,1,23000,100,0.0013160549983149395,0.0012417440302670002,1472000
uniform_subset,1,23100,100,0.001339917946024798,0.0009621460922062397,1478400
uniform_subset,1,23200,100,0.0013320764113450422,0.001299109193496406,1484800
uniform_subset,1,23300,100,0.0013077199703548103,0.0014552958309650421,1491200
uniform_subset,1,23400,100,0.001410952055011876,0.0018790516769513488,1497600
uniform_subset,1,23500,100,0.0014439267566194757,0.00205445964820683,1504000
uniform_subset,1,23600,100,0.0013703883317066356,0.0014455127529799938,1510400
uniform_subset,1,23700,100,0.0014471969252917915,0.001332429121248424,1516800
uniform_subset,1,23800,100,0.0013281254016328603,0.0008306143572553992,1523200
uniform_subset,1,23900,100,0.0012984647316625342,0.0015677646733820438,1529600
uniform_subset,1,24000,100,0.0013277085550362244,0.0006737005896866322,1536000
uniform_subset,1,24100,100,0.0012663620489183813,0.0020602925214916468,1542400
uniform_subset,1,24200,100,0.0013146679691271857,0.0014925759751349688,1548800
uniform_subset,1,24300,100,0.0014547716116067022,0.0009408697951585054,1555200
uniform_subset,1,24400,100,0.001417378633050248,0.0019223125418648124,1561600
uniform_subset,1,24500,100,0.001326481956639327,0.001281202770769596,1568000
uniform_subset,1,24600,100,0.001396237721783109,0.0014326887903735042,1574400
uniform_subset,1,24700,100,0.0013301465840777381,0.0009380381088703871,1580800
uniform_subset,1,24800,100,0.0012404849380254746,0.0007779796724207699,1587200
uniform_subset,1,24900,100,0.0012935834674863145,0.0014152874937281013,1593600
uniform_subset,1,25000,100,0.0013395962200593203,0.0013721664436161518,1600000
uniform_subset,1,25100,100,0.0013395457179285585,0.0011502662673592567,1606400
uniform_subset,1,25200,100,0.0013057225121883675,0.0008564351592212915,1612800
uniform_subset,1,25300,100,0.0014210977387847379,0.0012566547375172377,1619200
uniform_subset,1,25400,100,0.0014018370723351836,0.0014763822546228766,1625600
uniform_subset,1,25500,100,0.001293722520931624,0.0012327864533290267,1632000
uniform_subset,1,25600,100,0.0013288144301623105,0.0014470688765868545,1638400
uniform_subset,1,25700,100,0.0014372838789131492,0.001700755674391985,1644800
uniform_subset,1,25800,100,0.0013047021708916873,0.0010952841257676482,1651200
uniform_subset,1,25900,100,0.0013058904703939333,0.0008885773713700473,1657600
uniform_subset,1,26000,100,0.001388113920111209,0.0016575474292039871,1664000
uniform_subset,1,26100,100,0.0013668846467044206,0.0016875623259693384,1670400
uniform_subset,1,26200,100,0.0014125219784909859,0.0009927954524755478,1676800
uniform_subset,1,26300,100,0.0012725366896484047,0.0016384844202548265,1683200
uniform_subset,1,26400,100,0.0013454642222495749,0.0009179626358672976,1689600
uniform_subset,1,26500,100,0.0013489777140785009,0.0017839502543210983,1696000
uniform_subset,1,26600,100,0.0013996698870323598,0.0023889720905572176,1702400
uniform_subset,1,26700,100,0.0013672953145578504,0.0011362344957888126,1708800
uniform_subset,1,26800,100,0.0013786604051711038,0.0009361162665300071,1715200
uniform_subset,1,26900,100,0.0012476804194739089,0.0011269371025264263,1721600
uniform_subset,1,27000,100,0.0013062799000181258,0.0009455143590457737,1728000
uniform_subset,1,27100,100,0.001355889662518166,0.0009327303268946707,1734400
uniform_subset,1,27200,100,0.0013746899820398539,0.002019633539021015,1740800
uniform_subset,1,27300,100,0.0013569130515679716,0.001382702263072133,1747200
uniform_subset,1,27400,100,0.001361375416163355,0.0013191733742132783,1753600
uniform_subset,1,27500,100,0.0013869245623936877,0.0020576631650328636,1760000
uniform_subset,1,27600,100,0.0013554493529954925,0.0010126663837581873,1766400
uniform_subset,1,27700,100,0.0013447092520073056,0.0012216269969940186,1772800
uniform_subset,1,27800,100,0.001359395407489501,0.0012792815687134862,1779200
uniform_subset,1,27900,100,0.00134000742866192,0.0008307225070893764,1785600
uniform_subset,1,28000,100,0.0013757591898320243,0.000899547419976443,1792000
uniform_subset,1,28100,100,0.001339546024100855,0.0010175147326663136,1798400
uniform_subset,1,28200,100,0.0013949036743724718,0.00228686211630702,1804800
uniform_subset,1,28300,100,0.0013704287965083494,0.0013836456928402185,1811200
uniform_subset,1,28400,100,0.0013161859969841316,0.0013109676074236631,1817600
uniform_subset,1,28500,100,0.0013141027186065913,0.0013881215127184987,1824000
uniform_subset,1,28600,100,0.0013566596602322533,0.0011393495369702578,1830400
uniform_subset,1,28700,100,0.0012884446361567826,0.0010731350630521774,1836800
uniform_subset,1,28800,100,0.0014299972431035713,0.0010039882035925984,1843200
uniform_subset,1,28900,100,0.0014016422786517068,0.0007706005708314478,1849600
uniform_subset,1,29000,100,0.001433450616314076,0.0010413171257823706,1856000
uniform_subset,1,29100,100,0.0013218453945592046,0.0008385576657019556,1862400
uniform_subset,1,29200,100,0.0013206311309477315,0.0013508741976693273,1868800
uniform_subset,1,29300,100,0.0013409020571270957,0.0008697477169334888,1875200
uniform_subset,1,29400,100,0.001373569365241565,0.0012084842892363667,1881600
uniform_subset,1,29500,100,0.0011898080003447831,0.0014821134973317385,1888000
uniform_subset,1,29600,100,0.0013310210284544154,0.0019484395161271095,1894400
uniform_subset,1,29700,100,0.001295314654125832,0.001158460509032011,1900800
uniform_subset,1,29800,100,0.001381642454653047,0.0006228797137737274,1907200
uniform_subset,1,29900,100,0.0013233600929379464,0.0011037405347451568,1913600
uniform_subset,1,30000,100,0.001355714778183028,0.0008014091290533543,1920000
uniform_subset,2,100,100,0.016338194808922707,0.013963103294372559,6400
uniform_subset,2,200,100,0.013362011099234223,0.01913466677069664,12800
uniform_subset,2,300,100,0.012123307143338025,0.006143647711724043,19200
uniform_subset,2,400,100,0.010101530407555402,0.005241683218628168,25600
uniform_subset,2,500,100,0.00786104884929955,0.008743038401007652,32000
uniform_subset,2,600,100,0.006078481804579496,0.004167025908827782,38400
uniform_subset,2,700,100,0.005282488751690835,0.005588563159108162,44800
uniform_subset,2,800,100,0.005760325072333217,0.006290852092206478,51200
uniform_subset,2,900,100,0.006102629648521543,0.003703122492879629,57600
uniform_subset,2,1000,100,0.006583436685614288,0.003453402779996395,64000
uniform_subset,2,1100,100,0.0065002174628898506,0.008898097090423107,70400
uniform_subset,2,1200,100,0.006568514092359692,0.011320551857352257,76800
uniform_subset,2,1300,100,0.006894912619609386,0.0028538417536765337,83200
uniform_subset,2,1400,100,0.007015241524204612,0.006769841071218252,89600
uniform_subset,2,1500,100,0.005967805546242743,0.005683066323399544,96000
uniform_subset,2,1600,100,0.00517016482190229,0.009814977645874023,102400
uniform_subset,2,1700,100,0.004476125198416412,0.009961871430277824,108800
uniform_subset,2,1800,100,0.0037845152348745612,0.0033378927037119865,115200
uniform_subset,2,1900,100,0.0029110573802608995,0.0023862409871071577,121600
uniform_subset,2,2000,100,0.0024973809602670373,0.0013418127782642841,128000
uniform_subset,2,2100,100,0.0022872906300472097,0.002267691306769848,134400
uniform_subset,2,2200,100,0.0021327629016013815,0.003690600162371993,140800
uniform_subset,2,2300,100,0.00191113218665123,0.0014794205781072378,147200
uniform_subset,2,2400,100,0.0018114057747879997,0.002017477061599493,153600
uniform_subset,2,2500,100,0.0016872388584306464,0.0013010516995564103,160000
uniform_subset,2,2600,100,0.001776362023083493,0.0020856596529483795,166400
uniform_subset,2,2700,100,0.001767627375666052,0.0019119661301374435,172800
uniform_subset,2,2800,100,0.0019242218649014832,0.0023971106857061386,179200
uniform_subset,2,2900,100,0.0017747559538111091,0.001492848852649331,185600
uniform_subset,2,3000,100,0.0019110697554424404,0.0015735921915620565,192000
uniform_subset,2,3100,100,0.0019249246688559651,0.0008469090098515153,198400
uniform_subset,2,3200,100,0.0020003679499495776,0.001551404595375061,204800
uniform_subset,2,3300,100,0.002096763296285644,0.0015068260254338384,211200
uniform_subset,2,3400,100,0.002013835214311257,0.0020289462991058826,217600
uniform_subset,2,3500,100,0.002043436741805635,0.003371895756572485,224000
uniform_subset,2,3600,100,0.0023299260693602263,0.001690505538135767,230400
uniform_subset,2,3700,100,0.0019189981394447386,0.002000129083171487,236800
uniform_subset,2,3800,100,0.0020627810352016242,0.0012915453407913446,243200
uniform_subset,2,3900,100,0.0022633250849321486,0.003341203322634101,249600
uniform_subset,2,4000,100,0.002247978730592877,0.0019700019620358944,256000
uniform_subset,2,4100,100,0.0021122580824885517,0.002072226023301482,262400
uniform_subset,2,4200,100,0.0020486959640402345,0.003055690787732601,268800
uniform_subset,2,4300,100,0.002185536890756339,0.0019979903008788824,275200
uniform_subset,2,4400,100,0.0018485881329979748,0.0017609091009944677,281600
uniform_subset,2,4500,100,0.001975721560884267,0.0014182075392454863,288000
uniform_subset,2,4600,100,0.0020727331726811825,0.0013925728853791952,294400
uniform_subset,2,4700,100,0.002259253307711333,0.0021853134967386723,300800
uniform_subset,2,4800,100,0.0018543459405191243,0.0015022705774754286,307200
uniform_subset,2,4900,100,0.0019795136200264096,0.0015150815015658736,313600
uniform_subset,2,5000,100,0.0018702431861311198,0.0017946650041267276,320000
uniform_subset,2,5100,100,0.0019644611782860012,0.0015414723893627524,326400
uniform_subset,2,5200,100,0.0020111031195847316,0.0020955284126102924,332800
uniform_subset,2,5300,100,0.0018511451012454927,0.0024786025751382113,339200
uniform_subset,2,5400,100,0.0019034474471118302,0.0016674171201884747,345600
uniform_subset,2,5500,100,0.0020107567706145347,0.001713179750367999,352000
uniform_subset,2,5600,100,0.0018837630574125796,0.0019819121807813644,358400
uniform_subset,2,5700,100,0.001988778666127473,0.0025471646804362535,364800
uniform_subset,2,5800,100,0.002020920420764014,0.0020824517123401165,371200
uniform_subset,2,5900,100,0.0018739779165480286,0.0014872337924316525,377600
uniform_subset,2,6000,100,0.002030687311780639,0.0019102657679468393,384000
uniform_subset,2,6100,100,0.001979161567869596,0.002325986512005329,390400
uniform_subset,2,6200,100,0.0018327094241976738,0.0019856449216604233,396800
uniform_subset,2,6300,100,0.0018784952722489833,0.00256251054815948,403200
uniform_subset,2,6400,100,0.002038572111632675,0.0017614949028939009,409600
uniform_subset,2,6500,100,0.0019610063242726026,0.0017532233614474535,416000
uniform_subset,2,6600,100,0.0018685867986641825,0.0017283203778788447,422400
uniform_subset,2,6700,100,0.0019895693100988863,0.002514035440981388,428800
uniform_subset,2,6800,100,0.0018634428398218005,0.001804207218810916,435200
uniform_subset,2,6900,100,0.001990203597233631,0.002627043519169092,441600
uniform_subset,2,7000,100,0.001979435521643609,0.0013242363929748535,448000
uniform_subset,2,7100,100,0.001972173274261877,0.0014045664574950933,454400
uniform_subset,2,7200,100,0.001986348587088287,0.001712633529677987,460800
uniform_subset,2,7300,100,0.0019274827954359353,0.0012832666980102658,467200
uniform_subset,2,7400,100,0.0017501649097539484,0.0020920424722135067,473600
uniform_subset,2,7500,100,0.0018539323925506324,0.001461174339056015,480000
uniform_subset,2,7600,100,0.001854258544044569,0.0021335899364203215,486400
uniform_subset,2,7700,100,0.0018780620157485828,0.0019987449049949646,492800
uniform_subset,2,7800,100,0.001826424772734754,0.001461303560063243,499200
uniform_subset,2,7900,100,0.0017013042245525866,0.0015276881167665124,505600
uniform_subset,2,8000,100,0.0019175688858376816,0.0023022303357720375,512000
uniform_subset,2,8100,100,0.0018837266083573923,0.002024278976023197,518400
uniform_subset,2,8200,100,0.0018795846693683415,0.0010754239046946168,524800
uniform_subset,2,8300,100,0.001713626846903935,0.0016781787853688002,531200
uniform_subset,2,8400,100,0.0017258284229319542,0.002180419396609068,537600
uniform_subset,2,8500,100,0.0018774045177269727,0.0020745964720845222,544000
uniform_subset,2,8600,100,0.0018641255859984085,0.0022659865207970142,550400
uniform_subset,2,8700,100,0.001858822408830747,0.0014465366257354617,556800
uniform_subset,2,8800,100,0.001968650488415733,0.0020079370588064194,563200
uniform_subset,2,8900,100,0.0019816025090403856,0.0016880880575627089,569600
uniform_subset,2,9000,100,0.0018630000884877517,0.001839049393311143,576000
uniform_subset,2,9100,100,0.0017922153125982732,0.0013520782813429832,582400
uniform_subset,2,9200,100,0.0018054041801951826,0.0013907605316489935,588800
uniform_subset,2,9300,100,0.0018581545958295464,0.0014320642221719027,595200
uniform_subset,2,9400,100,0.0018432465608930215,0.0016860084142535925,601600
uniform_subset,2,9500,100,0.0018594140012282879,0.0012086285278201103,608000
uniform_subset,2,9600,100,0.0017394247784977778,0.0020904382690787315,614400
uniform_subset,2,9700,100,0.0017892400990240276,0.001458040322177112,620800
uniform_subset,2,9800,100,0.0016202423413051292,0.002402530051767826,627200
uniform_subset,2,9900,100,0.0018310948612634092,0.0024750898592174053,633600
uniform_subset,2,10000,100,0.0017933443462243303,0.0014184975298121572,640000
uniform_subset,2,10100,100,0.0018771675403695554,0.0022277915850281715,646400
uniform_subset,2,10200,100,0.0017642990977037698,0.0017112616915255785,652800
uniform_subset,2,10300,100,0.0017445095814764499,0.0012790351174771786,659200
uniform_subset,2,10400,100,0.0017058001994155348,0.001214232062920928,665600
uniform_subset,2,10500,100,0.0017406016553286462,0.002005229936912656,672000
uniform_subset,2,10600,100,0.0017368236859329044,0.0013381964527070522,678400
uniform_subset,2,10700,100,0.0017761950159911066,0.0013184852432459593,684800
uniform_subset,2,10800,100,0.0017020039435010404,0.0013292576186358929,691200
uniform_subset,2,10900,100,0.001815215275855735,0.0015895389951765537,697600
uniform_subset,2,11000,100,0.0017935290047898888,0.0023276801221072674,704000
uniform_subset,2,11100,100,0.0016385778045514597,0.0011905415449291468,710400
uniform_subset,2,11200,100,0.0016994113818509504,0.0015137126902118325,716800
uniform_subset,2,11300,100,0.0018452060595154762,0.002060243859887123,723200
uniform_subset,2,11400,100,0.001858580483822152,0.0013943447265774012,729600
uniform_subset,2,11500,100,0.0016771362692816183,0.0015017329715192318,736000
uniform_subset,2,11600,100,0.0017333853186573833,0.0008384281536564231,742400
uniform_subset,2,11700,100,0.0016012344165937974,0.0013593757757917047,748800
uniform_subset,2,11800,100,0.0017001393274404108,0.0019318645354360342,755200
uniform_subset,2,11900,100,0.0016259336686925963,0.0008433270268142223,761600
uniform_subset,2,12000,100,0.0017973491520388051,0.0012311190366744995,768000
uniform_subset,2,12100,100,0.0016826561762718483,0.0010698656551539898,774400
uniform_subset,2,12200,100,0.0017436572391306981,0.001128554460592568,780800
uniform_subset,2,12300,100,0.0017102336650714279,0.002640369813889265,787200
uniform_subset,2,12400,100,0.0016392752848332747,0.0024675815366208553,793600
uniform_subset,2,12500,100,0.0016878003650344908,0.0016767787747085094,800000
uniform_subset,2,12600,100,0.0016994188114767895,0.0010761854937300086,806400
uniform_subset,2,12700,100,0.0016031831334112213,0.0015560778556391597,812800
uniform_subset,2,12800,100,0.0016303005832014605,0.0019808539655059576,819200
uniform_subset,2,12900,100,0.0015956646023551002,0.0025478689931333065,825600
uniform_subset,2,13000,100,0.0016071961843408644,0.0015436166431754827,832000
uniform_subset,2,13100,100,0.001727502191788517,0.002003075322136283,838400
uniform_subset,2,13200,100,0.0017863219656283037,0.0011056086514145136,844800
uniform_subset,2,13300,100,0.0016270257061114534,0.001793703413568437,851200
uniform_subset,2,13400,100,0.0017595574859296903,0.0013493027072399855,857600
uniform_subset,2,13500,100,0.0017203494830755517,0.0014952814672142267,864000
uniform_subset,2,13600,100,0.001737246442353353,0.0013968213461339474,870400
uniform_subset,2,13700,100,0.0017852656124159694,0.001552982022985816,876800
uniform_subset,2,13800,100,0.0018014513846719637,0.0014816904440522194,883200
uniform_subset,2,13900,100,0.0016684391919989138,0.0024816435761749744,889600
uniform_subset,2,14000,100,0.001788097321987152,0.0015101474709808826,896000
uniform_subset,2,14100,100,0.0016850686649559066,0.001686400966718793,902400
uniform_subset,2,14200,100,0.0016143461869796737,0.0013751788064837456,908800
uniform_subset,2,14300,100,0.0015887915482744575,0.001534893293865025,915200
uniform_subset,2,14400,100,0.0016764319216599688,0.0016280004056170583,921600
uniform_subset,2,14500,100,0.0016235301585402339,0.0009490674128755927,928000
uniform_subset,2,14600,100,0.0016762704827124253,0.001543927239254117,934400
uniform_subset,2,14700,100,0.0016699822584632783,0.000902352505363524,940800
uniform_subset,2,14800,100,0.0015698566066566855,0.002327901544049382,947200
uniform_subset,2,14900,100,0.0016701431380352005,0.0011753709986805916,953600
uniform_subset,2,15000,100,0.001586351963924244,0.0014768155524507165,960000
uniform_subset,2,15100,100,0.0017224380373954773,0.00109605654142797,966400
uniform_subset,2,15200,100,0.0017014109523734078,0.0017306699883192778,972800
uniform_subset,2,15300,100,0.0016724966885522008,0.0011483757989481091,979200
uniform_subset,2,15400,100,0.0016016787488479167,0.0021966835483908653,985600
uniform_subset,2,15500,100,0.0016136606555664911,0.0015032521914690733,992000
uniform_subset,2,15600,100,0.0015646225668024271,0.001624217489734292,998400
uniform_subset,2,15700,100,0.0017493436235236004,0.0019497802713885903,1004800
uniform_subset,2,15800,100,0.0016805221734102816,0.0020020243246108294,1011200
uniform_subset,2,15900,100,0.001656843971577473,0.001681561698205769,1017600
uniform_subset,2,16000,100,0.0016676065872889012,0.0011848483700305223,1024000
uniform_subset,2,16100,100,0.0016278935776790605,0.0019454045686870813,1030400
uniform_subset,2,16200,100,0.0015761049528373405,0.002281602704897523,1036800
uniform_subset,2,16300,100,0.0016901984298601748,0.001647189841605723,1043200
uniform_subset,2,16400,100,0.001655762642621994,0.0018389916513115168,1049600
uniform_subset,2,16500,100,0.0016834060306428,0.0009221048676408827,1056000
uniform_subset,2,16600,100,0.001681570264045149,0.0023771454580128193,1062400
uniform_subset,2,16700,100,0.0016997253213776277,0.002025166992098093,1068800
uniform_subset,2,16800,100,0.0017579212959390133,0.001138139283284545,1075200
uniform_subset,2,16900,100,0.0015936938172671944,0.0011895179050043225,1081600
uniform_subset,2,17000,100,0.0015623097441857681,0.0010750883957371116,1088000
uniform_subset,2,17100,100,0.0016906475747236983,0.00215116236358881,1094400
uniform_subset,2,17200,100,0.0015018620056798681,0.001249904977157712,1100800
uniform_subset,2,17300,100,0.0016088104154914618,0.0012758062221109867,1107200
uniform_subset,2,17400,100,0.0014951181120704858,0.0015282141976058483,1113600
uniform_subset,2,17500,100,0.0015291862207232043,0.0011781946523115039,1120000
uniform_subset,2,17600,100,0.0015908330300590024,0.00117208412848413,1126400
uniform_subset,2,17700,100,0.001426154230721295,0.001591582433320582,1132800
uniform_subset,2,17800,100,0.001679732071934268,0.0016098165651783347,1139200
uniform_subset,2,17900,100,0.0016243595391279087,0.002789326012134552,1145600
uniform_subset,2,18000,100,0.00160281534306705,0.0009443678427487612,1152000
uniform_subset,2,18100,100,0.0015194743085885421,0.0012859371490776539,1158400
uniform_subset,2,18200,100,0.0016711706522619353,0.0010414505377411842,1164800
uniform_subset,2,18300,100,0.001594914678717032,0.001603074837476015,1171200
uniform_subset,2,18400,100,0.001540423904079944,0.001019746414385736,1177600
uniform_subset,2,18500,100,0.0015599115379154682,0.0011234866688027978,1184000
uniform_subset,2,18600,100,0.0017033278418239206,0.0014942520065233111,1190400
uniform_subset,2,18700,100,0.0016391602531075477,0.0011691167019307613,1196800
uniform_subset,2,18800,100,0.0015737063018605112,0.0015504208859056234,1203200
uniform_subset,2,18900,100,0.00160832071385812,0.0009475748520344496,1209600
uniform_subset,2,19000,100,0.0016676810942590236,0.0012262195814400911,1216000
uniform_subset,2,19100,100,0.0015281506854807959,0.0014783107908442616,1222400
uniform_subset,2,19200,100,0.0015905866399407386,0.0019408437656238675,1228800
uniform_subset,2,19300,100,0.0015281626279465854,0.001453929697163403,1235200
uniform_subset,2,19400,100,0.0015732960740569978,0.00218426575884223,1241600
uniform_subset,2,19500,100,0.0015408836194546894,0.0018048333004117012,1248000
uniform_subset,2,19600,100,0.0015520265861414372,0.0014597238041460514,1254400
uniform_subset,2,19700,100,0.0014478672435507178,0.0012954827398061752,1260800
uniform_subset,2,19800,100,0.0015020334720611571,0.001648660865612328,1267200
uniform_subset,2,19900,100,0.0015642131434287876,0.0013736479450017214,1273600
uniform_subset,2,20000,100,0.0016313778795301913,0.0011872892500832677,1280000
uniform_subset,2,20100,100,0.0016533810697728767,0.0013671295018866658,1286400
uniform_subset,2,20200,100,0.001557798171415925,0.0015473936218768358,1292800
uniform_subset,2,20300,100,0.0015913320769323036,0.0017549796029925346,1299200
uniform_subset,2,20400,100,0.001514266795711592,0.001407159143127501,1305600
uniform_subset,2,20500,100,0.0015537508885608987,0.0017708640079945326,1312000
uniform_subset,2,20600,100,0.0016493180819088593,0.0011223198380321264,1318400
uniform_subset,2,20700,100,0.0015496438421541824,0.00171744916588068,1324800
uniform_subset,2,20800,100,0.0016382086381781847,0.002001706277951598,1331200
uniform_subset,2,20900,100,0.0016565151239046826,0.001767018809914589,1337600
uniform_subset,2,21000,100,0.0016647296643350273,0.0012938533909618855,1344000
uniform_subset,2,21100,100,0.0016876723524183034,0.0012251753360033035,1350400
uniform_subset,2,21200,100,0.0015973893541377038,0.003357022302225232,1356800
uniform_subset,2,21300,100,0.001574480226263404,0.0008438616059720516,1363200
uniform_subset,2,21400,100,0.0016619507980067283,0.0014411162119358778,1369600
uniform_subset,2,21500,100,0.0015261536627076567,0.0010450150584802032,1376000
uniform_subset,2,21600,100,0.0015423914027633146,0.0007888558902777731,1382400
uniform_subset,2,21700,100,0.0014277486404171214,0.0016018312890082598,1388800
uniform_subset,2,21800,100,0.001543896225048229,0.0011585234897211194,1395200
uniform_subset,2,21900,100,0.0015494986245175825,0.0014276811853051186,1401600
uniform_subset,2,22000,100,0.0016509633156238123,0.0032384414225816727,1408000
uniform_subset,2,22100,100,0.0015575188992079348,0.0013637607917189598,1414400
uniform_subset,2,22200,100,0.001654370091855526,0.0027395724318921566,1420800
uniform_subset,2,22300,100,0.001617606527870521,0.0012726894346997142,1427200
uniform_subset,2,22400,100,0.0016089065576670692,0.0012797876261174679,1433600
uniform_subset,2,22500,100,0.0015517005528090523,0.0018991875695064664,1440000
uniform_subset,2,22600,100,0.001479130364023149,0.002736789872869849,1446400
uniform_subset,2,22700,100,0.0015558277966920286,0.0018784854328259826,1452800
uniform_subset,2,22800,100,0.0017035534704336896,0.00122498394921422,1459200
uniform_subset,2,22900,100,0.0015632854960858822,0.001399907749146223,1465600
uniform_subset,2,23000,100,0.0014877850824268535,0.0012907750206068158,1472000
uniform_subset,2,23100,100,0.0015908318350557238,0.001420245855115354,1478400
uniform_subset,2,23200,100,0.0015105770918307825,0.0018228936241939664,1484800
uniform_subset,2,23300,100,0.001678421093383804,0.001186923822388053,1491200
uniform_subset,2,23400,100,0.0015218516351887957,0.0010429770918563008,1497600
uniform_subset,2,23500,100,0.0014921481010969728,0.0009287758148275316,1504000
uniform_subset,2,23600,100,0.0015345140459248796,0.0012630056589841843,1510400
uniform_subset,2,23700,100,0.001417152569629252,0.0018890454666689038,1516800
uniform_subset,2,23800,100,0.0015434414532501251,0.0011308884713798761,1523200
uniform_subset,2,23900,100,0.0015937105799093843,0.0011455734493210912,1529600
uniform_subset,2,24000,100,0.0016538602294167504,0.002202806528657675,1536000
uniform_subset,2,24100,100,0.0015791587397689,0.0020560314878821373,1542400
uniform_subset,2,24200,100,0.0015474446531152353,0.00154218974057585,1548800
uniform_subset,2,24300,100,0.0016319373168516905,0.002021611901000142,1555200
uniform_subset,2,24400,100,0.0015340021072188393,0.0014054198982194066,1561600
uniform_subset,2,24500,100,0.0015269010019255801,0.0015453281812369823,1568000
uniform_subset,2,24600,100,0.0015179611259372905,0.0016379711451008916,1574400
uniform_subset,2,24700,100,0.0015384730446385219,0.0018742531538009644,1580800
uniform_subset,2,24800,100,0.0014257496199570597,0.002152674598619342,1587200
uniform_subset,2,24900,100,0.001483248774893582,0.001315415371209383,1593600
uniform_subset,2,25000,100,0.0015401445771567523,0.0014996896497905254,1600000
uniform_subset,2,25100,100,0.0015553476830245927,0.0014760610647499561,1606400
uniform_subset,2,25200,100,0.0015472398686688393,0.001396954758092761,1612800
uniform_subset,2,25300,100,0.001545290303765796,0.0010302918963134289,1619200
uniform_subset,2,25400,100,0.0014210085500963032,0.0014956751838326454,1625600
uniform_subset,2,25500,100,0.0015568053454626351,0.0014840936055406928,1632000
uniform_subset,2,25600,100,0.0014943643257720395,0.00098162773065269,1638400
uniform_subset,2,25700,100,0.001526558772311546,0.0010640629334375262,1644800
uniform_subset,2,25800,100,0.0014158417272847146,0.0015410957857966423,1651200
uniform_subset,2,25900,100,0.001435926996055059,0.001039497321471572,1657600
uniform_subset,2,26000,100,0.001489442054880783,0.0017317462479695678,1664000
uniform_subset,2,26100,100,0.0014853473525727168,0.003118230029940605,1670400
uniform_subset,2,26200,100,0.0015158887807046994,0.001329222577624023,1676800
uniform_subset,2,26300,100,0.001499286104226485,0.001499620033428073,1683200
uniform_subset,2,26400,100,0.001434659213409759,0.0015492415986955166,1689600
uniform_subset,2,26500,100,0.0014350697136251255,0.001667676609940827,1696000
uniform_subset,2,26600,100,0.001437211635056883,0.0012143076164647937,1702400
uniform_subset,2,26700,100,0.001594454207806848,0.0014804487582296133,1708800
uniform_subset,2,26800,100,0.0014795480982866139,0.0016131418524309993,1715200
uniform_subset,2,26900,100,0.0013561357621802016,0.000857219216413796,1721600
uniform_subset,2,27000,100,0.001545114325126633,0.0013122509699314833,1728000
uniform_subset,2,27100,100,0.0014660465734777973,0.0025853654369711876,1734400
uniform_subset,2,27200,100,0.001515210075303912,0.0015256206970661879,1740800
uniform_subset,2,27300,100,0.0014996179664740338,0.0016534605529159307,1747200
uniform_subset,2,27400,100,0.0014596567716216669,0.001806952292099595,1753600
uniform_subset,2,27500,100,0.001547662260127254,0.0026955213397741318,1760000
uniform_subset,2,27600,100,0.0013976053730584681,0.00226151873357594,1766400
uniform_subset,2,27700,100,0.0014991779788397252,0.0018833253998309374,1772800
uniform_subset,2,27800,100,0.001546796311158687,0.0014030466554686427,1779200
uniform_subset,2,27900,100,0.0014470410998910666,0.0012497425777837634,1785600
uniform_subset,2,28000,100,0.0015739134093746543,0.0015094415284693241,1792000
uniform_subset,2,28100,100,0.0015485294378595428,0.001533178729005158,1798400
uniform_subset,2,28200,100,0.0014830777497263626,0.001528718275949359,1804800
uniform_subset,2,28300,100,0.001549585920292884,0.0010949175339192152,1811200
uniform_subset,2,28400,100,0.0016111477877711877,0.002234170911833644,1817600
uniform_subset,2,28500,100,0.001432106994325295,0.001080888556316495,1824000
uniform_subset,2,28600,100,0.001457576671964489,0.0013533207820728421,1830400
uniform_subset,2,28700,100,0.0014657579286722466,0.001657015411183238,1836800
uniform_subset,2,28800,100,0.0015109823102829978,0.0012410578783601522,1843200
uniform_subset,2,28900,100,0.001397857228294015,0.0012369214091449976,1849600
uniform_subset,2,29000,100,0.0013504707912215964,0.0018506731139495969,1856000
uniform_subset,2,29100,100,0.0014028689818223938,0.0018331207102164626,1862400
uniform_subset,2,29200,100,0.0015146876516519115,0.0018072971142828465,1868800
uniform_subset,2,29300,100,0.0015905258717248216,0.0012287197168916464,1875200
uniform_subset,2,29400,100,0.001520491304108873,0.0015843722503632307,1881600
uniform_subset,2,29500,100,0.0015583667677128688,0.0021415797527879477,1888000
uniform_subset,2,29600,100,0.0015500021330080926,0.001830211142078042,1894400
uniform_subset,2,29700,100,0.0014963181089842693,0.0022410149686038494,1900800
uniform_subset,2,29800,100,0.0014346102369017899,0.0012653409503400326,1907200
uniform_subset,2,29900,100,0.0014254781021736562,0.0010185479186475277,1913600
uniform_subset,2,30000,100,0.0015507478709332644,0.0014500038232654333,1920000
